"type","bibliographicCitation","collectionID","datasetID","institutionCode","collectionCode","datasetName","basisOfRecord","catalogNumber","recordNumber","recordedBy","occurrenceRemarks","eventDate","year","month","day","verbatimEventDate","habitat","fieldNotes","country","countryCode","stateProvince","county","municipality","locality","verbatimLocality","verbatimElevation","decimalLatitude","decimalLongitude","coordinatePrecision","verbatimLatitude","verbatimLongitude","typeStatus","identifiedBy","dateIdentified","identificationRemarks","scientificName","class","order","family","genus","taxonRank","scientificNameAuthorship","taxonomicStatus","latitude","longitude","acceptedScientificName","dayIdentified","monthIdentified","yearIdentified","verbatimScientificName","species","taxonID","geodeticDatum","associatedMedia","virtualDuplicates","duplicates","barcode","downloadedFrom","collectionCode.new","collectionObs","recordedBy.new","recordNumber.new","year.new","identifiedBy.new","yearIdentified.new","recordedBy.aux","last.name","identifiedBy.aux","country.new","stateProvince.new","municipality.new","locality.new","locality.scrap","resol.orig","loc","loc.correct","latitude.gazetteer","longitude.gazetteer","resolution.gazetteer","recordID","scientificName.new","scientificNameAuthorship.new","scientificNameStatus","suggestedFamily","suggestedName","suggestedAuthorship","taxon.rank","tax.notes","id","accepted.tax.name","accepted.tax.authorship","scientificNameFull","genus.new","family.new","loc.correct.admin","country.correct","stateProvince.correct","municipality.correct","locality.correct","source.loc","coord.check","decimalLatitude.new","decimalLongitude.new","origin.coord","precision.coord","tax.check","species.new","loc.check","geo.check","cult.check","out.check","dist.check","dist.check.obs","numTombo","dup.ID","dup.numb","dup.prop","ref.spec.tax","ref.spec.geo","ref.spec.loc","selectionCategory","confidenceLocality","Nome_UC"
,,"https://specieslink.net/col/2",,"UNICAMP","UEC",,"PRESERVED_SPECIMEN","201430","10","Zanetti, BC; Braga, JO",,"2017-09-07","2017","9","7",,,,"Brazil","BR","São Paulo",,"Amparo","Jardim Botânico Araribá RPPN, Sítio Duas Cachoeiras, Jardim Botânico Araribá, RPPN.",,,"-22.7575","-46.808333",,,,,,,,"Sapindaceae","Magnoliopsida","Sapindales","Sapindaceae",,"family",,"ACCEPTED",,,"Sapindaceae",,,,,,,"WGS84","https://images.cria.org.br/viewer/UEC177851 | https://images.cria.org.br/viewer/UEC177851_v01 | https://images.cria.org.br/viewer/UEC177851_v02",,,,"GBIF","UEC",,"Zanetti, B.C.","10","2017",,,"Braga, J.O.","Zanetti",,"brazil","sao paulo","amparo","jardim botanico arariba rppn, rppn","jardim botanico arariba rppn","locality","brazil_sao paulo_amparo","brazil_sao paulo_amparo",-22.6917857,-46.793909,"county",1765109,"Sapindaceae","Juss.","family_as_genus","Sapindaceae","Sapindaceae","Juss.","family","name accepted","bfo-216",,,"Sapindaceae Juss.",,"Sapindaceae","brazil_sao paulo_amparo","Brazil","São Paulo","Amparo",,"gadm",TRUE,-22.7575,-46.808333,"coord_original","seconds","unknown",,"check_local.2municip.","ok_county",,FALSE,"no_cannot_check","full_name_match","UEC_201430","UEC_201430[virtual]","1","0.25","UEC_201430","UEC_201430","UEC_201430","coord_original","Low","RESERVA PARTICULAR DO PATRIMÔNIO NATURAL DUAS CACHOEIRAS"
,,"https://specieslink.net/col/2",,"UNICAMP","UEC",,"PRESERVED_SPECIMEN","201638","79","Braga, JO",,"2018-04-06","2018","4","6",,,,"Brazil","BR","São Paulo",,"Amparo","Jardim Botânico Araribá RPPN, Sítio Duas Cachoeiras, Jardim Botânico Araribá, RPPN.",,,"-22.7575","-46.808333",,,,,,,,"Vernonanthura H.Rob.","Magnoliopsida","Asterales","Asteraceae","Vernonanthura","genus",,"ACCEPTED",,,"Vernonanthura H.Rob.",,,,"Vernonanthura",,,"WGS84","https://images.cria.org.br/viewer/UEC161230",,,,"GBIF","UEC",,"Braga, J.O.","79","2018",,,,"Braga",,"brazil","sao paulo","amparo","jardim botanico arariba rppn, rppn","jardim botanico arariba rppn","locality","brazil_sao paulo_amparo","brazil_sao paulo_amparo",-22.6917857,-46.793909,"county",1622356,"Vernonanthura","H.Rob.","name_w_authors","Asteraceae","Vernonanthura","H.Rob.","genus","name accepted","bfo-22246",,,"Vernonanthura H.Rob.","Vernonanthura","Asteraceae","brazil_sao paulo_amparo","Brazil","São Paulo","Amparo",,"gadm",TRUE,-22.7575,-46.808333,"coord_original","seconds","unknown",,"check_local.2municip.","ok_county",,FALSE,"no_cannot_check","full_name_match","UEC_201638","UEC_201638[virtual]","1","0.25","UEC_201638","UEC_201638","UEC_201638","coord_original","Low","RESERVA PARTICULAR DO PATRIMÔNIO NATURAL DUAS CACHOEIRAS"
,,"https://specieslink.net/col/2",,"UNICAMP","UEC",,"PRESERVED_SPECIMEN","201637","71","Braga, JO",,"2018-04-06","2018","4","6",,,,"Brazil","BR","São Paulo",,"Amparo","Jardim Botânico Araribá RPPN, Sítio Duas Cachoeiras, Jardim Botânico Araribá, RPPN.",,,"-22.7575","-46.808333",,,,,,,,"Stylosanthes Sw.","Magnoliopsida","Fabales","Fabaceae","Stylosanthes","genus","Sw.","ACCEPTED",,,"Stylosanthes Sw.",,,,"Stylosanthes",,,"WGS84","https://images.cria.org.br/viewer/UEC161231",,,,"GBIF","UEC",,"Braga, J.O.","71","2018",,,,"Braga",,"brazil","sao paulo","amparo","jardim botanico arariba rppn, rppn","jardim botanico arariba rppn","locality","brazil_sao paulo_amparo","brazil_sao paulo_amparo",-22.6917857,-46.793909,"county",1622376,"Stylosanthes","Sw.","name_w_authors","Fabaceae","Stylosanthes","Sw.","genus","name accepted","bfo-29854",,,"Stylosanthes Sw.","Stylosanthes","Fabaceae","brazil_sao paulo_amparo","Brazil","São Paulo","Amparo",,"gadm",TRUE,-22.7575,-46.808333,"coord_original","seconds","unknown",,"check_local.2municip.","ok_county",,FALSE,"no_cannot_check","full_name_match","UEC_201637","UEC_201637[virtual]","1","0.25","UEC_201637","UEC_201637","UEC_201637","coord_original","Low","RESERVA PARTICULAR DO PATRIMÔNIO NATURAL DUAS CACHOEIRAS"
,,"https://specieslink.net/col/2",,"UNICAMP","UEC",,"PRESERVED_SPECIMEN","201639","74","Braga, JO",,"2018-04-06","2018","4","6",,,,"Brazil","BR","São Paulo",,"Amparo","Jardim Botânico Araribá RPPN, Sítio Duas Cachoeiras, Jardim Botânico Araribá, RPPN.",,,"-22.7575","-46.808333",,,,,,,,"Siphocampylus Pohl","Magnoliopsida","Asterales","Campanulaceae","Siphocampylus","genus","Pohl","ACCEPTED",,,"Siphocampylus Pohl",,,,"Siphocampylus",,,"WGS84","https://images.cria.org.br/viewer/UEC161229",,,,"GBIF","UEC",,"Braga, J.O.","74","2018",,,,"Braga",,"brazil","sao paulo","amparo","jardim botanico arariba rppn, rppn","jardim botanico arariba rppn","locality","brazil_sao paulo_amparo","brazil_sao paulo_amparo",-22.6917857,-46.793909,"county",1622364,"Siphocampylus","Pohl","name_w_authors","Campanulaceae","Siphocampylus","Pohl","genus","name accepted","bfo-6639",,,"Siphocampylus Pohl","Siphocampylus","Campanulaceae","brazil_sao paulo_amparo","Brazil","São Paulo","Amparo",,"gadm",TRUE,-22.7575,-46.808333,"coord_original","seconds","unknown",,"check_local.2municip.","ok_county",,FALSE,"no_cannot_check","full_name_match","UEC_201639","UEC_201639[virtual]","1","0.25","UEC_201639","UEC_201639","UEC_201639","coord_original","Low","RESERVA PARTICULAR DO PATRIMÔNIO NATURAL DUAS CACHOEIRAS"
,,"https://specieslink.net/col/2",,"UNICAMP","UEC",,"PRESERVED_SPECIMEN","201640","68","Braga, JO",,"2018-04-06","2018","4","6",,,,"Brazil","BR","São Paulo",,"Amparo","Jardim Botânico Araribá RPPN, Sítio Duas Cachoeiras, Jardim Botânico Araribá, RPPN.",,,"-22.7575","-46.808333",,,,,,,,"Piper L.","Magnoliopsida","Piperales","Piperaceae","Piper","genus",,"ACCEPTED",,,"Piper L.",,,,"Piper",,,"WGS84","https://images.cria.org.br/viewer/UEC161228",,,,"GBIF","UEC",,"Braga, J.O.","68","2018",,,,"Braga",,"brazil","sao paulo","amparo","jardim botanico arariba rppn, rppn","jardim botanico arariba rppn","locality","brazil_sao paulo_amparo","brazil_sao paulo_amparo",-22.6917857,-46.793909,"county",1622378,"Piper","L.","name_w_authors","Piperaceae","Piper","L.","genus","name accepted","bfo-12735",,,"Piper L.","Piper","Piperaceae","brazil_sao paulo_amparo","Brazil","São Paulo","Amparo",,"gadm",TRUE,-22.7575,-46.808333,"coord_original","seconds","unknown",,"check_local.2municip.","ok_county",,FALSE,"no_cannot_check","full_name_match","UEC_201640","UEC_201640[virtual]","1","0.25","UEC_201640","UEC_201640","UEC_201640","coord_original","Low","RESERVA PARTICULAR DO PATRIMÔNIO NATURAL DUAS CACHOEIRAS"
,,"https://specieslink.net/col/2",,"UNICAMP","UEC",,"PRESERVED_SPECIMEN","201421","27","Zanetti, BC",,"2017-11-01","2017","11","1",,,,"Brazil","BR","São Paulo",,"Amparo","Jardim Botânico Araribá RPPN, Sítio Duas Cachoeiras, Jardim Botânico Araribá, RPPN.",,,"-22.7575","-46.808333",,,,,,,,"Niedenzuella W.R.Anderson","Magnoliopsida","Malpighiales","Malpighiaceae","Niedenzuella","genus",,"ACCEPTED",,,"Niedenzuella W.R.Anderson",,,,"Niedenzuella",,,"WGS84","https://images.cria.org.br/viewer/UEC177892",,,,"GBIF","UEC",,"Zanetti, B.C.","27","2017",,,,"Zanetti",,"brazil","sao paulo","amparo","jardim botanico arariba rppn, rppn","jardim botanico arariba rppn","locality","brazil_sao paulo_amparo","brazil_sao paulo_amparo",-22.6917857,-46.793909,"county",1622352,"Niedenzuella","W.R.Anderson","name_w_authors","Malpighiaceae","Niedenzuella","W.R.Anderson","genus","name accepted","bfo-8925",,,"Niedenzuella W.R.Anderson","Niedenzuella","Malpighiaceae","brazil_sao paulo_amparo","Brazil","São Paulo","Amparo",,"gadm",TRUE,-22.7575,-46.808333,"coord_original","seconds","unknown",,"check_local.2municip.","ok_county",,FALSE,"no_cannot_check","full_name_match","UEC_201421","UEC_201421[virtual]","1","0.25","UEC_201421","UEC_201421","UEC_201421","coord_original","Low","RESERVA PARTICULAR DO PATRIMÔNIO NATURAL DUAS CACHOEIRAS"
,,"https://specieslink.net/col/2",,"UNICAMP","UEC",,"PRESERVED_SPECIMEN","201634","78","Braga, JO",,"2018-04-06","2018","4","6",,,,"Brazil","BR","São Paulo",,"Amparo","Jardim Botânico Araribá RPPN, Sítio Duas Cachoeiras, Jardim Botânico Araribá, RPPN.",,,"-22.7575","-46.808333",,,,,,,,"Crotalaria L.","Magnoliopsida","Fabales","Fabaceae","Crotalaria","genus","L.","ACCEPTED",,,"Crotalaria L.",,,,"Crotalaria",,,"WGS84","https://images.cria.org.br/viewer/UEC161234",,,,"GBIF","UEC",,"Braga, J.O.","78","2018",,,,"Braga",,"brazil","sao paulo","amparo","jardim botanico arariba rppn, rppn","jardim botanico arariba rppn","locality","brazil_sao paulo_amparo","brazil_sao paulo_amparo",-22.6917857,-46.793909,"county",1622366,"Crotalaria","L.","name_w_authors","Fabaceae","Crotalaria","L.","genus","name accepted","bfo-22902",,,"Crotalaria L.","Crotalaria","Fabaceae","brazil_sao paulo_amparo","Brazil","São Paulo","Amparo",,"gadm",TRUE,-22.7575,-46.808333,"coord_original","seconds","unknown",,"check_local.2municip.","ok_county",,FALSE,"no_cannot_check","full_name_match","UEC_201634","UEC_201634[virtual]","1","0.25","UEC_201634","UEC_201634","UEC_201634","coord_original","Low","RESERVA PARTICULAR DO PATRIMÔNIO NATURAL DUAS CACHOEIRAS"
,,"https://specieslink.net/col/2",,"UNICAMP","UEC",,"PRESERVED_SPECIMEN","201429","12","Braga, JO; Zanetti, BC",,"2017-09-07","2017","9","7",,,,"Brazil","BR","São Paulo",,"Amparo","Jardim Botânico Araribá RPPN, Sítio Duas Cachoeiras, Jardim Botânico Araribá, RPPN.",,,"-22.7575","-46.808333",,,,,,,,"Calliandra Benth.","Magnoliopsida","Fabales","Fabaceae","Calliandra","genus","Benth.","ACCEPTED",,,"Calliandra Benth.",,,,"Calliandra",,,"WGS84","https://images.cria.org.br/viewer/UEC177852 | https://images.cria.org.br/viewer/UEC177852_v01",,,,"GBIF","UEC",,"Braga, J.O.","12","2017",,,"Zanetti, B.C.","Braga",,"brazil","sao paulo","amparo","jardim botanico arariba rppn, rppn","jardim botanico arariba rppn","locality","brazil_sao paulo_amparo","brazil_sao paulo_amparo",-22.6917857,-46.793909,"county",1622353,"Calliandra","Benth.","name_w_authors","Fabaceae","Calliandra","Benth.","genus","name accepted","bfo-22845",,,"Calliandra Benth.","Calliandra","Fabaceae","brazil_sao paulo_amparo","Brazil","São Paulo","Amparo",,"gadm",TRUE,-22.7575,-46.808333,"coord_original","seconds","unknown",,"check_local.2municip.","ok_county",,FALSE,"no_cannot_check","full_name_match","UEC_201429","UEC_201429[virtual]","1","0.25","UEC_201429","UEC_201429","UEC_201429","coord_original","Low","RESERVA PARTICULAR DO PATRIMÔNIO NATURAL DUAS CACHOEIRAS"
,,"https://specieslink.net/col/2",,"UNICAMP","UEC",,"PRESERVED_SPECIMEN","201424","46","Braga, JO",,"2017-09-27","2017","9","27",,,,"Brazil","BR","São Paulo",,"Amparo","Jardim Botânico Araribá RPPN, Sítio Duas Cachoeiras, Jardim Botânico Araribá, RPPN.",,,"-22.7575","-46.808333",,,,,,,,"Begonia L.","Magnoliopsida","Cucurbitales","Begoniaceae","Begonia","genus","L.","ACCEPTED",,,"Begonia L.",,,,"Begonia",,,"WGS84","https://images.cria.org.br/viewer/UEC177890 | https://images.cria.org.br/viewer/UEC177890_v01 | https://images.cria.org.br/viewer/UEC177890_v02",,,,"GBIF","UEC",,"Braga, J.O.","46","2017",,,,"Braga",,"brazil","sao paulo","amparo","jardim botanico arariba rppn, rppn","jardim botanico arariba rppn","locality","brazil_sao paulo_amparo","brazil_sao paulo_amparo",-22.6917857,-46.793909,"county",1622369,"Begonia","L.","name_w_authors","Begoniaceae","Begonia","L.","genus","name accepted","bfo-5562",,,"Begonia L.","Begonia","Begoniaceae","brazil_sao paulo_amparo","Brazil","São Paulo","Amparo",,"gadm",TRUE,-22.7575,-46.808333,"coord_original","seconds","unknown",,"check_local.2municip.","ok_county",,FALSE,"no_cannot_check","full_name_match","UEC_201424","UEC_201424[virtual]","1","0.25","UEC_201424","UEC_201424","UEC_201424","coord_original","Low","RESERVA PARTICULAR DO PATRIMÔNIO NATURAL DUAS CACHOEIRAS"
,,"https://specieslink.net/col/2",,"UNICAMP","UEC",,"PRESERVED_SPECIMEN","201422","20","Zanetti, BC; Braga, JO",,"2017-09-07","2017","9","7",,,,"Brazil","BR","São Paulo",,"Amparo","Jardim Botânico Araribá RPPN, Sítio Duas Cachoeiras, Jardim Botânico Araribá, RPPN #?# Amparo SP. Curva da Marcenaria - Casa Amarela",,,"-22.7575","-46.808333",,,,,,,,"Abutilon Tourn. ex Mill.","Magnoliopsida","Malvales","Malvaceae","Abutilon","genus",,"ACCEPTED",,,"Abutilon Tourn. ex Mill.",,,,"Abutilon",,,"WGS84","https://images.cria.org.br/viewer/UEC177891 | https://images.cria.org.br/viewer/UEC177891_v01 | https://images.cria.org.br/viewer/UEC177891_v02",,,,"GBIF","UEC",,"Zanetti, B.C.","20","2017",,,"Braga, J.O.","Zanetti",,"brazil","sao paulo","amparo","jardim botanico arariba rppn, rppn #?# amparo sp","jardim botanico arariba rppn","locality","brazil_sao paulo_amparo","brazil_sao paulo_amparo",-22.6917857,-46.793909,"county",1622367,"Abutilon","Mill.","name_w_authors","Malvaceae","Abutilon","Mill.","genus","author misspelled","bfo-8974",,,"Abutilon Mill.","Abutilon","Malvaceae","brazil_sao paulo_amparo","Brazil","São Paulo","Amparo",,"gadm",TRUE,-22.7575,-46.808333,"coord_original","seconds","unknown",,"check_local.2municip.","ok_county",,FALSE,"no_cannot_check","full_name_match","UEC_201422","UEC_201422[virtual]","1","0.25","UEC_201422","UEC_201422","UEC_201422","coord_original","Low","RESERVA PARTICULAR DO PATRIMÔNIO NATURAL DUAS CACHOEIRAS"
,,"https://specieslink.net/col/2",,"UNICAMP","UEC",,"PRESERVED_SPECIMEN","201671","58","Braga, JO",,"2017-10-22","2017","10","22",,,,"Brazil","BR","São Paulo",,"Amparo","Jardim Botânico Araribá RPPN, Sítio Duas Cachoeiras, Jardim Botânico Araribá, RPPN.",,,"-22.7575","-46.808333",,,,,,,,"Zanthoxylum fagara (L.) Sarg.","Magnoliopsida","Sapindales","Rutaceae","Zanthoxylum","species","(L.) Sarg.","ACCEPTED",,,"Zanthoxylum fagara (L.) Sarg.",,,,"Zanthoxylum fagara","Zanthoxylum fagara",,"WGS84","https://images.cria.org.br/viewer/UEC177882",,,,"GBIF","UEC",,"Braga, J.O.","58","2017",,,,"Braga",,"brazil","sao paulo","amparo","jardim botanico arariba rppn, rppn","jardim botanico arariba rppn","locality","brazil_sao paulo_amparo","brazil_sao paulo_amparo",-22.6917857,-46.793909,"county",293677,"Zanthoxylum fagara","(L.) Sarg.","name_w_authors","Rutaceae","Zanthoxylum fagara","(L.) Sarg.","species","name accepted","bfo-1104",,,"Zanthoxylum fagara (L.) Sarg.","Zanthoxylum","Rutaceae","brazil_sao paulo_amparo","Brazil","São Paulo","Amparo",,"gadm",TRUE,-22.7575,-46.808333,"coord_original","seconds","unknown","Zanthoxylum fagara","check_local.2municip.","ok_county",,FALSE,"ok_dist","full_name_match","UEC_201671","UEC_201671[virtual]","1","0.25","UEC_201671","UEC_201671","UEC_201671","coord_original","Low","RESERVA PARTICULAR DO PATRIMÔNIO NATURAL DUAS CACHOEIRAS"
,,"https://specieslink.net/col/2",,"UNICAMP","UEC",,"PRESERVED_SPECIMEN","197395","3","Zanetti, BC; Braga, JO",,"2017-08-23","2017","8","23",,,,"Brazil","BR","São Paulo",,"Amparo","Jardim Botânico Araribá RPPN, Sítio Duas Cachoeiras, Jardim Botânico Araribá, RPPN.",,,"-22.7575","-46.808333",,,,,,,,"Crepis japonica (L.) Benth.","Magnoliopsida","Asterales","Asteraceae","Youngia","species","(L.) Benth.","SYNONYM",,,"Youngia japonica subsp. japonica",,,,"Crepis japonica","Youngia japonica",,"WGS84","https://images.cria.org.br/viewer/UEC160297",,,,"GBIF","UEC",,"Zanetti, B.C.","3","2017",,,"Braga, J.O.","Zanetti",,"brazil","sao paulo","amparo","jardim botanico arariba rppn, rppn","jardim botanico arariba rppn","locality","brazil_sao paulo_amparo","brazil_sao paulo_amparo",-22.6917857,-46.793909,"county",293581,"Youngia japonica","(L.) DC.","name_w_authors","Asteraceae","Youngia japonica","(L.) DC.","species","replaced synonym","bfo-617204","Youngia japonica","(L.) DC.","Youngia japonica (L.) DC.","Youngia","Asteraceae","brazil_sao paulo_amparo","Brazil","São Paulo","Amparo",,"gadm",TRUE,-22.7575,-46.808333,"coord_original","seconds","unknown","Youngia japonica","check_local.2municip.","ok_county",,FALSE,"ok_dist","full_name_match","UEC_197395","UEC_197395[virtual]","1","0.25","UEC_197395","UEC_197395","UEC_197395","coord_original","Low","RESERVA PARTICULAR DO PATRIMÔNIO NATURAL DUAS CACHOEIRAS"
,,"https://specieslink.net/col/2",,"UNICAMP","UEC",,"PRESERVED_SPECIMEN","197406","37","Braga, JO",,"2017-09-23","2017","9","23",,,,"Brazil","BR","São Paulo",,"Amparo","Jardim Botânico Araribá RPPN, Sítio Duas Cachoeiras, Jardim Botânico Araribá, RPPN.",,,"-22.7575","-46.808333",,,,,,,,"Crepis japonica (L.) Benth.","Magnoliopsida","Asterales","Asteraceae","Youngia","species","(L.) Benth.","SYNONYM",,,"Youngia japonica subsp. japonica",,,,"Crepis japonica","Youngia japonica",,"WGS84","https://images.cria.org.br/viewer/UEC177877 | https://images.cria.org.br/viewer/UEC177877_v01",,,,"GBIF","UEC",,"Braga, J.O.","37","2017",,,,"Braga",,"brazil","sao paulo","amparo","jardim botanico arariba rppn, rppn","jardim botanico arariba rppn","locality","brazil_sao paulo_amparo","brazil_sao paulo_amparo",-22.6917857,-46.793909,"county",293586,"Youngia japonica","(L.) DC.","name_w_authors","Asteraceae","Youngia japonica","(L.) DC.","species","replaced synonym","bfo-617204","Youngia japonica","(L.) DC.","Youngia japonica (L.) DC.","Youngia","Asteraceae","brazil_sao paulo_amparo","Brazil","São Paulo","Amparo",,"gadm",TRUE,-22.7575,-46.808333,"coord_original","seconds","unknown","Youngia japonica","check_local.2municip.","ok_county",,FALSE,"ok_dist","full_name_match","UEC_197406","UEC_197406[virtual]","1","0.25","UEC_197406","UEC_197406","UEC_197406","coord_original","Low","RESERVA PARTICULAR DO PATRIMÔNIO NATURAL DUAS CACHOEIRAS"
,,"https://specieslink.net/col/2",,"UNICAMP","UEC",,"PRESERVED_SPECIMEN","199231","18","Zanetti, BC; et al.",,"2010-09-07","2010","9","7",,,,"Brazil","BR","São Paulo",,"Amparo","Jardim Botânico Araribá RPPN, Sítio Duas Cachoeiras, Jardim Botânico Araribá, RPPN. Caminho das moradas.",,,"-22.7575","-46.808333",,,,,,,,"Tradescantia zebrina Bosse","Liliopsida","Commelinales","Commelinaceae","Tradescantia","species","Bosse","ACCEPTED",,,"Tradescantia zebrina Bosse",,,,"Tradescantia zebrina","Tradescantia zebrina",,"WGS84","https://images.cria.org.br/viewer/UEC154574",,,,"GBIF","UEC",,"Zanetti, B.C.","18","2010",,,,"Zanetti",,"brazil","sao paulo","amparo","jardim botanico arariba rppn, rppn","jardim botanico arariba rppn","locality","brazil_sao paulo_amparo","brazil_sao paulo_amparo",-22.6917857,-46.793909,"county",439222,"Tradescantia zebrina","Heynh. ex Bosse","name_w_authors","Commelinaceae","Tradescantia zebrina","Heynh. ex Bosse","species","author misspelled","bfo-126861",,,"Tradescantia zebrina Heynh. ex Bosse","Tradescantia","Commelinaceae","brazil_sao paulo_amparo","Brazil","São Paulo","Amparo",,"gadm",TRUE,-22.7575,-46.808333,"coord_original","seconds","unknown","Tradescantia zebrina","check_local.2municip.","ok_county",,FALSE,"ok_dist","full_name_match","UEC_199231",,"0","0",,,,"coord_original","Low","RESERVA PARTICULAR DO PATRIMÔNIO NATURAL DUAS CACHOEIRAS"
,,"https://specieslink.net/col/2",,"UNICAMP","UEC",,"PRESERVED_SPECIMEN","197403","24","Zanetti, BC; Braga, JO",,"2017-09-07","2017","9","7",,,,"Brazil","BR","São Paulo",,"Amparo","Jardim Botânico Araribá RPPN, Sítio Duas Cachoeiras, Jardim Botânico Araribá, RPPN. Caminho das moradas.",,,"-22.7575","-46.808333",,,,,,,,"Thunbergia grandiflora (Roxb. ex Rottler) Roxb.","Magnoliopsida","Lamiales","Acanthaceae","Thunbergia","species","Roxb.","ACCEPTED",,,"Thunbergia grandiflora (Roxb. ex Rottler) Roxb.",,,,"Thunbergia grandiflora","Thunbergia grandiflora",,"WGS84","https://images.cria.org.br/viewer/UEC177906 | https://images.cria.org.br/viewer/UEC177906_v01 | https://images.cria.org.br/viewer/UEC177906_v02",,,,"GBIF","UEC",,"Zanetti, B.C.","24","2017",,,"Braga, J.O.","Zanetti",,"brazil","sao paulo","amparo","jardim botanico arariba rppn, rppn","jardim botanico arariba rppn","locality","brazil_sao paulo_amparo","brazil_sao paulo_amparo",-22.6917857,-46.793909,"county",293593,"Thunbergia grandiflora","Roxb.","name_w_authors","Acanthaceae","Thunbergia grandiflora","Roxb.","species","author misspelled","bfo-605562",,,"Thunbergia grandiflora Roxb.","Thunbergia","Acanthaceae","brazil_sao paulo_amparo","Brazil","São Paulo","Amparo",,"gadm",TRUE,-22.7575,-46.808333,"coord_original","seconds","unknown","Thunbergia grandiflora","check_local.2municip.","ok_county",,FALSE,"ok_dist","full_name_match","UEC_197403","UEC_197403[virtual]","1","0.25","UEC_197403","UEC_197403","UEC_197403","coord_original","Low","RESERVA PARTICULAR DO PATRIMÔNIO NATURAL DUAS CACHOEIRAS"
,,"https://specieslink.net/col/2",,"UNICAMP","UEC",,"PRESERVED_SPECIMEN","201418","17","Zanetti, BC; Braga, JO",,"2017-09-07","2017","9","7",,,,"Brazil","BR","São Paulo",,"Amparo","Jardim Botânico Araribá RPPN, Sítio Duas Cachoeiras, Jardim Botânico Araribá, RPPN.",,,"-22.7575","-46.808333",,,,,,,,"Thunbergia alata Bojer ex Sims","Magnoliopsida","Lamiales","Acanthaceae","Thunbergia","species","Bojer ex Sims","ACCEPTED",,,"Thunbergia alata Bojer ex Sims",,,,"Thunbergia alata","Thunbergia alata",,"WGS84","https://images.cria.org.br/viewer/UEC177893 | https://images.cria.org.br/viewer/UEC177893_v01",,,,"GBIF","UEC",,"Zanetti, B.C.","17","2017",,,"Braga, J.O.","Zanetti",,"brazil","sao paulo","amparo","jardim botanico arariba rppn, rppn","jardim botanico arariba rppn","locality","brazil_sao paulo_amparo","brazil_sao paulo_amparo",-22.6917857,-46.793909,"county",330507,"Thunbergia alata","Bojer ex Sims","name_w_authors","Acanthaceae","Thunbergia alata","Bojer ex Sims","species","name accepted","bfo-21730",,,"Thunbergia alata Bojer ex Sims","Thunbergia","Acanthaceae","brazil_sao paulo_amparo","Brazil","São Paulo","Amparo",,"gadm",TRUE,-22.7575,-46.808333,"coord_original","seconds","unknown","Thunbergia alata","check_local.2municip.","ok_county",,FALSE,"ok_dist","full_name_match","UEC_201418","UEC_201418[virtual]","1","0.25","UEC_201418","UEC_201418","UEC_201418","coord_original","Low","RESERVA PARTICULAR DO PATRIMÔNIO NATURAL DUAS CACHOEIRAS"
,,"https://specieslink.net/col/2",,"UNICAMP","UEC",,"PRESERVED_SPECIMEN","197419","16","Braga, JO; Zanetti, BC",,"2017-09-09","2017","9","9",,,,"Brazil","BR","São Paulo",,"Amparo","Jardim Botânico Araribá RPPN, Sítio Duas Cachoeiras, Jardim Botânico Araribá, RPPN. Casa das Ovelhas.",,,"-22.7575","-46.808333",,,,,,,,"Tecoma stans (L.) Juss. ex Kunth","Magnoliopsida","Lamiales","Bignoniaceae","Tecoma","species","(L.) Juss. ex Kunth","ACCEPTED",,,"Tecoma stans (L.) Juss. ex Kunth",,,,"Tecoma stans","Tecoma stans",,"WGS84","https://images.cria.org.br/viewer/UEC177862 | https://images.cria.org.br/viewer/UEC177862_v01",,,,"GBIF","UEC",,"Braga, J.O.","16","2017",,,"Zanetti, B.C.","Braga",,"brazil","sao paulo","amparo","jardim botanico arariba rppn, rppn","jardim botanico arariba rppn","locality","brazil_sao paulo_amparo","brazil_sao paulo_amparo",-22.6917857,-46.793909,"county",293601,"Tecoma stans","(L.) Juss. ex Kunth","name_w_authors","Bignoniaceae","Tecoma stans","(L.) Juss. ex Kunth","species","name accepted","bfo-114447",,,"Tecoma stans (L.) Juss. ex Kunth","Tecoma","Bignoniaceae","brazil_sao paulo_amparo","Brazil","São Paulo","Amparo",,"gadm",TRUE,-22.7575,-46.808333,"coord_original","seconds","unknown","Tecoma stans","check_local.2municip.","ok_county",,FALSE,"ok_dist","full_name_match","UEC_197419","UEC_197419[virtual]","1","0.25","UEC_197419","UEC_197419","UEC_197419","coord_original","Low","RESERVA PARTICULAR DO PATRIMÔNIO NATURAL DUAS CACHOEIRAS"
,,"https://specieslink.net/col/2",,"UNICAMP","UEC",,"PRESERVED_SPECIMEN","199242","48","Braga, JO",,"2017-10-22","2017","10","22",,,,"Brazil","BR","São Paulo",,"Amparo","Jardim Botânico Araribá RPPN, Sítio Duas Cachoeiras, Jardim Botânico Araribá, RPPN.",,,"-22.7575","-46.808333",,,,,,,,"Talinum paniculatum (Jacq.) Gaertn.","Magnoliopsida","Caryophyllales","Talinaceae","Talinum","species","(Jacq.) Gaertn.","ACCEPTED",,,"Talinum paniculatum (Jacq.) Gaertn.",,,,"Talinum paniculatum","Talinum paniculatum",,"WGS84","https://images.cria.org.br/viewer/UEC160316",,,,"GBIF","UEC",,"Braga, J.O.","48","2017",,,,"Braga",,"brazil","sao paulo","amparo","jardim botanico arariba rppn, rppn","jardim botanico arariba rppn","locality","brazil_sao paulo_amparo","brazil_sao paulo_amparo",-22.6917857,-46.793909,"county",293620,"Talinum paniculatum","(Jacq.) Gaertn.","name_w_authors","Talinaceae","Talinum paniculatum","(Jacq.) Gaertn.","species","name accepted","bfo-20629",,,"Talinum paniculatum (Jacq.) Gaertn.","Talinum","Talinaceae","brazil_sao paulo_amparo","Brazil","São Paulo","Amparo",,"gadm",TRUE,-22.7575,-46.808333,"coord_original","seconds","unknown","Talinum paniculatum","check_local.2municip.","ok_county",,FALSE,"ok_dist","full_name_match","UEC_199242",,"0","0",,,,"coord_original","Low","RESERVA PARTICULAR DO PATRIMÔNIO NATURAL DUAS CACHOEIRAS"
,,"https://specieslink.net/col/2",,"UNICAMP","UEC",,"PRESERVED_SPECIMEN","199232","19","Zanetti, BC; et al.",,"2010-09-07","2010","9","7",,,,"Brazil","BR","São Paulo",,"Amparo","Jardim Botânico Araribá RPPN, Sítio Duas Cachoeiras, Jardim Botânico Araribá, RPPN. Caminho das moradas.",,,"-22.7575","-46.808333",,,,,,,,"Talinum paniculatum (Jacq.) Gaertn.","Magnoliopsida","Caryophyllales","Talinaceae","Talinum","species","(Jacq.) Gaertn.","ACCEPTED",,,"Talinum paniculatum (Jacq.) Gaertn.",,,,"Talinum paniculatum","Talinum paniculatum",,"WGS84","https://images.cria.org.br/viewer/UEC154577",,,,"GBIF","UEC",,"Zanetti, B.C.","19","2010",,,,"Zanetti",,"brazil","sao paulo","amparo","jardim botanico arariba rppn, rppn","jardim botanico arariba rppn","locality","brazil_sao paulo_amparo","brazil_sao paulo_amparo",-22.6917857,-46.793909,"county",286873,"Talinum paniculatum","(Jacq.) Gaertn.","name_w_authors","Talinaceae","Talinum paniculatum","(Jacq.) Gaertn.","species","name accepted","bfo-20629",,,"Talinum paniculatum (Jacq.) Gaertn.","Talinum","Talinaceae","brazil_sao paulo_amparo","Brazil","São Paulo","Amparo",,"gadm",TRUE,-22.7575,-46.808333,"coord_original","seconds","unknown","Talinum paniculatum","check_local.2municip.","ok_county",,FALSE,"ok_dist","full_name_match","UEC_199232",,"0","0",,,,"coord_original","Low","RESERVA PARTICULAR DO PATRIMÔNIO NATURAL DUAS CACHOEIRAS"
,,"https://specieslink.net/col/2",,"UNICAMP","UEC",,"PRESERVED_SPECIMEN","201687","36","Zanetti, BC",,"2017-11-01","2017","11","1",,,,"Brazil","BR","São Paulo",,"Amparo","Jardim Botânico Araribá RPPN, Sítio Duas Cachoeiras, Jardim Botânico Araribá, RPPN. Caminho do pasto, entrada trilha das águas.",,,"-22.7575","-46.808333",,,,,,,,"Stachytarpheta cayennensis (Rich.) Vahl","Magnoliopsida","Lamiales","Verbenaceae","Stachytarpheta","species","(Rich.) Vahl","ACCEPTED",,,"Stachytarpheta cayennensis (Rich.) Vahl",,,,"Stachytarpheta cayennensis","Stachytarpheta cayennensis",,"WGS84","https://images.cria.org.br/viewer/UEC177911 | https://images.cria.org.br/viewer/UEC177911_v01",,,,"GBIF","UEC",,"Zanetti, B.C.","36","2017",,,,"Zanetti",,"brazil","sao paulo","amparo","jardim botanico arariba rppn, rppn","jardim botanico arariba rppn","locality","brazil_sao paulo_amparo","brazil_sao paulo_amparo",-22.6917857,-46.793909,"county",293662,"Stachytarpheta cayennensis","(Rich.) Vahl","name_w_authors","Verbenaceae","Stachytarpheta cayennensis","(Rich.) Vahl","species","name accepted","bfo-21466",,,"Stachytarpheta cayennensis (Rich.) Vahl","Stachytarpheta","Verbenaceae","brazil_sao paulo_amparo","Brazil","São Paulo","Amparo",,"gadm",TRUE,-22.7575,-46.808333,"coord_original","seconds","unknown","Stachytarpheta cayennensis","check_local.2municip.","ok_county",,FALSE,"ok_dist","full_name_match","UEC_201687",,"0","0",,,,"coord_original","Low","RESERVA PARTICULAR DO PATRIMÔNIO NATURAL DUAS CACHOEIRAS"
,,"https://specieslink.net/col/2",,"UNICAMP","UEC",,"PRESERVED_SPECIMEN","199224","47","Braga, JO",,"2010-09-27","2010","9","27",,,,"Brazil","BR","São Paulo",,"Amparo","Jardim Botânico Araribá RPPN, Sítio Duas Cachoeiras, Jardim Botânico Araribá, RPPN. Alameda Central.",,,"-22.7575","-46.808333",,,,,,,,"Spiraea cantoniensis Lour.","Magnoliopsida","Rosales","Rosaceae","Spiraea","species","Lour.","ACCEPTED",,,"Spiraea cantoniensis Lour.",,,,"Spiraea cantoniensis","Spiraea cantoniensis",,"WGS84","https://images.cria.org.br/viewer/UEC154573",,,,"GBIF","UEC",,"Braga, J.O.","47","2010",,,,"Braga",,"brazil","sao paulo","amparo","jardim botanico arariba rppn, rppn","jardim botanico arariba rppn","locality","brazil_sao paulo_amparo","brazil_sao paulo_amparo",-22.6917857,-46.793909,"county",439224,"Spiraea cantoniensis","Lour.","name_w_authors","Rosaceae","Spiraea cantoniensis","Lour.","species","name accepted","bfo-126511",,,"Spiraea cantoniensis Lour.","Spiraea","Rosaceae","brazil_sao paulo_amparo","Brazil","São Paulo","Amparo",,"gadm",TRUE,-22.7575,-46.808333,"coord_original","seconds","unknown","Spiraea cantoniensis","check_local.2municip.","ok_county",,,"ok_dist","full_name_match","UEC_199224","UEC_199224[virtual]","1","0.25","UEC_199224","UEC_199224","UEC_199224","coord_original","Low","RESERVA PARTICULAR DO PATRIMÔNIO NATURAL DUAS CACHOEIRAS"
,,"https://specieslink.net/col/2",,"UNICAMP","UEC",,"PRESERVED_SPECIMEN","197397","23","Zanetti, BC; Braga, JO",,"2017-09-07","2017","9","7",,,,"Brazil","BR","São Paulo",,"Amparo","Jardim Botânico Araribá RPPN, Sítio Duas Cachoeiras, Jardim Botânico Araribá, RPPN.",,,"-22.7575","-46.808333",,,,,,,,"Sphagneticola trilobata (L.) Pruski","Magnoliopsida","Asterales","Asteraceae","Sphagneticola","species","(L.) Pruski","ACCEPTED",,,"Sphagneticola trilobata (L.) Pruski",,,,"Sphagneticola trilobata","Sphagneticola trilobata",,"WGS84","https://images.cria.org.br/viewer/UEC177905",,,,"GBIF","UEC",,"Zanetti, B.C.","23","2017",,,"Braga, J.O.","Zanetti",,"brazil","sao paulo","amparo","jardim botanico arariba rppn, rppn","jardim botanico arariba rppn","locality","brazil_sao paulo_amparo","brazil_sao paulo_amparo",-22.6917857,-46.793909,"county",293594,"Sphagneticola trilobata","(L.) Pruski","name_w_authors","Asteraceae","Sphagneticola trilobata","(L.) Pruski","species","name accepted","bfo-16304",,,"Sphagneticola trilobata (L.) Pruski","Sphagneticola","Asteraceae","brazil_sao paulo_amparo","Brazil","São Paulo","Amparo",,"gadm",TRUE,-22.7575,-46.808333,"coord_original","seconds","unknown","Sphagneticola trilobata","check_local.2municip.","ok_county",,FALSE,"ok_dist","full_name_match","UEC_197397","UEC_197397[virtual]","1","0.25","UEC_197397","UEC_197397","UEC_197397","coord_original","Low","RESERVA PARTICULAR DO PATRIMÔNIO NATURAL DUAS CACHOEIRAS"
,,"https://specieslink.net/col/2",,"UNICAMP","UEC",,"PRESERVED_SPECIMEN","197396","7","Zanetti, BC; Braga, JO",,"2017-08-23","2017","8","23",,,,"Brazil","BR","São Paulo",,"Amparo","Jardim Botânico Araribá RPPN, Sítio Duas Cachoeiras, Jardim Botânico Araribá, RPPN. Alameda Central",,,"-22.7575","-46.808333",,,,,,,,"Solidago chilensis Meyen","Magnoliopsida","Asterales","Asteraceae","Solidago","species","Meyen","ACCEPTED",,,"Solidago chilensis Meyen",,,,"Solidago chilensis","Solidago chilensis",,"WGS84","https://images.cria.org.br/viewer/UEC160305",,,,"GBIF","UEC",,"Zanetti, B.C.","7","2017",,,"Braga, J.O.","Zanetti",,"brazil","sao paulo","amparo","jardim botanico arariba rppn, rppn","jardim botanico arariba rppn","locality","brazil_sao paulo_amparo","brazil_sao paulo_amparo",-22.6917857,-46.793909,"county",293603,"Solidago chilensis","Meyen","name_w_authors","Asteraceae","Solidago chilensis","Meyen","species","name accepted","bfo-5503",,,"Solidago chilensis Meyen","Solidago","Asteraceae","brazil_sao paulo_amparo","Brazil","São Paulo","Amparo",,"gadm",TRUE,-22.7575,-46.808333,"coord_original","seconds","unknown","Solidago chilensis","check_local.2municip.","ok_county",,FALSE,"ok_dist","full_name_match","UEC_197396","UEC_197396[virtual]","1","0.25","UEC_197396","UEC_197396","UEC_197396","coord_original","Low","RESERVA PARTICULAR DO PATRIMÔNIO NATURAL DUAS CACHOEIRAS"
,,"https://specieslink.net/col/2",,"UNICAMP","UEC",,"PRESERVED_SPECIMEN","199236","4","Braga, JO; Zanetti, BC",,"2017-08-23","2017","8","23",,,,"Brazil","BR","São Paulo",,"Amparo","Jardim Botânico Araribá RPPN, Sítio Duas Cachoeiras, Jardim Botânico Araribá, RPPN.",,,"-22.7575","-46.808333",,,,,,,,"Solanum mauritianum Scop.","Magnoliopsida","Solanales","Solanaceae","Solanum","species","Scop.","ACCEPTED",,,"Solanum mauritianum Scop.",,,,"Solanum mauritianum","Solanum mauritianum",,"WGS84","https://images.cria.org.br/viewer/UEC177866 | https://images.cria.org.br/viewer/UEC177866_v01 | https://images.cria.org.br/viewer/UEC177866_v02 | https://images.cria.org.br/viewer/UEC177866_v03 | https://images.cria.org.br/viewer/UEC177866_v04",,,,"GBIF","UEC",,"Braga, J.O.","4","2017",,,"Zanetti, B.C.","Braga",,"brazil","sao paulo","amparo","jardim botanico arariba rppn, rppn","jardim botanico arariba rppn","locality","brazil_sao paulo_amparo","brazil_sao paulo_amparo",-22.6917857,-46.793909,"county",293625,"Solanum mauritianum","Scop.","name_w_authors","Solanaceae","Solanum mauritianum","Scop.","species","name accepted","bfo-14809",,,"Solanum mauritianum Scop.","Solanum","Solanaceae","brazil_sao paulo_amparo","Brazil","São Paulo","Amparo",,"gadm",TRUE,-22.7575,-46.808333,"coord_original","seconds","unknown","Solanum mauritianum","check_local.2municip.","ok_county",,FALSE,"ok_dist","full_name_match","UEC_199236",,"0","0",,,,"coord_original","Low","RESERVA PARTICULAR DO PATRIMÔNIO NATURAL DUAS CACHOEIRAS"
,,"https://specieslink.net/col/2",,"UNICAMP","UEC",,"PRESERVED_SPECIMEN","201426","6","Braga, JO; Zanetti, BC",,"2017-08-23","2017","8","23",,,,"Brazil","BR","São Paulo",,"Amparo","Jardim Botânico Araribá RPPN, Sítio Duas Cachoeiras, Jardim Botânico Araribá, RPPN. Caminho das Colinas.",,,"-22.7575","-46.808333",,,,,,,,"Solanum concinnum Schott ex Sendtn.","Magnoliopsida","Solanales","Solanaceae","Solanum","species","Sendtn.","ACCEPTED",,,"Solanum concinnum Schott ex Sendtn.",,,,"Solanum concinnum","Solanum concinnum",,"WGS84","https://images.cria.org.br/viewer/UEC177889 | https://images.cria.org.br/viewer/UEC177889_v01 | https://images.cria.org.br/viewer/UEC177889_v02 | https://images.cria.org.br/viewer/UEC177889_v03 | https://images.cria.org.br/viewer/UEC177889_v04",,,,"GBIF","UEC",,"Braga, J.O.","6","2017",,,"Zanetti, B.C.","Braga",,"brazil","sao paulo","amparo","jardim botanico arariba rppn, rppn","jardim botanico arariba rppn","locality","brazil_sao paulo_amparo","brazil_sao paulo_amparo",-22.6917857,-46.793909,"county",330499,"Solanum concinnum","Schott ex Sendtn.","name_w_authors","Solanaceae","Solanum concinnum","Schott ex Sendtn.","species","name accepted","bfo-14752",,,"Solanum concinnum Schott ex Sendtn.","Solanum","Solanaceae","brazil_sao paulo_amparo","Brazil","São Paulo","Amparo",,"gadm",TRUE,-22.7575,-46.808333,"coord_original","seconds","unknown","Solanum concinnum","check_local.2municip.","ok_county",,FALSE,"ok_dist","full_name_match","UEC_201426",,"0","0",,,,"coord_original","Low","RESERVA PARTICULAR DO PATRIMÔNIO NATURAL DUAS CACHOEIRAS"
,,"https://specieslink.net/col/2",,"UNICAMP","UEC",,"PRESERVED_SPECIMEN","201629","66","Braga, JO",,"2018-04-06","2018","4","6",,,,"Brazil","BR","São Paulo",,"Amparo","Jardim Botânico Araribá RPPN, Sítio Duas Cachoeiras, Jardim Botânico Araribá, RPPN.",,,"-22.7575","-46.808333",,,,,,,,"Senna pendula (Humb. & Bonpl. ex Willd.) H.S.Irwin & Barneby","Magnoliopsida","Fabales","Fabaceae","Senna","species","(Humb. & Bonpl. ex Willd.) H.S.Irwin & Barneby","ACCEPTED",,,"Senna pendula (Humb. & Bonpl. ex Willd.) H.S.Irwin & Barneby",,,,"Senna pendula","Senna pendula",,"WGS84","https://images.cria.org.br/viewer/UEC161239 | https://images.cria.org.br/viewer/UEC161239_v01",,,,"GBIF","UEC",,"Braga, J.O.","66","2018",,,,"Braga",,"brazil","sao paulo","amparo","jardim botanico arariba rppn, rppn","jardim botanico arariba rppn","locality","brazil_sao paulo_amparo","brazil_sao paulo_amparo",-22.6917857,-46.793909,"county",330545,"Senna pendula","(Humb.& Bonpl.ex Willd.) H.S.Irwin & Barneby","name_w_authors","Fabaceae","Senna pendula","(Humb.& Bonpl.ex Willd.) H.S.Irwin & Barneby","species","name accepted","bfo-23163",,,"Senna pendula (Humb.& Bonpl.ex Willd.) H.S.Irwin & Barneby","Senna","Fabaceae","brazil_sao paulo_amparo","Brazil","São Paulo","Amparo",,"gadm",TRUE,-22.7575,-46.808333,"coord_original","seconds","unknown","Senna pendula","check_local.2municip.","ok_county",,FALSE,"ok_dist","full_name_match","UEC_201629","UEC_201629[virtual]","1","0.25","UEC_201629","UEC_201629","UEC_201629","coord_original","Low","RESERVA PARTICULAR DO PATRIMÔNIO NATURAL DUAS CACHOEIRAS"
,,"https://specieslink.net/col/2",,"UNICAMP","UEC",,"PRESERVED_SPECIMEN","197407","40","Braga, JO",,"2017-09-23","2017","9","23",,,,"Brazil","BR","São Paulo",,"Amparo","Jardim Botânico Araribá RPPN, Sítio Duas Cachoeiras, Jardim Botânico Araribá, RPPN.",,,"-22.7575","-46.808333",,,,,,,,"Schinus terebinthifolia Raddi","Magnoliopsida","Sapindales","Anacardiaceae","Schinus","species","Raddi.","ACCEPTED",,,"Schinus terebinthifolia Raddi",,,,"Schinus terebinthifolia","Schinus terebinthifolia",,"WGS84","https://images.cria.org.br/viewer/UEC177878 | https://images.cria.org.br/viewer/UEC177878_v01",,,,"GBIF","UEC",,"Braga, J.O.","40","2017",,,,"Braga",,"brazil","sao paulo","amparo","jardim botanico arariba rppn, rppn","jardim botanico arariba rppn","locality","brazil_sao paulo_amparo","brazil_sao paulo_amparo",-22.6917857,-46.793909,"county",293582,"Schinus terebinthifolia","Raddi","name_w_authors","Anacardiaceae","Schinus terebinthifolia","Raddi","species","name accepted","bfo-15471",,,"Schinus terebinthifolia Raddi","Schinus","Anacardiaceae","brazil_sao paulo_amparo","Brazil","São Paulo","Amparo",,"gadm",TRUE,-22.7575,-46.808333,"coord_original","seconds","unknown","Schinus terebinthifolia","check_local.2municip.","ok_county",,FALSE,"ok_dist","full_name_match","UEC_197407",,"0","0",,,,"coord_original","Low","RESERVA PARTICULAR DO PATRIMÔNIO NATURAL DUAS CACHOEIRAS"
,,"https://specieslink.net/col/2",,"UNICAMP","UEC",,"PRESERVED_SPECIMEN","197389","63","Braga, JO",,"2017-10-22","2017","10","22",,,,"Brazil","BR","São Paulo",,"Amparo","Jardim Botânico Araribá RPPN, Sítio Duas Cachoeiras, Jardim Botânico Araribá, RPPN.",,,"-22.7575","-46.808333",,,,,,,,"Schinus molle L.","Magnoliopsida","Sapindales","Anacardiaceae","Schinus","species","L.","ACCEPTED",,,"Schinus molle L.",,,,"Schinus molle","Schinus molle",,"WGS84","https://images.cria.org.br/viewer/UEC160294",,,,"GBIF","UEC",,"Braga, J.O.","63","2017",,,,"Braga",,"brazil","sao paulo","amparo","jardim botanico arariba rppn, rppn","jardim botanico arariba rppn","locality","brazil_sao paulo_amparo","brazil_sao paulo_amparo",-22.6917857,-46.793909,"county",293598,"Schinus molle","L.","name_w_authors","Anacardiaceae","Schinus molle","L.","species","name accepted","bfo-4398",,,"Schinus molle L.","Schinus","Anacardiaceae","brazil_sao paulo_amparo","Brazil","São Paulo","Amparo",,"gadm",TRUE,-22.7575,-46.808333,"coord_original","seconds","unknown","Schinus molle","check_local.2municip.","ok_county",,FALSE,"bad_dist","full_name_match","UEC_197389",,"0","0",,,,"coord_original","Low","RESERVA PARTICULAR DO PATRIMÔNIO NATURAL DUAS CACHOEIRAS"
,,"https://specieslink.net/col/2",,"UNICAMP","UEC",,"PRESERVED_SPECIMEN","199235","11","Braga, JO; Zanetti, BC",,"2017-09-07","2017","9","7",,,,"Brazil","BR","São Paulo",,"Amparo","Jardim Botânico Araribá RPPN, Sítio Duas Cachoeiras, Jardim Botânico Araribá, RPPN.",,,"-22.7575","-46.808333",,,,,,,,"Schinus molle L.","Magnoliopsida","Sapindales","Anacardiaceae","Schinus","species","L.","ACCEPTED",,,"Schinus molle L.",,,,"Schinus molle","Schinus molle",,"WGS84","https://images.cria.org.br/viewer/UEC160303",,,,"GBIF","UEC",,"Braga, J.O.","11","2017",,,"Zanetti, B.C.","Braga",,"brazil","sao paulo","amparo","jardim botanico arariba rppn, rppn","jardim botanico arariba rppn","locality","brazil_sao paulo_amparo","brazil_sao paulo_amparo",-22.6917857,-46.793909,"county",293623,"Schinus molle","L.","name_w_authors","Anacardiaceae","Schinus molle","L.","species","name accepted","bfo-4398",,,"Schinus molle L.","Schinus","Anacardiaceae","brazil_sao paulo_amparo","Brazil","São Paulo","Amparo",,"gadm",TRUE,-22.7575,-46.808333,"coord_original","seconds","unknown","Schinus molle","check_local.2municip.","ok_county",,FALSE,"bad_dist","full_name_match","UEC_199235",,"0","0",,,,"coord_original","Low","RESERVA PARTICULAR DO PATRIMÔNIO NATURAL DUAS CACHOEIRAS"
,,"https://specieslink.net/col/2",,"UNICAMP","UEC",,"PRESERVED_SPECIMEN","199238","28","Braga, JO",,"2017-09-11","2017","9","11",,,,"Brazil","BR","São Paulo",,"Amparo","Jardim Botânico Araribá RPPN, Sítio Duas Cachoeiras, Jardim Botânico Araribá, RPPN. Alameda Central.",,,"-22.7575","-46.808333",,,,,,,,"Salvia splendens Sellow ex Wied-Neuw.","Magnoliopsida","Lamiales","Lamiaceae","Salvia","species","Sellow ex Wied-Neuw.","DOUBTFUL",,,"Salvia splendens Sellow ex Wied-Neuw.",,,,"Salvia splendens","Salvia splendens",,"WGS84","https://images.cria.org.br/viewer/UEC160293",,,,"GBIF","UEC",,"Braga, J.O.","28","2017",,,,"Braga",,"brazil","sao paulo","amparo","jardim botanico arariba rppn, rppn","jardim botanico arariba rppn","locality","brazil_sao paulo_amparo","brazil_sao paulo_amparo",-22.6917857,-46.793909,"county",293629,"Salvia splendens","Sellow ex Nees","name_w_authors","Lamiaceae","Salvia splendens","Sellow ex Nees","species","author misspelled","bfo-8352",,,"Salvia splendens Sellow ex Nees","Salvia","Lamiaceae","brazil_sao paulo_amparo","Brazil","São Paulo","Amparo",,"gadm",TRUE,-22.7575,-46.808333,"coord_original","seconds","unknown","Salvia splendens","check_local.2municip.","ok_county",,FALSE,"ok_dist","full_name_match","UEC_199238","UEC_199238[virtual]","1","0.25","UEC_199238","UEC_199238","UEC_199238","coord_original","Low","RESERVA PARTICULAR DO PATRIMÔNIO NATURAL DUAS CACHOEIRAS"
,,"https://specieslink.net/col/2",,"UNICAMP","UEC",,"PRESERVED_SPECIMEN","201649","39","Zanetti, BC",,"2017-11-01","2017","11","1",,,,"Brazil","BR","São Paulo",,"Amparo","Jardim Botânico Araribá RPPN, Sítio Duas Cachoeiras, Jardim Botânico Araribá, RPPN. Caminho das Moradas - Casa do Guaraci.",,,"-22.7575","-46.808333",,,,,,,,"Salvia splendens Sellow ex Wied-Neuw.","Magnoliopsida","Lamiales","Lamiaceae","Salvia","species","Sellow ex Wied-Neuw.","DOUBTFUL",,,"Salvia splendens Sellow ex Wied-Neuw.",,,,"Salvia splendens","Salvia splendens",,"WGS84","https://images.cria.org.br/viewer/UEC177914 | https://images.cria.org.br/viewer/UEC177914_v01 | https://images.cria.org.br/viewer/UEC177914_v02",,,,"GBIF","UEC",,"Zanetti, B.C.","39","2017",,,,"Zanetti",,"brazil","sao paulo","amparo","jardim botanico arariba rppn, rppn","jardim botanico arariba rppn","locality","brazil_sao paulo_amparo","brazil_sao paulo_amparo",-22.6917857,-46.793909,"county",293673,"Salvia splendens","Sellow ex Nees","name_w_authors","Lamiaceae","Salvia splendens","Sellow ex Nees","species","author misspelled","bfo-8352",,,"Salvia splendens Sellow ex Nees","Salvia","Lamiaceae","brazil_sao paulo_amparo","Brazil","São Paulo","Amparo",,"gadm",TRUE,-22.7575,-46.808333,"coord_original","seconds","unknown","Salvia splendens","check_local.2municip.","ok_county",,FALSE,"ok_dist","full_name_match","UEC_201649","UEC_201428|UEC_201649","1","0.25","UEC_201649","UEC_201649","UEC_201649","coord_original","Low","RESERVA PARTICULAR DO PATRIMÔNIO NATURAL DUAS CACHOEIRAS"
,,"https://specieslink.net/col/2",,"UNICAMP","UEC",,"PRESERVED_SPECIMEN","197414","18","Braga, JO; Zanetti, BC",,"2017-09-09","2017","9","9",,,,"Brazil","BR","São Paulo",,"Amparo","Jardim Botânico Araribá RPPN, Sítio Duas Cachoeiras, Jardim Botânico Araribá, RPPN. Casa das Ovelhas.",,,"-22.7575","-46.808333",,,,,,,,"Ricinus communis L.","Magnoliopsida","Malpighiales","Euphorbiaceae","Ricinus","species","L.","ACCEPTED",,,"Ricinus communis L.",,,,"Ricinus communis","Ricinus communis",,"WGS84","https://images.cria.org.br/viewer/UEC177857 | https://images.cria.org.br/viewer/UEC177857_v01 | https://images.cria.org.br/viewer/UEC177857_v02",,,,"GBIF","UEC",,"Braga, J.O.","18","2017",,,"Zanetti, B.C.","Braga",,"brazil","sao paulo","amparo","jardim botanico arariba rppn, rppn","jardim botanico arariba rppn","locality","brazil_sao paulo_amparo","brazil_sao paulo_amparo",-22.6917857,-46.793909,"county",293616,"Ricinus communis","L.","name_w_authors","Euphorbiaceae","Ricinus communis","L.","species","name accepted","bfo-17659",,,"Ricinus communis L.","Ricinus","Euphorbiaceae","brazil_sao paulo_amparo","Brazil","São Paulo","Amparo",,"gadm",TRUE,-22.7575,-46.808333,"coord_original","seconds","unknown","Ricinus communis","check_local.2municip.","ok_county",,FALSE,"ok_dist","full_name_match","UEC_197414","UEC_197414[virtual]","1","0.25","UEC_197414","UEC_197414","UEC_197414","coord_original","Low","RESERVA PARTICULAR DO PATRIMÔNIO NATURAL DUAS CACHOEIRAS"
,,"https://specieslink.net/col/2",,"UNICAMP","UEC",,"PRESERVED_SPECIMEN","197384","26","Braga, JO",,"2017-09-11","2017","9","11",,,,"Brazil","BR","São Paulo",,"Amparo","Jardim Botânico Araribá RPPN, Sítio Duas Cachoeiras, Jardim Botânico Araribá, RPPN. Alameda Central.",,,"-22.7575","-46.808333",,,,,,,,"Rhododendron simsii Planch.","Magnoliopsida","Ericales","Ericaceae","Rhododendron","species","Planch.","ACCEPTED",,,"Rhododendron simsii Planch.",,,,"Rhododendron simsii","Rhododendron simsii",,"WGS84","https://images.cria.org.br/viewer/UEC160312",,,,"GBIF","UEC",,"Braga, J.O.","26","2017",,,,"Braga",,"brazil","sao paulo","amparo","jardim botanico arariba rppn, rppn","jardim botanico arariba rppn","locality","brazil_sao paulo_amparo","brazil_sao paulo_amparo",-22.6917857,-46.793909,"county",293584,"Rhododendron simsii","Planch.","name_w_authors","Ericaceae","Rhododendron simsii","Planch.","species","name accepted","bfo-609641",,,"Rhododendron simsii Planch.","Rhododendron","Ericaceae","brazil_sao paulo_amparo","Brazil","São Paulo","Amparo",,"gadm",TRUE,-22.7575,-46.808333,"coord_original","seconds","unknown","Rhododendron simsii","check_local.2municip.","ok_county",,FALSE,"ok_dist","full_name_match","UEC_197384","UEC_197384[virtual]","1","0.25","UEC_197384","UEC_197384","UEC_197384","coord_original","Low","RESERVA PARTICULAR DO PATRIMÔNIO NATURAL DUAS CACHOEIRAS"
,,"https://specieslink.net/col/2",,"UNICAMP","UEC",,"PRESERVED_SPECIMEN","197385","27","Braga, JO",,"2017-09-11","2017","9","11",,,,"Brazil","BR","São Paulo",,"Amparo","Jardim Botânico Araribá RPPN, Sítio Duas Cachoeiras, Jardim Botânico Araribá, RPPN. Alameda Central.",,,"-22.7575","-46.808333",,,,,,,,"Rhododendron simsii Planch.","Magnoliopsida","Ericales","Ericaceae","Rhododendron","species","Planch.","ACCEPTED",,,"Rhododendron simsii Planch.",,,,"Rhododendron simsii","Rhododendron simsii",,"WGS84","https://images.cria.org.br/viewer/UEC160311",,,,"GBIF","UEC",,"Braga, J.O.","27","2017",,,,"Braga",,"brazil","sao paulo","amparo","jardim botanico arariba rppn, rppn","jardim botanico arariba rppn","locality","brazil_sao paulo_amparo","brazil_sao paulo_amparo",-22.6917857,-46.793909,"county",293590,"Rhododendron simsii","Planch.","name_w_authors","Ericaceae","Rhododendron simsii","Planch.","species","name accepted","bfo-609641",,,"Rhododendron simsii Planch.","Rhododendron","Ericaceae","brazil_sao paulo_amparo","Brazil","São Paulo","Amparo",,"gadm",TRUE,-22.7575,-46.808333,"coord_original","seconds","unknown","Rhododendron simsii","check_local.2municip.","ok_county",,FALSE,"ok_dist","full_name_match","UEC_197385","UEC_197385[virtual]","1","0.25","UEC_197385","UEC_197385","UEC_197385","coord_original","Low","RESERVA PARTICULAR DO PATRIMÔNIO NATURAL DUAS CACHOEIRAS"
,,"https://specieslink.net/col/2",,"UNICAMP","UEC",,"PRESERVED_SPECIMEN","197383","24","Braga, JO",,"2017-09-11","2017","9","11",,,,"Brazil","BR","São Paulo",,"Amparo","Jardim Botânico Araribá RPPN, Sítio Duas Cachoeiras, Jardim Botânico Araribá, RPPN. Alameda Central.",,,"-22.7575","-46.808333",,,,,,,,"Rhododendron simsii Planch.","Magnoliopsida","Ericales","Ericaceae","Rhododendron","species","Planch.","ACCEPTED",,,"Rhododendron simsii Planch.",,,,"Rhododendron simsii","Rhododendron simsii",,"WGS84","https://images.cria.org.br/viewer/UEC160313",,,,"GBIF","UEC",,"Braga, J.O.","24","2017",,,,"Braga",,"brazil","sao paulo","amparo","jardim botanico arariba rppn, rppn","jardim botanico arariba rppn","locality","brazil_sao paulo_amparo","brazil_sao paulo_amparo",-22.6917857,-46.793909,"county",293591,"Rhododendron simsii","Planch.","name_w_authors","Ericaceae","Rhododendron simsii","Planch.","species","name accepted","bfo-609641",,,"Rhododendron simsii Planch.","Rhododendron","Ericaceae","brazil_sao paulo_amparo","Brazil","São Paulo","Amparo",,"gadm",TRUE,-22.7575,-46.808333,"coord_original","seconds","unknown","Rhododendron simsii","check_local.2municip.","ok_county",,FALSE,"ok_dist","full_name_match","UEC_197383","UEC_197383[virtual]","1","0.25","UEC_197383","UEC_197383","UEC_197383","coord_original","Low","RESERVA PARTICULAR DO PATRIMÔNIO NATURAL DUAS CACHOEIRAS"
,,"https://specieslink.net/col/2",,"UNICAMP","UEC",,"PRESERVED_SPECIMEN","197412","23","Braga, JO",,"2017-09-11","2017","9","11",,,,"Brazil","BR","São Paulo",,"Amparo","Jardim Botânico Araribá RPPN, Sítio Duas Cachoeiras, Jardim Botânico Araribá, RPPN. Caminho das moradas.",,,"-22.7575","-46.808333",,,,,,,,"Randia ferox (Cham. & Schltdl.) DC.","Magnoliopsida","Gentianales","Rubiaceae","Randia","species","(Cham. & Schltdl.) A.DC.","ACCEPTED",,,"Randia ferox (Cham. & Schltdl.) DC.",,,,"Randia ferox","Randia ferox",,"WGS84","https://images.cria.org.br/viewer/UEC177855 | https://images.cria.org.br/viewer/UEC177855_v01 | https://images.cria.org.br/viewer/UEC177855_v02",,,,"GBIF","UEC",,"Braga, J.O.","23","2017",,,,"Braga",,"brazil","sao paulo","amparo","jardim botanico arariba rppn, rppn","jardim botanico arariba rppn","locality","brazil_sao paulo_amparo","brazil_sao paulo_amparo",-22.6917857,-46.793909,"county",293612,"Randia ferox","(Cham. & Schltdl.) DC.","name_w_authors","Rubiaceae","Randia ferox","(Cham. & Schltdl.) DC.","species","name accepted","bfo-14233",,,"Randia ferox (Cham. & Schltdl.) DC.","Randia","Rubiaceae","brazil_sao paulo_amparo","Brazil","São Paulo","Amparo",,"gadm",TRUE,-22.7575,-46.808333,"coord_original","seconds","unknown","Randia ferox","check_local.2municip.","ok_county",,FALSE,"ok_dist","full_name_match","UEC_197412","UEC_197412[virtual]","1","0.25","UEC_197412","UEC_197412","UEC_197412","coord_original","Low","RESERVA PARTICULAR DO PATRIMÔNIO NATURAL DUAS CACHOEIRAS"
,,"https://specieslink.net/col/2",,"UNICAMP","UEC",,"PRESERVED_SPECIMEN","201681","2","Zanetti, BC; Braga, JO",,"2017-08-23","2017","8","23",,,,"Brazil","BR","São Paulo",,"Amparo","Jardim Botânico Araribá RPPN, Sítio Duas Cachoeiras, Jardim Botânico Araribá, RPPN. Caminho das moradas.",,,"-22.7575","-46.808333",,,,,,,,"Pyrostegia venusta (Ker Gawl.) Miers","Magnoliopsida","Lamiales","Bignoniaceae","Pyrostegia","species","(Ker Gawl.) Miers","ACCEPTED",,,"Pyrostegia venusta (Ker Gawl.) Miers",,,,"Pyrostegia venusta","Pyrostegia venusta",,"WGS84","https://images.cria.org.br/viewer/UEC177902 | https://images.cria.org.br/viewer/UEC177902_v01",,,,"GBIF","UEC",,"Zanetti, B.C.","2","2017",,,"Braga, J.O.","Zanetti",,"brazil","sao paulo","amparo","jardim botanico arariba rppn, rppn","jardim botanico arariba rppn","locality","brazil_sao paulo_amparo","brazil_sao paulo_amparo",-22.6917857,-46.793909,"county",293669,"Pyrostegia venusta","(Ker Gawl.) Miers","name_w_authors","Bignoniaceae","Pyrostegia venusta","(Ker Gawl.) Miers","species","name accepted","bfo-113866",,,"Pyrostegia venusta (Ker Gawl.) Miers","Pyrostegia","Bignoniaceae","brazil_sao paulo_amparo","Brazil","São Paulo","Amparo",,"gadm",TRUE,-22.7575,-46.808333,"coord_original","seconds","unknown","Pyrostegia venusta","check_local.2municip.","ok_county",,FALSE,"ok_dist","full_name_match","UEC_201681","UEC_201681[virtual]","1","0.25","UEC_201681","UEC_201681","UEC_201681","coord_original","Low","RESERVA PARTICULAR DO PATRIMÔNIO NATURAL DUAS CACHOEIRAS"
,,"https://specieslink.net/col/2",,"UNICAMP","UEC",,"PRESERVED_SPECIMEN","201674","35","Braga, JO",,"2017-09-23","2017","9","23",,,,"Brazil","BR","São Paulo",,"Amparo","Jardim Botânico Araribá RPPN, Sítio Duas Cachoeiras, Jardim Botânico Araribá, RPPN.",,,"-22.7575","-46.808333",,,,,,,,"Porophyllum ruderale (Jacq.) Cass.","Magnoliopsida","Asterales","Asteraceae","Porophyllum","species","(Jacq.) Cass.","ACCEPTED",,,"Porophyllum ruderale (Jacq.) Cass.",,,,"Porophyllum ruderale","Porophyllum ruderale",,"WGS84","https://images.cria.org.br/viewer/UEC177869 | https://images.cria.org.br/viewer/UEC177869_v01 | https://images.cria.org.br/viewer/UEC177869_v02",,,,"GBIF","UEC",,"Braga, J.O.","35","2017",,,,"Braga",,"brazil","sao paulo","amparo","jardim botanico arariba rppn, rppn","jardim botanico arariba rppn","locality","brazil_sao paulo_amparo","brazil_sao paulo_amparo",-22.6917857,-46.793909,"county",293672,"Porophyllum ruderale","(Jacq.) Cass.","name_w_authors","Asteraceae","Porophyllum ruderale","(Jacq.) Cass.","species","name accepted","bfo-16263",,,"Porophyllum ruderale (Jacq.) Cass.","Porophyllum","Asteraceae","brazil_sao paulo_amparo","Brazil","São Paulo","Amparo",,"gadm",TRUE,-22.7575,-46.808333,"coord_original","seconds","unknown","Porophyllum ruderale","check_local.2municip.","ok_county",,FALSE,"ok_dist","full_name_match","UEC_201674","UEC_201674[virtual]","1","0.25","UEC_201674","UEC_201674","UEC_201674","coord_original","Low","RESERVA PARTICULAR DO PATRIMÔNIO NATURAL DUAS CACHOEIRAS"
,,"https://specieslink.net/col/2",,"UNICAMP","UEC",,"PRESERVED_SPECIMEN","201414","8","Braga, JO; Zanetti, BC",,"2017-09-07","2017","9","7",,,,"Brazil","BR","São Paulo",,"Amparo","Jardim Botânico Araribá RPPN, Sítio Duas Cachoeiras, Jardim Botânico Araribá, RPPN.",,,"-22.7575","-46.808333",,,,,,,,"Pombalia atropurpurea (A.St.-Hil.) Paula-Souza","Magnoliopsida","Malpighiales","Violaceae","Pombalia","species","(A.St.-Hil.) Paula-Souza, J.","ACCEPTED",,,"Pombalia atropurpurea (A.St.-Hil.) Paula-Souza",,,,"Pombalia atropurpurea","Pombalia atropurpurea",,"WGS84","https://images.cria.org.br/viewer/UEC177897",,,,"GBIF","UEC",,"Braga, J.O.","8","2017",,,"Zanetti, B.C.","Braga",,"brazil","sao paulo","amparo","jardim botanico arariba rppn, rppn","jardim botanico arariba rppn","locality","brazil_sao paulo_amparo","brazil_sao paulo_amparo",-22.6917857,-46.793909,"county",330509,"Pombalia atropurpurea","(A.St.-Hil.) Paula-Souza","name_w_authors","Violaceae","Pombalia atropurpurea","(A.St.-Hil.) Paula-Souza","species","name accepted","bfo-139414",,,"Pombalia atropurpurea (A.St.-Hil.) Paula-Souza","Pombalia","Violaceae","brazil_sao paulo_amparo","Brazil","São Paulo","Amparo",,"gadm",TRUE,-22.7575,-46.808333,"coord_original","seconds","unknown","Pombalia atropurpurea","check_local.2municip.","ok_county",,FALSE,"ok_dist","full_name_match","UEC_201414","UEC_201414[virtual]","1","0.25","UEC_201414","UEC_201414","UEC_201414","coord_original","Low","RESERVA PARTICULAR DO PATRIMÔNIO NATURAL DUAS CACHOEIRAS"
,,"https://specieslink.net/col/2",,"UNICAMP","UEC",,"PRESERVED_SPECIMEN","201677","5","Braga, JO; Zanetti, BC",,"2017-08-23","2017","8","23",,,,"Brazil","BR","São Paulo",,"Amparo","Jardim Botânico Araribá RPPN, Sítio Duas Cachoeiras, Jardim Botânico Araribá, RPPN. Caminho das Colinas.",,,"-22.7575","-46.808333",,,,,,,,"Phanera variegata (L.) Benth.","Magnoliopsida","Fabales","Fabaceae","Bauhinia","species","(L.) Benth.","SYNONYM",,,"Bauhinia variegata L.",,,,"Phanera variegata (L.) Benth.","Bauhinia variegata",,"WGS84","https://images.cria.org.br/viewer/UEC177872 | https://images.cria.org.br/viewer/UEC177872_v01 | https://images.cria.org.br/viewer/UEC177872_v02 | https://images.cria.org.br/viewer/UEC177872_v03",,,,"GBIF","UEC",,"Braga, J.O.","5","2017",,,"Zanetti, B.C.","Braga",,"brazil","sao paulo","amparo","jardim botanico arariba rppn, rppn","jardim botanico arariba rppn","locality","brazil_sao paulo_amparo","brazil_sao paulo_amparo",-22.6917857,-46.793909,"county",1852158,"Phanera variegata","(L.) Benth.","name_w_authors",,"Phanera variegata","(L.) Benth.","species","not found",,,,"Phanera variegata (L.) Benth.","Phanera","Fabaceae","brazil_sao paulo_amparo","Brazil","São Paulo","Amparo",,"gadm",TRUE,-22.7575,-46.808333,"coord_original","seconds","unknown","Phanera variegata","check_local.2municip.","ok_county",,,"no_cannot_check","no_match","UEC_201677","UEC_201677[virtual]","1","0.25","UEC_201677","UEC_201677","UEC_201677","coord_original","Low","RESERVA PARTICULAR DO PATRIMÔNIO NATURAL DUAS CACHOEIRAS"
,,"https://specieslink.net/col/2",,"UNICAMP","UEC",,"PRESERVED_SPECIMEN","197421","13","Braga, JO; Zanetti, BC",,"2017-09-07","2017","9","7",,,,"Brazil","BR","São Paulo",,"Amparo","Jardim Botânico Araribá RPPN, Sítio Duas Cachoeiras, Jardim Botânico Araribá, RPPN.",,,"-22.7575","-46.808333",,,,,,,,"Petrea subserrata Cham.","Magnoliopsida","Lamiales","Verbenaceae","Petrea","species","Cham.","SYNONYM",,,"Petrea volubilis L.",,,,"Petrea subserrata","Petrea volubilis",,"WGS84","https://images.cria.org.br/viewer/UEC177864 | https://images.cria.org.br/viewer/UEC177864_v01 | https://images.cria.org.br/viewer/UEC177864_v02",,,,"GBIF","UEC",,"Braga, J.O.","13","2017",,,"Zanetti, B.C.","Braga",,"brazil","sao paulo","amparo","jardim botanico arariba rppn, rppn","jardim botanico arariba rppn","locality","brazil_sao paulo_amparo","brazil_sao paulo_amparo",-22.6917857,-46.793909,"county",293607,"Petrea volubilis","L.","name_w_authors","Verbenaceae","Petrea volubilis","L.","species","replaced synonym","bfo-15184","Petrea volubilis","L.","Petrea volubilis L.","Petrea","Verbenaceae","brazil_sao paulo_amparo","Brazil","São Paulo","Amparo",,"gadm",TRUE,-22.7575,-46.808333,"coord_original","seconds","unknown","Petrea volubilis","check_local.2municip.","ok_county",,FALSE,"ok_dist","full_name_match","UEC_197421",,"0","0",,,,"coord_original","Low","RESERVA PARTICULAR DO PATRIMÔNIO NATURAL DUAS CACHOEIRAS"
,,"https://specieslink.net/col/2",,"UNICAMP","UEC",,"PRESERVED_SPECIMEN","199225","26","Zanetti, BC; et al.",,"2010-09-07","2010","9","7",,,,"Brazil","BR","São Paulo",,"Amparo","Jardim Botânico Araribá RPPN, Sítio Duas Cachoeiras, Jardim Botânico Araribá, RPPN. Caminho das moradas.",,,"-22.7575","-46.808333",,,,,,,,"Petiveria alliacea L.","Magnoliopsida","Caryophyllales","Phytolaccaceae","Petiveria","species","L.","ACCEPTED",,,"Petiveria alliacea L.",,,,"Petiveria alliacea","Petiveria alliacea",,"WGS84","https://images.cria.org.br/viewer/UEC154572",,,,"GBIF","UEC",,"Zanetti, B.C.","26","2010",,,,"Zanetti",,"brazil","sao paulo","amparo","jardim botanico arariba rppn, rppn","jardim botanico arariba rppn","locality","brazil_sao paulo_amparo","brazil_sao paulo_amparo",-22.6917857,-46.793909,"county",439229,"Petiveria alliacea","L.","name_w_authors","Phytolaccaceae","Petiveria alliacea","L.","species","name accepted","bfo-24174",,,"Petiveria alliacea L.","Petiveria","Phytolaccaceae","brazil_sao paulo_amparo","Brazil","São Paulo","Amparo",,"gadm",TRUE,-22.7575,-46.808333,"coord_original","seconds","unknown","Petiveria alliacea","check_local.2municip.","ok_county",,FALSE,"bad_dist","full_name_match","UEC_199225","UEC_199225[virtual]","1","0.25","UEC_199225","UEC_199225","UEC_199225","coord_original","Low","RESERVA PARTICULAR DO PATRIMÔNIO NATURAL DUAS CACHOEIRAS"
,,"https://specieslink.net/col/2",,"UNICAMP","UEC",,"PRESERVED_SPECIMEN","199240","60","Braga, JO",,"2017-10-22","2017","10","22",,,,"Brazil","BR","São Paulo",,"Amparo","Jardim Botânico Araribá RPPN, Sítio Duas Cachoeiras, Jardim Botânico Araribá, RPPN.",,,"-22.7575","-46.808333",,,,,,,,"Parapiptadenia rigida (Benth.) Brenan","Magnoliopsida","Fabales","Fabaceae","Parapiptadenia","species","(Benth.) Brenan","ACCEPTED",,,"Parapiptadenia rigida (Benth.) Brenan",,,,"Parapiptadenia rigida","Parapiptadenia rigida",,"WGS84","https://images.cria.org.br/viewer/UEC160295",,,,"GBIF","UEC",,"Braga, J.O.","60","2017",,,,"Braga",,"brazil","sao paulo","amparo","jardim botanico arariba rppn, rppn","jardim botanico arariba rppn","locality","brazil_sao paulo_amparo","brazil_sao paulo_amparo",-22.6917857,-46.793909,"county",293627,"Parapiptadenia rigida","(Benth.) Brenan","name_w_authors","Fabaceae","Parapiptadenia rigida","(Benth.) Brenan","species","name accepted","bfo-31381",,,"Parapiptadenia rigida (Benth.) Brenan","Parapiptadenia","Fabaceae","brazil_sao paulo_amparo","Brazil","São Paulo","Amparo",,"gadm",TRUE,-22.7575,-46.808333,"coord_original","seconds","unknown","Parapiptadenia rigida","check_local.2municip.","ok_county",,FALSE,"ok_dist","full_name_match","UEC_199240","UEC_199240[virtual]","1","0.25","UEC_199240","UEC_199240","UEC_199240","coord_original","Low","RESERVA PARTICULAR DO PATRIMÔNIO NATURAL DUAS CACHOEIRAS"
,,"https://specieslink.net/col/2",,"UNICAMP","UEC",,"PRESERVED_SPECIMEN","201416","43","Braga, JO",,"2017-09-27","2017","9","27",,,,"Brazil","BR","São Paulo",,"Amparo","Jardim Botânico Araribá RPPN, Sítio Duas Cachoeiras, Jardim Botânico Araribá, RPPN.",,,"-22.7575","-46.808333",,,,,,,,"Pachystachys lutea (Ruiz & Pav. ex Schult.) Nees","Magnoliopsida","Lamiales","Acanthaceae","Pachystachys","species","Ness","ACCEPTED",,,"Pachystachys lutea (Ruiz & Pav. ex Schult.) Nees",,,,"Pachystachys lutea","Pachystachys lutea",,"WGS84","https://images.cria.org.br/viewer/UEC177895 | https://images.cria.org.br/viewer/UEC177895_v01",,,,"GBIF","UEC",,"Braga, J.O.","43","2017",,,,"Braga",,"brazil","sao paulo","amparo","jardim botanico arariba rppn, rppn","jardim botanico arariba rppn","locality","brazil_sao paulo_amparo","brazil_sao paulo_amparo",-22.6917857,-46.793909,"county",330468,"Pachystachys lutea","Nees","name_w_authors","Acanthaceae","Pachystachys lutea","Nees","species","author misspelled","bfo-21701",,,"Pachystachys lutea Nees","Pachystachys","Acanthaceae","brazil_sao paulo_amparo","Brazil","São Paulo","Amparo",,"gadm",TRUE,-22.7575,-46.808333,"coord_original","seconds","unknown","Pachystachys lutea","check_local.2municip.","ok_county",,FALSE,"ok_dist","full_name_match","UEC_201416","UEC_201416[virtual]","1","0.25","UEC_201416","UEC_201416","UEC_201416","coord_original","Low","RESERVA PARTICULAR DO PATRIMÔNIO NATURAL DUAS CACHOEIRAS"
,,"https://specieslink.net/col/2",,"UNICAMP","UEC",,"PRESERVED_SPECIMEN","201670","55","Braga, JO",,"2017-10-22","2017","10","22",,,,"Brazil","BR","São Paulo",,"Amparo","Jardim Botânico Araribá RPPN, Sítio Duas Cachoeiras, Jardim Botânico Araribá, RPPN.",,,"-22.7575","-46.808333",,,,,,,,"Pachira glabra Pasq.","Magnoliopsida","Malvales","Malvaceae","Pachira","species","Pasq.","ACCEPTED",,,"Pachira glabra Pasq.",,,,"Pachira glabra","Pachira glabra",,"WGS84","https://images.cria.org.br/viewer/UEC177874",,,,"GBIF","UEC",,"Braga, J.O.","55","2017",,,,"Braga",,"brazil","sao paulo","amparo","jardim botanico arariba rppn, rppn","jardim botanico arariba rppn","locality","brazil_sao paulo_amparo","brazil_sao paulo_amparo",-22.6917857,-46.793909,"county",293661,"Pachira glabra","Pasq.","name_w_authors","Malvaceae","Pachira glabra","Pasq.","species","name accepted","bfo-25756",,,"Pachira glabra Pasq.","Pachira","Malvaceae","brazil_sao paulo_amparo","Brazil","São Paulo","Amparo",,"gadm",TRUE,-22.7575,-46.808333,"coord_original","seconds","unknown","Pachira glabra","check_local.2municip.","ok_county",,FALSE,"ok_dist","full_name_match","UEC_201670","UEC_201670[virtual]","1","0.25","UEC_201670","UEC_201670","UEC_201670","coord_original","Low","RESERVA PARTICULAR DO PATRIMÔNIO NATURAL DUAS CACHOEIRAS"
,,"https://specieslink.net/col/2",,"UNICAMP","UEC",,"PRESERVED_SPECIMEN","201630","67","Braga, JO",,"2018-04-06","2018","4","6",,,,"Brazil","BR","São Paulo",,"Amparo","Jardim Botânico Araribá RPPN, Sítio Duas Cachoeiras, Jardim Botânico Araribá, RPPN.",,,"-22.7575","-46.808333",,,,,,,,"Neonotonia wightii (Wight & Arn.) J.A.Lackey","Magnoliopsida","Fabales","Fabaceae","Neonotonia","species","(Arn.) J.A.Lackey","ACCEPTED",,,"Neonotonia wightii (Wight & Arn.) J.A.Lackey",,,,"Neonotonia wightii","Neonotonia wightii",,"WGS84","https://images.cria.org.br/viewer/UEC161238",,,,"GBIF","UEC",,"Braga, J.O.","67","2018",,,,"Braga",,"brazil","sao paulo","amparo","jardim botanico arariba rppn, rppn","jardim botanico arariba rppn","locality","brazil_sao paulo_amparo","brazil_sao paulo_amparo",-22.6917857,-46.793909,"county",330488,"Neonotonia wightii","(Graham ex Wight & Arn.) J.A.Lackey","name_w_authors","Fabaceae","Neonotonia wightii","(Graham ex Wight & Arn.) J.A.Lackey","species","author misspelled","bfo-120424",,,"Neonotonia wightii (Graham ex Wight & Arn.) J.A.Lackey","Neonotonia","Fabaceae","brazil_sao paulo_amparo","Brazil","São Paulo","Amparo",,"gadm",TRUE,-22.7575,-46.808333,"coord_original","seconds","unknown","Neonotonia wightii","check_local.2municip.","ok_county",,FALSE,"ok_dist","full_name_match","UEC_201630","UEC_201630[virtual]","1","0.25","UEC_201630","UEC_201630","UEC_201630","coord_original","Low","RESERVA PARTICULAR DO PATRIMÔNIO NATURAL DUAS CACHOEIRAS"
,,"https://specieslink.net/col/2",,"UNICAMP","UEC",,"PRESERVED_SPECIMEN","201680","15","Zanetti, BC; Braga, JO",,"2017-09-07","2017","9","7",,,,"Brazil","BR","São Paulo",,"Amparo","Jardim Botânico Araribá RPPN, Sítio Duas Cachoeiras, Jardim Botânico Araribá, RPPN. Caminho das Moradias",,,"-22.7575","-46.808333",,,,,,,,"Neomarica gracilis (Herb.) Sprague","Liliopsida","Asparagales","Iridaceae","Trimezia","species","(Herb.) Sprague","SYNONYM",,,"Trimezia gracilis (Herb.) Christenh. & Byng",,,,"Neomarica gracilis","Trimezia gracilis",,"WGS84","https://images.cria.org.br/viewer/UEC177900 | https://images.cria.org.br/viewer/UEC177900_v01",,,,"GBIF","UEC",,"Zanetti, B.C.","15","2017",,,"Braga, J.O.","Zanetti",,"brazil","sao paulo","amparo","jardim botanico arariba rppn, rppn","jardim botanico arariba rppn","locality","brazil_sao paulo_amparo","brazil_sao paulo_amparo",-22.6917857,-46.793909,"county",293671,"Neomarica gracilis","(Herb.) Sprague","name_w_authors","Iridaceae","Neomarica gracilis","(Herb.) Sprague","species","name accepted","bfo-8056",,,"Neomarica gracilis (Herb.) Sprague","Neomarica","Iridaceae","brazil_sao paulo_amparo","Brazil","São Paulo","Amparo",,"gadm",TRUE,-22.7575,-46.808333,"coord_original","seconds","unknown","Neomarica gracilis","check_local.2municip.","ok_county",,FALSE,"ok_dist","full_name_match","UEC_201680","UEC_201680[virtual]","1","0.25","UEC_201680","UEC_201680","UEC_201680","coord_original","Low","RESERVA PARTICULAR DO PATRIMÔNIO NATURAL DUAS CACHOEIRAS"
,,"https://specieslink.net/col/2",,"UNICAMP","UEC",,"PRESERVED_SPECIMEN","197393","61","Braga, JO",,"2017-10-22","2017","10","22",,,,"Brazil","BR","São Paulo",,"Amparo","Jardim Botânico Araribá RPPN, Sítio Duas Cachoeiras, Jardim Botânico Araribá, RPPN.",,,"-22.7575","-46.808333",,,,,,,,"Myrsine coriacea (Sw.) R.Br. ex Roem. & Schult.","Magnoliopsida","Ericales","Primulaceae","Myrsine","species","(Sw.) R.Br. ex Roem. & Schult.","DOUBTFUL",,,"Myrsine coriacea (Sw.) R.Br. ex Roem. & Schult.",,,,"Myrsine coriacea","Myrsine coriacea",,"WGS84","https://images.cria.org.br/viewer/UEC160299",,,,"GBIF","UEC",,"Braga, J.O.","61","2017",,,,"Braga",,"brazil","sao paulo","amparo","jardim botanico arariba rppn, rppn","jardim botanico arariba rppn","locality","brazil_sao paulo_amparo","brazil_sao paulo_amparo",-22.6917857,-46.793909,"county",293592,"Myrsine coriacea","(Sw.) R.Br. ex Roem. & Schult.","name_w_authors","Primulaceae","Myrsine coriacea","(Sw.) R.Br. ex Roem. & Schult.","species","name accepted","bfo-10228",,,"Myrsine coriacea (Sw.) R.Br. ex Roem. & Schult.","Myrsine","Primulaceae","brazil_sao paulo_amparo","Brazil","São Paulo","Amparo",,"gadm",TRUE,-22.7575,-46.808333,"coord_original","seconds","unknown","Myrsine coriacea","check_local.2municip.","ok_county",,FALSE,"ok_dist","full_name_match","UEC_197393","UEC_197393[virtual]","1","0.25","UEC_197393","UEC_197393","UEC_197393","coord_original","Low","RESERVA PARTICULAR DO PATRIMÔNIO NATURAL DUAS CACHOEIRAS"
,,"https://specieslink.net/col/2",,"UNICAMP","UEC",,"PRESERVED_SPECIMEN","201632","70","Braga, JO",,"2018-04-06","2018","4","6",,,,"Brazil","BR","São Paulo",,"Amparo","Jardim Botânico Araribá RPPN, Sítio Duas Cachoeiras, Jardim Botânico Araribá, RPPN.",,,"-22.7575","-46.808333",,,,,,,,"Muntingia calabura L.","Magnoliopsida","Malvales","Muntingiaceae","Muntingia","species","L.","ACCEPTED",,,"Muntingia calabura L.",,,,"Muntingia calabura","Muntingia calabura",,"WGS84","https://images.cria.org.br/viewer/UEC161236",,,,"GBIF","UEC",,"Braga, J.O.","70","2018",,,,"Braga",,"brazil","sao paulo","amparo","jardim botanico arariba rppn, rppn","jardim botanico arariba rppn","locality","brazil_sao paulo_amparo","brazil_sao paulo_amparo",-22.6917857,-46.793909,"county",330478,"Muntingia calabura","L.","name_w_authors","Muntingiaceae","Muntingia calabura","L.","species","name accepted","bfo-23939",,,"Muntingia calabura L.","Muntingia","Muntingiaceae","brazil_sao paulo_amparo","Brazil","São Paulo","Amparo",,"gadm",TRUE,-22.7575,-46.808333,"coord_original","seconds","unknown","Muntingia calabura","check_local.2municip.","ok_county",,FALSE,"bad_dist","full_name_match","UEC_201632","UEC_201632[virtual]","1","0.25","UEC_201632","UEC_201632","UEC_201632","coord_original","Low","RESERVA PARTICULAR DO PATRIMÔNIO NATURAL DUAS CACHOEIRAS"
,,"https://specieslink.net/col/2",,"UNICAMP","UEC",,"PRESERVED_SPECIMEN","201675","44","Braga, JO",,"2017-09-27","2017","9","27",,,,"Brazil","BR","São Paulo",,"Amparo","Jardim Botânico Araribá RPPN, Sítio Duas Cachoeiras, Jardim Botânico Araribá, RPPN. Caminho das moradas.",,,"-22.7575","-46.808333",,,,,,,,"Maytenus aquifolium Mart.","Magnoliopsida","Celastrales","Celastraceae","Monteverdia","species","Mart.","SYNONYM",,,"Monteverdia aquifolium (Mart.) Biral",,,,"Maytenus aquifolium","Monteverdia aquifolium",,"WGS84","https://images.cria.org.br/viewer/UEC177870 | https://images.cria.org.br/viewer/UEC177870_v01",,,,"GBIF","UEC",,"Braga, J.O.","44","2017",,,,"Braga",,"brazil","sao paulo","amparo","jardim botanico arariba rppn, rppn","jardim botanico arariba rppn","locality","brazil_sao paulo_amparo","brazil_sao paulo_amparo",-22.6917857,-46.793909,"county",293654,"Monteverdia aquifolium","(Mart.) Biral","name_w_authors","Celastraceae","Monteverdia aquifolium","(Mart.) Biral","species","replaced synonym","bfo-604475","Monteverdia aquifolium","(Mart.) Biral","Monteverdia aquifolium (Mart.) Biral","Monteverdia","Celastraceae","brazil_sao paulo_amparo","Brazil","São Paulo","Amparo",,"gadm",TRUE,-22.7575,-46.808333,"coord_original","seconds","unknown","Monteverdia aquifolium","check_local.2municip.","ok_county",,FALSE,"ok_dist","full_name_match","UEC_201675","UEC_201675[virtual]","1","0.25","UEC_201675","UEC_201675","UEC_201675","coord_original","Low","RESERVA PARTICULAR DO PATRIMÔNIO NATURAL DUAS CACHOEIRAS"
,,"https://specieslink.net/col/2",,"UNICAMP","UEC",,"PRESERVED_SPECIMEN","197398","4","Zanetti, BC; Braga, JO",,"2017-08-23","2017","8","23",,,,"Brazil","BR","São Paulo",,"Amparo","Jardim Botânico Araribá RPPN, Sítio Duas Cachoeiras, Jardim Botânico Araribá, RPPN.",,,"-22.7575","-46.808333",,,,,,,,"Mikania cordifolia (L.fil.) Willd.","Magnoliopsida","Asterales","Asteraceae","Mikania","species","(L.f.) Willd.","ACCEPTED",,,"Mikania cordifolia (L.fil.) Willd.",,,,"Mikania cordifolia","Mikania cordifolia",,"WGS84","https://images.cria.org.br/viewer/UEC160307",,,,"GBIF","UEC",,"Zanetti, B.C.","4","2017",,,"Braga, J.O.","Zanetti",,"brazil","sao paulo","amparo","jardim botanico arariba rppn, rppn","jardim botanico arariba rppn","locality","brazil_sao paulo_amparo","brazil_sao paulo_amparo",-22.6917857,-46.793909,"county",293588,"Mikania cordifolia","(L.f.) Willd.","name_w_authors","Asteraceae","Mikania cordifolia","(L.f.) Willd.","species","author misspelled","bfo-5451",,,"Mikania cordifolia (L.f.) Willd.","Mikania","Asteraceae","brazil_sao paulo_amparo","Brazil","São Paulo","Amparo",,"gadm",TRUE,-22.7575,-46.808333,"coord_original","seconds","unknown","Mikania cordifolia","check_local.2municip.","ok_county",,FALSE,"ok_dist","full_name_match","UEC_197398","UEC_197398[virtual]","1","0.25","UEC_197398","UEC_197398","UEC_197398","coord_original","Low","RESERVA PARTICULAR DO PATRIMÔNIO NATURAL DUAS CACHOEIRAS"
,,"https://specieslink.net/col/2",,"UNICAMP","UEC",,"PRESERVED_SPECIMEN","197392","56","Braga, JO",,"2017-10-22","2017","10","22",,,,"Brazil","BR","São Paulo",,"Amparo","Jardim Botânico Araribá RPPN, Sítio Duas Cachoeiras, Jardim Botânico Araribá, RPPN.",,,"-22.7575","-46.808333",,,,,,,,"Mascagnia divaricata (Kunth) Nied.","Magnoliopsida","Malpighiales","Malpighiaceae","Mascagnia","species","(Kunth) Nied.","ACCEPTED",,,"Mascagnia divaricata (Kunth) Nied.",,,,"Mascagnia divaricata","Mascagnia divaricata",,"WGS84","https://images.cria.org.br/viewer/UEC160301",,,,"GBIF","UEC",,"Braga, J.O.","56","2017",,,,"Braga",,"brazil","sao paulo","amparo","jardim botanico arariba rppn, rppn","jardim botanico arariba rppn","locality","brazil_sao paulo_amparo","brazil_sao paulo_amparo",-22.6917857,-46.793909,"county",293595,"Mascagnia divaricata","(Kunth) Nied.","name_w_authors","Malpighiaceae","Mascagnia divaricata","(Kunth) Nied.","species","name accepted","bfo-8920",,,"Mascagnia divaricata (Kunth) Nied.","Mascagnia","Malpighiaceae","brazil_sao paulo_amparo","Brazil","São Paulo","Amparo",,"gadm",TRUE,-22.7575,-46.808333,"coord_original","seconds","unknown","Mascagnia divaricata","check_local.2municip.","ok_county",,FALSE,"ok_dist","full_name_match","UEC_197392","UEC_197392[virtual]","1","0.25","UEC_197392","UEC_197392","UEC_197392","coord_original","Low","RESERVA PARTICULAR DO PATRIMÔNIO NATURAL DUAS CACHOEIRAS"
,,"https://specieslink.net/col/2",,"UNICAMP","UEC",,"PRESERVED_SPECIMEN","197402","3","Braga, JO; Zanetti, BC",,"2017-08-23","2017","8","23",,,,"Brazil","BR","São Paulo",,"Amparo","Jardim Botânico Araribá RPPN, Sítio Duas Cachoeiras, Jardim Botânico Araribá, RPPN. Caminho das Colinas.",,,"-22.7575","-46.808333",,,,,,,,"Mangifera indica Wall.","Magnoliopsida","Sapindales","Anacardiaceae","Mangifera","species","Wall.","SYNONYM",,,"Mangifera sylvatica Roxb.",,,,"Mangifera indica","Mangifera sylvatica",,"WGS84","https://images.cria.org.br/viewer/UEC177879 | https://images.cria.org.br/viewer/UEC177879_v01 | https://images.cria.org.br/viewer/UEC177879_v02 | https://images.cria.org.br/viewer/UEC177879_v03",,,,"GBIF","UEC",,"Braga, J.O.","3","2017",,,"Zanetti, B.C.","Braga",,"brazil","sao paulo","amparo","jardim botanico arariba rppn, rppn","jardim botanico arariba rppn","locality","brazil_sao paulo_amparo","brazil_sao paulo_amparo",-22.6917857,-46.793909,"county",293610,"Mangifera indica","L.","name_w_authors","Anacardiaceae","Mangifera indica","L.","species","author misspelled","bfo-80029",,,"Mangifera indica L.","Mangifera","Anacardiaceae","brazil_sao paulo_amparo","Brazil","São Paulo","Amparo",,"gadm",TRUE,-22.7575,-46.808333,"coord_original","seconds","unknown","Mangifera indica","check_local.2municip.","ok_county",,FALSE,"ok_dist","full_name_match","UEC_197402",,"0","0",,,,"coord_original","Low","RESERVA PARTICULAR DO PATRIMÔNIO NATURAL DUAS CACHOEIRAS"
,,"https://specieslink.net/col/2",,"UNICAMP","UEC",,"PRESERVED_SPECIMEN","201672","41","Braga, JO",,"2017-09-23","2017","9","23",,,,"Brazil","BR","São Paulo",,"Amparo","Jardim Botânico Araribá RPPN, Sítio Duas Cachoeiras, Jardim Botânico Araribá, RPPN.",,,"-22.7575","-46.808333",,,,,,,,"Macroptilium atropurpureum (DC.) Urb.","Magnoliopsida","Fabales","Fabaceae","Macroptilium","species","(A.DC.) Urb.","ACCEPTED",,,"Macroptilium atropurpureum (DC.) Urb.",,,,"Macroptilium atropurpureum","Macroptilium atropurpureum",,"WGS84","https://images.cria.org.br/viewer/UEC177867 | https://images.cria.org.br/viewer/UEC177867_v01 | https://images.cria.org.br/viewer/UEC177867_v02 | https://images.cria.org.br/viewer/UEC177867_v03",,,,"GBIF","UEC",,"Braga, J.O.","41","2017",,,,"Braga",,"brazil","sao paulo","amparo","jardim botanico arariba rppn, rppn","jardim botanico arariba rppn","locality","brazil_sao paulo_amparo","brazil_sao paulo_amparo",-22.6917857,-46.793909,"county",293676,"Macroptilium atropurpureum","(Sessé & Moc. ex DC.) Urb.","name_w_authors","Fabaceae","Macroptilium atropurpureum","(Sessé & Moc. ex DC.) Urb.","species","author misspelled","bfo-29786",,,"Macroptilium atropurpureum (Sessé & Moc. ex DC.) Urb.","Macroptilium","Fabaceae","brazil_sao paulo_amparo","Brazil","São Paulo","Amparo",,"gadm",TRUE,-22.7575,-46.808333,"coord_original","seconds","unknown","Macroptilium atropurpureum","check_local.2municip.","ok_county",,FALSE,"ok_dist","full_name_match","UEC_201672","UEC_201672[virtual]","1","0.25","UEC_201672","UEC_201672","UEC_201672","coord_original","Low","RESERVA PARTICULAR DO PATRIMÔNIO NATURAL DUAS CACHOEIRAS"
,,"https://specieslink.net/col/2",,"UNICAMP","UEC",,"PRESERVED_SPECIMEN","197413","22","Braga, JO",,"2017-09-11","2017","9","11",,,,"Brazil","BR","São Paulo",,"Amparo","Jardim Botânico Araribá RPPN, Sítio Duas Cachoeiras, Jardim Botânico Araribá, RPPN. Caminho das moradas.",,,"-22.7575","-46.808333",,,,,,,,"Macadamia integrifolia Maiden & Betche","Magnoliopsida","Proteales","Proteaceae","Macadamia","species","Maiden & Betch.","ACCEPTED",,,"Macadamia integrifolia Maiden & Betche",,,,"Macadamia integrifolia","Macadamia integrifolia",,"WGS84","https://images.cria.org.br/viewer/UEC177856 | https://images.cria.org.br/viewer/UEC177856_v01 | https://images.cria.org.br/viewer/UEC177856_v02 | https://images.cria.org.br/viewer/UEC177856_v03",,,,"GBIF","UEC",,"Braga, J.O.","22","2017",,,,"Braga",,"brazil","sao paulo","amparo","jardim botanico arariba rppn, rppn","jardim botanico arariba rppn","locality","brazil_sao paulo_amparo","brazil_sao paulo_amparo",-22.6917857,-46.793909,"county",293613,"Macadamia integrifolia","Maiden & Betche","name_w_authors","Proteaceae","Macadamia integrifolia","Maiden & Betche","species","name accepted","bfo-609603",,,"Macadamia integrifolia Maiden & Betche","Macadamia","Proteaceae","brazil_sao paulo_amparo","Brazil","São Paulo","Amparo",,"gadm",TRUE,-22.7575,-46.808333,"coord_original","seconds","unknown","Macadamia integrifolia","check_local.2municip.","ok_county",,FALSE,"ok_dist","full_name_match","UEC_197413","UEC_197413[virtual]","1","0.25","UEC_197413","UEC_197413","UEC_197413","coord_original","Low","RESERVA PARTICULAR DO PATRIMÔNIO NATURAL DUAS CACHOEIRAS"
,,"https://specieslink.net/col/2",,"UNICAMP","UEC",,"PRESERVED_SPECIMEN","201631","69","Braga, JO",,"2018-04-06","2018","4","6",,,,"Brazil","BR","São Paulo",,"Amparo","Jardim Botânico Araribá RPPN, Sítio Duas Cachoeiras, Jardim Botânico Araribá, RPPN.",,,"-22.7575","-46.808333",,,,,,,,"Luehea divaricata Mart.","Magnoliopsida","Malvales","Malvaceae","Luehea","species","Mart.","ACCEPTED",,,"Luehea divaricata Mart.",,,,"Luehea divaricata","Luehea divaricata",,"WGS84","https://images.cria.org.br/viewer/UEC161237",,,,"GBIF","UEC",,"Braga, J.O.","69","2018",,,,"Braga",,"brazil","sao paulo","amparo","jardim botanico arariba rppn, rppn","jardim botanico arariba rppn","locality","brazil_sao paulo_amparo","brazil_sao paulo_amparo",-22.6917857,-46.793909,"county",330491,"Luehea divaricata","Mart.","name_w_authors","Malvaceae","Luehea divaricata","Mart.","species","name accepted","bfo-9094",,,"Luehea divaricata Mart.","Luehea","Malvaceae","brazil_sao paulo_amparo","Brazil","São Paulo","Amparo",,"gadm",TRUE,-22.7575,-46.808333,"coord_original","seconds","unknown","Luehea divaricata","check_local.2municip.","ok_county",,FALSE,"ok_dist","full_name_match","UEC_201631","UEC_201631[virtual]","1","0.25","UEC_201631","UEC_201631","UEC_201631","coord_original","Low","RESERVA PARTICULAR DO PATRIMÔNIO NATURAL DUAS CACHOEIRAS"
,,"https://specieslink.net/col/2",,"UNICAMP","UEC",,"PRESERVED_SPECIMEN","199227","13","Zanetti, BC; et al.",,"2010-09-07","2010","9","7",,,,"Brazil","BR","São Paulo",,"Amparo","Jardim Botânico Araribá RPPN, Sítio Duas Cachoeiras, Jardim Botânico Araribá, RPPN. RPPN entrada do meio.",,,"-22.7575","-46.808333",,,,,,,,"Lantana fucata Lindl.","Magnoliopsida","Lamiales","Verbenaceae","Lantana","species","Lindl.","ACCEPTED",,,"Lantana fucata Lindl.",,,,"Lantana fucata","Lantana fucata",,"WGS84","https://images.cria.org.br/viewer/UEC154570",,,,"GBIF","UEC",,"Zanetti, B.C.","13","2010",,,,"Zanetti",,"brazil","sao paulo","amparo","jardim botanico arariba rppn, rppn, rppn entrada do meio","jardim botanico arariba rppn","locality","brazil_sao paulo_amparo","brazil_sao paulo_amparo",-22.6917857,-46.793909,"county",439226,"Lantana fucata","Lindl.","name_w_authors","Verbenaceae","Lantana fucata","Lindl.","species","name accepted","bfo-15166",,,"Lantana fucata Lindl.","Lantana","Verbenaceae","brazil_sao paulo_amparo","Brazil","São Paulo","Amparo",,"gadm",TRUE,-22.7575,-46.808333,"coord_original","seconds","unknown","Lantana fucata","check_local.2municip.","ok_county",,FALSE,"ok_dist","full_name_match","UEC_199227",,"0","0",,,,"coord_original","Low","RESERVA PARTICULAR DO PATRIMÔNIO NATURAL DUAS CACHOEIRAS"
,,"https://specieslink.net/col/2",,"UNICAMP","UEC",,"PRESERVED_SPECIMEN","197416","17","Braga, JO; Zanetti, BC",,"2017-09-09","2017","9","9",,,,"Brazil","BR","São Paulo",,"Amparo","Jardim Botânico Araribá RPPN, Sítio Duas Cachoeiras, Jardim Botânico Araribá, RPPN. Casa das Ovelhas.",,,"-22.7575","-46.808333",,,,,,,,"Lantana camara L.","Magnoliopsida","Lamiales","Verbenaceae","Lantana","species","L.","ACCEPTED",,,"Lantana camara L.",,,,"Lantana camara","Lantana camara",,"WGS84","https://images.cria.org.br/viewer/UEC177859 | https://images.cria.org.br/viewer/UEC177859_v01 | https://images.cria.org.br/viewer/UEC177859_v02",,,,"GBIF","UEC",,"Braga, J.O.","17","2017",,,"Zanetti, B.C.","Braga",,"brazil","sao paulo","amparo","jardim botanico arariba rppn, rppn","jardim botanico arariba rppn","locality","brazil_sao paulo_amparo","brazil_sao paulo_amparo",-22.6917857,-46.793909,"county",293609,"Lantana camara","L.","name_w_authors","Verbenaceae","Lantana camara","L.","species","name accepted","bfo-15164",,,"Lantana camara L.","Lantana","Verbenaceae","brazil_sao paulo_amparo","Brazil","São Paulo","Amparo",,"gadm",TRUE,-22.7575,-46.808333,"coord_original","seconds","unknown","Lantana camara","check_local.2municip.","ok_county",,FALSE,"ok_dist","full_name_match","UEC_197416",,"0","0",,,,"coord_original","Low","RESERVA PARTICULAR DO PATRIMÔNIO NATURAL DUAS CACHOEIRAS"
,,"https://specieslink.net/col/2",,"UNICAMP","UEC",,"PRESERVED_SPECIMEN","197390","57","Braga, JO",,"2017-10-22","2017","10","22",,,,"Brazil","BR","São Paulo",,"Amparo","Jardim Botânico Araribá RPPN, Sítio Duas Cachoeiras, Jardim Botânico Araribá, RPPN.",,,"-22.7575","-46.808333",,,,,,,,"Lafoensia pacari A.St.-Hil.","Magnoliopsida","Myrtales","Lythraceae","Lafoensia","species","A.St.-Hil.","ACCEPTED",,,"Lafoensia pacari A.St.-Hil.",,,,"Lafoensia pacari","Lafoensia pacari",,"WGS84","https://images.cria.org.br/viewer/UEC160302",,,,"GBIF","UEC",,"Braga, J.O.","57","2017",,,,"Braga",,"brazil","sao paulo","amparo","jardim botanico arariba rppn, rppn","jardim botanico arariba rppn","locality","brazil_sao paulo_amparo","brazil_sao paulo_amparo",-22.6917857,-46.793909,"county",293587,"Lafoensia pacari","A.St.-Hil.","name_w_authors","Lythraceae","Lafoensia pacari","A.St.-Hil.","species","name accepted","bfo-8784",,,"Lafoensia pacari A.St.-Hil.","Lafoensia","Lythraceae","brazil_sao paulo_amparo","Brazil","São Paulo","Amparo",,"gadm",TRUE,-22.7575,-46.808333,"coord_original","seconds","unknown","Lafoensia pacari","check_local.2municip.","ok_county",,FALSE,"ok_dist","full_name_match","UEC_197390","UEC_197390[virtual]","1","0.25","UEC_197390","UEC_197390","UEC_197390","coord_original","Low","RESERVA PARTICULAR DO PATRIMÔNIO NATURAL DUAS CACHOEIRAS"
,,"https://specieslink.net/col/2",,"UNICAMP","UEC",,"PRESERVED_SPECIMEN","201652","41","Zanetti, BC",,"2017-11-01","2017","11","1",,,,"Brazil","BR","São Paulo",,"Amparo","Jardim Botânico Araribá RPPN, Sítio Duas Cachoeiras, Jardim Botânico Araribá, RPPN. Casa Amarela, Arcadas.",,,"-22.7575","-46.808333",,,,,,,,"Justicia brandegeeana Wassh. & L.B.Sm.","Magnoliopsida","Lamiales","Acanthaceae","Justicia","species","Wassh. & L.B.Sm.","ACCEPTED",,,"Justicia brandegeeana Wassh. & L.B.Sm.",,,,"Justicia brandegeeana","Justicia brandegeeana",,"WGS84","https://images.cria.org.br/viewer/UEC177917",,,,"GBIF","UEC",,"Zanetti, B.C.","41","2017",,,,"Zanetti",,"brazil","sao paulo","amparo","jardim botanico arariba rppn, rppn","jardim botanico arariba rppn","locality","brazil_sao paulo_amparo","brazil_sao paulo_amparo",-22.6917857,-46.793909,"county",293652,"Justicia brandegeeana","Wassh. & L.B.Sm.","name_w_authors","Acanthaceae","Justicia brandegeeana","Wassh. & L.B.Sm.","species","name accepted","bfo-620017",,,"Justicia brandegeeana Wassh. & L.B.Sm.","Justicia","Acanthaceae","brazil_sao paulo_amparo","Brazil","São Paulo","Amparo",,"gadm",TRUE,-22.7575,-46.808333,"coord_original","seconds","unknown","Justicia brandegeeana","check_local.2municip.","ok_county",,FALSE,"no_cannot_check","full_name_match","UEC_201652","UEC_201652[virtual]","1","0.25","UEC_201652","UEC_201652","UEC_201652","coord_original","Low","RESERVA PARTICULAR DO PATRIMÔNIO NATURAL DUAS CACHOEIRAS"
,,"https://specieslink.net/col/2",,"UNICAMP","UEC",,"PRESERVED_SPECIMEN","201682","25","Zanetti, BC; Braga, JO",,"2017-09-07","2017","9","7",,,,"Brazil","BR","São Paulo",,"Amparo","Jardim Botânico Araribá RPPN, Sítio Duas Cachoeiras, Jardim Botânico Araribá, RPPN. Caminho das moradas.",,,"-22.7575","-46.808333",,,,,,,,"Jasminum mesnyi Hance","Magnoliopsida","Lamiales","Oleaceae","Jasminum","species","Hance","ACCEPTED",,,"Jasminum mesnyi Hance",,,,"Jasminum mesnyi","Jasminum mesnyi",,"WGS84","https://images.cria.org.br/viewer/UEC177901",,,,"GBIF","UEC",,"Zanetti, B.C.","25","2017",,,"Braga, J.O.","Zanetti",,"brazil","sao paulo","amparo","jardim botanico arariba rppn, rppn","jardim botanico arariba rppn","locality","brazil_sao paulo_amparo","brazil_sao paulo_amparo",-22.6917857,-46.793909,"county",293678,"Jasminum mesnyi","Hance","name_w_authors","Oleaceae","Jasminum mesnyi","Hance","species","name accepted","bfo-610314",,,"Jasminum mesnyi Hance","Jasminum","Oleaceae","brazil_sao paulo_amparo","Brazil","São Paulo","Amparo",,"gadm",TRUE,-22.7575,-46.808333,"coord_original","seconds","unknown","Jasminum mesnyi","check_local.2municip.","ok_county",,FALSE,"ok_dist","full_name_match","UEC_201682","UEC_201682[virtual]","1","0.25","UEC_201682","UEC_201682","UEC_201682","coord_original","Low","RESERVA PARTICULAR DO PATRIMÔNIO NATURAL DUAS CACHOEIRAS"
,,"https://specieslink.net/col/2",,"UNICAMP","UEC",,"PRESERVED_SPECIMEN","201673","30","Braga, JO",,"2017-09-23","2017","9","23",,,,"Brazil","BR","São Paulo",,"Amparo","Jardim Botânico Araribá RPPN, Sítio Duas Cachoeiras, Jardim Botânico Araribá, RPPN.",,,"-22.7575","-46.808333",,,,,,,,"Jacaranda mimosifolia D.Don","Magnoliopsida","Lamiales","Bignoniaceae","Jacaranda","species","D.Don","ACCEPTED",,,"Jacaranda mimosifolia D.Don",,,,"Jacaranda mimosifolia","Jacaranda mimosifolia",,"WGS84","https://images.cria.org.br/viewer/UEC177868 | https://images.cria.org.br/viewer/UEC177868_c | https://images.cria.org.br/viewer/UEC177868_v01 | https://images.cria.org.br/viewer/UEC177868_v02 | https://images.cria.org.br/viewer/UEC177868_v03",,,,"GBIF","UEC",,"Braga, J.O.","30","2017",,,,"Braga",,"brazil","sao paulo","amparo","jardim botanico arariba rppn, rppn","jardim botanico arariba rppn","locality","brazil_sao paulo_amparo","brazil_sao paulo_amparo",-22.6917857,-46.793909,"county",293642,"Jacaranda mimosifolia","D. Don","name_w_authors","Bignoniaceae","Jacaranda mimosifolia","D. Don","species","name accepted","bfo-623001",,,"Jacaranda mimosifolia D. Don","Jacaranda","Bignoniaceae","brazil_sao paulo_amparo","Brazil","São Paulo","Amparo",,"gadm",TRUE,-22.7575,-46.808333,"coord_original","seconds","unknown","Jacaranda mimosifolia","check_local.2municip.","ok_county",,FALSE,"ok_dist","full_name_match","UEC_201673","UEC_201673[virtual]","1","0.25","UEC_201673","UEC_201673","UEC_201673","coord_original","Low","RESERVA PARTICULAR DO PATRIMÔNIO NATURAL DUAS CACHOEIRAS"
,,"https://specieslink.net/col/2",,"UNICAMP","UEC",,"PRESERVED_SPECIMEN","201651","32","Zanetti, BC",,"2017-11-01","2017","11","1",,,,"Brazil","BR","São Paulo",,"Amparo","Jardim Botânico Araribá RPPN, Sítio Duas Cachoeiras, Jardim Botânico Araribá, RPPN. Próximo a cabana, área de plantio, Arcadas.",,,"-22.7575","-46.808333",,,,,,,,"Ipomoea ramosissima (Poir.) Choisy","Magnoliopsida","Solanales","Convolvulaceae","Ipomoea","species","(Poir.) Choisy","ACCEPTED",,,"Ipomoea ramosissima (Poir.) Choisy",,,,"Ipomoea ramosissima","Ipomoea ramosissima",,"WGS84","https://images.cria.org.br/viewer/UEC177916 | https://images.cria.org.br/viewer/UEC177916_v01 | https://images.cria.org.br/viewer/UEC177916_v02",,,,"GBIF","UEC",,"Zanetti, B.C.","32","2017",,,,"Zanetti",,"brazil","sao paulo","amparo","jardim botanico arariba rppn, rppn","jardim botanico arariba rppn","locality","brazil_sao paulo_amparo","brazil_sao paulo_amparo",-22.6917857,-46.793909,"county",293649,"Ipomoea ramosissima","(Poir.) Choisy","name_w_authors","Convolvulaceae","Ipomoea ramosissima","(Poir.) Choisy","species","name accepted","bfo-7057",,,"Ipomoea ramosissima (Poir.) Choisy","Ipomoea","Convolvulaceae","brazil_sao paulo_amparo","Brazil","São Paulo","Amparo",,"gadm",TRUE,-22.7575,-46.808333,"coord_original","seconds","unknown","Ipomoea ramosissima","check_local.2municip.","ok_county","prob_cultivated",FALSE,"ok_dist","full_name_match","UEC_201651","UEC_201651[virtual]","1","0.25","UEC_201651","UEC_201651","UEC_201651","coord_original","Low","RESERVA PARTICULAR DO PATRIMÔNIO NATURAL DUAS CACHOEIRAS"
,,"https://specieslink.net/col/2",,"UNICAMP","UEC",,"PRESERVED_SPECIMEN","199226","21","Zanetti, BC",,"2010-09-07","2010","9","7",,,,"Brazil","BR","São Paulo",,"Amparo","Jardim Botânico Araribá RPPN, Sítio Duas Cachoeiras, Jardim Botânico Araribá, RPPN. Caminho das moradas.",,,"-22.7575","-46.808333",,,,,,,,"Ipomoea cairica (L.) Sweet","Magnoliopsida","Solanales","Convolvulaceae","Ipomoea","species","(L.) Sweet","ACCEPTED",,,"Ipomoea cairica (L.) Sweet",,,,"Ipomoea cairica","Ipomoea cairica",,"WGS84","https://images.cria.org.br/viewer/UEC154571",,,,"GBIF","UEC",,"Zanetti, B.C.","21","2010",,,,"Zanetti",,"brazil","sao paulo","amparo","jardim botanico arariba rppn, rppn","jardim botanico arariba rppn","locality","brazil_sao paulo_amparo","brazil_sao paulo_amparo",-22.6917857,-46.793909,"county",439232,"Ipomoea cairica","(L.) Sweet","name_w_authors","Convolvulaceae","Ipomoea cairica","(L.) Sweet","species","name accepted","bfo-7030",,,"Ipomoea cairica (L.) Sweet","Ipomoea","Convolvulaceae","brazil_sao paulo_amparo","Brazil","São Paulo","Amparo",,"gadm",TRUE,-22.7575,-46.808333,"coord_original","seconds","unknown","Ipomoea cairica","check_local.2municip.","ok_county",,FALSE,"ok_dist","full_name_match","UEC_199226","UEC_199226[virtual]","1","0.25","UEC_199226","UEC_199226","UEC_199226","coord_original","Low","RESERVA PARTICULAR DO PATRIMÔNIO NATURAL DUAS CACHOEIRAS"
,,"https://specieslink.net/col/2",,"UNICAMP","UEC",,"PRESERVED_SPECIMEN","197420","32","Braga, JO",,"2017-09-23","2017","9","23",,,,"Brazil","BR","São Paulo",,"Amparo","Jardim Botânico Araribá RPPN, Sítio Duas Cachoeiras, Jardim Botânico Araribá, RPPN.",,,"-22.7575","-46.808333",,,,,,,,"Inga vera Willd.","Magnoliopsida","Fabales","Fabaceae","Inga","species","Willd.","ACCEPTED",,,"Inga vera Willd.",,,,"Inga vera","Inga vera",,"WGS84","https://images.cria.org.br/viewer/UEC177863 | https://images.cria.org.br/viewer/UEC177863_v01",,,,"GBIF","UEC",,"Braga, J.O.","32","2017",,,,"Braga",,"brazil","sao paulo","amparo","jardim botanico arariba rppn, rppn","jardim botanico arariba rppn","locality","brazil_sao paulo_amparo","brazil_sao paulo_amparo",-22.6917857,-46.793909,"county",293617,"Inga vera","Willd.","name_w_authors","Fabaceae","Inga vera","Willd.","species","name accepted","bfo-23039",,,"Inga vera Willd.","Inga","Fabaceae","brazil_sao paulo_amparo","Brazil","São Paulo","Amparo",,"gadm",TRUE,-22.7575,-46.808333,"coord_original","seconds","unknown","Inga vera","check_local.2municip.","ok_county",,FALSE,"ok_dist","full_name_match","UEC_197420","UEC_197420[virtual]","1","0.25","UEC_197420","UEC_197420","UEC_197420","coord_original","Low","RESERVA PARTICULAR DO PATRIMÔNIO NATURAL DUAS CACHOEIRAS"
,,"https://specieslink.net/col/2",,"UNICAMP","UEC",,"PRESERVED_SPECIMEN","197401","34","Zanetti, BC",,"2017-11-01","2017","11","1",,,,"Brazil","BR","São Paulo",,"Amparo","Jardim Botânico Araribá RPPN, Sítio Duas Cachoeiras, Jardim Botânico Araribá, RPPN. Caminho das moradas.",,,"-22.7575","-46.808333",,,,,,,,"Indigofera suffruticosa Mill.","Magnoliopsida","Fabales","Fabaceae","Indigofera","species","Mill.","ACCEPTED",,,"Indigofera suffruticosa Mill.",,,,"Indigofera suffruticosa","Indigofera suffruticosa",,"WGS84","https://images.cria.org.br/viewer/UEC177903",,,,"GBIF","UEC",,"Zanetti, B.C.","34","2017",,,,"Zanetti",,"brazil","sao paulo","amparo","jardim botanico arariba rppn, rppn","jardim botanico arariba rppn","locality","brazil_sao paulo_amparo","brazil_sao paulo_amparo",-22.6917857,-46.793909,"county",293608,"Indigofera suffruticosa","Mill.","name_w_authors","Fabaceae","Indigofera suffruticosa","Mill.","species","name accepted","bfo-22980",,,"Indigofera suffruticosa Mill.","Indigofera","Fabaceae","brazil_sao paulo_amparo","Brazil","São Paulo","Amparo",,"gadm",TRUE,-22.7575,-46.808333,"coord_original","seconds","unknown","Indigofera suffruticosa","check_local.2municip.","ok_county",,FALSE,"ok_dist","full_name_match","UEC_197401","UEC_197401[virtual]","1","0.25","UEC_197401","UEC_197401","UEC_197401","coord_original","Low","RESERVA PARTICULAR DO PATRIMÔNIO NATURAL DUAS CACHOEIRAS"
,,"https://specieslink.net/col/2",,"UNICAMP","UEC",,"PRESERVED_SPECIMEN","197399","29","Braga, JO",,"2017-09-11","2017","9","11",,,,"Brazil","BR","São Paulo",,"Amparo","Jardim Botânico Araribá RPPN, Sítio Duas Cachoeiras, Jardim Botânico Araribá, RPPN. Alameda Central.",,,"-22.7575","-46.808333",,,,,,,,"Impatiens walleriana Hook.fil.","Magnoliopsida","Ericales","Balsaminaceae","Impatiens","species","Hook.f.","ACCEPTED",,,"Impatiens walleriana Hook.fil.",,,,"Impatiens walleriana","Impatiens walleriana",,"WGS84","https://images.cria.org.br/viewer/UEC160309",,,,"GBIF","UEC",,"Braga, J.O.","29","2017",,,,"Braga",,"brazil","sao paulo","amparo","jardim botanico arariba rppn, rppn","jardim botanico arariba rppn","locality","brazil_sao paulo_amparo","brazil_sao paulo_amparo",-22.6917857,-46.793909,"county",293589,"Impatiens walleriana","Hook.f.","name_w_authors","Balsaminaceae","Impatiens walleriana","Hook.f.","species","author misspelled","bfo-130841",,,"Impatiens walleriana Hook.f.","Impatiens","Balsaminaceae","brazil_sao paulo_amparo","Brazil","São Paulo","Amparo",,"gadm",TRUE,-22.7575,-46.808333,"coord_original","seconds","unknown","Impatiens walleriana","check_local.2municip.","ok_county",,FALSE,"ok_dist","full_name_match","UEC_197399",,"0","0",,,,"coord_original","Low","RESERVA PARTICULAR DO PATRIMÔNIO NATURAL DUAS CACHOEIRAS"
,,"https://specieslink.net/col/2",,"UNICAMP","UEC",,"PRESERVED_SPECIMEN","201428","39","Braga, JO",,"2017-09-23","2017","9","23",,,,"Brazil","BR","São Paulo",,"Amparo","Jardim Botânico Araribá RPPN, Sítio Duas Cachoeiras, Jardim Botânico Araribá, RPPN. Caminho das Moradas - Casa do Guaraci.",,,"-22.7575","-46.808333",,,,,,,,"Hyptis atrorubens Poit.","Magnoliopsida","Lamiales","Lamiaceae","Hyptis","species","Poit.","ACCEPTED",,,"Hyptis atrorubens Poit.",,,,"Hyptis atrorubens","Hyptis atrorubens",,"WGS84","https://images.cria.org.br/viewer/UEC177853 | https://images.cria.org.br/viewer/UEC177853_v01 | https://images.cria.org.br/viewer/UEC177853_v02",,,,"GBIF","UEC",,"Braga, J.O.","39","2017",,,,"Braga",,"brazil","sao paulo","amparo","jardim botanico arariba rppn, rppn","jardim botanico arariba rppn","locality","brazil_sao paulo_amparo","brazil_sao paulo_amparo",-22.6917857,-46.793909,"county",330516,"Hyptis atrorubens","Poit.","name_w_authors","Lamiaceae","Hyptis atrorubens","Poit.","species","name accepted","bfo-8190",,,"Hyptis atrorubens Poit.","Hyptis","Lamiaceae","brazil_sao paulo_amparo","Brazil","São Paulo","Amparo",,"gadm",TRUE,-22.7575,-46.808333,"coord_original","seconds","unknown","Hyptis atrorubens","check_local.2municip.","ok_county",,FALSE,"ok_dist","full_name_match","UEC_201428","UEC_201428|UEC_201649","1","0.25","UEC_201649","UEC_201649","UEC_201649","coord_original","Low","RESERVA PARTICULAR DO PATRIMÔNIO NATURAL DUAS CACHOEIRAS"
,,"https://specieslink.net/col/2",,"UNICAMP","UEC",,"PRESERVED_SPECIMEN","197408","10","Braga, JO; Zanetti, BC",,"2017-09-07","2017","9","7",,,,"Brazil","BR","São Paulo",,"Amparo","Jardim Botânico Araribá RPPN, Sítio Duas Cachoeiras, Jardim Botânico Araribá, RPPN.",,,"-22.7575","-46.808333",,,,,,,,"Handroanthus ochraceus (Cham.) Mattos","Magnoliopsida","Lamiales","Bignoniaceae","Handroanthus","species","(Cham.) Mattos","ACCEPTED",,,"Handroanthus ochraceus (Cham.) Mattos",,,,"Handroanthus ochraceus","Handroanthus ochraceus",,"WGS84","https://images.cria.org.br/viewer/UEC177881 | https://images.cria.org.br/viewer/UEC177881_v01",,,,"GBIF","UEC",,"Braga, J.O.","10","2017",,,"Zanetti, B.C.","Braga",,"brazil","sao paulo","amparo","jardim botanico arariba rppn, rppn","jardim botanico arariba rppn","locality","brazil_sao paulo_amparo","brazil_sao paulo_amparo",-22.6917857,-46.793909,"county",293597,"Handroanthus ochraceus","(Cham.) Mattos","name_w_authors","Bignoniaceae","Handroanthus ochraceus","(Cham.) Mattos","species","name accepted","bfo-114091",,,"Handroanthus ochraceus (Cham.) Mattos","Handroanthus","Bignoniaceae","brazil_sao paulo_amparo","Brazil","São Paulo","Amparo",,"gadm",TRUE,-22.7575,-46.808333,"coord_original","seconds","unknown","Handroanthus ochraceus","check_local.2municip.","ok_county",,FALSE,"ok_dist","full_name_match","UEC_197408","UEC_197408[virtual]","1","0.25","UEC_197408","UEC_197408","UEC_197408","coord_original","Low","RESERVA PARTICULAR DO PATRIMÔNIO NATURAL DUAS CACHOEIRAS"
,,"https://specieslink.net/col/2",,"UNICAMP","UEC",,"PRESERVED_SPECIMEN","201686","37","Zanetti, BC",,"2017-11-01","2017","11","1",,,,"Brazil","BR","São Paulo",,"Amparo","Jardim Botânico Araribá RPPN, Sítio Duas Cachoeiras, Jardim Botânico Araribá, RPPN. Caminho do lago.",,,"-22.7575","-46.808333",,,,,,,,"Guarea kunthiana A.Juss.","Magnoliopsida","Sapindales","Meliaceae","Guarea","species","A.Juss.","ACCEPTED",,,"Guarea kunthiana A.Juss.",,,,"Guarea kunthiana","Guarea kunthiana",,"WGS84","https://images.cria.org.br/viewer/UEC177912 | https://images.cria.org.br/viewer/UEC177912_v01 | https://images.cria.org.br/viewer/UEC177912_v02",,,,"GBIF","UEC",,"Zanetti, B.C.","37","2017",,,,"Zanetti",,"brazil","sao paulo","amparo","jardim botanico arariba rppn, rppn","jardim botanico arariba rppn","locality","brazil_sao paulo_amparo","brazil_sao paulo_amparo",-22.6917857,-46.793909,"county",293670,"Guarea kunthiana","A.Juss.","name_w_authors","Meliaceae","Guarea kunthiana","A.Juss.","species","name accepted","bfo-9996",,,"Guarea kunthiana A.Juss.","Guarea","Meliaceae","brazil_sao paulo_amparo","Brazil","São Paulo","Amparo",,"gadm",TRUE,-22.7575,-46.808333,"coord_original","seconds","unknown","Guarea kunthiana","check_local.2municip.","ok_county",,FALSE,"ok_dist","full_name_match","UEC_201686","UEC_201686[virtual]","1","0.25","UEC_201686","UEC_201686","UEC_201686","coord_original","Low","RESERVA PARTICULAR DO PATRIMÔNIO NATURAL DUAS CACHOEIRAS"
,,"https://specieslink.net/col/2",,"UNICAMP","UEC",,"PRESERVED_SPECIMEN","197405","34","Braga, JO",,"2017-09-23","2017","9","23",,,,"Brazil","BR","São Paulo",,"Amparo","Jardim Botânico Araribá RPPN, Sítio Duas Cachoeiras, Jardim Botânico Araribá, RPPN.",,,"-22.7575","-46.808333",,,,,,,,"Gnaphalium purpureum L.","Magnoliopsida","Asterales","Asteraceae","Gamochaeta","species","L.","SYNONYM",,,"Gamochaeta purpurea (L.) Cabrera",,,,"Gnaphalium purpureum","Gamochaeta purpurea",,"WGS84","https://images.cria.org.br/viewer/UEC177876 | https://images.cria.org.br/viewer/UEC177876_v01 | https://images.cria.org.br/viewer/UEC177876_v02",,,,"GBIF","UEC",,"Braga, J.O.","34","2017",,,,"Braga",,"brazil","sao paulo","amparo","jardim botanico arariba rppn, rppn","jardim botanico arariba rppn","locality","brazil_sao paulo_amparo","brazil_sao paulo_amparo",-22.6917857,-46.793909,"county",293614,"Gamochaeta purpurea","(L.) Cabrera","name_w_authors","Asteraceae","Gamochaeta purpurea","(L.) Cabrera","species","replaced synonym","bfo-106796","Gamochaeta purpurea","(L.) Cabrera","Gamochaeta purpurea (L.) Cabrera","Gamochaeta","Asteraceae","brazil_sao paulo_amparo","Brazil","São Paulo","Amparo",,"gadm",TRUE,-22.7575,-46.808333,"coord_original","seconds","unknown","Gamochaeta purpurea","check_local.2municip.","ok_county",,FALSE,"ok_dist","full_name_match","UEC_197405","UEC_197405[virtual]","1","0.25","UEC_197405","UEC_197405","UEC_197405","coord_original","Low","RESERVA PARTICULAR DO PATRIMÔNIO NATURAL DUAS CACHOEIRAS"
,,"https://specieslink.net/col/2",,"UNICAMP","UEC",,"PRESERVED_SPECIMEN","201679","5","Zanetti, BC; Braga, JO",,"2017-08-23","2017","8","23",,,,"Brazil","BR","São Paulo",,"Amparo","Jardim Botânico Araribá RPPN, Sítio Duas Cachoeiras, Jardim Botânico Araribá, RPPN.",,,"-22.7575","-46.808333",,,,,,,,"Euphorbia milii Des Moul.","Magnoliopsida","Malpighiales","Euphorbiaceae","Euphorbia","species","Des Moul.","ACCEPTED",,,"Euphorbia milii Des Moul.",,,,"Euphorbia milii","Euphorbia milii",,"WGS84","https://images.cria.org.br/viewer/UEC177898 | https://images.cria.org.br/viewer/UEC177898_v01 | https://images.cria.org.br/viewer/UEC177898_v02",,,,"GBIF","UEC",,"Zanetti, B.C.","5","2017",,,"Braga, J.O.","Zanetti",,"brazil","sao paulo","amparo","jardim botanico arariba rppn, rppn","jardim botanico arariba rppn","locality","brazil_sao paulo_amparo","brazil_sao paulo_amparo",-22.6917857,-46.793909,"county",293664,"Euphorbia milii","Des Moul.","name_w_authors","Euphorbiaceae","Euphorbia milii","Des Moul.","species","name accepted","bfo-609666",,,"Euphorbia milii Des Moul.","Euphorbia","Euphorbiaceae","brazil_sao paulo_amparo","Brazil","São Paulo","Amparo",,"gadm",TRUE,-22.7575,-46.808333,"coord_original","seconds","unknown","Euphorbia milii","check_local.2municip.","ok_county",,FALSE,"ok_dist","full_name_match","UEC_201679","UEC_201679[virtual]","1","0.25","UEC_201679","UEC_201679","UEC_201679","coord_original","Low","RESERVA PARTICULAR DO PATRIMÔNIO NATURAL DUAS CACHOEIRAS"
,,"https://specieslink.net/col/2",,"UNICAMP","UEC",,"PRESERVED_SPECIMEN","197400","30","Zanetti, BC",,"2017-11-01","2017","11","1",,,,"Brazil","BR","São Paulo",,"Amparo","Jardim Botânico Araribá RPPN, Sítio Duas Cachoeiras, Jardim Botânico Araribá, RPPN.",,,"-22.7575","-46.808333",,,,,,,,"Euphorbia cotinifolia L.","Magnoliopsida","Malpighiales","Euphorbiaceae","Euphorbia","species","L.","ACCEPTED",,,"Euphorbia cotinifolia L.",,,,"Euphorbia cotinifolia","Euphorbia cotinifolia",,"WGS84","https://images.cria.org.br/viewer/UEC177904",,,,"GBIF","UEC",,"Zanetti, B.C.","30","2017",,,,"Zanetti",,"brazil","sao paulo","amparo","jardim botanico arariba rppn, rppn","jardim botanico arariba rppn","locality","brazil_sao paulo_amparo","brazil_sao paulo_amparo",-22.6917857,-46.793909,"county",293605,"Euphorbia cotinifolia","L.","name_w_authors","Euphorbiaceae","Euphorbia cotinifolia","L.","species","name accepted","bfo-25517",,,"Euphorbia cotinifolia L.","Euphorbia","Euphorbiaceae","brazil_sao paulo_amparo","Brazil","São Paulo","Amparo",,"gadm",TRUE,-22.7575,-46.808333,"coord_original","seconds","unknown","Euphorbia cotinifolia","check_local.2municip.","ok_county",,FALSE,"ok_dist","full_name_match","UEC_197400","UEC_197400[virtual]","1","0.25","UEC_197400","UEC_197400","UEC_197400","coord_original","Low","RESERVA PARTICULAR DO PATRIMÔNIO NATURAL DUAS CACHOEIRAS"
,,"https://specieslink.net/col/2",,"UNICAMP","UEC",,"PRESERVED_SPECIMEN","199237","21","Braga, JO; Zanetti, BC",,"2017-09-09","2017","9","9",,,,"Brazil","BR","São Paulo",,"Amparo","Jardim Botânico Araribá RPPN, Sítio Duas Cachoeiras, Jardim Botânico Araribá, RPPN.",,,"-22.7575","-46.808333",,,,,,,,"Eugenia involucrata DC.","Magnoliopsida","Myrtales","Myrtaceae","Eugenia","species","A.DC.","ACCEPTED",,,"Eugenia involucrata DC.",,,,"Eugenia involucrata","Eugenia involucrata",,"WGS84","https://images.cria.org.br/viewer/UEC177865",,,,"GBIF","UEC",,"Braga, J.O.","21","2017",,,"Zanetti, B.C.","Braga",,"brazil","sao paulo","amparo","jardim botanico arariba rppn, rppn","jardim botanico arariba rppn","locality","brazil_sao paulo_amparo","brazil_sao paulo_amparo",-22.6917857,-46.793909,"county",293624,"Eugenia involucrata","DC.","name_w_authors","Myrtaceae","Eugenia involucrata","DC.","species","name accepted","bfo-10419",,,"Eugenia involucrata DC.","Eugenia","Myrtaceae","brazil_sao paulo_amparo","Brazil","São Paulo","Amparo",,"gadm",TRUE,-22.7575,-46.808333,"coord_original","seconds","unknown","Eugenia involucrata","check_local.2municip.","ok_county",,FALSE,"ok_dist","full_name_match","UEC_199237","UEC_199237[virtual]","1","0.25","UEC_199237","UEC_199237","UEC_199237","coord_original","Low","RESERVA PARTICULAR DO PATRIMÔNIO NATURAL DUAS CACHOEIRAS"
,,"https://specieslink.net/col/2",,"UNICAMP","UEC",,"PRESERVED_SPECIMEN","197386","52","Braga, JO",,"2017-10-22","2017","10","22",,,,"Brazil","BR","São Paulo",,"Amparo","Jardim Botânico Araribá RPPN, Sítio Duas Cachoeiras, Jardim Botânico Araribá, RPPN.",,,"-22.7575","-46.808333",,,,,,,,"Eugenia brasiliensis Lam.","Magnoliopsida","Myrtales","Myrtaceae","Eugenia","species","Lam.","ACCEPTED",,,"Eugenia brasiliensis Lam.",,,,"Eugenia brasiliensis","Eugenia brasiliensis",,"WGS84","https://images.cria.org.br/viewer/UEC160310",,,,"GBIF","UEC",,"Braga, J.O.","52","2017",,,,"Braga",,"brazil","sao paulo","amparo","jardim botanico arariba rppn, rppn","jardim botanico arariba rppn","locality","brazil_sao paulo_amparo","brazil_sao paulo_amparo",-22.6917857,-46.793909,"county",293583,"Eugenia brasiliensis","Lam.","name_w_authors","Myrtaceae","Eugenia brasiliensis","Lam.","species","name accepted","bfo-10359",,,"Eugenia brasiliensis Lam.","Eugenia","Myrtaceae","brazil_sao paulo_amparo","Brazil","São Paulo","Amparo",,"gadm",TRUE,-22.7575,-46.808333,"coord_original","seconds","unknown","Eugenia brasiliensis","check_local.2municip.","ok_county",,FALSE,"ok_dist","full_name_match","UEC_197386","UEC_197386[virtual]","1","0.25","UEC_197386","UEC_197386","UEC_197386","coord_original","Low","RESERVA PARTICULAR DO PATRIMÔNIO NATURAL DUAS CACHOEIRAS"
,,"https://specieslink.net/col/2",,"UNICAMP","UEC",,"PRESERVED_SPECIMEN","197411","1","Braga, JO; Zanetti, BC",,"2017-08-23","2017","8","23",,,,"Brazil","BR","São Paulo",,"Amparo","Jardim Botânico Araribá RPPN, Sítio Duas Cachoeiras, Jardim Botânico Araribá, RPPN.",,,"-22.7575","-46.808333",,,,,,,,"Erythrina speciosa Andrews","Magnoliopsida","Fabales","Fabaceae","Erythrina","species","Andrews","ACCEPTED",,,"Erythrina speciosa Andrews",,,,"Erythrina speciosa","Erythrina speciosa",,"WGS84","https://images.cria.org.br/viewer/UEC177854 | https://images.cria.org.br/viewer/UEC177854_v01 | https://images.cria.org.br/viewer/UEC177854_v02",,,,"GBIF","UEC",,"Braga, J.O.","1","2017",,,"Zanetti, B.C.","Braga",,"brazil","sao paulo","amparo","jardim botanico arariba rppn, rppn","jardim botanico arariba rppn","locality","brazil_sao paulo_amparo","brazil_sao paulo_amparo",-22.6917857,-46.793909,"county",293596,"Erythrina speciosa","Andrews","name_w_authors","Fabaceae","Erythrina speciosa","Andrews","species","name accepted","bfo-29677",,,"Erythrina speciosa Andrews","Erythrina","Fabaceae","brazil_sao paulo_amparo","Brazil","São Paulo","Amparo",,"gadm",TRUE,-22.7575,-46.808333,"coord_original","seconds","unknown","Erythrina speciosa","check_local.2municip.","ok_county",,FALSE,"ok_dist","full_name_match","UEC_197411","UEC_197411[virtual]","1","0.25","UEC_197411","UEC_197411","UEC_197411","coord_original","Low","RESERVA PARTICULAR DO PATRIMÔNIO NATURAL DUAS CACHOEIRAS"
,,"https://specieslink.net/col/2",,"UNICAMP","UEC",,"PRESERVED_SPECIMEN","201669","36","Braga, JO",,"2017-09-23","2017","9","23",,,,"Brazil","BR","São Paulo",,"Amparo","Jardim Botânico Araribá RPPN, Sítio Duas Cachoeiras, Jardim Botânico Araribá, RPPN.",,,"-22.7575","-46.808333",,,,,,,,"Erechtites valerianifolius (Wolf ex Rchb.) DC.","Magnoliopsida","Asterales","Asteraceae","Erechtites","species","(Link ex Spreng.) A.DC.","ACCEPTED",,,"Erechtites valerianifolius (Wolf ex Rchb.) DC.",,,,"Erechtites valerianifolius","Erechtites valerianifolius",,"WGS84","https://images.cria.org.br/viewer/UEC177873 | https://images.cria.org.br/viewer/UEC177873_v01",,,,"GBIF","UEC",,"Braga, J.O.","36","2017",,,,"Braga",,"brazil","sao paulo","amparo","jardim botanico arariba rppn, rppn","jardim botanico arariba rppn","locality","brazil_sao paulo_amparo","brazil_sao paulo_amparo",-22.6917857,-46.793909,"county",293658,"Erechtites valerianifolius","(Link ex Spreng.) DC.","name_w_authors","Asteraceae","Erechtites valerianifolius","(Link ex Spreng.) DC.","species","author misspelled","bfo-16114",,,"Erechtites valerianifolius (Link ex Spreng.) DC.","Erechtites","Asteraceae","brazil_sao paulo_amparo","Brazil","São Paulo","Amparo",,"gadm",TRUE,-22.7575,-46.808333,"coord_original","seconds","unknown","Erechtites valerianifolius","check_local.2municip.","ok_county",,FALSE,"ok_dist","full_name_match","UEC_201669","UEC_201669[virtual]","1","0.25","UEC_201669","UEC_201669","UEC_201669","coord_original","Low","RESERVA PARTICULAR DO PATRIMÔNIO NATURAL DUAS CACHOEIRAS"
,,"https://specieslink.net/col/2",,"UNICAMP","UEC",,"PRESERVED_SPECIMEN","199230","8","Zanetti, BC; et al.",,"2010-08-23","2010","8","23",,,,"Brazil","BR","São Paulo",,"Amparo","Jardim Botânico Araribá RPPN, Sítio Duas Cachoeiras, Jardim Botânico Araribá, RPPN. Caminho das moradas.",,,"-22.7575","-46.808333",,,,,,,,"Emilia fosbergii Nicolson","Magnoliopsida","Asterales","Asteraceae","Emilia","species","Nicolson","ACCEPTED",,,"Emilia fosbergii Nicolson",,,,"Emilia fosbergii","Emilia fosbergii",,"WGS84","https://images.cria.org.br/viewer/UEC154575",,,,"GBIF","UEC",,"Zanetti, B.C.","8","2010",,,,"Zanetti",,"brazil","sao paulo","amparo","jardim botanico arariba rppn, rppn","jardim botanico arariba rppn","locality","brazil_sao paulo_amparo","brazil_sao paulo_amparo",-22.6917857,-46.793909,"county",439227,"Emilia fosbergii","Nicolson","name_w_authors","Asteraceae","Emilia fosbergii","Nicolson","species","name accepted","bfo-16104",,,"Emilia fosbergii Nicolson","Emilia","Asteraceae","brazil_sao paulo_amparo","Brazil","São Paulo","Amparo",,"gadm",TRUE,-22.7575,-46.808333,"coord_original","seconds","unknown","Emilia fosbergii","check_local.2municip.","ok_county",,FALSE,"ok_dist","full_name_match","UEC_199230","UEC_199230[virtual]","1","0.25","UEC_199230","UEC_199230","UEC_199230","coord_original","Low","RESERVA PARTICULAR DO PATRIMÔNIO NATURAL DUAS CACHOEIRAS"
,,"https://specieslink.net/col/2",,"UNICAMP","UEC",,"PRESERVED_SPECIMEN","199239","54","Braga, JO",,"2017-10-22","2017","10","22",,,,"Brazil","BR","São Paulo",,"Amparo","Jardim Botânico Araribá RPPN, Sítio Duas Cachoeiras, Jardim Botânico Araribá, RPPN.",,,"-22.7575","-46.808333",,,,,,,,"Duranta erecta L.","Magnoliopsida","Lamiales","Verbenaceae","Duranta","species","L.","ACCEPTED",,,"Duranta erecta L.",,,,"Duranta erecta","Duranta erecta",,"WGS84","https://images.cria.org.br/viewer/UEC160291",,,,"GBIF","UEC",,"Braga, J.O.","54","2017",,,,"Braga",,"brazil","sao paulo","amparo","jardim botanico arariba rppn, rppn","jardim botanico arariba rppn","locality","brazil_sao paulo_amparo","brazil_sao paulo_amparo",-22.6917857,-46.793909,"county",293619,"Duranta erecta","L.","name_w_authors","Verbenaceae","Duranta erecta","L.","species","name accepted","bfo-15139",,,"Duranta erecta L.","Duranta","Verbenaceae","brazil_sao paulo_amparo","Brazil","São Paulo","Amparo",,"gadm",TRUE,-22.7575,-46.808333,"coord_original","seconds","unknown","Duranta erecta","check_local.2municip.","ok_county",,FALSE,"ok_dist","full_name_match","UEC_199239",,"0","0",,,,"coord_original","Low","RESERVA PARTICULAR DO PATRIMÔNIO NATURAL DUAS CACHOEIRAS"
,,"https://specieslink.net/col/2",,"UNICAMP","UEC",,"PRESERVED_SPECIMEN","201678","12","Zanetti, BC; Braga, JO",,"2017-09-07","2017","9","7",,,,"Brazil","BR","São Paulo",,"Amparo","Jardim Botânico Araribá RPPN, Sítio Duas Cachoeiras, Jardim Botânico Araribá, RPPN.",,,"-22.7575","-46.808333",,,,,,,,"Dolichandra unguis-cati (L.) L.G.Lohmann","Magnoliopsida","Lamiales","Bignoniaceae","Dolichandra","species","(L.) L.G.Lohmann","ACCEPTED",,,"Dolichandra unguis-cati (L.) L.G.Lohmann",,,,"Dolichandra unguis-cati","Dolichandra unguis-cati",,"WGS84","https://images.cria.org.br/viewer/UEC177899",,,,"GBIF","UEC",,"Zanetti, B.C.","12","2017",,,"Braga, J.O.","Zanetti",,"brazil","sao paulo","amparo","jardim botanico arariba rppn, rppn","jardim botanico arariba rppn","locality","brazil_sao paulo_amparo","brazil_sao paulo_amparo",-22.6917857,-46.793909,"county",293641,"Dolichandra unguis-cati","(L.) L.G.Lohmann","name_w_authors","Bignoniaceae","Dolichandra unguis-cati","(L.) L.G.Lohmann","species","name accepted","bfo-113320",,,"Dolichandra unguis-cati (L.) L.G.Lohmann","Dolichandra","Bignoniaceae","brazil_sao paulo_amparo","Brazil","São Paulo","Amparo",,"gadm",TRUE,-22.7575,-46.808333,"coord_original","seconds","unknown","Dolichandra unguis-cati","check_local.2municip.","ok_county",,FALSE,"ok_dist","full_name_match","UEC_201678","UEC_201678[virtual]","1","0.25","UEC_201678","UEC_201678","UEC_201678","coord_original","Low","RESERVA PARTICULAR DO PATRIMÔNIO NATURAL DUAS CACHOEIRAS"
,,"https://specieslink.net/col/2",,"UNICAMP","UEC",,"PRESERVED_SPECIMEN","199243","59","Braga, JO",,"2017-10-22","2017","10","22",,,,"Brazil","BR","São Paulo",,"Amparo","Jardim Botânico Araribá RPPN, Sítio Duas Cachoeiras, Jardim Botânico Araribá, RPPN.",,,"-22.7575","-46.808333",,,,,,,,"Desmodium adscendens (Sw.) DC.","Magnoliopsida","Fabales","Fabaceae","Grona","species","(Sw.) A.DC.","SYNONYM",,,"Grona adscendens (Sw.) H.Ohashi & K.Ohashi",,,,"Desmodium adscendens","Grona adscendens",,"WGS84","https://images.cria.org.br/viewer/UEC160292",,,,"GBIF","UEC",,"Braga, J.O.","59","2017",,,,"Braga",,"brazil","sao paulo","amparo","jardim botanico arariba rppn, rppn","jardim botanico arariba rppn","locality","brazil_sao paulo_amparo","brazil_sao paulo_amparo",-22.6917857,-46.793909,"county",293622,"Desmodium adscendens","(Sw.) DC.","name_w_authors","Fabaceae","Desmodium adscendens","(Sw.) DC.","species","name accepted","bfo-22931",,,"Desmodium adscendens (Sw.) DC.","Desmodium","Fabaceae","brazil_sao paulo_amparo","Brazil","São Paulo","Amparo",,"gadm",TRUE,-22.7575,-46.808333,"coord_original","seconds","unknown","Desmodium adscendens","check_local.2municip.","ok_county",,FALSE,"ok_dist","full_name_match","UEC_199243","UEC_199243[virtual]","1","0.25","UEC_199243","UEC_199243","UEC_199243","coord_original","Low","RESERVA PARTICULAR DO PATRIMÔNIO NATURAL DUAS CACHOEIRAS"
,,"https://specieslink.net/col/2",,"UNICAMP","UEC",,"PRESERVED_SPECIMEN","197388","53","Braga, JO",,"2017-10-22","2017","10","22",,,,"Brazil","BR","São Paulo",,"Amparo","Jardim Botânico Araribá RPPN, Sítio Duas Cachoeiras, Jardim Botânico Araribá, RPPN.",,,"-22.7575","-46.808333",,,,,,,,"Delonix regia (Bojer ex Hook.) Raf.","Magnoliopsida","Fabales","Fabaceae","Delonix","species","(Bojer) Raf.","ACCEPTED",,,"Delonix regia (Bojer ex Hook.) Raf.",,,,"Delonix regia","Delonix regia",,"WGS84","https://images.cria.org.br/viewer/UEC160296",,,,"GBIF","UEC",,"Braga, J.O.","53","2017",,,,"Braga",,"brazil","sao paulo","amparo","jardim botanico arariba rppn, rppn","jardim botanico arariba rppn","locality","brazil_sao paulo_amparo","brazil_sao paulo_amparo",-22.6917857,-46.793909,"county",293604,"Delonix regia","(Bojer ex Hook.) Raf.","name_w_authors","Fabaceae","Delonix regia","(Bojer ex Hook.) Raf.","species","name accepted","bfo-22927",,,"Delonix regia (Bojer ex Hook.) Raf.","Delonix","Fabaceae","brazil_sao paulo_amparo","Brazil","São Paulo","Amparo",,"gadm",TRUE,-22.7575,-46.808333,"coord_original","seconds","unknown","Delonix regia","check_local.2municip.","ok_county",,FALSE,"ok_dist","full_name_match","UEC_197388","UEC_197388[virtual]","1","0.25","UEC_197388","UEC_197388","UEC_197388","coord_original","Low","RESERVA PARTICULAR DO PATRIMÔNIO NATURAL DUAS CACHOEIRAS"
,,"https://specieslink.net/col/2",,"UNICAMP","UEC",,"PRESERVED_SPECIMEN","197394","1","Zanetti, BC; Braga, JO",,"2017-08-23","2017","8","23",,,,"Brazil","BR","São Paulo",,"Amparo","Jardim Botânico Araribá RPPN, Sítio Duas Cachoeiras, Jardim Botânico Araribá, RPPN.",,,"-22.7575","-46.808333",,,,,,,,"Cyrtocymura scorpioides (Lam.) H.Rob.","Magnoliopsida","Asterales","Asteraceae","Cyrtocymura","species","(Lam.) H.Rob.","ACCEPTED",,,"Cyrtocymura scorpioides (Lam.) H.Rob.",,,,"Cyrtocymura scorpioides","Cyrtocymura scorpioides",,"WGS84","https://images.cria.org.br/viewer/UEC160298",,,,"GBIF","UEC",,"Zanetti, B.C.","1","2017",,,"Braga, J.O.","Zanetti",,"brazil","sao paulo","amparo","jardim botanico arariba rppn, rppn","jardim botanico arariba rppn","locality","brazil_sao paulo_amparo","brazil_sao paulo_amparo",-22.6917857,-46.793909,"county",293599,"Cyrtocymura scorpioides","(Lam.) H.Rob.","name_w_authors","Asteraceae","Cyrtocymura scorpioides","(Lam.) H.Rob.","species","name accepted","bfo-27011",,,"Cyrtocymura scorpioides (Lam.) H.Rob.","Cyrtocymura","Asteraceae","brazil_sao paulo_amparo","Brazil","São Paulo","Amparo",,"gadm",TRUE,-22.7575,-46.808333,"coord_original","seconds","unknown","Cyrtocymura scorpioides","check_local.2municip.","ok_county",,FALSE,"ok_dist","full_name_match","UEC_197394","UEC_197394[virtual]","1","0.25","UEC_197394","UEC_197394","UEC_197394","coord_original","Low","RESERVA PARTICULAR DO PATRIMÔNIO NATURAL DUAS CACHOEIRAS"
,,"https://specieslink.net/col/2",,"UNICAMP","UEC",,"PRESERVED_SPECIMEN","197391","49","Braga, JO",,"2017-10-22","2017","10","22",,,,"Brazil","BR","São Paulo",,"Amparo","Jardim Botânico Araribá RPPN, Sítio Duas Cachoeiras, Jardim Botânico Araribá, RPPN.",,,"-22.7575","-46.808333",,,,,,,,"Cuspidaria convoluta (Vell.) A.H.Gentry","Magnoliopsida","Lamiales","Bignoniaceae","Cuspidaria","species","(Vell.) A.H.Gentry","ACCEPTED",,,"Cuspidaria convoluta (Vell.) A.H.Gentry",,,,"Cuspidaria convoluta","Cuspidaria convoluta",,"WGS84","https://images.cria.org.br/viewer/UEC160300",,,,"GBIF","UEC",,"Braga, J.O.","49","2017",,,,"Braga",,"brazil","sao paulo","amparo","jardim botanico arariba rppn, rppn","jardim botanico arariba rppn","locality","brazil_sao paulo_amparo","brazil_sao paulo_amparo",-22.6917857,-46.793909,"county",293580,"Cuspidaria convoluta","(Vell.) A.H.Gentry","name_w_authors","Bignoniaceae","Cuspidaria convoluta","(Vell.) A.H.Gentry","species","name accepted","bfo-113216",,,"Cuspidaria convoluta (Vell.) A.H.Gentry","Cuspidaria","Bignoniaceae","brazil_sao paulo_amparo","Brazil","São Paulo","Amparo",,"gadm",TRUE,-22.7575,-46.808333,"coord_original","seconds","unknown","Cuspidaria convoluta","check_local.2municip.","ok_county",,FALSE,"ok_dist","full_name_match","UEC_197391","UEC_197391[virtual]","1","0.25","UEC_197391","UEC_197391","UEC_197391","coord_original","Low","RESERVA PARTICULAR DO PATRIMÔNIO NATURAL DUAS CACHOEIRAS"
,,"https://specieslink.net/col/2",,"UNICAMP","UEC",,"PRESERVED_SPECIMEN","197387","50","Braga, JO",,"2017-10-22","2017","10","22",,,,"Brazil","BR","São Paulo",,"Amparo","Jardim Botânico Araribá RPPN, Sítio Duas Cachoeiras, Jardim Botânico Araribá, RPPN.",,,"-22.7575","-46.808333",,,,,,,,"Cuphea racemosa (L.fil.) Spreng.","Magnoliopsida","Myrtales","Lythraceae","Cuphea","species","(L.f.) Spreng.","ACCEPTED",,,"Cuphea racemosa (L.fil.) Spreng.",,,,"Cuphea racemosa","Cuphea racemosa",,"WGS84","https://images.cria.org.br/viewer/UEC160308",,,,"GBIF","UEC",,"Braga, J.O.","50","2017",,,,"Braga",,"brazil","sao paulo","amparo","jardim botanico arariba rppn, rppn","jardim botanico arariba rppn","locality","brazil_sao paulo_amparo","brazil_sao paulo_amparo",-22.6917857,-46.793909,"county",291676,"Cuphea racemosa","(L.f.) Spreng.","name_w_authors","Lythraceae","Cuphea racemosa","(L.f.) Spreng.","species","author misspelled","bfo-8763",,,"Cuphea racemosa (L.f.) Spreng.","Cuphea","Lythraceae","brazil_sao paulo_amparo","Brazil","São Paulo","Amparo",,"gadm",TRUE,-22.7575,-46.808333,"coord_original","seconds","unknown","Cuphea racemosa","check_local.2municip.","ok_county",,FALSE,"ok_dist","full_name_match","UEC_197387","UEC_197387[virtual]","1","0.25","UEC_197387","UEC_197387","UEC_197387","coord_original","Low","RESERVA PARTICULAR DO PATRIMÔNIO NATURAL DUAS CACHOEIRAS"
,,"https://specieslink.net/col/2",,"UNICAMP","UEC",,"PRESERVED_SPECIMEN","201633","72","Braga, JO",,"2018-04-06","2018","4","6",,,,"Brazil","BR","São Paulo",,"Amparo","Jardim Botânico Araribá RPPN, Sítio Duas Cachoeiras, Jardim Botânico Araribá, RPPN.",,,"-22.7575","-46.808333",,,,,,,,"Croton gracilipes Baill.","Magnoliopsida","Malpighiales","Euphorbiaceae","Croton","species","Baill.","ACCEPTED",,,"Croton gracilipes Baill.",,,,"Croton gracilipes","Croton gracilipes",,"WGS84","https://images.cria.org.br/viewer/UEC161235",,,,"GBIF","UEC",,"Braga, J.O.","72","2018",,,,"Braga",,"brazil","sao paulo","amparo","jardim botanico arariba rppn, rppn","jardim botanico arariba rppn","locality","brazil_sao paulo_amparo","brazil_sao paulo_amparo",-22.6917857,-46.793909,"county",330519,"Croton gracilipes","Baill.","name_w_authors","Euphorbiaceae","Croton gracilipes","Baill.","species","name accepted","bfo-29205",,,"Croton gracilipes Baill.","Croton","Euphorbiaceae","brazil_sao paulo_amparo","Brazil","São Paulo","Amparo",,"gadm",TRUE,-22.7575,-46.808333,"coord_original","seconds","unknown","Croton gracilipes","check_local.2municip.","ok_county",,FALSE,"ok_dist","full_name_match","UEC_201633","UEC_201633[virtual]","1","0.25","UEC_201633","UEC_201633","UEC_201633","coord_original","Low","RESERVA PARTICULAR DO PATRIMÔNIO NATURAL DUAS CACHOEIRAS"
,,"https://specieslink.net/col/2",,"UNICAMP","UEC",,"PRESERVED_SPECIMEN","201683","31","Zanetti, BC",,"2017-11-01","2017","11","1",,,,"Brazil","BR","São Paulo",,"Amparo","Jardim Botânico Araribá RPPN, Sítio Duas Cachoeiras, Jardim Botânico Araribá, RPPN. Estrada Stellarium.",,,"-22.7575","-46.808333",,,,,,,,"Croton floribundus Spreng.","Magnoliopsida","Malpighiales","Euphorbiaceae","Croton","species","Spreng.","ACCEPTED",,,"Croton floribundus Spreng.",,,,"Croton floribundus","Croton floribundus",,"WGS84","https://images.cria.org.br/viewer/UEC177907",,,,"GBIF","UEC",,"Zanetti, B.C.","31","2017",,,,"Zanetti",,"brazil","sao paulo","amparo","jardim botanico arariba rppn, rppn, estrada stellarium","jardim botanico arariba rppn","locality","brazil_sao paulo_amparo","brazil_sao paulo_amparo",-22.6917857,-46.793909,"county",293667,"Croton floribundus","Spreng.","name_w_authors","Euphorbiaceae","Croton floribundus","Spreng.","species","name accepted","bfo-17512",,,"Croton floribundus Spreng.","Croton","Euphorbiaceae","brazil_sao paulo_amparo","Brazil","São Paulo","Amparo",,"gadm",TRUE,-22.7575,-46.808333,"coord_original","seconds","unknown","Croton floribundus","check_local.2municip.","ok_county",,FALSE,"ok_dist","full_name_match","UEC_201683","UEC_201683[virtual]","1","0.25","UEC_201683","UEC_201683","UEC_201683","coord_original","Low","RESERVA PARTICULAR DO PATRIMÔNIO NATURAL DUAS CACHOEIRAS"
,,"https://specieslink.net/col/2",,"UNICAMP","UEC",,"PRESERVED_SPECIMEN","201431","64","Braga, JO",,"2018-04-06","2018","4","6",,,,"Brazil","BR","São Paulo",,"Amparo","Jardim Botânico Araribá RPPN, Sítio Duas Cachoeiras, Jardim Botânico Araribá, RPPN.",,,"-22.7575","-46.808333",,,,,,,,"Costus spicatus (Jacq.) Sw.","Liliopsida","Zingiberales","Costaceae","Costus","species","(Jacq.) Sw.","ACCEPTED",,,"Costus spicatus (Jacq.) Sw.",,,,"Costus spicatus","Costus spicatus",,"WGS84","https://images.cria.org.br/viewer/UEC161240 | https://images.cria.org.br/viewer/UEC161240_v01",,,,"GBIF","UEC",,"Braga, J.O.","64","2018",,,,"Braga",,"brazil","sao paulo","amparo","jardim botanico arariba rppn, rppn","jardim botanico arariba rppn","locality","brazil_sao paulo_amparo","brazil_sao paulo_amparo",-22.6917857,-46.793909,"county",330573,"Costus spicatus","(Jacq.) Sw.","name_w_authors","Costaceae","Costus spicatus","(Jacq.) Sw.","species","name accepted","bfo-127758",,,"Costus spicatus (Jacq.) Sw.","Costus","Costaceae","brazil_sao paulo_amparo","Brazil","São Paulo","Amparo",,"gadm",TRUE,-22.7575,-46.808333,"coord_original","seconds","unknown","Costus spicatus","check_local.2municip.","ok_county",,FALSE,"no_cannot_check","full_name_match","UEC_201431","UEC_201431[virtual]","1","0.25","UEC_201431","UEC_201431","UEC_201431","coord_original","Low","RESERVA PARTICULAR DO PATRIMÔNIO NATURAL DUAS CACHOEIRAS"
,,"https://specieslink.net/col/2",,"UNICAMP","UEC",,"PRESERVED_SPECIMEN","197409","14","Braga, JO; Zanetti, BC",,"2017-09-07","2017","9","7",,,,"Brazil","BR","São Paulo",,"Amparo","Jardim Botânico Araribá RPPN, Sítio Duas Cachoeiras, Jardim Botânico Araribá, RPPN.",,,"-22.7575","-46.808333",,,,,,,,"Cordia trichotoma (Vell.) Arráb. ex Steud.","Magnoliopsida","Boraginales","Cordiaceae","Cordia","species","(Vell.) Arráb. ex Steub.","ACCEPTED",,,"Cordia trichotoma (Vell.) Arráb. ex Steud.",,,,"Cordia trichotoma","Cordia trichotoma",,"WGS84","https://images.cria.org.br/viewer/UEC177883 | https://images.cria.org.br/viewer/UEC177883_v01",,,,"GBIF","UEC",,"Braga, J.O.","14","2017",,,"Zanetti, B.C.","Braga",,"brazil","sao paulo","amparo","jardim botanico arariba rppn, rppn","jardim botanico arariba rppn","locality","brazil_sao paulo_amparo","brazil_sao paulo_amparo",-22.6917857,-46.793909,"county",293611,"Cordia trichotoma","(Vell.) Arráb. ex Steud.","name_w_authors","Cordiaceae","Cordia trichotoma","(Vell.) Arráb. ex Steud.","species","name accepted","bfo-16536",,,"Cordia trichotoma (Vell.) Arráb. ex Steud.","Cordia","Cordiaceae","brazil_sao paulo_amparo","Brazil","São Paulo","Amparo",,"gadm",TRUE,-22.7575,-46.808333,"coord_original","seconds","unknown","Cordia trichotoma","check_local.2municip.","ok_county",,FALSE,"ok_dist","full_name_match","UEC_197409","UEC_197409[virtual]","1","0.25","UEC_197409","UEC_197409","UEC_197409","coord_original","Low","RESERVA PARTICULAR DO PATRIMÔNIO NATURAL DUAS CACHOEIRAS"
,,"https://specieslink.net/col/2",,"UNICAMP","UEC",,"PRESERVED_SPECIMEN","199241","51","Braga, JO",,"2017-10-22","2017","10","22",,,,"Brazil","BR","São Paulo",,"Amparo","Jardim Botânico Araribá RPPN, Sítio Duas Cachoeiras, Jardim Botânico Araribá, RPPN.",,,"-22.7575","-46.808333",,,,,,,,"Combretum indicum (L.) Jongkind","Magnoliopsida","Myrtales","Combretaceae","Combretum","species","(L.) Jongkind","SYNONYM",,,"Combretum indicum (L.) De Filipps",,,,"Combretum indicum","Combretum indicum",,"WGS84","https://images.cria.org.br/viewer/UEC160290",,,,"GBIF","UEC",,"Braga, J.O.","51","2017",,,,"Braga",,"brazil","sao paulo","amparo","jardim botanico arariba rppn, rppn","jardim botanico arariba rppn","locality","brazil_sao paulo_amparo","brazil_sao paulo_amparo",-22.6917857,-46.793909,"county",293621,"Combretum indicum","(L.) Jongkind","name_w_authors","Combretaceae","Combretum indicum","(L.) Jongkind","species","name accepted","bfo-123104",,,"Combretum indicum (L.) Jongkind","Combretum","Combretaceae","brazil_sao paulo_amparo","Brazil","São Paulo","Amparo",,"gadm",TRUE,-22.7575,-46.808333,"coord_original","seconds","unknown","Combretum indicum","check_local.2municip.","ok_county",,FALSE,"bad_dist","full_name_match","UEC_199241","UEC_199241[virtual]","1","0.25","UEC_199241","UEC_199241","UEC_199241","coord_original","Low","RESERVA PARTICULAR DO PATRIMÔNIO NATURAL DUAS CACHOEIRAS"
,,"https://specieslink.net/col/2",,"UNICAMP","UEC",,"PRESERVED_SPECIMEN","197417","9","Braga, JO; Zanetti, BC",,"2017-09-07","2017","9","7",,,,"Brazil","BR","São Paulo",,"Amparo","Jardim Botânico Araribá RPPN, Sítio Duas Cachoeiras, Jardim Botânico Araribá, RPPN.",,,"-22.7575","-46.808333",,,,,,,,"Casearia sylvestris Sw.","Magnoliopsida","Malpighiales","Salicaceae","Casearia","species","Sw.","ACCEPTED",,,"Casearia sylvestris Sw.",,,,"Casearia sylvestris","Casearia sylvestris",,"WGS84","https://images.cria.org.br/viewer/UEC177860 | https://images.cria.org.br/viewer/UEC177860_v02",,,,"GBIF","UEC",,"Braga, J.O.","9","2017",,,"Zanetti, B.C.","Braga",,"brazil","sao paulo","amparo","jardim botanico arariba rppn, rppn","jardim botanico arariba rppn","locality","brazil_sao paulo_amparo","brazil_sao paulo_amparo",-22.6917857,-46.793909,"county",293606,"Casearia sylvestris","Sw.","name_w_authors","Salicaceae","Casearia sylvestris","Sw.","species","name accepted","bfo-14384",,,"Casearia sylvestris Sw.","Casearia","Salicaceae","brazil_sao paulo_amparo","Brazil","São Paulo","Amparo",,"gadm",TRUE,-22.7575,-46.808333,"coord_original","seconds","unknown","Casearia sylvestris","check_local.2municip.","ok_county",,FALSE,"ok_dist","full_name_match","UEC_197417","UEC_197417[virtual]","1","0.25","UEC_197417","UEC_197417","UEC_197417","coord_original","Low","RESERVA PARTICULAR DO PATRIMÔNIO NATURAL DUAS CACHOEIRAS"
,,"https://specieslink.net/col/2",,"UNICAMP","UEC",,"PRESERVED_SPECIMEN","201636","81","Braga, JO",,"2018-04-06","2018","4","6",,,,"Brazil","BR","São Paulo",,"Amparo","Jardim Botânico Araribá RPPN, Sítio Duas Cachoeiras, Jardim Botânico Araribá, RPPN.",,,"-22.7575","-46.808333",,,,,,,,"Cajanus cajan (L.) Huth","Magnoliopsida","Fabales","Fabaceae","Cajanus","species","(L.) Huth","ACCEPTED",,,"Cajanus cajan (L.) Huth",,,,"Cajanus cajan","Cajanus cajan",,"WGS84","https://images.cria.org.br/viewer/UEC161232",,,,"GBIF","UEC",,"Braga, J.O.","81","2018",,,,"Braga",,"brazil","sao paulo","amparo","jardim botanico arariba rppn, rppn","jardim botanico arariba rppn","locality","brazil_sao paulo_amparo","brazil_sao paulo_amparo",-22.6917857,-46.793909,"county",330540,"Cajanus cajan","(L.) Huth","name_w_authors","Fabaceae","Cajanus cajan","(L.) Huth","species","name accepted","bfo-82709",,,"Cajanus cajan (L.) Huth","Cajanus","Fabaceae","brazil_sao paulo_amparo","Brazil","São Paulo","Amparo",,"gadm",TRUE,-22.7575,-46.808333,"coord_original","seconds","unknown","Cajanus cajan","check_local.2municip.","ok_county",,FALSE,"ok_dist","full_name_match","UEC_201636","UEC_201636[virtual]","1","0.25","UEC_201636","UEC_201636","UEC_201636","coord_original","Low","RESERVA PARTICULAR DO PATRIMÔNIO NATURAL DUAS CACHOEIRAS"
,,"https://specieslink.net/col/2",,"UNICAMP","UEC",,"PRESERVED_SPECIMEN","201676","2","Braga, JO; Zanetti, BC",,"2017-08-23","2017","8","23",,,,"Brazil","BR","São Paulo",,"Amparo","Jardim Botânico Araribá RPPN, Sítio Duas Cachoeiras, Jardim Botânico Araribá, RPPN.",,,"-22.7575","-46.808333",,,,,,,,"Vernonia polysphaera Baker","Magnoliopsida","Asterales","Asteraceae","Cabobanthus","species","Baker","SYNONYM",,,"Cabobanthus polysphaerus (Baker) H.Rob.",,,,"Vernonia polysphaera","Cabobanthus polysphaerus",,"WGS84","https://images.cria.org.br/viewer/UEC177871 | https://images.cria.org.br/viewer/UEC177871_v01 | https://images.cria.org.br/viewer/UEC177871_v02 | https://images.cria.org.br/viewer/UEC177871_v03",,,,"GBIF","UEC",,"Braga, J.O.","2","2017",,,"Zanetti, B.C.","Braga",,"brazil","sao paulo","amparo","jardim botanico arariba rppn, rppn","jardim botanico arariba rppn","locality","brazil_sao paulo_amparo","brazil_sao paulo_amparo",-22.6917857,-46.793909,"county",293674,"Cabobanthus polysphaerus","(Baker) H.Rob.","name_w_authors","Asteraceae","Cabobanthus polysphaerus","(Baker) H.Rob.","species","replaced synonym","bfo-638476","Cabobanthus polysphaerus","(Baker) H.Rob.","Cabobanthus polysphaerus (Baker) H.Rob.","Cabobanthus","Asteraceae","brazil_sao paulo_amparo","Brazil","São Paulo","Amparo",,"gadm",TRUE,-22.7575,-46.808333,"coord_original","seconds","unknown","Cabobanthus polysphaerus","check_local.2municip.","ok_county",,FALSE,"bad_dist","full_name_match","UEC_201676","UEC_201676[virtual]","1","0.25","UEC_201676","UEC_201676","UEC_201676","coord_original","Low","RESERVA PARTICULAR DO PATRIMÔNIO NATURAL DUAS CACHOEIRAS"
,,"https://specieslink.net/col/2",,"UNICAMP","UEC",,"PRESERVED_SPECIMEN","197415","19","Braga, JO; Zanetti, BC",,"2017-09-09","2017","9","9",,,,"Brazil","BR","São Paulo",,"Amparo","Jardim Botânico Araribá RPPN, Sítio Duas Cachoeiras, Jardim Botânico Araribá, RPPN. Caminho das moradas.",,,"-22.7575","-46.808333",,,,,,,,"Brunfelsia uniflora (Pohl) D.Don","Magnoliopsida","Solanales","Solanaceae","Brunfelsia","species","(Pohl) D.Don","ACCEPTED",,,"Brunfelsia uniflora (Pohl) D.Don",,,,"Brunfelsia uniflora","Brunfelsia uniflora",,"WGS84","https://images.cria.org.br/viewer/UEC177858 | https://images.cria.org.br/viewer/UEC177858_v01 | https://images.cria.org.br/viewer/UEC177858_v02 | https://images.cria.org.br/viewer/UEC177858_v03 | https://images.cria.org.br/viewer/UEC177858_v04",,,,"GBIF","UEC",,"Braga, J.O.","19","2017",,,"Zanetti, B.C.","Braga",,"brazil","sao paulo","amparo","jardim botanico arariba rppn, rppn","jardim botanico arariba rppn","locality","brazil_sao paulo_amparo","brazil_sao paulo_amparo",-22.6917857,-46.793909,"county",293600,"Brunfelsia uniflora","(Pohl) D.Don","name_w_authors","Solanaceae","Brunfelsia uniflora","(Pohl) D.Don","species","name accepted","bfo-14605",,,"Brunfelsia uniflora (Pohl) D.Don","Brunfelsia","Solanaceae","brazil_sao paulo_amparo","Brazil","São Paulo","Amparo",,"gadm",TRUE,-22.7575,-46.808333,"coord_original","seconds","unknown","Brunfelsia uniflora","check_local.2municip.","ok_county",,FALSE,"ok_dist","full_name_match","UEC_197415",,"0","0",,,,"coord_original","Low","RESERVA PARTICULAR DO PATRIMÔNIO NATURAL DUAS CACHOEIRAS"
,,"https://specieslink.net/col/2",,"UNICAMP","UEC",,"PRESERVED_SPECIMEN","199234","20","Braga, JO; Zanetti, BC",,"2017-09-09","2017","9","9",,,,"Brazil","BR","São Paulo",,"Amparo","Jardim Botânico Araribá RPPN, Sítio Duas Cachoeiras, Jardim Botânico Araribá, RPPN.",,,"-22.7575","-46.808333",,,,,,,,"Bougainvillea spectabilis Willd.","Magnoliopsida","Caryophyllales","Nyctaginaceae","Bougainvillea","species","Willd.","ACCEPTED",,,"Bougainvillea spectabilis Willd.",,,,"Bougainvillea spectabilis","Bougainvillea spectabilis",,"WGS84","https://images.cria.org.br/viewer/UEC160304",,,,"GBIF","UEC",,"Braga, J.O.","20","2017",,,"Zanetti, B.C.","Braga",,"brazil","sao paulo","amparo","jardim botanico arariba rppn, rppn","jardim botanico arariba rppn","locality","brazil_sao paulo_amparo","brazil_sao paulo_amparo",-22.6917857,-46.793909,"county",293628,"Bougainvillea spectabilis","Willd.","name_w_authors","Nyctaginaceae","Bougainvillea spectabilis","Willd.","species","name accepted","bfo-10907",,,"Bougainvillea spectabilis Willd.","Bougainvillea","Nyctaginaceae","brazil_sao paulo_amparo","Brazil","São Paulo","Amparo",,"gadm",TRUE,-22.7575,-46.808333,"coord_original","seconds","unknown","Bougainvillea spectabilis","check_local.2municip.","ok_county",,FALSE,"ok_dist","full_name_match","UEC_199234",,"0","0",,,,"coord_original","Low","RESERVA PARTICULAR DO PATRIMÔNIO NATURAL DUAS CACHOEIRAS"
,,"https://specieslink.net/col/2",,"UNICAMP","UEC",,"PRESERVED_SPECIMEN","199233","45","Braga, JO",,"2017-09-27","2017","9","27",,,,"Brazil","BR","São Paulo",,"Amparo","Jardim Botânico Araribá RPPN, Sítio Duas Cachoeiras, Jardim Botânico Araribá, RPPN. Alameda Central.",,,"-22.7575","-46.808333",,,,,,,,"Bougainvillea glabra Choisy","Magnoliopsida","Caryophyllales","Nyctaginaceae","Bougainvillea","species","Choisy","ACCEPTED",,,"Bougainvillea glabra Choisy",,,,"Bougainvillea glabra","Bougainvillea glabra",,"WGS84","https://images.cria.org.br/viewer/UEC160306",,,,"GBIF","UEC",,"Braga, J.O.","45","2017",,,,"Braga",,"brazil","sao paulo","amparo","jardim botanico arariba rppn, rppn","jardim botanico arariba rppn","locality","brazil_sao paulo_amparo","brazil_sao paulo_amparo",-22.6917857,-46.793909,"county",293626,"Bougainvillea glabra","Choisy","name_w_authors","Nyctaginaceae","Bougainvillea glabra","Choisy","species","name accepted","bfo-10906",,,"Bougainvillea glabra Choisy","Bougainvillea","Nyctaginaceae","brazil_sao paulo_amparo","Brazil","São Paulo","Amparo",,"gadm",TRUE,-22.7575,-46.808333,"coord_original","seconds","unknown","Bougainvillea glabra","check_local.2municip.","ok_county",,FALSE,"ok_dist","full_name_match","UEC_199233",,"0","0",,,,"coord_original","Low","RESERVA PARTICULAR DO PATRIMÔNIO NATURAL DUAS CACHOEIRAS"
,,"https://specieslink.net/col/2",,"UNICAMP","UEC",,"PRESERVED_SPECIMEN","201635","76","Braga, JO",,"2018-04-06","2018","4","6",,,,"Brazil","BR","São Paulo",,"Amparo","Jardim Botânico Araribá RPPN, Sítio Duas Cachoeiras, Jardim Botânico Araribá, RPPN.",,,"-22.7575","-46.808333",,,,,,,,"Bixa orellana L.","Magnoliopsida","Malvales","Bixaceae","Bixa","species","L.","ACCEPTED",,,"Bixa orellana L.",,,,"Bixa orellana","Bixa orellana",,"WGS84","https://images.cria.org.br/viewer/UEC161233 | https://images.cria.org.br/viewer/UEC161233_c",,,,"GBIF","UEC",,"Braga, J.O.","76","2018",,,,"Braga",,"brazil","sao paulo","amparo","jardim botanico arariba rppn, rppn","jardim botanico arariba rppn","locality","brazil_sao paulo_amparo","brazil_sao paulo_amparo",-22.6917857,-46.793909,"county",330500,"Bixa orellana","L.","name_w_authors","Bixaceae","Bixa orellana","L.","species","name accepted","bfo-5745",,,"Bixa orellana L.","Bixa","Bixaceae","brazil_sao paulo_amparo","Brazil","São Paulo","Amparo",,"gadm",TRUE,-22.7575,-46.808333,"coord_original","seconds","unknown","Bixa orellana","check_local.2municip.","ok_county",,FALSE,"ok_dist","full_name_match","UEC_201635","UEC_201635[virtual]","1","0.25","UEC_201635","UEC_201635","UEC_201635","coord_original","Low","RESERVA PARTICULAR DO PATRIMÔNIO NATURAL DUAS CACHOEIRAS"
,,"https://specieslink.net/col/2",,"UNICAMP","UEC",,"PRESERVED_SPECIMEN","201415","62","Braga, JO",,"2017-10-22","2017","10","22",,,,"Brazil","BR","São Paulo",,"Amparo","Jardim Botânico Araribá RPPN, Sítio Duas Cachoeiras, Jardim Botânico Araribá, RPPN.",,,"-22.7575","-46.808333",,,,,,,,"Aspidosperma australe Müll.Arg.","Magnoliopsida","Gentianales","Apocynaceae","Aspidosperma","species","Müll.Arg.","ACCEPTED",,,"Aspidosperma australe Müll.Arg.",,,,"Aspidosperma australe","Aspidosperma australe",,"WGS84","https://images.cria.org.br/viewer/UEC177896",,,,"GBIF","UEC",,"Braga, J.O.","62","2017",,,,"Braga",,"brazil","sao paulo","amparo","jardim botanico arariba rppn, rppn","jardim botanico arariba rppn","locality","brazil_sao paulo_amparo","brazil_sao paulo_amparo",-22.6917857,-46.793909,"county",330477,"Aspidosperma australe","Müll.Arg.","name_w_authors","Apocynaceae","Aspidosperma australe","Müll.Arg.","species","name accepted","bfo-4521",,,"Aspidosperma australe Müll.Arg.","Aspidosperma","Apocynaceae","brazil_sao paulo_amparo","Brazil","São Paulo","Amparo",,"gadm",TRUE,-22.7575,-46.808333,"coord_original","seconds","unknown","Aspidosperma australe","check_local.2municip.","ok_county",,FALSE,"ok_dist","full_name_match","UEC_201415",,"0","0",,,,"coord_original","Low","RESERVA PARTICULAR DO PATRIMÔNIO NATURAL DUAS CACHOEIRAS"
,,"https://specieslink.net/col/2",,"UNICAMP","UEC",,"PRESERVED_SPECIMEN","201688","35","Zanetti, BC",,"2017-11-01","2017","11","1",,,,"Brazil","BR","São Paulo",,"Amparo","Jardim Botânico Araribá RPPN, Sítio Duas Cachoeiras, Jardim Botânico Araribá, RPPN. Ultimo pasto das ovelhas.",,,"-22.7575","-46.808333",,,,,,,,"Asclepias curassavica L.","Magnoliopsida","Gentianales","Apocynaceae","Asclepias","species","L.","ACCEPTED",,,"Asclepias curassavica L.",,,,"Asclepias curassavica","Asclepias curassavica",,"WGS84","https://images.cria.org.br/viewer/UEC177910 | https://images.cria.org.br/viewer/UEC177910_v01",,,,"GBIF","UEC",,"Zanetti, B.C.","35","2017",,,,"Zanetti",,"brazil","sao paulo","amparo","jardim botanico arariba rppn, rppn","jardim botanico arariba rppn","locality","brazil_sao paulo_amparo","brazil_sao paulo_amparo",-22.6917857,-46.793909,"county",293666,"Asclepias curassavica","L.","name_w_authors","Apocynaceae","Asclepias curassavica","L.","species","name accepted","bfo-4517",,,"Asclepias curassavica L.","Asclepias","Apocynaceae","brazil_sao paulo_amparo","Brazil","São Paulo","Amparo",,"gadm",TRUE,-22.7575,-46.808333,"coord_original","seconds","unknown","Asclepias curassavica","check_local.2municip.","ok_county",,FALSE,"ok_dist","full_name_match","UEC_201688",,"0","0",,,,"coord_original","Low","RESERVA PARTICULAR DO PATRIMÔNIO NATURAL DUAS CACHOEIRAS"
,,"https://specieslink.net/col/2",,"UNICAMP","UEC",,"PRESERVED_SPECIMEN","201685","38","Zanetti, BC",,"2017-11-01","2017","11","1",,,,"Brazil","BR","São Paulo",,"Amparo","Jardim Botânico Araribá RPPN, Sítio Duas Cachoeiras, Jardim Botânico Araribá, RPPN. Caminho das moradas - Casa do Guaraci.",,,"-22.7575","-46.808333",,,,,,,,"Antigonon leptopus Hook. & Arn.","Magnoliopsida","Caryophyllales","Polygonaceae","Antigonon","species","Hook & Arn.","ACCEPTED",,,"Antigonon leptopus Hook. & Arn.",,,,"Antigonon leptopus","Antigonon leptopus",,"WGS84","https://images.cria.org.br/viewer/UEC177913 | https://images.cria.org.br/viewer/UEC177913_v01",,,,"GBIF","UEC",,"Zanetti, B.C.","38","2017",,,,"Zanetti",,"brazil","sao paulo","amparo","jardim botanico arariba rppn, rppn","jardim botanico arariba rppn","locality","brazil_sao paulo_amparo","brazil_sao paulo_amparo",-22.6917857,-46.793909,"county",293665,"Antigonon leptopus","Hook. & Arn.","name_w_authors","Polygonaceae","Antigonon leptopus","Hook. & Arn.","species","name accepted","bfo-87242",,,"Antigonon leptopus Hook. & Arn.","Antigonon","Polygonaceae","brazil_sao paulo_amparo","Brazil","São Paulo","Amparo",,"gadm",TRUE,-22.7575,-46.808333,"coord_original","seconds","unknown","Antigonon leptopus","check_local.2municip.","ok_county",,FALSE,"ok_dist","full_name_match","UEC_201685",,"0","0",,,,"coord_original","Low","RESERVA PARTICULAR DO PATRIMÔNIO NATURAL DUAS CACHOEIRAS"
,,"https://specieslink.net/col/2",,"UNICAMP","UEC",,"PRESERVED_SPECIMEN","201427","31","Braga, JO",,"2017-09-23","2017","9","23",,,,"Brazil","BR","São Paulo",,"Amparo","Jardim Botânico Araribá RPPN, Sítio Duas Cachoeiras, Jardim Botânico Araribá, RPPN.",,,"-22.7575","-46.808333",,,,,,,,"Anadenanthera colubrina (Vell.) Brenan","Magnoliopsida","Fabales","Fabaceae","Anadenanthera","species","(Vell.) Brenan","ACCEPTED",,,"Anadenanthera colubrina (Vell.) Brenan",,,,"Anadenanthera colubrina","Anadenanthera colubrina",,"WGS84","https://images.cria.org.br/viewer/UEC177888 | https://images.cria.org.br/viewer/UEC177888_v01",,,,"GBIF","UEC",,"Braga, J.O.","31","2017",,,,"Braga",,"brazil","sao paulo","amparo","jardim botanico arariba rppn, rppn","jardim botanico arariba rppn","locality","brazil_sao paulo_amparo","brazil_sao paulo_amparo",-22.6917857,-46.793909,"county",330481,"Anadenanthera colubrina","(Vell.) Brenan","name_w_authors","Fabaceae","Anadenanthera colubrina","(Vell.) Brenan","species","name accepted","bfo-18071",,,"Anadenanthera colubrina (Vell.) Brenan","Anadenanthera","Fabaceae","brazil_sao paulo_amparo","Brazil","São Paulo","Amparo",,"gadm",TRUE,-22.7575,-46.808333,"coord_original","seconds","unknown","Anadenanthera colubrina","check_local.2municip.","ok_county",,FALSE,"no_cannot_check","full_name_match","UEC_201427","UEC_201427[virtual]","1","0.25","UEC_201427","UEC_201427","UEC_201427","coord_original","Low","RESERVA PARTICULAR DO PATRIMÔNIO NATURAL DUAS CACHOEIRAS"
,,"https://specieslink.net/col/2",,"UNICAMP","UEC",,"PRESERVED_SPECIMEN","199229","9","Zanetti, BC; et al.",,"2010-08-23","2010","8","23",,,,"Brazil","BR","São Paulo",,"Amparo","Jardim Botânico Araribá RPPN, Sítio Duas Cachoeiras, Jardim Botânico Araribá, RPPN.",,,"-22.7575","-46.808333",,,,,,,,"Alternanthera tenella Colla","Magnoliopsida","Caryophyllales","Amaranthaceae","Alternanthera","species","Colla","SYNONYM",,,"Alternanthera ficoidea (L.) R.Br.",,,,"Alternanthera tenella","Alternanthera ficoidea",,"WGS84","https://images.cria.org.br/viewer/UEC154576",,,,"GBIF","UEC",,"Zanetti, B.C.","9","2010",,,,"Zanetti",,"brazil","sao paulo","amparo","jardim botanico arariba rppn, rppn","jardim botanico arariba rppn","locality","brazil_sao paulo_amparo","brazil_sao paulo_amparo",-22.6917857,-46.793909,"county",286876,"Alternanthera tenella","Colla","name_w_authors","Amaranthaceae","Alternanthera tenella","Colla","species","name accepted","bfo-4304",,,"Alternanthera tenella Colla","Alternanthera","Amaranthaceae","brazil_sao paulo_amparo","Brazil","São Paulo","Amparo",,"gadm",TRUE,-22.7575,-46.808333,"coord_original","seconds","unknown","Alternanthera tenella","check_local.2municip.","ok_county",,FALSE,"ok_dist","full_name_match","UEC_199229","UEC_199229[virtual]","1","0.25","UEC_199229","UEC_199229","UEC_199229","coord_original","Low","RESERVA PARTICULAR DO PATRIMÔNIO NATURAL DUAS CACHOEIRAS"
,,"https://specieslink.net/col/2",,"UNICAMP","UEC",,"PRESERVED_SPECIMEN","197418","7","Braga, JO; Zanetti, BC;",,"2017-09-07","2017","9","7",,,,"Brazil","BR","São Paulo",,"Amparo","Jardim Botânico Araribá RPPN, Sítio Duas Cachoeiras, Jardim Botânico Araribá, RPPN. Caminho das Colinas. Alameda Central",,,"-22.7575","-46.808333",,,,,,,,"Aloysia virgata (Ruiz & Pav.) Juss.","Magnoliopsida","Lamiales","Verbenaceae","Aloysia","species","(Ruiz & Pav.) A.Juss.","ACCEPTED",,,"Aloysia virgata (Ruiz & Pav.) Juss.",,,,"Aloysia virgata","Aloysia virgata",,"WGS84","https://images.cria.org.br/viewer/UEC177861 | https://images.cria.org.br/viewer/UEC177861_v01 | https://images.cria.org.br/viewer/UEC177861_v02",,,,"GBIF","UEC",,"Braga, J.O.","7","2017",,,"Zanetti, B.C.","Braga",,"brazil","sao paulo","amparo","jardim botanico arariba rppn, rppn","jardim botanico arariba rppn","locality","brazil_sao paulo_amparo","brazil_sao paulo_amparo",-22.6917857,-46.793909,"county",293615,"Aloysia virgata","(Ruiz & Pav.) Juss.","name_w_authors","Verbenaceae","Aloysia virgata","(Ruiz & Pav.) Juss.","species","name accepted","bfo-15131",,,"Aloysia virgata (Ruiz & Pav.) Juss.","Aloysia","Verbenaceae","brazil_sao paulo_amparo","Brazil","São Paulo","Amparo",,"gadm",TRUE,-22.7575,-46.808333,"coord_original","seconds","unknown","Aloysia virgata","check_local.2municip.","ok_county",,FALSE,"ok_dist","full_name_match","UEC_197418",,"0","0",,,,"coord_original","Low","RESERVA PARTICULAR DO PATRIMÔNIO NATURAL DUAS CACHOEIRAS"
,,"https://specieslink.net/col/2",,"UNICAMP","UEC",,"PRESERVED_SPECIMEN","201432","65","Braga, JO",,"2018-04-06","2018","4","6",,,,"Brazil","BR","São Paulo",,"Amparo","Jardim Botânico Araribá RPPN, Sítio Duas Cachoeiras, Jardim Botânico Araribá, RPPN.",,,"-22.7575","-46.808333",,,,,,,,"Allamanda doniana Müll.Arg.","Magnoliopsida","Gentianales","Apocynaceae","Allamanda","species","Müll.Arg.","ACCEPTED",,,"Allamanda doniana Müll.Arg.",,,,"Allamanda doniana","Allamanda doniana",,"WGS84","https://images.cria.org.br/viewer/UEC161241 | https://images.cria.org.br/viewer/UEC161241_v01",,,,"GBIF","UEC",,"Braga, J.O.","65","2018",,,,"Braga",,"brazil","sao paulo","amparo","jardim botanico arariba rppn, rppn","jardim botanico arariba rppn","locality","brazil_sao paulo_amparo","brazil_sao paulo_amparo",-22.6917857,-46.793909,"county",330510,"Allamanda doniana","Müll.Arg.","name_w_authors","Apocynaceae","Allamanda doniana","Müll.Arg.","species","name accepted","bfo-4509",,,"Allamanda doniana Müll.Arg.","Allamanda","Apocynaceae","brazil_sao paulo_amparo","Brazil","São Paulo","Amparo",,"gadm",TRUE,-22.7575,-46.808333,"coord_original","seconds","unknown","Allamanda doniana","check_local.2municip.","ok_county",,,"bad_dist","full_name_match","UEC_201432",,"0","0",,,,"coord_original","Low","RESERVA PARTICULAR DO PATRIMÔNIO NATURAL DUAS CACHOEIRAS"
,,"https://specieslink.net/col/2",,"UNICAMP","UEC",,"PRESERVED_SPECIMEN","197404","15","Braga, JO; Zanetti, BC",,"2017-09-07","2017","9","7",,,,"Brazil","BR","São Paulo",,"Amparo","Jardim Botânico Araribá RPPN, Sítio Duas Cachoeiras, Jardim Botânico Araribá, RPPN.",,,"-22.7575","-46.808333",,,,,,,,"Acanthocladus brasiliensis Klotzsch ex Hassk.","Magnoliopsida","Fabales","Polygalaceae","Acanthocladus","species","(A.St.-Hil.) Klotzsch ex Hassk.","ACCEPTED",,,"Acanthocladus brasiliensis Klotzsch ex Hassk.",,,,"Acanthocladus brasiliensis","Acanthocladus brasiliensis",,"WGS84","https://images.cria.org.br/viewer/UEC177875 | https://images.cria.org.br/viewer/UEC177875_v01 | https://images.cria.org.br/viewer/UEC177875_v02",,,,"GBIF","UEC",,"Braga, J.O.","15","2017",,,"Zanetti, B.C.","Braga",,"brazil","sao paulo","amparo","jardim botanico arariba rppn, rppn","jardim botanico arariba rppn","locality","brazil_sao paulo_amparo","brazil_sao paulo_amparo",-22.6917857,-46.793909,"county",293602,"Acanthocladus brasiliensis","(A.St.-Hil. & Moq.) Klotzsch ex Hassk.","name_w_authors","Polygalaceae","Acanthocladus brasiliensis","(A.St.-Hil. & Moq.) Klotzsch ex Hassk.","species","author misspelled","bfo-103170",,,"Acanthocladus brasiliensis (A.St.-Hil. & Moq.) Klotzsch ex Hassk.","Acanthocladus","Polygalaceae","brazil_sao paulo_amparo","Brazil","São Paulo","Amparo",,"gadm",TRUE,-22.7575,-46.808333,"coord_original","seconds","unknown","Acanthocladus brasiliensis","check_local.2municip.","ok_county",,FALSE,"ok_dist","full_name_match","UEC_197404","UEC_197404[virtual]","1","0.25","UEC_197404","UEC_197404","UEC_197404","coord_original","Low","RESERVA PARTICULAR DO PATRIMÔNIO NATURAL DUAS CACHOEIRAS"
