"UC","Grupos","Família","Gênero","Espécie","Autor","Táxon_completo","Barcode","BD_Origem","Herbário","Coletor","Número_da_Coleta","Origem_FFBr","ConfiançaID","ConfiançaLoc","Imagens","Localidade"
"ÁREA DE PROTEÇÃO AMBIENTAL CAMPOS DO JORDÃO","Angiosperms","Acanthaceae","Hygrophila","costata","Nees & T. Nees","ACANTHACEAE Hygrophila costata Nees & T. Nees","CEN00125355","Splink","CEN",,,"Native","Bronze","Bronze",,"Albernéssia. Indo para o Pìco de Itapeva."
"ÁREA DE PROTEÇÃO AMBIENTAL CAMPOS DO JORDÃO",,"Acanthaceae","Hyophila",,"Brid.","ACANTHACEAE Hyophila Brid.","178808","GBIF","UB","Soares, A.E.R.","1869",,"Latão","Bronze",,"Campos do Jordão, centro cultural."
"ÁREA DE PROTEÇÃO AMBIENTAL CAMPOS DO JORDÃO","Angiosperms","Acanthaceae","Justicia","carnea","Lindl.","ACANTHACEAE Justicia carnea Lindl.",,"GBIF",,,,"Native","Latão","Bronze",,
"ÁREA DE PROTEÇÃO AMBIENTAL CAMPOS DO JORDÃO","Angiosperms","Acanthaceae","Justicia","floribunda","(K.Koch) Wassh.","ACANTHACEAE Justicia floribunda (K.Koch) Wassh.",,"GBIF",,,,"Native","Latão","Bronze",,
"ÁREA DE PROTEÇÃO AMBIENTAL CAMPOS DO JORDÃO","Angiosperms","Acanthaceae","Justicia","sellowiana","Profice","ACANTHACEAE Justicia sellowiana Profice","373537","GBIF","SP","Leitao Filho, H.F.","26762","Native","Latão","Bronze",,"estrada Campos do Jordão - Santo Antonio do Pinhal"
"ÁREA DE PROTEÇÃO AMBIENTAL CAMPOS DO JORDÃO","Angiosperms","Acanthaceae","Mendoncia","puberula","Mart.","ACANTHACEAE Mendoncia puberula Mart.","45338","GBIF","SPSF","Polisel, R.T.","1015","Native","Bronze","Ouro","https://images.cria.org.br/viewer/SPSF00045338","Parque Estadual de Campos do Jordão"
"ÁREA DE PROTEÇÃO AMBIENTAL CAMPOS DO JORDÃO","Angiosperms","Acanthaceae","Poikilacanthus","glandulosus","(Nees) Ariza","ACANTHACEAE Poikilacanthus glandulosus (Nees) Ariza","SPSF00015280","Splink","SPSF",,"285","Native","Bronze","Ouro",,"Parque Estadual de Campos do Jordão."
"ÁREA DE PROTEÇÃO AMBIENTAL CAMPOS DO JORDÃO","Angiosperms","Acanthaceae","Ruellia","brevifolia","(Pohl) C.Ezcurra","ACANTHACEAE Ruellia brevifolia (Pohl) C.Ezcurra","SPSF00017531","Splink","SPSF",,,"Native","Bronze","Bronze",,"Morro do Elefante."
"ÁREA DE PROTEÇÃO AMBIENTAL CAMPOS DO JORDÃO",,"Acanthaceae|Rubiaceae","Justicia|Gonzalagunia",,"L.|Ruiz & Pav.","ACANTHACEAE|RUBIACEAE Justicia L.|Gonzalagunia Ruiz & Pav.","441391","Splink","SP",,"285",,"Latão","Bronze",,
"ÁREA DE PROTEÇÃO AMBIENTAL CAMPOS DO JORDÃO","Angiosperms","Achariaceae","Carpotroche","brasiliensis","(Raddi) A Gray","ACHARIACEAE Carpotroche brasiliensis (Raddi) A Gray","US 1471685","GBIF","US","Chase, A.","9879","Native","Ouro","Bronze","https://collections.nmnh.si.edu/media/?i=11734756; 13661257","Serra Mantiqueira"
"ÁREA DE PROTEÇÃO AMBIENTAL CAMPOS DO JORDÃO","Angiosperms","Achariaceae","Hydnocarpus","pentandrus","(Buch.-Ham.) Oken","ACHARIACEAE Hydnocarpus pentandrus (Buch.-Ham.) Oken","SPSF00009300","Splink","SPSF",,,"Cultivated","Latão","Bronze",,"Parque Estadual do Instituto Florestal."
"ÁREA DE PROTEÇÃO AMBIENTAL CAMPOS DO JORDÃO","Angiosperms","Achariaceae","Lindackeria","pauciflora","Benth.","ACHARIACEAE Lindackeria pauciflora Benth.","SPSF00006268","Splink","SPSF",,,"Native","Latão","Bronze",,"Parque Estadual do Instituto Florestal."
"ÁREA DE PROTEÇÃO AMBIENTAL CAMPOS DO JORDÃO","Angiosperms","Adoxaceae","Viburnum","tinus","L.","ADOXACEAE Viburnum tinus L.","209245","GBIF","UEC","Campos-Rocha, A.","1176","Cultivated","Bronze","Bronze","https://images.cria.org.br/viewer/UEC179401","Campos do Jordão-SP, em cultivo no Hotel Toriba, jardim entre recepção/estacionamento"
"ÁREA DE PROTEÇÃO AMBIENTAL CAMPOS DO JORDÃO","Angiosperms","Alismataceae","Echinodorus","grandiflorus","(Cham. & Schltr.) Micheli","ALISMATACEAE Echinodorus grandiflorus (Cham. & Schltr.) Micheli","97987","GBIF","UEC","Pansarin, E.R.","240","Native","Ouro","Ouro","https://images.cria.org.br/viewer/UEC090611","Horto Florestal."
"ÁREA DE PROTEÇÃO AMBIENTAL CAMPOS DO JORDÃO","Angiosperms","Alismataceae","Sagittaria","montevidensis","Cham. & Schltdl.","ALISMATACEAE Sagittaria montevidensis subsp. montevidensis Cham. & Schltdl.","109637","GBIF","UEC","Anderson, J.","85","Native","Bronze","Ouro","https://images.cria.org.br/viewer/UEC090576","Parque Estadual de Campos de Jordão, Parque da Lagoa, São bento do sapucaí."
"ÁREA DE PROTEÇÃO AMBIENTAL CAMPOS DO JORDÃO","Angiosperms","Alstroemeriaceae","Alstroemeria","calliantha","M.C.Assis","ALSTROEMERIACEAE Alstroemeria calliantha M.C.Assis","52001","GBIF","SPSF","Cornia, M.G.K.","289","Native","Bronze","Ouro","https://images.cria.org.br/viewer/SPSF00052001","Parque Estadual de Campos do Jordão"
"ÁREA DE PROTEÇÃO AMBIENTAL CAMPOS DO JORDÃO","Angiosperms","Alstroemeriaceae","Alstroemeria","cunha","Vell.","ALSTROEMERIACEAE Alstroemeria cunha Vell.","47888","GBIF","SPSF","Barreto, T.E.","205","Native","Latão","Ouro","https://images.cria.org.br/viewer/SPSF00047888","Parque Estadual de Campos do Jordão."
"ÁREA DE PROTEÇÃO AMBIENTAL CAMPOS DO JORDÃO","Angiosperms","Alstroemeriaceae","Alstroemeria","foliosa","Mart. ex Schult. & Schult.f.","ALSTROEMERIACEAE Alstroemeria foliosa Mart. ex Schult. & Schult.f.","R010076588","Splink","R",,,"Native","Latão","Bronze",,
"ÁREA DE PROTEÇÃO AMBIENTAL CAMPOS DO JORDÃO","Angiosperms","Alstroemeriaceae","Alstroemeria","inodora","Herb.","ALSTROEMERIACEAE Alstroemeria inodora Herb.","PACA027835","Splink","PACA",,,"Native","Bronze","Bronze",,
"ÁREA DE PROTEÇÃO AMBIENTAL CAMPOS DO JORDÃO","Angiosperms","Alstroemeriaceae","Alstroemeria","isabelleana","Herb.","ALSTROEMERIACEAE Alstroemeria isabelleana Herb.","RB00469230","GBIF","RB","Porto, P.C.","3340","Native","Ouro","Bronze","jbrj-public-img.s3-sa-east-1.amazonaws.com/JPG/rb/0/46/92/30/00469230.jpg",
"ÁREA DE PROTEÇÃO AMBIENTAL CAMPOS DO JORDÃO","Angiosperms","Alstroemeriaceae","Bomarea","edulis","(Tussac) Herb.","ALSTROEMERIACEAE Bomarea edulis (Tussac) Herb.","PACA027774","Splink","PACA",,,"Native","Prata","Bronze",,
"ÁREA DE PROTEÇÃO AMBIENTAL CAMPOS DO JORDÃO",,"Altingiaceae","Liquidambar","formosana",,"ALTINGIACEAE Liquidambar formosana","MBM158999","Splink","MBM",,"8699",,"Prata","Bronze",,"Campos do Jordão."
"ÁREA DE PROTEÇÃO AMBIENTAL CAMPOS DO JORDÃO","Angiosperms","Altingiaceae","Liquidambar","styraciflua","L.","ALTINGIACEAE Liquidambar styraciflua L.","129252525","GBIF","Observations","Ferreira, M.S.",,"Cultivated","Bronze","Bronze",,"Avenida Tancredo Neves, n•10 - casa 02 - Vista Alegre, Campos do Jordão - SP, 12460-000, Brasil"
"ÁREA DE PROTEÇÃO AMBIENTAL CAMPOS DO JORDÃO","Angiosperms","Amaranthaceae","Alternanthera","brasiliana","(L.) Kuntze","AMARANTHACEAE Alternanthera brasiliana var. brasiliana (L.) Kuntze","102660","GBIF","SP","Mattos, J.R.","15007","Native","Bronze","Bronze",,"Fazenda da Guarda (Reserva Florestal), quase na divisa com Minas Gerais. Na mata"
"ÁREA DE PROTEÇÃO AMBIENTAL CAMPOS DO JORDÃO","Angiosperms","Amaranthaceae","Alternanthera","brasiliana","(Moq.) Kuntze","AMARANTHACEAE Alternanthera brasiliana var. villosa (Moq.) Kuntze","111642","GBIF","UEC","Anderson, L.O.","00/41","Native","Bronze","Bronze","https://images.cria.org.br/viewer/UEC067883","Brejo a beira da estrada, 4 Km em direção ao charco."
"ÁREA DE PROTEÇÃO AMBIENTAL CAMPOS DO JORDÃO",,"Amaranthaceae","Betula","populifolia",,"AMARANTHACEAE Betula populifolia","SPSF00008780","Splink","SPSF",,"s/n",,"Bronze","Ouro",,"Parque Estadual de Campos do Jordão."
"ÁREA DE PROTEÇÃO AMBIENTAL CAMPOS DO JORDÃO",,"Amaranthaceae","Betula","verrucosa","Ehrh.","AMARANTHACEAE Betula verrucosa Ehrh.","RB00054287","GBIF","RB","Vaz, A.F.",,,"Bronze","Ouro","jbrj-public-img.s3-sa-east-1.amazonaws.com/JPG/rb/0/5/42/87/00054287.jpg","Campos do Jordão. Cultivada no Parque Estadual Campos do Jordão. Parque Estadual Campos do Jordão"
"ÁREA DE PROTEÇÃO AMBIENTAL CAMPOS DO JORDÃO","Angiosperms","Amaranthaceae","Chamissoa",,"Kunth","AMARANTHACEAE Chamissoa Kunth","180282","GBIF","UB","Carvalho-Silva, M.","1253",,"Ouro","Bronze","https://images.cria.org.br/viewer/UB0112011",
"ÁREA DE PROTEÇÃO AMBIENTAL CAMPOS DO JORDÃO","Angiosperms","Amaranthaceae","Chenopodium",,"L.","AMARANTHACEAE Chenopodium L.","48235","GBIF","HRCB","Sakane, M.","223",,"Latão","Bronze",,"Vila Matilde Áreas do Sanatório São Francisco Xavier"
"ÁREA DE PROTEÇÃO AMBIENTAL CAMPOS DO JORDÃO","Angiosperms","Amaranthaceae","Gomphrena","macrocephala","A.St.-Hil.","AMARANTHACEAE Gomphrena macrocephala A.St.-Hil.","42779","GBIF","SP","Hashimoto, G.","151","Native","Bronze","Bronze",,"L. Paulista, E. de São Paulo"
"ÁREA DE PROTEÇÃO AMBIENTAL CAMPOS DO JORDÃO",,"Amaranthaceae","Hebanthe","eriantha","(Poir.) Pedersen","AMARANTHACEAE Hebanthe eriantha (Poir.) Pedersen","SPSF00018631","Splink","SPSF",,"559",,"Ouro","Bronze",,
"ÁREA DE PROTEÇÃO AMBIENTAL CAMPOS DO JORDÃO","Angiosperms","Amaranthaceae","Hebanthe","pulverulenta","Mart.","AMARANTHACEAE Hebanthe pulverulenta Mart.","58104","GBIF","SP","Kuhlmann, M.","2511","Native","Bronze","Bronze",,"Fazenda da Guarda. A beira da Rodovia."
"ÁREA DE PROTEÇÃO AMBIENTAL CAMPOS DO JORDÃO",,"Amaranthaceae","Iresine","celosia",,"AMARANTHACEAE Iresine celosia","HBR0026802","Splink","HBR",,"4223",,"Prata","Bronze",,"Entre Campos do Jordão e Eng. Lefévre"
"ÁREA DE PROTEÇÃO AMBIENTAL CAMPOS DO JORDÃO","Angiosperms","Amaranthaceae","Pfaffia",,"Mart.","AMARANTHACEAE Pfaffia Mart.","US01332985","GBIF","US","Kuhlmann, M.","2511",,"Latão","Bronze","jbrj-public.s3-sa-east-1.amazonaws.com/fsi/server?type=image&source=DZI/us/us/1/33/29/85/us01332985.dzi","Fazenda da Guarda. A beira da Rodovia."
"ÁREA DE PROTEÇÃO AMBIENTAL CAMPOS DO JORDÃO","Angiosperms","Amaryllidaceae","Allium",,"L.","AMARYLLIDACEAE Allium L.","SPSF00054817","Splink","SPSF",,"8905",,"Latão","Ouro",,"Parque Estadual Mananciais de Campos do Jordão"
"ÁREA DE PROTEÇÃO AMBIENTAL CAMPOS DO JORDÃO","Angiosperms","Amaryllidaceae","Crinum","americanum","L.","AMARYLLIDACEAE Crinum americanum L.","069110","GBIF","UEC","Galvao, J.C.","26389","Native","Bronze","Bronze",,"Caminho para S. José dos Alpes"
"ÁREA DE PROTEÇÃO AMBIENTAL CAMPOS DO JORDÃO","Angiosperms","Amaryllidaceae","Hippeastrum","glaucescens","(Mart.) Herb.","AMARYLLIDACEAE Hippeastrum glaucescens (Mart.) Herb.","SPSF00011552","Splink","SPSF",,"500","Native","Bronze","Ouro",,"Parque Estadual de Campos do Jordão."
"ÁREA DE PROTEÇÃO AMBIENTAL CAMPOS DO JORDÃO",,"Amaryllidaceae","Leucobryum","albicans","(Schwägr.) Lindb.","AMARYLLIDACEAE Leucobryum albicans (Schwägr.) Lindb.","80965","GBIF","UFP","Vital, D.M.","9599",,"Bronze","Ouro",,"Horto Florestal, Na sede de Campos do Jordão."
"ÁREA DE PROTEÇÃO AMBIENTAL CAMPOS DO JORDÃO",,"Amaryllidaceae","Leucobryum","albidum","(Brid. ex P.Beauv.) Lindb.","AMARYLLIDACEAE Leucobryum albidum (Brid. ex P.Beauv.) Lindb.","7070","GBIF","IRAI","Gibertoni, R.S.","040",,"Bronze","Bronze",,"Condomínio Week Inn"
"ÁREA DE PROTEÇÃO AMBIENTAL CAMPOS DO JORDÃO",,"Amaryllidaceae","Leucobryum","clavatum","Hampe","AMARYLLIDACEAE Leucobryum clavatum Hampe","71058","GBIF","CESJ","Yano, O.","19632",,"Latão","Ouro",,"Parque Estadual de Campos do Jordão."
"ÁREA DE PROTEÇÃO AMBIENTAL CAMPOS DO JORDÃO",,"Amaryllidaceae","Leucobryum","giganteum","Müll.Hal.","AMARYLLIDACEAE Leucobryum giganteum Müll.Hal.","20385","GBIF","SJRP-BRYOPHYTA","Peralta, D.F.","200",,"Latão","Bronze",,
"ÁREA DE PROTEÇÃO AMBIENTAL CAMPOS DO JORDÃO","Angiosperms","Amaryllidaceae","Nothoscordum","gracile","(Aiton) Stearn","AMARYLLIDACEAE Nothoscordum gracile (Aiton) Stearn","250746","GBIF","R","Emmerich, W.",,"Native","Latão","Ouro","https://images.cria.org.br/viewer/R010094340 | https://images.cria.org.br/viewer/R010094341","Parque Estadual de Campos do Jordão. Viveiro do Parque."
"ÁREA DE PROTEÇÃO AMBIENTAL CAMPOS DO JORDÃO","Angiosperms","Amaryllidaceae","Zephyranthes","candida","(Lindl.) Herb.","AMARYLLIDACEAE Zephyranthes candida (Lindl.) Herb.","PACA027872","Splink","PACA",,,"Native","Bronze","Bronze",,
"ÁREA DE PROTEÇÃO AMBIENTAL CAMPOS DO JORDÃO","Angiosperms","Anacardiaceae","Lithraea","molleoides","(Vell.) Engl.","ANACARDIACEAE Lithraea molleoides (Vell.) Engl.","SPSF00008775","Splink","SPSF",,"s/n","Native","Bronze","Ouro",,"Parque Estadual de Campos do Jordão."
"ÁREA DE PROTEÇÃO AMBIENTAL CAMPOS DO JORDÃO","Angiosperms","Anacardiaceae","Schinus","engleri","F.A.Barkley","ANACARDIACEAE Schinus engleri F.A.Barkley","BOTU020669","Splink","BOTU",,"1025","Native","Ouro","Bronze",,"Parque Ferradura"
"ÁREA DE PROTEÇÃO AMBIENTAL CAMPOS DO JORDÃO",,"Anacardiaceae","Schinus","longifolius",,"ANACARDIACEAE Schinus longifolius","HRB00002284","Splink","HRB",,"1144",,"Bronze","Ouro",,"Parque Est. Campos do Jordão, Inst. florestal, Secr. Agricultura, campos do Morro da colônia Folha Cartográfica."
"ÁREA DE PROTEÇÃO AMBIENTAL CAMPOS DO JORDÃO","Angiosperms","Anacardiaceae","Schinus","ramboi","F.A.Barkley","ANACARDIACEAE Schinus ramboi F.A.Barkley","NY00438031","GBIF","NY","Pirani, J.R.","2515","Native","Ouro","Bronze","jbrj-public.s3-sa-east-1.amazonaws.com/fsi/server?type=image&source=DZI/newyork/ny_/v-179-00/43/80/31/ny_v-179-00438031.dzi","Entre Campos do Jordão e Piranguçu. Serra da Mantiqueira. Descendo da Serra para Venceslau Brás."
"ÁREA DE PROTEÇÃO AMBIENTAL CAMPOS DO JORDÃO","Ferns and Lycophytes","Anemiaceae","Anemia","hirsuta","(L.) Sw.","ANEMIACEAE Anemia hirsuta (L.) Sw.","26897","GBIF","CESJ","Novelino, R.F.","1166","Native","Bronze","Ouro","https://images.cria.org.br/viewer/CESJ026897","Parque Estadual de Campos do Jordão"
"ÁREA DE PROTEÇÃO AMBIENTAL CAMPOS DO JORDÃO","Ferns and Lycophytes","Anemiaceae","Anemia","phyllitidis","(L.) Sw.","ANEMIACEAE Anemia phyllitidis (L.) Sw.","180471","GBIF","UB","Carvalho-Silva, M.","1282","Native","Ouro","Bronze","https://images.cria.org.br/viewer/UB0035675",
"ÁREA DE PROTEÇÃO AMBIENTAL CAMPOS DO JORDÃO","Ferns and Lycophytes","Anemiaceae","Anemia","raddiana","Link","ANEMIACEAE Anemia raddiana Link","51373","GBIF","SPSF","Maruyama, A.","310","Native","Bronze","Bronze",,
"ÁREA DE PROTEÇÃO AMBIENTAL CAMPOS DO JORDÃO","Ferns and Lycophytes","Anemiaceae","Anemia","tomentosa","(Sav.) Sw.","ANEMIACEAE Anemia tomentosa (Sav.) Sw.","429748","GBIF","MBM","Canestraro, B.K.","1492","Native","Ouro","Bronze","https://images.cria.org.br/viewer/MBM429748","Morro do Elefante."
"ÁREA DE PROTEÇÃO AMBIENTAL CAMPOS DO JORDÃO","Ferns and Lycophytes","Anemiaceae","Anemia","villosa","Humb. & Bonpl. ex Willd.","ANEMIACEAE Anemia villosa Humb. & Bonpl. ex Willd.","5588","GBIF","UB","Gomes Junior, J.C.","1648","Native","Ouro","Bronze","https://images.cria.org.br/viewer/UB0032400","Estrada do areal, Vale do rio Coxim."
"ÁREA DE PROTEÇÃO AMBIENTAL CAMPOS DO JORDÃO","Angiosperms","Annonaceae","Annona","emarginata","(Schltdl.) H.Rainer","ANNONACEAE Annona emarginata (Schltdl.) H.Rainer","MBM108537","Splink","MBM",,"1360","Native","Ouro","Bronze",,"Campos do Jordão."
"ÁREA DE PROTEÇÃO AMBIENTAL CAMPOS DO JORDÃO","Angiosperms","Annonaceae","Guatteria","australis","A.St.-Hil.","ANNONACEAE Guatteria australis A.St.-Hil.","ESA013796","Splink","ESA",,"1257","Native","Ouro","Bronze",,
"ÁREA DE PROTEÇÃO AMBIENTAL CAMPOS DO JORDÃO","Angiosperms","Annonaceae","Porcelia","macrocarpa","(Warm.) R.E.Fr.","ANNONACEAE Porcelia macrocarpa (Warm.) R.E.Fr.","SPSF00007282","Splink","SPSF",,,"Native","Latão","Bronze",,"Parque Estadual do Instituto Florestal."
"ÁREA DE PROTEÇÃO AMBIENTAL CAMPOS DO JORDÃO",,"Annonaceae","Porella","brasiliensis","(Raddi) Schiffn.","ANNONACEAE Porella brasiliensis (Raddi) Schiffn.","7075","GBIF","IRAI","Gibertoni, R.S.","045",,"Bronze","Bronze",,"Condomínio Week Inn"
"ÁREA DE PROTEÇÃO AMBIENTAL CAMPOS DO JORDÃO","Angiosperms","Annonaceae","Xylopia","brasiliensis","Spreng.","ANNONACEAE Xylopia brasiliensis Spreng.","SPSF00006206","Splink","SPSF",,,"Native","Latão","Bronze",,"Parque Estadual do Instituto Florestal."
"ÁREA DE PROTEÇÃO AMBIENTAL CAMPOS DO JORDÃO","Angiosperms","Apiaceae","Centella","asiatica","(L.) Urb.","APIACEAE Centella asiatica (L.) Urb.","15244","GBIF","UEC","Davis, P.H.","3085","Native","Ouro","Bronze",,"Reserva do Instituto Florestal, Estrada para Paiol."
"ÁREA DE PROTEÇÃO AMBIENTAL CAMPOS DO JORDÃO","Angiosperms","Apiaceae","Cyclospermum","leptophyllum","(Pers.) Sprague ex Britton & P.Wilson","APIACEAE Cyclospermum leptophyllum (Pers.) Sprague ex Britton & P.Wilson","180276","GBIF","UB","Carvalho-Silva, M.","1239","Native","Ouro","Bronze","https://images.cria.org.br/viewer/UB0116088",
"ÁREA DE PROTEÇÃO AMBIENTAL CAMPOS DO JORDÃO","Angiosperms","Apiaceae","Daucus","carota","L.","APIACEAE Daucus carota L.","148533","GBIF","SPF","Hashimoto, G.","317","Cultivated","Ouro","Bronze","https://images.cria.org.br/viewer/SPF00148533",
"ÁREA DE PROTEÇÃO AMBIENTAL CAMPOS DO JORDÃO","Angiosperms","Apiaceae","Eryngium","canaliculatum","Cham. & Schltdl.","APIACEAE Eryngium canaliculatum Cham. & Schltdl.","RFA50375","Splink","RFA",,"8021","Native","Ouro","Bronze",,"Estrada para Pico Itapeva"
"ÁREA DE PROTEÇÃO AMBIENTAL CAMPOS DO JORDÃO","Angiosperms","Apiaceae","Eryngium","ciliatum","Cham. & Schltdl.","APIACEAE Eryngium ciliatum Cham. & Schltdl.","SPSF00015847","Splink","SPSF",,"20","Native","Bronze","Bronze",,"Pico do Itapeva."
"ÁREA DE PROTEÇÃO AMBIENTAL CAMPOS DO JORDÃO","Angiosperms","Apiaceae","Eryngium","eurycephalum","Malme","APIACEAE Eryngium eurycephalum Malme","ESA025705","GBIF","ESA","Barreto, K.D.","1077","Native","Ouro","Bronze","jbrj-public.s3-sa-east-1.amazonaws.com/fsi/server?type=image&source=DZI/esa/esa/0/2/57/5/esa00025705.dzi",
"ÁREA DE PROTEÇÃO AMBIENTAL CAMPOS DO JORDÃO","Angiosperms","Apiaceae","Eryngium","horridum","Malme","APIACEAE Eryngium horridum Malme","47889","GBIF","SPSF","Barreto, T.E.","206","Native","Latão","Ouro","https://images.cria.org.br/viewer/SPSF00047889","Parque Estadual de Campos do Jordão."
"ÁREA DE PROTEÇÃO AMBIENTAL CAMPOS DO JORDÃO","Angiosperms","Apiaceae","Eryngium","paniculatum","Cav. & Dombey ex F.Delaroche","APIACEAE Eryngium paniculatum Cav. & Dombey ex F.Delaroche","24104","GBIF","IAC",,"s/nº","Unknown","Bronze","Bronze",,
"ÁREA DE PROTEÇÃO AMBIENTAL CAMPOS DO JORDÃO","Angiosperms","Apiaceae","Eryngium","pohlianum","Urb.","APIACEAE Eryngium pohlianum Urb.","SPSF00008455","Splink","SPSF",,"s/n","Native","Bronze","Ouro",,"P.E. de Campos do Jordão."
"ÁREA DE PROTEÇÃO AMBIENTAL CAMPOS DO JORDÃO","Angiosperms","Apiaceae","Eryngium","proliferum","Brade","APIACEAE Eryngium proliferum Brade","57486","GBIF","SPSF","Shirasuna, R.T.","5334","Native","Bronze","Ouro","https://images.cria.org.br/viewer/SPSF00057486","Parque Estadual de Campos do Jordão"
"ÁREA DE PROTEÇÃO AMBIENTAL CAMPOS DO JORDÃO","Angiosperms","Apiaceae","Foeniculum","vulgare","Mill.","APIACEAE Foeniculum vulgare Mill.",,"GBIF",,,,"Cultivated","Latão","Bronze",,
"ÁREA DE PROTEÇÃO AMBIENTAL CAMPOS DO JORDÃO","Angiosperms","Apocynaceae","Araujia","sericifera","Brot.","APOCYNACEAE Araujia sericifera Brot.",,"GBIF",,,,"Native","Latão","Bronze",,
"ÁREA DE PROTEÇÃO AMBIENTAL CAMPOS DO JORDÃO","Angiosperms","Apocynaceae","Asclepias","curassavica","L.","APOCYNACEAE Asclepias curassavica L.","RFA15908","Splink","RFA",,"8262","Native","Bronze","Bronze",,"Água Santa"
"ÁREA DE PROTEÇÃO AMBIENTAL CAMPOS DO JORDÃO","Angiosperms","Apocynaceae","Aspidosperma","polyneuron","Müll.Arg.","APOCYNACEAE Aspidosperma polyneuron Müll.Arg.","SPSF00010769","Splink","SPSF",,"243","Native","Latão","Bronze",,"Parque Estadual do Instituto Florestal."
"ÁREA DE PROTEÇÃO AMBIENTAL CAMPOS DO JORDÃO","Angiosperms","Apocynaceae","Aspidosperma","ramiflorum","Müll.Arg.","APOCYNACEAE Aspidosperma ramiflorum Müll.Arg.","SPSF00007185","Splink","SPSF",,,"Native","Latão","Bronze",,"Parque Estadual do Instituto Florestal."
"ÁREA DE PROTEÇÃO AMBIENTAL CAMPOS DO JORDÃO",,"Apocynaceae","Cryptothecia",,,"APOCYNACEAE Cryptothecia sp.","202610","Splink","ICN",,"11_P22",,"Bronze","Bronze",,"Serra da Mantiqueira"
"ÁREA DE PROTEÇÃO AMBIENTAL CAMPOS DO JORDÃO","Angiosperms","Apocynaceae","Ditassa","conceptionis","Fontella","APOCYNACEAE Ditassa conceptionis Fontella","HUEFS0068484","Splink","HUEFS",,"1016","Native","Ouro","Bronze",,"Pico do Itapeva."
"ÁREA DE PROTEÇÃO AMBIENTAL CAMPOS DO JORDÃO","Angiosperms","Apocynaceae","Gomphocarpus","physocarpus","E.Mey.","APOCYNACEAE Gomphocarpus physocarpus E.Mey.",,"GBIF",,,,"Naturalized","Latão","Bronze",,
"ÁREA DE PROTEÇÃO AMBIENTAL CAMPOS DO JORDÃO","Angiosperms","Apocynaceae","Mandevilla","emarginata","(Vell.) C.Ezcurra","APOCYNACEAE Mandevilla emarginata (Vell.) C.Ezcurra","HUEFS0169178","Splink","HUEFS",,"554","Native","Ouro","Bronze",,"Estrada do Parque Estadual, em campo logo após a fazenda Lagoinha."
"ÁREA DE PROTEÇÃO AMBIENTAL CAMPOS DO JORDÃO","Angiosperms","Apocynaceae","Mandevilla","illustris","(Vell.) Woodson","APOCYNACEAE Mandevilla illustris (Vell.) Woodson","RB00045178","GBIF","RB","Porto, P.C.","3414","Native","Ouro","Bronze","jbrj-public-img.s3-sa-east-1.amazonaws.com/JPG/rb/0/4/51/78/00045178.jpg","Campos de Jordao"
"ÁREA DE PROTEÇÃO AMBIENTAL CAMPOS DO JORDÃO","Angiosperms","Apocynaceae","Mandevilla","velame","(A.St.-Hil.) Pichon","APOCYNACEAE Mandevilla velame (A.St.-Hil.) Pichon","5591","GBIF","UB","Gomes Junior, J.C.","1651","Native","Bronze","Bronze",,"Estrada do areal, Vale do rio Coxim."
"ÁREA DE PROTEÇÃO AMBIENTAL CAMPOS DO JORDÃO","Angiosperms","Apocynaceae","Nerium","oleander","L.","APOCYNACEAE Nerium oleander L.","SPSF00009473","Splink","SPSF",,"121","Cultivated","Latão","Bronze",,"Parque Estadual do Instituto Florestal."
"ÁREA DE PROTEÇÃO AMBIENTAL CAMPOS DO JORDÃO","Angiosperms","Apocynaceae","Orthosia","scoparia","(Nutt.) Liede & Meve","APOCYNACEAE Orthosia scoparia (Nutt.) Liede & Meve","57452","Splink","CEPEC",,"2668","Native","Bronze","Bronze",,"Caminho ca Cachoeira, ao longo do rio das Trutas."
"ÁREA DE PROTEÇÃO AMBIENTAL CAMPOS DO JORDÃO","Angiosperms","Apocynaceae","Orthosia","selloana","(E.Fourn.) Liede & Meve","APOCYNACEAE Orthosia selloana (E.Fourn.) Liede & Meve","HUEFS0068485","Splink","HUEFS",,"1017","Native","Ouro","Bronze",,"Pico do Itapeva."
"ÁREA DE PROTEÇÃO AMBIENTAL CAMPOS DO JORDÃO",,"Apocynaceae","Orthostichella","pachygastrella","(Müll.Hal. ex Ångstr.) B.H.Allen & Magill","APOCYNACEAE Orthostichella pachygastrella (Müll.Hal. ex Ångstr.) B.H.Allen & Magill","4404","GBIF","IRAI","Gibertoni, R.S.","019",,"Bronze","Bronze",,"Próximo à Represa do Fojo, Condomínio Week Inn"
"ÁREA DE PROTEÇÃO AMBIENTAL CAMPOS DO JORDÃO",,"Apocynaceae","Orthostichella","versicolor",,"APOCYNACEAE Orthostichella versicolor","NY02164577","Splink","NY",,"9682",,"Latão","Bronze",,
"ÁREA DE PROTEÇÃO AMBIENTAL CAMPOS DO JORDÃO","Angiosperms","Apocynaceae","Oxypetalum","appendiculatum","Mart.","APOCYNACEAE Oxypetalum appendiculatum Mart.","152245","GBIF","SPF","Mello-Silva, R.","1940","Native","Ouro","Ouro","https://images.cria.org.br/viewer/SPF00152245","Parque Estadual de Campos do Jordão, Trilha do Rio Sapucaí."
"ÁREA DE PROTEÇÃO AMBIENTAL CAMPOS DO JORDÃO","Angiosperms","Apocynaceae","Oxypetalum","erectum","Mart.","APOCYNACEAE Oxypetalum erectum Mart.","PACA027883","Splink","PACA",,,"Native","Prata","Bronze",,
"ÁREA DE PROTEÇÃO AMBIENTAL CAMPOS DO JORDÃO","Angiosperms","Apocynaceae","Oxypetalum","insigne","(Decne.) Fontella & E.A.Schwarz","APOCYNACEAE Oxypetalum insigne var. glabrum (Decne.) Fontella & E.A.Schwarz","HRCB025129","Splink","HRCB",,"2080","Native","Bronze","Bronze",,"Umuarama"
"ÁREA DE PROTEÇÃO AMBIENTAL CAMPOS DO JORDÃO","Angiosperms","Apocynaceae","Oxypetalum","mosenii","(Malme) Malme","APOCYNACEAE Oxypetalum mosenii (Malme) Malme","PACA027817","Splink","PACA",,,"Native","Bronze","Bronze",,
"ÁREA DE PROTEÇÃO AMBIENTAL CAMPOS DO JORDÃO","Angiosperms","Apocynaceae","Oxypetalum","strictum","Mart.","APOCYNACEAE Oxypetalum strictum Mart.","5776","GBIF","UB","Gomes Junior, J.C.","1664","Native","Ouro","Bronze","https://images.cria.org.br/viewer/UB0136451","Estrada do areal, Vale do rio Coxim."
"ÁREA DE PROTEÇÃO AMBIENTAL CAMPOS DO JORDÃO","Angiosperms","Apocynaceae","Oxypetalum","sublanatum","Malme","APOCYNACEAE Oxypetalum sublanatum Malme","PACA027766","Splink","PACA",,,"Native","Prata","Bronze",,
"ÁREA DE PROTEÇÃO AMBIENTAL CAMPOS DO JORDÃO","Angiosperms","Apocynaceae","Peplonia","axillaris","(Vell.) Fontella","APOCYNACEAE Peplonia axillaris (Vell.) Fontella","1282223","Splink","MO-DUPLICATES",,"3526","Native","Ouro","Bronze",,"Campos do Jordão"
"ÁREA DE PROTEÇÃO AMBIENTAL CAMPOS DO JORDÃO",,"Apocynaceae","Pilotrichella","mucronatula","(Müll.Hal.) Broth.","APOCYNACEAE Pilotrichella mucronatula (Müll.Hal.) Broth.","149809","GBIF","SP-BRYOPHYTA","Vital, D.M.","9691",,"Latão","Bronze",,"ca. 3 km W da engarrafadora Minalva"
"ÁREA DE PROTEÇÃO AMBIENTAL CAMPOS DO JORDÃO","Angiosperms","Apocynaceae","Prestonia","calycina","Müll.Arg.","APOCYNACEAE Prestonia calycina Müll.Arg.","45341","GBIF","SPSF","Polisel, R.T.","1018","Native","Bronze","Ouro","https://images.cria.org.br/viewer/SPSF00045341","Parque Estadual de Campos do Jordão"
"ÁREA DE PROTEÇÃO AMBIENTAL CAMPOS DO JORDÃO","Angiosperms","Apocynaceae","Tabernaemontana","laeta","Mart.","APOCYNACEAE Tabernaemontana laeta Mart.","SPSF00006422","Splink","SPSF",,,"Native","Ouro","Bronze",,"Parque Estadual do Instituto Florestal."
"ÁREA DE PROTEÇÃO AMBIENTAL CAMPOS DO JORDÃO","Angiosperms","Apocynaceae","Thevetia","peruviana","(Pers.) K.Schum.","APOCYNACEAE Thevetia peruviana (Pers.) K.Schum.","SPSF00008254","Splink","SPSF",,,"Native","Latão","Bronze",,"Parque Estadual do Instituto Florestal."
"ÁREA DE PROTEÇÃO AMBIENTAL CAMPOS DO JORDÃO","Angiosperms","Apocynaceae","Vinca","major","L.","APOCYNACEAE Vinca major L.","HPL011873","Splink","HPL",,"1177","Cultivated","Bronze","Bronze",,"Coletada e cultivada como ornamental"
"ÁREA DE PROTEÇÃO AMBIENTAL CAMPOS DO JORDÃO","Angiosperms","Apocynaceae","Vinca","minor","L.","APOCYNACEAE Vinca minor L.","HRCB008884","Splink","HRCB",,"519","Cultivated","Latão","Bronze",,"Estrada para São José dos Alpes"
"ÁREA DE PROTEÇÃO AMBIENTAL CAMPOS DO JORDÃO","Angiosperms","Aquifoliaceae","Ilex","cerasifolia","Reissek","AQUIFOLIACEAE Ilex cerasifolia Reissek","21188","GBIF","BOTU","Amaral Junior, A.B.R.H.","12296-49","Native","Latão","Bronze","https://images.cria.org.br/viewer/BOTU021188","Caminho de São José dos Alpes. Trilha do Sapucaí, à margem do Rio Sapucaí"
"ÁREA DE PROTEÇÃO AMBIENTAL CAMPOS DO JORDÃO","Angiosperms","Aquifoliaceae","Ilex","chamaedryfolia","Reissek","AQUIFOLIACEAE Ilex chamaedryfolia Reissek","SPSF00015285","Splink","SPSF",,"238","Native","Ouro","Bronze",,"Morro do Elefante."
"ÁREA DE PROTEÇÃO AMBIENTAL CAMPOS DO JORDÃO","Angiosperms","Aquifoliaceae","Ilex","dumosa","Reissek","AQUIFOLIACEAE Ilex dumosa Reissek","74215","GBIF","SP","Kuhlmann, M.","2090","Native","Bronze","Bronze","https://images.cria.org.br/viewer/SP010543","Umuarama"
"ÁREA DE PROTEÇÃO AMBIENTAL CAMPOS DO JORDÃO","Angiosperms","Aquifoliaceae","Ilex","microdonta","Reissek","AQUIFOLIACEAE Ilex microdonta Reissek","SPSF00011731","Splink","SPSF",,"516","Native","Ouro","Ouro",,"Parque Estadual."
"ÁREA DE PROTEÇÃO AMBIENTAL CAMPOS DO JORDÃO","Angiosperms","Aquifoliaceae","Ilex","paraguariensis","A.St.-Hil.","AQUIFOLIACEAE Ilex paraguariensis A.St.-Hil.","HB000012380","Splink","HB",,"2069","Native","Ouro","Bronze",,"Umuarama."
"ÁREA DE PROTEÇÃO AMBIENTAL CAMPOS DO JORDÃO","Angiosperms","Aquifoliaceae","Ilex","pseudobuxus","Reissek","AQUIFOLIACEAE Ilex pseudobuxus Reissek","SPSF00037706","Splink","SPSF",,"209","Native","Bronze","Bronze",,"Trilha da Cachoeira."
"ÁREA DE PROTEÇÃO AMBIENTAL CAMPOS DO JORDÃO","Angiosperms","Aquifoliaceae","Ilex","taubertiana","Loes.","AQUIFOLIACEAE Ilex taubertiana Loes.","35331","GBIF","HRCB","Fiaschi, P.","522","Native","Ouro","Bronze",,"Brasil. São Paulo. Mun. Campos de Jordão. Estrada de acesso para o Pico do Itapeva. Ca 22°45'S, 45°31'W, ca. 1870 m alt."
"ÁREA DE PROTEÇÃO AMBIENTAL CAMPOS DO JORDÃO","Angiosperms","Aquifoliaceae","Ilex","theezans","Mart. ex Reissek","AQUIFOLIACEAE Ilex theezans Mart. ex Reissek","SPSF00018126","Splink","SPSF",,"792","Native","Ouro","Bronze",,"P.E.Mananciais."
"ÁREA DE PROTEÇÃO AMBIENTAL CAMPOS DO JORDÃO","Angiosperms","Araceae","Asterostigma","lividum","(Lodd.) Engl.","ARACEAE Asterostigma lividum (Lodd.) Engl.","57387","GBIF","SPSF","Shirasuna, R.T.","5298","Native","Latão","Ouro","https://images.cria.org.br/viewer/SPSF00057387","Parque Estadual de Campos do Jordão"
"ÁREA DE PROTEÇÃO AMBIENTAL CAMPOS DO JORDÃO","Angiosperms","Araceae","Philodendron","cordatum","Kunth ex Schott","ARACEAE Philodendron cordatum Kunth ex Schott","54520","GBIF","SP","Kuhlmann, M.","2194","Native","Ouro","Ouro","https://images.cria.org.br/viewer/SP049664","Fazenda da Guarda."
"ÁREA DE PROTEÇÃO AMBIENTAL CAMPOS DO JORDÃO","Angiosperms","Araceae","Philodendron","minarum","Engl.","ARACEAE Philodendron minarum Engl.","51401","GBIF","SPSF","Maruyama, A.","338","Native","Bronze","Bronze",,
"ÁREA DE PROTEÇÃO AMBIENTAL CAMPOS DO JORDÃO",,"Araceae","Philonotis",,"Brid.","ARACEAE Philonotis Brid.","83442","GBIF","HUEFS","Franca, F.","4890",,"Bronze","Bronze",,"Rodovia SP 123 (Floriano Pinheiro): km 43."
"ÁREA DE PROTEÇÃO AMBIENTAL CAMPOS DO JORDÃO",,"Araceae","Phyllogonium","fulgens","(Hedw.) Brid.","ARACEAE Phyllogonium fulgens (Hedw.) Brid.","170459","GBIF","SP-BRYOPHYTA","Bookerman, W.C.A.","s.n.",,"Latão","Bronze",,"faz Lagoinha"
"ÁREA DE PROTEÇÃO AMBIENTAL CAMPOS DO JORDÃO",,"Araceae","Phyllogonium","immersum","Mitt.","ARACEAE Phyllogonium immersum Mitt.","149817","GBIF","SP-BRYOPHYTA","Vital, D.M.","9702",,"Bronze","Bronze",,"ca. 3 km W da engarrafadora Minalva"
"ÁREA DE PROTEÇÃO AMBIENTAL CAMPOS DO JORDÃO",,"Araceae","Phyllogonium","viride","Brid.","ARACEAE Phyllogonium viride Brid.","http://mus.utu.fi/TBR.122638","GBIF","TUR","Vital, D.M.","Vital, D.M.; 9702",,"Bronze","Bronze",,"ca. 3 km W da engarrafadora Minalva"
"ÁREA DE PROTEÇÃO AMBIENTAL CAMPOS DO JORDÃO","Angiosperms","Araceae","Thaumatophyllum","brasiliense","(Engl.) Sakur., Calazans & Mayo","ARACEAE Thaumatophyllum brasiliense (Engl.) Sakur., Calazans & Mayo","228514402","GBIF","Observations","Glm_wildlife",,"Native","Bronze","Bronze",,"Lot Valeu Noiva, Campos do Jordão - SP, 12460-000, Brasil"
"ÁREA DE PROTEÇÃO AMBIENTAL CAMPOS DO JORDÃO","Angiosperms","Araceae","Xanthosoma","taioba","E.G.Gonç.","ARACEAE Xanthosoma taioba E.G.Gonç.",,"GBIF",,,,"Native","Latão","Bronze",,
"ÁREA DE PROTEÇÃO AMBIENTAL CAMPOS DO JORDÃO","Angiosperms","Araceae","Zantedeschia","aethiopica","(L.) Spreng.","ARACEAE Zantedeschia aethiopica (L.) Spreng.","ESA010894","GBIF","ESA","Barreto, K.D.","1024","Cultivated","Ouro","Bronze","jbrj-public.s3-sa-east-1.amazonaws.com/fsi/server?type=image&source=DZI/esa/esa/0/1/8/94/esa00010894.dzi",
"ÁREA DE PROTEÇÃO AMBIENTAL CAMPOS DO JORDÃO",,"Araceae|Rubiaceae","Zantedeschia|Richardia",,"Spreng.|L.","ARACEAE|RUBIACEAE Zantedeschia Spreng.|Richardia L.","SP061120","Splink","SP-BRYOPHYTA",,"578",,"Latão","Bronze",,"Monteiro Lobato"
"ÁREA DE PROTEÇÃO AMBIENTAL CAMPOS DO JORDÃO","Angiosperms","Araliaceae","Dendropanax","cuneatus","(DC.) Decne. & Planch.","ARALIACEAE Dendropanax cuneatus (DC.) Decne. & Planch.","SPSF00013026","Splink","SPSF",,"1","Native","Ouro","Bronze",,"Parque Estadual do Instituto Florestal."
"ÁREA DE PROTEÇÃO AMBIENTAL CAMPOS DO JORDÃO","Angiosperms","Araliaceae","Didymopanax","angustissimus","Marchal","ARALIACEAE Didymopanax angustissimus Marchal","SPSF00012034","Splink","SPSF",,"590","Native","Latão","Ouro",,"P.E. de Campos do Jordão."
"ÁREA DE PROTEÇÃO AMBIENTAL CAMPOS DO JORDÃO","Angiosperms","Araliaceae","Didymopanax","calvus","(Cham.) Decne. & Planch.","ARALIACEAE Didymopanax calvus (Cham.) Decne. & Planch.","44312","GBIF","IAC","Kuhlmann, M.","2050","Native","Ouro","Bronze",,"Umuarama"
"ÁREA DE PROTEÇÃO AMBIENTAL CAMPOS DO JORDÃO","Angiosperms","Araliaceae","Didymopanax","longipetiolatus","(Pohl ex DC.) Marchal","ARALIACEAE Didymopanax longipetiolatus (Pohl ex DC.) Marchal","PEL0000887","Splink","PEL",,"1225","Native","Ouro","Ouro",,"Horto Florestal"
"ÁREA DE PROTEÇÃO AMBIENTAL CAMPOS DO JORDÃO","Angiosperms","Araliaceae","Didymopanax","morototoni","(Aubl.) Decne. & Planch.","ARALIACEAE Didymopanax morototoni (Aubl.) Decne. & Planch.","010658","GBIF","ESA","Barreto, K.D.","1051","Native","Latão","Bronze",,
"ÁREA DE PROTEÇÃO AMBIENTAL CAMPOS DO JORDÃO","Angiosperms","Araliaceae","Hedera","helix","L.","ARALIACEAE Hedera helix L.","FLOR0084682","Splink","FLOR",,,"Cultivated","Bronze","Bronze",,"Abernéssia."
"ÁREA DE PROTEÇÃO AMBIENTAL CAMPOS DO JORDÃO","Angiosperms","Araliaceae","Hydrocotyle","alpina","Vell.","ARALIACEAE Hydrocotyle alpina Vell.","PACA027793-1","Splink","PACA",,,"Native","Bronze","Bronze",,
"ÁREA DE PROTEÇÃO AMBIENTAL CAMPOS DO JORDÃO","Angiosperms","Araliaceae","Hydrocotyle","callicephala","Cham & Schltdl.","ARALIACEAE Hydrocotyle callicephala Cham & Schltdl.","40889","GBIF","SPSF","Polisel, R.T.","860","Native","Bronze","Ouro",,"Parque Estadual de Campos do Jordão"
"ÁREA DE PROTEÇÃO AMBIENTAL CAMPOS DO JORDÃO","Angiosperms","Araliaceae","Hydrocotyle","exigua","(Urb.) Malme","ARALIACEAE Hydrocotyle exigua (Urb.) Malme","15241","GBIF","UEC","Davis, P.H.","3084","Native","Bronze","Bronze","https://images.cria.org.br/viewer/UEC053722","Reserva do Instituto Florestal, Estrada para Paiol. Campo limpo. Em barrancos."
"ÁREA DE PROTEÇÃO AMBIENTAL CAMPOS DO JORDÃO","Angiosperms","Araliaceae","Hydrocotyle","itatiaiensis","Brade","ARALIACEAE Hydrocotyle itatiaiensis Brade","42954","GBIF","SP","Hashimoto, G.","319","Native","Bronze","Bronze","https://images.cria.org.br/viewer/SP116663",
"ÁREA DE PROTEÇÃO AMBIENTAL CAMPOS DO JORDÃO","Angiosperms","Araliaceae","Hydrocotyle","leucocephala","Cham. & Schltdl.","ARALIACEAE Hydrocotyle leucocephala Cham. & Schltdl.","1798","GBIF","HRCB","Windisch, P.G.","3110","Native","Bronze","Bronze",,"P.E.C.J. São José dos Alpes"
"ÁREA DE PROTEÇÃO AMBIENTAL CAMPOS DO JORDÃO","Angiosperms","Araliaceae","Hydrocotyle","pusilla","A.Rich.","ARALIACEAE Hydrocotyle pusilla A.Rich.","77653","GBIF","SP","Kuhlmann, M.","2007","Native","Bronze","Ouro",,"Fazenda da Guarda"
"ÁREA DE PROTEÇÃO AMBIENTAL CAMPOS DO JORDÃO","Angiosperms","Araliaceae","Hydrocotyle","quinqueloba","Ruiz & Pav.","ARALIACEAE Hydrocotyle quinqueloba Ruiz & Pav.","1482","Splink","MACK",,"4","Unknown","Bronze","Bronze",,
"ÁREA DE PROTEÇÃO AMBIENTAL CAMPOS DO JORDÃO","Angiosperms","Araliaceae","Oreopanax","fulvus","Marchal","ARALIACEAE Oreopanax fulvus Marchal","38702","GBIF","IAC","Vanuza","s/nº","Native","Ouro","Bronze",,"Lagoinha, propriedade de José Carlos R. Magalhães"
"ÁREA DE PROTEÇÃO AMBIENTAL CAMPOS DO JORDÃO","Angiosperms","Araliaceae","Schefflera",,"J.R.Forst. & G.Forst.","ARALIACEAE Schefflera J.R.Forst. & G.Forst.","6134","Splink","BCTw",,,,"Bronze","Bronze",,"Umuarama"
"ÁREA DE PROTEÇÃO AMBIENTAL CAMPOS DO JORDÃO","Gymnosperms","Araucariaceae","Araucaria","angustifolia","(Bertol.) Kuntze","ARAUCARIACEAE Araucaria angustifolia (Bertol.) Kuntze","US 1421622","GBIF","US","Harshberger, J.W.","936","Native","Ouro","Bronze","https://collections.nmnh.si.edu/media/?i=11601356; 11906740",
"ÁREA DE PROTEÇÃO AMBIENTAL CAMPOS DO JORDÃO","Gymnosperms","Araucariaceae","Araucaria","bidwillii","Hook.","ARAUCARIACEAE Araucaria bidwillii Hook.","24664","GBIF","HAS","Mattos, J.","27065","Cultivated","Latão","Bronze",,
"ÁREA DE PROTEÇÃO AMBIENTAL CAMPOS DO JORDÃO",,"Arecaceae","Dictyonema","glabratum",,"ARECACEAE Dictyonema glabratum","073584","Splink","ICN",,"4442",,"Bronze","Bronze",,"ao oeste da cidade, Parque"
"ÁREA DE PROTEÇÃO AMBIENTAL CAMPOS DO JORDÃO","Angiosperms","Asparagaceae|Orchidaceae","Trichocentrum",,"Poepp. & Endl.","ASPARAGACEAE|ORCHIDACEAE Trichocentrum Poepp. & Endl.","UB1285786","Splink","UB",,"1872",,"Latão","Bronze",,"Campos do Jordão, centro cultural."
"ÁREA DE PROTEÇÃO AMBIENTAL CAMPOS DO JORDÃO",,"Asphodelaceae","Dicranella","harrisii","(Müll.Hal.) Broth.","ASPHODELACEAE Dicranella harrisii (Müll.Hal.) Broth.","FR-0187050","GBIF","FR",,,,"Latão","Bronze",,"BRASIL. SAO PAULO. SERRA DA MANTIQUEIRA, CAMPOS DO JORDAO, bei MINALBA"
"ÁREA DE PROTEÇÃO AMBIENTAL CAMPOS DO JORDÃO","Ferns and Lycophytes","Aspleniaceae","Asplenium","auriculatum","Sw.","ASPLENIACEAE Asplenium auriculatum Sw.","US 2420963","GBIF","US","Leite, J.E.","3393","Native","Ouro","Bronze","https://collections.nmnh.si.edu/media/?i=11245970","Campos do Jordas"
"ÁREA DE PROTEÇÃO AMBIENTAL CAMPOS DO JORDÃO","Ferns and Lycophytes","Aspleniaceae","Asplenium","auritum","Sw.","ASPLENIACEAE Asplenium auritum Sw.","RBR00004146","GBIF","RBR","Sylvestre, L.S.","1290","Native","Ouro","Bronze","jbrj-public.s3-sa-east-1.amazonaws.com/fsi/server?type=image&source=DZI/rbr/rbr/0/0/41/46/rbr00004146.dzi","Parque Estadual de Campos do Jodão. Trilha para a Cachoeira."
"ÁREA DE PROTEÇÃO AMBIENTAL CAMPOS DO JORDÃO","Ferns and Lycophytes","Aspleniaceae","Asplenium","cristatum","Lam.","ASPLENIACEAE Asplenium cristatum Lam.","240923","GBIF","R","Santos, A.A.","59","Native","Ouro","Bronze","https://images.cria.org.br/viewer/R010073125 | https://images.cria.org.br/viewer/R010073126",
"ÁREA DE PROTEÇÃO AMBIENTAL CAMPOS DO JORDÃO","Ferns and Lycophytes","Aspleniaceae","Asplenium","flabellulatum","Kunze","ASPLENIACEAE Asplenium flabellulatum Kunze","7549","GBIF","BHCB","Salino, A.","552","Native","Latão","Ouro",,"Horto Florestal"
"ÁREA DE PROTEÇÃO AMBIENTAL CAMPOS DO JORDÃO","Ferns and Lycophytes","Aspleniaceae","Asplenium","gastonis","Fée","ASPLENIACEAE Asplenium gastonis Fée","17698","GBIF","UEC","Davis, P.H.","2977","Native","Ouro","Bronze","https://images.cria.org.br/viewer/UEC052545","Reserva do Insituto Florestal, São José dos Alpes ao lado de Guaratinguetá."
"ÁREA DE PROTEÇÃO AMBIENTAL CAMPOS DO JORDÃO","Ferns and Lycophytes","Aspleniaceae","Asplenium","harpeodes","Kunze","ASPLENIACEAE Asplenium harpeodes Kunze","RB00641925","GBIF","RB","Porto, T.C.","3049","Native","Ouro","Bronze","jbrj-public-img.s3-sa-east-1.amazonaws.com/JPG/rb/0/64/19/25/00641925.jpg","Campos de Jordão."
"ÁREA DE PROTEÇÃO AMBIENTAL CAMPOS DO JORDÃO","Ferns and Lycophytes","Aspleniaceae","Asplenium","incurvatum","Fée","ASPLENIACEAE Asplenium incurvatum Fée","102497439","Splink","MO-DUPLICATES",,"1469","Native","Ouro","Bronze",,"Campos do Jordão. Serra da Mantiqueira: NE of Campos do Jordão, off Estrada do Fójo, about 0.5 km E of its intersection with Avenida Pedro Paulo."
"ÁREA DE PROTEÇÃO AMBIENTAL CAMPOS DO JORDÃO","Ferns and Lycophytes","Aspleniaceae","Asplenium","mourai","Hieron.","ASPLENIACEAE Asplenium mourai Hieron.","29683","GBIF","BHCB","Salino, A.","1451","Native","Ouro","Bronze",,"Estrada velha para Santo Antônio do Pinhal, em frente ao Matadouro Municipal."
"ÁREA DE PROTEÇÃO AMBIENTAL CAMPOS DO JORDÃO","Ferns and Lycophytes","Aspleniaceae","Asplenium","pseudonitidum","Raddi","ASPLENIACEAE Asplenium pseudonitidum Raddi","06282","GBIF","SJRP","Windisch, P.G.","2953","Native","Ouro","Bronze","https://images.cria.org.br/viewer/SJRP00014087","divisa com Pindamonhangaba."
"ÁREA DE PROTEÇÃO AMBIENTAL CAMPOS DO JORDÃO","Ferns and Lycophytes","Aspleniaceae","Asplenium","serra","Langsd. & Fisch.","ASPLENIACEAE Asplenium serra Langsd. & Fisch.","06368","GBIF","SJRP","Windisch, P.G.","2921","Native","Ouro","Bronze","https://images.cria.org.br/viewer/SJRP00014118","divisa com Pindamonhangaba."
"ÁREA DE PROTEÇÃO AMBIENTAL CAMPOS DO JORDÃO",,"Aspleniaceae","Asplenium","sphaerosporum","A.R.Sm.","ASPLENIACEAE Asplenium sphaerosporum A.R.Sm.","3160534","GBIF","MO",,"3880",,"Bronze","Bronze",,
"ÁREA DE PROTEÇÃO AMBIENTAL CAMPOS DO JORDÃO","Ferns and Lycophytes","Aspleniaceae","Asplenium","uniseriale","Raddi","ASPLENIACEAE Asplenium uniseriale Raddi","56533","GBIF","UEC","Salino, A.","552","Native","Bronze","Ouro","https://images.cria.org.br/viewer/UEC060550","Horto Florestal"
"ÁREA DE PROTEÇÃO AMBIENTAL CAMPOS DO JORDÃO","Ferns and Lycophytes","Aspleniaceae","Asplenium","wacketii","Rosenst.","ASPLENIACEAE Asplenium wacketii Rosenst.","US 2420932","GBIF","US","Leite, J.E.","3552","Native","Ouro","Bronze","https://collections.nmnh.si.edu/media/?i=11260945","Campos do Jordao"
"ÁREA DE PROTEÇÃO AMBIENTAL CAMPOS DO JORDÃO","Angiosperms","Asteraceae","Acanthospermum","australe","(Loefl.) Kuntze","ASTERACEAE Acanthospermum australe (Loefl.) Kuntze","ESA048741","GBIF","ESA","Barreto, K.D.","2449","Native","Ouro","Bronze","jbrj-public.s3-sa-east-1.amazonaws.com/fsi/server?type=image&source=DZI/esa/esa/0/4/87/41/esa00048741.dzi",
"ÁREA DE PROTEÇÃO AMBIENTAL CAMPOS DO JORDÃO","Angiosperms","Asteraceae","Achillea","millefolium","L.","ASTERACEAE Achillea millefolium L.","PACA027843","Splink","PACA",,,"Cultivated","Prata","Bronze",,
"ÁREA DE PROTEÇÃO AMBIENTAL CAMPOS DO JORDÃO","Angiosperms","Asteraceae","Achyrocline","alata","(Kunth) DC.","ASTERACEAE Achyrocline alata (Kunth) DC.","123525","GBIF","SP","Sakane, M.","40","Native","Ouro","Bronze","https://images.cria.org.br/viewer/SP030245","Vila Matilde, 4km. do Centro, nas áreas do Sanatório São Francisco Xavier."
"ÁREA DE PROTEÇÃO AMBIENTAL CAMPOS DO JORDÃO","Angiosperms","Asteraceae","Achyrocline","albicans","Griseb.","ASTERACEAE Achyrocline albicans Griseb.","314194","GBIF","SP","Gomes Jr, J.C.","1662","Native","Bronze","Bronze",,"Estrada do areal, Vale do rio Coxim."
"ÁREA DE PROTEÇÃO AMBIENTAL CAMPOS DO JORDÃO","Angiosperms","Asteraceae","Achyrocline","candicans","(Kunth) DC.","ASTERACEAE Achyrocline candicans (Kunth) DC.","77487","GBIF","SP","Azevedo, L.G.","4","Unknown","Bronze","Bronze","https://images.cria.org.br/viewer/SP030252","16km SSW da estação de Emilio Ribas."
"ÁREA DE PROTEÇÃO AMBIENTAL CAMPOS DO JORDÃO","Angiosperms","Asteraceae","Achyrocline","flaccida","(Weinm.) DC.","ASTERACEAE Achyrocline flaccida (Weinm.) DC.","137750","GBIF","SP","Sakane, M.","178","Native","Bronze","Bronze",,"Vila Capivari."
"ÁREA DE PROTEÇÃO AMBIENTAL CAMPOS DO JORDÃO","Angiosperms","Asteraceae","Achyrocline","satureioides","(Lam.) DC.","ASTERACEAE Achyrocline satureioides (Lam.) DC.","51983","GBIF","SPSF","Maruyama, A.","825","Native","Ouro","Bronze","https://images.cria.org.br/viewer/SPSF00051983","Bairro dos Mellos."
"ÁREA DE PROTEÇÃO AMBIENTAL CAMPOS DO JORDÃO","Angiosperms","Asteraceae","Achyrocline","vargasiana","DC.","ASTERACEAE Achyrocline vargasiana DC.","663781","GBIF","NY","Harshberger, J.W.C.","3317","Native","Ouro","Bronze",,"Campos do Jordao"
"ÁREA DE PROTEÇÃO AMBIENTAL CAMPOS DO JORDÃO","Angiosperms","Asteraceae","Achyrocline","vauthieriana","DC.","ASTERACEAE Achyrocline vauthieriana DC.","HB000014577","Splink","HB",,,"Native","Ouro","Bronze",,"P. E. C. Jordão"
"ÁREA DE PROTEÇÃO AMBIENTAL CAMPOS DO JORDÃO","Angiosperms","Asteraceae","Ageratum","conyzoides","L.","ASTERACEAE Ageratum conyzoides L.","35259","GBIF","UEC","Santos Filho, D.","15807","Native","Ouro","Bronze","https://images.cria.org.br/viewer/UEC101263","Estado de São Paulo, mun. de Campos do Jordão."
"ÁREA DE PROTEÇÃO AMBIENTAL CAMPOS DO JORDÃO","Angiosperms","Asteraceae","Ageratum","fastigiatum","(Gardner) R.M.King & H.Rob.","ASTERACEAE Ageratum fastigiatum (Gardner) R.M.King & H.Rob.","254842","GBIF","SP","Jouy, A.","B491","Native","Ouro","Bronze",,"Pedra de FOgo, ponto cv4."
"ÁREA DE PROTEÇÃO AMBIENTAL CAMPOS DO JORDÃO","Angiosperms","Asteraceae","Aldama","nudibasilaris","(S.F.Blake) E.E.Schill. & Panero","ASTERACEAE Aldama nudibasilaris (S.F.Blake) E.E.Schill. & Panero","HUSC016009","Splink","HUSC",,"50","Native","Bronze","Bronze",,"Vila Jaguaribe"
"ÁREA DE PROTEÇÃO AMBIENTAL CAMPOS DO JORDÃO","Angiosperms","Asteraceae","Aldama","robusta","(Gardner) E.E.Schill. & Panero","ASTERACEAE Aldama robusta (Gardner) E.E.Schill. & Panero","HUFU00086604","Splink","HUFU",,"s.n.","Native","Bronze","Bronze",,
"ÁREA DE PROTEÇÃO AMBIENTAL CAMPOS DO JORDÃO","Angiosperms","Asteraceae","Alomia",,"Kunth","ASTERACEAE Alomia Kunth","88895","GBIF","IPA","Martins, E.","26478",,"Latão","Ouro",,"Horto Florestal, trilha do Rio Sapucaí. Campo aberto."
"ÁREA DE PROTEÇÃO AMBIENTAL CAMPOS DO JORDÃO","Angiosperms","Asteraceae","Anthemis",,"L.","ASTERACEAE Anthemis L.","8366","GBIF","BOTU","Ehrendorfer, F.G.","73907",,"Bronze","Bronze","https://images.cria.org.br/viewer/BOTU008366","Serra da Mantiqueira - hills near Campos do Jordão"
"ÁREA DE PROTEÇÃO AMBIENTAL CAMPOS DO JORDÃO","Angiosperms","Asteraceae","Apopyros","corymbosus","(Hook. & Arn.) G.L.Nesom","ASTERACEAE Apopyros corymbosus (Hook. & Arn.) G.L.Nesom","PACA027773","Splink","PACA",,,"Native","Ouro","Bronze",,
"ÁREA DE PROTEÇÃO AMBIENTAL CAMPOS DO JORDÃO","Angiosperms","Asteraceae","Arctotis",,"L.","ASTERACEAE Arctotis L.","18497","GBIF","IAC","Souza, H.M.","s/nº",,"Bronze","Bronze",,
"ÁREA DE PROTEÇÃO AMBIENTAL CAMPOS DO JORDÃO","Angiosperms","Asteraceae","Argyranthemum","frutescens","(L.) Sch.Bip.","ASTERACEAE Argyranthemum frutescens (L.) Sch.Bip.","2500","GBIF","IRAI","Gibertoni, R.S.","005","Cultivated","Ouro","Bronze",,"Próximo à Represa do Fojo, Condomínio Week Inn"
"ÁREA DE PROTEÇÃO AMBIENTAL CAMPOS DO JORDÃO","Angiosperms","Asteraceae","Aspilia","foliacea","(Spreng.) Baker","ASTERACEAE Aspilia foliacea (Spreng.) Baker","22451","GBIF","IAC","Souza, H.M.","s/nº","Native","Ouro","Bronze",,
"ÁREA DE PROTEÇÃO AMBIENTAL CAMPOS DO JORDÃO","Angiosperms","Asteraceae","Aspilia","montevidensis","(Spreng.) Kuntze","ASTERACEAE Aspilia montevidensis (Spreng.) Kuntze","SPSF00012025","Splink","SPSF",,"561","Native","Bronze","Ouro",,"Parque Estadual de Campos do Jordão."
"ÁREA DE PROTEÇÃO AMBIENTAL CAMPOS DO JORDÃO","Angiosperms","Asteraceae","Aspilia","reflexa","(Sch.Bip. ex Baker) Baker","ASTERACEAE Aspilia reflexa (Sch.Bip. ex Baker) Baker","2044","Splink","MACK",,"29","Native","Ouro","Bronze",,"Trilha Cajará"
"ÁREA DE PROTEÇÃO AMBIENTAL CAMPOS DO JORDÃO","Angiosperms","Asteraceae","Austrocritonia","velutina","(Gardner) R.M.King & H.Rob.","ASTERACEAE Austrocritonia velutina (Gardner) R.M.King & H.Rob.","NY00781706","GBIF","NY","L. Filho, H.F.","1450","Native","Ouro","Bronze","jbrj-public.s3-sa-east-1.amazonaws.com/fsi/server?type=image&source=DZI/newyork/ny_/0/78/17/6/ny_00781706.dzi","Gruta dos Criolos."
"ÁREA DE PROTEÇÃO AMBIENTAL CAMPOS DO JORDÃO","Angiosperms","Asteraceae","Austroeupatorium","inulaefolium","(Kunth) R.M.King & H.Rob.","ASTERACEAE Austroeupatorium inulaefolium (Kunth) R.M.King & H.Rob.","78321","GBIF","UEC","Martins, E.","26481","Native","Ouro","Bronze","https://images.cria.org.br/viewer/UEC102079","Trilha do Rio Sapucaí."
"ÁREA DE PROTEÇÃO AMBIENTAL CAMPOS DO JORDÃO","Angiosperms","Asteraceae","Austroeupatorium","laetevirens","(Hook. & Arn.) R.M.King & H.Rob.","ASTERACEAE Austroeupatorium laetevirens (Hook. & Arn.) R.M.King & H.Rob.","ESA018613","GBIF","ESA","Barreto, K.D.","2464","Native","Ouro","Bronze","jbrj-public.s3-sa-east-1.amazonaws.com/fsi/server?type=image&source=DZI/esa/esa/0/1/86/13/esa00018613.dzi",
"ÁREA DE PROTEÇÃO AMBIENTAL CAMPOS DO JORDÃO","Angiosperms","Asteraceae","Austroeupatorium","neglectum","(B.L.Rob.) R.M.King & H.Rob.","ASTERACEAE Austroeupatorium neglectum (B.L.Rob.) R.M.King & H.Rob.","6197","Splink","SINBIOTA",,,"Native","Latão","Bronze",,"_"
"ÁREA DE PROTEÇÃO AMBIENTAL CAMPOS DO JORDÃO","Angiosperms","Asteraceae","Austroeupatorium","picturatum","(Malme) R.M.King & H.Rob.","ASTERACEAE Austroeupatorium picturatum (Malme) R.M.King & H.Rob.","133286","GBIF","UEC","Xavier, C.","84","Native","Bronze","Ouro","https://images.cria.org.br/viewer/UEC031803","Parque Estadual, trilha do rio sapucaí."
"ÁREA DE PROTEÇÃO AMBIENTAL CAMPOS DO JORDÃO","Angiosperms","Asteraceae","Ayapana","amygdalina","(Lam.) R.M.King & H.Rob.","ASTERACEAE Ayapana amygdalina (Lam.) R.M.King & H.Rob.","199290","GBIF","MBM","Robim, M.J.","742","Native","Prata","Ouro","https://images.cria.org.br/viewer/MBM199290","Parque Estadual."
"ÁREA DE PROTEÇÃO AMBIENTAL CAMPOS DO JORDÃO","Angiosperms","Asteraceae","Baccharis","aliena","(Spreng.) Joch.Müll.","ASTERACEAE Baccharis aliena (Spreng.) Joch.Müll.","250726","GBIF","R","Emmerich, W.",,"Native","Latão","Ouro","https://images.cria.org.br/viewer/R010093266 | https://images.cria.org.br/viewer/R010093267","Parque Estadual de Campos do Jordão. Número 4. Na entrada à esquerda. ou - 1.600m."
"ÁREA DE PROTEÇÃO AMBIENTAL CAMPOS DO JORDÃO","Angiosperms","Asteraceae","Baccharis","altimontana","G.Heiden et al.","ASTERACEAE Baccharis altimontana G.Heiden et al.","SPSF00054707","Splink","SPSF",,"53","Native","Bronze","Ouro",,"Floresta Ombrófila Mista. Borda de estrada. Parque Estadual de Campos do Jordão"
"ÁREA DE PROTEÇÃO AMBIENTAL CAMPOS DO JORDÃO","Angiosperms","Asteraceae","Baccharis","anomala","DC.","ASTERACEAE Baccharis anomala DC.","51974","GBIF","SPSF","Maruyama, A.","816","Native","Ouro","Bronze","https://images.cria.org.br/viewer/SPSF00051974",
"ÁREA DE PROTEÇÃO AMBIENTAL CAMPOS DO JORDÃO","Angiosperms","Asteraceae","Baccharis","aphylla","(Vell.) DC.","ASTERACEAE Baccharis aphylla (Vell.) DC.","1478","GBIF","UEC","Davis, P.H.","3097","Native","Ouro","Bronze","https://images.cria.org.br/viewer/UEC101792","Estrada para Paiol. Folha Cartográfica SF-23-Y-B Coordenada Calculada. Reserva do Instituto Florestal."
"ÁREA DE PROTEÇÃO AMBIENTAL CAMPOS DO JORDÃO","Angiosperms","Asteraceae","Baccharis","brevifolia","DC.","ASTERACEAE Baccharis brevifolia DC.","073199","GBIF","UEC","Yamamoto, K.","26714","Native","Ouro","Bronze","https://images.cria.org.br/viewer/UEC101861","Pico do Itapeva."
"ÁREA DE PROTEÇÃO AMBIENTAL CAMPOS DO JORDÃO","Angiosperms","Asteraceae","Baccharis","breviseta","DC.","ASTERACEAE Baccharis breviseta DC.","PACA027770","Splink","PACA",,,"Native","Ouro","Bronze",,
"ÁREA DE PROTEÇÃO AMBIENTAL CAMPOS DO JORDÃO","Angiosperms","Asteraceae","Baccharis","burchellii","Baker","ASTERACEAE Baccharis burchellii Baker","127231","GBIF","SP","Sakane, M.","168","Native","Ouro","Bronze",,"Vila Albertina."
"ÁREA DE PROTEÇÃO AMBIENTAL CAMPOS DO JORDÃO","Angiosperms","Asteraceae","Baccharis","calvescens","DC.","ASTERACEAE Baccharis calvescens DC.","RFA38006","Splink","RFA",,"08251","Native","Ouro","Bronze",,"Agua Santa"
"ÁREA DE PROTEÇÃO AMBIENTAL CAMPOS DO JORDÃO","Angiosperms","Asteraceae","Baccharis","caprariifolia","DC.","ASTERACEAE Baccharis caprariifolia DC.","138757","GBIF","SP","Sakane, M.","408","Native","Ouro","Bronze",,"Renópolis."
"ÁREA DE PROTEÇÃO AMBIENTAL CAMPOS DO JORDÃO","Angiosperms","Asteraceae","Baccharis","cognata","DC.","ASTERACEAE Baccharis cognata DC.","ECT0009618","Splink","ECT",,,"Native","Ouro","Bronze",,
"ÁREA DE PROTEÇÃO AMBIENTAL CAMPOS DO JORDÃO","Angiosperms","Asteraceae","Baccharis","crispa","Spreng.","ASTERACEAE Baccharis crispa Spreng.","PMSP008758","GBIF","PMSP","Favero, O.A.",,"Unknown","Bronze","Prata","jbrj-public.s3.amazonaws.com/fsi/server?type=image&source=DZI/pmsp/pmsp/0/0/87/58/pmsp00008758.dzi","Colônia Umuarama. Área próxima a um lago. 22º46'24""""S 45º33'45""""W."
"ÁREA DE PROTEÇÃO AMBIENTAL CAMPOS DO JORDÃO","Angiosperms","Asteraceae","Baccharis","curitybensis","Heering ex Malme","ASTERACEAE Baccharis curitybensis Heering ex Malme","SPSF00021978","Splink","SPSF",,"302","Native","Ouro","Bronze",,
"ÁREA DE PROTEÇÃO AMBIENTAL CAMPOS DO JORDÃO","Angiosperms","Asteraceae","Baccharis","dentata","(Vell.) G.M.Barroso","ASTERACEAE Baccharis dentata (Vell.) G.M.Barroso","SPSF00021984","Splink","SPSF",,"305","Native","Ouro","Bronze",,
"ÁREA DE PROTEÇÃO AMBIENTAL CAMPOS DO JORDÃO","Angiosperms","Asteraceae","Baccharis","dracunculifolia","DC.","ASTERACEAE Baccharis dracunculifolia DC.","51381","GBIF","SPSF","Maruyama, A.","318","Native","Ouro","Bronze","https://images.cria.org.br/viewer/SPSF00051381",
"ÁREA DE PROTEÇÃO AMBIENTAL CAMPOS DO JORDÃO","Angiosperms","Asteraceae","Baccharis","erigeroides","DC.","ASTERACEAE Baccharis erigeroides DC.","HFC005206","Splink","HFC",,"s.n.","Native","Bronze","Bronze",,
"ÁREA DE PROTEÇÃO AMBIENTAL CAMPOS DO JORDÃO","Angiosperms","Asteraceae","Baccharis","erioclada","DC.","ASTERACEAE Baccharis erioclada DC.","SPSF00014301","Splink","SPSF",,"688","Native","Ouro","Bronze",,"Morro do Elefante."
"ÁREA DE PROTEÇÃO AMBIENTAL CAMPOS DO JORDÃO","Angiosperms","Asteraceae","Baccharis","genistelloides","(Lam). Pers.","ASTERACEAE Baccharis genistelloides (Lam). Pers.","ICN00053559","Splink","ICN",,"s.n.","Unknown","Ouro","Bronze",,
"ÁREA DE PROTEÇÃO AMBIENTAL CAMPOS DO JORDÃO","Angiosperms","Asteraceae","Baccharis","glaziovii","Baker","ASTERACEAE Baccharis glaziovii Baker","36121","GBIF","UEC","Souza, L.A.","16526","Native","Ouro","Bronze","https://images.cria.org.br/viewer/UEC118781","Estrada entre Reserva do Inst. Florestal a S. José dos Alpes, +/- 6 Km. Alt. 1700 m."
"ÁREA DE PROTEÇÃO AMBIENTAL CAMPOS DO JORDÃO","Angiosperms","Asteraceae","Baccharis","grandimucronata","Malag.","ASTERACEAE Baccharis grandimucronata Malag.","SPSF00018127","Splink","SPSF",,"786","Native","Ouro","Bronze",,"P.E.Mananciais."
"ÁREA DE PROTEÇÃO AMBIENTAL CAMPOS DO JORDÃO","Angiosperms","Asteraceae","Baccharis","helichrysoides","DC.","ASTERACEAE Baccharis helichrysoides DC.","787565","GBIF","NY","Mukuno, M.","4","Native","Ouro","Bronze",,"Estrada par Pindamonhangaba."
"ÁREA DE PROTEÇÃO AMBIENTAL CAMPOS DO JORDÃO","Angiosperms","Asteraceae","Baccharis","hirta","DC.","ASTERACEAE Baccharis hirta DC.","RFA14578","Splink","RFA",,"8037","Native","Ouro","Bronze",,"Pico Itapeva."
"ÁREA DE PROTEÇÃO AMBIENTAL CAMPOS DO JORDÃO","Angiosperms","Asteraceae","Baccharis","intermixta","Gardner","ASTERACEAE Baccharis intermixta Gardner","51403","GBIF","SPSF","Maruyama, A.","340","Native","Ouro","Bronze","https://images.cria.org.br/viewer/SPSF00051403",
"ÁREA DE PROTEÇÃO AMBIENTAL CAMPOS DO JORDÃO","Angiosperms","Asteraceae","Baccharis","junciformis","DC.","ASTERACEAE Baccharis junciformis DC.","1823","GBIF","HRCB","Windisch, P.G.","3051","Native","Ouro","Bronze",,"P.E.C.J. São José dos Alpes"
"ÁREA DE PROTEÇÃO AMBIENTAL CAMPOS DO JORDÃO","Angiosperms","Asteraceae","Baccharis","lateralis","Baker","ASTERACEAE Baccharis lateralis Baker","SPSF00015811","Splink","SPSF",,"80","Native","Ouro","Bronze",,
"ÁREA DE PROTEÇÃO AMBIENTAL CAMPOS DO JORDÃO","Angiosperms","Asteraceae","Baccharis","linearifolia","(Lam.) Pers.","ASTERACEAE Baccharis linearifolia (Lam.) Pers.","ECT0009615","Splink","ECT",,,"Native","Ouro","Bronze",,
"ÁREA DE PROTEÇÃO AMBIENTAL CAMPOS DO JORDÃO","Angiosperms","Asteraceae","Baccharis","microcephala","(Less.) DC.","ASTERACEAE Baccharis microcephala (Less.) DC.","569","Splink","CPMA",,,"Native","Latão","Bronze",,
"ÁREA DE PROTEÇÃO AMBIENTAL CAMPOS DO JORDÃO","Angiosperms","Asteraceae","Baccharis","microdonta","DC.","ASTERACEAE Baccharis microdonta DC.","PMSP008980","GBIF","PMSP","Favero, O.A.",,"Native","Bronze","Prata","jbrj-public.s3.amazonaws.com/fsi/server?type=image&source=DZI/pmsp/pmsp/0/0/89/80/pmsp00008980.dzi","Colônia Umuarama, 22º46'24""""S 45º33'45""""W. Vertente próxima à casa Erasmo Braga."
"ÁREA DE PROTEÇÃO AMBIENTAL CAMPOS DO JORDÃO","Angiosperms","Asteraceae","Baccharis","montana","DC.","ASTERACEAE Baccharis montana DC.","SPSF00021979","Splink","SPSF",,"303","Native","Ouro","Bronze",,"Morro do Elefante."
"ÁREA DE PROTEÇÃO AMBIENTAL CAMPOS DO JORDÃO","Angiosperms","Asteraceae","Baccharis","myriocephala","DC.","ASTERACEAE Baccharis myriocephala DC.","ICN00053598","Splink","ICN",,"15954","Native","Ouro","Ouro",,"Parque Estadual"
"ÁREA DE PROTEÇÃO AMBIENTAL CAMPOS DO JORDÃO","Angiosperms","Asteraceae","Baccharis","oblongifolia","(Ruiz & Pav.) Pers.","ASTERACEAE Baccharis oblongifolia (Ruiz & Pav.) Pers.","37589","GBIF","SPSF","Favero, O.A.","CJ019","Native","Ouro","Prata","https://images.cria.org.br/viewer/SPSF00037589","Colônia Umuarama"
"ÁREA DE PROTEÇÃO AMBIENTAL CAMPOS DO JORDÃO","Angiosperms","Asteraceae","Baccharis","oreophila","Malme","ASTERACEAE Baccharis oreophila Malme","2139","Splink","MACK",,"A35","Native","Ouro","Bronze",,
"ÁREA DE PROTEÇÃO AMBIENTAL CAMPOS DO JORDÃO","Angiosperms","Asteraceae","Baccharis","oxyodonta","DC.","ASTERACEAE Baccharis oxyodonta DC.","PMSP008981","GBIF","PMSP","Favero, O.A.",,"Native","Bronze","Prata","jbrj-public.s3.amazonaws.com/fsi/server?type=image&source=DZI/pmsp/pmsp/0/0/89/81/pmsp00008981.dzi","Colônia Umuarama, 22º46'24""""S 45º33'45""""W. Área próxima a um lago."
"ÁREA DE PROTEÇÃO AMBIENTAL CAMPOS DO JORDÃO","Angiosperms","Asteraceae","Baccharis","parvidentata","Malag.","ASTERACEAE Baccharis parvidentata Malag.","RB01317090","GBIF","RB","Faavero, O.A.","162","Native","Ouro","Bronze","jbrj-public-img.s3-sa-east-1.amazonaws.com/JPG/rb/1/31/70/90/01317090.jpg","Umuarama. Rua Benjamin Hunicutt, 3260, vertente próxima a entrada [portaria] da colônia. Código CJ154. Altitude obtida a partir de dados das coordenadas geográficas."
"ÁREA DE PROTEÇÃO AMBIENTAL CAMPOS DO JORDÃO","Angiosperms","Asteraceae","Baccharis","pentodonta","Malme","ASTERACEAE Baccharis pentodonta Malme","101724","GBIF","SP","Mattos, J.","15033","Native","Ouro","Bronze",,"São José dos Alpes."
"ÁREA DE PROTEÇÃO AMBIENTAL CAMPOS DO JORDÃO","Angiosperms","Asteraceae","Baccharis","pingraea","DC.","ASTERACEAE Baccharis pingraea DC.","SPSF00014336","Splink","SPSF",,"126","Native","Bronze","Bronze",,"Morro do Elefante."
"ÁREA DE PROTEÇÃO AMBIENTAL CAMPOS DO JORDÃO","Angiosperms","Asteraceae","Baccharis","pseudomyriocephala","Malag.","ASTERACEAE Baccharis pseudomyriocephala Malag.","SPSF00018121","Splink","SPSF",,"795","Native","Ouro","Bronze",,"Parque dos Mananciais"
"ÁREA DE PROTEÇÃO AMBIENTAL CAMPOS DO JORDÃO",,"Asteraceae","Baccharis","pseudomyriocephala|Baccharis","Malag.|DC.","ASTERACEAE Baccharis pseudomyriocephala Malag.|Baccharis myriocephala DC.","SPSF00018133","Splink","SPSF",,"s/n",,"Prata","Bronze",,"P.E.Mananciais."
"ÁREA DE PROTEÇÃO AMBIENTAL CAMPOS DO JORDÃO","Angiosperms","Asteraceae","Baccharis","punctulata","DC.","ASTERACEAE Baccharis punctulata DC.","165475","GBIF","SP","Sakane, M.","463","Native","Ouro","Bronze",,"Vila Matilde áreas do Sanatório São Francisco Xavier."
"ÁREA DE PROTEÇÃO AMBIENTAL CAMPOS DO JORDÃO",,"Asteraceae","Baccharis","regnellii","Heering","ASTERACEAE Baccharis regnellii subsp. subalata Heering","NY00788289","Reflora","NY","Sakane, M.","168",,"Ouro","Bronze",,"Vila Albertina."
"ÁREA DE PROTEÇÃO AMBIENTAL CAMPOS DO JORDÃO","Angiosperms","Asteraceae","Baccharis","reticularia","DC.","ASTERACEAE Baccharis reticularia DC.","71536","GBIF","UEC","Yamamoto, K.","26740","Native","Ouro","Bronze","https://images.cria.org.br/viewer/UEC102852","Pico do Itapeva."
"ÁREA DE PROTEÇÃO AMBIENTAL CAMPOS DO JORDÃO","Angiosperms","Asteraceae","Baccharis","reticularioides","Deble & A.S.Oliveira","ASTERACEAE Baccharis reticularioides Deble & A.S.Oliveira","HRB00005445","Splink","HRB",,"38","Native","Ouro","Ouro",,"Parque Estadual de Campos do Jordão. Folha Cartográfica SF.23-Y-B"
"ÁREA DE PROTEÇÃO AMBIENTAL CAMPOS DO JORDÃO","Angiosperms","Asteraceae","Baccharis","retusa","DC.","ASTERACEAE Baccharis retusa DC.","382049","GBIF","SP","Favero, O.A.","s.n.","Native","Ouro","Prata",,"Colônia Umuarama. Vertente próximo à casa Erasmo Braga."
"ÁREA DE PROTEÇÃO AMBIENTAL CAMPOS DO JORDÃO","Angiosperms","Asteraceae","Baccharis","semiserrata","DC.","ASTERACEAE Baccharis semiserrata DC.","110823","Splink","ALCB",,"26568","Native","Ouro","Bronze",,"Brasil, São Paulo, Município Campos do Jordão, Morro do Elefante."
"ÁREA DE PROTEÇÃO AMBIENTAL CAMPOS DO JORDÃO","Angiosperms","Asteraceae","Baccharis","serrulata","(Lam.) Pers.","ASTERACEAE Baccharis serrulata (Lam.) Pers.","1611","GBIF","UEC","Davis, P.H.","3087","Native","Ouro","Bronze","https://images.cria.org.br/viewer/UEC118837","Reserva do Instituto Florestal. estrada para Paiol."
"ÁREA DE PROTEÇÃO AMBIENTAL CAMPOS DO JORDÃO",,"Asteraceae","Baccharis","sessiflora",,"ASTERACEAE Baccharis sessiflora","1696","Splink","MACK",,"CJ063",,"Ouro","Ouro",,"Colônia Umuarama"
"ÁREA DE PROTEÇÃO AMBIENTAL CAMPOS DO JORDÃO","Angiosperms","Asteraceae","Baccharis","sessiliflora","Vahl","ASTERACEAE Baccharis sessiliflora Vahl","81637","GBIF","SP","Kuhn, E.","2070","Native","Ouro","Bronze",,"Umuarama"
"ÁREA DE PROTEÇÃO AMBIENTAL CAMPOS DO JORDÃO","Angiosperms","Asteraceae","Baccharis","sphenophylla","Dusén ex Malme","ASTERACEAE Baccharis sphenophylla Dusén ex Malme","ALCB086308","Splink","ALCB",,"4334","Native","Ouro","Bronze",,"Morro do Elefante."
"ÁREA DE PROTEÇÃO AMBIENTAL CAMPOS DO JORDÃO","Angiosperms","Asteraceae","Baccharis","subdentata","DC.","ASTERACEAE Baccharis subdentata DC.","70024","GBIF","UEC","Sciamarelli, A.","26541","Native","Ouro","Bronze","https://images.cria.org.br/viewer/UEC113953","Pico do Itapeva."
"ÁREA DE PROTEÇÃO AMBIENTAL CAMPOS DO JORDÃO","Angiosperms","Asteraceae","Baccharis","tarchonanthoides","DC.","ASTERACEAE Baccharis tarchonanthoides DC.","PMSP008982","GBIF","PMSP","Favero, O.A.",,"Native","Bronze","Prata","jbrj-public.s3.amazonaws.com/fsi/server?type=image&source=DZI/pmsp/pmsp/0/0/89/82/pmsp00008982.dzi","Colônia Umuarama, 22º46'24""""S 45º33'45""""W. Vertente próxima à casa Erasmo Braga."
"ÁREA DE PROTEÇÃO AMBIENTAL CAMPOS DO JORDÃO","Angiosperms","Asteraceae","Baccharis","tridentata","Vahl","ASTERACEAE Baccharis tridentata Vahl","PMSP008979","GBIF","PMSP","Favero, O.A.",,"Native","Bronze","Prata","jbrj-public.s3.amazonaws.com/fsi/server?type=image&source=DZI/pmsp/pmsp/0/0/89/79/pmsp00008979.dzi","Colônia Umuarama, 22º46'24""""S 45º33'45""""W. Vertente próxima à casa Erasmo Braga."
"ÁREA DE PROTEÇÃO AMBIENTAL CAMPOS DO JORDÃO","Angiosperms","Asteraceae","Baccharis","trimera","(Less.)DC.","ASTERACEAE Baccharis trimera (Less.)DC.","788322","GBIF","NY","Sakane, M.","144","Native","Ouro","Bronze",,"Vila Matilde, areas do sanatorio Sao Francisco Xavier."
"ÁREA DE PROTEÇÃO AMBIENTAL CAMPOS DO JORDÃO","Angiosperms","Asteraceae","Baccharis","trinervis","Pers.","ASTERACEAE Baccharis trinervis Pers.","2792","Splink","MACK",,"21","Native","Ouro","Ouro",,"Colônia Umuarama. Beira da trilha."
"ÁREA DE PROTEÇÃO AMBIENTAL CAMPOS DO JORDÃO","Angiosperms","Asteraceae","Baccharis","trineura","Soria & Zardini","ASTERACEAE Baccharis trineura Soria & Zardini","58018","GBIF","SPSF","Shirasuna, R.T.","5405","Native","Prata","Ouro","https://images.cria.org.br/viewer/SPSF00058018","Parque Estadual de Campos do Jordão"
"ÁREA DE PROTEÇÃO AMBIENTAL CAMPOS DO JORDÃO","Angiosperms","Asteraceae","Baccharis","uncinella","DC.","ASTERACEAE Baccharis uncinella DC.","PMSP008983","GBIF","PMSP","Favero, O.A.",,"Native","Bronze","Prata","jbrj-public.s3.amazonaws.com/fsi/server?type=image&source=DZI/pmsp/pmsp/0/0/89/83/pmsp00008983.dzi","Colônia Umuarama, 22º46'24""""S 45º33'45""""W. Vertente próxima à casa Erasmo Braga."
"ÁREA DE PROTEÇÃO AMBIENTAL CAMPOS DO JORDÃO","Angiosperms","Asteraceae","Baccharis","vulneraria","Baker","ASTERACEAE Baccharis vulneraria Baker","180393","GBIF","UB","Carvalho-Silva, M.","1267","Native","Ouro","Bronze","https://images.cria.org.br/viewer/UB0053042",
"ÁREA DE PROTEÇÃO AMBIENTAL CAMPOS DO JORDÃO","Angiosperms","Asteraceae","Barnadesia","caryophylla","(Vell.) S.F.Blake","ASTERACEAE Barnadesia caryophylla (Vell.) S.F.Blake","ESAL000000164","Splink","ESAL",,"s.n.","Native","Bronze","Bronze",,
"ÁREA DE PROTEÇÃO AMBIENTAL CAMPOS DO JORDÃO","Angiosperms","Asteraceae","Barrosoa","betoniciformis","(DC.) R.M.King & H.Rob.","ASTERACEAE Barrosoa betoniciformis (DC.) R.M.King & H.Rob.","SPSF00007976","Splink","SPSF",,"57","Native","Ouro","Bronze",,"São José dos Alpes."
"ÁREA DE PROTEÇÃO AMBIENTAL CAMPOS DO JORDÃO","Angiosperms","Asteraceae","Bidens","graveolens","Mart.","ASTERACEAE Bidens graveolens Mart.","5497","GBIF","UB","Gomes Junior, J.C.","1618","Native","Ouro","Ouro","https://images.cria.org.br/viewer/UB0053180","Fazenda da Guarda."
"ÁREA DE PROTEÇÃO AMBIENTAL CAMPOS DO JORDÃO","Angiosperms","Asteraceae","Bidens","squarrosa","Kunth","ASTERACEAE Bidens squarrosa Kunth","SPF00220666","Splink","SPF",,"837","Native","Bronze","Bronze",,"Estrada para o Pico da Ferradura. Beira de estrada."
"ÁREA DE PROTEÇÃO AMBIENTAL CAMPOS DO JORDÃO","Angiosperms","Asteraceae","Calea","clausseniana","Baker","ASTERACEAE Calea clausseniana Baker","58182","GBIF","SPSF","Goncalves, L.N.","1152","Native","Bronze","Ouro","https://images.cria.org.br/viewer/SPSF00058182 | https://images.cria.org.br/viewer/SPSF00058182_v1 | https://images.cria.org.br/viewer/SPSF00058182_v2 | https://images.cria.org.br/viewer/SPSF00058182_v3 | https://images.cria.org.br/viewer/SPSF00058182_v4 | https://images.cria.org.br/viewer/SPSF00058182_v5 | https://images.cria.org.br/viewer/SPSF00058182_v6","Parque Estadual de Campos do Jordão"
"ÁREA DE PROTEÇÃO AMBIENTAL CAMPOS DO JORDÃO","Angiosperms","Asteraceae","Calea","pinnatifida","(R.Br.) Less.","ASTERACEAE Calea pinnatifida (R.Br.) Less.","HFC005225","Splink","HFC",,"759","Native","Prata","Ouro",,"Parque Estadual."
"ÁREA DE PROTEÇÃO AMBIENTAL CAMPOS DO JORDÃO","Angiosperms","Asteraceae","Calea","pruskiana","V.R.Bueno & G.Heiden","ASTERACEAE Calea pruskiana V.R.Bueno & G.Heiden","IBGE00021592","Splink","IBGE",,"15810","Native","Bronze","Bronze",,
"ÁREA DE PROTEÇÃO AMBIENTAL CAMPOS DO JORDÃO","Angiosperms","Asteraceae","Calea","serrata","Less.","ASTERACEAE Calea serrata Less.","71331","GBIF","UEC","Leitao Filho, H.F.","26768","Native","Bronze","Bronze","https://images.cria.org.br/viewer/UEC121456","Estrada Campos do Jordão - Santo Antônio do Pinhal"
"ÁREA DE PROTEÇÃO AMBIENTAL CAMPOS DO JORDÃO","Angiosperms","Asteraceae","Calea","triantha","(Vell.) Pruski","ASTERACEAE Calea triantha (Vell.) Pruski","51375","GBIF","SPSF","Maruyama, A.","312","Native","Bronze","Bronze","https://images.cria.org.br/viewer/SPSF00051375",
"ÁREA DE PROTEÇÃO AMBIENTAL CAMPOS DO JORDÃO","Angiosperms","Asteraceae","Campovassouria","cruciata","(Vell.) R.M.King & H.Rob.","ASTERACEAE Campovassouria cruciata (Vell.) R.M.King & H.Rob.","39639","GBIF","SPSF","Favero, O.A.","CJ032","Native","Bronze","Prata","https://images.cria.org.br/viewer/SPSF00039639","Colônia Umuarama"
"ÁREA DE PROTEÇÃO AMBIENTAL CAMPOS DO JORDÃO","Angiosperms","Asteraceae","Campuloclinium","megacephalum","(Mart. ex Baker) R.M.King & H.Rob.","ASTERACEAE Campuloclinium megacephalum (Mart. ex Baker) R.M.King & H.Rob.","45674","GBIF","SP","Pickel, D.B.","5272","Native","Bronze","Bronze",,"Vila S. Adelaide; no campo alto."
"ÁREA DE PROTEÇÃO AMBIENTAL CAMPOS DO JORDÃO","Angiosperms","Asteraceae","Campuloclinium","purpurascens","(Sch.Bip. ex Baker) R.M.King & H.Rob.","ASTERACEAE Campuloclinium purpurascens (Sch.Bip. ex Baker) R.M.King & H.Rob.","ESA018611","GBIF","ESA","Barreto, K.D.","2466","Native","Ouro","Bronze","jbrj-public.s3-sa-east-1.amazonaws.com/fsi/server?type=image&source=DZI/esa/esa/0/1/86/11/esa00018611.dzi",
"ÁREA DE PROTEÇÃO AMBIENTAL CAMPOS DO JORDÃO","Angiosperms","Asteraceae","Centratherum","punctatum","Cass.","ASTERACEAE Centratherum punctatum Cass.","FCAB30100865","Splink","FCAB",,,"Native","Bronze","Bronze",,
"ÁREA DE PROTEÇÃO AMBIENTAL CAMPOS DO JORDÃO","Angiosperms","Asteraceae","Chamaemelum","nobile","(L.) All.","ASTERACEAE Chamaemelum nobile (L.) All.","42812","GBIF","SP","Hashimoto, G.","184","Cultivated","Bronze","Bronze","https://images.cria.org.br/viewer/SP030532",
"ÁREA DE PROTEÇÃO AMBIENTAL CAMPOS DO JORDÃO","Angiosperms","Asteraceae","Chaptalia","integerrima","(Vell.) Burkart","ASTERACEAE Chaptalia integerrima (Vell.) Burkart","157183","GBIF","MBM","Robinson, H.","8696","Native","Ouro","Bronze","https://images.cria.org.br/viewer/MBM157183","Campos do Jordao - Santa Cruz."
"ÁREA DE PROTEÇÃO AMBIENTAL CAMPOS DO JORDÃO","Angiosperms","Asteraceae","Chaptalia","martii","(Baker) Zardini","ASTERACEAE Chaptalia martii (Baker) Zardini","88766","GBIF","IPA","Sposito, T.C.","26378","Native","Latão","Bronze","https://images.cria.org.br/viewer/IPA0088766","caminho para São José dos Alpes."
"ÁREA DE PROTEÇÃO AMBIENTAL CAMPOS DO JORDÃO","Angiosperms","Asteraceae","Chaptalia","nutans","(L.) Pol.","ASTERACEAE Chaptalia nutans (L.) Pol.","180362","GBIF","UB","Carvalho-Silva, M.","1268","Native","Ouro","Bronze","https://images.cria.org.br/viewer/UB0053900",
"ÁREA DE PROTEÇÃO AMBIENTAL CAMPOS DO JORDÃO","Angiosperms","Asteraceae","Chaptalia","piloselloides","(Vahl) Baker","ASTERACEAE Chaptalia piloselloides (Vahl) Baker","069105","GBIF","UEC","Galvao, J.C.","26394","Native","Ouro","Bronze","https://images.cria.org.br/viewer/UEC199892","Caminho para S. José dos Alpes."
"ÁREA DE PROTEÇÃO AMBIENTAL CAMPOS DO JORDÃO","Angiosperms","Asteraceae","Chionolaena","capitata","(Baker) Freire","ASTERACEAE Chionolaena capitata (Baker) Freire","56295","GBIF","SPSF","Ivanauskas, N.M.","7294","Native","Prata","Bronze","https://images.cria.org.br/viewer/SPSF00056295",
"ÁREA DE PROTEÇÃO AMBIENTAL CAMPOS DO JORDÃO","Angiosperms","Asteraceae","Chionolaena","lychnophorioides","Sch.Bip.","ASTERACEAE Chionolaena lychnophorioides Sch.Bip.","01080700","GBIF","NY","Panizza, S.","s.n.","Native","Ouro","Bronze",,
"ÁREA DE PROTEÇÃO AMBIENTAL CAMPOS DO JORDÃO",,"Asteraceae","Chionoloma","fractum",,"ASTERACEAE Chionoloma fractum","101010985","Splink","MO-DUPLICATES",,"2004",,"Bronze","Ouro",,"Parque Estadual de Campos do Jordão."
"ÁREA DE PROTEÇÃO AMBIENTAL CAMPOS DO JORDÃO","Angiosperms","Asteraceae","Chromolaena","ascendens","(Baker) R.M.King & H.Rob.","ASTERACEAE Chromolaena ascendens (Baker) R.M.King & H.Rob.","FCAB000917","Splink","FCAB",,,"Native","Ouro","Bronze",,
"ÁREA DE PROTEÇÃO AMBIENTAL CAMPOS DO JORDÃO","Angiosperms","Asteraceae","Chromolaena","cinereoviridis","(Sch.Bip. ex Baker) R.M.King & H.Robinson","ASTERACEAE Chromolaena cinereoviridis (Sch.Bip. ex Baker) R.M.King & H.Robinson","HUFU00044177","Splink","HUFU",,"3052","Native","Ouro","Bronze",,"P.E.C.J. São José dos Alpes"
"ÁREA DE PROTEÇÃO AMBIENTAL CAMPOS DO JORDÃO","Angiosperms","Asteraceae","Chromolaena","congesta","(Hook. & Arn.) R.M.King & H.Rob.","ASTERACEAE Chromolaena congesta (Hook. & Arn.) R.M.King & H.Rob.","2540","GBIF","IAC","Rombouts, J.E.","26","Native","Bronze","Bronze",,
"ÁREA DE PROTEÇÃO AMBIENTAL CAMPOS DO JORDÃO","Angiosperms","Asteraceae","Chromolaena","ivifolia","(L.) R.M.King & H.Rob.","ASTERACEAE Chromolaena ivifolia (L.) R.M.King & H.Rob.","133285","GBIF","UEC","Xavier, C.","277","Native","Bronze","Bronze",,"Morro do Elefante, região de campo."
"ÁREA DE PROTEÇÃO AMBIENTAL CAMPOS DO JORDÃO","Angiosperms","Asteraceae","Chromolaena","laevigata","(Lam.) R.M.King & H.Rob.","ASTERACEAE Chromolaena laevigata (Lam.) R.M.King & H.Rob.","31143","GBIF","UEC","Sarti, S.J.","13494","Native","Ouro","Bronze","https://images.cria.org.br/viewer/UEC123419",
"ÁREA DE PROTEÇÃO AMBIENTAL CAMPOS DO JORDÃO","Angiosperms","Asteraceae","Chromolaena","latisquamulosa","(Hieron.) R.M.King & H.Rob.","ASTERACEAE Chromolaena latisquamulosa (Hieron.) R.M.King & H.Rob.","1809","GBIF","HRCB","Windisch, P.G.","3053","Native","Ouro","Bronze",,"P.E.C.J. São José dos Alpes"
"ÁREA DE PROTEÇÃO AMBIENTAL CAMPOS DO JORDÃO","Angiosperms","Asteraceae","Chromolaena","pedalis","(Sch.Bip. ex Baker) R.M.King & H.Robinson","ASTERACEAE Chromolaena pedalis (Sch.Bip. ex Baker) R.M.King & H.Robinson","HRB00005446","Splink","HRB",,"39","Native","Ouro","Bronze",,"PCEJ."
"ÁREA DE PROTEÇÃO AMBIENTAL CAMPOS DO JORDÃO","Angiosperms","Asteraceae","Chromolaena","verbenacea","(DC.) R.M.King & H.Rob.","ASTERACEAE Chromolaena verbenacea (DC.) R.M.King & H.Rob.","10616","GBIF","IPA","Pickel, B.","5265","Native","Prata","Bronze","https://images.cria.org.br/viewer/IPA0010616",
"ÁREA DE PROTEÇÃO AMBIENTAL CAMPOS DO JORDÃO","Angiosperms","Asteraceae","Chrysolaena","desertorum","(Mart. ex DC.) Dematt.","ASTERACEAE Chrysolaena desertorum (Mart. ex DC.) Dematt.","80994","GBIF","SP","Kuhn, E.","2054","Native","Bronze","Bronze",,"Umuarama"
"ÁREA DE PROTEÇÃO AMBIENTAL CAMPOS DO JORDÃO","Angiosperms","Asteraceae","Chrysolaena","obovata","(Less.) Dematt.","ASTERACEAE Chrysolaena obovata (Less.) Dematt.","PACA027828","Splink","PACA",,,"Native","Prata","Bronze",,
"ÁREA DE PROTEÇÃO AMBIENTAL CAMPOS DO JORDÃO","Angiosperms","Asteraceae","Chrysolaena","oligophylla","(Vell.) H.Rob.","ASTERACEAE Chrysolaena oligophylla (Vell.) H.Rob.","297127","GBIF","SP","Nicolau, S.A.","997","Native","Bronze","Bronze",,"São José dos Alpes, área acima do afloramento rochoso da fazenda"
"ÁREA DE PROTEÇÃO AMBIENTAL CAMPOS DO JORDÃO","Angiosperms","Asteraceae","Cirsium","vulgare","(Savi) Ten.","ASTERACEAE Cirsium vulgare (Savi) Ten.","PACA027751","Splink","PACA",,,"Naturalized","Bronze","Bronze",,
"ÁREA DE PROTEÇÃO AMBIENTAL CAMPOS DO JORDÃO","Angiosperms","Asteraceae","Clibadium","armanii","(Balb.) Sch.Bip. ex O.E.Schulz","ASTERACEAE Clibadium armanii (Balb.) Sch.Bip. ex O.E.Schulz","138042","GBIF","SP","Sakane, M.","244","Native","Prata","Bronze",,"Piracuama. Estrada Campos do Jordão a Pindamonhangaba"
"ÁREA DE PROTEÇÃO AMBIENTAL CAMPOS DO JORDÃO","Angiosperms","Asteraceae","Conyza","blakei","(Cabrera) Cabrera","ASTERACEAE Conyza blakei (Cabrera) Cabrera","PACA027787","Splink","PACA",,,"Native","Ouro","Bronze",,
"ÁREA DE PROTEÇÃO AMBIENTAL CAMPOS DO JORDÃO","Angiosperms","Asteraceae","Conyza","bonariensis","(L.) Cronquist","ASTERACEAE Conyza bonariensis (L.) Cronquist","126680","GBIF","ALCB","Sakane, M.","499","Native","Ouro","Bronze",,"Vila Matilde, áreas do Sanatorio São Francisco Xavier."
"ÁREA DE PROTEÇÃO AMBIENTAL CAMPOS DO JORDÃO","Angiosperms","Asteraceae","Conyza","canadensis","(L.) Cronquist","ASTERACEAE Conyza canadensis (L.) Cronquist","784884","GBIF","NY","Mukuno, M.","7","Naturalized","Ouro","Bronze",,"Estrada para Pindamonhangaba"
"ÁREA DE PROTEÇÃO AMBIENTAL CAMPOS DO JORDÃO","Angiosperms","Asteraceae","Conyza","primulifolia","(Lam.) Cuatrec. & Lourteig","ASTERACEAE Conyza primulifolia (Lam.) Cuatrec. & Lourteig","113453","GBIF","UEC","Robim, M.J.","s.n.","Native","Ouro","Ouro","https://images.cria.org.br/viewer/UEC121390","Parque Estadual, região do Esplanado."
"ÁREA DE PROTEÇÃO AMBIENTAL CAMPOS DO JORDÃO","Angiosperms","Asteraceae","Conyza","sumatrensis","(Retz.) E.Walker","ASTERACEAE Conyza sumatrensis (Retz.) E.Walker","SPSF00007986","Splink","SPSF",,"248","Native","Ouro","Ouro",,"Parque Estadual de Campos do Jordão."
"ÁREA DE PROTEÇÃO AMBIENTAL CAMPOS DO JORDÃO","Angiosperms","Asteraceae","Cosmos","caudatus","Kunth","ASTERACEAE Cosmos caudatus Kunth","784924","GBIF","NY","Sakane, M.","491","Naturalized","Ouro","Bronze",,"Estrada de São José dos Campos a Campos do Jordão, km 158-159."
"ÁREA DE PROTEÇÃO AMBIENTAL CAMPOS DO JORDÃO","Angiosperms","Asteraceae","Cosmos","sulphureus","Cav.","ASTERACEAE Cosmos sulphureus Cav.","157854","GBIF","SP","Sakane, M.","491","Naturalized","Bronze","Bronze",,"Estrada de São José dos Campos a Campos do Jordão, km 158-159."
"ÁREA DE PROTEÇÃO AMBIENTAL CAMPOS DO JORDÃO","Angiosperms","Asteraceae","Cotula",,"L.","ASTERACEAE Cotula L.","17931","Splink","SINBIOTA",,,,"Latão","Ouro",,"Parque Estadual Campos do Jordão"
"ÁREA DE PROTEÇÃO AMBIENTAL CAMPOS DO JORDÃO","Angiosperms","Asteraceae","Dasycondylus","hirsutissimus","(Baker) R.M.King & H.Rob.","ASTERACEAE Dasycondylus hirsutissimus (Baker) R.M.King & H.Rob.","SPSF00007896","Splink","SPSF",,"5","Native","Latão","Ouro",,"Parque Estadual de Campos do Jordão."
"ÁREA DE PROTEÇÃO AMBIENTAL CAMPOS DO JORDÃO","Angiosperms","Asteraceae","Dasyphyllum","brasiliense","(Spreng.) Cabrera","ASTERACEAE Dasyphyllum brasiliense (Spreng.) Cabrera","ESA015259","GBIF","ESA","Barreto, K.D.","1255","Native","Ouro","Bronze","jbrj-public.s3-sa-east-1.amazonaws.com/fsi/server?type=image&source=DZI/esa/esa/0/1/52/59/esa00015259.dzi",
"ÁREA DE PROTEÇÃO AMBIENTAL CAMPOS DO JORDÃO","Angiosperms","Asteraceae","Dasyphyllum","flagellare","(Casar.) Cabrera","ASTERACEAE Dasyphyllum flagellare (Casar.) Cabrera","SPSF00031366","Splink","SPSF",,"12","Native","Ouro","Bronze",,"São José dos Alpes."
"ÁREA DE PROTEÇÃO AMBIENTAL CAMPOS DO JORDÃO","Angiosperms","Asteraceae","Dasyphyllum","spinescens","(Less.) Cabrera","ASTERACEAE Dasyphyllum spinescens (Less.) Cabrera","ESA013781","GBIF","ESA","Barreto, K.D.","1240","Native","Ouro","Bronze","jbrj-public.s3-sa-east-1.amazonaws.com/fsi/server?type=image&source=DZI/esa/esa/0/1/37/81/esa00013781.dzi",
"ÁREA DE PROTEÇÃO AMBIENTAL CAMPOS DO JORDÃO","Angiosperms","Asteraceae","Delairea","odorata","Lem.","ASTERACEAE Delairea odorata Lem.","209248","GBIF","UEC","Campos-Rocha, A.","1173","Cultivated","Bronze","Bronze","https://images.cria.org.br/viewer/UEC179402","Campos do Jordão-SP, em cultivo em floricultura local"
"ÁREA DE PROTEÇÃO AMBIENTAL CAMPOS DO JORDÃO","Angiosperms","Asteraceae","Dendrophorbium","glaziovii","(Baker) C.Jeffrey","ASTERACEAE Dendrophorbium glaziovii (Baker) C.Jeffrey","38513","GBIF","UEC","Sart, S.J.","16597","Native","Ouro","Bronze","https://images.cria.org.br/viewer/UEC122456",
"ÁREA DE PROTEÇÃO AMBIENTAL CAMPOS DO JORDÃO","Angiosperms","Asteraceae","Dendrophorbium","pellucidinerve","(Sch.Bip. ex Baker) C.Jeffrey","ASTERACEAE Dendrophorbium pellucidinerve (Sch.Bip. ex Baker) C.Jeffrey","K000217983","Splink","K",,,"Native","Ouro","Bronze",,
"ÁREA DE PROTEÇÃO AMBIENTAL CAMPOS DO JORDÃO","Angiosperms","Asteraceae","Disynaphia","ligulifolia","(Hook. & Arn.) R.M.King & H.Rob.","ASTERACEAE Disynaphia ligulifolia (Hook. & Arn.) R.M.King & H.Rob.","22847","GBIF","IAC","Leitao Filho, H.F.","s/nº","Native","Ouro","Bronze",,
"ÁREA DE PROTEÇÃO AMBIENTAL CAMPOS DO JORDÃO",,"Asteraceae","Ditrichum","crinale","(Taylor) Kuntze","ASTERACEAE Ditrichum crinale (Taylor) Kuntze","13795","GBIF","HUSC","Yano, O.","15662",,"Bronze","Ouro",,"Parque estadual de Campos do Jordão"
"ÁREA DE PROTEÇÃO AMBIENTAL CAMPOS DO JORDÃO",,"Asteraceae","Ditrichum","rufescens","(Hampe) Hampe","ASTERACEAE Ditrichum rufescens (Hampe) Hampe","149791","GBIF","SP-BRYOPHYTA","Vital, D.M.","9636",,"Latão","Ouro",,"Entre o horto e a represa nova"
"ÁREA DE PROTEÇÃO AMBIENTAL CAMPOS DO JORDÃO","Angiosperms","Asteraceae","Elephantopus","mollis","Kunth","ASTERACEAE Elephantopus mollis Kunth","77684","GBIF","UEC","Sartori, A.","26569","Native","Ouro","Bronze","https://images.cria.org.br/viewer/UEC122978","Morro do Auditório."
"ÁREA DE PROTEÇÃO AMBIENTAL CAMPOS DO JORDÃO","Angiosperms","Asteraceae","Emilia","fosbergii","Nicolson","ASTERACEAE Emilia fosbergii Nicolson","40887","GBIF","SPSF","Polisel, R.T.","858","Naturalized","Prata","Ouro","https://images.cria.org.br/viewer/SPSF00040887","Parque Estadual de Campos do Jordão"
"ÁREA DE PROTEÇÃO AMBIENTAL CAMPOS DO JORDÃO","Angiosperms","Asteraceae","Emilia","sonchifolia","(L.) DC.","ASTERACEAE Emilia sonchifolia (L.) DC.","77181","GBIF","UEC","Gianotti, E.","26669","Naturalized","Ouro","Bronze","https://images.cria.org.br/viewer/UEC123626","Praia São José dos Alpes."
"ÁREA DE PROTEÇÃO AMBIENTAL CAMPOS DO JORDÃO","Angiosperms","Asteraceae","Erechtites","valerianifolius","(Link ex Spreng.) DC.","ASTERACEAE Erechtites valerianifolius (Link ex Spreng.) DC.","80171","GBIF","UEC","Gianotti, E.","26706","Native","Ouro","Bronze","https://images.cria.org.br/viewer/UEC123738","Caminho para São José dos Alpes."
"ÁREA DE PROTEÇÃO AMBIENTAL CAMPOS DO JORDÃO","Angiosperms","Asteraceae","Eremanthus","erythropappus","(DC.) MacLeish","ASTERACEAE Eremanthus erythropappus (DC.) MacLeish","SPSF00018432","Splink","SPSF",,"556","Native","Ouro","Bronze",,"Caminho para Gruta dos Crioulos."
"ÁREA DE PROTEÇÃO AMBIENTAL CAMPOS DO JORDÃO",,"Asteraceae","Erigeron","maximus","(D.Don) DC.","ASTERACEAE Erigeron maximus (D.Don) DC.","199096","GBIF","UEC","Monge, M.","3175",,"Ouro","Bronze","https://images.cria.org.br/viewer/UEC159317","São José dos Alpes, Depois da Fazenda Lavrinhas."
"ÁREA DE PROTEÇÃO AMBIENTAL CAMPOS DO JORDÃO",,"Asteraceae","Eupatorium","decumbens","(Gardner) Baker","ASTERACEAE Eupatorium decumbens (Gardner) Baker","26301","GBIF","IAC","Rocha, A.","s/nº",,"Ouro","Bronze",,
"ÁREA DE PROTEÇÃO AMBIENTAL CAMPOS DO JORDÃO",,"Asteraceae","Eupatorium","mapiriense","Hieron.","ASTERACEAE Eupatorium mapiriense Hieron.","24152","GBIF","IAC","Sarti, S.","s/nº",,"Bronze","Bronze",,
"ÁREA DE PROTEÇÃO AMBIENTAL CAMPOS DO JORDÃO",,"Asteraceae","Eupatorium","pumilum","(Gardner) B.L.Rob.","ASTERACEAE Eupatorium pumilum (Gardner) B.L.Rob.","P02410567","GBIF","P","Holway, E.W.D.","1764",,"Latão","Bronze","jbrj-public.s3.amazonaws.com/fsi/server?type=image&source=DZI/mnhn/p/2/41/5/67/p02410567.dzi","Campos do Jordao."
"ÁREA DE PROTEÇÃO AMBIENTAL CAMPOS DO JORDÃO","Angiosperms","Asteraceae","Exostigma","notobellidiastrum","(Griseb.) G.Sancho","ASTERACEAE Exostigma notobellidiastrum (Griseb.) G.Sancho","69131","GBIF","UEC","Goldenberg, R.","26421","Native","Ouro","Bronze","https://images.cria.org.br/viewer/UEC127179","Morro do Elefante."
"ÁREA DE PROTEÇÃO AMBIENTAL CAMPOS DO JORDÃO","Angiosperms","Asteraceae","Galinsoga","parviflora","Cav.","ASTERACEAE Galinsoga parviflora Cav.","PACA027762","Splink","PACA",,,"Naturalized","Prata","Bronze",,
"ÁREA DE PROTEÇÃO AMBIENTAL CAMPOS DO JORDÃO","Angiosperms","Asteraceae","Galinsoga","quadriradiata","Ruiz & Pav.","ASTERACEAE Galinsoga quadriradiata Ruiz & Pav.","PACA027762-1","Splink","PACA",,,"Naturalized","Bronze","Bronze",,
"ÁREA DE PROTEÇÃO AMBIENTAL CAMPOS DO JORDÃO","Angiosperms","Asteraceae","Gamochaeta","americana","(Mill.) Wedd.","ASTERACEAE Gamochaeta americana (Mill.) Wedd.","42819","GBIF","SP","Hashimoto, G.","191","Native","Bronze","Bronze",,
"ÁREA DE PROTEÇÃO AMBIENTAL CAMPOS DO JORDÃO","Angiosperms","Asteraceae","Gamochaeta","calviceps","(Fernald) Cabrera","ASTERACEAE Gamochaeta calviceps (Fernald) Cabrera","RB01212834","GBIF","RB","Cordeiro, I.","1285","Native","Ouro","Bronze","jbrj-public-img.s3-sa-east-1.amazonaws.com/JPG/rb/1/21/28/34/01212834.jpg","Estrada para São José dos Alpes"
"ÁREA DE PROTEÇÃO AMBIENTAL CAMPOS DO JORDÃO","Angiosperms","Asteraceae","Gamochaeta","filaginea","(DC.) Cabrera","ASTERACEAE Gamochaeta filaginea (DC.) Cabrera","2662","GBIF","UEC","Davis, P.H.","3000","Native","Bronze","Ouro","https://images.cria.org.br/viewer/UEC199925","Reserva do Instituto Florestal, S. José dos Alpes, ao lado de Guaratinguetá."
"ÁREA DE PROTEÇÃO AMBIENTAL CAMPOS DO JORDÃO","Angiosperms","Asteraceae","Gamochaeta","hiemalis","Cabrera","ASTERACEAE Gamochaeta hiemalis Cabrera","069103","GBIF","UEC","Galvao, J.C.","26396","Native","Prata","Bronze","https://images.cria.org.br/viewer/UEC199926","Caminho p/ S. José dos Alpes."
"ÁREA DE PROTEÇÃO AMBIENTAL CAMPOS DO JORDÃO","Angiosperms","Asteraceae","Gamochaeta","purpurea","(L.) Cabrera","ASTERACEAE Gamochaeta purpurea (L.) Cabrera","PACA027748","Splink","PACA",,,"Native","Prata","Bronze",,
"ÁREA DE PROTEÇÃO AMBIENTAL CAMPOS DO JORDÃO","Angiosperms","Asteraceae","Gamochaeta","rizzinii","Cabrera","ASTERACEAE Gamochaeta rizzinii Cabrera","42818","GBIF","SP","Hashimoto, G.","190","Native","Bronze","Bronze",,
"ÁREA DE PROTEÇÃO AMBIENTAL CAMPOS DO JORDÃO","Angiosperms","Asteraceae","Gamochaeta","simplicicaulis","(Willd. ex Spreng.) Cabrera","ASTERACEAE Gamochaeta simplicicaulis (Willd. ex Spreng.) Cabrera","SPSF00007972","Splink","SPSF",,"81","Native","Ouro","Bronze",,"São José dos Alpes."
"ÁREA DE PROTEÇÃO AMBIENTAL CAMPOS DO JORDÃO","Angiosperms","Asteraceae","Gamochaeta","stachydifolia","(Lam.) Cabrera","ASTERACEAE Gamochaeta stachydifolia (Lam.) Cabrera","SPSF00007973","Splink","SPSF",,"76","Native","Ouro","Bronze",,
"ÁREA DE PROTEÇÃO AMBIENTAL CAMPOS DO JORDÃO","Angiosperms","Asteraceae","Gazania","rigens","(L.) Gaertn.","ASTERACEAE Gazania rigens (L.) Gaertn.","HPL001155","Splink","HPL",,"1852","Cultivated","Bronze","Bronze",,"No município, cultivada."
"ÁREA DE PROTEÇÃO AMBIENTAL CAMPOS DO JORDÃO",,"Asteraceae","Gnaphalium","cheiranthifolium","Lam.","ASTERACEAE Gnaphalium cheiranthifolium Lam.","797517","GBIF","NY","Kuhlmann, M.","2213",,"Ouro","Bronze",,"Pico do Itapera"
"ÁREA DE PROTEÇÃO AMBIENTAL CAMPOS DO JORDÃO",,"Asteraceae","Gnaphalium","gaudichaudianum","DC.","ASTERACEAE Gnaphalium gaudichaudianum DC.","120450","Splink","SP",,"2",,"Ouro","Bronze",,"Estrada para Pindamonhangaba"
"ÁREA DE PROTEÇÃO AMBIENTAL CAMPOS DO JORDÃO","Angiosperms","Asteraceae","Gochnatia",,"Kunth","ASTERACEAE Gochnatia Kunth","HRB00005498","Splink","HRB",,"154",,"Latão","Ouro",,"Parque Estadual Campos do Jordão Folha Cartográfica SF.23-Y-B Coordenada Coletada."
"ÁREA DE PROTEÇÃO AMBIENTAL CAMPOS DO JORDÃO","Angiosperms","Asteraceae","Grazielia","dimorpholepis","(Baker) R.M.King & H.Rob.","ASTERACEAE Grazielia dimorpholepis (Baker) R.M.King & H.Rob.","18955","GBIF","BOTU","Amaral Junior, A.S.M.","273","Native","Bronze","Bronze","https://images.cria.org.br/viewer/BOTU018955","São José dos Alpes"
"ÁREA DE PROTEÇÃO AMBIENTAL CAMPOS DO JORDÃO","Angiosperms","Asteraceae","Grazielia","gaudichaudeana","(DC.) R.M.King & H.Rob.","ASTERACEAE Grazielia gaudichaudeana (DC.) R.M.King & H.Rob.","31086","GBIF","UEC","Sarti, S.J.","13496","Native","Ouro","Bronze","https://images.cria.org.br/viewer/UEC123069",
"ÁREA DE PROTEÇÃO AMBIENTAL CAMPOS DO JORDÃO","Angiosperms","Asteraceae","Grazielia","intermedia","(DC.) R.M.King & H.Rob.","ASTERACEAE Grazielia intermedia (DC.) R.M.King & H.Rob.","ESA010889","GBIF","ESA","Barreto, K.D.","1037","Native","Ouro","Bronze","jbrj-public.s3-sa-east-1.amazonaws.com/fsi/server?type=image&source=DZI/esa/esa/0/1/8/89/esa00010889.dzi",
"ÁREA DE PROTEÇÃO AMBIENTAL CAMPOS DO JORDÃO","Angiosperms","Asteraceae","Grazielia","multifida","(DC.) R.M.King & H.Rob.","ASTERACEAE Grazielia multifida (DC.) R.M.King & H.Rob.","HRB00005466","Splink","HRB",,"75","Native","Ouro","Bronze",,"São José dos Alpes."
"ÁREA DE PROTEÇÃO AMBIENTAL CAMPOS DO JORDÃO","Angiosperms","Asteraceae","Grazielia","serrata","(Spreng.) R.M.King & H.Rob.","ASTERACEAE Grazielia serrata (Spreng.) R.M.King & H.Rob.","97338","GBIF","SP","Coleman, J.R.","340","Native","Bronze","Bronze",,"Ca. 2 km SE of Campos do Jordão"
"ÁREA DE PROTEÇÃO AMBIENTAL CAMPOS DO JORDÃO","Angiosperms","Asteraceae","Heterocondylus","alatus","(Vell.) R.M.King & H.Rob.","ASTERACEAE Heterocondylus alatus (Vell.) R.M.King & H.Rob.","63202","GBIF","UEC","Koch, I.","26348","Native","Ouro","Bronze","https://images.cria.org.br/viewer/UEC126812","Trilha do Rio Sapucaí. Beira de estrada"
"ÁREA DE PROTEÇÃO AMBIENTAL CAMPOS DO JORDÃO","Angiosperms","Asteraceae","Heterocondylus","pumilus","(Gardner) R.M.King & H.Rob.","ASTERACEAE Heterocondylus pumilus (Gardner) R.M.King & H.Rob.","51387","GBIF","SPSF","Maruyama, A.","324","Native","Ouro","Bronze","https://images.cria.org.br/viewer/SPSF00051387",
"ÁREA DE PROTEÇÃO AMBIENTAL CAMPOS DO JORDÃO",,"Asteraceae","Heterodermia","galactophylla",,"ASTERACEAE Heterodermia galactophylla","073592","Splink","ICN",,"4450",,"Bronze","Bronze",,"A oeste da cidade, reserva, parte alta da elevação"
"ÁREA DE PROTEÇÃO AMBIENTAL CAMPOS DO JORDÃO",,"Asteraceae","Heterodermia","leucomelos",,"ASTERACEAE Heterodermia leucomelos boryi","073588","Splink","ICN",,"4446",,"Bronze","Bronze",,"Oeste da cidade, parque junto a estacionamento"
"ÁREA DE PROTEÇÃO AMBIENTAL CAMPOS DO JORDÃO","Angiosperms","Asteraceae","Hypochaeris","chillensis","(Kunth) Britton","ASTERACEAE Hypochaeris chillensis (Kunth) Britton","PACA027778","Splink","PACA",,,"Native","Bronze","Bronze",,
"ÁREA DE PROTEÇÃO AMBIENTAL CAMPOS DO JORDÃO","Angiosperms","Asteraceae","Hypochaeris","lutea","(Vell.) Britton","ASTERACEAE Hypochaeris lutea (Vell.) Britton","01093008","GBIF","NY","Mattos, J.","14726","Native","Ouro","Bronze",,"Perto de São José dos Campos."
"ÁREA DE PROTEÇÃO AMBIENTAL CAMPOS DO JORDÃO","Angiosperms","Asteraceae","Hypochaeris","radicata","L.","ASTERACEAE Hypochaeris radicata L.","223428279","GBIF","Observations","Manequinho",,"Naturalized","Bronze","Bronze",,"Imbiry, Campos do Jordão - SP, 12460-000, Brasil"
"ÁREA DE PROTEÇÃO AMBIENTAL CAMPOS DO JORDÃO","Angiosperms","Asteraceae","Inulopsis","camporum","(Gardner) G.L.Nesom","ASTERACEAE Inulopsis camporum (Gardner) G.L.Nesom","347426","GBIF","SP","Costa, C.B.","427","Native","Ouro","Ouro",,"Parque Estadual de Campos do Jordão, Região de São José dos Alpes"
"ÁREA DE PROTEÇÃO AMBIENTAL CAMPOS DO JORDÃO","Angiosperms","Asteraceae","Inulopsis","scaposa","(DC.) O.Hoffm.","ASTERACEAE Inulopsis scaposa (DC.) O.Hoffm.","51370","GBIF","SPSF","Maruyama, A.","307","Native","Ouro","Bronze","https://images.cria.org.br/viewer/SPSF00051370",
"ÁREA DE PROTEÇÃO AMBIENTAL CAMPOS DO JORDÃO","Angiosperms","Asteraceae","Jaegeria","hirta","(Lag.) Less.","ASTERACEAE Jaegeria hirta (Lag.) Less.","US 2555395","GBIF","US","Coleman, J.R.","391","Native","Ouro","Bronze","https://collections.nmnh.si.edu/media/?i=11594581","Ca. 8 km S of Campos do Jordão"
"ÁREA DE PROTEÇÃO AMBIENTAL CAMPOS DO JORDÃO","Angiosperms","Asteraceae","Kaunia","rufescens","(Lund ex DC.) R.M. King","ASTERACEAE Kaunia rufescens (Lund ex DC.) R.M. King","21981","GBIF","IAC","Leitao Filho, H.F.","1268","Native","Bronze","Bronze",,"estrada Campos do Jordão a Itatiaia"
"ÁREA DE PROTEÇÃO AMBIENTAL CAMPOS DO JORDÃO","Angiosperms","Asteraceae","Koanophyllon","adamantium","(Gardner) R.M.King & H.Rob.","ASTERACEAE Koanophyllon adamantium (Gardner) R.M.King & H.Rob.","SPSF00054766","Splink","SPSF",,"112","Native","Bronze","Ouro",,"Campo Natural de Altitude, beira da estrada. Parque Estadual dos Mananciais de Campos do Jordão"
"ÁREA DE PROTEÇÃO AMBIENTAL CAMPOS DO JORDÃO","Angiosperms","Asteraceae","Koanophyllon","thysanolepis","(B.L.Rob.) R.M.King & H.Rob.","ASTERACEAE Koanophyllon thysanolepis (B.L.Rob.) R.M.King & H.Rob.","71540","GBIF","UEC","Yamamoto, K.","26739","Native","Ouro","Bronze","https://images.cria.org.br/viewer/UEC162015","Brasil, São Paulo, Município Campos do Jordão, Pico do Itapeva."
"ÁREA DE PROTEÇÃO AMBIENTAL CAMPOS DO JORDÃO","Angiosperms","Asteraceae","Lepidaploa","eriolepis","(Gardner) H.Rob.","ASTERACEAE Lepidaploa eriolepis (Gardner) H.Rob.","ICN00059882","Splink","ICN",,"s.n.","Native","Bronze","Bronze",,
"ÁREA DE PROTEÇÃO AMBIENTAL CAMPOS DO JORDÃO",,"Asteraceae","Lepidaploa","obovata",,"ASTERACEAE Lepidaploa obovata","PACA027772","Splink","PACA",,,,"Bronze","Bronze",,
"ÁREA DE PROTEÇÃO AMBIENTAL CAMPOS DO JORDÃO","Angiosperms","Asteraceae","Lepidaploa","salzmannii","(DC.) H.Rob.","ASTERACEAE Lepidaploa salzmannii (DC.) H.Rob.","RB01386508","GBIF","RB","Maruyama, A.","817","Native","Ouro","Bronze","jbrj-public-img.s3-sa-east-1.amazonaws.com/JPG/rb/1/38/65/8/01386508.jpg","Bairro dos Mellos."
"ÁREA DE PROTEÇÃO AMBIENTAL CAMPOS DO JORDÃO",,"Asteraceae","Leptostelma","maxima","D.Don","ASTERACEAE Leptostelma maxima D.Don","137752","GBIF","SP","Sakane, M.","176",,"Ouro","Bronze",,"Vila Jaguaribe"
"ÁREA DE PROTEÇÃO AMBIENTAL CAMPOS DO JORDÃO","Angiosperms","Asteraceae","Leptostelma","maximum","D.Don","ASTERACEAE Leptostelma maximum D.Don","62964","GBIF","UEC","Koch, I.","26341","Native","Ouro","Bronze","https://images.cria.org.br/viewer/UEC126315","trilha do rio sapucai."
"ÁREA DE PROTEÇÃO AMBIENTAL CAMPOS DO JORDÃO","Angiosperms","Asteraceae","Lessingianthus","brevipetiolatus","(Sch.Bip. ex Baker) H.Rob.","ASTERACEAE Lessingianthus brevipetiolatus (Sch.Bip. ex Baker) H.Rob.","SPSF00015826","Splink","SPSF",,"56","Native","Ouro","Bronze",,
"ÁREA DE PROTEÇÃO AMBIENTAL CAMPOS DO JORDÃO","Angiosperms","Asteraceae","Lessingianthus","cephalotes","(DC.) H.Rob.","ASTERACEAE Lessingianthus cephalotes (DC.) H.Rob.","119328","GBIF","UEC","Mattos, J.","14728","Native","Ouro","Bronze","https://images.cria.org.br/viewer/UEC131621","Fazenda da Guarda, Reserva Florestal."
"ÁREA DE PROTEÇÃO AMBIENTAL CAMPOS DO JORDÃO","Angiosperms","Asteraceae","Lessingianthus","hypochaeris","(DC.) H.Rob.","ASTERACEAE Lessingianthus hypochaeris (DC.) H.Rob.","2166","Splink","MACK",,"25","Native","Ouro","Bronze",,"Trilha Cajará"
"ÁREA DE PROTEÇÃO AMBIENTAL CAMPOS DO JORDÃO","Angiosperms","Asteraceae","Lessingianthus","pycnostachyus","(DC.) H.Rob.","ASTERACEAE Lessingianthus pycnostachyus (DC.) H.Rob.","S13-17763","GBIF","S","Gianotti, E.","26691","Native","Ouro","Bronze",,"Praia São José dos Alpes."
"ÁREA DE PROTEÇÃO AMBIENTAL CAMPOS DO JORDÃO","Angiosperms","Asteraceae","Lessingianthus","sellowii","(Less.) H.Rob.","ASTERACEAE Lessingianthus sellowii (Less.) H.Rob.","071066","GBIF","UEC","Pombal, E.C.P.","26518","Native","Ouro","Bronze","https://images.cria.org.br/viewer/UEC132637","Caminho para S. José dos Alpes."
"ÁREA DE PROTEÇÃO AMBIENTAL CAMPOS DO JORDÃO","Angiosperms","Asteraceae","Lessingianthus","tomentellus","(Mart. ex DC.) H.Rob.","ASTERACEAE Lessingianthus tomentellus (Mart. ex DC.) H.Rob.","2170","Splink","MACK",,"135","Native","Ouro","Bronze",,"Trilha Cajará"
"ÁREA DE PROTEÇÃO AMBIENTAL CAMPOS DO JORDÃO","Angiosperms","Asteraceae","Leucanthemum","vulgare","Lam.","ASTERACEAE Leucanthemum vulgare Lam.","3356441","GBIF","MO","Mizoguchi, K.","1095","Cultivated","Latão","Bronze",,"Campos Jordão."
"ÁREA DE PROTEÇÃO AMBIENTAL CAMPOS DO JORDÃO",,"Asteraceae","Leucopholis","capitata","(Baker) Cufod.","ASTERACEAE Leucopholis capitata (Baker) Cufod.","2658","GBIF","UEC","Leitao Filho, H.F.","1441",,"Bronze","Bronze","https://images.cria.org.br/viewer/UEC199919","Pico do Itapeva"
"ÁREA DE PROTEÇÃO AMBIENTAL CAMPOS DO JORDÃO","Angiosperms","Asteraceae","Lucilia","adpressa","Sitowski, A.M.Teles & J.F.B.Pastore,","ASTERACEAE Lucilia adpressa Sitowski, A.M.Teles & J.F.B.Pastore,","7700","GBIF","HUFU","Koch, I.","26335","Native","Ouro","Bronze","https://images.cria.org.br/viewer/HUFU00047740","Trilha do Rio Sapucaí."
"ÁREA DE PROTEÇÃO AMBIENTAL CAMPOS DO JORDÃO",,"Asteraceae","Lucilia","flagelliformis","Wedd.","ASTERACEAE Lucilia flagelliformis Wedd.","02491360","GBIF","NY","Mizoguchi, K.","1119",,"Ouro","Bronze",,
"ÁREA DE PROTEÇÃO AMBIENTAL CAMPOS DO JORDÃO","Angiosperms","Asteraceae","Lucilia","linearifolia","Baker","ASTERACEAE Lucilia linearifolia Baker","SPSF00054794","Splink","SPSF",,"8880","Native","Prata","Ouro",,"Entorno do talhão de pinus. Parque Estadual de Campos do Jordão"
"ÁREA DE PROTEÇÃO AMBIENTAL CAMPOS DO JORDÃO","Angiosperms","Asteraceae","Lychnophora",,"Mart.","ASTERACEAE Lychnophora Mart.","124204","GBIF","UB","Panizza, S.","SPF17790",,"Bronze","Bronze","https://images.cria.org.br/viewer/UB0152207",
"ÁREA DE PROTEÇÃO AMBIENTAL CAMPOS DO JORDÃO","Angiosperms","Asteraceae","Matricaria","chamomilla","L.","ASTERACEAE Matricaria chamomilla L.","HFC004907","Splink","HFC",,"317","Cultivated","Prata","Bronze",,
"ÁREA DE PROTEÇÃO AMBIENTAL CAMPOS DO JORDÃO","Angiosperms","Asteraceae","Melampodium",,"L.","ASTERACEAE Melampodium L.","180359","GBIF","UB","Carvalho-Silva, M.","1244",,"Ouro","Bronze","https://images.cria.org.br/viewer/UB0190765",
"ÁREA DE PROTEÇÃO AMBIENTAL CAMPOS DO JORDÃO","Angiosperms","Asteraceae","Mikania","argyreiae","DC.","ASTERACEAE Mikania argyreiae DC.","12879","GBIF","VIC","Queiroz, L.P.","2707","Native","Ouro","Ouro","https://images.cria.org.br/viewer/VIC012879","Reserva do Instituto Florestal. Subida para São José do Alpes."
"ÁREA DE PROTEÇÃO AMBIENTAL CAMPOS DO JORDÃO","Angiosperms","Asteraceae","Mikania","aschersonii","Hieron.","ASTERACEAE Mikania aschersonii Hieron.","SPSF00054720","Splink","SPSF",,"66","Native","Prata","Ouro",,"Trilha Celestina. Borda de Floresta Ombrófila Densa. Parque Estadual de Campos do Jordão"
"ÁREA DE PROTEÇÃO AMBIENTAL CAMPOS DO JORDÃO","Angiosperms","Asteraceae","Mikania","banisteriae","DC.","ASTERACEAE Mikania banisteriae DC.","1542","Splink","CPMA",,,"Native","Latão","Bronze",,
"ÁREA DE PROTEÇÃO AMBIENTAL CAMPOS DO JORDÃO","Angiosperms","Asteraceae","Mikania","buddleiaefolia","DC.","ASTERACEAE Mikania buddleiaefolia DC.","ESA014900","GBIF","ESA","Barreto, K.D.","1099","Native","Ouro","Bronze","jbrj-public.s3-sa-east-1.amazonaws.com/fsi/server?type=image&source=DZI/esa/esa/0/1/49/0/esa00014900.dzi",
"ÁREA DE PROTEÇÃO AMBIENTAL CAMPOS DO JORDÃO","Angiosperms","Asteraceae","Mikania","campanulata","Gardner","ASTERACEAE Mikania campanulata Gardner","6195","Splink","SINBIOTA",,,"Native","Latão","Bronze",,"_"
"ÁREA DE PROTEÇÃO AMBIENTAL CAMPOS DO JORDÃO","Angiosperms","Asteraceae","Mikania","camporum","B.L.Rob.","ASTERACEAE Mikania camporum B.L.Rob.","HBR0021530","Splink","HBR",,"4196 a","Native","Ouro","Bronze",,"Pico do Itapeva"
"ÁREA DE PROTEÇÃO AMBIENTAL CAMPOS DO JORDÃO","Angiosperms","Asteraceae","Mikania","capricorni","B.L.Rob.","ASTERACEAE Mikania capricorni B.L.Rob.","45342","GBIF","SPSF","Polisel, R.T.","1019","Native","Bronze","Ouro","https://images.cria.org.br/viewer/SPSF00045342","Parque Estadual de Campos do Jordão"
"ÁREA DE PROTEÇÃO AMBIENTAL CAMPOS DO JORDÃO","Angiosperms","Asteraceae","Mikania","chlorolepis","Baker","ASTERACEAE Mikania chlorolepis Baker","515477","Splink","SP",,"2084","Native","Bronze","Bronze",,"próximo à pousada Cachyto de Cielo"
"ÁREA DE PROTEÇÃO AMBIENTAL CAMPOS DO JORDÃO","Angiosperms","Asteraceae","Mikania","cordifolia","(L.f.) Willd.","ASTERACEAE Mikania cordifolia (L.f.) Willd.","SPSF00007978","Splink","SPSF",,"244","Native","Latão","Ouro",,"P.E. de Campos do Jordão."
"ÁREA DE PROTEÇÃO AMBIENTAL CAMPOS DO JORDÃO","Angiosperms","Asteraceae","Mikania","elliptica","DC.","ASTERACEAE Mikania elliptica DC.","6359","Splink","SINBIOTA",,,"Native","Latão","Bronze",,"São José dos Alpes"
"ÁREA DE PROTEÇÃO AMBIENTAL CAMPOS DO JORDÃO","Angiosperms","Asteraceae","Mikania","hirsutissima","DC.","ASTERACEAE Mikania hirsutissima DC.","254849","GBIF","SP","Jouy, A.","B499","Native","Ouro","Bronze",,"Pedra de Fogo"
"ÁREA DE PROTEÇÃO AMBIENTAL CAMPOS DO JORDÃO","Angiosperms","Asteraceae","Mikania","hoffmanniana","Dusén","ASTERACEAE Mikania hoffmanniana Dusén","69098","GBIF","UEC","Galvao, J.C.","26388","Native","Latão","Bronze","https://images.cria.org.br/viewer/UEC162983","Caminho p/ S. José dos Alpes, Mata de altitude."
"ÁREA DE PROTEÇÃO AMBIENTAL CAMPOS DO JORDÃO","Angiosperms","Asteraceae","Mikania","laevigata","Sch.Bip. ex Baker","ASTERACEAE Mikania laevigata Sch.Bip. ex Baker","SPSF00054699","Splink","SPSF",,"45","Native","Prata","Ouro",,"Barranco de estrada. Parque Estadual de Campos do Jordão"
"ÁREA DE PROTEÇÃO AMBIENTAL CAMPOS DO JORDÃO","Angiosperms","Asteraceae","Mikania","lasiandrae","DC.","ASTERACEAE Mikania lasiandrae DC.","ICN00061149","Splink","ICN",,"316","Native","Ouro","Bronze",,"Região do Cedro Vermelho"
"ÁREA DE PROTEÇÃO AMBIENTAL CAMPOS DO JORDÃO","Angiosperms","Asteraceae","Mikania","ligustrifolia","DC.","ASTERACEAE Mikania ligustrifolia DC.","276428","GBIF","MBM","Xavier, S.","227","Native","Bronze","Bronze","https://images.cria.org.br/viewer/MBM276428","Morro do Elefante"
"ÁREA DE PROTEÇÃO AMBIENTAL CAMPOS DO JORDÃO","Angiosperms","Asteraceae","Mikania","lindbergii","Baker","ASTERACEAE Mikania lindbergii Baker","RB01467379","GBIF","RB","Lopes, N.P.","277","Native","Ouro","Bronze","jbrj-public-img.s3-sa-east-1.amazonaws.com/JPG/rb/1/46/73/79/01467379.jpg","estrada para a pedra do Baú, margem direita"
"ÁREA DE PROTEÇÃO AMBIENTAL CAMPOS DO JORDÃO","Angiosperms","Asteraceae","Mikania","micrantha","Kunth","ASTERACEAE Mikania micrantha Kunth","137716","GBIF","SP","Sakane, M.","227","Native","Ouro","Bronze",,"Vila Matilde, área do Sanatório São Francisco Xavier"
"ÁREA DE PROTEÇÃO AMBIENTAL CAMPOS DO JORDÃO","Angiosperms","Asteraceae","Mikania","microdonta","DC.","ASTERACEAE Mikania microdonta DC.","7330","GBIF","SPFR","Lopes, N.P.","279","Native","Bronze","Bronze",,"Estrada Campos do Jordão - SP/ Piranguçu, margem direita."
"ÁREA DE PROTEÇÃO AMBIENTAL CAMPOS DO JORDÃO","Angiosperms","Asteraceae","Mikania","nummularia","DC.","ASTERACEAE Mikania nummularia DC.","CESJ064329","Splink","CESJ",,"s.n.","Native","Ouro","Bronze",,"Caminho para São José dos Alpes"
"ÁREA DE PROTEÇÃO AMBIENTAL CAMPOS DO JORDÃO","Angiosperms","Asteraceae","Mikania","oblongifolia","DC.","ASTERACEAE Mikania oblongifolia DC.","137757","GBIF","SP","Sakane, M.","182","Native","Ouro","Bronze",,"Vila Inglesa"
"ÁREA DE PROTEÇÃO AMBIENTAL CAMPOS DO JORDÃO","Angiosperms","Asteraceae","Mikania","officinalis","Mart.","ASTERACEAE Mikania officinalis Mart.","165467","GBIF","SP","Sakane, M.","556","Native","Ouro","Bronze",,"Área próxima ao Sanatório São Francisco Xavier"
"ÁREA DE PROTEÇÃO AMBIENTAL CAMPOS DO JORDÃO","Angiosperms","Asteraceae","Mikania","pseudohoffmanniana","G.M.Barroso","ASTERACEAE Mikania pseudohoffmanniana G.M.Barroso","7159","GBIF","SPFR","Lopes, N.P.","269","Native","Ouro","Bronze",,"estrada Campos do Jordão-São José dos Alpes-SP. Margem esquerda"
"ÁREA DE PROTEÇÃO AMBIENTAL CAMPOS DO JORDÃO","Angiosperms","Asteraceae","Mikania","sessilifolia","DC.","ASTERACEAE Mikania sessilifolia DC.","2048","Splink","MACK",,"130","Native","Ouro","Bronze",,"Trilha Cajará"
"ÁREA DE PROTEÇÃO AMBIENTAL CAMPOS DO JORDÃO","Angiosperms","Asteraceae","Mikania","smaragdina","Dusén ex Malme","ASTERACEAE Mikania smaragdina Dusén ex Malme","77991","GBIF","UEC","Martins, E.","26494","Native","Latão","Bronze","https://images.cria.org.br/viewer/UEC162877","Caminho para S. José dos Alpes"
"ÁREA DE PROTEÇÃO AMBIENTAL CAMPOS DO JORDÃO","Angiosperms","Asteraceae","Mikania","ternata","(Vell.) B.L.Rob.","ASTERACEAE Mikania ternata (Vell.) B.L.Rob.","ICN00063670","Splink","ICN",,"223","Native","Bronze","Bronze",,"Trilha da Cachoeira."
"ÁREA DE PROTEÇÃO AMBIENTAL CAMPOS DO JORDÃO","Angiosperms","Asteraceae","Mikania","trinervis","Hook. & Arn.","ASTERACEAE Mikania trinervis Hook. & Arn.","127869","GBIF","UEC","Barreto, K.D.","2445","Native","Ouro","Bronze","https://images.cria.org.br/viewer/UEC162952","Parque da Ferradura, Trilha do Pinhão."
"ÁREA DE PROTEÇÃO AMBIENTAL CAMPOS DO JORDÃO","Angiosperms","Asteraceae","Mikania","virgata","B.L.Rob.","ASTERACEAE Mikania virgata B.L.Rob.","80653","GBIF","SP","Hashimoto, G.","370A","Native","Bronze","Bronze",,"Abernessia"
"ÁREA DE PROTEÇÃO AMBIENTAL CAMPOS DO JORDÃO","Angiosperms","Asteraceae","Moquiniastrum","densicephalum","Cabrera) G. Sancho","ASTERACEAE Moquiniastrum densicephalum Cabrera) G. Sancho","173955","GBIF","HUEFS","Xavier, S.","SPSF17533","Native","Ouro","Bronze","https://images.cria.org.br/viewer/HUEFS0173955 | https://images.cria.org.br/viewer/HUEFS0173955_e1","Parque Estadua, trilha do rio Sapucí."
"ÁREA DE PROTEÇÃO AMBIENTAL CAMPOS DO JORDÃO","Angiosperms","Asteraceae","Moquiniastrum","paniculatum","(Less.) G. Sancho","ASTERACEAE Moquiniastrum paniculatum (Less.) G. Sancho","16000","Splink","CPAP",,"26336","Native","Ouro","Bronze",,"trilha do rio sapucai."
"ÁREA DE PROTEÇÃO AMBIENTAL CAMPOS DO JORDÃO","Angiosperms","Asteraceae","Moquiniastrum","polymorphum","(Cabrera) G. Sancho","ASTERACEAE Moquiniastrum polymorphum subsp. floccosum (Cabrera) G. Sancho","PACA027831","Splink","PACA",,,"Native","Bronze","Bronze",,
"ÁREA DE PROTEÇÃO AMBIENTAL CAMPOS DO JORDÃO","Angiosperms","Asteraceae","Mutisia","campanulata","Less.","ASTERACEAE Mutisia campanulata Less.","ESA095439","GBIF","ESA","Paula-Souza, J.","5761","Native","Ouro","Bronze","jbrj-public.s3-sa-east-1.amazonaws.com/fsi/server?type=image&source=DZI/esa/esa/0/9/54/39/esa00095439.dzi","Estrada para São Bento do Sapucaí, ca. 3km do limite entre os municípios"
"ÁREA DE PROTEÇÃO AMBIENTAL CAMPOS DO JORDÃO","Angiosperms","Asteraceae","Mutisia","coccinea","A.St.-Hil.","ASTERACEAE Mutisia coccinea A.St.-Hil.","86542","GBIF","UEC","Buzato, S.","35321","Native","Ouro","Ouro","https://images.cria.org.br/viewer/UEC084384","Horto florestal do Campos do Jordão."
"ÁREA DE PROTEÇÃO AMBIENTAL CAMPOS DO JORDÃO","Angiosperms","Asteraceae","Mutisia","speciosa","Aiton ex Hook.","ASTERACEAE Mutisia speciosa Aiton ex Hook.","138759","GBIF","SP","Sakane, M.","388","Native","Ouro","Bronze",,"Vila Albertina."
"ÁREA DE PROTEÇÃO AMBIENTAL CAMPOS DO JORDÃO","Angiosperms","Asteraceae","Ophryosporus","laxiflorus","Baker","ASTERACEAE Ophryosporus laxiflorus Baker","102658","GBIF","SP","Mattos, J.","15005","Native","Ouro","Bronze",,"Fazenda da Guarda (Reserva Florestal), quase na divisa com Minas Gerais"
"ÁREA DE PROTEÇÃO AMBIENTAL CAMPOS DO JORDÃO","Angiosperms","Asteraceae","Ophryosporus","regnellii","Baker","ASTERACEAE Ophryosporus regnellii Baker","42809","GBIF","SP","Hashimoto, G.","181","Native","Bronze","Bronze",,
"ÁREA DE PROTEÇÃO AMBIENTAL CAMPOS DO JORDÃO","Angiosperms","Asteraceae","Pacourina","edulis","Aubl.","ASTERACEAE Pacourina edulis Aubl.","34643","GBIF","UEC","Santos Filho, D.","15813","Native","Ouro","Bronze","https://images.cria.org.br/viewer/UEC121294",
"ÁREA DE PROTEÇÃO AMBIENTAL CAMPOS DO JORDÃO",,"Asteraceae","Parmelinopsis","schindleri",,"ASTERACEAE Parmelinopsis schindleri","073600","Splink","ICN",,"4458",,"Latão","Bronze",,"W da cidade, reserva"
"ÁREA DE PROTEÇÃO AMBIENTAL CAMPOS DO JORDÃO","Angiosperms","Asteraceae","Pentacalia","desiderabilis","(Vell.) Cuatrec.","ASTERACEAE Pentacalia desiderabilis (Vell.) Cuatrec.","2174","Splink","MACK",,"150","Native","Ouro","Bronze",,"Trilha For Seasons"
"ÁREA DE PROTEÇÃO AMBIENTAL CAMPOS DO JORDÃO","Angiosperms","Asteraceae","Piptocarpha","axillaris","(Less.) Baker","ASTERACEAE Piptocarpha axillaris subsp. axillaris (Less.) Baker","SPSF00018139","Splink","SPSF",,"807","Native","Prata","Bronze",,"P.E.Mananciais."
"ÁREA DE PROTEÇÃO AMBIENTAL CAMPOS DO JORDÃO","Angiosperms","Asteraceae","Piptocarpha","macropoda","(DC.) Baker","ASTERACEAE Piptocarpha macropoda (DC.) Baker","69747","GBIF","UEC","Koch, I.","26446","Native","Ouro","Bronze","https://images.cria.org.br/viewer/UEC128939","Estrada antiga de Campos do Jordão a Sto. Antônio dos Pinhais."
"ÁREA DE PROTEÇÃO AMBIENTAL CAMPOS DO JORDÃO","Angiosperms","Asteraceae","Piptocarpha","organensis","Cabrera","ASTERACEAE Piptocarpha organensis Cabrera","SPSF00047484","Splink","SPSF",,"15","Native","Latão","Ouro",,"Parque Estadual de Campos do Jordão."
"ÁREA DE PROTEÇÃO AMBIENTAL CAMPOS DO JORDÃO","Angiosperms","Asteraceae","Piptocarpha","regnellii","(Sch.Bip.) Cabrera","ASTERACEAE Piptocarpha regnellii (Sch.Bip.) Cabrera","2167","Splink","MACK",,"M109","Native","Ouro","Bronze",,"Trilha Cajará"
"ÁREA DE PROTEÇÃO AMBIENTAL CAMPOS DO JORDÃO",,"Asteraceae","Plagiochila","bifaria","(Sw.) Lindenb.","ASTERACEAE Plagiochila bifaria (Sw.) Lindenb.","7087","GBIF","IRAI","Gibertoni, R.S.","057",,"Bronze","Bronze",,"Condomínio Week Inn"
"ÁREA DE PROTEÇÃO AMBIENTAL CAMPOS DO JORDÃO",,"Asteraceae","Plagiochila","corrugata","(Nees) Nees & Mont.","ASTERACEAE Plagiochila corrugata (Nees) Nees & Mont.","7076","GBIF","IRAI","Gibertoni, R.S.","046",,"Bronze","Bronze",,"Condomínio Week Inn"
"ÁREA DE PROTEÇÃO AMBIENTAL CAMPOS DO JORDÃO",,"Asteraceae","Plagiochila","macrostachya","Lindenb.","ASTERACEAE Plagiochila macrostachya Lindenb.","47242","GBIF","HUCS","Yano, O.","22061",,"Bronze","Bronze",,"estrada para São José dos Alpes"
"ÁREA DE PROTEÇÃO AMBIENTAL CAMPOS DO JORDÃO",,"Asteraceae","Plagiochila","minarum","Herzog","ASTERACEAE Plagiochila minarum Herzog","001363","GBIF","HUFABC","Vital, D.M.","9637",,"Bronze","Bronze","https://images.cria.org.br/viewer/HUFABC001363 | https://images.cria.org.br/viewer/HUFABC001363_1",
"ÁREA DE PROTEÇÃO AMBIENTAL CAMPOS DO JORDÃO",,"Asteraceae","Plagiochila","rutilans","Lindenb.","ASTERACEAE Plagiochila rutilans Lindenb.","4415","GBIF","IRAI","Gibertoni, R.S.","030",,"Bronze","Bronze",,"Próximo à Represa do Fojo, Condomínio Week Inn"
"ÁREA DE PROTEÇÃO AMBIENTAL CAMPOS DO JORDÃO",,"Asteraceae","Plagiochila","simplex","(Sw.) Lindenb.","ASTERACEAE Plagiochila simplex (Sw.) Lindenb.","7077","GBIF","IRAI","Gibertoni, R.S.","047",,"Bronze","Bronze",,"Condomínio Week Inn"
"ÁREA DE PROTEÇÃO AMBIENTAL CAMPOS DO JORDÃO",,"Asteraceae","Plagiochila","subbiloba","Herzog","ASTERACEAE Plagiochila subbiloba Herzog","086105","GBIF","SP-BRYOPHYTA","Hoehne, F.C.","658",,"Latão","Bronze",,"Serra da Mantiqueira"
"ÁREA DE PROTEÇÃO AMBIENTAL CAMPOS DO JORDÃO",,"Asteraceae","Plagiothecium","novogranatense","(Hampe) Mitt.","ASTERACEAE Plagiothecium novogranatense (Hampe) Mitt.","47393","GBIF","HUCS","Yano, O.","19556",,"Bronze","Ouro",,"Parque Estadual de Campos do Jordão"
"ÁREA DE PROTEÇÃO AMBIENTAL CAMPOS DO JORDÃO","Angiosperms","Asteraceae","Pluchea","oblongifolia","DC.","ASTERACEAE Pluchea oblongifolia DC.","RB00801803","GBIF","RB","Porto, P.C.","3279","Native","Ouro","Bronze","jbrj-public-img.s3-sa-east-1.amazonaws.com/JPG/rb/0/80/18/3/00801803.jpg","Campos do Jordao."
"ÁREA DE PROTEÇÃO AMBIENTAL CAMPOS DO JORDÃO","Angiosperms","Asteraceae","Praxelis","decumbens","(Gardner) A. Teles & R. Esteves","ASTERACEAE Praxelis decumbens (Gardner) A. Teles & R. Esteves","069112","GBIF","UEC","Koch, I.","26402","Native","Ouro","Bronze","https://images.cria.org.br/viewer/UEC137879","Pico de Itapeva."
"ÁREA DE PROTEÇÃO AMBIENTAL CAMPOS DO JORDÃO","Angiosperms","Asteraceae","Praxelis","sanctopaulensis","(B.L.Rob.) R.M.King & H.Rob.","ASTERACEAE Praxelis sanctopaulensis (B.L.Rob.) R.M.King & H.Rob.","2577","GBIF","IAC","Rombouts, J.E.","64","Native","Bronze","Bronze",,
"ÁREA DE PROTEÇÃO AMBIENTAL CAMPOS DO JORDÃO","Angiosperms","Asteraceae","Pseudognaphalium","cheiranthifolium","(Lam.) Hilliard & Burtt","ASTERACEAE Pseudognaphalium cheiranthifolium (Lam.) Hilliard & Burtt","77483","Splink","SP",,"5","Native","Bronze","Bronze",,"16 km SSW da estação de Emílio Ribas"
"ÁREA DE PROTEÇÃO AMBIENTAL CAMPOS DO JORDÃO","Angiosperms","Asteraceae","Pseudogynoxys","pellucidinervis","(Sch.Bip.) Leitão","ASTERACEAE Pseudogynoxys pellucidinervis (Sch.Bip.) Leitão","37779","GBIF","SPSF","Polisel, R.T.","321",,"Prata","Bronze","https://images.cria.org.br/viewer/SPSF00037779",
"ÁREA DE PROTEÇÃO AMBIENTAL CAMPOS DO JORDÃO","Angiosperms","Asteraceae","Pterocaulon","alopecuroides","(Lam.) DC.","ASTERACEAE Pterocaulon alopecuroides (Lam.) DC.","120451","GBIF","SP","Mukuno, M.","3","Native","Bronze","Bronze",,"Estrada para Pindamonhangaba"
"ÁREA DE PROTEÇÃO AMBIENTAL CAMPOS DO JORDÃO","Angiosperms","Asteraceae","Pterocaulon","balansae","Chodat","ASTERACEAE Pterocaulon balansae Chodat","51978","GBIF","SPSF","Cicco, L.","820","Native","Ouro","Bronze","https://images.cria.org.br/viewer/SPSF00051978",
"ÁREA DE PROTEÇÃO AMBIENTAL CAMPOS DO JORDÃO","Angiosperms","Asteraceae","Raulinoreitzia",,"R.M.King & H.Rob.","ASTERACEAE Raulinoreitzia R.M.King & H.Rob.","SJRP00000909","GBIF","SJRP","Windich","2883",,"Latão","Bronze","jbrj-public.s3-sa-east-1.amazonaws.com/fsi/server?type=image&source=DZI/sjrp/sjrp/0/0/9/9/sjrp00000909.dzi","são josé dos alpes"
"ÁREA DE PROTEÇÃO AMBIENTAL CAMPOS DO JORDÃO","Angiosperms","Asteraceae","Richterago","petiolata","Roque & J.N.Nakaj.","ASTERACEAE Richterago petiolata Roque & J.N.Nakaj.","5316","GBIF","SPFR","Lopes, N.P.","266","Native","Ouro","Bronze",,
"ÁREA DE PROTEÇÃO AMBIENTAL CAMPOS DO JORDÃO","Angiosperms","Asteraceae","Richterago","radiata","(Vell.) Roque","ASTERACEAE Richterago radiata (Vell.) Roque","55751","GBIF","SPSF","Ivanauskas, N.M.","6986","Native","Bronze","Ouro","https://images.cria.org.br/viewer/SPSF00055751","Parque Estadual de Campos do Jordão"
"ÁREA DE PROTEÇÃO AMBIENTAL CAMPOS DO JORDÃO","Angiosperms","Asteraceae","Santolina","chamaecyparissus","L.","ASTERACEAE Santolina chamaecyparissus L.","PACA027882","Splink","PACA",,,"Cultivated","Prata","Bronze",,
"ÁREA DE PROTEÇÃO AMBIENTAL CAMPOS DO JORDÃO","Angiosperms","Asteraceae","Senecio","adamantinus","Bong.","ASTERACEAE Senecio adamantinus Bong.","6244","GBIF","HRCB","Furlan, A.","312","Native","Ouro","Bronze",,"Parque Estadual Estrada para São José dos Alpes"
"ÁREA DE PROTEÇÃO AMBIENTAL CAMPOS DO JORDÃO","Angiosperms","Asteraceae","Senecio","brasiliensis","(Spreng.) Less.","ASTERACEAE Senecio brasiliensis (Spreng.) Less.","3377953","GBIF","MO","Wasum, R.","8807","Native","Ouro","Bronze",,"Campos do Jordao- Santa Cruz"
"ÁREA DE PROTEÇÃO AMBIENTAL CAMPOS DO JORDÃO","Angiosperms","Asteraceae","Senecio","erisithalifolius","Sch.Bip. ex Baker","ASTERACEAE Senecio erisithalifolius Sch.Bip. ex Baker","67365","GBIF","MBM","Krapovickas, A.","35505","Native","Ouro","Bronze","https://images.cria.org.br/viewer/MBM067365",
"ÁREA DE PROTEÇÃO AMBIENTAL CAMPOS DO JORDÃO","Angiosperms","Asteraceae","Senecio","icoglossus","DC.","ASTERACEAE Senecio icoglossus DC.","798355","GBIF","NY","Hoehne, F.C.",,"Native","Ouro","Bronze",,"Campos do Jordao"
"ÁREA DE PROTEÇÃO AMBIENTAL CAMPOS DO JORDÃO","Angiosperms","Asteraceae","Senecio","madagascariensis","Poir.","ASTERACEAE Senecio madagascariensis Poir.","194912624","GBIF","Observations","Dominguez, Y.",,"Naturalized","Bronze","Bronze",,"Campos do Jordão - SP, 12460-000, Brasil"
"ÁREA DE PROTEÇÃO AMBIENTAL CAMPOS DO JORDÃO","Angiosperms","Asteraceae","Senecio","malacophyllus","Dusén","ASTERACEAE Senecio malacophyllus Dusén","22909","GBIF","IAC","Leitao Filho, H.F.","1358","Native","Bronze","Bronze",,
"ÁREA DE PROTEÇÃO AMBIENTAL CAMPOS DO JORDÃO","Angiosperms","Asteraceae","Senecio","oleosus","Vell.","ASTERACEAE Senecio oleosus Vell.","18494","GBIF","IAC","Souza, H.M.","s/nº","Native","Bronze","Bronze",,
"ÁREA DE PROTEÇÃO AMBIENTAL CAMPOS DO JORDÃO","Angiosperms","Asteraceae","Senecio","stigophlebius","Baker","ASTERACEAE Senecio stigophlebius Baker","69127","GBIF","UEC","Salino, A.","26417","Native","Ouro","Bronze","https://images.cria.org.br/viewer/UEC130331","Pico do Itapeva"
"ÁREA DE PROTEÇÃO AMBIENTAL CAMPOS DO JORDÃO","Angiosperms","Asteraceae","Smallanthus","siegesbeckia","(DC.) H.Rob.","ASTERACEAE Smallanthus siegesbeckia (DC.) H.Rob.","S14-585","GBIF","S","Santos Filho, D.","15808","Native","Latão","Bronze",,
"ÁREA DE PROTEÇÃO AMBIENTAL CAMPOS DO JORDÃO","Angiosperms","Asteraceae","Solidago","chilensis","Meyen","ASTERACEAE Solidago chilensis Meyen","51979","GBIF","SPSF","Maruyama, A.","821","Native","Ouro","Bronze","https://images.cria.org.br/viewer/SPSF00051979",
"ÁREA DE PROTEÇÃO AMBIENTAL CAMPOS DO JORDÃO","Angiosperms","Asteraceae","Sonchus","asper","(L.) Hill","ASTERACEAE Sonchus asper (L.) Hill","PACA027749","Splink","PACA",,,"Naturalized","Prata","Bronze",,
"ÁREA DE PROTEÇÃO AMBIENTAL CAMPOS DO JORDÃO","Angiosperms","Asteraceae","Sonchus","oleraceus","L.","ASTERACEAE Sonchus oleraceus L.","71022","GBIF","UEC","Pombal, E.C.T.","26509","Native","Ouro","Bronze","https://images.cria.org.br/viewer/UEC127243","S. José dos Alpes."
"ÁREA DE PROTEÇÃO AMBIENTAL CAMPOS DO JORDÃO","Angiosperms","Asteraceae","Stenocephalum","apiculatum","(Mart. ex DC.) Sch.Bip.","ASTERACEAE Stenocephalum apiculatum (Mart. ex DC.) Sch.Bip.","51390","GBIF","SPSF","Maruyama, A.","327","Native","Prata","Bronze","https://images.cria.org.br/viewer/SPSF00051390",
"ÁREA DE PROTEÇÃO AMBIENTAL CAMPOS DO JORDÃO","Angiosperms","Asteraceae","Stenocephalum","megapotamicum","(Spreng.) Sch.Bip.","ASTERACEAE Stenocephalum megapotamicum (Spreng.) Sch.Bip.","2162","Splink","MACK",,"82","Native","Ouro","Bronze",,"Trilha For Seasons"
"ÁREA DE PROTEÇÃO AMBIENTAL CAMPOS DO JORDÃO","Angiosperms","Asteraceae","Stevia","camporum","Baker","ASTERACEAE Stevia camporum Baker","57409","GBIF","SPSF","Ivanauskas, N.M.","7451","Native","Prata","Ouro","https://images.cria.org.br/viewer/SPSF00057409","Parque Estadual de Campos do Jordão"
"ÁREA DE PROTEÇÃO AMBIENTAL CAMPOS DO JORDÃO","Angiosperms","Asteraceae","Stevia","claussenii","Sch.Bip. ex Baker","ASTERACEAE Stevia claussenii Sch.Bip. ex Baker","SPSF00017529","Splink","SPSF",,"20A","Native","Ouro","Bronze",,"Morro do Elefante."
"ÁREA DE PROTEÇÃO AMBIENTAL CAMPOS DO JORDÃO","Angiosperms","Asteraceae","Stevia","crenulata","Baker","ASTERACEAE Stevia crenulata Baker","10566","GBIF","IPA","Pickel, B.","5273","Native","Ouro","Bronze","https://images.cria.org.br/viewer/IPA0010566","Vila S. Adelaide"
"ÁREA DE PROTEÇÃO AMBIENTAL CAMPOS DO JORDÃO","Angiosperms","Asteraceae","Stevia","involucrata","Sch.Bip. ex Baker","ASTERACEAE Stevia involucrata Sch.Bip. ex Baker","SPSF00011782","Splink","SPSF",,"531","Native","Ouro","Ouro",,"Parque Estadual de Campos do Jordão."
"ÁREA DE PROTEÇÃO AMBIENTAL CAMPOS DO JORDÃO","Angiosperms","Asteraceae","Stevia","lundiana","DC.","ASTERACEAE Stevia lundiana DC.","15997","Splink","CPAP",,"26530","Native","Ouro","Bronze",,"Caminho para São José dos Alpes"
"ÁREA DE PROTEÇÃO AMBIENTAL CAMPOS DO JORDÃO","Angiosperms","Asteraceae","Stevia","myriadenia","Sch.Bip. ex Baker","ASTERACEAE Stevia myriadenia Sch.Bip. ex Baker","111608","GBIF","UEC","Anderson, L.O.","00/07","Native","Latão","Bronze","https://images.cria.org.br/viewer/UEC039613","Fazenda Gravatá"
"ÁREA DE PROTEÇÃO AMBIENTAL CAMPOS DO JORDÃO","Angiosperms","Asteraceae","Stevia","ophryophylla","B.L.Rob.","ASTERACEAE Stevia ophryophylla B.L.Rob.","RB00429375","GBIF","RB","Hashimoto, G.","24","Native","Ouro","Bronze","jbrj-public-img.s3-sa-east-1.amazonaws.com/JPG/rb/0/42/93/75/00429375.jpg",
"ÁREA DE PROTEÇÃO AMBIENTAL CAMPOS DO JORDÃO","Angiosperms","Asteraceae","Symphyopappus","casarettoi","B.L.Rob.","ASTERACEAE Symphyopappus casarettoi B.L.Rob.","2155","Splink","MACK",,"92","Native","Bronze","Bronze",,"Trilha For Seasons"
"ÁREA DE PROTEÇÃO AMBIENTAL CAMPOS DO JORDÃO","Angiosperms","Asteraceae","Symphyopappus","compressus","(Gardner) B.L.Rob.","ASTERACEAE Symphyopappus compressus (Gardner) B.L.Rob.","SPSF00003190","Splink","SPSF",,"s/n","Native","Ouro","Bronze",,"Sanatório São Paulo."
"ÁREA DE PROTEÇÃO AMBIENTAL CAMPOS DO JORDÃO","Angiosperms","Asteraceae","Symphyopappus","cuneatus","(DC.) Sch.Bip. ex Baker","ASTERACEAE Symphyopappus cuneatus (DC.) Sch.Bip. ex Baker","63260","GBIF","UEC","Koch, I.","26337","Native","Ouro","Bronze","https://images.cria.org.br/viewer/UEC130964","Trilha do Rio Sapucaí."
"ÁREA DE PROTEÇÃO AMBIENTAL CAMPOS DO JORDÃO","Angiosperms","Asteraceae","Symphyopappus","itatiayensis","(Hieron.) R.M.King & H.Rob.","ASTERACEAE Symphyopappus itatiayensis (Hieron.) R.M.King & H.Rob.","71133","GBIF","HUFU","Leitao Filho, H.F.","1302","Native","Ouro","Bronze","https://images.cria.org.br/viewer/HUFU00072377","estrada Campos do Jordão a Monteiro Lobato"
"ÁREA DE PROTEÇÃO AMBIENTAL CAMPOS DO JORDÃO","Angiosperms","Asteraceae","Symphyopappus","lymansmithii","B.L.Rob.","ASTERACEAE Symphyopappus lymansmithii B.L.Rob.","137713","GBIF","UEC","Arzolla, F.A.R.D.P.","473","Native","Bronze","Bronze","https://images.cria.org.br/viewer/UEC071456","São José dos Alpes."
"ÁREA DE PROTEÇÃO AMBIENTAL CAMPOS DO JORDÃO","Angiosperms","Asteraceae","Symphyopappus","reticulatus","Baker","ASTERACEAE Symphyopappus reticulatus Baker","SPSF00033039","Splink","SPSF",,"472","Native","Latão","Bronze",,"estrada para S.J.Alpes."
"ÁREA DE PROTEÇÃO AMBIENTAL CAMPOS DO JORDÃO","Angiosperms","Asteraceae","Tagetes","minuta","L.","ASTERACEAE Tagetes minuta L.","2436","Splink","CPMA",,,"Naturalized","Latão","Bronze",,
"ÁREA DE PROTEÇÃO AMBIENTAL CAMPOS DO JORDÃO","Angiosperms","Asteraceae","Tithonia","diversifolia","(Hemsl.) A.Gray","ASTERACEAE Tithonia diversifolia (Hemsl.) A.Gray","223428289","GBIF","Observations","Manequinho",,"Naturalized","Bronze","Bronze",,"Imbiry, Campos do Jordão - SP, 12460-000, Brasil"
"ÁREA DE PROTEÇÃO AMBIENTAL CAMPOS DO JORDÃO","Angiosperms","Asteraceae","Trichocline","linearifolia","Malme","ASTERACEAE Trichocline linearifolia Malme","18042","GBIF","BOTU","Amaral Junior, A.B.R.H.","15","Native","Ouro","Bronze","https://images.cria.org.br/viewer/BOTU018042",
"ÁREA DE PROTEÇÃO AMBIENTAL CAMPOS DO JORDÃO","Angiosperms","Asteraceae","Trichocline","macrocephala","Less.","ASTERACEAE Trichocline macrocephala Less.","SPSF00013044","Splink","SPSF",,"628","Native","Ouro","Ouro",,"Parque Estadual de Campos do Jordão."
"ÁREA DE PROTEÇÃO AMBIENTAL CAMPOS DO JORDÃO","Angiosperms","Asteraceae","Trixis","antimenorrhoea","(Schrank) Kuntze","ASTERACEAE Trixis antimenorrhoea subsp. antimenorrhoea (Schrank) Kuntze","SPSF00011068","Splink","SPSF",,"444","Native","Bronze","Ouro",,"Parque Estadual de Campos do Jordão."
"ÁREA DE PROTEÇÃO AMBIENTAL CAMPOS DO JORDÃO","Angiosperms","Asteraceae","Trixis","nobilis","(Vell.) Katinas","ASTERACEAE Trixis nobilis (Vell.) Katinas","2046","Splink","MACK",,"129","Native","Ouro","Bronze",,"Trilha Cajará"
"ÁREA DE PROTEÇÃO AMBIENTAL CAMPOS DO JORDÃO","Angiosperms","Asteraceae","Trixis","praestans","(Vell.) Cabrera","ASTERACEAE Trixis praestans (Vell.) Cabrera","2929","GBIF","UEC","Silvio, J.S.","10186","Native","Ouro","Bronze","https://images.cria.org.br/viewer/UEC199878",
"ÁREA DE PROTEÇÃO AMBIENTAL CAMPOS DO JORDÃO","Angiosperms","Asteraceae","Trixis","verbascifolia","(Gardner) Blake","ASTERACEAE Trixis verbascifolia (Gardner) Blake","SPSF00018128","Splink","SPSF",,"809","Native","Ouro","Bronze",,"P.E. dos Mananciais."
"ÁREA DE PROTEÇÃO AMBIENTAL CAMPOS DO JORDÃO","Angiosperms","Asteraceae","Verbesina","floribunda","Gardner","ASTERACEAE Verbesina floribunda Gardner","176880","GBIF","UEC","Pickel, D.B.J.","SPSF3189","Native","Prata","Bronze","https://images.cria.org.br/viewer/UEC129745",
"ÁREA DE PROTEÇÃO AMBIENTAL CAMPOS DO JORDÃO","Angiosperms","Asteraceae","Verbesina","glabrata","Hook. & Arn.","ASTERACEAE Verbesina glabrata Hook. & Arn.","133326","GBIF","UEC","Barreto, K.D.","1260","Native","Ouro","Bronze","https://images.cria.org.br/viewer/UEC129761",
"ÁREA DE PROTEÇÃO AMBIENTAL CAMPOS DO JORDÃO","Angiosperms","Asteraceae","Vernonanthura","beyrichii","(Less.) H.Rob.","ASTERACEAE Vernonanthura beyrichii (Less.) H.Rob.","RFA15727","Splink","RFA",,"8252","Native","Ouro","Bronze",,"Água Santa."
"ÁREA DE PROTEÇÃO AMBIENTAL CAMPOS DO JORDÃO","Angiosperms","Asteraceae","Vernonanthura","densiflora","(Gardner) A.J. Vega & M. Dematteis","ASTERACEAE Vernonanthura densiflora (Gardner) A.J. Vega & M. Dematteis","58320","GBIF","SP","Hashimoto, G.","516","Native","Bronze","Bronze",,"Lageado"
"ÁREA DE PROTEÇÃO AMBIENTAL CAMPOS DO JORDÃO",,"Asteraceae","Vernonanthura","diffusa",,"ASTERACEAE Vernonanthura diffusa","1424","Splink","MACK",,"A177",,"Bronze","Bronze",,
"ÁREA DE PROTEÇÃO AMBIENTAL CAMPOS DO JORDÃO","Angiosperms","Asteraceae","Vernonanthura","discolor","(Spreng.) H.Rob.","ASTERACEAE Vernonanthura discolor (Spreng.) H.Rob.","198177","GBIF","UEC","Monge, M.","3171","Native","Ouro","Bronze","https://images.cria.org.br/viewer/UEC148453","Próximo de Mirante de São José dos Alpes"
"ÁREA DE PROTEÇÃO AMBIENTAL CAMPOS DO JORDÃO","Angiosperms","Asteraceae","Vernonanthura","divaricata","(Spreng.) H.Rob.","ASTERACEAE Vernonanthura divaricata (Spreng.) H.Rob.","80995","GBIF","SP","Kuhlmann, M.","2109","Native","Bronze","Bronze",,"Umuarama"
"ÁREA DE PROTEÇÃO AMBIENTAL CAMPOS DO JORDÃO","Angiosperms","Asteraceae","Vernonanthura","hilairiana","(Gardner) A.J.Vega & M.Dematt.","ASTERACEAE Vernonanthura hilairiana (Gardner) A.J.Vega & M.Dematt.","SPSF00015238","Splink","SPSF",,"291","Native","Ouro","Bronze",,"Morro do Elefante."
"ÁREA DE PROTEÇÃO AMBIENTAL CAMPOS DO JORDÃO","Angiosperms","Asteraceae","Vernonanthura","montevidensis","(Spreng.) H.Rob.","ASTERACEAE Vernonanthura montevidensis (Spreng.) H.Rob.","1017674","GBIF","NY","Mizoguchi, K.","1090","Native","Ouro","Bronze",,
"ÁREA DE PROTEÇÃO AMBIENTAL CAMPOS DO JORDÃO","Angiosperms","Asteraceae","Vernonanthura","paludosa","(Gardner) H.Rob.","ASTERACEAE Vernonanthura paludosa (Gardner) H.Rob.","US 1188384","GBIF","US","Holway, E.W.D.","1757","Native","Ouro","Bronze","https://collections.nmnh.si.edu/media/?i=11390088",
"ÁREA DE PROTEÇÃO AMBIENTAL CAMPOS DO JORDÃO","Angiosperms","Asteraceae","Vernonanthura","phaeoneura","(Toledo) H.Rob.","ASTERACEAE Vernonanthura phaeoneura (Toledo) H.Rob.","204402","GBIF","UEC","Arzolla, F.A.R.D.P.","606","Native","Ouro","Bronze","https://images.cria.org.br/viewer/UEC182344","moro do Elefante"
"ÁREA DE PROTEÇÃO AMBIENTAL CAMPOS DO JORDÃO","Angiosperms","Asteraceae","Vernonanthura","puberula","(Less.) H.Rob.","ASTERACEAE Vernonanthura puberula (Less.) H.Rob.","SPSF00007983","Splink","SPSF",,"269","Native","Ouro","Bronze",,"Folha SE.23-Y-B. Ponto nº EFE-1."
"ÁREA DE PROTEÇÃO AMBIENTAL CAMPOS DO JORDÃO",,"Asteraceae","Vernonanthura","squamulosa","(Hook. & Arn.) H.Rob.","ASTERACEAE Vernonanthura squamulosa (Hook. & Arn.) H.Rob.","157173","GBIF","MBM","Molon, R.C.","8701",,"Ouro","Bronze","https://images.cria.org.br/viewer/MBM157173","Santa Cruz."
"ÁREA DE PROTEÇÃO AMBIENTAL CAMPOS DO JORDÃO","Angiosperms","Asteraceae","Vernonanthura","viscidula","(Less.) H.Rob.","ASTERACEAE Vernonanthura viscidula (Less.) H.Rob.","SPSF00011567","Splink","SPSF",,"481","Native","Bronze","Ouro",,"Parque Estadual de Campos do Jordão."
"ÁREA DE PROTEÇÃO AMBIENTAL CAMPOS DO JORDÃO","Angiosperms","Asteraceae","Vernonanthura","westiniana","(Less.) H.Rob.","ASTERACEAE Vernonanthura westiniana (Less.) H.Rob.","273292","GBIF","MBM","Nagatani, Y.","31528","Native","Ouro","Bronze","https://images.cria.org.br/viewer/MBM273292","Estrada para o Pico de Itapeva."
"ÁREA DE PROTEÇÃO AMBIENTAL CAMPOS DO JORDÃO",,"Asteraceae","Vernonia","florida","Gardner","ASTERACEAE Vernonia florida Gardner","SPSF00021981","Splink","SPSF",,"311",,"Ouro","Bronze",,"Morro do Elefante."
"ÁREA DE PROTEÇÃO AMBIENTAL CAMPOS DO JORDÃO",,"Asteraceae","Vernonia","griseola","Baker ex Warm.","ASTERACEAE Vernonia griseola Baker ex Warm.","K001066315","GBIF","K","Buzato, S.","s.n",,"Bronze","Ouro","jbrj-public.s3-sa-east-1.amazonaws.com/fsi/server?type=image&source=DZI/kew/k/0/10/66/31/5/k001066315.dzi","Horto Florestal."
"ÁREA DE PROTEÇÃO AMBIENTAL CAMPOS DO JORDÃO",,"Asteraceae","Vernonia","nitidula","Less.","ASTERACEAE Vernonia nitidula Less.","138667","GBIF","SP","Sakane, M.","329",,"Ouro","Bronze",,"Vila Albertina, proximidades do Santuário São Franscisco Xavier."
"ÁREA DE PROTEÇÃO AMBIENTAL CAMPOS DO JORDÃO",,"Asteraceae","Vernonia","puberula","Less.","ASTERACEAE Vernonia puberula Less.","35271","GBIF","SPSF","Arzolla, F.A.R.D.P.","981",,"Ouro","Bronze",,"região do Pico do Diamante"
"ÁREA DE PROTEÇÃO AMBIENTAL CAMPOS DO JORDÃO",,"Asteraceae","Viguiera","nonneaefolia",,"ASTERACEAE Viguiera nonneaefolia","SPSF00011049","Splink","SPSF",,"443",,"Bronze","Ouro",,"Parque Estadual de Campos do Jordão."
"ÁREA DE PROTEÇÃO AMBIENTAL CAMPOS DO JORDÃO",,"Asteraceae","Viguiera","nonneifolia","Baker","ASTERACEAE Viguiera nonneifolia Baker","262558","GBIF","MBM","Robim, M.J.","443",,"Bronze","Ouro","https://images.cria.org.br/viewer/MBM262558","Parque Estadual de Campos do Jordão."
"ÁREA DE PROTEÇÃO AMBIENTAL CAMPOS DO JORDÃO","Angiosperms","Asteraceae","Wedelia","monantha","(Vell.) Remor, Bringel & J.F.B.Pastore","ASTERACEAE Wedelia monantha (Vell.) Remor, Bringel & J.F.B.Pastore","42805","GBIF","SP","Hashimoto, G.","177","Native","Bronze","Bronze",,"Inst. Kurihara n° 177"
"ÁREA DE PROTEÇÃO AMBIENTAL CAMPOS DO JORDÃO","Angiosperms","Asteraceae","Xanthium",,"L.","ASTERACEAE Xanthium L.","SPSF00014303","Splink","SPSF",,"690",,"Latão","Bronze",,"Coletado no Morro do Elefante; em área de campos."
"ÁREA DE PROTEÇÃO AMBIENTAL CAMPOS DO JORDÃO","Angiosperms","Asteraceae","Zinnia","elegans","Jacq.","ASTERACEAE Zinnia elegans Jacq.","200750407","GBIF","Observations","Flaviodrt",,"Naturalized","Bronze","Bronze",,"Campos do Jordão, SP, 12460-000, Brasil"
"ÁREA DE PROTEÇÃO AMBIENTAL CAMPOS DO JORDÃO",,"Asteraceae|Cyperaceae","Heterocondylus|Bulbostylis",,"R.M.King|Kunth","ASTERACEAE|CYPERACEAE Heterocondylus R.M.King|Bulbostylis Kunth","SPSF00054751","Splink","SPSF",,"97",,"Latão","Ouro",,"Campo Natural de Altitude em regeneração após corte de Pinus taeda. Parque Estadual dos Mananciais de Campos do Jordão"
"ÁREA DE PROTEÇÃO AMBIENTAL CAMPOS DO JORDÃO","Ferns and Lycophytes","Athyriaceae","Athyrium","dombeyi","Desv.","ATHYRIACEAE Athyrium dombeyi Desv.","429759","GBIF","MBM","Canestraro, B.K.","1515","Native","Ouro","Bronze","https://images.cria.org.br/viewer/MBM429759","Estrada para pico do Imbiri."
"ÁREA DE PROTEÇÃO AMBIENTAL CAMPOS DO JORDÃO","Ferns and Lycophytes","Athyriaceae","Deparia","petersenii","(Kunze) M.Kato","ATHYRIACEAE Deparia petersenii (Kunze) M.Kato","429761","GBIF","MBM","Canestraro, B.K.","1517","Naturalized","Ouro","Bronze","https://images.cria.org.br/viewer/MBM429761","Estrada para pico do Imbiri."
"ÁREA DE PROTEÇÃO AMBIENTAL CAMPOS DO JORDÃO","Ferns and Lycophytes","Athyriaceae","Diplazium","cristatum","(Desr.) Alston","ATHYRIACEAE Diplazium cristatum (Desr.) Alston","R010090317","GBIF","R","Santos, A.A.","185","Native","Ouro","Ouro","jbrj-public.s3-sa-east-1.amazonaws.com/fsi/server?type=image&source=DZI/herbariumr/r/1/0/90/31/7/r010090317.dzi","Horto Florestal, Cam. São José dos Alpes"
"ÁREA DE PROTEÇÃO AMBIENTAL CAMPOS DO JORDÃO","Ferns and Lycophytes","Athyriaceae","Diplazium","expansum","Willd.","ATHYRIACEAE Diplazium expansum Willd.","29684","GBIF","BHCB","Salino, A.","1452","Unknown","Bronze","Bronze",,"Estrada velha para Santo Antônio do Pinhal, em frente ao Matadouro Municipal."
"ÁREA DE PROTEÇÃO AMBIENTAL CAMPOS DO JORDÃO","Ferns and Lycophytes","Athyriaceae","Diplazium","lindbergii","(Mett.) Christ","ATHYRIACEAE Diplazium lindbergii (Mett.) Christ","29673","GBIF","BHCB","Salino, A.","1429","Native","Bronze","Bronze",,"Morro do Elefante"
"ÁREA DE PROTEÇÃO AMBIENTAL CAMPOS DO JORDÃO","Angiosperms","Balanophoraceae","Helosis","cayanensis","(Sw.) Spreng.","BALANOPHORACEAE Helosis cayanensis (Sw.) Spreng.","349619","GBIF","SP","Konno, T.","738","Native","Bronze","Ouro",,"Parque Estadual de Campos do Jordão, Trilha Celestina, no interior da mata; ao lado de um corrego, proximo à área de lazer do parque."
"ÁREA DE PROTEÇÃO AMBIENTAL CAMPOS DO JORDÃO","Angiosperms","Balanophoraceae","Langsdorffia","hypogaea","Mart.","BALANOPHORACEAE Langsdorffia hypogaea Mart.","6096","GBIF","SPFw","Ceccantini, G.C.T.R.","3892","Native","Bronze","Bronze",,
"ÁREA DE PROTEÇÃO AMBIENTAL CAMPOS DO JORDÃO","Angiosperms","Balanophoraceae","Scybalium","fungiforme","Schott & Endl.","BALANOPHORACEAE Scybalium fungiforme Schott & Endl.","80235","GBIF","SP","Lima, F.I.","238","Native","Ouro","Bronze",,
"ÁREA DE PROTEÇÃO AMBIENTAL CAMPOS DO JORDÃO","Angiosperms","Balanophoraceae","Scybalium","glaziovii","Eichler","BALANOPHORACEAE Scybalium glaziovii Eichler","14151","GBIF","R","Emmerich, M.","4769","Native","Ouro","Bronze",,
"ÁREA DE PROTEÇÃO AMBIENTAL CAMPOS DO JORDÃO","Angiosperms","Basellaceae","Anredera","cordifolia","(Ten.) Steenis","BASELLACEAE Anredera cordifolia (Ten.) Steenis","51985","GBIF","SPSF","Maruyama, A.","827","Native","Ouro","Bronze",,"Bairro dos Mellos"
"ÁREA DE PROTEÇÃO AMBIENTAL CAMPOS DO JORDÃO","Angiosperms","Begoniaceae","Begonia","aconitifolia","A.DC.","BEGONIACEAE Begonia aconitifolia A.DC.",,"GBIF",,,,"Native","Latão","Bronze",,
"ÁREA DE PROTEÇÃO AMBIENTAL CAMPOS DO JORDÃO","Angiosperms","Begoniaceae","Begonia","angularis","Raddi","BEGONIACEAE Begonia angularis Raddi","304645","GBIF","SP","Barreto, K.D.","1258","Native","Ouro","Ouro",,"Horto Florestal. Plantio de Pinus. Mata de altitude"
"ÁREA DE PROTEÇÃO AMBIENTAL CAMPOS DO JORDÃO","Angiosperms","Begoniaceae","Begonia","angulata","Vell.","BEGONIACEAE Begonia angulata var. angulata Vell.","BOTU018100","Splink","BOTU",,"74","Native","Latão","Bronze",,
"ÁREA DE PROTEÇÃO AMBIENTAL CAMPOS DO JORDÃO","Angiosperms","Begoniaceae","Begonia","angulata","Brade","BEGONIACEAE Begonia angulata var. campos-portoi Brade","42960","GBIF","SP","Hashimoto, G.","325","Native","Bronze","Bronze",,
"ÁREA DE PROTEÇÃO AMBIENTAL CAMPOS DO JORDÃO","Angiosperms","Begoniaceae","Begonia","cucullata","Willd.","BEGONIACEAE Begonia cucullata Willd.","RB00053844","GBIF","RB","Leite, J.E.","3483","Native","Prata","Bronze","jbrj-public-img.s3-sa-east-1.amazonaws.com/JPG/rb/0/5/38/44/00053844.jpg",
"ÁREA DE PROTEÇÃO AMBIENTAL CAMPOS DO JORDÃO","Angiosperms","Begoniaceae","Begonia","digitata","Raddi","BEGONIACEAE Begonia digitata Raddi","PEL0001035","Splink","PEL",,"2459","Native","Ouro","Bronze",,
"ÁREA DE PROTEÇÃO AMBIENTAL CAMPOS DO JORDÃO","Angiosperms","Begoniaceae","Begonia","fischeri","Schrank","BEGONIACEAE Begonia fischeri Schrank","51990","GBIF","SPSF","Maruyama, A.","832","Native","Bronze","Bronze",,"Bairro dos Mellos"
"ÁREA DE PROTEÇÃO AMBIENTAL CAMPOS DO JORDÃO","Angiosperms","Begoniaceae","Begonia","fruticosa","(Klotzsch) A.DC.","BEGONIACEAE Begonia fruticosa (Klotzsch) A.DC.","RBR00035212","Splink","RBR",,"3303","Native","Ouro","Bronze",,"Na Estrada para Wenceslau Braz ca. 25 km dessa última cidadeem Mata de Altitude. 22° 39´ 12,4"" S, 45° 25´ 53,6"" W 1700 m.s.m."
"ÁREA DE PROTEÇÃO AMBIENTAL CAMPOS DO JORDÃO","Angiosperms","Begoniaceae","Begonia","gehrtii","Irmsch.","BEGONIACEAE Begonia gehrtii Irmsch.",,"GBIF",,,,"Native","Latão","Bronze",,
"ÁREA DE PROTEÇÃO AMBIENTAL CAMPOS DO JORDÃO","Angiosperms","Begoniaceae","Begonia","incisoserrata","(Klotzsch) A.DC.","BEGONIACEAE Begonia incisoserrata (Klotzsch) A.DC.","SPSF00014636","Splink","SPSF",,"712","Native","Prata","Ouro",,"Parque Estadual de Campos do Jordão."
"ÁREA DE PROTEÇÃO AMBIENTAL CAMPOS DO JORDÃO","Angiosperms","Begoniaceae","Begonia","rufa","Thunb.","BEGONIACEAE Begonia rufa Thunb.","51396","GBIF","SPSF","Maruyama, A.","333","Native","Bronze","Bronze",,
"ÁREA DE PROTEÇÃO AMBIENTAL CAMPOS DO JORDÃO","Angiosperms","Berberidaceae","Berberis","laurina","Billb.","BERBERIDACEAE Berberis laurina Billb.","NY00884365","GBIF","NY","Robim, M.J.","211","Native","Ouro","Bronze","jbrj-public.s3-sa-east-1.amazonaws.com/fsi/server?type=image&source=DZI/newyork/ny_/0/88/43/65/ny_00884365.dzi","Instituto Florestal. Próximo ao Riacho das Trutas."
"ÁREA DE PROTEÇÃO AMBIENTAL CAMPOS DO JORDÃO","Angiosperms","Berberidaceae","Nandina","domestica","Thunb.","BERBERIDACEAE Nandina domestica Thunb.","6210","GBIF","HRCB","Furlan, A.","338","Cultivated","Bronze","Bronze",,"Cultivada na Fazenda Lagoinha"
"ÁREA DE PROTEÇÃO AMBIENTAL CAMPOS DO JORDÃO","Angiosperms","Betulaceae","Corylus","avellana","L.","BETULACEAE Corylus avellana L.","SPSF00009609","Splink","SPSF",,"374","Cultivated","Bronze","Ouro",,"Parque Estadual de Campos do Jordão."
"ÁREA DE PROTEÇÃO AMBIENTAL CAMPOS DO JORDÃO","Angiosperms","Bignoniaceae","Adenocalymma","pedunculatum","(Vell.) L.G.Lohmann","BIGNONIACEAE Adenocalymma pedunculatum (Vell.) L.G.Lohmann","77765","GBIF","SP","Gomes Jr, J.C.","1621","Native","Bronze","Ouro","https://images.cria.org.br/viewer/SP058078","Fazenda da Guarda. Vale do Rio Coxim, areal."
"ÁREA DE PROTEÇÃO AMBIENTAL CAMPOS DO JORDÃO","Angiosperms","Bignoniaceae","Anemopaegma",,"Mart. ex Meisn.","BIGNONIACEAE Anemopaegma Mart. ex Meisn.","78235","GBIF","UEC","Gianotti, E.","26679",,"Ouro","Bronze","https://images.cria.org.br/viewer/UEC109759","Praia São José dos Alpes"
"ÁREA DE PROTEÇÃO AMBIENTAL CAMPOS DO JORDÃO",,"Bignoniaceae","Batrachospermum","vogesiacum","Skuja","BIGNONIACEAE Batrachospermum vogesiacum Skuja","23367","GBIF","SJRP-ALGAE","Necchi, O.J.",,,"Bronze","Ouro",,"100 m da Rod. SP-50, 200 m entrada do Horto"
"ÁREA DE PROTEÇÃO AMBIENTAL CAMPOS DO JORDÃO","Angiosperms","Bignoniaceae","Bignonia",,"L.","BIGNONIACEAE Bignonia L.","SPSF00011501","Splink","SPSF",,"198",,"Latão","Bronze",,"Parque Estadual do Instituto Florestal."
"ÁREA DE PROTEÇÃO AMBIENTAL CAMPOS DO JORDÃO","Angiosperms","Bignoniaceae","Dolichandra","unguis-cati","(L.) L.G.Lohmann","BIGNONIACEAE Dolichandra unguis-cati (L.) L.G.Lohmann","SPSF00037517","Splink","SPSF",,,"Native","Bronze","Ouro",,"Parque Estadual do Instituto Florestal."
"ÁREA DE PROTEÇÃO AMBIENTAL CAMPOS DO JORDÃO","Angiosperms","Bignoniaceae","Handroanthus","albus","(Cham.) Mattos","BIGNONIACEAE Handroanthus albus (Cham.) Mattos","65164","GBIF","SP","Kuhlmann, M.","2247","Native","Bronze","Bronze","https://images.cria.org.br/viewer/SP058906",
"ÁREA DE PROTEÇÃO AMBIENTAL CAMPOS DO JORDÃO","Angiosperms","Bignoniaceae","Handroanthus","catarinensis","(A.H.Gentry) S.Grose","BIGNONIACEAE Handroanthus catarinensis (A.H.Gentry) S.Grose","101730","GBIF","SP","Mattos, J.","15036","Native","Bronze","Bronze","https://images.cria.org.br/viewer/SP058889","São José dos Alpes"
"ÁREA DE PROTEÇÃO AMBIENTAL CAMPOS DO JORDÃO","Angiosperms","Bignoniaceae","Handroanthus","heptaphyllus","(Vell.) Mattos","BIGNONIACEAE Handroanthus heptaphyllus (Vell.) Mattos","SPSF00012053","Splink","SPSF",,"591","Native","Ouro","Ouro",,"Parque Estadual"
"ÁREA DE PROTEÇÃO AMBIENTAL CAMPOS DO JORDÃO","Angiosperms","Bignoniaceae","Handroanthus","ochraceus","(Cham.) Mattos","BIGNONIACEAE Handroanthus ochraceus (Cham.) Mattos","SPSF00007688","Splink","SPSF",,,"Native","Bronze","Bronze",,"Parque Estadual do Instituto Florestal."
"ÁREA DE PROTEÇÃO AMBIENTAL CAMPOS DO JORDÃO","Angiosperms","Bignoniaceae","Handroanthus","serratifolius","(Vahl) S.Grose","BIGNONIACEAE Handroanthus serratifolius (Vahl) S.Grose","SPSF00009421","Splink","SPSF",,"307","Native","Ouro","Ouro",,"Parque Estadual, região de São José dos Alpes"
"ÁREA DE PROTEÇÃO AMBIENTAL CAMPOS DO JORDÃO","Angiosperms","Bignoniaceae","Jacaranda","decurrens","Cham.","BIGNONIACEAE Jacaranda decurrens Cham.","195026","GBIF","SPF","Jr, A.A.","30","Native","Ouro","Ouro","https://images.cria.org.br/viewer/SPF00195026","Parque Estadual de Campos de Jordão"
"ÁREA DE PROTEÇÃO AMBIENTAL CAMPOS DO JORDÃO","Angiosperms","Bignoniaceae","Jacaranda","macrantha","Cham.","BIGNONIACEAE Jacaranda macrantha Cham.","SPSF00005634","Splink","SPSF",,,"Native","Latão","Bronze",,"Parque Estadual do Instituto Florestal."
"ÁREA DE PROTEÇÃO AMBIENTAL CAMPOS DO JORDÃO","Angiosperms","Bignoniaceae","Jacaranda","puberula","Cham.","BIGNONIACEAE Jacaranda puberula Cham.","SPSF00005935","Splink","SPSF",,"s/n","Native","Ouro","Bronze",,"Parque Estadual do Instituto Florestal."
"ÁREA DE PROTEÇÃO AMBIENTAL CAMPOS DO JORDÃO","Angiosperms","Bignoniaceae","Jacaranda","subalpina","Morawetz","BIGNONIACEAE Jacaranda subalpina Morawetz","SPSF00008859","Splink","SPSF",,"s/n","Native","Ouro","Ouro",,"Parque Estadual de Campos do Jordão."
"ÁREA DE PROTEÇÃO AMBIENTAL CAMPOS DO JORDÃO","Angiosperms","Bignoniaceae","Kigelia","africana","(Lam.) Benth.","BIGNONIACEAE Kigelia africana (Lam.) Benth.","SPSF00005970","Splink","SPSF",,,"Cultivated","Bronze","Bronze",,"Parque Estadual do Instituto Florestal."
"ÁREA DE PROTEÇÃO AMBIENTAL CAMPOS DO JORDÃO","Angiosperms","Bignoniaceae","Mansoa",,"DC.","BIGNONIACEAE Mansoa DC.","113973","GBIF","UEC","Barreto, K.D.","1277a",,"Ouro","Bronze","https://images.cria.org.br/viewer/UEC121211","Fazenda Duas Matas"
"ÁREA DE PROTEÇÃO AMBIENTAL CAMPOS DO JORDÃO","Angiosperms","Bignoniaceae","Pyrostegia","venusta","(Ker Gawl.) Miers","BIGNONIACEAE Pyrostegia venusta (Ker Gawl.) Miers","SPSF00014635","Splink","SPSF",,"713","Native","Ouro","Ouro",,"Parque Estadual."
"ÁREA DE PROTEÇÃO AMBIENTAL CAMPOS DO JORDÃO",,"Bignoniaceae","Virescentia",,"(Sirodot) O.Necchi, Jr., D.C.Agostinho & M.L.Vis, 2018","BIGNONIACEAE Virescentia (Sirodot) O.Necchi, Jr., D.C.Agostinho & M.L.Vis, 2018","31495","GBIF","SJRP-ALGAE","Paiano, M.",,,"Ouro","Bronze",,"Ducha da Prata"
"ÁREA DE PROTEÇÃO AMBIENTAL CAMPOS DO JORDÃO","Angiosperms","Bignoniaceae","Zeyheria","montana","Mart.","BIGNONIACEAE Zeyheria montana Mart.","5594","GBIF","UB","Gomes Junior, J.C.","1654","Native","Ouro","Bronze",,"Estrada do areal, Vale do rio Coxim."
"ÁREA DE PROTEÇÃO AMBIENTAL CAMPOS DO JORDÃO","Ferns and Lycophytes","Blechnaceae","Austroblechnum","penna-marina","(Poir.) Gasper & V.A.O. Dittrich","BLECHNACEAE Austroblechnum penna-marina (Poir.) Gasper & V.A.O. Dittrich","NY00814142","Splink","NY",,"8699","Native","Bronze","Bronze",,"Campos do Jordão"
"ÁREA DE PROTEÇÃO AMBIENTAL CAMPOS DO JORDÃO","Ferns and Lycophytes","Blechnaceae","Blechnum","austrobrasilianum","de la Sota","BLECHNACEAE Blechnum austrobrasilianum de la Sota","78505","GBIF","HRCB","Dittrich, V.A.O.","1074","Native","Ouro","Ouro",,"Parque Estadual de Campos do Jordão, trilha da Cachoeira da Celestina, coordenadas aproximadas de 22 42'S, 45 28'W"
"ÁREA DE PROTEÇÃO AMBIENTAL CAMPOS DO JORDÃO",,"Blechnaceae","Blechnum","ensiforme",,"BLECHNACEAE Blechnum ensiforme","K000954340","Splink","K",,"3081",,"Latão","Bronze",,
"ÁREA DE PROTEÇÃO AMBIENTAL CAMPOS DO JORDÃO",,"Blechnaceae","Blechnum","imperiale",,"BLECHNACEAE Blechnum imperiale","PACA111652","Splink","PACA",,"3080",,"Prata","Bronze",,
"ÁREA DE PROTEÇÃO AMBIENTAL CAMPOS DO JORDÃO",,"Blechnaceae","Blechnum","obtusifolium",,"BLECHNACEAE Blechnum obtusifolium","K000902137","Splink","K",,"3216",,"Bronze","Bronze",,
"ÁREA DE PROTEÇÃO AMBIENTAL CAMPOS DO JORDÃO","Ferns and Lycophytes","Blechnaceae","Blechnum","occidentale","L.","BLECHNACEAE Blechnum occidentale L.","37755","GBIF","SPSF","Polisel, R.T.","297","Native","Bronze","Bronze","https://images.cria.org.br/viewer/SPSF00037755",
"ÁREA DE PROTEÇÃO AMBIENTAL CAMPOS DO JORDÃO","Ferns and Lycophytes","Blechnaceae","Blechnum","polypodioides","Raddi","BLECHNACEAE Blechnum polypodioides Raddi","CESJ074014","Splink","CESJ",,"1146","Native","Ouro","Ouro",,"Parque Estadual de Campos do Jordão, ao lado do alojamento para pesquisadores."
"ÁREA DE PROTEÇÃO AMBIENTAL CAMPOS DO JORDÃO","Ferns and Lycophytes","Blechnaceae","Lomaria","spannagelii","(Rosenst.) Gasper & V.A.O. Dittrich","BLECHNACEAE Lomaria spannagelii (Rosenst.) Gasper & V.A.O. Dittrich","37724","GBIF","SPSF","Ivanauskas, N.M.","231","Native","Ouro","Ouro","https://images.cria.org.br/viewer/SPSF00037724_1 | https://images.cria.org.br/viewer/SPSF00037724_2","Parque Estadual de Campos do Jordão"
"ÁREA DE PROTEÇÃO AMBIENTAL CAMPOS DO JORDÃO","Ferns and Lycophytes","Blechnaceae","Lomaridium","acutum","(Desv.) Gasper & V.A.O. Dittrich","BLECHNACEAE Lomaridium acutum (Desv.) Gasper & V.A.O. Dittrich","41882","GBIF","HRCB","Dittrich, V.A.O.","1079","Unknown","Ouro","Bronze",,
"ÁREA DE PROTEÇÃO AMBIENTAL CAMPOS DO JORDÃO","Ferns and Lycophytes","Blechnaceae","Lomaridium","binervatum","(Poir.) Gasper & V.A.O. Dittrich","BLECHNACEAE Lomaridium binervatum (Poir.) Gasper & V.A.O. Dittrich","HRCB058045","Splink","HRCB",,"428","Unknown","Bronze","Bronze",,
"ÁREA DE PROTEÇÃO AMBIENTAL CAMPOS DO JORDÃO","Ferns and Lycophytes","Blechnaceae","Lomaridium","plumieri","(Desv.) C. Presl","BLECHNACEAE Lomaridium plumieri (Desv.) C. Presl","CESJ074093","Splink","CESJ",,"1069","Native","Ouro","Ouro",,"Parque Estadual de Campos do Jordão, trilha da Cachoeira da Celestina. Coordenadas aproximadas"
"ÁREA DE PROTEÇÃO AMBIENTAL CAMPOS DO JORDÃO","Ferns and Lycophytes","Blechnaceae","Lomariocycas","schomburgkii","(Klotzsch) Gasper & A.R. Sm.","BLECHNACEAE Lomariocycas schomburgkii (Klotzsch) Gasper & A.R. Sm.","06382","GBIF","SJRP","Windisch, P.G.","2882","Native","Bronze","Bronze","https://images.cria.org.br/viewer/SJRP00014671","Divisa com Pindamonhangaba, São José dos Alpes"
"ÁREA DE PROTEÇÃO AMBIENTAL CAMPOS DO JORDÃO",,"Blechnaceae","Lomariocycas","tabularis",,"BLECHNACEAE Lomariocycas tabularis","1613199","Splink","MICH",,"3504",,"Latão","Bronze",,"Campos do Jordao"
"ÁREA DE PROTEÇÃO AMBIENTAL CAMPOS DO JORDÃO","Ferns and Lycophytes","Blechnaceae","Neoblechnum","brasiliense","(Desv.) Gasper & V.A.O. Dittrich","BLECHNACEAE Neoblechnum brasiliense (Desv.) Gasper & V.A.O. Dittrich","232556287","GBIF","Observations","Lucca",,"Native","Bronze","Bronze",,"J Alpestre, Campos do Jordão - SP, 12460-000, Brasil"
"ÁREA DE PROTEÇÃO AMBIENTAL CAMPOS DO JORDÃO",,"Blechnaceae","Parablechnum","chilense",,"BLECHNACEAE Parablechnum chilense","1613228","Splink","MICH",,"3505",,"Latão","Bronze",,"In Paludosis"
"ÁREA DE PROTEÇÃO AMBIENTAL CAMPOS DO JORDÃO","Ferns and Lycophytes","Blechnaceae","Parablechnum","cordatum","(Desv.) Gasper & Salino","BLECHNACEAE Parablechnum cordatum (Desv.) Gasper & Salino","29667","Splink","BHCB",,"1417","Native","Ouro","Bronze",,"Pico de Itapeva"
"ÁREA DE PROTEÇÃO AMBIENTAL CAMPOS DO JORDÃO","Angiosperms","Boraginaceae","Cynoglossum","amabile","Stapf & J.R.Drumm.","BORAGINACEAE Cynoglossum amabile Stapf & J.R.Drumm.","ESA135250","Splink","ESA",,"829","Cultivated","Prata","Bronze",,
"ÁREA DE PROTEÇÃO AMBIENTAL CAMPOS DO JORDÃO","Angiosperms","Boraginaceae","Thaumatocaryon","dasyanthum","(Cham.) I.M.Johnst.","BORAGINACEAE Thaumatocaryon dasyanthum (Cham.) I.M.Johnst.","SJRP00002838","GBIF","SJRP","Kuhlamnn, M.","s/n","Native","Latão","Bronze","jbrj-public.s3-sa-east-1.amazonaws.com/fsi/server?type=image&source=DZI/sjrp/sjrp/0/0/28/38/sjrp00002838.dzi",
"ÁREA DE PROTEÇÃO AMBIENTAL CAMPOS DO JORDÃO","Angiosperms","Boraginaceae","Thaumatocaryon","sellowianum","(Cham.) I.M.Johnst.","BORAGINACEAE Thaumatocaryon sellowianum (Cham.) I.M.Johnst.","484410","GBIF","NY","Kuhlmann, M.","32449","Native","Ouro","Bronze",,
"ÁREA DE PROTEÇÃO AMBIENTAL CAMPOS DO JORDÃO",,"Brassicaceae","Cornus",,,"BRASSICACEAE Cornus sp.","RB00072527","JABOT","RB","Rubens","240",,"Latão","Ouro","jbrj-public-img.s3-sa-east-1.amazonaws.com/JPG/rb/0/7/25/27/00072527.jpg","Parque Estadual."
"ÁREA DE PROTEÇÃO AMBIENTAL CAMPOS DO JORDÃO",,"Brassicaceae","Lepidopilum","scabrisetum","(Schwägr.) Steere","BRASSICACEAE Lepidopilum scabrisetum (Schwägr.) Steere","02125329","GBIF","NY","Buck, W.R.","26361A",,"Latão","Bronze",,"Serra da Mantiqueira, Pico do Itapeva, ca. 6 km SE of Campos do Jordão"
"ÁREA DE PROTEÇÃO AMBIENTAL CAMPOS DO JORDÃO",,"Brassicaceae","Lepidopilum","subsubulatum","Geh. & Hampe","BRASSICACEAE Lepidopilum subsubulatum Geh. & Hampe","170457","GBIF","SP-BRYOPHYTA","Bookerman, W.C.A.","s.n.",,"Latão","Bronze",,"faz Lagoinha"
"ÁREA DE PROTEÇÃO AMBIENTAL CAMPOS DO JORDÃO",,"Brassicaceae","Lobaria",,,"BRASSICACEAE Lobaria sp.","195754","Splink","ICN",,"17/309",,"Bronze","Bronze",,"Serra de Mantiqueira, road to Pico do Itapeva"
"ÁREA DE PROTEÇÃO AMBIENTAL CAMPOS DO JORDÃO","Angiosperms","Brassicaceae","Lobularia","maritima","(L.) Desv.","BRASSICACEAE Lobularia maritima (L.) Desv.","PACA027752","Splink","PACA",,,"Cultivated","Prata","Bronze",,
"ÁREA DE PROTEÇÃO AMBIENTAL CAMPOS DO JORDÃO","Angiosperms","Brassicaceae","Rorippa","indica","(L.) Hiern","BRASSICACEAE Rorippa indica (L.) Hiern","180477","GBIF","UB","Carvalho-Silva, M.","1240","Naturalized","Bronze","Bronze",,
"ÁREA DE PROTEÇÃO AMBIENTAL CAMPOS DO JORDÃO","Angiosperms","Brassicaceae","Sisymbrium","officinale","(L.) Scop.","BRASSICACEAE Sisymbrium officinale (L.) Scop.","3144504","GBIF","MO","Mizoguchi, K.","1095","Naturalized","Latão","Bronze",,"Campos Jordão."
"ÁREA DE PROTEÇÃO AMBIENTAL CAMPOS DO JORDÃO","Angiosperms","Bromeliaceae","Aechmea","distichantha","Lem.","BROMELIACEAE Aechmea distichantha Lem.","210987","GBIF","R","Moura, R.","549","Native","Ouro","Bronze","https://images.cria.org.br/viewer/R010001135 | https://images.cria.org.br/viewer/R010001140",
"ÁREA DE PROTEÇÃO AMBIENTAL CAMPOS DO JORDÃO","Angiosperms","Bromeliaceae","Aechmea","nudicaulis","(L.) Griseb.","BROMELIACEAE Aechmea nudicaulis (L.) Griseb.","230899333","GBIF","Observations","Silveira, B.L.S.B.",,"Native","Bronze","Bronze",,"Campos do Jordão - State of São Paulo, 12460-000, Brazil"
"ÁREA DE PROTEÇÃO AMBIENTAL CAMPOS DO JORDÃO","Angiosperms","Bromeliaceae","Billbergia","distachia","(Vell.) Mez","BROMELIACEAE Billbergia distachia (Vell.) Mez","234792902","GBIF","Observations","Glm_wildlife",,"Native","Bronze","Bronze",,"Campos do Jordão - SP, 12460-000, Brasil"
"ÁREA DE PROTEÇÃO AMBIENTAL CAMPOS DO JORDÃO","Angiosperms","Bromeliaceae","Dyckia","tuberosa","(Vell.) Beer","BROMELIACEAE Dyckia tuberosa (Vell.) Beer","57076","GBIF","SPSF","Ivanauskas, N.M.","7361","Native","Prata","Ouro","https://images.cria.org.br/viewer/SPSF00057076 | https://images.cria.org.br/viewer/SPSF00057076_v1 | https://images.cria.org.br/viewer/SPSF00057076_v2 | https://images.cria.org.br/viewer/SPSF00057076_v3","Parque Estadual de Campos do Jordão"
"ÁREA DE PROTEÇÃO AMBIENTAL CAMPOS DO JORDÃO","Angiosperms","Bromeliaceae","Nidularium","innocentii","Lem.","BROMELIACEAE Nidularium innocentii Lem.","253984","GBIF","SP","Buzato, S.","s.n.","Native","Ouro","Ouro","https://images.cria.org.br/viewer/SP052142","Horto Florestal de Campos do Jordão"
"ÁREA DE PROTEÇÃO AMBIENTAL CAMPOS DO JORDÃO","Angiosperms","Bromeliaceae","Nidularium","itatiaiae","L.B.Sm.","BROMELIACEAE Nidularium itatiaiae L.B.Sm.","349593","GBIF","SP","Konno, T.","728","Native","Ouro","Ouro","https://images.cria.org.br/viewer/SP052098","Parque Estadual de Campos do Jordão, Estrada para São José dos Alpes."
"ÁREA DE PROTEÇÃO AMBIENTAL CAMPOS DO JORDÃO","Angiosperms","Bromeliaceae","Nidularium","marigoi","Leme","BROMELIACEAE Nidularium marigoi Leme","SP052205","Splink","SP",,"2789","Native","Ouro","Bronze",,"Trilha dos Campos."
"ÁREA DE PROTEÇÃO AMBIENTAL CAMPOS DO JORDÃO","Angiosperms","Bromeliaceae","Pitcairnia","carinata","Mez","BROMELIACEAE Pitcairnia carinata Mez","687","GBIF","FCAB","P., E.L.S.J.","344","Native","Latão","Bronze",,"Pedra do Baú."
"ÁREA DE PROTEÇÃO AMBIENTAL CAMPOS DO JORDÃO","Angiosperms","Bromeliaceae","Tillandsia","comata","Vell.","BROMELIACEAE Tillandsia comata Vell.","47881","GBIF","SPSF","Barreto, T.E.","196",,"Latão","Ouro","https://images.cria.org.br/viewer/SPSF00047881","Parque Estadual de Campos do Jordão."
"ÁREA DE PROTEÇÃO AMBIENTAL CAMPOS DO JORDÃO","Angiosperms","Bromeliaceae","Tillandsia","geminiflora","Brongn.","BROMELIACEAE Tillandsia geminiflora Brongn.","235990771","GBIF","Observations","Dbeeke",,"Native","Bronze","Bronze",,"Campos do Jordão, Campo Limpo Paulista, BR-SP, BR"
"ÁREA DE PROTEÇÃO AMBIENTAL CAMPOS DO JORDÃO","Angiosperms","Bromeliaceae","Tillandsia","recurvata","(L.) L.","BROMELIACEAE Tillandsia recurvata (L.) L.","51971","GBIF","SPSF","Maruyama, A.","813","Native","Bronze","Bronze",,"Bairro dos Mellos"
"ÁREA DE PROTEÇÃO AMBIENTAL CAMPOS DO JORDÃO","Angiosperms","Bromeliaceae","Tillandsia","sprengeliana","Klotzsch ex Mez","BROMELIACEAE Tillandsia sprengeliana Klotzsch ex Mez","FCAB000692","Splink","FCAB",,,"Native","Bronze","Bronze",,
"ÁREA DE PROTEÇÃO AMBIENTAL CAMPOS DO JORDÃO","Angiosperms","Bromeliaceae","Tillandsia","stricta","Sol.","BROMELIACEAE Tillandsia stricta var. stricta Sol.","69204","GBIF","UEC","Buzato, S.","32534","Native","Ouro","Ouro","https://images.cria.org.br/viewer/UEC043540","Horto Florestal"
"ÁREA DE PROTEÇÃO AMBIENTAL CAMPOS DO JORDÃO","Angiosperms","Bromeliaceae","Tillandsia","tenuifolia","L.","BROMELIACEAE Tillandsia tenuifolia L.","137157999","GBIF","Observations","Neves, P.A.",,"Native","Bronze","Bronze",,"Avenida Emílio Ribas, Campos do Jordão, SP, BR"
"ÁREA DE PROTEÇÃO AMBIENTAL CAMPOS DO JORDÃO","Angiosperms","Bromeliaceae","Vriesea","bituminosa","Wawra","BROMELIACEAE Vriesea bituminosa Wawra","413000","GBIF","SP","Wanderley, M.G.L.","2785","Native","Ouro","Bronze","https://images.cria.org.br/viewer/SP053335","Trilha dos Campos."
"ÁREA DE PROTEÇÃO AMBIENTAL CAMPOS DO JORDÃO","Angiosperms","Bromeliaceae","Vriesea","guttata","Linden & André","BROMELIACEAE Vriesea guttata Linden & André","137151715","GBIF","Observations","Neves, P.A.",,"Native","Bronze","Bronze",,"Campos do Jordão, SP, BR"
"ÁREA DE PROTEÇÃO AMBIENTAL CAMPOS DO JORDÃO","Angiosperms","Bromeliaceae","Vriesea","pardalina","Mez","BROMELIACEAE Vriesea pardalina Mez","228813316","GBIF","Observations","Flavioubaid",,"Native","Bronze","Bronze",,"Rua C Jardim, Campos Do Jordão, SP, BR"
"ÁREA DE PROTEÇÃO AMBIENTAL CAMPOS DO JORDÃO","Angiosperms","Bromeliaceae","Vriesea","sazimae","Leme","BROMELIACEAE Vriesea sazimae Leme","ESA014479","GBIF","ESA","Barreto, K.D.","1222","Native","Ouro","Bronze","jbrj-public.s3-sa-east-1.amazonaws.com/fsi/server?type=image&source=DZI/esa/esa/0/1/44/79/esa00014479.dzi",
"ÁREA DE PROTEÇÃO AMBIENTAL CAMPOS DO JORDÃO","Angiosperms","Bromeliaceae","Vriesea","sceptrum","Mez","BROMELIACEAE Vriesea sceptrum Mez","SP053901","Splink","SP",,"s.n.","Native","Ouro","Bronze",,"Subida para o Pico do Itapeva"
"ÁREA DE PROTEÇÃO AMBIENTAL CAMPOS DO JORDÃO","Angiosperms","Bromeliaceae","Wittrockia","cyathiformis","(Vell.) Leme","BROMELIACEAE Wittrockia cyathiformis (Vell.) Leme","413006","GBIF","SP","Wanderley, M.G.L.","2772","Native","Ouro","Bronze","https://images.cria.org.br/viewer/SP053996","Trilha do rio Sapucaia"
"ÁREA DE PROTEÇÃO AMBIENTAL CAMPOS DO JORDÃO","Angiosperms","Burmanniaceae","Apteria","aphylla","(Nutt.) Barnhart ex Small","BURMANNIACEAE Apteria aphylla (Nutt.) Barnhart ex Small","429306","GBIF","MBM","Lozano, E.D.","4341","Native","Ouro","Ouro","https://images.cria.org.br/viewer/MBM429306","Parque Estadual de Campos do Jordão, trilha do Campo."
"ÁREA DE PROTEÇÃO AMBIENTAL CAMPOS DO JORDÃO",,"Burseraceae","Hedwigia","integrifolia","P.Beauv.","BURSERACEAE Hedwigia integrifolia P.Beauv.","TAA5019793","GBIF","TAA","Schafer-Verwimp",,,"Bronze","Bronze",,"Serra da Mantiqueira, Campos-Vegetation im Gipfelbreicj des Pico do Itapeva, auf exponiertem Gestein, 2030m"
"ÁREA DE PROTEÇÃO AMBIENTAL CAMPOS DO JORDÃO",,"Burseraceae","Hedwigidium","integrifolium","(P.Beauv.) Dixon ex C.E.O.Jensen","BURSERACEAE Hedwigidium integrifolium (P.Beauv.) Dixon ex C.E.O.Jensen","29959","GBIF","MEXUBR","Buck, W.R.",,,"Latão","Bronze",,"Serra da Mantiqueira, Pico do Itapeva, ca. 6 km SE of Campos do Jordao."
"ÁREA DE PROTEÇÃO AMBIENTAL CAMPOS DO JORDÃO","Angiosperms","Burseraceae","Protium","heptaphyllum","(Aubl.) Marchand","BURSERACEAE Protium heptaphyllum (Aubl.) Marchand","SPSF00006401","Splink","SPSF",,,"Native","Latão","Bronze",,"Parque Estadual do Instituto Florestal."
"ÁREA DE PROTEÇÃO AMBIENTAL CAMPOS DO JORDÃO","Angiosperms","Cactaceae","Hatiora","herminiae","(Porto & A.Cast.) Backeb. ex Barthlott","CACTACEAE Hatiora herminiae (Porto & A.Cast.) Backeb. ex Barthlott","36264","GBIF","UEC","Kinoshita, L.S.","16489","Native","Bronze","Bronze","https://images.cria.org.br/viewer/UEC041374","Estrada entre Reserva do Inst. Florestal para S. José dos Alpes, mais ou menos 7 Km."
"ÁREA DE PROTEÇÃO AMBIENTAL CAMPOS DO JORDÃO","Angiosperms","Cactaceae","Hatiora","salicornioides","(Haw.) Britton & Rose","CACTACEAE Hatiora salicornioides (Haw.) Britton & Rose","SPSF00009424","Splink","SPSF",,"293A","Native","Ouro","Ouro",,"Parque Estadual de Campos do Jordão."
"ÁREA DE PROTEÇÃO AMBIENTAL CAMPOS DO JORDÃO","Angiosperms","Cactaceae","Nopalea","cochenillifera","(L.) Salm-Dyck","CACTACEAE Nopalea cochenillifera (L.) Salm-Dyck","51995","GBIF","SPSF","Maruyama, A.","837","Naturalized","Bronze","Bronze","https://images.cria.org.br/viewer/SPSF00051995",
"ÁREA DE PROTEÇÃO AMBIENTAL CAMPOS DO JORDÃO","Angiosperms","Cactaceae","Rhipsalis","floccosa","(G.Lindb.) Barthlott & N.P.Taylor","CACTACEAE Rhipsalis floccosa subsp. pulvinigera (G.Lindb.) Barthlott & N.P.Taylor","109868","GBIF","UEC","Anderson, L.O.","70","Native","Ouro","Bronze","https://images.cria.org.br/viewer/UEC090949","Fazenda Gravatá."
"ÁREA DE PROTEÇÃO AMBIENTAL CAMPOS DO JORDÃO","Angiosperms","Cactaceae","Rhipsalis","pulchra","Loefgr.","CACTACEAE Rhipsalis pulchra Loefgr.","101686","GBIF","SP","Mattos, J.","14991","Native","Ouro","Bronze",,"Fazenda da Guarda (Reserva Florestal)"
"ÁREA DE PROTEÇÃO AMBIENTAL CAMPOS DO JORDÃO","Angiosperms","Cactaceae","Schlumbergera","opuntioides","(Loefgr. & Dusén) D.R.Hunt","CACTACEAE Schlumbergera opuntioides (Loefgr. & Dusén) D.R.Hunt","129693184","GBIF","Observations","Pendleton, D.",,"Native","Bronze","Bronze",,"São Paulo, BR"
"ÁREA DE PROTEÇÃO AMBIENTAL CAMPOS DO JORDÃO","Angiosperms","Calceolariaceae","Calceolaria","tripartita","Ruiz & Pav.","CALCEOLARIACEAE Calceolaria tripartita Ruiz & Pav.",,"GBIF",,,,"Naturalized","Latão","Bronze",,
"ÁREA DE PROTEÇÃO AMBIENTAL CAMPOS DO JORDÃO","Angiosperms","Calophyllaceae","Kielmeyera","coriacea","Mart. & Zucc.","CALOPHYLLACEAE Kielmeyera coriacea Mart. & Zucc.","SPSF00007614","Splink","SPSF",,,"Native","Latão","Bronze",,"Parque Estadual do Instituto Florestal."
"ÁREA DE PROTEÇÃO AMBIENTAL CAMPOS DO JORDÃO","Angiosperms","Calyceraceae","Acicarpha","blupeuroides","Less.","CALYCERACEAE Acicarpha blupeuroides Less.","01131506","GBIF","NY","Mattos, J.","15948","Native","Ouro","Bronze",,"no Parque Estadual"
"ÁREA DE PROTEÇÃO AMBIENTAL CAMPOS DO JORDÃO","Angiosperms","Campanulaceae","Campanula","rapunculoides","L.","CAMPANULACEAE Campanula rapunculoides L.","HPL002269","Splink","HPL",,"1979","Cultivated","Bronze","Bronze",,"Coletada nas proximidades da cidade."
"ÁREA DE PROTEÇÃO AMBIENTAL CAMPOS DO JORDÃO","Angiosperms","Campanulaceae","Centropogon","cornutus","(L.) Druce","CAMPANULACEAE Centropogon cornutus (L.) Druce","10194","GBIF","UFG","Sakane, M.","567","Native","Latão","Bronze",,"Estrada para Pedra Baú, +- 100 Km ao Norte de São José dos Campos."
"ÁREA DE PROTEÇÃO AMBIENTAL CAMPOS DO JORDÃO","Angiosperms","Campanulaceae","Isotoma",,"(R.Br.) Lindl.","CAMPANULACEAE Isotoma (R.Br.) Lindl.","17862","Splink","SINBIOTA",,,,"Latão","Ouro",,"Parque Estadual de Campos do Jordão"
"ÁREA DE PROTEÇÃO AMBIENTAL CAMPOS DO JORDÃO","Angiosperms","Campanulaceae","Lobelia","camporum","Pohl","CAMPANULACEAE Lobelia camporum Pohl","SPSF00014872","Splink","SPSF",,"264","Native","Ouro","Bronze",,
"ÁREA DE PROTEÇÃO AMBIENTAL CAMPOS DO JORDÃO","Angiosperms","Campanulaceae","Lobelia","erinus","L.","CAMPANULACEAE Lobelia erinus L.","HPL002276","Splink","HPL",,"1981","Cultivated","Bronze","Bronze",,"Coletado nas proximidades do município de Campos do Jordão."
"ÁREA DE PROTEÇÃO AMBIENTAL CAMPOS DO JORDÃO","Angiosperms","Campanulaceae","Siphocampylus","betulifolius","(Cham.) G.Don","CAMPANULACEAE Siphocampylus betulifolius (Cham.) G.Don","159470","GBIF","UEC","Polisel, R.T.","49","Native","Bronze","Bronze","https://images.cria.org.br/viewer/UEC017832","P.E.C.J., Trilha da Cachoeira,área de fitossociologia (SAD69, Zona 23K)."
"ÁREA DE PROTEÇÃO AMBIENTAL CAMPOS DO JORDÃO","Angiosperms","Campanulaceae","Siphocampylus","convolvulaceus","(Cham.) G.Don","CAMPANULACEAE Siphocampylus convolvulaceus (Cham.) G.Don","48001","GBIF","SPSF","Barreto, T.E.","236","Native","Latão","Ouro","https://images.cria.org.br/viewer/SPSF00048001","Parque Estadual de Campos do Jordão."
"ÁREA DE PROTEÇÃO AMBIENTAL CAMPOS DO JORDÃO","Angiosperms","Campanulaceae","Siphocampylus","duploserratus","Pohl","CAMPANULACEAE Siphocampylus duploserratus Pohl","2123","Splink","MACK",,"97","Native","Bronze","Bronze",,"Trilha Zig-Zag"
"ÁREA DE PROTEÇÃO AMBIENTAL CAMPOS DO JORDÃO","Angiosperms","Campanulaceae","Siphocampylus","fimbriatus","Regel","CAMPANULACEAE Siphocampylus fimbriatus Regel","SPSF00037657","Splink","SPSF",,,"Native","Bronze","Bronze",,"Trilha da Cachoeira."
"ÁREA DE PROTEÇÃO AMBIENTAL CAMPOS DO JORDÃO","Angiosperms","Campanulaceae","Siphocampylus","longipedunculatus","Pohl","CAMPANULACEAE Siphocampylus longipedunculatus Pohl","11556","GBIF","HUEFS","Queiroz, L.P.","2729","Native","Ouro","Bronze","https://images.cria.org.br/viewer/HUEFS0011556 | https://images.cria.org.br/viewer/HUEFS0011556_e1",
"ÁREA DE PROTEÇÃO AMBIENTAL CAMPOS DO JORDÃO","Angiosperms","Campanulaceae","Siphocampylus","macropodus","(Thunb.) G.Don","CAMPANULACEAE Siphocampylus macropodus (Thunb.) G.Don","183529","Splink","SP",,"287","Native","Ouro","Bronze",,"Estrada para São Bento do Sapucai"
"ÁREA DE PROTEÇÃO AMBIENTAL CAMPOS DO JORDÃO","Angiosperms","Campanulaceae","Siphocampylus","sulfureus","E.Wimm.","CAMPANULACEAE Siphocampylus sulfureus E.Wimm.","PACA027794","Splink","PACA",,,"Native","Prata","Bronze",,
"ÁREA DE PROTEÇÃO AMBIENTAL CAMPOS DO JORDÃO","Angiosperms","Campanulaceae","Siphocampylus","umbellatus","(Kunth) G.Don","CAMPANULACEAE Siphocampylus umbellatus (Kunth) G.Don","68681","GBIF","SPF","Pirani, J.R.","2507","Native","Ouro","Bronze","https://images.cria.org.br/viewer/SPF00068681","Entre Campos do Jordão e Piranguçu"
"ÁREA DE PROTEÇÃO AMBIENTAL CAMPOS DO JORDÃO","Angiosperms","Campanulaceae","Siphocampylus","verticillatus","(Cham.) G.Don","CAMPANULACEAE Siphocampylus verticillatus (Cham.) G.Don","HBR0026680","Splink","HBR",,"4222","Native","Ouro","Bronze",,"Engenheiro Lafevre."
"ÁREA DE PROTEÇÃO AMBIENTAL CAMPOS DO JORDÃO","Angiosperms","Campanulaceae","Siphocampylus","westinianus","(Thunb.) Pohl","CAMPANULACEAE Siphocampylus westinianus (Thunb.) Pohl","PEL0001857","Splink","PEL",,"2437","Native","Ouro","Bronze",,"Parque da Ferradura (Trilha do Pinhão)."
"ÁREA DE PROTEÇÃO AMBIENTAL CAMPOS DO JORDÃO","Angiosperms","Campanulaceae","Wahlenbergia","linarioides","(Lam.) DC.","CAMPANULACEAE Wahlenbergia linarioides (Lam.) DC.","115824","GBIF","SP","Mattos, J.","14326","Native","Latão","Ouro",,"Fazenda da Guarda (Horto Florestal)"
"ÁREA DE PROTEÇÃO AMBIENTAL CAMPOS DO JORDÃO","Angiosperms","Cannabaceae","Trema",,"Lour.","CANNABACEAE Trema Lour.","250625","GBIF","R","Emmerich, W.","s.n.",,"Latão","Ouro","https://images.cria.org.br/viewer/R010091451","Parque Estadual de Campos do Jordão, Gleichenial no 2. Paiol."
"ÁREA DE PROTEÇÃO AMBIENTAL CAMPOS DO JORDÃO","Angiosperms","Cannaceae","Canna","indica","L.","CANNACEAE Canna indica L.",,"GBIF",,,,"Native","Latão","Bronze",,
"ÁREA DE PROTEÇÃO AMBIENTAL CAMPOS DO JORDÃO","Angiosperms","Capparaceae","Capparidastrum","frondosum","(Jacq.) Cornejo & Iltis","CAPPARACEAE Capparidastrum frondosum (Jacq.) Cornejo & Iltis","SPSF00008324","Splink","SPSF",,,"Native","Latão","Bronze",,"Parque Estadual do Instituto Florestal."
"ÁREA DE PROTEÇÃO AMBIENTAL CAMPOS DO JORDÃO","Angiosperms","Caprifoliaceae","Abelia",,"(Rovelli ex André) Rehder","CAPRIFOLIACEAE Abelia ×grandiflora (Rovelli ex André) Rehder","6213","GBIF","HRCB","Furlan, A.","342","Cultivated","Bronze","Bronze",,"Fazenda Lagoinha"
"ÁREA DE PROTEÇÃO AMBIENTAL CAMPOS DO JORDÃO","Angiosperms","Caprifoliaceae","Lonicera","japonica","Thumb.","CAPRIFOLIACEAE Lonicera japonica Thumb.","149401807","GBIF","Observations","Garcia, R.",,"Cultivated","Bronze","Bronze",,"Campos do Jordão, SP, 12460-000, Brasil"
"ÁREA DE PROTEÇÃO AMBIENTAL CAMPOS DO JORDÃO","Angiosperms","Caprifoliaceae","Valeriana","glaziovii","Taub.","CAPRIFOLIACEAE Valeriana glaziovii Taub.","136942","GBIF","R","Mello Filho, L.E.","4080","Native","Latão","Ouro",,"Parque Estadual de Campos de Jordão"
"ÁREA DE PROTEÇÃO AMBIENTAL CAMPOS DO JORDÃO","Angiosperms","Caprifoliaceae","Valeriana","scandens","L.","CAPRIFOLIACEAE Valeriana scandens L.","11557","GBIF","HUEFS","Queiroz, L.P.","2730","Native","Ouro","Bronze","https://images.cria.org.br/viewer/HUEFS0011557",
"ÁREA DE PROTEÇÃO AMBIENTAL CAMPOS DO JORDÃO","Angiosperms","Caprifoliaceae","Weigela","florida","(Bunge) A.DC.","CAPRIFOLIACEAE Weigela florida (Bunge) A.DC.","SPSF00038736","Splink","SPSF",,,"Cultivated","Bronze","Ouro",,"Parque Estadual, Sede."
"ÁREA DE PROTEÇÃO AMBIENTAL CAMPOS DO JORDÃO","Angiosperms","Cardiopteridaceae","Citronella","gongonha","(Mart.) R.A.Howard","CARDIOPTERIDACEAE Citronella gongonha (Mart.) R.A.Howard","2987560","GBIF","MO","Leite, J.E.","3588","Native","Ouro","Bronze",,
"ÁREA DE PROTEÇÃO AMBIENTAL CAMPOS DO JORDÃO","Angiosperms","Cardiopteridaceae","Citronella","paniculata","(Mart.) R.A.Howard","CARDIOPTERIDACEAE Citronella paniculata (Mart.) R.A.Howard","76030","GBIF","SP","Kuhlmann, M.","2124","Native","Ouro","Bronze",,
"ÁREA DE PROTEÇÃO AMBIENTAL CAMPOS DO JORDÃO","Angiosperms","Caricaceae","Carica","papaya","L.","CARICACEAE Carica papaya L.",,"GBIF",,,,"Naturalized","Latão","Bronze",,
"ÁREA DE PROTEÇÃO AMBIENTAL CAMPOS DO JORDÃO","Angiosperms","Caryophyllaceae","Arenaria","lanuginosa","(Michx.) Rohrb.","CARYOPHYLLACEAE Arenaria lanuginosa (Michx.) Rohrb.","US 1188379","GBIF","US","Holway, E.W.D.","1748","Naturalized","Ouro","Bronze","https://collections.nmnh.si.edu/media/?i=11653620; 14034899",
"ÁREA DE PROTEÇÃO AMBIENTAL CAMPOS DO JORDÃO","Angiosperms","Caryophyllaceae","Cerastium","glomeratum","Thuill.","CARYOPHYLLACEAE Cerastium glomeratum Thuill.","155768","GBIF","SP","Mattos, J.","16191","Naturalized","Bronze","Ouro",,"Parque Estadual de Campos do Jordão"
"ÁREA DE PROTEÇÃO AMBIENTAL CAMPOS DO JORDÃO","Angiosperms","Caryophyllaceae","Drymaria","cordata","(L.) Willd. ex Roem. & Schult.","CARYOPHYLLACEAE Drymaria cordata (L.) Willd. ex Roem. & Schult.","180337","GBIF","UB","Carvalho-Silva, M.","1248","Naturalized","Bronze","Bronze",,
"ÁREA DE PROTEÇÃO AMBIENTAL CAMPOS DO JORDÃO","Angiosperms","Caryophyllaceae","Gypsophila","paniculata","L.","CARYOPHYLLACEAE Gypsophila paniculata L.","156023","GBIF","SP","Mattos, J.","15945","Cultivated","Bronze","Ouro",,"Parque Estadual de Campos do Jordão"
"ÁREA DE PROTEÇÃO AMBIENTAL CAMPOS DO JORDÃO","Angiosperms","Caryophyllaceae","Paronychia","camphorosmoides","Cambess.","CARYOPHYLLACEAE Paronychia camphorosmoides Cambess.","65539","GBIF","MBM","Kuhlmann, M.","2224","Native","Bronze","Bronze","https://images.cria.org.br/viewer/MBM065539","Campos do Jordão."
"ÁREA DE PROTEÇÃO AMBIENTAL CAMPOS DO JORDÃO","Angiosperms","Caryophyllaceae","Paronychia","communis","Cambess.","CARYOPHYLLACEAE Paronychia communis Cambess.","75474","GBIF","SP","Kuhlmann, M.","2224","Native","Bronze","Bronze",,"Campos do Jordão."
"ÁREA DE PROTEÇÃO AMBIENTAL CAMPOS DO JORDÃO","Angiosperms","Caryophyllaceae","Saponaria","officinalis","L.","CARYOPHYLLACEAE Saponaria officinalis L.","209254","GBIF","UEC","Campos-Rocha, A.","1170","Cultivated","Bronze","Bronze","https://images.cria.org.br/viewer/UEC179406","Campos do Jordão-SP, em cultivo no Hotel Toriba, jardim entre recepção/estacionamento"
"ÁREA DE PROTEÇÃO AMBIENTAL CAMPOS DO JORDÃO","Angiosperms","Caryophyllaceae","Silene","armeria","L.","CARYOPHYLLACEAE Silene armeria L.","40468","GBIF","SP","Hashimoto, G.","42","Cultivated","Bronze","Bronze",,
"ÁREA DE PROTEÇÃO AMBIENTAL CAMPOS DO JORDÃO","Angiosperms","Caryophyllaceae","Silene","gallica","L.","CARYOPHYLLACEAE Silene gallica L.","29134","GBIF","HRCB","Hashimoto, G.","323","Naturalized","Bronze","Bronze",,
"ÁREA DE PROTEÇÃO AMBIENTAL CAMPOS DO JORDÃO","Angiosperms","Caryophyllaceae","Spergula","arvensis","L.","CARYOPHYLLACEAE Spergula arvensis L.","18488","GBIF","IAC","Souza, H.M.","s/nº","Naturalized","Bronze","Bronze",,
"ÁREA DE PROTEÇÃO AMBIENTAL CAMPOS DO JORDÃO","Angiosperms","Caryophyllaceae","Stellaria",,"L.","CARYOPHYLLACEAE Stellaria L.","109869","GBIF","UEC","Anderson, L.O.","122",,"Latão","Ouro","https://images.cria.org.br/viewer/UEC087770","Parque Estadual Campos do Jordão, Parque dos Lagos, São Bento do Sapucaí, brejo a beira da estrada, 4 Km em direção ao charco."
"ÁREA DE PROTEÇÃO AMBIENTAL CAMPOS DO JORDÃO",,"Casuarinaceae","Allocasuarina","littoralis",,"CASUARINACEAE Allocasuarina littoralis","SPSF00007708","Splink","SPSF",,,,"Latão","Bronze",,"Parque Estadual do Instituto Florestal."
"ÁREA DE PROTEÇÃO AMBIENTAL CAMPOS DO JORDÃO","Angiosperms","Casuarinaceae","Allocasuarina","verticillata","(Lam.) L.A.S.Johnson","CASUARINACEAE Allocasuarina verticillata (Lam.) L.A.S.Johnson","SPSF00006397","Splink","SPSF",,,"Cultivated","Latão","Bronze",,"Parque Estadual do Instituto Florestal."
"ÁREA DE PROTEÇÃO AMBIENTAL CAMPOS DO JORDÃO","Angiosperms","Casuarinaceae","Casuarina",,"L.","CASUARINACEAE Casuarina L.","SPSF00006276","Splink","SPSF",,,,"Latão","Bronze",,"Parque Estadual do Instituto Florestal."
"ÁREA DE PROTEÇÃO AMBIENTAL CAMPOS DO JORDÃO","Angiosperms","Celastraceae","Maytenus",,"Molina","CELASTRACEAE Maytenus Molina","1539","Splink","MACK",,"122",,"Bronze","Bronze",,"Floresta Ombrófila Mista"
"ÁREA DE PROTEÇÃO AMBIENTAL CAMPOS DO JORDÃO","Angiosperms","Celastraceae","Monteverdia","cassineformis","(Reissek) Biral","CELASTRACEAE Monteverdia cassineformis (Reissek) Biral","R010082807","Splink","R",,"s.n.","Native","Latão","Ouro",,"Parque Estadual Campos do Jordão"
"ÁREA DE PROTEÇÃO AMBIENTAL CAMPOS DO JORDÃO","Angiosperms","Celastraceae","Monteverdia","dasyclados","(Mart.) Biral","CELASTRACEAE Monteverdia dasyclados (Mart.) Biral","HRCB082818","Splink","HRCB",,"26654","Native","Ouro","Ouro",,"Horto Florestal, Trilha do Rio Sapucaí."
"ÁREA DE PROTEÇÃO AMBIENTAL CAMPOS DO JORDÃO","Angiosperms","Celastraceae","Monteverdia","evonymoides","(Reissek) Biral","CELASTRACEAE Monteverdia evonymoides (Reissek) Biral","SPSF00012099","Splink","SPSF",,"s/n","Native","Bronze","Bronze",,"Parque Estadual do Instituto Florestal."
"ÁREA DE PROTEÇÃO AMBIENTAL CAMPOS DO JORDÃO","Angiosperms","Celastraceae","Monteverdia","glaucescens","(Reissek) Biral","CELASTRACEAE Monteverdia glaucescens (Reissek) Biral","HRCB083049","Splink","HRCB",,"26424","Native","Ouro","Bronze",,
"ÁREA DE PROTEÇÃO AMBIENTAL CAMPOS DO JORDÃO","Angiosperms","Celastraceae","Monteverdia","gonoclados","(Mart.) Biral","CELASTRACEAE Monteverdia gonoclados (Mart.) Biral","11559","GBIF","HUEFS","Queiroz, L.P.","2732","Native","Ouro","Bronze","https://images.cria.org.br/viewer/HUEFS0011559",
"ÁREA DE PROTEÇÃO AMBIENTAL CAMPOS DO JORDÃO","Angiosperms","Celastraceae","Monteverdia","schumanniana","(Loes.) Biral","CELASTRACEAE Monteverdia schumanniana (Loes.) Biral","HRCB083047","Splink","HRCB",,"26723","Native","Ouro","Bronze",,
"ÁREA DE PROTEÇÃO AMBIENTAL CAMPOS DO JORDÃO","Angiosperms","Celastraceae","Monteverdia","subalata","(Reissek) Biral","CELASTRACEAE Monteverdia subalata (Reissek) Biral","12297","GBIF","SPFR","Kuhlmann","2110","Native","Bronze","Bronze",,"Umuarama. Subosque"
"ÁREA DE PROTEÇÃO AMBIENTAL CAMPOS DO JORDÃO",,"Chrysobalanaceae","Hymenosporum","flavum",,"CHRYSOBALANACEAE Hymenosporum flavum","SPSF00006377","Splink","SPSF",,,,"Latão","Bronze",,"Parque Estadual do Instituto Florestal."
"ÁREA DE PROTEÇÃO AMBIENTAL CAMPOS DO JORDÃO","Angiosperms","Cleomaceae","Cleome","hassleriana","Chodat","CLEOMACEAE Cleome hassleriana Chodat","003705","GBIF","ESA","Carvalho, J.P.M.","SPSF 11973",,"Bronze","Bronze",,
"ÁREA DE PROTEÇÃO AMBIENTAL CAMPOS DO JORDÃO","Angiosperms","Cleomaceae","Tarenaya","houtteana","(Schltdl.) Soares Neto & Roalson","CLEOMACEAE Tarenaya houtteana (Schltdl.) Soares Neto & Roalson","PACA027870","Splink","PACA",,,"Native","Ouro","Bronze",,
"ÁREA DE PROTEÇÃO AMBIENTAL CAMPOS DO JORDÃO","Angiosperms","Cleomaceae","Tarenaya","spinosa","(Jacq.) Raf.","CLEOMACEAE Tarenaya spinosa (Jacq.) Raf.","60990","GBIF","IPA","Carvalho, J.P.M.","60990","Unknown","Bronze","Bronze",,"Estrada de acesso ao Parque Estadual, próximo à entrada da fazenda Lagoinha."
"ÁREA DE PROTEÇÃO AMBIENTAL CAMPOS DO JORDÃO","Angiosperms","Clethraceae","Clethra","scabra","(Meisn.) Sleumer","CLETHRACEAE Clethra scabra var. laevigata (Meisn.) Sleumer","HRB00005425","Splink","HRB",,"45","Native","Ouro","Bronze",,
"ÁREA DE PROTEÇÃO AMBIENTAL CAMPOS DO JORDÃO","Angiosperms","Clethraceae","Clethra","scabra","Pers.","CLETHRACEAE Clethra scabra var. scabra Pers.","SPSF00000600","Splink","SPSF",,"217","Native","Ouro","Bronze",,
"ÁREA DE PROTEÇÃO AMBIENTAL CAMPOS DO JORDÃO","Angiosperms","Clethraceae","Clethra","scabra","(Meisn.) Sleumer","CLETHRACEAE Clethra scabra var. venosa (Meisn.) Sleumer","69531","GBIF","UEC","Galvao, J.C.","26385","Native","Bronze","Bronze","https://images.cria.org.br/viewer/UEC072565",
"ÁREA DE PROTEÇÃO AMBIENTAL CAMPOS DO JORDÃO","Angiosperms","Clethraceae","Clethra","uleana","Sleumer","CLETHRACEAE Clethra uleana Sleumer","15598","GBIF","BOTU","Amaral Junior, A.Y.","17","Native","Latão","Bronze","https://images.cria.org.br/viewer/BOTU015598","Pico do Itapeva."
"ÁREA DE PROTEÇÃO AMBIENTAL CAMPOS DO JORDÃO",,"Clusiaceae","Symphyogyna","aspera","Steph.","CLUSIACEAE Symphyogyna aspera Steph.","21882","GBIF","SJRP-BRYOPHYTA","Peralta, D.F.","93",,"Bronze","Bronze",,
"ÁREA DE PROTEÇÃO AMBIENTAL CAMPOS DO JORDÃO",,"Clusiaceae","Symphyogyna","podophylla","(Thunb.) Mont. & Nees","CLUSIACEAE Symphyogyna podophylla (Thunb.) Mont. & Nees","133908","GBIF","SP-BRYOPHYTA","Vital, D.M.","9648",,"Bronze","Bronze",,
"ÁREA DE PROTEÇÃO AMBIENTAL CAMPOS DO JORDÃO","Angiosperms","Clusiaceae","Tovomitopsis","paniculata","(Spreng.) Planch. & Triana","CLUSIACEAE Tovomitopsis paniculata (Spreng.) Planch. & Triana","SPSF00006469","Splink","SPSF",,,"Native","Latão","Bronze",,"Parque Estadual do Instituto Florestal."
"ÁREA DE PROTEÇÃO AMBIENTAL CAMPOS DO JORDÃO","Angiosperms","Combretaceae","Combretum","fruticosum","(Loefl.) Stuntz","COMBRETACEAE Combretum fruticosum (Loefl.) Stuntz","13887","GBIF","PEUFR","Rodrigues, R.R.",,"Native","Ouro","Bronze",,"Estrada Monteiro Lobato-Campos de Jordão"
"ÁREA DE PROTEÇÃO AMBIENTAL CAMPOS DO JORDÃO","Angiosperms","Commelinaceae","Commelina","erecta","L.","COMMELINACEAE Commelina erecta L.","37351752","GBIF","Observations","Christopher_berry",,"Native","Bronze","Bronze",,"Campos do Jordão - State of São Paulo, 12460-000, Brazil"
"ÁREA DE PROTEÇÃO AMBIENTAL CAMPOS DO JORDÃO","Angiosperms","Commelinaceae","Commelina","obliqua","Vahl","COMMELINACEAE Commelina obliqua Vahl","57395","GBIF","SPSF","Ivanauskas, N.M.","7437","Native","Bronze","Ouro","https://images.cria.org.br/viewer/SPSF00057395 | https://images.cria.org.br/viewer/SPSF00057395_v1 | https://images.cria.org.br/viewer/SPSF00057395_v2 | https://images.cria.org.br/viewer/SPSF00057395_v3 | https://images.cria.org.br/viewer/SPSF00057395_v4 | https://images.cria.org.br/viewer/SPSF00057395_v5 | https://images.cria.org.br/viewer/SPSF00057395_v6","Parque Estadual de Campos do Jordão"
"ÁREA DE PROTEÇÃO AMBIENTAL CAMPOS DO JORDÃO",,"Commelinaceae","Donnellia","commutata","(Müll.Hal.) W.R.Buck","COMMELINACEAE Donnellia commutata (Müll.Hal.) W.R.Buck","7088","GBIF","IRAI","Gibertoni, R.S.","058",,"Bronze","Bronze",,"Condomínio Week Inn"
"ÁREA DE PROTEÇÃO AMBIENTAL CAMPOS DO JORDÃO",,"Commelinaceae","Donnellia","lagenifera","(Mitt.) W.R.Buck","COMMELINACEAE Donnellia lagenifera (Mitt.) W.R.Buck","195323","GBIF","UB","Buck, W.R.","26347",,"Latão","Bronze",,"Serra da Mantiqueira, Pico do Itapeva, ca. 6 km SE of Campos do Jordao."
"ÁREA DE PROTEÇÃO AMBIENTAL CAMPOS DO JORDÃO",,"Commelinaceae","Donnellia","lageniformis",,"COMMELINACEAE Donnellia lageniformis","UB0349532","Splink","UB",,"26344",,"Latão","Bronze",,"Brazil. São Paulo. Pindamonhangaba Mun. Serra da Mantiqueira, Pico do Itapeva, ca. 6 km SE of Campos do Jordao"
"ÁREA DE PROTEÇÃO AMBIENTAL CAMPOS DO JORDÃO","Angiosperms","Commelinaceae","Tradescantia","fluminensis","Vell.","COMMELINACEAE Tradescantia fluminensis Vell.","4584136","GBIF","Observations","Komesu, C.",,"Native","Bronze","Bronze",,"Lot. Veu da Noiva, Campos do Jordão - SP, Brasil"
"ÁREA DE PROTEÇÃO AMBIENTAL CAMPOS DO JORDÃO","Angiosperms","Commelinaceae","Tripogandra","diuretica","(Mart.) Handlos","COMMELINACEAE Tripogandra diuretica (Mart.) Handlos","51986","GBIF","SPSF","Maruyama, A.","828","Native","Ouro","Bronze",,"Bairro dos Mellos"
"ÁREA DE PROTEÇÃO AMBIENTAL CAMPOS DO JORDÃO","Angiosperms","Convolvulaceae","Convolvulus","crenatifolius","Ruiz & Pav.","CONVOLVULACEAE Convolvulus crenatifolius Ruiz & Pav.","74256","Splink","SP",,"2509","Native","Bronze","Bronze",,"Fazenda do Charco"
"ÁREA DE PROTEÇÃO AMBIENTAL CAMPOS DO JORDÃO",,"Convolvulaceae","Cuscuta","mantiqueirana",,"CONVOLVULACEAE Cuscuta mantiqueirana","42897","Splink","SP",,"262",,"Bronze","Bronze",,
"ÁREA DE PROTEÇÃO AMBIENTAL CAMPOS DO JORDÃO","Angiosperms","Convolvulaceae","Cuscuta","odorata","Ruiz & Pav.","CONVOLVULACEAE Cuscuta odorata Ruiz & Pav.","SPSF00048007","Splink","SPSF",,"242","Native","Bronze","Ouro",,"Parque Estadual de Campos do Jordão."
"ÁREA DE PROTEÇÃO AMBIENTAL CAMPOS DO JORDÃO","Angiosperms","Convolvulaceae","Dichondra","macrocalyx","Meisn.","CONVOLVULACEAE Dichondra macrocalyx Meisn.","SPSF00054756","Splink","SPSF",,"102","Native","Prata","Ouro",,"Campo Natural de Altitude em regeneração após corte de Pinus taeda. Parque Estadual dos Mananciais de Campos do Jordão"
"ÁREA DE PROTEÇÃO AMBIENTAL CAMPOS DO JORDÃO","Angiosperms","Convolvulaceae","Dichondra","repens","J.R.Forst. & G.Forst.","CONVOLVULACEAE Dichondra repens J.R.Forst. & G.Forst.","130432","GBIF","UEC","Davis, P.H.","3083","Unknown","Ouro","Ouro","https://images.cria.org.br/viewer/UEC097961","Reserva do Instituto Florestal"
"ÁREA DE PROTEÇÃO AMBIENTAL CAMPOS DO JORDÃO","Angiosperms","Convolvulaceae","Dichondra","sericea","Sw.","CONVOLVULACEAE Dichondra sericea Sw.","SPSF00054721","Splink","SPSF",,"67","Native","Prata","Ouro",,"Em Ecótono de Floresta Ombrófila Mista e Campo Natural de Altitude. Parque Estadual de Campos do Jordão"
"ÁREA DE PROTEÇÃO AMBIENTAL CAMPOS DO JORDÃO","Angiosperms","Convolvulaceae","Distimake","macrocalyx","(Ruiz & Pav.) A.R. Simões & Staples","CONVOLVULACEAE Distimake macrocalyx (Ruiz & Pav.) A.R. Simões & Staples","77789","Splink","SP",,"1640","Native","Ouro","Ouro",,"Fazenda da Guarda."
"ÁREA DE PROTEÇÃO AMBIENTAL CAMPOS DO JORDÃO","Angiosperms","Convolvulaceae","Evolvulus","aurigenius","Mart.","CONVOLVULACEAE Evolvulus aurigenius Mart.","32430","GBIF","HEPH","Maruyama, A.","322","Native","Ouro","Bronze",,
"ÁREA DE PROTEÇÃO AMBIENTAL CAMPOS DO JORDÃO","Angiosperms","Convolvulaceae","Evolvulus","glomeratus","Nees & Mart.","CONVOLVULACEAE Evolvulus glomeratus Nees & Mart.","PACA027865","Splink","PACA",,,"Native","Prata","Bronze",,
"ÁREA DE PROTEÇÃO AMBIENTAL CAMPOS DO JORDÃO","Angiosperms","Convolvulaceae","Evolvulus","macroblepharis","Mart.","CONVOLVULACEAE Evolvulus macroblepharis Mart.","429305","GBIF","MBM","Lozano, E.D.","4343","Native","Ouro","Ouro","https://images.cria.org.br/viewer/MBM429305","Parque Estadual de Campos do Jordão, trilha do Campo."
"ÁREA DE PROTEÇÃO AMBIENTAL CAMPOS DO JORDÃO","Angiosperms","Convolvulaceae","Ipomoea","acanthocarpa","(Choisy) Schweinf. & Asch.","CONVOLVULACEAE Ipomoea acanthocarpa (Choisy) Schweinf. & Asch.","SPSF00054771","Splink","SPSF",,"117","Naturalized","Prata","Ouro",,"Campo Natural de Altitude, beira da estrada. Parque Estadual dos Mananciais de Campos do Jordão"
"ÁREA DE PROTEÇÃO AMBIENTAL CAMPOS DO JORDÃO","Angiosperms","Convolvulaceae","Ipomoea","batatas","(L.) Lam.","CONVOLVULACEAE Ipomoea batatas (L.) Lam.",,"GBIF",,,,"Naturalized","Latão","Bronze",,
"ÁREA DE PROTEÇÃO AMBIENTAL CAMPOS DO JORDÃO","Angiosperms","Convolvulaceae","Ipomoea","coccinea","L.","CONVOLVULACEAE Ipomoea coccinea L.","5779","GBIF","UB","Gomes Junior, J.C.","1667","Unknown","Latão","Bronze",,"Estrada do areal, Vale do rio Coxim."
"ÁREA DE PROTEÇÃO AMBIENTAL CAMPOS DO JORDÃO","Angiosperms","Convolvulaceae","Ipomoea","indica","(Burm.) Merr.","CONVOLVULACEAE Ipomoea indica (Burm.) Merr.","194914066","GBIF","Observations","Dominguez, Y.",,"Native","Bronze","Bronze",,"Jardim Alpestre, Campos do Jordão - SP, 12460-000, Brasil"
"ÁREA DE PROTEÇÃO AMBIENTAL CAMPOS DO JORDÃO","Angiosperms","Convolvulaceae","Ipomoea","procumbens","Mart. ex Choisy","CONVOLVULACEAE Ipomoea procumbens Mart. ex Choisy","31663","Splink","SP",,"s.n.","Native","Latão","Bronze",,
"ÁREA DE PROTEÇÃO AMBIENTAL CAMPOS DO JORDÃO","Angiosperms","Convolvulaceae","Ipomoea","purpurea","(L.) Roth","CONVOLVULACEAE Ipomoea purpurea (L.) Roth",,"GBIF",,,,"Native","Latão","Bronze",,
"ÁREA DE PROTEÇÃO AMBIENTAL CAMPOS DO JORDÃO","Angiosperms","Convolvulaceae","Ipomoea","saopaulista","O'Donell","CONVOLVULACEAE Ipomoea saopaulista O'Donell","SPSF00012014","Splink","SPSF",,"574","Native","Ouro","Ouro",,"P.E. de Campos do Jordão."
"ÁREA DE PROTEÇÃO AMBIENTAL CAMPOS DO JORDÃO","Angiosperms","Convolvulaceae","Ipomoea","triloba","L.","CONVOLVULACEAE Ipomoea triloba L.","515485","Splink","SP",,"2093","Native","Bronze","Bronze",,
"ÁREA DE PROTEÇÃO AMBIENTAL CAMPOS DO JORDÃO","Angiosperms","Convolvulaceae","Jacquemontia",,"Choisy","CONVOLVULACEAE Jacquemontia Choisy","PACA027783","Splink","PACA",,,,"Prata","Bronze",,
"ÁREA DE PROTEÇÃO AMBIENTAL CAMPOS DO JORDÃO",,"Cordiaceae","Cora",,,"CORDIACEAE Cora sp.","195816","Splink","ICN",,"2273",,"Bronze","Bronze",,"estrada para o Pico do Itapeva, frente casa 7800"
"ÁREA DE PROTEÇÃO AMBIENTAL CAMPOS DO JORDÃO","Angiosperms","Cordiaceae","Cordia","alliodora","(Ruiz & Pav.) Cham.","CORDIACEAE Cordia alliodora (Ruiz & Pav.) Cham.",,"GBIF",,,,"Native","Latão","Bronze",,
"ÁREA DE PROTEÇÃO AMBIENTAL CAMPOS DO JORDÃO","Angiosperms","Cordiaceae","Cordia","ecalyculata","Vell.","CORDIACEAE Cordia ecalyculata Vell.","140663","GBIF","MBM","Robim, M.J.","8767","Native","Ouro","Bronze","https://images.cria.org.br/viewer/MBM140663","Parque Estadual do Instituto Florestal."
"ÁREA DE PROTEÇÃO AMBIENTAL CAMPOS DO JORDÃO","Angiosperms","Cordiaceae","Cordia","magnoliifolia","Cham.","CORDIACEAE Cordia magnoliifolia Cham.","SPSF00010166","Splink","SPSF",,"407","Native","Bronze","Ouro",,"Parque Estadual de Campos do Jordão, região do Paiol"
"ÁREA DE PROTEÇÃO AMBIENTAL CAMPOS DO JORDÃO","Angiosperms","Cordiaceae","Cordia","sellowiana","Cham.","CORDIACEAE Cordia sellowiana Cham.","RB00832865","GBIF","RB","Barreto, K.D.","2443","Native","Prata","Bronze","jbrj-public-img.s3-sa-east-1.amazonaws.com/JPG/rb/0/83/28/65/00832865.jpg","Parque da Ferradura (trilha do Pinhão)"
"ÁREA DE PROTEÇÃO AMBIENTAL CAMPOS DO JORDÃO","Angiosperms","Cordiaceae","Cordia","superba","Cham.","CORDIACEAE Cordia superba Cham.","ESA013793","GBIF","ESA","Barreto, K.D.","1261","Native","Ouro","Bronze","jbrj-public.s3-sa-east-1.amazonaws.com/fsi/server?type=image&source=DZI/esa/esa/0/1/37/93/esa00013793.dzi",
"ÁREA DE PROTEÇÃO AMBIENTAL CAMPOS DO JORDÃO","Angiosperms","Cordiaceae","Cordia","trichotoma","(Vell.) Arráb. ex Steud.","CORDIACEAE Cordia trichotoma (Vell.) Arráb. ex Steud.","17630","GBIF","SJRP","Barreto, K.D.","2443","Native","Bronze","Bronze","https://images.cria.org.br/viewer/SJRP00002478","Parque da Ferradura (trilha do Pinhão)"
"ÁREA DE PROTEÇÃO AMBIENTAL CAMPOS DO JORDÃO","Angiosperms","Costaceae",,,"Nakai","COSTACEAE Costaceae Nakai","1080","Splink","MACK",,,,"Bronze","Ouro",,"Colônia Umuarama."
"ÁREA DE PROTEÇÃO AMBIENTAL CAMPOS DO JORDÃO","Angiosperms","Crassulaceae",,,"J.St.-Hil.","CRASSULACEAE Crassulaceae J.St.-Hil.","75585","GBIF","SP","Kuhlmann, M.","2091",,"Latão","Bronze",,"Umuarama"
"ÁREA DE PROTEÇÃO AMBIENTAL CAMPOS DO JORDÃO","Angiosperms","Cucurbitaceae","Cayaponia","cabocla","(Vell.) Mart.","CUCURBITACEAE Cayaponia cabocla (Vell.) Mart.","19028","GBIF","BOTU","Amaral Junior, A.S.M.","209","Native","Latão","Bronze","https://images.cria.org.br/viewer/BOTU019028",
"ÁREA DE PROTEÇÃO AMBIENTAL CAMPOS DO JORDÃO","Angiosperms","Cucurbitaceae","Cayaponia","pilosa","(Vell.) Cogn.","CUCURBITACEAE Cayaponia pilosa (Vell.) Cogn.","66644","GBIF","JPB","Barreto, K.D.","245","Native","Ouro","Bronze",,"Parque da Ferradura (Trilha do Pinhão)."
"ÁREA DE PROTEÇÃO AMBIENTAL CAMPOS DO JORDÃO","Angiosperms","Cucurbitaceae","Cyclanthera","tenuifolia","Cogn.","CUCURBITACEAE Cyclanthera tenuifolia Cogn.","163300","Splink","ICN",,"s.n.","Native","Ouro","Bronze",,"Propriedade de José Carlos R. Magalhães"
"ÁREA DE PROTEÇÃO AMBIENTAL CAMPOS DO JORDÃO","Angiosperms","Cucurbitaceae","Echinopepon",,"Naudin","CUCURBITACEAE Echinopepon Naudin","1872","Splink","MACK",,"24",,"Latão","Ouro",,"Colônia Umuarama. Mata fechada."
"ÁREA DE PROTEÇÃO AMBIENTAL CAMPOS DO JORDÃO","Angiosperms","Cucurbitaceae","Sicyos","edulis","Jacq.","CUCURBITACEAE Sicyos edulis Jacq.","169237290","GBIF","Observations","Luiza",,"Naturalized","Bronze","Bronze",,"Rua Januario Pereira, Campos Do Jordão, SP, BR"
"ÁREA DE PROTEÇÃO AMBIENTAL CAMPOS DO JORDÃO","Angiosperms","Cunoniaceae","Lamanonia","ternata","Vell.","CUNONIACEAE Lamanonia ternata Vell.","ESA013792","GBIF","ESA","Barreto, K.D.","1249","Native","Ouro","Bronze","jbrj-public.s3-sa-east-1.amazonaws.com/fsi/server?type=image&source=DZI/esa/esa/0/1/37/92/esa00013792.dzi",
"ÁREA DE PROTEÇÃO AMBIENTAL CAMPOS DO JORDÃO","Angiosperms","Cunoniaceae","Weinmannia","humilis","Engl.","CUNONIACEAE Weinmannia humilis Engl.","18048","GBIF","BOTU","Amaral Junior, A.B.R.H.","21","Native","Bronze","Bronze","https://images.cria.org.br/viewer/BOTU018048","Pico do Itapeva, encosta SW da Serra da Mantiqueira, face do Vale do Paraíba"
"ÁREA DE PROTEÇÃO AMBIENTAL CAMPOS DO JORDÃO","Angiosperms","Cunoniaceae","Weinmannia","organensis","Gardner","CUNONIACEAE Weinmannia organensis Gardner","HRCB082966","Splink","HRCB",,"26711","Native","Ouro","Bronze",,
"ÁREA DE PROTEÇÃO AMBIENTAL CAMPOS DO JORDÃO","Angiosperms","Cunoniaceae","Weinmannia","pinnata","L.","CUNONIACEAE Weinmannia pinnata L.","146871","GBIF","MBM","Robim, M.J.","8447","Native","Ouro","Bronze","https://images.cria.org.br/viewer/MBM146871","Instituto Florestal."
"ÁREA DE PROTEÇÃO AMBIENTAL CAMPOS DO JORDÃO","Gymnosperms","Cupressaceae","Chamaecyparis","lawsoniana","(A.Murray) Parl.","CUPRESSACEAE Chamaecyparis lawsoniana (A.Murray) Parl.","HPL002595","Splink","HPL",,"3774","Cultivated","Bronze","Bronze",,"Cultivada no Jardim da Lagoinha."
"ÁREA DE PROTEÇÃO AMBIENTAL CAMPOS DO JORDÃO","Gymnosperms","Cupressaceae","Chamaecyparis","obtusa","(Siebold & Zucc.) Endl.","CUPRESSACEAE Chamaecyparis obtusa (Siebold & Zucc.) Endl.","80786","GBIF","FLOR","Hashimoto, G.","s.n.","Cultivated","Bronze","Ouro","https://images.cria.org.br/viewer/FLOR0080786","Horto florestal."
"ÁREA DE PROTEÇÃO AMBIENTAL CAMPOS DO JORDÃO","Gymnosperms","Cupressaceae","Chamaecyparis","pisifera","(Siebold & Zucc.) Endl.","CUPRESSACEAE Chamaecyparis pisifera (Siebold & Zucc.) Endl.","HPL002598","Splink","HPL",,"3776","Cultivated","Bronze","Bronze",,"Cultivada no Jardim da Lagoinha."
"ÁREA DE PROTEÇÃO AMBIENTAL CAMPOS DO JORDÃO","Gymnosperms","Cupressaceae","Chamaecyparis","thyoides","(L.) Britton, Sterns & Poggenb.","CUPRESSACEAE Chamaecyparis thyoides (L.) Britton, Sterns & Poggenb.","HPL002580","Splink","HPL",,"3881","Cultivated","Bronze","Bronze",,"Coletada na chácara Lagoinha."
"ÁREA DE PROTEÇÃO AMBIENTAL CAMPOS DO JORDÃO","Gymnosperms","Cupressaceae","Cryptomeria","japonica","(Thunb. ex L.f.) D.Don","CUPRESSACEAE Cryptomeria japonica (Thunb. ex L.f.) D.Don","127784","GBIF","NY","Wasum, R.A.","8806","Cultivated","Ouro","Bronze",,"Campos do Jordao, Santa Cruz"
"ÁREA DE PROTEÇÃO AMBIENTAL CAMPOS DO JORDÃO","Gymnosperms","Cupressaceae","Cunninghamia","lanceolata","(Lamb.) Hook.","CUPRESSACEAE Cunninghamia lanceolata (Lamb.) Hook.","SPSF00008470","Splink","SPSF",,,"Cultivated","Latão","Ouro",,"P.E. de Campos do Jordão."
"ÁREA DE PROTEÇÃO AMBIENTAL CAMPOS DO JORDÃO","Gymnosperms","Cupressaceae","Cupressus","lusitanica","Mill.","CUPRESSACEAE Cupressus lusitanica Mill.","018214","GBIF","ESA","Barreto, K.D.","2439","Cultivated","Bronze","Bronze",,
"ÁREA DE PROTEÇÃO AMBIENTAL CAMPOS DO JORDÃO","Gymnosperms","Cupressaceae","Juniperus","chinensis","A.Henry","CUPRESSACEAE Juniperus chinensis var. sargentii A.Henry","HPL002583","Splink","HPL",,"1988","Cultivated","Bronze","Bronze",,"Coletada nas proximidades da cidade."
"ÁREA DE PROTEÇÃO AMBIENTAL CAMPOS DO JORDÃO","Gymnosperms","Cupressaceae","Taxodium","distichum","(L.) Rich.","CUPRESSACEAE Taxodium distichum (L.) Rich.","SPSF00007913","Splink","SPSF",,"29","Cultivated","Latão","Ouro",,"P.E. de Campos do Jordão."
"ÁREA DE PROTEÇÃO AMBIENTAL CAMPOS DO JORDÃO","Gymnosperms","Cupressaceae","Thuja","occidentalis","L.","CUPRESSACEAE Thuja occidentalis L.","HPL002629","Splink","HPL",,"3773","Cultivated","Bronze","Bronze",,"Cultivada no Jardim da Lagoinha cultivada como ornamental."
"ÁREA DE PROTEÇÃO AMBIENTAL CAMPOS DO JORDÃO",,"Cupressaceae|Rubiaceae","Cunninghamia|Malanea",,"R.Br. ex A.Rich.|Aubl.","CUPRESSACEAE|RUBIACEAE Cunninghamia R.Br. ex A.Rich.|Malanea Aubl.","SPSF00005588","Splink","SPSF",,,,"Latão","Bronze",,"Parque Estadual do Instituto Florestal."
"ÁREA DE PROTEÇÃO AMBIENTAL CAMPOS DO JORDÃO","Ferns and Lycophytes","Cyatheaceae","Alsophila","capensis","(Sw.) D.S.Conant","CYATHEACEAE Alsophila capensis subsp. polypodioides (Sw.) D.S.Conant","37760","GBIF","SPSF","Polisel, R.T.","302","Native","Ouro","Bronze","https://images.cria.org.br/viewer/SPSF00037760_1 | https://images.cria.org.br/viewer/SPSF00037760_2 | https://images.cria.org.br/viewer/SPSF00037760_3",
"ÁREA DE PROTEÇÃO AMBIENTAL CAMPOS DO JORDÃO","Ferns and Lycophytes","Cyatheaceae","Alsophila","setosa","Kaulf.","CYATHEACEAE Alsophila setosa Kaulf.","429298","GBIF","MBM","Lozano, E.D.","4353","Native","Ouro","Bronze","https://images.cria.org.br/viewer/MBM429298 | https://images.cria.org.br/viewer/MBM429298_1 | https://images.cria.org.br/viewer/MBM429298_2","Hotel Golden Park Campos."
"ÁREA DE PROTEÇÃO AMBIENTAL CAMPOS DO JORDÃO","Ferns and Lycophytes","Cyatheaceae","Cyathea","atrovirens","(Langsd. & Fisch.) Domin","CYATHEACEAE Cyathea atrovirens (Langsd. & Fisch.) Domin","RB00643455","GBIF","RB","Kubitzki, K.","84-33","Native","Ouro","Ouro","jbrj-public-img.s3-sa-east-1.amazonaws.com/JPG/rb/0/64/34/55/00643455.jpg","Campos do Jordao, Parque Estadual."
"ÁREA DE PROTEÇÃO AMBIENTAL CAMPOS DO JORDÃO","Ferns and Lycophytes","Cyatheaceae","Cyathea","corcovadensis","(Raddi) Domin","CYATHEACEAE Cyathea corcovadensis (Raddi) Domin","3305778","GBIF","MO","Porto","3052","Native","Ouro","Bronze",,
"ÁREA DE PROTEÇÃO AMBIENTAL CAMPOS DO JORDÃO","Ferns and Lycophytes","Cyatheaceae","Cyathea","delgadii","Pohl. ex Sternb.","CYATHEACEAE Cyathea delgadii Pohl. ex Sternb.","132007","GBIF","BHCB","Pickel, D.B.","s.n.","Native","Bronze","Ouro",,"Parque estadual do Instituto Florestal"
"ÁREA DE PROTEÇÃO AMBIENTAL CAMPOS DO JORDÃO","Ferns and Lycophytes","Cyatheaceae","Cyathea","phalerata","Mart.","CYATHEACEAE Cyathea phalerata Mart.","29672","GBIF","BHCB","Salino, A.","1428","Native","Ouro","Bronze",,"Morro do Elefante"
"ÁREA DE PROTEÇÃO AMBIENTAL CAMPOS DO JORDÃO","Angiosperms","Cyperaceae","Bulbostylis","capillaris","(L.) C.B.Clarke","CYPERACEAE Bulbostylis capillaris (L.) C.B.Clarke","338906","GBIF","SP","Hashimoto, G.","19965","Native","Ouro","Bronze",,"Abernessia"
"ÁREA DE PROTEÇÃO AMBIENTAL CAMPOS DO JORDÃO","Angiosperms","Cyperaceae","Bulbostylis","hirtella","(Schrad.) Urb.","CYPERACEAE Bulbostylis hirtella (Schrad.) Urb.","ICN00003268","Splink","ICN",,"589","Native","Ouro","Bronze",,"Vila Matilde áreas do Sanatório São Francisco Xavier"
"ÁREA DE PROTEÇÃO AMBIENTAL CAMPOS DO JORDÃO","Angiosperms","Cyperaceae","Bulbostylis","junciformis","(Kunth) C.B.Clarke","CYPERACEAE Bulbostylis junciformis (Kunth) C.B.Clarke","55982","GBIF","SPSF","Ivanauskas, N.M.","7278","Native","Prata","Ouro","https://images.cria.org.br/viewer/SPSF00055982","Parque Estadual de Campos do Jordão"
"ÁREA DE PROTEÇÃO AMBIENTAL CAMPOS DO JORDÃO","Angiosperms","Cyperaceae","Bulbostylis","juncoides","(Vahl) Kük. ex Osten","CYPERACEAE Bulbostylis juncoides (Vahl) Kük. ex Osten","215275","GBIF","SP","Kuhn, E.","2220","Native","Ouro","Bronze",,"Pico do Itapéva, Altitude de 2.028 m"
"ÁREA DE PROTEÇÃO AMBIENTAL CAMPOS DO JORDÃO","Angiosperms","Cyperaceae","Bulbostylis","sphaerocephala","(Boeckeler) C.B.Clarke","CYPERACEAE Bulbostylis sphaerocephala (Boeckeler) C.B.Clarke","69451","GBIF","HAS","Mattos, J.","28373","Native","Ouro","Bronze",,"No Parque Estadual."
"ÁREA DE PROTEÇÃO AMBIENTAL CAMPOS DO JORDÃO","Angiosperms","Cyperaceae","Carex","bonariensis","Desf. ex Poir.","CYPERACEAE Carex bonariensis Desf. ex Poir.","117251","GBIF","SP","Teixeira, B.C.","333","Native","Latão","Bronze",,
"ÁREA DE PROTEÇÃO AMBIENTAL CAMPOS DO JORDÃO","Angiosperms","Cyperaceae","Carex","brasiliensis","A.St.-Hil.","CYPERACEAE Carex brasiliensis A.St.-Hil.","109972","GBIF","UEC","Anderson, L.O.","87","Native","Ouro","Ouro","https://images.cria.org.br/viewer/UEC012176","Parque Estadual Campos do Jordão, Parque dos Lagos, São Bento do Sapucaí."
"ÁREA DE PROTEÇÃO AMBIENTAL CAMPOS DO JORDÃO","Angiosperms","Cyperaceae","Carex","feddeana","H.Pfeiff.","CYPERACEAE Carex feddeana H.Pfeiff.","243100","GBIF","MBM","Hashimoto, G.","21233","Native","Bronze","Bronze","https://images.cria.org.br/viewer/MBM243100","Abernéssia."
"ÁREA DE PROTEÇÃO AMBIENTAL CAMPOS DO JORDÃO","Angiosperms","Cyperaceae","Carex","hilaireioides","C.B.Clarke ex Kük.","CYPERACEAE Carex hilaireioides C.B.Clarke ex Kük.","16076","GBIF","UEC","Davis, P.H.","2982","Native","Latão","Ouro","https://images.cria.org.br/viewer/UEC043037","Reserva do Instituto Florestal, São José dos Alpes, ao lado de Guaratinguetá."
"ÁREA DE PROTEÇÃO AMBIENTAL CAMPOS DO JORDÃO","Angiosperms","Cyperaceae","Carex","pseudocyperus","L.","CYPERACEAE Carex pseudocyperus L.","109973","GBIF","UEC","Anderson, L.O.","88","Unknown","Ouro","Ouro","https://images.cria.org.br/viewer/UEC012177","Parque Estadual Campos do Jordão, Parque dos Lagos, São Bento do Sapucaí."
"ÁREA DE PROTEÇÃO AMBIENTAL CAMPOS DO JORDÃO","Angiosperms","Cyperaceae","Carex","purpureovaginata","Boeckeler","CYPERACEAE Carex purpureovaginata Boeckeler","57649","GBIF","SPSF","Ivanauskas, N.M.","7539","Native","Prata","Ouro","https://images.cria.org.br/viewer/SPSF00057649 | https://images.cria.org.br/viewer/SPSF00057649_v1 | https://images.cria.org.br/viewer/SPSF00057649_v2 | https://images.cria.org.br/viewer/SPSF00057649_v3","Parque Estadual de Campos do Jordão"
"ÁREA DE PROTEÇÃO AMBIENTAL CAMPOS DO JORDÃO","Angiosperms","Cyperaceae","Carex","uruguensis","Boeckeler","CYPERACEAE Carex uruguensis Boeckeler","243098","GBIF","MBM","Hashimoto, G.","21235","Native","Ouro","Bronze","https://images.cria.org.br/viewer/MBM243098","Campos do Jordão."
"ÁREA DE PROTEÇÃO AMBIENTAL CAMPOS DO JORDÃO",,"Cyperaceae","Cladia","aggregata",,"CYPERACEAE Cladia aggregata","073583","Splink","ICN",,"4441",,"Bronze","Bronze",,"Parque à oeste da cidade, parte alta"
"ÁREA DE PROTEÇÃO AMBIENTAL CAMPOS DO JORDÃO","Angiosperms","Cyperaceae","Cyperus","aggregatus","(Willd.) Endl.","CYPERACEAE Cyperus aggregatus (Willd.) Endl.","SPSF00054752","Splink","SPSF",,"98","Native","Prata","Ouro",,"Campo Natural de Altitude em regeneração após corte de Pinus taeda. Parque Estadual dos Mananciais de Campos do Jordão"
"ÁREA DE PROTEÇÃO AMBIENTAL CAMPOS DO JORDÃO","Angiosperms","Cyperaceae","Cyperus","alternifolius","L.","CYPERACEAE Cyperus alternifolius L.","2498","GBIF","IRAI","Gibertoni, R.S.","013","Naturalized","Prata","Bronze",,"Próximo à Represa do Fojo, Condomínio Week Inn"
"ÁREA DE PROTEÇÃO AMBIENTAL CAMPOS DO JORDÃO","Angiosperms","Cyperaceae","Cyperus","coriifolius","Boeckeler","CYPERACEAE Cyperus coriifolius Boeckeler","92043","GBIF","UFP","Simao-Bianchini","139","Native","Bronze","Bronze",,"Pedra do Baú, Acesso por campos."
"ÁREA DE PROTEÇÃO AMBIENTAL CAMPOS DO JORDÃO","Angiosperms","Cyperaceae","Cyperus","drummondii","Torr. & Hook.","CYPERACEAE Cyperus drummondii Torr. & Hook.","42980","GBIF","SP","Hashimoto, G.","345","Native","Ouro","Bronze",,
"ÁREA DE PROTEÇÃO AMBIENTAL CAMPOS DO JORDÃO","Angiosperms","Cyperaceae","Cyperus","hermaphroditus","(Jacq.) Standl.","CYPERACEAE Cyperus hermaphroditus (Jacq.) Standl.","413007","GBIF","SP","Wanderley, M.G.L.","2779","Native","Bronze","Bronze",,"trilha do rio Sapucaia"
"ÁREA DE PROTEÇÃO AMBIENTAL CAMPOS DO JORDÃO","Angiosperms","Cyperaceae","Cyperus","intricatus","Schrad. ex Schult.","CYPERACEAE Cyperus intricatus Schrad. ex Schult.","42979","GBIF","SP","Hashimoto, G.","344","Native","Ouro","Bronze",,
"ÁREA DE PROTEÇÃO AMBIENTAL CAMPOS DO JORDÃO","Angiosperms","Cyperaceae","Cyperus","meridionalis","Barros","CYPERACEAE Cyperus meridionalis Barros","117271","GBIF","SP","Teixeira, B.C.","325","Native","Ouro","Bronze",,
"ÁREA DE PROTEÇÃO AMBIENTAL CAMPOS DO JORDÃO","Angiosperms","Cyperaceae","Cyperus","odoratus","L.","CYPERACEAE Cyperus odoratus L.","17336","GBIF","IAC","Medina, J.C.","s/nº","Native","Bronze","Bronze",,"Parque Florestal"
"ÁREA DE PROTEÇÃO AMBIENTAL CAMPOS DO JORDÃO","Angiosperms","Cyperaceae","Cyperus","sesquiflorus","(Torr.) Mattf. & Kük.","CYPERACEAE Cyperus sesquiflorus (Torr.) Mattf. & Kük.","58174","GBIF","SPSF","Goncalves, L.N.","1108","Native","Bronze","Ouro","https://images.cria.org.br/viewer/SPSF00058174","Parque Estadual de Campos do Jordão"
"ÁREA DE PROTEÇÃO AMBIENTAL CAMPOS DO JORDÃO","Angiosperms","Cyperaceae","Eleocharis","bonariensis","Nees","CYPERACEAE Eleocharis bonariensis Nees","16347","GBIF","UEC","Davis, P.H.","3114","Native","Ouro","Bronze","https://images.cria.org.br/viewer/UEC025843","Parque Estadual do Instituto Florestal, Junto da sede."
"ÁREA DE PROTEÇÃO AMBIENTAL CAMPOS DO JORDÃO","Angiosperms","Cyperaceae","Eleocharis","flavescens","(Poir.) Urb.","CYPERACEAE Eleocharis flavescens (Poir.) Urb.","K001176240","GBIF","K","Faria, A.D.","97/819","Native","Ouro","Ouro","jbrj-public.s3-sa-east-1.amazonaws.com/fsi/server?type=image&source=DZI/kew/k/0/11/76/24/0/k001176240.dzi","Horto Florestal Municipal. Riacho ao lado do escritório /recepção do Horto."
"ÁREA DE PROTEÇÃO AMBIENTAL CAMPOS DO JORDÃO","Angiosperms","Cyperaceae","Eleocharis","maculosa","(Vahl) Roem. & Schult.","CYPERACEAE Eleocharis maculosa (Vahl) Roem. & Schult.","97700","GBIF","UEC","Vitta, F.A.","400","Native","Ouro","Bronze","https://images.cria.org.br/viewer/UEC025611",
"ÁREA DE PROTEÇÃO AMBIENTAL CAMPOS DO JORDÃO","Angiosperms","Cyperaceae","Eleocharis","sellowiana","Kunth","CYPERACEAE Eleocharis sellowiana Kunth","98021","GBIF","UEC","Faria, A.D.","97847","Native","Ouro","Bronze",,"Margem de riacho ao lado da estrada para o Parque Estadual do Instituto Florestal. Ca. de 5 km da entrada do parque."
"ÁREA DE PROTEÇÃO AMBIENTAL CAMPOS DO JORDÃO","Angiosperms","Cyperaceae","Eleocharis","squamigera","Svenson","CYPERACEAE Eleocharis squamigera Svenson","93624","GBIF","UEC","Kuhlmann, M.","2101","Native","Ouro","Bronze","https://images.cria.org.br/viewer/UEC025394","Umuarama, brejo."
"ÁREA DE PROTEÇÃO AMBIENTAL CAMPOS DO JORDÃO","Angiosperms","Cyperaceae","Fimbristylis","dichotoma","(L.) Vahl","CYPERACEAE Fimbristylis dichotoma (L.) Vahl","39278","GBIF","UFP","Hashimoto, G.","342","Native","Ouro","Bronze",,
"ÁREA DE PROTEÇÃO AMBIENTAL CAMPOS DO JORDÃO","Angiosperms","Cyperaceae","Fuirena","incompleta","Nees","CYPERACEAE Fuirena incompleta Nees","602682","GBIF","NY","Leite, J.E.","4504","Native","Ouro","Bronze",,"Campos do Jordao. S.Paulo."
"ÁREA DE PROTEÇÃO AMBIENTAL CAMPOS DO JORDÃO","Angiosperms","Cyperaceae","Lagenocarpus","rigidus","(Boeckeler) T.Koyama & Maguire","CYPERACEAE Lagenocarpus rigidus subsp. tenuifolius (Boeckeler) T.Koyama & Maguire","SPSF00014274","Splink","SPSF",,"53","Native","Bronze","Bronze",,"Morro do Elefante, Próximo ao barranco."
"ÁREA DE PROTEÇÃO AMBIENTAL CAMPOS DO JORDÃO","Angiosperms","Cyperaceae","Machaerina","ensifolia","(Boeckeler) T.Koyama","CYPERACEAE Machaerina ensifolia (Boeckeler) T.Koyama","SPSF00009781","Splink","SPSF",,"1382","Native","Ouro","Ouro",,"Parque Estadual"
"ÁREA DE PROTEÇÃO AMBIENTAL CAMPOS DO JORDÃO","Angiosperms","Cyperaceae","Rhynchospora","acanthoma","A.C.Araújo & Longhi-Wagner","CYPERACEAE Rhynchospora acanthoma A.C.Araújo & Longhi-Wagner","169530","GBIF","UB","Capell, P.","s.n.","Native","Bronze","Bronze","https://images.cria.org.br/viewer/UB0011380",
"ÁREA DE PROTEÇÃO AMBIENTAL CAMPOS DO JORDÃO",,"Cyperaceae","Rhynchospora","corymbosa","(Nees) Kük.","CYPERACEAE Rhynchospora corymbosa subsp. asperula (Nees) Kük.","US 1188391","GBIF","US","Holway, E.W.D.","1790",,"Ouro","Bronze","https://collections.nmnh.si.edu/media/?i=11981469","Campos do Jordao."
"ÁREA DE PROTEÇÃO AMBIENTAL CAMPOS DO JORDÃO","Angiosperms","Cyperaceae","Rhynchospora","edwalliana","Boeckeler","CYPERACEAE Rhynchospora edwalliana Boeckeler","215392","GBIF","SP","Kuhn, E.","2222","Native","Bronze","Bronze",,"Pico do Itapeva"
"ÁREA DE PROTEÇÃO AMBIENTAL CAMPOS DO JORDÃO",,"Cyperaceae","Rhynchospora","fascicularis","(Michx.) Vahl","CYPERACEAE Rhynchospora fascicularis (Michx.) Vahl","K001179843","GBIF","K","Konno, T.","724",,"Latão","Ouro","jbrj-public.s3-sa-east-1.amazonaws.com/fsi/server?type=image&source=DZI/kew/k/0/11/79/84/3/k001179843.dzi","Parque Estadual de Campos do Jordão, trilha do rio Sapucai"
"ÁREA DE PROTEÇÃO AMBIENTAL CAMPOS DO JORDÃO","Angiosperms","Cyperaceae","Rhynchospora","glaziovii","Boeckeler","CYPERACEAE Rhynchospora glaziovii Boeckeler","3123651","GBIF","MO","Jasper","8708","Native","Ouro","Bronze",,"Campos do Jordao - Santa Cruz."
"ÁREA DE PROTEÇÃO AMBIENTAL CAMPOS DO JORDÃO","Angiosperms","Cyperaceae","Rhynchospora","globosa","(Kunth) Roem. & Schult.","CYPERACEAE Rhynchospora globosa (Kunth) Roem. & Schult.","SPSF00014221","Splink","SPSF",,"26","Native","Ouro","Bronze",,"Morro do Elefante."
"ÁREA DE PROTEÇÃO AMBIENTAL CAMPOS DO JORDÃO","Angiosperms","Cyperaceae","Rhynchospora","marisculus","Lindl. & Nees","CYPERACEAE Rhynchospora marisculus Lindl. & Nees","568910","GBIF","NY","Bailey, L.H.","829","Native","Ouro","Bronze",,"Campos do Jordao."
"ÁREA DE PROTEÇÃO AMBIENTAL CAMPOS DO JORDÃO","Angiosperms","Cyperaceae","Rhynchospora","nardifolia","(Kunth) Boeckeler","CYPERACEAE Rhynchospora nardifolia (Kunth) Boeckeler","ICN00033847","Splink","ICN",,"2046","Native","Ouro","Bronze",,"Umuarama"
"ÁREA DE PROTEÇÃO AMBIENTAL CAMPOS DO JORDÃO","Angiosperms","Cyperaceae","Rhynchospora","panicoides","Schrad. ex Nees","CYPERACEAE Rhynchospora panicoides Schrad. ex Nees","16413","GBIF","UEC","Davis, P.H.","3064","Native","Ouro","Bronze","https://images.cria.org.br/viewer/UEC094094","Reserva do Instituto Florestal, Estrada do Moreira para São José dos Alpes, perto da colônia. Mata de Araucaria."
"ÁREA DE PROTEÇÃO AMBIENTAL CAMPOS DO JORDÃO","Angiosperms","Cyperaceae","Rhynchospora","sellowii","(Kunth) W.W.Thomas","CYPERACEAE Rhynchospora sellowii (Kunth) W.W.Thomas","42984","Splink","SP",,"349","Native","Latão","Bronze",,
"ÁREA DE PROTEÇÃO AMBIENTAL CAMPOS DO JORDÃO","Angiosperms","Cyperaceae","Rhynchospora","setigera","(Kunth) Griseb.","CYPERACEAE Rhynchospora setigera (Kunth) Griseb.","ICN00010058","Splink","ICN",,"2057","Native","Ouro","Bronze",,"Umuarama"
"ÁREA DE PROTEÇÃO AMBIENTAL CAMPOS DO JORDÃO","Angiosperms","Cyperaceae","Rhynchospora","subsetosa","C.B.Clarke","CYPERACEAE Rhynchospora subsetosa C.B.Clarke","16475","GBIF","UEC","Davis, P.H.","2967","Native","Ouro","Bronze","https://images.cria.org.br/viewer/UEC098264","Estrada desde Monteiro Lobato, Perto do Hotel Toriba.. beira da mata de Araucária."
"ÁREA DE PROTEÇÃO AMBIENTAL CAMPOS DO JORDÃO","Angiosperms","Cyperaceae","Rhynchospora","tenella","(Nees) Boeckeler","CYPERACEAE Rhynchospora tenella (Nees) Boeckeler","K001179799","GBIF","K","Kuhn, E.","2222","Native","Latão","Bronze","jbrj-public.s3-sa-east-1.amazonaws.com/fsi/server?type=image&source=DZI/kew/k/0/11/79/79/9/k001179799.dzi","Pico do Itapeva"
"ÁREA DE PROTEÇÃO AMBIENTAL CAMPOS DO JORDÃO","Angiosperms","Cyperaceae","Rhynchospora","tenuis","Link","CYPERACEAE Rhynchospora tenuis Link","349594","GBIF","SP","Konno, T.","726","Native","Ouro","Ouro",,"Parque Estadual de Campos do Jordão, estrada para São José dos Alpes, Faz. São Sebastião do Ribeirão Grande."
"ÁREA DE PROTEÇÃO AMBIENTAL CAMPOS DO JORDÃO","Angiosperms","Cyperaceae","Rhynchospora","velutina","(Kunth) Boeckeler","CYPERACEAE Rhynchospora velutina (Kunth) Boeckeler","01091838","GBIF","NY","Kuhn, M.F.A.","2046","Native","Ouro","Bronze",,"Campos do Jordão-Umuarama."
"ÁREA DE PROTEÇÃO AMBIENTAL CAMPOS DO JORDÃO",,"Cyperaceae","Trentepohlia","abietina","(Flot.) Hansg.","CYPERACEAE Trentepohlia abietina (Flot.) Hansg.","29833","GBIF","SJRP-ALGAE","Lemes-Da, N.M.",,,"Latão","Bronze",,
"ÁREA DE PROTEÇÃO AMBIENTAL CAMPOS DO JORDÃO",,"Cyperaceae","Trentepohlia","arborum","(C.Agardh) Har.","CYPERACEAE Trentepohlia arborum (C.Agardh) Har.","31423","GBIF","SJRP-ALGAE","Lemes-Da, N.M.",,,"Latão","Bronze",,
"ÁREA DE PROTEÇÃO AMBIENTAL CAMPOS DO JORDÃO",,"Cyperaceae","Trentepohlia","aurea","(L.) C.F.P.Martius","CYPERACEAE Trentepohlia aurea (L.) C.F.P.Martius","29836","GBIF","SJRP-ALGAE","Lemes-Da, N.M.",,,"Latão","Bronze",,
"ÁREA DE PROTEÇÃO AMBIENTAL CAMPOS DO JORDÃO",,"Cyperaceae","Trentepohlia","dusenii","Har.","CYPERACEAE Trentepohlia dusenii Har.","29834","GBIF","SJRP-ALGAE","Lemes-Da, N.M.",,,"Latão","Bronze",,
"ÁREA DE PROTEÇÃO AMBIENTAL CAMPOS DO JORDÃO",,"Cyperaceae","Trentepohlia","jolithus","(L.) Wallr.","CYPERACEAE Trentepohlia jolithus (L.) Wallr.","29837","GBIF","SJRP-ALGAE","Lemes-Da, N.M.",,,"Latão","Bronze",,
"ÁREA DE PROTEÇÃO AMBIENTAL CAMPOS DO JORDÃO",,"Cyperaceae","Trentepohlia","rigidula","(J.Müll.) Har.","CYPERACEAE Trentepohlia rigidula (J.Müll.) Har.","29843","GBIF","SJRP-ALGAE","Lemes-Da, N.M.",,,"Latão","Bronze",,
"ÁREA DE PROTEÇÃO AMBIENTAL CAMPOS DO JORDÃO",,"Cyperaceae","Trentepohlia","umbrina","(Kütz.) Bornet","CYPERACEAE Trentepohlia umbrina (Kütz.) Bornet","29842","GBIF","SJRP-ALGAE","Lemes-Da, N.M.",,,"Latão","Bronze",,
"ÁREA DE PROTEÇÃO AMBIENTAL CAMPOS DO JORDÃO","Ferns and Lycophytes","Dennstaedtiaceae","Dennstaedtia","cornuta","(Kaulf.) Mett.","DENNSTAEDTIACEAE Dennstaedtia cornuta (Kaulf.) Mett.","RB00673611","GBIF","RB","Mynssen, C.","1262","Native","Ouro","Bronze","jbrj-public-img.s3-sa-east-1.amazonaws.com/JPG/rb/0/67/36/11/00673611.jpg","Parque Nacional da Serra da Bocaina, estrada após rio que cruza a estrada pincipal."
"ÁREA DE PROTEÇÃO AMBIENTAL CAMPOS DO JORDÃO","Ferns and Lycophytes","Dennstaedtiaceae","Dennstaedtia","dissecta","T.Moore","DENNSTAEDTIACEAE Dennstaedtia dissecta T.Moore","58975","GBIF","UEC","Salino, A.","1390","Native","Bronze","Ouro","https://images.cria.org.br/viewer/UEC076522","Parque Estadual, Trilha do rio Sapucaí."
"ÁREA DE PROTEÇÃO AMBIENTAL CAMPOS DO JORDÃO","Ferns and Lycophytes","Dennstaedtiaceae","Histiopteris","incisa","(Thunb.) J.Sm.","DENNSTAEDTIACEAE Histiopteris incisa (Thunb.) J.Sm.","06395","GBIF","SJRP","Windisch, P.G.","2971","Native","Ouro","Bronze",,"divisa com pindamonhangaba."
"ÁREA DE PROTEÇÃO AMBIENTAL CAMPOS DO JORDÃO","Ferns and Lycophytes","Dennstaedtiaceae","Hypolepis","stolonifera","Fée","DENNSTAEDTIACEAE Hypolepis stolonifera var. stolonifera Fée","25497","GBIF","CESJ","Novelino, R.F.","219","Native","Ouro","Ouro",,"Parque Estadual, caminho para São José dos Alpes"
"ÁREA DE PROTEÇÃO AMBIENTAL CAMPOS DO JORDÃO","Ferns and Lycophytes","Dennstaedtiaceae","Pteridium","aquilinum","(L.) Kuhn","DENNSTAEDTIACEAE Pteridium aquilinum (L.) Kuhn","RB00656058","GBIF","RB","Carauta, P.","1731","Unknown","Ouro","Ouro","jbrj-public-img.s3-sa-east-1.amazonaws.com/JPG/rb/0/65/60/58/00656058.jpg","Parque Estadual de Campos do Jordão, Paiol."
"ÁREA DE PROTEÇÃO AMBIENTAL CAMPOS DO JORDÃO","Ferns and Lycophytes","Dennstaedtiaceae","Pteridium","esculentum","(Kaulf.) Thomson","DENNSTAEDTIACEAE Pteridium esculentum subsp. arachnoideum (Kaulf.) Thomson","223426274","GBIF","Observations","Manequinho",,"Native","Bronze","Bronze",,"Imbiry, Campos do Jordão - SP, 12460-000, Brasil"
"ÁREA DE PROTEÇÃO AMBIENTAL CAMPOS DO JORDÃO","Ferns and Lycophytes","Dicksoniaceae","Dicksonia","sellowiana","Hook.","DICKSONIACEAE Dicksonia sellowiana Hook.","180278","GBIF","UB","Carvalho-Silva, M.","1241","Native","Ouro","Bronze","https://images.cria.org.br/viewer/UB0033314",
"ÁREA DE PROTEÇÃO AMBIENTAL CAMPOS DO JORDÃO","Ferns and Lycophytes","Dicksoniaceae","Lophosoria","quadripinnata","(J.F.Gmel.) C.Chr.","DICKSONIACEAE Lophosoria quadripinnata (J.F.Gmel.) C.Chr.","806908","GBIF","NY","Porto, P.C.","3051","Native","Ouro","Bronze",,"Campo de Jordão."
"ÁREA DE PROTEÇÃO AMBIENTAL CAMPOS DO JORDÃO","Angiosperms","Dilleniaceae","Dillenia",,"L.","DILLENIACEAE Dillenia L.","SPSF00006478","Splink","SPSF",,,,"Latão","Bronze",,"Parque Estadual do Instituto Florestal."
"ÁREA DE PROTEÇÃO AMBIENTAL CAMPOS DO JORDÃO","Angiosperms","Dioscoreaceae","Dioscorea","campestris","Griseb.","DIOSCOREACEAE Dioscorea campestris Griseb.","297108","GBIF","SP","Nicolau, S.A.","998","Native","Bronze","Bronze",,"São José dos Alpes"
"ÁREA DE PROTEÇÃO AMBIENTAL CAMPOS DO JORDÃO","Angiosperms","Dioscoreaceae","Dioscorea","chondrocarpa","Griseb.","DIOSCOREACEAE Dioscorea chondrocarpa Griseb.","FCAB001181","Splink","FCAB",,,"Native","Bronze","Bronze",,
"ÁREA DE PROTEÇÃO AMBIENTAL CAMPOS DO JORDÃO","Angiosperms","Dioscoreaceae","Dioscorea","glandulosa","(Klotzsch ex Griseb.) Kunth","DIOSCOREACEAE Dioscorea glandulosa (Klotzsch ex Griseb.) Kunth","118812","GBIF","SP","Mattos, J.","14479","Native","Bronze","Ouro",,"Fazenda da Guarda (Horto Florestal)"
"ÁREA DE PROTEÇÃO AMBIENTAL CAMPOS DO JORDÃO","Angiosperms","Dioscoreaceae","Dioscorea","monadelpha","(Kunth) Griseb.","DIOSCOREACEAE Dioscorea monadelpha (Kunth) Griseb.","412873","GBIF","SP","Kirizawa, M.","3653","Native","Bronze","Ouro",,"Parque Estadual de Campos do Jordão, trilha da Cachoeira"
"ÁREA DE PROTEÇÃO AMBIENTAL CAMPOS DO JORDÃO","Angiosperms","Dioscoreaceae","Dioscorea","multiflora","Mart. ex Griseb.","DIOSCOREACEAE Dioscorea multiflora Mart. ex Griseb.","183548","GBIF","SP","Pirani, J.R.","289","Native","Bronze","Bronze",,"estrada para São Bento do Sapucaí"
"ÁREA DE PROTEÇÃO AMBIENTAL CAMPOS DO JORDÃO","Angiosperms","Droseraceae","Drosera","ascendens","A.St.-Hil.","DROSERACEAE Drosera ascendens A.St.-Hil.","RFA30493","Splink","RFA",,"8001","Native","Ouro","Bronze",,"Estrada para Pico Itapeva"
"ÁREA DE PROTEÇÃO AMBIENTAL CAMPOS DO JORDÃO","Angiosperms","Droseraceae","Drosera","communis","A.St.-Hil.","DROSERACEAE Drosera communis A.St.-Hil.","73155","GBIF","SPF","Rivadavia, F.","56","Native","Ouro","Bronze","https://images.cria.org.br/viewer/SPF00073155",
"ÁREA DE PROTEÇÃO AMBIENTAL CAMPOS DO JORDÃO","Angiosperms","Droseraceae","Drosera","latifolia","(Eichler) Gonella & Rivadavia","DROSERACEAE Drosera latifolia (Eichler) Gonella & Rivadavia","137654","GBIF","SPF","Rivadavia, F.","1094","Native","Ouro","Bronze","https://images.cria.org.br/viewer/SPF00137654",
"ÁREA DE PROTEÇÃO AMBIENTAL CAMPOS DO JORDÃO","Angiosperms","Droseraceae","Drosera","montana","A.St.-Hil.","DROSERACEAE Drosera montana A.St.-Hil.","429301","GBIF","MBM","Lozano, E.D.","4354","Native","Ouro","Bronze","https://images.cria.org.br/viewer/MBM429301","Hotel Golden Park Campos."
"ÁREA DE PROTEÇÃO AMBIENTAL CAMPOS DO JORDÃO","Angiosperms","Droseraceae","Drosera","villosa","A.St.-Hil.","DROSERACEAE Drosera villosa A.St.-Hil.","118466","GBIF","SP","Mattos, J.","14729","Native","Ouro","Bronze",,"perto de São José dos Alpes"
"ÁREA DE PROTEÇÃO AMBIENTAL CAMPOS DO JORDÃO","Ferns and Lycophytes","Dryopteridaceae","Amauropelta","recumbens","(Rosenst.) Salino & T.E.Almeida","DRYOPTERIDACEAE Amauropelta recumbens (Rosenst.) Salino & T.E.Almeida","2270","GBIF","HRCB","Scatena","1","Native","Bronze","Bronze",,
"ÁREA DE PROTEÇÃO AMBIENTAL CAMPOS DO JORDÃO","Ferns and Lycophytes","Dryopteridaceae","Arachniodes","denticulata","(Sw.) Ching","DRYOPTERIDACEAE Arachniodes denticulata (Sw.) Ching","RB00656268","GBIF","RB","Porto, P.C.","3070","Native","Ouro","Bronze","jbrj-public-img.s3-sa-east-1.amazonaws.com/JPG/rb/0/65/62/68/00656268.jpg",
"ÁREA DE PROTEÇÃO AMBIENTAL CAMPOS DO JORDÃO",,"Dryopteridaceae","Bryopteris","diffusa","(Sw.) Nees","DRYOPTERIDACEAE Bryopteris diffusa (Sw.) Nees","133218","GBIF","SP-BRYOPHYTA","Bookerman, W.C.A.","s.n.",,"Bronze","Bronze",,
"ÁREA DE PROTEÇÃO AMBIENTAL CAMPOS DO JORDÃO","Ferns and Lycophytes","Dryopteridaceae","Ctenitis","anniesii","(Rosenst.) Copel.","DRYOPTERIDACEAE Ctenitis anniesii (Rosenst.) Copel.","29691","GBIF","BHCB","Salino, A.","1453","Native","Ouro","Bronze",,"Estrada velha para Santo Antônio do Pinhal, em frente a Matadouro"
"ÁREA DE PROTEÇÃO AMBIENTAL CAMPOS DO JORDÃO","Ferns and Lycophytes","Dryopteridaceae","Ctenitis","submarginalis","(C.Presl) R.S.Viveros & Salino","DRYOPTERIDACEAE Ctenitis submarginalis var. tenuifolia (C.Presl) R.S.Viveros & Salino","29687","GBIF","BHCB","Salino, A.","1453","Native","Bronze","Bronze",,"Estrada velha para Santo Antônio do Pinhal, em frente a Matadouro"
"ÁREA DE PROTEÇÃO AMBIENTAL CAMPOS DO JORDÃO",,"Dryopteridaceae","Dryopteris","paleacea","(Lag. ex Sw.) C.Chr.","DRYOPTERIDACEAE Dryopteris paleacea (Lag. ex Sw.) C.Chr.","237089","GBIF","R","Santos, E.A.A.","213",,"Bronze","Bronze",,
"ÁREA DE PROTEÇÃO AMBIENTAL CAMPOS DO JORDÃO","Ferns and Lycophytes","Dryopteridaceae","Dryopteris","patula","(Sw.) Underw.","DRYOPTERIDACEAE Dryopteris patula (Sw.) Underw.","RB00658114","GBIF","RB","Porto, P.C.","3068","Native","Ouro","Bronze","jbrj-public-img.s3-sa-east-1.amazonaws.com/JPG/rb/0/65/81/14/00658114.jpg","Campos do Jordão"
"ÁREA DE PROTEÇÃO AMBIENTAL CAMPOS DO JORDÃO","Ferns and Lycophytes","Dryopteridaceae","Dryopteris","wallichiana","(Spreng.) Hyl.","DRYOPTERIDACEAE Dryopteris wallichiana (Spreng.) Hyl.","429296","GBIF","MBM","Lozano, E.D.","4358","Native","Ouro","Bronze","https://images.cria.org.br/viewer/MBM429296","Hotel Golden Park Campos."
"ÁREA DE PROTEÇÃO AMBIENTAL CAMPOS DO JORDÃO","Ferns and Lycophytes","Dryopteridaceae","Elaphoglossum","acutum","Brade","DRYOPTERIDACEAE Elaphoglossum acutum Brade","63206","GBIF","CESJ","Novelino, R.F.","588A","Native","Bronze","Bronze",,"São José dos Alpes"
"ÁREA DE PROTEÇÃO AMBIENTAL CAMPOS DO JORDÃO","Ferns and Lycophytes","Dryopteridaceae","Elaphoglossum","alpestre","(Gardner) T. Moore","DRYOPTERIDACEAE Elaphoglossum alpestre (Gardner) T. Moore","26863","GBIF","CESJ","Novelino, R.F.","587","Native","Bronze","Bronze",,"São José dos Alpes, Tres Pontas"
"ÁREA DE PROTEÇÃO AMBIENTAL CAMPOS DO JORDÃO","Ferns and Lycophytes","Dryopteridaceae","Elaphoglossum","beaurepairei","(Fée) Brade","DRYOPTERIDACEAE Elaphoglossum beaurepairei (Fée) Brade","35780","GBIF","HRCB","Dittrich, V.A.O.","1077","Native","Bronze","Bronze",,
"ÁREA DE PROTEÇÃO AMBIENTAL CAMPOS DO JORDÃO","Ferns and Lycophytes","Dryopteridaceae","Elaphoglossum","brevipes","(Kunze) T.Moore","DRYOPTERIDACEAE Elaphoglossum brevipes (Kunze) T.Moore","US01566164","Reflora","US","Leite, J.E.","3351",,"Ouro","Bronze",,"Campos do Jordas"
"ÁREA DE PROTEÇÃO AMBIENTAL CAMPOS DO JORDÃO","Ferns and Lycophytes","Dryopteridaceae","Elaphoglossum","burchellii","(Baker) C.Chr.","DRYOPTERIDACEAE Elaphoglossum burchellii (Baker) C.Chr.","3315495","GBIF","MO","Leite, J.E.","3480","Native","Ouro","Bronze",,"Campos do Jordas"
"ÁREA DE PROTEÇÃO AMBIENTAL CAMPOS DO JORDÃO","Ferns and Lycophytes","Dryopteridaceae","Elaphoglossum","chrysolepis","(Fée) Alston","DRYOPTERIDACEAE Elaphoglossum chrysolepis (Fée) Alston","US01566234","Reflora","US","Prado, J.","818","Native","Ouro","Ouro",,"Parque Estadual de Campos de Jordão, Trilha do Rio Sapucaí."
"ÁREA DE PROTEÇÃO AMBIENTAL CAMPOS DO JORDÃO","Ferns and Lycophytes","Dryopteridaceae","Elaphoglossum","edwallii","Rosenst.","DRYOPTERIDACEAE Elaphoglossum edwallii Rosenst.","RB00707098","GBIF","RB","Porto, P.C.","3022","Native","Ouro","Bronze","jbrj-public-img.s3-sa-east-1.amazonaws.com/JPG/rb/0/70/70/98/00707098.jpg","Campos de Jordão"
"ÁREA DE PROTEÇÃO AMBIENTAL CAMPOS DO JORDÃO","Ferns and Lycophytes","Dryopteridaceae","Elaphoglossum","gayanum","(Fée) T.Moore","DRYOPTERIDACEAE Elaphoglossum gayanum (Fée) T.Moore","RB00687420","GBIF","RB","Porto, P.C.","3019","Native","Ouro","Bronze","jbrj-public-img.s3-sa-east-1.amazonaws.com/JPG/rb/0/68/74/20/00687420.jpg","Estrada de São Paulo."
"ÁREA DE PROTEÇÃO AMBIENTAL CAMPOS DO JORDÃO","Ferns and Lycophytes","Dryopteridaceae","Elaphoglossum","glabellum","J.Sm.","DRYOPTERIDACEAE Elaphoglossum glabellum J.Sm.","HRCB058012","Splink","HRCB",,"395","Native","Bronze","Bronze",,
"ÁREA DE PROTEÇÃO AMBIENTAL CAMPOS DO JORDÃO","Ferns and Lycophytes","Dryopteridaceae","Elaphoglossum","itatiayense","Rosenst.","DRYOPTERIDACEAE Elaphoglossum itatiayense Rosenst.","PACA079064","Splink","PACA",,,"Native","Bronze","Ouro",,"Fazenda da Guarda"
"ÁREA DE PROTEÇÃO AMBIENTAL CAMPOS DO JORDÃO","Ferns and Lycophytes","Dryopteridaceae","Elaphoglossum","lingua","(C.Presl) Brack.","DRYOPTERIDACEAE Elaphoglossum lingua (C.Presl) Brack.","HRCB058021","Splink","HRCB",,"404","Native","Bronze","Bronze",,
"ÁREA DE PROTEÇÃO AMBIENTAL CAMPOS DO JORDÃO","Ferns and Lycophytes","Dryopteridaceae","Elaphoglossum","lisboae","Rosenst.","DRYOPTERIDACEAE Elaphoglossum lisboae Rosenst.","26881","GBIF","CESJ","Novelino, R.F.","588","Native","Bronze","Bronze",,"São José dos Alpes"
"ÁREA DE PROTEÇÃO AMBIENTAL CAMPOS DO JORDÃO","Ferns and Lycophytes","Dryopteridaceae","Elaphoglossum","minutum","(Pohl ex Fée) T.Moore","DRYOPTERIDACEAE Elaphoglossum minutum (Pohl ex Fée) T.Moore","US01567100","Reflora","US","Leite, J.E.","3352","Native","Ouro","Bronze",,"Campos do Jordas"
"ÁREA DE PROTEÇÃO AMBIENTAL CAMPOS DO JORDÃO","Ferns and Lycophytes","Dryopteridaceae","Elaphoglossum","paulistanum","Rosenst.","DRYOPTERIDACEAE Elaphoglossum paulistanum Rosenst.","237360","GBIF","R","Santos, E.A.A.","217","Native","Bronze","Bronze",,
"ÁREA DE PROTEÇÃO AMBIENTAL CAMPOS DO JORDÃO","Ferns and Lycophytes","Dryopteridaceae","Elaphoglossum","piloselloides","(C. Presl) T. Moore","DRYOPTERIDACEAE Elaphoglossum piloselloides (C. Presl) T. Moore","RB00687623","GBIF","RB","Porto, P.C.","3017","Native","Ouro","Bronze","jbrj-public-img.s3-sa-east-1.amazonaws.com/JPG/rb/0/68/76/23/00687623.jpg",
"ÁREA DE PROTEÇÃO AMBIENTAL CAMPOS DO JORDÃO","Ferns and Lycophytes","Dryopteridaceae","Elaphoglossum","strictum","(Raddi) T.Moore","DRYOPTERIDACEAE Elaphoglossum strictum (Raddi) T.Moore","RB00687966","GBIF","RB","Porto, P.C.","3016","Native","Ouro","Bronze","jbrj-public-img.s3-sa-east-1.amazonaws.com/JPG/rb/0/68/79/66/00687966.jpg",
"ÁREA DE PROTEÇÃO AMBIENTAL CAMPOS DO JORDÃO","Ferns and Lycophytes","Dryopteridaceae","Elaphoglossum","tenuiculum","(Fée) Baker","DRYOPTERIDACEAE Elaphoglossum tenuiculum (Fée) Baker","3314664","GBIF","MO","Porto, P.C.","3018","Native","Ouro","Bronze",,"Campos de Jordão"
"ÁREA DE PROTEÇÃO AMBIENTAL CAMPOS DO JORDÃO","Ferns and Lycophytes","Dryopteridaceae","Elaphoglossum","vagans","(Mett. ex Kuhn) Hieron.","DRYOPTERIDACEAE Elaphoglossum vagans (Mett. ex Kuhn) Hieron.","PACA079285","Splink","PACA",,,"Native","Prata","Bronze",,
"ÁREA DE PROTEÇÃO AMBIENTAL CAMPOS DO JORDÃO","Ferns and Lycophytes","Dryopteridaceae","Lastreopsis","amplissima","(C.Presl) Tindale","DRYOPTERIDACEAE Lastreopsis amplissima (C.Presl) Tindale","429762","GBIF","MBM","Canestraro, B.K.","1518","Native","Ouro","Bronze","https://images.cria.org.br/viewer/MBM429762 | https://images.cria.org.br/viewer/MBM429762_1 | https://images.cria.org.br/viewer/MBM429762_2 | https://images.cria.org.br/viewer/MBM429762_3","Estrada para pico do Imbiri."
"ÁREA DE PROTEÇÃO AMBIENTAL CAMPOS DO JORDÃO","Ferns and Lycophytes","Dryopteridaceae","Megalastrum","connexum","(Kaulf.) A.R.Sm. & R.C.Moran","DRYOPTERIDACEAE Megalastrum connexum (Kaulf.) A.R.Sm. & R.C.Moran","37005","GBIF","BHCB","Salino, A.","545","Native","Ouro","Bronze",,"Parque Estadual (Horto Florestal)"
"ÁREA DE PROTEÇÃO AMBIENTAL CAMPOS DO JORDÃO","Ferns and Lycophytes","Dryopteridaceae","Mickelia","scandens","(Raddi) R.C.Moran, Labiak & Sundue","DRYOPTERIDACEAE Mickelia scandens (Raddi) R.C.Moran, Labiak & Sundue","02479079","GBIF","NY","Lanstyack, L.","s.n.","Native","Bronze","Bronze",,
"ÁREA DE PROTEÇÃO AMBIENTAL CAMPOS DO JORDÃO","Ferns and Lycophytes","Dryopteridaceae","Parapolystichum","effusum","(Sw.) Ching","DRYOPTERIDACEAE Parapolystichum effusum (Sw.) Ching","3242","GBIF","SJRP","Amorim, L.","021","Native","Ouro","Bronze",,"arredores."
"ÁREA DE PROTEÇÃO AMBIENTAL CAMPOS DO JORDÃO","Ferns and Lycophytes","Dryopteridaceae","Polybotrya","speciosa","Schott","DRYOPTERIDACEAE Polybotrya speciosa Schott","74619","GBIF","BHCB","Rodrigues Junior, C.E.","863","Native","Ouro","Ouro",,"Parque Municipal Campos do Jordão, Parque Estadual de Campos do Jordão.Beira de Cachoeira. em Mata Ciliar."
"ÁREA DE PROTEÇÃO AMBIENTAL CAMPOS DO JORDÃO","Ferns and Lycophytes","Dryopteridaceae","Polystichum","montevidense","(Spreng.) Rosenst.","DRYOPTERIDACEAE Polystichum montevidense (Spreng.) Rosenst.","37725","GBIF","SPSF","Polisel, R.T.","232","Native","Ouro","Ouro","https://images.cria.org.br/viewer/SPSF00037725","Parque Estadual de Campos do Jordão"
"ÁREA DE PROTEÇÃO AMBIENTAL CAMPOS DO JORDÃO","Ferns and Lycophytes","Dryopteridaceae","Polystichum","platylepis","Fée","DRYOPTERIDACEAE Polystichum platylepis Fée","429760","GBIF","MBM","Canestraro, B.K.","1516","Native","Ouro","Bronze","https://images.cria.org.br/viewer/MBM429760","Estrada para pico do Imbiri."
"ÁREA DE PROTEÇÃO AMBIENTAL CAMPOS DO JORDÃO",,"Dryopteridaceae","Polytrichadelphus","ericoides","(Hampe) Mitt.","DRYOPTERIDACEAE Polytrichadelphus ericoides (Hampe) Mitt.","149771","GBIF","SP-BRYOPHYTA","Vital, D.M.","9600",,"Bronze","Ouro",,"Entre o horto e a represa Nova"
"ÁREA DE PROTEÇÃO AMBIENTAL CAMPOS DO JORDÃO",,"Dryopteridaceae","Polytrichum","angustifolium","Mitt.","DRYOPTERIDACEAE Polytrichum angustifolium Mitt.","892233","GBIF","NY","Buck, W.R.","26427",,"Bronze","Bronze",,"Serra da Mantiqueira, Pico do Itapeva, ca. 6 km SE of Campos do Jordao"
"ÁREA DE PROTEÇÃO AMBIENTAL CAMPOS DO JORDÃO",,"Dryopteridaceae","Polytrichum","brasiliense","Hampe","DRYOPTERIDACEAE Polytrichum brasiliense Hampe","191842","GBIF","SP-BRYOPHYTA","Yano, O.","9220",,"Bronze","Ouro",,"Parque Estadual de Campos do Jordão"
"ÁREA DE PROTEÇÃO AMBIENTAL CAMPOS DO JORDÃO",,"Dryopteridaceae","Polytrichum","commune","Hedw.","DRYOPTERIDACEAE Polytrichum commune Hedw.","20397","GBIF","SJRP-BRYOPHYTA","Peralta, D.F.","191",,"Latão","Bronze",,
"ÁREA DE PROTEÇÃO AMBIENTAL CAMPOS DO JORDÃO",,"Dryopteridaceae","Polytrichum","juniperinum","Hedw.","DRYOPTERIDACEAE Polytrichum juniperinum Hedw.","02429254","GBIF","NY","Soares, A.E.R.","1880",,"Bronze","Bronze",,"Campos do Jordão, centro cultural."
"ÁREA DE PROTEÇÃO AMBIENTAL CAMPOS DO JORDÃO","Ferns and Lycophytes","Dryopteridaceae","Rumohra","adiantiformis","(G.Forst.) Ching","DRYOPTERIDACEAE Rumohra adiantiformis (G.Forst.) Ching","29666","GBIF","BHCB","Salino, A.","1418","Native","Ouro","Bronze",,"Pico Itapeva"
"ÁREA DE PROTEÇÃO AMBIENTAL CAMPOS DO JORDÃO","Ferns and Lycophytes","Dryopteridaceae","Rumohra","quadrangularis","(Fée) Brade","DRYOPTERIDACEAE Rumohra quadrangularis (Fée) Brade","1633576","GBIF","MICH","Leite, J.E.","3503","Native","Latão","Bronze",,"Campos do Jordao"
"ÁREA DE PROTEÇÃO AMBIENTAL CAMPOS DO JORDÃO","Angiosperms","Ebenaceae","Diospyros",,"L.","EBENACEAE Diospyros L.","ESA013731","Splink","ESA",,"1202",,"Latão","Bronze",,
"ÁREA DE PROTEÇÃO AMBIENTAL CAMPOS DO JORDÃO","Angiosperms","Ehretiaceae","Ehretia","acuminata","R.Br.","EHRETIACEAE Ehretia acuminata R.Br.","SPSF00006479","Splink","SPSF",,,"Cultivated","Bronze","Bronze",,"Parque Estadual do Instituto Florestal."
"ÁREA DE PROTEÇÃO AMBIENTAL CAMPOS DO JORDÃO","Angiosperms","Elaeagnaceae","Elaeagnus","angustifolia","L.","ELAEAGNACEAE Elaeagnus angustifolia L.","HPL003133","Splink","HPL",,"1974","Cultivated","Bronze","Bronze",,"Coletado na cidade, utilizada como ornamental pelas sua folhas variegadas."
"ÁREA DE PROTEÇÃO AMBIENTAL CAMPOS DO JORDÃO","Angiosperms","Elaeocarpaceae","Sloanea","hirsuta","(Schott) Planch. ex Benth.","ELAEOCARPACEAE Sloanea hirsuta (Schott) Planch. ex Benth.","HFC005095","Splink","HFC",,"592","Native","Ouro","Ouro",,"Parque Estadual de Campos do Jordão"
"ÁREA DE PROTEÇÃO AMBIENTAL CAMPOS DO JORDÃO","Angiosperms","Elatinaceae","Elatine","lindbergii","Rohrb.","ELATINACEAE Elatine lindbergii Rohrb.","109840","GBIF","UEC","Amaral, M.C.E.","99/76","Native","Latão","Ouro","https://images.cria.org.br/viewer/UEC087772","Fazenda Gravatá, Localizada ao lado do Parque Estadual de Campos do Jordão, margem de córrego."
"ÁREA DE PROTEÇÃO AMBIENTAL CAMPOS DO JORDÃO","Angiosperms","Ericaceae","Agarista","chlorantha","(Cham.) G.Don","ERICACEAE Agarista chlorantha (Cham.) G.Don","ESA025695","GBIF","ESA","Barreto, K.D.","1038","Native","Ouro","Bronze","jbrj-public.s3-sa-east-1.amazonaws.com/fsi/server?type=image&source=DZI/esa/esa/0/2/56/95/esa00025695.dzi","Parque Ferradura. Área perturbada."
"ÁREA DE PROTEÇÃO AMBIENTAL CAMPOS DO JORDÃO","Angiosperms","Ericaceae","Agarista","eucalyptoides","(Cham. & Schltdl.) G.Don","ERICACEAE Agarista eucalyptoides (Cham. & Schltdl.) G.Don","SPSF00013408","Splink","SPSF",,"636","Native","Ouro","Ouro",,"Parque Estadual de Campos do Jordão, região do pau-arcado, alto dos Moreiras"
"ÁREA DE PROTEÇÃO AMBIENTAL CAMPOS DO JORDÃO","Angiosperms","Ericaceae","Agarista","hispidula","(DC.) J.D. Hook. ex Nied.","ERICACEAE Agarista hispidula (DC.) J.D. Hook. ex Nied.","HPL010362","Splink","HPL",,"2243","Native","Ouro","Bronze",,
"ÁREA DE PROTEÇÃO AMBIENTAL CAMPOS DO JORDÃO","Angiosperms","Ericaceae","Agarista","niederleinii","(Sleumer) Judd","ERICACEAE Agarista niederleinii (Sleumer) Judd","87184","GBIF","UEC","Simao-Bianchini, R.","142","Native","Ouro","Bronze","https://images.cria.org.br/viewer/UEC070989","Pedra do Baú, Acesso por Campos."
"ÁREA DE PROTEÇÃO AMBIENTAL CAMPOS DO JORDÃO","Angiosperms","Ericaceae","Agarista","oleifolia","(Cham.) G.Don","ERICACEAE Agarista oleifolia var. oleifolia (Cham.) G.Don","SPSF00013762","Splink","SPSF",,"658","Native","Ouro","Bronze",,"Nucleo Indaia, fazenda Silvestre."
"ÁREA DE PROTEÇÃO AMBIENTAL CAMPOS DO JORDÃO","Angiosperms","Ericaceae","Agarista","pulchella","Cham. ex G.Don","ERICACEAE Agarista pulchella var. pulchella Cham. ex G.Don","59427","GBIF","UEC","Buzato, S.","27200","Native","Ouro","Ouro","https://images.cria.org.br/viewer/UEC070500","Horto Florestal"
"ÁREA DE PROTEÇÃO AMBIENTAL CAMPOS DO JORDÃO","Angiosperms","Ericaceae","Gaultheria","eriophylla","(Pers.) Sleumer ex Burtt","ERICACEAE Gaultheria eriophylla var. eriophylla (Pers.) Sleumer ex Burtt","83431","GBIF","HUEFS","Franca, F.","4879","Native","Ouro","Bronze","https://images.cria.org.br/viewer/HUEFS0083431","Rodovia SP 123 (Floriano Pinheiro): km 43."
"ÁREA DE PROTEÇÃO AMBIENTAL CAMPOS DO JORDÃO","Angiosperms","Ericaceae","Gaultheria","itatiaiae","Wawra","ERICACEAE Gaultheria itatiaiae Wawra","SPSF00014870","Splink","SPSF",,"266","Native","Ouro","Bronze",,
"ÁREA DE PROTEÇÃO AMBIENTAL CAMPOS DO JORDÃO","Angiosperms","Ericaceae","Gaultheria","jordanensis","Brade & Sleumer","ERICACEAE Gaultheria jordanensis Brade & Sleumer","71554","GBIF","SPF","Simao-Bianchini, R.","146","Native","Ouro","Bronze","https://images.cria.org.br/viewer/SPF00071554",
"ÁREA DE PROTEÇÃO AMBIENTAL CAMPOS DO JORDÃO","Angiosperms","Ericaceae","Gaultheria","serrata","(Meisn.) Luteyn","ERICACEAE Gaultheria serrata var. organensis (Meisn.) Luteyn","HB000010208","Splink","HB",,"15032","Native","Ouro","Bronze",,"São José dos Alpes."
"ÁREA DE PROTEÇÃO AMBIENTAL CAMPOS DO JORDÃO","Angiosperms","Ericaceae","Gaultheria","serrata","(Vell.) Sleumer ex Kin.-Gouv.","ERICACEAE Gaultheria serrata var. serrata (Vell.) Sleumer ex Kin.-Gouv.","SPSF00016595","Splink","SPSF",,,"Native","Ouro","Bronze",,"caminho para São José dos Alpes."
"ÁREA DE PROTEÇÃO AMBIENTAL CAMPOS DO JORDÃO","Angiosperms","Ericaceae","Gaylussacia","amoena","Cham.","ERICACEAE Gaylussacia amoena Cham.","ESA013846","GBIF","ESA","Barreto, K.D.","1195","Native","Ouro","Bronze","jbrj-public.s3-sa-east-1.amazonaws.com/fsi/server?type=image&source=DZI/esa/esa/0/1/38/46/esa00013846.dzi",
"ÁREA DE PROTEÇÃO AMBIENTAL CAMPOS DO JORDÃO","Angiosperms","Ericaceae","Gaylussacia","brasiliensis","(Spreng.) Meisn.","ERICACEAE Gaylussacia brasiliensis var. brasiliensis (Spreng.) Meisn.","69102","GBIF","UEC","Galvao, J.C.","26397","Native","Ouro","Bronze","https://images.cria.org.br/viewer/UEC067867","Caminhos para São José dos Alpes. Campo."
"ÁREA DE PROTEÇÃO AMBIENTAL CAMPOS DO JORDÃO","Angiosperms","Ericaceae","Gaylussacia","chamissonis","Meisn.","ERICACEAE Gaylussacia chamissonis Meisn.","SPSF00033035","Splink","SPSF",,"468","Native","Ouro","Bronze",,"São José dos Alpes"
"ÁREA DE PROTEÇÃO AMBIENTAL CAMPOS DO JORDÃO","Angiosperms","Ericaceae","Gaylussacia","decipiens","Cham.","ERICACEAE Gaylussacia decipiens Cham.","R010069353","GBIF","R","Emmerich, W.",,"Native","Latão","Ouro","jbrj-public.s3-sa-east-1.amazonaws.com/fsi/server?type=image&source=DZI/herbariumr/r/1/0/69/35/3/r010069353.dzi","Alto do Paiol. Campo. Parque Estadual de Campos do Jordão."
"ÁREA DE PROTEÇÃO AMBIENTAL CAMPOS DO JORDÃO","Angiosperms","Ericaceae","Gaylussacia","densa","Meisn.","ERICACEAE Gaylussacia densa var. oblonga Meisn.","4220","GBIF","UEC","Gouvea, L.S.K.","5900","Native","Ouro","Bronze","https://images.cria.org.br/viewer/UEC057114",
"ÁREA DE PROTEÇÃO AMBIENTAL CAMPOS DO JORDÃO","Angiosperms","Ericaceae","Gaylussacia","jordanensis","Sleumer","ERICACEAE Gaylussacia jordanensis Sleumer","HPL010365","Splink","HPL",,"2246","Native","Ouro","Bronze",,
"ÁREA DE PROTEÇÃO AMBIENTAL CAMPOS DO JORDÃO","Angiosperms","Ericaceae","Gaylussacia","montana","(Pohl) Sleumer","ERICACEAE Gaylussacia montana var. montana (Pohl) Sleumer","R010056528","Reflora","R","Emmerich, W.",,"Native","Ouro","Ouro",,"Galharada. Campo. Parque Estadual de Campos do Jordão."
"ÁREA DE PROTEÇÃO AMBIENTAL CAMPOS DO JORDÃO","Angiosperms","Ericaceae","Gaylussacia","pseudogaultheria","Cham. & Schltdl.","ERICACEAE Gaylussacia pseudogaultheria Cham. & Schltdl.","390746","GBIF","NY","Leite, J.E.",,"Native","Bronze","Bronze",,"Campos do Jordao"
"ÁREA DE PROTEÇÃO AMBIENTAL CAMPOS DO JORDÃO","Angiosperms","Ericaceae","Gaylussacia","reticulata","Mart. ex Meisn.","ERICACEAE Gaylussacia reticulata Mart. ex Meisn.","R010041978","GBIF","R","Emmerich, W.",,"Native","Latão","Ouro","jbrj-public.s3-sa-east-1.amazonaws.com/fsi/server?type=image&source=DZI/herbariumr/r/1/0/41/97/8/r010041978.dzi","Gleichenial no 2. Entre os nos 36 e 37. Parque Estadual de Campos do Jordão."
"ÁREA DE PROTEÇÃO AMBIENTAL CAMPOS DO JORDÃO","Angiosperms","Ericaceae","Gaylussacia","rhododendron","Cham. & Schltdl.","ERICACEAE Gaylussacia rhododendron Cham. & Schltdl.","HMACK00003311-T.A.B.Mortale94-16/1/2013 ColôniadeFériasMackenzie-Umuarama TrilhaForSeasons CamposdoJordão SP Brasil","Splink","MACK",,"94","Native","Latão","Bronze",,"Colônia de Férias Mackenzie - Umuarama, Trilha For Seasons"
"ÁREA DE PROTEÇÃO AMBIENTAL CAMPOS DO JORDÃO","Angiosperms","Ericaceae","Rhododendron","thomsonii","Hook.f.","ERICACEAE Rhododendron thomsonii Hook.f.","HPL003383","Splink","HPL",,"4076","Cultivated","Bronze","Bronze",,"Cultivada na arborização urbana."
"ÁREA DE PROTEÇÃO AMBIENTAL CAMPOS DO JORDÃO","Angiosperms","Eriocaulaceae","Actinocephalus","falcifolius","(Körn.) Sano","ERIOCAULACEAE Actinocephalus falcifolius (Körn.) Sano","16088","GBIF","IAC","Bittencourt, P.V.C.","s/nº","Native","Bronze","Bronze",,"Pico de Itapeva"
"ÁREA DE PROTEÇÃO AMBIENTAL CAMPOS DO JORDÃO","Angiosperms","Eriocaulaceae","Actinocephalus","polyanthus","(Bong.) Sano","ERIOCAULACEAE Actinocephalus polyanthus (Bong.) Sano","SPSF00011733","Splink","SPSF",,"518","Native","Ouro","Bronze",,"Parque Estadual do Instituto Florestal, Região de São José dos Alpes."
"ÁREA DE PROTEÇÃO AMBIENTAL CAMPOS DO JORDÃO","Angiosperms","Eriocaulaceae","Eriocaulon","gomphrenoides","Kunth","ERIOCAULACEAE Eriocaulon gomphrenoides Kunth","82060","GBIF","HUEFS","Zappi, D.C.","57","Native","Ouro","Ouro","https://images.cria.org.br/viewer/HUEFS0082060","Parque Estadual de Campos de Jordão."
"ÁREA DE PROTEÇÃO AMBIENTAL CAMPOS DO JORDÃO","Angiosperms","Eriocaulaceae","Floralia","elongata","(Bong.) Andrino","ERIOCAULACEAE Floralia elongata (Bong.) Andrino","31703","GBIF","SPF","Giulietti, A.M.","1035","Native","Ouro","Ouro","https://images.cria.org.br/viewer/SPF00031703","Reserva do Horto Florestal."
"ÁREA DE PROTEÇÃO AMBIENTAL CAMPOS DO JORDÃO","Angiosperms","Eriocaulaceae","Leiothrix","beckii","(Szyszył.) Ruhland","ERIOCAULACEAE Leiothrix beckii (Szyszył.) Ruhland","HRB00005471","Splink","HRB",,"82","Native","Ouro","Bronze",,"São José dos Alpes, Campo do Moreira."
"ÁREA DE PROTEÇÃO AMBIENTAL CAMPOS DO JORDÃO","Angiosperms","Eriocaulaceae","Leiothrix","flavescens","(Bong.) Ruhland","ERIOCAULACEAE Leiothrix flavescens (Bong.) Ruhland","PACA027902-1","Splink","PACA",,,"Native","Bronze","Bronze",,
"ÁREA DE PROTEÇÃO AMBIENTAL CAMPOS DO JORDÃO","Angiosperms","Eriocaulaceae","Paepalanthus","aequalis","(Vell.) J.F.Macbr.","ERIOCAULACEAE Paepalanthus aequalis (Vell.) J.F.Macbr.","SPSF00001365","Splink","SPSF",,,"Native","Ouro","Bronze",,
"ÁREA DE PROTEÇÃO AMBIENTAL CAMPOS DO JORDÃO","Angiosperms","Eriocaulaceae","Paepalanthus","albovaginatus","Silveira","ERIOCAULACEAE Paepalanthus albovaginatus Silveira","SPSF00054758","Splink","SPSF",,"104","Native","Bronze","Ouro",,"Campo Natural de Altitude, beira da estrada. Parque Estadual dos Mananciais de Campos do Jordão"
"ÁREA DE PROTEÇÃO AMBIENTAL CAMPOS DO JORDÃO","Angiosperms","Eriocaulaceae","Paepalanthus","cachambuensis","Silveira","ERIOCAULACEAE Paepalanthus cachambuensis Silveira","RFA56000","Splink","RFA",,"8042","Native","Ouro","Bronze",,"Pico Itapeva"
"ÁREA DE PROTEÇÃO AMBIENTAL CAMPOS DO JORDÃO","Angiosperms","Eriocaulaceae","Paepalanthus","calvus","Körn.","ERIOCAULACEAE Paepalanthus calvus Körn.","SPF00100872","Splink","SPF",,"2254","Native","Bronze","Bronze",,"Pico do Itapeva"
"ÁREA DE PROTEÇÃO AMBIENTAL CAMPOS DO JORDÃO","Angiosperms","Eriocaulaceae","Paepalanthus","jordanensis","Silveira","ERIOCAULACEAE Paepalanthus jordanensis Silveira","00501459","GBIF","NY","Leite, J.E.","3362","Native","Ouro","Bronze",,"Campos do Jordao"
"ÁREA DE PROTEÇÃO AMBIENTAL CAMPOS DO JORDÃO","Angiosperms","Eriocaulaceae","Paepalanthus","oerstedianus","Körn.","ERIOCAULACEAE Paepalanthus oerstedianus Körn.","111611","GBIF","UEC","Anderson, L.O.","00/10","Native","Bronze","Bronze","https://images.cria.org.br/viewer/UEC039294","Fit Park."
"ÁREA DE PROTEÇÃO AMBIENTAL CAMPOS DO JORDÃO","Angiosperms","Eriocaulaceae","Paepalanthus","planifolius","(Bong.) Körn.","ERIOCAULACEAE Paepalanthus planifolius (Bong.) Körn.","166120","GBIF","SP","Kuhlmann, M.","2253","Native","Bronze","Bronze",,"Pico do Itapeva"
"ÁREA DE PROTEÇÃO AMBIENTAL CAMPOS DO JORDÃO","Angiosperms","Eriocaulaceae","Paepalanthus","pseudotortilis","Ruhland","ERIOCAULACEAE Paepalanthus pseudotortilis Ruhland","166129","GBIF","SP","Kuhlmann, M.","2208","Native","Bronze","Bronze",,"Pico do Itapeva"
"ÁREA DE PROTEÇÃO AMBIENTAL CAMPOS DO JORDÃO","Angiosperms","Eriocaulaceae","Paepalanthus","striatus","Ruhland","ERIOCAULACEAE Paepalanthus striatus Ruhland","S14-39994","GBIF","S","Sposito, T.C.","26375","Native","Ouro","Bronze",,"Brasil, São Paulo, Campos do Jordão, Caminho p/ São José dos Alpes."
"ÁREA DE PROTEÇÃO AMBIENTAL CAMPOS DO JORDÃO","Angiosperms","Eriocaulaceae","Paepalanthus","usterii","Beauv.","ERIOCAULACEAE Paepalanthus usterii Beauv.","166117","GBIF","SP","Kuhn, E.","2255","Native","Bronze","Bronze",,"Pico do Itapeva"
"ÁREA DE PROTEÇÃO AMBIENTAL CAMPOS DO JORDÃO","Angiosperms","Eriocaulaceae","Syngonanthus","chrysanthus","(Bong.) Ruhland","ERIOCAULACEAE Syngonanthus chrysanthus (Bong.) Ruhland","47934","GBIF","SPSF","Barreto, T.E.","229","Native","Latão","Ouro","https://images.cria.org.br/viewer/SPSF00047934","Parque Estadual de Campos do Jordão."
"ÁREA DE PROTEÇÃO AMBIENTAL CAMPOS DO JORDÃO","Angiosperms","Eriocaulaceae","Syngonanthus","fischerianus","(Bong.) Ruhland","ERIOCAULACEAE Syngonanthus fischerianus (Bong.) Ruhland","00538272","GBIF","NY","Leite, J.E.","s.n.","Native","Ouro","Bronze",,"Campos do Jordao"
"ÁREA DE PROTEÇÃO AMBIENTAL CAMPOS DO JORDÃO","Angiosperms","Erythroxylaceae","Erythroxylum","ambiguum","Peyr.","ERYTHROXYLACEAE Erythroxylum ambiguum Peyr.","20655","GBIF","BOTU","Amaral Junior, A.","1","Native","Ouro","Bronze","https://images.cria.org.br/viewer/BOTU020655",
"ÁREA DE PROTEÇÃO AMBIENTAL CAMPOS DO JORDÃO","Angiosperms","Erythroxylaceae","Erythroxylum","deciduum","A.St.-Hil.","ERYTHROXYLACEAE Erythroxylum deciduum A.St.-Hil.","20649","GBIF","BOTU","Mendonca, J.O.A.J.","48","Native","Ouro","Bronze","https://images.cria.org.br/viewer/BOTU020649","Estrada da pedra do Baú, na ponte."
"ÁREA DE PROTEÇÃO AMBIENTAL CAMPOS DO JORDÃO","Angiosperms","Erythroxylaceae","Erythroxylum","gonocladum","(Mart.) O.E.Schulz","ERYTHROXYLACEAE Erythroxylum gonocladum (Mart.) O.E.Schulz","19671","GBIF","BOTU","Amaral Junior, A.","76","Native","Bronze","Ouro","https://images.cria.org.br/viewer/BOTU019671","Parque Estadual de Campos do Jordão"
"ÁREA DE PROTEÇÃO AMBIENTAL CAMPOS DO JORDÃO","Angiosperms","Erythroxylaceae","Erythroxylum","suberosum","A.St.-Hil.","ERYTHROXYLACEAE Erythroxylum suberosum A.St.-Hil.","SJRP00003999","GBIF","SJRP","Ollgaard, B.","4683","Native","Ouro","Bronze","jbrj-public.s3-sa-east-1.amazonaws.com/fsi/server?type=image&source=DZI/sjrp/sjrp/0/0/39/99/sjrp00003999.dzi","Campos do Jordão."
"ÁREA DE PROTEÇÃO AMBIENTAL CAMPOS DO JORDÃO","Angiosperms","Erythroxylaceae","Erythroxylum","umbu","Costa-Lima","ERYTHROXYLACEAE Erythroxylum umbu Costa-Lima","SPSF00007197","Splink","SPSF",,,"Native","Bronze","Ouro",,"P.E. de Campos do Jordão."
"ÁREA DE PROTEÇÃO AMBIENTAL CAMPOS DO JORDÃO","Angiosperms","Erythroxylaceae","Erythroxylum","vacciniifolium","Mart.","ERYTHROXYLACEAE Erythroxylum vacciniifolium Mart.","138734","GBIF","MBM","Carvalho, J.P.M.","7197","Native","Ouro","Ouro","https://images.cria.org.br/viewer/MBM138734","Parque Estadual."
"ÁREA DE PROTEÇÃO AMBIENTAL CAMPOS DO JORDÃO","Angiosperms","Escalloniaceae","Escallonia","bifida","Link & Otto","ESCALLONIACEAE Escallonia bifida Link & Otto","RB00380876","GBIF","RB","Barreto, R.A.A.","93","Native","Ouro","Bronze","jbrj-public-img.s3-sa-east-1.amazonaws.com/JPG/rb/0/38/8/76/00380876.jpg","Sao José dos Alpes, Represa de Santa Isabel."
"ÁREA DE PROTEÇÃO AMBIENTAL CAMPOS DO JORDÃO","Angiosperms","Escalloniaceae","Escallonia","farinacea","(Sleumer) Sleumer","ESCALLONIACEAE Escallonia farinacea var. jordanensis (Sleumer) Sleumer","76776","GBIF","SP","Kuhlmann, M.","2196","Native","Bronze","Ouro",,"Fazenda da Guarda"
"ÁREA DE PROTEÇÃO AMBIENTAL CAMPOS DO JORDÃO","Angiosperms","Escalloniaceae","Escallonia","hispida","(Vell.) Sleumer","ESCALLONIACEAE Escallonia hispida (Vell.) Sleumer","035482","GBIF","ESA","Furlan, A.","336","Native","Bronze","Bronze",,
"ÁREA DE PROTEÇÃO AMBIENTAL CAMPOS DO JORDÃO","Angiosperms","Euphorbiaceae","Acalypha",,"L.","EUPHORBIACEAE Acalypha L.","MA-01-00868780","GBIF","MA","Alonso, J.L.F.","1252",,"Bronze","Bronze",,"São Paulo, Campos de Jordão"
"ÁREA DE PROTEÇÃO AMBIENTAL CAMPOS DO JORDÃO","Angiosperms","Euphorbiaceae","Alchornea","discolor","Poepp.","EUPHORBIACEAE Alchornea discolor Poepp.","1838","Splink","MACK",,"7","Native","Bronze","Ouro",,"Colônia Umuarama."
"ÁREA DE PROTEÇÃO AMBIENTAL CAMPOS DO JORDÃO","Angiosperms","Euphorbiaceae","Alchornea","sidifolia","Müll.Arg.","EUPHORBIACEAE Alchornea sidifolia Müll.Arg.","51972","GBIF","SPSF","Maruyama, A.","814","Native","Bronze","Bronze",,"Bairro dos Mellos"
"ÁREA DE PROTEÇÃO AMBIENTAL CAMPOS DO JORDÃO","Angiosperms","Euphorbiaceae","Alchornea","triplinervia","(Spreng.) Müll.Arg.","EUPHORBIACEAE Alchornea triplinervia (Spreng.) Müll.Arg.","ESA014952","GBIF","ESA","Barreto, K.D.","1101","Native","Ouro","Bronze","jbrj-public.s3-sa-east-1.amazonaws.com/fsi/server?type=image&source=DZI/esa/esa/0/1/49/52/esa00014952.dzi",
"ÁREA DE PROTEÇÃO AMBIENTAL CAMPOS DO JORDÃO","Angiosperms","Euphorbiaceae","Croton","alchorneicarpus","Croizat","EUPHORBIACEAE Croton alchorneicarpus Croizat","SPSF00035270","Splink","SPSF",,"980","Native","Ouro","Bronze",,"região do Pico do Diamante."
"ÁREA DE PROTEÇÃO AMBIENTAL CAMPOS DO JORDÃO","Angiosperms","Euphorbiaceae","Croton","ceanothifolius","Baill.","EUPHORBIACEAE Croton ceanothifolius Baill.","180389","GBIF","UB","Carvalho-Silva, M.","1275","Native","Ouro","Bronze",,
"ÁREA DE PROTEÇÃO AMBIENTAL CAMPOS DO JORDÃO","Angiosperms","Euphorbiaceae","Croton","celtidifolius","Baill.","EUPHORBIACEAE Croton celtidifolius Baill.","315141","GBIF","SP","Braga, B.","s.n.","Native","Latão","Ouro","https://images.cria.org.br/viewer/SP0315141","Parque Estadual do Instituto Florestal. Próximo ao posto meteorológico."
"ÁREA DE PROTEÇÃO AMBIENTAL CAMPOS DO JORDÃO","Angiosperms","Euphorbiaceae","Croton","chloroleucus","Müll.Arg.","EUPHORBIACEAE Croton chloroleucus Müll.Arg.","7266","GBIF","SMDB","Robin, M.J.","s.n.","Native","Ouro","Ouro","https://images.cria.org.br/viewer/SMDB007266","Parque Estadual , trilha da cachoeira."
"ÁREA DE PROTEÇÃO AMBIENTAL CAMPOS DO JORDÃO",,"Euphorbiaceae","Croton","dichotomus","(Müll.Arg.) Müll.Arg.","EUPHORBIACEAE Croton dichotomus (Müll.Arg.) Müll.Arg.","K001872282","GBIF","K","Silva-Luz, C.L.","162",,"Ouro","Ouro",,"Parque Estadual de Campos do Jordão. Trilha do rio sapucai, beira da trilha. Campo de altitude."
"ÁREA DE PROTEÇÃO AMBIENTAL CAMPOS DO JORDÃO","Angiosperms","Euphorbiaceae","Croton","dichrous","Müll.Arg.","EUPHORBIACEAE Croton dichrous Müll.Arg.","NY00776988","Splink","NY",,"16356","Native","Ouro","Bronze",,"Campos do Jordao, no Parque Estadual"
"ÁREA DE PROTEÇÃO AMBIENTAL CAMPOS DO JORDÃO","Angiosperms","Euphorbiaceae","Croton","macrobothrys","Baill.","EUPHORBIACEAE Croton macrobothrys Baill.","1469","Splink","MACK",,"M98","Native","Bronze","Bronze",,
"ÁREA DE PROTEÇÃO AMBIENTAL CAMPOS DO JORDÃO","Angiosperms","Euphorbiaceae","Croton","organensis","Baill.","EUPHORBIACEAE Croton organensis Baill.","SPSF00009845","Splink","SPSF",,"392","Native","Ouro","Ouro",,"Parque Estadual."
"ÁREA DE PROTEÇÃO AMBIENTAL CAMPOS DO JORDÃO","Angiosperms","Euphorbiaceae","Croton","pallidulus","Baill.","EUPHORBIACEAE Croton pallidulus Baill.","SPSF00018122","Splink","SPSF",,"794","Native","Ouro","Bronze",,"P.E.Mananciais."
"ÁREA DE PROTEÇÃO AMBIENTAL CAMPOS DO JORDÃO","Angiosperms","Euphorbiaceae","Croton","splendidus","Mart.","EUPHORBIACEAE Croton splendidus Mart.","3370","GBIF","UFMT","Occhioni, P.","8290","Native","Bronze","Bronze",,"Pico de Itapeva."
"ÁREA DE PROTEÇÃO AMBIENTAL CAMPOS DO JORDÃO","Angiosperms","Euphorbiaceae","Croton","timandroides","(Didr.) Müll.Arg.","EUPHORBIACEAE Croton timandroides (Didr.) Müll.Arg.","2102","Splink","MACK",,"A207","Native","Bronze","Bronze",,
"ÁREA DE PROTEÇÃO AMBIENTAL CAMPOS DO JORDÃO","Angiosperms","Euphorbiaceae","Dalechampia","leandrii","Baill.","EUPHORBIACEAE Dalechampia leandrii Baill.","45345","GBIF","SPSF","Polisel, R.T.","1022","Native","Bronze","Bronze",,"P.E.C.J"
"ÁREA DE PROTEÇÃO AMBIENTAL CAMPOS DO JORDÃO","Angiosperms","Euphorbiaceae","Euphorbia","peperomioides","Boiss.","EUPHORBIACEAE Euphorbia peperomioides Boiss.","RB01397680","GBIF","RB","Oliveira, J.A.","822","Native","Ouro","Bronze","jbrj-public-img.s3-sa-east-1.amazonaws.com/JPG/rb/1/39/76/80/01397680.jpg","Mirante Ferradura."
"ÁREA DE PROTEÇÃO AMBIENTAL CAMPOS DO JORDÃO","Angiosperms","Euphorbiaceae","Euphorbia","peplus","L.","EUPHORBIACEAE Euphorbia peplus L.",,"GBIF",,,,"Naturalized","Latão","Bronze",,
"ÁREA DE PROTEÇÃO AMBIENTAL CAMPOS DO JORDÃO","Angiosperms","Euphorbiaceae","Euphorbia","potentilloides","Boiss.","EUPHORBIACEAE Euphorbia potentilloides Boiss.","47927","GBIF","SPSF","Barreto, T.E.","222","Native","Latão","Ouro",,"PECJ."
"ÁREA DE PROTEÇÃO AMBIENTAL CAMPOS DO JORDÃO","Angiosperms","Euphorbiaceae","Euphorbia","rhabdodes","Boiss.","EUPHORBIACEAE Euphorbia rhabdodes Boiss.","42956","GBIF","SP","Hashimoto, G.","321","Native","Ouro","Bronze","https://images.cria.org.br/viewer/SP0042956",
"ÁREA DE PROTEÇÃO AMBIENTAL CAMPOS DO JORDÃO","Angiosperms","Euphorbiaceae","Joannesia","princeps","Vell.","EUPHORBIACEAE Joannesia princeps Vell.","SPSF00005691","Splink","SPSF",,,"Native","Latão","Bronze",,"Parque Estadual do Instituto Florestal."
"ÁREA DE PROTEÇÃO AMBIENTAL CAMPOS DO JORDÃO","Angiosperms","Euphorbiaceae","Manihot","jolyana","Cruz","EUPHORBIACEAE Manihot jolyana Cruz","8955","GBIF","HURB","Martins, M.L.L.","2167","Native","Ouro","Bronze","https://images.cria.org.br/viewer/HURB000008955","Serra da Mantiqueira."
"ÁREA DE PROTEÇÃO AMBIENTAL CAMPOS DO JORDÃO","Angiosperms","Euphorbiaceae","Sapium","sellowianum","(Müll.Arg.) Huber","EUPHORBIACEAE Sapium sellowianum (Müll.Arg.) Huber","SPSF00010760","Splink","SPSF",,"419","Native","Ouro","Ouro",,"Parque Estadual de Campos do Jordão, região do paiol, próximo do areal"
"ÁREA DE PROTEÇÃO AMBIENTAL CAMPOS DO JORDÃO","Angiosperms","Euphorbiaceae","Sebastiania","brasiliensis","Spreng.","EUPHORBIACEAE Sebastiania brasiliensis Spreng.","SPSF00012612","Splink","SPSF",,"608","Native","Ouro","Ouro",,"P.E. de Campos do Jordão."
"ÁREA DE PROTEÇÃO AMBIENTAL CAMPOS DO JORDÃO","Angiosperms","Fabaceae","Acacia","dealbata","Link","FABACEAE Acacia dealbata Link","ESA100946","GBIF","ESA","Lammel, D.R.","17","Cultivated","Ouro","Bronze","jbrj-public.s3-sa-east-1.amazonaws.com/fsi/server?type=image&source=DZI/esa/esa/0/10/9/46/esa00100946.dzi",
"ÁREA DE PROTEÇÃO AMBIENTAL CAMPOS DO JORDÃO","Angiosperms","Fabaceae","Acacia","decurrens","Willd.","FABACEAE Acacia decurrens Willd.","SPSF00008697","Splink","SPSF",,,"Cultivated","Latão","Bronze",,"P.E.Instituto Florestal."
"ÁREA DE PROTEÇÃO AMBIENTAL CAMPOS DO JORDÃO","Angiosperms","Fabaceae","Acacia","longifolia","(Andrews) Willd.","FABACEAE Acacia longifolia (Andrews) Willd.","30898","GBIF","UEC","Coletor, S.","SP115814","Cultivated","Ouro","Bronze",,
"ÁREA DE PROTEÇÃO AMBIENTAL CAMPOS DO JORDÃO","Angiosperms","Fabaceae","Acacia","mearnsii","De Wild.","FABACEAE Acacia mearnsii De Wild.","138943","GBIF","MBM","Giulietti, A.M.","1057","Cultivated","Ouro","Bronze","https://images.cria.org.br/viewer/MBM138943","+ ou - 2km antes da entrada do Parque Estadual."
"ÁREA DE PROTEÇÃO AMBIENTAL CAMPOS DO JORDÃO","Angiosperms","Fabaceae","Ancistrotropis","serrana","Snak, J.L.A.Moreira & A.M.G.Azevedo","FABACEAE Ancistrotropis serrana Snak, J.L.A.Moreira & A.M.G.Azevedo","5489","GBIF","UB","Gomes Junior, J.C.","1610","Native","Ouro","Ouro",,"Fazenda da Guarda, Parque Estadual de Campos do Jordão, estrada areal."
"ÁREA DE PROTEÇÃO AMBIENTAL CAMPOS DO JORDÃO","Angiosperms","Fabaceae","Andira","anthelmia","(Vell.) Benth.","FABACEAE Andira anthelmia (Vell.) Benth.","SPSF00007751","Splink","SPSF",,,"Native","Latão","Bronze",,"estrada de acesso ao municipio,."
"ÁREA DE PROTEÇÃO AMBIENTAL CAMPOS DO JORDÃO","Angiosperms","Fabaceae","Bauhinia",,"L.","FABACEAE Bauhinia L.","93549","GBIF","SPF","Pirani, J.R.","286",,"Ouro","Bronze","https://images.cria.org.br/viewer/SPF00093549",
"ÁREA DE PROTEÇÃO AMBIENTAL CAMPOS DO JORDÃO","Angiosperms","Fabaceae","Betencourtia","crassifolia","(Benth.) L.P.Queiroz","FABACEAE Betencourtia crassifolia (Benth.) L.P.Queiroz","297132","GBIF","SP","Nicolau, S.A.","1004","Native","Bronze","Ouro",,"São José dos Alpes, estrada de acesso ao Parque Estadual de Campos do Jordão, confrontante área de litígio da Walor"
"ÁREA DE PROTEÇÃO AMBIENTAL CAMPOS DO JORDÃO","Angiosperms","Fabaceae","Betencourtia","neesii","(DC.) L.P.Queiroz","FABACEAE Betencourtia neesii (DC.) L.P.Queiroz","254854","GBIF","SP","Jouy, A.","B697","Native","Bronze","Bronze",,"Morro Pedra de Fogo. Campos"
"ÁREA DE PROTEÇÃO AMBIENTAL CAMPOS DO JORDÃO","Angiosperms","Fabaceae","Betencourtia","scarlatina","(Mart. ex Benth.) L.P.Queiroz","FABACEAE Betencourtia scarlatina (Mart. ex Benth.) L.P.Queiroz","83430","GBIF","HUEFS","Franca, F.","4878","Native","Ouro","Bronze","https://images.cria.org.br/viewer/HUEFS0083430","Rodovia SP 123 (Floriano Pinheiro): Belvedere."
"ÁREA DE PROTEÇÃO AMBIENTAL CAMPOS DO JORDÃO","Angiosperms","Fabaceae","Bowdichia",,"Kunth","FABACEAE Bowdichia Kunth","ESA014954","GBIF","ESA","Barreto, K.D.","1262",,"Ouro","Bronze","jbrj-public.s3-sa-east-1.amazonaws.com/fsi/server?type=image&source=DZI/esa/esa/0/1/49/54/esa00014954.dzi",
"ÁREA DE PROTEÇÃO AMBIENTAL CAMPOS DO JORDÃO","Angiosperms","Fabaceae","Cajanus","cajan","(L.) Huth","FABACEAE Cajanus cajan (L.) Huth","SPSF00005936","Splink","SPSF",,,"Naturalized","Bronze","Bronze",,"Parque Estadual do Instituto Florestal."
"ÁREA DE PROTEÇÃO AMBIENTAL CAMPOS DO JORDÃO","Angiosperms","Fabaceae","Calliandra",,"Benth.","FABACEAE Calliandra Benth.","SPSF00007633","Splink","SPSF",,,,"Latão","Bronze",,"Parque Estadual do Instituto Florestal."
"ÁREA DE PROTEÇÃO AMBIENTAL CAMPOS DO JORDÃO",,"Fabaceae","Camptosema","rubicaulum",,"FABACEAE Camptosema rubicaulum","MBM133582","Splink","MBM",,"347",,"Prata","Ouro",,"Parque Estadual."
"ÁREA DE PROTEÇÃO AMBIENTAL CAMPOS DO JORDÃO","Angiosperms","Fabaceae","Cassia","ferruginea","(Schrad.) Schrad. ex DC.","FABACEAE Cassia ferruginea (Schrad.) Schrad. ex DC.","SPSF00014711","Splink","SPSF",,"1","Native","Latão","Bronze",,"Parque Estadual do Instituto Florestal."
"ÁREA DE PROTEÇÃO AMBIENTAL CAMPOS DO JORDÃO","Angiosperms","Fabaceae","Cassia","leptophylla","Vogel","FABACEAE Cassia leptophylla Vogel","SPSF00007666","Splink","SPSF",,,"Native","Latão","Bronze",,"Parque Estadual do Instituto Florestal."
"ÁREA DE PROTEÇÃO AMBIENTAL CAMPOS DO JORDÃO","Angiosperms","Fabaceae","Cenostigma","pluviosum","(DC.) Gagnon & G.P.Lewis","FABACEAE Cenostigma pluviosum (DC.) Gagnon & G.P.Lewis","SPSF00009592","Splink","SPSF",,"4","Native","Latão","Bronze",,"Parque Estadual do Instituto Florestal."
"ÁREA DE PROTEÇÃO AMBIENTAL CAMPOS DO JORDÃO","Angiosperms","Fabaceae","Centrolobium","tomentosum","Guillem. ex Benth.","FABACEAE Centrolobium tomentosum Guillem. ex Benth.","SPSF00006504","Splink","SPSF",,"115","Native","Latão","Bronze",,"Parque Estadual do Instituto Florestal."
"ÁREA DE PROTEÇÃO AMBIENTAL CAMPOS DO JORDÃO","Angiosperms","Fabaceae","Centrosema","arenarium","Benth.","FABACEAE Centrosema arenarium Benth.","SPSF00009032","Splink","SPSF",,"270","Native","Ouro","Ouro",,"P.E. de Campos do Jordão."
"ÁREA DE PROTEÇÃO AMBIENTAL CAMPOS DO JORDÃO","Angiosperms","Fabaceae","Centrosema","virginianum","(L.) Benth.","FABACEAE Centrosema virginianum (L.) Benth.","585438","GBIF","NY","Holway, E.W.D.","1801","Native","Latão","Bronze",,"Campos do Jordao"
"ÁREA DE PROTEÇÃO AMBIENTAL CAMPOS DO JORDÃO","Angiosperms","Fabaceae","Chamaecrista","desvauxii","(Collad.) Killip","FABACEAE Chamaecrista desvauxii (Collad.) Killip","SPSF00008900","Splink","SPSF",,,"Native","Latão","Bronze",,"Parque Estadual do Instituto Florestal."
"ÁREA DE PROTEÇÃO AMBIENTAL CAMPOS DO JORDÃO","Angiosperms","Fabaceae","Chamaecrista","nictitans","(L.) Moench","FABACEAE Chamaecrista nictitans (L.) Moench","5581","GBIF","UB","Gomes Junior, J.C.","1641","Native","Ouro","Ouro",,"Fazenda da Guarda."
"ÁREA DE PROTEÇÃO AMBIENTAL CAMPOS DO JORDÃO","Angiosperms","Fabaceae","Clitoria","fairchildiana","R.A.Howard","FABACEAE Clitoria fairchildiana R.A.Howard","SPSF00013646","Splink","SPSF",,"324","Native","Latão","Bronze",,"Parque Estadual do Instituto Florestal."
"ÁREA DE PROTEÇÃO AMBIENTAL CAMPOS DO JORDÃO","Angiosperms","Fabaceae","Collaea","coccinea","(Vell.) A.C.Oliveira & H.F.Menezes","FABACEAE Collaea coccinea (Vell.) A.C.Oliveira & H.F.Menezes","11498","GBIF","HUEFS","Queiroz, L.P.","2667","Native","Ouro","Bronze","https://images.cria.org.br/viewer/HUEFS0011498",
"ÁREA DE PROTEÇÃO AMBIENTAL CAMPOS DO JORDÃO","Angiosperms","Fabaceae","Collaea","speciosa","(Loisel.) DC.","FABACEAE Collaea speciosa (Loisel.) DC.","HPL009636","Splink","HPL",,"5760","Unknown","Ouro","Bronze",,"Estrada para São Bento do Sapucaí, ca. 3km do limite entre os municípios."
"ÁREA DE PROTEÇÃO AMBIENTAL CAMPOS DO JORDÃO","Angiosperms","Fabaceae","Condylostylis","candida","(Vell.) A. Delgado","FABACEAE Condylostylis candida (Vell.) A. Delgado","SPSF00009608","Splink","SPSF",,"389","Native","Bronze","Ouro",,"Parque Estadual de Campos do Jordão."
"ÁREA DE PROTEÇÃO AMBIENTAL CAMPOS DO JORDÃO","Angiosperms","Fabaceae","Copaifera","lucens","Dwyer","FABACEAE Copaifera lucens Dwyer","SPSF00000396","Splink","SPSF",,"221","Native","Latão","Bronze",,
"ÁREA DE PROTEÇÃO AMBIENTAL CAMPOS DO JORDÃO","Angiosperms","Fabaceae","Crotalaria","breviflora","DC.","FABACEAE Crotalaria breviflora DC.","111628","GBIF","UEC","Anderson, J.","00-27","Native","Bronze","Bronze","https://images.cria.org.br/viewer/UEC152333","Parque dos Lagos, São Bento do Sapucaí."
"ÁREA DE PROTEÇÃO AMBIENTAL CAMPOS DO JORDÃO","Angiosperms","Fabaceae","Crotalaria","lanceolata","E.Mey.","FABACEAE Crotalaria lanceolata E.Mey.","84926","GBIF","HAS","Mattos, J.","28655","Naturalized","Latão","Bronze",,"No Parque Estadual,"
"ÁREA DE PROTEÇÃO AMBIENTAL CAMPOS DO JORDÃO","Angiosperms","Fabaceae","Crotalaria","micans","Link","FABACEAE Crotalaria micans Link","PACA027822","Splink","PACA",,,"Native","Ouro","Bronze",,
"ÁREA DE PROTEÇÃO AMBIENTAL CAMPOS DO JORDÃO","Angiosperms","Fabaceae","Cytisus","scoparius","(L.) Link","FABACEAE Cytisus scoparius (L.) Link","MBM158974","Splink","MBM",,"8746","Cultivated","Ouro","Ouro",,"Horto Municipal."
"ÁREA DE PROTEÇÃO AMBIENTAL CAMPOS DO JORDÃO","Angiosperms","Fabaceae","Dahlstedtia","floribunda","(Vogel) M.J. Silva & A.M.G. Azevedo","FABACEAE Dahlstedtia floribunda (Vogel) M.J. Silva & A.M.G. Azevedo","82291","GBIF","SPF","Koscinski, M.","s.n.","Native","Ouro","Ouro","https://images.cria.org.br/viewer/SPF00082291","Parque Estadual do Instituto Florestal."
"ÁREA DE PROTEÇÃO AMBIENTAL CAMPOS DO JORDÃO","Angiosperms","Fabaceae","Dahlstedtia","pentaphylla","(Taub.) Burkart","FABACEAE Dahlstedtia pentaphylla (Taub.) Burkart","SPSF00006344","Splink","SPSF",,,"Native","Ouro","Bronze",,"Parque Estadual do Instituto Florestal."
"ÁREA DE PROTEÇÃO AMBIENTAL CAMPOS DO JORDÃO","Angiosperms","Fabaceae","Dalbergia","foliolosa","Benth.","FABACEAE Dalbergia foliolosa Benth.","138050","GBIF","SP","Sakane, M.","241","Native","Ouro","Bronze",,"Renópolis"
"ÁREA DE PROTEÇÃO AMBIENTAL CAMPOS DO JORDÃO","Angiosperms","Fabaceae","Dalbergia","nigra","(Vell.) Allemão ex Benth.","FABACEAE Dalbergia nigra (Vell.) Allemão ex Benth.","SPSF00007382","Splink","SPSF",,,"Native","Latão","Bronze",,"Parque Estadual do Instituto Florestal."
"ÁREA DE PROTEÇÃO AMBIENTAL CAMPOS DO JORDÃO","Angiosperms","Fabaceae","Desmodium","cajanifolium","(Kunth) DC.","FABACEAE Desmodium cajanifolium (Kunth) DC.","SPSF00014865","Splink","SPSF",,"271","Native","Ouro","Ouro",,"P.E. de Campos do Jordão."
"ÁREA DE PROTEÇÃO AMBIENTAL CAMPOS DO JORDÃO","Angiosperms","Fabaceae","Desmodium","incanum","(Sw.) DC.","FABACEAE Desmodium incanum (Sw.) DC.","SPSF00005759","Splink","SPSF",,,"Naturalized","Ouro","Bronze",,"Parque Estadual do Instituto Florestal."
"ÁREA DE PROTEÇÃO AMBIENTAL CAMPOS DO JORDÃO","Angiosperms","Fabaceae","Desmodium","leiocarpum","(Spreng.) G.Don","FABACEAE Desmodium leiocarpum (Spreng.) G.Don","8220","GBIF","UEC","Porto, P.C.","3244","Native","Ouro","Bronze","https://images.cria.org.br/viewer/UEC051564",
"ÁREA DE PROTEÇÃO AMBIENTAL CAMPOS DO JORDÃO","Angiosperms","Fabaceae","Desmodium","subsecundum","Vogel","FABACEAE Desmodium subsecundum Vogel","5579","GBIF","UB","Gomes Junior, J.C.","1639","Native","Ouro","Ouro",,"Fazenda da Guarda."
"ÁREA DE PROTEÇÃO AMBIENTAL CAMPOS DO JORDÃO","Angiosperms","Fabaceae","Desmodium","subsericeum","Malme","FABACEAE Desmodium subsericeum Malme","83429","GBIF","HUEFS","Franca, F.","4877","Native","Ouro","Bronze","https://images.cria.org.br/viewer/HUEFS0083429","Rodovia SP 123 (Floriano Pinheiro): Belvedere."
"ÁREA DE PROTEÇÃO AMBIENTAL CAMPOS DO JORDÃO","Angiosperms","Fabaceae","Desmodium","uncinatum","(Jacq.) DC.","FABACEAE Desmodium uncinatum (Jacq.) DC.","PACA027839","Splink","PACA",,,"Native","Prata","Bronze",,
"ÁREA DE PROTEÇÃO AMBIENTAL CAMPOS DO JORDÃO","Angiosperms","Fabaceae","Enterolobium","contortisiliquum","(Vell.) Morong","FABACEAE Enterolobium contortisiliquum (Vell.) Morong","SPSF00006290","Splink","SPSF",,,"Native","Latão","Bronze",,"Parque Estadual do Instituto Florestal."
"ÁREA DE PROTEÇÃO AMBIENTAL CAMPOS DO JORDÃO",,"Fabaceae","Eriosema","crinitum","Grear","FABACEAE Eriosema crinitum subsp. macrophyllum Grear","ICN00021985","Reflora","ICN","Gomes Junior, J.C.","1660",,"Ouro","Bronze",,"Estrada do areal, Vale do rio Coxim."
"ÁREA DE PROTEÇÃO AMBIENTAL CAMPOS DO JORDÃO","Angiosperms","Fabaceae","Eriosema","glaziovii","Harms","FABACEAE Eriosema glaziovii Harms","ICN00022002","Splink","ICN",,"s.n.","Native","Bronze","Bronze",,"estrada do Areal vale do rio Coxim. Encosta. 22°48'0'' 45°37'0''"
"ÁREA DE PROTEÇÃO AMBIENTAL CAMPOS DO JORDÃO","Angiosperms","Fabaceae","Eriosema","heterophyllum","Benth.","FABACEAE Eriosema heterophyllum Benth.","65304","GBIF","SPF","Giulietti, A.M.","1059","Native","Prata","Bronze",,"Morro do Ouro."
"ÁREA DE PROTEÇÃO AMBIENTAL CAMPOS DO JORDÃO","Angiosperms","Fabaceae","Eriosema","longiflorum","Benth.","FABACEAE Eriosema longiflorum Benth.","77739","GBIF","SP","Gomes Jr, J.C.","1659","Native","Bronze","Bronze",,"Estrada do areal, Vale do rio Coxim."
"ÁREA DE PROTEÇÃO AMBIENTAL CAMPOS DO JORDÃO","Angiosperms","Fabaceae","Eriosema","longifolium","Benth.","FABACEAE Eriosema longifolium Benth.","ICN00022085","Splink","ICN",,"s.n.","Native","Bronze","Bronze",,"estrada do Areal vale do rio Coxim"
"ÁREA DE PROTEÇÃO AMBIENTAL CAMPOS DO JORDÃO","Angiosperms","Fabaceae","Erythrina","crista-galli","L.","FABACEAE Erythrina crista-galli L.","SPSF00012463","Splink","SPSF",,"38","Native","Ouro","Bronze",,"Parque Estadual do Instituto Florestal."
"ÁREA DE PROTEÇÃO AMBIENTAL CAMPOS DO JORDÃO","Angiosperms","Fabaceae","Erythrina","falcata","Benth.","FABACEAE Erythrina falcata Benth.","SPSF00009422","Splink","SPSF",,"s/n","Native","Ouro","Ouro",,"P.E. de Campos do Jordão."
"ÁREA DE PROTEÇÃO AMBIENTAL CAMPOS DO JORDÃO","Angiosperms","Fabaceae","Galactia",,"P.Browne","FABACEAE Galactia P.Browne","2178","Splink","MACK",,"106",,"Bronze","Bronze",,
"ÁREA DE PROTEÇÃO AMBIENTAL CAMPOS DO JORDÃO","Angiosperms","Fabaceae","Helicotropis","linearis","(Kunth) A. Delgado","FABACEAE Helicotropis linearis (Kunth) A. Delgado","58205","GBIF","SP","Leite, J.E.","3985","Native","Bronze","Bronze",,
"ÁREA DE PROTEÇÃO AMBIENTAL CAMPOS DO JORDÃO","Angiosperms","Fabaceae","Holocalyx","balansae","Micheli","FABACEAE Holocalyx balansae Micheli","SPSF00006254","Splink","SPSF",,,"Native","Latão","Bronze",,"Parque Estadual do Instituto Florestal."
"ÁREA DE PROTEÇÃO AMBIENTAL CAMPOS DO JORDÃO","Angiosperms","Fabaceae","Inga","sessilis","(Vell.) Mart.","FABACEAE Inga sessilis (Vell.) Mart.","91008","GBIF","UEC","Muller, C.","31993","Native","Ouro","Bronze",,"Estr. Campos do Jordão - Sto. Antonio Pinhal"
"ÁREA DE PROTEÇÃO AMBIENTAL CAMPOS DO JORDÃO","Angiosperms","Fabaceae","Inga","vera","(DC.) T.D.Penn.","FABACEAE Inga vera subsp. affinis (DC.) T.D.Penn.","54379","GBIF","UEC","Silva, A.F.","1276","Native","Ouro","Bronze",,"Km 3"
"ÁREA DE PROTEÇÃO AMBIENTAL CAMPOS DO JORDÃO","Angiosperms","Fabaceae","Lablab",,"Adans.","FABACEAE Lablab Adans.","SPSF00005974","Splink","SPSF",,,,"Latão","Bronze",,"Parque Estadual do Instituto Florestal."
"ÁREA DE PROTEÇÃO AMBIENTAL CAMPOS DO JORDÃO",,"Fabaceae","Leptodontium","araucarieti","(Müll.Hal.) Paris","FABACEAE Leptodontium araucarieti (Müll.Hal.) Paris","001514","GBIF","HUFABC","Yano, O.","9236",,"Bronze","Ouro","https://images.cria.org.br/viewer/HUFABC001514 | https://images.cria.org.br/viewer/HUFABC001514_1 | https://images.cria.org.br/viewer/HUFABC001514_2","Parque Estadual de Campos do Jordão"
"ÁREA DE PROTEÇÃO AMBIENTAL CAMPOS DO JORDÃO",,"Fabaceae","Leptodontium","brasiliense","Mitt.","FABACEAE Leptodontium brasiliense Mitt.","170463","GBIF","SP-BRYOPHYTA","Bookerman, W.C.A.","s.n.",,"Latão","Bronze",,"faz Lagoinha"
"ÁREA DE PROTEÇÃO AMBIENTAL CAMPOS DO JORDÃO",,"Fabaceae","Leptodontium","laevigatum","Herzog","FABACEAE Leptodontium laevigatum Herzog","016933","GBIF","SP-BRYOPHYTA","Hoehne, F.C.","s.n.",,"Ouro","Bronze",,"Serra da Mantiqueira"
"ÁREA DE PROTEÇÃO AMBIENTAL CAMPOS DO JORDÃO",,"Fabaceae","Leptodontium","viticulosoides","(P.Beauv.) Wijk & Margad.","FABACEAE Leptodontium viticulosoides (P.Beauv.) Wijk & Margad.","7094","GBIF","IRAI","Gibertoni, R.S.","064",,"Bronze","Bronze",,"Condomínio Week Inn"
"ÁREA DE PROTEÇÃO AMBIENTAL CAMPOS DO JORDÃO",,"Fabaceae","Leptogium","azureum",,"FABACEAE Leptogium azureum","073585","Splink","ICN",,"4443",,"Bronze","Bronze",,"a oeste da cidade, reserva do Parque"
"ÁREA DE PROTEÇÃO AMBIENTAL CAMPOS DO JORDÃO","Angiosperms","Fabaceae","Leucaena","leucocephala","(Lam.) de Wit","FABACEAE Leucaena leucocephala (Lam.) de Wit","SPSF00005595","Splink","SPSF",,,"Naturalized","Latão","Bronze",,"Parque Estadual do Instituto Florestal."
"ÁREA DE PROTEÇÃO AMBIENTAL CAMPOS DO JORDÃO","Angiosperms","Fabaceae","Leucochloron","incuriale","(Vell.) Barneby & J.W.Grimes","FABACEAE Leucochloron incuriale (Vell.) Barneby & J.W.Grimes","MBM146847","Splink","MBM",,"288","Native","Bronze","Ouro",,"Parque Estadual."
"ÁREA DE PROTEÇÃO AMBIENTAL CAMPOS DO JORDÃO","Angiosperms","Fabaceae","Libidibia","ferrea","(Mart. ex Tul.) L.P.Queiroz","FABACEAE Libidibia ferrea (Mart. ex Tul.) L.P.Queiroz","SPSF00005633","Splink","SPSF",,,"Native","Latão","Bronze",,"Parque Estadual do Instituto Florestal."
"ÁREA DE PROTEÇÃO AMBIENTAL CAMPOS DO JORDÃO","Angiosperms","Fabaceae","Lonchocarpus","cultratus","(Vell.) A.M.G.Azevedo & H.C.Lima","FABACEAE Lonchocarpus cultratus (Vell.) A.M.G.Azevedo & H.C.Lima","23003","GBIF","IAC","Leitao Filho, H.F.","1301","Native","Ouro","Bronze",,
"ÁREA DE PROTEÇÃO AMBIENTAL CAMPOS DO JORDÃO","Angiosperms","Fabaceae","Lupinus","paranensis","C.P.Sm.","FABACEAE Lupinus paranensis C.P.Sm.","ICN00024055","Splink","ICN",,"2498","Native","Ouro","Bronze",,"entre Campos do Jordão e Piranguçu, Serra da Mantiqueira"
"ÁREA DE PROTEÇÃO AMBIENTAL CAMPOS DO JORDÃO","Angiosperms","Fabaceae","Lupinus","polyphyllus","Lindl.","FABACEAE Lupinus polyphyllus Lindl.","ICN00024057","Splink","ICN",,"268","Cultivated","Ouro","Ouro",,"Parque Estadual"
"ÁREA DE PROTEÇÃO AMBIENTAL CAMPOS DO JORDÃO","Angiosperms","Fabaceae","Lupinus","velutinus","Benth.","FABACEAE Lupinus velutinus Benth.","SPSF00008504","Splink","SPSF",,"s/n","Native","Bronze","Ouro",,"Parque Estadual de Campos do Jordão."
"ÁREA DE PROTEÇÃO AMBIENTAL CAMPOS DO JORDÃO","Angiosperms","Fabaceae","Machaerium","aculeatum","Raddi","FABACEAE Machaerium aculeatum Raddi","SPSF00006208","Splink","SPSF",,,"Native","Latão","Bronze",,"Parque Estadual do Instituto Florestal."
"ÁREA DE PROTEÇÃO AMBIENTAL CAMPOS DO JORDÃO","Angiosperms","Fabaceae","Machaerium","nyctitans","(Vell.) Benth.","FABACEAE Machaerium nyctitans (Vell.) Benth.","SPSF00006400","Splink","SPSF",,"150","Native","Latão","Bronze",,"Parque Estadual do Instituto Florestal."
"ÁREA DE PROTEÇÃO AMBIENTAL CAMPOS DO JORDÃO",,"Fabaceae","Macrocoma","orthotrichoides",,"FABACEAE Macrocoma orthotrichoides","SPSF00009871","Splink","SPSF",,,,"Latão","Ouro",,"P.E. de Campos do Jordão."
"ÁREA DE PROTEÇÃO AMBIENTAL CAMPOS DO JORDÃO",,"Fabaceae","Macrocoma","tenuis","(Hook. & Grev.) Vitt","FABACEAE Macrocoma tenuis (Hook. & Grev.) Vitt","178848","GBIF","UB","Soares, A.E.R.","2009",,"Bronze","Ouro",,"Parque Estadual de Campos do Jordão."
"ÁREA DE PROTEÇÃO AMBIENTAL CAMPOS DO JORDÃO",,"Fabaceae","Macromitrium","catharinense","Paris","FABACEAE Macromitrium catharinense Paris","72881","GBIF","NY","Buck, W.R.","26434",,"Latão","Bronze",,"Serra da Mantiqueira, Pico do Itapeva, ca. 6 km SE of Campos do Jordao"
"ÁREA DE PROTEÇÃO AMBIENTAL CAMPOS DO JORDÃO",,"Fabaceae","Macromitrium","contextum","Hampe","FABACEAE Macromitrium contextum Hampe","7080","GBIF","IRAI","Gibertoni, R.S.","050",,"Bronze","Bronze",,"Condomínio Week Inn"
"ÁREA DE PROTEÇÃO AMBIENTAL CAMPOS DO JORDÃO",,"Fabaceae","Macromitrium","microstomum","(Hook. & Grev.) Schwägr.","FABACEAE Macromitrium microstomum (Hook. & Grev.) Schwägr.","2086427","GBIF","NY","Vital, D.M.","26288",,"Latão","Ouro",,"Campos do Jordão, Serra da Mantiqueira, ca. 2 km E of Campos do Jordão on road to Horto Florestal."
"ÁREA DE PROTEÇÃO AMBIENTAL CAMPOS DO JORDÃO",,"Fabaceae","Macromitrium","podocarpi","Müll.Hal.","FABACEAE Macromitrium podocarpi Müll.Hal.","TAA5019854","GBIF","TAA","Schafer-Verwimp",,,"Bronze","Bronze",,"Serrea da Mantiqueira, Orsteil Capivari, epiphytisch an einemBirnbaum in einem Gartren; 1600 m"
"ÁREA DE PROTEÇÃO AMBIENTAL CAMPOS DO JORDÃO",,"Fabaceae","Macromitrium","richardii","Schwägr.","FABACEAE Macromitrium richardii Schwägr.","72889","GBIF","NY","Buck, W.R.","26405",,"Latão","Bronze",,"Serra da Mantiqueira, Pico do Itapeva, ca. 6 km SE of Campos do Jordao"
"ÁREA DE PROTEÇÃO AMBIENTAL CAMPOS DO JORDÃO","Angiosperms","Fabaceae","Macroptilium","lathyroides","(L.) Urb.","FABACEAE Macroptilium lathyroides (L.) Urb.","47843","GBIF","SPSF","Barreto, T.E.","143","Native","Latão","Ouro","https://images.cria.org.br/viewer/SPSF00047843","Parque Estadual de Campos do Jordão."
"ÁREA DE PROTEÇÃO AMBIENTAL CAMPOS DO JORDÃO",,"Fabaceae","Medicago","falcata|Medicago","L.","FABACEAE Medicago falcata L.|Medicago sativa L.","SPSF00009298","Splink","SPSF",,,,"Latão","Bronze",,"Parque Estadual do Instituto Florestal."
"ÁREA DE PROTEÇÃO AMBIENTAL CAMPOS DO JORDÃO","Angiosperms","Fabaceae","Medicago","polymorpha","L.","FABACEAE Medicago polymorpha L.","8785","GBIF","HUCS","Wasum, R.A.","s.n.","Cultivated","Ouro","Ouro",,"Horto Municipal"
"ÁREA DE PROTEÇÃO AMBIENTAL CAMPOS DO JORDÃO","Angiosperms","Fabaceae","Mimosa","aurivillus","(Benth.) Barneby","FABACEAE Mimosa aurivillus var. calothamnos (Benth.) Barneby","FCAB30101686","Splink","FCAB",,,"Native","Latão","Bronze",,
"ÁREA DE PROTEÇÃO AMBIENTAL CAMPOS DO JORDÃO","Angiosperms","Fabaceae","Mimosa","dolens","(Benth.) Barneby","FABACEAE Mimosa dolens var. rigescens (Benth.) Barneby","6961","GBIF","LUSC","Lammel, D.R.","4","Native","Ouro","Ouro","https://images.cria.org.br/viewer/LUSC003735","Parque Estadual de Campos do Jordão."
"ÁREA DE PROTEÇÃO AMBIENTAL CAMPOS DO JORDÃO","Angiosperms","Fabaceae","Mimosa","dryandroides","Taub.","FABACEAE Mimosa dryandroides Taub.","78835","GBIF","SPF","Kuehn, E.","2237","Native","Ouro","Bronze","https://images.cria.org.br/viewer/SPF00078835",
"ÁREA DE PROTEÇÃO AMBIENTAL CAMPOS DO JORDÃO","Angiosperms","Fabaceae","Mimosa","filipetiola","Burkart","FABACEAE Mimosa filipetiola Burkart","UEC021553","Splink","UEC",,"11","Native","Ouro","Ouro",,"Parque Estadual de Campos do Jordão"
"ÁREA DE PROTEÇÃO AMBIENTAL CAMPOS DO JORDÃO","Angiosperms","Fabaceae","Mimosa","furfuracea","Benth.","FABACEAE Mimosa furfuracea Benth.","140018","GBIF","UB","Kuhlmann, M.","2202","Native","Ouro","Bronze",,"Subida para o Pico do Itapeva."
"ÁREA DE PROTEÇÃO AMBIENTAL CAMPOS DO JORDÃO","Angiosperms","Fabaceae","Mimosa","incana","Benth.","FABACEAE Mimosa incana Benth.","SPSF00008495","Splink","SPSF",,"s/n","Native","Ouro","Ouro",,"Parque Estadual de Campos do Jordão."
"ÁREA DE PROTEÇÃO AMBIENTAL CAMPOS DO JORDÃO",,"Fabaceae","Mimosa","insidiosa","Mart.","FABACEAE Mimosa insidiosa subsp. insidiosa Mart.","147732","GBIF","SPF","Mattos, J.","14743",,"Ouro","Bronze","https://images.cria.org.br/viewer/SPF00147732",
"ÁREA DE PROTEÇÃO AMBIENTAL CAMPOS DO JORDÃO","Angiosperms","Fabaceae","Mimosa","insidiosa","Benth.","FABACEAE Mimosa insidiosa var. insidiosa Benth.","RFA14563","Splink","RFA",,"8044","Native","Ouro","Bronze",,"Próx. Resid~encia do Governador."
"ÁREA DE PROTEÇÃO AMBIENTAL CAMPOS DO JORDÃO","Angiosperms","Fabaceae","Mimosa","meticulosa","Mart.","FABACEAE Mimosa meticulosa Mart.","SPSF00015896","Splink","SPSF",,"2534",,"Ouro","Bronze",,"Campo dos Moreiras."
"ÁREA DE PROTEÇÃO AMBIENTAL CAMPOS DO JORDÃO","Angiosperms","Fabaceae","Mimosa","monticola","Dusén","FABACEAE Mimosa monticola var. monticola Dusén","6322","GBIF","HRCB","Furlan, A.","292","Native","Ouro","Bronze",,"Estrada para São José dos Alpes"
"ÁREA DE PROTEÇÃO AMBIENTAL CAMPOS DO JORDÃO","Angiosperms","Fabaceae","Mimosa","myriophylla","Bong. ex Benth.","FABACEAE Mimosa myriophylla Bong. ex Benth.","SPSF00015295","Splink","SPSF",,"288","Native","Ouro","Ouro",,"Parque Estadual ,trilha do rio Sapucaí"
"ÁREA DE PROTEÇÃO AMBIENTAL CAMPOS DO JORDÃO","Angiosperms","Fabaceae","Mimosa","myuros","Barneby","FABACEAE Mimosa myuros Barneby","HPL012104","Splink","HPL",,"427","Native","Ouro","Ouro",,"Parque Estadual de Campos do Jordão."
"ÁREA DE PROTEÇÃO AMBIENTAL CAMPOS DO JORDÃO","Angiosperms","Fabaceae","Mimosa","pigra","L.","FABACEAE Mimosa pigra var. pigra L.","SPSF00008258","Splink","SPSF",,,"Native","Latão","Bronze",,"Parque Estadual do Instituto Florestal."
"ÁREA DE PROTEÇÃO AMBIENTAL CAMPOS DO JORDÃO","Angiosperms","Fabaceae","Mimosa","pilulifera","(Burkart) Barneby","FABACEAE Mimosa pilulifera var. pseudincana (Burkart) Barneby","140671","GBIF","MBM","Carvalho, A.M.","8945","Native","Ouro","Ouro","https://images.cria.org.br/viewer/MBM140671","Parque Estadual. Próximo a trilha do riacho."
"ÁREA DE PROTEÇÃO AMBIENTAL CAMPOS DO JORDÃO","Angiosperms","Fabaceae","Mimosa","pudica","L.","FABACEAE Mimosa pudica L.","198617428","GBIF","Observations","Desertnaturalist",,"Native","Bronze","Ouro",,"Parque Estadual, Campos do Jordão - State of São Paulo, 12460-000, Brazil"
"ÁREA DE PROTEÇÃO AMBIENTAL CAMPOS DO JORDÃO","Angiosperms","Fabaceae","Mimosa","ramosissima","Benth.","FABACEAE Mimosa ramosissima Benth.","101682","GBIF","SP","Mattos, J.R.","15022","Native","Ouro","Bronze",,"Fazenda da Guarda (Reserva Florestal)"
"ÁREA DE PROTEÇÃO AMBIENTAL CAMPOS DO JORDÃO","Angiosperms","Fabaceae","Mimosa","scabrella","Benth.","FABACEAE Mimosa scabrella Benth.","SPSF00008018","Splink","SPSF",,"61","Native","Ouro","Bronze",,
"ÁREA DE PROTEÇÃO AMBIENTAL CAMPOS DO JORDÃO","Angiosperms","Fabaceae","Muellera",,"L.f.","FABACEAE Muellera L.f.","SPSF00006456","Splink","SPSF",,,,"Latão","Bronze",,"Parque Estadual do Instituto Florestal."
"ÁREA DE PROTEÇÃO AMBIENTAL CAMPOS DO JORDÃO","Angiosperms","Fabaceae","Myroxylon","balsamum","(L.) Harms","FABACEAE Myroxylon balsamum (L.) Harms","SPSF00006298","Splink","SPSF",,,"Native","Latão","Bronze",,"Parque Estadual do Instituto Florestal."
"ÁREA DE PROTEÇÃO AMBIENTAL CAMPOS DO JORDÃO","Angiosperms","Fabaceae","Ormosia","arborea","(Vell.) Harms","FABACEAE Ormosia arborea (Vell.) Harms","MBM161770","Splink","MBM",,"736","Native","Bronze","Ouro",,"Parque Estadual."
"ÁREA DE PROTEÇÃO AMBIENTAL CAMPOS DO JORDÃO","Angiosperms","Fabaceae","Paubrasilia","echinata","(Lam.) Gagnon, H.C.Lima & G.P.Lewis","FABACEAE Paubrasilia echinata (Lam.) Gagnon, H.C.Lima & G.P.Lewis","SPSF00003483","Splink","SPSF",,,"Native","Latão","Bronze",,"Parque Estadual do Instituto Florestal."
"ÁREA DE PROTEÇÃO AMBIENTAL CAMPOS DO JORDÃO","Angiosperms","Fabaceae","Peltophorum","dubium","(Spreng.) Taub.","FABACEAE Peltophorum dubium (Spreng.) Taub.","SPSF00007817","Splink","SPSF",,,"Native","Bronze","Bronze",,"Parque Estadual do Instituto Florestal."
"ÁREA DE PROTEÇÃO AMBIENTAL CAMPOS DO JORDÃO","Angiosperms","Fabaceae","Periandra",,"Mart. ex Benth.","FABACEAE Periandra Mart. ex Benth.","18982","GBIF","BOTU","Amaral Junior, A.S.M.","249",,"Latão","Bronze",,
"ÁREA DE PROTEÇÃO AMBIENTAL CAMPOS DO JORDÃO","Angiosperms","Fabaceae","Phaseolus",,"L.","FABACEAE Phaseolus L.","19025","GBIF","BOTU","Amaral Junior, A.S.M.","208",,"Latão","Bronze",,
"ÁREA DE PROTEÇÃO AMBIENTAL CAMPOS DO JORDÃO","Angiosperms","Fabaceae","Piptadenia","adiantoides","(Spreng.) J.F.Macbr.","FABACEAE Piptadenia adiantoides (Spreng.) J.F.Macbr.","SPSF00012023","Splink","SPSF",,"559","Native","Ouro","Ouro",,"Parque Estadual de Campos do Jordão."
"ÁREA DE PROTEÇÃO AMBIENTAL CAMPOS DO JORDÃO","Angiosperms","Fabaceae","Piptadenia","gonoacantha","(Mart.) J.F.Macbr.","FABACEAE Piptadenia gonoacantha (Mart.) J.F.Macbr.","SPSF00006271","Splink","SPSF",,"152","Native","Latão","Bronze",,"Parque Estadual do Instituto Florestal."
"ÁREA DE PROTEÇÃO AMBIENTAL CAMPOS DO JORDÃO","Angiosperms","Fabaceae","Piptadenia","paniculata","Benth.","FABACEAE Piptadenia paniculata Benth.","24508","GBIF","HUEFS","Kuhlmann, M.","1933","Native","Ouro","Bronze","https://images.cria.org.br/viewer/HUEFS0024508",
"ÁREA DE PROTEÇÃO AMBIENTAL CAMPOS DO JORDÃO","Angiosperms","Fabaceae","Platycyamus","regnellii","Benth.","FABACEAE Platycyamus regnellii Benth.","SPSF00012045","Splink","SPSF",,"260","Native","Bronze","Bronze",,"Parque Estadual do Instituto Florestal."
"ÁREA DE PROTEÇÃO AMBIENTAL CAMPOS DO JORDÃO","Angiosperms","Fabaceae","Platymiscium","floribundum","Vogel","FABACEAE Platymiscium floribundum Vogel","SPSF00007654","Splink","SPSF",,,"Native","Latão","Bronze",,"Parque Estadual do Instituto Florestal."
"ÁREA DE PROTEÇÃO AMBIENTAL CAMPOS DO JORDÃO","Angiosperms","Fabaceae","Platypodium",,"Vogel","FABACEAE Platypodium Vogel","162564","GBIF","R","Emmerich, W.",,,"Latão","Ouro",,"P.E."
"ÁREA DE PROTEÇÃO AMBIENTAL CAMPOS DO JORDÃO",,"Fabaceae","Pterobryon","densum","Hornsch.","FABACEAE Pterobryon densum Hornsch.","088996","GBIF","SP-BRYOPHYTA","Hoehne, F.C.","667",,"Latão","Bronze",,
"ÁREA DE PROTEÇÃO AMBIENTAL CAMPOS DO JORDÃO","Angiosperms","Fabaceae","Pterocarpus","violaceus","Vogel","FABACEAE Pterocarpus violaceus Vogel","SPSF00005718","Splink","SPSF",,,"Native","Latão","Bronze",,"Parque Estadual do Instituto Florestal."
"ÁREA DE PROTEÇÃO AMBIENTAL CAMPOS DO JORDÃO","Angiosperms","Fabaceae","Pterogyne","nitens","Tul.","FABACEAE Pterogyne nitens Tul.","SPSF00012046","Splink","SPSF",,"37","Native","Latão","Bronze",,"Parque Estadual do Instituto Florestal."
"ÁREA DE PROTEÇÃO AMBIENTAL CAMPOS DO JORDÃO","Angiosperms","Fabaceae","Robinia","pseudoacacia","L.","FABACEAE Robinia pseudoacacia L.","SPSF00007925","Splink","SPSF",,,"Cultivated","Bronze","Ouro",,"Parque Estadual de Campos do Jordão."
"ÁREA DE PROTEÇÃO AMBIENTAL CAMPOS DO JORDÃO","Angiosperms","Fabaceae","Samanea","saman","(Jacq.) Merr.","FABACEAE Samanea saman (Jacq.) Merr.","SPSF00005956","Splink","SPSF",,,"Cultivated","Latão","Bronze",,"Parque Estadual do Instituto Florestal."
"ÁREA DE PROTEÇÃO AMBIENTAL CAMPOS DO JORDÃO","Angiosperms","Fabaceae","Schizolobium","parahyba","(Vell.) Blake","FABACEAE Schizolobium parahyba (Vell.) Blake","SPSF00006475","Splink","SPSF",,,"Native","Latão","Bronze",,"Parque Estadual do Instituto Florestal."
"ÁREA DE PROTEÇÃO AMBIENTAL CAMPOS DO JORDÃO","Angiosperms","Fabaceae","Senegalia",,"Raf.","FABACEAE Senegalia Raf.","RFA15905","Splink","RFA",,"8257",,"Latão","Bronze",,"Pico do Itapeva"
"ÁREA DE PROTEÇÃO AMBIENTAL CAMPOS DO JORDÃO","Angiosperms","Fabaceae","Senna","alata","(L.) Roxb.","FABACEAE Senna alata (L.) Roxb.","SPSF00005937","Splink","SPSF",,,"Native","Latão","Bronze",,"Parque Estadual do Instituto Florestal."
"ÁREA DE PROTEÇÃO AMBIENTAL CAMPOS DO JORDÃO","Angiosperms","Fabaceae","Senna","macranthera","(Vogel) H.S.Irwin & Barneby","FABACEAE Senna macranthera var. nervosa (Vogel) H.S.Irwin & Barneby","SPSF00015057","Splink","SPSF",,"746","Native","Ouro","Ouro",,"Parque Estadual de Campos do Jordão."
"ÁREA DE PROTEÇÃO AMBIENTAL CAMPOS DO JORDÃO","Angiosperms","Fabaceae","Senna","multijuga","(Rich.) H.S.Irwin & Barneby","FABACEAE Senna multijuga (Rich.) H.S.Irwin & Barneby","SPSF00011037","Splink","SPSF",,"26","Native","Latão","Bronze",,"Parque Estadual do Instituto Florestal."
"ÁREA DE PROTEÇÃO AMBIENTAL CAMPOS DO JORDÃO","Angiosperms","Fabaceae","Senna","occidentalis","(L.) Link","FABACEAE Senna occidentalis (L.) Link","146457","GBIF","UEC","Davis, P.H.","3119","Native","Ouro","Bronze",,"Estrada entre Campos de Jordão e Monteiro Lobato. Folha Cartográfica SF-23-Y-B. Coordenada Calculada."
"ÁREA DE PROTEÇÃO AMBIENTAL CAMPOS DO JORDÃO","Angiosperms","Fabaceae","Senna","pendula","(Humb.& Bonpl.ex Willd.) H.S.Irwin & Barneby","FABACEAE Senna pendula (Humb.& Bonpl.ex Willd.) H.S.Irwin & Barneby","SPSF00006493","Splink","SPSF",,,"Native","Bronze","Bronze",,"Parque Estadual do Instituto Florestal."
"ÁREA DE PROTEÇÃO AMBIENTAL CAMPOS DO JORDÃO","Angiosperms","Fabaceae","Senna","septemtrionalis","(Viv.) H.S.Irwin & Barneby","FABACEAE Senna septemtrionalis (Viv.) H.S.Irwin & Barneby","118460","GBIF","SP","Mattos, J.R.","14718","Naturalized","Bronze","Bronze",,"Fazenda da guarda, Reserva Florestal, no bordo da mata"
"ÁREA DE PROTEÇÃO AMBIENTAL CAMPOS DO JORDÃO","Angiosperms","Fabaceae","Senna","spectabilis","(DC.) H.S.Irwin & Barneby","FABACEAE Senna spectabilis (DC.) H.S.Irwin & Barneby","SPSF00010911","Splink","SPSF",,,"Native","Latão","Bronze",,"Parque Estadual do Instituto Florestal."
"ÁREA DE PROTEÇÃO AMBIENTAL CAMPOS DO JORDÃO","Angiosperms","Fabaceae","Senna","splendida","(Vogel) H.S.Irwin & Barneby","FABACEAE Senna splendida (Vogel) H.S.Irwin & Barneby","SPSF00012110","Splink","SPSF",,"218","Native","Bronze","Bronze",,"Parque Estadual do Instituto Florestal."
"ÁREA DE PROTEÇÃO AMBIENTAL CAMPOS DO JORDÃO","Angiosperms","Fabaceae","Senna","tropica","(Vell.) H.S.Irwin & Barneby","FABACEAE Senna tropica (Vell.) H.S.Irwin & Barneby","SPSF00006444","Splink","SPSF",,"986","Native","Ouro","Bronze",,
"ÁREA DE PROTEÇÃO AMBIENTAL CAMPOS DO JORDÃO","Angiosperms","Fabaceae","Sigmoidotropis","speciosa","(Kunth) A. Delgado","FABACEAE Sigmoidotropis speciosa (Kunth) A. Delgado","57381","GBIF","SPSF","Shirasuna, R.T.","5292","Native","Prata","Ouro","https://images.cria.org.br/viewer/SPSF00057381 | https://images.cria.org.br/viewer/SPSF00057381_v1 | https://images.cria.org.br/viewer/SPSF00057381_v2 | https://images.cria.org.br/viewer/SPSF00057381_v3 | https://images.cria.org.br/viewer/SPSF00057381_v4 | https://images.cria.org.br/viewer/SPSF00057381_v5 | https://images.cria.org.br/viewer/SPSF00057381_v6 | https://images.cria.org.br/viewer/SPSF00057381_v7","Parque Estadual de Campos do Jordão"
"ÁREA DE PROTEÇÃO AMBIENTAL CAMPOS DO JORDÃO","Angiosperms","Fabaceae","Sophora","tomentosa","L.","FABACEAE Sophora tomentosa L.","18490","GBIF","IAC","Souza, H.M.","s/nº","Native","Bronze","Bronze",,
"ÁREA DE PROTEÇÃO AMBIENTAL CAMPOS DO JORDÃO","Angiosperms","Fabaceae","Spartium","junceum","L.","FABACEAE Spartium junceum L.","86872","GBIF","HAS","Mattos, J.","16014","Cultivated","Latão","Ouro",,"Parque Estadual,"
"ÁREA DE PROTEÇÃO AMBIENTAL CAMPOS DO JORDÃO","Angiosperms","Fabaceae","Stylosanthes","guianensis","(Aubl.) Sw.","FABACEAE Stylosanthes guianensis (Aubl.) Sw.","5585","GBIF","UB","Gomes Junior, J.C.","1645","Native","Bronze","Ouro",,"Fazenda da Guarda."
"ÁREA DE PROTEÇÃO AMBIENTAL CAMPOS DO JORDÃO","Angiosperms","Fabaceae","Swartzia","langsdorffii","Raddi","FABACEAE Swartzia langsdorffii Raddi","SPSF00006209","Splink","SPSF",,,"Native","Latão","Bronze",,"Parque Estadual do Instituto Florestal."
"ÁREA DE PROTEÇÃO AMBIENTAL CAMPOS DO JORDÃO","Angiosperms","Fabaceae","Tipuana","tipu","(Benth.) Kuntze","FABACEAE Tipuana tipu (Benth.) Kuntze","SPSF00009472","Splink","SPSF",,"120","Cultivated","Latão","Bronze",,"Parque Estadual do Instituto Florestal."
"ÁREA DE PROTEÇÃO AMBIENTAL CAMPOS DO JORDÃO","Angiosperms","Fabaceae","Trifolium","campestre","Schreb.","FABACEAE Trifolium campestre Schreb.","PACA027837","Splink","PACA",,,"Naturalized","Prata","Bronze",,
"ÁREA DE PROTEÇÃO AMBIENTAL CAMPOS DO JORDÃO","Angiosperms","Fabaceae","Trifolium","dubium","Sibth.","FABACEAE Trifolium dubium Sibth.","80791","GBIF","SP","Kuhlmann, M.","2042","Naturalized","Ouro","Bronze",,"Umuarama. Perto do hotel"
"ÁREA DE PROTEÇÃO AMBIENTAL CAMPOS DO JORDÃO","Angiosperms","Fabaceae","Trifolium","pratense","L.","FABACEAE Trifolium pratense L.","198647942","GBIF","Observations","Desertnaturalist",,"Naturalized","Bronze","Ouro",,"Parque Estadual, Campos do Jordão - State of São Paulo, 12460-000, Brazil"
"ÁREA DE PROTEÇÃO AMBIENTAL CAMPOS DO JORDÃO",,"Fabaceae","Trifolium","procumbens",,"FABACEAE Trifolium procumbens","MBM158978","Splink","MBM",,"9885",,"Ouro","Ouro",,"Horto Municipal."
"ÁREA DE PROTEÇÃO AMBIENTAL CAMPOS DO JORDÃO","Angiosperms","Fabaceae","Trifolium","repens","L.","FABACEAE Trifolium repens L.","MBM158981","Splink","MBM",,"8809","Naturalized","Ouro","Bronze",,"Santa Cruz."
"ÁREA DE PROTEÇÃO AMBIENTAL CAMPOS DO JORDÃO","Angiosperms","Fabaceae","Ulex","europaeus","L.","FABACEAE Ulex europaeus L.","MBM060211","Splink","MBM",,"8010","Naturalized","Prata","Bronze",,"Estrada para o Pico Itapeva."
"ÁREA DE PROTEÇÃO AMBIENTAL CAMPOS DO JORDÃO","Angiosperms","Fabaceae","Vigna",,"Savi","FABACEAE Vigna Savi","070686","GBIF","UEC","Buzato, S.","28110",,"Bronze","Bronze",,
"ÁREA DE PROTEÇÃO AMBIENTAL CAMPOS DO JORDÃO","Angiosperms","Fagaceae","Castanea","sativa","Mill.","FAGACEAE Castanea sativa Mill.","9090","GBIF","HISA","Mustafa, A.L.","s/n","Cultivated","Latão","Ouro",,"Parque Estadual de Campos do Jordão"
"ÁREA DE PROTEÇÃO AMBIENTAL CAMPOS DO JORDÃO","Angiosperms","Fagaceae","Quercus","palustris","Münchh.","FAGACEAE Quercus palustris Münchh.","PMSP008193","Reflora","PMSP","Carvalho, J.P.M.",,"Cultivated","Ouro","Ouro",,"Parque Estadual, jardins da Sede."
"ÁREA DE PROTEÇÃO AMBIENTAL CAMPOS DO JORDÃO","Angiosperms","Fagaceae","Quercus","robur","L.","FAGACEAE Quercus robur L.","SPSF00008385","Splink","SPSF",,"14","Cultivated","Latão","Ouro",,"Parque Estadual de Campos do Jordão."
"ÁREA DE PROTEÇÃO AMBIENTAL CAMPOS DO JORDÃO","Angiosperms","Fagaceae","Quercus","rubra","L.","FAGACEAE Quercus rubra L.","9081","GBIF","HISA","Mustafa, A.L.","s/n","Cultivated","Latão","Ouro",,"Parque Estadual de Campos do Jordão"
"ÁREA DE PROTEÇÃO AMBIENTAL CAMPOS DO JORDÃO","Angiosperms","Gentianaceae","Calolisianthus","amplissimus","(Mart.) Gilg","GENTIANACEAE Calolisianthus amplissimus (Mart.) Gilg","77768","GBIF","SP","Gomes Jr, J.C.","1642","Native","Bronze","Ouro",,"Fazenda da Guarda"
"ÁREA DE PROTEÇÃO AMBIENTAL CAMPOS DO JORDÃO","Angiosperms","Gentianaceae","Calolisianthus","pedunculatus","(Cham. & Schltdl.) Gilg","GENTIANACEAE Calolisianthus pedunculatus (Cham. & Schltdl.) Gilg","K001049233","Splink","K",,"1038","Native","Latão","Ouro",,"Reserva do Horto Florestal."
"ÁREA DE PROTEÇÃO AMBIENTAL CAMPOS DO JORDÃO","Angiosperms","Gentianaceae","Calolisianthus","pendulus","(Mart.) Gilg","GENTIANACEAE Calolisianthus pendulus (Mart.) Gilg","SPSF00017555","Splink","SPSF",,,"Native","Ouro","Bronze",,"Morro do Elefante."
"ÁREA DE PROTEÇÃO AMBIENTAL CAMPOS DO JORDÃO","Angiosperms","Gentianaceae","Chelonanthus",,"Gilg","GENTIANACEAE Chelonanthus Gilg","2183","Splink","MACK",,"3",,"Bronze","Bronze",,"Umuarama (área da UPM)"
"ÁREA DE PROTEÇÃO AMBIENTAL CAMPOS DO JORDÃO","Angiosperms","Gentianaceae","Irlbachia",,"Mart.","GENTIANACEAE Irlbachia Mart.","47850","GBIF","SPSF","Barreto, T.E.","150",,"Latão","Ouro",,"Pecj"
"ÁREA DE PROTEÇÃO AMBIENTAL CAMPOS DO JORDÃO","Angiosperms","Geraniaceae","Geranium","brasiliense","Progel","GERANIACEAE Geranium brasiliense Progel","250709","GBIF","R","Emmerich, W.",,"Native","Latão","Ouro","https://images.cria.org.br/viewer/R010091543 | https://images.cria.org.br/viewer/R010091546","Parque Estadual de Campos do Jordão. Viveiro do Parque."
"ÁREA DE PROTEÇÃO AMBIENTAL CAMPOS DO JORDÃO","Angiosperms","Geraniaceae","Geranium","carolinianum","L.","GERANIACEAE Geranium carolinianum L.","HPL003346","Splink","HPL",,"5093","Naturalized","Prata","Bronze",,"Crescendo como ruderal em terrenos baldios."
"ÁREA DE PROTEÇÃO AMBIENTAL CAMPOS DO JORDÃO","Angiosperms","Geraniaceae","Geranium","glanduligerum","R.Knuth","GERANIACEAE Geranium glanduligerum R.Knuth","1299","GBIF","GERAMER","Queiroz, L.P.",,"Native","Ouro","Bronze",,"Campos de Jordao, camino da Cachoeira, ao longo do rio das Trutas, Campo de Altitude"
"ÁREA DE PROTEÇÃO AMBIENTAL CAMPOS DO JORDÃO","Angiosperms","Geraniaceae","Geranium","thunbergii","Siebold ex Lindl. & Paxton","GERANIACEAE Geranium thunbergii Siebold ex Lindl. & Paxton","1294","GBIF","GERAMER","Aedo, C.",,"Native","Ouro","Bronze",,"Campos de Jordao"
"ÁREA DE PROTEÇÃO AMBIENTAL CAMPOS DO JORDÃO","Angiosperms","Geraniaceae","Pelargonium",,"L´Hér.","GERANIACEAE Pelargonium L´Hér.","SPSF00015580","Splink","SPSF",,"763",,"Latão","Ouro",,"Parque Estadual de Campos do Jordão."
"ÁREA DE PROTEÇÃO AMBIENTAL CAMPOS DO JORDÃO","Angiosperms","Gesneriaceae","Nematanthus","fornix","(Vell.) Chautems","GESNERIACEAE Nematanthus fornix (Vell.) Chautems","UALF00005629","Splink","UALF",,"312","Native","Ouro","Bronze",,
"ÁREA DE PROTEÇÃO AMBIENTAL CAMPOS DO JORDÃO","Angiosperms","Gesneriaceae","Sinningia","aggregata","(Ker Gawl.) Wiehler","GESNERIACEAE Sinningia aggregata (Ker Gawl.) Wiehler","53804","GBIF","SPSF","Pereira, L.C.","81","Native","Bronze","Ouro","https://images.cria.org.br/viewer/SPSF00053804","Parque Estadual de Campos do Jordão"
"ÁREA DE PROTEÇÃO AMBIENTAL CAMPOS DO JORDÃO","Angiosperms","Gesneriaceae","Sinningia","allagophylla","(Mart.) Wiehler","GESNERIACEAE Sinningia allagophylla (Mart.) Wiehler","MBM149700","Splink","MBM",,"493","Native","Ouro","Bronze",,"Parque Estadual do Instituto Florestal."
"ÁREA DE PROTEÇÃO AMBIENTAL CAMPOS DO JORDÃO","Angiosperms","Gesneriaceae","Sinningia","douglasii","(Lindl.) Chautems","GESNERIACEAE Sinningia douglasii (Lindl.) Chautems","UALF00005630","Splink","UALF",,"313","Native","Ouro","Bronze",,"Em um fragmento florestal antes do cume com as antenas."
"ÁREA DE PROTEÇÃO AMBIENTAL CAMPOS DO JORDÃO","Angiosperms","Gesneriaceae","Sinningia","magnifica","(Otto & A.Dietr.) Wiehler","GESNERIACEAE Sinningia magnifica (Otto & A.Dietr.) Wiehler","71812","GBIF","SPF","Magalhaes, J.C.","1971","Native","Ouro","Bronze","https://images.cria.org.br/viewer/SPF00071812",
"ÁREA DE PROTEÇÃO AMBIENTAL CAMPOS DO JORDÃO","Ferns and Lycophytes","Gleicheniaceae","Dicranopteris","flexuosa","(Schrad.) Underw.","GLEICHENIACEAE Dicranopteris flexuosa (Schrad.) Underw.","88808","GBIF","PACA","Windisch, P.G.","9154","Native","Ouro","Bronze",,"Divisa com com Pindamonhangaba, Serra da Mantiqueira., São José dos Alpes."
"ÁREA DE PROTEÇÃO AMBIENTAL CAMPOS DO JORDÃO","Ferns and Lycophytes","Gleicheniaceae","Dicranopteris","nervosa","(Kaulf.) Maxon","GLEICHENIACEAE Dicranopteris nervosa (Kaulf.) Maxon","RFA41501","Splink","RFA",,"8239","Native","Ouro","Bronze",,
"ÁREA DE PROTEÇÃO AMBIENTAL CAMPOS DO JORDÃO","Ferns and Lycophytes","Gleicheniaceae","Gleichenia",,"Sm.","GLEICHENIACEAE Gleichenia Sm.","879383","GBIF","NY","Schnell, R.A.A.","8942",,"Ouro","Bronze",,"Campos de Jordão."
"ÁREA DE PROTEÇÃO AMBIENTAL CAMPOS DO JORDÃO","Ferns and Lycophytes","Gleicheniaceae","Sticherus","bifidus","(Willd.) Ching","GLEICHENIACEAE Sticherus bifidus (Willd.) Ching","PACA111610","Splink","PACA",,,"Native","Ouro","Bronze",,
"ÁREA DE PROTEÇÃO AMBIENTAL CAMPOS DO JORDÃO","Ferns and Lycophytes","Gleicheniaceae","Sticherus","pruinosus","(Mart.) Ching","GLEICHENIACEAE Sticherus pruinosus (Mart.) Ching","17736","GBIF","UEC","Davis, P.H.","2959","Native","Ouro","Bronze","https://images.cria.org.br/viewer/UEC052485","Estrada desde Monteiro Lobato, Perto do Hotel Toriba."
"ÁREA DE PROTEÇÃO AMBIENTAL CAMPOS DO JORDÃO",,"Goodeniaceae|Campanulaceae","Scaevola|Lobelia",,"L.","GOODENIACEAE|CAMPANULACEAE Scaevola L.|Lobelia L.","180312","GBIF","UB","Carvalho-Silva, M.","1285",,"Latão","Bronze",,"En la via a Piquete."
"ÁREA DE PROTEÇÃO AMBIENTAL CAMPOS DO JORDÃO","Angiosperms","Griseliniaceae","Griselinia","ruscifolia","(Clos) Ball","GRISELINIACEAE Griselinia ruscifolia (Clos) Ball","RB00072638","GBIF","RB","Rubens, A.A.B.","188","Native","Ouro","Bronze","jbrj-public-img.s3-sa-east-1.amazonaws.com/JPG/rb/0/7/26/38/00072638.jpg",
"ÁREA DE PROTEÇÃO AMBIENTAL CAMPOS DO JORDÃO","Angiosperms","Haloragaceae","Myriophyllum","aquaticum","(Vell.) Verdc.","HALORAGACEAE Myriophyllum aquaticum (Vell.) Verdc.","109835","GBIF","UEC","Anderson, L.O.","81","Native","Bronze","Bronze","https://images.cria.org.br/viewer/UEC092727","Parque dos Lagos, São Bento do Sapucaí"
"ÁREA DE PROTEÇÃO AMBIENTAL CAMPOS DO JORDÃO","Angiosperms","Heliotropiaceae","Myriopus","breviflorus","(DC.) Luebert","HELIOTROPIACEAE Myriopus breviflorus (DC.) Luebert","69151","GBIF","UEC","Galvao, J.C.","26440","Native","Bronze","Bronze","https://images.cria.org.br/viewer/UEC049371","Estrada antiga de Campos do Jordão à Sto. Antônio dos Pinhais."
"ÁREA DE PROTEÇÃO AMBIENTAL CAMPOS DO JORDÃO","Angiosperms","Hydrangeaceae","Deutzia","crenata","Siebold & Zucc.","HYDRANGEACEAE Deutzia crenata Siebold & Zucc.","155833","GBIF","SP","Mattos, J.","15920","Cultivated","Latão","Ouro",,"Procedência ignorada. Cultivada no Parque Estadual de Campos do Jordão"
"ÁREA DE PROTEÇÃO AMBIENTAL CAMPOS DO JORDÃO","Angiosperms","Hydrangeaceae","Deutzia","scabra","Thunb.","HYDRANGEACEAE Deutzia scabra Thunb.","HPL008561","Splink","HPL",,"1874","Cultivated","Bronze","Bronze",,"Coletado e cultivado nas proximidades do município de Campos do Jordão; perto da Lagoinha."
"ÁREA DE PROTEÇÃO AMBIENTAL CAMPOS DO JORDÃO","Angiosperms","Hydrangeaceae","Hydrangea","macrophylla","(Thunb.) Ser.","HYDRANGEACEAE Hydrangea macrophylla (Thunb.) Ser.","244845","GBIF","SP","Fatima","46","Cultivated","Latão","Bronze",,
"ÁREA DE PROTEÇÃO AMBIENTAL CAMPOS DO JORDÃO","Angiosperms","Hydrangeaceae","Hydrangea","paniculata","Siebold","HYDRANGEACEAE Hydrangea paniculata Siebold","HPL008478","Splink","HPL",,"1970","Cultivated","Bronze","Bronze",,"Coletado e cultivado como ornamental nas proximidades do município de Campos do Jordão."
"ÁREA DE PROTEÇÃO AMBIENTAL CAMPOS DO JORDÃO","Angiosperms","Hydrangeaceae","Philadelphus","coronarius","L.","HYDRANGEACEAE Philadelphus coronarius L.","HPL008477","Splink","HPL",,"1875","Cultivated","Bronze","Bronze",,"Coletado e cultivado no município de Campos do Jordão (Lagoinha)."
"ÁREA DE PROTEÇÃO AMBIENTAL CAMPOS DO JORDÃO","Angiosperms","Hydrocharitaceae","Egeria","densa","Planch.","HYDROCHARITACEAE Egeria densa Planch.","109863","GBIF","UEC","Anderson, L.O.","69","Native","Bronze","Bronze","https://images.cria.org.br/viewer/UEC056213","Fazenda Gravatá"
"ÁREA DE PROTEÇÃO AMBIENTAL CAMPOS DO JORDÃO","Ferns and Lycophytes","Hymenophyllaceae","Abrodictyum","rigidum","(Sw.) Ebihara & Dubuisson","HYMENOPHYLLACEAE Abrodictyum rigidum (Sw.) Ebihara & Dubuisson","001733","Splink","ICN",,"1733","Native","Prata","Bronze",,
"ÁREA DE PROTEÇÃO AMBIENTAL CAMPOS DO JORDÃO","Ferns and Lycophytes","Hymenophyllaceae","Hymenophyllum","asplenioides","(Sw.) Sw.","HYMENOPHYLLACEAE Hymenophyllum asplenioides (Sw.) Sw.","29599","GBIF","BHCB","Salino, A.","1374","Native","Bronze","Ouro",,"Parque Estadual de Campos do Jordão, Trilha do rio Sapucai. Floresta Mista com Araucaria e Podocarpus da Serra da Mnatiqueira."
"ÁREA DE PROTEÇÃO AMBIENTAL CAMPOS DO JORDÃO","Ferns and Lycophytes","Hymenophyllaceae","Hymenophyllum","caudiculatum","Mart.","HYMENOPHYLLACEAE Hymenophyllum caudiculatum Mart.","25483","GBIF","CESJ","Novelino, R.F.","236","Native","Bronze","Bronze",,"Mata de <em>Araucaria</em> e <em>Podocarpus</em>, próxima ao riacho. Epífita."
"ÁREA DE PROTEÇÃO AMBIENTAL CAMPOS DO JORDÃO","Ferns and Lycophytes","Hymenophyllaceae","Hymenophyllum","fucoides","(Sw.) Sw.","HYMENOPHYLLACEAE Hymenophyllum fucoides (Sw.) Sw.","25491","GBIF","CESJ","Novelino, R.F.","234","Native","Bronze","Bronze",,"São José dos Alpes, Tres Pontas"
"ÁREA DE PROTEÇÃO AMBIENTAL CAMPOS DO JORDÃO","Ferns and Lycophytes","Hymenophyllaceae","Hymenophyllum","megachilum","C.Presl","HYMENOPHYLLACEAE Hymenophyllum megachilum C.Presl","105014","GBIF","PACA","Windisch","9120","Native","Bronze","Bronze",,"Divisa com Campos do Jordão."
"ÁREA DE PROTEÇÃO AMBIENTAL CAMPOS DO JORDÃO","Ferns and Lycophytes","Hymenophyllaceae","Hymenophyllum","myriocarpum","Hook.","HYMENOPHYLLACEAE Hymenophyllum myriocarpum Hook.","2873","GBIF","HRCB","Vieira, F.J.","11","Unknown","Bronze","Bronze",,
"ÁREA DE PROTEÇÃO AMBIENTAL CAMPOS DO JORDÃO","Ferns and Lycophytes","Hymenophyllaceae","Hymenophyllum","polyanthos","(Sw.) Sw.","HYMENOPHYLLACEAE Hymenophyllum polyanthos (Sw.) Sw.","IBGE00019901","GBIF","IBGE","Davis, P.H.","9058","Native","Ouro","Bronze","jbrj-public.s3-sa-east-1.amazonaws.com/fsi/server?type=image&source=DZI/ibge/ibge/0/1/99/1/ibge00019901.dzi","Reserva do Instituto Florestal. Estrada do Moreira para São José dos Alpes, perto da colônia. Folha: SF-23-Y-B. Coordenada calculada."
"ÁREA DE PROTEÇÃO AMBIENTAL CAMPOS DO JORDÃO","Ferns and Lycophytes","Hymenophyllaceae","Hymenophyllum","rufum","Fée","HYMENOPHYLLACEAE Hymenophyllum rufum Fée","105016","GBIF","PACA","Windisch","9121","Native","Bronze","Bronze",,"Divisa com Campos do Jordão, Serra da Mantiqueira, São José dos Alpes."
"ÁREA DE PROTEÇÃO AMBIENTAL CAMPOS DO JORDÃO","Ferns and Lycophytes","Hymenophyllaceae","Hymenophyllum","schomburgkii","C. Presl ex J.W. Sturm.","HYMENOPHYLLACEAE Hymenophyllum schomburgkii C. Presl ex J.W. Sturm.","105027","GBIF","PACA","Windisch, P.G.","6862","Native","Bronze","Bronze",,"Serra do Mar (acesso Campos de Cunha e Macacos), Rio das Pedras."
"ÁREA DE PROTEÇÃO AMBIENTAL CAMPOS DO JORDÃO","Ferns and Lycophytes","Hymenophyllaceae","Hymenophyllum","sturmii","Bosch","HYMENOPHYLLACEAE Hymenophyllum sturmii Bosch","104995","GBIF","PACA","Windisch, P.G.","9134","Native","Bronze","Bronze",,"Divisa com Pindamonhangaba. Serra da Mantiqueira, São José dos Alpes."
"ÁREA DE PROTEÇÃO AMBIENTAL CAMPOS DO JORDÃO","Ferns and Lycophytes","Hymenophyllaceae","Hymenophyllum","tunbrigense","(L.) Sm.","HYMENOPHYLLACEAE Hymenophyllum tunbrigense (L.) Sm.","25490","GBIF","CESJ","Novelino, R.F.","240","Unknown","Bronze","Bronze",,"São José dos Alpes, Três Pontas."
"ÁREA DE PROTEÇÃO AMBIENTAL CAMPOS DO JORDÃO","Ferns and Lycophytes","Hymenophyllaceae","Hymenophyllum","venustum","Desv.","HYMENOPHYLLACEAE Hymenophyllum venustum Desv.","PACA105029","Splink","PACA",,"6863","Native","Bronze","Bronze",,"Serra do Mar (acesso Campos de Cunha e Macacos), Rio das Pedras."
"ÁREA DE PROTEÇÃO AMBIENTAL CAMPOS DO JORDÃO","Ferns and Lycophytes","Hymenophyllaceae","Hymenophyllum","viridissimum","Fée","HYMENOPHYLLACEAE Hymenophyllum viridissimum Fée","105013","GBIF","PACA","Windisch","9119","Native","Bronze","Bronze",,"Divisa com campos do Jordão, Serra da Mantiqueira, São José dos Alpes"
"ÁREA DE PROTEÇÃO AMBIENTAL CAMPOS DO JORDÃO","Ferns and Lycophytes","Hymenophyllaceae","Polyphlebium","angustatum","(Carmich.) Ebihara & Dubuisson","HYMENOPHYLLACEAE Polyphlebium angustatum (Carmich.) Ebihara & Dubuisson","174938","GBIF","BHCB","Novelino, R.F.","225","Native","Bronze","Bronze",,"Próximo ao Horto Florestal. Epífita, no caule de Dicksonia. Local sombreado, dentro da mata de Araucaria e Podocarpus."
"ÁREA DE PROTEÇÃO AMBIENTAL CAMPOS DO JORDÃO","Ferns and Lycophytes","Hymenophyllaceae","Trichomanes","anadromum","Rosenst.","HYMENOPHYLLACEAE Trichomanes anadromum Rosenst.","001766","Splink","ICN",,"s.n.","Native","Bronze","Bronze",,
"ÁREA DE PROTEÇÃO AMBIENTAL CAMPOS DO JORDÃO","Angiosperms","Hypericaceae","Hypericum","brasiliense","Choisy","HYPERICACEAE Hypericum brasiliense Choisy","HRB00005444","Splink","HRB",,"36","Native","Ouro","Bronze",,
"ÁREA DE PROTEÇÃO AMBIENTAL CAMPOS DO JORDÃO","Angiosperms","Hypericaceae","Hypericum","cordiforme","A.St.-Hil.","HYPERICACEAE Hypericum cordiforme A.St.-Hil.","SPSF00009610","Splink","SPSF",,"385","Native","Bronze","Ouro",,"Parque Estadual de Campos do Jordão."
"ÁREA DE PROTEÇÃO AMBIENTAL CAMPOS DO JORDÃO","Angiosperms","Hypericaceae","Hypericum","rigidum","A.St.-Hil.","HYPERICACEAE Hypericum rigidum A.St.-Hil.","57455","GBIF","SPSF","Shirasuna, R.T.","5351","Native","Prata","Ouro","https://images.cria.org.br/viewer/SPSF00057455","Parque Estadual de Campos do Jordão"
"ÁREA DE PROTEÇÃO AMBIENTAL CAMPOS DO JORDÃO","Angiosperms","Hypericaceae","Hypericum","ternum","A.St.-Hil.","HYPERICACEAE Hypericum ternum A.St.-Hil.","115818","GBIF","SP","Mattos, J.","14322","Native","Ouro","Ouro",,"Fazenda da Guarda (Horto Florestal)"
"ÁREA DE PROTEÇÃO AMBIENTAL CAMPOS DO JORDÃO","Angiosperms","Hypericaceae","Vismia","micrantha","A.St.-Hil.","HYPERICACEAE Vismia micrantha A.St.-Hil.","SPSF00007641","Splink","SPSF",,,"Native","Latão","Bronze",,"Parque Estadual do Instituto Florestal."
"ÁREA DE PROTEÇÃO AMBIENTAL CAMPOS DO JORDÃO","Angiosperms","Hypoxidaceae","Hypoxis","decumbens","L.","HYPOXIDACEAE Hypoxis decumbens L.","76966","GBIF","FLOR","Hashimoto, G.","35518","Native","Ouro","Bronze","https://images.cria.org.br/viewer/FLOR0076966","Abernesia."
"ÁREA DE PROTEÇÃO AMBIENTAL CAMPOS DO JORDÃO","Angiosperms","Iridaceae","Calydorea","campestris","(Klatt) Baker","IRIDACEAE Calydorea campestris (Klatt) Baker","429551","GBIF","MBM","Lozano, E.D.","4355","Native","Ouro","Bronze","https://images.cria.org.br/viewer/MBM429551","Hotel Golden Park Campos."
"ÁREA DE PROTEÇÃO AMBIENTAL CAMPOS DO JORDÃO","Angiosperms","Iridaceae","Crocosmia",,"(Lemoine) N.E.Br.","IRIDACEAE Crocosmia ×crocosmiiflora (Lemoine) N.E.Br.","26397","GBIF","IAC","Botanica, E.S.","s/nº","Naturalized","Ouro","Bronze",,
"ÁREA DE PROTEÇÃO AMBIENTAL CAMPOS DO JORDÃO","Angiosperms","Iridaceae","Gelasine","coerulea","(Vell.) Ravenna","IRIDACEAE Gelasine coerulea (Vell.) Ravenna","2108","Splink","MACK",,"9","Native","Bronze","Bronze",,"Trilha Cajará"
"ÁREA DE PROTEÇÃO AMBIENTAL CAMPOS DO JORDÃO","Angiosperms","Iridaceae","Gladiolus","hortulanus","L.H.Bailey","IRIDACEAE Gladiolus hortulanus L.H.Bailey","37351720","GBIF","Observations","Christopher_berry",,"Cultivated","Bronze","Bronze",,"Campos do Jordão - State of São Paulo, 12460-000, Brazil"
"ÁREA DE PROTEÇÃO AMBIENTAL CAMPOS DO JORDÃO",,"Iridaceae","Herberta",,"Lindb.","IRIDACEAE Herberta Lindb.","086698","GBIF","SP-BRYOPHYTA","Vital, D.M.","510",,"Latão","Bronze",,
"ÁREA DE PROTEÇÃO AMBIENTAL CAMPOS DO JORDÃO",,"Iridaceae","Herbertus","juniperoideus","(Spruce) K.Feldberg & Heinrichs","IRIDACEAE Herbertus juniperoideus subsp. bivittatus (Spruce) K.Feldberg & Heinrichs","01408197","GBIF","NY","Molon, R.C.","8670",,"Bronze","Bronze",,"Campos de Jordão, Santa Cruz"
"ÁREA DE PROTEÇÃO AMBIENTAL CAMPOS DO JORDÃO","Angiosperms","Iridaceae","Iris",,"Tourn. ex L.","IRIDACEAE Iris Tourn. ex L.","RFA31385","Splink","RFA",,"8031",,"Ouro","Bronze",,
"ÁREA DE PROTEÇÃO AMBIENTAL CAMPOS DO JORDÃO","Angiosperms","Iridaceae","Sisyrinchium","alatum","Hook.","IRIDACEAE Sisyrinchium alatum Hook.","3040192","GBIF","MO","Kuhlmann, M.","2215","Native","Ouro","Bronze",,"Pico do Itapeva"
"ÁREA DE PROTEÇÃO AMBIENTAL CAMPOS DO JORDÃO","Angiosperms","Iridaceae","Sisyrinchium","commutatum","Klatt","IRIDACEAE Sisyrinchium commutatum Klatt","ESA044959","Splink","ESA",,"3061","Native","Ouro","Bronze",,
"ÁREA DE PROTEÇÃO AMBIENTAL CAMPOS DO JORDÃO","Angiosperms","Iridaceae","Sisyrinchium","distantiflorum","Kraenzl.","IRIDACEAE Sisyrinchium distantiflorum Kraenzl.","17264","GBIF","UEC","Davis, P.H.","3091","Native","Ouro","Bronze","https://images.cria.org.br/viewer/UEC056028","Reserva do Instituto Florestal. Estrada para Paiol. Coordenada calculada."
"ÁREA DE PROTEÇÃO AMBIENTAL CAMPOS DO JORDÃO","Angiosperms","Iridaceae","Sisyrinchium","fasciculatum","Klatt","IRIDACEAE Sisyrinchium fasciculatum Klatt","47825","GBIF","SPSF","Barreto, T.E.","156","Native","Latão","Ouro",,"PECJ."
"ÁREA DE PROTEÇÃO AMBIENTAL CAMPOS DO JORDÃO","Angiosperms","Iridaceae","Sisyrinchium","hasslerianum","Baker","IRIDACEAE Sisyrinchium hasslerianum Baker","70115","GBIF","HAS","Mattos, J.","16015","Native","Bronze","Bronze",,"no Parque Estadual em São José dos Alpes"
"ÁREA DE PROTEÇÃO AMBIENTAL CAMPOS DO JORDÃO","Angiosperms","Iridaceae","Sisyrinchium","luzula","Klotzsch ex Klatt","IRIDACEAE Sisyrinchium luzula Klotzsch ex Klatt","212466","GBIF","SPF","Lovo, J.","232","Native","Bronze","Ouro",,"Parque Estadual de Campos do Jordão, Trilha da cachoeira."
"ÁREA DE PROTEÇÃO AMBIENTAL CAMPOS DO JORDÃO","Angiosperms","Iridaceae","Sisyrinchium","marchio","(Vell.) Steud.","IRIDACEAE Sisyrinchium marchio (Vell.) Steud.","ICN00042424","Splink","ICN",,"2512","Native","Ouro","Bronze",,"Entre Campos do Jordão e Piranguçu. Serra da Mantiqueira. Descendo da Serra para Venceslau Brás"
"ÁREA DE PROTEÇÃO AMBIENTAL CAMPOS DO JORDÃO","Angiosperms","Iridaceae","Sisyrinchium","micranthum","Cav.","IRIDACEAE Sisyrinchium micranthum Cav.","SPSF00015857","Splink","SPSF",,"3","Native","Ouro","Bronze",,"Pico do Itapeva."
"ÁREA DE PROTEÇÃO AMBIENTAL CAMPOS DO JORDÃO","Angiosperms","Iridaceae","Sisyrinchium","nidulare","(Hand.-Mazz.) I.M.Johnst.","IRIDACEAE Sisyrinchium nidulare (Hand.-Mazz.) I.M.Johnst.","K000924715","GBIF","K","Cordeiro, I.","2779","Native","Ouro","Ouro",,"Parque Estadual de Campos de Jordão, trilha do Rio Sapucaí."
"ÁREA DE PROTEÇÃO AMBIENTAL CAMPOS DO JORDÃO","Angiosperms","Iridaceae","Sisyrinchium","palmifolium","L.","IRIDACEAE Sisyrinchium palmifolium L.","11526","GBIF","HUEFS","Queiroz, L.P.","2697","Native","Ouro","Bronze","https://images.cria.org.br/viewer/HUEFS0011526 | https://images.cria.org.br/viewer/HUEFS0011526_01",
"ÁREA DE PROTEÇÃO AMBIENTAL CAMPOS DO JORDÃO","Angiosperms","Iridaceae","Sisyrinchium","rectilineum","Ravenna","IRIDACEAE Sisyrinchium rectilineum Ravenna","RB00628318","GBIF","RB","Porto, P.C.","3309","Native","Ouro","Bronze","jbrj-public-img.s3-sa-east-1.amazonaws.com/JPG/rb/0/62/83/18/00628318.jpg","Campos de Jordao"
"ÁREA DE PROTEÇÃO AMBIENTAL CAMPOS DO JORDÃO","Angiosperms","Iridaceae","Sisyrinchium","vaginatum","Spreng.","IRIDACEAE Sisyrinchium vaginatum Spreng.","18953","GBIF","BOTU","Amaral Junior, A.S.M.","280","Native","Ouro","Bronze",,
"ÁREA DE PROTEÇÃO AMBIENTAL CAMPOS DO JORDÃO","Angiosperms","Iridaceae","Sisyrinchium","weirii","Baker","IRIDACEAE Sisyrinchium weirii Baker","55980","GBIF","SPSF","Ivanauskas, N.M.","7276","Native","Prata","Ouro","https://images.cria.org.br/viewer/SPSF00055980","Parque Estadual de Campos do Jordão"
"ÁREA DE PROTEÇÃO AMBIENTAL CAMPOS DO JORDÃO","Angiosperms","Iridaceae","Tigridia","pavonia","(L.f.) Redouté","IRIDACEAE Tigridia pavonia (L.f.) Redouté","HPL010032","Splink","HPL",,"800","Cultivated","Bronze","Bronze",,"Coletado nas proximidades do município de Campos do Jordão."
"ÁREA DE PROTEÇÃO AMBIENTAL CAMPOS DO JORDÃO",,"Iridaceae","Trimezia","liebmannii","Govaerts","IRIDACEAE Trimezia liebmannii Govaerts","64212739","GBIF","Observations","Ramos, P.H.M.",,,"Bronze","Bronze",,"Campos do Jordão - SP, 12460-000, Brasil"
"ÁREA DE PROTEÇÃO AMBIENTAL CAMPOS DO JORDÃO","Angiosperms","Iridaceae","Trimezia","martinicensis","(Jacq.) Herb.","IRIDACEAE Trimezia martinicensis (Jacq.) Herb.","32427","GBIF","HEPH","Maruyama, A.","291","Native","Ouro","Bronze",,
"ÁREA DE PROTEÇÃO AMBIENTAL CAMPOS DO JORDÃO","Angiosperms","Iridaceae","Watsonia","borbonica","(Pourr.) Goldblatt","IRIDACEAE Watsonia borbonica (Pourr.) Goldblatt","HPL011298","Splink","HPL",,"1156","Cultivated","Bronze","Bronze",,"Coletado e cultivado no município de Campos do Jordão."
"ÁREA DE PROTEÇÃO AMBIENTAL CAMPOS DO JORDÃO",,"Iridaceae|Caryophyllaceae","Cypella|Polycarpaea",,"Herb.|Lam.","IRIDACEAE|CARYOPHYLLACEAE Cypella Herb.|Polycarpaea Lam.","UB1331212","Splink","UB",,"2001",,"Latão","Ouro",,"Parque Estadual de Campos do Jordão."
"ÁREA DE PROTEÇÃO AMBIENTAL CAMPOS DO JORDÃO","Angiosperms","Juncaceae","Juncus","effusus","L.","JUNCACEAE Juncus effusus L.","183753","GBIF","SP","Kuhlmann, M.","2179","Native","Latão","Bronze",,"Mata da Boa Vista"
"ÁREA DE PROTEÇÃO AMBIENTAL CAMPOS DO JORDÃO","Angiosperms","Juncaceae","Juncus","imbricatus","Laharpe","JUNCACEAE Juncus imbricatus Laharpe","SPSF00016211","Splink","SPSF",,"473","Native","Ouro","Ouro",,"Parque Estadual de Campos do Jordão."
"ÁREA DE PROTEÇÃO AMBIENTAL CAMPOS DO JORDÃO","Angiosperms","Juncaceae","Juncus","microcephalus","Kunth","JUNCACEAE Juncus microcephalus Kunth","42985","GBIF","SP","Hashimoto, G.","350","Native","Latão","Bronze",,
"ÁREA DE PROTEÇÃO AMBIENTAL CAMPOS DO JORDÃO","Angiosperms","Juncaceae","Juncus","tenuis","Willd.","JUNCACEAE Juncus tenuis Willd.","412998","GBIF","SP","Wanderley, M.G.L.","2780","Native","Bronze","Bronze",,"Trilha do rio Sapucaia"
"ÁREA DE PROTEÇÃO AMBIENTAL CAMPOS DO JORDÃO","Angiosperms","Juncaginaceae","Triglochin",,"Riv. ex L.","JUNCAGINACEAE Triglochin Riv. ex L.","9783","Splink","SINBIOTA",,,,"Latão","Bronze",,"_"
"ÁREA DE PROTEÇÃO AMBIENTAL CAMPOS DO JORDÃO","Angiosperms","Lamiaceae","Aegiphila","mediterranea","Vell.","LAMIACEAE Aegiphila mediterranea Vell.","SPSF00009584","Splink","SPSF",,"355","Native","Ouro","Ouro",,"Parque Estadual de Campos do Jordão."
"ÁREA DE PROTEÇÃO AMBIENTAL CAMPOS DO JORDÃO","Angiosperms","Lamiaceae","Aegiphila","novofriburgensis","Moldenke","LAMIACEAE Aegiphila novofriburgensis Moldenke","SPSF00007667","Splink","SPSF",,,"Native","Ouro","Bronze",,"P.E.Instituto Florestal."
"ÁREA DE PROTEÇÃO AMBIENTAL CAMPOS DO JORDÃO","Angiosperms","Lamiaceae","Aegiphila","obducta","Vell.","LAMIACEAE Aegiphila obducta Vell.","102356","GBIF","HUEFS","Robim, M.J.","spsf8699","Native","Ouro","Bronze","https://images.cria.org.br/viewer/HUEFS0102356","Parque Estadual, estrada do paiol."
"ÁREA DE PROTEÇÃO AMBIENTAL CAMPOS DO JORDÃO","Angiosperms","Lamiaceae","Aegiphila","verticillata","Vell.","LAMIACEAE Aegiphila verticillata Vell.","58173","GBIF","SPSF","Goncalves, L.N.","1107","Native","Bronze","Ouro","https://images.cria.org.br/viewer/SPSF00058173 | https://images.cria.org.br/viewer/SPSF00058173_v1","Parque Estadual de Campos do Jordão"
"ÁREA DE PROTEÇÃO AMBIENTAL CAMPOS DO JORDÃO","Angiosperms","Lamiaceae","Ajuga","reptans","L.","LAMIACEAE Ajuga reptans L.","209246","GBIF","UEC","Campos-Rocha, A.","1175","Cultivated","Bronze","Bronze","https://images.cria.org.br/viewer/UEC179400","Campos do Jordão-SP, em cultivo no Hotel Toriba, jardim entre recepção/estacionamento"
"ÁREA DE PROTEÇÃO AMBIENTAL CAMPOS DO JORDÃO","Angiosperms","Lamiaceae","Cantinoa","muricata","(Schott ex Benth.) Harley & J.F.B.Pastore","LAMIACEAE Cantinoa muricata (Schott ex Benth.) Harley & J.F.B.Pastore","SPSF00009033","Splink","SPSF",,"269","Native","Ouro","Ouro",,"Parque Estadual"
"ÁREA DE PROTEÇÃO AMBIENTAL CAMPOS DO JORDÃO","Angiosperms","Lamiaceae","Cantinoa","mutabilis","(Rich.) Harley & J.F.B.Pastore","LAMIACEAE Cantinoa mutabilis (Rich.) Harley & J.F.B.Pastore","180315","GBIF","UB","Carvalho-Silva, M.","1287","Native","Bronze","Bronze",,"En la via a Piquete."
"ÁREA DE PROTEÇÃO AMBIENTAL CAMPOS DO JORDÃO","Angiosperms","Lamiaceae","Cantinoa","plectranthoides","(Benth.) Harley & J.F.B.Pastore","LAMIACEAE Cantinoa plectranthoides (Benth.) Harley & J.F.B.Pastore","137722","Splink","SP",,"221","Native","Ouro","Bronze",,"Campos do Jordao, Vila Matilde, áreas do Sanatório Sao Francisco. Xavier."
"ÁREA DE PROTEÇÃO AMBIENTAL CAMPOS DO JORDÃO","Angiosperms","Lamiaceae","Coleus","barbatus","(Andrews) Benth.","LAMIACEAE Coleus barbatus (Andrews) Benth.","SPSF00008600","Splink","SPSF",,,"Cultivated","Latão","Bronze",,"Parque Estadual do Instituto Florestal."
"ÁREA DE PROTEÇÃO AMBIENTAL CAMPOS DO JORDÃO","Angiosperms","Lamiaceae","Condea","fastigiata","(Benth.) Harley & J.F.B.Pastore","LAMIACEAE Condea fastigiata (Benth.) Harley & J.F.B.Pastore","K001233717","GBIF","K","Pickel, B.","5236","Native","Latão","Bronze","jbrj-public.s3-sa-east-1.amazonaws.com/fsi/server?type=image&source=DZI/kew/k/0/12/33/71/7/k001233717.dzi","Capivari, no mato."
"ÁREA DE PROTEÇÃO AMBIENTAL CAMPOS DO JORDÃO","Angiosperms","Lamiaceae","Condea","undulata","(Schrank) Harley & J.F.B.Pastore","LAMIACEAE Condea undulata (Schrank) Harley & J.F.B.Pastore","10131","GBIF","IPA","Pickel, B.","5236","Native","Bronze","Bronze",,"Capivari, no mato."
"ÁREA DE PROTEÇÃO AMBIENTAL CAMPOS DO JORDÃO","Angiosperms","Lamiaceae","Cunila","galioides","Benth.","LAMIACEAE Cunila galioides Benth.","HRB00005477","Splink","HRB",,"90","Native","Ouro","Bronze",,"São José dos Alpes, Campo do Moreira."
"ÁREA DE PROTEÇÃO AMBIENTAL CAMPOS DO JORDÃO","Angiosperms","Lamiaceae","Cyanocephalus","cuneatus","(Pohl ex Benth.) Harley & J.F.B.Pastore","LAMIACEAE Cyanocephalus cuneatus (Pohl ex Benth.) Harley & J.F.B.Pastore","3025","GBIF","FCAB","Davis, P.H.","3092","Native","Ouro","Bronze",,"Reserva do Instituto Florestal. Estrada para o Paiol."
"ÁREA DE PROTEÇÃO AMBIENTAL CAMPOS DO JORDÃO","Angiosperms","Lamiaceae","Cyanocephalus","lippioides","(Pohl ex Benth.) Harley & J.F.B.Pastore","LAMIACEAE Cyanocephalus lippioides (Pohl ex Benth.) Harley & J.F.B.Pastore","SPSF00014520","Splink","SPSF",,"215","Native","Ouro","Bronze",,"Morro do Elefante."
"ÁREA DE PROTEÇÃO AMBIENTAL CAMPOS DO JORDÃO","Angiosperms","Lamiaceae","Cyanocephalus","rugosus","(Benth.) Harley & J.F.B.Pastore","LAMIACEAE Cyanocephalus rugosus (Benth.) Harley & J.F.B.Pastore","137149","GBIF","SPF","Giulietti, A.M.","1062","Native","Ouro","Bronze","https://images.cria.org.br/viewer/SPF00137149",
"ÁREA DE PROTEÇÃO AMBIENTAL CAMPOS DO JORDÃO","Angiosperms","Lamiaceae","Eriope","crassipes","Benth.","LAMIACEAE Eriope crassipes Benth.","189305","GBIF","MBM","Barreto, K.D.","1252","Native","Prata","Ouro","https://images.cria.org.br/viewer/MBM189305","Horto Florestal."
"ÁREA DE PROTEÇÃO AMBIENTAL CAMPOS DO JORDÃO","Angiosperms","Lamiaceae","Eriope","macrostachya","Mart. ex Benth.","LAMIACEAE Eriope macrostachya var. macrostachya Mart. ex Benth.","101866","GBIF","SP","Mattos, J.","15050","Native","Ouro","Bronze",,"Fazenda da Guarda, Reserva Florestal"
"ÁREA DE PROTEÇÃO AMBIENTAL CAMPOS DO JORDÃO","Angiosperms","Lamiaceae","Glechon","hoehneana","Epling","LAMIACEAE Glechon hoehneana Epling","21178","GBIF","BOTU","Amaral Junior, A.B.R.H.","12296-39","Native","Prata","Bronze",,"Trilha do Sapucaí"
"ÁREA DE PROTEÇÃO AMBIENTAL CAMPOS DO JORDÃO","Angiosperms","Lamiaceae","Gymneia",,"(Benth.) Harley & J.F.B.Pastore","LAMIACEAE Gymneia (Benth.) Harley & J.F.B.Pastore","SPSF00014265","Splink","SPSF",,"76",,"Latão","Ouro",,"P.E. de Campos do Jordão."
"ÁREA DE PROTEÇÃO AMBIENTAL CAMPOS DO JORDÃO","Angiosperms","Lamiaceae","Hesperozygis","myrtoides","(A.St.-Hil. ex Benth.) Epling","LAMIACEAE Hesperozygis myrtoides (A.St.-Hil. ex Benth.) Epling","66799","GBIF","SPF","Pirani, J.R.","2592","Native","Ouro","Bronze","https://images.cria.org.br/viewer/SPF00066799","MIrante de São José dos Alpes."
"ÁREA DE PROTEÇÃO AMBIENTAL CAMPOS DO JORDÃO","Angiosperms","Lamiaceae","Hyptis","lantanifolia","Poit.","LAMIACEAE Hyptis lantanifolia Poit.","ESA014953","GBIF","ESA","Barreto, K.D.","1082","Native","Ouro","Bronze","jbrj-public.s3-sa-east-1.amazonaws.com/fsi/server?type=image&source=DZI/esa/esa/0/1/49/53/esa00014953.dzi",
"ÁREA DE PROTEÇÃO AMBIENTAL CAMPOS DO JORDÃO","Angiosperms","Lamiaceae","Hyptis","radicans","(Pohl) Harley & J.F.B.Pastore","LAMIACEAE Hyptis radicans (Pohl) Harley & J.F.B.Pastore","26273","GBIF","HCF","Antar, G.M.","1623","Native","Ouro","Bronze","https://images.cria.org.br/viewer/HCF000026798",
"ÁREA DE PROTEÇÃO AMBIENTAL CAMPOS DO JORDÃO","Angiosperms","Lamiaceae","Lavandula","angustifolia","Mill.","LAMIACEAE Lavandula angustifolia Mill.","PACA027847","Splink","PACA",,,"Cultivated","Prata","Bronze",,
"ÁREA DE PROTEÇÃO AMBIENTAL CAMPOS DO JORDÃO","Angiosperms","Lamiaceae","Leonurus","japonicus","Houtt.","LAMIACEAE Leonurus japonicus Houtt.","SPSF00007686","Splink","SPSF",,,"Naturalized","Bronze","Bronze",,"Parque Estadual do Instituto Florestal."
"ÁREA DE PROTEÇÃO AMBIENTAL CAMPOS DO JORDÃO","Angiosperms","Lamiaceae","Lepechinia","speciosa","(A.St.-Hil. ex Benth.) Epling","LAMIACEAE Lepechinia speciosa (A.St.-Hil. ex Benth.) Epling","1557","GBIF","FCAB","P., E.L.S.J.","388","Native","Ouro","Bronze",,
"ÁREA DE PROTEÇÃO AMBIENTAL CAMPOS DO JORDÃO","Angiosperms","Lamiaceae","Mesosphaerum","sidifolium","(L'Hér.) Harley & J.F.B.Pastore","LAMIACEAE Mesosphaerum sidifolium (L'Hér.) Harley & J.F.B.Pastore","180313","GBIF","UB","Carvalho-Silva, M.","1286","Native","Prata","Bronze",,"En la via a Piquete."
"ÁREA DE PROTEÇÃO AMBIENTAL CAMPOS DO JORDÃO","Angiosperms","Lamiaceae","Mesosphaerum","suaveolens","(L.) Kuntze","LAMIACEAE Mesosphaerum suaveolens (L.) Kuntze","RB01384658","GBIF","RB","Maruyama, A.","815","Native","Ouro","Bronze","jbrj-public-img.s3-sa-east-1.amazonaws.com/JPG/rb/1/38/46/58/01384658.jpg","Bairro dos melos, próximo a entrada do sítio dos campos"
"ÁREA DE PROTEÇÃO AMBIENTAL CAMPOS DO JORDÃO","Angiosperms","Lamiaceae","Ocimum","campechianum","Mill.","LAMIACEAE Ocimum campechianum Mill.","37691","GBIF","SPSF","Polisel, R.T.","194","Native","Ouro","Bronze",,"Região do Cedro Vermelho"
"ÁREA DE PROTEÇÃO AMBIENTAL CAMPOS DO JORDÃO","Angiosperms","Lamiaceae","Ocimum","carnosum","(Spreng.) Link & Otto ex Benth.","LAMIACEAE Ocimum carnosum (Spreng.) Link & Otto ex Benth.","42910","GBIF","SP","Hashimoto, G.","275","Native","Prata","Bronze",,
"ÁREA DE PROTEÇÃO AMBIENTAL CAMPOS DO JORDÃO","Angiosperms","Lamiaceae","Plectranthus",,"L'Hér.","LAMIACEAE Plectranthus L'Hér.","180314","GBIF","UB","Carvalho-Silva, M.","1283",,"Latão","Bronze",,"En la via a Piquete."
"ÁREA DE PROTEÇÃO AMBIENTAL CAMPOS DO JORDÃO","Angiosperms","Lamiaceae","Prunella","vulgaris","L.","LAMIACEAE Prunella vulgaris L.","RFA43099","Splink","RFA",,"8038","Naturalized","Ouro","Bronze",,"Estrada Pico Itapeva"
"ÁREA DE PROTEÇÃO AMBIENTAL CAMPOS DO JORDÃO","Angiosperms","Lamiaceae","Rhabdocaulon","coccineum","(Benth.) Epling","LAMIACEAE Rhabdocaulon coccineum (Benth.) Epling","76067","Splink","SP",,"2210","Native","Latão","Bronze",,"Pico do Itapeva"
"ÁREA DE PROTEÇÃO AMBIENTAL CAMPOS DO JORDÃO","Angiosperms","Lamiaceae","Rhabdocaulon","lavanduloides","(Benth.) Epling","LAMIACEAE Rhabdocaulon lavanduloides (Benth.) Epling","8626","Splink","CTBS",,,"Native","Prata","Bronze",,"Lageado"
"ÁREA DE PROTEÇÃO AMBIENTAL CAMPOS DO JORDÃO","Angiosperms","Lamiaceae","Rosmarinus","officinalis","L.","LAMIACEAE Rosmarinus officinalis L.","SPSF00015605","Splink","SPSF",,"1","Cultivated","Bronze","Ouro",,"Parque Estadual de Campos do Jordão."
"ÁREA DE PROTEÇÃO AMBIENTAL CAMPOS DO JORDÃO","Angiosperms","Lamiaceae","Salvia","arenaria","A.St.-Hil. ex Benth.","LAMIACEAE Salvia arenaria A.St.-Hil. ex Benth.","673","Splink","CTBS",,"291","Native","Ouro","Bronze",,"Estrada para São José dos Alpes. Beira de estrada."
"ÁREA DE PROTEÇÃO AMBIENTAL CAMPOS DO JORDÃO","Angiosperms","Lamiaceae","Salvia","campos-portoi","Brade","LAMIACEAE Salvia campos-portoi Brade","8540","Splink","CTBS",,"783","Native","Bronze","Bronze",,"Capivari"
"ÁREA DE PROTEÇÃO AMBIENTAL CAMPOS DO JORDÃO","Angiosperms","Lamiaceae","Salvia","coccinea","Buc'hoz ex Etl.","LAMIACEAE Salvia coccinea Buc'hoz ex Etl.","2503","GBIF","IRAI","Gibertoni, R.S.","008","Cultivated","Prata","Bronze",,"Próximo à Represa do Fojo, Condomínio Week Inn"
"ÁREA DE PROTEÇÃO AMBIENTAL CAMPOS DO JORDÃO","Angiosperms","Lamiaceae","Salvia","hilarii","Benth.","LAMIACEAE Salvia hilarii Benth.","SPSF00012944","Splink","SPSF",,"20244","Native","Ouro","Bronze",,"Coordenada calculada."
"ÁREA DE PROTEÇÃO AMBIENTAL CAMPOS DO JORDÃO","Angiosperms","Lamiaceae","Salvia","involucrata","Cav.","LAMIACEAE Salvia involucrata Cav.","HPL003644","Splink","HPL",,"1978","Cultivated","Bronze","Bronze",,"Coletado na cidade, cultivado como ornamental."
"ÁREA DE PROTEÇÃO AMBIENTAL CAMPOS DO JORDÃO","Angiosperms","Lamiaceae","Salvia","leucantha","Cav.","LAMIACEAE Salvia leucantha Cav.","2497","GBIF","IRAI","Gibertoni, R.S.","001","Cultivated","Prata","Bronze",,"Próximo à Represa do Fojo, Condomínio Week Inn"
"ÁREA DE PROTEÇÃO AMBIENTAL CAMPOS DO JORDÃO","Angiosperms","Lamiaceae","Salvia","secunda","Benth.","LAMIACEAE Salvia secunda Benth.","00527139","GBIF","NY","Kuhlmann, M.","s.n.","Native","Bronze","Bronze",,"Campos do Jordao"
"ÁREA DE PROTEÇÃO AMBIENTAL CAMPOS DO JORDÃO","Angiosperms","Lamiaceae","Salvia","splendens","Sellow ex Nees","LAMIACEAE Salvia splendens Sellow ex Nees","149401699","GBIF","Observations","Garcia, R.",,"Native","Bronze","Bronze",,"Campos do Jordão, SP, 12460-000, Brasil"
"ÁREA DE PROTEÇÃO AMBIENTAL CAMPOS DO JORDÃO","Angiosperms","Lamiaceae","Salvia","uliginosa","Benth.","LAMIACEAE Salvia uliginosa Benth.","SPSF00012022","Splink","SPSF",,"555","Native","Ouro","Ouro",,"Parque Estadual de Campos do Jordão."
"ÁREA DE PROTEÇÃO AMBIENTAL CAMPOS DO JORDÃO",,"Lamiaceae","Stachys","palaestina|Stachys","L.|K.Koch","LAMIACEAE Stachys palaestina L.|Stachys byzantina K.Koch","HPL003643","Splink","HPL",,"1990",,"Bronze","Bronze",,"Coletada na cidade, em jardins ornamentais."
"ÁREA DE PROTEÇÃO AMBIENTAL CAMPOS DO JORDÃO","Angiosperms","Lamiaceae","Tectona","grandis","L.f.","LAMIACEAE Tectona grandis L.f.","126763017","GBIF","Observations","Ferreira, M.S.",,"Cultivated","Bronze","Bronze",,"Serra Velha, Campos do Jordão, SP, BR"
"ÁREA DE PROTEÇÃO AMBIENTAL CAMPOS DO JORDÃO","Angiosperms","Lauraceae","Aiouea","sellowiana","(Nees & Mart.) R.Rohde","LAURACEAE Aiouea sellowiana (Nees & Mart.) R.Rohde","76417","GBIF","SP","Kuhlmann, M.","2089","Native","Ouro","Bronze",,"Umuarama"
"ÁREA DE PROTEÇÃO AMBIENTAL CAMPOS DO JORDÃO","Angiosperms","Lauraceae","Aiouea","stenophylla","(Meisn.) R.Rohde","LAURACEAE Aiouea stenophylla (Meisn.) R.Rohde","MBM156159","Splink","MBM",,"397","Native","Ouro","Ouro",,"Parque Estadual."
"ÁREA DE PROTEÇÃO AMBIENTAL CAMPOS DO JORDÃO","Angiosperms","Lauraceae","Aniba",,"Aubl.","LAURACEAE Aniba Aubl.","1576","Splink","MACK",,"A107",,"Ouro","Bronze",,"Floresta Ombrófila Mista"
"ÁREA DE PROTEÇÃO AMBIENTAL CAMPOS DO JORDÃO","Angiosperms","Lauraceae","Beilschmiedia","vestita","L.C.S.Assis & M.F.Santos","LAURACEAE Beilschmiedia vestita L.C.S.Assis & M.F.Santos","SPSF00017572","Splink","SPSF",,"12","Native","Latão","Ouro",,"P.E. de Campos do Jordão."
"ÁREA DE PROTEÇÃO AMBIENTAL CAMPOS DO JORDÃO","Angiosperms","Lauraceae","Cassytha","filiformis","L.","LAURACEAE Cassytha filiformis L.","59546","GBIF","SPSF","Ivanauskas, N.M.","8396","Native","Prata","Ouro","https://images.cria.org.br/viewer/SPSF00059546","Parque Estadual de Campos do Jordão"
"ÁREA DE PROTEÇÃO AMBIENTAL CAMPOS DO JORDÃO","Angiosperms","Lauraceae","Cryptocarya","aschersoniana","Mez","LAURACEAE Cryptocarya aschersoniana Mez","ESA069839","GBIF","ESA","Moraes, P.L.R.","2393","Native","Ouro","Bronze","jbrj-public.s3-sa-east-1.amazonaws.com/fsi/server?type=image&source=DZI/esa/esa/0/6/98/39/esa00069839.dzi",
"ÁREA DE PROTEÇÃO AMBIENTAL CAMPOS DO JORDÃO","Angiosperms","Lauraceae","Cryptocarya","micrantha","Meisn.","LAURACEAE Cryptocarya micrantha Meisn.","HMACK00003356-B.F.S.deOliveira2-10/4/2014 TrilhadoPomar CamposdoJordão SP Brasil","Splink","MACK",,"2","Native","Latão","Bronze",,"Trilha do Pomar"
"ÁREA DE PROTEÇÃO AMBIENTAL CAMPOS DO JORDÃO","Angiosperms","Lauraceae","Cryptocarya","saligna","Mez","LAURACEAE Cryptocarya saligna Mez","23698","GBIF","HRCB","Coletor, S.","s.n.","Native","Ouro","Ouro",,"P.E. Instituto Florestal"
"ÁREA DE PROTEÇÃO AMBIENTAL CAMPOS DO JORDÃO","Angiosperms","Lauraceae","Endlicheria","paniculata","(Spreng.) J.F.Macbr.","LAURACEAE Endlicheria paniculata (Spreng.) J.F.Macbr.","SPSF00026928","Splink","SPSF",,"173","Native","Ouro","Ouro",,"Parque Estadual Campos do Jordão"
"ÁREA DE PROTEÇÃO AMBIENTAL CAMPOS DO JORDÃO","Angiosperms","Lauraceae","Licaria","armeniaca","(Nees) Kosterm.","LAURACEAE Licaria armeniaca (Nees) Kosterm.","SPSF00032913","Splink","SPSF",,"2390","Native","Latão","Ouro",,"Parque Estadual de Campos do Jordão"
"ÁREA DE PROTEÇÃO AMBIENTAL CAMPOS DO JORDÃO","Angiosperms","Lauraceae","Nectandra","barbellata","Coe-Teix.","LAURACEAE Nectandra barbellata Coe-Teix.","SPSF00014576","Splink","SPSF",,"35","Native","Ouro","Bronze",,"Parque Estadual do Instituto Florestal."
"ÁREA DE PROTEÇÃO AMBIENTAL CAMPOS DO JORDÃO","Angiosperms","Lauraceae","Nectandra","grandiflora","Nees & Mart","LAURACEAE Nectandra grandiflora Nees & Mart","CVRD014651","Splink","CVRD",,"315","Native","Ouro","Bronze",,
"ÁREA DE PROTEÇÃO AMBIENTAL CAMPOS DO JORDÃO","Angiosperms","Lauraceae","Nectandra","lanceolata","Nees","LAURACEAE Nectandra lanceolata Nees","SPSF00008757","Splink","SPSF",,"s/n","Native","Ouro","Bronze",,"Instituto Florestal."
"ÁREA DE PROTEÇÃO AMBIENTAL CAMPOS DO JORDÃO","Angiosperms","Lauraceae","Nectandra","leucantha","Nees & Mart.","LAURACEAE Nectandra leucantha Nees & Mart.","SPSF00008131","Splink","SPSF",,"596","Native","Ouro","Bronze",,"Parque Estadual do Instituto Florestal."
"ÁREA DE PROTEÇÃO AMBIENTAL CAMPOS DO JORDÃO","Angiosperms","Lauraceae","Nectandra","nitidula","Nees & Mart.","LAURACEAE Nectandra nitidula Nees & Mart.","SPSF00014721","Splink","SPSF",,"739","Native","Bronze","Ouro",,"Parque Estadual de Campos do Jordão."
"ÁREA DE PROTEÇÃO AMBIENTAL CAMPOS DO JORDÃO","Angiosperms","Lauraceae","Nectandra","oppositifolia","Nees & Mart.","LAURACEAE Nectandra oppositifolia Nees & Mart.","027983","GBIF","ESA","Carvalho, J.P.M.","8758","Native","Ouro","Bronze",,
"ÁREA DE PROTEÇÃO AMBIENTAL CAMPOS DO JORDÃO","Angiosperms","Lauraceae","Ocotea","bicolor","Vattimo-Gil","LAURACEAE Ocotea bicolor Vattimo-Gil","1573","Splink","MACK",,"A168","Native","Ouro","Bronze",,"Floresta Ombrófila Mista"
"ÁREA DE PROTEÇÃO AMBIENTAL CAMPOS DO JORDÃO","Angiosperms","Lauraceae","Ocotea","corymbosa","(Meisn.) Mez","LAURACEAE Ocotea corymbosa (Meisn.) Mez","013848","GBIF","ESA","Barreto, K.D.","1241","Native","Latão","Bronze",,
"ÁREA DE PROTEÇÃO AMBIENTAL CAMPOS DO JORDÃO","Angiosperms","Lauraceae","Ocotea","curucutuensis","J.B. Baitello","LAURACEAE Ocotea curucutuensis J.B. Baitello","45760","GBIF","SPSF","Arzolla, F.A.R.D.P.","1534","Native","Ouro","Bronze",,"estrada de acesso ao Pico do Itapeva"
"ÁREA DE PROTEÇÃO AMBIENTAL CAMPOS DO JORDÃO","Angiosperms","Lauraceae","Ocotea","diospyrifolia","(Meisn.) Mez","LAURACEAE Ocotea diospyrifolia (Meisn.) Mez","410","Splink","MACK",,"s/n","Native","Ouro","Bronze",,"Região do Paiol"
"ÁREA DE PROTEÇÃO AMBIENTAL CAMPOS DO JORDÃO","Angiosperms","Lauraceae","Ocotea","dispersa","(Nees & Mart.) Mez","LAURACEAE Ocotea dispersa (Nees & Mart.) Mez","52028","GBIF","SPSF","Cornia, M.G.K.","487","Native","Ouro","Ouro","https://images.cria.org.br/viewer/SPSF00052028","P.E. de Campos do Jordão"
"ÁREA DE PROTEÇÃO AMBIENTAL CAMPOS DO JORDÃO","Angiosperms","Lauraceae","Ocotea","glaziovii","Mez","LAURACEAE Ocotea glaziovii Mez","027994","GBIF","ESA","Robim, M.J.","SPF 8771","Native","Ouro","Bronze",,
"ÁREA DE PROTEÇÃO AMBIENTAL CAMPOS DO JORDÃO","Angiosperms","Lauraceae","Ocotea","indecora","(Schott) Mez","LAURACEAE Ocotea indecora (Schott) Mez","52029","GBIF","SPSF","Cornia, M.G.K.","488","Native","Ouro","Ouro","https://images.cria.org.br/viewer/SPSF00052029","P.E. de Campos do Jordão"
"ÁREA DE PROTEÇÃO AMBIENTAL CAMPOS DO JORDÃO","Angiosperms","Lauraceae","Ocotea","itatiaiae","Vattimo-Gil","LAURACEAE Ocotea itatiaiae Vattimo-Gil","SPSF00015800","Splink","SPSF",,"11A","Native","Bronze","Bronze",,"Pico do Itapeva."
"ÁREA DE PROTEÇÃO AMBIENTAL CAMPOS DO JORDÃO","Angiosperms","Lauraceae","Ocotea","laxa","(Nees) Mez","LAURACEAE Ocotea laxa (Nees) Mez","SPSF00011518","Splink","SPSF",,"475","Native","Ouro","Ouro",,"Parque Estadual de Campos do Jordão."
"ÁREA DE PROTEÇÃO AMBIENTAL CAMPOS DO JORDÃO","Angiosperms","Lauraceae","Ocotea","odorifera","(Vell.) Rohwer","LAURACEAE Ocotea odorifera (Vell.) Rohwer","SPSF00008088","Splink","SPSF",,,"Native","Ouro","Bronze",,"Parque Estadual do Instituto Florestal."
"ÁREA DE PROTEÇÃO AMBIENTAL CAMPOS DO JORDÃO","Angiosperms","Lauraceae","Ocotea","puberula","(Rich.) Nees","LAURACEAE Ocotea puberula (Rich.) Nees","SPSF00005925","Splink","SPSF",,,"Native","Ouro","Bronze",,"Parque Estadual do Instituto Florestal."
"ÁREA DE PROTEÇÃO AMBIENTAL CAMPOS DO JORDÃO","Angiosperms","Lauraceae","Ocotea","pulchella","(Nees & Mart.) Mez","LAURACEAE Ocotea pulchella (Nees & Mart.) Mez","414","Splink","MACK",,"402","Native","Ouro","Bronze",,"Trilha do Rio Sapucaí"
"ÁREA DE PROTEÇÃO AMBIENTAL CAMPOS DO JORDÃO","Angiosperms","Lauraceae","Ocotea","virgultosa","(Nees) Mart.","LAURACEAE Ocotea virgultosa (Nees) Mart.","35279","GBIF","SPSF","Arzolla, F.A.R.D.P.","989","Native","Ouro","Ouro","https://images.cria.org.br/viewer/SPSF00035279","Parque Estadual de Campos do Jordão"
"ÁREA DE PROTEÇÃO AMBIENTAL CAMPOS DO JORDÃO","Angiosperms","Lauraceae","Persea","willdenovii","Kosterm.","LAURACEAE Persea willdenovii Kosterm.","1574","Splink","MACK",,"M84","Native","Ouro","Bronze",,"Floresta Ombrófila Mista"
"ÁREA DE PROTEÇÃO AMBIENTAL CAMPOS DO JORDÃO",,"Lauraceae","Phoebe","stenophylla",,"LAURACEAE Phoebe stenophylla","HRB00005460","Splink","HRB",,"63",,"Ouro","Ouro",,"Parque Estadual de Campos do Jordão."
"ÁREA DE PROTEÇÃO AMBIENTAL CAMPOS DO JORDÃO","Angiosperms","Lecythidaceae","Lecythis",,"Loefl.","LECYTHIDACEAE Lecythis Loefl.","SPSF00005706","Splink","SPSF",,,,"Latão","Bronze",,"Parque Estadual do Instituto Florestal."
"ÁREA DE PROTEÇÃO AMBIENTAL CAMPOS DO JORDÃO","Angiosperms","Lentibulariaceae","Genlisea","aurea","A.St.-Hil.","LENTIBULARIACEAE Genlisea aurea A.St.-Hil.","137656","GBIF","SPF","Rivadavia, F.","1093","Native","Ouro","Bronze","https://images.cria.org.br/viewer/SPF00137656",
"ÁREA DE PROTEÇÃO AMBIENTAL CAMPOS DO JORDÃO","Angiosperms","Lentibulariaceae","Utricularia","foliosa","L.","LENTIBULARIACEAE Utricularia foliosa L.","165983382","GBIF","Observations","Dominguez, Y.",,"Native","Bronze","Bronze",,"J Alpestre, Campos do Jordão - SP, 12460-000, Brazil"
"ÁREA DE PROTEÇÃO AMBIENTAL CAMPOS DO JORDÃO","Angiosperms","Lentibulariaceae","Utricularia","gibba","L.","LENTIBULARIACEAE Utricularia gibba L.","73343","GBIF","SPF","Rivadavia, F.","58","Native","Ouro","Ouro","https://images.cria.org.br/viewer/SPF00073343","Parque Estadual de Campos do Jordão, Horto Florestal."
"ÁREA DE PROTEÇÃO AMBIENTAL CAMPOS DO JORDÃO","Angiosperms","Lentibulariaceae","Utricularia","praelonga","A.St.-Hil. & Girard","LENTIBULARIACEAE Utricularia praelonga A.St.-Hil. & Girard","UEC062146","Splink","UEC",,"238","Native","Bronze","Ouro",,"Horto Florestal"
"ÁREA DE PROTEÇÃO AMBIENTAL CAMPOS DO JORDÃO","Angiosperms","Lentibulariaceae","Utricularia","pubescens","Sm.","LENTIBULARIACEAE Utricularia pubescens Sm.","199008080","GBIF","Observations","Desertnaturalist",,"Native","Bronze","Bronze",,"Plaza Inn, Campos do Jordão - State of São Paulo, 12460-000, Brazil"
"ÁREA DE PROTEÇÃO AMBIENTAL CAMPOS DO JORDÃO","Angiosperms","Lentibulariaceae","Utricularia","reniformis","A.St.-Hil.","LENTIBULARIACEAE Utricularia reniformis A.St.-Hil.","157268","GBIF","SPF","Rivadavia, F.","1533","Native","Ouro","Bronze","https://images.cria.org.br/viewer/SPF00157268",
"ÁREA DE PROTEÇÃO AMBIENTAL CAMPOS DO JORDÃO","Angiosperms","Liliaceae","Lilium","formosanum","A.Wallace","LILIACEAE Lilium formosanum A.Wallace","SPSF00011974","Splink","SPSF",,"1","Naturalized","Bronze","Ouro",,"Parque Estadual de Campos do Jordão."
"ÁREA DE PROTEÇÃO AMBIENTAL CAMPOS DO JORDÃO","Angiosperms","Liliaceae","Lilium","longiflorum","Thunb.","LILIACEAE Lilium longiflorum Thunb.","51358","GBIF","SPSF","Maruyama, A.","295","Cultivated","Bronze","Bronze",,
"ÁREA DE PROTEÇÃO AMBIENTAL CAMPOS DO JORDÃO","Angiosperms","Linaceae","Linum","carneum","A. St.-Hil.","LINACEAE Linum carneum A. St.-Hil.","ESA069308","Splink","ESA",,"242","Native","Prata","Bronze",,
"ÁREA DE PROTEÇÃO AMBIENTAL CAMPOS DO JORDÃO","Angiosperms","Linaceae","Linum","littorale","A. St.-Hil.","LINACEAE Linum littorale A. St.-Hil.","SPSF00015293","Splink","SPSF",,"242","Native","Bronze","Bronze",,"Morro do Elefante."
"ÁREA DE PROTEÇÃO AMBIENTAL CAMPOS DO JORDÃO","Ferns and Lycophytes","Lindsaeaceae","Lindsaea","botrychioides","A.St.-Hil.","LINDSAEACEAE Lindsaea botrychioides A.St.-Hil.","29675","Splink","BHCB",,"1432","Native","Bronze","Bronze",,
"ÁREA DE PROTEÇÃO AMBIENTAL CAMPOS DO JORDÃO","Angiosperms","Loganiaceae","Spigelia","beyrichiana","Cham. & Schltdl.","LOGANIACEAE Spigelia beyrichiana Cham. & Schltdl.","078386","GBIF","UEC","Gianotti, E.","26696","Native","Ouro","Bronze","https://images.cria.org.br/viewer/UEC045942","Praia São José dos Alpes."
"ÁREA DE PROTEÇÃO AMBIENTAL CAMPOS DO JORDÃO","Angiosperms","Loganiaceae","Spigelia","scabra","Cham. & Schltdl.","LOGANIACEAE Spigelia scabra Cham. & Schltdl.","102637","GBIF","SP","Mattos, J.","15013","Native","Ouro","Bronze",,"Fazenda da Guarda (Reserva Florestal), quase na divisa com Minas Gerais"
"ÁREA DE PROTEÇÃO AMBIENTAL CAMPOS DO JORDÃO","Angiosperms","Loranthaceae","Struthanthus","andrastylus","Eichler","LORANTHACEAE Struthanthus andrastylus Eichler","HVC00004771","Splink","HVC",,"28","Native","Ouro","Bronze",,"Pico do Itapeva"
"ÁREA DE PROTEÇÃO AMBIENTAL CAMPOS DO JORDÃO","Angiosperms","Loranthaceae","Struthanthus","flexicaulis","(Mart.) Mart.","LORANTHACEAE Struthanthus flexicaulis (Mart.) Mart.","36162","GBIF","UEC","Oliveira, L.M.Q.","16540","Native","Bronze","Bronze","https://images.cria.org.br/viewer/UEC014667","Estrada entre Reserva do Inst. Florestal São Sojé dps Alpes, + 6Km&nf;Alt.: 1700m.&nf;Em mata de encostra e campo de altitude."
"ÁREA DE PROTEÇÃO AMBIENTAL CAMPOS DO JORDÃO","Angiosperms","Loranthaceae","Struthanthus","marginatus","(Desr.) G.Don","LORANTHACEAE Struthanthus marginatus (Desr.) G.Don","2256","Splink","MACK",,"26","Native","Bronze","Bronze",,
"ÁREA DE PROTEÇÃO AMBIENTAL CAMPOS DO JORDÃO","Angiosperms","Loranthaceae","Struthanthus","podopterus","(Cham. & Schltdl.) G.Don","LORANTHACEAE Struthanthus podopterus (Cham. & Schltdl.) G.Don","00644582","GBIF","NY","Bailey, L.H.","870","Native","Ouro","Bronze",,"Campos do Jordao"
"ÁREA DE PROTEÇÃO AMBIENTAL CAMPOS DO JORDÃO","Angiosperms","Loranthaceae","Struthanthus","polyrrhizus","(Mart.) Mart.","LORANTHACEAE Struthanthus polyrrhizus (Mart.) Mart.","145265","GBIF","SPF","Costa, C.B.","448","Native","Ouro","Ouro","https://images.cria.org.br/viewer/SPF00145265","Parque Estadual de Campos do Jordão"
"ÁREA DE PROTEÇÃO AMBIENTAL CAMPOS DO JORDÃO","Angiosperms","Loranthaceae","Struthanthus","spathulatus","Rizzini","LORANTHACEAE Struthanthus spathulatus Rizzini","FCAB001725","Splink","FCAB",,,"Native","Bronze","Bronze",,
"ÁREA DE PROTEÇÃO AMBIENTAL CAMPOS DO JORDÃO","Angiosperms","Loranthaceae","Struthanthus","uraguensis","(Hook. & Arn.) G.Don","LORANTHACEAE Struthanthus uraguensis (Hook. & Arn.) G.Don","76578","GBIF","SP","Kuhlmann, M.","2240","Native","Bronze","Bronze",,"subida para o Pico do Itapeva"
"ÁREA DE PROTEÇÃO AMBIENTAL CAMPOS DO JORDÃO","Ferns and Lycophytes","Lycopodiaceae","Diphasiastrum","thyoides","(Willd.) Holub","LYCOPODIACEAE Diphasiastrum thyoides (Willd.) Holub","UPCB0095192","Splink","UPCB",,"780","Native","Ouro","Bronze",,"São José dos Alpes, bifurcação para o mirante."
"ÁREA DE PROTEÇÃO AMBIENTAL CAMPOS DO JORDÃO","Ferns and Lycophytes","Lycopodiaceae","Huperzia",,"Bernh.","LYCOPODIACEAE Huperzia Bernh.","06388","GBIF","SJRP","Windisch, P.G.","2928",,"Ouro","Bronze",,"divisa com Pindamonhangaba."
"ÁREA DE PROTEÇÃO AMBIENTAL CAMPOS DO JORDÃO","Ferns and Lycophytes","Lycopodiaceae","Lycopodiella","alopecuroides","(L.) Cranfill","LYCOPODIACEAE Lycopodiella alopecuroides (L.) Cranfill","SJRP00016685","GBIF","SJRP","Ollgaard, B.","6819","Unknown","Ouro","Bronze","jbrj-public.s3-sa-east-1.amazonaws.com/fsi/server?type=image&source=DZI/sjrp/sjrp/0/1/66/85/sjrp00016685.dzi","divisa com Pindamonhangaba."
"ÁREA DE PROTEÇÃO AMBIENTAL CAMPOS DO JORDÃO","Ferns and Lycophytes","Lycopodiaceae","Lycopodiella","longipes","(Grev. & Hooker) Holub","LYCOPODIACEAE Lycopodiella longipes (Grev. & Hooker) Holub","18044","GBIF","BOTU","Amaral Junior, A.B.R.H.","17","Native","Bronze","Bronze",,"Pico do Itapeva"
"ÁREA DE PROTEÇÃO AMBIENTAL CAMPOS DO JORDÃO","Ferns and Lycophytes","Lycopodiaceae","Lycopodium","clavatum","L.","LYCOPODIACEAE Lycopodium clavatum L.","3347165","GBIF","MO","Mizoguchi, K.","1118","Native","Ouro","Bronze",,"Campos Jordão"
"ÁREA DE PROTEÇÃO AMBIENTAL CAMPOS DO JORDÃO","Ferns and Lycophytes","Lycopodiaceae","Palhinhaea","cernua","(L.) Franco & Vasc.","LYCOPODIACEAE Palhinhaea cernua (L.) Franco & Vasc.","88875","GBIF","PACA","Windisch, P.G.","9137","Native","Latão","Bronze",,"Divisa com Pindamonhagaba, Serra da Mantiqueira, São José dos Alpes."
"ÁREA DE PROTEÇÃO AMBIENTAL CAMPOS DO JORDÃO","Ferns and Lycophytes","Lycopodiaceae","Phlegmariurus","acerosus","(Sw.) B.Øllg.","LYCOPODIACEAE Phlegmariurus acerosus (Sw.) B.Øllg.","RB01426224","GBIF","RB","Prado, J.","2349","Native","Ouro","Bronze","jbrj-public-img.s3-sa-east-1.amazonaws.com/JPG/rb/1/42/62/24/01426224.jpg","Corredeiras do Fôjo."
"ÁREA DE PROTEÇÃO AMBIENTAL CAMPOS DO JORDÃO","Ferns and Lycophytes","Lycopodiaceae","Phlegmariurus","biformis","(Hook.) B.Øllg.","LYCOPODIACEAE Phlegmariurus biformis (Hook.) B.Øllg.","06391","GBIF","SJRP","Windisch, P.G.","2864","Native","Ouro","Bronze",,"divisa com Pindamonhangaba."
"ÁREA DE PROTEÇÃO AMBIENTAL CAMPOS DO JORDÃO","Ferns and Lycophytes","Lycopodiaceae","Phlegmariurus","christii","(Silveira) B.Øllg.","LYCOPODIACEAE Phlegmariurus christii (Silveira) B.Øllg.","36163","GBIF","UEC","Oliveira, L.M.Q.","16541","Native","Bronze","Bronze","https://images.cria.org.br/viewer/UEC052399","Est. entre Reserva do I.F. a S. José dos Alpes, Aproximadamente 6km."
"ÁREA DE PROTEÇÃO AMBIENTAL CAMPOS DO JORDÃO","Ferns and Lycophytes","Lycopodiaceae","Phlegmariurus","comans","(Herter ex Nessel) B.Øllg.","LYCOPODIACEAE Phlegmariurus comans (Herter ex Nessel) B.Øllg.","57453","GBIF","CEPEC","Queiroz, L.P.","2671","Native","Ouro","Bronze",,
"ÁREA DE PROTEÇÃO AMBIENTAL CAMPOS DO JORDÃO","Ferns and Lycophytes","Lycopodiaceae","Phlegmariurus","flexibilis","(Fée) B.Øllg.","LYCOPODIACEAE Phlegmariurus flexibilis (Fée) B.Øllg.","88940","GBIF","PACA","Windisch, P.G.","9164","Native","Bronze","Bronze",,"divisa com Pindamonhangaba."
"ÁREA DE PROTEÇÃO AMBIENTAL CAMPOS DO JORDÃO","Ferns and Lycophytes","Lycopodiaceae","Phlegmariurus","fontinaloides","(Spring) B.Øllg.","LYCOPODIACEAE Phlegmariurus fontinaloides (Spring) B.Øllg.","29674","GBIF","BHCB","Salino, A.","1431","Native","Bronze","Bronze",,"Morro do Elefante"
"ÁREA DE PROTEÇÃO AMBIENTAL CAMPOS DO JORDÃO","Ferns and Lycophytes","Lycopodiaceae","Phlegmariurus","heterocarpon","(Fée) B.Øllg.","LYCOPODIACEAE Phlegmariurus heterocarpon (Fée) B.Øllg.","RB01426532","GBIF","RB","Prado, J.","2348","Native","Ouro","Bronze","jbrj-public-img.s3-sa-east-1.amazonaws.com/JPG/rb/1/42/65/32/01426532.jpg","Corredeiras do Fôjo."
"ÁREA DE PROTEÇÃO AMBIENTAL CAMPOS DO JORDÃO","Ferns and Lycophytes","Lycopodiaceae","Phlegmariurus","hexastichus","(B.Øllg. & P.G.Windisch) B.Øllg.","LYCOPODIACEAE Phlegmariurus hexastichus (B.Øllg. & P.G.Windisch) B.Øllg.","788967","GBIF","NY","Hoehne, F.C.","8709a","Native","Ouro","Bronze",,
"ÁREA DE PROTEÇÃO AMBIENTAL CAMPOS DO JORDÃO","Ferns and Lycophytes","Lycopodiaceae","Phlegmariurus","loefgrenianus","(Silveira) B.Øllgaard","LYCOPODIACEAE Phlegmariurus loefgrenianus (Silveira) B.Øllgaard","29593","GBIF","BHCB","Salino, A.","1368","Native","Bronze","Ouro",,"Parque Estadual de Campos do Jordão, Trilha do rio Sapucai"
"ÁREA DE PROTEÇÃO AMBIENTAL CAMPOS DO JORDÃO","Ferns and Lycophytes","Lycopodiaceae","Phlegmariurus","quadrifariatus","(Bory) B.Øllg.","LYCOPODIACEAE Phlegmariurus quadrifariatus (Bory) B.Øllg.","HRCB058029","Splink","HRCB",,"412","Native","Bronze","Bronze",,
"ÁREA DE PROTEÇÃO AMBIENTAL CAMPOS DO JORDÃO","Ferns and Lycophytes","Lycopodiaceae","Phlegmariurus","reflexus","(Lam.) B.Øllg.","LYCOPODIACEAE Phlegmariurus reflexus (Lam.) B.Øllg.","PEL1024757","Splink","PEL",,"1530","Native","Ouro","Bronze",,
"ÁREA DE PROTEÇÃO AMBIENTAL CAMPOS DO JORDÃO","Ferns and Lycophytes","Lycopodiaceae","Phlegmariurus","sellowianus","(Herter) B.Øllg.","LYCOPODIACEAE Phlegmariurus sellowianus (Herter) B.Øllg.","39839","GBIF","HRCB","Dittrich, V.A.O.","1076","Native","Bronze","Bronze",,
"ÁREA DE PROTEÇÃO AMBIENTAL CAMPOS DO JORDÃO","Ferns and Lycophytes","Lycopodiaceae","Phlegmariurus","silveirae","(Nessel) B.Øllg.","LYCOPODIACEAE Phlegmariurus silveirae (Nessel) B.Øllg.","56782","GBIF","UEC","Salino, A.","565","Native","Bronze","Ouro","https://images.cria.org.br/viewer/UEC052434","Parque Estadual de Campos do Jordão"
"ÁREA DE PROTEÇÃO AMBIENTAL CAMPOS DO JORDÃO","Ferns and Lycophytes","Lycopodiaceae","Pseudolycopodiella","caroliniana","(L.) Holub","LYCOPODIACEAE Pseudolycopodiella caroliniana (L.) Holub","207614","GBIF","USF","Windisch, P.G.","6814","Unknown","Ouro","Bronze",,"Divisa com Pindamonhangaba, São José dos Alpes."
"ÁREA DE PROTEÇÃO AMBIENTAL CAMPOS DO JORDÃO","Angiosperms","Lythraceae","Cuphea","calophylla","(Koehne) S.A.Graham","LYTHRACEAE Cuphea calophylla var. mesostemon (Koehne) S.A.Graham","CEN00027406","GBIF","CEN","Mattos, J.","15874","Native","Ouro","Ouro","jbrj-public.s3.amazonaws.com/fsi/server?type=image&source=DZI/cen/cen/0/2/74/6/cen00027406.dzi","Parque Estadual."
"ÁREA DE PROTEÇÃO AMBIENTAL CAMPOS DO JORDÃO","Angiosperms","Lythraceae","Cuphea","campestris","Mart. ex Koehne","LYTHRACEAE Cuphea campestris Mart. ex Koehne","2036","Splink","MACK",,"18","Native","Bronze","Bronze",,"Trilha Cajará"
"ÁREA DE PROTEÇÃO AMBIENTAL CAMPOS DO JORDÃO","Angiosperms","Lythraceae","Cuphea","carthagenensis","(Jacq.) J.F.Macbr.","LYTHRACEAE Cuphea carthagenensis (Jacq.) J.F.Macbr.","17335","GBIF","IAC","Medina, J.C.","s/nº","Native","Ouro","Bronze",,"Parque Fllorestal"
"ÁREA DE PROTEÇÃO AMBIENTAL CAMPOS DO JORDÃO","Angiosperms","Lythraceae","Cuphea","glutinosa","Cham. & Schltdl.","LYTHRACEAE Cuphea glutinosa Cham. & Schltdl.","PACA027768","Splink","PACA",,,"Native","Prata","Bronze",,
"ÁREA DE PROTEÇÃO AMBIENTAL CAMPOS DO JORDÃO","Angiosperms","Lythraceae","Cuphea","hyssopifolia","Kunth","LYTHRACEAE Cuphea hyssopifolia Kunth","20678599","GBIF","Observations","Marcilio-Preserve",,"Cultivated","Bronze","Bronze",,"Rua Doze, 2–368, Campos do Jordão, SP, BR"
"ÁREA DE PROTEÇÃO AMBIENTAL CAMPOS DO JORDÃO","Angiosperms","Lythraceae","Cuphea","ingrata","Cham. & Schltdl.","LYTHRACEAE Cuphea ingrata Cham. & Schltdl.","HPL010039","Splink","HPL",,"806","Native","Ouro","Bronze",,"Coletado nas proximidades do municipio de Campos do Jordão"
"ÁREA DE PROTEÇÃO AMBIENTAL CAMPOS DO JORDÃO","Angiosperms","Lythraceae","Cuphea","racemosa","(L.f.) Spreng.","LYTHRACEAE Cuphea racemosa (L.f.) Spreng.","111604","GBIF","UEC","Anderson, L.O.","00/03","Native","Bronze","Bronze","https://images.cria.org.br/viewer/UEC055154","Fazenda Gravatá"
"ÁREA DE PROTEÇÃO AMBIENTAL CAMPOS DO JORDÃO","Angiosperms","Lythraceae","Lafoensia","pacari","A.St.-Hil.","LYTHRACEAE Lafoensia pacari A.St.-Hil.","SPSF00009474","Splink","SPSF",,"122","Native","Latão","Bronze",,"Parque Estadual do Instituto Florestal."
"ÁREA DE PROTEÇÃO AMBIENTAL CAMPOS DO JORDÃO","Angiosperms","Lythraceae","Lafoensia","replicata","Pohl","LYTHRACEAE Lafoensia replicata Pohl","134544","GBIF","SPF","Sazima, M.","s.n.","Native","Bronze","Ouro","https://images.cria.org.br/viewer/SPF00134544","Parque Estadual de Campos do Jordão"
"ÁREA DE PROTEÇÃO AMBIENTAL CAMPOS DO JORDÃO","Angiosperms","Lythraceae","Lafoensia","vandelliana","Cham. & Schltdl.","LYTHRACEAE Lafoensia vandelliana Cham. & Schltdl.","MBM150918","Splink","MBM",,"737","Native","Bronze","Ouro",,"Parque Estadual."
"ÁREA DE PROTEÇÃO AMBIENTAL CAMPOS DO JORDÃO","Angiosperms","Lythraceae","Lagerstroemia","indica","L.","LYTHRACEAE Lagerstroemia indica L.","SPSF00012054","Splink","SPSF",,"597","Cultivated","Ouro","Ouro",,"Parque Estadual. Err:+-21048(WGS84)"
"ÁREA DE PROTEÇÃO AMBIENTAL CAMPOS DO JORDÃO",,"Magnoliaceae","Liriodendron","tulipifera",,"MAGNOLIACEAE Liriodendron tulipifera","HPL003491","Splink","HPL",,"3628",,"Bronze","Bronze",,"Cultivada na praça, a pleno sol, rara em cultivo."
"ÁREA DE PROTEÇÃO AMBIENTAL CAMPOS DO JORDÃO","Angiosperms","Magnoliaceae","Magnolia","champaca","(L.) Baill. ex Pierre","MAGNOLIACEAE Magnolia champaca (L.) Baill. ex Pierre","SPSF00005637","Splink","SPSF",,,"Cultivated","Latão","Bronze",,"Parque Estadual do Instituto Florestal."
"ÁREA DE PROTEÇÃO AMBIENTAL CAMPOS DO JORDÃO",,"Magnoliaceae","Magnolia","figo",,"MAGNOLIACEAE Magnolia figo figo","SPSF00007676","Splink","SPSF",,,,"Latão","Bronze",,"Parque Estadual do Instituto Florestal."
"ÁREA DE PROTEÇÃO AMBIENTAL CAMPOS DO JORDÃO","Angiosperms","Magnoliaceae","Magnolia","kobus","DC.","MAGNOLIACEAE Magnolia kobus DC.","SPSF00007923","Splink","SPSF",,"s/n","Unknown","Bronze","Ouro",,"Parque Estadual de Campos do Jordão."
"ÁREA DE PROTEÇÃO AMBIENTAL CAMPOS DO JORDÃO","Angiosperms","Magnoliaceae","Magnolia","liliiflora","Desr.","MAGNOLIACEAE Magnolia liliiflora Desr.","HPL009706","Splink","HPL",,"280","Cultivated","Bronze","Bronze",,"Coletado no município de Campos do Jordão; cultivado como ornamental."
"ÁREA DE PROTEÇÃO AMBIENTAL CAMPOS DO JORDÃO","Angiosperms","Malpighiaceae","Banisteriopsis","campestris","(A.Juss.) Little","MALPIGHIACEAE Banisteriopsis campestris (A.Juss.) Little","256540","GBIF","SP","Jouy, A.","B695","Native","Ouro","Bronze",,"Morro Pedra de Fogo"
"ÁREA DE PROTEÇÃO AMBIENTAL CAMPOS DO JORDÃO","Angiosperms","Malpighiaceae","Byrsonima","intermedia","A.Juss.","MALPIGHIACEAE Byrsonima intermedia A.Juss.","HMACK00003297-T.A.B.Mortale72-7/2/2013 ColôniadeFériasMackenzie-Umuarama TrilhaForSeasons CamposdoJordão SP Brasil","Splink","MACK",,"72","Native","Latão","Bronze",,"Colônia de Férias Mackenzie - Umuarama, Trilha For Seasons"
"ÁREA DE PROTEÇÃO AMBIENTAL CAMPOS DO JORDÃO","Angiosperms","Malpighiaceae","Byrsonima","ligustrifolia","A.Juss.","MALPIGHIACEAE Byrsonima ligustrifolia A.Juss.","SPSF00006499","Splink","SPSF",,,"Native","Latão","Bronze",,
"ÁREA DE PROTEÇÃO AMBIENTAL CAMPOS DO JORDÃO","Angiosperms","Malpighiaceae","Byrsonima","variabilis","A.Juss.","MALPIGHIACEAE Byrsonima variabilis A.Juss.","HRB00007434","Splink","HRB",,"1143","Native","Ouro","Bronze",,"Parque Est. C. Jordão, Inst. Florestal, Secr. Agricultura, Campo do Morro da Colônia Folha Cartográfica SF.23-Y-B."
"ÁREA DE PROTEÇÃO AMBIENTAL CAMPOS DO JORDÃO","Angiosperms","Malpighiaceae","Heteropterys","eglandulosa","A.Juss.","MALPIGHIACEAE Heteropterys eglandulosa A.Juss.","304483","GBIF","SP","Barreto, K.D.","1112","Native","Ouro","Bronze",,
"ÁREA DE PROTEÇÃO AMBIENTAL CAMPOS DO JORDÃO","Angiosperms","Malvaceae","Abutilon","itatiaiae","R.E.Fr.","MALVACEAE Abutilon itatiaiae R.E.Fr.","CEN00133479","Splink","CEN",,,"Native","Bronze","Bronze",,"Lageado, 1500 m s.n.m."
"ÁREA DE PROTEÇÃO AMBIENTAL CAMPOS DO JORDÃO","Angiosperms","Malvaceae","Callianthe","latipetala","(G.L.Esteves & Krapov.) Donnell","MALVACEAE Callianthe latipetala (G.L.Esteves & Krapov.) Donnell","86423","GBIF","UEC","Buzato, S.","33724","Native","Bronze","Bronze","https://images.cria.org.br/viewer/UEC118681","Estrada Taubaté."
"ÁREA DE PROTEÇÃO AMBIENTAL CAMPOS DO JORDÃO","Angiosperms","Malvaceae","Callianthe","macrantha","(A.St.-Hil.) Donnell","MALVACEAE Callianthe macrantha (A.St.-Hil.) Donnell","U.1363637","Splink","L",,"Krapovickas, A; Cristóbal, CL 35506","Native","Ouro","Bronze",,
"ÁREA DE PROTEÇÃO AMBIENTAL CAMPOS DO JORDÃO","Angiosperms","Malvaceae","Callianthe","regnellii","(Miq.) Donnell","MALVACEAE Callianthe regnellii (Miq.) Donnell","1845","Splink","MACK",,"CJ039","Native","Bronze","Ouro",,"Colônia Umuarama"
"ÁREA DE PROTEÇÃO AMBIENTAL CAMPOS DO JORDÃO","Angiosperms","Malvaceae","Ceiba","speciosa","(A.St.-Hil.) Ravenna","MALVACEAE Ceiba speciosa (A.St.-Hil.) Ravenna","1908","GBIF","UFMT","Occhioni, P.","8026","Native","Bronze","Bronze",,"Estrada para são José dos Campos.Margens da estrada.+/-1900 metros de altura."
"ÁREA DE PROTEÇÃO AMBIENTAL CAMPOS DO JORDÃO","Angiosperms","Malvaceae","Eriotheca","pentaphylla","(Vell.) A.Robyns","MALVACEAE Eriotheca pentaphylla (Vell.) A.Robyns","SPSF00013291","Splink","SPSF",,"3","Native","Prata","Bronze",,"Parque Estadual do Instituto Florestal."
"ÁREA DE PROTEÇÃO AMBIENTAL CAMPOS DO JORDÃO","Angiosperms","Malvaceae","Heliocarpus","popayanensis","Kunth","MALVACEAE Heliocarpus popayanensis Kunth","069148","GBIF","UEC","Galvao, J.C.","26438","Native","Ouro","Bronze",,"Estrada antiga de Campos de Jordão à Santo Antônio dos Pinhais."
"ÁREA DE PROTEÇÃO AMBIENTAL CAMPOS DO JORDÃO","Angiosperms","Malvaceae","Krapovickasia","macrodon","(A.DC.) Fryxell","MALVACEAE Krapovickasia macrodon (A.DC.) Fryxell","58019","GBIF","SPSF","Shirasuna, R.T.","5406","Native","Prata","Ouro","https://images.cria.org.br/viewer/SPSF00058019","Parque Estadual de Campos do Jordão"
"ÁREA DE PROTEÇÃO AMBIENTAL CAMPOS DO JORDÃO","Angiosperms","Malvaceae","Luehea","grandiflora","Mart.","MALVACEAE Luehea grandiflora Mart.","51981","GBIF","SPSF","Maruyama, A.","823","Native","Bronze","Bronze",,"Bairro dos Mellos"
"ÁREA DE PROTEÇÃO AMBIENTAL CAMPOS DO JORDÃO","Angiosperms","Malvaceae","Monteiroa","leitei","Mont.","MALVACEAE Monteiroa leitei Mont.","RBR00037582","GBIF","RBR","Leite, J.E.","3591","Native","Ouro","Bronze","jbrj-public.s3-sa-east-1.amazonaws.com/fsi/server?type=image&source=DZI/rbr/rbr/0/3/75/82/rbr00037582.dzi|jbrj-public.s3-sa-east-1.amazonaws.com/fsi/server?type=image&source=DZI/rbr/rbr/0/3/75/82/rbr00037582_1.dzi","À beira de regatos."
"ÁREA DE PROTEÇÃO AMBIENTAL CAMPOS DO JORDÃO","Angiosperms","Malvaceae","Pachira","glabra","Pasq.","MALVACEAE Pachira glabra Pasq.","SPSF00005920","Splink","SPSF",,,"Native","Bronze","Bronze",,"Parque Estadual do Instituto Florestal."
"ÁREA DE PROTEÇÃO AMBIENTAL CAMPOS DO JORDÃO","Angiosperms","Malvaceae","Pavonia","communis","A.St.-Hil.","MALVACEAE Pavonia communis A.St.-Hil.","SPSF00014215","Splink","SPSF",,"685","Native","Ouro","Ouro",,"Parque Estadual de Campos do Jordão, região do Paiol"
"ÁREA DE PROTEÇÃO AMBIENTAL CAMPOS DO JORDÃO","Angiosperms","Malvaceae","Pavonia","kleinii","Krapov. & Cristóbal","MALVACEAE Pavonia kleinii Krapov. & Cristóbal","SPSF00010763","Splink","SPSF",,"435","Native","Ouro","Ouro",,"Parque Estadual de Campos do Jordão."
"ÁREA DE PROTEÇÃO AMBIENTAL CAMPOS DO JORDÃO","Angiosperms","Malvaceae","Pavonia","schrankii","Sprengel","MALVACEAE Pavonia schrankii Sprengel","MBM204230","Splink","MBM",,"425","Native","Ouro","Bronze",,"Instituto Florestal."
"ÁREA DE PROTEÇÃO AMBIENTAL CAMPOS DO JORDÃO","Angiosperms","Malvaceae","Peltaea","heringeri","Krapov. & Cristóbal","MALVACEAE Peltaea heringeri Krapov. & Cristóbal","146154","GBIF","SPF","Costa, C.B.","400","Native","Ouro","Ouro","https://images.cria.org.br/viewer/SPF00146154","Parque Estadual de Campos do Jordão, trilha do rio Sapucaí"
"ÁREA DE PROTEÇÃO AMBIENTAL CAMPOS DO JORDÃO","Angiosperms","Malvaceae","Peltaea","polymorpha","(A.St.-Hil.) Krapov. & Cristóbal","MALVACEAE Peltaea polymorpha (A.St.-Hil.) Krapov. & Cristóbal","254852","GBIF","SP","Jouy, A.","B659","Native","Ouro","Bronze",,"Morro Pedra de Fogo"
"ÁREA DE PROTEÇÃO AMBIENTAL CAMPOS DO JORDÃO","Angiosperms","Malvaceae","Peltaea","speciosa","(Kunth) Standl.","MALVACEAE Peltaea speciosa (Kunth) Standl.","RBR00037733","Splink","RBR",,"3416","Native","Ouro","Bronze",,
"ÁREA DE PROTEÇÃO AMBIENTAL CAMPOS DO JORDÃO",,"Malvaceae","Peltigera","ulcerata",,"MALVACEAE Peltigera ulcerata","073581","Splink","ICN",,"4439",,"Bronze","Bronze",,"antes da subida da serra, estrada velha"
"ÁREA DE PROTEÇÃO AMBIENTAL CAMPOS DO JORDÃO","Angiosperms","Malvaceae","Sida","honoriana","Krapov.","MALVACEAE Sida honoriana Krapov.","SPSF00009034","Splink","SPSF",,"268","Native","Ouro","Ouro",,"Parque Estadual de Campos do Jordão."
"ÁREA DE PROTEÇÃO AMBIENTAL CAMPOS DO JORDÃO",,"Marantaceae","Goeppertia","lietzei|Ctenanthe","(É.Morren) Saka|(É.Morren) Eichler","MARANTACEAE Goeppertia lietzei (É.Morren) Saka|Ctenanthe kummeriana (É.Morren) Eichler","SPSF00003031","Splink","SPSF",,,,"Latão","Bronze",,"Parque Estadual do Instituto Florestal."
"ÁREA DE PROTEÇÃO AMBIENTAL CAMPOS DO JORDÃO",,"Marantaceae","Marchantia","chenopoda","L.","MARANTACEAE Marchantia chenopoda L.","46980","GBIF","HUCS","Vital, D.M.","1017",,"Bronze","Bronze",,"Sapucaí Mirim"
"ÁREA DE PROTEÇÃO AMBIENTAL CAMPOS DO JORDÃO","Angiosperms","Mayacaceae","Mayaca","fluviatilis","Aubl.","MAYACACEAE Mayaca fluviatilis Aubl.","178117","GBIF","UEC","Pansarin, E.R.","239","Native","Latão","Ouro","https://images.cria.org.br/viewer/UEC096048","Horto Florestal."
"ÁREA DE PROTEÇÃO AMBIENTAL CAMPOS DO JORDÃO","Angiosperms","Melastomataceae","Aciotis","paludosa","(Mart. ex DC.) Triana","MELASTOMATACEAE Aciotis paludosa (Mart. ex DC.) Triana","45346","GBIF","SPSF","Polisel, R.T.","1023","Native","Bronze","Bronze","https://images.cria.org.br/viewer/SPSF00045346","P.E.C.J"
"ÁREA DE PROTEÇÃO AMBIENTAL CAMPOS DO JORDÃO","Angiosperms","Melastomataceae","Acisanthera","uniflora","(Vahl) Gleason","MELASTOMATACEAE Acisanthera uniflora (Vahl) Gleason","SPSF00014343","Splink","SPSF",,"133","Native","Latão","Bronze",,"Morro do Elefante."
"ÁREA DE PROTEÇÃO AMBIENTAL CAMPOS DO JORDÃO","Angiosperms","Melastomataceae","Acisanthera","variabilis","(DC.) Triana","MELASTOMATACEAE Acisanthera variabilis (DC.) Triana","IAN094663","Splink","IAN",,"3183","Native","Ouro","Bronze",,"Campos de Jordao"
"ÁREA DE PROTEÇÃO AMBIENTAL CAMPOS DO JORDÃO",,"Melastomataceae","Brachythecium","ruderale","(Brid.) W.R.Buck","MELASTOMATACEAE Brachythecium ruderale (Brid.) W.R.Buck","72870","GBIF","NY","Buck, W.R.","26338",,"Latão","Bronze",,"Serra da Mantiqueira, Pico do Itapeva, ca. 6 km SE of Campos do Jordao"
"ÁREA DE PROTEÇÃO AMBIENTAL CAMPOS DO JORDÃO","Angiosperms","Melastomataceae","Chaetogastra","gracilis","(Bonpl.) DC.","MELASTOMATACEAE Chaetogastra gracilis (Bonpl.) DC.","RFA45763","Splink","RFA",,"8048","Native","Ouro","Bronze",,"Pico Itapeva."
"ÁREA DE PROTEÇÃO AMBIENTAL CAMPOS DO JORDÃO","Angiosperms","Melastomataceae","Chaetogastra","herbacea","(DC.) P.J.F.Guim. & Michelang.","MELASTOMATACEAE Chaetogastra herbacea (DC.) P.J.F.Guim. & Michelang.","ESAL000011196","Splink","ESAL",,"544","Native","Ouro","Bronze",,"Parque Estadual Instituto Florestal"
"ÁREA DE PROTEÇÃO AMBIENTAL CAMPOS DO JORDÃO","Angiosperms","Melastomataceae","Chaetogastra","hieracioides","Schrank et Mart. ex. DC.","MELASTOMATACEAE Chaetogastra hieracioides Schrank et Mart. ex. DC.","PACA027830","Splink","PACA",,,"Native","Prata","Bronze",,
"ÁREA DE PROTEÇÃO AMBIENTAL CAMPOS DO JORDÃO","Angiosperms","Melastomataceae","Chaetogastra","minor","(Cogn.) P.J.F.Guim. & Michelang.","MELASTOMATACEAE Chaetogastra minor (Cogn.) P.J.F.Guim. & Michelang.","MBM060143","Splink","MBM",,"8032","Native","Ouro","Bronze",,"Pico da Itapeva."
"ÁREA DE PROTEÇÃO AMBIENTAL CAMPOS DO JORDÃO","Angiosperms","Melastomataceae","Clidemia",,"D.Don","MELASTOMATACEAE Clidemia D.Don","37750","GBIF","SPSF","Polisel, R.T.","292",,"Prata","Bronze","https://images.cria.org.br/viewer/SPSF00037750","Estrada para São José dos Alpes"
"ÁREA DE PROTEÇÃO AMBIENTAL CAMPOS DO JORDÃO",,"Melastomataceae","Henrietta",,,"MELASTOMATACEAE Henrietta sp.","2184","Splink","MACK",,"56",,"Bronze","Bronze",,"Trilha For Seasons"
"ÁREA DE PROTEÇÃO AMBIENTAL CAMPOS DO JORDÃO","Angiosperms","Melastomataceae","Henriettea",,"DC.","MELASTOMATACEAE Henriettea DC.","2194","Splink","MACK",,"57",,"Bronze","Bronze",,
"ÁREA DE PROTEÇÃO AMBIENTAL CAMPOS DO JORDÃO","Angiosperms","Melastomataceae","Lavoisiera","caryophyllea","A.St.-Hil. ex Naudin","MELASTOMATACEAE Lavoisiera caryophyllea A.St.-Hil. ex Naudin","US01900151","GBIF","US","Porto, P.C.","3154","Native","Ouro","Bronze","jbrj-public.s3-sa-east-1.amazonaws.com/fsi/server?type=image&source=DZI/us/us/1/90/1/51/us01900151.dzi",
"ÁREA DE PROTEÇÃO AMBIENTAL CAMPOS DO JORDÃO","Angiosperms","Melastomataceae","Lavoisiera","imbricata","(Thunb.) DC.","MELASTOMATACEAE Lavoisiera imbricata (Thunb.) DC.","SPSF00015838","Splink","SPSF",,"33","Native","Ouro","Bronze",,"Pico do Itapeva."
"ÁREA DE PROTEÇÃO AMBIENTAL CAMPOS DO JORDÃO","Angiosperms","Melastomataceae","Leandra","acutiflora","(Naudin) Cogn.","MELASTOMATACEAE Leandra acutiflora (Naudin) Cogn.","250734","GBIF","R","Emmerich, W.","s.n.","Native","Latão","Ouro","https://images.cria.org.br/viewer/R010091527 | https://images.cria.org.br/viewer/R010091528","Parque Estadual de Campos do Jordão. Boa Vista."
"ÁREA DE PROTEÇÃO AMBIENTAL CAMPOS DO JORDÃO","Angiosperms","Melastomataceae","Leandra","amplexicaulis","DC.","MELASTOMATACEAE Leandra amplexicaulis DC.","SPSF00054748","Splink","SPSF",,"94","Native","Prata","Ouro",,"Campo Natural de Altitude em regeneração após corte de Pinus taeda. Parque Estadual dos Mananciais de Campos do Jordão"
"ÁREA DE PROTEÇÃO AMBIENTAL CAMPOS DO JORDÃO","Angiosperms","Melastomataceae","Leandra","aurea","(Cham.) Cogn.","MELASTOMATACEAE Leandra aurea (Cham.) Cogn.","MBM157164","Splink","MBM",,"8712","Native","Ouro","Bronze",,"Santa Cruz."
"ÁREA DE PROTEÇÃO AMBIENTAL CAMPOS DO JORDÃO","Angiosperms","Melastomataceae","Leandra","barbinervis","(Cham. ex Triana) Cogn.","MELASTOMATACEAE Leandra barbinervis (Cham. ex Triana) Cogn.","69136","GBIF","UEC","Sposito, T.C.","26426","Native","Ouro","Bronze","https://images.cria.org.br/viewer/UEC024714","Morro do Elefante, Mata, beira do córrego."
"ÁREA DE PROTEÇÃO AMBIENTAL CAMPOS DO JORDÃO","Angiosperms","Melastomataceae","Leandra","carassana","(DC.) Cogn.","MELASTOMATACEAE Leandra carassana (DC.) Cogn.","MBM189663","Splink","MBM",,"617","Native","Ouro","Bronze",,"Parque Nacional de Campos do Jordão."
"ÁREA DE PROTEÇÃO AMBIENTAL CAMPOS DO JORDÃO","Angiosperms","Melastomataceae","Leandra","cordigera","(Triana) Cogn.","MELASTOMATACEAE Leandra cordigera (Triana) Cogn.","SPSF00015587","Splink","SPSF",,"316","Native","Ouro","Bronze",,"Morro do Elefante."
"ÁREA DE PROTEÇÃO AMBIENTAL CAMPOS DO JORDÃO","Angiosperms","Melastomataceae","Leandra","debilis","(Naudin) Cogn.","MELASTOMATACEAE Leandra debilis (Naudin) Cogn.","2257","Splink","MACK",,"78","Native","Ouro","Bronze",,"Trilha For Seasons"
"ÁREA DE PROTEÇÃO AMBIENTAL CAMPOS DO JORDÃO","Angiosperms","Melastomataceae","Leandra","eichleri","Cogn.","MELASTOMATACEAE Leandra eichleri Cogn.","250761","GBIF","R","Emmerich, W.","s.n.","Native","Latão","Ouro","https://images.cria.org.br/viewer/R010094322","Parque Estadual de Campos do Jordão. Rio Galharada."
"ÁREA DE PROTEÇÃO AMBIENTAL CAMPOS DO JORDÃO","Angiosperms","Melastomataceae","Leandra","erostrata","(DC.) Cogn.","MELASTOMATACEAE Leandra erostrata (DC.) Cogn.","SPSF00014216","Splink","SPSF",,"19","Native","Ouro","Bronze",,"Morro do Elefante, campo"
"ÁREA DE PROTEÇÃO AMBIENTAL CAMPOS DO JORDÃO","Angiosperms","Melastomataceae","Leandra","flavescens","Cogn.","MELASTOMATACEAE Leandra flavescens Cogn.","SPSF00014521","Splink","SPSF",,"218","Native","Ouro","Bronze",,"Morro do Elefante."
"ÁREA DE PROTEÇÃO AMBIENTAL CAMPOS DO JORDÃO","Angiosperms","Melastomataceae","Leandra","fluminensis","Cogn.","MELASTOMATACEAE Leandra fluminensis Cogn.","HMACK00003280-T.A.B.Mortale13-1/12/2012 ColôniadeFériasMackenzie-Umuarama TrilhaCajará CamposdoJordão SP Brasil","Splink","MACK",,"13","Native","Latão","Bronze",,"Colônia de Férias Mackenzie - Umuarama, Trilha Cajará"
"ÁREA DE PROTEÇÃO AMBIENTAL CAMPOS DO JORDÃO","Angiosperms","Melastomataceae","Leandra","glazioviana","Cogn.","MELASTOMATACEAE Leandra glazioviana Cogn.","478392","GBIF","NY","Porto, P.C.","3172","Native","Latão","Bronze",,"Campos de Jordao"
"ÁREA DE PROTEÇÃO AMBIENTAL CAMPOS DO JORDÃO","Angiosperms","Melastomataceae","Leandra","macropora","(Triana) Cogn.","MELASTOMATACEAE Leandra macropora (Triana) Cogn.","SPSF00011641","Splink","SPSF",,"513","Native","Ouro","Ouro",,"Parque Estadual de Campos do Jordão, Região do Ribeirão, sob reflorestamento com <em>Pinus taeda </em>"
"ÁREA DE PROTEÇÃO AMBIENTAL CAMPOS DO JORDÃO","Angiosperms","Melastomataceae","Leandra","melastomoides","Raddi","MELASTOMATACEAE Leandra melastomoides Raddi","254850","GBIF","SP","Jouy, A.","B500","Native","Ouro","Bronze",,"Pedra de Fogo. Ponto CJ6. Lado da estrada. Mata"
"ÁREA DE PROTEÇÃO AMBIENTAL CAMPOS DO JORDÃO","Angiosperms","Melastomataceae","Leandra","multiplinervis","(Naudin) Cogn.","MELASTOMATACEAE Leandra multiplinervis (Naudin) Cogn.","109638","GBIF","UEC","Anderson, L.O.","110","Native","Ouro","Ouro","https://images.cria.org.br/viewer/UEC070026","Parque Estadual Campos do Jordão, Parque dos Lagos, Sáo Bento do Sapucaí, subindo 9km na trilha em direção ao charco, área de mata alagada."
"ÁREA DE PROTEÇÃO AMBIENTAL CAMPOS DO JORDÃO","Angiosperms","Melastomataceae","Leandra","pallida","Cogn.","MELASTOMATACEAE Leandra pallida Cogn.","19748","GBIF","MBML","Kuhlmann, M.","2239","Native","Ouro","Bronze","https://images.cria.org.br/viewer/MBML019748","Subida p/ o Pico do Itapeva"
"ÁREA DE PROTEÇÃO AMBIENTAL CAMPOS DO JORDÃO","Angiosperms","Melastomataceae","Leandra","polystachya","(Naudin) Cogn.","MELASTOMATACEAE Leandra polystachya (Naudin) Cogn.","IAN094659","Splink","IAN",,"3389","Native","Ouro","Bronze",,"Campos de Jordao"
"ÁREA DE PROTEÇÃO AMBIENTAL CAMPOS DO JORDÃO","Angiosperms","Melastomataceae","Leandra","purpureovillosa","Hoehne","MELASTOMATACEAE Leandra purpureovillosa Hoehne","IAN094661","Splink","IAN",,"3254","Native","Ouro","Bronze",,"Campos do Jordao"
"ÁREA DE PROTEÇÃO AMBIENTAL CAMPOS DO JORDÃO","Angiosperms","Melastomataceae","Leandra","quinquedentata","(DC.) Cogn.","MELASTOMATACEAE Leandra quinquedentata (DC.) Cogn.","7182","GBIF","HUEM","Barreto, K.D.","1049","Native","Ouro","Bronze",,
"ÁREA DE PROTEÇÃO AMBIENTAL CAMPOS DO JORDÃO","Angiosperms","Melastomataceae","Leandra","ribesiaeflora","(Cham.) Cogn.","MELASTOMATACEAE Leandra ribesiaeflora (Cham.) Cogn.","327214","GBIF","SP","Assis, P.F.","333","Native","Ouro","Bronze",,"Serra da Mantiqueira"
"ÁREA DE PROTEÇÃO AMBIENTAL CAMPOS DO JORDÃO","Angiosperms","Melastomataceae","Leandra","rigida","Cogn.","MELASTOMATACEAE Leandra rigida Cogn.","250559","GBIF","R","Emmerich, W.","s.n.","Native","Latão","Ouro","https://images.cria.org.br/viewer/R010090713","Parque Estadual de Campos do Jordão."
"ÁREA DE PROTEÇÃO AMBIENTAL CAMPOS DO JORDÃO","Angiosperms","Melastomataceae","Leandra","sulfurea","(Naudin) Cogn.","MELASTOMATACEAE Leandra sulfurea (Naudin) Cogn.","SPSF00037777","Splink","SPSF",,"319","Native","Ouro","Bronze",,"Região do Cedro Vermelho."
"ÁREA DE PROTEÇÃO AMBIENTAL CAMPOS DO JORDÃO","Angiosperms","Melastomataceae","Leandra","tetraptera","Cogn.","MELASTOMATACEAE Leandra tetraptera Cogn.","250766","GBIF","R","Emmerich, W.","s.n.","Native","Latão","Ouro","https://images.cria.org.br/viewer/R010094183 | https://images.cria.org.br/viewer/R010094314","Parque Estadual de Campos do Jordão."
"ÁREA DE PROTEÇÃO AMBIENTAL CAMPOS DO JORDÃO","Angiosperms","Melastomataceae","Leandra","truncata","Baumgratz & D`El Rei Souza","MELASTOMATACEAE Leandra truncata Baumgratz & D`El Rei Souza","SPSF00006501","Splink","SPSF",,,"Native","Ouro","Bronze",,"mata atrás da Colonia Cunha Freire."
"ÁREA DE PROTEÇÃO AMBIENTAL CAMPOS DO JORDÃO","Angiosperms","Melastomataceae","Leandra","variabilis","Raddi","MELASTOMATACEAE Leandra variabilis Raddi","RB00231020","GBIF","RB","Porto, P.C.","3390","Native","Ouro","Bronze","jbrj-public-img.s3-sa-east-1.amazonaws.com/JPG/rb/0/23/10/20/00231020.jpg","Campos do Jordao"
"ÁREA DE PROTEÇÃO AMBIENTAL CAMPOS DO JORDÃO","Angiosperms","Melastomataceae","Leandra","xanthocoma","(Naudin) Cogn.","MELASTOMATACEAE Leandra xanthocoma (Naudin) Cogn.","MBM158599","Splink","MBM",,"235","Native","Ouro","Bronze",,"Instituto Florestal."
"ÁREA DE PROTEÇÃO AMBIENTAL CAMPOS DO JORDÃO","Angiosperms","Melastomataceae","Marcetia",,"DC.","MELASTOMATACEAE Marcetia DC.","RFA45380","Splink","RFA",,"8017",,"Latão","Bronze",,"Estrada para o Pico Itapeva"
"ÁREA DE PROTEÇÃO AMBIENTAL CAMPOS DO JORDÃO","Angiosperms","Melastomataceae","Meriania","claussenii","(Naudin) Triana","MELASTOMATACEAE Meriania claussenii (Naudin) Triana","MBM166578","Splink","MBM",,"733","Native","Ouro","Ouro",,"Parque Estadual."
"ÁREA DE PROTEÇÃO AMBIENTAL CAMPOS DO JORDÃO","Angiosperms","Melastomataceae","Miconia","albicans","(Sw.) Steud.","MELASTOMATACEAE Miconia albicans (Sw.) Steud.",,"GBIF",,,,"Native","Latão","Bronze",,
"ÁREA DE PROTEÇÃO AMBIENTAL CAMPOS DO JORDÃO","Angiosperms","Melastomataceae","Miconia","brasiliensis","(Spreng.) Triana","MELASTOMATACEAE Miconia brasiliensis (Spreng.) Triana","HMACK00003357-B.Petrocelli3-11/4/2014 CamposdoJordão SP Brasil","Splink","MACK",,"3","Native","Bronze","Bronze",,
"ÁREA DE PROTEÇÃO AMBIENTAL CAMPOS DO JORDÃO","Angiosperms","Melastomataceae","Miconia","cinerascens","Miq.","MELASTOMATACEAE Miconia cinerascens var. cinerascens Miq.","EAC0017322","Splink","EAC",,"26390","Native","Ouro","Bronze",,"caminho para São José dos Alpes"
"ÁREA DE PROTEÇÃO AMBIENTAL CAMPOS DO JORDÃO","Angiosperms","Melastomataceae","Miconia","cinerascens","Wurdack","MELASTOMATACEAE Miconia cinerascens var. robusta Wurdack","SPSF00034554","Splink","SPSF",,"385","Native","Ouro","Bronze",,"vila Matilde."
"ÁREA DE PROTEÇÃO AMBIENTAL CAMPOS DO JORDÃO","Angiosperms","Melastomataceae","Miconia","hyemalis","A.St.-Hil. & Naudin","MELASTOMATACEAE Miconia hyemalis A.St.-Hil. & Naudin","SPSF00014053","Splink","SPSF",,"684","Native","Ouro","Bronze",,"Morro do Elefante."
"ÁREA DE PROTEÇÃO AMBIENTAL CAMPOS DO JORDÃO","Angiosperms","Melastomataceae","Miconia","inconspicua","Miq.","MELASTOMATACEAE Miconia inconspicua Miq.","SPSF00008379","Splink","SPSF",,"s/n","Native","Ouro","Ouro",,"Parque Estadual de Campos do Jordão."
"ÁREA DE PROTEÇÃO AMBIENTAL CAMPOS DO JORDÃO","Angiosperms","Melastomataceae","Miconia","latecrenata","(DC.) Naudin","MELASTOMATACEAE Miconia latecrenata (DC.) Naudin","HMACK00003431-B.Petrocelli1-11/4/2014 TrilhadoPomar CamposdoJordão SP Brasil","Splink","MACK",,"1","Native","Latão","Bronze",,"Trilha do Pomar"
"ÁREA DE PROTEÇÃO AMBIENTAL CAMPOS DO JORDÃO","Angiosperms","Melastomataceae","Miconia","ligustroides","(DC.) Naudin","MELASTOMATACEAE Miconia ligustroides (DC.) Naudin","MBM194014","Splink","MBM",,"422","Native","Ouro","Bronze",,"Parque Estadual do Instituto Florestal."
"ÁREA DE PROTEÇÃO AMBIENTAL CAMPOS DO JORDÃO","Angiosperms","Melastomataceae","Miconia","lymanii","Wurdack","MELASTOMATACEAE Miconia lymanii Wurdack","89853","GBIF","UEC",,"1092","Native","Ouro","Bronze","https://images.cria.org.br/viewer/UEC025089",
"ÁREA DE PROTEÇÃO AMBIENTAL CAMPOS DO JORDÃO","Angiosperms","Melastomataceae","Miconia","pusilliflora","(DC.) Naudin","MELASTOMATACEAE Miconia pusilliflora (DC.) Naudin","MBM157165","Splink","MBM",,"8711","Native","Ouro","Bronze",,"Santa Cruz."
"ÁREA DE PROTEÇÃO AMBIENTAL CAMPOS DO JORDÃO","Angiosperms","Melastomataceae","Miconia","sellowiana","Naudin","MELASTOMATACEAE Miconia sellowiana Naudin","MBM121330","Splink","MBM",,"476","Native","Ouro","Bronze",,"Instituto Florestal."
"ÁREA DE PROTEÇÃO AMBIENTAL CAMPOS DO JORDÃO","Angiosperms","Melastomataceae","Miconia","shepherdii","R.Goldenb. & Reginato","MELASTOMATACEAE Miconia shepherdii R.Goldenb. & Reginato","865","Splink","MACK",,"605","Native","Ouro","Ouro",,"Parque Estadual de Campos do Jordão."
"ÁREA DE PROTEÇÃO AMBIENTAL CAMPOS DO JORDÃO","Angiosperms","Melastomataceae","Miconia","theaezans","(Bonpl.) Cogn.","MELASTOMATACEAE Miconia theaezans (Bonpl.) Cogn.","SPSF00015796","Splink","SPSF",,"6","Native","Latão","Bronze",,
"ÁREA DE PROTEÇÃO AMBIENTAL CAMPOS DO JORDÃO","Angiosperms","Melastomataceae","Microlicia","acuminata","Naudin","MELASTOMATACEAE Microlicia acuminata Naudin","SPSF00054759","Splink","SPSF",,"105","Native","Prata","Ouro",,"Campo Natural de Altitude, beira da estrada. Parque Estadual dos Mananciais de Campos do Jordão"
"ÁREA DE PROTEÇÃO AMBIENTAL CAMPOS DO JORDÃO",,"Melastomataceae","Microlicia","bradeana","Hoehne","MELASTOMATACEAE Microlicia bradeana Hoehne","256543","GBIF","SP","Jouy, A.","B743",,"Bronze","Bronze",,"Rodovia Pico do Itapeva, 3 km da cidade"
"ÁREA DE PROTEÇÃO AMBIENTAL CAMPOS DO JORDÃO","Angiosperms","Melastomataceae","Microlicia","isophylla","DC.","MELASTOMATACEAE Microlicia isophylla DC.","MBM055520","Splink","MBM",,"8017","Native","Ouro","Bronze",,"Campos do Jordão."
"ÁREA DE PROTEÇÃO AMBIENTAL CAMPOS DO JORDÃO",,"Melastomataceae","Microlicia","minor","Versiane & R.Romero","MELASTOMATACEAE Microlicia minor Versiane & R.Romero","PEL1004036","Splink","PEL",,"3149",,"Ouro","Bronze",,
"ÁREA DE PROTEÇÃO AMBIENTAL CAMPOS DO JORDÃO",,"Melastomataceae","Microlicia","parviflora","(D.Don) Versiane & R.Romero","MELASTOMATACEAE Microlicia parviflora (D.Don) Versiane & R.Romero","SPSF00018356","Splink","SPSF",,"566",,"Ouro","Bronze",,
"ÁREA DE PROTEÇÃO AMBIENTAL CAMPOS DO JORDÃO",,"Melastomataceae","Microlicia","phlogiformis","(DC.) Versiane & R.Romero","MELASTOMATACEAE Microlicia phlogiformis (DC.) Versiane & R.Romero","SPSF00033034","Splink","SPSF",,"467",,"Ouro","Ouro",,"Parque Estadual de Campos do Jordão."
"ÁREA DE PROTEÇÃO AMBIENTAL CAMPOS DO JORDÃO",,"Melastomataceae","Microlicia","sellowiana","Naudin","MELASTOMATACEAE Microlicia sellowiana Naudin","250739","GBIF","R","Emmerich, W.","s.n.",,"Latão","Ouro","https://images.cria.org.br/viewer/R010091564","Parque Estadual de Campos do Jordão, Gleichenial no 2. Alto do Ribeirão."
"ÁREA DE PROTEÇÃO AMBIENTAL CAMPOS DO JORDÃO",,"Melastomataceae","Monoclea","gottschei","Lindb.","MELASTOMATACEAE Monoclea gottschei Lindb.","165982204","GBIF","Observations","Dominguez, Y.",,,"Bronze","Bronze",,"Campos do Jordão - State of São Paulo, 12460-000, Brazil"
"ÁREA DE PROTEÇÃO AMBIENTAL CAMPOS DO JORDÃO","Angiosperms","Melastomataceae","Pleroma","elegans","Gardner","MELASTOMATACEAE Pleroma elegans Gardner","SPSF00008388","Splink","SPSF",,,"Native","Bronze","Ouro",,"P.E. de Campos do Jordão."
"ÁREA DE PROTEÇÃO AMBIENTAL CAMPOS DO JORDÃO","Angiosperms","Melastomataceae","Pleroma","estrellense","(Raddi) P.J.F.Guim. & Michelang.","MELASTOMATACEAE Pleroma estrellense (Raddi) P.J.F.Guim. & Michelang.","SPSF00010168","Splink","SPSF",,"405","Native","Ouro","Ouro",,"Parque Estadual."
"ÁREA DE PROTEÇÃO AMBIENTAL CAMPOS DO JORDÃO","Angiosperms","Melastomataceae","Pleroma","fissinervium","Schrank et Mart. ex DC.","MELASTOMATACEAE Pleroma fissinervium Schrank et Mart. ex DC.","SPSF00018111","Splink","SPSF",,"815","Native","Prata","Bronze",,"P.E. dos Mananciais."
"ÁREA DE PROTEÇÃO AMBIENTAL CAMPOS DO JORDÃO",,"Melastomataceae","Pleroma","fothergillae",,"MELASTOMATACEAE Pleroma fothergillae","HMACK00003246-L.C.Dorice29-3/3/2012 ColôniaUmuarama CamposdoJordão SP Brasil","Splink","MACK",,"29",,"Bronze","Ouro",,"Colônia Umuarama"
"ÁREA DE PROTEÇÃO AMBIENTAL CAMPOS DO JORDÃO","Angiosperms","Melastomataceae","Pleroma","fothergillii","(Schrank et Mart. ex DC.) Triana","MELASTOMATACEAE Pleroma fothergillii (Schrank et Mart. ex DC.) Triana","69114","GBIF","UEC","Salino, A.","26404","Native","Ouro","Bronze",,"Pico do Itapeva"
"ÁREA DE PROTEÇÃO AMBIENTAL CAMPOS DO JORDÃO","Angiosperms","Melastomataceae","Pleroma","foveolatum","(Naudin) Triana","MELASTOMATACEAE Pleroma foveolatum (Naudin) Triana","MBM060145","Splink","MBM",,"8051","Native","Ouro","Bronze",,"Pico Itapeva."
"ÁREA DE PROTEÇÃO AMBIENTAL CAMPOS DO JORDÃO","Angiosperms","Melastomataceae","Pleroma","frigidulum","(Schrank et Mart. ex DC.) Triana","MELASTOMATACEAE Pleroma frigidulum (Schrank et Mart. ex DC.) Triana","MBM060141","Splink","MBM",,"8041","Native","Ouro","Bronze",,"Pico Itapeva."
"ÁREA DE PROTEÇÃO AMBIENTAL CAMPOS DO JORDÃO","Angiosperms","Melastomataceae","Pleroma","gaudichaudianum","(DC.) A. Gray","MELASTOMATACEAE Pleroma gaudichaudianum (DC.) A. Gray","SPSF00015296","Splink","SPSF",,"286","Native","Bronze","Ouro",,"Parque Estadual de Campos do Jordão."
"ÁREA DE PROTEÇÃO AMBIENTAL CAMPOS DO JORDÃO","Angiosperms","Melastomataceae","Pleroma","granulosum","(Desr.) D. Don","MELASTOMATACEAE Pleroma granulosum (Desr.) D. Don","MBM194019","Splink","MBM",,"12","Native","Ouro","Bronze",,"Parque Estadual do Instituto Florestal."
"ÁREA DE PROTEÇÃO AMBIENTAL CAMPOS DO JORDÃO","Angiosperms","Melastomataceae","Pleroma","hospitum","(Schrank et Mart. ex DC.) Triana","MELASTOMATACEAE Pleroma hospitum (Schrank et Mart. ex DC.) Triana","156300","GBIF","UEC","Mattos, J.","14725","Native","Ouro","Bronze","https://images.cria.org.br/viewer/UEC062082","Perto de São José dos Alpes. No campo."
"ÁREA DE PROTEÇÃO AMBIENTAL CAMPOS DO JORDÃO","Angiosperms","Melastomataceae","Pleroma","martiale","(Cham.) Triana","MELASTOMATACEAE Pleroma martiale (Cham.) Triana","MBM121337","Splink","MBM",,"421","Native","Ouro","Bronze",,"Parque Estadual do Instituto Florestal."
"ÁREA DE PROTEÇÃO AMBIENTAL CAMPOS DO JORDÃO","Angiosperms","Melastomataceae","Pleroma","martiusianum","(DC.) P.J.F.Guim. &Michelang.","MELASTOMATACEAE Pleroma martiusianum (DC.) P.J.F.Guim. &Michelang.","SPSF00012011","Splink","SPSF",,"577","Native","Ouro","Ouro",,"Parque Estadual de Campos do Jordão"
"ÁREA DE PROTEÇÃO AMBIENTAL CAMPOS DO JORDÃO","Angiosperms","Melastomataceae","Pleroma","mellobarretoi","(Brade) P.J.F.Guim. & Michelang.","MELASTOMATACEAE Pleroma mellobarretoi (Brade) P.J.F.Guim. & Michelang.","RB00229943","GBIF","RB","Barreto, R.A.A.","37","Native","Bronze","Ouro","jbrj-public-img.s3-sa-east-1.amazonaws.com/JPG/rb/0/22/99/43/00229943.jpg","parque Estadual de Campos do Jordão Folha Cartográfica SF-23-Y-B Coordenada Coletada."
"ÁREA DE PROTEÇÃO AMBIENTAL CAMPOS DO JORDÃO","Angiosperms","Melastomataceae","Pleroma","mosenii","(Cogn.) P.J.F.Guim. & Michelang.","MELASTOMATACEAE Pleroma mosenii (Cogn.) P.J.F.Guim. & Michelang.","SPSF00015841","Splink","SPSF",,"31","Native","Bronze","Bronze",,"Pico do Itapeva."
"ÁREA DE PROTEÇÃO AMBIENTAL CAMPOS DO JORDÃO","Angiosperms","Melastomataceae","Pleroma","mutabile","(Vell.) Triana","MELASTOMATACEAE Pleroma mutabile (Vell.) Triana","15667","GBIF","BOTU","Amaral Junior, A.Y.","91","Native","Latão","Bronze",,"Pico do Itapeva."
"ÁREA DE PROTEÇÃO AMBIENTAL CAMPOS DO JORDÃO",,"Melastomataceae","Pleroma","oleifolia","(DC.) R.Romero & Versiane","MELASTOMATACEAE Pleroma oleifolia (DC.) R.Romero & Versiane","89839","GBIF","UEC",,"1075",,"Ouro","Bronze",,
"ÁREA DE PROTEÇÃO AMBIENTAL CAMPOS DO JORDÃO","Angiosperms","Melastomataceae","Pleroma","oleifolium","(DC.) R. Romero & Versiane","MELASTOMATACEAE Pleroma oleifolium (DC.) R. Romero & Versiane","57326","GBIF","HUFU","Porto-Campos, P.","3177","Native","Ouro","Bronze","https://images.cria.org.br/viewer/HUFU00066310","Campos de Jordao"
"ÁREA DE PROTEÇÃO AMBIENTAL CAMPOS DO JORDÃO","Angiosperms","Melastomataceae","Pleroma","raddianum","(DC.) Gardner","MELASTOMATACEAE Pleroma raddianum (DC.) Gardner","SPSF00015892","Splink","SPSF",,"457","Native","Ouro","Ouro",,"Parque Estadual do Instituto Florestal, no gramado em frente à garagem"
"ÁREA DE PROTEÇÃO AMBIENTAL CAMPOS DO JORDÃO","Angiosperms","Melastomataceae","Pleroma","sellowianum","(Cham.) P.J.F.Guim. & Michelang.","MELASTOMATACEAE Pleroma sellowianum (Cham.) P.J.F.Guim. & Michelang.","PEL0016330","Splink","PEL",,"4210","Native","Ouro","Bronze",,"Pico do Itapeva."
"ÁREA DE PROTEÇÃO AMBIENTAL CAMPOS DO JORDÃO","Angiosperms","Melastomataceae","Pleroma","semidecandrum","(Schrank et Mart. ex DC.) Triana","MELASTOMATACEAE Pleroma semidecandrum (Schrank et Mart. ex DC.) Triana","SPSF00012905","Splink","SPSF",,"s/n","Native","Bronze","Ouro",,"Parque Estadual de Campos do Jordão."
"ÁREA DE PROTEÇÃO AMBIENTAL CAMPOS DO JORDÃO","Angiosperms","Melastomataceae","Pleroma","stenocarpum","(Schrank et Mart. ex DC.) Triana","MELASTOMATACEAE Pleroma stenocarpum (Schrank et Mart. ex DC.) Triana","7997","GBIF","SPSF","Barreto, R.A.A.","242","Native","Bronze","Ouro",,"Parque Estadual"
"ÁREA DE PROTEÇÃO AMBIENTAL CAMPOS DO JORDÃO","Angiosperms","Melastomataceae","Rhynchanthera","brachyrhyncha","Cham.","MELASTOMATACEAE Rhynchanthera brachyrhyncha Cham.","MBM055519","Splink","MBM",,"7997","Native","Ouro","Bronze",,"Campos do Jordão."
"ÁREA DE PROTEÇÃO AMBIENTAL CAMPOS DO JORDÃO",,"Melastomataceae","Tibouchina","frigida",,"MELASTOMATACEAE Tibouchina frigida","477","Splink","MACK",,"681",,"Ouro","Bronze",,"Região do Morro do Elefante."
"ÁREA DE PROTEÇÃO AMBIENTAL CAMPOS DO JORDÃO",,"Melastomataceae","Tibouchina","frigidula","(DC.) Cogn.","MELASTOMATACEAE Tibouchina frigidula (DC.) Cogn.","67178","GBIF","SPF","Jouy, A.","B1067",,"Ouro","Bronze","https://images.cria.org.br/viewer/SPF00067178",
"ÁREA DE PROTEÇÃO AMBIENTAL CAMPOS DO JORDÃO",,"Melastomataceae","Tibouchina","hieracioides","(DC.) Cogn.","MELASTOMATACEAE Tibouchina hieracioides (DC.) Cogn.","347631","GBIF","SP","Costa, C.B.","421",,"Ouro","Ouro",,"Parque Estadual de Campos do Jordão, Região de São José dos Alpes."
"ÁREA DE PROTEÇÃO AMBIENTAL CAMPOS DO JORDÃO",,"Melastomataceae","Tibouchina","mosenii","Brade","MELASTOMATACEAE Tibouchina mosenii var. jordanensis Brade","245789","GBIF","NY","Lanstyack, L.","33168",,"Ouro","Bronze",,"Campos de Jordao"
"ÁREA DE PROTEÇÃO AMBIENTAL CAMPOS DO JORDÃO","Angiosperms","Melastomataceae","Trembleya","parviflora","(D.Don) Cogn.","MELASTOMATACEAE Trembleya parviflora (D.Don) Cogn.","PEL0016223","Splink","PEL",,"2450","Native","Ouro","Bronze",,"Parque da Ferradura, trilha do pinhão"
"ÁREA DE PROTEÇÃO AMBIENTAL CAMPOS DO JORDÃO","Angiosperms","Melastomataceae","Trembleya","phlogiformis","Mart. & Schrank ex DC.","MELASTOMATACEAE Trembleya phlogiformis Mart. & Schrank ex DC.","MBM060142","Splink","MBM",,"8049","Native","Ouro","Bronze",,"Pico Itapeva."
"ÁREA DE PROTEÇÃO AMBIENTAL CAMPOS DO JORDÃO","Angiosperms","Meliaceae","Cabralea","canjerana","(Vell.) Mart.","MELIACEAE Cabralea canjerana subsp. canjerana (Vell.) Mart.","SPSF00033398","Splink","SPSF",,"609","Native","Ouro","Bronze",,"moro do Elefante."
"ÁREA DE PROTEÇÃO AMBIENTAL CAMPOS DO JORDÃO","Angiosperms","Meliaceae","Cedrela","fissilis","Vell.","MELIACEAE Cedrela fissilis Vell.","SPSF00009476","Splink","SPSF",,,"Native","Ouro","Bronze",,"Parque Estadual do Instituto Florestal."
"ÁREA DE PROTEÇÃO AMBIENTAL CAMPOS DO JORDÃO","Angiosperms","Meliaceae","Cedrela","odorata","L.","MELIACEAE Cedrela odorata L.","SPSF00011343","Splink","SPSF",,"36","Native","Latão","Bronze",,"Parque Estadual do Instituto Florestal."
"ÁREA DE PROTEÇÃO AMBIENTAL CAMPOS DO JORDÃO","Angiosperms","Meliaceae","Guarea","guidonia","(L.) Sleumer","MELIACEAE Guarea guidonia (L.) Sleumer","SPSF00005744","Splink","SPSF",,,"Native","Latão","Bronze",,"Parque Estadual do Instituto Florestal."
"ÁREA DE PROTEÇÃO AMBIENTAL CAMPOS DO JORDÃO","Angiosperms","Meliaceae","Melia","azedarach","L.","MELIACEAE Melia azedarach L.","SPSF00005693","Splink","SPSF",,,"Naturalized","Latão","Bronze",,"Parque Estadual do Instituto Florestal."
"ÁREA DE PROTEÇÃO AMBIENTAL CAMPOS DO JORDÃO","Angiosperms","Molluginaceae","Mollugo",,"L.","MOLLUGINACEAE Mollugo L.","412992","GBIF","SP","Wanderley, M.G.L.","2792",,"Latão","Bronze",,"Trilha dos campos"
"ÁREA DE PROTEÇÃO AMBIENTAL CAMPOS DO JORDÃO","Angiosperms","Monimiaceae","Macropeplus","dentatus","(Perkins) I.Santos & Peixoto","MONIMIACEAE Macropeplus dentatus (Perkins) I.Santos & Peixoto","85413","GBIF","UEC","Cordeiro, I.","1307","Native","Ouro","Bronze",,
"ÁREA DE PROTEÇÃO AMBIENTAL CAMPOS DO JORDÃO","Angiosperms","Monimiaceae","Macropeplus","ligustrinus","(Tul.) Perkins","MONIMIACEAE Macropeplus ligustrinus (Tul.) Perkins","MBM133571","Splink","MBM",,"314","Native","Ouro","Ouro",,"Parque Estadual Campos do Jordão."
"ÁREA DE PROTEÇÃO AMBIENTAL CAMPOS DO JORDÃO","Angiosperms","Monimiaceae","Mollinedia","acutissima","Perkins","MONIMIACEAE Mollinedia acutissima Perkins","6686","GBIF","HUEM","Barreto, K.D.","1212","Native","Ouro","Ouro",,"Horto Florestal, Mata de altitude"
"ÁREA DE PROTEÇÃO AMBIENTAL CAMPOS DO JORDÃO","Angiosperms","Monimiaceae","Mollinedia","boracensis","Peixoto","MONIMIACEAE Mollinedia boracensis Peixoto","MBM150940","Splink","MBM",,"358","Native","Ouro","Ouro",,"Parque Estadual."
"ÁREA DE PROTEÇÃO AMBIENTAL CAMPOS DO JORDÃO","Angiosperms","Monimiaceae","Mollinedia","clavigera","Tul.","MONIMIACEAE Mollinedia clavigera Tul.","70027","GBIF","UEC","Koch, I.","26444","Native","Ouro","Bronze","https://images.cria.org.br/viewer/UEC128052","Estrada antiga de Campos do Jordão a Sto. Antônio dos Pinhais"
"ÁREA DE PROTEÇÃO AMBIENTAL CAMPOS DO JORDÃO","Angiosperms","Monimiaceae","Mollinedia","gilgiana","Perkins","MONIMIACEAE Mollinedia gilgiana Perkins","RB01305426","GBIF","RB","Mattos, J.","15015","Native","Ouro","Bronze","jbrj-public-img.s3-sa-east-1.amazonaws.com/JPG/rb/1/30/54/26/01305426.jpg","Fazenda da Guarda (Reserva Florestal), quase na divisa com Minas Gerais"
"ÁREA DE PROTEÇÃO AMBIENTAL CAMPOS DO JORDÃO","Angiosperms","Monimiaceae","Mollinedia","lanceolata","Ruiz & Pav.","MONIMIACEAE Mollinedia lanceolata Ruiz & Pav.","54294","GBIF","FUEL","Kuhlmann, M.","2144","Native","Latão","Bronze",,"Estrada para Minas."
"ÁREA DE PROTEÇÃO AMBIENTAL CAMPOS DO JORDÃO","Angiosperms","Monimiaceae","Mollinedia","schottiana","(Spreng.) Perkins","MONIMIACEAE Mollinedia schottiana (Spreng.) Perkins","1780","Splink","MACK",,"10","Native","Bronze","Ouro",,"Colônia Umuarama, Trilha das sete quedas"
"ÁREA DE PROTEÇÃO AMBIENTAL CAMPOS DO JORDÃO","Angiosperms","Monimiaceae","Mollinedia","triflora","(Spreng.) Tul.","MONIMIACEAE Mollinedia triflora (Spreng.) Tul.","176239","GBIF","ICN","Barreto, K.D.","1213","Native","Ouro","Ouro",,"Horto Florestal"
"ÁREA DE PROTEÇÃO AMBIENTAL CAMPOS DO JORDÃO","Angiosperms","Moraceae","Ficus","luschnathiana","(Miq.) Miq.","MORACEAE Ficus luschnathiana (Miq.) Miq.","RB01290109","GBIF","RB","Carvalho, J.P.M.","8500","Native","Ouro","Ouro","jbrj-public-img.s3-sa-east-1.amazonaws.com/JPG/rb/1/29/1/9/01290109.jpg","Parque Estadual, Instituto Florestal, região do Paiol, próximo a um reflorestamento."
"ÁREA DE PROTEÇÃO AMBIENTAL CAMPOS DO JORDÃO","Angiosperms","Moraceae","Sorocea","bonplandii","(Baill.) W.C.Burger et al.","MORACEAE Sorocea bonplandii (Baill.) W.C.Burger et al.","ESA014951","GBIF","ESA","Barreto, K.D.","1271","Native","Ouro","Bronze","jbrj-public.s3-sa-east-1.amazonaws.com/fsi/server?type=image&source=DZI/esa/esa/0/1/49/51/esa00014951.dzi",
"ÁREA DE PROTEÇÃO AMBIENTAL CAMPOS DO JORDÃO","Angiosperms","Myrsinaceae",,,"Batsch ex Borkh.","MYRSINACEAE Primulaceae Batsch ex Borkh.","1641","Splink","MACK",,"16",,"Latão","Bronze",,"Floresta Ombrófila Mista, trilha das sete quedas."
"ÁREA DE PROTEÇÃO AMBIENTAL CAMPOS DO JORDÃO","Angiosperms","Myrtaceae","Blepharocalyx","salicifolius","(Kunth) O.Berg","MYRTACEAE Blepharocalyx salicifolius (Kunth) O.Berg","PACA027859","Splink","PACA",,,"Native","Ouro","Bronze",,
"ÁREA DE PROTEÇÃO AMBIENTAL CAMPOS DO JORDÃO",,"Myrtaceae","Calypogeia","grandistipula","(Steph.) Steph.","MYRTACEAE Calypogeia grandistipula (Steph.) Steph.","1666181","GBIF","NY","Schafer-Verwimp, A.","11038",,"Ouro","Bronze",,"Serra da Mantiqueira, Campos do Jordão, an der Strasse bei Minalba"
"ÁREA DE PROTEÇÃO AMBIENTAL CAMPOS DO JORDÃO","Angiosperms","Myrtaceae","Campomanesia","guazumifolia","(Cambess.) O.Berg","MYRTACEAE Campomanesia guazumifolia (Cambess.) O.Berg","SPSF00011969","Splink","SPSF",,"551","Native","Ouro","Ouro",,"Parque Estadual de Campos do Jordão."
"ÁREA DE PROTEÇÃO AMBIENTAL CAMPOS DO JORDÃO","Angiosperms","Myrtaceae","Campomanesia","pubescens","(Mart. ex DC.) O.Berg","MYRTACEAE Campomanesia pubescens (Mart. ex DC.) O.Berg","51410","GBIF","SPSF","Maruyama, A.","347","Native","Ouro","Bronze",,
"ÁREA DE PROTEÇÃO AMBIENTAL CAMPOS DO JORDÃO","Angiosperms","Myrtaceae","Corymbia","torelliana","(F.Muell.) K.D.Hill & L.A.S.Johnson","MYRTACEAE Corymbia torelliana (F.Muell.) K.D.Hill & L.A.S.Johnson","SPSF00007458","Splink","SPSF",,"s/n","Cultivated","Bronze","Bronze",,"Parque Estadual do Instituto Florestal."
"ÁREA DE PROTEÇÃO AMBIENTAL CAMPOS DO JORDÃO","Angiosperms","Myrtaceae","Eucalyptus","alba","Reinw. ex Blume","MYRTACEAE Eucalyptus alba Reinw. ex Blume","SPSF00008481","Splink","SPSF",,,"Cultivated","Latão","Bronze",,"Parque Estadual do Instituto Florestal."
"ÁREA DE PROTEÇÃO AMBIENTAL CAMPOS DO JORDÃO","Angiosperms","Myrtaceae","Eucalyptus","botryoides","Sm.","MYRTACEAE Eucalyptus botryoides Sm.","SPSF00007025","Splink","SPSF",,"s/n","Cultivated","Latão","Bronze",,"Sanatório São Paulo."
"ÁREA DE PROTEÇÃO AMBIENTAL CAMPOS DO JORDÃO","Angiosperms","Myrtaceae","Eucalyptus","camaldulensis","Dehnh.","MYRTACEAE Eucalyptus camaldulensis Dehnh.","SPSF00003187","Splink","SPSF",,"s/n","Cultivated","Bronze","Bronze",,"Sanatório São Paulo."
"ÁREA DE PROTEÇÃO AMBIENTAL CAMPOS DO JORDÃO","Angiosperms","Myrtaceae","Eucalyptus","globulus","Labill.","MYRTACEAE Eucalyptus globulus Labill.","SPSF00008619","Splink","SPSF",,"s/n","Cultivated","Latão","Bronze",,
"ÁREA DE PROTEÇÃO AMBIENTAL CAMPOS DO JORDÃO",,"Myrtaceae","Eucalyptus","melanoxylon",,"MYRTACEAE Eucalyptus melanoxylon","SPSF00003309","Splink","SPSF",,"s/n",,"Bronze","Bronze",,
"ÁREA DE PROTEÇÃO AMBIENTAL CAMPOS DO JORDÃO","Angiosperms","Myrtaceae","Eucalyptus","microcarpa","(Maiden) Maiden","MYRTACEAE Eucalyptus microcarpa (Maiden) Maiden","SPSF00007494","Splink","SPSF",,"s/n","Cultivated","Latão","Ouro",,"P.E. de Campos do Jordão."
"ÁREA DE PROTEÇÃO AMBIENTAL CAMPOS DO JORDÃO","Angiosperms","Myrtaceae","Eucalyptus","nitens","(H.Deane & Maiden) Maiden","MYRTACEAE Eucalyptus nitens (H.Deane & Maiden) Maiden","SPSF00005601","Splink","SPSF",,"s/n","Cultivated","Latão","Bronze",,
"ÁREA DE PROTEÇÃO AMBIENTAL CAMPOS DO JORDÃO","Angiosperms","Myrtaceae","Eucalyptus","ovata","Labill.","MYRTACEAE Eucalyptus ovata Labill.","SPSF00009427","Splink","SPSF",,"s/n","Cultivated","Latão","Bronze",,"Bairro Abernessia."
"ÁREA DE PROTEÇÃO AMBIENTAL CAMPOS DO JORDÃO","Angiosperms","Myrtaceae","Eucalyptus","planchoniana","F.Muell.","MYRTACEAE Eucalyptus planchoniana F.Muell.","SPSF00012615","Splink","SPSF",,"s/n","Cultivated","Latão","Bronze",,"Parque Estadual do Instituto Florestal."
"ÁREA DE PROTEÇÃO AMBIENTAL CAMPOS DO JORDÃO","Angiosperms","Myrtaceae","Eucalyptus","rudis","Endl.","MYRTACEAE Eucalyptus rudis Endl.","SPSF00003183","Splink","SPSF",,"s/n","Cultivated","Latão","Bronze",,
"ÁREA DE PROTEÇÃO AMBIENTAL CAMPOS DO JORDÃO","Angiosperms","Myrtaceae","Eucalyptus","saligna","Sm.","MYRTACEAE Eucalyptus saligna Sm.","SPSF00012055","Splink","SPSF",,"s/n","Cultivated","Bronze","Bronze",,"Bairro Rancho Alegre."
"ÁREA DE PROTEÇÃO AMBIENTAL CAMPOS DO JORDÃO","Angiosperms","Myrtaceae","Eucalyptus","urophylla","S.T.Blake","MYRTACEAE Eucalyptus urophylla S.T.Blake","SPSF00007059","Splink","SPSF",,"s/n","Cultivated","Bronze","Bronze",,"Parque Estadual do Instituto Florestal."
"ÁREA DE PROTEÇÃO AMBIENTAL CAMPOS DO JORDÃO","Angiosperms","Myrtaceae","Eugenia","acutata","Miq.","MYRTACEAE Eugenia acutata Miq.","SPSF00014827","Splink","SPSF",,,"Native","Ouro","Bronze",,"Parque Estadual do Instituto Florestal."
"ÁREA DE PROTEÇÃO AMBIENTAL CAMPOS DO JORDÃO","Angiosperms","Myrtaceae","Eugenia","brasiliensis","Lam.","MYRTACEAE Eugenia brasiliensis Lam.","SPSF00008323","Splink","SPSF",,,"Native","Ouro","Bronze",,"Parque Estadual do Instituto Florestal."
"ÁREA DE PROTEÇÃO AMBIENTAL CAMPOS DO JORDÃO","Angiosperms","Myrtaceae","Eugenia","dodonaeifolia","Cambess.","MYRTACEAE Eugenia dodonaeifolia Cambess.","32412","GBIF","HEPH","Maruyama, A.","316","Native","Bronze","Bronze",,
"ÁREA DE PROTEÇÃO AMBIENTAL CAMPOS DO JORDÃO","Angiosperms","Myrtaceae","Eugenia","florida","DC.","MYRTACEAE Eugenia florida DC.","7218","GBIF","HUEM","Barreto, K.D.","1117","Native","Ouro","Bronze",,
"ÁREA DE PROTEÇÃO AMBIENTAL CAMPOS DO JORDÃO","Angiosperms","Myrtaceae","Eugenia","involucrata","DC.","MYRTACEAE Eugenia involucrata DC.","094508","Splink","ICN",,"2062","Native","Ouro","Bronze",,"Campos do Jordao Umuarama"
"ÁREA DE PROTEÇÃO AMBIENTAL CAMPOS DO JORDÃO","Angiosperms","Myrtaceae","Eugenia","ligustrina","(Sw.) Willd.","MYRTACEAE Eugenia ligustrina (Sw.) Willd.","SPSF00014133","Splink","SPSF",,,"Native","Ouro","Bronze",,
"ÁREA DE PROTEÇÃO AMBIENTAL CAMPOS DO JORDÃO","Angiosperms","Myrtaceae","Eugenia","longipedunculata","Nied.","MYRTACEAE Eugenia longipedunculata Nied.","11516","GBIF","HUEFS","Queiroz, L.P.","2636","Native","Ouro","Bronze","https://images.cria.org.br/viewer/HUEFS0011516",
"ÁREA DE PROTEÇÃO AMBIENTAL CAMPOS DO JORDÃO","Angiosperms","Myrtaceae","Eugenia","neomyrtifolia","Sobral","MYRTACEAE Eugenia neomyrtifolia Sobral","74159","GBIF","HAS","Mattos, J.","15913","Native","Ouro","Bronze",,"Parque Estadual na Pedra Chorona."
"ÁREA DE PROTEÇÃO AMBIENTAL CAMPOS DO JORDÃO","Angiosperms","Myrtaceae","Eugenia","speciosa","Cambess.","MYRTACEAE Eugenia speciosa Cambess.","39505","GBIF","FUEL","Robim, M.J.","s.n.","Native","Ouro","Ouro",,"Parque Estadual, região da trilha do Cigano, região da trilha do Cigano"
"ÁREA DE PROTEÇÃO AMBIENTAL CAMPOS DO JORDÃO","Angiosperms","Myrtaceae","Eugenia","sulcata","Spring ex Mart.","MYRTACEAE Eugenia sulcata Spring ex Mart.","19668","GBIF","BOTU",,"115","Native","Bronze","Ouro",,"Parque Estadual de Campos do Jordão"
"ÁREA DE PROTEÇÃO AMBIENTAL CAMPOS DO JORDÃO","Angiosperms","Myrtaceae","Eugenia","uniflora","L.","MYRTACEAE Eugenia uniflora L.","230899356","GBIF","Observations","Silveira, B.L.S.B.",,"Native","Bronze","Bronze",,"Campos do Jordão - State of São Paulo, 12460-000, Brazil"
"ÁREA DE PROTEÇÃO AMBIENTAL CAMPOS DO JORDÃO",,"Myrtaceae","Leptospermum","petersonii",,"MYRTACEAE Leptospermum petersonii","SPSF00013249","Splink","SPSF",,"49",,"Latão","Bronze",,"Parque Estadual do Instituto Florestal."
"ÁREA DE PROTEÇÃO AMBIENTAL CAMPOS DO JORDÃO","Angiosperms","Myrtaceae","Leptospermum","scoparium","J.R.Forst. & G.Forst.","MYRTACEAE Leptospermum scoparium J.R.Forst. & G.Forst.","113268","GBIF","ALCB","Guedes, M.L.","21313","Cultivated","Ouro","Bronze","https://images.cria.org.br/viewer/ALCB058556","Jardim dos Monges Beneditinos."
"ÁREA DE PROTEÇÃO AMBIENTAL CAMPOS DO JORDÃO","Angiosperms","Myrtaceae","Myrceugenia","acutata","D.Legrand","MYRTACEAE Myrceugenia acutata D.Legrand","38736","GBIF","HUCS","Silveira, N.","2021","Native","Prata","Ouro",,"Parque Estadual"
"ÁREA DE PROTEÇÃO AMBIENTAL CAMPOS DO JORDÃO","Angiosperms","Myrtaceae","Myrceugenia","acutiflora","(Kiaersk.) D.Legrand & Kausel","MYRTACEAE Myrceugenia acutiflora (Kiaersk.) D.Legrand & Kausel","SPSF00009007","Splink","SPSF",,"251","Native","Ouro","Ouro",,"Parque Estadual de Campos do Jordão, Instituto Florestal. Trilha da cachoeira. Parque Estadual de Campos do Jordão"
"ÁREA DE PROTEÇÃO AMBIENTAL CAMPOS DO JORDÃO","Angiosperms","Myrtaceae","Myrceugenia","alpigena","(DC.) Landrum","MYRTACEAE Myrceugenia alpigena (DC.) Landrum","RFA46639","Splink","RFA",,"8278","Native","Ouro","Bronze",,"Água Santa"
"ÁREA DE PROTEÇÃO AMBIENTAL CAMPOS DO JORDÃO","Angiosperms","Myrtaceae","Myrceugenia","bracteosa","(DC.) D.Legrand & Kausel","MYRTACEAE Myrceugenia bracteosa (DC.) D.Legrand & Kausel","HRB00011038","Splink","HRB",,"318","Native","Ouro","Bronze",,"Parque Est. C.do Jordão, estação fitoecológica n.1.Árvore 11 Folha Cartográfica SF.23-Y-B."
"ÁREA DE PROTEÇÃO AMBIENTAL CAMPOS DO JORDÃO","Angiosperms","Myrtaceae","Myrceugenia","brevipedicellata","(Burret) D.Legrand & Kausel","MYRTACEAE Myrceugenia brevipedicellata (Burret) D.Legrand & Kausel","66304","GBIF","MBM","Landrum, L.R.","2830","Native","Ouro","Bronze","https://images.cria.org.br/viewer/MBM066304","Reserva Florestal de Campos do Jordão. Along road and stream about 1-2 km past administration and nursey into the Reserva."
"ÁREA DE PROTEÇÃO AMBIENTAL CAMPOS DO JORDÃO","Angiosperms","Myrtaceae","Myrceugenia","cucullata","D.Legrand","MYRTACEAE Myrceugenia cucullata D.Legrand","SPSF00007933","Splink","SPSF",,,"Native","Ouro","Bronze",,
"ÁREA DE PROTEÇÃO AMBIENTAL CAMPOS DO JORDÃO","Angiosperms","Myrtaceae","Myrceugenia","franciscensis","(O.Berg) Landrum","MYRTACEAE Myrceugenia franciscensis (O.Berg) Landrum","47522","GBIF","SPSF","Barreto, T.E.","58","Native","Ouro","Ouro",,"Parque Estadual."
"ÁREA DE PROTEÇÃO AMBIENTAL CAMPOS DO JORDÃO","Angiosperms","Myrtaceae","Myrceugenia","glaucescens","(Cambess.) D.Legrand & Kausel","MYRTACEAE Myrceugenia glaucescens (Cambess.) D.Legrand & Kausel","2077","Splink","MACK",,"A175","Native","Ouro","Bronze",,"Trilha do Pôr-do-sol"
"ÁREA DE PROTEÇÃO AMBIENTAL CAMPOS DO JORDÃO","Angiosperms","Myrtaceae","Myrceugenia","miersiana","(Gardner) D.Legrand & Kausel","MYRTACEAE Myrceugenia miersiana (Gardner) D.Legrand & Kausel","7184","GBIF","HUEFS","Barreto, R.A.A.","268","Native","Ouro","Bronze","https://images.cria.org.br/viewer/HUEFS0007184",
"ÁREA DE PROTEÇÃO AMBIENTAL CAMPOS DO JORDÃO","Angiosperms","Myrtaceae","Myrceugenia","myrcioides","(Cambess.) O.Berg","MYRTACEAE Myrceugenia myrcioides (Cambess.) O.Berg","339079","GBIF","SP","Hashimoto, G.","16916","Native","Ouro","Bronze",,
"ÁREA DE PROTEÇÃO AMBIENTAL CAMPOS DO JORDÃO","Angiosperms","Myrtaceae","Myrceugenia","ovalifolia","(O.Berg) Landrum","MYRTACEAE Myrceugenia ovalifolia (O.Berg) Landrum","37480","GBIF","SPSF","Arzolla, F.A.R.D.P.","1076","Native","Ouro","Bronze",,"Estrada para o Pico do Itapeva."
"ÁREA DE PROTEÇÃO AMBIENTAL CAMPOS DO JORDÃO","Angiosperms","Myrtaceae","Myrceugenia","ovata","(Hook. & Arn.) O.Berg","MYRTACEAE Myrceugenia ovata (Hook. & Arn.) O.Berg","SPSF00032985","Splink","SPSF",,"420","Cultivated","Ouro","Bronze",,"São José dos Alpes."
"ÁREA DE PROTEÇÃO AMBIENTAL CAMPOS DO JORDÃO","Angiosperms","Myrtaceae","Myrceugenia","pilotantha","(Kiaersk.) Landrum","MYRTACEAE Myrceugenia pilotantha (Kiaersk.) Landrum","2263","Splink","MACK",,"M77","Native","Ouro","Bronze",,
"ÁREA DE PROTEÇÃO AMBIENTAL CAMPOS DO JORDÃO","Angiosperms","Myrtaceae","Myrceugenia","regnelliana","(O.Berg) D.Legrand & Kausel","MYRTACEAE Myrceugenia regnelliana (O.Berg) D.Legrand & Kausel","SPSF00037765","Splink","SPSF",,"307","Native","Ouro","Bronze",,
"ÁREA DE PROTEÇÃO AMBIENTAL CAMPOS DO JORDÃO","Angiosperms","Myrtaceae","Myrceugenia","rufescens","(DC.) D.Legrand & Kausel","MYRTACEAE Myrceugenia rufescens (DC.) D.Legrand & Kausel","7156","GBIF","FCAB","Capell, S.J.P.","1369","Native","Ouro","Bronze",,
"ÁREA DE PROTEÇÃO AMBIENTAL CAMPOS DO JORDÃO","Angiosperms","Myrtaceae","Myrceugenia","scutellata","D.Legrand","MYRTACEAE Myrceugenia scutellata D.Legrand","SPSF00009576","Splink","SPSF",,"360","Native","Ouro","Bronze",,
"ÁREA DE PROTEÇÃO AMBIENTAL CAMPOS DO JORDÃO","Angiosperms","Myrtaceae","Myrceugenia","venosa","D.Legrand","MYRTACEAE Myrceugenia venosa D.Legrand","RB00311280","GBIF","RB","Rubens, A.A.B.","32","Native","Ouro","Ouro","jbrj-public-img.s3-sa-east-1.amazonaws.com/JPG/rb/0/31/12/80/00311280.jpg","PECJ - EFE - 1."
"ÁREA DE PROTEÇÃO AMBIENTAL CAMPOS DO JORDÃO","Angiosperms","Myrtaceae","Myrcia","aethusa","(O.Berg) N.Silveira","MYRTACEAE Myrcia aethusa (O.Berg) N.Silveira","2244","Splink","MACK",,"M134","Native","Ouro","Bronze",,
"ÁREA DE PROTEÇÃO AMBIENTAL CAMPOS DO JORDÃO","Angiosperms","Myrtaceae","Myrcia","anacardiifolia","Gardner","MYRTACEAE Myrcia anacardiifolia Gardner","12011","GBIF","UEC","Davis, P.H.","3007","Native","Ouro","Ouro",,"Reserva do Instituto Florestal, São José dos Alpes."
"ÁREA DE PROTEÇÃO AMBIENTAL CAMPOS DO JORDÃO","Angiosperms","Myrtaceae","Myrcia","eriocalyx","DC.","MYRTACEAE Myrcia eriocalyx DC.","SPSF00047513","Splink","SPSF",,"44","Native","Ouro","Bronze",,
"ÁREA DE PROTEÇÃO AMBIENTAL CAMPOS DO JORDÃO","Angiosperms","Myrtaceae","Myrcia","eriopus","DC.","MYRTACEAE Myrcia eriopus DC.","S13-31326","GBIF","S","Koch, I.","26449","Native","Ouro","Bronze",,"Estrada antiga de Campos do Jordão a Sto. Antônio dos Pinhais."
"ÁREA DE PROTEÇÃO AMBIENTAL CAMPOS DO JORDÃO","Angiosperms","Myrtaceae","Myrcia","gaudichaudiana","(O.Berg) M.F.Santos","MYRTACEAE Myrcia gaudichaudiana (O.Berg) M.F.Santos","8401","Splink","BAH",,"54","Native","Ouro","Bronze",,
"ÁREA DE PROTEÇÃO AMBIENTAL CAMPOS DO JORDÃO","Angiosperms","Myrtaceae","Myrcia","glomerata","(Cambess.) G.P.Burton & E.Lucas","MYRTACEAE Myrcia glomerata (Cambess.) G.P.Burton & E.Lucas","2078","Splink","MACK",,"A165","Native","Ouro","Bronze",,
"ÁREA DE PROTEÇÃO AMBIENTAL CAMPOS DO JORDÃO","Angiosperms","Myrtaceae","Myrcia","guianensis","(Aubl.) DC.","MYRTACEAE Myrcia guianensis (Aubl.) DC.","21377","GBIF","BOTU","Almeida, M.F.S.","F 10","Native","Ouro","Bronze",,"No Alto da Pedra do Bauzinho"
"ÁREA DE PROTEÇÃO AMBIENTAL CAMPOS DO JORDÃO","Angiosperms","Myrtaceae","Myrcia","hartwegiana","(O.Berg) Kiaersk.","MYRTACEAE Myrcia hartwegiana (O.Berg) Kiaersk.","SPSF00047520","Splink","SPSF",,"55","Native","Ouro","Bronze",,"PEMCJ."
"ÁREA DE PROTEÇÃO AMBIENTAL CAMPOS DO JORDÃO","Angiosperms","Myrtaceae","Myrcia","hebepetala","DC.","MYRTACEAE Myrcia hebepetala DC.","1611","Splink","MACK",,"2","Native","Bronze","Bronze",,"Floresta Ombrófila Mista"
"ÁREA DE PROTEÇÃO AMBIENTAL CAMPOS DO JORDÃO","Angiosperms","Myrtaceae","Myrcia","lascada","Sobral","MYRTACEAE Myrcia lascada Sobral","SPSF00012337","Splink","SPSF",,"604A","Native","Ouro","Bronze",,
"ÁREA DE PROTEÇÃO AMBIENTAL CAMPOS DO JORDÃO","Angiosperms","Myrtaceae","Myrcia","loranthifolia","(DC.) G.P.Burton & E.Lucas","MYRTACEAE Myrcia loranthifolia (DC.) G.P.Burton & E.Lucas","SPSF00008449","Splink","SPSF",,,"Native","Ouro","Ouro",,"P.E. de Campos do Jordão."
"ÁREA DE PROTEÇÃO AMBIENTAL CAMPOS DO JORDÃO","Angiosperms","Myrtaceae","Myrcia","montana","Cambess.","MYRTACEAE Myrcia montana Cambess.","SPSF00032982","Splink","SPSF",,"417","Native","Ouro","Bronze",,"São José dos Alpes"
"ÁREA DE PROTEÇÃO AMBIENTAL CAMPOS DO JORDÃO",,"Myrtaceae","Myrcia","nivea|Myrcia","Cambess.|(Aubl.) DC.","MYRTACEAE Myrcia nivea Cambess.|Myrcia tomentosa (Aubl.) DC.","SPSF00008764","Splink","SPSF",,,,"Ouro","Ouro",,"P.E. de Campos do Jordão."
"ÁREA DE PROTEÇÃO AMBIENTAL CAMPOS DO JORDÃO","Angiosperms","Myrtaceae","Myrcia","obovata","(O.Berg) Nied.","MYRTACEAE Myrcia obovata (O.Berg) Nied.","168306","GBIF","UB","Robin, M.J.","8778","Native","Ouro","Ouro",,"Parque Estadual de Campos do Jordao, Instituto FLorestal -SP. Peiói. Margem do Rio Sapucaí."
"ÁREA DE PROTEÇÃO AMBIENTAL CAMPOS DO JORDÃO","Angiosperms","Myrtaceae","Myrcia","palustris","DC.","MYRTACEAE Myrcia palustris DC.","RFA46620","Splink","RFA",,,"Native","Ouro","Bronze",,"Pico Itapeva"
"ÁREA DE PROTEÇÃO AMBIENTAL CAMPOS DO JORDÃO","Angiosperms","Myrtaceae","Myrcia","pubescens","DC.","MYRTACEAE Myrcia pubescens DC.","21186","GBIF","BOTU","Amaral Junior, A.B.R.H.","47","Native","Ouro","Bronze",,"Trilha do Sapucaí, a margem do rio Sapucaí"
"ÁREA DE PROTEÇÃO AMBIENTAL CAMPOS DO JORDÃO","Angiosperms","Myrtaceae","Myrcia","retorta","Cambess.","MYRTACEAE Myrcia retorta Cambess.","1607","Splink","MACK",,"A94","Native","Ouro","Bronze",,"Floresta Ombrófila Mista"
"ÁREA DE PROTEÇÃO AMBIENTAL CAMPOS DO JORDÃO","Angiosperms","Myrtaceae","Myrcia","selloi","(Spreng.) N.Silveira","MYRTACEAE Myrcia selloi (Spreng.) N.Silveira","SPSF00047519","Splink","SPSF",,"53","Native","Ouro","Bronze",,"PEMCJ."
"ÁREA DE PROTEÇÃO AMBIENTAL CAMPOS DO JORDÃO","Angiosperms","Myrtaceae","Myrcia","splendens","(Sw.) DC.","MYRTACEAE Myrcia splendens (Sw.) DC.","SPSF00047517","Splink","SPSF",,"51","Native","Ouro","Bronze",,
"ÁREA DE PROTEÇÃO AMBIENTAL CAMPOS DO JORDÃO","Angiosperms","Myrtaceae","Myrcia","squamata","(Mattos & D.Legrand) Mattos","MYRTACEAE Myrcia squamata (Mattos & D.Legrand) Mattos","594955","GBIF","NY","Kuhlmann, M.","2105","Native","Ouro","Bronze",,"Campos do Jordao, Umuarama"
"ÁREA DE PROTEÇÃO AMBIENTAL CAMPOS DO JORDÃO","Angiosperms","Myrtaceae","Myrcia","subcordata","DC.","MYRTACEAE Myrcia subcordata DC.","SPSF00047515","Splink","SPSF",,"49","Native","Ouro","Bronze",,
"ÁREA DE PROTEÇÃO AMBIENTAL CAMPOS DO JORDÃO","Angiosperms","Myrtaceae","Myrcia","tomentosa","(Aubl.) DC.","MYRTACEAE Myrcia tomentosa (Aubl.) DC.","5590","GBIF","UB","Gomes Junior, J.C.","1650","Native","Ouro","Bronze",,"Estrada do areal, Vale do rio Coxim."
"ÁREA DE PROTEÇÃO AMBIENTAL CAMPOS DO JORDÃO","Angiosperms","Myrtaceae","Myrcia","venulosa","DC.","MYRTACEAE Myrcia venulosa DC.","2079","Splink","MACK",,"11","Native","Ouro","Bronze",,"Trilha das Sete Quedas"
"ÁREA DE PROTEÇÃO AMBIENTAL CAMPOS DO JORDÃO","Angiosperms","Myrtaceae","Myrciaria","delicatula","(DC.) O.Berg","MYRTACEAE Myrciaria delicatula (DC.) O.Berg","85439","GBIF","SPF","Joly, A.B.","709","Native","Ouro","Bronze","https://images.cria.org.br/viewer/SPF00085439","Vila Esperaça."
"ÁREA DE PROTEÇÃO AMBIENTAL CAMPOS DO JORDÃO","Angiosperms","Myrtaceae","Myrciaria","floribunda","(H.West ex Willd.) O.Berg","MYRTACEAE Myrciaria floribunda (H.West ex Willd.) O.Berg","SPSF00008057","Splink","SPSF",,"260","Native","Ouro","Ouro",,"Parque Estadual de Campos do Jordão."
"ÁREA DE PROTEÇÃO AMBIENTAL CAMPOS DO JORDÃO","Angiosperms","Myrtaceae","Myrciaria","glazioviana","(Kiaersk.) G.M.Barroso ex Sobral","MYRTACEAE Myrciaria glazioviana (Kiaersk.) G.M.Barroso ex Sobral",,"GBIF",,,,"Native","Latão","Bronze",,
"ÁREA DE PROTEÇÃO AMBIENTAL CAMPOS DO JORDÃO",,"Myrtaceae","Myrciaria","tomentosa",,"MYRTACEAE Myrciaria tomentosa","2052","Splink","MACK",,"A93",,"Ouro","Ouro",,"Colônia Umuarama, trilha da samanbaia.floresta ombrófila mista"
"ÁREA DE PROTEÇÃO AMBIENTAL CAMPOS DO JORDÃO","Angiosperms","Myrtaceae","Neomitranthes","capivariensis","(Mattos) Mattos","MYRTACEAE Neomitranthes capivariensis (Mattos) Mattos","26726","GBIF","SP","Edwall, G.","CGG3130","Native","Ouro","Bronze","https://images.cria.org.br/viewer/SP001355","Colônia Capivari. Mata virgem"
"ÁREA DE PROTEÇÃO AMBIENTAL CAMPOS DO JORDÃO","Angiosperms","Myrtaceae","Pimenta","pseudocaryophyllus","(Gomes) Landrum","MYRTACEAE Pimenta pseudocaryophyllus var. pseudocaryophyllus (Gomes) Landrum","157743","GBIF","SP","Mattos, J.R.","15821","Native","Ouro","Bronze",,"Parque Estadual de São José dos Alpes."
"ÁREA DE PROTEÇÃO AMBIENTAL CAMPOS DO JORDÃO","Angiosperms","Myrtaceae","Psidium","basanthum","O.Berg","MYRTACEAE Psidium basanthum O.Berg","31205","GBIF","FLOR","Mattos, J.","31700","Native","Ouro","Bronze",,"Cultivada na Estação experimental de osorio em maquiné."
"ÁREA DE PROTEÇÃO AMBIENTAL CAMPOS DO JORDÃO","Angiosperms","Myrtaceae","Psidium","cattleyanum","Sabine","MYRTACEAE Psidium cattleyanum Sabine","18305","GBIF",,"Nascimento, P.R.H.M.C.Y.S.A.",,"Native","Latão","Ouro",,"Horto Florestal Campos do jordão"
"ÁREA DE PROTEÇÃO AMBIENTAL CAMPOS DO JORDÃO","Angiosperms","Myrtaceae","Psidium","grandifolium","Mart. ex DC.","MYRTACEAE Psidium grandifolium Mart. ex DC.","5596","GBIF","UB","Gomes Junior, J.C.","1656","Native","Ouro","Bronze",,"Estrada do areal, Vale do rio Coxim."
"ÁREA DE PROTEÇÃO AMBIENTAL CAMPOS DO JORDÃO","Angiosperms","Myrtaceae","Psidium","guajava","L.","MYRTACEAE Psidium guajava L.","532","Splink","MACK",,"2","Naturalized","Latão","Bronze",,"Rua das Orquídeas, Alto do Capivari"
"ÁREA DE PROTEÇÃO AMBIENTAL CAMPOS DO JORDÃO","Angiosperms","Myrtaceae","Psidium","guineense","Sw.","MYRTACEAE Psidium guineense Sw.","51993","GBIF","SPSF","Maruyama, A.","835","Native","Ouro","Bronze",,"Bairro dos Mellos"
"ÁREA DE PROTEÇÃO AMBIENTAL CAMPOS DO JORDÃO","Angiosperms","Myrtaceae","Psidium","rufum","Mart. ex DC.","MYRTACEAE Psidium rufum Mart. ex DC.","51353","GBIF","SPSF","Maruyama, A.","290","Native","Bronze","Bronze",,
"ÁREA DE PROTEÇÃO AMBIENTAL CAMPOS DO JORDÃO","Angiosperms","Myrtaceae","Siphoneugena","crassifolia","(DC.) Proença & Sobral","MYRTACEAE Siphoneugena crassifolia (DC.) Proença & Sobral","SPSF00035282","Splink","SPSF",,"992","Native","Ouro","Bronze",,"região de São José dos Alpes."
"ÁREA DE PROTEÇÃO AMBIENTAL CAMPOS DO JORDÃO","Angiosperms","Myrtaceae","Siphoneugena","guilfoyleiana","Proença","MYRTACEAE Siphoneugena guilfoyleiana Proença","SPSF00009049","Splink","SPSF",,"272","Native","Latão","Ouro",,"P.E. de Campos do Jordão."
"ÁREA DE PROTEÇÃO AMBIENTAL CAMPOS DO JORDÃO","Angiosperms","Myrtaceae","Siphoneugena","kuhlmannii","Mattos","MYRTACEAE Siphoneugena kuhlmannii Mattos","87510","GBIF","HAS","Mattos, J.","16359","Native","Ouro","Bronze","https://images.cria.org.br/viewer/HAS0087510","No Parque Estadual, quase em São José dos Alpes"
"ÁREA DE PROTEÇÃO AMBIENTAL CAMPOS DO JORDÃO","Angiosperms","Myrtaceae","Siphoneugena","reitzii","D.Legrand","MYRTACEAE Siphoneugena reitzii D.Legrand","2075","Splink","MACK",,"A179","Native","Ouro","Bronze",,"Trilha do Pôr-do-sol"
"ÁREA DE PROTEÇÃO AMBIENTAL CAMPOS DO JORDÃO","Angiosperms","Myrtaceae","Syzygium","cumini","(L.) Skeels","MYRTACEAE Syzygium cumini (L.) Skeels","SPSF00006310","Splink","SPSF",,,"Naturalized","Latão","Bronze",,"Parque Estadual do Instituto Florestal."
"ÁREA DE PROTEÇÃO AMBIENTAL CAMPOS DO JORDÃO",,,"Acroporium","estrellae","(Müll.Hal.) W.R.Buck & Schäf.-Verw.","NA Acroporium estrellae (Müll.Hal.) W.R.Buck & Schäf.-Verw.","456650","GBIF","NY","Buck, W.R.","26464",,"Latão","Bronze",,"Serra da Mantiqueira, Pico do Itapeva, ca. 6 km SE of Campos do Jordao"
"ÁREA DE PROTEÇÃO AMBIENTAL CAMPOS DO JORDÃO",,,"Acroporium","exiguum",,"NA Acroporium exiguum","NY00456662","Splink","NY",,"26374A",,"Latão","Bronze",,"Serra da Mantiqueira, Pico do Itapeva, ca. 6 km SE of Campos do Jordao"
"ÁREA DE PROTEÇÃO AMBIENTAL CAMPOS DO JORDÃO",,,"Adelothecium","bogotense","(Hampe) Mitt.","NA Adelothecium bogotense (Hampe) Mitt.","149819","GBIF","SP-BRYOPHYTA","Vital, D.M.","9704",,"Latão","Bronze",,"na mata umida e brejosa"
"ÁREA DE PROTEÇÃO AMBIENTAL CAMPOS DO JORDÃO",,,"Aerolindigia","capillacea","(Hornsch.) M.Menzel","NA Aerolindigia capillacea (Hornsch.) M.Menzel","2167631","GBIF","NY","Buck, W.R.","26342",,"Latão","Bronze",,"Serra da Mantiqueira, Pico do Itapeva, ca. 6 km SE of Campos do Jordao."
"ÁREA DE PROTEÇÃO AMBIENTAL CAMPOS DO JORDÃO",,,"Alleniella","urnigera","(Müll.Hal.) S.Olsson, Enroth & D.Quandt","NA Alleniella urnigera (Müll.Hal.) S.Olsson, Enroth & D.Quandt","FR-0388365","GBIF","FR",,,,"Latão","Bronze",,"BRASIL. SAO PAULO, Serra da Mantiqueira, Campos do Jordao, bei Minalba"
"ÁREA DE PROTEÇÃO AMBIENTAL CAMPOS DO JORDÃO",,,"Anastrophyllum","tubulosum","(Nees) Grolle","NA Anastrophyllum tubulosum (Nees) Grolle","100476054","GBIF","MO","Schafer-Verwimp, A.","8505",,"Bronze","Bronze",,"Serra da Mantiqueira, Campoa do Jordão, beim Horto Florestal."
"ÁREA DE PROTEÇÃO AMBIENTAL CAMPOS DO JORDÃO",,,"Aptychopsis","estrellae","(Hornsch.) Ångström","NA Aptychopsis estrellae (Hornsch.) Ångström","206902","GBIF","UB","Buck, W.R.","26337",,"Bronze","Bronze",,"Serra da Mantiqueira, Pico do Itapeva, ca. 6 km SE of Campos do Jordao"
"ÁREA DE PROTEÇÃO AMBIENTAL CAMPOS DO JORDÃO",,,"Aptychopsis","pyrrophylla",,"NA Aptychopsis pyrrophylla","NY02247525","Splink","NY",,"26398",,"Latão","Bronze",,"Serra da Mantiqueira, Pico do Itapeva, ca. 6 km SE of Campos do Jordao."
"ÁREA DE PROTEÇÃO AMBIENTAL CAMPOS DO JORDÃO",,,"Arthuria","myrtifolia",,"NA Arthuria myrtifolia","RFA12423","Splink","RFA",,"3259",,"Bronze","Bronze",,
"ÁREA DE PROTEÇÃO AMBIENTAL CAMPOS DO JORDÃO",,,"Atrichum","androgynum","(Müll.Hal.) A.Jaeger","NA Atrichum androgynum (Müll.Hal.) A.Jaeger","7067","GBIF","IRAI","Gibertoni, R.S.","037",,"Bronze","Bronze",,"Condomínio Week Inn"
"ÁREA DE PROTEÇÃO AMBIENTAL CAMPOS DO JORDÃO",,,"Atrichum","mosenii","(Broth.) Paris","NA Atrichum mosenii (Broth.) Paris","01834583","GBIF","NY","Buck, W.R.","26316",,"Latão","Ouro",,"Serra da Mantiqueira, ca. 2 km E of Campos do Jordão on road to Horto Florestal"
"ÁREA DE PROTEÇÃO AMBIENTAL CAMPOS DO JORDÃO",,,"Aucuba","japonica",,"NA Aucuba japonica","HPL003134","Splink","HPL",,"1973",,"Bronze","Bronze",,"Coletado na cidade, utilizada como ornamental pelas sua folhas variegadas."
"ÁREA DE PROTEÇÃO AMBIENTAL CAMPOS DO JORDÃO",,,"Bacidia","millegrana",,"NA Bacidia millegrana","073579","Splink","ICN",,"4437",,"Bronze","Bronze",,"estrada velha, antes da subida da serra"
"ÁREA DE PROTEÇÃO AMBIENTAL CAMPOS DO JORDÃO",,,"Balantiopsis","brasiliensis","Steph.","NA Balantiopsis brasiliensis Steph.","133909","GBIF","SP-BRYOPHYTA","Vital, D.M.","9694",,"Bronze","Bronze",,"ca. 3 km W da engarrafadora Minalva"
"ÁREA DE PROTEÇÃO AMBIENTAL CAMPOS DO JORDÃO",,,"Barbula",,"Hedw.","NA Barbula Hedw.","178821","GBIF","UB","Soares, A.E.R.","1882",,"Latão","Ouro",,"Parque Estadual de Campos do Jordão."
"ÁREA DE PROTEÇÃO AMBIENTAL CAMPOS DO JORDÃO",,,"Bartramidula",,"Bruch & Schimp.","NA Bartramidula Bruch & Schimp.","089318","GBIF","SP-BRYOPHYTA","Vital, D.M.","519",,"Latão","Bronze",,
"ÁREA DE PROTEÇÃO AMBIENTAL CAMPOS DO JORDÃO",,,"Batrachospermum","atrum","(Hudsson) Harvey","NA Batrachospermum atrum (Hudsson) Harvey","187257","GBIF","SP-ALGAE","Yano, O.",,,"Bronze","Ouro",,"Horto Florestal"
"ÁREA DE PROTEÇÃO AMBIENTAL CAMPOS DO JORDÃO",,,"Batrachospermum","orthostichum","Skuja","NA Batrachospermum orthostichum Skuja","02587","GBIF","SJRP-ALGAE","Necchi, O.J.",,,"Bronze","Ouro",,"Parque Estadual"
"ÁREA DE PROTEÇÃO AMBIENTAL CAMPOS DO JORDÃO",,,"Batrachospermum","puiggarianum","Grunow","NA Batrachospermum puiggarianum Grunow","187154","GBIF","SP-ALGAE","Pacheco, R.P.B.",,,"Bronze","Ouro",,"Parque Estadual de Campos do Jordão, ponto 4, riacho atrás do quiosque"
"ÁREA DE PROTEÇÃO AMBIENTAL CAMPOS DO JORDÃO",,,"Bazzania",,,"NA Bazzania gray","133926","GBIF","SP-BRYOPHYTA","Vital, D.M.","9673",,"Latão","Bronze",,
"ÁREA DE PROTEÇÃO AMBIENTAL CAMPOS DO JORDÃO",,,"Borreriicola",,,"NA Borreriicola","NY00610949","Reflora","NY","Holway, E.W.D.","1794",,"Ouro","Bronze",,"Campos do Jordao"
"ÁREA DE PROTEÇÃO AMBIENTAL CAMPOS DO JORDÃO",,,"Brachiolejeunea",,"(Spruce) Schiffn.","NA Brachiolejeunea (Spruce) Schiffn.","133882","GBIF","SP-BRYOPHYTA","Vital, D.M.","9593",,"Latão","Bronze",,
"ÁREA DE PROTEÇÃO AMBIENTAL CAMPOS DO JORDÃO",,,"Brachymenium","acuminatum","Harv.","NA Brachymenium acuminatum Harv.","FR-0278246","GBIF","FR",,,,"Latão","Bronze",,"BRASIL. SAO PAULO, SERRA DA MANTIQUEIRA, CAMPOS DO JORDAO, bei Minalba"
"ÁREA DE PROTEÇÃO AMBIENTAL CAMPOS DO JORDÃO",,,"Brachymenium","systylium","(Müll.Hal.) A.Jaeger","NA Brachymenium systylium (Müll.Hal.) A.Jaeger","149765","GBIF","SP-BRYOPHYTA","Vital, D.M.","9591",,"Latão","Bronze",,"Plantação de pera"
"ÁREA DE PROTEÇÃO AMBIENTAL CAMPOS DO JORDÃO",,,"Bradburyae",,,"NA Bradburyae","NY00046069","Reflora","NY","Holway, E.W.D.","1735",,"Ouro","Bronze",,"Campos do Jordao"
"ÁREA DE PROTEÇÃO AMBIENTAL CAMPOS DO JORDÃO",,,"Breutelia","grandis","(Hampe) Paris","NA Breutelia grandis (Hampe) Paris","72850","GBIF","NY","Buck, W.R.","26403",,"Latão","Bronze",,"Serra da Mantiqueira, Pico do Itapeva, ca. 6 km SE of Campos do Jordao"
"ÁREA DE PROTEÇÃO AMBIENTAL CAMPOS DO JORDÃO",,,"Breutelia","subtomentosa","(Hampe) A.Jaeger","NA Breutelia subtomentosa (Hampe) A.Jaeger","30007","GBIF","MEXUBR","Buck, W.R.",,,"Latão","Bronze",,"Serra da Mantiqueira, Pico do Itapeva, ca. 6 km SE of Campos do Jordao."
"ÁREA DE PROTEÇÃO AMBIENTAL CAMPOS DO JORDÃO",,,"Breutelia","wainioi","Broth.","NA Breutelia wainioi Broth.","02084455","GBIF","NY","Buck, W.R.","26432",,"Latão","Bronze",,"Serra da Mantiqueira, Pico do Itapeva, ca 6 km SE of Campos do Jordão."
"ÁREA DE PROTEÇÃO AMBIENTAL CAMPOS DO JORDÃO",,,"Brigantiaea","leucoxantha",,"NA Brigantiaea leucoxantha","073595","Splink","ICN",,"4453",,"Bronze","Bronze",,"oeste da cidade, parque junto ao estacionamento"
"ÁREA DE PROTEÇÃO AMBIENTAL CAMPOS DO JORDÃO",,,"Brittonodoxa","cataractae","(W.R.Buck) W.R.Buck, P.E.A.S.Câmara & Carv.-Silva","NA Brittonodoxa cataractae (W.R.Buck) W.R.Buck, P.E.A.S.Câmara & Carv.-Silva","47387","GBIF","HUCS","Yano, O.","19540",,"Bronze","Ouro",,"Parque Estadual de Campos do Jordão"
"ÁREA DE PROTEÇÃO AMBIENTAL CAMPOS DO JORDÃO",,,"Brysa","calotheca","(Trin.) Hack.","NA Brysa calotheca (Trin.) Hack.","SJRP00012532","GBIF","SJRP","Windisch, P.G.","2901",,"Ouro","Bronze","jbrj-public.s3-sa-east-1.amazonaws.com/fsi/server?type=image&source=DZI/sjrp/sjrp/0/1/25/32/sjrp00012532.dzi","divisa com Pindamonhangaba."
"ÁREA DE PROTEÇÃO AMBIENTAL CAMPOS DO JORDÃO",,,"Bryum","billardierei","Schwägr.","NA Bryum billardierei Schwägr.","02081175","GBIF","NY","Buck, W.R.","26410",,"Latão","Bronze",,"Serra da Mantiqueira, Pico do Itapeva, ca. 6 km SE of Campos do Jordão"
"ÁREA DE PROTEÇÃO AMBIENTAL CAMPOS DO JORDÃO",,,"Bryum","grandifolium","(Taylor) Müll.Hal.","NA Bryum grandifolium (Taylor) Müll.Hal.","178828","GBIF","UB","Soares, A.E.R.","1889",,"Latão","Ouro",,"Parque Estadual de Campos do Jordão."
"ÁREA DE PROTEÇÃO AMBIENTAL CAMPOS DO JORDÃO",,,"Campylopus","aemulans",,"NA Campylopus aemulans","NY01229844","Splink","NY",,"26438",,"Latão","Bronze",,"Serra da Mantiqueira, Pico do Itapeva, ca. 6 km SE of Campos do Jordão"
"ÁREA DE PROTEÇÃO AMBIENTAL CAMPOS DO JORDÃO",,,"Campylopus","arctocarpus","(Hornsch.) Mitt.","NA Campylopus arctocarpus (Hornsch.) Mitt.","149803","GBIF","SP-BRYOPHYTA","Vital, D.M.","9676",,"Bronze","Bronze",,"floresta arbustiva"
"ÁREA DE PROTEÇÃO AMBIENTAL CAMPOS DO JORDÃO",,,"Campylopus","caldensis","Ångstr.","NA Campylopus caldensis Ångstr. Ångstr.","135942","GBIF","SP-BRYOPHYTA","Bookerman, W.C.A.","s.n.",,"Latão","Bronze",,
"ÁREA DE PROTEÇÃO AMBIENTAL CAMPOS DO JORDÃO",,,"Campylopus","controversus","(Hampe) A.Jaeger","NA Campylopus controversus (Hampe) A.Jaeger","840782","GBIF","NY","Buck, W.R.","26394",,"Bronze","Bronze",,"Serra da Mantiqueira, Pico do Itapeva, ca. 6 km SE of Campos do Jordão"
"ÁREA DE PROTEÇÃO AMBIENTAL CAMPOS DO JORDÃO",,,"Campylopus","dichrostis",,"NA Campylopus dichrostis","NY01229839","Splink","NY",,"26348",,"Latão","Bronze",,"Serra da Mantiqueira, Pico do Itapeva, ca. 6 km SE of Campos do Jordão"
"ÁREA DE PROTEÇÃO AMBIENTAL CAMPOS DO JORDÃO",,,"Campylopus","dichrostris","(Müll.Hal.) Paris","NA Campylopus dichrostris (Müll.Hal.) Paris","7092","GBIF","IRAI","Gibertoni, R.S.","062",,"Bronze","Bronze",,"Condomínio Week Inn"
"ÁREA DE PROTEÇÃO AMBIENTAL CAMPOS DO JORDÃO",,,"Campylopus","heterostachys","(Hampe) A.Jaeger","NA Campylopus heterostachys (Hampe) A.Jaeger","135950","GBIF","SP-BRYOPHYTA","Bookerman, W.C.A.","s.n.",,"Latão","Bronze",,
"ÁREA DE PROTEÇÃO AMBIENTAL CAMPOS DO JORDÃO",,,"Campylopus","lamellinervis","(Müll.Hal.) Mitt.","NA Campylopus lamellinervis (Müll.Hal.) Mitt.","117225","GBIF","PACA-BRYOPHYTES","Yano, O.","19633",,"Bronze","Ouro",,"Parque Estadual de Campos do Jordão."
"ÁREA DE PROTEÇÃO AMBIENTAL CAMPOS DO JORDÃO",,,"Campylopus","occultus",,"NA Campylopus occultus","NY01229827","Splink","NY",,"26441",,"Latão","Bronze",,"Serra da Mantiqueira, Pico do Itapeva, ca. 6 km SE of Campos do Jordão"
"ÁREA DE PROTEÇÃO AMBIENTAL CAMPOS DO JORDÃO",,,"Campylopus","pilifer","Brid.","NA Campylopus pilifer Brid.","1916464","GBIF","NY","Buck, W.R.","26335",,"Latão","Bronze",,"Serra da Mantiqueira, Pico do Itapeva, ca. 6 km SE of Campos do Jordao."
"ÁREA DE PROTEÇÃO AMBIENTAL CAMPOS DO JORDÃO",,,"Campylopus","sehnemii",,"NA Campylopus sehnemii","NY01229819","Splink","NY",,"26290",,"Latão","Ouro",,"Serra da Mantiqueira, ca. 2 km E of Campos do Jordão on road to Horto Florestal"
"ÁREA DE PROTEÇÃO AMBIENTAL CAMPOS DO JORDÃO",,,"Campylopus","thwaitesii","(Mitt.) A.Jaeger","NA Campylopus thwaitesii (Mitt.) A.Jaeger","90226372","GBIF","MO","Buck, W.R.","26394",,"Latão","Bronze",,"Serra da Mantiqueira, Pico do Itapeva, ca. 6 km SE of Campos do Jordao."
"ÁREA DE PROTEÇÃO AMBIENTAL CAMPOS DO JORDÃO",,,"Cephalozia","crassifolia","(Lindenb. & Gottsche) Fulford","NA Cephalozia crassifolia (Lindenb. & Gottsche) Fulford","133911","GBIF","SP-BRYOPHYTA","Vital, D.M.","9652",,"Latão","Bronze",,"Campos do Jordao. Próximo da represa Nova."
"ÁREA DE PROTEÇÃO AMBIENTAL CAMPOS DO JORDÃO",,,"Ceratodon",,"Brid.","NA Ceratodon Brid.","089314","GBIF","SP-BRYOPHYTA","Vital, D.M.","514",,"Latão","Bronze",,
"ÁREA DE PROTEÇÃO AMBIENTAL CAMPOS DO JORDÃO",,,"Ceratolejeunea",,"(Spruce) J.B.Jack & Steph.","NA Ceratolejeunea (Spruce) J.B.Jack & Steph.","133902","GBIF","SP-BRYOPHYTA","Vital, D.M.","9638",,"Latão","Bronze",,
"ÁREA DE PROTEÇÃO AMBIENTAL CAMPOS DO JORDÃO",,,"Cheilolejeunea","filiformis","(Sw.) W.Ye, R.L.Zhu & Gradst.","NA Cheilolejeunea filiformis (Sw.) W.Ye, R.L.Zhu & Gradst.","90217388","GBIF","MO","Schafer-Verwimp, A.","6922",,"Latão","Bronze",,"Serra da Mantiqueira, Campos do Jordão, Pico do Itapeva."
"ÁREA DE PROTEÇÃO AMBIENTAL CAMPOS DO JORDÃO",,,"Cheilolejeunea","insecta","Grolle & Gradst.","NA Cheilolejeunea insecta Grolle & Gradst.","04005610","GBIF","JE","Schafer-Verwimp, A.","8496",,"Ouro","Bronze",,"São Paulo, Serra da Mantiqueira, Pindamonhangaba, Nebelwald am Pico do Itapeva bei Campos do Jordão, epiphytisch zwischen anderen Moosen, 2000 m, ca. 22°45' S, 45°31' W"
"ÁREA DE PROTEÇÃO AMBIENTAL CAMPOS DO JORDÃO",,,"Chuquiraguae",,,"NA Chuquiraguae","NY00610992","Reflora","NY","Holway, E.W.D.",,,"Ouro","Bronze",,"Campos do Jordao"
"ÁREA DE PROTEÇÃO AMBIENTAL CAMPOS DO JORDÃO",,,"Cladina","confusa",,"NA Cladina confusa","073591","Splink","ICN",,"4449",,"Bronze","Bronze",,"Oeste da cidade, reserva, parte alta"
"ÁREA DE PROTEÇÃO AMBIENTAL CAMPOS DO JORDÃO",,,"Cladonia","ochrochlora",,"NA Cladonia ochrochlora","073594","Splink","ICN",,"4452",,"Latão","Bronze",,"A oeste da cidade, reserva, parte alta da elevação"
"ÁREA DE PROTEÇÃO AMBIENTAL CAMPOS DO JORDÃO",,,"Cladonia","rappi","A.Evans","NA Cladonia rappi A.Evans","PMSP00005176","Reflora","PMSP","Garcia, R.J.F.","1705",,"Ouro","Ouro",,"Parque Estadual de Campos do Jordão."
"ÁREA DE PROTEÇÃO AMBIENTAL CAMPOS DO JORDÃO",,,"Coccocarpia","erythroxyli",,"NA Coccocarpia erythroxyli","073586","Splink","ICN",,"4444",,"Bronze","Bronze",,"ao oeste da cidade, reserva do Parque"
"ÁREA DE PROTEÇÃO AMBIENTAL CAMPOS DO JORDÃO",,,"Cololejeunea",,"(Spruce) Steph.","NA Cololejeunea (Spruce) Steph.","178831","GBIF","UB","Soares, A.E.R.","1992",,"Latão","Ouro",,"Parque Estadual de Campos do Jordão."
"ÁREA DE PROTEÇÃO AMBIENTAL CAMPOS DO JORDÃO",,,"Compositae",,,"NA Compositae sp.","PACA027893","Splink","PACA",,,,"Prata","Bronze",,
"ÁREA DE PROTEÇÃO AMBIENTAL CAMPOS DO JORDÃO",,,"Corynelia","brasiliensis",,"NA Corynelia brasiliensis","IPA0036821","Splink","IPA",,"5341",,"Latão","Bronze",,
"ÁREA DE PROTEÇÃO AMBIENTAL CAMPOS DO JORDÃO",,,"Daltonia","gracilis","Mitt.","NA Daltonia gracilis Mitt.","02032545","GBIF","NY","Buck, W.R.","26049",,"Latão","Bronze",,"Serra da Mantiqueira, Pico do Itapeva, ca. 6 km SE of Campos do Jordão."
"ÁREA DE PROTEÇÃO AMBIENTAL CAMPOS DO JORDÃO",,,"Deluxia",,,"NA Deluxia sp.","2196","Splink","MACK",,"M112",,"Bronze","Bronze",,"Trilha Cajará"
"ÁREA DE PROTEÇÃO AMBIENTAL CAMPOS DO JORDÃO",,,"Didymodon",,"Hedw.","NA Didymodon Hedw.","178805","GBIF","UB","Soares, A.E.R.","1866",,"Latão","Bronze",,"Campos do Jordão, centro cultural."
"ÁREA DE PROTEÇÃO AMBIENTAL CAMPOS DO JORDÃO",,,"Dimerodontium",,"Mitt.","NA Dimerodontium Mitt.","178802","GBIF","UB","Soares, A.E.R.","1863",,"Latão","Bronze",,"Campos do Jordão, centro cultural."
"ÁREA DE PROTEÇÃO AMBIENTAL CAMPOS DO JORDÃO",,,"Drepanolejeunea","dissitifolia","A.Evans","NA Drepanolejeunea dissitifolia A.Evans","47228","GBIF","HUCS","Yano, O.","19664",,"Bronze","Ouro",,"Parque Estadual de Campos do Jordão"
"ÁREA DE PROTEÇÃO AMBIENTAL CAMPOS DO JORDÃO",,,"Drepanolejeunea","grollei","M.E.Reiner & Schäf.-Verw.","NA Drepanolejeunea grollei M.E.Reiner & Schäf.-Verw.","100193987","GBIF","MO","Schafer-Verwimp, A.","14463",,"Ouro","Bronze",,"Serra da Mantiqueira, Horto Florestal, ""Trilha do Sapucaí"""
"ÁREA DE PROTEÇÃO AMBIENTAL CAMPOS DO JORDÃO",,,"Drepanolejeunea","mosenii","(Steph.) Bischl.","NA Drepanolejeunea mosenii (Steph.) Bischl.","133933","GBIF","SP-BRYOPHYTA","Vital, D.M.","9685",,"Bronze","Bronze",,
"ÁREA DE PROTEÇÃO AMBIENTAL CAMPOS DO JORDÃO",,,"Dumortiera","hirsuta","(Sw.) Nees","NA Dumortiera hirsuta (Sw.) Nees","126882","GBIF","SP-BRYOPHYTA","Yano, O.","318",,"Latão","Bronze",,
"ÁREA DE PROTEÇÃO AMBIENTAL CAMPOS DO JORDÃO",,,"Entodon","jamesonii","(Taylor) Mitt.","NA Entodon jamesonii (Taylor) Mitt.","2246665","GBIF","NY","Buck, W.R.","26393",,"Latão","Bronze",,"Serra da Mantiqueira, Pico do Itapeva, ca. 6 km SE of Campos do Jordao."
"ÁREA DE PROTEÇÃO AMBIENTAL CAMPOS DO JORDÃO",,,"Entodon","virens","(Hook. & Wilson) Mitt.","NA Entodon virens (Hook. & Wilson) Mitt.","FR-0388367","GBIF","FR",,,,"Latão","Bronze",,"BRASIL. SAO PAULO, Serra da Mantiqueira, Campos do Jordao, bei Minalba"
"ÁREA DE PROTEÇÃO AMBIENTAL CAMPOS DO JORDÃO",,,"Entosthodon","bonplandii","(Hook.) Mitt.","NA Entosthodon bonplandii (Hook.) Mitt.","72847","GBIF","NY","Buck, W.R.","26369",,"Latão","Bronze",,"Serra da Mantiqueira, Pico do Itapeva, ca. 6 km SE of Campos do Jordao"
"ÁREA DE PROTEÇÃO AMBIENTAL CAMPOS DO JORDÃO",,,"Eriolaena",,,"NA Eriolaena sp.","SPSF00006511","Splink","SPSF",,,,"Latão","Bronze",,"Parque Estadual do Instituto Florestal."
"ÁREA DE PROTEÇÃO AMBIENTAL CAMPOS DO JORDÃO",,,"Erythrodontium","longisetum","(Hook.) Paris","NA Erythrodontium longisetum (Hook.) Paris","178801","GBIF","UB","Soares, A.E.R.","1862",,"Latão","Bronze",,"Campos do Jordão, centro cultural."
"ÁREA DE PROTEÇÃO AMBIENTAL CAMPOS DO JORDÃO",,,"Everniastrum","cirrhatum",,"NA Everniastrum cirrhatum","073587","Splink","ICN",,"4445",,"Bronze","Bronze",,"Ao W da cidade, parque junto ao estacionamento"
"ÁREA DE PROTEÇÃO AMBIENTAL CAMPOS DO JORDÃO",,,"Fabaceae","faboideae",,"NA Fabaceae faboideae sp.","CEN00135739","Splink","CEN",,,,"Latão","Bronze",,"Lageado"
"ÁREA DE PROTEÇÃO AMBIENTAL CAMPOS DO JORDÃO",,,"Fissidens","crispus","Mont.","NA Fissidens crispus Mont.","089312","GBIF","SP-BRYOPHYTA","Vital, D.M.","512",,"Bronze","Bronze",,"2Km S de Campos do jordão (Abernessia)"
"ÁREA DE PROTEÇÃO AMBIENTAL CAMPOS DO JORDÃO",,,"Fissidens","lagenarius","Mitt.","NA Fissidens lagenarius var. lagenarius Mitt.","149790","GBIF","SP-BRYOPHYTA","Vital, D.M.","9635",,"Latão","Ouro",,"Entre o horto e a represa nova"
"ÁREA DE PROTEÇÃO AMBIENTAL CAMPOS DO JORDÃO",,,"Fissidens","rigidulus","Hook.f. & Wilson","NA Fissidens rigidulus Hook.f. & Wilson","147218","GBIF","SP-BRYOPHYTA","Yano, O.","1165",,"Latão","Bronze",,
"ÁREA DE PROTEÇÃO AMBIENTAL CAMPOS DO JORDÃO",,,"Fissidens","scalaris","Mitt.","NA Fissidens scalaris Mitt.","72843","GBIF","NY","Buck, W.R.","26264",,"Latão","Ouro",,"Serra da Mantiqueira, ca. 2 km E of Campos do Jordao on road to Horto Florestal"
"ÁREA DE PROTEÇÃO AMBIENTAL CAMPOS DO JORDÃO",,,"Fissidens","scariosus",,"NA Fissidens scariosus","90116828","Splink","MO-DUPLICATES",,"8501",,"Bronze","Bronze",,"Serra da Mantiqueira, Campoa do Jordão, Pica do Itapeva."
"ÁREA DE PROTEÇÃO AMBIENTAL CAMPOS DO JORDÃO",,,"Floribundaria","flaccida",,"NA Floribundaria flaccida","155412","Splink","DUKE",,"11034",,"Latão","Bronze",,"Serra da Mantiqueira, Campos do Jordão, feuchter Sekundärwald bei Minalba"
"ÁREA DE PROTEÇÃO AMBIENTAL CAMPOS DO JORDÃO",,,"Floribundaria","plumaria","(Kindb.) M.Fleisch.","NA Floribundaria plumaria (Kindb.) M.Fleisch.","39409","GBIF","MEXUBR","Schafer-Verwimp, A.",,,"Bronze","Bronze",,"Serra da Mantiqueira, Campos do Jordao, feuchter Sekundarwald bei Minalba."
"ÁREA DE PROTEÇÃO AMBIENTAL CAMPOS DO JORDÃO",,,"Floribundaria","usneoides","(Broth.) Broth.","NA Floribundaria usneoides (Broth.) Broth.","149815","GBIF","SP-BRYOPHYTA","Vital, D.M.","9700",,"Bronze","Bronze",,"ca. 3 km W da engarrafadora Minalva"
"ÁREA DE PROTEÇÃO AMBIENTAL CAMPOS DO JORDÃO",,,"Fossombronia",,"Raddi","NA Fossombronia Raddi","180783","GBIF","SP-BRYOPHYTA","Vital, D.M.","10760",,"Latão","Bronze",,"Ao longo da rodovia"
"ÁREA DE PROTEÇÃO AMBIENTAL CAMPOS DO JORDÃO",,,"Frullania","arecae","(Spreng.) Gottsche","NA Frullania arecae (Spreng.) Gottsche","7072","GBIF","IRAI","Gibertoni, R.S.","042",,"Bronze","Bronze",,"Condomínio Week Inn"
"ÁREA DE PROTEÇÃO AMBIENTAL CAMPOS DO JORDÃO",,,"Frullania","brasiliensis","Raddi","NA Frullania brasiliensis Raddi","7073","GBIF","IRAI","Gibertoni, R.S.","043",,"Bronze","Bronze",,"Condomínio Week Inn"
"ÁREA DE PROTEÇÃO AMBIENTAL CAMPOS DO JORDÃO",,,"Galium","indecorum","(cham. & schlechtendal) dempster","NA Galium indecorum subsp. indecorum (cham. & schlechtendal) dempster","HRB00005548","Splink","HRB",,"233",,"Ouro","Ouro",,"Parque Estadual."
"ÁREA DE PROTEÇÃO AMBIENTAL CAMPOS DO JORDÃO",,,"Graphis","adpressa","Vain.","NA Graphis adpressa Vain.","B 60 0183184","Reflora","B","Sipman, H.J.M.","41112",,"Ouro","Ouro",,"SÃO PAULO. Parque Estadual de Campos de Jordão, Mirante de São José dos Alpes (com. Guaratingueta)."
"ÁREA DE PROTEÇÃO AMBIENTAL CAMPOS DO JORDÃO",,,"Holomitrium","arboreum","Mitt.","NA Holomitrium arboreum Mitt.","7093","GBIF","IRAI","Gibertoni, R.S.","063",,"Bronze","Bronze",,"Condomínio Week Inn"
"ÁREA DE PROTEÇÃO AMBIENTAL CAMPOS DO JORDÃO",,,"Holomitrium","crispulum","Mart.","NA Holomitrium crispulum Mart.","41282-1","GBIF","MA-Musci","Hoehne, F.C.","663",,"Bronze","Bronze",,"Campos do Jordao, Serra da Mantiqueira"
"ÁREA DE PROTEÇÃO AMBIENTAL CAMPOS DO JORDÃO",,,"Holomitrium","olfersianum",,"NA Holomitrium olfersianum","90092330","Splink","MO-DUPLICATES",,"26277",,"Bronze","Ouro",,"Campos do Jordão, Serra da Mantiqueira, ca. 2 km E of Campos do Jordão, on Rd to Horto Florestal"
"ÁREA DE PROTEÇÃO AMBIENTAL CAMPOS DO JORDÃO",,,"Hymenostomum",,"R.Br.","NA Hymenostomum R.Br.","089362","GBIF","SP-BRYOPHYTA","Vital, D.M.","680",,"Latão","Bronze",,
"ÁREA DE PROTEÇÃO AMBIENTAL CAMPOS DO JORDÃO",,,"Hypnella","pilifera","(Hook. & Wilson) A.Jaeger","NA Hypnella pilifera (Hook. & Wilson) A.Jaeger","2124547","GBIF","NY","Buck, W.R.","26404",,"Latão","Bronze",,"Serra da Mantiqueira, Pico do Itapeva, ca 6 km SE of Campos do Jordão."
"ÁREA DE PROTEÇÃO AMBIENTAL CAMPOS DO JORDÃO",,,"Hypopterygium",,"Brid.","NA Hypopterygium Brid.","147452","GBIF","SP-BRYOPHYTA","Bookerman, W.C.A.","s.n.",,"Latão","Bronze",,"Fazenda Lagoinha"
"ÁREA DE PROTEÇÃO AMBIENTAL CAMPOS DO JORDÃO",,,"Hypotrachyna","chlorina",,"NA Hypotrachyna chlorina","073607","Splink","ICN",,"4465",,"Bronze","Bronze",,"W da cidade, reserva, parte alta da elevação"
"ÁREA DE PROTEÇÃO AMBIENTAL CAMPOS DO JORDÃO",,,"Hypotrachyna","endochlora",,"NA Hypotrachyna endochlora","073608","Splink","ICN",,"4466",,"Bronze","Bronze",,"W da cidade, reserva, parte alta da elevação"
"ÁREA DE PROTEÇÃO AMBIENTAL CAMPOS DO JORDÃO",,,"Hypotrachyna","polydactyla",,"NA Hypotrachyna polydactyla","073599","Splink","ICN",,"4457",,"Bronze","Bronze",,"W da cidade, reserva, parte média da elevação"
"ÁREA DE PROTEÇÃO AMBIENTAL CAMPOS DO JORDÃO",,,"Ilex","theizans","Mart. ex Reissek","NA Ilex theizans Mart. ex Reissek","27262","GBIF","UFG","Carvalho, J.P.M.","8502",,"Ouro","Bronze",,
"ÁREA DE PROTEÇÃO AMBIENTAL CAMPOS DO JORDÃO",,,"Indet",,,"NA Indet. sp.","100248923","Splink","MO",,"6817",,"Latão","Bronze",,"Municipio de Campos do Jordao, Sao Jose dos Alpes."
"ÁREA DE PROTEÇÃO AMBIENTAL CAMPOS DO JORDÃO",,,"Indeterminada",,,"NA Indeterminada sp.","PACA115893","Splink","PACA-BRYOPHYTES",,"15028",,"Bronze","Bronze",,"Fazenda da Guarda (Reserva Florestal)"
"ÁREA DE PROTEÇÃO AMBIENTAL CAMPOS DO JORDÃO",,,"Indeterminado",,,"NA Indeterminado sp.","PACA027824","Splink","PACA",,,,"Prata","Bronze",,
"ÁREA DE PROTEÇÃO AMBIENTAL CAMPOS DO JORDÃO",,,"Isopterygium","subbrevisetum","(Hampe) Broth.","NA Isopterygium subbrevisetum (Hampe) Broth.","938094","GBIF","NY","Buck, W.R.","26277A",,"Latão","Ouro",,"Serra da Mantiqueira, ca. 2 km E of Campos do Jordão on road to Horto Florestal"
"ÁREA DE PROTEÇÃO AMBIENTAL CAMPOS DO JORDÃO",,,"Isotachis","aubertii","(Schwägr.) Mitt.","NA Isotachis aubertii (Schwägr.) Mitt.","117159","GBIF","PACA-BRYOPHYTES","Yano, O.","19588",,"Bronze","Ouro",,"parque estadual de campos do jordão"
"ÁREA DE PROTEÇÃO AMBIENTAL CAMPOS DO JORDÃO",,,"Isotachis","humectata","(Hook.f. & Taylor) Steph.","NA Isotachis humectata (Hook.f. & Taylor) Steph.","133904","GBIF","SP-BRYOPHYTA","Vital, D.M.","9643",,"Latão","Bronze",,
"ÁREA DE PROTEÇÃO AMBIENTAL CAMPOS DO JORDÃO",,,"Itatiella","ulei","(Broth. ex Müll.Hal.) G.L.Sm.","NA Itatiella ulei (Broth. ex Müll.Hal.) G.L.Sm.","001667","GBIF","HUFABC","Yano, O.","15681",,"Bronze","Ouro","https://images.cria.org.br/viewer/HUFABC001667 | https://images.cria.org.br/viewer/HUFABC001667_1 | https://images.cria.org.br/viewer/HUFABC001667_2","Parque Estadual de Campos do Jordão"
"ÁREA DE PROTEÇÃO AMBIENTAL CAMPOS DO JORDÃO",,,"Jensenia",,"Lindb.","NA Jensenia Lindb.","133913","GBIF","SP-BRYOPHYTA","Vital, D.M.","9654",,"Latão","Bronze",,
"ÁREA DE PROTEÇÃO AMBIENTAL CAMPOS DO JORDÃO",,,"Jes","meliaceae",,"NA Jes meliaceae","1130","Splink","MACK",,,,"Latão","Ouro",,"Colônia Umuarama."
"ÁREA DE PROTEÇÃO AMBIENTAL CAMPOS DO JORDÃO",,,"Jungermannia",,"L.","NA Jungermannia L.","086766","GBIF","SP-BRYOPHYTA","Vital, D.M.","594",,"Latão","Bronze",,"Pico Itapeva"
"ÁREA DE PROTEÇÃO AMBIENTAL CAMPOS DO JORDÃO",,,"Kurzia",,"G.Martens","NA Kurzia G.Martens","133912","GBIF","SP-BRYOPHYTA","Vital, D.M.","9653",,"Latão","Bronze",,
"ÁREA DE PROTEÇÃO AMBIENTAL CAMPOS DO JORDÃO",,,"Lafoenseae",,,"NA Lafoenseae","NY00618356","Reflora","NY","Holway, E.W.D.","1774",,"Ouro","Bronze",,"Campos do Jordao"
"ÁREA DE PROTEÇÃO AMBIENTAL CAMPOS DO JORDÃO",,,"Lecidea","uliginosa",,"NA Lecidea uliginosa","073611","Splink","ICN",,"4469",,"Latão","Bronze",,"reserva a oeste da cidade"
"ÁREA DE PROTEÇÃO AMBIENTAL CAMPOS DO JORDÃO",,,"Leiomela","bartramioides","(Hook.) Paris","NA Leiomela bartramioides (Hook.) Paris","170455","GBIF","SP-BRYOPHYTA","Bookerman, W.C.A.","s.n.",,"Latão","Bronze",,"Parque Ferradura"
"ÁREA DE PROTEÇÃO AMBIENTAL CAMPOS DO JORDÃO",,,"Lejeunea","capensis","Gottsche","NA Lejeunea capensis Gottsche","117327","GBIF","PACA-BRYOPHYTES","Yano, O.","19405",,"Bronze","Ouro",,"parque estadual de campos do jordão"
"ÁREA DE PROTEÇÃO AMBIENTAL CAMPOS DO JORDÃO",,,"Lejeunea","cerina","(Lehm. & Lindenb.) Gottsche","NA Lejeunea cerina (Lehm. & Lindenb.) Gottsche","178857","GBIF","UB","Soares, A.E.R.","2017",,"Bronze","Ouro",,"Parque Estadual de Campos do Jordão."
"ÁREA DE PROTEÇÃO AMBIENTAL CAMPOS DO JORDÃO",,,"Lejeunea","glaucescens","Gottsche","NA Lejeunea glaucescens Gottsche","4419","GBIF","IRAI","Gibertoni, R.S.","034",,"Bronze","Bronze",,"Próximo à Represa do Fojo, Condomínio Week Inn"
"ÁREA DE PROTEÇÃO AMBIENTAL CAMPOS DO JORDÃO",,,"Lejeunea","grossitexta","(Steph.) M.E.Reiner & Goda","NA Lejeunea grossitexta (Steph.) M.E.Reiner & Goda","4405","GBIF","IRAI","Gibertoni, R.S.","020",,"Bronze","Bronze",,"Próximo à Represa do Fojo, Condomínio Week Inn"
"ÁREA DE PROTEÇÃO AMBIENTAL CAMPOS DO JORDÃO",,,"Lejeunea","oligoclada","Spruce","NA Lejeunea oligoclada Spruce","7089","GBIF","IRAI","Gibertoni, R.S.","059",,"Bronze","Bronze",,"Condomínio Week Inn"
"ÁREA DE PROTEÇÃO AMBIENTAL CAMPOS DO JORDÃO",,,"Leptolejeunea",,"(Spruce) Steph.","NA Leptolejeunea (Spruce) Steph.","191854","GBIF","SP-BRYOPHYTA","Yano, O.","9232",,"Latão","Ouro",,"Parque Estadual de Campos do Jordão"
"ÁREA DE PROTEÇÃO AMBIENTAL CAMPOS DO JORDÃO",,,"Leptoscyphus","amphibolius","(Nees) Grolle","NA Leptoscyphus amphibolius (Nees) Grolle","4411","GBIF","IRAI","Gibertoni, R.S.","026",,"Bronze","Bronze",,"Próximo à Represa do Fojo, Condomínio Week Inn"
"ÁREA DE PROTEÇÃO AMBIENTAL CAMPOS DO JORDÃO",,,"Leptoscyphus","spectabilis","(Steph.) Grolle","NA Leptoscyphus spectabilis (Steph.) Grolle","133924","GBIF","SP-BRYOPHYTA","Vital, D.M.","9671",,"Bronze","Bronze",,
"ÁREA DE PROTEÇÃO AMBIENTAL CAMPOS DO JORDÃO",,,"Lepyrodon","tomentosus",,"NA Lepyrodon tomentosus","90088579","Splink","MO",,"26314",,"Latão","Ouro",,"Campos do Jordão, Serra da Mantiqueira, ca. 2 km E of Campos do Jordão on road to Horto Florestal."
"ÁREA DE PROTEÇÃO AMBIENTAL CAMPOS DO JORDÃO",,,"Leucoloma","triforme","(Mitt.) A.Jaeger","NA Leucoloma triforme (Mitt.) A.Jaeger","149788","GBIF","SP-BRYOPHYTA","Vital, D.M.","9630",,"Latão","Ouro",,"Entre o horto e a represa nova"
"ÁREA DE PROTEÇÃO AMBIENTAL CAMPOS DO JORDÃO",,,"Lophocolea","mandonii","Steph.","NA Lophocolea mandonii Steph.","FR-0278730","GBIF","FR",,,,"Latão","Bronze",,"Brasil, Sao Paulo, Campos do Jordao, Parque Estadual de Campas da Jardao, Trilha das Campas, com Campos de Altitude"
"ÁREA DE PROTEÇÃO AMBIENTAL CAMPOS DO JORDÃO",,,"Lophocolea","muricata","(Lehm.) Nees","NA Lophocolea muricata (Lehm.) Nees","7074","GBIF","IRAI","Gibertoni, R.S.","044",,"Bronze","Bronze",,"Condomínio Week Inn"
"ÁREA DE PROTEÇÃO AMBIENTAL CAMPOS DO JORDÃO",,,"Megalospora","sulphurata",,"NA Megalospora sulphurata nigricans","073601","Splink","ICN",,"4459",,"Bronze","Bronze",,"oeste da cidade, reserva, parte média da elevação"
"ÁREA DE PROTEÇÃO AMBIENTAL CAMPOS DO JORDÃO",,,"Meiothecium",,"Mitt.","NA Meiothecium Mitt.","149774","GBIF","SP-BRYOPHYTA","Vital, D.M.","9607",,"Latão","Ouro",,"Entre o horto e a represa nova"
"ÁREA DE PROTEÇÃO AMBIENTAL CAMPOS DO JORDÃO",,,"Meripilus","obscurus",,"NA Meripilus obscurus","ICN00062636","Splink","ICN",,"MV522",,"Ouro","Ouro",,"Parque Estadual Campos do Jordão, Trilha da Celestina"
"ÁREA DE PROTEÇÃO AMBIENTAL CAMPOS DO JORDÃO",,,"Meteoridium","remotifolium","(Müll.Hal.) Manuel","NA Meteoridium remotifolium (Müll.Hal.) Manuel","http://mus.utu.fi/TBR.118679","GBIF","TUR","Barros, M.","Peralta, D.F.; 9424",,"Bronze","Bronze",,"Campos do Jordão"
"ÁREA DE PROTEÇÃO AMBIENTAL CAMPOS DO JORDÃO",,,"Meteorium","deppei","(Hornsch. ex Müll.Hal.) Mitt.","NA Meteorium deppei (Hornsch. ex Müll.Hal.) Mitt.","150174","GBIF","SP-BRYOPHYTA","Bookerman, W.C.A.","s.n.",,"Latão","Bronze",,"Parque Ferradura"
"ÁREA DE PROTEÇÃO AMBIENTAL CAMPOS DO JORDÃO",,,"Meteorium","illecebrum","Sull.","NA Meteorium illecebrum Sull.","135949","GBIF","SP-BRYOPHYTA","Bookerman, W.C.A.","s.n.",,"Bronze","Bronze",,
"ÁREA DE PROTEÇÃO AMBIENTAL CAMPOS DO JORDÃO",,,"Meteorium","latifolium","(Lindb.) Broth.","NA Meteorium latifolium (Lindb.) Broth.","01195398","GBIF","NY","Buck, W.R.","26250",,"Latão","Ouro",,"Serra da Mantiqueira, ca. 2 km E of Campos do Jordao on road to Horto Florestal."
"ÁREA DE PROTEÇÃO AMBIENTAL CAMPOS DO JORDÃO",,,"Meteorium","teres","Mitt.","NA Meteorium teres Mitt.","178804","GBIF","UB","Soares, A.E.R.","1865",,"Latão","Bronze",,"Campos do Jordão, centro cultural."
"ÁREA DE PROTEÇÃO AMBIENTAL CAMPOS DO JORDÃO",,,"Metzgeria","agnewiae","Kuwah.","NA Metzgeria agnewiae Kuwah.","RB00604629","GBIF","RB","Schafer-Verwimp","8523",,"Ouro","Ouro","jbrj-public-img.s3-sa-east-1.amazonaws.com/JPG/rb/0/60/46/29/00604629.jpg","Serra da Mantiqueira. Ephytisch in Podocarpus Lambertii- Araucaria angustifolia-wald beim Horto Florestal."
"ÁREA DE PROTEÇÃO AMBIENTAL CAMPOS DO JORDÃO",,,"Microcodon","clavus",,"NA Microcodon clavus","6286","Splink","SINBIOTA",,,,"Latão","Bronze",,"Lagoa Marginal rep do Fojo"
"ÁREA DE PROTEÇÃO AMBIENTAL CAMPOS DO JORDÃO",,,"Microlepidozia",,"(Spruce) Jørg.","NA Microlepidozia (Spruce) Jørg.","086719","GBIF","SP-BRYOPHYTA","Vital, D.M.","690",,"Latão","Bronze",,
"ÁREA DE PROTEÇÃO AMBIENTAL CAMPOS DO JORDÃO",,,"Minarum",,,"NA Minarum","B 60 0183331","Reflora","B","Sipman, H.J.M.","41063",,"Ouro","Ouro",,"SÃO PAULO. Parque Estadual de Campos de Jordão, Trilho do Cachoeira."
"ÁREA DE PROTEÇÃO AMBIENTAL CAMPOS DO JORDÃO",,,"Mittenothamnium","mycostelium","(Hampe) Cardot","NA Mittenothamnium mycostelium (Hampe) Cardot","170456","GBIF","SP-BRYOPHYTA","Bookerman, W.C.A.","s.n.",,"Latão","Bronze",,"Parque Ferradura"
"ÁREA DE PROTEÇÃO AMBIENTAL CAMPOS DO JORDÃO",,,"Mittenothamnium","reptans","(Hedw.) Cardot","NA Mittenothamnium reptans (Hedw.) Cardot","4406","GBIF","IRAI","Gibertoni, R.S.","021",,"Bronze","Bronze",,"Próximo à Represa do Fojo, Condomínio Week Inn"
"ÁREA DE PROTEÇÃO AMBIENTAL CAMPOS DO JORDÃO",,,"Mittenothamnium","substriatum","(Mitt.) Cardot","NA Mittenothamnium substriatum (Mitt.) Cardot","2314342","GBIF","NY","Leite, E.","B5",,"Bronze","Bronze",,"Campos do Jordao."
"ÁREA DE PROTEÇÃO AMBIENTAL CAMPOS DO JORDÃO",,,"Ndeterminado",,,"NA Ndeterminado","SJRP00009520","Reflora","SJRP","Ollgaard, B.","2909",,"Ouro","Bronze",,"divisa com Pindamonhangaba."
"ÁREA DE PROTEÇÃO AMBIENTAL CAMPOS DO JORDÃO",,,"Neckera","araucarieti","Müll.Hal.","NA Neckera araucarieti Müll.Hal.","149766","GBIF","SP-BRYOPHYTA","Vital, D.M.","9592",,"Latão","Bronze",,"Plantação de pera"
"ÁREA DE PROTEÇÃO AMBIENTAL CAMPOS DO JORDÃO",,,"Neckera","puiggarii","Geh. & Hampe","NA Neckera puiggarii Geh. & Hampe","149812","GBIF","SP-BRYOPHYTA","Vital, D.M.","9694",,"Latão","Bronze",,"ca. 3 km W da engarrafadora Minalva"
"ÁREA DE PROTEÇÃO AMBIENTAL CAMPOS DO JORDÃO",,,"Neckera","scabridens","Müll.Hal.","NA Neckera scabridens Müll.Hal.","4410","GBIF","IRAI","Gibertoni, R.S.","025",,"Bronze","Bronze",,"Próximo à Represa do Fojo, Condomínio Week Inn"
"ÁREA DE PROTEÇÃO AMBIENTAL CAMPOS DO JORDÃO",,,"Neckera","urnigera","Müll.Hal.","NA Neckera urnigera Müll.Hal.","TAA5019853","GBIF","TAA","Schafer-Verwimp",,,"Bronze","Bronze",,"Serrea da Mantiqueira, feuchter Sekundärwald bei Minalba, epiphytisch; 1350m"
"ÁREA DE PROTEÇÃO AMBIENTAL CAMPOS DO JORDÃO",,,"Neckeropsis","undulata","(Hedw.) Reichardt","NA Neckeropsis undulata (Hedw.) Reichardt","149814","GBIF","SP-BRYOPHYTA","Vital, D.M.","9699",,"Latão","Bronze",,"ca. 3 km W da engarrafadora Minalva"
"ÁREA DE PROTEÇÃO AMBIENTAL CAMPOS DO JORDÃO",,,"Neesioscyphus",,,"NA Neesioscyphus grolle","086718","GBIF","SP-BRYOPHYTA","Vital, D.M.","689",,"Latão","Bronze",,
"ÁREA DE PROTEÇÃO AMBIENTAL CAMPOS DO JORDÃO",,,"Neosubcrinitum",,,"NA Neosubcrinitum","B 60 0112307","Reflora","B","Ribeiro, C.H.","939",,"Ouro","Ouro",,"São Paulo, município de Campos do Jordão, Parque Estadual de Campos do Jordão, Horto Florestal no caminho do Mirante das Corredeiras, lado direito do Rio Sapucaí-Guaçu, 1420 m alt."
"ÁREA DE PROTEÇÃO AMBIENTAL CAMPOS DO JORDÃO",,,"Noteroclada","confluens","(Hook.f. & Taylor) Spruce","NA Noteroclada confluens (Hook.f. & Taylor) Spruce","178820","GBIF","UB","Soares, A.E.R.","1881",,"Latão","Bronze",,"Campos do Jordão, centro cultural."
"ÁREA DE PROTEÇÃO AMBIENTAL CAMPOS DO JORDÃO",,,"Ochinaceae",,,"NA Ochinaceae sp.","1909","Splink","MACK",,"20",,"Latão","Ouro",,"Colônia Umuarama."
"ÁREA DE PROTEÇÃO AMBIENTAL CAMPOS DO JORDÃO",,,"Odontoschisma",,"(Dumort.) Dumort.","NA Odontoschisma (Dumort.) Dumort.","133927","GBIF","SP-BRYOPHYTA","Vital, D.M.","9674",,"Latão","Bronze",,
"ÁREA DE PROTEÇÃO AMBIENTAL CAMPOS DO JORDÃO",,,"Oligotrichum","riedelianum","(Mont.) Mitt.","NA Oligotrichum riedelianum (Mont.) Mitt.","191845","GBIF","SP-BRYOPHYTA","Yano, O.","9223",,"Bronze","Ouro",,"Parque Estadual de Campos do Jordão"
"ÁREA DE PROTEÇÃO AMBIENTAL CAMPOS DO JORDÃO",,,"Orthomnion",,"Wilson","NA Orthomnion wilson Wilson","CBG 9805122.1","GBIF","CANB","Buck, W.R.","26262",,"Latão","Bronze",,"Sao Paulo: Campos do Jordao, Serra da Mantiqueira, ca. 2 km E of Campos do Jordao on road to Horto Florestal."
"ÁREA DE PROTEÇÃO AMBIENTAL CAMPOS DO JORDÃO",,,"Orthostichopsis","crinita","(Sull.) Broth.","NA Orthostichopsis crinita (Sull.) Broth.","149830","GBIF","SP-BRYOPHYTA","Vital, D.M.","9720",,"Bronze","Bronze",,"mata úmida"
"ÁREA DE PROTEÇÃO AMBIENTAL CAMPOS DO JORDÃO",,,"Orthostichopsis","tortipilis","(Müll.Hal.) Broth.","NA Orthostichopsis tortipilis (Müll.Hal.) Broth.","47229","GBIF","HUCS","Yano, O.","19634",,"Bronze","Ouro",,"Parque Estadual de Campos do Jordão"
"ÁREA DE PROTEÇÃO AMBIENTAL CAMPOS DO JORDÃO",,,"Palamocladium","leskeoides","(Hook.) E.Britton","NA Palamocladium leskeoides (Hook.) E.Britton","2166103","GBIF","NY","Buck, W.R.","26413",,"Latão","Bronze",,"Serra de Mantiqueira, Pico do Itapeva, ca. 6 km SE de Campos Jordão."
"ÁREA DE PROTEÇÃO AMBIENTAL CAMPOS DO JORDÃO",,,"Papillaria","imponderosa","(Taylor) Broth.","NA Papillaria imponderosa (Taylor) Broth.","170461","GBIF","SP-BRYOPHYTA","Bookerman, W.C.A.","s.n.",,"Latão","Bronze",,"faz Lagoinha"
"ÁREA DE PROTEÇÃO AMBIENTAL CAMPOS DO JORDÃO",,,"Papillaria","ptychophylla","Ångstr.","NA Papillaria ptychophylla Ångstr. Ångstr.","088920","GBIF","SP-BRYOPHYTA","Hoehne, F.C.","643",,"Bronze","Bronze",,
"ÁREA DE PROTEÇÃO AMBIENTAL CAMPOS DO JORDÃO",,,"Paracromastigum","pachyrhizum",,"NA Paracromastigum pachyrhizum","90251833","Splink","MO",,"9652",,"Bronze","Bronze",,"Campos do Jordao. Próximo da represa Nova."
"ÁREA DE PROTEÇÃO AMBIENTAL CAMPOS DO JORDÃO",,,"Parmotrema","robustum",,"NA Parmotrema robustum","073606","Splink","ICN",,"4464",,"Latão","Bronze",,"W da cidade , reserva, parte alta alta da elevação"
"ÁREA DE PROTEÇÃO AMBIENTAL CAMPOS DO JORDÃO",,,"Parmotrema","xanthinum",,"NA Parmotrema xanthinum","073605","Splink","ICN",,"4463",,"Bronze","Bronze",,"W da cidade, reserva, parte alta da elevação"
"ÁREA DE PROTEÇÃO AMBIENTAL CAMPOS DO JORDÃO",,,"Paulownia",,,"NA Paulownia sp.","SPSF00005581","Splink","SPSF",,,,"Latão","Bronze",,"Parque Estadual do Instituto Florestal."
"ÁREA DE PROTEÇÃO AMBIENTAL CAMPOS DO JORDÃO",,,"Penstemon","clevelandii",,"NA Penstemon clevelandii","42288","Splink","SP",,"s.n.",,"Latão","Bronze",,
"ÁREA DE PROTEÇÃO AMBIENTAL CAMPOS DO JORDÃO",,,"Phaeoceros","bulbiculosus","(Brot.) Prosk.","NA Phaeoceros bulbiculosus (Brot.) Prosk.","117387","GBIF","PACA-BRYOPHYTES","Yano, O.","19545",,"Bronze","Bronze",,"Parque estadua de campos do jordao"
"ÁREA DE PROTEÇÃO AMBIENTAL CAMPOS DO JORDÃO",,,"Philophyllum","tenuifolium","(Mitt.) Broth.","NA Philophyllum tenuifolium (Mitt.) Broth.","72867","GBIF","NY","Buck, W.R.","26401",,"Latão","Bronze",,"Serra da Mantiqueira, Pico do Itapeva, ca. 6 km SE of Campos do Jordao"
"ÁREA DE PROTEÇÃO AMBIENTAL CAMPOS DO JORDÃO",,,"Phlyctis",,,"NA Phlyctis sp.","202615","Splink","ICN",,"13_P22",,"Bronze","Bronze",,"Serra da Mantiqueira"
"ÁREA DE PROTEÇÃO AMBIENTAL CAMPOS DO JORDÃO",,,"Phycopeltis","arundinacea","(Mont.) De Toni","NA Phycopeltis arundinacea (Mont.) De Toni","29838","GBIF","SJRP-ALGAE","Lemes-Da, N.M.",,,"Latão","Bronze",,
"ÁREA DE PROTEÇÃO AMBIENTAL CAMPOS DO JORDÃO",,,"Pilopogon","laevis","(Taylor) Thér.","NA Pilopogon laevis (Taylor) Thér.","7083","GBIF","IRAI","Gibertoni, R.S.","053",,"Bronze","Bronze",,"Condomínio Week Inn"
"ÁREA DE PROTEÇÃO AMBIENTAL CAMPOS DO JORDÃO",,,"Pilotrichella","flexilis","(Hedw.) Ångstr.","NA Pilotrichella flexilis (Hedw.) Ångstr.","7068","GBIF","IRAI","Gibertoni, R.S.","038",,"Bronze","Bronze",,"Condomínio Week Inn"
"ÁREA DE PROTEÇÃO AMBIENTAL CAMPOS DO JORDÃO",,,"Pilotrichella","pentasticha","(Brid.) Wijk & Margad.","NA Pilotrichella pentasticha (Brid.) Wijk & Margad.","90041167","GBIF","Tropicos","Vital, D.M.","9706",,"Bronze","Bronze",,"na mata umida e brejosa"
"ÁREA DE PROTEÇÃO AMBIENTAL CAMPOS DO JORDÃO",,,"Pilotrichella","subpachygastrella",,"NA Pilotrichella subpachygastrella","90053883","Splink","MO-DUPLICATES",,"9682",,"Bronze","Bronze",,"Município de Campos do Jordão."
"ÁREA DE PROTEÇÃO AMBIENTAL CAMPOS DO JORDÃO",,,"Plagiomnium","rhynchophorum","(Harv.) T.J.Kop.","NA Plagiomnium rhynchophorum (Harv.) T.J.Kop.","135948","GBIF","SP-BRYOPHYTA","Bookerman, W.C.A.","s.n.",,"Bronze","Bronze",,
"ÁREA DE PROTEÇÃO AMBIENTAL CAMPOS DO JORDÃO",,,"Pohlia","humilis","(Mont.) Broth.","NA Pohlia humilis (Mont.) Broth.","089313","GBIF","SP-BRYOPHYTA","Vital, D.M.","513",,"Bronze","Bronze",,
"ÁREA DE PROTEÇÃO AMBIENTAL CAMPOS DO JORDÃO",,,"Polytrichadelphus","pseudopolytrichum","(Raddi) G.L.Sm.","NA Polytrichadelphus pseudopolytrichum (Raddi) G.L.Sm.","83441","GBIF","HUEFS","Franca, F.","4889",,"Bronze","Bronze",,"Rodovia SP 123 (Floriano Pinheiro): km 43."
"ÁREA DE PROTEÇÃO AMBIENTAL CAMPOS DO JORDÃO",,,"Porothamnium","serricola","(Müll.Hal.) M.Fleisch.","NA Porothamnium serricola (Müll.Hal.) M.Fleisch.","088989","GBIF","SP-BRYOPHYTA","Hoehne, F.C.","665",,"Latão","Bronze",,"Serra da Mantiqueira"
"ÁREA DE PROTEÇÃO AMBIENTAL CAMPOS DO JORDÃO",,,"Porotrichodendron","biforme","(Hampe) Broth.","NA Porotrichodendron biforme (Hampe) Broth.","72863","GBIF","NY","Buck, W.R.","26381",,"Latão","Bronze",,"Serra da Mantiqueira, Pico do Itapeva, ca. 6 km SE of Campos do Jordao"
"ÁREA DE PROTEÇÃO AMBIENTAL CAMPOS DO JORDÃO",,,"Porotrichodendron","superbum","(Taylor) Broth.","NA Porotrichodendron superbum (Taylor) Broth.","829828","GBIF","NY","Buck, W.R.","26391",,"Bronze","Bronze",,"Serra da Mantiqueira, Pico do Itapeva, ca. 6 km SE of Campos do Jordão"
"ÁREA DE PROTEÇÃO AMBIENTAL CAMPOS DO JORDÃO",,,"Porotrichum","lancifrons","(Hampe) Mitt.","NA Porotrichum lancifrons (Hampe) Mitt.","2161961","GBIF","NY","Buck, W.R.","26474",,"Latão","Bronze",,"Serra da Mantiqueira, Pico do Itapeva, ca. 6 km SE of Campos do Jordao, just below peak."
"ÁREA DE PROTEÇÃO AMBIENTAL CAMPOS DO JORDÃO",,,"Porotrichum","longirostre","(Hook.) Mitt.","NA Porotrichum longirostre (Hook.) Mitt.","149822","GBIF","SP-BRYOPHYTA","Vital, D.M.","9707",,"Bronze","Bronze",,"na mata umida e brejosa"
"ÁREA DE PROTEÇÃO AMBIENTAL CAMPOS DO JORDÃO",,,"Prionodon","densus","(Sw. ex Hedw.) Müll.Hal.","NA Prionodon densus (Sw. ex Hedw.) Müll.Hal.","150175","GBIF","SP-BRYOPHYTA","Bookerman, W.C.A.","s.n.",,"Latão","Bronze",,"faz Lagoinha"
"ÁREA DE PROTEÇÃO AMBIENTAL CAMPOS DO JORDÃO",,,"Pseudocyphellaria",,,"NA Pseudocyphellaria","PMSP00005174","Reflora","PMSP","Garcia, R.J.F.","1703",,"Ouro","Ouro",,"Parque Estadual de Campos do Jordão."
"ÁREA DE PROTEÇÃO AMBIENTAL CAMPOS DO JORDÃO",,,"Pyrrhobryum","spiniforme","(Hedw.) Mitt.","NA Pyrrhobryum spiniforme (Hedw.) Mitt.","117468","GBIF","PACA-BRYOPHYTES","Yano, O.","19424",,"Bronze","Ouro",,"parque estadual de campos do jordão"
"ÁREA DE PROTEÇÃO AMBIENTAL CAMPOS DO JORDÃO",,,"Radula","sinuata","Gottsche","NA Radula sinuata Gottsche","47396","GBIF","HUCS","Yano, O.","15666",,"Bronze","Ouro",,"Parque Estadual de Campos do Jordão"
"ÁREA DE PROTEÇÃO AMBIENTAL CAMPOS DO JORDÃO",,,"Radula","varilobula","Castle","NA Radula varilobula Castle","7082","GBIF","IRAI","Gibertoni, R.S.","052",,"Bronze","Bronze",,"Condomínio Week Inn"
"ÁREA DE PROTEÇÃO AMBIENTAL CAMPOS DO JORDÃO",,,"Radula","voluta","Taylor","NA Radula voluta Taylor","4414","GBIF","IRAI","Gibertoni, R.S.","029",,"Bronze","Bronze",,"Próximo à Represa do Fojo, Condomínio Week Inn"
"ÁREA DE PROTEÇÃO AMBIENTAL CAMPOS DO JORDÃO",,,"Relicina","abstrusa",,"NA Relicina abstrusa","073596","Splink","ICN",,"4454",,"Bronze","Bronze",,"Reserva, W da cidade"
"ÁREA DE PROTEÇÃO AMBIENTAL CAMPOS DO JORDÃO",,,"Rhacocarpus","purpurascens","(Brid.) Paris","NA Rhacocarpus purpurascens (Brid.) Paris","30038","GBIF","MEXUBR","Buck, W.R.",,,"Latão","Bronze",,"Serra da Mantiqueira, Pico do Itapeva, ca. 6 km SE of Campos do Jordao."
"ÁREA DE PROTEÇÃO AMBIENTAL CAMPOS DO JORDÃO",,,"Rhaphidostegium","hoehnei","Herzog","NA Rhaphidostegium hoehnei Herzog","149789","GBIF","SP-BRYOPHYTA","Vital, D.M.","9634",,"Latão","Ouro",,"Entre o horto e a represa nova"
"ÁREA DE PROTEÇÃO AMBIENTAL CAMPOS DO JORDÃO",,,"Rhaphidostegium","symbolax","(Müll.Hal.) Broth.","NA Rhaphidostegium symbolax (Müll.Hal.) Broth.","089029","GBIF","SP-BRYOPHYTA","Hoehne, F.C.","644",,"Bronze","Bronze",,"Serra da Mantiqueira"
"ÁREA DE PROTEÇÃO AMBIENTAL CAMPOS DO JORDÃO",,,"Rhizogonium","spiniforme","(Hedw.) Bruch","NA Rhizogonium spiniforme (Hedw.) Bruch","089040","GBIF","SP-BRYOPHYTA","Hoehne, F.C.","s.n.",,"Bronze","Bronze",,"Serra da Mantiqueira"
"ÁREA DE PROTEÇÃO AMBIENTAL CAMPOS DO JORDÃO",,,"Rhodobryum","roseolum","Müll.Hal.","NA Rhodobryum roseolum Müll.Hal.","02082670","GBIF","NY","Buck, W.R.","26467",,"Latão","Bronze",,"Serra da Mantiqueira, Pico do Itapeva, ca. 6 km SE of Campos do Jordao, just below peak."
"ÁREA DE PROTEÇÃO AMBIENTAL CAMPOS DO JORDÃO",,,"Rhodobryum","subrotundifolium","Herzog","NA Rhodobryum subrotundifolium Herzog","089051","GBIF","SP-BRYOPHYTA","Hoehne, F.C.","633",,"Bronze","Bronze",,
"ÁREA DE PROTEÇÃO AMBIENTAL CAMPOS DO JORDÃO",,,"Riccia",,"L.","NA Riccia L.","191836","GBIF","SP-BRYOPHYTA","Yano, O.","9213",,"Latão","Ouro",,"Parque Estadual de Campos do Jordão"
"ÁREA DE PROTEÇÃO AMBIENTAL CAMPOS DO JORDÃO",,,"Schlotheimia","appressifolia",,"NA Schlotheimia appressifolia","90229942","Splink","MO-DUPLICATES",,"699",,"Bronze","Bronze",,"Campo de Jardim, Pico de Itapeva, Pindamonhanga, 1.5km NNW do Pico de Itapeva."
"ÁREA DE PROTEÇÃO AMBIENTAL CAMPOS DO JORDÃO",,,"Schlotheimia","fuscoviridis","Hornsch.","NA Schlotheimia fuscoviridis Hornsch.","72892","GBIF","NY","Buck, W.R.","26400",,"Latão","Bronze",,"Serra da Mantiqueira, Pico do Itapeva, ca. 6 km SE of Campos do Jordao"
"ÁREA DE PROTEÇÃO AMBIENTAL CAMPOS DO JORDÃO",,,"Schlotheimia","jamesonii","(Arn.) Brid.","NA Schlotheimia jamesonii (Arn.) Brid.","7069","GBIF","IRAI","Gibertoni, R.S.","039",,"Bronze","Bronze",,"Condomínio Week Inn"
"ÁREA DE PROTEÇÃO AMBIENTAL CAMPOS DO JORDÃO",,,"Schlotheimia","nitida","Schwägr.","NA Schlotheimia nitida Schwägr.","72902","GBIF","NY","Buck, W.R.","26249",,"Latão","Ouro",,"Serra da Mantiqueira, ca. 2 km E of Campos do Jordao on road to Horto Florestal"
"ÁREA DE PROTEÇÃO AMBIENTAL CAMPOS DO JORDÃO",,,"Schlotheimia","ottonis","Schwägr.","NA Schlotheimia ottonis Schwägr.","72896","GBIF","NY","Buck, W.R.","26313",,"Latão","Ouro",,"Serra da Mantiqueira, ca. 2 km E of Campos do Jordao on road to Horto Florestal"
"ÁREA DE PROTEÇÃO AMBIENTAL CAMPOS DO JORDÃO",,,"Schlotheimia","rugifolia","(Hook.) Schwägr.","NA Schlotheimia rugifolia (Hook.) Schwägr.","7081","GBIF","IRAI","Gibertoni, R.S.","051",,"Bronze","Bronze",,"Condomínio Week Inn"
"ÁREA DE PROTEÇÃO AMBIENTAL CAMPOS DO JORDÃO",,,"Schlotheimia","tecta",,"NA Schlotheimia tecta","90229705","Splink","MO-DUPLICATES",,"8995",,"Bronze","Bronze",,"Campos do Jordao, Parque Municipal."
"ÁREA DE PROTEÇÃO AMBIENTAL CAMPOS DO JORDÃO",,,"Schlotheimia","trichomitria","Schwägr.","NA Schlotheimia trichomitria Schwägr.","135940","GBIF","SP-BRYOPHYTA","Bookerman, W.C.A.","s.n.",,"Latão","Bronze",,
"ÁREA DE PROTEÇÃO AMBIENTAL CAMPOS DO JORDÃO",,,"Schoenobryum","concavifolium","(Griff.) Gangulee","NA Schoenobryum concavifolium (Griff.) Gangulee","178839","GBIF","UB","Soares, A.E.R.","2000",,"Bronze","Ouro",,"Parque Estadual de Campos do Jordão."
"ÁREA DE PROTEÇÃO AMBIENTAL CAMPOS DO JORDÃO",,,"Sematophyllum","aureolum","(Hampe) E.B.Bartram","NA Sematophyllum aureolum (Hampe) E.B.Bartram","02247902","GBIF","NY","Buck, W.R.","26392",,"Latão","Bronze",,"Serra da Mantiqueira, Pico do Itapeva, ca. 6 km SE of Campos do Jordao."
"ÁREA DE PROTEÇÃO AMBIENTAL CAMPOS DO JORDÃO",,,"Sematophyllum","caespitosum","Mitt.","NA Sematophyllum caespitosum Mitt.","149794","GBIF","SP-BRYOPHYTA","Vital, D.M.","9642",,"Latão","Bronze",,"próximo a represa nova"
"ÁREA DE PROTEÇÃO AMBIENTAL CAMPOS DO JORDÃO",,,"Sematophyllum","cyparissoides","(Hornsch.) R.S.Williams","NA Sematophyllum cyparissoides (Hornsch.) R.S.Williams","2248069","GBIF","NY","Buck, W.R.","26260",,"Latão","Ouro",,"Campos do Jordao, Serra da Mantiqueira, ca. 2 km E of Campos do Jordao on road to Horto Florestal."
"ÁREA DE PROTEÇÃO AMBIENTAL CAMPOS DO JORDÃO",,,"Sematophyllum","galipense","(Müll.Hal.) Mitt.","NA Sematophyllum galipense (Müll.Hal.) Mitt.","7066","GBIF","IRAI","Gibertoni, R.S.","036",,"Bronze","Bronze",,"Condomínio Week Inn"
"ÁREA DE PROTEÇÃO AMBIENTAL CAMPOS DO JORDÃO",,,"Sematophyllum","leucostomum","(Hampe) W.R.Buck","NA Sematophyllum leucostomum (Hampe) W.R.Buck","01238925","GBIF","NY","Buck, W.R.","26271",,"Latão","Ouro",,"Serra da Mantiqueira, ca. 2 km E of Campos do Jordão on road to Horto Florestal."
"ÁREA DE PROTEÇÃO AMBIENTAL CAMPOS DO JORDÃO",,,"Sp",,,"NA Sp. sp.","ASE0032337","Splink","ASE",,"26684",,"Latão","Bronze",,"Praia São José dos Alpes,"
"ÁREA DE PROTEÇÃO AMBIENTAL CAMPOS DO JORDÃO",,,"Sphagnum","amoenoides",,"NA Sphagnum amoenoides","526248","Splink","MICH",,"26422",,"Ouro","Bronze",,"Pico do Itapeva, ca. 6 km. SE of Campos do Jordão"
"ÁREA DE PROTEÇÃO AMBIENTAL CAMPOS DO JORDÃO",,,"Sphagnum","gracilescens","Hampe ex Müll.Hal.","NA Sphagnum gracilescens Hampe ex Müll.Hal.","RB00684372","GBIF","RB","Schafer-Verwimp","6916",,"Ouro","Bronze","jbrj-public-img.s3-sa-east-1.amazonaws.com/JPG/rb/0/68/43/72/00684372.jpg","Serra da Mantiqueira bei Campos do Jordão, Nebelwald im Gipfelbereich des Pico do Itapeva, an Quellhang."
"ÁREA DE PROTEÇÃO AMBIENTAL CAMPOS DO JORDÃO",,,"Sphagnum","longistolo","Müll.Hal.","NA Sphagnum longistolo Müll.Hal.","182247","GBIF","SP-BRYOPHYTA","Rossi, L.","s.n.",,"Latão","Bronze",,
"ÁREA DE PROTEÇÃO AMBIENTAL CAMPOS DO JORDÃO",,,"Sphagnum","negrense","Mitt.","NA Sphagnum negrense Mitt.","001665","GBIF","HUFABC","Yano, O.","15668",,"Bronze","Ouro","https://images.cria.org.br/viewer/HUFABC001665 | https://images.cria.org.br/viewer/HUFABC001665_1","Parque Estadual de Campos do Jordão"
"ÁREA DE PROTEÇÃO AMBIENTAL CAMPOS DO JORDÃO",,,"Sphagnum","perichaetiale",,"NA Sphagnum perichaetiale","550471","Splink","MICH",,"26444",,"Bronze","Bronze",,"Serra da Mantiqueira, Pico do Itapeva, ca. 6 km SE of Campos do Jordão."
"ÁREA DE PROTEÇÃO AMBIENTAL CAMPOS DO JORDÃO",,,"Sphagnum","pulchricoma","Müll.Hal.","NA Sphagnum pulchricoma Müll.Hal.","FR-0275650","GBIF","FR",,,,"Latão","Bronze",,"SAO PAULO. SERRA DA MANTIQUElRA, CAMPOS DO JORDAO, beim HORTO FLORESTAL"
"ÁREA DE PROTEÇÃO AMBIENTAL CAMPOS DO JORDÃO",,,"Sphagnum","recurvum",,"NA Sphagnum recurvum","550655","Splink","MICH",,"26412",,"Bronze","Bronze",,"Serra da Mantiqueira, Pico do Itapeva, ca. 6 km SE of Campos do Jordão."
"ÁREA DE PROTEÇÃO AMBIENTAL CAMPOS DO JORDÃO",,,"Sphagnum","submedium","Warnst.","NA Sphagnum submedium Warnst.","90073901","GBIF","MO","Schafer-Verwimp, A.","8519",,"Bronze","Bronze",,
"ÁREA DE PROTEÇÃO AMBIENTAL CAMPOS DO JORDÃO",,,"Sphagnum","subsecundum","Nees","NA Sphagnum subsecundum Nees","125823","GBIF","SP-BRYOPHYTA","Yano, O.","322",,"Prata","Bronze",,
"ÁREA DE PROTEÇÃO AMBIENTAL CAMPOS DO JORDÃO",,,"Spirogyra",,"Link, 1820","NA Spirogyra Link, 1820","156960600","GBIF","Observations","Dominguez, Y.",,,"Bronze","Bronze",,"8G5C+92, Campos do Jordão - State of São Paulo, 12460-000, Brazil"
"ÁREA DE PROTEÇÃO AMBIENTAL CAMPOS DO JORDÃO",,,"Squamidium","brasiliense","(Hornsch.) Broth.","NA Squamidium brasiliense (Hornsch.) Broth.","135807","GBIF","SP-BRYOPHYTA","Magalhaes, J.C.R.","s.n.",,"Bronze","Bronze",,"faz Lagoinha"
"ÁREA DE PROTEÇÃO AMBIENTAL CAMPOS DO JORDÃO",,,"Squamidium","leucotrichum","(Taylor) Broth.","NA Squamidium leucotrichum (Taylor) Broth.","90079277","GBIF","MO","Vital, D.M.","518",,"Bronze","Bronze",,"On steep slope near Pico de Itapeva, Campos do Jordao."
"ÁREA DE PROTEÇÃO AMBIENTAL CAMPOS DO JORDÃO",,,"Sticta","weigelii",,"NA Sticta weigelii","073593","Splink","ICN",,"4451",,"Bronze","Bronze",,"W da cidade, reserva, parte alta"
"ÁREA DE PROTEÇÃO AMBIENTAL CAMPOS DO JORDÃO",,,"Syrrhopodon","gaudichaudii",,"NA Syrrhopodon gaudichaudii","NY02045818","Splink","NY",,"26473",,"Latão","Bronze",,"Serra da Mantiqueira, Pico do Itapeva, ca. 6 km SE of Campos do Jordão, just below peak"
"ÁREA DE PROTEÇÃO AMBIENTAL CAMPOS DO JORDÃO",,,"Syrrhopodon","prolifer",,"NA Syrrhopodon prolifer var. prolifer","90157145","GBIF","MO","Schafer-Verwimp, A.","8481",,"Bronze","Bronze",,"Serra da Mantiqueira, Campos do Jordao."
"ÁREA DE PROTEÇÃO AMBIENTAL CAMPOS DO JORDÃO",,,"Syrrhopodon","prolifer","(Mitt.) W.D.Reese","NA Syrrhopodon prolifer var. scaber (Mitt.) W.D.Reese","178844","GBIF","UB","Soares, A.E.R.","2005",,"Bronze","Ouro",,"Parque Estadual de Campos do Jordão."
"ÁREA DE PROTEÇÃO AMBIENTAL CAMPOS DO JORDÃO",,,"Syzygiella","anomala","(Lindenb. & Gottsche) Steph.","NA Syzygiella anomala (Lindenb. & Gottsche) Steph.","086810","GBIF","SP-BRYOPHYTA","Vital, D.M.","692",,"Bronze","Bronze",,
"ÁREA DE PROTEÇÃO AMBIENTAL CAMPOS DO JORDÃO",,,"Syzygiella","concreta","(Gottsche) Spruce","NA Syzygiella concreta (Gottsche) Spruce","90171309","GBIF","MO","Schafer-Verwimp, A.","10999",,"Bronze","Bronze",,"Serra da Mantiqueira, Campos do Jordao, Horto Florestal, an schattigem Felsblock in Podocarpus lambertii-Araucaria angustifolia."
"ÁREA DE PROTEÇÃO AMBIENTAL CAMPOS DO JORDÃO",,,"Syzygiella","integerrima","Steph.","NA Syzygiella integerrima Steph.","15080","GBIF","UFMT","Daniel, M.V.","9667",,"Bronze","Bronze",,
"ÁREA DE PROTEÇÃO AMBIENTAL CAMPOS DO JORDÃO",,,"Syzygiella","liberata","Inoue","NA Syzygiella liberata Inoue","086687","GBIF","SP-BRYOPHYTA","Vital, D.M.","499",,"Bronze","Bronze",,
"ÁREA DE PROTEÇÃO AMBIENTAL CAMPOS DO JORDÃO",,,"Syzygiella","perfoliata","(Sw.) Spruce","NA Syzygiella perfoliata (Sw.) Spruce","001663","GBIF","HUFABC","Yano, O.","15653",,"Bronze","Ouro","https://images.cria.org.br/viewer/HUFABC001663 | https://images.cria.org.br/viewer/HUFABC001663_1 | https://images.cria.org.br/viewer/HUFABC001663_2","Parque Estadual de Campos do Jordão"
"ÁREA DE PROTEÇÃO AMBIENTAL CAMPOS DO JORDÃO",,,"Syzygiella","rubricaulis","(Nees) Steph.","NA Syzygiella rubricaulis (Nees) Steph.","90171382","GBIF","MO","Schafer-Verwimp, A.","14493",,"Bronze","Bronze",,"Serra da Mantiqueira, Pindamonhangaba, Pico do Itapeva bei Campos do Jordao, epiphytisch im Nebelwald am Wanderweg Richtung Pindamonhangaba."
"ÁREA DE PROTEÇÃO AMBIENTAL CAMPOS DO JORDÃO",,,"Taxilejeunea","pterigonia","(Lehm. & Lindenb.) Schiffn.","NA Taxilejeunea pterigonia (Lehm. & Lindenb.) Schiffn.","7086","GBIF","IRAI","Gibertoni, R.S.","056",,"Bronze","Bronze",,"Condomínio Week Inn"
"ÁREA DE PROTEÇÃO AMBIENTAL CAMPOS DO JORDÃO",,,"Telaranea","nematodes","(Gottsche ex Austin) M.Howe","NA Telaranea nematodes (Gottsche ex Austin) M.Howe","7079","GBIF","IRAI","Gibertoni, R.S.","049",,"Bronze","Bronze",,"Condomínio Week Inn"
"ÁREA DE PROTEÇÃO AMBIENTAL CAMPOS DO JORDÃO",,,"Teloschistes","exilis",,"NA Teloschistes exilis","073598","Splink","ICN",,"4456",,"Bronze","Bronze",,"Reserva à oeste da cidade"
"ÁREA DE PROTEÇÃO AMBIENTAL CAMPOS DO JORDÃO",,,"Thuidiopsis","furfurosa","(Hook.f. & Wilson) M.Fleisch.","NA Thuidiopsis furfurosa (Hook.f. & Wilson) M.Fleisch.","FR-0278245","GBIF","FR",,,,"Latão","Bronze",,"BRASIL. SAO PAULO, SERRA DA MANTIQUEIRA bei CAMPOS DO JORDAO, beim Wasserfall an der Straße zum PICO DO ITAPEVA"
"ÁREA DE PROTEÇÃO AMBIENTAL CAMPOS DO JORDÃO",,,"Thuidium","assimile","(Mitt.) A.Jaeger","NA Thuidium assimile (Mitt.) A.Jaeger","02749496","GBIF","NY","Bookerman, W.C.","s.n.",,"Bronze","Bronze",,"Campos do Jordão."
"ÁREA DE PROTEÇÃO AMBIENTAL CAMPOS DO JORDÃO",,,"Thuidium","brasiliense","Mitt.","NA Thuidium brasiliense Mitt.","2163047","GBIF","NY","Buck, W.R.","26294",,"Bronze","Ouro",,"Campos do Jordao, Serra da Mantiqueira, ca. 2 km E of Campos do Jordao on road to Horto Florestal."
"ÁREA DE PROTEÇÃO AMBIENTAL CAMPOS DO JORDÃO",,,"Thuidium","delicatulum",,"NA Thuidium delicatulum radicans","NY01797606","Splink","NY",,"2012",,"Bronze","Ouro",,"Campos de Jordão, : Parque Estadual de Campos de Jordão."
"ÁREA DE PROTEÇÃO AMBIENTAL CAMPOS DO JORDÃO",,,"Thuidium","pseudoprotensum","(Müll.Hal.) Mitt.","NA Thuidium pseudoprotensum (Müll.Hal.) Mitt.","100917879","GBIF","MO","Hoehne, F.C.","627",,"Latão","Bronze",,"Campo do Jordão, Serra da Mantiqueira."
"ÁREA DE PROTEÇÃO AMBIENTAL CAMPOS DO JORDÃO",,,"Toloxis","imponderosa","(Taylor) W.R.Buck","NA Toloxis imponderosa (Taylor) W.R.Buck","2244179","GBIF","NY","Buck, W.R.","26460",,"Latão","Bronze",,"Serra da Mantiqueira, Pico do Itapeva, ca. 6 km SE of Campos do Jordao, just below peak."
"ÁREA DE PROTEÇÃO AMBIENTAL CAMPOS DO JORDÃO",,,"Tortella",,"(Müll.Hal.) Limpr.","NA Tortella (Müll.Hal.) Limpr.","178778","GBIF","UB","Soares, A.E.R.","1839",,"Latão","Bronze",,"Campos do Jordão, centro cultural."
"ÁREA DE PROTEÇÃO AMBIENTAL CAMPOS DO JORDÃO",,,"Tortula",,"Hedw.","NA Tortula Hedw.","178779","GBIF","UB","Soares, A.E.R.","1840",,"Latão","Bronze",,"Campos do Jordão, centro cultural."
"ÁREA DE PROTEÇÃO AMBIENTAL CAMPOS DO JORDÃO",,,"Torularia","atra","(Hudson) M.J.Wynne","NA Torularia atra (Hudson) M.J.Wynne","31461","GBIF","SJRP-ALGAE","Necchi, O.J.",,,"Latão","Ouro",,"9 km da entrada do Parque Estadual de Campos do Jordão, est. para 'Mirante'"
"ÁREA DE PROTEÇÃO AMBIENTAL CAMPOS DO JORDÃO",,,"Torularia","puiggariana","(Grunow) M.J.Wynne","NA Torularia puiggariana (Grunow) M.J.Wynne","23368","GBIF","SJRP-ALGAE","Necchi, O.J.",,,"Bronze","Ouro",,"100 m da Rod. SP-50, 200 m entrada do Horto"
"ÁREA DE PROTEÇÃO AMBIENTAL CAMPOS DO JORDÃO",,,"Trachyxiphium","guadalupense","(Brid.) W.R.Buck","NA Trachyxiphium guadalupense (Brid.) W.R.Buck","2126429","GBIF","NY","Buck, W.R.","26390",,"Latão","Bronze",,"Serra da Mantiqueira, Pico do Itapeva, ca 6 km SE of Campos do Jordão."
"ÁREA DE PROTEÇÃO AMBIENTAL CAMPOS DO JORDÃO",,,"Trichocolea","argentea","Herzog","NA Trichocolea argentea Herzog","7071","GBIF","IRAI","Gibertoni, R.S.","041",,"Bronze","Bronze",,"Condomínio Week Inn"
"ÁREA DE PROTEÇÃO AMBIENTAL CAMPOS DO JORDÃO",,,"Trichosteleum","glaziovii",,"NA Trichosteleum glaziovii","NY02249134","Splink","NY",,"26358",,"Latão","Bronze",,"Serra da Mantiqueira, Pico do Itapeva, ca. 6 km SE of Campos do Jordão."
"ÁREA DE PROTEÇÃO AMBIENTAL CAMPOS DO JORDÃO",,,"Trichostomum",,"Bruch","NA Trichostomum bruch Bruch","178816","GBIF","UB","Soares, A.E.R.","1877",,"Latão","Bronze",,"Campos do Jordão, centro cultural."
"ÁREA DE PROTEÇÃO AMBIENTAL CAMPOS DO JORDÃO",,,"Ulmus",,"L.","NA Ulmus L.","156157","GBIF","SP","Mattos, J.","16200-a",,"Latão","Ouro",,"Parque Estadual de Campos do Jordão, Cultivada"
"ÁREA DE PROTEÇÃO AMBIENTAL CAMPOS DO JORDÃO",,,"Ulothrix","tenerrima","(Kütz.) Kütz.","NA Ulothrix tenerrima (Kütz.) Kütz.","255737","GBIF","SP-ALGAE","Castro, A.A.J.",,,"Bronze","Ouro",,"Horto Florestal de Campos do Jordão"
"ÁREA DE PROTEÇÃO AMBIENTAL CAMPOS DO JORDÃO",,,"Usnea","barbata",,"NA Usnea barbata","IPA0008748","Splink","IPA",,"5648",,"Bronze","Bronze",,"Vila S. Adelaide"
"ÁREA DE PROTEÇÃO AMBIENTAL CAMPOS DO JORDÃO",,,"Usnea","concinna",,"NA Usnea concinna","073597","Splink","ICN",,"4455",,"Bronze","Bronze",,"W da cidade,reserva"
"ÁREA DE PROTEÇÃO AMBIENTAL CAMPOS DO JORDÃO",,,"Usnea","cornuta",,"NA Usnea cornuta","073609","Splink","ICN",,"4467",,"Bronze","Bronze",,"W da cidade,reserva"
"ÁREA DE PROTEÇÃO AMBIENTAL CAMPOS DO JORDÃO",,,"Usnea","regia",,"NA Usnea regia","073610","Splink","ICN",,"4468",,"Bronze","Bronze",,"W da cidade,reserva"
"ÁREA DE PROTEÇÃO AMBIENTAL CAMPOS DO JORDÃO",,,"Usnea","stipitata",,"NA Usnea stipitata","196086","Splink","ICN",,"2543",,"Bronze","Bronze",,"Estrada para o Pico do Itapeva, em frente a casa 7800"
"ÁREA DE PROTEÇÃO AMBIENTAL CAMPOS DO JORDÃO",,,"Vesicularia",,"(Müll.Hal.) Müll.Hal.","NA Vesicularia (Müll.Hal.) Müll.Hal.","149801","GBIF","SP-BRYOPHYTA","Vital, D.M.","9661",,"Latão","Bronze",,"floresta arbustiva"
"ÁREA DE PROTEÇÃO AMBIENTAL CAMPOS DO JORDÃO",,,"Wijkia","flagellifera","(Broth.) H.A.Crum","NA Wijkia flagellifera (Broth.) H.A.Crum","72873","GBIF","NY","Buck, W.R.","26367",,"Latão","Bronze",,"Serra da Mantiqueira, Pico do Itapeva, ca. 6 km SE of Campos do Jordao"
"ÁREA DE PROTEÇÃO AMBIENTAL CAMPOS DO JORDÃO",,,"Zelometeorium","patulum","(Hedw.) Manuel","NA Zelometeorium patulum (Hedw.) Manuel","4409","GBIF","IRAI","Gibertoni, R.S.","024",,"Bronze","Bronze",,"Próximo à Represa do Fojo, Condomínio Week Inn"
"ÁREA DE PROTEÇÃO AMBIENTAL CAMPOS DO JORDÃO",,,"Zygnema",,"C.Agardh, 1816","NA Zygnema C.Agardh, 1816","23341","GBIF","SJRP-ALGAE","Necchi, O.J.",,,"Bronze","Ouro",,"9 km da entrada do Parque Estadual de Campos do Jordão, est. para 'Mirante'"
"ÁREA DE PROTEÇÃO AMBIENTAL CAMPOS DO JORDÃO",,,"Zygodon","viridissimus","(Dicks.) Brid.","NA Zygodon viridissimus (Dicks.) Brid.","4408","GBIF","IRAI","Gibertoni, R.S.","023",,"Bronze","Bronze",,"Próximo à Represa do Fojo, Condomínio Week Inn"
"ÁREA DE PROTEÇÃO AMBIENTAL CAMPOS DO JORDÃO","Angiosperms","Nymphaeaceae","Nymphaea","lingulata","Wiersema","NYMPHAEACEAE Nymphaea lingulata Wiersema","8738","GBIF","HUCS","Wasum, R.A.","s.n.","Native","Prata","Ouro",,"Horto Municipal"
"ÁREA DE PROTEÇÃO AMBIENTAL CAMPOS DO JORDÃO","Angiosperms","Nymphaeaceae","Nymphaea","odorata","Aiton","NYMPHAEACEAE Nymphaea odorata Aiton","93847","GBIF","UEC","Faria, A.D.","1997822","Naturalized","Bronze","Bronze","https://images.cria.org.br/viewer/UEC051038",
"ÁREA DE PROTEÇÃO AMBIENTAL CAMPOS DO JORDÃO","Angiosperms","Ochnaceae","Ouratea","semiserrata","(Mart. & Nees) Engl.","OCHNACEAE Ouratea semiserrata (Mart. & Nees) Engl.","PEL1017525","Splink","PEL",,,"Native","Bronze","Bronze",,
"ÁREA DE PROTEÇÃO AMBIENTAL CAMPOS DO JORDÃO","Angiosperms","Oleaceae","Jasminum","mesnyi","Hance","OLEACEAE Jasminum mesnyi Hance","HPL009670","Splink","HPL",,"2020","Cultivated","Bronze","Bronze",,"Coletado e cultivado no município de Campos do Jordão; como ornamental."
"ÁREA DE PROTEÇÃO AMBIENTAL CAMPOS DO JORDÃO","Angiosperms","Oleaceae","Jasminum","polyanthum","Franch.","OLEACEAE Jasminum polyanthum Franch.","126762444","GBIF","Observations","Ferreira, M.S.",,"Cultivated","Bronze","Bronze",,"Rua Março Antônio Cardoso, Campos do Jordão, SP, BR"
"ÁREA DE PROTEÇÃO AMBIENTAL CAMPOS DO JORDÃO","Angiosperms","Oleaceae","Ligustrum","vulgare","L.","OLEACEAE Ligustrum vulgare L.","53188","GBIF","SPSF","Ivanauskas, N.M.","6832","Naturalized","Prata","Ouro","https://images.cria.org.br/viewer/SPSF00053188","Parque Estadual de Campos do Jordão"
"ÁREA DE PROTEÇÃO AMBIENTAL CAMPOS DO JORDÃO","Angiosperms","Oleaceae","Osmanthus","fragrans","(Thunb.) Lour.","OLEACEAE Osmanthus fragrans (Thunb.) Lour.","HPL005825","Splink","HPL",,"722","Cultivated","Bronze","Bronze",,"Coletado na cidade, cultivada."
"ÁREA DE PROTEÇÃO AMBIENTAL CAMPOS DO JORDÃO","Angiosperms","Onagraceae","Fuchsia","hybrida","hort. ex Siebert & Voss","ONAGRACEAE Fuchsia hybrida hort. ex Siebert & Voss","ESAL000005387","Splink","ESAL",,"832117-50","Cultivated","Latão","Bronze",,
"ÁREA DE PROTEÇÃO AMBIENTAL CAMPOS DO JORDÃO","Angiosperms","Onagraceae","Fuchsia","regia","(Vell.) Munz","ONAGRACEAE Fuchsia regia subsp. regia (Vell.) Munz","HUEFS0011554","Splink","HUEFS",,"2727","Native","Ouro","Bronze",,
"ÁREA DE PROTEÇÃO AMBIENTAL CAMPOS DO JORDÃO","Angiosperms","Onagraceae","Fuchsia","regia","P.E.Berry","ONAGRACEAE Fuchsia regia subsp. serrae P.E.Berry","RB01454259","GBIF","RB","Lozano, E.D.","4357","Native","Ouro","Bronze","jbrj-public-img.s3-sa-east-1.amazonaws.com/JPG/rb/1/45/42/59/01454259.jpg","Hotel Golden Park Campos."
"ÁREA DE PROTEÇÃO AMBIENTAL CAMPOS DO JORDÃO",,"Onagraceae","Fuchsia","typica","Munz","ONAGRACEAE Fuchsia typica subsp. typica Munz","RB00269846","GBIF","RB","Mattos, J.","14467",,"Ouro","Ouro","jbrj-public-img.s3-sa-east-1.amazonaws.com/JPG/rb/0/26/98/46/00269846.jpg","FAZENDA DA GUARDA (HORTO FLORESTAL)."
"ÁREA DE PROTEÇÃO AMBIENTAL CAMPOS DO JORDÃO","Angiosperms","Onagraceae","Ludwigia","elegans","(Cambess.) H.Hara","ONAGRACEAE Ludwigia elegans (Cambess.) H.Hara","FUEL006571","Splink","FUEL",,"305","Native","Ouro","Bronze",,"Sanatório São Francisco Xavier, junto a horta."
"ÁREA DE PROTEÇÃO AMBIENTAL CAMPOS DO JORDÃO","Angiosperms","Onagraceae","Ludwigia","octovalvis","(Jacq.) P.H.Raven","ONAGRACEAE Ludwigia octovalvis (Jacq.) P.H.Raven","1008","Splink","MACK",,"CJ027","Native","Bronze","Ouro",,"Colônia Umuarama. Trilha sete quedas."
"ÁREA DE PROTEÇÃO AMBIENTAL CAMPOS DO JORDÃO","Angiosperms","Onagraceae","Oenothera",,"L.","ONAGRACEAE Oenothera L.","8266","Splink","UFMT",,"8293",,"Bronze","Bronze",,"Estrada para Itapeva,"
"ÁREA DE PROTEÇÃO AMBIENTAL CAMPOS DO JORDÃO",,"Onagraceae","Schradera|Fuchsia",,"Vahl|L.","ONAGRACEAE Schradera Vahl|Fuchsia L.","SPSF00015779","Splink","SPSF",,"22",,"Latão","Bronze",,"Pico do Itapeva."
"ÁREA DE PROTEÇÃO AMBIENTAL CAMPOS DO JORDÃO","Angiosperms","Orchidaceae","Acianthera","crepiniana","(Cogn.) Chiron & van den Berg","ORCHIDACEAE Acianthera crepiniana (Cogn.) Chiron & van den Berg","14595","GBIF","SP","Hoehne, F.C.","s.n.","Native","Bronze","Ouro",,"Cult. no Horto Oswaldo Cruz"
"ÁREA DE PROTEÇÃO AMBIENTAL CAMPOS DO JORDÃO","Angiosperms","Orchidaceae","Acianthera","hygrophila","(Barb.Rodr.) Pridgeon & M.W.Chase","ORCHIDACEAE Acianthera hygrophila (Barb.Rodr.) Pridgeon & M.W.Chase","HRCB057999","Splink","HRCB",,"408","Native","Bronze","Bronze",,
"ÁREA DE PROTEÇÃO AMBIENTAL CAMPOS DO JORDÃO","Angiosperms","Orchidaceae","Acianthera","muscosa","(Barb.Rodr.) Pridgeon & M.W.Chase","ORCHIDACEAE Acianthera muscosa (Barb.Rodr.) Pridgeon & M.W.Chase","48220","GBIF","SPF","Hoehne, F.C.","s.n.","Native","Ouro","Ouro","https://images.cria.org.br/viewer/SPF00048220","Cultivada no Horto Oswaldo Cruz, Butantan, Capital, São Paulo, fl. 10/XII/1923."
"ÁREA DE PROTEÇÃO AMBIENTAL CAMPOS DO JORDÃO","Angiosperms","Orchidaceae","Acianthera","parva","(Rolfe) F.Barros & L.Guimarães","ORCHIDACEAE Acianthera parva (Rolfe) F.Barros & L.Guimarães","533599","GBIF","NY","Pabst, G.F.J.","319","Native","Ouro","Bronze",,"Nas proximidades da fonte Renato"
"ÁREA DE PROTEÇÃO AMBIENTAL CAMPOS DO JORDÃO","Angiosperms","Orchidaceae","Anathallis","eugenii","(Pabst) Baumbach & Rysy","ORCHIDACEAE Anathallis eugenii (Pabst) Baumbach & Rysy","HB000002221","Splink","HB",,"4325","Native","Ouro","Bronze",,
"ÁREA DE PROTEÇÃO AMBIENTAL CAMPOS DO JORDÃO","Angiosperms","Orchidaceae","Anathallis","jordanensis","(Hoehne) F.Barros","ORCHIDACEAE Anathallis jordanensis (Hoehne) F.Barros","54454","GBIF","SP","Pabst, G.F.J.","317","Native","Bronze","Bronze",,"Entre os Morros do Elefante e da Tartaruga"
"ÁREA DE PROTEÇÃO AMBIENTAL CAMPOS DO JORDÃO","Angiosperms","Orchidaceae","Anathallis","linearifolia","(Cogn.) Pridgeon & M.W.Chase","ORCHIDACEAE Anathallis linearifolia (Cogn.) Pridgeon & M.W.Chase","HRCB057998","Splink","HRCB",,"380","Native","Bronze","Bronze",,
"ÁREA DE PROTEÇÃO AMBIENTAL CAMPOS DO JORDÃO","Angiosperms","Orchidaceae","Anathallis","petropolitana","(Hoehne) F.Barros & Barberena","ORCHIDACEAE Anathallis petropolitana (Hoehne) F.Barros & Barberena","1032287","GBIF","NY","Leite, J.E.","s.n.","Native","Latão","Bronze",,"Campos do Jordão."
"ÁREA DE PROTEÇÃO AMBIENTAL CAMPOS DO JORDÃO","Angiosperms","Orchidaceae","Anathallis","rubens","(Lindl.) Pridgeon & M.W.Chase","ORCHIDACEAE Anathallis rubens (Lindl.) Pridgeon & M.W.Chase","2608","Splink","MACK",,"06","Native","Bronze","Bronze",,"Umuarama; APA Mackenzie; Campo de altitude"
"ÁREA DE PROTEÇÃO AMBIENTAL CAMPOS DO JORDÃO","Angiosperms","Orchidaceae","Aspidogyne","argentea","(Vell.) Garay","ORCHIDACEAE Aspidogyne argentea (Vell.) Garay","53414","GBIF","SP","Leite, J.E.","3830","Native","Bronze","Bronze",,
"ÁREA DE PROTEÇÃO AMBIENTAL CAMPOS DO JORDÃO","Angiosperms","Orchidaceae","Aspidogyne","bidentifera","(Schltr.) Garay","ORCHIDACEAE Aspidogyne bidentifera (Schltr.) Garay","barcode-02090099","GBIF","AMES","Leite, J.E.","3830","Native","Latão","Bronze","[see Simple Media extension]",
"ÁREA DE PROTEÇÃO AMBIENTAL CAMPOS DO JORDÃO","Angiosperms","Orchidaceae","Brachystele","subfiliformis","(Cogn.) Schltr.","ORCHIDACEAE Brachystele subfiliformis (Cogn.) Schltr.","PACA027853","Splink","PACA",,,"Native","Bronze","Bronze",,
"ÁREA DE PROTEÇÃO AMBIENTAL CAMPOS DO JORDÃO",,"Orchidaceae","Bryum","argenteum","Hedw.","ORCHIDACEAE Bryum argenteum Hedw.","117174","GBIF","PACA-BRYOPHYTES","Yano, O.","19526",,"Bronze","Bronze",,"paque nacional de campos do jordao"
"ÁREA DE PROTEÇÃO AMBIENTAL CAMPOS DO JORDÃO","Angiosperms","Orchidaceae","Bulbophyllum","regnellii","Rchb.f.","ORCHIDACEAE Bulbophyllum regnellii Rchb.f.","32431","GBIF","HEPH","Maruyama, A.","336","Native","Ouro","Bronze",,
"ÁREA DE PROTEÇÃO AMBIENTAL CAMPOS DO JORDÃO","Angiosperms","Orchidaceae","Cattleya","acuensis","(Fowlie) Van den Berg","ORCHIDACEAE Cattleya acuensis (Fowlie) Van den Berg","179432873","GBIF","Observations","Rosa, A.S.",,"Native","Ouro","Bronze",,"Campos do Jordão - SP, 12460-000, Brasil"
"ÁREA DE PROTEÇÃO AMBIENTAL CAMPOS DO JORDÃO","Angiosperms","Orchidaceae","Cattleya","cernua","(Lindl.) Van den Berg","ORCHIDACEAE Cattleya cernua (Lindl.) Van den Berg","SPSF00008415","Splink","SPSF",,,"Native","Ouro","Ouro",,"P.E. de Campos do Jordão."
"ÁREA DE PROTEÇÃO AMBIENTAL CAMPOS DO JORDÃO","Angiosperms","Orchidaceae","Cattleya","coccinea","Lindl.","ORCHIDACEAE Cattleya coccinea Lindl.","149401932","GBIF","Observations","Garcia, R.",,"Native","Bronze","Bronze",,"Campos do Jordão, SP, 12460-000, Brasil"
"ÁREA DE PROTEÇÃO AMBIENTAL CAMPOS DO JORDÃO","Angiosperms","Orchidaceae","Cattleya","mantiqueirae","(Fowlie) Van den Berg","ORCHIDACEAE Cattleya mantiqueirae (Fowlie) Van den Berg","PEL1006392","Splink","PEL",,,"Native","Ouro","Bronze",,
"ÁREA DE PROTEÇÃO AMBIENTAL CAMPOS DO JORDÃO","Angiosperms","Orchidaceae","Cleistes",,"Rich. ex Lindl.","ORCHIDACEAE Cleistes Rich. ex Lindl.","CEN00113080","GBIF","CEN","Batista, J.A.N.","3549",,"Ouro","Bronze","jbrj-public.s3.amazonaws.com/fsi/server?type=image&source=DZI/cen/cen/0/11/30/80/cen00113080.dzi","Estrada Campos do Jordão - São José do Alpes."
"ÁREA DE PROTEÇÃO AMBIENTAL CAMPOS DO JORDÃO","Angiosperms","Orchidaceae","Cranichis","candida","(Barb.Rodr.) Cogn.","ORCHIDACEAE Cranichis candida (Barb.Rodr.) Cogn.","54018","GBIF","SP","Pabst, G.F.J.","322","Native","Ouro","Bronze",,"Nas proximidades da fonte Renato."
"ÁREA DE PROTEÇÃO AMBIENTAL CAMPOS DO JORDÃO","Angiosperms","Orchidaceae","Cyclopogon","apricus","(Lindl.) Schltr.","ORCHIDACEAE Cyclopogon apricus (Lindl.) Schltr.","SP0032508","Splink","SP",,"s.n.","Native","Ouro","Bronze",,"Unuarama"
"ÁREA DE PROTEÇÃO AMBIENTAL CAMPOS DO JORDÃO","Angiosperms","Orchidaceae","Cyclopogon","elegans","Hoehne","ORCHIDACEAE Cyclopogon elegans Hoehne","105478","GBIF","SP","Kuhlmann, M.","2524","Native","Bronze","Bronze",,"Campos de Jordao, Campo dos Moreiras"
"ÁREA DE PROTEÇÃO AMBIENTAL CAMPOS DO JORDÃO","Angiosperms","Orchidaceae","Cyclopogon","itatiaiensis","(Kraenzl.) Hoehne","ORCHIDACEAE Cyclopogon itatiaiensis (Kraenzl.) Hoehne","414745","GBIF","NY","Kuhlmann, M.","2524","Native","Latão","Bronze",,"Campos de Jordao, Campo dos Moreiras"
"ÁREA DE PROTEÇÃO AMBIENTAL CAMPOS DO JORDÃO","Angiosperms","Orchidaceae","Cyclopogon","warmingii","(Rchb.f.) Schltr.","ORCHIDACEAE Cyclopogon warmingii (Rchb.f.) Schltr.","53415","GBIF","SP","Leite, J.E.","3829","Native","Bronze","Bronze",,
"ÁREA DE PROTEÇÃO AMBIENTAL CAMPOS DO JORDÃO","Angiosperms","Orchidaceae","Dryadella","aviceps","(Rchb.f.) Luer","ORCHIDACEAE Dryadella aviceps (Rchb.f.) Luer","111916","GBIF","SP","Mattos, J.","14999-A","Native","Bronze","Bronze",,"Fazenda da Guarda (Reserva Florestal)"
"ÁREA DE PROTEÇÃO AMBIENTAL CAMPOS DO JORDÃO","Angiosperms","Orchidaceae","Dryadella","lilliputiana","(Cogn.) Luer","ORCHIDACEAE Dryadella lilliputiana (Cogn.) Luer","51366","GBIF","SPSF","Maruyama, A.","303","Native","Ouro","Bronze",,
"ÁREA DE PROTEÇÃO AMBIENTAL CAMPOS DO JORDÃO","Angiosperms","Orchidaceae","Dryadella","simula","Rchb. f.","ORCHIDACEAE Dryadella simula Rchb. f.","53420","GBIF","SP","Leite, J.E.","3766","Unknown","Bronze","Bronze",,
"ÁREA DE PROTEÇÃO AMBIENTAL CAMPOS DO JORDÃO","Angiosperms","Orchidaceae","Epidendrum","chlorinum","Barb.Rodr.","ORCHIDACEAE Epidendrum chlorinum Barb.Rodr.","51122","GBIF","USF","Leite, J.E.","3525","Native","Bronze","Bronze",,"*"
"ÁREA DE PROTEÇÃO AMBIENTAL CAMPOS DO JORDÃO","Angiosperms","Orchidaceae","Epidendrum","mantiqueranum","Porto & Brade","ORCHIDACEAE Epidendrum mantiqueranum Porto & Brade","78211","GBIF","UEC","Yamamoto, K.","26724","Native","Bronze","Bronze","https://images.cria.org.br/viewer/UEC064155","Pico do Itapeva"
"ÁREA DE PROTEÇÃO AMBIENTAL CAMPOS DO JORDÃO","Angiosperms","Orchidaceae","Epidendrum","secundum","Jacq.","ORCHIDACEAE Epidendrum secundum Jacq.","69119","GBIF","UEC","Salino, A.","26409","Native","Ouro","Bronze","https://images.cria.org.br/viewer/UEC002634","Pico do Itapeva, Campo."
"ÁREA DE PROTEÇÃO AMBIENTAL CAMPOS DO JORDÃO","Angiosperms","Orchidaceae","Erythrodes",,"Blume","ORCHIDACEAE Erythrodes Blume","297129","GBIF","SP","Nicolau, S.A.","1001",,"Latão","Bronze",,"São José dos Alpes, leste da borda da mata, confrontante com a área da Walor."
"ÁREA DE PROTEÇÃO AMBIENTAL CAMPOS DO JORDÃO","Angiosperms","Orchidaceae","Gomesa","barbaceniae","(Lindl.) M.W.Chase & N.H.Williams","ORCHIDACEAE Gomesa barbaceniae (Lindl.) M.W.Chase & N.H.Williams","PACA027853-1","Splink","PACA",,,"Native","Ouro","Bronze",,
"ÁREA DE PROTEÇÃO AMBIENTAL CAMPOS DO JORDÃO","Angiosperms","Orchidaceae","Gomesa","cogniauxiana","(Schltr.) M.W.Chase & N.H.Williams","ORCHIDACEAE Gomesa cogniauxiana (Schltr.) M.W.Chase & N.H.Williams","840","GBIF","UFMT","Porto, P.C.","3189","Native","Ouro","Bronze",,"Estação de São Paulo- Campos do Jordão."
"ÁREA DE PROTEÇÃO AMBIENTAL CAMPOS DO JORDÃO","Angiosperms","Orchidaceae","Gomesa","florida","(Vell.) Meneguzzo","ORCHIDACEAE Gomesa florida (Vell.) Meneguzzo","V0434396F","GBIF","F","Hoehne, F.C.","8982","Native","Ouro","Bronze",,
"ÁREA DE PROTEÇÃO AMBIENTAL CAMPOS DO JORDÃO","Angiosperms","Orchidaceae","Gomesa","forbesii","(Hook.) M.W.Chase & N.H.Williams","ORCHIDACEAE Gomesa forbesii (Hook.) M.W.Chase & N.H.Williams","54191","GBIF","SP","Pabst, G.F.J.","339","Native","Bronze","Bronze",,
"ÁREA DE PROTEÇÃO AMBIENTAL CAMPOS DO JORDÃO","Angiosperms","Orchidaceae","Gomesa","gomezoides","(Barb.Rodr.) Pabst","ORCHIDACEAE Gomesa gomezoides (Barb.Rodr.) Pabst","HBR0020538","Splink","HBR",,"312","Native","Ouro","Bronze",,"Entre o Morro da Tartaruga e o Morro do Careca. Também em Jaguaribe, no mato atraz da vila e nos matos da Fonte Guido."
"ÁREA DE PROTEÇÃO AMBIENTAL CAMPOS DO JORDÃO","Angiosperms","Orchidaceae","Gomesa","ramosa","(Lindl.) M.W.Chase & N.H.Williams","ORCHIDACEAE Gomesa ramosa (Lindl.) M.W.Chase & N.H.Williams","161343","GBIF","UEC","Davis, P.H.","3081","Native","Ouro","Bronze","https://images.cria.org.br/viewer/UEC017595","Reserva do Instituto Florestal. Estrada para Paiol. Folha: SF-23-Y-B. Coordenada calculada."
"ÁREA DE PROTEÇÃO AMBIENTAL CAMPOS DO JORDÃO","Angiosperms","Orchidaceae","Gomesa","ranifera","(Lindl.) M.W.Chase & N.H.Williams","ORCHIDACEAE Gomesa ranifera (Lindl.) M.W.Chase & N.H.Williams","54040","GBIF","SP","Pabst, G.F.J.","309","Native","Ouro","Bronze",,"Na margem do rio, entre a Parada Damas e a Estação Emílio Ribas."
"ÁREA DE PROTEÇÃO AMBIENTAL CAMPOS DO JORDÃO","Angiosperms","Orchidaceae","Grobya","galeata","Lindl.","ORCHIDACEAE Grobya galeata Lindl.","629456","GBIF","CAS","Leite, J.E.","3376","Native","Bronze","Bronze",,"*"
"ÁREA DE PROTEÇÃO AMBIENTAL CAMPOS DO JORDÃO","Angiosperms","Orchidaceae","Habenaria","achalensis","Kraenzl.","ORCHIDACEAE Habenaria achalensis Kraenzl.","PACA027796","Splink","PACA",,,"Native","Ouro","Bronze",,
"ÁREA DE PROTEÇÃO AMBIENTAL CAMPOS DO JORDÃO","Angiosperms","Orchidaceae","Habenaria","alpestris","Cogn.","ORCHIDACEAE Habenaria alpestris Cogn.","CEN00113082","GBIF","CEN","Batista, J.A.N.","3556","Native","Ouro","Bronze","jbrj-public.s3.amazonaws.com/fsi/server?type=image&source=DZI/cen/cen/0/11/30/82/cen00113082.dzi","Estrada Campos do Jordão - São José dos Alpes"
"ÁREA DE PROTEÇÃO AMBIENTAL CAMPOS DO JORDÃO","Angiosperms","Orchidaceae","Habenaria","edwallii","Cogn.","ORCHIDACEAE Habenaria edwallii Cogn.","51001","GBIF","USF","Leite, J.E.","3344","Native","Ouro","Bronze",,
"ÁREA DE PROTEÇÃO AMBIENTAL CAMPOS DO JORDÃO","Angiosperms","Orchidaceae","Habenaria","guilleminii","Rchb.f.","ORCHIDACEAE Habenaria guilleminii Rchb.f.","195336","GBIF","BHCB","Batista, J.A.N.","3563","Native","Ouro","Ouro",,"Parque Estadual de Campos do Jordão, Horto Florestal. Trilha do Rio Sapucaí"
"ÁREA DE PROTEÇÃO AMBIENTAL CAMPOS DO JORDÃO","Angiosperms","Orchidaceae","Habenaria","inconspicua","Cogn.","ORCHIDACEAE Habenaria inconspicua Cogn.","51035","GBIF","USF","Leite, J.E.","3854","Native","Latão","Bronze",,
"ÁREA DE PROTEÇÃO AMBIENTAL CAMPOS DO JORDÃO","Angiosperms","Orchidaceae","Habenaria","johannensis","Barb.Rodr.","ORCHIDACEAE Habenaria johannensis Barb.Rodr.","CEN00113078","GBIF","CEN","Batista, J.A.N.","3546","Native","Ouro","Bronze","jbrj-public.s3.amazonaws.com/fsi/server?type=image&source=DZI/cen/cen/0/11/30/78/cen00113078.dzi","Estrada para Campos do Jordão, subida da serra na estrada para Campos do Jordão."
"ÁREA DE PROTEÇÃO AMBIENTAL CAMPOS DO JORDÃO","Angiosperms","Orchidaceae","Habenaria","jordanensis","(J.E.Leite) Garay","ORCHIDACEAE Habenaria jordanensis (J.E.Leite) Garay","HB000002230","Splink","HB",,"3400","Native","Ouro","Bronze",,"Campos do Jordao"
"ÁREA DE PROTEÇÃO AMBIENTAL CAMPOS DO JORDÃO","Angiosperms","Orchidaceae","Habenaria","josephensis","Barb.Rodr.","ORCHIDACEAE Habenaria josephensis Barb.Rodr.","51371","GBIF","SPSF","Maruyama, A.","308","Native","Ouro","Bronze",,
"ÁREA DE PROTEÇÃO AMBIENTAL CAMPOS DO JORDÃO","Angiosperms","Orchidaceae","Habenaria","macronectar","(Vell.) Hoehne","ORCHIDACEAE Habenaria macronectar (Vell.) Hoehne","27985","GBIF","USF","Eugenio, J.","3898","Native","Ouro","Bronze",,"Campos do Jordan."
"ÁREA DE PROTEÇÃO AMBIENTAL CAMPOS DO JORDÃO","Angiosperms","Orchidaceae","Habenaria","melanopoda","Hoehne & Schltr.","ORCHIDACEAE Habenaria melanopoda Hoehne & Schltr.","51004","GBIF","USF","Eugenio, J.","3844","Native","Ouro","Bronze",,
"ÁREA DE PROTEÇÃO AMBIENTAL CAMPOS DO JORDÃO","Angiosperms","Orchidaceae","Habenaria","montevidensis","Spreng.","ORCHIDACEAE Habenaria montevidensis Spreng.","1032056","GBIF","NY","Kuhlmann, M.","32506","Native","Ouro","Bronze",,"Umuarama, C. do Jordão"
"ÁREA DE PROTEÇÃO AMBIENTAL CAMPOS DO JORDÃO","Angiosperms","Orchidaceae","Habenaria","paranaensis","Barb.Rodr.","ORCHIDACEAE Habenaria paranaensis Barb.Rodr.","52490","GBIF","SP","Leite, J.E.","3310","Native","Ouro","Bronze",,
"ÁREA DE PROTEÇÃO AMBIENTAL CAMPOS DO JORDÃO","Angiosperms","Orchidaceae","Habenaria","parviflora","Lindl.","ORCHIDACEAE Habenaria parviflora Lindl.","SPSF00015772","Splink","SPSF",,"29","Native","Ouro","Bronze",,"Pico do Itapeva."
"ÁREA DE PROTEÇÃO AMBIENTAL CAMPOS DO JORDÃO","Angiosperms","Orchidaceae","Habenaria","pleiophylla","Hoehne & Schltr.","ORCHIDACEAE Habenaria pleiophylla Hoehne & Schltr.","111616","GBIF","UEC","Anderson, L.O.","00/15","Native","Ouro","Bronze","https://images.cria.org.br/viewer/UEC034440","Fit Park, Borda de brejo."
"ÁREA DE PROTEÇÃO AMBIENTAL CAMPOS DO JORDÃO","Angiosperms","Orchidaceae","Habenaria","repens","Nutt.","ORCHIDACEAE Habenaria repens Nutt.","294594","GBIF","USF","Leite, J.E.","3818","Native","Ouro","Bronze",,
"ÁREA DE PROTEÇÃO AMBIENTAL CAMPOS DO JORDÃO","Angiosperms","Orchidaceae","Habenaria","rupicola","Barb.Rodr.","ORCHIDACEAE Habenaria rupicola Barb.Rodr.","195330","GBIF","BHCB","Batista, J.A.N.","3557","Native","Ouro","Bronze",,"Estrada Campos do Jordão - São José dos Alpes"
"ÁREA DE PROTEÇÃO AMBIENTAL CAMPOS DO JORDÃO","Angiosperms","Orchidaceae","Habenaria","secunda","Lindl.","ORCHIDACEAE Habenaria secunda Lindl.","104971","GBIF","BHCB","Mello-Silva, R.","1938","Native","Ouro","Ouro",,"Parque Estadual de Campos do Jordão, Trilha do rio"
"ÁREA DE PROTEÇÃO AMBIENTAL CAMPOS DO JORDÃO","Angiosperms","Orchidaceae","Habenaria","subviridis","Hoehne & Schltr.","ORCHIDACEAE Habenaria subviridis Hoehne & Schltr.","RB01397681","GBIF","RB","Oliveira, J.A.","823","Native","Ouro","Bronze","jbrj-public-img.s3-sa-east-1.amazonaws.com/JPG/rb/1/39/76/81/01397681.jpg","Mirante Ferradura."
"ÁREA DE PROTEÇÃO AMBIENTAL CAMPOS DO JORDÃO","Angiosperms","Orchidaceae","Habenaria","umbraticola","Barb.Rodr.","ORCHIDACEAE Habenaria umbraticola Barb.Rodr.","294574","GBIF","USF","Pabst, G.J.F.","346","Native","Ouro","Bronze",,
"ÁREA DE PROTEÇÃO AMBIENTAL CAMPOS DO JORDÃO",,"Orchidaceae","Hapalorchis","lineata","(Lindl.) Schltr.","ORCHIDACEAE Hapalorchis lineata (Lindl.) Schltr.","357982","GBIF","SP","Fiaschi, P.","501",,"Ouro","Ouro",,"Parque Estadual de Campos do Jordão, Limite com Fazenda São Sebastão do Ribeirão Grande"
"ÁREA DE PROTEÇÃO AMBIENTAL CAMPOS DO JORDÃO","Angiosperms","Orchidaceae","Hapalorchis","lineatus","(Lindl.) Schltr.","ORCHIDACEAE Hapalorchis lineatus (Lindl.) Schltr.","2630","Splink","MACK",,"24","Native","Bronze","Bronze",,"Umuarama; APA Mackenzie; área de mata"
"ÁREA DE PROTEÇÃO AMBIENTAL CAMPOS DO JORDÃO","Angiosperms","Orchidaceae","Isochilus","linearis","(Jacq.) R.Br.","ORCHIDACEAE Isochilus linearis (Jacq.) R.Br.","RFA31700","Splink","RFA",,"351","Native","Ouro","Bronze",,"Lado oeste do Morro do Noschese"
"ÁREA DE PROTEÇÃO AMBIENTAL CAMPOS DO JORDÃO",,"Orchidaceae","Lankesterella","gnomus","(Kraenzl.) Hoehne","ORCHIDACEAE Lankesterella gnomus (Kraenzl.) Hoehne","177787","GBIF","UEC","Davis, P.H.","3050",,"Bronze","Bronze","https://images.cria.org.br/viewer/UEC034277","Reserva do Instituto Florestal., Estrada do Moreira para São José dos Alpes, perto da colônia."
"ÁREA DE PROTEÇÃO AMBIENTAL CAMPOS DO JORDÃO","Angiosperms","Orchidaceae","Liparis","vexillifera","(Lex.) Cogn.","ORCHIDACEAE Liparis vexillifera (Lex.) Cogn.","PACA027846","Splink","PACA",,,"Native","Ouro","Bronze",,
"ÁREA DE PROTEÇÃO AMBIENTAL CAMPOS DO JORDÃO","Angiosperms","Orchidaceae","Loefgrenianthus","blanche-amesiae","(Loefgr.) Hoehne","ORCHIDACEAE Loefgrenianthus blanche-amesiae (Loefgr.) Hoehne","2596","Splink","MACK",,"42","Native","Bronze","Bronze",,
"ÁREA DE PROTEÇÃO AMBIENTAL CAMPOS DO JORDÃO","Angiosperms","Orchidaceae","Malaxis","cogniauxiana","(Schltr.) Pabst","ORCHIDACEAE Malaxis cogniauxiana (Schltr.) Pabst","PEL1005990","Splink","PEL",,"340","Native","Ouro","Bronze",,
"ÁREA DE PROTEÇÃO AMBIENTAL CAMPOS DO JORDÃO","Angiosperms","Orchidaceae","Malaxis","excavata","(Lindl.) Kuntze","ORCHIDACEAE Malaxis excavata (Lindl.) Kuntze","51086","GBIF","USF","Leite, J.E.","3807","Native","Ouro","Bronze",,
"ÁREA DE PROTEÇÃO AMBIENTAL CAMPOS DO JORDÃO","Angiosperms","Orchidaceae","Maxillaria","barbosae","Loefgr.","ORCHIDACEAE Maxillaria barbosae Loefgr.","196888047","GBIF","Observations","Glm_wildlife",,"Native","Bronze","Bronze",,"Campos do Jordão - SP, 12460-000, Brasil"
"ÁREA DE PROTEÇÃO AMBIENTAL CAMPOS DO JORDÃO","Angiosperms","Orchidaceae","Maxillaria","monantha","Barb.Rodr.","ORCHIDACEAE Maxillaria monantha Barb.Rodr.","388201","GBIF","SP","Pinheiro, F.","280","Native","Bronze","Ouro",,"Parque Estadual de Campos do Jordão"
"ÁREA DE PROTEÇÃO AMBIENTAL CAMPOS DO JORDÃO","Angiosperms","Orchidaceae","Maxillaria","neowiedii","Rchb.f.","ORCHIDACEAE Maxillaria neowiedii Rchb.f.","54032","GBIF","SP","Pabst, G.","321","Native","Ouro","Bronze",,
"ÁREA DE PROTEÇÃO AMBIENTAL CAMPOS DO JORDÃO","Angiosperms","Orchidaceae","Maxillaria","paranaensis","Barb.Rodr.","ORCHIDACEAE Maxillaria paranaensis Barb.Rodr.","49930","GBIF","MBM","Pabst, G.","341","Native","Ouro","Bronze","https://images.cria.org.br/viewer/MBM049930","Campos do Jordão."
"ÁREA DE PROTEÇÃO AMBIENTAL CAMPOS DO JORDÃO","Angiosperms","Orchidaceae","Maxillaria","picta","Hook.","ORCHIDACEAE Maxillaria picta Hook.","63262","GBIF","UEC","Koch, I.","26334","Native","Ouro","Bronze","https://images.cria.org.br/viewer/UEC027457","Trilha do Rio Sapucaí."
"ÁREA DE PROTEÇÃO AMBIENTAL CAMPOS DO JORDÃO",,"Orchidaceae","Microchilus","bidentiferus",,"ORCHIDACEAE Microchilus bidentiferus","PACA027881","Splink","PACA",,,,"Ouro","Bronze",,
"ÁREA DE PROTEÇÃO AMBIENTAL CAMPOS DO JORDÃO","Angiosperms","Orchidaceae","Octomeria","crassifolia","Lindl.","ORCHIDACEAE Octomeria crassifolia Lindl.","54038","GBIF","SP","Pabst, G.F.J.","329","Native","Ouro","Bronze",,"Campos do Jordão"
"ÁREA DE PROTEÇÃO AMBIENTAL CAMPOS DO JORDÃO","Angiosperms","Orchidaceae","Octomeria","decumbens","Cogn.","ORCHIDACEAE Octomeria decumbens Cogn.","105477","GBIF","SP","Kuhlmann, M.","2113","Native","Bronze","Bronze",,"Umuarama"
"ÁREA DE PROTEÇÃO AMBIENTAL CAMPOS DO JORDÃO","Angiosperms","Orchidaceae","Octomeria","geraensis","Barb.Rodr.","ORCHIDACEAE Octomeria geraensis Barb.Rodr.","349602","GBIF","SP","Konno, T.","717","Native","Bronze","Ouro",,"Parque Estadual de Campos do Jordão, Trilha do Rio Sapucaí"
"ÁREA DE PROTEÇÃO AMBIENTAL CAMPOS DO JORDÃO","Angiosperms","Orchidaceae","Octomeria","gracilis","Lodd. ex Lindl.","ORCHIDACEAE Octomeria gracilis Lodd. ex Lindl.","SPSF00017558","Splink","SPSF",,"332","Native","Bronze","Bronze",,"Morro do Elefante."
"ÁREA DE PROTEÇÃO AMBIENTAL CAMPOS DO JORDÃO","Angiosperms","Orchidaceae","Oncidium",,"Sw.","ORCHIDACEAE Oncidium Sw.","20977","GBIF","BOTU","Amaral Junior, A.B.R.H.","13296-58",,"Bronze","Bronze",,"São José dos Alpes"
"ÁREA DE PROTEÇÃO AMBIENTAL CAMPOS DO JORDÃO","Angiosperms","Orchidaceae","Pabstiella","calcarata","(Cogn.) Luer","ORCHIDACEAE Pabstiella calcarata (Cogn.) Luer","357547","GBIF","SP","Pinheiro, F.","157","Native","Bronze","Bronze",,"Estrada para São José dos Alpes"
"ÁREA DE PROTEÇÃO AMBIENTAL CAMPOS DO JORDÃO","Angiosperms","Orchidaceae","Pabstiella","campestris","(Barb.Rodr.) Luer","ORCHIDACEAE Pabstiella campestris (Barb.Rodr.) Luer","53421","GBIF","SP","Leite, J.E.","3763","Native","Bronze","Bronze",,
"ÁREA DE PROTEÇÃO AMBIENTAL CAMPOS DO JORDÃO","Angiosperms","Orchidaceae","Pabstiella","mentigera","(Kraenzl.) L.Kollmann","ORCHIDACEAE Pabstiella mentigera (Kraenzl.) L.Kollmann","PEL1005718","Splink","PEL",,,"Native","Latão","Bronze",,
"ÁREA DE PROTEÇÃO AMBIENTAL CAMPOS DO JORDÃO","Angiosperms","Orchidaceae","Pabstiella","miragliae","(J.E.Leite) Luer","ORCHIDACEAE Pabstiella miragliae (J.E.Leite) Luer","110409","GBIF","UPCB","Gutierrez, N.","141","Native","Ouro","Bronze","https://images.cria.org.br/viewer/UPCB0076881",
"ÁREA DE PROTEÇÃO AMBIENTAL CAMPOS DO JORDÃO","Angiosperms","Orchidaceae","Pabstiella","pleurothalloides","(Cogn.) Luer","ORCHIDACEAE Pabstiella pleurothalloides (Cogn.) Luer","PEL1006298","Splink","PEL",,,"Native","Latão","Bronze",,
"ÁREA DE PROTEÇÃO AMBIENTAL CAMPOS DO JORDÃO","Angiosperms","Orchidaceae","Pabstiella","sordida","(Kraenzl.) Luer","ORCHIDACEAE Pabstiella sordida (Kraenzl.) Luer","54023","GBIF","SP","Pabst, G.F.J.","304","Native","Ouro","Bronze",,
"ÁREA DE PROTEÇÃO AMBIENTAL CAMPOS DO JORDÃO","Angiosperms","Orchidaceae","Pabstiella","wacketii","(Handro & Pabst) Luer","ORCHIDACEAE Pabstiella wacketii (Handro & Pabst) Luer","RFA31852","Splink","RFA",,"311","Native","Ouro","Bronze",,
"ÁREA DE PROTEÇÃO AMBIENTAL CAMPOS DO JORDÃO","Angiosperms","Orchidaceae","Pachygenium","itatiayae","(Schltr.) Szlach. et al.","ORCHIDACEAE Pachygenium itatiayae (Schltr.) Szlach. et al.","ICN00040823","Splink","ICN",,"s.n.","Native","Bronze","Bronze",,
"ÁREA DE PROTEÇÃO AMBIENTAL CAMPOS DO JORDÃO","Angiosperms","Orchidaceae","Pachygenium","laminatum","(Schltr.) Szlach. et al.","ORCHIDACEAE Pachygenium laminatum (Schltr.) Szlach. et al.","2594","Splink","MACK",,"33","Native","Bronze","Bronze",,"Umuarama; APA Mackenzie"
"ÁREA DE PROTEÇÃO AMBIENTAL CAMPOS DO JORDÃO","Angiosperms","Orchidaceae","Pelexia","novofriburgensis","(Rchb.f.) Garay","ORCHIDACEAE Pelexia novofriburgensis (Rchb.f.) Garay","53721","GBIF","SP","Leite, J.E.","3646","Native","Bronze","Bronze",,
"ÁREA DE PROTEÇÃO AMBIENTAL CAMPOS DO JORDÃO","Angiosperms","Orchidaceae","Phymatidium","delicatulum","Lindl.","ORCHIDACEAE Phymatidium delicatulum Lindl.","2098","GBIF","FCAB","P., E.L.S.J.","0577","Native","Bronze","Bronze",,
"ÁREA DE PROTEÇÃO AMBIENTAL CAMPOS DO JORDÃO","Angiosperms","Orchidaceae","Pleurothallis","loranthophylla","Rchb.f.","ORCHIDACEAE Pleurothallis loranthophylla Rchb.f.","137603","GBIF","UEC","Davis, P.H.","3079","Native","Prata","Bronze","https://images.cria.org.br/viewer/UEC027267","Reserva do Instituto Florestal, Estrada do Moreira para São José dos Alpes, perto da colônia. Interior de mata."
"ÁREA DE PROTEÇÃO AMBIENTAL CAMPOS DO JORDÃO","Angiosperms","Orchidaceae","Polystachya","concreta","(Jacq.) Garay & Sweet","ORCHIDACEAE Polystachya concreta (Jacq.) Garay & Sweet","51408","GBIF","SPSF","Maruyama, A.","345","Native","Ouro","Bronze",,
"ÁREA DE PROTEÇÃO AMBIENTAL CAMPOS DO JORDÃO","Angiosperms","Orchidaceae","Prescottia","lancifolia","Lindl.","ORCHIDACEAE Prescottia lancifolia Lindl.","54019","GBIF","SP","Pabst, G.F.J.","324","Native","Ouro","Bronze",,"À beira da estrada nova atras do Grande Hotel."
"ÁREA DE PROTEÇÃO AMBIENTAL CAMPOS DO JORDÃO","Angiosperms","Orchidaceae","Prescottia","stachyodes","(Sw.) Lindl.","ORCHIDACEAE Prescottia stachyodes (Sw.) Lindl.","288567","GBIF","SP","Cordeiro, I.","1293","Native","Ouro","Bronze",,"Estrada para São José dos Alpes. Campos de Altitude entremeados por matas"
"ÁREA DE PROTEÇÃO AMBIENTAL CAMPOS DO JORDÃO","Angiosperms","Orchidaceae","Sacoila","lanceolata","(Aubl.) Garay","ORCHIDACEAE Sacoila lanceolata (Aubl.) Garay","11509","GBIF","HUEFS","Queiroz, L.P.","2678","Native","Ouro","Bronze","https://images.cria.org.br/viewer/HUEFS0011509",
"ÁREA DE PROTEÇÃO AMBIENTAL CAMPOS DO JORDÃO","Angiosperms","Orchidaceae","Sarcoglottis","acaulis","(Sm.) Schltr.","ORCHIDACEAE Sarcoglottis acaulis (Sm.) Schltr.","SPSF00018136","Splink","SPSF",,"818","Native","Latão","Ouro",,"Parque Estadual Mananciais de Campos do Jordão."
"ÁREA DE PROTEÇÃO AMBIENTAL CAMPOS DO JORDÃO","Angiosperms","Orchidaceae","Skeptrostachys","balanophorostachya","(Rchb.f. & Warm.) Garay","ORCHIDACEAE Skeptrostachys balanophorostachya (Rchb.f. & Warm.) Garay","2625","Splink","MACK",,"23","Native","Bronze","Bronze",,"Umuarama; APA Mackenzie; Campo de altitude"
"ÁREA DE PROTEÇÃO AMBIENTAL CAMPOS DO JORDÃO","Angiosperms","Orchidaceae","Specklinia","grobyi","(Batem. ex Lindl.) F.Barros","ORCHIDACEAE Specklinia grobyi (Batem. ex Lindl.) F.Barros","IBGE00047366","GBIF","IBGE","Davis, P.H.","3061 A","Native","Ouro","Bronze","jbrj-public.s3-sa-east-1.amazonaws.com/fsi/server?type=image&source=DZI/ibge/ibge/0/4/73/66/ibge00047366.dzi","Estrada do Moreira para São José dos Alpes, perto da colônia. Folha: SF-23-Y-B. Coordenada calculada."
"ÁREA DE PROTEÇÃO AMBIENTAL CAMPOS DO JORDÃO","Angiosperms","Orchidaceae","Specklinia","marginalis","(Rchb.f.) F.Barros","ORCHIDACEAE Specklinia marginalis (Rchb.f.) F.Barros","114299","GBIF","SP","Mattos, J.","14354","Native","Bronze","Ouro",,"Fazenda da Guarda, Horto Florestal"
"ÁREA DE PROTEÇÃO AMBIENTAL CAMPOS DO JORDÃO","Angiosperms","Orchidaceae","Specklinia","picta","(Lindl.) Pridgeon & M.W.Chase","ORCHIDACEAE Specklinia picta (Lindl.) Pridgeon & M.W.Chase","PACA027908","Splink","PACA",,,"Native","Bronze","Bronze",,
"ÁREA DE PROTEÇÃO AMBIENTAL CAMPOS DO JORDÃO","Angiosperms","Orchidaceae","Stelis","argentata","Lindl.","ORCHIDACEAE Stelis argentata Lindl.","4584096","GBIF","Observations","Komesu, C.",,"Native","Bronze","Bronze",,"Lot. Veu da Noiva, Campos do Jordão - SP, Brasil"
"ÁREA DE PROTEÇÃO AMBIENTAL CAMPOS DO JORDÃO","Angiosperms","Orchidaceae","Stelis","inaequisepala","Hoehne & Schltr.","ORCHIDACEAE Stelis inaequisepala Hoehne & Schltr.","2123","GBIF","FCAB","P., E.L.S.J.","596",,"Bronze","Bronze",,
"ÁREA DE PROTEÇÃO AMBIENTAL CAMPOS DO JORDÃO","Angiosperms","Orchidaceae","Stelis","papaquerensis","Rchb.f.","ORCHIDACEAE Stelis papaquerensis Rchb.f.","barcode-02088210","GBIF","AMES","Pabst, G.F.J.","332","Native","Latão","Bronze","[see Simple Media extension]",
"ÁREA DE PROTEÇÃO AMBIENTAL CAMPOS DO JORDÃO","Angiosperms","Orchidaceae","Stelis","ruprechtiana","Rchb.f.","ORCHIDACEAE Stelis ruprechtiana Rchb.f.","54188","GBIF","SP","Pabst, G.F.J.","315","Native","Bronze","Bronze",,
"ÁREA DE PROTEÇÃO AMBIENTAL CAMPOS DO JORDÃO","Angiosperms","Orchidaceae","Stelis","vinosa","Barb.Rodr.","ORCHIDACEAE Stelis vinosa Barb.Rodr.","HBR0020618","Splink","HBR",,"334",,"Bronze","Bronze",,"Oeste Morro da Tartaruga"
"ÁREA DE PROTEÇÃO AMBIENTAL CAMPOS DO JORDÃO",,"Orchidaceae","Tripospora","macrospora","Fitzp.","ORCHIDACEAE Tripospora macrospora Fitzp.","NY00921753","Reflora","NY","Krug, H.P.","1200",,"Ouro","Bronze",,
"ÁREA DE PROTEÇÃO AMBIENTAL CAMPOS DO JORDÃO","Angiosperms","Orchidaceae","Zygopetalum","maxillare","Lodd.","ORCHIDACEAE Zygopetalum maxillare Lodd.","HBR0020472","Splink","HBR",,"327","Native","Bronze","Bronze",,
"ÁREA DE PROTEÇÃO AMBIENTAL CAMPOS DO JORDÃO",,"Orchidaceae|Melastomataceae","Corymborkis|Rhynchanthera",,"Thouars|DC.","ORCHIDACEAE|MELASTOMATACEAE Corymborkis Thouars|Rhynchanthera DC.","2180","Splink","MACK",,"59",,"Bronze","Bronze",,
"ÁREA DE PROTEÇÃO AMBIENTAL CAMPOS DO JORDÃO","Angiosperms","Orobanchaceae","Agalinis","ramulifera","Barringer","OROBANCHACEAE Agalinis ramulifera Barringer","3002561","GBIF","MO","Porto, P.C.","3338","Native","Ouro","Bronze",,"Campos de Jordão."
"ÁREA DE PROTEÇÃO AMBIENTAL CAMPOS DO JORDÃO","Angiosperms","Orobanchaceae","Castilleja","arvensis","Schltdl. & Cham.","OROBANCHACEAE Castilleja arvensis Schltdl. & Cham.","42915","Splink","SP",,"280","Native","Prata","Bronze",,
"ÁREA DE PROTEÇÃO AMBIENTAL CAMPOS DO JORDÃO","Angiosperms","Orobanchaceae","Escobedia","grandiflora","(L.f.) Kuntze","OROBANCHACEAE Escobedia grandiflora (L.f.) Kuntze","32421","Splink","SP",,"s.n.","Native","Prata","Bronze",,
"ÁREA DE PROTEÇÃO AMBIENTAL CAMPOS DO JORDÃO",,"Orobanchaceae","Esterhazya","campestris","Spix ex Mart.","OROBANCHACEAE Esterhazya campestris Spix ex Mart.","59279","GBIF","UEC","Buzato, S.","26831",,"Bronze","Ouro","https://images.cria.org.br/viewer/UEC081724","Horto Florestal de Campos do Jordão"
"ÁREA DE PROTEÇÃO AMBIENTAL CAMPOS DO JORDÃO",,"Orobanchaceae","Esterhazya","longifolia",,"OROBANCHACEAE Esterhazya longifolia","SPSF00008387","Splink","SPSF",,"s/n",,"Prata","Bronze",,"Instituto Florestal."
"ÁREA DE PROTEÇÃO AMBIENTAL CAMPOS DO JORDÃO","Angiosperms","Orobanchaceae","Esterhazya","macrodonta","(Cham.) Benth.","OROBANCHACEAE Esterhazya macrodonta (Cham.) Benth.","11543","GBIF","HUEFS","Queiroz, L.P.","2715","Native","Ouro","Bronze","https://images.cria.org.br/viewer/HUEFS0011543",
"ÁREA DE PROTEÇÃO AMBIENTAL CAMPOS DO JORDÃO","Angiosperms","Orobanchaceae","Esterhazya","splendida","J.C.Mikan","OROBANCHACEAE Esterhazya splendida J.C.Mikan","027985","GBIF","ESA","Xavier, S.","283","Native","Prata","Bronze",,"Morro do Elefante."
"ÁREA DE PROTEÇÃO AMBIENTAL CAMPOS DO JORDÃO","Angiosperms","Orobanchaceae","Velloziella","dracocephaloides","(Vell.) Baill.","OROBANCHACEAE Velloziella dracocephaloides (Vell.) Baill.","SPSF00018641","Splink","SPSF",,"563","Native","Ouro","Bronze",,"estrada para São Bento do Sapucaí"
"ÁREA DE PROTEÇÃO AMBIENTAL CAMPOS DO JORDÃO",,"Orobanchaceae|Acanthaceae","Agalinis|Stenandrium",,"Raf.|Nees","OROBANCHACEAE|ACANTHACEAE Agalinis Raf.|Stenandrium Nees","SPSF00015852","Splink","SPSF",,"98",,"Latão","Bronze",,"Pico do Itapeva."
"ÁREA DE PROTEÇÃO AMBIENTAL CAMPOS DO JORDÃO","Angiosperms","Oxalidaceae","Oxalis","confertissima","A.St.-Hil.","OXALIDACEAE Oxalis confertissima A.St.-Hil.","12584","GBIF","UEC","Gandolfi, S.","10409","Native","Bronze","Bronze","https://images.cria.org.br/viewer/UEC023741",
"ÁREA DE PROTEÇÃO AMBIENTAL CAMPOS DO JORDÃO","Angiosperms","Oxalidaceae","Oxalis","debilis","Kunth","OXALIDACEAE Oxalis debilis Kunth","144334","GBIF","SPF","Fiaschi, P.","518","Native","Ouro","Ouro","https://images.cria.org.br/viewer/SPF00144334","Parque Estadual de Campos do Jordão"
"ÁREA DE PROTEÇÃO AMBIENTAL CAMPOS DO JORDÃO","Angiosperms","Oxalidaceae","Oxalis","hispidula","Zucc.","OXALIDACEAE Oxalis hispidula Zucc.","57069","GBIF","SPSF","Ivanauskas, N.M.","7354","Native","Prata","Ouro","https://images.cria.org.br/viewer/SPSF00057069 | https://images.cria.org.br/viewer/SPSF00057069_v1 | https://images.cria.org.br/viewer/SPSF00057069_v2","Parque Estadual de Campos do Jordão"
"ÁREA DE PROTEÇÃO AMBIENTAL CAMPOS DO JORDÃO","Angiosperms","Oxalidaceae","Oxalis","riparia","Norlind","OXALIDACEAE Oxalis riparia Norlind","FLOR0081940","Splink","FLOR",,,"Native","Ouro","Bronze",,
"ÁREA DE PROTEÇÃO AMBIENTAL CAMPOS DO JORDÃO","Angiosperms","Oxalidaceae","Oxalis","rupestris","A.St.-Hil.","OXALIDACEAE Oxalis rupestris A.St.-Hil.","74959","GBIF","FLOR","Ivanauskas, N.M.","7432","Native","Ouro","Ouro","https://images.cria.org.br/viewer/FLOR0074959","Parque Estadual Campos do Jordão."
"ÁREA DE PROTEÇÃO AMBIENTAL CAMPOS DO JORDÃO","Angiosperms","Oxalidaceae","Oxalis","spiralis","Ruiz & Pav. ex Don","OXALIDACEAE Oxalis spiralis Ruiz & Pav. ex Don","209212","GBIF","UEC","Campos-Rocha, A.","1171","Cultivated","Bronze","Bronze","https://images.cria.org.br/viewer/UEC179368","Campos do Jordão-SP, em cultivo no Hotel Toriba, jardim entre recepção/estacionamento"
"ÁREA DE PROTEÇÃO AMBIENTAL CAMPOS DO JORDÃO","Angiosperms","Oxalidaceae","Oxalis","tenerrima","Knuth","OXALIDACEAE Oxalis tenerrima Knuth","42946","GBIF","SP","Hashimoto, G.","311","Native","Ouro","Bronze",,
"ÁREA DE PROTEÇÃO AMBIENTAL CAMPOS DO JORDÃO",,"Oxalidaceae","Oxalis","vulcanicola",,"OXALIDACEAE Oxalis vulcanicola","HPL009703","Splink","HPL",,"258",,"Bronze","Bronze",,"Coletado no município de Campos do Jordão; cultivado como ornamental."
"ÁREA DE PROTEÇÃO AMBIENTAL CAMPOS DO JORDÃO",,"Papaveraceae","Funaria","calvescens","Schwägr.","PAPAVERACEAE Funaria calvescens Schwägr.","02266278","GBIF","NY","Bailey, L.H.","867",,"Bronze","Bronze",,"Campos de Jordao."
"ÁREA DE PROTEÇÃO AMBIENTAL CAMPOS DO JORDÃO","Angiosperms","Passifloraceae","Passiflora","alata","Curtis","PASSIFLORACEAE Passiflora alata Curtis","SPSF00013050","Splink","SPSF",,"622","Native","Bronze","Ouro",,"Parque Estadual de Campos do Jordão."
"ÁREA DE PROTEÇÃO AMBIENTAL CAMPOS DO JORDÃO","Angiosperms","Passifloraceae","Passiflora","amethystina","J.C.Mikan","PASSIFLORACEAE Passiflora amethystina J.C.Mikan","PEL1006262","Splink","PEL",,"4213","Native","Ouro","Bronze",,
"ÁREA DE PROTEÇÃO AMBIENTAL CAMPOS DO JORDÃO","Angiosperms","Passifloraceae","Passiflora","caerulea","L.","PASSIFLORACEAE Passiflora caerulea L.","1763117","Splink","MO-DUPLICATES",,"s.n.","Native","Ouro","Bronze",,"Campos de Jordão"
"ÁREA DE PROTEÇÃO AMBIENTAL CAMPOS DO JORDÃO","Angiosperms","Passifloraceae","Passiflora","campanulata","Mast.","PASSIFLORACEAE Passiflora campanulata Mast.","32574","GBIF","IAC","Kuhlmann, M.","s/nº","Native","Bronze","Bronze",,"estrada Abernesia - Umuarama"
"ÁREA DE PROTEÇÃO AMBIENTAL CAMPOS DO JORDÃO","Angiosperms","Passifloraceae","Passiflora","clathrata","Mast.","PASSIFLORACEAE Passiflora clathrata Mast.","5575","GBIF","UB","Gomes Junior, J.C.","1635","Native","Ouro","Ouro",,"Fazenda da Guarda."
"ÁREA DE PROTEÇÃO AMBIENTAL CAMPOS DO JORDÃO","Angiosperms","Passifloraceae","Passiflora","edulis","Sims","PASSIFLORACEAE Passiflora edulis Sims","1020","Splink","MACK",,"CJ048","Native","Bronze","Ouro",,"Colônia Umuarama. Trilha sete quedas."
"ÁREA DE PROTEÇÃO AMBIENTAL CAMPOS DO JORDÃO","Angiosperms","Passifloraceae","Passiflora","mendoncaei","Harms","PASSIFLORACEAE Passiflora mendoncaei Harms","405410","GBIF","SP","Favero, O.A.","s.n.","Native","Latão","Prata",,"Colônia Umuarama, ao longo da trilha Sete Quedas e próximo ao lago Umuarama"
"ÁREA DE PROTEÇÃO AMBIENTAL CAMPOS DO JORDÃO","Angiosperms","Passifloraceae","Passiflora","porophylla","Vell.","PASSIFLORACEAE Passiflora porophylla Vell.","100512650","Splink","MO-DUPLICATES",,"72","Native","Ouro","Bronze",,"fr"
"ÁREA DE PROTEÇÃO AMBIENTAL CAMPOS DO JORDÃO","Angiosperms","Passifloraceae","Passiflora","racemosa","Brot.","PASSIFLORACEAE Passiflora racemosa Brot.","2235","Splink","MACK",,"A38","Native","Bronze","Bronze",,
"ÁREA DE PROTEÇÃO AMBIENTAL CAMPOS DO JORDÃO","Angiosperms","Pentaphylacaceae","Ternstroemia","brasiliensis","Cambess.","PENTAPHYLACACEAE Ternstroemia brasiliensis Cambess.","ESA013728","GBIF","ESA","Barreto, K.D.","1251","Native","Ouro","Bronze","jbrj-public.s3-sa-east-1.amazonaws.com/fsi/server?type=image&source=DZI/esa/esa/0/1/37/28/esa00013728.dzi",
"ÁREA DE PROTEÇÃO AMBIENTAL CAMPOS DO JORDÃO","Angiosperms","Peraceae","Pera",,"Mutis","PERACEAE Pera Mutis","1513","Splink","MACK",,"88",,"Bronze","Ouro",,"Colônia Umuarama, Trilha das sete quedas"
"ÁREA DE PROTEÇÃO AMBIENTAL CAMPOS DO JORDÃO","Angiosperms","Phyllanthaceae","Moeroris","stipulata","Raf.","PHYLLANTHACEAE Moeroris stipulata Raf.","369998","GBIF","SP","Hashimoto, G.","1315","Native","Ouro","Bronze","https://images.cria.org.br/viewer/SP0369998 | https://images.cria.org.br/viewer/SP0369998_01",
"ÁREA DE PROTEÇÃO AMBIENTAL CAMPOS DO JORDÃO","Angiosperms","Phyllanthaceae","Phyllanthus","dictyospermus","Müll.Arg.","PHYLLANTHACEAE Phyllanthus dictyospermus Müll.Arg.","385031","GBIF","SP","Bianchini, R.S.","140","Native","Ouro","Bronze","https://images.cria.org.br/viewer/SP0385031","Pedra do baú, acesso por Campos"
"ÁREA DE PROTEÇÃO AMBIENTAL CAMPOS DO JORDÃO","Angiosperms","Phyllanthaceae","Phyllanthus","niruri","L.","PHYLLANTHACEAE Phyllanthus niruri L.","180476","GBIF","UB","Carvalho-Silva, M.","1243","Native","Ouro","Bronze",,
"ÁREA DE PROTEÇÃO AMBIENTAL CAMPOS DO JORDÃO","Angiosperms","Phyllanthaceae","Phyllanthus","tenellus","Roxb.","PHYLLANTHACEAE Phyllanthus tenellus Roxb.","370023","GBIF","SP","Hashimoto, G.","1621","Native","Ouro","Bronze","https://images.cria.org.br/viewer/SP0370023","Lageado"
"ÁREA DE PROTEÇÃO AMBIENTAL CAMPOS DO JORDÃO","Angiosperms","Phyllanthaceae","Savia","dictyocarpa","Müll.Arg.","PHYLLANTHACEAE Savia dictyocarpa Müll.Arg.","SPSF00007656","Splink","SPSF",,"161","Native","Latão","Bronze",,"Parque Estadual do Instituto Florestal."
"ÁREA DE PROTEÇÃO AMBIENTAL CAMPOS DO JORDÃO","Angiosperms","Phytolaccaceae","Phytolacca","thyrsiflora","Fenzl. ex J.A.Schmidt","PHYTOLACCACEAE Phytolacca thyrsiflora Fenzl. ex J.A.Schmidt","SPSF00009035","Splink","SPSF",,"263","Native","Ouro","Ouro",,"P.E. de Campos do Jordão."
"ÁREA DE PROTEÇÃO AMBIENTAL CAMPOS DO JORDÃO","Angiosperms","Picramniaceae","Picramnia","ciliata","Mart.","PICRAMNIACEAE Picramnia ciliata Mart.","HRB00002260","Splink","HRB",,"325","Native","Latão","Bronze",,"Parque Est. Estação Fitoecológica Nª 1 Folha Cartográfica."
"ÁREA DE PROTEÇÃO AMBIENTAL CAMPOS DO JORDÃO","Angiosperms","Picramniaceae","Picramnia","glazioviana","Engl.","PICRAMNIACEAE Picramnia glazioviana Engl.","SPSF00014310","Splink","SPSF",,"697","Native","Latão","Bronze",,"Morro do Elefante."
"ÁREA DE PROTEÇÃO AMBIENTAL CAMPOS DO JORDÃO",,"Picramniaceae","Picramnia","parviflora",,"PICRAMNIACEAE Picramnia parviflora","ESAL000027438","Splink","ESAL",,"26637",,"Latão","Ouro",,"horto florestal"
"ÁREA DE PROTEÇÃO AMBIENTAL CAMPOS DO JORDÃO","Angiosperms","Picramniaceae","Picramnia","parvifolia","Engl.","PICRAMNIACEAE Picramnia parvifolia Engl.","SPSF00015840","Splink","SPSF",,"79","Native","Ouro","Bronze",,"Pico do Itapeva."
"ÁREA DE PROTEÇÃO AMBIENTAL CAMPOS DO JORDÃO","Gymnosperms","Pinaceae","Cedrus","libani","A.Rich.","PINACEAE Cedrus libani A.Rich.","93008594","GBIF","Observations","Garcia, R.",,"Cultivated","Bronze","Bronze",,"Av. Pedro Paulo, s/n, Campos do Jordão - SP, 12460-000, Brasil"
"ÁREA DE PROTEÇÃO AMBIENTAL CAMPOS DO JORDÃO","Gymnosperms","Pinaceae","Picea",,"A.Dietr.","PINACEAE Picea A.Dietr.","SPSF00009844","Splink","SPSF",,"373A",,"Latão","Ouro",,"P.E. de Campos do Jordão."
"ÁREA DE PROTEÇÃO AMBIENTAL CAMPOS DO JORDÃO","Gymnosperms","Pinaceae","Pinus","caribaea","Morelet","PINACEAE Pinus caribaea var. caribaea Morelet","SPSF00005856","Splink","SPSF",,,"Naturalized","Latão","Bronze",,"Parque Estadual do Instituto Florestal."
"ÁREA DE PROTEÇÃO AMBIENTAL CAMPOS DO JORDÃO","Gymnosperms","Pinaceae","Pinus","echinata","Mill.","PINACEAE Pinus echinata Mill.","SPSF00005861","Splink","SPSF",,,"Cultivated","Latão","Ouro",,"P.E. de Campos do Jordão."
"ÁREA DE PROTEÇÃO AMBIENTAL CAMPOS DO JORDÃO","Gymnosperms","Pinaceae","Pinus","elliottii","Engelm.","PINACEAE Pinus elliottii Engelm.","SPSF00005858","Splink","SPSF",,,"Naturalized","Latão","Ouro",,"P.E. de Campos do Jordão."
"ÁREA DE PROTEÇÃO AMBIENTAL CAMPOS DO JORDÃO","Gymnosperms","Pinaceae","Pinus","glabra","Walter","PINACEAE Pinus glabra Walter","SPSF00005863","Splink","SPSF",,,"Naturalized","Latão","Ouro",,"P.E. de Campos do Jordão."
"ÁREA DE PROTEÇÃO AMBIENTAL CAMPOS DO JORDÃO","Gymnosperms","Pinaceae","Pinus","occidentalis","Sw.","PINACEAE Pinus occidentalis Sw.","SPSF00005839","Splink","SPSF",,,"Unknown","Latão","Bronze",,"Parque Estadual do Instituto Florestal."
"ÁREA DE PROTEÇÃO AMBIENTAL CAMPOS DO JORDÃO","Gymnosperms","Pinaceae","Pinus","oocarpa","Schiede ex Schltdl.","PINACEAE Pinus oocarpa Schiede ex Schltdl.","SPSF00005843","Splink","SPSF",,,"Naturalized","Latão","Bronze",,"Parque Estadual do Instituto Florestal."
"ÁREA DE PROTEÇÃO AMBIENTAL CAMPOS DO JORDÃO","Gymnosperms","Pinaceae","Pinus","palustris","Mill.","PINACEAE Pinus palustris Mill.","SPSF00005860","Splink","SPSF",,,"Cultivated","Latão","Ouro",,"P.E. de Campos do Jordão."
"ÁREA DE PROTEÇÃO AMBIENTAL CAMPOS DO JORDÃO","Gymnosperms","Pinaceae","Pinus","patula","Schltdl. & Cham.","PINACEAE Pinus patula Schltdl. & Cham.","HPL008849","Splink","HPL",,"3779","Unknown","Bronze","Bronze",,"Coletado nas proximidades do município de Campos do Jordão."
"ÁREA DE PROTEÇÃO AMBIENTAL CAMPOS DO JORDÃO","Gymnosperms","Pinaceae","Pinus","pinea","L.","PINACEAE Pinus pinea L.","HPL008844","Splink","HPL",,"4020","Cultivated","Bronze","Ouro",,"Coletado e cultivado no Horto de Campos do Jordão."
"ÁREA DE PROTEÇÃO AMBIENTAL CAMPOS DO JORDÃO","Gymnosperms","Pinaceae","Pinus","rigida","Mill.","PINACEAE Pinus rigida Mill.","3387702","GBIF","MO","Wasum, R.","8740","Cultivated","Ouro","Ouro",,"Horto Municipal. Cultivada."
"ÁREA DE PROTEÇÃO AMBIENTAL CAMPOS DO JORDÃO","Gymnosperms","Pinaceae","Pinus","roxburghii","Sarg.","PINACEAE Pinus roxburghii Sarg.","HPL008841","Splink","HPL",,"3778","Cultivated","Bronze","Bronze",,"Coletado e cultivado no Jardim da Lagoinha."
"ÁREA DE PROTEÇÃO AMBIENTAL CAMPOS DO JORDÃO","Gymnosperms","Pinaceae","Pinus","taeda","L.","PINACEAE Pinus taeda L.","SPSF00005862","Splink","SPSF",,,"Naturalized","Latão","Ouro",,"P.E. de Campos do Jordão."
"ÁREA DE PROTEÇÃO AMBIENTAL CAMPOS DO JORDÃO","Gymnosperms","Pinaceae","Pinus","taiwanensis","Hayata","PINACEAE Pinus taiwanensis Hayata","SPSF00005857","Splink","SPSF",,,"Unknown","Latão","Bronze",,"Parque Estadual do Instituto Florestal."
"ÁREA DE PROTEÇÃO AMBIENTAL CAMPOS DO JORDÃO","Gymnosperms","Pinaceae","Pinus","wallichiana","A.B.Jacks.","PINACEAE Pinus wallichiana A.B.Jacks.","HPL008850","Splink","HPL",,"4019","Cultivated","Bronze","Ouro",,"Coletado e cultivado no Horto de Campos do Jordão; originário do Himalaia."
"ÁREA DE PROTEÇÃO AMBIENTAL CAMPOS DO JORDÃO","Angiosperms","Piperaceae","Peperomia","castelosensis","Yunck.","PIPERACEAE Peperomia castelosensis Yunck.","barcode-01981988","GBIF","GH","Leite, J.E.","3908","Native","Ouro","Bronze","[see Simple Media extension]","Campos do Jordao"
"ÁREA DE PROTEÇÃO AMBIENTAL CAMPOS DO JORDÃO","Angiosperms","Piperaceae","Peperomia","catharinae","Miq.","PIPERACEAE Peperomia catharinae Miq.","53220","GBIF","SPSF","Barreto, T.E.","s/n","Native","Bronze","Ouro","https://images.cria.org.br/viewer/SPSF00053220","Parque Estadual de Campos do Jordão"
"ÁREA DE PROTEÇÃO AMBIENTAL CAMPOS DO JORDÃO","Angiosperms","Piperaceae","Peperomia","corcovadensis","Gardner","PIPERACEAE Peperomia corcovadensis Gardner","55657","GBIF","SP","Kuhlmann, M.","2107","Native","Ouro","Bronze",,"Umuarama"
"ÁREA DE PROTEÇÃO AMBIENTAL CAMPOS DO JORDÃO","Angiosperms","Piperaceae","Peperomia","dichotoma","Regel","PIPERACEAE Peperomia dichotoma Regel","156617","GBIF","SP","Mattos, J.","15895","Native","Ouro","Ouro","https://images.cria.org.br/viewer/SP010984","Parque Estadual. P. da Pedra Chorona."
"ÁREA DE PROTEÇÃO AMBIENTAL CAMPOS DO JORDÃO","Angiosperms","Piperaceae","Peperomia","hilariana","Miq.","PIPERACEAE Peperomia hilariana Miq.","HRCB058001","Splink","HRCB",,"383","Native","Bronze","Bronze",,
"ÁREA DE PROTEÇÃO AMBIENTAL CAMPOS DO JORDÃO","Angiosperms","Piperaceae","Peperomia","hispidula","(Miq.) Dahlst.","PIPERACEAE Peperomia hispidula subsp. sellowiana (Miq.) Dahlst.","559330","GBIF","NY","Kuhlmann, M.","s.n.","Native","Latão","Bronze",,"Campos do Jordao, Umuarama"
"ÁREA DE PROTEÇÃO AMBIENTAL CAMPOS DO JORDÃO","Angiosperms","Piperaceae","Peperomia","itatiaiana","Yunck.","PIPERACEAE Peperomia itatiaiana Yunck.","559354","GBIF","NY","Kuhlmann, M.","s.n.","Native","Latão","Bronze",,"Campos do Jordao, Umuarama"
"ÁREA DE PROTEÇÃO AMBIENTAL CAMPOS DO JORDÃO","Angiosperms","Piperaceae","Peperomia","mandioccana","Miq.","PIPERACEAE Peperomia mandioccana Miq.","37655","GBIF","SPSF","Ivanauskas, N.M.","47","Native","Ouro","Ouro","https://images.cria.org.br/viewer/SPSF00037655","Parque Estadual de Campos do Jordão"
"ÁREA DE PROTEÇÃO AMBIENTAL CAMPOS DO JORDÃO","Angiosperms","Piperaceae","Peperomia","psilostachya","C.DC.","PIPERACEAE Peperomia psilostachya C.DC.","144345","GBIF","SPF","Fiaschi, P.","498","Native","Ouro","Ouro","https://images.cria.org.br/viewer/SPF00144345","Parque Estadual de Campos do Jordão"
"ÁREA DE PROTEÇÃO AMBIENTAL CAMPOS DO JORDÃO","Angiosperms","Piperaceae","Peperomia","quadrifolia","(L.) Kunth","PIPERACEAE Peperomia quadrifolia (L.) Kunth","12753","GBIF","UEC","Davis, P.H.","2970","Native","Ouro","Bronze","https://images.cria.org.br/viewer/UEC149538","Estrada desde Monteiro Lobato, perto do Hotel Toriba."
"ÁREA DE PROTEÇÃO AMBIENTAL CAMPOS DO JORDÃO","Angiosperms","Piperaceae","Peperomia","subretusa","Yunck.","PIPERACEAE Peperomia subretusa Yunck.","555202","GBIF","NY","Kuhlmann, M.","2238","Native","Ouro","Bronze",,"Subida para o pico do Itapeva"
"ÁREA DE PROTEÇÃO AMBIENTAL CAMPOS DO JORDÃO","Angiosperms","Piperaceae","Peperomia","subternifolia","Yunck.","PIPERACEAE Peperomia subternifolia Yunck.","18077","GBIF","BOTU","Amaral Junior, A.B.R.H.","51","Native","Bronze","Bronze",,
"ÁREA DE PROTEÇÃO AMBIENTAL CAMPOS DO JORDÃO","Angiosperms","Piperaceae","Peperomia","tetraphylla","(Miq.) Yunck.","PIPERACEAE Peperomia tetraphylla var. tenera (Miq.) Yunck.","555284","GBIF","NY","Joly, A.B.","797","Native","Ouro","Bronze",,"Campos de Jordao, Morro do Castelo"
"ÁREA DE PROTEÇÃO AMBIENTAL CAMPOS DO JORDÃO","Angiosperms","Piperaceae","Peperomia","trineura","Miq.","PIPERACEAE Peperomia trineura Miq.","102636","GBIF","SP","Mattos, J.","15012","Native","Ouro","Bronze",,"Fazenda da Guarda (Reserva Florestal), quase na divisa com Minas Gerais."
"ÁREA DE PROTEÇÃO AMBIENTAL CAMPOS DO JORDÃO","Angiosperms","Piperaceae","Piper","caldense","C.DC.","PIPERACEAE Piper caldense C.DC.","109833","GBIF","UEC","Anderson, L.O.","111","Native","Bronze","Ouro","https://images.cria.org.br/viewer/UEC019848","Parque Estadual Campos do Jordão, Parque dos Lagos, São Bento do Sapucaí, subindo 9 Km na trilha em direção ao charco, área de mata alagada."
"ÁREA DE PROTEÇÃO AMBIENTAL CAMPOS DO JORDÃO","Angiosperms","Piperaceae","Piper","gaudichaudianum","Kunth","PIPERACEAE Piper gaudichaudianum Kunth","SPSF00011554","Splink","SPSF",,"486","Native","Ouro","Ouro",,"P.E. de Campos do Jordão."
"ÁREA DE PROTEÇÃO AMBIENTAL CAMPOS DO JORDÃO","Angiosperms","Piperaceae","Piper","glabratum","Kunth","PIPERACEAE Piper glabratum Kunth","37729","GBIF","SPSF","Ivanauskas, N.M.","236","Native","Ouro","Ouro","https://images.cria.org.br/viewer/SPSF00037729","Parque Estadual de Campos do Jordão"
"ÁREA DE PROTEÇÃO AMBIENTAL CAMPOS DO JORDÃO","Angiosperms","Piperaceae","Piper","mollicomum","Kunth","PIPERACEAE Piper mollicomum Kunth","SPSF00014832","Splink","SPSF",,"403","Native","Latão","Bronze",,"Parque Estadual do Instituto Florestal."
"ÁREA DE PROTEÇÃO AMBIENTAL CAMPOS DO JORDÃO","Angiosperms","Piperaceae","Piper","solmsianum","C.DC.","PIPERACEAE Piper solmsianum C.DC.","VIES065263","Splink","VIES",,"183","Native","Latão","Ouro",,"Próximo ao Parque Estadual de Campos do Jordão."
"ÁREA DE PROTEÇÃO AMBIENTAL CAMPOS DO JORDÃO","Angiosperms","Piperaceae","Piper","umbellatum","L.","PIPERACEAE Piper umbellatum L.","SPSF00014810","Splink","SPSF",,,"Native","Latão","Bronze",,"Parque Estadual do Instituto Florestal."
"ÁREA DE PROTEÇÃO AMBIENTAL CAMPOS DO JORDÃO","Angiosperms","Pittosporaceae","Pittosporum","undulatum","Vent.","PITTOSPORACEAE Pittosporum undulatum Vent.","228562502","GBIF","Observations","Glm_wildlife",,"Naturalized","Bronze","Bronze",,"Campos do Jordão - SP, 12460-000, Brasil"
"ÁREA DE PROTEÇÃO AMBIENTAL CAMPOS DO JORDÃO","Ferns and Lycophytes","Plagiogyriaceae","Plagiogyria","fialhoi","(Fée & Glaz.) Copel.","PLAGIOGYRIACEAE Plagiogyria fialhoi (Fée & Glaz.) Copel.","SJRP00017151","GBIF","SJRP","Windisch, P.G.","2914","Native","Ouro","Bronze","jbrj-public.s3-sa-east-1.amazonaws.com/fsi/server?type=image&source=DZI/sjrp/sjrp/0/1/71/51/sjrp00017151.dzi","Divisa com Pindamonhangaba, São José dos Alpes"
"ÁREA DE PROTEÇÃO AMBIENTAL CAMPOS DO JORDÃO","Angiosperms","Plantaginaceae","Antirrhinum","majus","L.","PLANTAGINACEAE Antirrhinum majus L.","297119","Splink","SP",,"1013","Cultivated","Latão","Bronze",,"São José dos Alpes, estrada de terra entre o talhão 12 e o Pico do Itapeva"
"ÁREA DE PROTEÇÃO AMBIENTAL CAMPOS DO JORDÃO","Angiosperms","Plantaginaceae","Cymbalaria","muralis","G. Gaertn., B. Mey. & Scherb.","PLANTAGINACEAE Cymbalaria muralis G. Gaertn., B. Mey. & Scherb.",,"GBIF",,,,"Naturalized","Latão","Bronze",,
"ÁREA DE PROTEÇÃO AMBIENTAL CAMPOS DO JORDÃO","Angiosperms","Plantaginaceae","Digitalis","purpurea","L.","PLANTAGINACEAE Digitalis purpurea L.","3022592","GBIF","MO","Mizoguchi, K.","1126","Naturalized","Ouro","Bronze",,"Campos Jordao."
"ÁREA DE PROTEÇÃO AMBIENTAL CAMPOS DO JORDÃO","Angiosperms","Plantaginaceae","Gratiola","peruviana","L.","PLANTAGINACEAE Gratiola peruviana L.","HURB000001830","Splink","HURB",,"8","Native","Latão","Bronze",,"Fazenda Gravatá."
"ÁREA DE PROTEÇÃO AMBIENTAL CAMPOS DO JORDÃO","Angiosperms","Plantaginaceae","Mecardonia","procumbens","(Mill.) Small","PLANTAGINACEAE Mecardonia procumbens (Mill.) Small","203475","GBIF","UEC","Davis, P.H.","3052","Native","Ouro","Bronze","https://images.cria.org.br/viewer/UEC082840","Reserva do Instituto Florestal. Estrada do Moreira para São José dos Alpes, perto da colônia. Folha Cartográfica: SF-23-Y-B. Coordenada Calculada."
"ÁREA DE PROTEÇÃO AMBIENTAL CAMPOS DO JORDÃO","Angiosperms","Plantaginaceae","Nemesia","strumosa","Solander ex Benth.","PLANTAGINACEAE Nemesia strumosa Solander ex Benth.","HPL011886","Splink","HPL",,"1178","Cultivated","Bronze","Bronze",,"Coletada e cultivada como ornamental."
"ÁREA DE PROTEÇÃO AMBIENTAL CAMPOS DO JORDÃO","Angiosperms","Plantaginaceae","Plantago","australis","Lam.","PLANTAGINACEAE Plantago australis Lam.","194912889","GBIF","Observations","Dominguez, Y.",,"Native","Bronze","Bronze",,"Campos do Jordão - SP, 12460-000, Brasil"
"ÁREA DE PROTEÇÃO AMBIENTAL CAMPOS DO JORDÃO","Angiosperms","Plantaginaceae","Plantago","guilleminiana","Decne.","PLANTAGINACEAE Plantago guilleminiana Decne.","117263","Splink","SP",,"351","Native","Bronze","Bronze",,
"ÁREA DE PROTEÇÃO AMBIENTAL CAMPOS DO JORDÃO","Angiosperms","Plantaginaceae","Plantago","lanceolata","L.","PLANTAGINACEAE Plantago lanceolata L.","584","Splink","MACK",,"1","Naturalized","Bronze","Bronze",,"Avenida Emílio Ribas"
"ÁREA DE PROTEÇÃO AMBIENTAL CAMPOS DO JORDÃO","Angiosperms","Plantaginaceae","Plantago","major","L.","PLANTAGINACEAE Plantago major L.","590","Splink","MACK",,"2","Naturalized","Bronze","Bronze",,"Em frente a Rodoviária"
"ÁREA DE PROTEÇÃO AMBIENTAL CAMPOS DO JORDÃO","Angiosperms","Plantaginaceae","Scoparia",,"L.","PLANTAGINACEAE Scoparia L.","SPSF00017211","Splink","SPSF",,"30",,"Latão","Ouro",,"P.E. de Campos do Jordão."
"ÁREA DE PROTEÇÃO AMBIENTAL CAMPOS DO JORDÃO","Angiosperms","Plantaginaceae","Veronica","arvensis","L.","PLANTAGINACEAE Veronica arvensis L.","79256","Splink","SP",,"2043","Naturalized","Prata","Bronze",,"Umuarama"
"ÁREA DE PROTEÇÃO AMBIENTAL CAMPOS DO JORDÃO","Angiosperms","Platanaceae","Platanus",,"(Aiton) Willd.","PLATANACEAE Platanus ×acerifolia (Aiton) Willd.","47862","GBIF","SPSF","Barreto, T.E.","180",,"Latão","Ouro",,"Pecj"
"ÁREA DE PROTEÇÃO AMBIENTAL CAMPOS DO JORDÃO","Angiosperms","Platanaceae","Platanus","orientalis","L.","PLATANACEAE Platanus orientalis L.","SPSF00007911","Splink","SPSF",,"23","Cultivated","Latão","Ouro",,"P.E. de Campos do Jordão."
"ÁREA DE PROTEÇÃO AMBIENTAL CAMPOS DO JORDÃO","Angiosperms","Poaceae","Agrostis","gigantea","Röth","POACEAE Agrostis gigantea Röth","57463","GBIF","SPSF","Shirasuna, R.T.","5359","Native","Ouro","Ouro","https://images.cria.org.br/viewer/SPSF00057463 | https://images.cria.org.br/viewer/SPSF00057463_v1 | https://images.cria.org.br/viewer/SPSF00057463_v2 | https://images.cria.org.br/viewer/SPSF00057463_v3 | https://images.cria.org.br/viewer/SPSF00057463_v4","Parque Estadual de Campos do Jordão."
"ÁREA DE PROTEÇÃO AMBIENTAL CAMPOS DO JORDÃO","Angiosperms","Poaceae","Agrostis","lenis","Roseng. et al.","POACEAE Agrostis lenis Roseng. et al.","2814928","GBIF","MO","Chase, A.","9828","Native","Bronze","Bronze",,
"ÁREA DE PROTEÇÃO AMBIENTAL CAMPOS DO JORDÃO","Angiosperms","Poaceae","Agrostis","longiberbis","Hack. ex L.B.Sm.","POACEAE Agrostis longiberbis Hack. ex L.B.Sm.","312817","GBIF","SP","Shepherd, G.J.","97-10","Native","Latão","Bronze","https://images.cria.org.br/viewer/SP039904",
"ÁREA DE PROTEÇÃO AMBIENTAL CAMPOS DO JORDÃO","Angiosperms","Poaceae","Agrostis","montevidensis","Döll","POACEAE Agrostis montevidensis var. submutica Döll","47856","GBIF","SPSF","Barreto, T.E.","174","Native","Ouro","Ouro","https://images.cria.org.br/viewer/SPSF00047856","Parque Estadual Mananciais de Campos do Jordão."
"ÁREA DE PROTEÇÃO AMBIENTAL CAMPOS DO JORDÃO",,"Poaceae","Agrostis","perennans",,"POACEAE Agrostis perennans","HRB00010478","Splink","HRB",,"85",,"Latão","Bronze",,"São José dos Alpes, Campo do Moreira."
"ÁREA DE PROTEÇÃO AMBIENTAL CAMPOS DO JORDÃO","Angiosperms","Poaceae","Andropogon","bicornis","L.","POACEAE Andropogon bicornis L.","197964","Splink","ICN",,"15832","Native","Ouro","Ouro",,"Parque Estadual"
"ÁREA DE PROTEÇÃO AMBIENTAL CAMPOS DO JORDÃO","Angiosperms","Poaceae","Andropogon","carinatus","Nees","POACEAE Andropogon carinatus Nees","100199742","GBIF","MO","Chase, A.","9875","Native","Ouro","Bronze",,"Campos do Jordao, Serra Mantiqueira"
"ÁREA DE PROTEÇÃO AMBIENTAL CAMPOS DO JORDÃO","Angiosperms","Poaceae","Andropogon","lateralis","(Trin. ex Hack.) A.Zanin","POACEAE Andropogon lateralis subsp. cryptopus (Trin. ex Hack.) A.Zanin","238482","GBIF","SP","Campbell, C.S.","4530","Native","Ouro","Bronze",,"arredores."
"ÁREA DE PROTEÇÃO AMBIENTAL CAMPOS DO JORDÃO","Angiosperms","Poaceae","Andropogon","leucostachyus","Kunth","POACEAE Andropogon leucostachyus Kunth","110552","Splink","ICN",,"2788","Native","Ouro","Bronze",,"beira da estrada"
"ÁREA DE PROTEÇÃO AMBIENTAL CAMPOS DO JORDÃO","Angiosperms","Poaceae","Andropogon","macrothrix","Trin.","POACEAE Andropogon macrothrix Trin.","110554","Splink","ICN",,"2790","Native","Ouro","Bronze",,
"ÁREA DE PROTEÇÃO AMBIENTAL CAMPOS DO JORDÃO","Angiosperms","Poaceae","Andropogon","selloanus","(Hack.) Hack.","POACEAE Andropogon selloanus (Hack.) Hack.","HMACK00003277-T.A.B.Mortale7-1/12/2012 ColôniadeFériasMackenzie-Umuarama TrilhaCajará CamposdoJordão SP Brasil","Splink","MACK",,"7","Native","Latão","Bronze",,"Colônia de Férias Mackenzie - Umuarama, Trilha Cajará"
"ÁREA DE PROTEÇÃO AMBIENTAL CAMPOS DO JORDÃO","Angiosperms","Poaceae","Anthaenantia","lanata","(Kunth) Benth.","POACEAE Anthaenantia lanata (Kunth) Benth.","232879","GBIF","SP","Burman, A.G.","869","Native","Bronze","Bronze",,"Jardins e imediações do hotel Vila Inglesa."
"ÁREA DE PROTEÇÃO AMBIENTAL CAMPOS DO JORDÃO","Angiosperms","Poaceae","Anthoxanthum","odoratum","L.","POACEAE Anthoxanthum odoratum L.","156115","GBIF","SP","Mattos, J.","16352","Naturalized","Ouro","Ouro","https://images.cria.org.br/viewer/SP040506","Parque Estadual, perto da Sede. Coordenada calculada. Folha cartográfica: SF-23-Y-B."
"ÁREA DE PROTEÇÃO AMBIENTAL CAMPOS DO JORDÃO","Angiosperms","Poaceae","Aristida","brasiliensis","Longhi-Wagner","POACEAE Aristida brasiliensis Longhi-Wagner","SPSF00054783","Splink","SPSF",,"8243","Native","Ouro","Ouro",,"Refúgio Ecológico (Campo natural de altitude). Parque Estadual Campos do Jordão, próximo à Estação Meteorologica"
"ÁREA DE PROTEÇÃO AMBIENTAL CAMPOS DO JORDÃO","Angiosperms","Poaceae","Aristida","flaccida","Trin. & Rupr.","POACEAE Aristida flaccida Trin. & Rupr.","198594","Splink","ICN",,"9160","Native","Ouro","Bronze",,"subida para São José dos Alpes"
"ÁREA DE PROTEÇÃO AMBIENTAL CAMPOS DO JORDÃO","Angiosperms","Poaceae","Aristida","jubata","(Arechav.) Herter","POACEAE Aristida jubata (Arechav.) Herter","55644","GBIF","SPSF","Ivanauskas, N.M.","6929","Native","Ouro","Ouro","https://images.cria.org.br/viewer/SPSF00055644","Parque Estadual de Campos do Jordão"
"ÁREA DE PROTEÇÃO AMBIENTAL CAMPOS DO JORDÃO","Angiosperms","Poaceae","Aristida","megapotamica","Spreng.","POACEAE Aristida megapotamica Spreng.","8879","GBIF","IPA","Pickel, B.","5231","Native","Bronze","Bronze",,"Vila S. Adelaide, Em campo alto (1.600 m)."
"ÁREA DE PROTEÇÃO AMBIENTAL CAMPOS DO JORDÃO","Angiosperms","Poaceae","Aristida","recurvata","Kunth","POACEAE Aristida recurvata Kunth","134662","Splink","ICN",,"9157","Native","Ouro","Bronze",,"divisa com Pindamonhangaba Serra da Mantiqueira São José dos Alpes"
"ÁREA DE PROTEÇÃO AMBIENTAL CAMPOS DO JORDÃO","Angiosperms","Poaceae","Aristida","torta","(Nees) Kunth","POACEAE Aristida torta (Nees) Kunth","26259","GBIF","IAC","Kok, E.A.","s/nº","Native","Ouro","Bronze",,
"ÁREA DE PROTEÇÃO AMBIENTAL CAMPOS DO JORDÃO","Angiosperms","Poaceae","Aulonemia","amplissima","(Nees) McClure","POACEAE Aulonemia amplissima (Nees) McClure","7636","GBIF","IAC","Viegas, A.P.","s/nº","Native","Ouro","Bronze",,"Hotel Umuarama"
"ÁREA DE PROTEÇÃO AMBIENTAL CAMPOS DO JORDÃO","Angiosperms","Poaceae","Axonopus","affinis","Chase","POACEAE Axonopus affinis Chase","57252","GBIF","SPSF","Shirasuna, R.T.","5273","Native","Ouro","Ouro","https://images.cria.org.br/viewer/SPSF00057252","Parque Estadual de Campos do Jordão"
"ÁREA DE PROTEÇÃO AMBIENTAL CAMPOS DO JORDÃO","Angiosperms","Poaceae","Axonopus","brasiliensis","(Spreng.) Kuhlm.","POACEAE Axonopus brasiliensis (Spreng.) Kuhlm.","105890","GBIF","SP","Kuhlmann, M.","2094","Native","Latão","Bronze",,"Umuarama"
"ÁREA DE PROTEÇÃO AMBIENTAL CAMPOS DO JORDÃO","Angiosperms","Poaceae","Axonopus","compressus","(Sw.) P. Beauv.","POACEAE Axonopus compressus (Sw.) P. Beauv.","33608","GBIF","SP","Zamith, J.R.","3/25","Native","Ouro","Bronze",,"Cultivado no parque da Ind. Animal, São Paulo."
"ÁREA DE PROTEÇÃO AMBIENTAL CAMPOS DO JORDÃO","Angiosperms","Poaceae","Axonopus","fissifolius","(Raddi) Kuhlm.","POACEAE Axonopus fissifolius (Raddi) Kuhlm.","110570","Splink","ICN",,"2806","Native","Bronze","Bronze",,"Beira de estrada e campo"
"ÁREA DE PROTEÇÃO AMBIENTAL CAMPOS DO JORDÃO","Angiosperms","Poaceae","Axonopus","monticola","G.A. Black","POACEAE Axonopus monticola G.A. Black","57248","GBIF","SPSF","Shirasuna, R.T.","5269","Native","Ouro","Ouro","https://images.cria.org.br/viewer/SPSF00057248 | https://images.cria.org.br/viewer/SPSF00057248_v1 | https://images.cria.org.br/viewer/SPSF00057248_v2 | https://images.cria.org.br/viewer/SPSF00057248_v3 | https://images.cria.org.br/viewer/SPSF00057248_v4 | https://images.cria.org.br/viewer/SPSF00057248_v5 | https://images.cria.org.br/viewer/SPSF00057248_v6","Parque Estadual de Campos do Jordão"
"ÁREA DE PROTEÇÃO AMBIENTAL CAMPOS DO JORDÃO","Angiosperms","Poaceae","Axonopus","obtusifolius","(Raddi) Chase","POACEAE Axonopus obtusifolius (Raddi) Chase","157784","GBIF","SP","Mattos, J.","s.n.","Native","Latão","Ouro",,"Parque Estadual de Campos do Jordão"
"ÁREA DE PROTEÇÃO AMBIENTAL CAMPOS DO JORDÃO","Angiosperms","Poaceae","Axonopus","pellitus","(Nees ex Trin.) Hitchc. & Chase","POACEAE Axonopus pellitus (Nees ex Trin.) Hitchc. & Chase","55748","GBIF","SPSF","Ivanauskas, N.M.","6983","Native","Ouro","Ouro","https://images.cria.org.br/viewer/SPSF00055748","Parque Estadual de Campos do Jordão"
"ÁREA DE PROTEÇÃO AMBIENTAL CAMPOS DO JORDÃO","Angiosperms","Poaceae","Axonopus","polydactylus","(Steud.) Dedecca","POACEAE Axonopus polydactylus (Steud.) Dedecca","110558","Splink","ICN",,"2794","Native","Latão","Bronze",,"Beira de estrada"
"ÁREA DE PROTEÇÃO AMBIENTAL CAMPOS DO JORDÃO","Angiosperms","Poaceae","Axonopus","polystachyus","G.A. Black","POACEAE Axonopus polystachyus G.A. Black","180473","GBIF","UB","Carvalho-Silva, M.","1264","Native","Ouro","Bronze","https://images.cria.org.br/viewer/UB0029950",
"ÁREA DE PROTEÇÃO AMBIENTAL CAMPOS DO JORDÃO","Angiosperms","Poaceae","Axonopus","pressus","(Nees ex Steud.) Parodi","POACEAE Axonopus pressus (Nees ex Steud.) Parodi","57488","GBIF","SPSF","Shirasuna, R.T.","5336","Native","Ouro","Ouro","https://images.cria.org.br/viewer/SPSF00057488 | https://images.cria.org.br/viewer/SPSF00057488_v1 | https://images.cria.org.br/viewer/SPSF00057488_v2 | https://images.cria.org.br/viewer/SPSF00057488_v3 | https://images.cria.org.br/viewer/SPSF00057488_v4 | https://images.cria.org.br/viewer/SPSF00057488_v5","Parque Estadual de Campos do Jordão"
"ÁREA DE PROTEÇÃO AMBIENTAL CAMPOS DO JORDÃO","Angiosperms","Poaceae","Axonopus","siccus","(Nees) Kuhlm.","POACEAE Axonopus siccus (Nees) Kuhlm.","134651","Splink","ICN",,"9143","Native","Ouro","Bronze",,"divisa com Pindamonhangaba Serra da Mantiqueira São José dos Alpes"
"ÁREA DE PROTEÇÃO AMBIENTAL CAMPOS DO JORDÃO","Angiosperms","Poaceae","Axonopus","suffultus","(Mikan ex Trin.) Parodi","POACEAE Axonopus suffultus (Mikan ex Trin.) Parodi","8852","GBIF","IPA","Pickel, B.","5230","Native","Bronze","Bronze",,"Vila S. Adelaide, Em campo alto."
"ÁREA DE PROTEÇÃO AMBIENTAL CAMPOS DO JORDÃO","Angiosperms","Poaceae","Briza","calotheca","(Trin.) Hack.","POACEAE Briza calotheca (Trin.) Hack.","84540","GBIF","SPF","Joly, A.B.","895",,"Ouro","Bronze","https://images.cria.org.br/viewer/SPF00084540","Pico do Itapeva."
"ÁREA DE PROTEÇÃO AMBIENTAL CAMPOS DO JORDÃO","Angiosperms","Poaceae","Bromus","brachyanthera","Döll","POACEAE Bromus brachyanthera var. brachyanthera Döll","110568","Splink","ICN",,"2804","Native","Ouro","Bronze",,
"ÁREA DE PROTEÇÃO AMBIENTAL CAMPOS DO JORDÃO","Angiosperms","Poaceae","Calamagrostis","viridiflavescens","(Poir.) Steud.","POACEAE Calamagrostis viridiflavescens var. viridiflavescens (Poir.) Steud.","110553","Splink","ICN",,"2789","Native","Ouro","Bronze",,
"ÁREA DE PROTEÇÃO AMBIENTAL CAMPOS DO JORDÃO","Angiosperms","Poaceae","Cenchrus","clandestinus","(Hochst. ex Chiov.) Morrone","POACEAE Cenchrus clandestinus (Hochst. ex Chiov.) Morrone","232847","GBIF","SP","Burman, A.G.","876","Naturalized","Ouro","Bronze",,"Jardins e imediações do Hotel Vila Inglesa."
"ÁREA DE PROTEÇÃO AMBIENTAL CAMPOS DO JORDÃO","Angiosperms","Poaceae","Cenchrus","purpureus","(Schumach.) Morrone","POACEAE Cenchrus purpureus (Schumach.) Morrone","173947457","GBIF","Observations","Dalvamatos",,"Naturalized","Bronze","Bronze",,"Campo Limpo Paulista, BR-SP, BR"
"ÁREA DE PROTEÇÃO AMBIENTAL CAMPOS DO JORDÃO","Angiosperms","Poaceae","Chascolytrum","brasilense","(Nees) L. Essi, Longhi-Wagner & Souza-Chies","POACEAE Chascolytrum brasilense (Nees) L. Essi, Longhi-Wagner & Souza-Chies","105892","GBIF","SP","Kuehn, E.","2092","Native","Ouro","Bronze","https://images.cria.org.br/viewer/SP041561","Umuarama"
"ÁREA DE PROTEÇÃO AMBIENTAL CAMPOS DO JORDÃO","Angiosperms","Poaceae","Chascolytrum","calotheca","(Trin.) L. Essi, Longhi-Wagner & Souza-Chies","POACEAE Chascolytrum calotheca (Trin.) L. Essi, Longhi-Wagner & Souza-Chies","134655","Splink","ICN",,"9144","Native","Ouro","Bronze",,"divisa com Pindamonhangaba Serra da Mantiqueira São José dos Alpes"
"ÁREA DE PROTEÇÃO AMBIENTAL CAMPOS DO JORDÃO","Angiosperms","Poaceae","Chascolytrum","itatiaiae","(Ekman) L. Essi, Longhi-Wagner & Souza-Chies","POACEAE Chascolytrum itatiaiae (Ekman) L. Essi, Longhi-Wagner & Souza-Chies","45792","GBIF","SP","Kuhlmann, M.","2527","Native","Bronze","Bronze","https://images.cria.org.br/viewer/SP041581","Campo dos Moreiras"
"ÁREA DE PROTEÇÃO AMBIENTAL CAMPOS DO JORDÃO","Angiosperms","Poaceae","Chascolytrum","juergensii","(Hack.) L. Essi, Souza-Chies & Longhi-Wagner","POACEAE Chascolytrum juergensii (Hack.) L. Essi, Souza-Chies & Longhi-Wagner","ICN00021429","Splink","ICN",,"2793","Native","Ouro","Bronze",,
"ÁREA DE PROTEÇÃO AMBIENTAL CAMPOS DO JORDÃO","Angiosperms","Poaceae","Chascolytrum","uniolae","(Nees) L. Essi, Longhi-Wagner & Souza-Chies","POACEAE Chascolytrum uniolae (Nees) L. Essi, Longhi-Wagner & Souza-Chies","55675","GBIF","SPSF","Ivanauskas, N.M.","6960","Native","Ouro","Ouro","https://images.cria.org.br/viewer/SPSF00055675 | https://images.cria.org.br/viewer/SPSF00055675_v1 | https://images.cria.org.br/viewer/SPSF00055675_v2","Parque Estadual de Campos do Jordão"
"ÁREA DE PROTEÇÃO AMBIENTAL CAMPOS DO JORDÃO","Angiosperms","Poaceae","Chusquea","anelythra","Nees","POACEAE Chusquea anelythra Nees","051125","GBIF","VIC","Clark, L.G.","16061","Native","Ouro","Ouro","https://images.cria.org.br/viewer/VIC051125","São José dos Alpes, Parque Estadual."
"ÁREA DE PROTEÇÃO AMBIENTAL CAMPOS DO JORDÃO","Angiosperms","Poaceae","Chusquea","leptophylla","Nees","POACEAE Chusquea leptophylla Nees","RB00613816","GBIF","RB","Clark, L.","616","Native","Ouro","Bronze","jbrj-public-img.s3-sa-east-1.amazonaws.com/JPG/rb/0/61/38/16/00613816.jpg","serra da campos do jordão."
"ÁREA DE PROTEÇÃO AMBIENTAL CAMPOS DO JORDÃO","Angiosperms","Poaceae","Chusquea","longispiculata","L.G.Clark","POACEAE Chusquea longispiculata L.G.Clark","155382","GBIF","SP","Mattos, J.","15959","Native","Bronze","Ouro","https://images.cria.org.br/viewer/SP042261","Parque Estadual de Campos do Jordão"
"ÁREA DE PROTEÇÃO AMBIENTAL CAMPOS DO JORDÃO","Angiosperms","Poaceae","Chusquea","meyeriana","Rupr. ex Döll","POACEAE Chusquea meyeriana Rupr. ex Döll","SPSF00008423","Splink","SPSF",,"s/n","Native","Ouro","Ouro",,"Parque Estadual de Campos do Jordão."
"ÁREA DE PROTEÇÃO AMBIENTAL CAMPOS DO JORDÃO","Angiosperms","Poaceae","Chusquea","pinifolia","(Nees) Nees","POACEAE Chusquea pinifolia (Nees) Nees","MBM194611","Splink","MBM",,"1056","Native","Ouro","Bronze",,"Pico do Itapeva."
"ÁREA DE PROTEÇÃO AMBIENTAL CAMPOS DO JORDÃO","Angiosperms","Poaceae","Chusquea","sellowii","Rupr.","POACEAE Chusquea sellowii Rupr.","US 1257152","GBIF","US","Chase, A.","9885","Native","Ouro","Bronze","https://collections.nmnh.si.edu/media/?i=12833252","Campos do Jordao, Serra Mantiqueira"
"ÁREA DE PROTEÇÃO AMBIENTAL CAMPOS DO JORDÃO","Angiosperms","Poaceae","Cinnagrostis","rupestris","(Trin.) P.M. Peterson, Soreng, Romasch. & Barberá","POACEAE Cinnagrostis rupestris (Trin.) P.M. Peterson, Soreng, Romasch. & Barberá","PACA027808","Splink","PACA",,,"Native","Ouro","Bronze",,
"ÁREA DE PROTEÇÃO AMBIENTAL CAMPOS DO JORDÃO","Angiosperms","Poaceae","Cinnagrostis","viridiflavescens","(Poir.) P.M. Peterson, Soreng, Romasch. & Barberá","POACEAE Cinnagrostis viridiflavescens (Poir.) P.M. Peterson, Soreng, Romasch. & Barberá","8890","GBIF","IPA","Pickel, B.","5922","Native","Bronze","Bronze",,"Num campo alto."
"ÁREA DE PROTEÇÃO AMBIENTAL CAMPOS DO JORDÃO","Angiosperms","Poaceae","Danthonia","cirrata","Hack. & Arechav.","POACEAE Danthonia cirrata Hack. & Arechav.","110555","Splink","ICN",,"2791","Native","Ouro","Bronze",,
"ÁREA DE PROTEÇÃO AMBIENTAL CAMPOS DO JORDÃO","Angiosperms","Poaceae","Danthonia","secundiflora","C.M. Baeza","POACEAE Danthonia secundiflora subsp. mattheii C.M. Baeza","101062","GBIF","SP","Kuhlmann, M.","2229","Native","Bronze","Bronze","https://images.cria.org.br/viewer/SP043684","Pico do Itapeva"
"ÁREA DE PROTEÇÃO AMBIENTAL CAMPOS DO JORDÃO","Angiosperms","Poaceae","Danthonia","secundiflora","J.Presl","POACEAE Danthonia secundiflora subsp. secundiflora J.Presl","42967","GBIF","SP","Hashimoto, G.","332","Native","Bronze","Bronze","https://images.cria.org.br/viewer/SP042908",
"ÁREA DE PROTEÇÃO AMBIENTAL CAMPOS DO JORDÃO",,"Poaceae","Deschampsia","elongata","(Hook.) Munro","POACEAE Deschampsia elongata (Hook.) Munro","56042","GBIF","SPSF","Goncalves, L.N.","1139",,"Ouro","Ouro","https://images.cria.org.br/viewer/SPSF00056042 | https://images.cria.org.br/viewer/SPSF00056042_v1 | https://images.cria.org.br/viewer/SPSF00056042_v2 | https://images.cria.org.br/viewer/SPSF00056042_v3 | https://images.cria.org.br/viewer/SPSF00056042_v4","Parque Estadual de Campos do Jordão"
"ÁREA DE PROTEÇÃO AMBIENTAL CAMPOS DO JORDÃO","Angiosperms","Poaceae","Dichanthelium","hebotes","(Trin.) Zuloaga","POACEAE Dichanthelium hebotes (Trin.) Zuloaga","57068","GBIF","SPSF","Ivanauskas, N.M.","7353","Native","Ouro","Ouro","https://images.cria.org.br/viewer/SPSF00057068 | https://images.cria.org.br/viewer/SPSF00057068_v1 | https://images.cria.org.br/viewer/SPSF00057068_v2 | https://images.cria.org.br/viewer/SPSF00057068_v3 | https://images.cria.org.br/viewer/SPSF00057068_v4 | https://images.cria.org.br/viewer/SPSF00057068_v5","Parque Estadual de Campos do Jordão"
"ÁREA DE PROTEÇÃO AMBIENTAL CAMPOS DO JORDÃO","Angiosperms","Poaceae","Dichanthelium","sabulorum","(Ekman) Zuloaga","POACEAE Dichanthelium sabulorum var. polycladum (Ekman) Zuloaga","42684","GBIF","SP","Kuhlmann, M.","2044","Native","Bronze","Bronze",,
"ÁREA DE PROTEÇÃO AMBIENTAL CAMPOS DO JORDÃO","Angiosperms","Poaceae","Dichanthelium","sciurotoides","(Zuloaga & Morrone) Davidse","POACEAE Dichanthelium sciurotoides (Zuloaga & Morrone) Davidse","42966","GBIF","SP","Hashimoto, G.","331","Native","Bronze","Bronze","https://images.cria.org.br/viewer/SP043033",
"ÁREA DE PROTEÇÃO AMBIENTAL CAMPOS DO JORDÃO","Angiosperms","Poaceae","Dichanthelium","superatum","(Hack.) Zuloaga","POACEAE Dichanthelium superatum (Hack.) Zuloaga","110571","Splink","ICN",,"2807","Native","Bronze","Bronze",,
"ÁREA DE PROTEÇÃO AMBIENTAL CAMPOS DO JORDÃO",,"Poaceae","Digitaria","singularis","Mez","POACEAE Digitaria singularis Mez","8905","GBIF","IPA","Pickel, B.","5225",,"Bronze","Bronze",,"Vila Santa Adelaide, No campo alto (1.600 m)."
"ÁREA DE PROTEÇÃO AMBIENTAL CAMPOS DO JORDÃO","Angiosperms","Poaceae","Elionurus","muticus","(Spreng.) Kuntze","POACEAE Elionurus muticus (Spreng.) Kuntze","SPSF00011562","Splink","SPSF",,"509","Native","Ouro","Ouro",,"P.E. de Campos do Jordão."
"ÁREA DE PROTEÇÃO AMBIENTAL CAMPOS DO JORDÃO","Angiosperms","Poaceae","Eragrostis","articulata","(Schrank) Nees","POACEAE Eragrostis articulata (Schrank) Nees","134660","Splink","ICN",,"9155","Native","Ouro","Bronze",,"divisa com Pindamonhangaba Serra da Mantiqueira São José dos Alpes"
"ÁREA DE PROTEÇÃO AMBIENTAL CAMPOS DO JORDÃO","Angiosperms","Poaceae","Eragrostis","cataclasta","Nicora","POACEAE Eragrostis cataclasta Nicora","57489","GBIF","SPSF","Shirasuna, R.T.","5337","Native","Ouro","Ouro","https://images.cria.org.br/viewer/SPSF00057489 | https://images.cria.org.br/viewer/SPSF00057489_v1 | https://images.cria.org.br/viewer/SPSF00057489_v2 | https://images.cria.org.br/viewer/SPSF00057489_v3 | https://images.cria.org.br/viewer/SPSF00057489_v4","Parque Estadual de Campos do Jordão"
"ÁREA DE PROTEÇÃO AMBIENTAL CAMPOS DO JORDÃO","Angiosperms","Poaceae","Eragrostis","perennis","Döll","POACEAE Eragrostis perennis Döll","232882","GBIF","SP","Burman, A.G.","866","Native","Ouro","Bronze","https://images.cria.org.br/viewer/SP044168","Hotel Vila Inglesa."
"ÁREA DE PROTEÇÃO AMBIENTAL CAMPOS DO JORDÃO","Angiosperms","Poaceae","Eragrostis","polytricha","Nees","POACEAE Eragrostis polytricha Nees","26247","GBIF","IAC","Kok, E.A.","s/nº","Native","Ouro","Bronze",,
"ÁREA DE PROTEÇÃO AMBIENTAL CAMPOS DO JORDÃO","Angiosperms","Poaceae","Eragrostis","rufescens","Schrad. ex Schult.","POACEAE Eragrostis rufescens Schrad. ex Schult.","59178","GBIF","SPSF","Shirasuna, R.T.","5435","Native","Ouro","Ouro","https://images.cria.org.br/viewer/SPSF00059178","Parque Estadual de Campos do Jordão"
"ÁREA DE PROTEÇÃO AMBIENTAL CAMPOS DO JORDÃO","Angiosperms","Poaceae","Eriochrysis","filiformis","(Hack.) Filg.","POACEAE Eriochrysis filiformis (Hack.) Filg.","SPSF00057145","Splink","SPSF",,"5229","Native","Ouro","Ouro",,"Parque Estadual de Campos do Jordão."
"ÁREA DE PROTEÇÃO AMBIENTAL CAMPOS DO JORDÃO","Angiosperms","Poaceae","Festuca","fimbriata","Nees","POACEAE Festuca fimbriata Nees","IAN087217","Splink","IAN",,"3490","Native","Ouro","Bronze",,
"ÁREA DE PROTEÇÃO AMBIENTAL CAMPOS DO JORDÃO","Angiosperms","Poaceae","Festuca","ulochaeta","Nees ex Steud.","POACEAE Festuca ulochaeta Nees ex Steud.","105898","GBIF","SP","Kuhlmann, M.","2242","Native","Bronze","Bronze","https://images.cria.org.br/viewer/SP045175","Subida para o Pico do Itapeva."
"ÁREA DE PROTEÇÃO AMBIENTAL CAMPOS DO JORDÃO","Angiosperms","Poaceae","Gymnopogon","burchellii","(Munro ex Döll) Ekman","POACEAE Gymnopogon burchellii (Munro ex Döll) Ekman","57247","GBIF","SPSF","Shirasuna, R.T.","5268","Native","Ouro","Ouro","https://images.cria.org.br/viewer/SPSF00057247 | https://images.cria.org.br/viewer/SPSF00057247_v1 | https://images.cria.org.br/viewer/SPSF00057247_v2 | https://images.cria.org.br/viewer/SPSF00057247_v3 | https://images.cria.org.br/viewer/SPSF00057247_v4","Parque Estadual de Campos do Jordão"
"ÁREA DE PROTEÇÃO AMBIENTAL CAMPOS DO JORDÃO","Angiosperms","Poaceae","Gymnopogon","spicatus","(Spreng.) Kuntze","POACEAE Gymnopogon spicatus (Spreng.) Kuntze","58311","GBIF","SPSF","Shirasuna, R.T.","5409","Native","Ouro","Ouro","https://images.cria.org.br/viewer/SPSF00058311","Parque Estadual de Campos do Jordão"
"ÁREA DE PROTEÇÃO AMBIENTAL CAMPOS DO JORDÃO","Angiosperms","Poaceae","Hildaea","pallens","(Sw.) C.Silva & R.P.Oliveira","POACEAE Hildaea pallens (Sw.) C.Silva & R.P.Oliveira","8933","GBIF","IPA","Pickel, B.","5226","Native","Bronze","Bronze",,"Vila S. Adelaide. Na mata."
"ÁREA DE PROTEÇÃO AMBIENTAL CAMPOS DO JORDÃO","Angiosperms","Poaceae","Hildaea","ruprechtii","(Döll) C.Silva & R.P.Oliveira","POACEAE Hildaea ruprechtii (Döll) C.Silva & R.P.Oliveira","42969","GBIF","SP","Hashimoto, G.","334","Native","Bronze","Bronze",,
"ÁREA DE PROTEÇÃO AMBIENTAL CAMPOS DO JORDÃO","Angiosperms","Poaceae","Holcus","lanatus","L.","POACEAE Holcus lanatus L.","232874","GBIF","SP","Burman, A.G.","873","Naturalized","Bronze","Bronze","https://images.cria.org.br/viewer/SP033337","Jardins e imediações do Hotel Vila Inglesa."
"ÁREA DE PROTEÇÃO AMBIENTAL CAMPOS DO JORDÃO","Angiosperms","Poaceae","Homolepis","glutinosa","(Sw.) Zuloaga & Soderstr.","POACEAE Homolepis glutinosa (Sw.) Zuloaga & Soderstr.","57456","GBIF","SPSF","Shirasuna, R.T.","5352","Native","Ouro","Ouro","https://images.cria.org.br/viewer/SPSF00057456 | https://images.cria.org.br/viewer/SPSF00057456_v1 | https://images.cria.org.br/viewer/SPSF00057456_v2 | https://images.cria.org.br/viewer/SPSF00057456_v3","Parque Estadual de Campos do Jordão"
"ÁREA DE PROTEÇÃO AMBIENTAL CAMPOS DO JORDÃO","Angiosperms","Poaceae","Ichnanthus","minarum","(Nees) Döll","POACEAE Ichnanthus minarum (Nees) Döll","SPSF00015284","Splink","SPSF",,"284",,"Bronze","Ouro",,"P.E. de Campos do Jordão."
"ÁREA DE PROTEÇÃO AMBIENTAL CAMPOS DO JORDÃO","Angiosperms","Poaceae","Lolium","multiflorum","Lam.","POACEAE Lolium multiflorum Lam.","110569","Splink","ICN",,"2805","Cultivated","Ouro","Bronze",,
"ÁREA DE PROTEÇÃO AMBIENTAL CAMPOS DO JORDÃO",,"Poaceae","Lophocolea","martiana","Nees","POACEAE Lophocolea martiana Nees","7084","GBIF","IRAI","Gibertoni, R.S.","054",,"Bronze","Bronze",,"Condomínio Week Inn"
"ÁREA DE PROTEÇÃO AMBIENTAL CAMPOS DO JORDÃO","Angiosperms","Poaceae","Merostachys","brevigluma","Send.","POACEAE Merostachys brevigluma Send.","SP002559","Splink","SP",,"s.n.","Native","Ouro","Bronze",,"Alto da Ferradura"
"ÁREA DE PROTEÇÃO AMBIENTAL CAMPOS DO JORDÃO","Angiosperms","Poaceae","Nassella","sellowiana","(Nees ex Trin. & Rupr.) Peñail.","POACEAE Nassella sellowiana (Nees ex Trin. & Rupr.) Peñail.","55744","GBIF","SPSF","Ivanauskas, N.M.","6979","Native","Ouro","Ouro","https://images.cria.org.br/viewer/SPSF00055744","Parque Estadual de Campos do Jordão"
"ÁREA DE PROTEÇÃO AMBIENTAL CAMPOS DO JORDÃO","Angiosperms","Poaceae","Oedochloa","camporum","(Swallen) C.Silva & R.P.Oliveira","POACEAE Oedochloa camporum (Swallen) C.Silva & R.P.Oliveira","20794","GBIF","IPA","Andrade-Lima","69-5575","Native","Ouro","Bronze",,"Caminho para o Morro do Baú."
"ÁREA DE PROTEÇÃO AMBIENTAL CAMPOS DO JORDÃO","Angiosperms","Poaceae","Oedochloa","procurrens","(Nees ex Trin.) C.Silva & R.P.Oliveira","POACEAE Oedochloa procurrens (Nees ex Trin.) C.Silva & R.P.Oliveira","57491","GBIF","SPSF","Shirasuna, R.T.","5339","Native","Ouro","Ouro","https://images.cria.org.br/viewer/SPSF00057491 | https://images.cria.org.br/viewer/SPSF00057491_v1 | https://images.cria.org.br/viewer/SPSF00057491_v2 | https://images.cria.org.br/viewer/SPSF00057491_v3 | https://images.cria.org.br/viewer/SPSF00057491_v4 | https://images.cria.org.br/viewer/SPSF00057491_v5","Parque Estadual de Campos do Jordão"
"ÁREA DE PROTEÇÃO AMBIENTAL CAMPOS DO JORDÃO","Angiosperms","Poaceae","Panicum","aquaticum","Poir.","POACEAE Panicum aquaticum Poir.","131619","Splink","ICN",,"86","Native","Bronze","Ouro",,"Parque Estadual Campos Jordão"
"ÁREA DE PROTEÇÃO AMBIENTAL CAMPOS DO JORDÃO","Angiosperms","Poaceae","Panicum","miliaceum","L.","POACEAE Panicum miliaceum L.",,"GBIF",,,,"Naturalized","Latão","Bronze",,
"ÁREA DE PROTEÇÃO AMBIENTAL CAMPOS DO JORDÃO","Angiosperms","Poaceae","Panicum","millegrana","Poir.","POACEAE Panicum millegrana Poir.","55839","GBIF","SPSF","Ivanauskas, N.M.","7195","Native","Ouro","Ouro","https://images.cria.org.br/viewer/SPSF00055839","Parque Estadual de Campos do Jordão."
"ÁREA DE PROTEÇÃO AMBIENTAL CAMPOS DO JORDÃO","Angiosperms","Poaceae","Panicum","sellowii","Nees","POACEAE Panicum sellowii Nees","57376","GBIF","SPSF","Shirasuna, R.T.","5287","Native","Ouro","Ouro","https://images.cria.org.br/viewer/SPSF00057376 | https://images.cria.org.br/viewer/SPSF00057376_v1 | https://images.cria.org.br/viewer/SPSF00057376_v2 | https://images.cria.org.br/viewer/SPSF00057376_v3 | https://images.cria.org.br/viewer/SPSF00057376_v4 | https://images.cria.org.br/viewer/SPSF00057376_v5 | https://images.cria.org.br/viewer/SPSF00057376_v6","Parque Estadual de Campos do Jordão"
"ÁREA DE PROTEÇÃO AMBIENTAL CAMPOS DO JORDÃO","Angiosperms","Poaceae","Parodiophyllochloa","cordovensis","(E.Fourn.) Zuloaga & Morrone","POACEAE Parodiophyllochloa cordovensis (E.Fourn.) Zuloaga & Morrone","57379","GBIF","SPSF","Shirasuna, R.T.","5290","Native","Ouro","Ouro","https://images.cria.org.br/viewer/SPSF00057379 | https://images.cria.org.br/viewer/SPSF00057379_v1 | https://images.cria.org.br/viewer/SPSF00057379_v2 | https://images.cria.org.br/viewer/SPSF00057379_v3 | https://images.cria.org.br/viewer/SPSF00057379_v4 | https://images.cria.org.br/viewer/SPSF00057379_v5 | https://images.cria.org.br/viewer/SPSF00057379_v6","Parque Estadual de Campos do Jordão"
"ÁREA DE PROTEÇÃO AMBIENTAL CAMPOS DO JORDÃO","Angiosperms","Poaceae","Parodiophyllochloa","missiona","(Ekman) Zuloaga & Morrone","POACEAE Parodiophyllochloa missiona (Ekman) Zuloaga & Morrone","PACA027809","Splink","PACA",,,"Native","Ouro","Bronze",,
"ÁREA DE PROTEÇÃO AMBIENTAL CAMPOS DO JORDÃO","Angiosperms","Poaceae","Parodiophyllochloa","pantricha","(Hack.) Zuloaga & Morrone","POACEAE Parodiophyllochloa pantricha (Hack.) Zuloaga & Morrone","57375","GBIF","SPSF","Shirasuna, R.T.","5286","Native","Ouro","Ouro","https://images.cria.org.br/viewer/SPSF00057375 | https://images.cria.org.br/viewer/SPSF00057375_v1 | https://images.cria.org.br/viewer/SPSF00057375_v2 | https://images.cria.org.br/viewer/SPSF00057375_v3 | https://images.cria.org.br/viewer/SPSF00057375_v4 | https://images.cria.org.br/viewer/SPSF00057375_v5 | https://images.cria.org.br/viewer/SPSF00057375_v6 | https://images.cria.org.br/viewer/SPSF00057375_v7","Parque Estadual de Campos do Jordão"
"ÁREA DE PROTEÇÃO AMBIENTAL CAMPOS DO JORDÃO","Angiosperms","Poaceae","Paspalum","falcatum","Nees ex Steud.","POACEAE Paspalum falcatum Nees ex Steud.","RB00623310","GBIF","RB","Porto, P.C.","3302","Native","Ouro","Bronze","jbrj-public-img.s3-sa-east-1.amazonaws.com/JPG/rb/0/62/33/10/00623310.jpg",
"ÁREA DE PROTEÇÃO AMBIENTAL CAMPOS DO JORDÃO","Angiosperms","Poaceae","Paspalum","lineare","Trin.","POACEAE Paspalum lineare Trin.","033892","GBIF","ESA","Salino, A.","BHCB 31563","Native","Bronze","Bronze","https://images.cria.org.br/viewer/ESA033892",
"ÁREA DE PROTEÇÃO AMBIENTAL CAMPOS DO JORDÃO","Angiosperms","Poaceae","Paspalum","maculosum","Trin.","POACEAE Paspalum maculosum Trin.","8978","GBIF","IPA","Pickel, B.","5232","Native","Bronze","Bronze",,"Vila S. Adelaide"
"ÁREA DE PROTEÇÃO AMBIENTAL CAMPOS DO JORDÃO","Angiosperms","Poaceae","Paspalum","mandiocanum","Barreto","POACEAE Paspalum mandiocanum var. subaequiglume Barreto","CEN00025944","Splink","CEN",,,"Native","Ouro","Bronze",,
"ÁREA DE PROTEÇÃO AMBIENTAL CAMPOS DO JORDÃO","Angiosperms","Poaceae","Paspalum","notatum","Flüggé","POACEAE Paspalum notatum Flüggé","95656","GBIF","PACA","Windisch, P.G.","9156","Native","Bronze","Bronze",,"divisa com Pindamonhangaba Serra da Mantiqueira São José dos Alpes"
"ÁREA DE PROTEÇÃO AMBIENTAL CAMPOS DO JORDÃO","Angiosperms","Poaceae","Paspalum","paniculatum","L.","POACEAE Paspalum paniculatum L.","26261","GBIF","IAC","Kok, E.A.","s/nº","Native","Ouro","Bronze",,
"ÁREA DE PROTEÇÃO AMBIENTAL CAMPOS DO JORDÃO","Angiosperms","Poaceae","Paspalum","polyphyllum","Nees","POACEAE Paspalum polyphyllum Nees","232876","GBIF","SP","Burman, A.G.","864","Native","Ouro","Bronze","https://images.cria.org.br/viewer/SP039893","jardins e imediações do Hotel Vila Inglesa."
"ÁREA DE PROTEÇÃO AMBIENTAL CAMPOS DO JORDÃO","Angiosperms","Poaceae","Paspalum","pumilum","Nees","POACEAE Paspalum pumilum Nees","57246","GBIF","SPSF","Shirasuna, R.T.","5267","Native","Ouro","Ouro","https://images.cria.org.br/viewer/SPSF00057246","Parque Estadual de Campos do Jordão"
"ÁREA DE PROTEÇÃO AMBIENTAL CAMPOS DO JORDÃO","Angiosperms","Poaceae","Poa","bradei","Pilg.","POACEAE Poa bradei Pilg.","US 2678672","GBIF","US","Kuhlmann, M.","2242","Native","Latão","Bronze","https://collections.nmnh.si.edu/media/?i=14956850","Subida para o Pico do Itapeva."
"ÁREA DE PROTEÇÃO AMBIENTAL CAMPOS DO JORDÃO","Angiosperms","Poaceae","Poa","trivialis","L.","POACEAE Poa trivialis L.","73848","GBIF","HAS","Mattos, J.","16193","Cultivated","Latão","Ouro",,"Cultivado no Parque Estadual de Campos do Jordão."
"ÁREA DE PROTEÇÃO AMBIENTAL CAMPOS DO JORDÃO","Angiosperms","Poaceae","Poa","umbrosa","Trin.","POACEAE Poa umbrosa Trin.","K001077909","GBIF","K","Kuhlmann","2242B","Native","Ouro","Bronze","jbrj-public.s3-sa-east-1.amazonaws.com/fsi/server?type=image&source=DZI/kew/k/0/10/77/90/9/k001077909.dzi","Subida para o Pico do Itapera."
"ÁREA DE PROTEÇÃO AMBIENTAL CAMPOS DO JORDÃO",,"Poaceae","Pogonatum","campylocarpum","(Müll.Hal.) Mitt.","POACEAE Pogonatum campylocarpum (Müll.Hal.) Mitt.","191848","GBIF","SP-BRYOPHYTA","Yano, O.","9226",,"Bronze","Ouro",,"Parque Estadual de Campos do Jordão"
"ÁREA DE PROTEÇÃO AMBIENTAL CAMPOS DO JORDÃO",,"Poaceae","Pogonatum","pensilvanicum","(E.B.Bartram ex Hedw.) P.Beauv.","POACEAE Pogonatum pensilvanicum (E.B.Bartram ex Hedw.) P.Beauv.","191843","GBIF","SP-BRYOPHYTA","Yano, O.","9221",,"Bronze","Ouro",,"Parque Estadual de Campos do Jordão"
"ÁREA DE PROTEÇÃO AMBIENTAL CAMPOS DO JORDÃO","Angiosperms","Poaceae","Poidium","calotheca","(Trin.) Matthei","POACEAE Poidium calotheca (Trin.) Matthei","8802","GBIF","HUCS","Wasum, R.A.","s.n.",,"Prata","Ouro",,"Horto Municipal"
"ÁREA DE PROTEÇÃO AMBIENTAL CAMPOS DO JORDÃO","Angiosperms","Poaceae","Polypogon","elongatus","Kunth","POACEAE Polypogon elongatus Kunth","131600","Splink","ICN",,"133","Native","Ouro","Bronze",,"FIT Park brejo localizado ao lado do orquidário"
"ÁREA DE PROTEÇÃO AMBIENTAL CAMPOS DO JORDÃO","Angiosperms","Poaceae","Pseudechinolaena","polystachya","(Kunth) Stapf","POACEAE Pseudechinolaena polystachya (Kunth) Stapf","180474","GBIF","UB","Carvalho-Silva, M.","1261","Native","Ouro","Bronze",,
"ÁREA DE PROTEÇÃO AMBIENTAL CAMPOS DO JORDÃO","Angiosperms","Poaceae","Saccharum","angustifolium","(Nees) Trin.","POACEAE Saccharum angustifolium (Nees) Trin.","HRB00010479","Splink","HRB",,"92","Native","Latão","Bronze",,"A.J. dos Alpes e Campos do Moreira Folha Cartográfica SF.23-Y-B."
"ÁREA DE PROTEÇÃO AMBIENTAL CAMPOS DO JORDÃO","Angiosperms","Poaceae","Saccharum","asperum","(Nees) Steud.","POACEAE Saccharum asperum (Nees) Steud.","199719","GBIF","SP","Porto, P.C.","3303","Native","Bronze","Bronze",,
"ÁREA DE PROTEÇÃO AMBIENTAL CAMPOS DO JORDÃO",,"Poaceae",,,"Schizachyrium","POACEAE Schizachyrium","134646","Splink","ICN",,"9135",,"Ouro","Bronze",,"divisa com Pindamonhangaba Serra da Mantiqueira São José dos Alpes"
"ÁREA DE PROTEÇÃO AMBIENTAL CAMPOS DO JORDÃO","Angiosperms","Poaceae","Schizachyrium","condensatum","(Kunth) Nees","POACEAE Schizachyrium condensatum (Kunth) Nees","57244","GBIF","SPSF","Shirasuna, R.T.","4265","Native","Ouro","Ouro","https://images.cria.org.br/viewer/SPSF00057244 | https://images.cria.org.br/viewer/SPSF00057244_v1 | https://images.cria.org.br/viewer/SPSF00057244_v2 | https://images.cria.org.br/viewer/SPSF00057244_v3 | https://images.cria.org.br/viewer/SPSF00057244_v4 | https://images.cria.org.br/viewer/SPSF00057244_v5","Parque Estadual de Campos do Jordão"
"ÁREA DE PROTEÇÃO AMBIENTAL CAMPOS DO JORDÃO","Angiosperms","Poaceae","Schizachyrium","hatschbachii","Peichoto","POACEAE Schizachyrium hatschbachii Peichoto","58313","GBIF","SPSF","Shirasuna, R.T.","5411","Native","Ouro","Ouro","https://images.cria.org.br/viewer/SPSF00058313","Parque Estadual de Campos do Jordão"
"ÁREA DE PROTEÇÃO AMBIENTAL CAMPOS DO JORDÃO","Angiosperms","Poaceae","Schizachyrium","microstachyum","(Desv. ex Ham.) Roseng., B.R.Arrill. & Izag.","POACEAE Schizachyrium microstachyum (Desv. ex Ham.) Roseng., B.R.Arrill. & Izag.","47833","GBIF","SPSF","Barreto, T.E.","168","Native","Ouro","Ouro","https://images.cria.org.br/viewer/SPSF00047833","Parque Estadual de Campos do Jordão."
"ÁREA DE PROTEÇÃO AMBIENTAL CAMPOS DO JORDÃO","Angiosperms","Poaceae","Schizachyrium","tenerum","Nees","POACEAE Schizachyrium tenerum Nees","134664","Splink","ICN",,"9159","Native","Ouro","Bronze",,"divisa com Pindamonhangaba Serra da Mantiqueira São José dos Alpes"
"ÁREA DE PROTEÇÃO AMBIENTAL CAMPOS DO JORDÃO","Angiosperms","Poaceae","Setaria","scabrifolia","(Nees) Kunth","POACEAE Setaria scabrifolia (Nees) Kunth","SPSF00054646","Splink","SPSF",,"5469","Native","Ouro","Ouro",,"Campo natural de altitude em restauração após supressão de talhão de pinus. Parque Estadual de Campos do Jordão."
"ÁREA DE PROTEÇÃO AMBIENTAL CAMPOS DO JORDÃO","Angiosperms","Poaceae","Setaria","vaginata","Spreng.","POACEAE Setaria vaginata Spreng.","232883","GBIF","SP","Burman, A.G.","865","Native","Ouro","Bronze",,"Jardins e imediações do Hotel Vila Inglesa."
"ÁREA DE PROTEÇÃO AMBIENTAL CAMPOS DO JORDÃO","Angiosperms","Poaceae","Sorghastrum","scaberrimum","(Nees) Herter","POACEAE Sorghastrum scaberrimum (Nees) Herter","PACA027801","Splink","PACA",,,"Native","Ouro","Bronze",,
"ÁREA DE PROTEÇÃO AMBIENTAL CAMPOS DO JORDÃO","Angiosperms","Poaceae","Sporobolus","adustus","(Trin.) Roseng., B.R. Arrill. & Izag.","POACEAE Sporobolus adustus (Trin.) Roseng., B.R. Arrill. & Izag.","232877","GBIF","SP","Burman, A.G.","872","Native","Ouro","Bronze","https://images.cria.org.br/viewer/SP038558","Jardins e imediações do Hotel Vila Inglesa."
"ÁREA DE PROTEÇÃO AMBIENTAL CAMPOS DO JORDÃO","Angiosperms","Poaceae","Sporobolus","aeneus","(Doll) S. Denham & Aliscioni","POACEAE Sporobolus aeneus var. angustifolius (Doll) S. Denham & Aliscioni","US 2043740","GBIF","US",,"5921","Native","Latão","Bronze","https://collections.nmnh.si.edu/media/?i=15255973","em campo alto."
"ÁREA DE PROTEÇÃO AMBIENTAL CAMPOS DO JORDÃO","Angiosperms","Poaceae","Sporobolus","aeneus","(Nees ex Trin.) S. Denham & Aliscioni","POACEAE Sporobolus aeneus var. eximius (Nees ex Trin.) S. Denham & Aliscioni","9085","GBIF","IPA","Pickel, B.","5921","Native","Bronze","Bronze",,"em campo alto."
"ÁREA DE PROTEÇÃO AMBIENTAL CAMPOS DO JORDÃO","Angiosperms","Poaceae","Sporobolus","indicus","(L.) R.Br.","POACEAE Sporobolus indicus (L.) R.Br.","57457","GBIF","SPSF","Shirasuna, R.T.","5353","Native","Ouro","Ouro","https://images.cria.org.br/viewer/SPSF00057457 | https://images.cria.org.br/viewer/SPSF00057457_v1 | https://images.cria.org.br/viewer/SPSF00057457_v2 | https://images.cria.org.br/viewer/SPSF00057457_v3","Parque Estadual de Campos do Jordão"
"ÁREA DE PROTEÇÃO AMBIENTAL CAMPOS DO JORDÃO","Angiosperms","Poaceae","Sporobolus","pseudairoides","Parodi","POACEAE Sporobolus pseudairoides Parodi","58317","GBIF","SPSF","Shirasuna, R.T.","5415","Native","Ouro","Ouro","https://images.cria.org.br/viewer/SPSF00058317","Parque Estadual de Campos do Jordão"
"ÁREA DE PROTEÇÃO AMBIENTAL CAMPOS DO JORDÃO","Angiosperms","Poaceae","Streptogyna",,"P.Beauv.","POACEAE Streptogyna P.Beauv.","178846","GBIF","UB","Soares, A.E.R.","2007",,"Latão","Ouro",,"Parque Estadual de Campos do Jordão."
"ÁREA DE PROTEÇÃO AMBIENTAL CAMPOS DO JORDÃO",,"Poaceae","Streptopogon","calymperes","Müll.Hal.","POACEAE Streptopogon calymperes Müll.Hal.","2048836","GBIF","NY","Buck, W.R.","26342A",,"Bronze","Bronze",,"Mun. Pindamonhangaba. Serra da Mantiqueira, Pico de Itapeva, 6 km SE of Campos do Jordão."
"ÁREA DE PROTEÇÃO AMBIENTAL CAMPOS DO JORDÃO","Angiosperms","Poaceae","Trachypogon","spicatus","(L.f.) Kuntze","POACEAE Trachypogon spicatus (L.f.) Kuntze","IAN062418","GBIF","IAN","Porto, C.","3299","Native","Ouro","Bronze","jbrj-public.s3-sa-east-1.amazonaws.com/fsi/server?type=image&source=DZI/ian/ian/0/6/24/18/ian00062418.dzi",
"ÁREA DE PROTEÇÃO AMBIENTAL CAMPOS DO JORDÃO","Angiosperms","Poaceae","Trachypogon","vestitus","Andersson","POACEAE Trachypogon vestitus Andersson","57498","GBIF","SPSF","Shirasuna, R.T.","5346","Native","Ouro","Ouro","https://images.cria.org.br/viewer/SPSF00057498 | https://images.cria.org.br/viewer/SPSF00057498_v1 | https://images.cria.org.br/viewer/SPSF00057498_v2 | https://images.cria.org.br/viewer/SPSF00057498_v3 | https://images.cria.org.br/viewer/SPSF00057498_v4","Parque Estadual de Campos do Jordão"
"ÁREA DE PROTEÇÃO AMBIENTAL CAMPOS DO JORDÃO","Angiosperms","Poaceae","Trichanthecium","distichophyllum","(Spreng.) Zuloaga & Morrone","POACEAE Trichanthecium distichophyllum (Spreng.) Zuloaga & Morrone","47183","GBIF","SP","Kuhlmann, M.","2217","Native","Bronze","Bronze","https://images.cria.org.br/viewer/SP035944","Pico do Itapeva."
"ÁREA DE PROTEÇÃO AMBIENTAL CAMPOS DO JORDÃO","Angiosperms","Poaceae","Trichanthecium","schwackeanum","(Mez) Zuloaga & Morrone","POACEAE Trichanthecium schwackeanum (Mez) Zuloaga & Morrone","57374","GBIF","SPSF","Shirasuna, R.T.","5285","Native","Ouro","Ouro","https://images.cria.org.br/viewer/SPSF00057374 | https://images.cria.org.br/viewer/SPSF00057374_v1 | https://images.cria.org.br/viewer/SPSF00057374_v2 | https://images.cria.org.br/viewer/SPSF00057374_v3","Parque Estadual de Campos do Jordão"
"ÁREA DE PROTEÇÃO AMBIENTAL CAMPOS DO JORDÃO","Angiosperms","Poaceae","Vulpia","bromoides","(L.) Gray","POACEAE Vulpia bromoides (L.) Gray","232846","GBIF","SP","Burman, A.G.","874","Naturalized","Bronze","Bronze","https://images.cria.org.br/viewer/SP039823","Jardins e imediações do Hotel Vile Inglesa."
"ÁREA DE PROTEÇÃO AMBIENTAL CAMPOS DO JORDÃO","Gymnosperms","Podocarpaceae","Podocarpus","lambertii","Klotzsch ex Endl.","PODOCARPACEAE Podocarpus lambertii Klotzsch ex Endl.","ICN00028765","Splink","ICN",,"850","Native","Ouro","Bronze",,
"ÁREA DE PROTEÇÃO AMBIENTAL CAMPOS DO JORDÃO","Gymnosperms","Podocarpaceae","Podocarpus","sellowii","Klotzsch ex Endl.","PODOCARPACEAE Podocarpus sellowii Klotzsch ex Endl.","SPSF00000602","Splink","SPSF",,,"Native","Latão","Bronze",,"mata."
"ÁREA DE PROTEÇÃO AMBIENTAL CAMPOS DO JORDÃO","Gymnosperms","Podocarpaceae","Podocarpus","transiens","(Pilg.) de Laub.","PODOCARPACEAE Podocarpus transiens (Pilg.) de Laub.","145797","GBIF","R","Emmerich, W.","31","Native","Ouro","Bronze","https://images.cria.org.br/viewer/R010095767",
"ÁREA DE PROTEÇÃO AMBIENTAL CAMPOS DO JORDÃO","Angiosperms","Podostemaceae","Podostemum","muelleri","Warm.","PODOSTEMACEAE Podostemum muelleri Warm.","262764","GBIF","SP","Yano, O.","19544","Native","Bronze","Ouro",,"Parque Estadual de Campos do Jordão, Mirante das Cachoeiras"
"ÁREA DE PROTEÇÃO AMBIENTAL CAMPOS DO JORDÃO","Angiosperms","Polemoniaceae","Cobaea","scandens","Cav.","POLEMONIACEAE Cobaea scandens Cav.","195861685","GBIF","Observations","Victor, J.",,"Naturalized","Bronze","Bronze",,"Vila Floresta, Campos do Jordão - SP, 12460-000, Brasil"
"ÁREA DE PROTEÇÃO AMBIENTAL CAMPOS DO JORDÃO","Angiosperms","Polemoniaceae","Phlox",,"L.","POLEMONIACEAE Phlox L.","PACA027914","Splink","PACA",,,,"Prata","Bronze",,
"ÁREA DE PROTEÇÃO AMBIENTAL CAMPOS DO JORDÃO","Angiosperms","Polygalaceae","Caamembeca","insignis","(Chodat) J.F.B.Pastore","POLYGALACEAE Caamembeca insignis (Chodat) J.F.B.Pastore","637","Splink","CTBS",,"307","Native","Ouro","Bronze",,"Parque Estadual, estrada para São José dos Alpes."
"ÁREA DE PROTEÇÃO AMBIENTAL CAMPOS DO JORDÃO","Angiosperms","Polygalaceae","Caamembeca","salicifolia","(Poir.) J.F.B.Pastore","POLYGALACEAE Caamembeca salicifolia (Poir.) J.F.B.Pastore","PACA027820","Splink","PACA",,,"Native","Ouro","Bronze",,
"ÁREA DE PROTEÇÃO AMBIENTAL CAMPOS DO JORDÃO","Angiosperms","Polygalaceae","Monnina","richardiana","A.St.-Hil. & Moq.","POLYGALACEAE Monnina richardiana A.St.-Hil. & Moq.","SPSF00015579","Splink","SPSF",,"756","Native","Ouro","Ouro",,"P.E. de Campos do Jordão."
"ÁREA DE PROTEÇÃO AMBIENTAL CAMPOS DO JORDÃO","Angiosperms","Polygalaceae","Polygala",,"L.","POLYGALACEAE Polygala L.","2254","Splink","MACK",,"44",,"Bronze","Bronze",,
"ÁREA DE PROTEÇÃO AMBIENTAL CAMPOS DO JORDÃO","Angiosperms","Polygalaceae","Securidaca",,"L.","POLYGALACEAE Securidaca L.","15636","GBIF","BOTU","Amaral Junior, A.Y.","2",,"Latão","Bronze",,"Pico do Itapeva."
"ÁREA DE PROTEÇÃO AMBIENTAL CAMPOS DO JORDÃO","Angiosperms","Polygalaceae","Senega","aphylla","(A.W.Benn.) J.F.B.Pastore","POLYGALACEAE Senega aphylla (A.W.Benn.) J.F.B.Pastore","13048","GBIF","UEC","Davis, P.H.","3070","Native","Bronze","Bronze","https://images.cria.org.br/viewer/UEC061427","Reserva do Instituto Florestal. Estrada do Moreira para São José dos Alpes, perto da colônia."
"ÁREA DE PROTEÇÃO AMBIENTAL CAMPOS DO JORDÃO","Angiosperms","Polygalaceae","Senega","brasiliensis","(L.) J.F.B.Pastore","POLYGALACEAE Senega brasiliensis (L.) J.F.B.Pastore","070018","GBIF","UEC","Sciamarelli, A.","26550","Native","Ouro","Bronze","https://images.cria.org.br/viewer/UEC088004","Pico do Itapeva."
"ÁREA DE PROTEÇÃO AMBIENTAL CAMPOS DO JORDÃO","Angiosperms","Polygalaceae","Senega","campestris","(Gardner) J.F.B.Pastore","POLYGALACEAE Senega campestris (Gardner) J.F.B.Pastore","UEC061425","Splink","UEC",,"1289","Native","Ouro","Bronze",,"Estrada para São José dos Alpes. Campos de Altitude entremeados por matas."
"ÁREA DE PROTEÇÃO AMBIENTAL CAMPOS DO JORDÃO","Angiosperms","Polygalaceae","Senega","cneorum","(A.St.-Hil. & Moq.) J.F.B.Pastore","POLYGALACEAE Senega cneorum (A.St.-Hil. & Moq.) J.F.B.Pastore","SPSF00018228","Splink","SPSF",,"1283","Native","Ouro","Bronze",,"São José dos Alpes."
"ÁREA DE PROTEÇÃO AMBIENTAL CAMPOS DO JORDÃO","Angiosperms","Polygalaceae","Senega","cuspidata","(A.W.Benn.) J.F.B.Pastore","POLYGALACEAE Senega cuspidata var. comata (A.W.Benn.) J.F.B.Pastore","5598","GBIF","UB","Gomes Junior, J.C.","1658","Native","Ouro","Bronze",,"Estrada do areal, Vale do rio Coxim."
"ÁREA DE PROTEÇÃO AMBIENTAL CAMPOS DO JORDÃO","Angiosperms","Polygalaceae","Senega","glaziovii","(Chodat) J.F.B.Pastore","POLYGALACEAE Senega glaziovii (Chodat) J.F.B.Pastore","13030","GBIF","UEC","Davis, P.H.","3071","Native","Ouro","Bronze","https://images.cria.org.br/viewer/UEC088017","Reserva do Instituto Florestal. Estrada do Moreira para São José dos Alpes, perto da colônia."
"ÁREA DE PROTEÇÃO AMBIENTAL CAMPOS DO JORDÃO","Angiosperms","Polygalaceae","Senega","lancifolia","(A.St.-Hil. & Moq.) J.F.B.Pastore","POLYGALACEAE Senega lancifolia (A.St.-Hil. & Moq.) J.F.B.Pastore","8762","Splink","CTBS",,,"Native","Ouro","Bronze",,
"ÁREA DE PROTEÇÃO AMBIENTAL CAMPOS DO JORDÃO","Angiosperms","Polygalaceae","Senega","linoides","(Poir.) J.F.B.Pastore","POLYGALACEAE Senega linoides (Poir.) J.F.B.Pastore","110556","Splink","ICN",,"2792","Native","Ouro","Bronze",,
"ÁREA DE PROTEÇÃO AMBIENTAL CAMPOS DO JORDÃO","Angiosperms","Polygalaceae","Senega","moquiniana","(A.St.-Hil. & Moq.) J.F.B.Pastore","POLYGALACEAE Senega moquiniana (A.St.-Hil. & Moq.) J.F.B.Pastore","070011","GBIF","UEC","Sciamarelli, A.","26554","Native","Ouro","Bronze","https://images.cria.org.br/viewer/UEC088130","Pico do Itapeva."
"ÁREA DE PROTEÇÃO AMBIENTAL CAMPOS DO JORDÃO","Angiosperms","Polygalaceae","Senega","paniculata","(L.) J.F.B.Pastore & J.R.Abbott","POLYGALACEAE Senega paniculata (L.) J.F.B.Pastore & J.R.Abbott","47839","GBIF","SPSF","Barreto, T.E.","137","Native","Latão","Ouro","https://images.cria.org.br/viewer/SPSF00047839","Parque Estadual de Campos do Jordão."
"ÁREA DE PROTEÇÃO AMBIENTAL CAMPOS DO JORDÃO","Angiosperms","Polygalaceae","Senega","pulchella","(A.St.-Hil. & Moq.) J.F.B.Pastore","POLYGALACEAE Senega pulchella (A.St.-Hil. & Moq.) J.F.B.Pastore","RB00319613","GBIF","RB","Khulmann, M.","2212","Native","Ouro","Bronze","jbrj-public-img.s3-sa-east-1.amazonaws.com/JPG/rb/0/31/96/13/00319613.jpg","Pico do Itapeva"
"ÁREA DE PROTEÇÃO AMBIENTAL CAMPOS DO JORDÃO","Angiosperms","Polygalaceae","Senega","sellowiana","(A.St.-Hil. & Moq.) J.F.B.Pastore","POLYGALACEAE Senega sellowiana (A.St.-Hil. & Moq.) J.F.B.Pastore","PACA027904","Splink","PACA",,,"Native","Ouro","Bronze",,
"ÁREA DE PROTEÇÃO AMBIENTAL CAMPOS DO JORDÃO","Angiosperms","Polygonaceae","Polygonum","acuminatum","Kunth","POLYGONACEAE Polygonum acuminatum Kunth","PACA027912","Splink","PACA",,,"Native","Bronze","Bronze",,
"ÁREA DE PROTEÇÃO AMBIENTAL CAMPOS DO JORDÃO","Angiosperms","Polygonaceae","Polygonum","aviculare","L.","POLYGONACEAE Polygonum aviculare L.",,"GBIF",,,,"Naturalized","Latão","Bronze",,
"ÁREA DE PROTEÇÃO AMBIENTAL CAMPOS DO JORDÃO","Angiosperms","Polygonaceae","Polygonum","capitatum","Buch.-Ham. ex D.Don","POLYGONACEAE Polygonum capitatum Buch.-Ham. ex D.Don","221176022","GBIF","Observations","Glm_wildlife",,"Naturalized","Bronze","Bronze",,"Lot Valeu Noiva, Campos do Jordão - SP, 12460-000, Brasil"
"ÁREA DE PROTEÇÃO AMBIENTAL CAMPOS DO JORDÃO","Angiosperms","Polygonaceae","Polygonum","hydropiperoides","Michx.","POLYGONACEAE Polygonum hydropiperoides Michx.","SPF00163218","Splink","SPF",,"16349","Native","Ouro","Ouro",,"Parque Estadual de Campos do Jordão"
"ÁREA DE PROTEÇÃO AMBIENTAL CAMPOS DO JORDÃO","Angiosperms","Polygonaceae","Polygonum","persicaria","L.","POLYGONACEAE Polygonum persicaria L.","UPCB0070664","Splink","UPCB",,"260","Naturalized","Bronze","Bronze",,"Estrada para Taubaté."
"ÁREA DE PROTEÇÃO AMBIENTAL CAMPOS DO JORDÃO",,"Polygonaceae","Polygonum","portoricense",,"POLYGONACEAE Polygonum portoricense","PACA027818","Splink","PACA",,,,"Ouro","Bronze",,
"ÁREA DE PROTEÇÃO AMBIENTAL CAMPOS DO JORDÃO","Angiosperms","Polygonaceae","Rumex","acetosella","L.","POLYGONACEAE Rumex acetosella L.","PACA027760","Splink","PACA",,,"Naturalized","Ouro","Bronze",,
"ÁREA DE PROTEÇÃO AMBIENTAL CAMPOS DO JORDÃO","Angiosperms","Polygonaceae","Rumex","obtusifolius","L.","POLYGONACEAE Rumex obtusifolius L.","SPSF00014316","Splink","SPSF",,"702","Naturalized","Latão","Bronze",,"Morro do Elefante."
"ÁREA DE PROTEÇÃO AMBIENTAL CAMPOS DO JORDÃO","Ferns and Lycophytes","Polypodiaceae","Alansmia","senilis","(Fée) Moguel & M. Kessler","POLYPODIACEAE Alansmia senilis (Fée) Moguel & M. Kessler","42846","GBIF","BHCB","Salino, A.","555","Native","Bronze","Ouro",,"Parque Estadual - Horto Florestal"
"ÁREA DE PROTEÇÃO AMBIENTAL CAMPOS DO JORDÃO","Ferns and Lycophytes","Polypodiaceae","Campyloneurum","angustifolium","(Sw.) Fée","POLYPODIACEAE Campyloneurum angustifolium (Sw.) Fée","03231","GBIF","SJRP","Amorim, L.","10","Native","Ouro","Bronze","https://images.cria.org.br/viewer/SJRP00017173","arredores."
"ÁREA DE PROTEÇÃO AMBIENTAL CAMPOS DO JORDÃO","Ferns and Lycophytes","Polypodiaceae","Campyloneurum","austrobrasilianum","(Alston) de la Sota","POLYPODIACEAE Campyloneurum austrobrasilianum (Alston) de la Sota","PEL1004081","Splink","PEL",,"3211","Native","Bronze","Bronze",,"Campos de Jordão."
"ÁREA DE PROTEÇÃO AMBIENTAL CAMPOS DO JORDÃO","Ferns and Lycophytes","Polypodiaceae","Campyloneurum","fallax","Fée","POLYPODIACEAE Campyloneurum fallax Fée","PACA074381","Splink","PACA",,"4202","Native","Bronze","Bronze",,
"ÁREA DE PROTEÇÃO AMBIENTAL CAMPOS DO JORDÃO","Ferns and Lycophytes","Polypodiaceae","Campyloneurum","lapathifolium","(Poir.) Ching","POLYPODIACEAE Campyloneurum lapathifolium (Poir.) Ching","37732","GBIF","SPSF","Ivanauskas, N.M.","239","Native","Bronze","Ouro","https://images.cria.org.br/viewer/SPSF00037732","Parque Estadual de Campos do Jordão"
"ÁREA DE PROTEÇÃO AMBIENTAL CAMPOS DO JORDÃO",,"Polypodiaceae","Campyloneurum","major","(Hieron. ex Hicken) Lellinger","POLYPODIACEAE Campyloneurum major (Hieron. ex Hicken) Lellinger","17862","GBIF","UEC","Davis, P.H.","3066",,"Bronze","Bronze","https://images.cria.org.br/viewer/UEC060075","Reserva do Insituto Florestal., Estrada do Moreira para São José dos Alpes, perto da colônia."
"ÁREA DE PROTEÇÃO AMBIENTAL CAMPOS DO JORDÃO","Ferns and Lycophytes","Polypodiaceae","Campyloneurum","nitidum","(Kaulf.) C.Presl","POLYPODIACEAE Campyloneurum nitidum (Kaulf.) C.Presl","HRCB058019","Splink","HRCB",,"402","Native","Latão","Bronze",,
"ÁREA DE PROTEÇÃO AMBIENTAL CAMPOS DO JORDÃO","Ferns and Lycophytes","Polypodiaceae","Campyloneurum","phyllitidis","(L.) C.Presl","POLYPODIACEAE Campyloneurum phyllitidis (L.) C.Presl","PACA111566","Splink","PACA",,,"Native","Prata","Bronze",,
"ÁREA DE PROTEÇÃO AMBIENTAL CAMPOS DO JORDÃO","Ferns and Lycophytes","Polypodiaceae","Ceradenia","albidula","(Baker) L.E. Bishop","POLYPODIACEAE Ceradenia albidula (Baker) L.E. Bishop","UVMVT205075","GBIF","VT","Hirai, R.Y.","617","Native","Ouro","Bronze",,"Campos de Jordao, Parque Estudual de Campos de Jordao"
"ÁREA DE PROTEÇÃO AMBIENTAL CAMPOS DO JORDÃO",,"Polypodiaceae","Ceratonia","siliqua",,"POLYPODIACEAE Ceratonia siliqua","SPSF00009066","Splink","SPSF",,,,"Latão","Bronze",,"Parque Estadual do Instituto Florestal."
"ÁREA DE PROTEÇÃO AMBIENTAL CAMPOS DO JORDÃO","Ferns and Lycophytes","Polypodiaceae","Cochlidium","punctatum","(Raddi) L.E.Bishop","POLYPODIACEAE Cochlidium punctatum (Raddi) L.E.Bishop","287389","GBIF","MBM","Labiak, P.","876","Native","Ouro","Bronze","https://images.cria.org.br/viewer/MBM287389","Pico do Itapeva."
"ÁREA DE PROTEÇÃO AMBIENTAL CAMPOS DO JORDÃO",,"Polypodiaceae","Grammitis","albidula","(Baker) C.V.Morton","POLYPODIACEAE Grammitis albidula (Baker) C.V.Morton","19230","GBIF","IAC",,"s/nº",,"Bronze","Bronze",,
"ÁREA DE PROTEÇÃO AMBIENTAL CAMPOS DO JORDÃO",,"Polypodiaceae","Grammitis","apiculata","(Kunze ex Klotzsch) F.Seym.","POLYPODIACEAE Grammitis apiculata (Kunze ex Klotzsch) F.Seym.","17844","GBIF","UEC","Davis, P.H.","3001",,"Bronze","Ouro","https://images.cria.org.br/viewer/UEC052476","Reserva do Instituto Florestal, São José dos Alpes, ao lado de Guaratinguetá."
"ÁREA DE PROTEÇÃO AMBIENTAL CAMPOS DO JORDÃO","Ferns and Lycophytes","Polypodiaceae","Lellingeria","apiculata","(Kunze ex Klotzsch) A.R.Sm. & R.C.Moran","POLYPODIACEAE Lellingeria apiculata (Kunze ex Klotzsch) A.R.Sm. & R.C.Moran","108921","GBIF","UPCB","Oliveira, J.A.","828","Native","Ouro","Bronze","https://images.cria.org.br/viewer/UPCB0068767","Mirante Ferradura."
"ÁREA DE PROTEÇÃO AMBIENTAL CAMPOS DO JORDÃO","Ferns and Lycophytes","Polypodiaceae","Leucotrichum","organense","(Gardner) Labiak","POLYPODIACEAE Leucotrichum organense (Gardner) Labiak","49607","GBIF","UPCB","Prado, J.","1041","Native","Ouro","Bronze","https://images.cria.org.br/viewer/UPCB0007093","Pico do Itapeva, Subida do pico."
"ÁREA DE PROTEÇÃO AMBIENTAL CAMPOS DO JORDÃO",,"Polypodiaceae","Marginaria","pleopeltidis","(Fée) Pic.Serm.","POLYPODIACEAE Marginaria pleopeltidis (Fée) Pic.Serm.","BM001026486","GBIF","BM","Loeite, E.","3524",,"Latão","Bronze",,"Campo do Jordao"
"ÁREA DE PROTEÇÃO AMBIENTAL CAMPOS DO JORDÃO","Ferns and Lycophytes","Polypodiaceae","Melpomene","flabelliformis","(Poir.) A.R.Sm. & R.C.Moran","POLYPODIACEAE Melpomene flabelliformis (Poir.) A.R.Sm. & R.C.Moran","57363","GBIF","UPCB","Labiak, P.H.","659","Native","Ouro","Bronze","https://images.cria.org.br/viewer/UPCB0007129","Campos do Jordão."
"ÁREA DE PROTEÇÃO AMBIENTAL CAMPOS DO JORDÃO",,"Polypodiaceae","Melpomene","flaselliformis","Poir.","POLYPODIACEAE Melpomene flaselliformis Poir.","06281","GBIF","SJRP","Ollgaard, B.","2958",,"Ouro","Bronze",,"divisa com Pindamonhan."
"ÁREA DE PROTEÇÃO AMBIENTAL CAMPOS DO JORDÃO","Ferns and Lycophytes","Polypodiaceae","Melpomene","moniliformis","(Lag. ex Sw.) A.R.Sm. & R.C.Moran","POLYPODIACEAE Melpomene moniliformis (Lag. ex Sw.) A.R.Sm. & R.C.Moran","3346163","GBIF","MO","Gotz","3088","Native","Bronze","Bronze",,"Campos de jordão."
"ÁREA DE PROTEÇÃO AMBIENTAL CAMPOS DO JORDÃO","Ferns and Lycophytes","Polypodiaceae","Melpomene","pilosissima","(M.Martens & Galeotti) A.R.Sm. & R.C.Moran","POLYPODIACEAE Melpomene pilosissima (M.Martens & Galeotti) A.R.Sm. & R.C.Moran","409905","GBIF","TAIF","Hirai, R.Y.","619","Unknown","Ouro","Bronze",,"Campos do Jordao Municipality"
"ÁREA DE PROTEÇÃO AMBIENTAL CAMPOS DO JORDÃO","Ferns and Lycophytes","Polypodiaceae","Microgramma","squamulosa","(Kaulf.) de la Sota","POLYPODIACEAE Microgramma squamulosa (Kaulf.) de la Sota","RB01425379","GBIF","RB","Prado, J.","2303","Native","Ouro","Bronze","jbrj-public-img.s3-sa-east-1.amazonaws.com/JPG/rb/1/42/53/79/01425379.jpg","Estrada para o Circuito Água Santa. N-NE. Margem da estrada"
"ÁREA DE PROTEÇÃO AMBIENTAL CAMPOS DO JORDÃO","Ferns and Lycophytes","Polypodiaceae","Microgramma","vacciniifolia","(Langsd. & Fisch.) Copel.","POLYPODIACEAE Microgramma vacciniifolia (Langsd. & Fisch.) Copel.","06392","GBIF","SJRP","Windisch, P.G.","2975","Native","Ouro","Bronze",,"São José dos Alpes."
"ÁREA DE PROTEÇÃO AMBIENTAL CAMPOS DO JORDÃO","Ferns and Lycophytes","Polypodiaceae","Micropolypodium",,"Hayata","POLYPODIACEAE Micropolypodium Hayata","21793","GBIF","HEPH","Rodrigues Junior, C.E.","1007",,"Bronze","Ouro",,"Parque Estadual de Campos do Jordão estrada de acesso a Itajoba"
"ÁREA DE PROTEÇÃO AMBIENTAL CAMPOS DO JORDÃO","Ferns and Lycophytes","Polypodiaceae","Moranopteris","achilleifolia","(Kaulf.) R.Y. Hirai & J. Prado","POLYPODIACEAE Moranopteris achilleifolia (Kaulf.) R.Y. Hirai & J. Prado","8893","GBIF","HRCB","Furlan, A.","528","Native","Ouro","Bronze",,
"ÁREA DE PROTEÇÃO AMBIENTAL CAMPOS DO JORDÃO","Ferns and Lycophytes","Polypodiaceae","Niphidium","rufosquamatum","Lellinger","POLYPODIACEAE Niphidium rufosquamatum Lellinger","2483085","Splink","MO-DUPLICATES",,"3634","Native","Bronze","Bronze",,"Campos do Jordão"
"ÁREA DE PROTEÇÃO AMBIENTAL CAMPOS DO JORDÃO","Ferns and Lycophytes","Polypodiaceae","Pecluma","paradiseae","(Langsd. & Fisch.) M.G.Price","POLYPODIACEAE Pecluma paradiseae (Langsd. & Fisch.) M.G.Price","102497567","Splink","MO-DUPLICATES",,"1470","Native","Ouro","Bronze",,"Campos do Jordão. Serra da Mantiqueira: NE of Campos do Jordão, off Estrada do Fójo, about 0.5 km E of its intersection with Avenida Pedro Paulo."
"ÁREA DE PROTEÇÃO AMBIENTAL CAMPOS DO JORDÃO","Ferns and Lycophytes","Polypodiaceae","Pecluma","pectinatiformis","(Lindm.) M.G.Price","POLYPODIACEAE Pecluma pectinatiformis (Lindm.) M.G.Price","RB00690560","GBIF","RB","Porto, P.C.","3090","Native","Ouro","Bronze","jbrj-public-img.s3-sa-east-1.amazonaws.com/JPG/rb/0/69/5/60/00690560.jpg",
"ÁREA DE PROTEÇÃO AMBIENTAL CAMPOS DO JORDÃO","Ferns and Lycophytes","Polypodiaceae","Pecluma","recurvata","(Kaulf.) M.G.Price","POLYPODIACEAE Pecluma recurvata (Kaulf.) M.G.Price","3350421","GBIF","MO","Corto","3089","Native","Ouro","Bronze",,
"ÁREA DE PROTEÇÃO AMBIENTAL CAMPOS DO JORDÃO","Ferns and Lycophytes","Polypodiaceae","Pecluma","sicca","(Lindm.) M.G.Price","POLYPODIACEAE Pecluma sicca (Lindm.) M.G.Price","HRCB058018","Splink","HRCB",,"401","Native","Bronze","Bronze",,
"ÁREA DE PROTEÇÃO AMBIENTAL CAMPOS DO JORDÃO","Ferns and Lycophytes","Polypodiaceae","Pecluma","truncorum","(Lindm.) M.G.Price","POLYPODIACEAE Pecluma truncorum (Lindm.) M.G.Price","2876","GBIF","HRCB","Vieira, F.J.","14","Native","Bronze","Bronze",,
"ÁREA DE PROTEÇÃO AMBIENTAL CAMPOS DO JORDÃO","Ferns and Lycophytes","Polypodiaceae","Pleopeltis","desvauxii","(Klotzsch) Salino","POLYPODIACEAE Pleopeltis desvauxii (Klotzsch) Salino","74706","GBIF","BHCB","Rodrigues Junior, C.E.","1284","Native","Bronze","Bronze",,"Parque Estadual de Camps do Jordão, São José dos Alpes. Mata de altitude."
"ÁREA DE PROTEÇÃO AMBIENTAL CAMPOS DO JORDÃO","Ferns and Lycophytes","Polypodiaceae","Pleopeltis","hirsutissima","(Raddi) de la Sota","POLYPODIACEAE Pleopeltis hirsutissima (Raddi) de la Sota","03230","GBIF","SJRP","Amorim, L.","9","Native","Ouro","Bronze",,"arredores"
"ÁREA DE PROTEÇÃO AMBIENTAL CAMPOS DO JORDÃO","Ferns and Lycophytes","Polypodiaceae","Pleopeltis","lepidopteris","(Langsd. & Fisch.) de la Sota","POLYPODIACEAE Pleopeltis lepidopteris (Langsd. & Fisch.) de la Sota","50204","GBIF","BHCB","Salino, A.","1386","Native","Bronze","Ouro",,"Parque Estadual de Campos do Jordão, Trilha do Rio Sapucai. Floresta Mista com Araucaria e Podocarpus."
"ÁREA DE PROTEÇÃO AMBIENTAL CAMPOS DO JORDÃO","Ferns and Lycophytes","Polypodiaceae","Pleopeltis","macrocarpa","(Bory ex Willd.) Kaulf.","POLYPODIACEAE Pleopeltis macrocarpa (Bory ex Willd.) Kaulf.","PACA111547","Splink","PACA",,"3095","Native","Ouro","Bronze",,"Campos de Jordão."
"ÁREA DE PROTEÇÃO AMBIENTAL CAMPOS DO JORDÃO","Ferns and Lycophytes","Polypodiaceae","Pleopeltis","pleopeltidis","(Fée) de la Sota","POLYPODIACEAE Pleopeltis pleopeltidis (Fée) de la Sota","2409","Splink","MAR-SL",,,"Native","Ouro","Bronze",,
"ÁREA DE PROTEÇÃO AMBIENTAL CAMPOS DO JORDÃO","Ferns and Lycophytes","Polypodiaceae","Polypodium",,"L.","POLYPODIACEAE Polypodium L.","77884","GBIF","UPCB","Silva, A.T.","102",,"Ouro","Bronze","https://images.cria.org.br/viewer/UPCB0009443","Km 36 da sp-123."
"ÁREA DE PROTEÇÃO AMBIENTAL CAMPOS DO JORDÃO","Ferns and Lycophytes","Polypodiaceae","Serpocaulon","catharinae","(Langsd. & Fisch.) A.R. Sm.","POLYPODIACEAE Serpocaulon catharinae (Langsd. & Fisch.) A.R. Sm.","HRB00002299","Splink","HRB",,"314a","Native","Bronze","Bronze",,"Parque Est. C. Jordão, Inst. Florestal, Secretária Agricultura, Estação fitoecológica n°2"
"ÁREA DE PROTEÇÃO AMBIENTAL CAMPOS DO JORDÃO","Ferns and Lycophytes","Polypodiaceae","Serpocaulon","glandulosissimum","(Brade) Labiak & J.Prado","POLYPODIACEAE Serpocaulon glandulosissimum (Brade) Labiak & J.Prado","RB00701706","GBIF","RB","Porto, C.","3209","Native","Ouro","Bronze","jbrj-public-img.s3-sa-east-1.amazonaws.com/JPG/rb/0/70/17/6/00701706.jpg","Campos do Jordão"
"ÁREA DE PROTEÇÃO AMBIENTAL CAMPOS DO JORDÃO","Ferns and Lycophytes","Polypodiaceae","Serpocaulon","latipes","(Langsd. & Fisch.) A.R. Sm.","POLYPODIACEAE Serpocaulon latipes (Langsd. & Fisch.) A.R. Sm.","38774","GBIF","HRCB","Dittrich, V.A.O.","1078","Native","Bronze","Ouro",,"Parque Estadual de Campos do Jordão"
"ÁREA DE PROTEÇÃO AMBIENTAL CAMPOS DO JORDÃO",,"Polypodiaceae","Serpocaulon","pictum","(Fée) Schwartsb. et al.","POLYPODIACEAE Serpocaulon pictum (Fée) Schwartsb. et al.","58335","GBIF","UPCB","Porto, P.C.","3214",,"Ouro","Bronze","https://images.cria.org.br/viewer/UPCB0007992",
"ÁREA DE PROTEÇÃO AMBIENTAL CAMPOS DO JORDÃO",,"Polypodiaceae","Stereocaulon","microcarpum",,"POLYPODIACEAE Stereocaulon microcarpum","073603","Splink","ICN",,"4461",,"Bronze","Bronze",,"Ao oeste da cidade, reserva, parte alta da elevação"
"ÁREA DE PROTEÇÃO AMBIENTAL CAMPOS DO JORDÃO",,"Polypodiaceae","Stereocaulon","ramulosum",,"POLYPODIACEAE Stereocaulon ramulosum","073590","Splink","ICN",,"4448",,"Bronze","Bronze",,"Ao oeste da cidade, após estacionamento, reserva"
"ÁREA DE PROTEÇÃO AMBIENTAL CAMPOS DO JORDÃO",,"Polypodiaceae","Terpsichore","achilleifolia","(Kaulf.) A.R.Sm.","POLYPODIACEAE Terpsichore achilleifolia (Kaulf.) A.R.Sm.","1546","GBIF","HUFU","Ranal, M.","47",,"Ouro","Bronze","https://images.cria.org.br/viewer/HUFU00054433","São José dos Alpes,"
"ÁREA DE PROTEÇÃO AMBIENTAL CAMPOS DO JORDÃO",,"Polypodiaceae","Terpsichore","gradata","A.R. Sm.","POLYPODIACEAE Terpsichore gradata A.R. Sm.","HUFU00054434","GBIF","HUFU","Ranal, M.","239",,"Ouro","Ouro","jbrj-public.s3-sa-east-1.amazonaws.com/fsi/server?type=image&source=DZI/hufu/hufu/0/5/44/34/hufu00054434.dzi","Parque Estadual Campos do Jordão, São José dos Alpes."
"ÁREA DE PROTEÇÃO AMBIENTAL CAMPOS DO JORDÃO","Angiosperms","Pontederiaceae","Pontederia","cordata","L.","PONTEDERIACEAE Pontederia cordata L.","250708","GBIF","R","Emmerich, W.",,"Native","Latão","Ouro","https://images.cria.org.br/viewer/R010091535 | https://images.cria.org.br/viewer/R010091536","Parque Estadual de Campos do Jordão."
"ÁREA DE PROTEÇÃO AMBIENTAL CAMPOS DO JORDÃO","Angiosperms","Potamogetonaceae","Potamogeton","sclerocarpus","K.Schum.","POTAMOGETONACEAE Potamogeton sclerocarpus K.Schum.","SP045031","Splink","SP",,"2117","Native","Ouro","Bronze",,"Umuarama"
"ÁREA DE PROTEÇÃO AMBIENTAL CAMPOS DO JORDÃO","Angiosperms","Primulaceae","Lysimachia","filiformis","(Cham. & Schltdl.) U. Manns & Anderb.","PRIMULACEAE Lysimachia filiformis (Cham. & Schltdl.) U. Manns & Anderb.","PACA027903","Splink","PACA",,,"Native","Prata","Bronze",,
"ÁREA DE PROTEÇÃO AMBIENTAL CAMPOS DO JORDÃO","Angiosperms","Primulaceae","Lysimachia","tenella","L.","PRIMULACEAE Lysimachia tenella L.","111634","GBIF","UEC","Anderson, L.O.","33","Native","Latão","Ouro","https://images.cria.org.br/viewer/UEC104178","Último brejo antes da plantação de Eucaliptus (brejo das formigas) dentro do Parque estadual de Campos do Jordão;"
"ÁREA DE PROTEÇÃO AMBIENTAL CAMPOS DO JORDÃO","Angiosperms","Primulaceae","Myrsine","coriacea","(Sw.) R.Br. ex Roem. & Schult.","PRIMULACEAE Myrsine coriacea (Sw.) R.Br. ex Roem. & Schult.","SPSF00014314","Splink","SPSF",,"700","Native","Ouro","Bronze",,"Morro do Elefante."
"ÁREA DE PROTEÇÃO AMBIENTAL CAMPOS DO JORDÃO","Angiosperms","Primulaceae","Myrsine","gardneriana","A.DC.","PRIMULACEAE Myrsine gardneriana A.DC.","SPSF00007967","Splink","SPSF",,"273","Native","Ouro","Bronze",,
"ÁREA DE PROTEÇÃO AMBIENTAL CAMPOS DO JORDÃO","Angiosperms","Primulaceae","Myrsine","guianensis","(Aubl.) Kuntze","PRIMULACEAE Myrsine guianensis (Aubl.) Kuntze","11587","GBIF","UEC","Davis, P.H.","3028","Native","Ouro","Ouro",,"Reserva do Instituto florestal, São José dos Alpes."
"ÁREA DE PROTEÇÃO AMBIENTAL CAMPOS DO JORDÃO","Angiosperms","Primulaceae","Myrsine","lancifolia","Mart.","PRIMULACEAE Myrsine lancifolia Mart.","01096450","GBIF","NY","Santos, M.","47","Native","Ouro","Bronze",,"Campos de Jordão."
"ÁREA DE PROTEÇÃO AMBIENTAL CAMPOS DO JORDÃO","Angiosperms","Primulaceae","Myrsine","lineata","(Mez) Imkhan.","PRIMULACEAE Myrsine lineata (Mez) Imkhan.","51490","GBIF","IAC","Furlan, A.","330","Native","Ouro","Bronze",,"Parque Estadual, estrada para a cachoeira do córrego Galharada"
"ÁREA DE PROTEÇÃO AMBIENTAL CAMPOS DO JORDÃO","Angiosperms","Primulaceae","Myrsine","squarrosa","(Mez) M.F.Freitas & Kin.-Gouv.","PRIMULACEAE Myrsine squarrosa (Mez) M.F.Freitas & Kin.-Gouv.","85406","GBIF","UEC","Cordeiro, I.","1311","Native","Ouro","Bronze",,"Estrada para São José dos Alpes"
"ÁREA DE PROTEÇÃO AMBIENTAL CAMPOS DO JORDÃO","Angiosperms","Primulaceae","Myrsine","umbellata","Mart.","PRIMULACEAE Myrsine umbellata Mart.","67324","GBIF","UEC","Tamashiro, J.Y.","565","Native","Ouro","Bronze",,
"ÁREA DE PROTEÇÃO AMBIENTAL CAMPOS DO JORDÃO","Angiosperms","Primulaceae","Myrsine","venosa","A.DC.","PRIMULACEAE Myrsine venosa A.DC.","147948","GBIF","SPF","Costa, C.B.","451","Native","Ouro","Ouro","https://images.cria.org.br/viewer/SPF00147948","Parque Estadual de Campos do Jordão"
"ÁREA DE PROTEÇÃO AMBIENTAL CAMPOS DO JORDÃO","Angiosperms","Primulaceae","Myrsine","villosissima","Mart.","PRIMULACEAE Myrsine villosissima Mart.","90879","GBIF","UEC","Martins, E.","26502","Native","Ouro","Bronze",,"Caminho para São José dos Alpes"
"ÁREA DE PROTEÇÃO AMBIENTAL CAMPOS DO JORDÃO","Angiosperms","Primulaceae","Primula","malacoides","Franch.","PRIMULACEAE Primula malacoides Franch.","126764113","GBIF","Observations","Ferreira, M.S.",,"Cultivated","Bronze","Bronze",,"Amantikir, Campos do Jordão, SP, BR"
"ÁREA DE PROTEÇÃO AMBIENTAL CAMPOS DO JORDÃO","Angiosperms","Proteaceae","Euplassa","cantareirae","Sleumer","PROTEACEAE Euplassa cantareirae Sleumer","SPSF00014833","Splink","SPSF",,"45","Native","Latão","Bronze",,"Parque Estadual do Instituto Florestal."
"ÁREA DE PROTEÇÃO AMBIENTAL CAMPOS DO JORDÃO","Angiosperms","Proteaceae","Euplassa","hoehnei","Sleumer","PROTEACEAE Euplassa hoehnei Sleumer","ESA003699","GBIF","ESA","Robim, M.J.","8896","Native","Latão","Bronze","jbrj-public.s3-sa-east-1.amazonaws.com/fsi/server?type=image&source=DZI/esa/esa/0/0/36/99/esa00003699.dzi",
"ÁREA DE PROTEÇÃO AMBIENTAL CAMPOS DO JORDÃO","Angiosperms","Proteaceae","Euplassa","itatiaiae","Sleumer","PROTEACEAE Euplassa itatiaiae Sleumer","SPSF00008896","Splink","SPSF",,,"Native","Ouro","Ouro",,"Parque Estadual de Campos do Jordão."
"ÁREA DE PROTEÇÃO AMBIENTAL CAMPOS DO JORDÃO","Angiosperms","Proteaceae","Roupala","montana","(Klotzsch) K.S.Edwards","PROTEACEAE Roupala montana var. brasiliensis (Klotzsch) K.S.Edwards","101642","GBIF","SP","Mattos, J.","14716","Native","Ouro","Bronze",,"São José dos Alpes"
"ÁREA DE PROTEÇÃO AMBIENTAL CAMPOS DO JORDÃO","Angiosperms","Proteaceae","Roupala","montana","Aubl.","PROTEACEAE Roupala montana var. montana Aubl.","SPSF00001291","Splink","SPSF",,,"Native","Latão","Bronze",,
"ÁREA DE PROTEÇÃO AMBIENTAL CAMPOS DO JORDÃO","Angiosperms","Proteaceae","Roupala","montana","(Sleumer) K.S.Edwards","PROTEACEAE Roupala montana var. paraensis (Sleumer) K.S.Edwards","85849","GBIF","UEC","Cordeiro, I.","1286","Native","Ouro","Bronze",,"Estrada para São José dos Alpes"
"ÁREA DE PROTEÇÃO AMBIENTAL CAMPOS DO JORDÃO","Ferns and Lycophytes","Pteridaceae","Adiantopsis","chlorophylla","(Sw.) Fée","PTERIDACEAE Adiantopsis chlorophylla (Sw.) Fée","03236","GBIF","SJRP","Amorim, L.","015","Native","Ouro","Bronze","https://images.cria.org.br/viewer/SJRP00017993","arredores."
"ÁREA DE PROTEÇÃO AMBIENTAL CAMPOS DO JORDÃO","Ferns and Lycophytes","Pteridaceae","Adiantopsis","regularis","(Mett.) T.Moore","PTERIDACEAE Adiantopsis regularis (Mett.) T.Moore","102497531","Splink","MO-DUPLICATES",,"1468","Native","Ouro","Bronze",,"Campos do Jordão. Serra da Mantiqueira: NE of Campos do Jordão, off Estrada do Fójo, about 0.5 km E of its intersection with Avenida Pedro Paulo."
"ÁREA DE PROTEÇÃO AMBIENTAL CAMPOS DO JORDÃO","Ferns and Lycophytes","Pteridaceae","Adiantum","raddianum","C.Presl","PTERIDACEAE Adiantum raddianum C.Presl","03212","GBIF","SJRP","Santos, A.","s.n.","Native","Bronze","Bronze","https://images.cria.org.br/viewer/SJRP00018296","arredores"
"ÁREA DE PROTEÇÃO AMBIENTAL CAMPOS DO JORDÃO","Ferns and Lycophytes","Pteridaceae","Adiantum","serratodentatum","Willd.","PTERIDACEAE Adiantum serratodentatum Willd.","PACA089111","Splink","PACA",,"25","Native","Bronze","Ouro",,"Horto Flor, caminho S. J. dos Alpes."
"ÁREA DE PROTEÇÃO AMBIENTAL CAMPOS DO JORDÃO","Ferns and Lycophytes","Pteridaceae","Cheilanthes","regnelliana","Mett.","PTERIDACEAE Cheilanthes regnelliana Mett.","3258","GBIF","CESJ","Porto, P.C.","3258","Native","Bronze","Bronze","https://images.cria.org.br/viewer/CESJ003258",
"ÁREA DE PROTEÇÃO AMBIENTAL CAMPOS DO JORDÃO",,"Pteridaceae","Doryopteris","actinophylla",,"PTERIDACEAE Doryopteris actinophylla","R010104381","Splink","R",,"178",,"Bronze","Ouro",,"Horto Florestal, Caminho S.J. Alpes"
"ÁREA DE PROTEÇÃO AMBIENTAL CAMPOS DO JORDÃO","Ferns and Lycophytes","Pteridaceae","Doryopteris","juergensii","Rosenst.","PTERIDACEAE Doryopteris juergensii Rosenst.","HBR0003592","Splink","HBR",,,"Native","Bronze","Bronze",,
"ÁREA DE PROTEÇÃO AMBIENTAL CAMPOS DO JORDÃO","Ferns and Lycophytes","Pteridaceae","Doryopteris","rediviva","Fée","PTERIDACEAE Doryopteris rediviva Fée","1016463","GBIF","NY","Lanstyack, L.","s.n.","Native","Bronze","Bronze",,"Campos do Jordão."
"ÁREA DE PROTEÇÃO AMBIENTAL CAMPOS DO JORDÃO","Ferns and Lycophytes","Pteridaceae","Hemionitis","tomentosa","(Lam.) Raddi","PTERIDACEAE Hemionitis tomentosa (Lam.) Raddi","29996","Splink","BHCB",,"12","Native","Bronze","Ouro",,"Parque Estadual de Campos do Jordão; trilha do rio, Serra do Cuscuzeiro"
"ÁREA DE PROTEÇÃO AMBIENTAL CAMPOS DO JORDÃO",,"Pteridaceae","Jamesoniella",,"(Spruce) F.Lees","PTERIDACEAE Jamesoniella (Spruce) F.Lees","087706","GBIF","SP-BRYOPHYTA","Vital, D.M.","1945",,"Latão","Bronze",,"4 km SE de Abernessia"
"ÁREA DE PROTEÇÃO AMBIENTAL CAMPOS DO JORDÃO","Ferns and Lycophytes","Pteridaceae","Lytoneuron","crenulans","(Fée) Yesilyurt","PTERIDACEAE Lytoneuron crenulans (Fée) Yesilyurt","R010104382","Splink","R",,"272","Native","Ouro","Bronze",,"caminho de São José dos Alpes, retornando ao Parque Estadual de Campo de Jordão."
"ÁREA DE PROTEÇÃO AMBIENTAL CAMPOS DO JORDÃO","Ferns and Lycophytes","Pteridaceae","Lytoneuron","itatiaiense","(Fée) Yesilyurt","PTERIDACEAE Lytoneuron itatiaiense (Fée) Yesilyurt","03232","GBIF","SJRP","Amorim, L.","011","Native","Bronze","Bronze","https://images.cria.org.br/viewer/SJRP00018617","arredores."
"ÁREA DE PROTEÇÃO AMBIENTAL CAMPOS DO JORDÃO","Ferns and Lycophytes","Pteridaceae","Lytoneuron","lomariaceum","(Kunze ex Klotzsch) Yesilyurt","PTERIDACEAE Lytoneuron lomariaceum (Kunze ex Klotzsch) Yesilyurt","1986","GBIF","HUFU","Ranal, M.","253","Native","Ouro","Ouro","https://images.cria.org.br/viewer/HUFU00054836","Parque Estadual Campos do Jordão, Rio Sapucaí-Guaçu. Sobre barranco da estrada paralela ao rio."
"ÁREA DE PROTEÇÃO AMBIENTAL CAMPOS DO JORDÃO","Ferns and Lycophytes","Pteridaceae","Pityrogramma","calomelanos","(L.) Link","PTERIDACEAE Pityrogramma calomelanos (L.) Link","NY02240771","GBIF","NY","Prado, J.","1049","Native","Ouro","Bronze","jbrj-public.s3-sa-east-1.amazonaws.com/fsi/server?type=image&source=DZI/newyork/ny_/2/24/7/71/ny_02240771.dzi","Gruta dos Crioulos"
"ÁREA DE PROTEÇÃO AMBIENTAL CAMPOS DO JORDÃO","Ferns and Lycophytes","Pteridaceae","Polytaenium","lineatum","(Sw.) J.Sm.","PTERIDACEAE Polytaenium lineatum (Sw.) J.Sm.","57388","GBIF","UPCB","Labiak, P.H.","664","Native","Ouro","Bronze","https://images.cria.org.br/viewer/UPCB0008614","Estrada para Pindamonhangaba."
"ÁREA DE PROTEÇÃO AMBIENTAL CAMPOS DO JORDÃO","Ferns and Lycophytes","Pteridaceae","Pteris","decurrens","C.Presl","PTERIDACEAE Pteris decurrens C.Presl","57329","GBIF","CESJ","Salino, A.","1427","Native","Bronze","Bronze",,"Morro do Elefante"
"ÁREA DE PROTEÇÃO AMBIENTAL CAMPOS DO JORDÃO","Ferns and Lycophytes","Pteridaceae","Pteris","deflexa","Link","PTERIDACEAE Pteris deflexa Link","50219","GBIF","BHCB","Salino, A.","1457","Native","Bronze","Bronze",,"estrada velha entre Campos do Jordão e Santo Antôn, Em frente ao Matadouroo municipal"
"ÁREA DE PROTEÇÃO AMBIENTAL CAMPOS DO JORDÃO","Ferns and Lycophytes","Pteridaceae","Pteris","splendens","Kaulf.","PTERIDACEAE Pteris splendens Kaulf.","50213","GBIF","BHCB","Salino, A.","1430","Native","Bronze","Bronze",,"Morro do Elefante"
"ÁREA DE PROTEÇÃO AMBIENTAL CAMPOS DO JORDÃO","Ferns and Lycophytes","Pteridaceae","Tryonia","myriophylla","(Sw.) Schuettp., J.Prado & A.T.Cochran","PTERIDACEAE Tryonia myriophylla (Sw.) Schuettp., J.Prado & A.T.Cochran","NHM-BOT-BM001055555","Splink","NHM-LONDON-BOT",,"3109","Native","Ouro","Bronze",,"Campos de Jordao"
"ÁREA DE PROTEÇÃO AMBIENTAL CAMPOS DO JORDÃO","Ferns and Lycophytes","Pteridaceae","Tryonia","sellowiana","(Kuhn) Schuettp., J.Prado & A.T. Cochran","PTERIDACEAE Tryonia sellowiana (Kuhn) Schuettp., J.Prado & A.T. Cochran","77708","GBIF","UPCB","Prado, J.","775","Native","Ouro","Bronze","https://images.cria.org.br/viewer/UPCB0019744","São José dos Alpes, bifurcação para o Mirante."
"ÁREA DE PROTEÇÃO AMBIENTAL CAMPOS DO JORDÃO","Ferns and Lycophytes","Pteridaceae","Vittaria","graminifolia","Kaulf.","PTERIDACEAE Vittaria graminifolia Kaulf.","15750","GBIF","HEPH","Rodrigues Junior, C.E.","1017","Native","Ouro","Ouro",,"Parque Estadual de Campos do Jordão"
"ÁREA DE PROTEÇÃO AMBIENTAL CAMPOS DO JORDÃO","Ferns and Lycophytes","Pteridaceae","Vittaria","lineata","(L.) Sm.","PTERIDACEAE Vittaria lineata (L.) Sm.","2050","GBIF","HUFU","Ranal, M.","240","Native","Ouro","Bronze","https://images.cria.org.br/viewer/HUFU00053569","São José dos Alpes"
"ÁREA DE PROTEÇÃO AMBIENTAL CAMPOS DO JORDÃO","Angiosperms","Ranunculaceae","Anemone","sellowii","Pritz.","RANUNCULACEAE Anemone sellowii Pritz.","51938","GBIF","SP","Kuhlmann, M.","2186","Native","Ouro","Ouro",,"Fazenda da Guarda"
"ÁREA DE PROTEÇÃO AMBIENTAL CAMPOS DO JORDÃO","Angiosperms","Ranunculaceae","Clematis","brasiliana","DC.","RANUNCULACEAE Clematis brasiliana DC.","SPSF00014319","Splink","SPSF",,"34","Native","Bronze","Bronze",,"P.E.Instituto Florestal."
"ÁREA DE PROTEÇÃO AMBIENTAL CAMPOS DO JORDÃO","Angiosperms","Ranunculaceae","Clematis","dioica","L.","RANUNCULACEAE Clematis dioica L.","204575","GBIF","UEC","Robim, M.J.","444","Unknown","Bronze","Bronze","https://images.cria.org.br/viewer/UEC182509","Parque Estadual, estrada do Pinheiro Seco, penúltimo reflorestamento."
"ÁREA DE PROTEÇÃO AMBIENTAL CAMPOS DO JORDÃO",,"Ranunculaceae","Nitella","furcata","(Roxb. ex Bruzelius)","RANUNCULACEAE Nitella furcata (Roxb. ex Bruzelius)","104902","GBIF","SP-ALGAE","Vital, D.M.",,,"Bronze","Ouro",,"Horto Florestal (em frente a casa de hospede)"
"ÁREA DE PROTEÇÃO AMBIENTAL CAMPOS DO JORDÃO",,"Ranunculaceae","Nitella","ogivalis","J.Groves & E.Stephens","RANUNCULACEAE Nitella ogivalis J.Groves & E.Stephens","104966","GBIF","SP-ALGAE","Vital, D.M.",,,"Bronze","Ouro",,"Horto Florestal, lago artificial em frente a casa de hóspede"
"ÁREA DE PROTEÇÃO AMBIENTAL CAMPOS DO JORDÃO",,"Ranunculaceae","Nitella","rosa-mariae","Picelli-Vicentim","RANUNCULACEAE Nitella rosa-mariae Picelli-Vicentim","104920","GBIF","SP-ALGAE","Bicudo, R.M.T.",,,"Ouro","Bronze",,"Rio da Prata, 10m da Ducha do Prata"
"ÁREA DE PROTEÇÃO AMBIENTAL CAMPOS DO JORDÃO","Angiosperms","Ranunculaceae","Ranunculus","bonariensis","Urb.","RANUNCULACEAE Ranunculus bonariensis var. januarii Urb.","82617","GBIF","UEC","Batista, H.P.","203","Native","Ouro","Bronze","https://images.cria.org.br/viewer/UEC171616","Serra da Mantiqueira"
"ÁREA DE PROTEÇÃO AMBIENTAL CAMPOS DO JORDÃO","Angiosperms","Ranunculaceae","Ranunculus","bonariensis","(A.St.-Hil.) Hicken ex Lourteig","RANUNCULACEAE Ranunculus bonariensis var. phytelmifolius (A.St.-Hil.) Hicken ex Lourteig","80704","GBIF","UEC","Kuhlmann, M.","2140","Native","Ouro","Ouro","https://images.cria.org.br/viewer/UEC171614","Fazenda da Guarda"
"ÁREA DE PROTEÇÃO AMBIENTAL CAMPOS DO JORDÃO","Angiosperms","Ranunculaceae","Ranunculus","flagelliformis","Sm.","RANUNCULACEAE Ranunculus flagelliformis Sm.","111637","GBIF","UEC","Anderson, L.O.","00/36","Native","Latão","Ouro","https://images.cria.org.br/viewer/UEC024874","Parque Estadual de Campos de Jordão, Último brejo antes da plantação de Eucaliptus (brejo das formigas), dentro do parque."
"ÁREA DE PROTEÇÃO AMBIENTAL CAMPOS DO JORDÃO","Angiosperms","Ranunculaceae","Ranunculus","parviflorus","L.","RANUNCULACEAE Ranunculus parviflorus L.","HPL010038","Splink","HPL",,"805","Native","Bronze","Bronze",,"Coletado nas proximidades do município de Campos do Jordão."
"ÁREA DE PROTEÇÃO AMBIENTAL CAMPOS DO JORDÃO","Angiosperms","Rhamnaceae","Frangula","polymorpha","Reissek","RHAMNACEAE Frangula polymorpha Reissek","SPSF00032869","Splink","SPSF",,"381","Native","Prata","Bronze",,"P.E.Campos do Jordão."
"ÁREA DE PROTEÇÃO AMBIENTAL CAMPOS DO JORDÃO","Angiosperms","Rhamnaceae","Frangula","sphaerosperma","(Sw.) Kartesz & Gandhi","RHAMNACEAE Frangula sphaerosperma (Sw.) Kartesz & Gandhi","RB00324874","GBIF","RB","Messias","42","Unknown","Ouro","Bronze","jbrj-public-img.s3-sa-east-1.amazonaws.com/JPG/rb/0/32/48/74/00324874.jpg",
"ÁREA DE PROTEÇÃO AMBIENTAL CAMPOS DO JORDÃO","Angiosperms","Rhamnaceae","Hovenia","dulcis","Thunb.","RHAMNACEAE Hovenia dulcis Thunb.","SPSF00007392","Splink","SPSF",,,"Naturalized","Latão","Bronze",,"Parque Estadual do Instituto Florestal."
"ÁREA DE PROTEÇÃO AMBIENTAL CAMPOS DO JORDÃO",,"Rhamnaceae","Rhamnus","sphaerosperma","(Reissek) M.C.Johnst.","RHAMNACEAE Rhamnus sphaerosperma subsp. pubescens (Reissek) M.C.Johnst.","155477","GBIF","SP","Mattos, J.R.","15774",,"Ouro","Ouro",,"Campos do Jordão, Parque Estadual."
"ÁREA DE PROTEÇÃO AMBIENTAL CAMPOS DO JORDÃO","Angiosperms","Rosaceae","Agrimonia","hirsuta","Bong. ex C.A.Mey.","ROSACEAE Agrimonia hirsuta Bong. ex C.A.Mey.","US 1188386","GBIF","US","Holway, E.W.D.","1770","Native","Ouro","Bronze","https://collections.nmnh.si.edu/media/?i=11674216; 14264714",
"ÁREA DE PROTEÇÃO AMBIENTAL CAMPOS DO JORDÃO","Angiosperms","Rosaceae","Chaenomeles","speciosa","(Sweet) Nakai","ROSACEAE Chaenomeles speciosa (Sweet) Nakai","HPL011885","Splink","HPL",,"1179","Cultivated","Bronze","Bronze",,"Coletada e cultivada como ornamental."
"ÁREA DE PROTEÇÃO AMBIENTAL CAMPOS DO JORDÃO",,"Rosaceae","Cotoneaster","lacteus",,"ROSACEAE Cotoneaster lacteus","HPL008414","Splink","HPL",,"839",,"Bronze","Bronze",,"Coletado nas proximidades do município de Campos do Jordão."
"ÁREA DE PROTEÇÃO AMBIENTAL CAMPOS DO JORDÃO","Angiosperms","Rosaceae","Eriobotrya","japonica","(Thunb.) Lindl.","ROSACEAE Eriobotrya japonica (Thunb.) Lindl.","SPSF00005638","Splink","SPSF",,,"Naturalized","Latão","Bronze",,"Parque Estadual do Instituto Florestal."
"ÁREA DE PROTEÇÃO AMBIENTAL CAMPOS DO JORDÃO","Angiosperms","Rosaceae","Fragaria","vesca","L.","ROSACEAE Fragaria vesca L.","42931","GBIF","SP","Hashimoto, G.","295","Cultivated","Ouro","Bronze",,
"ÁREA DE PROTEÇÃO AMBIENTAL CAMPOS DO JORDÃO",,"Rosaceae","Malus",,,"ROSACEAE Malus × purpurea","SPSF00008717","Splink","SPSF",,,,"Latão","Ouro",,"P.E. de Campos do Jordão."
"ÁREA DE PROTEÇÃO AMBIENTAL CAMPOS DO JORDÃO","Angiosperms","Rosaceae","Potentilla","indica","(Andrews) Th.Wolf","ROSACEAE Potentilla indica (Andrews) Th.Wolf","42933","GBIF","SP","Hashimoto, G.","297","Naturalized","Ouro","Bronze",,
"ÁREA DE PROTEÇÃO AMBIENTAL CAMPOS DO JORDÃO",,"Rosaceae","Prunus","campanulata","Maxim.","ROSACEAE Prunus campanulata Maxim.","173782925","GBIF","Observations","Dalvamatos",,,"Bronze","Bronze",,"V Iara, Campos do Jordão - SP, 12460-000, Brasil"
"ÁREA DE PROTEÇÃO AMBIENTAL CAMPOS DO JORDÃO","Angiosperms","Rosaceae","Prunus","myrtifolia","(L.) Urb.","ROSACEAE Prunus myrtifolia (L.) Urb.","82720","GBIF","UEC","Barreto, K.D.","1017","Native","Ouro","Bronze","https://images.cria.org.br/viewer/UEC027905",
"ÁREA DE PROTEÇÃO AMBIENTAL CAMPOS DO JORDÃO",,"Rosaceae","Prunus","serotina",,"ROSACEAE Prunus serotina","HPL011872","Splink","HPL",,"1176",,"Bronze","Bronze",,"Coletada e cultivada como ornamental."
"ÁREA DE PROTEÇÃO AMBIENTAL CAMPOS DO JORDÃO","Angiosperms","Rosaceae","Prunus","serrulata","Lindl.","ROSACEAE Prunus serrulata Lindl.","2495","GBIF","IRAI","Gibertoni, R.S.","004","Cultivated","Prata","Bronze",,"Próximo à Represa do Fojo, Condomínio Week Inn"
"ÁREA DE PROTEÇÃO AMBIENTAL CAMPOS DO JORDÃO","Angiosperms","Rosaceae","Pyracantha","angustifolia","(Franch.) C.K.Schneid.","ROSACEAE Pyracantha angustifolia (Franch.) C.K.Schneid.","SPSF00007646","Splink","SPSF",,,"Cultivated","Latão","Bronze",,"Parque Estadual do Instituto Florestal."
"ÁREA DE PROTEÇÃO AMBIENTAL CAMPOS DO JORDÃO",,"Rosaceae","Pyrantha",,,"ROSACEAE Pyrantha sp.","HMACK00003288-T.A.B.Mortale142-4/5/2013 ColôniadeFériasMackenzie-Umuarama TrilhaCajará CamposdoJordão SP Brasil","Splink","MACK",,"142",,"Latão","Bronze",,"Colônia de Férias Mackenzie - Umuarama, Trilha Cajará"
"ÁREA DE PROTEÇÃO AMBIENTAL CAMPOS DO JORDÃO","Angiosperms","Rosaceae","Pyrus","communis","L.","ROSACEAE Pyrus communis L.","HPL008399","Splink","HPL",,"4023","Cultivated","Bronze","Bronze",,"Coletado e cultivado na arborização urbana do município."
"ÁREA DE PROTEÇÃO AMBIENTAL CAMPOS DO JORDÃO","Angiosperms","Rosaceae","Rubus","brasiliensis","Mart.","ROSACEAE Rubus brasiliensis Mart.","101726","GBIF","SP","Mattos, J.","15035","Native","Ouro","Bronze",,"São José dos Alpes"
"ÁREA DE PROTEÇÃO AMBIENTAL CAMPOS DO JORDÃO","Angiosperms","Rosaceae","Rubus","erythroclados","Mart. ex Hook.f.","ROSACEAE Rubus erythroclados Mart. ex Hook.f.","515487","Splink","SP",,"2095","Native","Ouro","Bronze",,
"ÁREA DE PROTEÇÃO AMBIENTAL CAMPOS DO JORDÃO","Angiosperms","Rosaceae","Rubus","idaeus","L.","ROSACEAE Rubus idaeus L.","069197","GBIF","UEC","Sazima, M.","32539","Cultivated","Latão","Ouro","https://images.cria.org.br/viewer/UEC083489","Parque Estadual Campos do Jordão."
"ÁREA DE PROTEÇÃO AMBIENTAL CAMPOS DO JORDÃO","Angiosperms","Rosaceae","Rubus","niveus","Thunb.","ROSACEAE Rubus niveus Thunb.","223428282","GBIF","Observations","Manequinho",,"Cultivated","Bronze","Bronze",,"Imbiry, Campos do Jordão - SP, 12460-000, Brasil"
"ÁREA DE PROTEÇÃO AMBIENTAL CAMPOS DO JORDÃO","Angiosperms","Rosaceae","Rubus","rosifolius","Sm.","ROSACEAE Rubus rosifolius var. rosifolius Sm.","109978","GBIF","SPF","Silva, C.A.","28","Native","Latão","Ouro","https://images.cria.org.br/viewer/SPF00109978","Parque Estadual de Campos do Jordão"
"ÁREA DE PROTEÇÃO AMBIENTAL CAMPOS DO JORDÃO","Angiosperms","Rosaceae","Rubus","sellowii","Cham. & Schltdl.","ROSACEAE Rubus sellowii Cham. & Schltdl.","SPSF00054712","Splink","SPSF",,"58","Native","Prata","Ouro",,"Campo Natural de Altitude. Área da Estação Meteorológica. Borda da trilha. Parque Estadual de Campos do Jordão"
"ÁREA DE PROTEÇÃO AMBIENTAL CAMPOS DO JORDÃO","Angiosperms","Rosaceae","Rubus","urticifolius","Poir.","ROSACEAE Rubus urticifolius Poir.","US 1188381","GBIF","US","Holway, E.W.D.","1752","Native","Ouro","Bronze","https://collections.nmnh.si.edu/media/?i=11673046; 14265533",
"ÁREA DE PROTEÇÃO AMBIENTAL CAMPOS DO JORDÃO","Angiosperms","Rosaceae","Spiraea","cantoniensis","Lour.","ROSACEAE Spiraea cantoniensis Lour.","2509","GBIF","IRAI","Gibertoni, R.S.","017","Cultivated","Bronze","Bronze",,"Próximo à Represa do Fojo, Condomínio Week Inn"
"ÁREA DE PROTEÇÃO AMBIENTAL CAMPOS DO JORDÃO",,"Rosaceae","Spiraea","japonica",,"ROSACEAE Spiraea japonica","HPL008413","Splink","HPL",,"1837",,"Bronze","Bronze",,"Coletado nas proximidades do município de Campos do Jordão (Lagoinha)."
"ÁREA DE PROTEÇÃO AMBIENTAL CAMPOS DO JORDÃO",,"Rosaceae|Asteraceae","Agrimonia|Eupatorium",,"L.","ROSACEAE|ASTERACEAE Agrimonia L.|Eupatorium L.","SPSF00031376","Splink","SPSF",,"16",,"Latão","Bronze",,"São José dos Alpes."
"ÁREA DE PROTEÇÃO AMBIENTAL CAMPOS DO JORDÃO","Angiosperms","Rubiaceae","Alibertia",,"A.Rich. ex DC.","RUBIACEAE Alibertia A.Rich. ex DC.","36116","GBIF","UEC","Kinoshita, L.S.","16547",,"Ouro","Bronze","https://images.cria.org.br/viewer/UEC078339","Estrada entre Reserva do Instituto Florestal a São José dos Alpes, +- 6km."
"ÁREA DE PROTEÇÃO AMBIENTAL CAMPOS DO JORDÃO","Angiosperms","Rubiaceae","Bathysa","australis","(A.St.-Hil.) K.Schum.","RUBIACEAE Bathysa australis (A.St.-Hil.) K.Schum.","SPSF00008251","Splink","SPSF",,,"Native","Latão","Bronze",,"Parque Estadual do Instituto Florestal."
"ÁREA DE PROTEÇÃO AMBIENTAL CAMPOS DO JORDÃO","Angiosperms","Rubiaceae","Borreria","capitata","(Ruiz & Pav.) DC.","RUBIACEAE Borreria capitata (Ruiz & Pav.) DC.","RB00335477","GBIF","RB","Porto, C.","3262","Native","Ouro","Bronze","jbrj-public-img.s3-sa-east-1.amazonaws.com/JPG/rb/0/33/54/77/00335477.jpg",
"ÁREA DE PROTEÇÃO AMBIENTAL CAMPOS DO JORDÃO","Angiosperms","Rubiaceae","Borreria","tenella","(Kunth) Cham. & Schltdl.","RUBIACEAE Borreria tenella (Kunth) Cham. & Schltdl.","R010091654 R010091655","Splink","R",,"s.n.","Native","Bronze","Ouro",,"Parque Estadual de Campos do Jordão, Gleichenial no 1."
"ÁREA DE PROTEÇÃO AMBIENTAL CAMPOS DO JORDÃO","Angiosperms","Rubiaceae","Borreria","verticillata","(L.) G.Mey.","RUBIACEAE Borreria verticillata (L.) G.Mey.","PACA027868","Splink","PACA",,,"Native","Bronze","Bronze",,
"ÁREA DE PROTEÇÃO AMBIENTAL CAMPOS DO JORDÃO","Angiosperms","Rubiaceae","Coccocypselum","condalia","Pers.","RUBIACEAE Coccocypselum condalia Pers.","13651","GBIF","UEC","Davis, P.H.","3057","Native","Ouro","Bronze","https://images.cria.org.br/viewer/UEC106800","Estrada do Moreira para São José dos Alpes, perto da colônia. Folha Cartográfica SF-23-Y-B Coordenada Calculada. Reserva do Instituto Florestal."
"ÁREA DE PROTEÇÃO AMBIENTAL CAMPOS DO JORDÃO","Angiosperms","Rubiaceae","Coccocypselum","lanceolatum","(Ruiz & Pav.) Pers.","RUBIACEAE Coccocypselum lanceolatum (Ruiz & Pav.) Pers.","51407","GBIF","SPSF","Maruyama, A.","344","Native","Bronze","Bronze",,
"ÁREA DE PROTEÇÃO AMBIENTAL CAMPOS DO JORDÃO","Angiosperms","Rubiaceae","Coccocypselum","lymansmithii","Standl.","RUBIACEAE Coccocypselum lymansmithii Standl.","25595","GBIF","MAC","Costa, C.B.","397","Native","Ouro","Bronze","https://images.cria.org.br/viewer/MAC0025595","Área do Parque Estadual de Campo do Jordão. Fazenda São Sebastião do Ribeirão Grande, Usina Isabel, Região de São josé dos Alpes."
"ÁREA DE PROTEÇÃO AMBIENTAL CAMPOS DO JORDÃO","Angiosperms","Rubiaceae","Cordiera","concolor","(Cham.) Kuntze","RUBIACEAE Cordiera concolor (Cham.) Kuntze","SPSF00008025","Splink","SPSF",,"56","Native","Ouro","Bronze",,",."
"ÁREA DE PROTEÇÃO AMBIENTAL CAMPOS DO JORDÃO","Angiosperms","Rubiaceae","Coussarea","contracta","(Walp.) Müll.Arg.","RUBIACEAE Coussarea contracta var. contracta (Walp.) Müll.Arg.","CVRD014654","Splink","CVRD",,"539","Native","Ouro","Bronze",,
"ÁREA DE PROTEÇÃO AMBIENTAL CAMPOS DO JORDÃO",,"Rubiaceae","Decleuxia",,,"RUBIACEAE Decleuxia sp.","2177","Splink","MACK",,"74",,"Bronze","Bronze",,"Trilha For Seasons"
"ÁREA DE PROTEÇÃO AMBIENTAL CAMPOS DO JORDÃO",,"Rubiaceae","Declieuxia","angustifolia","Müll.Arg.","RUBIACEAE Declieuxia angustifolia subsp. angustifolia Müll.Arg.","RB01397682","GBIF","RB","Oliveira, J.A.","824",,"Ouro","Bronze","jbrj-public-img.s3-sa-east-1.amazonaws.com/JPG/rb/1/39/76/82/01397682.jpg","Mirante Ferradura."
"ÁREA DE PROTEÇÃO AMBIENTAL CAMPOS DO JORDÃO","Angiosperms","Rubiaceae","Declieuxia","cordigera","Müll.Arg.","RUBIACEAE Declieuxia cordigera var. angustifolia Müll.Arg.","396828","GBIF","NY","Emmerich, M.","s.n.","Native","Ouro","Bronze",,"Campos do Jordao ce do Mirante"
"ÁREA DE PROTEÇÃO AMBIENTAL CAMPOS DO JORDÃO","Angiosperms","Rubiaceae","Declieuxia","dusenii","Standl.","RUBIACEAE Declieuxia dusenii Standl.","58172","GBIF","SPSF","Goncalves, L.N.","1106","Native","Bronze","Ouro","https://images.cria.org.br/viewer/SPSF00058172","Parque Estadual de Campos do Jordão"
"ÁREA DE PROTEÇÃO AMBIENTAL CAMPOS DO JORDÃO","Angiosperms","Rubiaceae","Declieuxia","fruticosa","(Willd. ex Roem. & Schult.) Kuntze","RUBIACEAE Declieuxia fruticosa (Willd. ex Roem. & Schult.) Kuntze","63258","GBIF","UEC","Koch, I.","26339","Native","Ouro","Bronze","https://images.cria.org.br/viewer/UEC020243","Trilha do Rio Sapucaí"
"ÁREA DE PROTEÇÃO AMBIENTAL CAMPOS DO JORDÃO","Angiosperms","Rubiaceae","Declieuxia","lysimachioides","Zucc. ex Schult. & Schult.f.","RUBIACEAE Declieuxia lysimachioides Zucc. ex Schult. & Schult.f.","36380","GBIF","IAC","Rombouts, J.E.","s/nº","Native","Ouro","Bronze",,"Instituto Florestal, Seção de Botânica n° 2536"
"ÁREA DE PROTEÇÃO AMBIENTAL CAMPOS DO JORDÃO","Angiosperms","Rubiaceae","Diodia","alata","Nees & Mart.","RUBIACEAE Diodia alata Nees & Mart.","111605","GBIF","UEC","Anderson, L.O.","04",,"Latão","Bronze","https://images.cria.org.br/viewer/UEC110371","fazenda gravatá"
"ÁREA DE PROTEÇÃO AMBIENTAL CAMPOS DO JORDÃO","Angiosperms","Rubiaceae","Emmeorhiza","umbellata","(Spreng.) K.Schum.","RUBIACEAE Emmeorhiza umbellata (Spreng.) K.Schum.","71055","GBIF","UEC","Pombal, E.C.T.","26519","Native","Ouro","Bronze","https://images.cria.org.br/viewer/UEC110084","caminho para são josé dos Alpes"
"ÁREA DE PROTEÇÃO AMBIENTAL CAMPOS DO JORDÃO","Angiosperms","Rubiaceae","Eumachia","cephalantha","(Müll. Arg.) Delprete & J.H. Kirkbr.","RUBIACEAE Eumachia cephalantha (Müll. Arg.) Delprete & J.H. Kirkbr.","MA-01-00868990","GBIF","MA","Alonso, J.L.F.","1271","Native","Latão","Bronze",,"Campos de Jordão"
"ÁREA DE PROTEÇÃO AMBIENTAL CAMPOS DO JORDÃO","Angiosperms","Rubiaceae","Galianthe","angustifolia","(Cham. & Schltdl.) E.L.Cabral","RUBIACEAE Galianthe angustifolia (Cham. & Schltdl.) E.L.Cabral","SPSF00015820","Splink","SPSF",,"67","Native","Bronze","Bronze",,
"ÁREA DE PROTEÇÃO AMBIENTAL CAMPOS DO JORDÃO","Angiosperms","Rubiaceae","Galianthe","brasiliensis","(Spreng.) E.L.Cabral & Bacigalupo","RUBIACEAE Galianthe brasiliensis subsp. brasiliensis (Spreng.) E.L.Cabral & Bacigalupo","18988","GBIF","BOTU","Amaral Junior, A.S.M.","272","Native","Bronze","Bronze",,
"ÁREA DE PROTEÇÃO AMBIENTAL CAMPOS DO JORDÃO","Angiosperms","Rubiaceae","Galianthe","cymosa","(Cham.) E.L.Cabral & Bacigalupo","RUBIACEAE Galianthe cymosa (Cham.) E.L.Cabral & Bacigalupo","137741","GBIF","SP","Sakane, M.","199","Native","Bronze","Bronze",,
"ÁREA DE PROTEÇÃO AMBIENTAL CAMPOS DO JORDÃO","Angiosperms","Rubiaceae","Galianthe","laxa","(Cham. & Schltdl.) E.L.Cabral","RUBIACEAE Galianthe laxa (Cham. & Schltdl.) E.L.Cabral","US 1189006","GBIF","US","Holway, E.W.D.","1794","Native","Latão","Bronze","https://collections.nmnh.si.edu/media/?i=12277222","Campos do Jordao"
"ÁREA DE PROTEÇÃO AMBIENTAL CAMPOS DO JORDÃO","Angiosperms","Rubiaceae","Galianthe","liliifolia","(Standl.) E.L.Cabral","RUBIACEAE Galianthe liliifolia (Standl.) E.L.Cabral","5595","GBIF","UB","Gomes Junior, J.C.","1655","Native","Ouro","Bronze",,"Estrada do Areal, vale do Rio Coxim"
"ÁREA DE PROTEÇÃO AMBIENTAL CAMPOS DO JORDÃO","Angiosperms","Rubiaceae","Galianthe","palustris","(Cham. & Schltdl.) Cabaña Fader & E. L. Cabral,","RUBIACEAE Galianthe palustris (Cham. & Schltdl.) Cabaña Fader & E. L. Cabral,","R010091637","Splink","R",,"s.n.","Native","Bronze","Ouro",,"Parque Estadual de Campos do Jordão, Gleichenial no 2."
"ÁREA DE PROTEÇÃO AMBIENTAL CAMPOS DO JORDÃO","Angiosperms","Rubiaceae","Galianthe","peruviana","(Pers.) E.L.Cabral","RUBIACEAE Galianthe peruviana (Pers.) E.L.Cabral","SPSF00014869","Splink","SPSF",,"267","Native","Latão","Bronze",,"Morro do Elefante."
"ÁREA DE PROTEÇÃO AMBIENTAL CAMPOS DO JORDÃO","Angiosperms","Rubiaceae","Galianthe","vaginata","E.L.Cabral & Bacigalupo","RUBIACEAE Galianthe vaginata E.L.Cabral & Bacigalupo","PACA027764","Splink","PACA",,,"Native","Ouro","Bronze",,
"ÁREA DE PROTEÇÃO AMBIENTAL CAMPOS DO JORDÃO","Angiosperms","Rubiaceae","Galianthe","valerianoides","(Cham. & Schltdl.) E.L.Cabral","RUBIACEAE Galianthe valerianoides (Cham. & Schltdl.) E.L.Cabral","161742","GBIF","SPF","Sakane, M.","199","Native","Bronze","Bronze","https://images.cria.org.br/viewer/SPF00161742",
"ÁREA DE PROTEÇÃO AMBIENTAL CAMPOS DO JORDÃO",,"Rubiaceae","Galium","asperulum",,"RUBIACEAE Galium asperulum","SPSF00037723","Splink","SPSF",,"230",,"Bronze","Bronze",,"Trilha da Cachoeira."
"ÁREA DE PROTEÇÃO AMBIENTAL CAMPOS DO JORDÃO","Angiosperms","Rubiaceae","Galium","equisetoides","(Cham. & Schltdl.) Standl.","RUBIACEAE Galium equisetoides (Cham. & Schltdl.) Standl.","SP0032420","Splink","SP",,"s.n.","Native","Bronze","Bronze",,
"ÁREA DE PROTEÇÃO AMBIENTAL CAMPOS DO JORDÃO","Angiosperms","Rubiaceae","Galium","hypocarpium","(L.) Endl. ex Griseb.","RUBIACEAE Galium hypocarpium subsp. hypocarpium (L.) Endl. ex Griseb.","78383","GBIF","UEC","Gianotti, E.","26700","Native","Ouro","Bronze","https://images.cria.org.br/viewer/UEC114146","Praia São José dos Alpes."
"ÁREA DE PROTEÇÃO AMBIENTAL CAMPOS DO JORDÃO","Angiosperms","Rubiaceae","Galium","hypocarpium","(Cham. & Schltdl.) Dempster","RUBIACEAE Galium hypocarpium subsp. indecorum (Cham. & Schltdl.) Dempster","28595","GBIF","IAC","Kuhlmann, M.","2167","Native","Ouro","Ouro",,"Fazenda da Guarda"
"ÁREA DE PROTEÇÃO AMBIENTAL CAMPOS DO JORDÃO","Angiosperms","Rubiaceae","Galium","noxium","(A.St.-Hil.) Dempster","RUBIACEAE Galium noxium subsp. noxium (A.St.-Hil.) Dempster","SPSF00014388","Splink","SPSF",,"111","Native","Bronze","Bronze",,
"ÁREA DE PROTEÇÃO AMBIENTAL CAMPOS DO JORDÃO","Angiosperms","Rubiaceae","Galium","sellowianum","(Cham.) Walp.","RUBIACEAE Galium sellowianum (Cham.) Walp.","73164","GBIF","UEC","Yamamoto, K.","26748","Native","Ouro","Bronze","https://images.cria.org.br/viewer/UEC112952","Morro do Elefante."
"ÁREA DE PROTEÇÃO AMBIENTAL CAMPOS DO JORDÃO","Angiosperms","Rubiaceae","Guettarda","uruguensis","Cham. & Schltdl.","RUBIACEAE Guettarda uruguensis Cham. & Schltdl.","SPSF00013048","Splink","SPSF",,"624","Native","Bronze","Ouro",,"Parque Estadual de Campos do Jordão."
"ÁREA DE PROTEÇÃO AMBIENTAL CAMPOS DO JORDÃO","Angiosperms","Rubiaceae","Hexasepalum","radula","(Willd.) Delprete & J.H.Kirkbr.","RUBIACEAE Hexasepalum radula (Willd.) Delprete & J.H.Kirkbr.","SPSF00015829","Splink","SPSF",,"41","Native","Latão","Bronze",,
"ÁREA DE PROTEÇÃO AMBIENTAL CAMPOS DO JORDÃO","Angiosperms","Rubiaceae","Ladenbergia","oblongifolia","(Mutis) L.Andersson","RUBIACEAE Ladenbergia oblongifolia (Mutis) L.Andersson","HRCB006237","Splink","HRCB",,"305","Native","Ouro","Bronze",,
"ÁREA DE PROTEÇÃO AMBIENTAL CAMPOS DO JORDÃO","Angiosperms","Rubiaceae","Manettia","glaziovii","Wernham","RUBIACEAE Manettia glaziovii Wernham","UEC046121","Splink","UEC",,"7967","Native","Ouro","Bronze",,"Alto de São José dos Alpes."
"ÁREA DE PROTEÇÃO AMBIENTAL CAMPOS DO JORDÃO","Angiosperms","Rubiaceae","Manettia","pubescens","Cham. & Schltdl.","RUBIACEAE Manettia pubescens Cham. & Schltdl.","86551","GBIF","UEC","Buzato, S.","32345","Native","Bronze","Bronze","https://images.cria.org.br/viewer/UEC058811","Serra Taubaté - Campos do Jordão."
"ÁREA DE PROTEÇÃO AMBIENTAL CAMPOS DO JORDÃO","Angiosperms","Rubiaceae","Manettia","verticillata","Wernham","RUBIACEAE Manettia verticillata Wernham","153479","GBIF","UEC","Paula-Souza, J.","5762","Native","Bronze","Bronze","https://images.cria.org.br/viewer/UEC082759","Estrada para São Bento do Sapucaí, ca. 3km do limite entre os municípios."
"ÁREA DE PROTEÇÃO AMBIENTAL CAMPOS DO JORDÃO","Angiosperms","Rubiaceae","Margaritopsis","schuechiana","(Müll.Arg.) C.M.Taylor","RUBIACEAE Margaritopsis schuechiana (Müll.Arg.) C.M.Taylor","ESA014484","GBIF","ESA","Barreto, K.D.","1224",,"Ouro","Ouro","jbrj-public.s3-sa-east-1.amazonaws.com/fsi/server?type=image&source=DZI/esa/esa/0/1/44/84/esa00014484.dzi","Horto Florestal."
"ÁREA DE PROTEÇÃO AMBIENTAL CAMPOS DO JORDÃO","Angiosperms","Rubiaceae","Mitracarpus","hirtus","(L.) DC.","RUBIACEAE Mitracarpus hirtus (L.) DC.","42893","GBIF","SP","Hashimoto, G.","258","Native","Bronze","Bronze",,
"ÁREA DE PROTEÇÃO AMBIENTAL CAMPOS DO JORDÃO","Angiosperms","Rubiaceae","Oldenlandia","salzmannii","(DC.) Benth. & Hook.f. ex B.D.Jacks.","RUBIACEAE Oldenlandia salzmannii (DC.) Benth. & Hook.f. ex B.D.Jacks.","109841","GBIF","UEC","Anderson, L.O.","67","Native","Ouro","Bronze","https://images.cria.org.br/viewer/UEC112552",
"ÁREA DE PROTEÇÃO AMBIENTAL CAMPOS DO JORDÃO","Angiosperms","Rubiaceae","Palicourea","croceoides","Ham.","RUBIACEAE Palicourea croceoides Ham.","51350","GBIF","SPSF","Maruyama, A.","287","Native","Bronze","Bronze",,
"ÁREA DE PROTEÇÃO AMBIENTAL CAMPOS DO JORDÃO","Angiosperms","Rubiaceae","Palicourea","hispidula","Standl.","RUBIACEAE Palicourea hispidula Standl.","77319","GBIF","UEC","Gianotti, E.","26661","Native","Ouro","Bronze","https://images.cria.org.br/viewer/UEC117261","Praia São José dos Alpes."
"ÁREA DE PROTEÇÃO AMBIENTAL CAMPOS DO JORDÃO","Angiosperms","Rubiaceae","Palicourea","jungiana","C.M.Taylor","RUBIACEAE Palicourea jungiana C.M.Taylor","SPSF00018543","Splink","SPSF",,"562","Native","Ouro","Bronze",,
"ÁREA DE PROTEÇÃO AMBIENTAL CAMPOS DO JORDÃO","Angiosperms","Rubiaceae","Palicourea","rudgeoides","(Müll.Arg.) Standl.","RUBIACEAE Palicourea rudgeoides (Müll.Arg.) Standl.","SPSF00017495","Splink","SPSF",,"s/n","Native","Bronze","Bronze",,"Parque Estadual do Instituto Florestal."
"ÁREA DE PROTEÇÃO AMBIENTAL CAMPOS DO JORDÃO","Angiosperms","Rubiaceae","Palicourea","ruelliifolia","(Cham. & Schltdl.) Borhidi","RUBIACEAE Palicourea ruelliifolia (Cham. & Schltdl.) Borhidi","71546","GBIF","UEC","Yamamoto, K.","26731","Native","Ouro","Bronze","https://images.cria.org.br/viewer/UEC102417","Pico do Itapeva."
"ÁREA DE PROTEÇÃO AMBIENTAL CAMPOS DO JORDÃO","Angiosperms","Rubiaceae","Palicourea","sessilis","(Vell.) C.M.Taylor","RUBIACEAE Palicourea sessilis (Vell.) C.M.Taylor","ESA013845","GBIF","ESA","Barreto, K.D.","1270","Native","Ouro","Bronze","jbrj-public.s3-sa-east-1.amazonaws.com/fsi/server?type=image&source=DZI/esa/esa/0/1/38/45/esa00013845.dzi",
"ÁREA DE PROTEÇÃO AMBIENTAL CAMPOS DO JORDÃO","Angiosperms","Rubiaceae","Posoqueria","acutifolia","Mart.","RUBIACEAE Posoqueria acutifolia Mart.","SPSF00013764","Splink","SPSF",,"660","Native","Bronze","Bronze",,"Fazenda Silvestre, Nucleo Indaia."
"ÁREA DE PROTEÇÃO AMBIENTAL CAMPOS DO JORDÃO","Angiosperms","Rubiaceae","Psychotria","dusenii","Standl.","RUBIACEAE Psychotria dusenii Standl.","69150","GBIF","UEC","Galvao, J.C.","26441",,"Ouro","Bronze","https://images.cria.org.br/viewer/UEC115549","estrada antiga de campos do jordão à Santo Antônio dos Pinhais"
"ÁREA DE PROTEÇÃO AMBIENTAL CAMPOS DO JORDÃO","Angiosperms","Rubiaceae","Psychotria","leiocarpa","Cham. & Schltdl.","RUBIACEAE Psychotria leiocarpa Cham. & Schltdl.","57944","GBIF","IAC","Arzolla, F.A.R.P.","544","Native","Bronze","Bronze",,
"ÁREA DE PROTEÇÃO AMBIENTAL CAMPOS DO JORDÃO",,"Rubiaceae","Psychotria","parquioides",,"RUBIACEAE Psychotria parquioides","MBM171566","Splink","MBM",,"482",,"Ouro","Bronze",,"Campos do Jordão."
"ÁREA DE PROTEÇÃO AMBIENTAL CAMPOS DO JORDÃO","Angiosperms","Rubiaceae","Psychotria","stachyoides","Benth.","RUBIACEAE Psychotria stachyoides Benth.","RB01397677","GBIF","RB","Oliveira, J.A.","819","Native","Ouro","Bronze","jbrj-public-img.s3-sa-east-1.amazonaws.com/JPG/rb/1/39/76/77/01397677.jpg","Mirante Ferradura."
"ÁREA DE PROTEÇÃO AMBIENTAL CAMPOS DO JORDÃO","Angiosperms","Rubiaceae","Psychotria","subtriflora","Müll.Arg.","RUBIACEAE Psychotria subtriflora Müll.Arg.","MBM149706","Splink","MBM",,"250","Native","Bronze","Bronze",,"Parque Estadual do Instituto Florestal."
"ÁREA DE PROTEÇÃO AMBIENTAL CAMPOS DO JORDÃO","Angiosperms","Rubiaceae","Psychotria","suterella","Müll.Arg.","RUBIACEAE Psychotria suterella Müll.Arg.","HRB00011295","Splink","HRB",,"98","Native","Ouro","Ouro",,"PECJ-EFE 2."
"ÁREA DE PROTEÇÃO AMBIENTAL CAMPOS DO JORDÃO",,"Rubiaceae","Riccardia","fucoidea","(Sw.) C.Massal.","RUBIACEAE Riccardia fucoidea (Sw.) C.Massal.","90171288","GBIF","MO","Schafer-Verwimp, A.","11041",,"Bronze","Bronze",,"Serra da Mantiqueira, Campos do Jordao, feuchte Sekundarwald bei Minalba, auf morschem Holz."
"ÁREA DE PROTEÇÃO AMBIENTAL CAMPOS DO JORDÃO",,"Rubiaceae","Riccardia","glaziovii","(Spruce) Meenks","RUBIACEAE Riccardia glaziovii (Spruce) Meenks","21961","GBIF","SJRP-BRYOPHYTA","Peralta, D.F.","203",,"Bronze","Bronze",,
"ÁREA DE PROTEÇÃO AMBIENTAL CAMPOS DO JORDÃO","Angiosperms","Rubiaceae","Richardia","brasiliensis","Gomes","RUBIACEAE Richardia brasiliensis Gomes","PACA027866","Splink","PACA",,,"Native","Prata","Bronze",,
"ÁREA DE PROTEÇÃO AMBIENTAL CAMPOS DO JORDÃO","Angiosperms","Rubiaceae","Richardsonia",,"Kunth","RUBIACEAE Richardsonia Kunth","250641","GBIF","R","Emmerich, W.","s.n.",,"Latão","Ouro","https://images.cria.org.br/viewer/R010091649","Parque Estadual de Campos do Jordão, Gleichenial no 1."
"ÁREA DE PROTEÇÃO AMBIENTAL CAMPOS DO JORDÃO","Angiosperms","Rubiaceae","Rudgea","jasminoides","(Benth.) Zappi","RUBIACEAE Rudgea jasminoides subsp. corniculata (Benth.) Zappi","28537","GBIF","IAC","Kuhlmann, M.","2112","Native","Ouro","Bronze",,"Umurama"
"ÁREA DE PROTEÇÃO AMBIENTAL CAMPOS DO JORDÃO","Angiosperms","Rubiaceae","Rudgea","parquioides","(Cham.) Müll.Arg.","RUBIACEAE Rudgea parquioides (Cham.) Müll.Arg.","SPSF00014382","Splink","SPSF",,"117","Native","Ouro","Ouro",,"P.E. de Campos do Jordão."
"ÁREA DE PROTEÇÃO AMBIENTAL CAMPOS DO JORDÃO","Angiosperms","Rubiaceae","Rudgea","triflora","Benth.","RUBIACEAE Rudgea triflora Benth.","77372","GBIF","UEC","Yamamoto, K.","267533","Native","Ouro","Bronze",,"Morro do Elefante"
"ÁREA DE PROTEÇÃO AMBIENTAL CAMPOS DO JORDÃO","Angiosperms","Rubiaceae","Sabicea",,"Aubl.","RUBIACEAE Sabicea Aubl.","MA-01-00868930","GBIF","MA","Alonso, J.L.F.","1269",,"Bronze","Bronze",,
"ÁREA DE PROTEÇÃO AMBIENTAL CAMPOS DO JORDÃO","Angiosperms","Rubiaceae","Spermacoce","orinocensis","Willd. ex Roem. & Schult.","RUBIACEAE Spermacoce orinocensis Willd. ex Roem. & Schult.","77707","GBIF","SP","Gomes Jr, J.C.","1634",,"Ouro","Ouro",,"Fazenda da Guarda."
"ÁREA DE PROTEÇÃO AMBIENTAL CAMPOS DO JORDÃO","Angiosperms","Rubiaceae","Staelia",,"Cham.","RUBIACEAE Staelia Cham.","RFA48205","Splink","RFA",,"8046",,"Latão","Bronze",,"Estrada para Pico Itapeva"
"ÁREA DE PROTEÇÃO AMBIENTAL CAMPOS DO JORDÃO","Angiosperms","Rutaceae","Dictyoloma","vandellianum","A.Juss.","RUTACEAE Dictyoloma vandellianum A.Juss.","SPSF00007616","Splink","SPSF",,,"Native","Latão","Bronze",,"Parque Estadual do Instituto Florestal."
"ÁREA DE PROTEÇÃO AMBIENTAL CAMPOS DO JORDÃO","Angiosperms","Rutaceae","Esenbeckia","grandiflora","Mart.","RUTACEAE Esenbeckia grandiflora var. grandiflora Mart.","SPSF00005594","Splink","SPSF",,,"Native","Latão","Bronze",,"Parque Estadual do Instituto Florestal."
"ÁREA DE PROTEÇÃO AMBIENTAL CAMPOS DO JORDÃO","Angiosperms","Rutaceae","Esenbeckia","leiocarpa","Engl.","RUTACEAE Esenbeckia leiocarpa Engl.","SPSF00006212","Splink","SPSF",,,"Native","Latão","Bronze",,"Parque Estadual do Instituto Florestal."
"ÁREA DE PROTEÇÃO AMBIENTAL CAMPOS DO JORDÃO","Angiosperms","Rutaceae","Metrodorea","nigra","A.St.-Hil.","RUTACEAE Metrodorea nigra A.St.-Hil.","SPSF00006423","Splink","SPSF",,,"Native","Latão","Bronze",,"Parque Estadual do Instituto Florestal."
"ÁREA DE PROTEÇÃO AMBIENTAL CAMPOS DO JORDÃO","Angiosperms","Rutaceae","Metrodorea","stipularis","Mart.","RUTACEAE Metrodorea stipularis Mart.","SPSF00007674","Splink","SPSF",,,"Native","Latão","Bronze",,"Parque Estadual do Instituto Florestal."
"ÁREA DE PROTEÇÃO AMBIENTAL CAMPOS DO JORDÃO","Angiosperms","Rutaceae","Zanthoxylum","rhoifolium","Lam.","RUTACEAE Zanthoxylum rhoifolium Lam.","MBM262687","Splink","MBM",,"524","Native","Ouro","Bronze",,"Campos do Jordão."
"ÁREA DE PROTEÇÃO AMBIENTAL CAMPOS DO JORDÃO","Angiosperms","Sabiaceae","Meliosma","sellowii","Urb.","SABIACEAE Meliosma sellowii Urb.","81856","GBIF","SPF","Kuhlmann, M.","2205","Native","Ouro","Bronze","https://images.cria.org.br/viewer/SPF00081856",
"ÁREA DE PROTEÇÃO AMBIENTAL CAMPOS DO JORDÃO","Angiosperms","Salicaceae","Abatia","americana","(Gardner) Eichler","SALICACEAE Abatia americana (Gardner) Eichler","147906","GBIF","UB","Kuhlmann, M.","s.n.","Native","Bronze","Bronze",,"estrada de Umuarama a Abernessia."
"ÁREA DE PROTEÇÃO AMBIENTAL CAMPOS DO JORDÃO","Angiosperms","Salicaceae","Azara","uruguayensis","(Speg.) Sleumer","SALICACEAE Azara uruguayensis (Speg.) Sleumer","R010101310","Splink","R",,"33","Native","Ouro","Bronze",,
"ÁREA DE PROTEÇÃO AMBIENTAL CAMPOS DO JORDÃO","Angiosperms","Salicaceae","Casearia","decandra","Jacq.","SALICACEAE Casearia decandra Jacq.","SPSF00009580","Splink","SPSF",,"357","Native","Ouro","Ouro",,"P.E. de Campos do Jordão."
"ÁREA DE PROTEÇÃO AMBIENTAL CAMPOS DO JORDÃO","Angiosperms","Salicaceae","Casearia","obliqua","Spreng.","SALICACEAE Casearia obliqua Spreng.","SPSF00011970","Splink","SPSF",,"552","Native","Latão","Ouro",,"P.E. de Campos do Jordão."
"ÁREA DE PROTEÇÃO AMBIENTAL CAMPOS DO JORDÃO","Angiosperms","Salicaceae","Casearia","sylvestris","Sw.","SALICACEAE Casearia sylvestris Sw.","69769","GBIF","UEC","Koch, I.","26451","Native","Ouro","Bronze","https://images.cria.org.br/viewer/UEC066810","Estrada antiga de Campos do Jordão a Santo Antônio dos Pinhais."
"ÁREA DE PROTEÇÃO AMBIENTAL CAMPOS DO JORDÃO",,"Salicaceae","Lunaria","annua","L.","SALICACEAE Lunaria annua L.","6301","GBIF","HRCB","Furlan, A.","269",,"Bronze","Ouro",,"Parque Estadual"
"ÁREA DE PROTEÇÃO AMBIENTAL CAMPOS DO JORDÃO","Angiosperms","Salicaceae","Populus","alba","L.","SALICACEAE Populus alba L.","HPL008469","Splink","HPL",,"4018","Cultivated","Bronze","Bronze",,"Coletado e cultivado na arborização urbana."
"ÁREA DE PROTEÇÃO AMBIENTAL CAMPOS DO JORDÃO","Angiosperms","Salicaceae","Xylosma","ciliatifolia","(Clos) Eichler","SALICACEAE Xylosma ciliatifolia (Clos) Eichler","SPSF00014765","Splink","SPSF",,"734","Native","Ouro","Ouro",,"Parque Estadual."
"ÁREA DE PROTEÇÃO AMBIENTAL CAMPOS DO JORDÃO","Ferns and Lycophytes","Salviniaceae","Salvinia","molesta","D.S.Mitch.","SALVINIACEAE Salvinia molesta D.S.Mitch.","166009995","GBIF","Observations","Dominguez, Y.",,"Native","Bronze","Bronze",,"J Alpestre, Campos do Jordão - SP, 12460-000, Brazil"
"ÁREA DE PROTEÇÃO AMBIENTAL CAMPOS DO JORDÃO","Angiosperms","Santalaceae","Antidaphne","glaziovii","(Tiegh.) Kuijt","SANTALACEAE Antidaphne glaziovii (Tiegh.) Kuijt","HRB00005430","Splink","HRB",,"52","Native","Ouro","Ouro",,"P.E. de Campos do Jordão."
"ÁREA DE PROTEÇÃO AMBIENTAL CAMPOS DO JORDÃO","Angiosperms","Santalaceae","Phoradendron","ensifolium","(Pohl ex DC.) Eichler","SANTALACEAE Phoradendron ensifolium (Pohl ex DC.) Eichler","155798","GBIF","SP","Mattos, J.","15801","Native","Bronze","Ouro",,"Parque Estadual de Campos do Jordão"
"ÁREA DE PROTEÇÃO AMBIENTAL CAMPOS DO JORDÃO","Angiosperms","Santalaceae","Phoradendron","undulatum","(Pohl ex DC.) Eichler","SANTALACEAE Phoradendron undulatum (Pohl ex DC.) Eichler","ESA018645","GBIF","ESA","Barreto, K.D.","2446","Native","Ouro","Bronze","jbrj-public.s3-sa-east-1.amazonaws.com/fsi/server?type=image&source=DZI/esa/esa/0/1/86/45/esa00018645.dzi",
"ÁREA DE PROTEÇÃO AMBIENTAL CAMPOS DO JORDÃO","Angiosperms","Santalaceae","Thesium",,"L.","SANTALACEAE Thesium L.","RB00370709","GBIF","RB","Bautista, H.P.","232",,"Ouro","Ouro","jbrj-public-img.s3-sa-east-1.amazonaws.com/JPG/rb/0/37/7/9/00370709.jpg","Parque Estadual, São José dos Alpes."
"ÁREA DE PROTEÇÃO AMBIENTAL CAMPOS DO JORDÃO","Angiosperms","Sapindaceae","Acer",,"L.","SAPINDACEAE Acer L.","9078","GBIF","HISA","Mustafa, A.L.","s/n",,"Latão","Ouro",,"Parque Estadual de Campos do Jordão"
"ÁREA DE PROTEÇÃO AMBIENTAL CAMPOS DO JORDÃO","Angiosperms","Sapindaceae","Allophylus","edulis","(A.St.-Hil. et al.) Hieron. ex Niederl.","SAPINDACEAE Allophylus edulis (A.St.-Hil. et al.) Hieron. ex Niederl.","SPSF00014209","Splink","SPSF",,"687","Native","Ouro","Ouro",,"Parque Estadual, Região do ""paiol"", sob reflorestamento"
"ÁREA DE PROTEÇÃO AMBIENTAL CAMPOS DO JORDÃO","Angiosperms","Sapindaceae","Allophylus","racemosus","Sw.","SAPINDACEAE Allophylus racemosus Sw.","SPSF00009583","Splink","SPSF",,"356","Native","Ouro","Ouro",,"Parque Estadual, Instituto Florestal, região do pinheiro-seco"
"ÁREA DE PROTEÇÃO AMBIENTAL CAMPOS DO JORDÃO","Angiosperms","Sapindaceae","Allophylus","semidentatus","(Miq.) Radlk.","SAPINDACEAE Allophylus semidentatus (Miq.) Radlk.","SPSF00009036","Splink","SPSF",,"262","Native","Ouro","Ouro",,"Parque Estadual de Campos do Jordão."
"ÁREA DE PROTEÇÃO AMBIENTAL CAMPOS DO JORDÃO",,"Sapindaceae","Alophyllus",,"L., 1762","SAPINDACEAE Alophyllus L., 1762","250623","GBIF","R","Emmerich, W.",,,"Latão","Ouro","https://images.cria.org.br/viewer/R010091454","Parque Estadual de Campos do Jordão, Gleichenial no 2. Garalhada."
"ÁREA DE PROTEÇÃO AMBIENTAL CAMPOS DO JORDÃO","Angiosperms","Sapindaceae","Cupania","oblongifolia","Mart.","SAPINDACEAE Cupania oblongifolia Mart.","SPSF00006319","Splink","SPSF",,,"Native","Latão","Bronze",,"Parque Estadual do Instituto Florestal."
"ÁREA DE PROTEÇÃO AMBIENTAL CAMPOS DO JORDÃO","Angiosperms","Sapindaceae","Cupania","racemosa","(Vell.) Radlk.","SAPINDACEAE Cupania racemosa (Vell.) Radlk.","MBM194008","Splink","MBM",,"602","Native","Bronze","Bronze",,"Parque Estadual do Instituto Florestal."
"ÁREA DE PROTEÇÃO AMBIENTAL CAMPOS DO JORDÃO","Angiosperms","Sapindaceae","Cupania","vernalis","Cambess.","SAPINDACEAE Cupania vernalis Cambess.","77373","GBIF","UEC","Tozzi, A.M.G.A.","26759","Native","Ouro","Bronze","https://images.cria.org.br/viewer/UEC184242","Bosque nas proximidades do Auditório (Mata do Auditório)."
"ÁREA DE PROTEÇÃO AMBIENTAL CAMPOS DO JORDÃO","Angiosperms","Sapindaceae","Cupania","zanthoxyloides","Radlk.","SAPINDACEAE Cupania zanthoxyloides Radlk.","RBR00016395","Splink","RBR",,"s.n.","Native","Ouro","Bronze",,"P.E. Instituto Florestal"
"ÁREA DE PROTEÇÃO AMBIENTAL CAMPOS DO JORDÃO","Angiosperms","Sapindaceae","Matayba","elaeagnoides","Radlk.","SAPINDACEAE Matayba elaeagnoides Radlk.","SPSF00006375","Splink","SPSF",,,"Native","Ouro","Bronze",,"Parque Estadual do Instituto Florestal."
"ÁREA DE PROTEÇÃO AMBIENTAL CAMPOS DO JORDÃO","Angiosperms","Sapindaceae","Paullinia","carpopoda","Cambess.","SAPINDACEAE Paullinia carpopoda Cambess.","78234","GBIF","UEC","Gianotti, E.","26677","Native","Ouro","Bronze","https://images.cria.org.br/viewer/UEC049966_c","Praia São José dos Alpes."
"ÁREA DE PROTEÇÃO AMBIENTAL CAMPOS DO JORDÃO","Angiosperms","Sapindaceae","Sapindus","saponaria","L.","SAPINDACEAE Sapindus saponaria L.","ESA015251","GBIF","ESA","Barreto, K.D.","1239","Native","Latão","Bronze","jbrj-public.s3-sa-east-1.amazonaws.com/fsi/server?type=image&source=DZI/esa/esa/0/1/52/51/esa00015251.dzi",
"ÁREA DE PROTEÇÃO AMBIENTAL CAMPOS DO JORDÃO","Angiosperms","Sapindaceae","Serjania","communis","Cambess.","SAPINDACEAE Serjania communis Cambess.","RBR00032368","Splink","RBR",,"4228","Native","Ouro","Bronze",,"pr. Engenheiro Leferve, entre Campos do Jordão e Pinadamonhangaba 1000m"
"ÁREA DE PROTEÇÃO AMBIENTAL CAMPOS DO JORDÃO","Angiosperms","Sapindaceae","Serjania","deflexa","Gardner","SAPINDACEAE Serjania deflexa Gardner","77175","GBIF","UEC","Gianotti, E.","26666","Native","Ouro","Bronze","https://images.cria.org.br/viewer/UEC047864","Praia São josé dos Alpes."
"ÁREA DE PROTEÇÃO AMBIENTAL CAMPOS DO JORDÃO","Angiosperms","Sapindaceae","Serjania","glabrata","Kunth","SAPINDACEAE Serjania glabrata Kunth","RB00609189","Reflora","RB","Carvalho, J.P.M.",,"Native","Ouro","Ouro",,"Parque Estadual, regiãodo Pinheiro Seco."
"ÁREA DE PROTEÇÃO AMBIENTAL CAMPOS DO JORDÃO","Angiosperms","Sapindaceae","Serjania","gracilis","Radlk.","SAPINDACEAE Serjania gracilis Radlk.","54770","GBIF","MBM","Sakane, M.","566","Native","Ouro","Bronze","https://images.cria.org.br/viewer/MBM054770","Estrada para Pedra Baú, ca. 100km norte de São José dos Campos. Folha Cartográfica SF-23-Y-B Coordenada Calculada."
"ÁREA DE PROTEÇÃO AMBIENTAL CAMPOS DO JORDÃO","Angiosperms","Sapindaceae","Serjania","laruotteana","Cambess.","SAPINDACEAE Serjania laruotteana Cambess.","155832","GBIF","SP","Mattos, J.","15779","Native","Ouro","Ouro","https://images.cria.org.br/viewer/SP047267","Parque Estadual de Campos do Jordão"
"ÁREA DE PROTEÇÃO AMBIENTAL CAMPOS DO JORDÃO","Angiosperms","Sapindaceae","Serjania","regnellii","Schltdl.","SAPINDACEAE Serjania regnellii Schltdl.","RBR00032637","Splink","RBR",,"625","Native","Ouro","Ouro",,"P.E. de Campos do Jordão."
"ÁREA DE PROTEÇÃO AMBIENTAL CAMPOS DO JORDÃO","Angiosperms","Sapindaceae","Serjania","reticulata","Cambess.","SAPINDACEAE Serjania reticulata Cambess.","77762","GBIF","SP","Gomes Jr, J.C.","1636","Native","Ouro","Ouro",,"Fazenda da Guarda."
"ÁREA DE PROTEÇÃO AMBIENTAL CAMPOS DO JORDÃO","Angiosperms","Sapotaceae","Chrysophyllum","marginatum","(Hook. & Arn.) Radlk.","SAPOTACEAE Chrysophyllum marginatum (Hook. & Arn.) Radlk.","32297","GBIF","SP","Hambleton, E.J.","7","Native","Bronze","Bronze",,
"ÁREA DE PROTEÇÃO AMBIENTAL CAMPOS DO JORDÃO",,"Sapotaceae","Mittenothamnium","elegantulum","(Hook.) Cardot","SAPOTACEAE Mittenothamnium elegantulum (Hook.) Cardot","FLAS B44700","GBIF","FLAS","Vital, D.M.","9719",,"Latão","Bronze",,"na mata umida e brejosa"
"ÁREA DE PROTEÇÃO AMBIENTAL CAMPOS DO JORDÃO","Angiosperms","Saururaceae","Houttuynia",,"Thunb.","SAURURACEAE Houttuynia Thunb.","55040","GBIF","SP","Hashimoto, G.","452",,"Latão","Bronze","https://images.cria.org.br/viewer/SP010419","Cacique."
"ÁREA DE PROTEÇÃO AMBIENTAL CAMPOS DO JORDÃO",,"Scrophulariaceae","Buddleja","davidii",,"SCROPHULARIACEAE Buddleja davidii","PACA027795","Splink","PACA",,,,"Prata","Bronze",,
"ÁREA DE PROTEÇÃO AMBIENTAL CAMPOS DO JORDÃO","Angiosperms","Scrophulariaceae","Buddleja","elegans","Cham. & Schltdl.","SCROPHULARIACEAE Buddleja elegans subsp. elegans Cham. & Schltdl.","994","GBIF","UEC","Davis, P.H.","3073","Native","Ouro","Bronze","https://images.cria.org.br/viewer/UEC065050","Reserva do Instituto Florestal.&nf;Estrada do Moreira para São José dos Alpes, perto da colônia."
"ÁREA DE PROTEÇÃO AMBIENTAL CAMPOS DO JORDÃO","Angiosperms","Scrophulariaceae","Buddleja","oblonga","Benth.","SCROPHULARIACEAE Buddleja oblonga Benth.","SPSF00009485","Splink","SPSF",,"327","Native","Ouro","Ouro",,"P.E. de Campos do Jordão."
"ÁREA DE PROTEÇÃO AMBIENTAL CAMPOS DO JORDÃO","Angiosperms","Scrophulariaceae","Buddleja","stachyoides","Cham. & Schltdl.","SCROPHULARIACEAE Buddleja stachyoides Cham. & Schltdl.","HRB00005575","Splink","HRB",,"270","Native","Ouro","Bronze",,"Folha Cartográfica SF.23-Y-B."
"ÁREA DE PROTEÇÃO AMBIENTAL CAMPOS DO JORDÃO","Angiosperms","Scrophulariaceae","Verbascum","virgatum","Stokes","SCROPHULARIACEAE Verbascum virgatum Stokes","SPSF00054816","Splink","SPSF",,"8904","Naturalized","Bronze","Ouro",,"Parque Estadual Mananciais de Campos do Jordão"
"ÁREA DE PROTEÇÃO AMBIENTAL CAMPOS DO JORDÃO","Ferns and Lycophytes","Selaginellaceae","Selaginella","kraussiana","(Kunze) A.Braun","SELAGINELLACEAE Selaginella kraussiana (Kunze) A.Braun","29659","GBIF","BHCB","Salino, A.","1450","Naturalized","Ouro","Bronze",,"Floresta ao Lado do Auditório do Estado"
"ÁREA DE PROTEÇÃO AMBIENTAL CAMPOS DO JORDÃO","Ferns and Lycophytes","Selaginellaceae","Selaginella","marginata","(Humb. & Bonpl. ex Willd.) Spring","SELAGINELLACEAE Selaginella marginata (Humb. & Bonpl. ex Willd.) Spring","429746","GBIF","MBM","Canestraro, B.K.","1484","Native","Ouro","Bronze","https://images.cria.org.br/viewer/MBM429746","Morro do Elefante."
"ÁREA DE PROTEÇÃO AMBIENTAL CAMPOS DO JORDÃO","Ferns and Lycophytes","Selaginellaceae","Selaginella","muscosa","Spring","SELAGINELLACEAE Selaginella muscosa Spring","SJRP00019834","GBIF","SJRP","Amorim, L.","025","Native","Ouro","Bronze","jbrj-public.s3-sa-east-1.amazonaws.com/fsi/server?type=image&source=DZI/sjrp/sjrp/0/1/98/34/sjrp00019834.dzi","arredores."
"ÁREA DE PROTEÇÃO AMBIENTAL CAMPOS DO JORDÃO","Ferns and Lycophytes","Selaginellaceae","Selaginella","tenuissima","Fée","SELAGINELLACEAE Selaginella tenuissima Fée","11879","GBIF","UEC","Davis, P.H.","3082","Native","Ouro","Bronze","https://images.cria.org.br/viewer/UEC067157","Reserva do Insituto Florestal, Estrada para Paiol."
"ÁREA DE PROTEÇÃO AMBIENTAL CAMPOS DO JORDÃO","Angiosperms","Siparunaceae","Siparuna","brasiliensis","(Spreng.) A.DC.","SIPARUNACEAE Siparuna brasiliensis (Spreng.) A.DC.","51357","GBIF","SPSF","Maruyama, A.","294","Native","Bronze","Bronze",,
"ÁREA DE PROTEÇÃO AMBIENTAL CAMPOS DO JORDÃO","Angiosperms","Siparunaceae","Siparuna","tomentosa","(Ruiz & Pav.) A.DC.","SIPARUNACEAE Siparuna tomentosa (Ruiz & Pav.) A.DC.","SPSF00034578","Splink","SPSF",,,"Unknown","Bronze","Bronze",,"serra da Mantiqueira."
"ÁREA DE PROTEÇÃO AMBIENTAL CAMPOS DO JORDÃO","Angiosperms","Smilacaceae","Smilax","spicata","Vell.","SMILACACEAE Smilax spicata Vell.","45353","GBIF","SPSF","Polisel, R.T.","1030","Native","Bronze","Ouro","https://images.cria.org.br/viewer/SPSF00045353","Parque Estadual de Campos do Jordão"
"ÁREA DE PROTEÇÃO AMBIENTAL CAMPOS DO JORDÃO",,"Solanaceae","Anthoceros",,"L.","SOLANACEAE Anthoceros L.","086989","GBIF","SP-BRYOPHYTA","Vital, D.M.","1015",,"Latão","Bronze",,"Sapucaí Mirim"
"ÁREA DE PROTEÇÃO AMBIENTAL CAMPOS DO JORDÃO","Angiosperms","Solanaceae","Athenaea","fasciculata","(Vell.) I.M.C. Rodrigues & Stehmann","SOLANACEAE Athenaea fasciculata (Vell.) I.M.C. Rodrigues & Stehmann","SPSF00014809","Splink","SPSF",,"199","Native","Ouro","Bronze",,"Parque Estadual do Instituto Florestal."
"ÁREA DE PROTEÇÃO AMBIENTAL CAMPOS DO JORDÃO","Angiosperms","Solanaceae","Bassovia","tomentosa","(Sendtn.) Dunal","SOLANACEAE Bassovia tomentosa (Sendtn.) Dunal","SPSF00006403","Splink","SPSF",,,,"Bronze","Bronze",,"Parque Estadual do Instituto Florestal."
"ÁREA DE PROTEÇÃO AMBIENTAL CAMPOS DO JORDÃO","Angiosperms","Solanaceae","Browallia","americana","L.","SOLANACEAE Browallia americana L.","HPL008598","Splink","HPL",,"1969","Naturalized","Bronze","Bronze",,"Coletado nas proximidades do município de Campos do Jordão."
"ÁREA DE PROTEÇÃO AMBIENTAL CAMPOS DO JORDÃO","Angiosperms","Solanaceae","Brunfelsia","brasiliensis","(Spreng.) L.B.Sm. & Downs","SOLANACEAE Brunfelsia brasiliensis (Spreng.) L.B.Sm. & Downs","CEN00133541","Splink","CEN",,,"Native","Bronze","Bronze",,
"ÁREA DE PROTEÇÃO AMBIENTAL CAMPOS DO JORDÃO","Angiosperms","Solanaceae","Brunfelsia","pauciflora","(Cham. & Schltdl.) Benth.","SOLANACEAE Brunfelsia pauciflora (Cham. & Schltdl.) Benth.","ESA089151","Splink","ESA",,"476","Native","Prata","Bronze",,
"ÁREA DE PROTEÇÃO AMBIENTAL CAMPOS DO JORDÃO","Angiosperms","Solanaceae","Brunfelsia","pilosa","Plowman","SOLANACEAE Brunfelsia pilosa Plowman","1039","Splink","MACK",,"CJ047","Native","Bronze","Ouro",,"Colônia Umuarama. Área próxima a um lago."
"ÁREA DE PROTEÇÃO AMBIENTAL CAMPOS DO JORDÃO","Angiosperms","Solanaceae","Brunfelsia","uniflora","(Pohl) D.Don","SOLANACEAE Brunfelsia uniflora (Pohl) D.Don","BHCB063702","Splink","BHCB",,"1292","Native","Ouro","Bronze",,"Estrada para São José dos Alpes."
"ÁREA DE PROTEÇÃO AMBIENTAL CAMPOS DO JORDÃO","Angiosperms","Solanaceae","Calibrachoa","caesia","(Sendtn.) Wijsman","SOLANACEAE Calibrachoa caesia (Sendtn.) Wijsman","SPSF00014324","Splink","SPSF",,"39","Native","Latão","Ouro",,"P.E. de Campos do Jordão."
"ÁREA DE PROTEÇÃO AMBIENTAL CAMPOS DO JORDÃO","Angiosperms","Solanaceae","Calibrachoa","linoides","(Sendtn.) Wijsman","SOLANACEAE Calibrachoa linoides (Sendtn.) Wijsman","BM000941584","Splink","SOLANACEAE_SOURCE_BR",,"B228","Native","Ouro","Bronze",,"5.1km from Campos do Jordão to Jardim Botanico."
"ÁREA DE PROTEÇÃO AMBIENTAL CAMPOS DO JORDÃO",,"Solanaceae","Capsicum","frutescens|Capsicum","L.","SOLANACEAE Capsicum frutescens L.|Capsicum baccatum L.","1931","Splink","MACK",,"11",,"Bronze","Ouro",,"Colônia Umuarama, próximo ao lago."
"ÁREA DE PROTEÇÃO AMBIENTAL CAMPOS DO JORDÃO","Angiosperms","Solanaceae","Capsicum","mirabile","Mart.","SOLANACEAE Capsicum mirabile Mart.","PACA027898","Splink","PACA",,,"Native","Ouro","Bronze",,
"ÁREA DE PROTEÇÃO AMBIENTAL CAMPOS DO JORDÃO","Angiosperms","Solanaceae","Cestrum","bracteatum","Link & Otto","SOLANACEAE Cestrum bracteatum Link & Otto","156498","GBIF","ICN","Stehmann, J.R.","4516","Native","Ouro","Bronze",,"subida da serra. 22°46'30.31' S 45°36'57.86' W"
"ÁREA DE PROTEÇÃO AMBIENTAL CAMPOS DO JORDÃO","Angiosperms","Solanaceae","Cestrum","corymbosum","Schltdl.","SOLANACEAE Cestrum corymbosum Schltdl.","ICN00033494","Splink","ICN",,"2497","Native","Ouro","Bronze",,"entre Campos do Jordão e Piranuçu, Serra da Maniqueira"
"ÁREA DE PROTEÇÃO AMBIENTAL CAMPOS DO JORDÃO","Angiosperms","Solanaceae","Cestrum","intermedium","Sendtn.","SOLANACEAE Cestrum intermedium Sendtn.","SPSF00013606","Splink","SPSF",,"10","Native","Latão","Bronze",,"Parque Estadual do Instituto Florestal."
"ÁREA DE PROTEÇÃO AMBIENTAL CAMPOS DO JORDÃO","Angiosperms","Solanaceae","Cestrum","subpulverulentum","Mart.","SOLANACEAE Cestrum subpulverulentum Mart.","228100","GBIF","MBM","Robim, M.J.","220","Native","Bronze","Ouro","https://images.cria.org.br/viewer/MBM228100","Parque Estadual."
"ÁREA DE PROTEÇÃO AMBIENTAL CAMPOS DO JORDÃO","Angiosperms","Solanaceae","Dyssochroma","viridiflorum","(Sims) Miers","SOLANACEAE Dyssochroma viridiflorum (Sims) Miers","86522","GBIF","UEC","Buzato, S.","33722","Native","Ouro","Ouro","https://images.cria.org.br/viewer/UEC082771","Horto Florestal de Campos do Jordão."
"ÁREA DE PROTEÇÃO AMBIENTAL CAMPOS DO JORDÃO","Angiosperms","Solanaceae","Iochroma","arborescens","(L.) J.M.H. Shaw","SOLANACEAE Iochroma arborescens (L.) J.M.H. Shaw","HFC005109","Splink","HFC",,"s.n.","Native","Bronze","Bronze",,
"ÁREA DE PROTEÇÃO AMBIENTAL CAMPOS DO JORDÃO","Angiosperms","Solanaceae","Nicandra","physalodes","(L.) Gaertn.","SOLANACEAE Nicandra physalodes (L.) Gaertn.",,"GBIF",,,,"Naturalized","Latão","Bronze",,
"ÁREA DE PROTEÇÃO AMBIENTAL CAMPOS DO JORDÃO","Angiosperms","Solanaceae","Nicotiana","longiflora","Cav.","SOLANACEAE Nicotiana longiflora Cav.","SPSF00002887","Splink","SPSF",,,"Native","Latão","Bronze",,"Parque Estadual do Instituto Florestal."
"ÁREA DE PROTEÇÃO AMBIENTAL CAMPOS DO JORDÃO","Angiosperms","Solanaceae","Nicotiana","tabacum","L.","SOLANACEAE Nicotiana tabacum L.","ESA010908","Splink","ESA",,"1104","Naturalized","Latão","Bronze",,"Antrópica"
"ÁREA DE PROTEÇÃO AMBIENTAL CAMPOS DO JORDÃO","Angiosperms","Solanaceae","Petunia",,"Juss.","SOLANACEAE Petunia Juss.","CEN00133524","Splink","CEN",,,,"Latão","Bronze",,
"ÁREA DE PROTEÇÃO AMBIENTAL CAMPOS DO JORDÃO","Angiosperms","Solanaceae","Solandra",,"Sw.","SOLANACEAE Solandra Sw.","77558","GBIF","UEC","Tamashiro, J.Y.","26641",,"Latão","Ouro","https://images.cria.org.br/viewer/UEC082769","Horto Florestal, trilha do Rio Sapucaí."
"ÁREA DE PROTEÇÃO AMBIENTAL CAMPOS DO JORDÃO","Angiosperms","Solanaceae","Solanum","americanum","Mill.","SOLANACEAE Solanum americanum Mill.","4873","GBIF","IAC","Krug, C.A.","s/nº","Native","Bronze","Bronze",,
"ÁREA DE PROTEÇÃO AMBIENTAL CAMPOS DO JORDÃO","Angiosperms","Solanaceae","Solanum","asperolanatum","Ruiz & Pav.","SOLANACEAE Solanum asperolanatum Ruiz & Pav.","2458831","GBIF","Bioversity","Messias","526728","Unknown","Latão","Bronze",,"Brasil. So Paulo. Campos do Jordo. PSP."
"ÁREA DE PROTEÇÃO AMBIENTAL CAMPOS DO JORDÃO","Angiosperms","Solanaceae","Solanum","betaceum","Cav.","SOLANACEAE Solanum betaceum Cav.",,"GBIF",,,,"Naturalized","Latão","Bronze",,
"ÁREA DE PROTEÇÃO AMBIENTAL CAMPOS DO JORDÃO","Angiosperms","Solanaceae","Solanum","bradei","Giacomin & Stehmann","SOLANACEAE Solanum bradei Giacomin & Stehmann","37721","GBIF","SPSF","Polisel, R.T.","228","Native","Ouro","Ouro","https://images.cria.org.br/viewer/SPSF00037721","Parque Estadual de Campos do Jordão"
"ÁREA DE PROTEÇÃO AMBIENTAL CAMPOS DO JORDÃO","Angiosperms","Solanaceae","Solanum","bullatum","Vell.","SOLANACEAE Solanum bullatum Vell.","SPSF00007625","Splink","SPSF",,,"Native","Latão","Bronze",,"Parque Estadual do Instituto Florestal."
"ÁREA DE PROTEÇÃO AMBIENTAL CAMPOS DO JORDÃO","Angiosperms","Solanaceae","Solanum","campaniforme","Roem. & Schult.","SOLANACEAE Solanum campaniforme Roem. & Schult.","ESA013240","Splink","ESA",,"1220","Native","Ouro","Bronze",,
"ÁREA DE PROTEÇÃO AMBIENTAL CAMPOS DO JORDÃO","Angiosperms","Solanaceae","Solanum","cassioides","L.B.Sm. & Downs","SOLANACEAE Solanum cassioides L.B.Sm. & Downs","BHCB023767","Splink","BHCB",,"508","Native","Ouro","Bronze",,"Parque Estadual do Instituto Florestal. Trilha do Rio Sapucaí, próximo ao mirante."
"ÁREA DE PROTEÇÃO AMBIENTAL CAMPOS DO JORDÃO","Angiosperms","Solanaceae","Solanum","cladotrichum","Dunal","SOLANACEAE Solanum cladotrichum Dunal","RB00526728","JABOT","RB","Messias","46","Native","Ouro","Bronze","jbrj-public-img.s3-sa-east-1.amazonaws.com/JPG/rb/0/52/67/28/00526728.jpg","PSP."
"ÁREA DE PROTEÇÃO AMBIENTAL CAMPOS DO JORDÃO","Angiosperms","Solanaceae","Solanum","concinnum","Schott ex Sendtn.","SOLANACEAE Solanum concinnum Schott ex Sendtn.","1559","Splink","MACK",,"A142","Native","Bronze","Bronze",,
"ÁREA DE PROTEÇÃO AMBIENTAL CAMPOS DO JORDÃO","Angiosperms","Solanaceae","Solanum","crinitum","Lam.","SOLANACEAE Solanum crinitum Lam.","20737","GBIF","IAC","Souza, H.M.","s/nº","Native","Ouro","Bronze",,
"ÁREA DE PROTEÇÃO AMBIENTAL CAMPOS DO JORDÃO","Angiosperms","Solanaceae","Solanum","didymum","Dunal","SOLANACEAE Solanum didymum Dunal","SPSF00011065","Splink","SPSF",,"446","Native","Prata","Bronze",,"P.E.do Instituto Florestal."
"ÁREA DE PROTEÇÃO AMBIENTAL CAMPOS DO JORDÃO","Angiosperms","Solanaceae","Solanum","diploconos","(Mart.) Bohs","SOLANACEAE Solanum diploconos (Mart.) Bohs","76938","Splink","BHCB",,"1273","Native","Latão","Bronze",,
"ÁREA DE PROTEÇÃO AMBIENTAL CAMPOS DO JORDÃO","Angiosperms","Solanaceae","Solanum","dulcamara","L.","SOLANACEAE Solanum dulcamara L.","SPSF00005921","Splink","SPSF",,,"Unknown","Bronze","Bronze",,"Parque Estadual do Instituto Florestal."
"ÁREA DE PROTEÇÃO AMBIENTAL CAMPOS DO JORDÃO","Angiosperms","Solanaceae","Solanum","erianthum","D.Don","SOLANACEAE Solanum erianthum D.Don","SPSF00009453","Splink","SPSF",,,"Unknown","Ouro","Bronze",,"Parque Estadual do Instituto Florestal."
"ÁREA DE PROTEÇÃO AMBIENTAL CAMPOS DO JORDÃO","Angiosperms","Solanaceae","Solanum","gnaphalocarpon","Vell.","SOLANACEAE Solanum gnaphalocarpon Vell.","38043","GBIF","IAC","Robim, M.J.","594","Native","Ouro","Bronze",,"Parque Estadual-Instituto Florestal, região do Ribeirão próximo da estiva"
"ÁREA DE PROTEÇÃO AMBIENTAL CAMPOS DO JORDÃO","Angiosperms","Solanaceae","Solanum","grandiflorum","Ruiz & Pav.","SOLANACEAE Solanum grandiflorum Ruiz & Pav.","2431547","GBIF","Bioversity","Souza, H.M.","20737","Unknown","Latão","Bronze",,
"ÁREA DE PROTEÇÃO AMBIENTAL CAMPOS DO JORDÃO","Angiosperms","Solanaceae","Solanum","granulosoleprosum","Dunal","SOLANACEAE Solanum granulosoleprosum Dunal","SPSF00013094","Splink","SPSF",,"2","Native","Ouro","Bronze",,"Parque Estadual do Instituto Florestal."
"ÁREA DE PROTEÇÃO AMBIENTAL CAMPOS DO JORDÃO","Angiosperms","Solanaceae","Solanum","guaraniticum","A.St.-Hil.","SOLANACEAE Solanum guaraniticum A.St.-Hil.","SPSF00033400","Splink","SPSF",,,"Native","Ouro","Bronze",,"Morro do Elefente."
"ÁREA DE PROTEÇÃO AMBIENTAL CAMPOS DO JORDÃO","Angiosperms","Solanaceae","Solanum","inodorum","Vell.","SOLANACEAE Solanum inodorum Vell.","BHCB019401","Splink","BHCB",,"2063","Native","Ouro","Bronze",,"Umuarama"
"ÁREA DE PROTEÇÃO AMBIENTAL CAMPOS DO JORDÃO","Angiosperms","Solanaceae","Solanum","jussiaei","Dunal","SOLANACEAE Solanum jussiaei Dunal","79404","GBIF","SP","Kuhlmann, M.","2180","Native","Ouro","Bronze","https://images.cria.org.br/viewer/SP116183","Mata da Boa Vista."
"ÁREA DE PROTEÇÃO AMBIENTAL CAMPOS DO JORDÃO",,"Solanaceae","Solanum","jussiaei|Solanum","Dunal","SOLANACEAE Solanum jussiaei Dunal|Solanum cladotrichum Dunal","SP116193","Splink","SP",,"1303",,"Ouro","Bronze",,"Estrada para São José dos Alpes"
"ÁREA DE PROTEÇÃO AMBIENTAL CAMPOS DO JORDÃO","Angiosperms","Solanaceae","Solanum","lacerdae","Dusén","SOLANACEAE Solanum lacerdae Dusén","3092184","GBIF","Bioversity","Robim, M.J.",,"Native","Latão","Ouro",,"Parque Estadual de Campos do Jordao. Sao Jos dos Alpes."
"ÁREA DE PROTEÇÃO AMBIENTAL CAMPOS DO JORDÃO","Angiosperms","Solanaceae","Solanum","leontopodium","Sendtn.","SOLANACEAE Solanum leontopodium Sendtn.","3092185","GBIF","Bioversity","Kuhlmann, M.",,"Native","Latão","Bronze",,"Mata da Boa Vista."
"ÁREA DE PROTEÇÃO AMBIENTAL CAMPOS DO JORDÃO","Angiosperms","Solanaceae","Solanum","mauritianum","Scop.","SOLANACEAE Solanum mauritianum Scop.","SPSF00008319","Splink","SPSF",,,"Native","Ouro","Bronze",,"Parque Estadual do Instituto Florestal."
"ÁREA DE PROTEÇÃO AMBIENTAL CAMPOS DO JORDÃO","Angiosperms","Solanaceae","Solanum","melissarum","Bohs","SOLANACEAE Solanum melissarum Bohs","RB00466548","GBIF","RB","Hashimoto, G.","23","Native","Ouro","Bronze","jbrj-public-img.s3-sa-east-1.amazonaws.com/JPG/rb/0/46/65/48/00466548.jpg",
"ÁREA DE PROTEÇÃO AMBIENTAL CAMPOS DO JORDÃO","Angiosperms","Solanaceae","Solanum","odoriferum","Vell.","SOLANACEAE Solanum odoriferum Vell.","2433424","GBIF","Bioversity","Robim, M.J.","27655","Native","Latão","Bronze",,
"ÁREA DE PROTEÇÃO AMBIENTAL CAMPOS DO JORDÃO","Angiosperms","Solanaceae","Solanum","palinacanthum","Dunal","SOLANACEAE Solanum palinacanthum Dunal","SPSF00018112","Splink","SPSF",,"816","Native","Bronze","Bronze",,"P.E.Mananciais."
"ÁREA DE PROTEÇÃO AMBIENTAL CAMPOS DO JORDÃO","Angiosperms","Solanaceae","Solanum","paniculatum","L.","SOLANACEAE Solanum paniculatum L.","4876","GBIF","IAC","Krug, C.A.","s/nº","Native","Bronze","Bronze",,"Juqueira"
"ÁREA DE PROTEÇÃO AMBIENTAL CAMPOS DO JORDÃO","Angiosperms","Solanaceae","Solanum","pinetorum","(L.B.Sm. & Downs) Bohs","SOLANACEAE Solanum pinetorum (L.B.Sm. & Downs) Bohs","HPL011022","Splink","HPL",,"352","Native","Ouro","Bronze",,"Coletado no Parque Estadual, na trilha da Cachoeira; em área de mata de pinhais."
"ÁREA DE PROTEÇÃO AMBIENTAL CAMPOS DO JORDÃO","Angiosperms","Solanaceae","Solanum","pseudocapsicum","L.","SOLANACEAE Solanum pseudocapsicum L.","US01932136","Splink","US",,"32487","Native","Latão","Bronze",,"Umuarama"
"ÁREA DE PROTEÇÃO AMBIENTAL CAMPOS DO JORDÃO",,"Solanaceae","Solanum","pseudochina",,"SOLANACEAE Solanum pseudochina","1534","Splink","MACK",,"A104",,"Bronze","Bronze",,"Floresta Ombrófila Mista"
"ÁREA DE PROTEÇÃO AMBIENTAL CAMPOS DO JORDÃO","Angiosperms","Solanaceae","Solanum","pseudoquina","A.St.-Hil.","SOLANACEAE Solanum pseudoquina A.St.-Hil.","00853893","GBIF","NY","Robim, M.J.","245","Native","Ouro","Bronze",,"Parque Estadual do Instituto Florestal."
"ÁREA DE PROTEÇÃO AMBIENTAL CAMPOS DO JORDÃO","Angiosperms","Solanaceae","Solanum","reflexum","Schrank","SOLANACEAE Solanum reflexum Schrank","SPSF00017205","Splink","SPSF",,"15","Native","Latão","Ouro",,"P.E. de Campos do Jordão."
"ÁREA DE PROTEÇÃO AMBIENTAL CAMPOS DO JORDÃO","Angiosperms","Solanaceae","Solanum","robustum","H.L.Wendl.","SOLANACEAE Solanum robustum H.L.Wendl.","SPSF00011645","Splink","SPSF",,"111","Native","Latão","Bronze",,"Parque Estadual do Instituto Florestal."
"ÁREA DE PROTEÇÃO AMBIENTAL CAMPOS DO JORDÃO","Angiosperms","Solanaceae","Solanum","rufescens","Sendtn.","SOLANACEAE Solanum rufescens Sendtn.","SPSF00012609","Splink","SPSF",,"612","Native","Ouro","Ouro",,"Parque Estadual."
"ÁREA DE PROTEÇÃO AMBIENTAL CAMPOS DO JORDÃO","Angiosperms","Solanaceae","Solanum","sambuciflorum","Sendtn.","SOLANACEAE Solanum sambuciflorum Sendtn.","SPF00086388","Splink","SPF",,"14741","Native","Bronze","Bronze",,
"ÁREA DE PROTEÇÃO AMBIENTAL CAMPOS DO JORDÃO","Angiosperms","Solanaceae","Solanum","sciadostylis","(Sendtn.) Bohs","SOLANACEAE Solanum sciadostylis (Sendtn.) Bohs","22128","GBIF","IAC","Leitao Filho, H.F.","1273","Native","Ouro","Bronze",,"nativa à estrada da cidade"
"ÁREA DE PROTEÇÃO AMBIENTAL CAMPOS DO JORDÃO","Angiosperms","Solanaceae","Solanum","sisymbriifolium","Lam.","SOLANACEAE Solanum sisymbriifolium Lam.","PACA027777","Splink","PACA",,,"Native","Prata","Bronze",,
"ÁREA DE PROTEÇÃO AMBIENTAL CAMPOS DO JORDÃO","Angiosperms","Solanaceae","Solanum","subsylvestre","L.B.Sm. & Downs","SOLANACEAE Solanum subsylvestre L.B.Sm. & Downs","ICN00038204","Splink","ICN",,"2115","Native","Ouro","Bronze",,"Umuarama"
"ÁREA DE PROTEÇÃO AMBIENTAL CAMPOS DO JORDÃO","Angiosperms","Solanaceae","Solanum","subumbellatum","Vell.","SOLANACEAE Solanum subumbellatum Vell.","PACA027861","Splink","PACA",,,"Native","Ouro","Bronze",,
"ÁREA DE PROTEÇÃO AMBIENTAL CAMPOS DO JORDÃO","Angiosperms","Solanaceae","Solanum","swartzianum","Roem. & Schult.","SOLANACEAE Solanum swartzianum Roem. & Schult.","ESA013849","Splink","ESA",,"1275","Native","Ouro","Bronze",,
"ÁREA DE PROTEÇÃO AMBIENTAL CAMPOS DO JORDÃO",,"Solanaceae","Solanum","swartzianum|Solanum","Roem. & Schult.|Dunal","SOLANACEAE Solanum swartzianum Roem. & Schult.|Solanum argenteum Dunal","1562","Splink","MACK",,"73",,"Bronze","Bronze",,"Floresta Ombrófila Mista"
"ÁREA DE PROTEÇÃO AMBIENTAL CAMPOS DO JORDÃO","Angiosperms","Solanaceae","Solanum","vaillantii","Dunal","SOLANACEAE Solanum vaillantii Dunal","PACA027879","Splink","PACA",,,"Native","Ouro","Bronze",,
"ÁREA DE PROTEÇÃO AMBIENTAL CAMPOS DO JORDÃO","Angiosperms","Solanaceae","Solanum","variabile","Mart.","SOLANACEAE Solanum variabile Mart.","MA-01-00868988","GBIF","MA","Alonso, J.L.F.","1273","Native","Ouro","Bronze",,"Campos de Jordão"
"ÁREA DE PROTEÇÃO AMBIENTAL CAMPOS DO JORDÃO","Angiosperms","Solanaceae","Solanum","velleum","Thunb.","SOLANACEAE Solanum velleum Thunb.","BHCB063709","Splink","BHCB",,"4518","Native","Ouro","Bronze",,"Subida da Serra."
"ÁREA DE PROTEÇÃO AMBIENTAL CAMPOS DO JORDÃO","Angiosperms","Solanaceae","Solanum","viarum","Dunal","SOLANACEAE Solanum viarum Dunal",,"GBIF",,,,"Native","Latão","Bronze",,
"ÁREA DE PROTEÇÃO AMBIENTAL CAMPOS DO JORDÃO","Angiosperms","Solanaceae","Solanum","wacketii","Witasek","SOLANACEAE Solanum wacketii Witasek","45354","GBIF","SPSF","Polisel, R.T.","1031","Native","Bronze","Ouro","https://images.cria.org.br/viewer/SPSF00045354","Parque Estadual de Campos do Jordão"
"ÁREA DE PROTEÇÃO AMBIENTAL CAMPOS DO JORDÃO","Angiosperms","Styracaceae","Styrax","leprosus","Hook. & Arn.","STYRACACEAE Styrax leprosus Hook. & Arn.","SPSF00045165","Splink","SPSF",,"1071","Native","Ouro","Bronze",,
"ÁREA DE PROTEÇÃO AMBIENTAL CAMPOS DO JORDÃO","Angiosperms","Symplocaceae","Symplocos","celastrinea","Mart.","SYMPLOCACEAE Symplocos celastrinea Mart.","HRB00005523","Splink","HRB",,"199","Native","Ouro","Bronze",,"EFE-01."
"ÁREA DE PROTEÇÃO AMBIENTAL CAMPOS DO JORDÃO","Angiosperms","Symplocaceae","Symplocos","falcata","Brand","SYMPLOCACEAE Symplocos falcata Brand","MBM055521","Splink","MBM",,"8009","Native","Ouro","Bronze",,"Campos do Jordão."
"ÁREA DE PROTEÇÃO AMBIENTAL CAMPOS DO JORDÃO","Angiosperms","Symplocaceae","Symplocos","oblongifolia","Casar.","SYMPLOCACEAE Symplocos oblongifolia Casar.","40559","GBIF","FUEL","Carvalho, J.P.M.","s.n.","Native","Latão","Ouro",,"Parque Estadual, Trilha da cachoeira"
"ÁREA DE PROTEÇÃO AMBIENTAL CAMPOS DO JORDÃO","Angiosperms","Symplocaceae","Symplocos","pentandra","(Mattos) Occhioni ex Aranha","SYMPLOCACEAE Symplocos pentandra (Mattos) Occhioni ex Aranha","36261","GBIF","UEC","Kinoshita, L.S.","16492","Native","Ouro","Bronze",,"Usina do Fojo- Pousada da CPFL."
"ÁREA DE PROTEÇÃO AMBIENTAL CAMPOS DO JORDÃO","Angiosperms","Symplocaceae","Symplocos","platyphylla","(Pohl) Benth.","SYMPLOCACEAE Symplocos platyphylla (Pohl) Benth.","015260","GBIF","ESA","Barreto, K.D.","1272","Native","Ouro","Bronze","https://images.cria.org.br/viewer/ESA015260",
"ÁREA DE PROTEÇÃO AMBIENTAL CAMPOS DO JORDÃO","Angiosperms","Symplocaceae","Symplocos","pubescens","Klotzsch ex Benth.","SYMPLOCACEAE Symplocos pubescens Klotzsch ex Benth.","38825","GBIF","SPSF","Arzolla, F.A.R.D.P.","1123","Native","Bronze","Bronze",,"Parque da Várzea do Embu-Guaçu"
"ÁREA DE PROTEÇÃO AMBIENTAL CAMPOS DO JORDÃO","Angiosperms","Symplocaceae","Symplocos","revoluta","Casar.","SYMPLOCACEAE Symplocos revoluta Casar.","RFA49936","Splink","RFA",,"8240","Native","Ouro","Bronze",,"Água Santa"
"ÁREA DE PROTEÇÃO AMBIENTAL CAMPOS DO JORDÃO","Angiosperms","Symplocaceae","Symplocos","rizzinii","Occhioni","SYMPLOCACEAE Symplocos rizzinii Occhioni","64281","GBIF","SP","Kuhlmann, M.","2526","Native","Ouro","Bronze",,"Campo das Moreiras"
"ÁREA DE PROTEÇÃO AMBIENTAL CAMPOS DO JORDÃO","Angiosperms","Symplocaceae","Symplocos","tenuifolia","Brand","SYMPLOCACEAE Symplocos tenuifolia Brand","51087","GBIF","SPSF","Cornia, M.G.K.","288","Native","Bronze","Ouro","https://images.cria.org.br/viewer/SPSF00051087","Parque Estadual de Campos do Jordão"
"ÁREA DE PROTEÇÃO AMBIENTAL CAMPOS DO JORDÃO","Angiosperms","Symplocaceae","Symplocos","uniflora","(Pohl) Benth.","SYMPLOCACEAE Symplocos uniflora (Pohl) Benth.","8020","GBIF","SPSF","Barreto, R.A.A.","240","Native","Bronze","Ouro","https://images.cria.org.br/viewer/SPSF00008020","Parque Estadual de Campos do Jordão."
"ÁREA DE PROTEÇÃO AMBIENTAL CAMPOS DO JORDÃO","Angiosperms","Theaceae","Camellia","sinensis","(L.) Kuntze","THEACEAE Camellia sinensis (L.) Kuntze","SPSF00005630","Splink","SPSF",,,"Naturalized","Latão","Bronze",,"Parque Estadual do Instituto Florestal."
"ÁREA DE PROTEÇÃO AMBIENTAL CAMPOS DO JORDÃO","Angiosperms","Theaceae","Laplacea","fruticosa","(Schrad.) Kobuski","THEACEAE Laplacea fruticosa (Schrad.) Kobuski","RB00673640","GBIF","RB","Mynssen, C.","1286","Native","Ouro","Bronze","jbrj-public-img.s3-sa-east-1.amazonaws.com/JPG/rb/0/67/36/40/00673640.jpg","Parque Nacional da Serra da Bocaina, picada para o Morro do Tira Chapéu, campo de altitude."
"ÁREA DE PROTEÇÃO AMBIENTAL CAMPOS DO JORDÃO","Ferns and Lycophytes","Thelypteridaceae","Amauropelta","amambayensis","(Christ) Salino & A.R.Sm.","THELYPTERIDACEAE Amauropelta amambayensis (Christ) Salino & A.R.Sm.","RB00673612","GBIF","RB","Mynssen, C.","1263","Native","Ouro","Bronze","jbrj-public-img.s3-sa-east-1.amazonaws.com/JPG/rb/0/67/36/12/00673612.jpg","Parque Nacional da Serra da Bocaina, estrada após rio que cruza a estrada pincipal."
"ÁREA DE PROTEÇÃO AMBIENTAL CAMPOS DO JORDÃO","Ferns and Lycophytes","Thelypteridaceae","Amauropelta","eriosorus","(Fée) Salino & T.E.Almeida","THELYPTERIDACEAE Amauropelta eriosorus (Fée) Salino & T.E.Almeida","RB00706055","GBIF","RB","Porto, P.C.","3066","Native","Ouro","Bronze","jbrj-public-img.s3-sa-east-1.amazonaws.com/JPG/rb/0/70/60/55/00706055.jpg",
"ÁREA DE PROTEÇÃO AMBIENTAL CAMPOS DO JORDÃO","Ferns and Lycophytes","Thelypteridaceae","Amauropelta","ireneae","(Brade) Salino & T.E.Almeida","THELYPTERIDACEAE Amauropelta ireneae (Brade) Salino & T.E.Almeida","58357","GBIF","UEC","Salino, A.","537a","Native","Ouro","Ouro","https://images.cria.org.br/viewer/UEC062901","Parque Estadual (Horto Florestal)"
"ÁREA DE PROTEÇÃO AMBIENTAL CAMPOS DO JORDÃO","Ferns and Lycophytes","Thelypteridaceae","Amauropelta","mosenii","(C. Chr.) Salino & T.E.Almeida","THELYPTERIDACEAE Amauropelta mosenii (C. Chr.) Salino & T.E.Almeida","37730","GBIF","SPSF","Polisel, R.T.","237","Native","Bronze","Ouro","https://images.cria.org.br/viewer/SPSF00037730","Parque Estadual de Campos do Jordão"
"ÁREA DE PROTEÇÃO AMBIENTAL CAMPOS DO JORDÃO","Ferns and Lycophytes","Thelypteridaceae","Amauropelta","patula","(Fée) Salino & T.E.Almeida","THELYPTERIDACEAE Amauropelta patula (Fée) Salino & T.E.Almeida","23723","GBIF","UEC","Leite, P.","97","Native","Ouro","Bronze","https://images.cria.org.br/viewer/UEC062936",
"ÁREA DE PROTEÇÃO AMBIENTAL CAMPOS DO JORDÃO","Ferns and Lycophytes","Thelypteridaceae","Amauropelta","raddii","(Rosenst.) Salino & T.E.Almeida","THELYPTERIDACEAE Amauropelta raddii (Rosenst.) Salino & T.E.Almeida","RB00673610","GBIF","RB","Mynssen, C.","1261","Native","Ouro","Bronze","jbrj-public-img.s3-sa-east-1.amazonaws.com/JPG/rb/0/67/36/10/00673610.jpg","Parque Nacional da Serra da Bocaina, estrada após rio que cruza a estrada pincipal."
"ÁREA DE PROTEÇÃO AMBIENTAL CAMPOS DO JORDÃO","Ferns and Lycophytes","Thelypteridaceae","Amauropelta","regnelliana","(C.Chr.) Salino & T.E.Almeida","THELYPTERIDACEAE Amauropelta regnelliana (C.Chr.) Salino & T.E.Almeida","RB00698990","GBIF","RB","Porto, P.C.","3075","Native","Ouro","Bronze","jbrj-public-img.s3-sa-east-1.amazonaws.com/JPG/rb/0/69/89/90/00698990.jpg|jbrj-public-img.s3-sa-east-1.amazonaws.com/JPG/rb/0/69/89/90/00698990-1.jpg",
"ÁREA DE PROTEÇÃO AMBIENTAL CAMPOS DO JORDÃO","Ferns and Lycophytes","Thelypteridaceae","Amauropelta","retusa","(Sw.) Pic.Serm.","THELYPTERIDACEAE Amauropelta retusa (Sw.) Pic.Serm.","HB000011243","Splink","HB",,"3073","Native","Ouro","Bronze",,
"ÁREA DE PROTEÇÃO AMBIENTAL CAMPOS DO JORDÃO","Ferns and Lycophytes","Thelypteridaceae","Amauropelta","tamandarei","Rosenst.) Salino & T.E.Almeida","THELYPTERIDACEAE Amauropelta tamandarei Rosenst.) Salino & T.E.Almeida","58325","GBIF","UEC","Salino, A.","551","Native","Ouro","Ouro","https://images.cria.org.br/viewer/UEC062762","Horto Florestal, Parque Estadual."
"ÁREA DE PROTEÇÃO AMBIENTAL CAMPOS DO JORDÃO","Ferns and Lycophytes","Thelypteridaceae","Goniopteris","scabra","(C.Presl) Brade","THELYPTERIDACEAE Goniopteris scabra (C.Presl) Brade","03248","GBIF","SJRP","Amorim, L.","027","Native","Ouro","Bronze",,"arredores."
"ÁREA DE PROTEÇÃO AMBIENTAL CAMPOS DO JORDÃO","Ferns and Lycophytes","Thelypteridaceae","Macrothelypteris","torresiana","(Gaudich.) Ching","THELYPTERIDACEAE Macrothelypteris torresiana (Gaudich.) Ching","SPSF00045350","Splink","SPSF",,"1027","Naturalized","Bronze","Bronze",,"P.E.C.J."
"ÁREA DE PROTEÇÃO AMBIENTAL CAMPOS DO JORDÃO","Ferns and Lycophytes","Thelypteridaceae","Steiropteris","gardneriana","(Baker) Pic.Serm.","THELYPTERIDACEAE Steiropteris gardneriana (Baker) Pic.Serm.","43960","GBIF","BHCB","Campos, P.","3266","Native","Ouro","Bronze",,
"ÁREA DE PROTEÇÃO AMBIENTAL CAMPOS DO JORDÃO","Ferns and Lycophytes","Thelypteridaceae","Thelypteris",,"Schmidel","THELYPTERIDACEAE Thelypteris Schmidel","03238","GBIF","SJRP","Amorim, L.","017",,"Ouro","Bronze",,"arredores."
"ÁREA DE PROTEÇÃO AMBIENTAL CAMPOS DO JORDÃO","Angiosperms","Thymelaeaceae","Daphnopsis","fasciculata","(Meisn.) Nevling","THYMELAEACEAE Daphnopsis fasciculata (Meisn.) Nevling","100291150","Splink","MO-DUPLICATES",,"818","Native","Ouro","Bronze",,"Parque Estadual dos mananciais, mata de altitude"
"ÁREA DE PROTEÇÃO AMBIENTAL CAMPOS DO JORDÃO","Angiosperms","Thymelaeaceae","Daphnopsis","sellowiana","Taub.","THYMELAEACEAE Daphnopsis sellowiana Taub.","100309473","Splink","MO-DUPLICATES",,"4","Native","Ouro","Bronze",,
"ÁREA DE PROTEÇÃO AMBIENTAL CAMPOS DO JORDÃO","Angiosperms","Tropaeolaceae","Tropaeolum","majus","L.","TROPAEOLACEAE Tropaeolum majus L.",,"GBIF",,,,"Naturalized","Latão","Bronze",,
"ÁREA DE PROTEÇÃO AMBIENTAL CAMPOS DO JORDÃO","Angiosperms","Turneraceae","Turnera","hilaireana","Urb.","TURNERACEAE Turnera hilaireana Urb.","ICN00012772","Splink","ICN",,"495","Native","Ouro","Ouro",,"P.E. de Campos do Jordão."
"ÁREA DE PROTEÇÃO AMBIENTAL CAMPOS DO JORDÃO","Angiosperms","Turneraceae","Turnera","oblongifolia","Cambess.","TURNERACEAE Turnera oblongifolia var. oblongifolia Cambess.","SPSF00009605","Splink","SPSF",,"386","Native","Ouro","Ouro",,"P.E. de Campos do Jordão."
"ÁREA DE PROTEÇÃO AMBIENTAL CAMPOS DO JORDÃO","Angiosperms","Turneraceae","Turnera","serrata","Vell.","TURNERACEAE Turnera serrata Vell.","3148186","GBIF","MO","Wasum, R.","8710","Native","Ouro","Bronze",,"Santa Cruz"
"ÁREA DE PROTEÇÃO AMBIENTAL CAMPOS DO JORDÃO","Angiosperms","Typhaceae","Typha","domingensis","Pers.","TYPHACEAE Typha domingensis Pers.","97986","GBIF","UEC","Pansarin, E.R.","243","Native","Bronze","Ouro","https://images.cria.org.br/viewer/UEC006548","Horto Florestal"
"ÁREA DE PROTEÇÃO AMBIENTAL CAMPOS DO JORDÃO","Angiosperms","Urticaceae","Boehmeria",,"Jacq.","URTICACEAE Boehmeria Jacq.","MA-01-00869630","GBIF","MA","Alonso, J.L.F.","1247",,"Bronze","Bronze",,"São Paulo, Campos de Jordão"
"ÁREA DE PROTEÇÃO AMBIENTAL CAMPOS DO JORDÃO","Angiosperms","Urticaceae","Cecropia","pachystachya","Trécul","URTICACEAE Cecropia pachystachya Trécul","232159","GBIF","SP","Romaniuc Neto, S.","786","Native","Ouro","Bronze",,"Caminho para Santo Antonio do Pinhal"
"ÁREA DE PROTEÇÃO AMBIENTAL CAMPOS DO JORDÃO","Angiosperms","Urticaceae","Phenax","sonneratii","(Poir.) Wedd.","URTICACEAE Phenax sonneratii (Poir.) Wedd.","441880","GBIF","SP","Anderson, L.O.","00/16","Native","Ouro","Bronze",,"Fit Park"
"ÁREA DE PROTEÇÃO AMBIENTAL CAMPOS DO JORDÃO","Angiosperms","Urticaceae","Pilea","cadierei","Gagnep. & Guillaumin","URTICACEAE Pilea cadierei Gagnep. & Guillaumin",,"GBIF",,,,"Naturalized","Latão","Bronze",,
"ÁREA DE PROTEÇÃO AMBIENTAL CAMPOS DO JORDÃO","Angiosperms","Urticaceae","Pilea","hilariana","Wedd.","URTICACEAE Pilea hilariana Wedd.","37694","GBIF","SPSF","Polisel, R.T.","197","Native","Ouro","Ouro","https://images.cria.org.br/viewer/SPSF00037694","Parque Estadual de Campos do Jordão"
"ÁREA DE PROTEÇÃO AMBIENTAL CAMPOS DO JORDÃO","Angiosperms","Velloziaceae",,,"J.Agardh","VELLOZIACEAE Velloziaceae J.Agardh","1785","Splink","MACK",,"18",,"Latão","Ouro",,"Colônia Umuarama, Campo aberto"
"ÁREA DE PROTEÇÃO AMBIENTAL CAMPOS DO JORDÃO","Angiosperms","Verbenaceae","Citharexylum","myrianthum","Cham.","VERBENACEAE Citharexylum myrianthum Cham.","SPSF00005830","Splink","SPSF",,,"Native","Latão","Bronze",,"Parque Estadual do Instituto Florestal."
"ÁREA DE PROTEÇÃO AMBIENTAL CAMPOS DO JORDÃO","Angiosperms","Verbenaceae","Glandularia","cunha","(Vell.) G.Santos, V.Thode & J.F.B.Pastore","VERBENACEAE Glandularia cunha (Vell.) G.Santos, V.Thode & J.F.B.Pastore","SPSF00011485","Splink","SPSF",,"462","Native","Ouro","Bronze",,"Parque Estadual do Instituto Florestal."
"ÁREA DE PROTEÇÃO AMBIENTAL CAMPOS DO JORDÃO","Angiosperms","Verbenaceae","Glandularia","guaranitica","Tronc.","VERBENACEAE Glandularia guaranitica Tronc.","SPF00212464","Splink","SPF",,"230","Native","Bronze","Ouro",,"Parque Estadual de Campos do Jordão, Trilha do rio Sapucaí."
"ÁREA DE PROTEÇÃO AMBIENTAL CAMPOS DO JORDÃO","Angiosperms","Verbenaceae","Glandularia","jordanensis","(Moldenke) N.O'Leary & P.Peralta","VERBENACEAE Glandularia jordanensis (Moldenke) N.O'Leary & P.Peralta","NY00138279","Splink","NY",,"3474","Native","Ouro","Bronze",,"Campos do Jordao"
"ÁREA DE PROTEÇÃO AMBIENTAL CAMPOS DO JORDÃO","Angiosperms","Verbenaceae","Glandularia","lobata","(Vell.) P.Peralta & Thode","VERBENACEAE Glandularia lobata var. lobata (Vell.) P.Peralta & Thode","NY00584715","Splink","NY",,"2984","Native","Ouro","Bronze",,"Campos de Jordao"
"ÁREA DE PROTEÇÃO AMBIENTAL CAMPOS DO JORDÃO","Angiosperms","Verbenaceae","Glandularia","paulensis","(Moldenke) A.Oliveira & Salimena","VERBENACEAE Glandularia paulensis (Moldenke) A.Oliveira & Salimena","CESJ035579","Splink","CESJ",,"2233","Native","Ouro","Bronze",,"Pico de Itapeva"
"ÁREA DE PROTEÇÃO AMBIENTAL CAMPOS DO JORDÃO","Angiosperms","Verbenaceae","Glandularia","tenera","(Spreng.) Cabrera","VERBENACEAE Glandularia tenera (Spreng.) Cabrera","SPSF00054700","Splink","SPSF",,"46","Native","Prata","Ouro",,"Barranco de estrada. Parque Estadual de Campos do Jordão"
"ÁREA DE PROTEÇÃO AMBIENTAL CAMPOS DO JORDÃO","Angiosperms","Verbenaceae","Glandularia","tweedieana","(Niven ex Hook.) P. Peralta","VERBENACEAE Glandularia tweedieana (Niven ex Hook.) P. Peralta","589173","GBIF","NY","Hoehne, F.C.","s.n.","Native","Ouro","Bronze",,"Campos do Jordao"
"ÁREA DE PROTEÇÃO AMBIENTAL CAMPOS DO JORDÃO","Angiosperms","Verbenaceae","Lantana","camara","L.","VERBENACEAE Lantana camara L.","ESA100566","Splink","ESA",,"581","Naturalized","Ouro","Bronze",,
"ÁREA DE PROTEÇÃO AMBIENTAL CAMPOS DO JORDÃO","Angiosperms","Verbenaceae","Lantana","fucata","Lindl.","VERBENACEAE Lantana fucata Lindl.","ESA010905","Splink","ESA",,"1095","Native","Ouro","Bronze",,
"ÁREA DE PROTEÇÃO AMBIENTAL CAMPOS DO JORDÃO","Angiosperms","Verbenaceae","Lippia","alba","(Mill.) N.E.Br. ex Britton & P.Wilson","VERBENACEAE Lippia alba (Mill.) N.E.Br. ex Britton & P.Wilson",,"GBIF",,,,"Native","Latão","Bronze",,
"ÁREA DE PROTEÇÃO AMBIENTAL CAMPOS DO JORDÃO","Angiosperms","Verbenaceae","Petrea",,"L.","VERBENACEAE Petrea L.","161078","GBIF","UB","Occhioni, P.","8007",,"Latão","Bronze",,"Estrada para Pico Itapeva km 6, S. Paulo."
"ÁREA DE PROTEÇÃO AMBIENTAL CAMPOS DO JORDÃO","Angiosperms","Verbenaceae","Stachytarpheta","cayennensis","(Rich.) Vahl","VERBENACEAE Stachytarpheta cayennensis (Rich.) Vahl","ESA010904","Splink","ESA",,"1114","Native","Latão","Bronze",,
"ÁREA DE PROTEÇÃO AMBIENTAL CAMPOS DO JORDÃO","Angiosperms","Verbenaceae","Verbena","alata","Otto ex Sweet","VERBENACEAE Verbena alata Otto ex Sweet","NY00583494","Splink","NY",,"3744","Native","Ouro","Bronze",,"Campos do Jordao"
"ÁREA DE PROTEÇÃO AMBIENTAL CAMPOS DO JORDÃO","Angiosperms","Verbenaceae","Verbena","caniuensis","Moldenke","VERBENACEAE Verbena caniuensis Moldenke","HUEFS0011520","Splink","HUEFS",,"2690","Native","Ouro","Ouro",,"Reserva do Instituto Florestal. Subida para São José dos Alpes."
"ÁREA DE PROTEÇÃO AMBIENTAL CAMPOS DO JORDÃO","Angiosperms","Verbenaceae","Verbena","hirta","Spreng.","VERBENACEAE Verbena hirta Spreng.","SPSF00015747","Splink","SPSF",,"92","Native","Ouro","Bronze",,
"ÁREA DE PROTEÇÃO AMBIENTAL CAMPOS DO JORDÃO","Angiosperms","Verbenaceae","Verbena","litoralis","(Moldenke) N.O'Leary","VERBENACEAE Verbena litoralis var. subglabrata (Moldenke) N.O'Leary","250612","GBIF","R","Emmerich, W.",,"Native","Latão","Ouro","https://images.cria.org.br/viewer/R010091435","Parque Estadual de Campos do Jordão, Gleichenial no 1."
"ÁREA DE PROTEÇÃO AMBIENTAL CAMPOS DO JORDÃO","Angiosperms","Verbenaceae","Verbena","rigida","Spreng.","VERBENACEAE Verbena rigida Spreng.","NY00589842","Splink","NY",,"2983","Native","Ouro","Bronze",,"Campos de Jordao"
"ÁREA DE PROTEÇÃO AMBIENTAL CAMPOS DO JORDÃO",,"Viburnaceae","Sambucus","javanica",,"VIBURNACEAE Sambucus javanica","SPSF00008255","Splink","SPSF",,,,"Latão","Bronze",,"Parque Estadual do Instituto Florestal."
"ÁREA DE PROTEÇÃO AMBIENTAL CAMPOS DO JORDÃO","Angiosperms","Violaceae","Amphirrhox",,"Spreng.","VIOLACEAE Amphirrhox Spreng.","RFA50898","Splink","RFA",,"8288",,"Latão","Bronze",,"Água Santa"
"ÁREA DE PROTEÇÃO AMBIENTAL CAMPOS DO JORDÃO","Angiosperms","Violaceae","Anchietea","pyrifolia","(Mart.) G.Don","VIOLACEAE Anchietea pyrifolia (Mart.) G.Don","33397","GBIF","SPSF","Arzolla, F.A.R.D.P.","608","Native","Ouro","Bronze",,"Morro do Elefante"
"ÁREA DE PROTEÇÃO AMBIENTAL CAMPOS DO JORDÃO","Angiosperms","Violaceae","Pombalia","parviflora","(Mutis ex L.f.) Paula-Souza","VIOLACEAE Pombalia parviflora (Mutis ex L.f.) Paula-Souza","SPSF00014944","Splink","SPSF",,,"Native","Latão","Bronze",,"Umuarama, estrada para Abernessia."
"ÁREA DE PROTEÇÃO AMBIENTAL CAMPOS DO JORDÃO","Angiosperms","Violaceae","Viola","subdimidiata","A.St.-Hil.","VIOLACEAE Viola subdimidiata A.St.-Hil.","137731","GBIF","SP","Sakane, M.","211","Native","Ouro","Bronze",,"Vila Matilde, área do Sanatório São Francisco Xavier"
"ÁREA DE PROTEÇÃO AMBIENTAL CAMPOS DO JORDÃO","Angiosperms","Vitaceae","Cissus","verticillata","(L.) Nicolson & C.E.Jarvis","VITACEAE Cissus verticillata (L.) Nicolson & C.E.Jarvis","51363","GBIF","SPSF","Maruyama, A.","300","Native","Bronze","Bronze",,
"ÁREA DE PROTEÇÃO AMBIENTAL CAMPOS DO JORDÃO","Angiosperms","Vitaceae","Clematicissus","striata","(Ruiz & Pav.) Lombardi","VITACEAE Clematicissus striata (Ruiz & Pav.) Lombardi","78231","GBIF","UEC","Gianotti, E.","26684","Native","Ouro","Bronze",,"Praia São José dos Alpes"
"ÁREA DE PROTEÇÃO AMBIENTAL CAMPOS DO JORDÃO","Angiosperms","Vivianiaceae","Viviania",,"Cav.","VIVIANIACEAE Viviania Cav.","155788","GBIF","SP","Mattos, J.","15927",,"Latão","Ouro",,"Parque Estadual, p. da sede"
"ÁREA DE PROTEÇÃO AMBIENTAL CAMPOS DO JORDÃO","Angiosperms","Vochysiaceae","Callisthene","fasciculata","Mart.","VOCHYSIACEAE Callisthene fasciculata Mart.","52016","GBIF","SPSF","Ivanauskas, N.M.","6807","Native","Prata","Ouro","https://images.cria.org.br/viewer/SPSF00052016","Parque Estadual de Campos do Jordão"
"ÁREA DE PROTEÇÃO AMBIENTAL CAMPOS DO JORDÃO","Angiosperms","Vochysiaceae","Qualea","dichotoma","(Mart.) Warm.","VOCHYSIACEAE Qualea dichotoma (Mart.) Warm.","SPSF00006387","Splink","SPSF",,,"Native","Latão","Bronze",,"Parque Estadual do Instituto Florestal."
"ÁREA DE PROTEÇÃO AMBIENTAL CAMPOS DO JORDÃO","Angiosperms","Vochysiaceae","Vochysia","tucanorum","Mart.","VOCHYSIACEAE Vochysia tucanorum Mart.","HFC004908","Splink","HFC",,"535","Native","Bronze","Bronze",,
"ÁREA DE PROTEÇÃO AMBIENTAL CAMPOS DO JORDÃO","Angiosperms","Winteraceae","Drimys","angustifolia","Miers","WINTERACEAE Drimys angustifolia Miers","SPSF00008701","Splink","SPSF",,,"Native","Latão","Bronze",,"P.E.Instituto Florestal."
"ÁREA DE PROTEÇÃO AMBIENTAL CAMPOS DO JORDÃO","Angiosperms","Winteraceae","Drimys","brasiliensis","Miers","WINTERACEAE Drimys brasiliensis subsp. brasiliensis Miers","HRB00011518","Splink","HRB",,"195","Native","Ouro","Bronze",,"Campos de Jordao. Folha: SF-23-YB"
"ÁREA DE PROTEÇÃO AMBIENTAL CAMPOS DO JORDÃO","Angiosperms","Winteraceae","Drimys","brasiliensis","Ehrend. & Gottsb.","WINTERACEAE Drimys brasiliensis subsp. subalpina Ehrend. & Gottsb.","413321","GBIF","NY","Kubitzki, K.","79277","Native","Ouro","Bronze",,"Campos de Jordao"
"ÁREA DE PROTEÇÃO AMBIENTAL CAMPOS DO JORDÃO","Angiosperms","Winteraceae","Drimys","winteri","J.R.Forst. & G.Forst.","WINTERACEAE Drimys winteri J.R.Forst. & G.Forst.","HFC004944","Splink","HFC",,"s.n.",,"Bronze","Bronze",,
"ÁREA DE PROTEÇÃO AMBIENTAL CAMPOS DO JORDÃO","Ferns and Lycophytes","Woodsiaceae","Woodsia","montevidensis","(Spreng.) Hieron.","WOODSIACEAE Woodsia montevidensis (Spreng.) Hieron.","RB00643078","GBIF","RB","Porto, P.C.","3111","Native","Ouro","Bronze","jbrj-public-img.s3-sa-east-1.amazonaws.com/JPG/rb/0/64/30/78/00643078.jpg",
"ÁREA DE PROTEÇÃO AMBIENTAL CAMPOS DO JORDÃO","Angiosperms","Xyridaceae","Xyris","asperula","Mart.","XYRIDACEAE Xyris asperula Mart.","429486","GBIF","MBM","Lozano, E.D.","4325","Native","Ouro","Bronze","https://images.cria.org.br/viewer/MBM429486","Estrada para o Pico do Itapeva"
"ÁREA DE PROTEÇÃO AMBIENTAL CAMPOS DO JORDÃO","Angiosperms","Xyridaceae","Xyris","fusca","L.A.Nilsson","XYRIDACEAE Xyris fusca L.A.Nilsson","HRCB001814","Splink","HRCB",,"3024","Native","Ouro","Bronze",,
"ÁREA DE PROTEÇÃO AMBIENTAL CAMPOS DO JORDÃO","Angiosperms","Xyridaceae","Xyris","glaucescens","Malme","XYRIDACEAE Xyris glaucescens Malme","429520","GBIF","MBM","Lozano, E.D.","4329","Native","Ouro","Bronze","https://images.cria.org.br/viewer/MBM429520","Morro do Elefante"
"ÁREA DE PROTEÇÃO AMBIENTAL CAMPOS DO JORDÃO","Angiosperms","Xyridaceae","Xyris","jupicai","Rich.","XYRIDACEAE Xyris jupicai Rich.","51361","GBIF","SPSF","Maruyama, A.","298","Native","Bronze","Bronze",,
"ÁREA DE PROTEÇÃO AMBIENTAL CAMPOS DO JORDÃO","Angiosperms","Xyridaceae","Xyris","macrocephala","Vahl","XYRIDACEAE Xyris macrocephala Vahl","47577","GBIF","SPSF","Barreto, T.E.","118","Native","Latão","Ouro","https://images.cria.org.br/viewer/SPSF00047577","Parque Estadual de Campos do Jordão."
"ÁREA DE PROTEÇÃO AMBIENTAL CAMPOS DO JORDÃO","Angiosperms","Xyridaceae","Xyris","obtusiuscula","L.A.Nilsson","XYRIDACEAE Xyris obtusiuscula L.A.Nilsson","ALCB085470","Splink","ALCB",,"4328","Native","Ouro","Bronze",,"Morro do Elefante."
"ÁREA DE PROTEÇÃO AMBIENTAL CAMPOS DO JORDÃO","Angiosperms","Xyridaceae","Xyris","teres","L.A.Nilsson","XYRIDACEAE Xyris teres L.A.Nilsson","SPSF00008429","Splink","SPSF",,"s/n","Native","Ouro","Ouro",,"Parque Estadual de Campos do Jordão."
"ÁREA DE PROTEÇÃO AMBIENTAL CAMPOS DO JORDÃO","Angiosperms","Xyridaceae","Xyris","trachyphylla","Mart.","XYRIDACEAE Xyris trachyphylla Mart.","412993","GBIF","SP","Wanderley, M.G.L.","2794","Native","Ouro","Bronze",,
"ÁREA DE PROTEÇÃO AMBIENTAL CAMPOS DO JORDÃO",,"Zamiaceae","Lepidozia","brasiliensis","Steph.","ZAMIACEAE Lepidozia brasiliensis Steph.","TAA5018946","GBIF","TAA","Schafer-Verwimp",,,"Bronze","Bronze",,"Serra da Mantiqueira, epiphytisch im Berg-Regenwald bei der Pedra do Bau; 1930m"
"ÁREA DE PROTEÇÃO AMBIENTAL CAMPOS DO JORDÃO",,"Zamiaceae","Lepidozia","cupressina","(Sw.) Lindenb.","ZAMIACEAE Lepidozia cupressina (Sw.) Lindenb.","7078","GBIF","IRAI","Gibertoni, R.S.","048",,"Bronze","Bronze",,"Condomínio Week Inn"
"ÁREA DE PROTEÇÃO AMBIENTAL CAMPOS DO JORDÃO","Angiosperms","Zingiberaceae","Hedychium","coronarium","J.Koenig","ZINGIBERACEAE Hedychium coronarium J.Koenig","173778146","GBIF","Observations","Dalvamatos",,"Naturalized","Bronze","Bronze",,"Campos do Jordão - SP, 12460-000, Brasil"
"ÁREA DE PROTEÇÃO AMBIENTAL CAMPOS DO JORDÃO","Angiosperms","Zingiberaceae","Hedychium","gardnerianum","Sheppard ex Ker Gawl.","ZINGIBERACEAE Hedychium gardnerianum Sheppard ex Ker Gawl.","51362","GBIF","SPSF","Maruyama, A.","299","Cultivated","Bronze","Bronze",,
