"UC","Grupos","Família","Gênero","Espécie","Autor","Táxon_completo","Barcode","BD_Origem","Herbário","Coletor","Número_da_Coleta","Origem_FFBr","ConfiançaID","ConfiançaLoc","Imagens","Localidade"
"ÁREA DE PROTEÇÃO AMBIENTAL RIO BATALHA","Angiosperms","Acanthaceae","Asystasia","gangetica","(L.) T.Anderson","ACANTHACEAE Asystasia gangetica (L.) T.Anderson",,"GBIF",,,,"Naturalized","Latão","Low",,
"ÁREA DE PROTEÇÃO AMBIENTAL RIO BATALHA","Angiosperms","Acanthaceae","Justicia","brasiliana","Roth","ACANTHACEAE Justicia brasiliana Roth","1029","Splink","UNBA",,,"Native","Ouro","Medium",,"Fazenda Santa Rita"
"ÁREA DE PROTEÇÃO AMBIENTAL RIO BATALHA","Angiosperms","Acanthaceae","Mendoncia","velloziana","Mart.","ACANTHACEAE Mendoncia velloziana Mart.","50955","GBIF","UEC","Passos, F.C.","21040","Native","Ouro","Low","https://images.cria.org.br/viewer/UEC044319","Reserva Ecológica de Caetetus"
"ÁREA DE PROTEÇÃO AMBIENTAL RIO BATALHA","Angiosperms","Acanthaceae","Ruellia","angustiflora","(Nees) Lindau ex Rambo","ACANTHACEAE Ruellia angustiflora (Nees) Lindau ex Rambo","334598","GBIF","SP","Miranda, L.C.","233","Native","Ouro","Low","https://images.cria.org.br/viewer/SP030200","Rio Batalha"
"ÁREA DE PROTEÇÃO AMBIENTAL RIO BATALHA","Angiosperms","Acanthaceae","Ruellia","brevifolia","(Pohl) C.Ezcurra","ACANTHACEAE Ruellia brevifolia (Pohl) C.Ezcurra","71698","GBIF","UEC","Pirani, J.R.","3247","Native","Ouro","Low","https://images.cria.org.br/viewer/UEC097743","Estação Ecológica dos Caetetus"
"ÁREA DE PROTEÇÃO AMBIENTAL RIO BATALHA","Angiosperms","Amaranthaceae","Hebanthe","erianthos","(Poir.) Pedersen","AMARANTHACEAE Hebanthe erianthos (Poir.) Pedersen","1030","Splink","UNBA",,,"Native","Bronze","Medium",,"Fazenda Santa Rita"
"ÁREA DE PROTEÇÃO AMBIENTAL RIO BATALHA","Angiosperms","Anacardiaceae","Anacardium","humile","A.St.-Hil.","ANACARDIACEAE Anacardium humile A.St.-Hil.","ESA118803","Splink","ESA",,"588","Native","Bronze","Low",,"Estrada Municipal Piratininga- Cabrália Paulista, próximo a Faz.São José"
"ÁREA DE PROTEÇÃO AMBIENTAL RIO BATALHA","Angiosperms","Anacardiaceae","Anacardium","occidentale","L.","ANACARDIACEAE Anacardium occidentale L.",,"GBIF",,,,"Native","Latão","Low",,
"ÁREA DE PROTEÇÃO AMBIENTAL RIO BATALHA","Angiosperms","Anacardiaceae","Astronium","urundeuva","(M.Allemão) Engl.","ANACARDIACEAE Astronium urundeuva (M.Allemão) Engl.","1031","Splink","UNBA",,,"Native","Bronze","Medium",,"Fazenda Santa Rita"
"ÁREA DE PROTEÇÃO AMBIENTAL RIO BATALHA","Angiosperms","Anacardiaceae","Lithraea","molleoides","(Vell.) Engl.","ANACARDIACEAE Lithraea molleoides (Vell.) Engl.","52589","GBIF","SPSF","Maruyama, A.","987","Native","Bronze","Low",,
"ÁREA DE PROTEÇÃO AMBIENTAL RIO BATALHA","Angiosperms","Anacardiaceae","Schinus","terebinthifolia","Raddi","ANACARDIACEAE Schinus terebinthifolia Raddi","118057123","GBIF","Observations","Beatriceotto",,"Native","Bronze","Low",,"São Paulo, BR"
"ÁREA DE PROTEÇÃO AMBIENTAL RIO BATALHA","Angiosperms","Anacardiaceae","Tapirira","guianensis","Aubl.","ANACARDIACEAE Tapirira guianensis Aubl.","2118","Splink","UNBA",,,"Native","Bronze","Low",,"Aldeia Guarani"
"ÁREA DE PROTEÇÃO AMBIENTAL RIO BATALHA","Angiosperms","Annonaceae","Annona","coriacea","Mart.","ANNONACEAE Annona coriacea Mart.","845","GBIF","Instituto Florestal","Durigan, G.",,"Native","Latão","High",,"Fazenda Clavinote"
"ÁREA DE PROTEÇÃO AMBIENTAL RIO BATALHA","Angiosperms","Annonaceae","Annona","sylvatica","A.St.-Hil.","ANNONACEAE Annona sylvatica A.St.-Hil.","21461","GBIF","FUEL","Assis, P.F.","369","Native","Ouro","Medium",,"Fazenda Santa Rita"
"ÁREA DE PROTEÇÃO AMBIENTAL RIO BATALHA","Angiosperms","Annonaceae","Duguetia","lanceolata","A.St.-Hil.","ANNONACEAE Duguetia lanceolata A.St.-Hil.","51143","GBIF","UEC","Passos, F.C.","21453","Native","Ouro","Low","https://images.cria.org.br/viewer/UEC021892","Reserva Ecólogica de Caetetus."
"ÁREA DE PROTEÇÃO AMBIENTAL RIO BATALHA","Angiosperms","Annonaceae","Xylopia","aromatica","(Lam.) Mart.","ANNONACEAE Xylopia aromatica (Lam.) Mart.","CEN00107865","Splink","CEN",,"589","Native","Prata","Low",,"Estrada municipal Piratininga - Cabrália Paulista, proximo a Faz.São José."
"ÁREA DE PROTEÇÃO AMBIENTAL RIO BATALHA","Angiosperms","Apiaceae","Foeniculum","vulgare","Mill.","APIACEAE Foeniculum vulgare Mill.",,"GBIF",,,,"Cultivated","Latão","Low",,
"ÁREA DE PROTEÇÃO AMBIENTAL RIO BATALHA","Angiosperms","Apocynaceae","Allamanda","cathartica","L.","APOCYNACEAE Allamanda cathartica L.","MBM442785","Splink","MBM",,"134","Native","Bronze","Low",,"Ferrovia Bauru-Tupã"
"ÁREA DE PROTEÇÃO AMBIENTAL RIO BATALHA","Angiosperms","Apocynaceae","Asclepias","curassavica","L.","APOCYNACEAE Asclepias curassavica L.","118222","GBIF","UEC","Bertoncini, A.P.","1094","Native","Ouro","Low","https://images.cria.org.br/viewer/UEC053636","Aldeia Guarani"
"ÁREA DE PROTEÇÃO AMBIENTAL RIO BATALHA","Angiosperms","Apocynaceae","Aspidosperma","olivaceum","Müll.Arg.","APOCYNACEAE Aspidosperma olivaceum Müll.Arg.","38843","GBIF","SPSF","Cielo Filho, R.","567","Native","Bronze","Low",,"E.Ecol.Instituto Florestal"
"ÁREA DE PROTEÇÃO AMBIENTAL RIO BATALHA","Angiosperms","Apocynaceae","Aspidosperma","polyneuron","Müll.Arg.","APOCYNACEAE Aspidosperma polyneuron Müll.Arg.","2091","GBIF","SORO","Koch, I.","155","Native","Ouro","High",,"Reserva do Horto Florestal"
"ÁREA DE PROTEÇÃO AMBIENTAL RIO BATALHA","Angiosperms","Apocynaceae","Aspidosperma","ramiflorum","Müll.Arg.","APOCYNACEAE Aspidosperma ramiflorum Müll.Arg.","2101","GBIF","SORO","Koch, I.","189","Native","Ouro","High",,"Reserva do Horto Florestal"
"ÁREA DE PROTEÇÃO AMBIENTAL RIO BATALHA","Angiosperms","Apocynaceae","Aspidosperma","tomentosum","Mart. & Zucc.","APOCYNACEAE Aspidosperma tomentosum Mart. & Zucc.","80376","GBIF","UEC","Koch, I.","55","Native","Ouro","High","https://images.cria.org.br/viewer/UEC109548","Reserva do Horto Florestal"
"ÁREA DE PROTEÇÃO AMBIENTAL RIO BATALHA","Angiosperms","Apocynaceae","Condylocarpon","isthmicum","(Vell.) A.DC.","APOCYNACEAE Condylocarpon isthmicum (Vell.) A.DC.","ESA102064","Splink","ESA",,"915","Native","Bronze","Low",,
"ÁREA DE PROTEÇÃO AMBIENTAL RIO BATALHA","Angiosperms","Apocynaceae","Forsteronia","australis","Müll.Arg.","APOCYNACEAE Forsteronia australis Müll.Arg.","2089","GBIF","SORO","Koch, I.","156","Native","Ouro","High",,"Reserva do Horto Florestal"
"ÁREA DE PROTEÇÃO AMBIENTAL RIO BATALHA","Angiosperms","Apocynaceae","Forsteronia","glabrescens","Müll.Arg.","APOCYNACEAE Forsteronia glabrescens Müll.Arg.","2076","GBIF","SORO","Koch, I.","37","Native","Ouro","High",,"Reserva do Horto Florestal"
"ÁREA DE PROTEÇÃO AMBIENTAL RIO BATALHA","Angiosperms","Apocynaceae","Forsteronia","pubescens","A.DC.","APOCYNACEAE Forsteronia pubescens A.DC.","2071","GBIF","SORO","Koch, I.","169","Native","Ouro","High",,"Reserva do Horto Florestal"
"ÁREA DE PROTEÇÃO AMBIENTAL RIO BATALHA","Angiosperms","Apocynaceae","Funtumia","elastica","(Preuss) Stapf","APOCYNACEAE Funtumia elastica (Preuss) Stapf","30041","Splink","IAC",,"279","Cultivated","Bronze","High",,"Arboreto Horto Florestal"
"ÁREA DE PROTEÇÃO AMBIENTAL RIO BATALHA","Angiosperms","Apocynaceae","Himatanthus","drasticus","(Mart.) Plumel","APOCYNACEAE Himatanthus drasticus (Mart.) Plumel",,"GBIF",,,,"Native","Latão","Low",,
"ÁREA DE PROTEÇÃO AMBIENTAL RIO BATALHA","Angiosperms","Apocynaceae","Malouetia","cestroides","(Nees ex Mart.) Müll.Arg.","APOCYNACEAE Malouetia cestroides (Nees ex Mart.) Müll.Arg.","31659","GBIF","IAC","Arbocz, G.F.","281","Native","Ouro","High",,"Arboreto Horto Florestal - origem Pariqueraçu"
"ÁREA DE PROTEÇÃO AMBIENTAL RIO BATALHA","Angiosperms","Apocynaceae","Odontadenia","lutea","(Vell.) Markgr.","APOCYNACEAE Odontadenia lutea (Vell.) Markgr.","147884","GBIF","UEC","Martins, F.M.","s.n.","Native","Latão","High",,"Horto Botânico de Bauru, Trilha principal"
"ÁREA DE PROTEÇÃO AMBIENTAL RIO BATALHA","Angiosperms","Apocynaceae","Oxypetalum","arnottianum","H.Buek ex E.Fourn.","APOCYNACEAE Oxypetalum arnottianum H.Buek ex E.Fourn.","187420","GBIF","UEC","Durigan, G.","4253","Native","Prata","Low","https://images.cria.org.br/viewer/UEC115835","coletada na margem da rodovia presidente castelo branco km 258, onde ocorre uma população agregada com cerca de 100 individuos, que tem sido roçada com alta frequencia. na região ocorrem fisionomias campestres do cerrado"
"ÁREA DE PROTEÇÃO AMBIENTAL RIO BATALHA","Angiosperms","Apocynaceae","Prestonia","coalita","(Vell.) Woodson","APOCYNACEAE Prestonia coalita (Vell.) Woodson","3394","GBIF","SORO","Koch, I.","122","Native","Ouro","High",,"Reserva do Horto Florestal"
"ÁREA DE PROTEÇÃO AMBIENTAL RIO BATALHA","Angiosperms","Apocynaceae","Rhodocalyx","riedelii","(Müll.Arg.) J.F.Morales & M.E.Endress","APOCYNACEAE Rhodocalyx riedelii (Müll.Arg.) J.F.Morales & M.E.Endress","SORO002090","Splink","SORO",,"97","Native","Latão","High",,"Reserva do Horto Florestal"
"ÁREA DE PROTEÇÃO AMBIENTAL RIO BATALHA","Angiosperms","Apocynaceae","Ruehssia","macrophylla","(Humb. & Bonpl. ex Schult.) H.Karst.","APOCYNACEAE Ruehssia macrophylla (Humb. & Bonpl. ex Schult.) H.Karst.","SPF00167280","Splink","SPF",,"505","Native","Ouro","Medium",,"Fazenda Santa Rita. Mata mesófila semidecídua de encosta - topo da ""cuesta""."
"ÁREA DE PROTEÇÃO AMBIENTAL RIO BATALHA","Angiosperms","Apocynaceae","Secondatia","densiflora","A.DC.","APOCYNACEAE Secondatia densiflora A.DC.","80289","GBIF","UEC","Koch, I.","134","Native","Ouro","High","https://images.cria.org.br/viewer/UEC195424","Reserva do Horto Florestal."
"ÁREA DE PROTEÇÃO AMBIENTAL RIO BATALHA","Angiosperms","Apocynaceae","Tabernaemontana","catharinensis","A.DC.","APOCYNACEAE Tabernaemontana catharinensis A.DC.","80283","GBIF","UEC","Koch, I.","188","Native","Ouro","High","https://images.cria.org.br/viewer/UEC171240","Reserva do Horto Florestal."
"ÁREA DE PROTEÇÃO AMBIENTAL RIO BATALHA","Angiosperms","Apocynaceae","Tabernaemontana","hystrix","Steud.","APOCYNACEAE Tabernaemontana hystrix Steud.","39904","GBIF","SPSF","Souza, F.M.","994","Native","Prata","High",,"Estação Ecológica de Bauru"
"ÁREA DE PROTEÇÃO AMBIENTAL RIO BATALHA","Angiosperms","Apocynaceae","Temnadenia","violacea","(Vell.) Miers","APOCYNACEAE Temnadenia violacea (Vell.) Miers","147872","GBIF","UEC","Martins, F.M.","s.n.","Native","Latão","High","https://images.cria.org.br/viewer/UEC164874","Horto Botânico de Bauru, Reserva de Cerrado do Laboratório Sincroton"
"ÁREA DE PROTEÇÃO AMBIENTAL RIO BATALHA","Angiosperms","Araceae","Epipremnum","aureum","(Linden & André) G.S.Bunting","ARACEAE Epipremnum aureum (Linden & André) G.S.Bunting",,"GBIF",,,,"Cultivated","Latão","Low",,
"ÁREA DE PROTEÇÃO AMBIENTAL RIO BATALHA","Angiosperms","Araceae","Thaumatophyllum","bipinnatifidum","(Schott ex Endl.) Sakur., Calazans & Mayo","ARACEAE Thaumatophyllum bipinnatifidum (Schott ex Endl.) Sakur., Calazans & Mayo","SPSF00038472","Splink","SPSF",,"877","Native","Ouro","Low",,"Estação Ecológica Caetetus, parcelas permanentes"
"ÁREA DE PROTEÇÃO AMBIENTAL RIO BATALHA","Angiosperms","Arecaceae","Syagrus","oleracea","(Mart.) Becc.","ARECACEAE Syagrus oleracea (Mart.) Becc.","25677","GBIF","BOTU","Genovez, P.R.","95","Native","Bronze","Low","https://images.cria.org.br/viewer/BOTU025677",
"ÁREA DE PROTEÇÃO AMBIENTAL RIO BATALHA","Angiosperms","Arecaceae","Syagrus","romanzoffiana","(Cham.) Glassman","ARECACEAE Syagrus romanzoffiana (Cham.) Glassman","5249","Splink","UNBA",,,"Native","Ouro","Low",,"Estância Flanboyant, ao lado do rio Batalha"
"ÁREA DE PROTEÇÃO AMBIENTAL RIO BATALHA","Angiosperms","Aristolochiaceae","Aristolochia","triangularis","Cham. & Schltdl.","ARISTOLOCHIACEAE Aristolochia triangularis Cham. & Schltdl.","39895","GBIF","SPSF","Souza, F.M.","985","Native","Bronze","High",,"Estação Ecológica de Bauru"
"ÁREA DE PROTEÇÃO AMBIENTAL RIO BATALHA","Ferns and Lycophytes","Aspleniaceae","Asplenium","auritum","Sw.","ASPLENIACEAE Asplenium auritum Sw.","137401","GBIF","UEC","Breier, T.B.","897","Native","Ouro","Low","https://images.cria.org.br/viewer/UEC052593","Estação Ecológica Caetetus, Trilha da parcela."
"ÁREA DE PROTEÇÃO AMBIENTAL RIO BATALHA","Ferns and Lycophytes","Aspleniaceae","Asplenium","formosum","Willd.","ASPLENIACEAE Asplenium formosum Willd.","101349","GBIF","ESA","Breier, T.B.","899","Native","Bronze","Low",,"Estação Ecológica Caetetus, Trilha da parcela."
"ÁREA DE PROTEÇÃO AMBIENTAL RIO BATALHA","Ferns and Lycophytes","Aspleniaceae","Asplenium","inaequilaterale","Willd.","ASPLENIACEAE Asplenium inaequilaterale Willd.","56585","GBIF","UEC","Krieger, L.","21464","Native","Bronze","Medium","https://images.cria.org.br/viewer/UEC060681","Fazenda Santa Rita"
"ÁREA DE PROTEÇÃO AMBIENTAL RIO BATALHA","Ferns and Lycophytes","Aspleniaceae","Asplenium","kunzeanum","Klotzsch ex Rosenst.","ASPLENIACEAE Asplenium kunzeanum Klotzsch ex Rosenst.","137405","GBIF","UEC","Breier, T.B.","898","Native","Bronze","Low","https://images.cria.org.br/viewer/UEC060670","Estação Ecológica Caetetus, Trilha da parcela."
"ÁREA DE PROTEÇÃO AMBIENTAL RIO BATALHA","Ferns and Lycophytes","Aspleniaceae","Asplenium","mucronatum","C.Presl","ASPLENIACEAE Asplenium mucronatum C.Presl","137397","GBIF","UEC","Breier, T.B.","899","Native","Bronze","Low","https://images.cria.org.br/viewer/UEC060591","Estação Ecológica Caetetus, Trilha da parcela."
"ÁREA DE PROTEÇÃO AMBIENTAL RIO BATALHA","Ferns and Lycophytes","Aspleniaceae","Asplenium","praemorsum","Sw.","ASPLENIACEAE Asplenium praemorsum Sw.","56592","GBIF","UEC","Salino, A.","719","Native","Bronze","Medium","https://images.cria.org.br/viewer/UEC060566","Fazenda Santa Rita"
"ÁREA DE PROTEÇÃO AMBIENTAL RIO BATALHA","Ferns and Lycophytes","Aspleniaceae","Asplenium","stuebelianum","Hieron.","ASPLENIACEAE Asplenium stuebelianum Hieron.","56541","GBIF","UEC","Salino, A.","702","Native","Bronze","Medium","https://images.cria.org.br/viewer/UEC060446","Fazenda Santa Rita"
"ÁREA DE PROTEÇÃO AMBIENTAL RIO BATALHA","Angiosperms","Asteraceae","Acanthospermum","australe","(Loefl.) Kuntze","ASTERACEAE Acanthospermum australe (Loefl.) Kuntze","118104","GBIF","UEC","Bertoncini, A.P.","1074","Native","Ouro","Low","https://images.cria.org.br/viewer/UEC116787",
"ÁREA DE PROTEÇÃO AMBIENTAL RIO BATALHA","Angiosperms","Asteraceae","Ageratum","conyzoides","L.","ASTERACEAE Ageratum conyzoides L.","118111","GBIF","UEC","Bertoncini, A.P.","1076","Native","Bronze","Low","https://images.cria.org.br/viewer/UEC100540",
"ÁREA DE PROTEÇÃO AMBIENTAL RIO BATALHA","Angiosperms","Asteraceae","Ambrosia","polystachya","DC.","ASTERACEAE Ambrosia polystachya DC.","118213","GBIF","UEC","Bertoncini, A.P.","1101","Native","Ouro","Low","https://images.cria.org.br/viewer/UEC101420",
"ÁREA DE PROTEÇÃO AMBIENTAL RIO BATALHA","Angiosperms","Asteraceae","Baccharis","dracunculifolia","DC.","ASTERACEAE Baccharis dracunculifolia DC.","39914","GBIF","SPSF","Souza, F.M.","1004","Native","Prata","High",,"Estação Ecológica de Bauru"
"ÁREA DE PROTEÇÃO AMBIENTAL RIO BATALHA","Angiosperms","Asteraceae","Bidens","gardneri","Baker","ASTERACEAE Bidens gardneri Baker","118239","GBIF","UEC","Bertoncini, A.P.","962","Native","Bronze","Low","https://images.cria.org.br/viewer/UEC119994","aldeia Guarani"
"ÁREA DE PROTEÇÃO AMBIENTAL RIO BATALHA","Angiosperms","Asteraceae","Bidens","pilosa","L.","ASTERACEAE Bidens pilosa L.","118112","GBIF","UEC","Bertoncini, A.P.","1089","Naturalized","Ouro","Low","https://images.cria.org.br/viewer/UEC120349","aldeia Guarani"
"ÁREA DE PROTEÇÃO AMBIENTAL RIO BATALHA","Angiosperms","Asteraceae","Chromolaena","squalida","(DC.) R.M.King & H.Rob.","ASTERACEAE Chromolaena squalida (DC.) R.M.King & H.Rob.","118207","GBIF","UEC","Bertoncini, A.P.","1033","Native","Ouro","Low","https://images.cria.org.br/viewer/UEC124799","Aldeia Guarani, 22°10',22°20'S, 49°23'W."
"ÁREA DE PROTEÇÃO AMBIENTAL RIO BATALHA","Angiosperms","Asteraceae","Conyza","bonariensis","(L.) Cronquist","ASTERACEAE Conyza bonariensis (L.) Cronquist","118123","GBIF","UEC","Bertoncini, A.P.","1092","Native","Ouro","Low","https://images.cria.org.br/viewer/UEC124928",
"ÁREA DE PROTEÇÃO AMBIENTAL RIO BATALHA","Angiosperms","Asteraceae","Critonia","megaphylla","(Baker) R.M.King & H.Rob.","ASTERACEAE Critonia megaphylla (Baker) R.M.King & H.Rob.","1428","GBIF","BOTU","Assis-Camargo, P.F.M.C.","205","Native","Ouro","Medium","https://images.cria.org.br/viewer/BOTU001428","Fazenda Santa Rita."
"ÁREA DE PROTEÇÃO AMBIENTAL RIO BATALHA","Angiosperms","Asteraceae","Dasyphyllum","vagans","(Gardner) Cabrera","ASTERACEAE Dasyphyllum vagans (Gardner) Cabrera","1423","GBIF","BOTU","Assis-Camargo, P.F.C.R.","518","Native","Ouro","Medium","https://images.cria.org.br/viewer/BOTU001423","Fazenda Santa Rita"
"ÁREA DE PROTEÇÃO AMBIENTAL RIO BATALHA","Angiosperms","Asteraceae","Emilia","fosbergii","Nicolson","ASTERACEAE Emilia fosbergii Nicolson","118187","GBIF","UEC","Bertoncini, A.P.","1079","Naturalized","Ouro","Low","https://images.cria.org.br/viewer/UEC123600",
"ÁREA DE PROTEÇÃO AMBIENTAL RIO BATALHA","Angiosperms","Asteraceae","Gamochaeta","americana","(Mill.) Wedd.","ASTERACEAE Gamochaeta americana (Mill.) Wedd.","118185","GBIF","UEC","Bertoncini, A.P.","1081","Native","Ouro","Low","https://images.cria.org.br/viewer/UEC121687",
"ÁREA DE PROTEÇÃO AMBIENTAL RIO BATALHA","Angiosperms","Asteraceae","Lepidaploa","chamissonis","(Less.) H.Rob.","ASTERACEAE Lepidaploa chamissonis (Less.) H.Rob.","118171","GBIF","UEC","Bertoncini, A.P.","968","Native","Bronze","Low","https://images.cria.org.br/viewer/UEC132847","Aldeia Guarani."
"ÁREA DE PROTEÇÃO AMBIENTAL RIO BATALHA","Angiosperms","Asteraceae","Lessingianthus","glabratus","(Less.) H.Rob.","ASTERACEAE Lessingianthus glabratus (Less.) H.Rob.","118172","GBIF","UEC","Bertoncini, A.P.","983","Native","Ouro","Low","https://images.cria.org.br/viewer/UEC142402",
"ÁREA DE PROTEÇÃO AMBIENTAL RIO BATALHA","Angiosperms","Asteraceae","Mikania","banisteriae","DC.","ASTERACEAE Mikania banisteriae DC.","78075","GBIF","UEC","Passos, F.B.","30","Native","Latão","Low","https://images.cria.org.br/viewer/UEC163086","Estação Ecológica dos Caetetus"
"ÁREA DE PROTEÇÃO AMBIENTAL RIO BATALHA","Angiosperms","Asteraceae","Moquiniastrum","barrosoae","(Cabrera) G. Sancho","ASTERACEAE Moquiniastrum barrosoae (Cabrera) G. Sancho","3951","GBIF","BOTU","Assis-Camargo, P.F.C.R.","174","Native","Ouro","Medium","https://images.cria.org.br/viewer/BOTU003951","Fazenda Santa Rita"
"ÁREA DE PROTEÇÃO AMBIENTAL RIO BATALHA","Angiosperms","Asteraceae","Moquiniastrum","polymorphum","(Less.) G. Sancho","ASTERACEAE Moquiniastrum polymorphum (Less.) G. Sancho","1432","GBIF","BOTU","Assis-Camargo, P.F.C.R.","503","Native","Ouro","Medium","https://images.cria.org.br/viewer/BOTU001432","Fazenda Santa Rita"
"ÁREA DE PROTEÇÃO AMBIENTAL RIO BATALHA","Angiosperms","Asteraceae","Orthopappus","angustifolius","(Sw.) Gleason","ASTERACEAE Orthopappus angustifolius (Sw.) Gleason","ESA096467","GBIF","ESA","Bertoncini, A.P.","989","Native","Ouro","Low","jbrj-public.s3-sa-east-1.amazonaws.com/fsi/server?type=image&source=DZI/esa/esa/0/9/64/67/esa00096467.dzi",
"ÁREA DE PROTEÇÃO AMBIENTAL RIO BATALHA","Angiosperms","Asteraceae","Piptocarpha","macropoda","(DC.) Baker","ASTERACEAE Piptocarpha macropoda (DC.) Baker","78073","GBIF","UEC","Passos, F.C.","FP29","Native","Ouro","Low","https://images.cria.org.br/viewer/UEC128940","Est. Ecol. dos Caetetus, 22°15'00'S, 49°30'00'W."
"ÁREA DE PROTEÇÃO AMBIENTAL RIO BATALHA","Angiosperms","Asteraceae","Porophyllum","ruderale","(Jacq.) Cass.","ASTERACEAE Porophyllum ruderale (Jacq.) Cass.","ESA096478","GBIF","ESA","Bertoncini, A.P.","1106","Native","Ouro","Low","jbrj-public.s3-sa-east-1.amazonaws.com/fsi/server?type=image&source=DZI/esa/esa/0/9/64/78/esa00096478.dzi",
"ÁREA DE PROTEÇÃO AMBIENTAL RIO BATALHA","Angiosperms","Asteraceae","Praxelis","clematidea","(Griseb.) R.M.King & H.Rob.","ASTERACEAE Praxelis clematidea (Griseb.) R.M.King & H.Rob.","ESA101574","GBIF","ESA","Bertoncini, A.P.","1075","Native","Ouro","Low","jbrj-public.s3-sa-east-1.amazonaws.com/fsi/server?type=image&source=DZI/esa/esa/0/10/15/74/esa00101574.dzi",
"ÁREA DE PROTEÇÃO AMBIENTAL RIO BATALHA","Angiosperms","Asteraceae","Pterocaulon","alopecuroides","(Lam.) DC.","ASTERACEAE Pterocaulon alopecuroides (Lam.) DC.","118176","GBIF","UEC","Bertoncini, A.P.","1115","Native","Ouro","Low","https://images.cria.org.br/viewer/UEC129177","Aldeia Guarani."
"ÁREA DE PROTEÇÃO AMBIENTAL RIO BATALHA","Angiosperms","Asteraceae","Pterocaulon","lanatum","Kuntze","ASTERACEAE Pterocaulon lanatum Kuntze","118180","GBIF","UEC","Bertoncini, A.P.","1151","Native","Ouro","Low","https://images.cria.org.br/viewer/UEC129192",
"ÁREA DE PROTEÇÃO AMBIENTAL RIO BATALHA","Angiosperms","Asteraceae","Strophopappus","bullatus","(Krasch.) Sch.Bip. ex R. Esteves","ASTERACEAE Strophopappus bullatus (Krasch.) Sch.Bip. ex R. Esteves","204263","GBIF","UEC","Durigan, G.","5013","Native","Ouro","Low","https://images.cria.org.br/viewer/UEC183031","RPPN Águas Perenes, Horto Santa Fé B, International Paper"
"ÁREA DE PROTEÇÃO AMBIENTAL RIO BATALHA","Angiosperms","Asteraceae","Tagetes","minuta","L.","ASTERACEAE Tagetes minuta L.","118181","GBIF","UEC","Bertoncini, A.P.","1152","Naturalized","Bronze","Low","https://images.cria.org.br/viewer/UEC129417","Aldeia Guarani. 22º10', 22º20' S, 49º19', 49º23' W."
"ÁREA DE PROTEÇÃO AMBIENTAL RIO BATALHA","Angiosperms","Asteraceae","Vernonanthura","brasiliana","(L.) H.Rob.","ASTERACEAE Vernonanthura brasiliana (L.) H.Rob.","CEN00117377","GBIF","CEN","Piazza, M.","104","Native","Ouro","Low","jbrj-public.s3-sa-east-1.amazonaws.com/fsi/server?type=image&source=DZI/cen/cen/0/11/73/77/cen00117377.dzi","Conglomerado: SP_314. Subunidade 1, subparcela 7, indivíduo 1."
"ÁREA DE PROTEÇÃO AMBIENTAL RIO BATALHA","Angiosperms","Asteraceae","Vernonanthura","polyanthes","(Sprengel) Vega & Dematteis","ASTERACEAE Vernonanthura polyanthes (Sprengel) Vega & Dematteis","1434","GBIF","BOTU","Assis-Camargo, P.F.M.C.","206","Native","Ouro","Medium","https://images.cria.org.br/viewer/BOTU001434","fazenda Santa Rita"
"ÁREA DE PROTEÇÃO AMBIENTAL RIO BATALHA","Angiosperms","Bignoniaceae","Adenocalymma","bracteatum","(Cham.) DC.","BIGNONIACEAE Adenocalymma bracteatum (Cham.) DC.","118115","GBIF","UEC","Bertoncini, A.P.","850","Native","Ouro","Low",,"Aldeia Guarani"
"ÁREA DE PROTEÇÃO AMBIENTAL RIO BATALHA","Angiosperms","Bignoniaceae","Adenocalymma","paulistarum","Bureau & K.Schum.","BIGNONIACEAE Adenocalymma paulistarum Bureau & K.Schum.","334595","GBIF","SP","Miranda, L.C.","221","Native","Ouro","Low","https://images.cria.org.br/viewer/SP058070","Rio Batalha"
"ÁREA DE PROTEÇÃO AMBIENTAL RIO BATALHA","Angiosperms","Bignoniaceae","Amphilophium","crucigerum","(L.) L.G.Lohmann","BIGNONIACEAE Amphilophium crucigerum (L.) L.G.Lohmann","2557","GBIF","SORO","Koch, I.","180","Native","Latão","High",,"Reserva Horto Florestal Bauru"
"ÁREA DE PROTEÇÃO AMBIENTAL RIO BATALHA","Angiosperms","Bignoniaceae","Amphilophium","paniculatum","(L.) Kunth","BIGNONIACEAE Amphilophium paniculatum (L.) Kunth","2061","Splink","UNBA",,,"Native","Ouro","Low",,"Aldeia Guarani"
"ÁREA DE PROTEÇÃO AMBIENTAL RIO BATALHA","Angiosperms","Bignoniaceae","Anemopaegma","chamberlaynii","(Sims) Bureau & K.Schum.","BIGNONIACEAE Anemopaegma chamberlaynii (Sims) Bureau & K.Schum.","32631","GBIF","HRCB","Bertoncini, A.P.","1111","Native","Ouro","Low",,"Aldeia Guarani Flora Fanerogâmica da Terra Indígena de Araribá"
"ÁREA DE PROTEÇÃO AMBIENTAL RIO BATALHA","Angiosperms","Bignoniaceae","Anemopaegma","robustum","Bureau & K.Schum.","BIGNONIACEAE Anemopaegma robustum Bureau & K.Schum.","77642","GBIF","UEC","Passos, F.C.","27","Native","Ouro","Low","https://images.cria.org.br/viewer/UEC109781","Estação Ecológica dos Caetetus, Mata semidecídua. Borda da mata."
"ÁREA DE PROTEÇÃO AMBIENTAL RIO BATALHA","Angiosperms","Bignoniaceae","Cuspidaria","convoluta","(Vell.) A.H.Gentry","BIGNONIACEAE Cuspidaria convoluta (Vell.) A.H.Gentry","155897","GBIF","UEC","Udulutsch, R.G.","534","Native","Ouro","Low","https://images.cria.org.br/viewer/UEC076693","Estação Ecológica dos Caetetus"
"ÁREA DE PROTEÇÃO AMBIENTAL RIO BATALHA","Angiosperms","Bignoniaceae","Cuspidaria","pulchella","(Cham.) K.Schum.","BIGNONIACEAE Cuspidaria pulchella (Cham.) K.Schum.","2052","Splink","UNBA",,,"Native","Ouro","Low",,"Aldeia Guarani"
"ÁREA DE PROTEÇÃO AMBIENTAL RIO BATALHA","Angiosperms","Bignoniaceae","Cuspidaria","pulchra","(Cham.) L.G.Lohmann","BIGNONIACEAE Cuspidaria pulchra (Cham.) L.G.Lohmann","2041","Splink","UNBA",,,"Native","Ouro","Low",,"Aldeia Guarani"
"ÁREA DE PROTEÇÃO AMBIENTAL RIO BATALHA","Angiosperms","Bignoniaceae","Dolichandra","unguis-cati","(L.) L.G.Lohmann","BIGNONIACEAE Dolichandra unguis-cati (L.) L.G.Lohmann","173831","GBIF","UEC","Udulutsch, R.G.","490","Native","Ouro","Low","https://images.cria.org.br/viewer/UEC089463","Estação Ecológica dos Caetetus."
"ÁREA DE PROTEÇÃO AMBIENTAL RIO BATALHA","Angiosperms","Bignoniaceae","Fridericia","florida","(DC.) L.G.Lohmann","BIGNONIACEAE Fridericia florida (DC.) L.G.Lohmann","2114","Splink","UNBA",,,"Native","Ouro","Low",,"Aldeia Guarani"
"ÁREA DE PROTEÇÃO AMBIENTAL RIO BATALHA","Angiosperms","Bignoniaceae","Fridericia","samydoides","(Cham.) L.G.Lohmann","BIGNONIACEAE Fridericia samydoides (Cham.) L.G.Lohmann","80734","GBIF","UEC","Passos, F.C.","106","Native","Bronze","Low","https://images.cria.org.br/viewer/UEC107516","Est. Escol. dos Caetetus."
"ÁREA DE PROTEÇÃO AMBIENTAL RIO BATALHA","Angiosperms","Bignoniaceae","Fridericia","speciosa","Mart.","BIGNONIACEAE Fridericia speciosa Mart.","80743","GBIF","UEC","Passos, F.C.","FP93","Native","Bronze","Low","https://images.cria.org.br/viewer/UEC139961","Estação Ecológica dos Caetetus"
"ÁREA DE PROTEÇÃO AMBIENTAL RIO BATALHA","Angiosperms","Bignoniaceae","Fridericia","triplinervia","(Mart. ex DC.) L.G.Lohmann","BIGNONIACEAE Fridericia triplinervia (Mart. ex DC.) L.G.Lohmann","155789","GBIF","UEC","Udulutsch, R.G.","503","Native","Ouro","Low","https://images.cria.org.br/viewer/UEC052965","Estação Ecológica de Caetetus"
"ÁREA DE PROTEÇÃO AMBIENTAL RIO BATALHA","Angiosperms","Bignoniaceae","Handroanthus","chrysotrichus","(Mart. ex DC.) Mattos","BIGNONIACEAE Handroanthus chrysotrichus (Mart. ex DC.) Mattos","237037","GBIF","UB","Piazza, M.","IFN-3133934.6","Native","Bronze","Low",,
"ÁREA DE PROTEÇÃO AMBIENTAL RIO BATALHA","Angiosperms","Bignoniaceae","Handroanthus","heptaphyllus","(Vell.) Mattos","BIGNONIACEAE Handroanthus heptaphyllus (Vell.) Mattos","3956","GBIF","BOTU","Assis-Camargo, P.F.C.R.","371","Native","Ouro","Medium","https://images.cria.org.br/viewer/BOTU003956","Fazenda Santa Rita"
"ÁREA DE PROTEÇÃO AMBIENTAL RIO BATALHA","Angiosperms","Bignoniaceae","Handroanthus","ochraceus","(Cham.) Mattos","BIGNONIACEAE Handroanthus ochraceus (Cham.) Mattos","28167","GBIF","HRCB","Assis, P.F.","251","Native","Ouro","Medium",,"Fazenda Santa Rita"
"ÁREA DE PROTEÇÃO AMBIENTAL RIO BATALHA","Angiosperms","Bignoniaceae","Jacaranda","micrantha","Cham.","BIGNONIACEAE Jacaranda micrantha Cham.","1437","GBIF","BOTU","Assis-Camargo, P.F.C.R.","492","Native","Ouro","Medium","https://images.cria.org.br/viewer/BOTU001437","Fazenda Santa Rita"
"ÁREA DE PROTEÇÃO AMBIENTAL RIO BATALHA","Angiosperms","Bignoniaceae","Lundia","obliqua","Sond.","BIGNONIACEAE Lundia obliqua Sond.","81103","GBIF","UEC","Passos, F.C.","FP125","Native","Bronze","Low","https://images.cria.org.br/viewer/UEC140431","Estação Ecológica de Caetetus"
"ÁREA DE PROTEÇÃO AMBIENTAL RIO BATALHA","Angiosperms","Bignoniaceae","Mansoa","difficilis","(Cham.) Bureau & K.Schum.","BIGNONIACEAE Mansoa difficilis (Cham.) Bureau & K.Schum.","1440","GBIF","BOTU","Assis-Camargo, P.F.","486","Native","Ouro","Medium","https://images.cria.org.br/viewer/BOTU001440","Fazenda Santa Rita"
"ÁREA DE PROTEÇÃO AMBIENTAL RIO BATALHA","Angiosperms","Bignoniaceae","Pyrostegia","venusta","(Ker Gawl.) Miers","BIGNONIACEAE Pyrostegia venusta (Ker Gawl.) Miers","86917","GBIF","UEC","Bertoncini, A.P.","1148","Native","Ouro","Low","https://images.cria.org.br/viewer/UEC140874",
"ÁREA DE PROTEÇÃO AMBIENTAL RIO BATALHA","Angiosperms","Bignoniaceae","Stizophyllum","perforatum","(Cham.) Miers","BIGNONIACEAE Stizophyllum perforatum (Cham.) Miers","155896","GBIF","UEC","Udulutsch, R.G.","754","Native","Ouro","Low","https://images.cria.org.br/viewer/UEC076694","Estação Ecológica dos Caetetus"
"ÁREA DE PROTEÇÃO AMBIENTAL RIO BATALHA","Angiosperms","Bignoniaceae","Tanaecium","selloi","(Spreng.) L.G.Lohmann","BIGNONIACEAE Tanaecium selloi (Spreng.) L.G.Lohmann","2043","Splink","UNBA",,,"Native","Ouro","Low",,"Aldeia Guarani"
"ÁREA DE PROTEÇÃO AMBIENTAL RIO BATALHA","Angiosperms","Bignoniaceae","Tynanthus",,"Miers","BIGNONIACEAE Tynanthus Miers","80741","GBIF","UEC","Passos, F.C.","FP95",,"Bronze","Low","https://images.cria.org.br/viewer/UEC120240","Estação Ecológica dos Caetetus"
"ÁREA DE PROTEÇÃO AMBIENTAL RIO BATALHA","Angiosperms","Bromeliaceae","Acanthostachys","strobilacea","(Schult. & Schult.f.) Klotzsch","BROMELIACEAE Acanthostachys strobilacea (Schult. & Schult.f.) Klotzsch","RB00780436","GBIF","RB","Bertoncini, A.P.","1162","Native","Ouro","Low","jbrj-public-img.s3-sa-east-1.amazonaws.com/JPG/rb/0/78/4/36/00780436.jpg","Aldeia Guarani."
"ÁREA DE PROTEÇÃO AMBIENTAL RIO BATALHA","Angiosperms","Bromeliaceae","Ananas","ananassoides","(Baker) L.B.Sm.","BROMELIACEAE Ananas ananassoides (Baker) L.B.Sm.","2429052","GBIF","Bioversity","Bertoncini, A.P.","118225","Native","Latão","Low",,
"ÁREA DE PROTEÇÃO AMBIENTAL RIO BATALHA","Angiosperms","Bromeliaceae","Billbergia","distachia","(Vell.) Mez","BROMELIACEAE Billbergia distachia (Vell.) Mez","104408436","GBIF","Observations","Flavioubaid",,"Native","Bronze","Low",,"Avaí - SP, 16680-000, Brasil"
"ÁREA DE PROTEÇÃO AMBIENTAL RIO BATALHA","Angiosperms","Bromeliaceae","Bromelia","balansae","Mez","BROMELIACEAE Bromelia balansae Mez","104474513","GBIF","Observations","Flavioubaid",,"Native","Bronze","Low",,"Bauru - SP, Brasil"
"ÁREA DE PROTEÇÃO AMBIENTAL RIO BATALHA","Angiosperms","Bromeliaceae","Pseudananas","sagenarius","(Arruda) Camargo","BROMELIACEAE Pseudananas sagenarius (Arruda) Camargo","209126","GBIF","UEC","Niederauer, G.F.","01","Native","Bronze","Low","https://images.cria.org.br/viewer/UEC192453","Distrito Martinho Prado, Reserva Biológica de Mogi Guaçu, Fazenda Campininha, Trilha 4, paralela a estrada."
"ÁREA DE PROTEÇÃO AMBIENTAL RIO BATALHA","Angiosperms","Bromeliaceae","Tillandsia","loliacea","Mart. ex Schult. & Schult.f.","BROMELIACEAE Tillandsia loliacea Mart. ex Schult. & Schult.f.","SPSF00038411","Splink","SPSF",,"854","Native","Bronze","Low",,"Estação Ecológica Caetetus, parcelas permantentes"
"ÁREA DE PROTEÇÃO AMBIENTAL RIO BATALHA","Angiosperms","Bromeliaceae","Tillandsia","recurvata","(L.) L.","BROMELIACEAE Tillandsia recurvata (L.) L.","138485","GBIF","UEC","Breier, T.B.","855","Native","Bronze","Low","https://images.cria.org.br/viewer/UEC043600","Estação Ecológica Caetetus, Percela pemanente E15, caída no solo"
"ÁREA DE PROTEÇÃO AMBIENTAL RIO BATALHA","Angiosperms","Bromeliaceae","Tillandsia","tricholepis","Baker","BROMELIACEAE Tillandsia tricholepis Baker","SPSF00038498","Splink","SPSF",,"856","Native","Bronze","Low",,"Estação Ecológica Caetetus, Parcela pemanente E15, caída no solo"
"ÁREA DE PROTEÇÃO AMBIENTAL RIO BATALHA","Angiosperms","Burseraceae","Protium","widgrenii","Engl.","BURSERACEAE Protium widgrenii Engl.","63682","GBIF","UEC","Passos, F.C.","23852","Native","Bronze","Low","https://images.cria.org.br/viewer/UEC105931","Estação Ecológica de Caetetus."
"ÁREA DE PROTEÇÃO AMBIENTAL RIO BATALHA","Angiosperms","Cactaceae","Cereus","hildmannianus","K.Schum.","CACTACEAE Cereus hildmannianus K.Schum.","39901","GBIF","SPSF","Souza, F.M.","991","Native","Prata","High",,"Estação Ecológica de Bauru"
"ÁREA DE PROTEÇÃO AMBIENTAL RIO BATALHA","Angiosperms","Cactaceae","Epiphyllum","phyllanthus","(L.) Haw.","CACTACEAE Epiphyllum phyllanthus (L.) Haw.","137477","GBIF","UEC","Breier, T.B.","889","Native","Bronze","Low","https://images.cria.org.br/viewer/UEC041390","Estação Ecológica Caetetus, parcelas permanentes."
"ÁREA DE PROTEÇÃO AMBIENTAL RIO BATALHA","Angiosperms","Cactaceae","Lepismium","cruciforme","(Vell.) Miq.","CACTACEAE Lepismium cruciforme (Vell.) Miq.","137436","GBIF","UEC","Breier, T.B.","0868","Native","Bronze","Low","https://images.cria.org.br/viewer/UEC041207","Estação Ecológica Caetetus, Base do Instituto Florestal."
"ÁREA DE PROTEÇÃO AMBIENTAL RIO BATALHA","Angiosperms","Cactaceae","Lepismium","warmingianum","(K.Schum.) Barthlott","CACTACEAE Lepismium warmingianum (K.Schum.) Barthlott","137433","GBIF","UEC","Breier, T.B.","873","Native","Bronze","Low","https://images.cria.org.br/viewer/UEC041175","Estação Ecológica Caetetus, parcelas permanentes."
"ÁREA DE PROTEÇÃO AMBIENTAL RIO BATALHA","Angiosperms","Cactaceae","Pereskia","aculeata","Mill.","CACTACEAE Pereskia aculeata Mill.","78173","GBIF","UEC","Passos, F.C.","FP40","Native","Ouro","Low","https://images.cria.org.br/viewer/UEC041101","Est. Ecol. dos Caetetus."
"ÁREA DE PROTEÇÃO AMBIENTAL RIO BATALHA","Angiosperms","Cactaceae","Rhipsalis","cereuscula","Haw.","CACTACEAE Rhipsalis cereuscula Haw.","64498","GBIF","UEC","Passos, F.C.","23981","Native","Ouro","Low","https://images.cria.org.br/viewer/UEC041007","Estação Ecológica de Caetetus."
"ÁREA DE PROTEÇÃO AMBIENTAL RIO BATALHA","Angiosperms","Cactaceae","Rhipsalis","floccosa","Salm-Dyck ex Pfeiff.","CACTACEAE Rhipsalis floccosa Salm-Dyck ex Pfeiff.","137471","GBIF","UEC","Breier, T.B.","0867","Native","Ouro","Low","https://images.cria.org.br/viewer/UEC090966","Estação Ecológica Caetetus, Base do Instituto Florestal."
"ÁREA DE PROTEÇÃO AMBIENTAL RIO BATALHA","Angiosperms","Cactaceae","Rhipsalis","lindbergiana","K.Schum.","CACTACEAE Rhipsalis lindbergiana K.Schum.","RB01386497","GBIF","RB","Maruyama, A.","995","Native","Ouro","Low","jbrj-public-img.s3-sa-east-1.amazonaws.com/JPG/rb/1/38/64/97/01386497.jpg","Próximo ao contorno da Rodovia Marechal Rondon"
"ÁREA DE PROTEÇÃO AMBIENTAL RIO BATALHA","Angiosperms","Calophyllaceae","Kielmeyera","decipiens","Saddi","CALOPHYLLACEAE Kielmeyera decipiens Saddi","65308","GBIF","UEC","Arbocz, G.F.","265","Native","Ouro","High","https://images.cria.org.br/viewer/UEC019825","Arboreto do Horto Florestal."
"ÁREA DE PROTEÇÃO AMBIENTAL RIO BATALHA","Angiosperms","Cannabaceae","Celtis","brasiliensis","(Gardner) Planch.","CANNABACEAE Celtis brasiliensis (Gardner) Planch.","35858","GBIF","IAC","Camargo, P.F.A.","440","Native","Bronze","Medium",,"Fazenda Santa Rita"
"ÁREA DE PROTEÇÃO AMBIENTAL RIO BATALHA","Angiosperms","Cannabaceae","Celtis","diffusa","Planch.","CANNABACEAE Celtis diffusa Planch.","77081","GBIF","UEC","Pirani, J.R.","s.n.","Native","Ouro","Low",,"Estação Ecológica de Caetetus, Estação ecológica Olavo Amaral Ferraz. Na entrada da 'Estrada do Paraíso'."
"ÁREA DE PROTEÇÃO AMBIENTAL RIO BATALHA","Angiosperms","Cannabaceae","Celtis","iguanaea","(Jacq.) Sarg.","CANNABACEAE Celtis iguanaea (Jacq.) Sarg.","39892","GBIF","SPSF","Souza, F.M.","982","Unknown","Prata","High",,"Estação Ecológica de Bauru"
"ÁREA DE PROTEÇÃO AMBIENTAL RIO BATALHA","Angiosperms","Cannabaceae","Celtis","pubescens","Sprengel","CANNABACEAE Celtis pubescens Sprengel","ESA118767","Splink","ESA",,"552","Native","Bronze","Low",,"Sítio Lagoa Azul, Mata em volta da represa"
"ÁREA DE PROTEÇÃO AMBIENTAL RIO BATALHA","Angiosperms","Cannabaceae","Celtis","spinosissima","(Weed.) Miq.","CANNABACEAE Celtis spinosissima (Weed.) Miq.","FUEL020991","Splink","FUEL",,"982","Native","Bronze","High",,"Estação Ecológica de Bauru, área próxima ao experimento de peroba"
"ÁREA DE PROTEÇÃO AMBIENTAL RIO BATALHA","Angiosperms","Cannabaceae","Trema","micranthum","(L.) Blume","CANNABACEAE Trema micranthum (L.) Blume","35859","GBIF","IAC","Camargo, P.F.A.","491","Native","Ouro","Medium",,"Fazenda Santa Rita"
"ÁREA DE PROTEÇÃO AMBIENTAL RIO BATALHA","Angiosperms","Caryocaraceae","Caryocar","brasiliense","Cambess.","CARYOCARACEAE Caryocar brasiliense Cambess.",,"GBIF",,,,"Native","Latão","Low",,
"ÁREA DE PROTEÇÃO AMBIENTAL RIO BATALHA","Angiosperms","Celastraceae","Hippocratea","volubilis","L.","CELASTRACEAE Hippocratea volubilis L.","ESA096410","GBIF","ESA","Bertoncini, A.P.","882","Native","Ouro","Low","jbrj-public.s3-sa-east-1.amazonaws.com/fsi/server?type=image&source=DZI/esa/esa/0/9/64/10/esa00096410.dzi",
"ÁREA DE PROTEÇÃO AMBIENTAL RIO BATALHA","Angiosperms","Celastraceae","Monteverdia","aquifolium","(Mart.) Biral","CELASTRACEAE Monteverdia aquifolium (Mart.) Biral","4269","GBIF","BOTU","Assis-Camargo, P.F.B.P.","562","Native","Ouro","Medium","https://images.cria.org.br/viewer/BOTU004269","Fazenda Santa Rita"
"ÁREA DE PROTEÇÃO AMBIENTAL RIO BATALHA","Angiosperms","Chrysobalanaceae","Moquilea","tomentosa","Benth.","CHRYSOBALANACEAE Moquilea tomentosa Benth.","RB01386506","GBIF","RB","Maruyama, A.","991","Native","Ouro","Low","jbrj-public-img.s3-sa-east-1.amazonaws.com/JPG/rb/1/38/65/6/01386506.jpg","Próximo ao contorno da Rodovia Marechal Rondon e adjunto ao Recanto Shinohara"
"ÁREA DE PROTEÇÃO AMBIENTAL RIO BATALHA","Angiosperms","Combretaceae","Combretum","fruticosum","(Loefl.) Stuntz","COMBRETACEAE Combretum fruticosum (Loefl.) Stuntz","4393","GBIF","BOTU","Assis-Camargo, P.F.C.R.","87","Native","Ouro","Medium","https://images.cria.org.br/viewer/BOTU004393","Fazenda Santa Rita"
"ÁREA DE PROTEÇÃO AMBIENTAL RIO BATALHA","Angiosperms","Combretaceae","Terminalia","glabrescens","Mart.","COMBRETACEAE Terminalia glabrescens Mart.","MBM00442784","GBIF","MBM","Tomazi, A.","133","Native","Ouro","Low","jbrj-public.s3-sa-east-1.amazonaws.com/fsi/server?type=image&source=DZI/mbm/mbm/0/44/27/84/mbm00442784.dzi","Ferrovia Bauru-Tupã"
"ÁREA DE PROTEÇÃO AMBIENTAL RIO BATALHA","Angiosperms","Combretaceae","Terminalia","lucida","Hoffmanns. ex Mart. & Zucc.","COMBRETACEAE Terminalia lucida Hoffmanns. ex Mart. & Zucc.","334544","GBIF","SP","Miranda, L.C.","468","Native","Ouro","Low",,"rio Batalha"
"ÁREA DE PROTEÇÃO AMBIENTAL RIO BATALHA","Angiosperms","Combretaceae","Terminalia","triflora","(Griseb.) Lillo","COMBRETACEAE Terminalia triflora (Griseb.) Lillo","1692","GBIF","BOTU","Assis-Camargo, P.F.H.A.N.","267","Native","Ouro","Medium","https://images.cria.org.br/viewer/BOTU001692","Fazenda Santa Rita"
"ÁREA DE PROTEÇÃO AMBIENTAL RIO BATALHA","Angiosperms","Commelinaceae","Commelina","benghalensis","L.","COMMELINACEAE Commelina benghalensis L.","ESA096451","Splink","ESA",,"1116","Naturalized","Bronze","Low",,
"ÁREA DE PROTEÇÃO AMBIENTAL RIO BATALHA","Angiosperms","Commelinaceae","Dichorisandra","thyrsiflora","J.C.Mikan","COMMELINACEAE Dichorisandra thyrsiflora J.C.Mikan",,"GBIF",,,,"Native","Latão","Low",,
"ÁREA DE PROTEÇÃO AMBIENTAL RIO BATALHA","Angiosperms","Connaraceae","Connarus",,"L.","CONNARACEAE Connarus L.","39898","GBIF","SPSF","Souza, F.M.","988",,"Prata","High",,"Estação Ecológica de Bauru"
"ÁREA DE PROTEÇÃO AMBIENTAL RIO BATALHA","Angiosperms","Connaraceae","Rourea","pseudospadicea","G.Schellenb.","CONNARACEAE Rourea pseudospadicea G.Schellenb.","ESA118799","Splink","ESA",,"584","Native","Ouro","Low",,"Sítio Lagoa Azul, Mata em volta da represa"
"ÁREA DE PROTEÇÃO AMBIENTAL RIO BATALHA","Angiosperms","Convolvulaceae","Bonamia","agrostopolis","(Vell.) Hallier f.","CONVOLVULACEAE Bonamia agrostopolis (Vell.) Hallier f.","118241","GBIF","UEC","Bertoncini, A.P.","870","Native","Ouro","Low","https://images.cria.org.br/viewer/UEC097990","Aldeia Guarani."
"ÁREA DE PROTEÇÃO AMBIENTAL RIO BATALHA","Angiosperms","Convolvulaceae","Distimake","dissectus","(Jacq.) A.R. Simões & Staples","CONVOLVULACEAE Distimake dissectus (Jacq.) A.R. Simões & Staples","RB01386495","GBIF","RB","Maruyama, A.","990","Native","Ouro","Low","jbrj-public-img.s3-sa-east-1.amazonaws.com/JPG/rb/1/38/64/95/01386495.jpg","Próximo ao contorno da Rodovia Marechal Rondon e adjunto ao Recanto Shinohara"
"ÁREA DE PROTEÇÃO AMBIENTAL RIO BATALHA","Angiosperms","Convolvulaceae","Distimake","macrocalyx","(Ruiz & Pav.) A.R. Simões & Staples","CONVOLVULACEAE Distimake macrocalyx (Ruiz & Pav.) A.R. Simões & Staples","118200","GBIF","UEC","Bertoncini, A.P.","1146","Native","Ouro","Low","https://images.cria.org.br/viewer/UEC030770","Aldeia Guarani"
"ÁREA DE PROTEÇÃO AMBIENTAL RIO BATALHA","Angiosperms","Convolvulaceae","Ipomoea","saopaulista","O'Donell","CONVOLVULACEAE Ipomoea saopaulista O'Donell","81106","GBIF","UEC","Passos, F.C.","FP122","Native","Ouro","Low","https://images.cria.org.br/viewer/UEC066373","Estação Ecológica dos Caetetus."
"ÁREA DE PROTEÇÃO AMBIENTAL RIO BATALHA","Angiosperms","Cordiaceae","Cordia","alliodora","(Ruiz & Pav.) Cham.","CORDIACEAE Cordia alliodora (Ruiz & Pav.) Cham.","22977","GBIF","SJRP","Bertoncini, A.P.","847","Native","Ouro","Low","https://images.cria.org.br/viewer/SJRP00002146",
"ÁREA DE PROTEÇÃO AMBIENTAL RIO BATALHA","Angiosperms","Cordiaceae","Cordia","ecalyculata","Vell.","CORDIACEAE Cordia ecalyculata Vell.","RB00774742","GBIF","RB","Colleta, G.D.","581","Native","Ouro","Low","jbrj-public-img.s3-sa-east-1.amazonaws.com/JPG/rb/0/77/47/42/00774742.jpg","Sítio Lagoa Azul, Mata em volta da represa"
"ÁREA DE PROTEÇÃO AMBIENTAL RIO BATALHA","Angiosperms","Cordiaceae","Cordia","sellowiana","Cham.","CORDIACEAE Cordia sellowiana Cham.","RB00821889","GBIF","RB","Bertoncini, A.P.","1042","Native","Ouro","Low","jbrj-public-img.s3-sa-east-1.amazonaws.com/JPG/rb/0/82/18/89/00821889.jpg","Aldeia Guarani."
"ÁREA DE PROTEÇÃO AMBIENTAL RIO BATALHA","Angiosperms","Cordiaceae","Cordia","trichotoma","(Vell.) Arráb. ex Steud.","CORDIACEAE Cordia trichotoma (Vell.) Arráb. ex Steud.","1503","GBIF","BOTU","Assis-Camargo, P.F.C.R.","385","Native","Bronze","Medium","https://images.cria.org.br/viewer/BOTU001503","Fazenda Santa Rita, borda da mata mesófila semidecídual de encosta"
"ÁREA DE PROTEÇÃO AMBIENTAL RIO BATALHA","Angiosperms","Cordiaceae","Varronia","polycephala","Lam.","CORDIACEAE Varronia polycephala Lam.","RB01444897","GBIF","RB","Piazza, M.","105","Native","Ouro","Low","jbrj-public-img.s3-sa-east-1.amazonaws.com/JPG/rb/1/44/48/97/01444897.jpg","Conglomerado: SP_314. Subunidade 1, subparcela 10, indivíduo 2."
"ÁREA DE PROTEÇÃO AMBIENTAL RIO BATALHA","Angiosperms","Cucurbitaceae","Psiguria","ternata","(M.Roem.) C.Jeffrey","CUCURBITACEAE Psiguria ternata (M.Roem.) C.Jeffrey","80738","GBIF","UEC","Passos, F.C.","FP101","Native","Ouro","Low","https://images.cria.org.br/viewer/UEC092332","Estação Ecológica dos Caetetus"
"ÁREA DE PROTEÇÃO AMBIENTAL RIO BATALHA","Angiosperms","Cyperaceae","Cyperus","aggregatus","(Willd.) Endl.","CYPERACEAE Cyperus aggregatus (Willd.) Endl.","118118","GBIF","UEC","Bertoncini, A.P.","1121","Native","Ouro","Low","https://images.cria.org.br/viewer/UEC075308",
"ÁREA DE PROTEÇÃO AMBIENTAL RIO BATALHA","Angiosperms","Cyperaceae","Eleocharis","filiculmis","Kunth","CYPERACEAE Eleocharis filiculmis Kunth","93800","GBIF","UEC","Pinheiro, M.","s.n.","Native","Ouro","High","https://images.cria.org.br/viewer/UEC025771","Horto Florestal, Brejo."
"ÁREA DE PROTEÇÃO AMBIENTAL RIO BATALHA","Angiosperms","Cyperaceae","Fimbristylis","dichotoma","(L.) Vahl","CYPERACEAE Fimbristylis dichotoma (L.) Vahl","42866","GBIF","SP","Hashimoto, G.","238","Native","Ouro","Low",,"Barra Grande"
"ÁREA DE PROTEÇÃO AMBIENTAL RIO BATALHA","Angiosperms","Dilleniaceae","Davilla","rugosa","Poir.","DILLENIACEAE Davilla rugosa Poir.","118140","GBIF","UEC","Bertoncini, A.P.","919","Native","Ouro","Low","https://images.cria.org.br/viewer/UEC097394",
"ÁREA DE PROTEÇÃO AMBIENTAL RIO BATALHA","Angiosperms","Dilleniaceae","Doliocarpus","dentatus","(Aubl.) Standl.","DILLENIACEAE Doliocarpus dentatus (Aubl.) Standl.","ESA096425","GBIF","ESA","Bertoncini, A.P.","890","Native","Ouro","Low","jbrj-public.s3-sa-east-1.amazonaws.com/fsi/server?type=image&source=DZI/esa/esa/0/9/64/25/esa00096425.dzi",
"ÁREA DE PROTEÇÃO AMBIENTAL RIO BATALHA","Angiosperms","Dilleniaceae","Tetracera","oblongata","DC.","DILLENIACEAE Tetracera oblongata DC.","81246","GBIF","UEC","Pirani, J.R.","3251","Native","Bronze","Low","https://images.cria.org.br/viewer/UEC135937","Estação Ecológica de Caetetus, Estação ecológica Olavo Amaral Ferraz."
"ÁREA DE PROTEÇÃO AMBIENTAL RIO BATALHA","Angiosperms","Dioscoreaceae","Dioscorea","fodinarum","Kunth","DIOSCOREACEAE Dioscorea fodinarum Kunth","ESA102088","GBIF","ESA","Bertoncini, A.P.","1046","Native","Ouro","Low","jbrj-public.s3-sa-east-1.amazonaws.com/fsi/server?type=image&source=DZI/esa/esa/0/10/20/88/esa00102088.dzi",
"ÁREA DE PROTEÇÃO AMBIENTAL RIO BATALHA","Ferns and Lycophytes","Dryopteridaceae","Ctenitis",,"(C.Chr.) C.Chr.","DRYOPTERIDACEAE Ctenitis (C.Chr.) C.Chr.","138693","GBIF","UEC","Breier, T.B.","895",,"Latão","Low","https://images.cria.org.br/viewer/UEC076652","Estação Ecológica Caetetus, Trilha da parcela.&nf;Pode ser a mesma epífita da parcela I09."
"ÁREA DE PROTEÇÃO AMBIENTAL RIO BATALHA","Angiosperms","Ebenaceae","Diospyros","inconstans","Jacq.","EBENACEAE Diospyros inconstans Jacq.","HPL002885","Splink","HPL",,"276","Native","Bronze","High",,"Coletado no Arvoreto do Horto Florestal."
"ÁREA DE PROTEÇÃO AMBIENTAL RIO BATALHA","Angiosperms","Elaeocarpaceae","Elaeocarpus",,"L.","ELAEOCARPACEAE Elaeocarpus L.","118173","GBIF","UEC","Bertoncini, A.P.","926",,"Ouro","Low","https://images.cria.org.br/viewer/UEC171913","Aldeia Guarani"
"ÁREA DE PROTEÇÃO AMBIENTAL RIO BATALHA","Angiosperms","Erythroxylaceae","Erythroxylum","deciduum","A.St.-Hil.","ERYTHROXYLACEAE Erythroxylum deciduum A.St.-Hil.","52583","GBIF","SPSF","Maruyama, A.","981","Native","Bronze","Low",,"Próximo ao contorno da Rodovia Marechal Rondon"
"ÁREA DE PROTEÇÃO AMBIENTAL RIO BATALHA","Angiosperms","Erythroxylaceae","Erythroxylum","pelleterianum","A.St.-Hil.","ERYTHROXYLACEAE Erythroxylum pelleterianum A.St.-Hil.","53827","GBIF","SPSF","Durigan, G.","s/n","Native","Prata","Low",,
"ÁREA DE PROTEÇÃO AMBIENTAL RIO BATALHA","Angiosperms","Erythroxylaceae","Erythroxylum","subracemosum","Turcz.","ERYTHROXYLACEAE Erythroxylum subracemosum Turcz.","118195","GBIF","UEC","Bertoncini, A.P.","1070","Native","Bronze","Low","https://images.cria.org.br/viewer/UEC095228","Aldeia Guarani"
"ÁREA DE PROTEÇÃO AMBIENTAL RIO BATALHA","Angiosperms","Euphorbiaceae","Actinostemon","concepcionis","(Chodat & Hassl.) Hochr.","EUPHORBIACEAE Actinostemon concepcionis (Chodat & Hassl.) Hochr.","39887","GBIF","SPSF","Souza, F.M.","977","Native","Prata","High",,"Estação Ecológica de Bauru"
"ÁREA DE PROTEÇÃO AMBIENTAL RIO BATALHA","Angiosperms","Euphorbiaceae","Actinostemon","concolor","(Spreng.) Müll.Arg.","EUPHORBIACEAE Actinostemon concolor (Spreng.) Müll.Arg.","39886","GBIF","SPSF","Souza, F.M.","976","Native","Prata","High",,"Estação Ecológica de Bauru"
"ÁREA DE PROTEÇÃO AMBIENTAL RIO BATALHA","Angiosperms","Euphorbiaceae","Alchornea","glandulosa","Poepp. & Endl.","EUPHORBIACEAE Alchornea glandulosa Poepp. & Endl.","1803","GBIF","BOTU","Assis-Camargo, P.F.M.C.","212","Native","Ouro","Medium",,"Fazenda Santa Rita. -rea ·mida."
"ÁREA DE PROTEÇÃO AMBIENTAL RIO BATALHA","Angiosperms","Euphorbiaceae","Alchornea","sidifolia","Müll.Arg.","EUPHORBIACEAE Alchornea sidifolia Müll.Arg.","1623","Splink","UNBA",,,"Native","Ouro","Medium",,"Fazenda Santa Rita"
"ÁREA DE PROTEÇÃO AMBIENTAL RIO BATALHA","Angiosperms","Euphorbiaceae","Croton","floribundus","Spreng.","EUPHORBIACEAE Croton floribundus Spreng.","1629","Splink","UNBA",,,"Native","Ouro","Medium",,"Fazenda Santa Rita"
"ÁREA DE PROTEÇÃO AMBIENTAL RIO BATALHA","Angiosperms","Euphorbiaceae","Croton","glandulosus","L.","EUPHORBIACEAE Croton glandulosus L.","118107","GBIF","UEC","Bertoncini, A.P.","1080","Native","Ouro","Low","https://images.cria.org.br/viewer/UEC142207","Aldeia Guarani.&nf;Pastagem."
"ÁREA DE PROTEÇÃO AMBIENTAL RIO BATALHA","Angiosperms","Euphorbiaceae","Croton","urucurana","Baill.","EUPHORBIACEAE Croton urucurana Baill.","1837","GBIF","BOTU","Assis-Camargo, P.F.C.L.","109","Native","Ouro","Medium",,"Fazenda Santa Rita. Borda da mata."
"ÁREA DE PROTEÇÃO AMBIENTAL RIO BATALHA","Angiosperms","Euphorbiaceae","Dalechampia","clausseniana","Baill.","EUPHORBIACEAE Dalechampia clausseniana Baill.","096447","GBIF","ESA","Bertoncini, A.P.","1109","Native","Bronze","Low","https://images.cria.org.br/viewer/ESA096447",
"ÁREA DE PROTEÇÃO AMBIENTAL RIO BATALHA","Angiosperms","Euphorbiaceae","Dalechampia","stipulacea","Müll.Arg.","EUPHORBIACEAE Dalechampia stipulacea Müll.Arg.","1635","Splink","UNBA",,,"Native","Ouro","Medium",,"Fazenda Santa Rita"
"ÁREA DE PROTEÇÃO AMBIENTAL RIO BATALHA","Angiosperms","Euphorbiaceae","Dalechampia","triphylla","Lam.","EUPHORBIACEAE Dalechampia triphylla Lam.","118102","GBIF","UEC","Bertoncini, A.P.","1109","Native","Bronze","Low","https://images.cria.org.br/viewer/UEC150676",
"ÁREA DE PROTEÇÃO AMBIENTAL RIO BATALHA","Angiosperms","Euphorbiaceae","Gymnanthes","klotzschiana","Müll.Arg.","EUPHORBIACEAE Gymnanthes klotzschiana Müll.Arg.","SPSF00002644","Splink","SPSF",,,"Native","Bronze","High",,"Horto Florestal."
"ÁREA DE PROTEÇÃO AMBIENTAL RIO BATALHA","Angiosperms","Euphorbiaceae","Jatropha","curcas","L.","EUPHORBIACEAE Jatropha curcas L.",,"GBIF",,,,"Naturalized","Latão","Low",,
"ÁREA DE PROTEÇÃO AMBIENTAL RIO BATALHA","Angiosperms","Euphorbiaceae","Jatropha","gossypiifolia","L.","EUPHORBIACEAE Jatropha gossypiifolia L.",,"GBIF",,,,"Native","Latão","Low",,
"ÁREA DE PROTEÇÃO AMBIENTAL RIO BATALHA","Angiosperms","Euphorbiaceae","Jatropha","multifida","L.","EUPHORBIACEAE Jatropha multifida L.",,"GBIF",,,,"Cultivated","Latão","Low",,
"ÁREA DE PROTEÇÃO AMBIENTAL RIO BATALHA","Angiosperms","Euphorbiaceae","Mabea","fistulifera","Mart.","EUPHORBIACEAE Mabea fistulifera Mart.","118824","GBIF","ESA","Colletta, G.D.","609","Native","Bronze","Low","https://images.cria.org.br/viewer/ESA118824","Sítio Lagoa Azul, Mata em volta da represa"
"ÁREA DE PROTEÇÃO AMBIENTAL RIO BATALHA","Angiosperms","Euphorbiaceae","Ricinus","communis","L.","EUPHORBIACEAE Ricinus communis L.","2142","Splink","UNBA",,,"Naturalized","Bronze","Low",,"Aldeia Guarani"
"ÁREA DE PROTEÇÃO AMBIENTAL RIO BATALHA","Angiosperms","Euphorbiaceae","Sebastiania","brasiliensis","Spreng.","EUPHORBIACEAE Sebastiania brasiliensis Spreng.","334588","GBIF","SP","Miranda, L.C.","415","Native","Ouro","Low","https://images.cria.org.br/viewer/SP0334588","Rio Batalha - Mata Ciliar. Margem esquerda, borda de mata."
"ÁREA DE PROTEÇÃO AMBIENTAL RIO BATALHA","Angiosperms","Fabaceae","Albizia","niopoides","(Spruce ex Benth.) Burkart","FABACEAE Albizia niopoides (Spruce ex Benth.) Burkart","39910","GBIF","SPSF","Souza, F.M.","1000",,"Ouro","High",,"Estação Ecológica de Bauru"
"ÁREA DE PROTEÇÃO AMBIENTAL RIO BATALHA","Angiosperms","Fabaceae","Anadenanthera","colubrina","(Vell.) Brenan","FABACEAE Anadenanthera colubrina (Vell.) Brenan","469297","GBIF","NY","Pereira, D.F.","77","Native","Ouro","Low",,"Piratininga, beira da estrada"
"ÁREA DE PROTEÇÃO AMBIENTAL RIO BATALHA","Angiosperms","Fabaceae","Anadenanthera","peregrina","(Benth.) Altschul","FABACEAE Anadenanthera peregrina var. falcata (Benth.) Altschul","779","Splink","SINBIOTA",,,"Native","Latão","High",,"Horto da FEPASA"
"ÁREA DE PROTEÇÃO AMBIENTAL RIO BATALHA","Angiosperms","Fabaceae","Andira","vermifuga","(Mart.) Benth.","FABACEAE Andira vermifuga (Mart.) Benth.","RB00735649","GBIF","RB","Colletta, G.D.","570","Native","Ouro","Low","jbrj-public-img.s3-sa-east-1.amazonaws.com/JPG/rb/0/73/56/49/00735649.jpg","SÃ­tio Lagoa Azul, Mata em volta da represa"
"ÁREA DE PROTEÇÃO AMBIENTAL RIO BATALHA","Angiosperms","Fabaceae","Arachis","hypogaea","L.","FABACEAE Arachis hypogaea L.",,"GBIF",,,,"Naturalized","Latão","Low",,
"ÁREA DE PROTEÇÃO AMBIENTAL RIO BATALHA","Angiosperms","Fabaceae","Bauhinia","brevipes","Vogel","FABACEAE Bauhinia brevipes Vogel","39905","GBIF","SPSF","Souza, F.M.","995","Native","Prata","High",,"Estação Ecológica de Bauru"
"ÁREA DE PROTEÇÃO AMBIENTAL RIO BATALHA","Angiosperms","Fabaceae","Bauhinia","longifolia","(Bong.) Steud.","FABACEAE Bauhinia longifolia (Bong.) Steud.","1578","Splink","UNBA",,,"Native","Ouro","Medium",,"Fazenda Santa Rita"
"ÁREA DE PROTEÇÃO AMBIENTAL RIO BATALHA","Angiosperms","Fabaceae","Caesalpinia","pulcherrima","(L.) Sw.","FABACEAE Caesalpinia pulcherrima (L.) Sw.",,"GBIF",,,,"Cultivated","Latão","Low",,
"ÁREA DE PROTEÇÃO AMBIENTAL RIO BATALHA","Angiosperms","Fabaceae","Calliandra","foliolosa","Benth.","FABACEAE Calliandra foliolosa Benth.","39896","GBIF","SPSF","Souza, F.M.","986","Native","Prata","High",,"Estação Ecológica de Bauru"
"ÁREA DE PROTEÇÃO AMBIENTAL RIO BATALHA","Angiosperms","Fabaceae","Centrolobium","tomentosum","Guillem. ex Benth.","FABACEAE Centrolobium tomentosum Guillem. ex Benth.","93075","GBIF","UEC","Assis, P.F.","221","Native","Bronze","Medium","https://images.cria.org.br/viewer/UEC153818","Fazenda Santa Rita."
"ÁREA DE PROTEÇÃO AMBIENTAL RIO BATALHA","Angiosperms","Fabaceae","Chamaecrista","nictitans","(DC. ex Collad.) H.S.Irwin & Barneby","FABACEAE Chamaecrista nictitans subsp. patellaria (DC. ex Collad.) H.S.Irwin & Barneby","118245","GBIF","UEC","Bertoncini, A.P.","981","Native","Ouro","Low",,
"ÁREA DE PROTEÇÃO AMBIENTAL RIO BATALHA","Angiosperms","Fabaceae","Clitoria","ternatea","L.","FABACEAE Clitoria ternatea L.",,"GBIF",,,,"Naturalized","Latão","Low",,
"ÁREA DE PROTEÇÃO AMBIENTAL RIO BATALHA","Angiosperms","Fabaceae","Copaifera","langsdorffii","Desf.","FABACEAE Copaifera langsdorffii Desf.","21492","Splink","SINBIOTA",,,"Native","Latão","High",,"Horto Florestal Aimorés"
"ÁREA DE PROTEÇÃO AMBIENTAL RIO BATALHA","Angiosperms","Fabaceae","Crotalaria","lanceolata","E.Mey.","FABACEAE Crotalaria lanceolata E.Mey.","118131","GBIF","UEC","Bertoncini, A.P.","977","Naturalized","Ouro","Low","https://images.cria.org.br/viewer/UEC151981",
"ÁREA DE PROTEÇÃO AMBIENTAL RIO BATALHA","Angiosperms","Fabaceae","Crotalaria","pallida","Aiton","FABACEAE Crotalaria pallida Aiton",,"GBIF",,,,"Naturalized","Latão","Low",,
"ÁREA DE PROTEÇÃO AMBIENTAL RIO BATALHA","Angiosperms","Fabaceae","Dalbergia","ecastaphyllum","(L.) Taub.","FABACEAE Dalbergia ecastaphyllum (L.) Taub.","66506","GBIF","R","Brade, A.C.","12010","Native","Ouro","Low",,
"ÁREA DE PROTEÇÃO AMBIENTAL RIO BATALHA","Angiosperms","Fabaceae","Dalbergia","frutescens","(Vell.) Britton","FABACEAE Dalbergia frutescens (Vell.) Britton","1640","Splink","UNBA",,,"Native","Bronze","Medium",,"fazenda Santa Rita"
"ÁREA DE PROTEÇÃO AMBIENTAL RIO BATALHA","Angiosperms","Fabaceae","Desmodium","barbatum","(L.) Benth.","FABACEAE Desmodium barbatum (L.) Benth.","118191","GBIF","UEC","Bertoncini, A.P.","1002","Native","Ouro","Low",,
"ÁREA DE PROTEÇÃO AMBIENTAL RIO BATALHA","Angiosperms","Fabaceae","Desmodium","distortum","(Aubl.) J.F.Macbr.","FABACEAE Desmodium distortum (Aubl.) J.F.Macbr.","ESA096442","GBIF","ESA","Bertoncini, A.P.","1012","Native","Ouro","Low","jbrj-public.s3-sa-east-1.amazonaws.com/fsi/server?type=image&source=DZI/esa/esa/0/9/64/42/esa00096442.dzi",
"ÁREA DE PROTEÇÃO AMBIENTAL RIO BATALHA","Angiosperms","Fabaceae","Desmodium","incanum","(Sw.) DC.","FABACEAE Desmodium incanum (Sw.) DC.","118183","GBIF","UEC","Bertoncini, A.P.","984","Naturalized","Ouro","Low","https://images.cria.org.br/viewer/UEC030828","Aldeia Guarani"
"ÁREA DE PROTEÇÃO AMBIENTAL RIO BATALHA","Angiosperms","Fabaceae","Enterolobium","contortisiliquum","(Vell.) Morong","FABACEAE Enterolobium contortisiliquum (Vell.) Morong","1695","Splink","UNBA",,,"Native","Bronze","Medium",,"fazenda Santa Rita"
"ÁREA DE PROTEÇÃO AMBIENTAL RIO BATALHA","Angiosperms","Fabaceae","Eriosema","crinitum","(Kunth) G.Don","FABACEAE Eriosema crinitum (Kunth) G.Don","20097","GBIF","BOTU","Assis-Camargo, P.F.B.P.","530","Native","Bronze","Medium",,"Fazenda Santa Rita, Borda da mata."
"ÁREA DE PROTEÇÃO AMBIENTAL RIO BATALHA","Angiosperms","Fabaceae","Galactia","latisiliqua","Desv.","FABACEAE Galactia latisiliqua Desv.","MBM00442787","GBIF","MBM","Tomazi, A.","136","Native","Ouro","Low","jbrj-public.s3-sa-east-1.amazonaws.com/fsi/server?type=image&source=DZI/mbm/mbm/0/44/27/87/mbm00442787.dzi","Ferrovia Bauru-Tupã"
"ÁREA DE PROTEÇÃO AMBIENTAL RIO BATALHA","Angiosperms","Fabaceae","Hymenaea","courbaril","L.","FABACEAE Hymenaea courbaril L.","118126","GBIF","UEC","Bertoncini, A.P.","816","Native","Latão","Low",,"Aldeia Guarani, Floresta Estacional Semidecidual Submontana perturbana."
"ÁREA DE PROTEÇÃO AMBIENTAL RIO BATALHA","Angiosperms","Fabaceae","Inga","laurina","(Sw.) Willd.","FABACEAE Inga laurina (Sw.) Willd.","31679","GBIF","IAC","Arbocz, G.","267","Native","Bronze","High",,"Horto Florestal"
"ÁREA DE PROTEÇÃO AMBIENTAL RIO BATALHA","Angiosperms","Fabaceae","Inga","marginata","Willd.","FABACEAE Inga marginata Willd.","2096","Splink","UNBA",,,"Native","Ouro","Low",,"Aldeia Guarani"
"ÁREA DE PROTEÇÃO AMBIENTAL RIO BATALHA","Angiosperms","Fabaceae","Inga","striata","Benth.","FABACEAE Inga striata Benth.","2149","Splink","UNBA",,,"Native","Ouro","Low",,"Aldeia Guarani"
"ÁREA DE PROTEÇÃO AMBIENTAL RIO BATALHA","Angiosperms","Fabaceae","Inga","vera","Willd.","FABACEAE Inga vera Willd.","334548","GBIF","SP","Miranda, L.C.","269","Native","Latão","Low","https://images.cria.org.br/viewer/SP025468","Mata Ciliar, rio Batalha"
"ÁREA DE PROTEÇÃO AMBIENTAL RIO BATALHA","Angiosperms","Fabaceae","Leucaena","leucocephala","(Lam.) de Wit","FABACEAE Leucaena leucocephala (Lam.) de Wit",,"GBIF",,,,"Naturalized","Latão","Low",,
"ÁREA DE PROTEÇÃO AMBIENTAL RIO BATALHA","Angiosperms","Fabaceae","Lonchocarpus","cultratus","(Vell.) A.M.G.Azevedo & H.C.Lima","FABACEAE Lonchocarpus cultratus (Vell.) A.M.G.Azevedo & H.C.Lima","43664","GBIF","FUEL","Souza, F.M.","1001","Native","Prata","High",,"Estação Ecológica de Bauru"
"ÁREA DE PROTEÇÃO AMBIENTAL RIO BATALHA","Angiosperms","Fabaceae","Machaerium","aculeatum","Raddi","FABACEAE Machaerium aculeatum Raddi",,"GBIF",,,,"Native","Latão","Low",,
"ÁREA DE PROTEÇÃO AMBIENTAL RIO BATALHA","Angiosperms","Fabaceae","Machaerium","brasiliense","Vogel","FABACEAE Machaerium brasiliense Vogel","6077","GBIF","LUSC","Colletta, G.D.","586","Native","Ouro","Low","https://images.cria.org.br/viewer/LUSC003654","Estrada Municipal Piratininga- Cabrália Paulista, próximo a Faz. São José. Floresta Estacional Semidecidual."
"ÁREA DE PROTEÇÃO AMBIENTAL RIO BATALHA","Angiosperms","Fabaceae","Machaerium","hirtum","(Vell.) Stellfeld","FABACEAE Machaerium hirtum (Vell.) Stellfeld","98848","GBIF","UEC","Assis, P.F.","367","Native","Bronze","Medium","https://images.cria.org.br/viewer/UEC159562","Fazenda Santa Rita"
"ÁREA DE PROTEÇÃO AMBIENTAL RIO BATALHA","Angiosperms","Fabaceae","Machaerium","nyctitans","(Vell.) Benth.","FABACEAE Machaerium nyctitans (Vell.) Benth.","1987","GBIF","BOTU","Assis-Camargo, P.F.A.J.F.","528","Native","Ouro","Medium",,"Fazenda Santa Rita, Interior da mata. Topo."
"ÁREA DE PROTEÇÃO AMBIENTAL RIO BATALHA","Angiosperms","Fabaceae","Machaerium","scleroxylon","Tul.","FABACEAE Machaerium scleroxylon Tul.","1988","GBIF","BOTU","Assis-Camargo, P.F.","506","Native","Bronze","Medium",,"Fazenda Santa Rita, Borda da mata - topo."
"ÁREA DE PROTEÇÃO AMBIENTAL RIO BATALHA","Angiosperms","Fabaceae","Machaerium","stipitatum","Vogel","FABACEAE Machaerium stipitatum Vogel","1992","GBIF","BOTU","Assis-Camargo, P.F.A.J.F.","532","Native","Bronze","Medium",,"Fazenda Santa Rita, Borda da mata."
"ÁREA DE PROTEÇÃO AMBIENTAL RIO BATALHA","Angiosperms","Fabaceae","Melilotus","indicus","(L.) All.","FABACEAE Melilotus indicus (L.) All.","ICN00024744","Splink","ICN",,"s.n.","Naturalized","Ouro","Low",,"Estação Engenheiro Hermillo estrada de ferro Sorocabana"
"ÁREA DE PROTEÇÃO AMBIENTAL RIO BATALHA","Angiosperms","Fabaceae","Mimosa","pudica","L.","FABACEAE Mimosa pudica L.","1698","Splink","UNBA",,,"Native","Bronze","Medium",,"Fazenda Santa Rita"
"ÁREA DE PROTEÇÃO AMBIENTAL RIO BATALHA","Angiosperms","Fabaceae","Mimosa","xanthocentra","Mart.","FABACEAE Mimosa xanthocentra var. xanthocentra Mart.","97464","GBIF","UEC","Christianini, S.R.","363","Native","Ouro","Medium",,"Fazenda Santa Rita, Borda da mata."
"ÁREA DE PROTEÇÃO AMBIENTAL RIO BATALHA","Angiosperms","Fabaceae","Muellera","campestris","(Mart. ex Benth.) M.J. Silva & A.M.G. Azevedo","FABACEAE Muellera campestris (Mart. ex Benth.) M.J. Silva & A.M.G. Azevedo","39911","GBIF","SPSF","Souza, F.M.","1001","Native","Prata","High",,"Estação Ecológica de Bauru"
"ÁREA DE PROTEÇÃO AMBIENTAL RIO BATALHA","Angiosperms","Fabaceae","Myroxylon","peruiferum","L.f.","FABACEAE Myroxylon peruiferum L.f.","SPSF00014469","Splink","SPSF",,"48","Native","Ouro","High",,"Estação Ecológica de Bauru"
"ÁREA DE PROTEÇÃO AMBIENTAL RIO BATALHA","Angiosperms","Fabaceae","Parapiptadenia","rigida","(Benth.) Brenan","FABACEAE Parapiptadenia rigida (Benth.) Brenan","308516","GBIF","SP","Assis, P.F.","345","Native","Ouro","Medium",,"Fazenda Santa Rita"
"ÁREA DE PROTEÇÃO AMBIENTAL RIO BATALHA","Angiosperms","Fabaceae","Piptadenia","gonoacantha","(Mart.) J.F.Macbr.","FABACEAE Piptadenia gonoacantha (Mart.) J.F.Macbr.","SPSF00019388","Splink","SPSF",,"3255","Native","Ouro","Low",,"Estação Ecológica Caetetus, mata mesófila semidecidua."
"ÁREA DE PROTEÇÃO AMBIENTAL RIO BATALHA","Angiosperms","Fabaceae","Platypodium","elegans","Vogel","FABACEAE Platypodium elegans Vogel","118216","GBIF","UEC","Bertoncini, A.P.","1068","Native","Ouro","Low","https://images.cria.org.br/viewer/UEC178374",
"ÁREA DE PROTEÇÃO AMBIENTAL RIO BATALHA","Angiosperms","Fabaceae","Pterogyne","nitens","Tul.","FABACEAE Pterogyne nitens Tul.","308515","GBIF","SP","Assis, P.F.","240","Native","Bronze","Medium","https://images.cria.org.br/viewer/SP024826","Fazenda Santa Rita, área degradada"
"ÁREA DE PROTEÇÃO AMBIENTAL RIO BATALHA","Angiosperms","Fabaceae","Rhynchosia","phaseoloides","(Sw.) DC.","FABACEAE Rhynchosia phaseoloides (Sw.) DC.","71605","GBIF","UEC","Pirani, J.R.","s.n.","Native","Ouro","Low",,"Estação Ecológica de Caetetus (Estação E"
"ÁREA DE PROTEÇÃO AMBIENTAL RIO BATALHA","Angiosperms","Fabaceae","Senegalia","loretensis","(J.F.Macbr.) Seigler & Ebinger","FABACEAE Senegalia loretensis (J.F.Macbr.) Seigler & Ebinger","179882","GBIF","UEC","Colletta, G.D.","605","Native","Ouro","Low","https://images.cria.org.br/viewer/UEC042655","Sítio Lagoa Azul, Mata em volta da represa"
"ÁREA DE PROTEÇÃO AMBIENTAL RIO BATALHA","Angiosperms","Fabaceae","Senegalia","parviceps","(Speg.) Seigler & Ebinger","FABACEAE Senegalia parviceps (Speg.) Seigler & Ebinger","071610","GBIF","UEC","Pirani, J.R.","3265","Native","Ouro","Low","https://images.cria.org.br/viewer/UEC080845","BRASIL; SÃO PAULO; Mun. Gália. Estação Ecológica de Caetetus (Estação Ecológica Olavo Amaral Ferraz)."
"ÁREA DE PROTEÇÃO AMBIENTAL RIO BATALHA","Angiosperms","Fabaceae","Senegalia","polyphylla","(DC.) Britton & Rose","FABACEAE Senegalia polyphylla (DC.) Britton & Rose","1686","Splink","UNBA",,,"Native","Prata","Medium",,"Município de Agudos, fazenda Santa Rita."
"ÁREA DE PROTEÇÃO AMBIENTAL RIO BATALHA","Angiosperms","Fabaceae","Senna","bicapsularis","(L.) Roxb.","FABACEAE Senna bicapsularis (L.) Roxb.","334599","GBIF","SP","Miranda, L.C.","80","Unknown","Bronze","Low","https://images.cria.org.br/viewer/SP024866","Rio Batalha, mata ciliar, magem esquerda, dique"
"ÁREA DE PROTEÇÃO AMBIENTAL RIO BATALHA","Angiosperms","Fabaceae","Senna","obtusifolia","(L.) H.S.Irwin & Barneby","FABACEAE Senna obtusifolia (L.) H.S.Irwin & Barneby","118192","GBIF","UEC","Bertoncini, A.P.","1095","Native","Ouro","Low",,
"ÁREA DE PROTEÇÃO AMBIENTAL RIO BATALHA","Angiosperms","Fabaceae","Senna","pendula","(Humb.& Bonpl.ex Willd.) H.S.Irwin & Barneby","FABACEAE Senna pendula (Humb.& Bonpl.ex Willd.) H.S.Irwin & Barneby","7041","GBIF","LUSC","Colletta, G.D.","619","Native","Ouro","Low","https://images.cria.org.br/viewer/LUSC004065","Sítio Lagoa Azul, Mata em volta da represa. Floresta Estacional Semidecidual."
"ÁREA DE PROTEÇÃO AMBIENTAL RIO BATALHA","Angiosperms","Fabaceae","Sesbania",,"Scop.","FABACEAE Sesbania Scop.","MAC0058306","GBIF","MAC","Colletta, G.D.","575",,"Ouro","Low","jbrj-public.s3-sa-east-1.amazonaws.com/fsi/server?type=image&source=DZI/mac/mac/0/5/83/6/mac00058306.dzi","Sítio Lagoa Azul, Mata em volta da represa."
"ÁREA DE PROTEÇÃO AMBIENTAL RIO BATALHA","Angiosperms","Fabaceae","Stryphnodendron","adstringens","(Mart.) Coville","FABACEAE Stryphnodendron adstringens (Mart.) Coville","179884","GBIF","UEC","Colletta, G.D.","593","Native","Ouro","Low","https://images.cria.org.br/viewer/UEC031473","Estrada Municipal Piratininga - Cabrália Paulista, próximo a Fazenda São José."
"ÁREA DE PROTEÇÃO AMBIENTAL RIO BATALHA","Angiosperms","Fabaceae","Stryphnodendron","rotundifolium","Mart.","FABACEAE Stryphnodendron rotundifolium Mart.","39902","GBIF","SPSF","Souza, F.M.","992","Native","Prata","High",,"Estação Ecológica de Bauru"
"ÁREA DE PROTEÇÃO AMBIENTAL RIO BATALHA","Angiosperms","Fabaceae","Stylosanthes","gracilis","Kunth","FABACEAE Stylosanthes gracilis Kunth","CEN00040641","Splink","CEN",,"3050","Native","Bronze","Low",,"Rod. Marília - Bauru, canteiro central da rodovia, em frente da entrada da faz. Lima."
"ÁREA DE PROTEÇÃO AMBIENTAL RIO BATALHA","Angiosperms","Fabaceae","Stylosanthes","pubescens","(Pilger) Gissi","FABACEAE Stylosanthes pubescens (Pilger) Gissi","40642","GBIF","CEN","Costa, N.M.S.","3051","Native","Bronze","Low","https://images.cria.org.br/viewer/CEN00040642","Rod. Marília - Bauru km 374,5, canteiro central da rodovia, em frente da entrada para a faz. Lima."
"ÁREA DE PROTEÇÃO AMBIENTAL RIO BATALHA","Angiosperms","Fabaceae","Stylosanthes","viscosa","(L.) Sw.","FABACEAE Stylosanthes viscosa (L.) Sw.","CEN00040643","Splink","CEN",,"3052","Native","Bronze","Low",,"Rod. Marília - Bauru km 374,5."
"ÁREA DE PROTEÇÃO AMBIENTAL RIO BATALHA","Angiosperms","Fabaceae","Tachigali","paniculata","Aubl.","FABACEAE Tachigali paniculata Aubl.","78181","GBIF","UEC","Passos, F.C.","FP51","Native","Bronze","Low","https://images.cria.org.br/viewer/UEC026592","Est. Ecol. dos Caetetus."
"ÁREA DE PROTEÇÃO AMBIENTAL RIO BATALHA","Angiosperms","Fabaceae","Tipuana","tipu","(Benth.) Kuntze","FABACEAE Tipuana tipu (Benth.) Kuntze","2037","GBIF","BOTU","Assis-Camargo, P.F.C.L.","432","Cultivated","Ouro","Medium",,"Fazenda Santa Rita"
"ÁREA DE PROTEÇÃO AMBIENTAL RIO BATALHA","Angiosperms","Fabaceae","Vachellia","farnesiana","(L.) Wight & Arn.","FABACEAE Vachellia farnesiana (L.) Wight & Arn.","46543","GBIF","VIC","Alves, V.B.","5","Native","Bronze","Low","https://images.cria.org.br/viewer/VIC046543","Aldeia Indígena Araribá"
"ÁREA DE PROTEÇÃO AMBIENTAL RIO BATALHA","Angiosperms","Gesneriaceae","Nematanthus","fluminensis","(Vell.) Fritsch","GESNERIACEAE Nematanthus fluminensis (Vell.) Fritsch","36107","GBIF","HRCB","Dittrich, V.A.O.","905","Native","Bronze","Low",,"Núcleo Sta Virgínia PESM"
"ÁREA DE PROTEÇÃO AMBIENTAL RIO BATALHA","Angiosperms","Gesneriaceae","Sinningia","speciosa","(Lodd.) Hiern.","GESNERIACEAE Sinningia speciosa (Lodd.) Hiern.",,"GBIF",,,,"Native","Latão","Low",,
"ÁREA DE PROTEÇÃO AMBIENTAL RIO BATALHA","Angiosperms","Heliconiaceae","Heliconia","psittacorum","L.f.","HELICONIACEAE Heliconia psittacorum L.f.","104408442","GBIF","Observations","Flavioubaid",,"Native","Bronze","Low",,"Avaí - SP, 16680-000, Brasil"
"ÁREA DE PROTEÇÃO AMBIENTAL RIO BATALHA","Angiosperms","Heliotropiaceae","Heliotropium","indicum","L.","HELIOTROPIACEAE Heliotropium indicum L.",,"GBIF",,,,"Native","Latão","Low",,
"ÁREA DE PROTEÇÃO AMBIENTAL RIO BATALHA","Angiosperms","Heliotropiaceae","Heliotropium","transalpinum","Vell.","HELIOTROPIACEAE Heliotropium transalpinum Vell.","ESA096471","GBIF","ESA","Bertoncini, A.P.","1032","Native","Ouro","Low","jbrj-public.s3-sa-east-1.amazonaws.com/fsi/server?type=image&source=DZI/esa/esa/0/9/64/71/esa00096471.dzi",
"ÁREA DE PROTEÇÃO AMBIENTAL RIO BATALHA","Angiosperms","Heliotropiaceae","Myriopus","maculatus","(Jacq.) Feuillet","HELIOTROPIACEAE Myriopus maculatus (Jacq.) Feuillet","39906","GBIF","SPSF","Souza, F.M.","996","Native","Prata","High",,"Estação Ecológica de Bauru"
"ÁREA DE PROTEÇÃO AMBIENTAL RIO BATALHA","Angiosperms","Heliotropiaceae","Myriopus","paniculatus","(Cham.) Feuillet","HELIOTROPIACEAE Myriopus paniculatus (Cham.) Feuillet","118117","GBIF","UEC","Bertoncini, A.P.","957","Native","Ouro","Low","https://images.cria.org.br/viewer/UEC078573","Aldeia Guarani"
"ÁREA DE PROTEÇÃO AMBIENTAL RIO BATALHA","Angiosperms","Heliotropiaceae","Myriopus","rubicundus","(Salzm. ex DC.) Luebert","HELIOTROPIACEAE Myriopus rubicundus (Salzm. ex DC.) Luebert","43769","GBIF","FUEL","Souza, F.M.","996","Native","Prata","High",,"Estação Ecológica de Bauru"
"ÁREA DE PROTEÇÃO AMBIENTAL RIO BATALHA","Ferns and Lycophytes","Hymenophyllaceae","Polyphlebium","angustatum","(Carmich.) Ebihara & Dubuisson","HYMENOPHYLLACEAE Polyphlebium angustatum (Carmich.) Ebihara & Dubuisson","140586","GBIF","UEC","Breier, T.B.","893","Native","Bronze","Low","https://images.cria.org.br/viewer/UEC062708","Estação Ecológica Caetetus, Trilha da parcela."
"ÁREA DE PROTEÇÃO AMBIENTAL RIO BATALHA","Angiosperms","Lacistemataceae","Lacistema","hasslerianum","Chodat","LACISTEMATACEAE Lacistema hasslerianum Chodat","2141","Splink","UNBA",,,"Native","Ouro","Low",,"Aldeia Guarani"
"ÁREA DE PROTEÇÃO AMBIENTAL RIO BATALHA","Angiosperms","Lamiaceae","Aegiphila","integrifolia","(Jacq.) Moldenke","LAMIACEAE Aegiphila integrifolia (Jacq.) Moldenke","UEC168133","Splink","UEC",,"FP117","Native","Ouro","Low",,"Est. Ecol. dos Caetetus."
"ÁREA DE PROTEÇÃO AMBIENTAL RIO BATALHA","Angiosperms","Lamiaceae","Hyptis",,"Jacq.","LAMIACEAE Hyptis Jacq.","118177","GBIF","UEC","Bertoncini, A.P.","1150",,"Prata","Low","https://images.cria.org.br/viewer/UEC048991","Aldeia Guarani."
"ÁREA DE PROTEÇÃO AMBIENTAL RIO BATALHA","Angiosperms","Lamiaceae","Marsypianthes",,"Mart. ex Benth.","LAMIACEAE Marsypianthes Mart. ex Benth.","2034","Splink","UNBA",,,,"Prata","Low",,"Brasil, Avaí (SP), aldeia Guarani; 22º10', 22º20'S, 49º19', 49º23'W"
"ÁREA DE PROTEÇÃO AMBIENTAL RIO BATALHA","Angiosperms","Lamiaceae","Ocimum","basilicum","L.","LAMIACEAE Ocimum basilicum L.",,"GBIF",,,,"Cultivated","Latão","Low",,
"ÁREA DE PROTEÇÃO AMBIENTAL RIO BATALHA","Angiosperms","Lauraceae","Nectandra","cuspidata","Nees","LAURACEAE Nectandra cuspidata Nees","78191","GBIF","UEC","Passos, F.C.","FP6","Native","Ouro","Low","https://images.cria.org.br/viewer/UEC095069","Estação Ecológica de Caetetus."
"ÁREA DE PROTEÇÃO AMBIENTAL RIO BATALHA","Angiosperms","Lauraceae","Nectandra","grandiflora","Nees & Mart","LAURACEAE Nectandra grandiflora Nees & Mart","RB00738735","GBIF","RB","Colletta, G.D.","587","Native","Ouro","Low","jbrj-public-img.s3-sa-east-1.amazonaws.com/JPG/rb/0/73/87/35/00738735.jpg","Estrada Municipal Piratininga - Cabrália Paulista, próximo a Faz. São José. Floresta Estaciona Semidecidual."
"ÁREA DE PROTEÇÃO AMBIENTAL RIO BATALHA","Angiosperms","Lauraceae","Nectandra","lanceolata","Nees","LAURACEAE Nectandra lanceolata Nees","RB01386493","GBIF","RB","Maruyama, A.","983","Native","Ouro","Low","jbrj-public-img.s3-sa-east-1.amazonaws.com/JPG/rb/1/38/64/93/01386493.jpg","Próximo ao contorno da Rodovia Marechal Rondon e adjunto ao Recanto Shinohara"
"ÁREA DE PROTEÇÃO AMBIENTAL RIO BATALHA","Angiosperms","Lauraceae","Nectandra","megapotamica","(Spreng.) Mez","LAURACEAE Nectandra megapotamica (Spreng.) Mez","39915","GBIF","SPSF","Souza, F.M.","1005","Native","Prata","High",,"Estação Ecológica de Bauru"
"ÁREA DE PROTEÇÃO AMBIENTAL RIO BATALHA","Angiosperms","Lauraceae","Ocotea","corymbosa","(Meisn.) Mez","LAURACEAE Ocotea corymbosa (Meisn.) Mez","RB00738639","GBIF","RB","Colletta, G.D.","577","Native","Ouro","Low","jbrj-public-img.s3-sa-east-1.amazonaws.com/JPG/rb/0/73/86/39/00738639.jpg","Sítio Lagoa Azul, Mata em volta da represa. Floresta Estacional Semidecidual."
"ÁREA DE PROTEÇÃO AMBIENTAL RIO BATALHA","Angiosperms","Lauraceae","Ocotea","indecora","(Schott) Mez","LAURACEAE Ocotea indecora (Schott) Mez","78182","GBIF","UEC","Passos, F.C.","FP53","Native","Ouro","Low","https://images.cria.org.br/viewer/UEC137574","Ecol. dos Caetetus."
"ÁREA DE PROTEÇÃO AMBIENTAL RIO BATALHA","Angiosperms","Lauraceae","Ocotea","prolifera","(Nees & Mart.) Mez","LAURACEAE Ocotea prolifera (Nees & Mart.) Mez","79175","GBIF","UEC","Passos, F.C.","FP64","Native","Ouro","Low","https://images.cria.org.br/viewer/UEC138539","Est. Ecol. dos Caetetus"
"ÁREA DE PROTEÇÃO AMBIENTAL RIO BATALHA","Angiosperms","Lauraceae","Ocotea","pulchella","(Nees & Mart.) Mez","LAURACEAE Ocotea pulchella (Nees & Mart.) Mez","262183","GBIF","SP","Lorenzi, H.","s.n.","Native","Ouro","High",,"Horto Florestal de Bauru"
"ÁREA DE PROTEÇÃO AMBIENTAL RIO BATALHA","Angiosperms","Lauraceae","Ocotea","velloziana","(Meisn.) Mez","LAURACEAE Ocotea velloziana (Meisn.) Mez","SPSF00026145","Splink","SPSF",,"921","Native","Ouro","Low",,"aldeira Guarani."
"ÁREA DE PROTEÇÃO AMBIENTAL RIO BATALHA","Angiosperms","Lauraceae","Ocotea","velutina","(Nees) Rohwer","LAURACEAE Ocotea velutina (Nees) Rohwer","HRCB078366","Splink","HRCB",,"617","Native","Ouro","Low",,
"ÁREA DE PROTEÇÃO AMBIENTAL RIO BATALHA","Angiosperms","Lauraceae","Persea","venosa","Nees & Mart.","LAURACEAE Persea venosa Nees & Mart.","RB01444896","GBIF","RB","Piazza, M.","99","Native","Ouro","Low","jbrj-public-img.s3-sa-east-1.amazonaws.com/JPG/rb/1/44/48/96/01444896.jpg",
"ÁREA DE PROTEÇÃO AMBIENTAL RIO BATALHA","Angiosperms","Lecythidaceae","Cariniana","estrellensis","(Raddi) Kuntze","LECYTHIDACEAE Cariniana estrellensis (Raddi) Kuntze","118174","GBIF","UEC","Bertoncini, A.P.","821","Native","Bronze","Low","https://images.cria.org.br/viewer/UEC095867","Aldeia Guarani."
"ÁREA DE PROTEÇÃO AMBIENTAL RIO BATALHA","Angiosperms","Loganiaceae","Strychnos","brasiliensis","(Spreng.) Mart.","LOGANIACEAE Strychnos brasiliensis (Spreng.) Mart.","118100","GBIF","UEC","Bertoncini, A.P.","817","Native","Bronze","Low","https://images.cria.org.br/viewer/UEC079882","Aldeia Guarani.&nf;Floresta Estacional Semidecidual Submontana perturbada."
"ÁREA DE PROTEÇÃO AMBIENTAL RIO BATALHA","Angiosperms","Loranthaceae","Struthanthus","rhynchophyllus","Eichler","LORANTHACEAE Struthanthus rhynchophyllus Eichler","334580","GBIF","SP","Miranda, L.C.","83","Native","Bronze","Low",,
"ÁREA DE PROTEÇÃO AMBIENTAL RIO BATALHA","Angiosperms","Lythraceae","Lafoensia","pacari","A.St.-Hil.","LYTHRACEAE Lafoensia pacari A.St.-Hil.","RB00784735","GBIF","RB","Colleta, G.D.","590","Native","Ouro","Low","jbrj-public-img.s3-sa-east-1.amazonaws.com/JPG/rb/0/78/47/35/00784735.jpg","Estrada Municipal Piratininga- Cabrália Paulista, próximo a Faz.São José"
"ÁREA DE PROTEÇÃO AMBIENTAL RIO BATALHA","Angiosperms","Malpighiaceae","Alicia","anisopetala","(A.Juss.) W.R.Anderson","MALPIGHIACEAE Alicia anisopetala (A.Juss.) W.R.Anderson","78188","GBIF","UEC","Passos, F.C.","FP2","Native","Ouro","Low","https://images.cria.org.br/viewer/UEC037860","Est. Ecol. Dos Caetetus."
"ÁREA DE PROTEÇÃO AMBIENTAL RIO BATALHA","Angiosperms","Malpighiaceae","Banisteriopsis","muricata","(Cav.) Cuatrec.","MALPIGHIACEAE Banisteriopsis muricata (Cav.) Cuatrec.","338427","GBIF","SP","Assis, P.F.","353","Native","Ouro","Medium",,"Fazenda Santa Rita"
"ÁREA DE PROTEÇÃO AMBIENTAL RIO BATALHA","Angiosperms","Malpighiaceae","Banisteriopsis","oxyclada","(A.Juss.) B.Gates","MALPIGHIACEAE Banisteriopsis oxyclada (A.Juss.) B.Gates","2277","GBIF","BOTU","Assis-Camargo, P.F.C.R.","70","Native","Ouro","Medium",,"Fazenda Santa Rita"
"ÁREA DE PROTEÇÃO AMBIENTAL RIO BATALHA","Angiosperms","Malpighiaceae","Byrsonima","crassifolia","(L.) Kunth","MALPIGHIACEAE Byrsonima crassifolia (L.) Kunth","MBM00442776","GBIF","MBM","Tomazi, A.","125","Native","Ouro","Low","jbrj-public.s3-sa-east-1.amazonaws.com/fsi/server?type=image&source=DZI/mbm/mbm/0/44/27/76/mbm00442776.dzi","Ferrovia Bauru-Tupã"
"ÁREA DE PROTEÇÃO AMBIENTAL RIO BATALHA","Angiosperms","Malpighiaceae","Byrsonima","laxiflora","Griseb.","MALPIGHIACEAE Byrsonima laxiflora Griseb.","470818","GBIF","SP","Colleta, G.D.","554","Native","Ouro","Low",,"Sítio lagoa Azul. Mata em volta da represa"
"ÁREA DE PROTEÇÃO AMBIENTAL RIO BATALHA","Angiosperms","Malpighiaceae","Carolus","chlorocarpus","(A.Juss.) W.R.Anderson","MALPIGHIACEAE Carolus chlorocarpus (A.Juss.) W.R.Anderson","385253","GBIF","SP","Camargo, P.F.A.","514","Native","Bronze","Medium","https://images.cria.org.br/viewer/SP017239","Fazenda Santa Rita"
"ÁREA DE PROTEÇÃO AMBIENTAL RIO BATALHA","Angiosperms","Malpighiaceae","Dicella","bracteosa","(A.Juss.) Griseb.","MALPIGHIACEAE Dicella bracteosa (A.Juss.) Griseb.","345896","GBIF","SP","Bertoncini, A.P.","979","Native","Ouro","Low",,
"ÁREA DE PROTEÇÃO AMBIENTAL RIO BATALHA","Angiosperms","Malpighiaceae","Diplopterys","lutea","(Griseb.) W.R.Anderson & C.C.Davis","MALPIGHIACEAE Diplopterys lutea (Griseb.) W.R.Anderson & C.C.Davis","338428","GBIF","SP","Assis, P.F.","265","Native","Ouro","Medium",,"Fazenda Santa Rita. Borda de mata"
"ÁREA DE PROTEÇÃO AMBIENTAL RIO BATALHA","Angiosperms","Malpighiaceae","Diplopterys","pubipetala","(A.Juss.) W.R.Anderson & C.C.Davis","MALPIGHIACEAE Diplopterys pubipetala (A.Juss.) W.R.Anderson & C.C.Davis","118144","GBIF","UEC","Bertoncini, A.P.","844","Native","Ouro","Low",,
"ÁREA DE PROTEÇÃO AMBIENTAL RIO BATALHA","Angiosperms","Malpighiaceae","Heteropterys","argyrophaea","A.Juss.","MALPIGHIACEAE Heteropterys argyrophaea A.Juss.","366596","GBIF","SP","Assis, P.F.","507","Native","Ouro","Medium","https://images.cria.org.br/viewer/SP017803","Fazenda Santa Rita"
"ÁREA DE PROTEÇÃO AMBIENTAL RIO BATALHA","Angiosperms","Malpighiaceae","Heteropterys","eglandulosa","A.Juss.","MALPIGHIACEAE Heteropterys eglandulosa A.Juss.","338423","GBIF","SP","Miranda, L.C.","265","Native","Ouro","Low",,"Mata do rio Batalha"
"ÁREA DE PROTEÇÃO AMBIENTAL RIO BATALHA","Angiosperms","Malpighiaceae","Heteropterys","intermedia","(A.Juss.) Griseb.","MALPIGHIACEAE Heteropterys intermedia (A.Juss.) Griseb.","157856","GBIF","UEC","Passos, F.C.","FP100","Native","Ouro","Low","https://images.cria.org.br/viewer/UEC076021","Est. Ecol. dos Caetetus"
"ÁREA DE PROTEÇÃO AMBIENTAL RIO BATALHA","Angiosperms","Malpighiaceae","Hiraea","fagifolia","(DC.) A.Juss.","MALPIGHIACEAE Hiraea fagifolia (DC.) A.Juss.","338424","GBIF","SP","Miranda, L.C.","319","Native","Ouro","Low",,"Mata rupícola do rio Batalha"
"ÁREA DE PROTEÇÃO AMBIENTAL RIO BATALHA","Angiosperms","Malpighiaceae","Mascagnia","cordifolia","(A.Juss.) Griseb.","MALPIGHIACEAE Mascagnia cordifolia (A.Juss.) Griseb.","345905","GBIF","SP","Bertoncini, A.P.","1059","Native","Ouro","Low","https://images.cria.org.br/viewer/SP019812","Aldeia Guarani"
"ÁREA DE PROTEÇÃO AMBIENTAL RIO BATALHA","Angiosperms","Malpighiaceae","Niedenzuella","acutifolia","(Cav.) W.R.Anderson","MALPIGHIACEAE Niedenzuella acutifolia (Cav.) W.R.Anderson","118145","GBIF","UEC","Bertoncini, A.P.","865","Native","Ouro","Low",,
"ÁREA DE PROTEÇÃO AMBIENTAL RIO BATALHA","Angiosperms","Malpighiaceae","Niedenzuella","multiglandulosa","(A.Juss.) W.R.Anderson","MALPIGHIACEAE Niedenzuella multiglandulosa (A.Juss.) W.R.Anderson","118143","GBIF","UEC","Bertoncini, A.P.","828","Native","Ouro","Low",,
"ÁREA DE PROTEÇÃO AMBIENTAL RIO BATALHA","Angiosperms","Malpighiaceae","Tetrapterys","phlomoides","(Spreng.) Nied.","MALPIGHIACEAE Tetrapterys phlomoides (Spreng.) Nied.","80736","GBIF","UEC","Passos, F.C.","103","Native","Ouro","Low",,"Est. Ecol. Dos Caetetus."
"ÁREA DE PROTEÇÃO AMBIENTAL RIO BATALHA","Angiosperms","Malpighiaceae","Tetrapterys","xylosteifolia","A.Juss.","MALPIGHIACEAE Tetrapterys xylosteifolia A.Juss.","338425","GBIF","SP","Assis, P.F.","370","Native","Ouro","Medium","https://images.cria.org.br/viewer/SP022064","Fazenda Santa Rita"
"ÁREA DE PROTEÇÃO AMBIENTAL RIO BATALHA","Angiosperms","Malvaceae","Bastardiopsis","densiflora","(Hook. & Arn.) Hassl.","MALVACEAE Bastardiopsis densiflora (Hook. & Arn.) Hassl.","308511","GBIF","SP","Assis, P.F.","229","Native","Bronze","Medium",,"Fazenda Santa Rita"
"ÁREA DE PROTEÇÃO AMBIENTAL RIO BATALHA","Angiosperms","Malvaceae","Ceiba","speciosa","(A.St.-Hil.) Ravenna","MALVACEAE Ceiba speciosa (A.St.-Hil.) Ravenna","108650","GBIF","UEC","Camargo, P.F.A.","520","Native","Ouro","Medium","https://images.cria.org.br/viewer/UEC002442","Fazenda Santa Rita"
"ÁREA DE PROTEÇÃO AMBIENTAL RIO BATALHA","Angiosperms","Malvaceae","Christiana","macrodon","Toledo","MALVACEAE Christiana macrodon Toledo","345915","GBIF","SP","Bertoncini, A.P.","894","Native","Ouro","Low",,
"ÁREA DE PROTEÇÃO AMBIENTAL RIO BATALHA","Angiosperms","Malvaceae","Eriotheca","gracilipes","(K.Schum.) A.Robyns","MALVACEAE Eriotheca gracilipes (K.Schum.) A.Robyns","845","Splink","SINBIOTA",,,"Native","Latão","High",,"Fazenda Clavinote"
"ÁREA DE PROTEÇÃO AMBIENTAL RIO BATALHA","Angiosperms","Malvaceae","Guazuma","ulmifolia","Lam.","MALVACEAE Guazuma ulmifolia Lam.","3058","GBIF","BOTU","Assis-Camargo, P.F.C.R.","193","Native","Ouro","Medium",,"Fazenda Santa Rita"
"ÁREA DE PROTEÇÃO AMBIENTAL RIO BATALHA","Angiosperms","Malvaceae","Helicteres","lhotzkyana","(Schott & Endl.) K.Schum.","MALVACEAE Helicteres lhotzkyana (Schott & Endl.) K.Schum.","53816","GBIF","SPSF","Durigan, G.","s/n","Native","Prata","Low",,
"ÁREA DE PROTEÇÃO AMBIENTAL RIO BATALHA","Angiosperms","Malvaceae","Heliocarpus","popayanensis","Kunth","MALVACEAE Heliocarpus popayanensis Kunth","HPL009108","Splink","HPL",,"119","Native","Bronze","High",,"Coletada e cultivada no Horto de Bauru."
"ÁREA DE PROTEÇÃO AMBIENTAL RIO BATALHA","Angiosperms","Malvaceae","Luehea","candicans","Mart.","MALVACEAE Luehea candicans Mart.","39899","GBIF","SPSF","Souza, F.M.","989","Native","Prata","High",,"Estação Ecológica de Bauru"
"ÁREA DE PROTEÇÃO AMBIENTAL RIO BATALHA","Angiosperms","Malvaceae","Luehea","divaricata","Mart.","MALVACEAE Luehea divaricata Mart.","334618","GBIF","SP","Miranda, L.C.","469","Native","Ouro","Low",,"margem esquerda do rio Batalha"
"ÁREA DE PROTEÇÃO AMBIENTAL RIO BATALHA","Angiosperms","Malvaceae","Luehea","grandiflora","Mart.","MALVACEAE Luehea grandiflora Mart.","346215","GBIF","SP","Bertoncini, A.P.","1034","Native","Ouro","Low",,
"ÁREA DE PROTEÇÃO AMBIENTAL RIO BATALHA","Angiosperms","Malvaceae","Pavonia","sidifolia","Kunth","MALVACEAE Pavonia sidifolia Kunth","346219","GBIF","SP","Bertoncini, A.P.","1093","Native","Ouro","Low",,
"ÁREA DE PROTEÇÃO AMBIENTAL RIO BATALHA","Angiosperms","Malvaceae","Sida","santaremensis","Mont.","MALVACEAE Sida santaremensis Mont.","346212","GBIF","SP","Bertoncini, A.P.","1013","Native","Ouro","Low",,
"ÁREA DE PROTEÇÃO AMBIENTAL RIO BATALHA","Angiosperms","Malvaceae","Triumfetta","bartramia","L.","MALVACEAE Triumfetta bartramia L.","346217","GBIF","SP","Bertoncini, A.P.","1027","Native","Ouro","Low",,
"ÁREA DE PROTEÇÃO AMBIENTAL RIO BATALHA","Angiosperms","Malvaceae","Waltheria","indica","L.","MALVACEAE Waltheria indica L.","22987","GBIF","SJRP","Bertoncini, A.P.","1029","Native","Ouro","Low","https://images.cria.org.br/viewer/SJRP00007349","aldeia guarani."
"ÁREA DE PROTEÇÃO AMBIENTAL RIO BATALHA","Angiosperms","Melastomataceae","Miconia","chamissois","Naudin","MELASTOMATACEAE Miconia chamissois Naudin","RB01444848","GBIF","RB","Piazza, M.","382","Native","Ouro","Low","jbrj-public-img.s3-sa-east-1.amazonaws.com/JPG/rb/1/44/48/48/01444848.jpg",
"ÁREA DE PROTEÇÃO AMBIENTAL RIO BATALHA","Angiosperms","Melastomataceae","Miconia","paucidens","DC.","MELASTOMATACEAE Miconia paucidens DC.","87549","GBIF","UPCB","Colletta, G.D.","607","Native","Ouro","Low","https://images.cria.org.br/viewer/UPCB0020566","Sítio Lagoa Azul, mata em volta da represa. Floresta Estacional Semidecidual."
"ÁREA DE PROTEÇÃO AMBIENTAL RIO BATALHA","Angiosperms","Melastomataceae","Miconia","pusilliflora","(DC.) Naudin","MELASTOMATACEAE Miconia pusilliflora (DC.) Naudin","79168","GBIF","UEC","Passos, F.C.","FP59","Native","Ouro","Low","https://images.cria.org.br/viewer/UEC164433","Estação Ecológica dos Caetetus"
"ÁREA DE PROTEÇÃO AMBIENTAL RIO BATALHA","Angiosperms","Melastomataceae","Miconia","staminea","(Desr.) DC.","MELASTOMATACEAE Miconia staminea (Desr.) DC.","334563","GBIF","SP","Miranda, L.C.","495","Native","Prata","Low",,"Mata ciliar - Rio Batalha. Margem direita, parcela 27, dique"
"ÁREA DE PROTEÇÃO AMBIENTAL RIO BATALHA","Angiosperms","Melastomataceae","Miconia","stenostachya","DC.","MELASTOMATACEAE Miconia stenostachya DC.","87548","GBIF","UPCB","Colletta, G.D.","560","Native","Ouro","Low","https://images.cria.org.br/viewer/UPCB0020213","Sítio Lagoa Azul, Mata em volta da represa"
"ÁREA DE PROTEÇÃO AMBIENTAL RIO BATALHA","Angiosperms","Melastomataceae","Ossaea",,"DC.","MELASTOMATACEAE Ossaea DC.","81114","GBIF","UEC","Passos, F.C.","FP114",,"Latão","Low",,"Estação Ecológica dos Caetetus"
"ÁREA DE PROTEÇÃO AMBIENTAL RIO BATALHA","Angiosperms","Melastomataceae","Pleroma","granulosum","(Desr.) D. Don","MELASTOMATACEAE Pleroma granulosum (Desr.) D. Don","2063","Splink","UNBA",,,"Native","Latão","Medium",,"Fazenda Santa Rita"
"ÁREA DE PROTEÇÃO AMBIENTAL RIO BATALHA","Angiosperms","Melastomataceae","Rhynchanthera","dichotoma","(Desr.) DC.","MELASTOMATACEAE Rhynchanthera dichotoma (Desr.) DC.","118133","GBIF","UEC","Bertoncini, A.P.","1000","Native","Bronze","Low",,"Aldeia Guarani"
"ÁREA DE PROTEÇÃO AMBIENTAL RIO BATALHA","Angiosperms","Meliaceae","Cedrela","fissilis","Vell.","MELIACEAE Cedrela fissilis Vell.","SPSF00048568","Splink","SPSF",,"616","Native","Ouro","Low",,"Lagoa Azul."
"ÁREA DE PROTEÇÃO AMBIENTAL RIO BATALHA","Angiosperms","Meliaceae","Cedrela","odorata","L.","MELIACEAE Cedrela odorata L.","1676","Splink","UNBA",,,"Native","Ouro","Medium",,"Fazenda Santa Rita"
"ÁREA DE PROTEÇÃO AMBIENTAL RIO BATALHA","Angiosperms","Meliaceae","Guarea","guidonia","(L.) Sleumer","MELIACEAE Guarea guidonia (L.) Sleumer","39891","GBIF","SPSF","Souza, F.M.","981","Native","Prata","High",,"Estação Ecológica de Bauru"
"ÁREA DE PROTEÇÃO AMBIENTAL RIO BATALHA","Angiosperms","Meliaceae","Guarea","macrophylla","Vahl","MELIACEAE Guarea macrophylla Vahl","139554","GBIF","SPF","Miranda, L.C.","335","Native","Ouro","Low","https://images.cria.org.br/viewer/SPF00139554",
"ÁREA DE PROTEÇÃO AMBIENTAL RIO BATALHA","Angiosperms","Meliaceae","Melia","azedarach","L.","MELIACEAE Melia azedarach L.","2100","Splink","UNBA",,,"Naturalized","Bronze","Low",,"Aldeia Guarani"
"ÁREA DE PROTEÇÃO AMBIENTAL RIO BATALHA","Angiosperms","Meliaceae","Trichilia","casaretti","C.DC.","MELIACEAE Trichilia casaretti C.DC.","1681","Splink","UNBA",,,"Native","Ouro","Medium",,"Fazenda Santa Rita"
"ÁREA DE PROTEÇÃO AMBIENTAL RIO BATALHA","Angiosperms","Meliaceae","Trichilia","catigua","A.Juss.","MELIACEAE Trichilia catigua A.Juss.","0129","Splink","UNBA",,,"Native","Latão","High",,"Reserva do Horto Florestal"
"ÁREA DE PROTEÇÃO AMBIENTAL RIO BATALHA","Angiosperms","Meliaceae","Trichilia","clausseni","C.DC.","MELIACEAE Trichilia clausseni C.DC.","39883","GBIF","SPSF","Souza, F.M.","973","Native","Ouro","High",,"Estação Ecológica de Bauru"
"ÁREA DE PROTEÇÃO AMBIENTAL RIO BATALHA","Angiosperms","Meliaceae","Trichilia","elegans","A.Juss.","MELIACEAE Trichilia elegans subsp. elegans A.Juss.","1684","Splink","UNBA",,,"Native","Ouro","Medium",,"fazenda Santa Rita"
"ÁREA DE PROTEÇÃO AMBIENTAL RIO BATALHA","Angiosperms","Meliaceae","Trichilia","pallida","Sw.","MELIACEAE Trichilia pallida Sw.","SPSF00048573","Splink","SPSF",,"567","Native","Ouro","Low",,"Sítio Lagoa Azul, Mata em volta da represa"
"ÁREA DE PROTEÇÃO AMBIENTAL RIO BATALHA","Angiosperms","Menispermaceae","Hyperbaena","oblongifolia","(Eichler) Chodat & Hassl.","MENISPERMACEAE Hyperbaena oblongifolia (Eichler) Chodat & Hassl.","60544","GBIF","UEC","Passos, F.C.","23229","Native","Bronze","Low",,"Estação Ecológica de Caetetus"
"ÁREA DE PROTEÇÃO AMBIENTAL RIO BATALHA","Angiosperms","Monimiaceae","Mollinedia","widgrenii","A.DC.","MONIMIACEAE Mollinedia widgrenii A.DC.","1705","Splink","UNBA",,,"Native","Bronze","Medium",,"Fazenda Santa Rita"
"ÁREA DE PROTEÇÃO AMBIENTAL RIO BATALHA","Angiosperms","Moraceae","Ficus","guaranitica","Chodat","MORACEAE Ficus guaranitica Chodat","78184","GBIF","UEC","Passos, F.C.","FP54","Native","Ouro","Low",,"Estação Ecológica Caetetus"
"ÁREA DE PROTEÇÃO AMBIENTAL RIO BATALHA","Angiosperms","Moraceae","Ficus","lagoensis","C.C.Berg & Carauta","MORACEAE Ficus lagoensis C.C.Berg & Carauta","78186","GBIF","UEC","Passos, F.C.","FP42","Native","Ouro","Low",,"Estação Ecológica dos Caetetus"
"ÁREA DE PROTEÇÃO AMBIENTAL RIO BATALHA","Angiosperms","Moraceae","Ficus","obtusifolia","Kunth","MORACEAE Ficus obtusifolia Kunth","397000","GBIF","SP","Souza, L.R.M.","49","Native","Bronze","Low",,"rod. Ipauçu-Bauru, Km 247, estação Piratininga da EMBRATEL"
"ÁREA DE PROTEÇÃO AMBIENTAL RIO BATALHA","Angiosperms","Moraceae","Ficus","trigona","L.f.","MORACEAE Ficus trigona L.f.","78178","GBIF","UEC","Passos, F.C.","FP48","Native","Ouro","Low",,"Estação Ecológica de Caetetus"
"ÁREA DE PROTEÇÃO AMBIENTAL RIO BATALHA","Angiosperms","Moraceae","Maclura","tinctoria","(L.) D.Don ex Steud.","MORACEAE Maclura tinctoria (L.) D.Don ex Steud.","63835","GBIF","UEC","Passos, F.C.","23990","Native","Ouro","Low",,"Estação Ecológica de Caetetus"
"ÁREA DE PROTEÇÃO AMBIENTAL RIO BATALHA","Angiosperms","Moraceae","Sorocea","bonplandii","(Baill.) W.C.Burger et al.","MORACEAE Sorocea bonplandii (Baill.) W.C.Burger et al.","334603","GBIF","SP","Miranda, L.C.","472","Native","Bronze","Low",,"margem esquerda do rio Batalha"
"ÁREA DE PROTEÇÃO AMBIENTAL RIO BATALHA","Angiosperms","Myrtaceae","Campomanesia","guaviroba","(DC.) Kiaersk.","MYRTACEAE Campomanesia guaviroba (DC.) Kiaersk.","2553","GBIF","BOTU","Assis-Camargo, P.F.H.A.N.","280","Native","Ouro","Medium",,"Fazenda Santa Rita, borda da mata"
"ÁREA DE PROTEÇÃO AMBIENTAL RIO BATALHA","Angiosperms","Myrtaceae","Campomanesia","guazumifolia","(Cambess.) O.Berg","MYRTACEAE Campomanesia guazumifolia (Cambess.) O.Berg","39900","GBIF","SPSF","Souza, F.M.","990","Native","Prata","High",,"Estação Ecológica de Bauru"
"ÁREA DE PROTEÇÃO AMBIENTAL RIO BATALHA","Angiosperms","Myrtaceae","Eugenia","florida","DC.","MYRTACEAE Eugenia florida DC.","2559","GBIF","BOTU","Assis-Camargo, P.F.C.R.","399","Native","Ouro","Medium",,"Fazenda Santa Rita"
"ÁREA DE PROTEÇÃO AMBIENTAL RIO BATALHA","Angiosperms","Myrtaceae","Eugenia","hiemalis","Cambess.","MYRTACEAE Eugenia hiemalis Cambess.","2563","GBIF","BOTU","Assis-Camargo, P.F.H.A.","244","Native","Ouro","Medium",,"Fazenda Santa Rita, interior da mata"
"ÁREA DE PROTEÇÃO AMBIENTAL RIO BATALHA","Angiosperms","Myrtaceae","Eugenia","ligustrina","(Sw.) Willd.","MYRTACEAE Eugenia ligustrina (Sw.) Willd.","334284","GBIF","SP","Miranda, L.C.","467","Native","Ouro","Low",,"Mata ciliar do Rio Batalha, margem esquerda, parcela 9, dique"
"ÁREA DE PROTEÇÃO AMBIENTAL RIO BATALHA","Angiosperms","Myrtaceae","Eugenia","myrcianthes","Nied.","MYRTACEAE Eugenia myrcianthes Nied.","RB00310347","GBIF","RB","Dambros, L.A.","289","Native","Ouro","Low","jbrj-public-img.s3-sa-east-1.amazonaws.com/JPG/rb/0/31/3/47/00310347.jpg","Entre Pirajui e Bauru."
"ÁREA DE PROTEÇÃO AMBIENTAL RIO BATALHA","Angiosperms","Myrtaceae","Eugenia","paracatuana","O.Berg","MYRTACEAE Eugenia paracatuana O.Berg","328240","GBIF","SP","Miranda, L.C.","286","Native","Ouro","Low",,"Mata rupicola do rio Batalha, interior de mata"
"ÁREA DE PROTEÇÃO AMBIENTAL RIO BATALHA","Angiosperms","Myrtaceae","Eugenia","pyriformis","Cambess.","MYRTACEAE Eugenia pyriformis Cambess.","54173","GBIF","IAC","Bertoncini, A.P.","880","Native","Ouro","Low",,"Aldeia Guarani"
"ÁREA DE PROTEÇÃO AMBIENTAL RIO BATALHA","Angiosperms","Myrtaceae","Eugenia","repanda","O.Berg","MYRTACEAE Eugenia repanda O.Berg","334280","GBIF","SP","Miranda, L.C.","486","Native","Ouro","Low",,"Mata ciliar, Rio Batalha, margem direita, parcela 24, ind. 64, dique"
"ÁREA DE PROTEÇÃO AMBIENTAL RIO BATALHA","Angiosperms","Myrtaceae","Eugenia","speciosa","Cambess.","MYRTACEAE Eugenia speciosa Cambess.","39907","GBIF","SPSF","Ivanauskas, N.M.","997","Native","Ouro","High",,"Estação Ecológica de Bauru"
"ÁREA DE PROTEÇÃO AMBIENTAL RIO BATALHA","Angiosperms","Myrtaceae","Eugenia","subterminalis","DC.","MYRTACEAE Eugenia subterminalis DC.","118147","GBIF","UEC","Bertoncini, A.P.","917","Native","Ouro","Low",,
"ÁREA DE PROTEÇÃO AMBIENTAL RIO BATALHA","Angiosperms","Myrtaceae","Eugenia","uniflora","L.","MYRTACEAE Eugenia uniflora L.",,"GBIF",,,,"Native","Latão","Low",,
"ÁREA DE PROTEÇÃO AMBIENTAL RIO BATALHA","Angiosperms","Myrtaceae","Myrceugenia","myrtoides","O.Berg","MYRTACEAE Myrceugenia myrtoides O.Berg","ASU0033025","GBIF","ASU","Riedel","1328a","Native","Latão","Low",,"N/A"
"ÁREA DE PROTEÇÃO AMBIENTAL RIO BATALHA","Angiosperms","Myrtaceae","Myrcia","glomerata","(Cambess.) G.P.Burton & E.Lucas","MYRTACEAE Myrcia glomerata (Cambess.) G.P.Burton & E.Lucas","334279","GBIF","SP","Miranda, L.C.","341","Native","Ouro","Low",,"Mata ciliar, Rio Batalha, margem esquerda, divisa parc. 9, dique"
"ÁREA DE PROTEÇÃO AMBIENTAL RIO BATALHA","Angiosperms","Myrtaceae","Myrcia","multiflora","(Lam.) DC.","MYRTACEAE Myrcia multiflora (Lam.) DC.","7173","GBIF","LUSC","Colletta, G.D.","565","Native","Ouro","Low","https://images.cria.org.br/viewer/LUSC008793","Sítio Lagoa Azul, mata em volta da represa. Floresta Estacional Semidecidual."
"ÁREA DE PROTEÇÃO AMBIENTAL RIO BATALHA","Angiosperms","Myrtaceae","Myrcia","neoclusiifolia","A.R.Lourenço & E.Lucas","MYRTACEAE Myrcia neoclusiifolia A.R.Lourenço & E.Lucas","UEC033790","Splink","UEC",,"FP58","Native","Latão","Low",,"Est. Ecol. dos Caetetus."
"ÁREA DE PROTEÇÃO AMBIENTAL RIO BATALHA","Angiosperms","Myrtaceae","Myrcia","schottiana","O.Berg","MYRTACEAE Myrcia schottiana O.Berg","RB00749970","GBIF","RB","Colletta, G.D.","553","Native","Ouro","Low","jbrj-public-img.s3-sa-east-1.amazonaws.com/JPG/rb/0/74/99/70/00749970.jpg","Sítio Lagoa Azul, mata em volta da represa. Floresta Estacional Semidecidual."
"ÁREA DE PROTEÇÃO AMBIENTAL RIO BATALHA","Angiosperms","Myrtaceae","Myrcia","selloi","(Spreng.) N.Silveira","MYRTACEAE Myrcia selloi (Spreng.) N.Silveira","2564","GBIF","BOTU","Assis-Camargo, P.F.H.A.N.","395","Native","Ouro","Medium",,"Fazenda Santa Rita"
"ÁREA DE PROTEÇÃO AMBIENTAL RIO BATALHA","Angiosperms","Myrtaceae","Myrcia","tomentosa","(Aubl.) DC.","MYRTACEAE Myrcia tomentosa (Aubl.) DC.","RB00749959","GBIF","RB","Colletta, G.D.","591","Native","Ouro","Low","jbrj-public-img.s3-sa-east-1.amazonaws.com/JPG/rb/0/74/99/59/00749959.jpg","Estrada Municipal Piratininga - Cabrália Paulista, próximo a Faz. São JoséFloresta Estaciona Semidecidual"
"ÁREA DE PROTEÇÃO AMBIENTAL RIO BATALHA","Angiosperms","Myrtaceae","Myrciaria","glazioviana","(Kiaersk.) G.M.Barroso ex Sobral","MYRTACEAE Myrciaria glazioviana (Kiaersk.) G.M.Barroso ex Sobral","2504","GBIF","SORO","Koch, I.","117","Native","Bronze","High",,"Reserva Horto Florestal Bauru"
"ÁREA DE PROTEÇÃO AMBIENTAL RIO BATALHA","Angiosperms","Myrtaceae","Neomitranthes","glomerata","(D.Legrand) D.Legrand","MYRTACEAE Neomitranthes glomerata (D.Legrand) D.Legrand","HPL005712","Splink","HPL",,"277","Native","Ouro","High",,"Coletado no arboreto do horto florestal."
"ÁREA DE PROTEÇÃO AMBIENTAL RIO BATALHA","Angiosperms","Myrtaceae","Psidium","guajava","L.","MYRTACEAE Psidium guajava L.","333431","GBIF","SP","Camargo, P.F.A.","468","Naturalized","Ouro","Medium",,"Fazenda Santa rita, borda da mata"
"ÁREA DE PROTEÇÃO AMBIENTAL RIO BATALHA","Angiosperms","Myrtaceae","Psidium","sartorianum","(O.Berg) Nied.","MYRTACEAE Psidium sartorianum (O.Berg) Nied.","HPL005759","Splink","HPL",,"273","Native","Bronze","High",,"Coletado no arboreto do Horto Florestal"
"ÁREA DE PROTEÇÃO AMBIENTAL RIO BATALHA","Angiosperms","Myrtaceae","Syzygium","jambos","(L.) Alston","MYRTACEAE Syzygium jambos (L.) Alston",,"GBIF",,,,"Naturalized","Latão","Low",,
"ÁREA DE PROTEÇÃO AMBIENTAL RIO BATALHA","Angiosperms","Nyctaginaceae","Bougainvillea","spectabilis","Willd.","NYCTAGINACEAE Bougainvillea spectabilis Willd.","P04972184","GBIF","P","Gaudichaud, C.",,"Native","Latão","Low",,"Province de San-Paolo."
"ÁREA DE PROTEÇÃO AMBIENTAL RIO BATALHA","Angiosperms","Nyctaginaceae","Guapira","hirsuta","(Choisy) Lundell","NYCTAGINACEAE Guapira hirsuta (Choisy) Lundell","39888","GBIF","SPSF","Souza, F.M.","978","Native","Prata","High",,"Estação Ecológica de Bauru"
"ÁREA DE PROTEÇÃO AMBIENTAL RIO BATALHA","Angiosperms","Nyctaginaceae","Guapira","opposita","(Vell.) Reitz","NYCTAGINACEAE Guapira opposita (Vell.) Reitz","29261","GBIF","FUEL","Assis, P.F.","346","Native","Ouro","Medium",,"Fazenda Santa Rita, Topo da cuesta"
"ÁREA DE PROTEÇÃO AMBIENTAL RIO BATALHA","Angiosperms","Nyctaginaceae","Pisonia",,"L.","NYCTAGINACEAE Pisonia L.","71627","GBIF","UEC","Pirani, J.R.","3241",,"Ouro","Low","https://images.cria.org.br/viewer/UEC117902","Estação Ecológica de Caetetus (Estação Ecol. Olavo Amaral Ferraz). Estrada do Paraíso (Estrada principal)"
"ÁREA DE PROTEÇÃO AMBIENTAL RIO BATALHA","Angiosperms","Ochnaceae","Ouratea","castaneifolia","(DC.) Engl.","OCHNACEAE Ouratea castaneifolia (DC.) Engl.","53879","GBIF","SPSF","Durigan, G.","s/n","Native","Prata","Low",,
"ÁREA DE PROTEÇÃO AMBIENTAL RIO BATALHA","Angiosperms","Ochnaceae","Ouratea","spectabilis","(Mart.) Engl.","OCHNACEAE Ouratea spectabilis (Mart.) Engl.","2767","Splink","JPB",,"JPB2767","Native","Bronze","Low",,
"ÁREA DE PROTEÇÃO AMBIENTAL RIO BATALHA","Angiosperms","Onagraceae","Ludwigia","elegans","(Cambess.) H.Hara","ONAGRACEAE Ludwigia elegans (Cambess.) H.Hara","23472","GBIF","FUEL","Camargo, P.F.A.","500","Native","Ouro","Medium",,"Fazenda Santa Rita"
"ÁREA DE PROTEÇÃO AMBIENTAL RIO BATALHA","Angiosperms","Onagraceae","Ludwigia","octovalvis","(Jacq.) P.H.Raven","ONAGRACEAE Ludwigia octovalvis (Jacq.) P.H.Raven","23474","GBIF","FUEL","Camargo, P.F.A.","501","Native","Ouro","Medium",,"Fazenda Santa Rita"
"ÁREA DE PROTEÇÃO AMBIENTAL RIO BATALHA","Angiosperms","Orchidaceae","Acianthera","aphthosa","(Lindl.) Pridgeon & M.W.Chase","ORCHIDACEAE Acianthera aphthosa (Lindl.) Pridgeon & M.W.Chase","139935","GBIF","UEC","Breier, T.B.","864","Native","Bronze","Low","https://images.cria.org.br/viewer/UEC001791","Estação Ecológica Caetetus, Parcelas permanentes. Fora da parcela, ao lado da A00."
"ÁREA DE PROTEÇÃO AMBIENTAL RIO BATALHA","Angiosperms","Orchidaceae","Acianthera","nemorosa","(Barb.Rodr.) F.Barros","ORCHIDACEAE Acianthera nemorosa (Barb.Rodr.) F.Barros","140255","GBIF","UEC","Breier, T.B.","902","Native","Latão","Low","https://images.cria.org.br/viewer/UEC001744","Estação Ecológica Caetetus"
"ÁREA DE PROTEÇÃO AMBIENTAL RIO BATALHA","Angiosperms","Orchidaceae","Catasetum","fimbriatum","(C.Morren) Lindl.","ORCHIDACEAE Catasetum fimbriatum (C.Morren) Lindl.","140203","GBIF","UEC","Breier, T.B.","891","Native","Latão","Low","https://images.cria.org.br/viewer/UEC064639","Estação Ecológica Caetetus"
"ÁREA DE PROTEÇÃO AMBIENTAL RIO BATALHA","Angiosperms","Orchidaceae","Cyclopogon","congestus","(Vell.) Hoehne","ORCHIDACEAE Cyclopogon congestus (Vell.) Hoehne","139872","GBIF","UEC","Breier, T.B.","862","Native","Bronze","Low","https://images.cria.org.br/viewer/UEC064412","Estação Ecológica Caetetus, Parcelas permanentes. Na parcela H07."
"ÁREA DE PROTEÇÃO AMBIENTAL RIO BATALHA","Angiosperms","Orchidaceae","Epidendrum","secundum","Jacq.","ORCHIDACEAE Epidendrum secundum Jacq.","140038","GBIF","UEC","Breier, T.B.","890","Native","Bronze","Low","https://images.cria.org.br/viewer/UEC064196","Estação Ecológica Caetetus, Parcelas permanentes."
"ÁREA DE PROTEÇÃO AMBIENTAL RIO BATALHA","Angiosperms","Orchidaceae","Galeandra","beyrichii","Rchb.f.","ORCHIDACEAE Galeandra beyrichii Rchb.f.","83181","GBIF","UEC","Passos, F.C.","s.n.","Native","Ouro","Low","https://images.cria.org.br/viewer/UEC034602","Estação Ecológica de Caetetus, Trilha Z. Mata."
"ÁREA DE PROTEÇÃO AMBIENTAL RIO BATALHA","Angiosperms","Orchidaceae","Habenaria","josephensis","Barb.Rodr.","ORCHIDACEAE Habenaria josephensis Barb.Rodr.","118106","GBIF","UEC","Bertoncini, A.P.","971","Native","Bronze","Low","https://images.cria.org.br/viewer/UEC034321","Floresta Estacional Semidecidual, Submontana perturbada."
"ÁREA DE PROTEÇÃO AMBIENTAL RIO BATALHA","Angiosperms","Orchidaceae","Isochilus","linearis","(Jacq.) R.Br.","ORCHIDACEAE Isochilus linearis (Jacq.) R.Br.","83183","GBIF","UEC","Passos, F.P.","s.n.","Native","Ouro","Low","https://images.cria.org.br/viewer/UEC034824","Estrada Jeep, Fita 17. Mata."
"ÁREA DE PROTEÇÃO AMBIENTAL RIO BATALHA","Angiosperms","Orchidaceae","Maxillaria","chrysantha","Barb.Rodr.","ORCHIDACEAE Maxillaria chrysantha Barb.Rodr.","139813","GBIF","UEC","Breier, T.B.","903","Native","Bronze","Low","https://images.cria.org.br/viewer/UEC034190","Estação Ecológica Caetetus, trilha da parcela"
"ÁREA DE PROTEÇÃO AMBIENTAL RIO BATALHA","Angiosperms","Orchidaceae","Miltonia","flavescens","(Lindl.) Lindl.","ORCHIDACEAE Miltonia flavescens (Lindl.) Lindl.","140206","GBIF","UEC","Breier, T.B.","871","Native","Latão","Low","https://images.cria.org.br/viewer/UEC001911","Estação Ecológica Caetetus, Na parcela l09, em árvore morta."
"ÁREA DE PROTEÇÃO AMBIENTAL RIO BATALHA","Angiosperms","Orchidaceae","Octomeria","crassifolia","Lindl.","ORCHIDACEAE Octomeria crassifolia Lindl.","139922","GBIF","UEC","Breier, T.B.","866","Native","Bronze","Low","https://images.cria.org.br/viewer/UEC001902","Estação Ecológica de Caetetus, Base do Instituto Florestal. Sobre jatobá ao lado do alojamento a 20 m do solo."
"ÁREA DE PROTEÇÃO AMBIENTAL RIO BATALHA","Angiosperms","Orchidaceae","Ornithocephalus","myrticola","Lindl.","ORCHIDACEAE Ornithocephalus myrticola Lindl.","139765","GBIF","UEC","Breier, T.B.","881","Native","Latão","Low","https://images.cria.org.br/viewer/UEC027340","Estação Ecológica Caetetus, Parcelas permanentes. Na parcela N15, em árvore fina."
"ÁREA DE PROTEÇÃO AMBIENTAL RIO BATALHA","Angiosperms","Orchidaceae","Sacoila","lanceolata","(Aubl.) Garay","ORCHIDACEAE Sacoila lanceolata (Aubl.) Garay","104408443","GBIF","Observations","Flavioubaid",,"Native","Bronze","Low",,"Avaí - SP, 16680-000, Brasil"
"ÁREA DE PROTEÇÃO AMBIENTAL RIO BATALHA","Angiosperms","Papaveraceae","Argemone","mexicana","L.","PAPAVERACEAE Argemone mexicana L.",,"GBIF",,,,"Naturalized","Latão","Low",,
"ÁREA DE PROTEÇÃO AMBIENTAL RIO BATALHA","Angiosperms","Passifloraceae","Passiflora","cincinnata","Mast.","PASSIFLORACEAE Passiflora cincinnata Mast.","251307","GBIF","SP","Godoi, J.V.","72","Native","Ouro","Low",,"Serra do Veado"
"ÁREA DE PROTEÇÃO AMBIENTAL RIO BATALHA","Angiosperms","Passifloraceae","Passiflora","edulis","Sims","PASSIFLORACEAE Passiflora edulis Sims","118182","GBIF","UEC","Bertoncini, A.P.","994","Native","Bronze","Low","https://images.cria.org.br/viewer/UEC143142","Aldeia Guarani"
"ÁREA DE PROTEÇÃO AMBIENTAL RIO BATALHA","Angiosperms","Passifloraceae","Passiflora","foetida","L.","PASSIFLORACEAE Passiflora foetida L.","MBM00442780","GBIF","MBM","Tomazi, A.","129","Native","Ouro","Low","jbrj-public.s3-sa-east-1.amazonaws.com/fsi/server?type=image&source=DZI/mbm/mbm/0/44/27/80/mbm00442780.dzi","Ferrovia Bauru-Tupã"
"ÁREA DE PROTEÇÃO AMBIENTAL RIO BATALHA","Angiosperms","Passifloraceae","Passiflora","misera","Kunth","PASSIFLORACEAE Passiflora misera Kunth","203714","GBIF","UEC","Pilon, N.A.L.","315","Native","Prata","Low","https://images.cria.org.br/viewer/UEC182987","RPNN Águas Perenes, Horto Santa Fé B, International Paper"
"ÁREA DE PROTEÇÃO AMBIENTAL RIO BATALHA","Angiosperms","Passifloraceae","Passiflora","tricuspis","Mast.","PASSIFLORACEAE Passiflora tricuspis Mast.","100545093","Splink","MO-DUPLICATES",,"1006","Native","Bronze","Low",,
"ÁREA DE PROTEÇÃO AMBIENTAL RIO BATALHA","Angiosperms","Peraceae","Pera","glabrata","(Schott) Baill.","PERACEAE Pera glabrata (Schott) Baill.","58305","GBIF","MAC","Colletta, G.D.","606","Native","Ouro","Low","https://images.cria.org.br/viewer/MAC0058305","Sítio Lagoa Azul, Mata em volta da represa"
"ÁREA DE PROTEÇÃO AMBIENTAL RIO BATALHA","Angiosperms","Phyllanthaceae","Margaritaria","nobilis","L.f.","PHYLLANTHACEAE Margaritaria nobilis L.f.","1851","GBIF","BOTU","Assis-Camargo, P.F.C.R.","360","Native","Ouro","Medium",,"Fazenda Santa Rita"
"ÁREA DE PROTEÇÃO AMBIENTAL RIO BATALHA","Angiosperms","Phytolaccaceae","Gallesia","integrifolia","(Spreng.) Harms","PHYTOLACCACEAE Gallesia integrifolia (Spreng.) Harms","PACA116256","Splink","PACA",,"614","Native","Bronze","Low",,"Sítio Lagoa Azul"
"ÁREA DE PROTEÇÃO AMBIENTAL RIO BATALHA","Angiosperms","Picramniaceae","Picramnia","sellowii","Planch.","PICRAMNIACEAE Picramnia sellowii Planch.","139566","GBIF","SPF","Miranda, L.C.","488","Native","Ouro","Low","https://images.cria.org.br/viewer/SPF00139566","Rio Batalha. Mata ciliar. Margem direita - Parcela 26 - ind. 180 - dique."
"ÁREA DE PROTEÇÃO AMBIENTAL RIO BATALHA","Angiosperms","Piperaceae","Peperomia","alata","Ruiz & Pav.","PIPERACEAE Peperomia alata Ruiz & Pav.","137245","GBIF","UEC","Breier, T.B.","885","Native","Prata","Low","https://images.cria.org.br/viewer/UEC149362","Estação Ecológica Caetetus"
"ÁREA DE PROTEÇÃO AMBIENTAL RIO BATALHA","Angiosperms","Piperaceae","Peperomia","circinnata","Link","PIPERACEAE Peperomia circinnata Link","137257","GBIF","UEC","Breier, T.B.","904","Native","Bronze","Low","https://images.cria.org.br/viewer/UEC149402","Estação Ecológica Caetetus, trilha da parcela"
"ÁREA DE PROTEÇÃO AMBIENTAL RIO BATALHA","Angiosperms","Piperaceae","Peperomia","pereskiaefolia","(Jacq.) Kunth","PIPERACEAE Peperomia pereskiaefolia (Jacq.) Kunth","137224","GBIF","UEC","Breier, T.B.","879","Native","Prata","Low","https://images.cria.org.br/viewer/UEC149521","Estação ecológica Caetetus, parcelas permanentes."
"ÁREA DE PROTEÇÃO AMBIENTAL RIO BATALHA","Angiosperms","Piperaceae","Peperomia","rotundifolia","(L.) Kunth","PIPERACEAE Peperomia rotundifolia (L.) Kunth","137259","GBIF","UEC","Breier, T.B.","905","Native","Bronze","Low","https://images.cria.org.br/viewer/UEC149544","Estação ecológica Caetetus, trilha da parcela."
"ÁREA DE PROTEÇÃO AMBIENTAL RIO BATALHA","Angiosperms","Piperaceae","Peperomia","tetraphylla","(G.Forst.) Hook. & Arn.","PIPERACEAE Peperomia tetraphylla (G.Forst.) Hook. & Arn.","137230","GBIF","UEC","Breier, T.B.","901","Native","Bronze","Low","https://images.cria.org.br/viewer/UEC149583","Estação ecológica Caetetus, trilha da parcela."
"ÁREA DE PROTEÇÃO AMBIENTAL RIO BATALHA","Angiosperms","Piperaceae","Piper","aduncum","L.","PIPERACEAE Piper aduncum L.","45750","GBIF","FUEL","Souza, F.M.","987","Native","Ouro","High",,"Estação Ecológica de Bauru"
"ÁREA DE PROTEÇÃO AMBIENTAL RIO BATALHA","Angiosperms","Piperaceae","Piper","amalago","L.","PIPERACEAE Piper amalago L.","39889","GBIF","SPSF","Souza, F.M.","979","Native","Prata","High",,"Estação Ecológica de Bauru"
"ÁREA DE PROTEÇÃO AMBIENTAL RIO BATALHA","Angiosperms","Piperaceae","Piper","glabratum","Kunth","PIPERACEAE Piper glabratum Kunth","RB00300581","GBIF","RB","Camargo, P.F.A.","397","Native","Ouro","Medium","jbrj-public-img.s3-sa-east-1.amazonaws.com/JPG/rb/0/30/5/81/00300581.jpg","Fazenda Santa Rita."
"ÁREA DE PROTEÇÃO AMBIENTAL RIO BATALHA","Angiosperms","Piperaceae","Piper","grazielae","Carv.-Silva & E.F.Guim.","PIPERACEAE Piper grazielae Carv.-Silva & E.F.Guim.","39908","GBIF","SPSF","Souza, F.M.","998","Native","Ouro","High",,"Estação Ecológica de Bauru"
"ÁREA DE PROTEÇÃO AMBIENTAL RIO BATALHA","Angiosperms","Piperaceae","Piper","hispidum","Sw.","PIPERACEAE Piper hispidum Sw.","RB00300904","GBIF","RB","Assis, P.F.","544","Native","Ouro","Medium","jbrj-public-img.s3-sa-east-1.amazonaws.com/JPG/rb/0/30/9/4/00300904.jpg","Fazenda Santa Rita."
"ÁREA DE PROTEÇÃO AMBIENTAL RIO BATALHA","Angiosperms","Plantaginaceae",,,"Juss.","PLANTAGINACEAE Plantaginaceae Juss.","52591","GBIF","SPSF","Maruyama, A.","989",,"Latão","Low",,"Próximo ao contorno da Rodovia Marechal Rondon"
"ÁREA DE PROTEÇÃO AMBIENTAL RIO BATALHA","Angiosperms","Poaceae","Axonopus","capillaris","(Lam.) Chase","POACEAE Axonopus capillaris (Lam.) Chase","IBGE00047959","Splink","IBGE",,"1131","Native","Ouro","Low",,"Aldeia Guarani. Coordenada calculada."
"ÁREA DE PROTEÇÃO AMBIENTAL RIO BATALHA",,"Poaceae","Cenchrus","brownii|Cenchrus","Roem. & Schult.|L.","POACEAE Cenchrus brownii Roem. & Schult.|Cenchrus echinatus L.","2070","Splink","UNBA",,,,"Bronze","Low",,"aldeia guarani 22o10', 22o20'S,49o19',49o23'W"
"ÁREA DE PROTEÇÃO AMBIENTAL RIO BATALHA","Angiosperms","Poaceae","Cenchrus","echinatus","L.","POACEAE Cenchrus echinatus L.","118189","GBIF","UEC","Bertoncini, A.P.","1082","Native","Ouro","Low",,"Aldeia Guarani. Folha Cartográfica: SF-22-Z-B."
"ÁREA DE PROTEÇÃO AMBIENTAL RIO BATALHA","Angiosperms","Poaceae","Digitaria","ciliaris","(Retz.) Koeler","POACEAE Digitaria ciliaris (Retz.) Koeler","118194","GBIF","UEC","Bertoncini, A.P.","1088","Naturalized","Ouro","Low","https://images.cria.org.br/viewer/UEC019056","Aldeia Guarani. Folha Cartográfica SF-22-Z-B Coordenada Coletada."
"ÁREA DE PROTEÇÃO AMBIENTAL RIO BATALHA","Angiosperms","Poaceae","Digitaria","insularis","(L.) Fedde","POACEAE Digitaria insularis (L.) Fedde","118110","GBIF","UEC","Bertoncini, A.P.","1084","Naturalized","Ouro","Low","https://images.cria.org.br/viewer/UEC048329","Aldeia Guarani"
"ÁREA DE PROTEÇÃO AMBIENTAL RIO BATALHA","Angiosperms","Poaceae","Digitaria","nuda","Schumach.","POACEAE Digitaria nuda Schumach.","IBGE00047970","GBIF","IBGE","Bertoncini, A.P.","1129","Naturalized","Ouro","Low","jbrj-public.s3-sa-east-1.amazonaws.com/fsi/server?type=image&source=DZI/ibge/ibge/0/4/79/70/ibge00047970.dzi","Aldeia Guarani."
"ÁREA DE PROTEÇÃO AMBIENTAL RIO BATALHA","Angiosperms","Poaceae","Eragrostis","ciliaris","(L.) R.Br.","POACEAE Eragrostis ciliaris (L.) R.Br.","ESA100538","GBIF","ESA","Bertoncini, A.P.","1085","Naturalized","Ouro","Low","jbrj-public.s3-sa-east-1.amazonaws.com/fsi/server?type=image&source=DZI/esa/esa/0/10/5/38/esa00100538.dzi","Aldeia Guarani."
"ÁREA DE PROTEÇÃO AMBIENTAL RIO BATALHA","Angiosperms","Poaceae","Eustachys","distichophylla","(Lag.) Nees","POACEAE Eustachys distichophylla (Lag.) Nees","096453","GBIF","ESA","Bertoncini, A.P.","951","Native","Ouro","Low","https://images.cria.org.br/viewer/ESA096453",
"ÁREA DE PROTEÇÃO AMBIENTAL RIO BATALHA","Angiosperms","Poaceae","Hyparrhenia","bracteata","(Humb. & Bonpl. ex Willd.) Stapf","POACEAE Hyparrhenia bracteata (Humb. & Bonpl. ex Willd.) Stapf","7161","GBIF","IAC","Viegas, G.P.","s/nº","Native","Bronze","Low",,
"ÁREA DE PROTEÇÃO AMBIENTAL RIO BATALHA","Angiosperms","Poaceae","Megathyrsus","maximus","(Jacq.) B.K.Simon & S.W.L.Jacobs","POACEAE Megathyrsus maximus (Jacq.) B.K.Simon & S.W.L.Jacobs","IBGE00047968","GBIF","IBGE","Bertoncini, A.P.","1086","Naturalized","Ouro","Low","jbrj-public.s3-sa-east-1.amazonaws.com/fsi/server?type=image&source=DZI/ibge/ibge/0/4/79/68/ibge00047968.dzi","Aldeia Guarani."
"ÁREA DE PROTEÇÃO AMBIENTAL RIO BATALHA","Angiosperms","Poaceae","Melinis","repens","(Willd.) Zizka","POACEAE Melinis repens (Willd.) Zizka","118188","GBIF","UEC","Bertoncini, A.P.","1083","Naturalized","Ouro","Low","https://images.cria.org.br/viewer/UEC056764","Aldeia Guarani. Coordenada Coletada."
"ÁREA DE PROTEÇÃO AMBIENTAL RIO BATALHA","Angiosperms","Poaceae","Olyra",,"L.","POACEAE Olyra L.","54284","GBIF","IAC","Tombolato, A.F.C.","6",,"Bronze","Low",,"Aldeia Nimuendaju"
"ÁREA DE PROTEÇÃO AMBIENTAL RIO BATALHA","Angiosperms","Poaceae","Urochloa","brizantha","(Hochst. ex A.Rich.) R.D.Webster","POACEAE Urochloa brizantha (Hochst. ex A.Rich.) R.D.Webster","118105","GBIF","UEC","Bertoncini, A.P.","1100","Naturalized","Ouro","Low",,"Aldeia Guarani. Folha Cartográfica SF-22-Z-B Coordenada Coletada."
"ÁREA DE PROTEÇÃO AMBIENTAL RIO BATALHA","Angiosperms","Poaceae","Urochloa","plantaginea","(Link) R.D.Webster","POACEAE Urochloa plantaginea (Link) R.D.Webster","5129","Splink","UNBA",,,"Naturalized","Latão","Low",,"Mata Ripária do Rio Batalha"
"ÁREA DE PROTEÇÃO AMBIENTAL RIO BATALHA","Angiosperms","Poaceae","Zea","mays","L.","POACEAE Zea mays L.","1309958","GBIF","Bioversity-SINGER",,"CIMMYTMA-BANK-004874","Cultivated","Latão","Low",,"SAO PAULO - DUARTINA"
"ÁREA DE PROTEÇÃO AMBIENTAL RIO BATALHA","Angiosperms","Polygalaceae","Bredemeyera","floribunda","Willd.","POLYGALACEAE Bredemeyera floribunda Willd.","ESA00096486","GBIF","ESA","Bertoncini, A.P.","1019","Native","Bronze","Low","jbrj-public.s3-sa-east-1.amazonaws.com/fsi/server?type=image&source=DZI/esa/esa/0/9/64/86/esa00096486.dzi",
"ÁREA DE PROTEÇÃO AMBIENTAL RIO BATALHA","Angiosperms","Polygalaceae","Polygala",,"L.","POLYGALACEAE Polygala L.","MBM00442777","GBIF","MBM","Tomazi, A.","126",,"Ouro","Low","jbrj-public.s3-sa-east-1.amazonaws.com/fsi/server?type=image&source=DZI/mbm/mbm/0/44/27/77/mbm00442777.dzi","Ferrovia Bauru-Tupã"
"ÁREA DE PROTEÇÃO AMBIENTAL RIO BATALHA","Angiosperms","Polygonaceae","Coccoloba","mollis","Casar.","POLYGONACEAE Coccoloba mollis Casar.","ESA100384","Splink","ESA",,"874","Native","Bronze","Low",,
"ÁREA DE PROTEÇÃO AMBIENTAL RIO BATALHA","Angiosperms","Polygonaceae","Polygonum","punctatum","Elliott","POLYGONACEAE Polygonum punctatum Elliott","NY01096462","Splink","NY",,"443","Native","Prata","Low",,"Região inundável, borda."
"ÁREA DE PROTEÇÃO AMBIENTAL RIO BATALHA","Ferns and Lycophytes","Polypodiaceae","Campyloneurum","rigidum","Sm.","POLYPODIACEAE Campyloneurum rigidum Sm.","138849","GBIF","UEC","Breier, T.B.","888","Native","Bronze","Low","https://images.cria.org.br/viewer/UEC076763","Estação Ecológica Caetetus, Parcelas permanentes.&nf;Na parcela P06, árvore caída sem plaqueta."
"ÁREA DE PROTEÇÃO AMBIENTAL RIO BATALHA","Ferns and Lycophytes","Polypodiaceae","Pecluma","filicula","(Kaulf.) M.G.Price","POLYPODIACEAE Pecluma filicula (Kaulf.) M.G.Price","139027","GBIF","UEC","Breier, T.B.","906","Native","Bronze","Low","https://images.cria.org.br/viewer/UEC067748","Estação Ecológica Caetetus, Trilha da Parcela."
"ÁREA DE PROTEÇÃO AMBIENTAL RIO BATALHA","Ferns and Lycophytes","Polypodiaceae","Pleopeltis","angusta","Humb. & Bonpl. ex Willd.","POLYPODIACEAE Pleopeltis angusta Humb. & Bonpl. ex Willd.","138561","GBIF","UEC","Breier, T.B.","858","Unknown","Bronze","Low","https://images.cria.org.br/viewer/UEC067620","Estação Ecológica Caetetus, Parcelas permanentes.&nf;Na parcela D15."
"ÁREA DE PROTEÇÃO AMBIENTAL RIO BATALHA","Ferns and Lycophytes","Polypodiaceae","Pleopeltis","minima","(Bory) J. Prado & R.Y. Hirai","POLYPODIACEAE Pleopeltis minima (Bory) J. Prado & R.Y. Hirai","138922","GBIF","UEC","Breier, T.B.","872a","Native","Bronze","Low","https://images.cria.org.br/viewer/UEC067469","Estação Ecológica Caetetus, Parcelas permanentes."
"ÁREA DE PROTEÇÃO AMBIENTAL RIO BATALHA","Angiosperms","Primulaceae","Myrsine","coriacea","(Sw.) R.Br. ex Roem. & Schult.","PRIMULACEAE Myrsine coriacea (Sw.) R.Br. ex Roem. & Schult.","P04490842","GBIF","P","Saint-Hilaire, A.",,"Native","Latão","Low",,
"ÁREA DE PROTEÇÃO AMBIENTAL RIO BATALHA","Angiosperms","Primulaceae","Myrsine","umbellata","Mart.","PRIMULACEAE Myrsine umbellata Mart.","MBM00442779","GBIF","MBM","Tomazi, A.","128","Native","Ouro","Low","jbrj-public.s3-sa-east-1.amazonaws.com/fsi/server?type=image&source=DZI/mbm/mbm/0/44/27/79/mbm00442779.dzi","Ferrovia Bauru-Tupã"
"ÁREA DE PROTEÇÃO AMBIENTAL RIO BATALHA","Angiosperms","Proteaceae","Roupala","montana","(Klotzsch) K.S.Edwards","PROTEACEAE Roupala montana var. brasiliensis (Klotzsch) K.S.Edwards","139567","GBIF","SPF","Miranda, L.C.","330","Native","Ouro","Low","https://images.cria.org.br/viewer/SPF00139567","Rio Batalha"
"ÁREA DE PROTEÇÃO AMBIENTAL RIO BATALHA","Ferns and Lycophytes","Pteridaceae","Doryopteris","patula","(Fée) Fée","PTERIDACEAE Doryopteris patula (Fée) Fée","138709","GBIF","UEC","Breier, T.B.","880","Native","Bronze","Low","https://images.cria.org.br/viewer/UEC076405","Estação Ecológica Caetetus, Parcelas permanentes."
"ÁREA DE PROTEÇÃO AMBIENTAL RIO BATALHA","Ferns and Lycophytes","Pteridaceae","Pteris","brasiliensis","Raddi","PTERIDACEAE Pteris brasiliensis Raddi","139818","GBIF","UEC","Breier, T.B.","0850","Native","Bronze","Low","https://images.cria.org.br/viewer/UEC060218","Estação Ecológica de Caetetus, Parcelas permanentes. Na parcela A14."
"ÁREA DE PROTEÇÃO AMBIENTAL RIO BATALHA","Ferns and Lycophytes","Pteridaceae","Vittaria","lineata","(L.) Sm.","PTERIDACEAE Vittaria lineata (L.) Sm.","138580","GBIF","UEC","Breier, T.B.","872b","Native","Bronze","Low","https://images.cria.org.br/viewer/UEC062572","Estação Ecológica Caetetus, Parcelas permanentes.&nf;Na parcela I10 em árvore caída."
"ÁREA DE PROTEÇÃO AMBIENTAL RIO BATALHA","Angiosperms","Rhamnaceae","Colubrina","glandulosa","(M.C.Johnst.) Borhidi","RHAMNACEAE Colubrina glandulosa subsp. reitzii (M.C.Johnst.) Borhidi","78074","GBIF","UEC","Passos, F.C.","FP26","Native","Ouro","Low","https://images.cria.org.br/viewer/UEC171727","Est. Ecológica dos Caetetus"
"ÁREA DE PROTEÇÃO AMBIENTAL RIO BATALHA","Angiosperms","Rhamnaceae","Gouania","inornata","Reissek","RHAMNACEAE Gouania inornata Reissek","ESA100385","Splink","ESA",,"823","Native","Bronze","Low",,
"ÁREA DE PROTEÇÃO AMBIENTAL RIO BATALHA","Angiosperms","Rhamnaceae","Gouania","polygama","(Jacq.) Urb.","RHAMNACEAE Gouania polygama (Jacq.) Urb.","308530","Splink","SP",,"74","Native","Ouro","Medium",,"Fazenda Santa Rita"
"ÁREA DE PROTEÇÃO AMBIENTAL RIO BATALHA","Angiosperms","Rhamnaceae","Rhamnidium","elaeocarpum","Reissek","RHAMNACEAE Rhamnidium elaeocarpum Reissek","ESA118776","Splink","ESA",,"561","Native","Bronze","Low",,"Sítio Lagoa Azul, Mata em volta da represa"
"ÁREA DE PROTEÇÃO AMBIENTAL RIO BATALHA","Angiosperms","Rosaceae","Eriobotrya","japonica","(Thunb.) Lindl.","ROSACEAE Eriobotrya japonica (Thunb.) Lindl.",,"GBIF",,,,"Naturalized","Latão","Low",,
"ÁREA DE PROTEÇÃO AMBIENTAL RIO BATALHA","Angiosperms","Rosaceae","Prunus","myrtifolia","(L.) Urb.","ROSACEAE Prunus myrtifolia (L.) Urb.","63684","GBIF","UEC","Passos, F.C.","23855","Native","Ouro","Low","https://images.cria.org.br/viewer/UEC034246","Estação Ecológica de Caetetus"
"ÁREA DE PROTEÇÃO AMBIENTAL RIO BATALHA","Angiosperms","Rubiaceae","Alibertia",,"A.Rich. ex DC.","RUBIACEAE Alibertia A.Rich. ex DC.","56242","GBIF","IAC","Arbocz, G.F.","782",,"Bronze","High",,"Arbusto do horto florestal de Bauru"
"ÁREA DE PROTEÇÃO AMBIENTAL RIO BATALHA","Angiosperms","Rubiaceae","Chomelia","obtusa","Cham. & Schltdl.","RUBIACEAE Chomelia obtusa Cham. & Schltdl.","54687","GBIF","JPB","Camargo, P.F.A.","470","Native","Ouro","Medium",,"Fazenda Santa Rita"
"ÁREA DE PROTEÇÃO AMBIENTAL RIO BATALHA","Angiosperms","Rubiaceae","Coussarea","contracta","(Walp.) Müll.Arg.","RUBIACEAE Coussarea contracta (Walp.) Müll.Arg.","39890","GBIF","SPSF","Souza, F.M.","980","Native","Prata","High",,"Estação Ecológica de Bauru"
"ÁREA DE PROTEÇÃO AMBIENTAL RIO BATALHA","Angiosperms","Rubiaceae","Coutarea","hexandra","(Jacq.) K.Schum.","RUBIACEAE Coutarea hexandra (Jacq.) K.Schum.","2656","GBIF","BOTU","Assis-Camargo, P.F.C.R.","357","Native","Bronze","Medium",,"Fazenda Santa Rita"
"ÁREA DE PROTEÇÃO AMBIENTAL RIO BATALHA","Angiosperms","Rubiaceae","Geophila","repens","(L.) I.M.Johnst.","RUBIACEAE Geophila repens (L.) I.M.Johnst.","81102","GBIF","UEC","Passos, F.B.","126","Native","Ouro","Low","https://images.cria.org.br/viewer/UEC110994","Estação Ecológica dos Caetetus."
"ÁREA DE PROTEÇÃO AMBIENTAL RIO BATALHA","Angiosperms","Rubiaceae","Guettarda","uruguensis","Cham. & Schltdl.","RUBIACEAE Guettarda uruguensis Cham. & Schltdl.","SP0334562","Splink","SP",,"274","Native","Bronze","Low",,"Mata Ciliar, Rio Batalha"
"ÁREA DE PROTEÇÃO AMBIENTAL RIO BATALHA","Angiosperms","Rubiaceae","Hexasepalum","teres","(Walter) J.H.Kirkbr.","RUBIACEAE Hexasepalum teres (Walter) J.H.Kirkbr.","118202","GBIF","UEC","Bertoncini, A.P.","1097","Native","Bronze","Low","https://images.cria.org.br/viewer/UEC110004",
"ÁREA DE PROTEÇÃO AMBIENTAL RIO BATALHA","Angiosperms","Rubiaceae","Ixora","venulosa","Benth.","RUBIACEAE Ixora venulosa Benth.","779156","GBIF","NY","Miranda, L.","376","Native","Ouro","Low",,"Rio Batalha, margem esquerda-divisa interna Parc. 5, dique."
"ÁREA DE PROTEÇÃO AMBIENTAL RIO BATALHA","Angiosperms","Rubiaceae","Manettia","chrysoderma","Sprague","RUBIACEAE Manettia chrysoderma Sprague","36147","GBIF","IAC","Assis, P.F.","72","Native","Ouro","Medium",,"Fazenda Santa Rita"
"ÁREA DE PROTEÇÃO AMBIENTAL RIO BATALHA","Angiosperms","Rubiaceae","Manettia","cordifolia","Mart.","RUBIACEAE Manettia cordifolia Mart.","118094","GBIF","UEC","Bertoncini, A.P.","930","Native","Ouro","Low","https://images.cria.org.br/viewer/UEC111343",
"ÁREA DE PROTEÇÃO AMBIENTAL RIO BATALHA","Angiosperms","Rubiaceae","Manettia","luteo-rubra","(Vell.) Benth.","RUBIACEAE Manettia luteo-rubra (Vell.) Benth.","153510","GBIF","UEC","Lima, M.I.R.G.","13","Native","Ouro","Low","https://images.cria.org.br/viewer/UEC033517","Estação Ecológica de Caetetus &nf;Trilha 14, depois do rio"
"ÁREA DE PROTEÇÃO AMBIENTAL RIO BATALHA","Angiosperms","Rubiaceae","Oldenlandia","corymbosa","L.","RUBIACEAE Oldenlandia corymbosa var. corymbosa L.","54063","GBIF","IAC","Miranda, L.C.","462","Unknown","Ouro","Low",,"Rio Batalha"
"ÁREA DE PROTEÇÃO AMBIENTAL RIO BATALHA","Angiosperms","Rubiaceae","Palicourea","croceoides","Ham.","RUBIACEAE Palicourea croceoides Ham.","HRJ00012923","GBIF","HRJ","Miranda, L.C.","391","Native","Bronze","Low",,"Rio Batalha, margem esquerda, dique."
"ÁREA DE PROTEÇÃO AMBIENTAL RIO BATALHA","Angiosperms","Rubiaceae","Psychotria","carthagenensis","Jacq.","RUBIACEAE Psychotria carthagenensis Jacq.","39894","GBIF","SPSF","Souza, F.M.","984","Native","Prata","High",,"Estação Ecológica de Bauru"
"ÁREA DE PROTEÇÃO AMBIENTAL RIO BATALHA","Angiosperms","Rubiaceae","Randia","armata","(Sw.) DC.","RUBIACEAE Randia armata (Sw.) DC.","118098","GBIF","UEC","Bertoncini, A.P.","938","Native","Ouro","Low","https://images.cria.org.br/viewer/UEC117799",
"ÁREA DE PROTEÇÃO AMBIENTAL RIO BATALHA","Angiosperms","Rubiaceae","Richardia","brasiliensis","Gomes","RUBIACEAE Richardia brasiliensis Gomes","26149","GBIF","JPB","Bertoncini","1078","Native","Ouro","Low",,
"ÁREA DE PROTEÇÃO AMBIENTAL RIO BATALHA","Angiosperms","Rutaceae","Citrus",,"(L.) Osbeck","RUTACEAE Citrus ×limon (L.) Osbeck","118205","GBIF","UEC","Bertoncini, A.P.","1108","Cultivated","Ouro","Low","https://images.cria.org.br/viewer/UEC042741","Terra Indígena Araribá, Aldeia Guarani."
"ÁREA DE PROTEÇÃO AMBIENTAL RIO BATALHA","Angiosperms","Rutaceae","Esenbeckia","febrifuga","(A.St.-Hil.) A. Juss. ex Mart.","RUTACEAE Esenbeckia febrifuga (A.St.-Hil.) A. Juss. ex Mart.","RB00757572","GBIF","RB","Colletta, G.D.","576","Native","Ouro","Low","jbrj-public-img.s3-sa-east-1.amazonaws.com/JPG/rb/0/75/75/72/00757572.jpg","Sítio Lagoa Azul, Mata em volta da represa"
"ÁREA DE PROTEÇÃO AMBIENTAL RIO BATALHA","Angiosperms","Rutaceae","Esenbeckia","grandiflora","Mart.","RUTACEAE Esenbeckia grandiflora Mart.","79184","GBIF","UEC","Passos, F.B.","65","Native","Bronze","Low","https://images.cria.org.br/viewer/UEC031461","Est. Ecol. dos Caetetus."
"ÁREA DE PROTEÇÃO AMBIENTAL RIO BATALHA","Angiosperms","Rutaceae","Esenbeckia","leiocarpa","Engl.","RUTACEAE Esenbeckia leiocarpa Engl.","80740","GBIF","UEC","Passos, F.C.","FP98","Native","Ouro","Low","https://images.cria.org.br/viewer/UEC021143","Est. Ecológica dos Caetetus"
"ÁREA DE PROTEÇÃO AMBIENTAL RIO BATALHA","Angiosperms","Rutaceae","Helietta","apiculata","Benth.","RUTACEAE Helietta apiculata Benth.","MBM00442788","GBIF","MBM","Tomazi, A.","137","Native","Ouro","Low","jbrj-public.s3-sa-east-1.amazonaws.com/fsi/server?type=image&source=DZI/mbm/mbm/0/44/27/88/mbm00442788.dzi","Ferrovia Bauru-Tupã"
"ÁREA DE PROTEÇÃO AMBIENTAL RIO BATALHA","Angiosperms","Rutaceae","Metrodorea","nigra","A.St.-Hil.","RUTACEAE Metrodorea nigra A.St.-Hil.","39885","GBIF","SPSF","Souza, F.M.","975","Native","Prata","High",,"Estação Ecológica de Bauru"
"ÁREA DE PROTEÇÃO AMBIENTAL RIO BATALHA","Angiosperms","Rutaceae","Pilocarpus","pauciflorus","A.St.-Hil.","RUTACEAE Pilocarpus pauciflorus subsp. pauciflorus A.St.-Hil.","71591","GBIF","UEC","Pirani, J.R.","3233","Native","Ouro","Low","https://images.cria.org.br/viewer/UEC031395","Estação Ecológica dos Caetetus"
"ÁREA DE PROTEÇÃO AMBIENTAL RIO BATALHA","Angiosperms","Rutaceae","Pilocarpus","pennatifolius","Lem.","RUTACEAE Pilocarpus pennatifolius Lem.","118881","GBIF","ESA","Colletta, G.D.","666","Native","Bronze","Low",,"Morro da antena"
"ÁREA DE PROTEÇÃO AMBIENTAL RIO BATALHA","Angiosperms","Rutaceae","Zanthoxylum","caribaeum","Lam.","RUTACEAE Zanthoxylum caribaeum Lam.","2980","GBIF","BOTU","Assis-Camargo, P.F.T.N.","401","Native","Ouro","Medium",,"Fazenda Santa Rita. Mata mesófila semidecídua de encosta - topo da ""cuesta""."
"ÁREA DE PROTEÇÃO AMBIENTAL RIO BATALHA","Angiosperms","Rutaceae","Zanthoxylum","fagara","(L.) Sarg.","RUTACEAE Zanthoxylum fagara (L.) Sarg.","2801","GBIF","BOTU","Assis-Camargo, P.F.C.L.","424","Native","Ouro","Medium",,"Fazenda Santa Rita. Borda de mata mesófila semidecídua de encosta."
"ÁREA DE PROTEÇÃO AMBIENTAL RIO BATALHA","Angiosperms","Rutaceae","Zanthoxylum","rhoifolium","Lam.","RUTACEAE Zanthoxylum rhoifolium Lam.","SPSF00002642","Splink","SPSF",,,"Native","Latão","High",,"Horto Florestal."
"ÁREA DE PROTEÇÃO AMBIENTAL RIO BATALHA","Angiosperms","Salicaceae","Casearia","gossypiosperma","Briq.","SALICACEAE Casearia gossypiosperma Briq.","35818","GBIF","IAC","Camargo, P.F.A.","476","Native","Ouro","Medium",,"Fazenda Santa Rita"
"ÁREA DE PROTEÇÃO AMBIENTAL RIO BATALHA","Angiosperms","Salicaceae","Casearia","lasiophylla","Eichler","SALICACEAE Casearia lasiophylla Eichler","RB00738147","GBIF","RB","Colletta, G.D.","568","Native","Ouro","Low","jbrj-public-img.s3-sa-east-1.amazonaws.com/JPG/rb/0/73/81/47/00738147.jpg","Sítio Lagoa Azul, Mata em volta da represa"
"ÁREA DE PROTEÇÃO AMBIENTAL RIO BATALHA","Angiosperms","Salicaceae","Casearia","sylvestris","Sw.","SALICACEAE Casearia sylvestris Sw.","35819","GBIF","IAC","Camargo, P.F.A.","398","Native","Ouro","Medium",,"Fazenda Santa Rita"
"ÁREA DE PROTEÇÃO AMBIENTAL RIO BATALHA","Angiosperms","Salicaceae","Prockia","crucis","P.Browne ex L.","SALICACEAE Prockia crucis P.Browne ex L.","39893","GBIF","SPSF","Souza, F.M.","983","Native","Prata","High",,"Estação Ecológica de Bauru"
"ÁREA DE PROTEÇÃO AMBIENTAL RIO BATALHA","Angiosperms","Salicaceae","Salix","humboldtiana","Willd.","SALICACEAE Salix humboldtiana Willd.","308513","GBIF","SP","Assis, P.F.","235","Native","Ouro","Medium",,"Fazenda Santa Rita."
"ÁREA DE PROTEÇÃO AMBIENTAL RIO BATALHA","Angiosperms","Salicaceae","Xylosma","venosa","N.E.Br.","SALICACEAE Xylosma venosa N.E.Br.","38341","GBIF","IAC","Miranda, L.C.","327","Native","Ouro","Low",,"Rio Batalha, margem Esquerda, Parcela 9, Individuo 63"
"ÁREA DE PROTEÇÃO AMBIENTAL RIO BATALHA","Angiosperms","Santalaceae","Phoradendron","crassifolium","(Pohl ex DC.) Eichler","SANTALACEAE Phoradendron crassifolium (Pohl ex DC.) Eichler","071609","GBIF","UEC","Pirani, J.R.","3249","Native","Ouro","Low","https://images.cria.org.br/viewer/UEC014897","Estação ecológica de Caetetus (estação Ecológica Olavo Amaral Ferraz) Mata mesófila semidecídua."
"ÁREA DE PROTEÇÃO AMBIENTAL RIO BATALHA","Angiosperms","Santalaceae","Phoradendron","piperoides","(Kunth) Trel.","SANTALACEAE Phoradendron piperoides (Kunth) Trel.","071606","GBIF","UEC","Pirani, J.R.","3250","Native","Ouro","Low","https://images.cria.org.br/viewer/UEC014840","Estação Ecológica de Caetetus (estação Ecológica Olavo Amaral Ferraz) Mata mesófila semidesídua."
"ÁREA DE PROTEÇÃO AMBIENTAL RIO BATALHA","Angiosperms","Sapindaceae","Allophylus","edulis","(A.St.-Hil. et al.) Hieron. ex Niederl.","SAPINDACEAE Allophylus edulis (A.St.-Hil. et al.) Hieron. ex Niederl.","RB00760710","GBIF","RB","Colletta, G.D.","559","Native","Ouro","Low","jbrj-public-img.s3-sa-east-1.amazonaws.com/JPG/rb/0/76/7/10/00760710.jpg","Sítio Lagoa Azul, Mata em volta da represa"
"ÁREA DE PROTEÇÃO AMBIENTAL RIO BATALHA","Angiosperms","Sapindaceae","Cardiospermum","grandiflorum","Sw.","SAPINDACEAE Cardiospermum grandiflorum Sw.","3023","GBIF","BOTU","Assis-Camargo, P.F.M.C.","208","Native","Bronze","Medium",,"Fazenda santa Rita."
"ÁREA DE PROTEÇÃO AMBIENTAL RIO BATALHA","Angiosperms","Sapindaceae","Cupania","tenuivalvis","Radlk.","SAPINDACEAE Cupania tenuivalvis Radlk.","RB00779318","GBIF","RB","Colletta, G.D.","610","Native","Ouro","Low","jbrj-public-img.s3-sa-east-1.amazonaws.com/JPG/rb/0/77/93/18/00779318.jpg","Sítio Lagoa Azul, Mata em volta da represa"
"ÁREA DE PROTEÇÃO AMBIENTAL RIO BATALHA","Angiosperms","Sapindaceae","Cupania","vernalis","Cambess.","SAPINDACEAE Cupania vernalis Cambess.","3025","GBIF","BOTU","Assis-Camargo, P.F.M.C.","170","Native","Bronze","Medium",,"Fazenda Santa Rita."
"ÁREA DE PROTEÇÃO AMBIENTAL RIO BATALHA","Angiosperms","Sapindaceae","Matayba","elaeagnoides","Radlk.","SAPINDACEAE Matayba elaeagnoides Radlk.","118251","GBIF","UEC","Bertoncini, A.P.","807","Native","Ouro","Low","https://images.cria.org.br/viewer/UEC160169",
"ÁREA DE PROTEÇÃO AMBIENTAL RIO BATALHA","Angiosperms","Sapindaceae","Serjania","caracasana","(Jacq.) Willd.","SAPINDACEAE Serjania caracasana (Jacq.) Willd.","79221","GBIF","UEC","Passos, F.B.","87","Native","Ouro","Low","https://images.cria.org.br/viewer/UEC086397","Ecol. dos Caetetus"
"ÁREA DE PROTEÇÃO AMBIENTAL RIO BATALHA","Angiosperms","Sapindaceae","Serjania","fuscifolia","Radlk.","SAPINDACEAE Serjania fuscifolia Radlk.","ESA096426","GBIF","ESA","Bertoncini, A.P.","832","Native","Ouro","Low","jbrj-public.s3-sa-east-1.amazonaws.com/fsi/server?type=image&source=DZI/esa/esa/0/9/64/26/esa00096426.dzi",
"ÁREA DE PROTEÇÃO AMBIENTAL RIO BATALHA","Angiosperms","Sapindaceae","Serjania","laruotteana","Cambess.","SAPINDACEAE Serjania laruotteana Cambess.","78252","GBIF","UEC","Passos, F.C.","FP20","Native","Ouro","Low","https://images.cria.org.br/viewer/UEC159583","Est. Ecol. dos Caetetus."
"ÁREA DE PROTEÇÃO AMBIENTAL RIO BATALHA","Angiosperms","Sapindaceae","Serjania","meridionalis","Cambess.","SAPINDACEAE Serjania meridionalis Cambess.","77107","GBIF","UEC","Pirani, J.R.","s.n.","Native","Ouro","Low","https://images.cria.org.br/viewer/UEC085935 | https://images.cria.org.br/viewer/UEC085935_c","Estação Ecológica de Caetetus (Estação Ecol. Olavo Amaral Ferraz )."
"ÁREA DE PROTEÇÃO AMBIENTAL RIO BATALHA","Angiosperms","Sapindaceae","Serjania","multiflora","Cambess.","SAPINDACEAE Serjania multiflora Cambess.","79190","GBIF","UEC","Passos, F.C.","FP80","Native","Ouro","Low","https://images.cria.org.br/viewer/UEC062010","Est. Ecol. dos Caetetus"
"ÁREA DE PROTEÇÃO AMBIENTAL RIO BATALHA","Angiosperms","Sapindaceae","Serjania","pinnatifolia","Radlk.","SAPINDACEAE Serjania pinnatifolia Radlk.","44220","GBIF","IAC","Pereira, D.F.","76","Native","Ouro","Low",,
"ÁREA DE PROTEÇÃO AMBIENTAL RIO BATALHA","Angiosperms","Sapindaceae","Urvillea","laevis","Radlk.","SAPINDACEAE Urvillea laevis Radlk.","95188","GBIF","SPF","Pirani, J.R.","3268","Native","Ouro","Low","https://images.cria.org.br/viewer/SPF00095188","Estação Ecológica de Caetetus, Estação Ecológica de Caetetus (Estação Ecológica Olavo do Amaral Ferraz)."
"ÁREA DE PROTEÇÃO AMBIENTAL RIO BATALHA","Angiosperms","Sapotaceae","Chloroluma","gonocarpa","(Mart. & Eichler ex Miq.) Baill. ex Aubrév.","SAPOTACEAE Chloroluma gonocarpa (Mart. & Eichler ex Miq.) Baill. ex Aubrév.","2558","GBIF","SORO","Koch, I.","108","Native","Latão","High",,"Reserva Horto Florestal Bauru"
"ÁREA DE PROTEÇÃO AMBIENTAL RIO BATALHA","Angiosperms","Sapotaceae","Chrysophyllum","marginatum","(Hook. & Arn.) Radlk.","SAPOTACEAE Chrysophyllum marginatum (Hook. & Arn.) Radlk.","SPFR017397","Splink","SPFR",,"608","Native","Ouro","Low",,"Sítio Lagoa Azul, Mata em volta da represa"
"ÁREA DE PROTEÇÃO AMBIENTAL RIO BATALHA","Angiosperms","Sapotaceae","Pouteria","gardneri","(Mart. & Miq.) Baehni","SAPOTACEAE Pouteria gardneri (Mart. & Miq.) Baehni","53826","GBIF","SPSF","Durigan, G.","s/n","Native","Prata","Low",,
"ÁREA DE PROTEÇÃO AMBIENTAL RIO BATALHA","Angiosperms","Smilacaceae","Smilax","campestris","Griseb.","SMILACACEAE Smilax campestris Griseb.","RB00632454","GBIF","RB","Bertoncini","1067","Native","Ouro","Low","jbrj-public-img.s3-sa-east-1.amazonaws.com/JPG/rb/0/63/24/54/00632454.jpg","Aldeia Guarani."
"ÁREA DE PROTEÇÃO AMBIENTAL RIO BATALHA","Angiosperms","Smilacaceae","Smilax","fluminensis","Steud.","SMILACACEAE Smilax fluminensis Steud.","RB00633089","GBIF","RB","Bertoncini, A.P.","1064","Native","Ouro","Low","jbrj-public-img.s3-sa-east-1.amazonaws.com/JPG/rb/0/63/30/89/00633089.jpg","aldeia Guarani;."
"ÁREA DE PROTEÇÃO AMBIENTAL RIO BATALHA","Angiosperms","Solanaceae","Athenaea","picta","(Mart.) Sendtn.","SOLANACEAE Athenaea picta (Mart.) Sendtn.","52601","GBIF","SPSF","Maruyama, A.","999","Native","Bronze","Low",,"Próximo ao contorno da Rodovia Marechal Rondon"
"ÁREA DE PROTEÇÃO AMBIENTAL RIO BATALHA","Angiosperms","Solanaceae","Brunfelsia","pauciflora","(Cham. & Schltdl.) Benth.","SOLANACEAE Brunfelsia pauciflora (Cham. & Schltdl.) Benth.","118226","GBIF","UEC","Bertoncini, A.P.","1063","Native","Ouro","Low","https://images.cria.org.br/viewer/UEC047233","Aldeia Guarani."
"ÁREA DE PROTEÇÃO AMBIENTAL RIO BATALHA","Angiosperms","Solanaceae","Cestrum","mariquitense","Kunth","SOLANACEAE Cestrum mariquitense Kunth","118159","GBIF","UEC","Bertoncini, A.P.","814","Native","Ouro","Low","https://images.cria.org.br/viewer/UEC082895","Aldeia Guarani."
"ÁREA DE PROTEÇÃO AMBIENTAL RIO BATALHA","Angiosperms","Solanaceae","Cestrum","schlechtendalii","G.Don","SOLANACEAE Cestrum schlechtendalii G.Don","71587","GBIF","UEC","Pirani, J.R.","3231","Native","Ouro","Low","https://images.cria.org.br/viewer/UEC078964","Estação Ecológica de Caetetus (Estação Ecol. Olavo Amaral Ferraz). Trilha J, perto da Lagoa."
"ÁREA DE PROTEÇÃO AMBIENTAL RIO BATALHA","Angiosperms","Solanaceae","Cestrum","strigilatum","Ruiz & Pav.","SOLANACEAE Cestrum strigilatum Ruiz & Pav.","ESA100275","Splink","ESA",,"827","Native","Ouro","Low",,
"ÁREA DE PROTEÇÃO AMBIENTAL RIO BATALHA","Angiosperms","Solanaceae","Lycianthes","pauciflora","(Vahl) Bitter","SOLANACEAE Lycianthes pauciflora (Vahl) Bitter","79909","GBIF","UEC","Passos, F.C.","112","Native","Ouro","Low","https://images.cria.org.br/viewer/UEC199057","Estação Ecológica dos Caetetus."
"ÁREA DE PROTEÇÃO AMBIENTAL RIO BATALHA","Angiosperms","Solanaceae","Solanum","americanum","Mill.","SOLANACEAE Solanum americanum Mill.","ESA096494","GBIF","ESA","Bertoncini, A.P.","1091","Native","Ouro","Low","jbrj-public.s3-sa-east-1.amazonaws.com/fsi/server?type=image&source=DZI/esa/esa/0/9/64/94/esa00096494.dzi","Aldeia Guarani"
"ÁREA DE PROTEÇÃO AMBIENTAL RIO BATALHA","Angiosperms","Solanaceae","Solanum","chenopodioides","Lam.","SOLANACEAE Solanum chenopodioides Lam.","118224","GBIF","UEC","Bertoncini, A.P.","1091","Native","Bronze","Low","https://images.cria.org.br/viewer/UEC033773","Aldeia Guarani"
"ÁREA DE PROTEÇÃO AMBIENTAL RIO BATALHA","Angiosperms","Solanaceae","Solanum","didymum","Dunal","SOLANACEAE Solanum didymum Dunal","79911","GBIF","UEC","Passos, F.C.","FP97","Native","Bronze","Low","https://images.cria.org.br/viewer/UEC082242","Est. Ecol. dos Caetetus."
"ÁREA DE PROTEÇÃO AMBIENTAL RIO BATALHA","Angiosperms","Solanaceae","Solanum","granulosoleprosum","Dunal","SOLANACEAE Solanum granulosoleprosum Dunal","79906","GBIF","UEC","Passos, F.C.","109","Native","Latão","Low","https://images.cria.org.br/viewer/UEC074024","Est. Ecol. dos Caetetus."
"ÁREA DE PROTEÇÃO AMBIENTAL RIO BATALHA","Angiosperms","Solanaceae","Solanum","hirtellum","(Spreng.) Hassl.","SOLANACEAE Solanum hirtellum (Spreng.) Hassl.","79907","GBIF","UEC","Passos, F.C.","111","Native","Ouro","Low","https://images.cria.org.br/viewer/UEC047199","Estação Ecológica dos Caetetus."
"ÁREA DE PROTEÇÃO AMBIENTAL RIO BATALHA","Angiosperms","Solanaceae","Solanum","oocarpum","Sendtn.","SOLANACEAE Solanum oocarpum Sendtn.","105045","Splink","CEPEC",,"633","Native","Latão","Low",,
"ÁREA DE PROTEÇÃO AMBIENTAL RIO BATALHA","Angiosperms","Solanaceae","Solanum","palinacanthum","Dunal","SOLANACEAE Solanum palinacanthum Dunal","118184","GBIF","UEC","Bertoncini, A.P.","1090","Native","Bronze","Low","https://images.cria.org.br/viewer/UEC065376","Aldeia Guarani."
"ÁREA DE PROTEÇÃO AMBIENTAL RIO BATALHA","Angiosperms","Solanaceae","Solanum","paniculatum","L.","SOLANACEAE Solanum paniculatum L.","HPL011010","Splink","HPL",,"993","Native","Prata","High",,"Coletado na Estação Ecológica de Bauru, Floresta Estacional Semidecidual; em área de capoeirão, na divisa com a fazenda, antigo aceiro abandonado. (SAD69, Zona 22K) S 22°; 14' 04""; W 49° 04' 26"" (613m.s.m.)"
"ÁREA DE PROTEÇÃO AMBIENTAL RIO BATALHA","Angiosperms","Solanaceae","Solanum","torvum","Sw.","SOLANACEAE Solanum torvum Sw.","108601","GBIF","UEC","Assis, P.F.","209","Native","Bronze","Medium","https://images.cria.org.br/viewer/UEC078635","Fazenda Santa Rita"
"ÁREA DE PROTEÇÃO AMBIENTAL RIO BATALHA","Ferns and Lycophytes","Thelypteridaceae",,,"Pic.Serm.","THELYPTERIDACEAE Thelypteridaceae Pic.Serm.","MBM00442778","GBIF","MBM","Tomazi, A.","127",,"Ouro","Low","jbrj-public.s3-sa-east-1.amazonaws.com/fsi/server?type=image&source=DZI/mbm/mbm/0/44/27/78/mbm00442778.dzi","Ferrovia Bauru-Tupã"
"ÁREA DE PROTEÇÃO AMBIENTAL RIO BATALHA","Angiosperms","Tiliaceae",,,"Juss.","TILIACEAE Malvaceae Juss.","78169","GBIF","UEC","Passos, F.C.","FP34",,"Latão","Low",,"Est. Ecol. dos Caetetus"
"ÁREA DE PROTEÇÃO AMBIENTAL RIO BATALHA","Angiosperms","Trigoniaceae","Trigonia","nivea","Cambess.","TRIGONIACEAE Trigonia nivea Cambess.","29062","GBIF","BOTU","Paiva, E.A.S.","73","Native","Bronze","Low",,
"ÁREA DE PROTEÇÃO AMBIENTAL RIO BATALHA","Angiosperms","Ulmaceae",,,"Mirb.","ULMACEAE Ulmaceae Mirb.","102136","GBIF","ESA","Bertoncini, A.P.","883",,"Ouro","Low","https://images.cria.org.br/viewer/ESA102136",
"ÁREA DE PROTEÇÃO AMBIENTAL RIO BATALHA","Angiosperms","Urticaceae","Cecropia","pachystachya","Trécul","URTICACEAE Cecropia pachystachya Trécul","334594","GBIF","SP","Miranda, L.C.","332","Native","Ouro","Low",,"Rio Batalha"
"ÁREA DE PROTEÇÃO AMBIENTAL RIO BATALHA","Angiosperms","Verbenaceae","Aloysia","virgata","(Ruiz & Pav.) Juss.","VERBENACEAE Aloysia virgata (Ruiz & Pav.) Juss.","ESA100392","Splink","ESA",,"810","Native","Bronze","Low",,
"ÁREA DE PROTEÇÃO AMBIENTAL RIO BATALHA","Angiosperms","Verbenaceae","Duranta",,"L.","VERBENACEAE Duranta L.","118178","GBIF","UEC","Bertoncini, A.P.","1132",,"Latão","Low",,"Aldeia Guarani"
"ÁREA DE PROTEÇÃO AMBIENTAL RIO BATALHA","Angiosperms","Verbenaceae","Lantana","camara","L.","VERBENACEAE Lantana camara L.","118127","GBIF","UEC","Bertoncini, A.P.","858","Naturalized","Bronze","Low",,"Aldeia Guarani, Pastagem próximo a fragmento de floresta estacional semidecidual submontana."
"ÁREA DE PROTEÇÃO AMBIENTAL RIO BATALHA","Angiosperms","Verbenaceae","Lantana","canescens","Kunth","VERBENACEAE Lantana canescens Kunth","308550","Splink","SP",,"261","Native","Ouro","Medium",,"Fazenda Santa Rita"
"ÁREA DE PROTEÇÃO AMBIENTAL RIO BATALHA","Angiosperms","Verbenaceae","Lantana","fucata","Lindl.","VERBENACEAE Lantana fucata Lindl.","MBM442782","Splink","MBM",,"131","Native","Bronze","Low",,"Ferrovia Bauru-Tupã"
"ÁREA DE PROTEÇÃO AMBIENTAL RIO BATALHA","Angiosperms","Verbenaceae","Lippia","origanoides","Kunth","VERBENACEAE Lippia origanoides Kunth","CESJ037506","Splink","CESJ",,"261","Native","Ouro","Medium",,"Fazenda Santa Rita, Topo da ""cuesta""-borda."
"ÁREA DE PROTEÇÃO AMBIENTAL RIO BATALHA","Angiosperms","Verbenaceae","Petrea","volubilis","L.","VERBENACEAE Petrea volubilis L.","118193","GBIF","UEC","Bertoncini, A.P.","881","Native","Bronze","Low",,"Aldeia Guarani"
"ÁREA DE PROTEÇÃO AMBIENTAL RIO BATALHA","Angiosperms","Verbenaceae","Stachytarpheta","cayennensis","(Rich.) Vahl","VERBENACEAE Stachytarpheta cayennensis (Rich.) Vahl","2064","Splink","UNBA",,,"Native","Prata","Low",,"Brasil, Avaí (SP), aldeia Guarani; 22º10', 22º20'S, 49º19', 49º23'W"
"ÁREA DE PROTEÇÃO AMBIENTAL RIO BATALHA","Angiosperms","Violaceae","Pombalia","bigibbosa","(A.St.-Hil.) Paula-Souza","VIOLACEAE Pombalia bigibbosa (A.St.-Hil.) Paula-Souza","118254","GBIF","UEC","Bertoncini, A.P.","840","Native","Ouro","Low",,
"ÁREA DE PROTEÇÃO AMBIENTAL RIO BATALHA","Angiosperms","Vochysiaceae","Qualea","cordata","Spreng.","VOCHYSIACEAE Qualea cordata Spreng.","MBM00442783","GBIF","MBM","Tomazi, A.","132","Native","Ouro","Low","jbrj-public.s3-sa-east-1.amazonaws.com/fsi/server?type=image&source=DZI/mbm/mbm/0/44/27/83/mbm00442783.dzi","Ferrovia Bauru-Tupã"
"ÁREA DE PROTEÇÃO AMBIENTAL RIO BATALHA","Angiosperms","Vochysiaceae","Qualea","dichotoma","(Mart.) Warm.","VOCHYSIACEAE Qualea dichotoma (Mart.) Warm.","53825","GBIF","SPSF","Durigan, G.","s/n","Native","Prata","Low",,
"ÁREA DE PROTEÇÃO AMBIENTAL RIO BATALHA","Angiosperms","Vochysiaceae","Qualea","multiflora","Mart.","VOCHYSIACEAE Qualea multiflora Mart.","118233","GBIF","UEC","Bertoncini, A.P.","886","Native","Ouro","Low",,
"ÁREA DE PROTEÇÃO AMBIENTAL RIO BATALHA","Angiosperms","Vochysiaceae","Vochysia","tucanorum","Mart.","VOCHYSIACEAE Vochysia tucanorum Mart.","ESA096491","GBIF","ESA","Bertoncini, A.P.","1113","Native","Ouro","Low","jbrj-public.s3-sa-east-1.amazonaws.com/fsi/server?type=image&source=DZI/esa/esa/0/9/64/91/esa00096491.dzi",
"ÁREA DE PROTEÇÃO AMBIENTAL RIO BATALHA","Angiosperms","Zingiberaceae","Hedychium","coronarium","J.Koenig","ZINGIBERACEAE Hedychium coronarium J.Koenig",,"GBIF",,,,"Naturalized","Latão","Low",,
