"UC","Grupos","Família","Gênero","Espécie","Autor","Táxon_completo","Barcode","BD_Origem","Herbário","Coletor","Número_da_Coleta","Origem_FFBr","ConfiançaID","ConfiançaLoc","Localidade"
"ÁREA DE PROTEÇÃO AMBIENTAL JUNDIAÍ","Angiosperms","Acanthaceae","Aphelandra","longiflora","(Lindl.) Profice","ACANTHACEAE Aphelandra longiflora (Lindl.) Profice","UEC167879","Splink","UEC",,"224","Native","Bronze","Low","Reserva Biológica da Serra do Japi, Trilha da Base Ecológica, em meio à mata"
"ÁREA DE PROTEÇÃO AMBIENTAL JUNDIAÍ","Angiosperms","Acanthaceae","Aphelandra","schottiana","(Nees) Profice","ACANTHACEAE Aphelandra schottiana (Nees) Profice","76632","GBIF","UEC","Pirani, J.R.","s.n.","Native","Ouro","Medium","Serra do Japi, Trilha do Mirante."
"ÁREA DE PROTEÇÃO AMBIENTAL JUNDIAÍ","Angiosperms","Acanthaceae","Asystasia","gangetica","(L.) T.Anderson","ACANTHACEAE Asystasia gangetica (L.) T.Anderson",,"GBIF",,,,"Naturalized","Latão","Low",
"ÁREA DE PROTEÇÃO AMBIENTAL JUNDIAÍ","Angiosperms","Acanthaceae","Dicliptera","squarrosa","Nees","ACANTHACEAE Dicliptera squarrosa Nees","49615","GBIF","HRCB","Lombardi, J.A.","7333","Native","Ouro","Low","Reserva Biológica Municipal da Serra do Japi. Trilha Passarinheiros"
"ÁREA DE PROTEÇÃO AMBIENTAL JUNDIAÍ","Angiosperms","Acanthaceae","Dyschoriste",,"Nees","ACANTHACEAE Dyschoriste Nees","49772","GBIF","HRCB","Lombardi, J.A.","7418",,"Ouro","Low","Reserva Biológica Municipal da Serra do Japi. Trilha Base/Mirante/DAE/Filipini/Base"
"ÁREA DE PROTEÇÃO AMBIENTAL JUNDIAÍ","Angiosperms","Acanthaceae","Eranthemum","pulchellum","Andrews","ACANTHACEAE Eranthemum pulchellum Andrews","50094","GBIF","HRCB","Lombardi, J.A.","7437","Cultivated","Bronze","Low","Reserva Biológica Municipal da Serra do Japi Estrada da Cascalheira até o fim, depois trilha à direita até o córrego"
"ÁREA DE PROTEÇÃO AMBIENTAL JUNDIAÍ","Angiosperms","Acanthaceae","Hygrophila","costata","Nees & T. Nees","ACANTHACEAE Hygrophila costata Nees & T. Nees","111573","GBIF","UEC","Aona, L.Y.S.","681","Native","Ouro","Low","Base Ecológica Serra do Japi, Brejos localizados na estrada para casa do Cidinho."
"ÁREA DE PROTEÇÃO AMBIENTAL JUNDIAÍ","Angiosperms","Acanthaceae","Justicia","carnea","Lindl.","ACANTHACEAE Justicia carnea Lindl.","154739","Splink","SP",,"20","Native","Ouro","Low","Serra do Japí."
"ÁREA DE PROTEÇÃO AMBIENTAL JUNDIAÍ","Angiosperms","Acanthaceae","Justicia","kleinii","Wassh. & L.B.Sm.","ACANTHACEAE Justicia kleinii Wassh. & L.B.Sm.","33761","GBIF","UEC","Begossi, A.","15006","Native","Latão","Low","Serra do Japi"
"ÁREA DE PROTEÇÃO AMBIENTAL JUNDIAÍ","Angiosperms","Acanthaceae","Justicia","lythroides","(Pohl ex Nees) V.A.W.Graham","ACANTHACEAE Justicia lythroides (Pohl ex Nees) V.A.W.Graham","541688","Splink","SP",,"592","Native","Ouro","Low","IAC, Estação Experimental"
"ÁREA DE PROTEÇÃO AMBIENTAL JUNDIAÍ","Angiosperms","Acanthaceae","Mendoncia","puberula","Mart.","ACANTHACEAE Mendoncia puberula Mart.","RB00868816","GBIF","RB","Souza, V.C.","34175","Native","Ouro","Low","Beira da Rodovia dos Bandeirantes. Floresta estacional decidual bastante degradada. Projeto TAV. Levantamento Florístico 1."
"ÁREA DE PROTEÇÃO AMBIENTAL JUNDIAÍ","Angiosperms","Acanthaceae","Mendoncia","velloziana","Mart.","ACANTHACEAE Mendoncia velloziana Mart.","2688","GBIF","SHPR","Biral, L.","3150","Native","Ouro","Low","Reserva Biológica Municipal da Serra do Japi"
"ÁREA DE PROTEÇÃO AMBIENTAL JUNDIAÍ","Angiosperms","Acanthaceae","Poikilacanthus","glandulosus","(Nees) Ariza","ACANTHACEAE Poikilacanthus glandulosus (Nees) Ariza","UEC167895","Splink","UEC",,"235","Native","Bronze","Low","Reserva Biológica da Serra do Japi, Estrada Antiga da Malota"
"ÁREA DE PROTEÇÃO AMBIENTAL JUNDIAÍ","Angiosperms","Acanthaceae","Pseuderanthemum","jundiaiense","M.C.Rodrigues & V.C.Souza","ACANTHACEAE Pseuderanthemum jundiaiense M.C.Rodrigues & V.C.Souza","275782","GBIF","SP","Magenta, M.A.G.","24","Native","Ouro","Low","Serra do Japi"
"ÁREA DE PROTEÇÃO AMBIENTAL JUNDIAÍ","Angiosperms","Acanthaceae","Ruellia","brevifolia","(Pohl) C.Ezcurra","ACANTHACEAE Ruellia brevifolia (Pohl) C.Ezcurra","69254190","GBIF","Observations","Guto_carvalho",,"Native","Ouro","Low","Jundiaí, BR-SP, BR"
"ÁREA DE PROTEÇÃO AMBIENTAL JUNDIAÍ","Angiosperms","Acanthaceae","Ruellia","simplex","C.Wright","ACANTHACEAE Ruellia simplex C.Wright",,"GBIF",,,,"Native","Latão","Low",
"ÁREA DE PROTEÇÃO AMBIENTAL JUNDIAÍ","Angiosperms","Acanthaceae","Thunbergia","alata","Bojer ex Sims","ACANTHACEAE Thunbergia alata Bojer ex Sims",,"GBIF",,,,"Naturalized","Latão","Low",
"ÁREA DE PROTEÇÃO AMBIENTAL JUNDIAÍ","Angiosperms","Acanthaceae","Thunbergia","erecta","(Benth.) T.Anderson","ACANTHACEAE Thunbergia erecta (Benth.) T.Anderson","206986051","GBIF","Observations","Felipedias",,"Naturalized","Bronze","Low","Jundiaí, BR-SP, BR"
"ÁREA DE PROTEÇÃO AMBIENTAL JUNDIAÍ",,"Acanthaceae|Rubiaceae","Justicia|Gonzalagunia",,"L.|Ruiz & Pav.","ACANTHACEAE|RUBIACEAE Justicia L.|Gonzalagunia Ruiz & Pav.","IBGE00022233","Splink","IBGE",,"16414",,"Bronze","Low","Serra Japí. Folha Cartográfica SF-23-Y-C Coordenada Calculada."
"ÁREA DE PROTEÇÃO AMBIENTAL JUNDIAÍ","Angiosperms","Adoxaceae","Sambucus","nigra","L.","ADOXACEAE Sambucus nigra L.","48329","GBIF","HRCB","Lombardi, J.A.","6845","Naturalized","Latão","Low","Reserva Biológica Municipal da Serra do Japi, Base-Mirante-estrada para DAE"
"ÁREA DE PROTEÇÃO AMBIENTAL JUNDIAÍ","Angiosperms","Alismataceae","Sagittaria","rhombifolia","Cham.","ALISMATACEAE Sagittaria rhombifolia Cham.","6470","GBIF","SP","Brade, A.C.","7175","Native","Ouro","Low",
"ÁREA DE PROTEÇÃO AMBIENTAL JUNDIAÍ","Angiosperms","Alstroemeriaceae","Alstroemeria","cunha","Vell.","ALSTROEMERIACEAE Alstroemeria cunha Vell.","49409","GBIF","HRCB","Lombardi, J.A.","7312","Native","Bronze","Low","Reserva Biológica Municipal da Serra do Japi Base - Mirante - estrada para DAE - cachoeira das Jabuticabas - Base"
"ÁREA DE PROTEÇÃO AMBIENTAL JUNDIAÍ","Angiosperms","Alstroemeriaceae","Alstroemeria","plantaginea","Mart. ex Schult. & Schult.f.","ALSTROEMERIACEAE Alstroemeria plantaginea Mart. ex Schult. & Schult.f.","UEC167882","Splink","UEC",,"232","Native","Bronze","Low","Reserva Biológica da Serra do Japi, Estrada Antiga da Malota"
"ÁREA DE PROTEÇÃO AMBIENTAL JUNDIAÍ","Angiosperms","Alstroemeriaceae","Bomarea","edulis","(Tussac) Herb.","ALSTROEMERIACEAE Bomarea edulis (Tussac) Herb.","48999","GBIF","HRCB","Lombardi, J.A.","7059","Native","Bronze","Low","Reserva Biológica Municipal da Serra do Japi Base - Cidinho - estrada da Cascalheira - Av. Brasil Tamega - Base"
"ÁREA DE PROTEÇÃO AMBIENTAL JUNDIAÍ","Angiosperms","Amaranthaceae","Alternanthera","brasiliana","(L.) Kuntze","AMARANTHACEAE Alternanthera brasiliana var. brasiliana (L.) Kuntze","26747","GBIF","UEC","Vasconcellos-Neto, J.","s.n.","Native","Bronze","Medium","Serra do Japi. Mata do baixo."
"ÁREA DE PROTEÇÃO AMBIENTAL JUNDIAÍ","Angiosperms","Amaranthaceae","Alternanthera","brasiliana","(Moq.) Kuntze","AMARANTHACEAE Alternanthera brasiliana var. villosa (Moq.) Kuntze","41023","GBIF","UEC","Lima, R.F.","16359","Native","Bronze","Low","Serra do Japi."
"ÁREA DE PROTEÇÃO AMBIENTAL JUNDIAÍ","Angiosperms","Amaranthaceae","Alternanthera","philoxeroides","(Mart.) Griseb.","AMARANTHACEAE Alternanthera philoxeroides (Mart.) Griseb.",,"GBIF",,,,"Native","Latão","Low",
"ÁREA DE PROTEÇÃO AMBIENTAL JUNDIAÍ","Angiosperms","Amaranthaceae","Alternanthera","rufa","(Mart.) D.Dietr.","AMARANTHACEAE Alternanthera rufa (Mart.) D.Dietr.","1723","GBIF","SHPR","Biral, L.","2791","Native","Bronze","Low","Reserva Biológica Municipal da Serra do Japi"
"ÁREA DE PROTEÇÃO AMBIENTAL JUNDIAÍ","Angiosperms","Amaranthaceae","Alternanthera","tenella","Colla","AMARANTHACEAE Alternanthera tenella Colla","47705","GBIF","HRCB","Lombardi, J.A.","6737","Native","Ouro","Low","Reserva Municipal da Serra do Japi Trilha Base/Passarinheiros/Av. Brasil até próximo a Rodovia Bandeirantes/Base"
"ÁREA DE PROTEÇÃO AMBIENTAL JUNDIAÍ",,"Amaranthaceae","Amaranthus","oleraceus","L.","AMARANTHACEAE Amaranthus oleraceus L.","51416","GBIF","BHCB","Reis, V.A.","24",,"Latão","Low","Muros de residências."
"ÁREA DE PROTEÇÃO AMBIENTAL JUNDIAÍ","Angiosperms","Amaranthaceae","Amaranthus","viridis","L.","AMARANTHACEAE Amaranthus viridis L.","51411","GBIF","BHCB","Reis, V.A.","19","Naturalized","Latão","Low","Muros de residências."
"ÁREA DE PROTEÇÃO AMBIENTAL JUNDIAÍ","Angiosperms","Amaranthaceae","Celosia","argentea","L.","AMARANTHACEAE Celosia argentea L.",,"GBIF",,,,"Naturalized","Latão","Low",
"ÁREA DE PROTEÇÃO AMBIENTAL JUNDIAÍ","Angiosperms","Amaranthaceae","Chamissoa","acuminata","Mart.","AMARANTHACEAE Chamissoa acuminata Mart.","RB00866308","GBIF","RB","Souza, V.C.","34143","Native","Ouro","Low","Beira da Rodovia dos Bandeirantes. Floresta estacional decidual bastante degradada. Projeto TAV. Levantamento Florístico 1."
"ÁREA DE PROTEÇÃO AMBIENTAL JUNDIAÍ","Angiosperms","Amaranthaceae","Chamissoa","altissima","(Jacq.) Kunth","AMARANTHACEAE Chamissoa altissima (Jacq.) Kunth","47727","GBIF","HRCB","Lombardi, J.A.","6759","Native","Ouro","Low","Reserva Municipal da Serra do Japi Trilha Base/Passarinheiros/Av. Brasil até próximo a Rodovia Bandeirantes/Base"
"ÁREA DE PROTEÇÃO AMBIENTAL JUNDIAÍ","Angiosperms","Amaranthaceae","Dysphania","ambrosioides","(L.) Mosyakin & Clemants","AMARANTHACEAE Dysphania ambrosioides (L.) Mosyakin & Clemants","49396","GBIF","HRCB","Lombardi, J.A.","7299","Naturalized","Bronze","Low","Reserva Biológica Municipal da Serra do Japi Base-Mirante-estrada para DAE-cachoeira das Jabuticabas-Base"
"ÁREA DE PROTEÇÃO AMBIENTAL JUNDIAÍ","Angiosperms","Amaranthaceae","Gomphrena","globosa","L.","AMARANTHACEAE Gomphrena globosa L.",,"GBIF",,,,"Naturalized","Latão","Low",
"ÁREA DE PROTEÇÃO AMBIENTAL JUNDIAÍ","Angiosperms","Amaranthaceae","Hebanthe","erianthos","(Poir.) Pedersen","AMARANTHACEAE Hebanthe erianthos (Poir.) Pedersen","6987","GBIF","FCAB","Sakuragui, C.M.",,"Native","Ouro","Medium","Serra do japi."
"ÁREA DE PROTEÇÃO AMBIENTAL JUNDIAÍ","Angiosperms","Amaranthaceae","Iresine","diffusa","Humb. & Bonpl. ex Willd.","AMARANTHACEAE Iresine diffusa Humb. & Bonpl. ex Willd.","26695","GBIF","UEC","Joly, C.A.","s.n.","Native","Ouro","Medium","Serra do Japi."
"ÁREA DE PROTEÇÃO AMBIENTAL JUNDIAÍ","Angiosperms","Amaranthaceae","Pfaffia","gnaphaloides","(L.f.) Mart.","AMARANTHACEAE Pfaffia gnaphaloides (L.f.) Mart.","47349","GBIF","HRCB","Lombardi, J.A.","6598","Native","Ouro","Low","Reserva Biologica da Municipal Serra do Japi, trilha Base/Mirante/Base."
"ÁREA DE PROTEÇÃO AMBIENTAL JUNDIAÍ","Angiosperms","Amaranthaceae","Pfaffia","tuberosa","(Spreng.) Hicken","AMARANTHACEAE Pfaffia tuberosa (Spreng.) Hicken","US 389710","GBIF","US","Novaes, C.","423","Native","Ouro","Low","Jundiahy."
"ÁREA DE PROTEÇÃO AMBIENTAL JUNDIAÍ","Angiosperms","Amaryllidaceae","Crinum",,"L.","AMARYLLIDACEAE Crinum L.","50658","GBIF","HRCB","Lombardi, J.A.","7520",,"Bronze","Low","Reserva Biológica Municipal da Serra do Japi Trilha Base/Mirante/DAE/Base"
"ÁREA DE PROTEÇÃO AMBIENTAL JUNDIAÍ","Angiosperms","Amaryllidaceae","Hippeastrum","striatum","(Lam.) Moore","AMARYLLIDACEAE Hippeastrum striatum (Lam.) Moore","174133","GBIF","UEC","Dutilh, J.H.A.","s.n.","Native","Bronze","Medium","Serra do Japi"
"ÁREA DE PROTEÇÃO AMBIENTAL JUNDIAÍ","Angiosperms","Amaryllidaceae","Nothoscordum","gracile","(Aiton) Stearn","AMARYLLIDACEAE Nothoscordum gracile (Aiton) Stearn","50657","GBIF","HRCB","Lombardi, J.A.","7519","Native","Bronze","Low","Reserva Biológica Municipal da Serra do Japi Trilha Base/Mirante/DAE/Base"
"ÁREA DE PROTEÇÃO AMBIENTAL JUNDIAÍ","Angiosperms","Anacardiaceae","Anacardium","occidentale","L.","ANACARDIACEAE Anacardium occidentale L.",,"GBIF",,,,"Native","Latão","Low",
"ÁREA DE PROTEÇÃO AMBIENTAL JUNDIAÍ","Angiosperms","Anacardiaceae","Lithraea","molleoides","(Vell.) Engl.","ANACARDIACEAE Lithraea molleoides (Vell.) Engl.","HUFU00000644","GBIF","HUFU","Ccj.","10","Native","Ouro","Medium","Serra do Japí, Sítio do Mandão."
"ÁREA DE PROTEÇÃO AMBIENTAL JUNDIAÍ","Angiosperms","Anacardiaceae","Schinus","terebinthifolia","Engl.","ANACARDIACEAE Schinus terebinthifolia var. pohliana Engl.","40778","GBIF","UEC","Morellato-Fonzar, L.P.C.","16702","Native","Latão","Medium","Serra do Japi, Estrada do Mirante."
"ÁREA DE PROTEÇÃO AMBIENTAL JUNDIAÍ","Angiosperms","Anacardiaceae","Tapirira","guianensis","Aubl.","ANACARDIACEAE Tapirira guianensis Aubl.","49173","GBIF","UEC","Morellato-Fonzar, L.P.C.","16633","Native","Ouro","Medium","Serra do Japi"
"ÁREA DE PROTEÇÃO AMBIENTAL JUNDIAÍ","Angiosperms","Anacardiaceae","Tapirira","obtusa","(Benth.) J.D.Mitch.","ANACARDIACEAE Tapirira obtusa (Benth.) J.D.Mitch.","79335","GBIF","SPF","Rodrigues, R.R.","s.n.","Native","Ouro","Medium","Serra do Japi, Mirante."
"ÁREA DE PROTEÇÃO AMBIENTAL JUNDIAÍ","Ferns and Lycophytes","Anemiaceae","Anemia","ferruginea","Humb. & Bonpl. ex Kunth","ANEMIACEAE Anemia ferruginea Humb. & Bonpl. ex Kunth","NY00807312","Reflora","NY","Brade, A.C.","7609","Native","Ouro","Low",
"ÁREA DE PROTEÇÃO AMBIENTAL JUNDIAÍ","Ferns and Lycophytes","Anemiaceae","Anemia","phyllitidis","(L.) Sw.","ANEMIACEAE Anemia phyllitidis (L.) Sw.","4599","GBIF","HUFU","Ccj","51","Native","Ouro","Low","Serra do Japí, Coletada no barranco."
"ÁREA DE PROTEÇÃO AMBIENTAL JUNDIAÍ","Ferns and Lycophytes","Anemiaceae","Anemia","raddiana","Link","ANEMIACEAE Anemia raddiana Link","NY02330548","GBIF","NY","Prado, J.","2042","Native","Ouro","Low","Serra do Japi. estrada do DAE."
"ÁREA DE PROTEÇÃO AMBIENTAL JUNDIAÍ","Angiosperms","Annonaceae","Annona","cacans","Warm.","ANNONACEAE Annona cacans Warm.","124270","GBIF","ESA","Ribeiro, L.P.","17","Native","Bronze","Medium","IAC/APTA Frutas."
"ÁREA DE PROTEÇÃO AMBIENTAL JUNDIAÍ","Angiosperms","Annonaceae","Annona","coriacea","Mart.","ANNONACEAE Annona coriacea Mart.","56080","GBIF","IAC","Pires, T.P.","74","Native","Bronze","Low","Parque do Cerrado"
"ÁREA DE PROTEÇÃO AMBIENTAL JUNDIAÍ","Angiosperms","Annonaceae","Annona","emarginata","(Schltdl.) H.Rainer","ANNONACEAE Annona emarginata (Schltdl.) H.Rainer","44069","GBIF","UEC","Ks","18668","Native","Ouro","Medium","Serra do Japi., 3ª ponte do caminho Represa Torres."
"ÁREA DE PROTEÇÃO AMBIENTAL JUNDIAÍ","Angiosperms","Annonaceae","Annona","muricata","L.","ANNONACEAE Annona muricata L.",,"GBIF",,,,"Cultivated","Latão","Low",
"ÁREA DE PROTEÇÃO AMBIENTAL JUNDIAÍ","Angiosperms","Annonaceae","Annona","parviflora","(A.St.-Hil.) H.Rainer","ANNONACEAE Annona parviflora (A.St.-Hil.) H.Rainer","84100","GBIF","UEC","Siqueira, C.A.T.","6","Native","Bronze","Low","Instituto Agronômico de Jundíai (IAC)"
"ÁREA DE PROTEÇÃO AMBIENTAL JUNDIAÍ","Angiosperms","Annonaceae","Annona","sylvatica","A.St.-Hil.","ANNONACEAE Annona sylvatica A.St.-Hil.","226023","GBIF","SPF","Jr, K.S.B.","20952","Native","Ouro","Medium","Serra do Japi"
"ÁREA DE PROTEÇÃO AMBIENTAL JUNDIAÍ","Angiosperms","Annonaceae","Cananga","odorata","(Lam.) Hook.f. & Thomson","ANNONACEAE Cananga odorata (Lam.) Hook.f. & Thomson","668","Splink","CPMA",,,"Cultivated","Latão","Low","Serra do Japi"
"ÁREA DE PROTEÇÃO AMBIENTAL JUNDIAÍ","Angiosperms","Annonaceae","Duguetia","furfuracea","(A.St.-Hil.) Saff.","ANNONACEAE Duguetia furfuracea (A.St.-Hil.) Saff.","54330","GBIF","IAC","Pires, T.P.","31","Native","Bronze","Low","Cerrado Fazgran"
"ÁREA DE PROTEÇÃO AMBIENTAL JUNDIAÍ","Angiosperms","Annonaceae","Duguetia","lanceolata","A.St.-Hil.","ANNONACEAE Duguetia lanceolata A.St.-Hil.","MBM049308","Splink","MBM",,"3213","Native","Ouro","Low","10km S.W. de Jundiaí, Serra do Japi."
"ÁREA DE PROTEÇÃO AMBIENTAL JUNDIAÍ","Angiosperms","Annonaceae","Guatteria","australis","A.St.-Hil.","ANNONACEAE Guatteria australis A.St.-Hil.","397123","GBIF","MBM","Lombardi, J.A.","7028","Native","Ouro","Medium","Reserva Biologica da Municipal Serra do Japi, Base-Mirante estrada para DAE-Base."
"ÁREA DE PROTEÇÃO AMBIENTAL JUNDIAÍ","Angiosperms","Apiaceae","Centella","asiatica","(L.) Urb.","APIACEAE Centella asiatica (L.) Urb.","15246","GBIF","UEC","Leitao Filho, H.F.","3169","Native","Ouro","Low","Serra do Japi, Ca. 10 Km S.W. de Jundiaí."
"ÁREA DE PROTEÇÃO AMBIENTAL JUNDIAÍ","Angiosperms","Apiaceae","Eryngium","horridum","Malme","APIACEAE Eryngium horridum Malme","48436","GBIF","HRCB","Lombardi, J.A.","6886","Native","Ouro","Low","Reserva Biológica Municipal da Serra do Japi Trilha Base/Passarinehiros/Base"
"ÁREA DE PROTEÇÃO AMBIENTAL JUNDIAÍ","Angiosperms","Apiaceae","Foeniculum","vulgare","Mill.","APIACEAE Foeniculum vulgare Mill.",,"GBIF",,,,"Cultivated","Latão","Low",
"ÁREA DE PROTEÇÃO AMBIENTAL JUNDIAÍ","Angiosperms","Apiaceae","Petroselinum","crispum","(Mill.) Fuss","APIACEAE Petroselinum crispum (Mill.) Fuss","SPSF00026804","Splink","SPSF",,,"Cultivated","Latão","Low","bairro de vila Progresso."
"ÁREA DE PROTEÇÃO AMBIENTAL JUNDIAÍ","Angiosperms","Apocynaceae","Allamanda","blanchetii","A.DC.","APOCYNACEAE Allamanda blanchetii A.DC.","147189053","GBIF","Observations","Capreti, I.",,"Native","Bronze","Low","Vila Formosa, Jundiaí - SP, Brasil"
"ÁREA DE PROTEÇÃO AMBIENTAL JUNDIAÍ","Angiosperms","Apocynaceae","Allamanda","cathartica","L.","APOCYNACEAE Allamanda cathartica L.",,"GBIF",,,,"Native","Latão","Low",
"ÁREA DE PROTEÇÃO AMBIENTAL JUNDIAÍ","Angiosperms","Apocynaceae","Asclepias","curassavica","L.","APOCYNACEAE Asclepias curassavica L.","29202","GBIF","HRCB","Santos, R.F.S.","11","Native","Bronze","Medium","Serra do Japi"
"ÁREA DE PROTEÇÃO AMBIENTAL JUNDIAÍ","Angiosperms","Apocynaceae","Aspidosperma","olivaceum","Müll.Arg.","APOCYNACEAE Aspidosperma olivaceum Müll.Arg.","49176","GBIF","UEC","Morellato-Fonzar, L.P.C.","16636","Native","Ouro","Medium","Serra do Japi"
"ÁREA DE PROTEÇÃO AMBIENTAL JUNDIAÍ","Angiosperms","Apocynaceae","Aspidosperma","parvifolium","A.DC.","APOCYNACEAE Aspidosperma parvifolium A.DC.","29345","Splink","IAC",,"658","Native","Bronze","Low","IAC, Estação Experimental"
"ÁREA DE PROTEÇÃO AMBIENTAL JUNDIAÍ","Angiosperms","Apocynaceae","Aspidosperma","tomentosum","Mart. & Zucc.","APOCYNACEAE Aspidosperma tomentosum Mart. & Zucc.","54338","GBIF","IAC","Pires, T.P.","39","Native","Bronze","Low","Cerrado Fazgran"
"ÁREA DE PROTEÇÃO AMBIENTAL JUNDIAÍ","Angiosperms","Apocynaceae","Cascabela","thevetia","(L.) Lippold","APOCYNACEAE Cascabela thevetia (L.) Lippold",,"GBIF",,,,"Cultivated","Latão","Low",
"ÁREA DE PROTEÇÃO AMBIENTAL JUNDIAÍ","Angiosperms","Apocynaceae","Catharanthus","roseus","(L.) G.Don","APOCYNACEAE Catharanthus roseus (L.) G.Don","207794600","GBIF","Observations","Anaclara",,"Cultivated","Bronze","Low","Vila Graff, Jundiaí - SP, Brasil"
"ÁREA DE PROTEÇÃO AMBIENTAL JUNDIAÍ","Angiosperms","Apocynaceae","Condylocarpon","isthmicum","(Vell.) A.DC.","APOCYNACEAE Condylocarpon isthmicum (Vell.) A.DC.","45144","GBIF","HRCB","Lombardi, J.A.","6458","Native","Ouro","Medium","Reserva Biológica Municipal da Serra do Japi"
"ÁREA DE PROTEÇÃO AMBIENTAL JUNDIAÍ","Angiosperms","Apocynaceae","Ditassa","burchellii","Hook. & Arn.","APOCYNACEAE Ditassa burchellii Hook. & Arn.","168687","GBIF","UEC","Lombardi, J.A.","7314","Native","Ouro","Low","Reserva Biológica Municipal da Serra do Japi"
"ÁREA DE PROTEÇÃO AMBIENTAL JUNDIAÍ","Angiosperms","Apocynaceae","Ditassa","hispida","(Vell.) Fontella","APOCYNACEAE Ditassa hispida (Vell.) Fontella","168688","GBIF","UEC","Lombardi, J.A.","7313","Native","Ouro","Low","Reserva Biológica Municipal da Serra do Japi, Base-Mirante-estrada para DAE-cachoeira das Jabuticabas-Base.&nf;Mata Atlântica, floresta estacional semidecídua."
"ÁREA DE PROTEÇÃO AMBIENTAL JUNDIAÍ","Angiosperms","Apocynaceae","Gonolobus","rostratus","(Vahl) R.Br. ex Shult.","APOCYNACEAE Gonolobus rostratus (Vahl) R.Br. ex Shult.","63634","GBIF","UEC","Jr, K.S.B.","23298","Native","Latão","Medium","Serra do Japi"
"ÁREA DE PROTEÇÃO AMBIENTAL JUNDIAÍ","Angiosperms","Apocynaceae","Jobinia","lindbergii","E.Fourn.","APOCYNACEAE Jobinia lindbergii E.Fourn.","53762","GBIF","UEC","Egler, S.G.","22165","Native","Ouro","Medium","Serra do Japi, Na beira da trilha."
"ÁREA DE PROTEÇÃO AMBIENTAL JUNDIAÍ","Angiosperms","Apocynaceae","Macropharynx","peltata","(Vell.) J.F.Morales & M.E. Endress","APOCYNACEAE Macropharynx peltata (Vell.) J.F.Morales & M.E. Endress","80392","GBIF","UEC","Goldenberg, R.","147","Native","Ouro","Medium","Serra do Japi, Estrada do Mirante."
"ÁREA DE PROTEÇÃO AMBIENTAL JUNDIAÍ","Angiosperms","Apocynaceae","Mandevilla","atroviolacea","(Stadelm.) Woodson","APOCYNACEAE Mandevilla atroviolacea (Stadelm.) Woodson","196498","GBIF","UEC","Silva, B.G.","349","Native","Latão","Low","Serra do Japi"
"ÁREA DE PROTEÇÃO AMBIENTAL JUNDIAÍ","Angiosperms","Apocynaceae","Mandevilla","emarginata","(Vell.) C.Ezcurra","APOCYNACEAE Mandevilla emarginata (Vell.) C.Ezcurra","CEN00107877","Splink","CEN",,"2070","Native","Bronze","Low",
"ÁREA DE PROTEÇÃO AMBIENTAL JUNDIAÍ","Angiosperms","Apocynaceae","Mandevilla","longiflora","(Desf.) Pichon","APOCYNACEAE Mandevilla longiflora (Desf.) Pichon","114990","GBIF","UB","Novaes, C.","s.n.","Native","Latão","Low",
"ÁREA DE PROTEÇÃO AMBIENTAL JUNDIAÍ","Angiosperms","Apocynaceae","Odontadenia",,"Benth.","APOCYNACEAE Odontadenia Benth.","49414","GBIF","HRCB","Lombardi, J.A.","7317",,"Latão","Low","Reserva Biológica Municipal da Serra do Japi, Base-Mirante-estrada para DAE-cachoeira das Jabuticabas-Base"
"ÁREA DE PROTEÇÃO AMBIENTAL JUNDIAÍ","Angiosperms","Apocynaceae","Orthosia","urceolata","E.Fourn.","APOCYNACEAE Orthosia urceolata E.Fourn.","RB00050620","GBIF","RB","Pirani, J.R.",,"Native","Prata","Medium","Serra do Japí, Trilha do Mirante."
"ÁREA DE PROTEÇÃO AMBIENTAL JUNDIAÍ","Angiosperms","Apocynaceae","Oxypetalum","appendiculatum","Mart.","APOCYNACEAE Oxypetalum appendiculatum Mart.","167282","GBIF","SPF","Farinaccio, M.A.","715","Native","Bronze","Medium","Serra do Japi, Trilha que parte da Sede."
"ÁREA DE PROTEÇÃO AMBIENTAL JUNDIAÍ","Angiosperms","Apocynaceae","Oxypetalum","insigne","(Decne.) Malme","APOCYNACEAE Oxypetalum insigne (Decne.) Malme","159489","GBIF","SPF","Ceccantini, G.C.T.","2003A","Native","Ouro","Medium","Reserva Biológica Municipal da Serra do Japi, Margem da trilha principal."
"ÁREA DE PROTEÇÃO AMBIENTAL JUNDIAÍ","Angiosperms","Apocynaceae","Oxypetalum","molle","Hook. & Arn.","APOCYNACEAE Oxypetalum molle Hook. & Arn.","390","GBIF","UEC","Shepherd, G.J.","5914","Native","Ouro","Medium","Serra do Japi."
"ÁREA DE PROTEÇÃO AMBIENTAL JUNDIAÍ","Angiosperms","Apocynaceae","Oxypetalum","pachyglossum","Decne.","APOCYNACEAE Oxypetalum pachyglossum Decne.","133165","GBIF","UEC","Faria, A.D.","96/452","Native","Ouro","Medium","Serra do Japi, Borda de lago no Sítio Filipino."
"ÁREA DE PROTEÇÃO AMBIENTAL JUNDIAÍ","Angiosperms","Apocynaceae","Oxypetalum","wightianum","Hook. & Arn.","APOCYNACEAE Oxypetalum wightianum Hook. & Arn.","26808","GBIF","UEC","Leitao Filho, H.F.","13093","Native","Ouro","Medium","Serra do Japi"
"ÁREA DE PROTEÇÃO AMBIENTAL JUNDIAÍ","Angiosperms","Apocynaceae","Peplonia","axillaris","(Vell.) Fontella","APOCYNACEAE Peplonia axillaris (Vell.) Fontella","374458","GBIF","SP","Farinaccio, M.A.","718","Native","Ouro","Medium","Serra do Japi, Trilha que parte da Sede"
"ÁREA DE PROTEÇÃO AMBIENTAL JUNDIAÍ","Angiosperms","Apocynaceae","Peplonia","organensis","(E.Fourn.) Fontella & Rapini","APOCYNACEAE Peplonia organensis (E.Fourn.) Fontella & Rapini","167278","GBIF","SPF","Farinaccio, M.A.","719","Native","Ouro","Medium","Serra do Japi, Trilha que parte da Sede."
"ÁREA DE PROTEÇÃO AMBIENTAL JUNDIAÍ","Angiosperms","Apocynaceae","Plumeria","pudica","Jacq.","APOCYNACEAE Plumeria pudica Jacq.","207794714","GBIF","Observations","Anaclara",,"Cultivated","Bronze","Low","Pte. Sao Joao, Jundiaí - SP, Brasil"
"ÁREA DE PROTEÇÃO AMBIENTAL JUNDIAÍ","Angiosperms","Apocynaceae","Prestonia","coalita","(Vell.) Woodson","APOCYNACEAE Prestonia coalita (Vell.) Woodson","135916","GBIF","UEC","Pansarin, E.R.","s.n.","Native","Ouro","Medium","Serra do Japi"
"ÁREA DE PROTEÇÃO AMBIENTAL JUNDIAÍ","Angiosperms","Apocynaceae","Prestonia","solanifolia","(Müll.Arg.) Woodson","APOCYNACEAE Prestonia solanifolia (Müll.Arg.) Woodson","48674","GBIF","HRCB","Lombardi, J.A.","6989","Native","Ouro","Low","Reserva Biológica Municipal da Serra do Japi Base-Mirante-estrada para DAE-Base"
"ÁREA DE PROTEÇÃO AMBIENTAL JUNDIAÍ","Angiosperms","Apocynaceae","Rauvolfia","sellowii","Müll.Arg.","APOCYNACEAE Rauvolfia sellowii Müll.Arg.","1456","GBIF","UFMT","Morellato-Fonzar, L.P.C.","17800","Native","Latão","Medium","Serra do Japi, Ermida."
"ÁREA DE PROTEÇÃO AMBIENTAL JUNDIAÍ","Angiosperms","Apocynaceae","Tabernaemontana",,"L.","APOCYNACEAE Tabernaemontana L.","COI00107693","Splink","COI",,"28333",,"Latão","Low","Jundiahy"
"ÁREA DE PROTEÇÃO AMBIENTAL JUNDIAÍ","Angiosperms","Apocynaceae","Temnadenia","violacea","(Vell.) Miers","APOCYNACEAE Temnadenia violacea (Vell.) Miers","103428","GBIF","UEC","Pansarin, E.R.","390","Native","Latão","Medium","Serra do Japi - Sentido Eloy Chaves próx"
"ÁREA DE PROTEÇÃO AMBIENTAL JUNDIAÍ",,"Apocynaceae","Vailia","bicuspidata","(E.Fourn.) Morillo","APOCYNACEAE Vailia bicuspidata (E.Fourn.) Morillo","3909","GBIF","IAC","Viegas, A.P.","s/nº",,"Bronze","Low","Alto da Serra dos Cristais"
"ÁREA DE PROTEÇÃO AMBIENTAL JUNDIAÍ","Angiosperms","Aquifoliaceae","Ilex","cerasifolia","Reissek","AQUIFOLIACEAE Ilex cerasifolia Reissek","SPSF00018665","Splink","SPSF",,"43","Native","Ouro","Low","Estação Experimental do IAC"
"ÁREA DE PROTEÇÃO AMBIENTAL JUNDIAÍ","Angiosperms","Araceae","Anthurium","comtum","Schott","ARACEAE Anthurium comtum Schott","171062","GBIF","BHCB","Lombardi, J.A.","8662","Native","Ouro","Low","Reserva Biológica da Serra do Japi, Trilha Mirante/ DAE/ Mirante."
"ÁREA DE PROTEÇÃO AMBIENTAL JUNDIAÍ","Angiosperms","Araceae","Anthurium","gaudichaudianum","Kunth","ARACEAE Anthurium gaudichaudianum Kunth","48683","GBIF","HRCB","Lombardi, J.A.","6998","Native","Ouro","Low","Reserva Biológica Municipal da Serra do Japi Base-Mirante-estrada para DAE-Base"
"ÁREA DE PROTEÇÃO AMBIENTAL JUNDIAÍ","Angiosperms","Araceae","Anthurium","minarum","Sakur. & Mayo","ARACEAE Anthurium minarum Sakur. & Mayo","26925","GBIF","UEC","Leitao Filho, H.F.","13145","Native","Ouro","Low","Nativo em mata na Serra do Japi"
"ÁREA DE PROTEÇÃO AMBIENTAL JUNDIAÍ","Angiosperms","Araceae","Anthurium","scandens","(Aubl.) Engl.","ARACEAE Anthurium scandens (Aubl.) Engl.","314985","GBIF","SP","Goldenberg, R.","407","Native","Ouro","Low","Serra do Japi, Estrada do mirante"
"ÁREA DE PROTEÇÃO AMBIENTAL JUNDIAÍ","Angiosperms","Araceae","Anthurium","sellowianum","Kunth","ARACEAE Anthurium sellowianum Kunth","171061","GBIF","BHCB","Lombardi, J.A.","8646","Native","Ouro","Low","Reserva Biológica Municipal da Serra do Japi, trilha Mirante/DAE/Mirante."
"ÁREA DE PROTEÇÃO AMBIENTAL JUNDIAÍ","Angiosperms","Araceae","Asterostigma",,"Fisch. & C.A.Mey.","ARACEAE Asterostigma Fisch. & C.A.Mey.","49346","GBIF","HRCB","Lombardi, J.A.","7249",,"Latão","Low","Reserva Biológica Municipal da Serra do Japi Base-Cidinho-estrada da Cascalheira-Base"
"ÁREA DE PROTEÇÃO AMBIENTAL JUNDIAÍ","Angiosperms","Araceae","Caladium","bicolor","(Aiton) Vent.","ARACEAE Caladium bicolor (Aiton) Vent.",,"GBIF",,,,"Native","Latão","Low",
"ÁREA DE PROTEÇÃO AMBIENTAL JUNDIAÍ","Angiosperms","Araceae","Dieffenbachia","seguine","(Jacq.) Schott","ARACEAE Dieffenbachia seguine (Jacq.) Schott","49631","GBIF","HRCB","Lombardi, J.A.","7349","Native","Bronze","Low","Reserva Biológica Municipal da Serra do Japi Trilha Base/trilha a esquerda da porteira da Base/Cidinho/trilha a esquerda do antigo viveiro de mudas"
"ÁREA DE PROTEÇÃO AMBIENTAL JUNDIAÍ","Angiosperms","Araceae","Monstera","adansonii","(Schott) Mayo & I.M. Andrade","ARACEAE Monstera adansonii subsp. klotzschiana (Schott) Mayo & I.M. Andrade","48649","GBIF","HRCB","Lombardi, J.A.","6964","Native","Ouro","Low","Reserva Biológica Municipal da Serra do Japi Trilha Base/trilha a esquerda da porteira da Base/Cidinho/trilha a esquerda do antigo viveiro de mudas"
"ÁREA DE PROTEÇÃO AMBIENTAL JUNDIAÍ","Angiosperms","Araceae","Monstera","deliciosa","Liebm.","ARACEAE Monstera deliciosa Liebm.","206271879","GBIF","Observations","Nathalysilva",,"Cultivated","Bronze","Low","Schools Padre Anchieta, Jundiaí, SP, BR"
"ÁREA DE PROTEÇÃO AMBIENTAL JUNDIAÍ","Angiosperms","Araceae","Philodendron","appendiculatum","Nadruz & Mayo","ARACEAE Philodendron appendiculatum Nadruz & Mayo","50367","GBIF","HRCB","Lombardi, J.A.","7487","Native","Ouro","Low","Reserva Biológica Municipal da Serra do Japi Estrada da Cascalheira, depois a direita do Cidinho até o portão"
"ÁREA DE PROTEÇÃO AMBIENTAL JUNDIAÍ","Angiosperms","Araceae","Philodendron","curvilobum","Schott","ARACEAE Philodendron curvilobum Schott","RB00494486","GBIF","RB","Temponi, L.G.","376","Native","Ouro","Low","Serra do Japi."
"ÁREA DE PROTEÇÃO AMBIENTAL JUNDIAÍ","Angiosperms","Araceae","Philodendron","erubescens","K.Koch & Augustin","ARACEAE Philodendron erubescens K.Koch & Augustin","202407684","GBIF","Observations","Luisamari",,"Cultivated","Bronze","Low","Avenida Professor Pedro Clarismundo Fornari, Jundiaí, SP, BR"
"ÁREA DE PROTEÇÃO AMBIENTAL JUNDIAÍ","Angiosperms","Araceae","Philodendron","martianum","Engl.","ARACEAE Philodendron martianum Engl.","48650","GBIF","HRCB","Lombardi, J.A.","6965","Native","Ouro","Low","Reserva Biológica Municipal da Serra do Japi, trilha Base/trilha a esquerda da porteira da Base/Cidinho/trilha a esquerda do antigo Viveiro de mudas até último ponto"
"ÁREA DE PROTEÇÃO AMBIENTAL JUNDIAÍ","Angiosperms","Araceae","Philodendron","propinquum","Schott","ARACEAE Philodendron propinquum Schott","103432","GBIF","UEC","Pansarin, E.R.","379","Native","Bronze","Low","Serra do Japi, Sentido Eloy Chaves, próxima à represa do DAE"
"ÁREA DE PROTEÇÃO AMBIENTAL JUNDIAÍ","Angiosperms","Araceae","Syngonium","podophyllum","Schott","ARACEAE Syngonium podophyllum Schott","206272094","GBIF","Observations","Nathalysilva",,"Unknown","Bronze","Low","Schools Padre Anchieta, Jundiaí, SP, BR"
"ÁREA DE PROTEÇÃO AMBIENTAL JUNDIAÍ","Angiosperms","Araceae","Thaumatophyllum","bipinnatifidum","(Schott ex Endl.) Sakur., Calazans & Mayo","ARACEAE Thaumatophyllum bipinnatifidum (Schott ex Endl.) Sakur., Calazans & Mayo","50139","GBIF","HRCB","Lombardi, J.A.","7451","Native","Ouro","Low","Reserva Biológica Municipal da Serra do Japi Junto a Base"
"ÁREA DE PROTEÇÃO AMBIENTAL JUNDIAÍ","Angiosperms","Araceae","Xanthosoma","riedelianum","(Schott) Schott","ARACEAE Xanthosoma riedelianum (Schott) Schott","189017790","GBIF","Observations","Arleibub",,"Native","Bronze","Low","Jundiaí - SP, Brasil"
"ÁREA DE PROTEÇÃO AMBIENTAL JUNDIAÍ","Angiosperms","Araceae","Xanthosoma","taioba","E.G.Gonç.","ARACEAE Xanthosoma taioba E.G.Gonç.",,"GBIF",,,,"Native","Latão","Low",
"ÁREA DE PROTEÇÃO AMBIENTAL JUNDIAÍ","Angiosperms","Araliaceae","Dendropanax","cuneatus","(DC.) Decne. & Planch.","ARALIACEAE Dendropanax cuneatus (DC.) Decne. & Planch.","SPSF00032297","Splink","SPSF",,"280","Native","Ouro","Low","Serra do Japi."
"ÁREA DE PROTEÇÃO AMBIENTAL JUNDIAÍ","Angiosperms","Araliaceae","Didymopanax","macrocarpus","(Cham. & Schltdl.) Seem.","ARALIACEAE Didymopanax macrocarpus (Cham. & Schltdl.) Seem.","SPSF00006531","Splink","SPSF",,"114","Native","Ouro","Low",
"ÁREA DE PROTEÇÃO AMBIENTAL JUNDIAÍ","Angiosperms","Araliaceae","Didymopanax","vinosus","(Cham. & Schltdl.) Marchal","ARALIACEAE Didymopanax vinosus (Cham. & Schltdl.) Marchal","197955","GBIF","UEC","Pires, T.P.","85","Native","Bronze","Low","Cerrado do Parque da Cidade"
"ÁREA DE PROTEÇÃO AMBIENTAL JUNDIAÍ","Angiosperms","Araliaceae","Heptapleurum","arboricola","Hayata","ARALIACEAE Heptapleurum arboricola Hayata","206272139","GBIF","Observations","Nathalysilva",,"Naturalized","Bronze","Low","Schools Padre Anchieta, Jundiaí, SP, BR"
"ÁREA DE PROTEÇÃO AMBIENTAL JUNDIAÍ","Angiosperms","Araliaceae","Hydrocotyle","alpina","Vell.","ARALIACEAE Hydrocotyle alpina Vell.","UEC167896","Splink","UEC",,"236","Native","Bronze","Low","Reserva Biológica da Serra do Japi, Estrada Antiga da Malota, área úmida"
"ÁREA DE PROTEÇÃO AMBIENTAL JUNDIAÍ","Angiosperms","Araliaceae","Hydrocotyle","ranunculoides","L.f.","ARALIACEAE Hydrocotyle ranunculoides L.f.","7307","GBIF","SP","Brade, A.C.","7414","Native","Latão","Low",
"ÁREA DE PROTEÇÃO AMBIENTAL JUNDIAÍ","Gymnosperms","Araucariaceae","Araucaria","angustifolia","(Bertol.) Kuntze","ARAUCARIACEAE Araucaria angustifolia (Bertol.) Kuntze","49661","GBIF","HRCB","Lombardi, J.A.","7379","Native","Bronze","Low","Reserva Biológica Municipal da Serra do Japi Estrada da Cascalheira, depois a direita no Cidinho até além de propriedade particular"
"ÁREA DE PROTEÇÃO AMBIENTAL JUNDIAÍ","Angiosperms","Arecaceae","Bactris","setosa","Mart.","ARECACEAE Bactris setosa Mart.","26840","GBIF","UEC","Leitao Filho, H.F.","13120","Native","Ouro","Low","Serra do Japi"
"ÁREA DE PROTEÇÃO AMBIENTAL JUNDIAÍ","Angiosperms","Arecaceae","Livistona","chinensis","(Jacq.) R.Br. ex Mart.","ARECACEAE Livistona chinensis (Jacq.) R.Br. ex Mart.","160410521","GBIF","Observations","Spinucci, V.",,"Cultivated","Bronze","Low","Soares, Jarinu - SP, Brasil"
"ÁREA DE PROTEÇÃO AMBIENTAL JUNDIAÍ","Angiosperms","Arecaceae","Syagrus","flexuosa","(Mart.) Becc.","ARECACEAE Syagrus flexuosa (Mart.) Becc.","198725","GBIF","UEC","Silva, B.G.","368","Native","Bronze","Low","Parque do Cerrado"
"ÁREA DE PROTEÇÃO AMBIENTAL JUNDIAÍ","Angiosperms","Arecaceae","Syagrus","romanzoffiana","(Cham.) Glassman","ARECACEAE Syagrus romanzoffiana (Cham.) Glassman","67920622","GBIF","Observations","Guto_carvalho",,"Native","Bronze","Low","Jundiaí - SP, Brasil"
"ÁREA DE PROTEÇÃO AMBIENTAL JUNDIAÍ","Angiosperms","Aristolochiaceae","Aristolochia","arcuata","Mast.","ARISTOLOCHIACEAE Aristolochia arcuata Mast.","120775","GBIF","UEC","Nakano, S.","00035","Native","Bronze","Low","Serra do Japi, Site H, about 45 km from Campinas SP. alt.970m"
"ÁREA DE PROTEÇÃO AMBIENTAL JUNDIAÍ","Angiosperms","Aristolochiaceae","Aristolochia","labiata","Willd.","ARISTOLOCHIACEAE Aristolochia labiata Willd.","UEC154345","Splink","UEC",,"86","Native","Bronze","Low","Cerrado do Parque da Cidade"
"ÁREA DE PROTEÇÃO AMBIENTAL JUNDIAÍ","Angiosperms","Aristolochiaceae","Aristolochia","limai","Hoehne","ARISTOLOCHIACEAE Aristolochia limai Hoehne","RB01363643","GBIF","RB","Jung-Mendacolli, S.L.","988","Native","Ouro","Low","IAC, Estação Experimental"
"ÁREA DE PROTEÇÃO AMBIENTAL JUNDIAÍ","Angiosperms","Aristolochiaceae","Aristolochia","melastoma","Silva Manso ex Duch.","ARISTOLOCHIACEAE Aristolochia melastoma Silva Manso ex Duch.","ESA00130287","GBIF","ESA","Souza, V.C.","35490","Native","Ouro","Low","Fragmento 7 (TAV). Floresta Estacional Semidecidual"
"ÁREA DE PROTEÇÃO AMBIENTAL JUNDIAÍ","Angiosperms","Aristolochiaceae","Aristolochia","triangularis","Cham. & Schltdl.","ARISTOLOCHIACEAE Aristolochia triangularis Cham. & Schltdl.","ESA00130288","GBIF","ESA","Souza, V.C.","35491","Native","Ouro","Low","Fragmento 8 (TAV). Floresta Estacional Semidecidual"
"ÁREA DE PROTEÇÃO AMBIENTAL JUNDIAÍ","Angiosperms","Asparagaceae","Cordyline","fruticosa","(L.) A.Chev.","ASPARAGACEAE Cordyline fruticosa (L.) A.Chev.","206274466","GBIF","Observations","Nathalysilva",,"Cultivated","Bronze","Low","Rua Bom Jesus de Pirapora, Jundiaí, SP, BR"
"ÁREA DE PROTEÇÃO AMBIENTAL JUNDIAÍ","Angiosperms","Asparagaceae","Cordyline","spectabilis","Kunth & Bouché","ASPARAGACEAE Cordyline spectabilis Kunth & Bouché","113115","GBIF","HUEFS","Kuhlmann, M.","40","Native","Ouro","Low",
"ÁREA DE PROTEÇÃO AMBIENTAL JUNDIAÍ","Angiosperms","Asparagaceae","Dracaena","angolensis","(Welw. ex Carrière) Byng & Christenh.","ASPARAGACEAE Dracaena angolensis (Welw. ex Carrière) Byng & Christenh.","207228224","GBIF","Observations","Piovan",,"Cultivated","Bronze","Low","Jardim do Lirio, Jundiaí - SP, 13219, Brasil"
"ÁREA DE PROTEÇÃO AMBIENTAL JUNDIAÍ","Angiosperms","Asparagaceae","Dracaena","trifasciata","(Prain) Mabb.","ASPARAGACEAE Dracaena trifasciata (Prain) Mabb.","139259472","GBIF","Observations","Mdavilin",,"Cultivated","Bronze","Low","Rua Alfredo Fronzaglia, Jundiaí, SP, BR"
"ÁREA DE PROTEÇÃO AMBIENTAL JUNDIAÍ","Angiosperms","Asparagaceae","Herreria",,"Ruiz & Pav.","ASPARAGACEAE Herreria Ruiz & Pav.","105357","GBIF","UEC","Pansarin, E.R.","406",,"Latão","Low","Serra do Japi, sentido Eloy Chaves, próximo à Represa do DAE."
"ÁREA DE PROTEÇÃO AMBIENTAL JUNDIAÍ","Angiosperms","Asparagaceae","Yucca","filamentosa","L.","ASPARAGACEAE Yucca filamentosa L.","50643","GBIF","HRCB","Lombardi, J.A.","7505","Cultivated","Bronze","Low","Reserva Biológica Municipal da Serra do Japi Trilha Base/Passarinheiros/Base"
"ÁREA DE PROTEÇÃO AMBIENTAL JUNDIAÍ","Angiosperms","Asphodelaceae","Kniphofia","uvaria","(L.) Oken","ASPHODELACEAE Kniphofia uvaria (L.) Oken","50093","GBIF","HRCB","Lombardi, J.A.","7436","Cultivated","Latão","Low","Reserva Biológica Municipal da Serra do Japi, estrada da Cascalheira até o fim, depois trilha a direita até o córrego"
"ÁREA DE PROTEÇÃO AMBIENTAL JUNDIAÍ","Ferns and Lycophytes","Aspleniaceae","Asplenium","claussenii","Hieron.","ASPLENIACEAE Asplenium claussenii Hieron.","155396","GBIF","UEC","Prado, J.","2059","Native","Ouro","Low","Serra do Japi. Na trilha a esquerda antes de chegar na base da Reserva, indo para a Cachoeira Paraíso."
"ÁREA DE PROTEÇÃO AMBIENTAL JUNDIAÍ","Ferns and Lycophytes","Aspleniaceae","Asplenium","inaequilaterale","Willd.","ASPLENIACEAE Asplenium inaequilaterale Willd.","373054","GBIF","MBM","Hirai, R.Y.","678","Native","Bronze","Low","Serra do Japi. Na estrada para a torre da TV Cultura."
"ÁREA DE PROTEÇÃO AMBIENTAL JUNDIAÍ","Ferns and Lycophytes","Aspleniaceae","Asplenium","jucundum","Fée","ASPLENIACEAE Asplenium jucundum Fée","156019","GBIF","UEC","Prado, J.","2063","Native","Bronze","Low","Serra do Japi, Na trilha à esquerda antes de chegar na base da Reserva, indo para a Cachoeira Paraíso."
"ÁREA DE PROTEÇÃO AMBIENTAL JUNDIAÍ","Ferns and Lycophytes","Aspleniaceae","Asplenium","mucronatum","C.Presl","ASPLENIACEAE Asplenium mucronatum C.Presl","55930","GBIF","HRCB","Lombardi, J.A.","8649","Native","Bronze","Low",
"ÁREA DE PROTEÇÃO AMBIENTAL JUNDIAÍ","Ferns and Lycophytes","Aspleniaceae","Asplenium","pseudonitidum","Raddi","ASPLENIACEAE Asplenium pseudonitidum Raddi","155848","GBIF","UEC","Hirai, R.Y.","638","Native","Bronze","Low","Serra do Japi, Estrada para a torre da TV Cultura, trilha próxima das antenas."
"ÁREA DE PROTEÇÃO AMBIENTAL JUNDIAÍ","Ferns and Lycophytes","Aspleniaceae","Asplenium","sellowianum","(Hieron.) Hieron.","ASPLENIACEAE Asplenium sellowianum (Hieron.) Hieron.","57160","GBIF","VIC","Biral, L.","2763","Native","Bronze","Low","Reserva Biológica Municipal da Serra do Japi"
"ÁREA DE PROTEÇÃO AMBIENTAL JUNDIAÍ","Ferns and Lycophytes","Aspleniaceae","Asplenium","serra","Langsd. & Fisch.","ASPLENIACEAE Asplenium serra Langsd. & Fisch.","155846","GBIF","UEC","Hirai, R.Y.","635","Native","Bronze","Low","Serra do Japi, Estrada para a torre da TV Cultura, trilha próxima das antenas."
"ÁREA DE PROTEÇÃO AMBIENTAL JUNDIAÍ","Ferns and Lycophytes","Aspleniaceae","Asplenium","wacketii","Rosenst.","ASPLENIACEAE Asplenium wacketii Rosenst.","155849","GBIF","UEC","Hirai, R.Y.","639","Native","Ouro","Low","Serra do Japi. Estrada para a torre da TV Cultura, trilha próxima das antenas."
"ÁREA DE PROTEÇÃO AMBIENTAL JUNDIAÍ","Ferns and Lycophytes","Aspleniaceae","Hymenasplenium","triquetrum","(N. Murak. & R.C. Moran) L. Regalado & Prada","ASPLENIACEAE Hymenasplenium triquetrum (N. Murak. & R.C. Moran) L. Regalado & Prada","155614","GBIF","UEC","Hirai, R.Y.","678","Native","Bronze","Low","Serra do Japi. Na estrada para a torre da TV Cultura."
"ÁREA DE PROTEÇÃO AMBIENTAL JUNDIAÍ","Angiosperms","Asteraceae","Acanthospermum","australe","(Loefl.) Kuntze","ASTERACEAE Acanthospermum australe (Loefl.) Kuntze","169670","GBIF","UEC","Monge, M.","768","Native","Ouro","Low","Serra do Japi, Estrada para Base"
"ÁREA DE PROTEÇÃO AMBIENTAL JUNDIAÍ","Angiosperms","Asteraceae","Acanthospermum","hispidum","DC.","ASTERACEAE Acanthospermum hispidum DC.","16763","GBIF","SP","Puiggari, J.J.","CGG2548","Native","Latão","Low","Fazenda Rio das Pedras"
"ÁREA DE PROTEÇÃO AMBIENTAL JUNDIAÍ","Angiosperms","Asteraceae","Achyrocline","alata","(Kunth) DC.","ASTERACEAE Achyrocline alata (Kunth) DC.","50274","GBIF","UEC","Lewinsohn, T.M.","20719","Native","Bronze","Low","Jundiaí-SP. Serra do Japi Mirante, estrada para DAE."
"ÁREA DE PROTEÇÃO AMBIENTAL JUNDIAÍ","Angiosperms","Asteraceae","Achyrocline","satureioides","(Lam.) DC.","ASTERACEAE Achyrocline satureioides (Lam.) DC.","UEC182366","Splink","UEC",,"735","Native","Ouro","Low","Serra do Japi. Estrada para Rede de Televisão da Cultura - ambiente fechado"
"ÁREA DE PROTEÇÃO AMBIENTAL JUNDIAÍ","Angiosperms","Asteraceae","Achyrocline","vargasiana","DC.","ASTERACEAE Achyrocline vargasiana DC.","101553","GBIF","SPF","Mello-Silva, R.","1058","Native","Bronze","Low","Serra do Japi"
"ÁREA DE PROTEÇÃO AMBIENTAL JUNDIAÍ","Angiosperms","Asteraceae","Acilepidopsis","echitifolia","(Mart. ex DC.) H.Rob.","ASTERACEAE Acilepidopsis echitifolia (Mart. ex DC.) H.Rob.","6053","Splink","SP",,"7073","Native","Ouro","Low","Jundaihy"
"ÁREA DE PROTEÇÃO AMBIENTAL JUNDIAÍ","Angiosperms","Asteraceae","Adenostemma",,"J.R.Forst. & G.Forst.","ASTERACEAE Adenostemma J.R.Forst. & G.Forst.","78424","GBIF","UEC","Trigo, J.R.","27959",,"Latão","Low","Brasil, São Paulo, Jundiaí, Serra do Japi - ao lado da represa do DAE."
"ÁREA DE PROTEÇÃO AMBIENTAL JUNDIAÍ","Angiosperms","Asteraceae","Ageratum","conyzoides","L.","ASTERACEAE Ageratum conyzoides L.","204389","GBIF","UEC","Vasconcellos-Neto, J.","s.n.","Native","Ouro","Medium","Serra do Japi"
"ÁREA DE PROTEÇÃO AMBIENTAL JUNDIAÍ","Angiosperms","Asteraceae","Aldama","arenaria","(Baker) E.E.Schill. & Panero","ASTERACEAE Aldama arenaria (Baker) E.E.Schill. & Panero","49623","GBIF","HRCB","Lombardi, J.A.","7341","Native","Ouro","Low","Reserva Biológica Municipal da Serra do Japi, trilha Passarinheiros"
"ÁREA DE PROTEÇÃO AMBIENTAL JUNDIAÍ","Angiosperms","Asteraceae","Aldama","robusta","(Gardner) E.E.Schill. & Panero","ASTERACEAE Aldama robusta (Gardner) E.E.Schill. & Panero","202606","GBIF","UEC","Pires, T.P.","124","Native","Ouro","Low","Parque do Cerrado - Residencial Jundiaí, Local: Pleno sol, em meio à braquiária. Solo: Arenoso."
"ÁREA DE PROTEÇÃO AMBIENTAL JUNDIAÍ","Angiosperms","Asteraceae","Ambrosia","polystachya","DC.","ASTERACEAE Ambrosia polystachya DC.","48630","GBIF","HRCB","Lombardi, J.A.","6945","Native","Bronze","Low","Reserva Biológica Municipal da Serra do Japi, trilha Base/trilha a esquerda da porteira da Base/Cidinho/trilha a esquerda do antigo Viveiro de mudas até último ponto"
"ÁREA DE PROTEÇÃO AMBIENTAL JUNDIAÍ","Angiosperms","Asteraceae","Aspilia",,"Thouars","ASTERACEAE Aspilia Thouars","35541","GBIF","IAC","Jung-Mendacolli, S.L.","858",,"Bronze","Low","IAC, Estação Experimental"
"ÁREA DE PROTEÇÃO AMBIENTAL JUNDIAÍ","Angiosperms","Asteraceae","Austrocritonia","velutina","(Gardner) R.M.King & H.Rob.","ASTERACEAE Austrocritonia velutina (Gardner) R.M.King & H.Rob.","91727","GBIF","UEC","Sa, F.N.","s.n.","Native","Bronze","Medium","Serra do Japi: Trilha da TV Cultura"
"ÁREA DE PROTEÇÃO AMBIENTAL JUNDIAÍ","Angiosperms","Asteraceae","Austroeupatorium","inulaefolium","(Kunth) R.M.King & H.Rob.","ASTERACEAE Austroeupatorium inulaefolium (Kunth) R.M.King & H.Rob.","88689","GBIF","UEC","Nogueira, F.A.","s.n.","Native","Bronze","Medium","Serra do Japi: Trilha do Mirante (1170 m )"
"ÁREA DE PROTEÇÃO AMBIENTAL JUNDIAÍ","Angiosperms","Asteraceae","Baccharis","articulata","(Lam.) Pers.","ASTERACEAE Baccharis articulata (Lam.) Pers.","48427","GBIF","HRCB","Lombardi, J.A.","6877","Native","Bronze","Low","Reserva Biologica da Municipal Serra do Japi, trilha Base/Passarinheiros/Base."
"ÁREA DE PROTEÇÃO AMBIENTAL JUNDIAÍ","Angiosperms","Asteraceae","Baccharis","brevifolia","DC.","ASTERACEAE Baccharis brevifolia DC.","3734","GBIF","IAC","Viegas, A.P.","s/nº","Native","Ouro","Low","Serra dos Cristais"
"ÁREA DE PROTEÇÃO AMBIENTAL JUNDIAÍ","Angiosperms","Asteraceae","Baccharis","crispa","Spreng.","ASTERACEAE Baccharis crispa Spreng.","91709","GBIF","UEC","Sa, F.N.","s.n.",,"Ouro","Medium","Serra do Japi: Trilha Paraíso 3."
"ÁREA DE PROTEÇÃO AMBIENTAL JUNDIAÍ","Angiosperms","Asteraceae","Baccharis","dentata","(Vell.) G.M.Barroso","ASTERACEAE Baccharis dentata (Vell.) G.M.Barroso","204537","GBIF","UEC","Monge, M.","834","Native","Ouro","Low","Serra do Japi, Estrada para Rede de Televisão da Cultura."
"ÁREA DE PROTEÇÃO AMBIENTAL JUNDIAÍ","Angiosperms","Asteraceae","Baccharis","dracunculifolia","DC.","ASTERACEAE Baccharis dracunculifolia DC.","169672","GBIF","UEC","Monge, M.","766","Native","Ouro","Low","Serra do Japi, Estrada para Base"
"ÁREA DE PROTEÇÃO AMBIENTAL JUNDIAÍ","Angiosperms","Asteraceae","Baccharis","glutinosa","Pers.","ASTERACEAE Baccharis glutinosa Pers.","109409","GBIF","UEC","Aona, L.Y.S.","99/127","Native","Ouro","Low","Serra do Japi, Brejo localizado próximo a caixa d'água do Condomínio Ermida."
"ÁREA DE PROTEÇÃO AMBIENTAL JUNDIAÍ","Angiosperms","Asteraceae","Baccharis","intermixta","Gardner","ASTERACEAE Baccharis intermixta Gardner","K000218298","Splink","K",,"1068","Native","Ouro","Low","Serra do Japi. Trilha do Mirante. Subarbusto c. 1,5m alt. Anteras amarelas."
"ÁREA DE PROTEÇÃO AMBIENTAL JUNDIAÍ","Angiosperms","Asteraceae","Baccharis","leucopappa","DC.","ASTERACEAE Baccharis leucopappa DC.","16533","GBIF","SP","Puiggari, J.J.","CGG2987","Native","Ouro","Low","Caminho da Cachoeira"
"ÁREA DE PROTEÇÃO AMBIENTAL JUNDIAÍ","Angiosperms","Asteraceae","Baccharis","mesoneura","DC.","ASTERACEAE Baccharis mesoneura DC.","UEC182349","Splink","UEC",,"796","Native","Ouro","Low","Serra do Japi, Próximo à base. Caminho para biquinha, área de abastecimento.&nf;Beira da estrada"
"ÁREA DE PROTEÇÃO AMBIENTAL JUNDIAÍ","Angiosperms","Asteraceae","Baccharis","microdonta","DC.","ASTERACEAE Baccharis microdonta DC.","73982","GBIF","UEC","Arbocz, G.F.","185","Native","Ouro","Low","Serra do Japi - Caminho para Mirante"
"ÁREA DE PROTEÇÃO AMBIENTAL JUNDIAÍ","Angiosperms","Asteraceae","Baccharis","montana","DC.","ASTERACEAE Baccharis montana DC.","NY00787805","Splink","NY",,"32038","Native","Ouro","Low",
"ÁREA DE PROTEÇÃO AMBIENTAL JUNDIAÍ","Angiosperms","Asteraceae","Baccharis","oblongifolia","(Ruiz & Pav.) Pers.","ASTERACEAE Baccharis oblongifolia (Ruiz & Pav.) Pers.","UEC182360","Splink","UEC",,"822","Native","Ouro","Low","Serra do Japi, Estrada para Rede de Televisão da Cultura."
"ÁREA DE PROTEÇÃO AMBIENTAL JUNDIAÍ","Angiosperms","Asteraceae","Baccharis","oxyodonta","DC.","ASTERACEAE Baccharis oxyodonta DC.","20274","GBIF","IAC","Leitao Filho, H.F.","680","Native","Bronze","Low","Beira da estrada para São Paulo (estrada Velha)"
"ÁREA DE PROTEÇÃO AMBIENTAL JUNDIAÍ","Angiosperms","Asteraceae","Baccharis","punctulata","DC.","ASTERACEAE Baccharis punctulata DC.","176626","GBIF","UEC","Bernacci, L.C.","55","Native","Ouro","Low","Estação Experimental de Jundiaí"
"ÁREA DE PROTEÇÃO AMBIENTAL JUNDIAÍ","Angiosperms","Asteraceae","Baccharis","retusa","DC.","ASTERACEAE Baccharis retusa DC.","UEC182358","Splink","UEC",,"795","Native","Ouro","Low","Serra do Japi, Próximo à base. Caminho para biquinha, área de abastecimento.&nf;Beira da estrada"
"ÁREA DE PROTEÇÃO AMBIENTAL JUNDIAÍ","Angiosperms","Asteraceae","Baccharis","semiserrata","DC.","ASTERACEAE Baccharis semiserrata DC.","UEC182309","Splink","UEC",,"804","Native","Ouro","Low","Serra do Japí. Perto da Base"
"ÁREA DE PROTEÇÃO AMBIENTAL JUNDIAÍ","Angiosperms","Asteraceae","Baccharis","tarchonanthoides","DC.","ASTERACEAE Baccharis tarchonanthoides DC.","91713","GBIF","UEC","Sa, F.N.","s.n.","Native","Ouro","Medium","Serra do Japi: Trilha do Mirante."
"ÁREA DE PROTEÇÃO AMBIENTAL JUNDIAÍ","Angiosperms","Asteraceae","Baccharis","tridentata","Vahl","ASTERACEAE Baccharis tridentata Vahl","44948","Splink","SP",,"5166","Native","Ouro","Low","Faz. Traviú."
"ÁREA DE PROTEÇÃO AMBIENTAL JUNDIAÍ","Angiosperms","Asteraceae","Baccharis","trimera","(Less.)DC.","ASTERACEAE Baccharis trimera (Less.)DC.","204515","GBIF","UEC","Monge, M.","792","Native","Ouro","Low","Serra do Japi, Próximo à base. Caminho para biquinha, área de abastecimento"
"ÁREA DE PROTEÇÃO AMBIENTAL JUNDIAÍ","Angiosperms","Asteraceae","Baccharis","trinervis","Pers.","ASTERACEAE Baccharis trinervis Pers.","204436","GBIF","UEC","Vasconcellos-Neto, J.","s.n.","Native","Ouro","Medium","Serra do Japí"
"ÁREA DE PROTEÇÃO AMBIENTAL JUNDIAÍ","Angiosperms","Asteraceae","Baccharis","vulneraria","Baker","ASTERACEAE Baccharis vulneraria Baker","169710","GBIF","UEC","Monge, M.","775","Native","Ouro","Low","Serra do Japi, Estrada para Base"
"ÁREA DE PROTEÇÃO AMBIENTAL JUNDIAÍ","Angiosperms","Asteraceae","Barrosoa","betoniciformis","(DC.) R.M.King & H.Rob.","ASTERACEAE Barrosoa betoniciformis (DC.) R.M.King & H.Rob.","50152","GBIF","HRCB","Lombardi, J.A.","7464","Native","Ouro","Low","Reserva Biológica Municipal da Serra do Japi, trilha Base/Mirante/DAE/Base."
"ÁREA DE PROTEÇÃO AMBIENTAL JUNDIAÍ","Angiosperms","Asteraceae","Bidens","pilosa","L.","ASTERACEAE Bidens pilosa L.","UEC182368","Splink","UEC",,"802","Naturalized","Ouro","Low","Serra do Japi, Próximo à base. Caminho para biquinha, área de abastecimento.&nf;Próximo da estrada"
"ÁREA DE PROTEÇÃO AMBIENTAL JUNDIAÍ","Angiosperms","Asteraceae","Bidens","squarrosa","Kunth","ASTERACEAE Bidens squarrosa Kunth","34717","GBIF","UEC","Joly, C.A.","15768","Naturalized","Bronze","Medium","Serra do Japi"
"ÁREA DE PROTEÇÃO AMBIENTAL JUNDIAÍ","Angiosperms","Asteraceae","Bidens","subalternans","DC.","ASTERACEAE Bidens subalternans DC.","UEC182367","Splink","UEC",,"729","Native","Ouro","Low","Serra do Japi. Estrada para Rede de Televisão da Cultura - ambiente fechado"
"ÁREA DE PROTEÇÃO AMBIENTAL JUNDIAÍ",,"Asteraceae","Cabobanthus","polysphaerus","(Baker) H.Rob.","ASTERACEAE Cabobanthus polysphaerus (Baker) H.Rob.","183329","GBIF","UEC","Pansarin, E.R.","97/35",,"Latão","Low","Sítio Branca de Neve, Estrada do aeroporto, fundo com o clube de campo Uirapurú, próximo à Serra do Japi. Solo encharcado próximo a um pequeno rio."
"ÁREA DE PROTEÇÃO AMBIENTAL JUNDIAÍ","Angiosperms","Asteraceae","Calea","pinnatifida","(R.Br.) Less.","ASTERACEAE Calea pinnatifida (R.Br.) Less.","204531","GBIF","UEC","Braga, K.R.R.","34","Native","Ouro","Medium","Serra do Japi, Trilha Mirante."
"ÁREA DE PROTEÇÃO AMBIENTAL JUNDIAÍ","Angiosperms","Asteraceae","Calendula","officinalis","L.","ASTERACEAE Calendula officinalis L.","ESAL000009449","Splink","ESAL",,"882195-40","Cultivated","Latão","Low",
"ÁREA DE PROTEÇÃO AMBIENTAL JUNDIAÍ","Angiosperms","Asteraceae","Campovassouria","cruciata","(Vell.) R.M.King & H.Rob.","ASTERACEAE Campovassouria cruciata (Vell.) R.M.King & H.Rob.","48409","GBIF","HRCB","Lombardi, J.A.","6859","Native","Bronze","Low","Jundiaí-SP.Reserva Biológica Municipal da Serra do Japi, trilha Base/Passarinheiros/Base"
"ÁREA DE PROTEÇÃO AMBIENTAL JUNDIAÍ","Angiosperms","Asteraceae","Campuloclinium","burchellii","(Baker) R.M.King & H.Rob.","ASTERACEAE Campuloclinium burchellii (Baker) R.M.King & H.Rob.","6117","Splink","SP",,"7149","Native","Bronze","Low",
"ÁREA DE PROTEÇÃO AMBIENTAL JUNDIAÍ","Angiosperms","Asteraceae","Centratherum",,"Cass.","ASTERACEAE Centratherum Cass.","59132","GBIF","HUFU","Alves-Silva, E.","32",,"Ouro","Low","Serra do Japi"
"ÁREA DE PROTEÇÃO AMBIENTAL JUNDIAÍ","Angiosperms","Asteraceae","Chaptalia","integerrima","(Vell.) Burkart","ASTERACEAE Chaptalia integerrima (Vell.) Burkart","169677","GBIF","UEC","Monge, M.","761","Native","Ouro","Low","Serra do Japi, Estrada para Base"
"ÁREA DE PROTEÇÃO AMBIENTAL JUNDIAÍ","Angiosperms","Asteraceae","Chaptalia","nutans","(L.) Pol.","ASTERACEAE Chaptalia nutans (L.) Pol.","UEC182356","Splink","UEC",,"806","Native","Ouro","Low","Serra do Japi, Caminho paraa torre da Tv Cultura"
"ÁREA DE PROTEÇÃO AMBIENTAL JUNDIAÍ","Angiosperms","Asteraceae","Chromolaena","laevigata","(Lam.) R.M.King & H.Rob.","ASTERACEAE Chromolaena laevigata (Lam.) R.M.King & H.Rob.","88712","GBIF","UEC","Sa, F.N.","s.n.","Native","Bronze","Medium","Serra do Japi: Trilha do Observátorio (1170m)"
"ÁREA DE PROTEÇÃO AMBIENTAL JUNDIAÍ","Angiosperms","Asteraceae","Chromolaena","pedunculosa","(Hook. & Arn.) R.M.King & H.Rob.","ASTERACEAE Chromolaena pedunculosa (Hook. & Arn.) R.M.King & H.Rob.","204454","GBIF","UEC","Monge, M.","828","Native","Ouro","Low","Serra do Japi, Estrada para Rede de Televisão da Cultura."
"ÁREA DE PROTEÇÃO AMBIENTAL JUNDIAÍ","Angiosperms","Asteraceae","Chromolaena","squalida","(DC.) R.M.King & H.Rob.","ASTERACEAE Chromolaena squalida (DC.) R.M.King & H.Rob.","1641","GBIF","SHPR","Biral, L.","2709","Native","Bronze","Low","Reserva Biológica Municipal da Serra do Japi"
"ÁREA DE PROTEÇÃO AMBIENTAL JUNDIAÍ","Angiosperms","Asteraceae","Chromolaena","stachyophylla","(Spreng.) R.M.King & H.Rob.","ASTERACEAE Chromolaena stachyophylla (Spreng.) R.M.King & H.Rob.","16344","GBIF","SP","Novaes, J.C.","CGG4102","Native","Bronze","Low",
"ÁREA DE PROTEÇÃO AMBIENTAL JUNDIAÍ","Angiosperms","Asteraceae","Chromolaena","verbenacea","(DC.) R.M.King & H.Rob.","ASTERACEAE Chromolaena verbenacea (DC.) R.M.King & H.Rob.","6121","GBIF","SP","Brade, A.C.","7139","Native","Bronze","Low",
"ÁREA DE PROTEÇÃO AMBIENTAL JUNDIAÍ","Angiosperms","Asteraceae","Chrysolaena","cognata","(Less.) Dematt.","ASTERACEAE Chrysolaena cognata (Less.) Dematt.","3297","GBIF","UEC","Traldi, N.H.","34","Native","Bronze","Low","Fazenda Malota - (Fraldas da Serra do Japi)"
"ÁREA DE PROTEÇÃO AMBIENTAL JUNDIAÍ","Angiosperms","Asteraceae","Chrysolaena","platensis","(Spreng.) H.Rob.","ASTERACEAE Chrysolaena platensis (Spreng.) H.Rob.","169675","GBIF","UEC","Monge, M.","763","Native","Ouro","Low","Serra do Japi, Estrada para Base"
"ÁREA DE PROTEÇÃO AMBIENTAL JUNDIAÍ","Angiosperms","Asteraceae","Cirsium","vulgare","(Savi) Ten.","ASTERACEAE Cirsium vulgare (Savi) Ten.","70794","GBIF","HRCB","Arantes, F.M.","28","Naturalized","Bronze","High","Serra do Japi Sítio 7 Luas"
"ÁREA DE PROTEÇÃO AMBIENTAL JUNDIAÍ","Angiosperms","Asteraceae","Clibadium","armanii","(Balb.) Sch.Bip. ex O.E.Schulz","ASTERACEAE Clibadium armanii (Balb.) Sch.Bip. ex O.E.Schulz","10476","GBIF","IPA","Pickel, B.","5167","Native","Bronze","Low","Fazenda Rosário. À margem de uma lagoa."
"ÁREA DE PROTEÇÃO AMBIENTAL JUNDIAÍ","Angiosperms","Asteraceae","Conyza","canadensis","(L.) Cronquist","ASTERACEAE Conyza canadensis (L.) Cronquist","204435","GBIF","UEC","Vasconcellos-Neto, J.","s.n.","Native","Ouro","Medium","Serra do Japí"
"ÁREA DE PROTEÇÃO AMBIENTAL JUNDIAÍ","Angiosperms","Asteraceae","Conyza","sumatrensis","(Retz.) E.Walker","ASTERACEAE Conyza sumatrensis (Retz.) E.Walker","UEC182363","Splink","UEC",,"814","Native","Ouro","Low","Serra do Japi, Caminho paraa torre da Tv Cultura"
"ÁREA DE PROTEÇÃO AMBIENTAL JUNDIAÍ","Angiosperms","Asteraceae","Coreopsis","lanceolata","L.","ASTERACEAE Coreopsis lanceolata L.","50376","GBIF","HRCB","Lombardi, J.A.","7496","Naturalized","Ouro","Low","Reserva Biológica Municipal da Serra do Japi, trilha Base/Mirante/DAE/Base"
"ÁREA DE PROTEÇÃO AMBIENTAL JUNDIAÍ","Angiosperms","Asteraceae","Cosmos","sulphureus","Cav.","ASTERACEAE Cosmos sulphureus Cav.","47723","GBIF","HRCB","Lombardi, J.A.","6755","Naturalized","Bronze","Low","Reserva Biológica Municipal da Serra do Japi Trilha Base/ Passarinheiros/ Av. Brasil até próximo a Rodovia Bandeirantes/ Base"
"ÁREA DE PROTEÇÃO AMBIENTAL JUNDIAÍ","Angiosperms","Asteraceae","Crepis",,"L.","ASTERACEAE Crepis L.","HPL001208","Splink","HPL",,"45",,"Latão","Low","Via Anhanguera."
"ÁREA DE PROTEÇÃO AMBIENTAL JUNDIAÍ","Angiosperms","Asteraceae","Critonia","megaphylla","(Baker) R.M.King & H.Rob.","ASTERACEAE Critonia megaphylla (Baker) R.M.King & H.Rob.","129599","GBIF","UEC","Vasconcellos-Neto, J.","s.n.","Native","Ouro","Medium","Serra do Japi, DAE."
"ÁREA DE PROTEÇÃO AMBIENTAL JUNDIAÍ","Angiosperms","Asteraceae","Cyrtocymura","scorpioides","(Lam.) H.Rob.","ASTERACEAE Cyrtocymura scorpioides (Lam.) H.Rob.","204370","GBIF","UEC","Vasconcellos-Neto, J.","s.n.","Native","Ouro","Medium","Serra do Japí"
"ÁREA DE PROTEÇÃO AMBIENTAL JUNDIAÍ","Angiosperms","Asteraceae","Dasyphyllum","flagellare","(Casar.) Cabrera","ASTERACEAE Dasyphyllum flagellare (Casar.) Cabrera","76633","GBIF","UEC","Pirani, J.R.","s.n.","Native","Ouro","Medium","Serra do Japi. Trilha do Mirante."
"ÁREA DE PROTEÇÃO AMBIENTAL JUNDIAÍ","Angiosperms","Asteraceae","Dasyphyllum","sprengelianum","(Gardner) Cabrera","ASTERACEAE Dasyphyllum sprengelianum (Gardner) Cabrera","30906","GBIF","UEC","Leitao Filho, H.F.","3189","Native","Ouro","Low","Ca. de 10km de Jundiaí. Serra do Japi."
"ÁREA DE PROTEÇÃO AMBIENTAL JUNDIAÍ","Angiosperms","Asteraceae","Dasyphyllum","vagans","(Gardner) Cabrera","ASTERACEAE Dasyphyllum vagans (Gardner) Cabrera","204427","GBIF","UEC","Vasconcellos-Neto, J.","s.n.","Native","Ouro","Medium","Serra do Japi, Próximo ao DAE."
"ÁREA DE PROTEÇÃO AMBIENTAL JUNDIAÍ","Angiosperms","Asteraceae","Dendrophorbium","bradei","(Cabrera) C.Jeffrey","ASTERACEAE Dendrophorbium bradei (Cabrera) C.Jeffrey","91715","GBIF","UEC","Sa, F.N.","s.n.","Native","Ouro","Medium","Serra do Japi, Trilha do mirante"
"ÁREA DE PROTEÇÃO AMBIENTAL JUNDIAÍ","Angiosperms","Asteraceae","Dendrophorbium","pluricephalum","(Cabrera) C.Jeffrey","ASTERACEAE Dendrophorbium pluricephalum (Cabrera) C.Jeffrey","290291","GBIF","SP","Mello-Silva, R.","1073","Native","Latão","Low","Serra do Japi. Trilha do Mirante"
"ÁREA DE PROTEÇÃO AMBIENTAL JUNDIAÍ","Angiosperms","Asteraceae","Dimerostemma","brasilianum","Cass.","ASTERACEAE Dimerostemma brasilianum Cass.","K000955708","GBIF","K","Burchell","4900","Native","Ouro","Low",
"ÁREA DE PROTEÇÃO AMBIENTAL JUNDIAÍ","Angiosperms","Asteraceae","Eclipta","prostrata","(L.) L.","ASTERACEAE Eclipta prostrata (L.) L.","169698","GBIF","UEC","Monge, M.","789","Native","Ouro","Low","Serra do Japi, Caminho para o Bairro Santa Clara"
"ÁREA DE PROTEÇÃO AMBIENTAL JUNDIAÍ","Angiosperms","Asteraceae","Elephantopus","mollis","Kunth","ASTERACEAE Elephantopus mollis Kunth","28676","GBIF","IAC","Bernacci, L.C.","22","Native","Ouro","Low","Estação Experimental"
"ÁREA DE PROTEÇÃO AMBIENTAL JUNDIAÍ","Angiosperms","Asteraceae","Emilia","fosbergii","Nicolson","ASTERACEAE Emilia fosbergii Nicolson","204433","GBIF","UEC","Vasconcellos-Neto, J.","s.n.","Naturalized","Ouro","Medium","Serra do Japí"
"ÁREA DE PROTEÇÃO AMBIENTAL JUNDIAÍ","Angiosperms","Asteraceae","Erechtites","valerianifolius","(Link ex Spreng.) DC.","ASTERACEAE Erechtites valerianifolius (Link ex Spreng.) DC.","UEC182296","Splink","UEC",,"713","Native","Ouro","Low","Serra do Japí. Perto da Base"
"ÁREA DE PROTEÇÃO AMBIENTAL JUNDIAÍ","Angiosperms","Asteraceae","Eremanthus","erythropappus","(DC.) MacLeish","ASTERACEAE Eremanthus erythropappus (DC.) MacLeish","41091","GBIF","FUEL","Demite, P.R.","s.n.","Native","Ouro","Medium","Serra do Japi"
"ÁREA DE PROTEÇÃO AMBIENTAL JUNDIAÍ","Angiosperms","Asteraceae","Eupatorium",,"L.","ASTERACEAE Eupatorium L.","2267","GBIF","TEPB","Leitao Filho, H.F.",,,"Bronze","Medium","Serra do Japi."
"ÁREA DE PROTEÇÃO AMBIENTAL JUNDIAÍ","Angiosperms","Asteraceae","Exostigma","notobellidiastrum","(Griseb.) G.Sancho","ASTERACEAE Exostigma notobellidiastrum (Griseb.) G.Sancho","UEC182362","Splink","UEC",,"846","Native","Ouro","Low","Serra do Japi. Estrada para Rede de Televisão da Cultura - ambiente fechado"
"ÁREA DE PROTEÇÃO AMBIENTAL JUNDIAÍ","Angiosperms","Asteraceae","Facelis",,"Cass.","ASTERACEAE Facelis Cass.","177359","GBIF","UEC","Braga, K.R.R.","16",,"Ouro","Medium","Serra do Japi, Estraba a caminho da base (barranco)."
"ÁREA DE PROTEÇÃO AMBIENTAL JUNDIAÍ","Angiosperms","Asteraceae","Fleischmannia","remotifolia","(DC.) R.M.King & H.Rob.","ASTERACEAE Fleischmannia remotifolia (DC.) R.M.King & H.Rob.","50271","GBIF","UEC","Lewinsohn, T.M.","20723","Native","Ouro","Low","SP-Jundiaí, SP.Serra do Japi Mirante, estrada para DAE."
"ÁREA DE PROTEÇÃO AMBIENTAL JUNDIAÍ","Angiosperms","Asteraceae","Galinsoga","parviflora","Cav.","ASTERACEAE Galinsoga parviflora Cav.","204387","GBIF","UEC","Monge, M.","807","Naturalized","Ouro","Low","Serra do Japi, Caminho paraa torre da Tv Cultura"
"ÁREA DE PROTEÇÃO AMBIENTAL JUNDIAÍ","Angiosperms","Asteraceae","Gamochaeta","americana","(Mill.) Wedd.","ASTERACEAE Gamochaeta americana (Mill.) Wedd.","UEC182369","Splink","UEC",,"812","Native","Ouro","Low","Serra do Japi, Caminho paraa torre da Tv Cultura"
"ÁREA DE PROTEÇÃO AMBIENTAL JUNDIAÍ","Angiosperms","Asteraceae","Gamochaeta","purpurea","(L.) Cabrera","ASTERACEAE Gamochaeta purpurea (L.) Cabrera","49026","GBIF","HRCB","Lombardi, J.A.","7086","Native","Bronze","Low","Reserva Biológica Municipal da Serra do Japi, Base-Cidinho-estrada da Cascalheira-Av. Brasil Tamega-Base"
"ÁREA DE PROTEÇÃO AMBIENTAL JUNDIAÍ","Angiosperms","Asteraceae","Grazielia","intermedia","(DC.) R.M.King & H.Rob.","ASTERACEAE Grazielia intermedia (DC.) R.M.King & H.Rob.","169708","GBIF","UEC","Monge, M.","778","Native","Ouro","Low","Serra do Japi, Caminho para o Bairro Santa Clara"
"ÁREA DE PROTEÇÃO AMBIENTAL JUNDIAÍ","Angiosperms","Asteraceae","Grindelia",,"Willd.","ASTERACEAE Grindelia Willd.","RB00402055","GBIF","RB","Leitao, H.F.","17773",,"Ouro","Medium","Serra Japí, região do mirante."
"ÁREA DE PROTEÇÃO AMBIENTAL JUNDIAÍ","Angiosperms","Asteraceae","Helianthus","annuus","L.","ASTERACEAE Helianthus annuus L.","154656509","GBIF","Observations","So_zsm",,"Cultivated","Bronze","Low","Faculdade de Medicina de Jundiaí, Jundiaí, SP, BR"
"ÁREA DE PROTEÇÃO AMBIENTAL JUNDIAÍ","Angiosperms","Asteraceae","Helianthus","tuberosus","L.","ASTERACEAE Helianthus tuberosus L.","31959","GBIF","IAC","Lovate, A.A.","s/nº","Cultivated","Bronze","Low","Rua Nestor Victor, 40"
"ÁREA DE PROTEÇÃO AMBIENTAL JUNDIAÍ","Angiosperms","Asteraceae","Heterocondylus","alatus","(Vell.) R.M.King & H.Rob.","ASTERACEAE Heterocondylus alatus (Vell.) R.M.King & H.Rob.","204533","GBIF","UEC","Braga, K.R.R.","38","Native","Ouro","Medium","Serra do Japi, Trilha Mirante."
"ÁREA DE PROTEÇÃO AMBIENTAL JUNDIAÍ","Angiosperms","Asteraceae","Heterocondylus","vitalbae","(DC.) R.M.King & H.Rob.","ASTERACEAE Heterocondylus vitalbae (DC.) R.M.King & H.Rob.","204530","GBIF","UEC","Braga, K.R.R.","33","Native","Ouro","Medium","Serra do Japi, Trilha Mirante."
"ÁREA DE PROTEÇÃO AMBIENTAL JUNDIAÍ","Angiosperms","Asteraceae","Hypochaeris","chillensis","(Kunth) Britton","ASTERACEAE Hypochaeris chillensis (Kunth) Britton","204604","GBIF","UEC","Monge, M.","811","Native","Ouro","Low","Serra do Japi, Caminho paraa torre da Tv Cultura"
"ÁREA DE PROTEÇÃO AMBIENTAL JUNDIAÍ","Angiosperms","Asteraceae","Ichthyothere","hirsuta","Gardner","ASTERACEAE Ichthyothere hirsuta Gardner","NY00797849","GBIF","NY","Riedel, L.","54","Native","Ouro","Low","Jundiahy"
"ÁREA DE PROTEÇÃO AMBIENTAL JUNDIAÍ","Angiosperms","Asteraceae","Jaegeria","hirta","(Lag.) Less.","ASTERACEAE Jaegeria hirta (Lag.) Less.","RB00403334","GBIF","RB","Pansarin, E.R.","91","Native","Ouro","Medium","Serra do Japi, bairro Eloy Chaves, próximo à represa do DAE."
"ÁREA DE PROTEÇÃO AMBIENTAL JUNDIAÍ","Angiosperms","Asteraceae","Kaunia","rufescens","(Lund ex DC.) R.M. King","ASTERACEAE Kaunia rufescens (Lund ex DC.) R.M. King","UEC182462","Splink","UEC",,"731","Native","Ouro","Low","Serra do Japi. Estrada para Rede de Televisão da Cultura - ambiente fechado"
"ÁREA DE PROTEÇÃO AMBIENTAL JUNDIAÍ","Angiosperms","Asteraceae","Koanophyllon","myrtilloides","(DC.) R.M.King & H.Rob.","ASTERACEAE Koanophyllon myrtilloides (DC.) R.M.King & H.Rob.","802260","GBIF","NY","Riedel, L.","s.n.","Native","Latão","Low","Pr. Jundiahy"
"ÁREA DE PROTEÇÃO AMBIENTAL JUNDIAÍ","Angiosperms","Asteraceae","Koanophyllon","solidaginoides","(Kunth) R.M.King & H.Rob.","ASTERACEAE Koanophyllon solidaginoides (Kunth) R.M.King & H.Rob.","148062","GBIF","UEC","Trigo, J.R.","s.n.","Native","Ouro","Medium","Serra do Japi."
"ÁREA DE PROTEÇÃO AMBIENTAL JUNDIAÍ","Angiosperms","Asteraceae","Lepidaploa","canescens","(Kunth) H.Rob.","ASTERACEAE Lepidaploa canescens (Kunth) H.Rob.","290292","GBIF","SP","Mello-Silva, R.","1066","Native","Bronze","Low","Serra do Japi, Trilha do Mirante"
"ÁREA DE PROTEÇÃO AMBIENTAL JUNDIAÍ","Angiosperms","Asteraceae","Lepidaploa","chamissonis","(Less.) H.Rob.","ASTERACEAE Lepidaploa chamissonis (Less.) H.Rob.","91714","GBIF","UEC","Sa, F.N.","s.n.","Native","Latão","Medium","Serra do Japí, Trilha do Mirante"
"ÁREA DE PROTEÇÃO AMBIENTAL JUNDIAÍ","Angiosperms","Asteraceae","Lepidaploa","eriolepis","(Gardner) H.Rob.","ASTERACEAE Lepidaploa eriolepis (Gardner) H.Rob.","UEC013878","Splink","UEC",,"s.n.","Native","Ouro","Low","Serra do Japi."
"ÁREA DE PROTEÇÃO AMBIENTAL JUNDIAÍ","Angiosperms","Asteraceae","Lepidaploa","muricata","(DC.) H.Rob.","ASTERACEAE Lepidaploa muricata (DC.) H.Rob.","50272","GBIF","UEC","Lewinsohn, T.M.","20722","Native","Latão","Low","Serra do Japi. Estrada para DAE."
"ÁREA DE PROTEÇÃO AMBIENTAL JUNDIAÍ","Angiosperms","Asteraceae","Leptostelma","maximum","D.Don","ASTERACEAE Leptostelma maximum D.Don","73988","GBIF","UEC","Arbocz, G.F.","212","Native","Ouro","Low","Serra do Japi - caminho longo p/ mirante"
"ÁREA DE PROTEÇÃO AMBIENTAL JUNDIAÍ","Angiosperms","Asteraceae","Lessingianthus","argyrophyllus","(Less.) H.Rob.","ASTERACEAE Lessingianthus argyrophyllus (Less.) H.Rob.","6176","GBIF","SP","Brade, A.C.","7101","Native","Bronze","Low",
"ÁREA DE PROTEÇÃO AMBIENTAL JUNDIAÍ","Angiosperms","Asteraceae","Lessingianthus","brevipetiolatus","(Sch.Bip. ex Baker) H.Rob.","ASTERACEAE Lessingianthus brevipetiolatus (Sch.Bip. ex Baker) H.Rob.","805023","GBIF","NY","Brade, A.C.","7077","Native","Ouro","Low",
"ÁREA DE PROTEÇÃO AMBIENTAL JUNDIAÍ","Angiosperms","Asteraceae","Lessingianthus","cephalotes","(DC.) H.Rob.","ASTERACEAE Lessingianthus cephalotes (DC.) H.Rob.","16159","GBIF","SP","Novaes, J.C.","CGG4104","Native","Bronze","Low",
"ÁREA DE PROTEÇÃO AMBIENTAL JUNDIAÍ","Angiosperms","Asteraceae","Lessingianthus","coriaceus","(Less.) H.Rob.","ASTERACEAE Lessingianthus coriaceus (Less.) H.Rob.","805043","GBIF","NY","Brade, A.C.","7075","Native","Ouro","Low",
"ÁREA DE PROTEÇÃO AMBIENTAL JUNDIAÍ","Angiosperms","Asteraceae","Lessingianthus","erythrophilus","(DC.) H.Rob.","ASTERACEAE Lessingianthus erythrophilus (DC.) H.Rob.","16070","GBIF","SP","Novaes, J.C.","CGG4103","Native","Bronze","Low",
"ÁREA DE PROTEÇÃO AMBIENTAL JUNDIAÍ","Angiosperms","Asteraceae","Lessingianthus","graminifolius","(Gardner) Dematt.","ASTERACEAE Lessingianthus graminifolius (Gardner) Dematt.","100953","GBIF","UEC","Pansarin, E.R.","97/35","Native","Latão","Low","Sítio Branca de Neve, Estrada do aeroporto, fundo com o clube de campo Uirapurú, próximo à Serra do Japi. Solo encharcado próximo a um pequeno rio."
"ÁREA DE PROTEÇÃO AMBIENTAL JUNDIAÍ","Angiosperms","Asteraceae","Lessingianthus","grandiflorus","(Less.) H.Rob.","ASTERACEAE Lessingianthus grandiflorus (Less.) H.Rob.","65719","GBIF","SP","Kuhlmann, M.","2864","Native","Bronze","Low","Ao lado da estrada para Itu"
"ÁREA DE PROTEÇÃO AMBIENTAL JUNDIAÍ","Angiosperms","Asteraceae","Lessingianthus","varroniifolius","(DC.) H.Rob.","ASTERACEAE Lessingianthus varroniifolius (DC.) H.Rob.","3731","GBIF","IAC","Viegas, A.P.","s/nº","Native","Bronze","Low","Alto da Serra dos Cristais"
"ÁREA DE PROTEÇÃO AMBIENTAL JUNDIAÍ","Angiosperms","Asteraceae","Lucilia","acutifolia","(Poir.) Cass.","ASTERACEAE Lucilia acutifolia (Poir.) Cass.","3761","GBIF","IAC","Viegas, A.P.","s/nº","Native","Ouro","Low","Alto da Serra dos Cristais"
"ÁREA DE PROTEÇÃO AMBIENTAL JUNDIAÍ","Angiosperms","Asteraceae","Mikania","banisteriae","DC.","ASTERACEAE Mikania banisteriae DC.","UEC182465","Splink","UEC",,"830","Native","Ouro","Low","Serra do Japi, Estrada para Rede de Televisão da Cultura."
"ÁREA DE PROTEÇÃO AMBIENTAL JUNDIAÍ","Angiosperms","Asteraceae","Mikania","bradei","B.L.Rob.","ASTERACEAE Mikania bradei B.L.Rob.","126777","GBIF","ESA","Mateus, N.S.","105","Native","Latão","Low",
"ÁREA DE PROTEÇÃO AMBIENTAL JUNDIAÍ","Angiosperms","Asteraceae","Mikania","buddleiaefolia","DC.","ASTERACEAE Mikania buddleiaefolia DC.","UEC162931","Splink","UEC",,"16378","Native","Ouro","Low","Serra do Japí. Coordenada calculada."
"ÁREA DE PROTEÇÃO AMBIENTAL JUNDIAÍ","Angiosperms","Asteraceae","Mikania","chlorolepis","Baker","ASTERACEAE Mikania chlorolepis Baker","88690","GBIF","UEC","Sa, F.N.","s.n.","Native","Latão","Medium","Serra do Japi, Trilha da TV Cultura."
"ÁREA DE PROTEÇÃO AMBIENTAL JUNDIAÍ","Angiosperms","Asteraceae","Mikania","confertissima","Sch.Bip.","ASTERACEAE Mikania confertissima Sch.Bip.","50240","GBIF","UEC","Jose, C.","20750","Native","Bronze","Low","Serra do Japi."
"ÁREA DE PROTEÇÃO AMBIENTAL JUNDIAÍ","Angiosperms","Asteraceae","Mikania","cordifolia","(L.f.) Willd.","ASTERACEAE Mikania cordifolia (L.f.) Willd.","US01673142","Reflora","US","Carnielli, V.","s.n.","Native","Ouro","Medium","Mun. Jundiaí, Serra do Japi"
"ÁREA DE PROTEÇÃO AMBIENTAL JUNDIAÍ","Angiosperms","Asteraceae","Mikania","erioclada","DC.","ASTERACEAE Mikania erioclada DC.","48284","GBIF","HRCB","Lombardi, J.A.","6800","Native","Ouro","Low","Reserva Biológica Municipal da Serra do Japi, Base Mirante estrada para DAE."
"ÁREA DE PROTEÇÃO AMBIENTAL JUNDIAÍ","Angiosperms","Asteraceae","Mikania","eriostrepta","B.L.Rob.","ASTERACEAE Mikania eriostrepta B.L.Rob.","20035","GBIF","IAC","Leitao Filho, H.F.","436","Native","Ouro","Low","estrada Velha para São Paulo"
"ÁREA DE PROTEÇÃO AMBIENTAL JUNDIAÍ","Angiosperms","Asteraceae","Mikania","hirsutissima","DC.","ASTERACEAE Mikania hirsutissima DC.","UEC182293","Splink","UEC",,"850","Native","Ouro","Low","Serra do Japi, Observatório"
"ÁREA DE PROTEÇÃO AMBIENTAL JUNDIAÍ","Angiosperms","Asteraceae","Mikania","laevigata","Sch.Bip. ex Baker","ASTERACEAE Mikania laevigata Sch.Bip. ex Baker","204519","GBIF","UEC","Monge, M.","851","Native","Ouro","Low","Serra do Japi, Observatório"
"ÁREA DE PROTEÇÃO AMBIENTAL JUNDIAÍ","Angiosperms","Asteraceae","Mikania","lasiandrae","DC.","ASTERACEAE Mikania lasiandrae DC.","204383","GBIF","UEC","Vasconcellos-Neto, J.","s.n.","Native","Ouro","Medium","Serra do Japí"
"ÁREA DE PROTEÇÃO AMBIENTAL JUNDIAÍ","Angiosperms","Asteraceae","Mikania","ligustrifolia","DC.","ASTERACEAE Mikania ligustrifolia DC.","130212","GBIF","ESA","Souza, V.C.","35415","Native","Bronze","Low","Fragmento 7 (TAV). Floresta Estacional Semidecidual"
"ÁREA DE PROTEÇÃO AMBIENTAL JUNDIAÍ","Angiosperms","Asteraceae","Mikania","micrantha","Kunth","ASTERACEAE Mikania micrantha Kunth","204381","GBIF","UEC","Vasconcellos-Neto, J.","s.n.","Native","Ouro","Medium","Serra do Japi"
"ÁREA DE PROTEÇÃO AMBIENTAL JUNDIAÍ","Angiosperms","Asteraceae","Mikania","microdonta","DC.","ASTERACEAE Mikania microdonta DC.","91708","GBIF","UEC","Sa, F.N.","]","Native","Latão","Medium","Serra do Japí"
"ÁREA DE PROTEÇÃO AMBIENTAL JUNDIAÍ","Angiosperms","Asteraceae","Mikania","obtusata","DC.","ASTERACEAE Mikania obtusata DC.","4489","GBIF","SP","Brade, A.C.","7105","Native","Latão","Low",
"ÁREA DE PROTEÇÃO AMBIENTAL JUNDIAÍ","Angiosperms","Asteraceae","Mikania","periplocifolia","Hook. & Arn.","ASTERACEAE Mikania periplocifolia Hook. & Arn.","88691","GBIF","UEC","Sa, F.N.","s.n.","Native","Latão","Medium","Serra do Japi, Trilha do Observatório (1170m)"
"ÁREA DE PROTEÇÃO AMBIENTAL JUNDIAÍ","Angiosperms","Asteraceae","Mikania","rufescens","Sch.Bip. ex Baker","ASTERACEAE Mikania rufescens Sch.Bip. ex Baker","36171","GBIF","UEC","Leitao Filho, H.F.","16191","Native","Ouro","Low","Serra do Japi, Mirante. Coordenada calculada."
"ÁREA DE PROTEÇÃO AMBIENTAL JUNDIAÍ","Angiosperms","Asteraceae","Mikania","sessilifolia","DC.","ASTERACEAE Mikania sessilifolia DC.","3735","GBIF","IAC","Viegas, A.P.","s/nº","Native","Bronze","Low","Alto da Serra dos Cristais"
"ÁREA DE PROTEÇÃO AMBIENTAL JUNDIAÍ","Angiosperms","Asteraceae","Mikania","triangularis","Baker","ASTERACEAE Mikania triangularis Baker","204392","GBIF","UEC","Monge, M.","817","Native","Ouro","Low","Serra do Japi, Caminho paraa torre da Tv Cultura"
"ÁREA DE PROTEÇÃO AMBIENTAL JUNDIAÍ","Angiosperms","Asteraceae","Mikania","trinervis","Hook. & Arn.","ASTERACEAE Mikania trinervis Hook. & Arn.","20572","GBIF","TEPB","Sugiyama, M.",,"Native","Bronze","Medium","Serra do Japi."
"ÁREA DE PROTEÇÃO AMBIENTAL JUNDIAÍ","Angiosperms","Asteraceae","Moquiniastrum","gardneri","(Baker) G. Sancho","ASTERACEAE Moquiniastrum gardneri (Baker) G. Sancho","K000955803","GBIF","K","Burchell, J.","4895","Native","Ouro","Low","Jundiahy [Jundiaí]"
"ÁREA DE PROTEÇÃO AMBIENTAL JUNDIAÍ","Angiosperms","Asteraceae","Moquiniastrum","paniculatum","(Less.) G. Sancho","ASTERACEAE Moquiniastrum paniculatum (Less.) G. Sancho","195014","GBIF","UEC","Monge, M.","2074","Native","Ouro","Low","Serra do Japi. Estrada do Dae, depois do aeroporto."
"ÁREA DE PROTEÇÃO AMBIENTAL JUNDIAÍ","Angiosperms","Asteraceae","Moquiniastrum","polymorphum","(Less.) G. Sancho","ASTERACEAE Moquiniastrum polymorphum (Less.) G. Sancho","204532","GBIF","UEC","Braga, K.R.R.","35","Native","Ouro","Medium","Serra do Japi, Trilha Mirante."
"ÁREA DE PROTEÇÃO AMBIENTAL JUNDIAÍ","Angiosperms","Asteraceae","Moquiniastrum","pulchrum","(Cabrera) G.Sancho","ASTERACEAE Moquiniastrum pulchrum (Cabrera) G.Sancho","US 1617224","GBIF","US","Brade, H.","7108","Native","Ouro","Low",
"ÁREA DE PROTEÇÃO AMBIENTAL JUNDIAÍ","Angiosperms","Asteraceae","Mutisia","campanulata","Less.","ASTERACEAE Mutisia campanulata Less.","RB00856159","GBIF","RB","Souza, V.C.","34147","Native","Ouro","Low","Beira da Rodovia dos Bandeirantes. Floresta estacional decidual bastante degradada. Projeto TAV. Levantamento Florístico 1."
"ÁREA DE PROTEÇÃO AMBIENTAL JUNDIAÍ","Angiosperms","Asteraceae","Mutisia","coccinea","A.St.-Hil.","ASTERACEAE Mutisia coccinea A.St.-Hil.","204536","GBIF","UEC","Braga, K.R.R.","43","Native","Ouro","Medium","Serra do Japi, Trilha Mirante."
"ÁREA DE PROTEÇÃO AMBIENTAL JUNDIAÍ","Angiosperms","Asteraceae","Ophryosporus",,"Meyen","ASTERACEAE Ophryosporus Meyen","204378","GBIF","UEC","Vasconcellos-Neto, J.","s.n.",,"Ouro","Medium","Serra do Japi, Próximo à borda, 870."
"ÁREA DE PROTEÇÃO AMBIENTAL JUNDIAÍ","Angiosperms","Asteraceae","Orthopappus","angustifolius","(Sw.) Gleason","ASTERACEAE Orthopappus angustifolius (Sw.) Gleason","169705","GBIF","UEC","Monge, M.","781","Native","Ouro","Low","Serra do Japi, Caminho para o Bairro Santa Clara"
"ÁREA DE PROTEÇÃO AMBIENTAL JUNDIAÍ","Angiosperms","Asteraceae","Parthenium","hysterophorus","L.","ASTERACEAE Parthenium hysterophorus L.",,"GBIF",,,,"Naturalized","Latão","Low",
"ÁREA DE PROTEÇÃO AMBIENTAL JUNDIAÍ","Angiosperms","Asteraceae","Pentacalia","desiderabilis","(Vell.) Cuatrec.","ASTERACEAE Pentacalia desiderabilis (Vell.) Cuatrec.","HB000015566","Splink","HB",,"s/n","Native","Ouro","Low","Estrada de São Paulo; Estação Biológica (Estrada de Ferro São Paulo-Santos)."
"ÁREA DE PROTEÇÃO AMBIENTAL JUNDIAÍ","Angiosperms","Asteraceae","Piptocarpha","angustifolia","Dusén ex Malme","ASTERACEAE Piptocarpha angustifolia Dusén ex Malme","40275","GBIF","UEC","Morellato-Fonzar, L.P.C.","16732","Native","Ouro","Low","Serra do Japi, Mirante"
"ÁREA DE PROTEÇÃO AMBIENTAL JUNDIAÍ","Angiosperms","Asteraceae","Piptocarpha","axillaris","(Less.) Baker","ASTERACEAE Piptocarpha axillaris (Less.) Baker","20580","GBIF","TEPB","Sugiyama, M.",,"Native","Latão","Medium","Serra do Japi."
"ÁREA DE PROTEÇÃO AMBIENTAL JUNDIAÍ","Angiosperms","Asteraceae","Piptocarpha","macropoda","(DC.) Baker","ASTERACEAE Piptocarpha macropoda (DC.) Baker","UEC009174","Splink","UEC",,"6815","Native","Bronze","Low","Reserva Biológica Municipal da Serra do Japi. Base-Mirante-estrada para DAE."
"ÁREA DE PROTEÇÃO AMBIENTAL JUNDIAÍ","Angiosperms","Asteraceae","Piptocarpha","notata","(Less.) Baker","ASTERACEAE Piptocarpha notata (Less.) Baker","UEC181260","Splink","UEC",,"s.n.","Native","Bronze","Low","Serra do Japi."
"ÁREA DE PROTEÇÃO AMBIENTAL JUNDIAÍ","Angiosperms","Asteraceae","Piptocarpha","quadrangularis","(Vell.) Baker","ASTERACEAE Piptocarpha quadrangularis (Vell.) Baker","213932","GBIF","UEC","Monge, M.","836","Native","Ouro","Low","Serra do Japi, Estrada para Rede de Televisão da Cultura."
"ÁREA DE PROTEÇÃO AMBIENTAL JUNDIAÍ","Angiosperms","Asteraceae","Piptocarpha","regnellii","(Sch.Bip.) Cabrera","ASTERACEAE Piptocarpha regnellii (Sch.Bip.) Cabrera","36020","GBIF","UEC","Morellato-Fonzar, L.P.C.","16554","Native","Ouro","Low","Serra do Japí, mirante."
"ÁREA DE PROTEÇÃO AMBIENTAL JUNDIAÍ","Angiosperms","Asteraceae","Piptocarpha","rotundifolia","(Less.) Baker","ASTERACEAE Piptocarpha rotundifolia subsp. rotundifolia (Less.) Baker","K000955267","GBIF","K","Burchell, W.J.","4894","Native","Ouro","Low",
"ÁREA DE PROTEÇÃO AMBIENTAL JUNDIAÍ","Angiosperms","Asteraceae","Piptocarpha","sellowii","(Sch.Bip.) Baker","ASTERACEAE Piptocarpha sellowii (Sch.Bip.) Baker","56813","GBIF","MBM","Semir, J.","4907","Native","Ouro","Low","Serra do Japi."
"ÁREA DE PROTEÇÃO AMBIENTAL JUNDIAÍ","Angiosperms","Asteraceae","Porophyllum","ruderale","(Jacq.) Cass.","ASTERACEAE Porophyllum ruderale (Jacq.) Cass.","204412","GBIF","UEC","Vasconcellos-Neto, J.","s.n.","Native","Ouro","Medium","Serra do Japi"
"ÁREA DE PROTEÇÃO AMBIENTAL JUNDIAÍ","Angiosperms","Asteraceae","Pterocaulon","alopecuroides","(Lam.) DC.","ASTERACEAE Pterocaulon alopecuroides (Lam.) DC.","205954","GBIF","UEC","Volet, D.P.","46","Native","Ouro","Low","Serra do Japi. Trilha do mirante"
"ÁREA DE PROTEÇÃO AMBIENTAL JUNDIAÍ","Angiosperms","Asteraceae","Pterocaulon","balansae","Chodat","ASTERACEAE Pterocaulon balansae Chodat","169712","GBIF","UEC","Moraes, M.D.","773","Native","Ouro","Low","Serra do Japí, Estrada p/ base."
"ÁREA DE PROTEÇÃO AMBIENTAL JUNDIAÍ","Angiosperms","Asteraceae","Pterocaulon","rugosum","(Vahl) Malme","ASTERACEAE Pterocaulon rugosum (Vahl) Malme","798577","GBIF","NY","Brade, A.C.","7116","Native","Ouro","Low","Jundiahy"
"ÁREA DE PROTEÇÃO AMBIENTAL JUNDIAÍ","Angiosperms","Asteraceae","Senecio","brasiliensis","(Spreng.) Less.","ASTERACEAE Senecio brasiliensis (Spreng.) Less.","177277","GBIF","UEC","Braga, K.R.R.","90","Native","Ouro","Low","Serra do Japi, estrada para Base."
"ÁREA DE PROTEÇÃO AMBIENTAL JUNDIAÍ","Angiosperms","Asteraceae","Senecio","icoglossus","DC.","ASTERACEAE Senecio icoglossus DC.","K000955773","GBIF","K","Burchell","4915","Native","Ouro","Low",
"ÁREA DE PROTEÇÃO AMBIENTAL JUNDIAÍ","Angiosperms","Asteraceae","Senecio","oxyphyllus","DC.","ASTERACEAE Senecio oxyphyllus DC.","48470","GBIF","HRCB","Lombardi, J.A.","6920","Native","Bronze","Low","Reserva Biológica Municipal da Serra do Japi, trilha Base/Mirante/DAE/Filipini/Base"
"ÁREA DE PROTEÇÃO AMBIENTAL JUNDIAÍ","Angiosperms","Asteraceae","Senecio","pellucidinervis","Sch.Bip. ex Baker","ASTERACEAE Senecio pellucidinervis Sch.Bip. ex Baker","48293","GBIF","HRCB","Lombardi, J.A.","6809",,"Bronze","Low","Reserva Biológica Municipal da Serra do Japi, Base-Mirante-estrada para DAE"
"ÁREA DE PROTEÇÃO AMBIENTAL JUNDIAÍ","Angiosperms","Asteraceae","Sigesbeckia","orientalis","L.","ASTERACEAE Sigesbeckia orientalis L.",,"GBIF",,,,"Naturalized","Latão","Low",
"ÁREA DE PROTEÇÃO AMBIENTAL JUNDIAÍ","Angiosperms","Asteraceae","Solidago","chilensis","Meyen","ASTERACEAE Solidago chilensis Meyen","204534","GBIF","UEC","Braga, K.R.R.","41","Native","Ouro","Medium","Serra do Japi, Trilha Mirante."
"ÁREA DE PROTEÇÃO AMBIENTAL JUNDIAÍ","Angiosperms","Asteraceae","Sonchus","asper","(L.) Hill","ASTERACEAE Sonchus asper (L.) Hill","204388","GBIF","UEC","Monge, M.","801","Naturalized","Ouro","Low","Serra do Japi, Próximo à base. Caminho para biquinha, área de abastecimento.&nf;Beira da estrada"
"ÁREA DE PROTEÇÃO AMBIENTAL JUNDIAÍ","Angiosperms","Asteraceae","Sonchus","oleraceus","L.","ASTERACEAE Sonchus oleraceus L.","204425","GBIF","UEC","Vasconcellos-Neto, J.","s.n.","Native","Ouro","Medium","Serra do Japí"
"ÁREA DE PROTEÇÃO AMBIENTAL JUNDIAÍ","Angiosperms","Asteraceae","Sphagneticola","trilobata","(L.) Pruski","ASTERACEAE Sphagneticola trilobata (L.) Pruski","204529","GBIF","UEC","Braga, K.R.R.","32","Native","Ouro","Medium","Serra do Japi, Trilha Mirante."
"ÁREA DE PROTEÇÃO AMBIENTAL JUNDIAÍ","Angiosperms","Asteraceae","Stenocephalum","megapotamicum","(Spreng.) Sch.Bip.","ASTERACEAE Stenocephalum megapotamicum (Spreng.) Sch.Bip.","00809423","GBIF","NY","Brade, A.C.","7071","Native","Ouro","Low","Jundiahy"
"ÁREA DE PROTEÇÃO AMBIENTAL JUNDIAÍ","Angiosperms","Asteraceae","Stenocline",,"DC.","ASTERACEAE Stenocline DC.","UEC182370","Splink","UEC",,"717",,"Ouro","Low","Serra do Japí, Perto da Base"
"ÁREA DE PROTEÇÃO AMBIENTAL JUNDIAÍ","Angiosperms","Asteraceae","Stevia","collina","Gardner","ASTERACEAE Stevia collina Gardner","3760","GBIF","IAC","Viegas, A.P.","s/nº","Native","Ouro","Low","Alto da Serra dos Cristais"
"ÁREA DE PROTEÇÃO AMBIENTAL JUNDIAÍ","Angiosperms","Asteraceae","Stevia","ophryophylla","B.L.Rob.","ASTERACEAE Stevia ophryophylla B.L.Rob.","4442","GBIF","HUFU","Brade, A.C.","8211","Native","Ouro","Low","Varzea"
"ÁREA DE PROTEÇÃO AMBIENTAL JUNDIAÍ","Angiosperms","Asteraceae","Stifftia","chrysantha","J.C.Mikan","ASTERACEAE Stifftia chrysantha J.C.Mikan",,"GBIF",,,,"Native","Latão","Low",
"ÁREA DE PROTEÇÃO AMBIENTAL JUNDIAÍ","Angiosperms","Asteraceae","Stifftia","fruticosa","(Vell.) D.J.N.Hind & Semir","ASTERACEAE Stifftia fruticosa (Vell.) D.J.N.Hind & Semir","RB00429573","GBIF","RB","Colares, J.E.R.","012","Native","Ouro","Low","Ilha de S. Sebastião."
"ÁREA DE PROTEÇÃO AMBIENTAL JUNDIAÍ","Angiosperms","Asteraceae","Symphyopappus","compressus","(Gardner) B.L.Rob.","ASTERACEAE Symphyopappus compressus (Gardner) B.L.Rob.","128266","GBIF","UEC","Sa, F.N.","s.n.","Native","Bronze","Medium","Serra do Japí. Trilha do Mirante. 1170m"
"ÁREA DE PROTEÇÃO AMBIENTAL JUNDIAÍ","Angiosperms","Asteraceae","Symphyopappus","cuneatus","(DC.) Sch.Bip. ex Baker","ASTERACEAE Symphyopappus cuneatus (DC.) Sch.Bip. ex Baker","788755","GBIF","NY","Brade, A.C.","6151","Native","Ouro","Low",
"ÁREA DE PROTEÇÃO AMBIENTAL JUNDIAÍ","Angiosperms","Asteraceae","Symphyopappus","itatiayensis","(Hieron.) R.M.King & H.Rob.","ASTERACEAE Symphyopappus itatiayensis (Hieron.) R.M.King & H.Rob.","40755","GBIF","UEC","Morellato-Fonzar, L.P.C.","17816","Native","Ouro","Low","Serra do Japí, estrada do mirante"
"ÁREA DE PROTEÇÃO AMBIENTAL JUNDIAÍ","Angiosperms","Asteraceae","Symphyopappus","reticulatus","Baker","ASTERACEAE Symphyopappus reticulatus Baker","49363","GBIF","HRCB","Lombardi, J.A.","7266","Native","Bronze","Low","Serra do Japi, Trilha Base/Mirante/Base."
"ÁREA DE PROTEÇÃO AMBIENTAL JUNDIAÍ","Angiosperms","Asteraceae","Symphyotrichum","squamatum","(Spreng.) G.L.Nesom","ASTERACEAE Symphyotrichum squamatum (Spreng.) G.L.Nesom","169690","GBIF","UEC","Monge, M.","748","Native","Ouro","Low","Serra do Japí, Entrada para Observatório.&nf;Próximo ao topo"
"ÁREA DE PROTEÇÃO AMBIENTAL JUNDIAÍ","Angiosperms","Asteraceae","Synedrella","nodiflora","(L.) Gaertn.","ASTERACEAE Synedrella nodiflora (L.) Gaertn.","UEC167869","Splink","UEC",,"252","Native","Bronze","Low","Reserva Biológica da Serra do Japi, Trilha do Monte Horebe"
"ÁREA DE PROTEÇÃO AMBIENTAL JUNDIAÍ","Angiosperms","Asteraceae","Tagetes","minuta","L.","ASTERACEAE Tagetes minuta L.","204407","GBIF","UEC","Vasconcellos-Neto, J.","s.n.","Naturalized","Ouro","Medium","Serra do Japi"
"ÁREA DE PROTEÇÃO AMBIENTAL JUNDIAÍ","Angiosperms","Asteraceae","Tanacetum","cinerariifolium","(Trevir.) Sch.Bip.","ASTERACEAE Tanacetum cinerariifolium (Trevir.) Sch.Bip.","32083","GBIF","HUEFS","Hoehne, W.","15090","Cultivated","Ouro","Low",
"ÁREA DE PROTEÇÃO AMBIENTAL JUNDIAÍ","Angiosperms","Asteraceae","Taraxacum","officinale","F.H. Wigg.","ASTERACEAE Taraxacum officinale F.H. Wigg.","169688","GBIF","UEC","Monge, M.","750","Naturalized","Ouro","Low","Serra do Japí, Entrada para Observatório.&nf;Próximo ao topo"
"ÁREA DE PROTEÇÃO AMBIENTAL JUNDIAÍ","Angiosperms","Asteraceae","Tilesia","baccata","(L.) Pruski","ASTERACEAE Tilesia baccata (L.) Pruski","UEC167887","Splink","UEC",,"216","Naturalized","Bronze","Low","Reserva Biológica da Serra do Japi, Trilha da Base Ecológica"
"ÁREA DE PROTEÇÃO AMBIENTAL JUNDIAÍ","Angiosperms","Asteraceae","Tithonia","diversifolia","(Hemsl.) A.Gray","ASTERACEAE Tithonia diversifolia (Hemsl.) A.Gray","47707","GBIF","HRCB","Lombardi, J.A.","6739","Naturalized","Bronze","Low","Reserva Biológica Municipal da Serra do Japi Trilha Base/Passarinheiros/Av. Brasil até próximo a Rodovia dos Bandeirantes/Base"
"ÁREA DE PROTEÇÃO AMBIENTAL JUNDIAÍ","Angiosperms","Asteraceae","Trichogoniopsis","adenantha","(DC.) R.M.King & H.Rob.","ASTERACEAE Trichogoniopsis adenantha (DC.) R.M.King & H.Rob.","HRJ00006765","GBIF","HRJ","Simao-Bianch, R.","s.n.","Native","Latão","Medium","Serra do Japi."
"ÁREA DE PROTEÇÃO AMBIENTAL JUNDIAÍ",,"Asteraceae","Trixis","antimenorrhoea","(Schrank) Kuntze","ASTERACEAE Trixis antimenorrhoea subsp. antimenorrhoea (Schrank) Kuntze|Trixis antimenorrhoea (Schrank) Kuntze","UEC182352","Splink","UEC",,"726",,"Ouro","Low","Serra do Japi. Estrada para Rede de Televisão da Cultura - ambiente fechado"
"ÁREA DE PROTEÇÃO AMBIENTAL JUNDIAÍ","Angiosperms","Asteraceae","Trixis","nobilis","(Vell.) Katinas","ASTERACEAE Trixis nobilis (Vell.) Katinas","6093","GBIF","SP","Brade, A.C.","7099","Native","Ouro","Low",
"ÁREA DE PROTEÇÃO AMBIENTAL JUNDIAÍ","Angiosperms","Asteraceae","Trixis","praestans","(Vell.) Cabrera","ASTERACEAE Trixis praestans (Vell.) Cabrera","204322","GBIF","UEC","Vasconcellos-Neto, J.","s.n.","Native","Ouro","Medium","Serra do Japí"
"ÁREA DE PROTEÇÃO AMBIENTAL JUNDIAÍ","Angiosperms","Asteraceae","Verbesina","macrophylla","(Cass.) S.F.Blake","ASTERACEAE Verbesina macrophylla (Cass.) S.F.Blake","41086","GBIF","UEC","Leitao Filho, H.F.","16371","Native","Ouro","Low","Serra do Japí. Folha cartográfica SF-23-Y-C Coordenada calculada."
"ÁREA DE PROTEÇÃO AMBIENTAL JUNDIAÍ","Angiosperms","Asteraceae","Vernonanthura","brasiliana","(L.) H.Rob.","ASTERACEAE Vernonanthura brasiliana (L.) H.Rob.","204371","GBIF","UEC","Lombardi, J.A.","6838","Native","Ouro","Low","Serra do Japi, Base-Mrirante-estrada para DAE."
"ÁREA DE PROTEÇÃO AMBIENTAL JUNDIAÍ","Angiosperms","Asteraceae","Vernonanthura","divaricata","(Spreng.) H.Rob.","ASTERACEAE Vernonanthura divaricata (Spreng.) H.Rob.","UEC190695","Splink","UEC",,"2087","Native","Ouro","Low","Serra do Japi. Começo da trilha para observatório"
"ÁREA DE PROTEÇÃO AMBIENTAL JUNDIAÍ","Angiosperms","Asteraceae","Vernonanthura","ferruginea","(Less.) H.Rob.","ASTERACEAE Vernonanthura ferruginea (Less.) H.Rob.","UEC190708","Splink","UEC",,"1086","Native","Bronze","Low","Serra do Japi. Nas pedras no meio do Rio, DAE, cachoeirinha"
"ÁREA DE PROTEÇÃO AMBIENTAL JUNDIAÍ","Angiosperms","Asteraceae","Vernonanthura","hilairiana","(Gardner) A.J.Vega & M.Dematt.","ASTERACEAE Vernonanthura hilairiana (Gardner) A.J.Vega & M.Dematt.","UEC182323","Splink","UEC",,"821","Native","Ouro","Low","Serra do Japi, Estrada para Rede de Televisão da Cultura."
"ÁREA DE PROTEÇÃO AMBIENTAL JUNDIAÍ","Angiosperms","Asteraceae","Vernonanthura","petiolaris","(DC.) H.Rob.","ASTERACEAE Vernonanthura petiolaris (DC.) H.Rob.","11497","GBIF","VIC","Morellato-Fonzar, L.P.C.","s.n.","Native","Ouro","Medium","Serra do Japi - Mirante"
"ÁREA DE PROTEÇÃO AMBIENTAL JUNDIAÍ","Angiosperms","Asteraceae","Vernonanthura","polyanthes","(Sprengel) Vega & Dematteis","ASTERACEAE Vernonanthura polyanthes (Sprengel) Vega & Dematteis","177288","GBIF","UEC","Braga, K.R.R.","79","Native","Ouro","Low","Serra do Japi, Estrada para a Base."
"ÁREA DE PROTEÇÃO AMBIENTAL JUNDIAÍ","Angiosperms","Asteraceae","Vernonanthura","westiniana","(Less.) H.Rob.","ASTERACEAE Vernonanthura westiniana (Less.) H.Rob.","177285","GBIF","UEC","Braga, K.R.R.","94","Native","Ouro","Low","Serra do Japi, Trilha Mirante."
"ÁREA DE PROTEÇÃO AMBIENTAL JUNDIAÍ","Angiosperms","Asteraceae","Xanthium","strumarium","L.","ASTERACEAE Xanthium strumarium L.","K000955673","GBIF","K","Burchell","4911","Naturalized","Ouro","Low","Ad viam propius urban."
"ÁREA DE PROTEÇÃO AMBIENTAL JUNDIAÍ","Angiosperms","Asteraceae","Youngia","japonica","(L.) DC.","ASTERACEAE Youngia japonica (L.) DC.","177546","GBIF","UEC","Braga, K.R.R.","73","Naturalized","Ouro","Low","Serra do Japi, Estrada para a base."
"ÁREA DE PROTEÇÃO AMBIENTAL JUNDIAÍ","Ferns and Lycophytes","Athyriaceae","Deparia","petersenii","(Kunze) M.Kato","ATHYRIACEAE Deparia petersenii (Kunze) M.Kato","155834","GBIF","UEC","Hirai, R.Y.","645","Naturalized","Bronze","Low","Serra do Japi, Estrada para a torre da TV Cultura."
"ÁREA DE PROTEÇÃO AMBIENTAL JUNDIAÍ","Ferns and Lycophytes","Athyriaceae","Diplazium","cristatum","(Desr.) Alston","ATHYRIACEAE Diplazium cristatum (Desr.) Alston","RB00702530","GBIF","RB","Prado, J.","2109","Native","Ouro","High","Serra do Japi. Av. Cláudio Gianini, passando o Sítio Santo Antônio, estrada à direita."
"ÁREA DE PROTEÇÃO AMBIENTAL JUNDIAÍ","Ferns and Lycophytes","Athyriaceae","Diplazium","leptocarpon","Fée","ATHYRIACEAE Diplazium leptocarpon Fée","153397","GBIF","BHCB","Lombardi, J.A.","8659","Native","Bronze","Low","Reserva Biológica da Serra do Japi, Trilha Mirante/DAE/Mirante. Mata Atlântica, floresta estacional semidecídua."
"ÁREA DE PROTEÇÃO AMBIENTAL JUNDIAÍ","Ferns and Lycophytes","Athyriaceae","Diplazium","plantaginifolium","(L.) Urb.","ATHYRIACEAE Diplazium plantaginifolium (L.) Urb.","129858","GBIF","BHCB","Lombardi, J.A.","7271","Native","Bronze","Low","Reserva Biológica Municipal da Serra do Japi, trilha Base/Mirante/Base"
"ÁREA DE PROTEÇÃO AMBIENTAL JUNDIAÍ","Angiosperms","Balanophoraceae","Langsdorffia","hypogaea","Mart.","BALANOPHORACEAE Langsdorffia hypogaea Mart.","285886","GBIF","SP","Pirani, J.R.","3649","Native","Latão","Low","Serra do Japi, Trilha do Mirante"
"ÁREA DE PROTEÇÃO AMBIENTAL JUNDIAÍ","Angiosperms","Balanophoraceae","Scybalium","fungiforme","Schott & Endl.","BALANOPHORACEAE Scybalium fungiforme Schott & Endl.","ESA121712","GBIF","ESA","Souza, V.C.","34157","Native","Ouro","Low","Beira da Rodovia dos Bandeirantes. Floresta estacional decidual bastante degradada. Projeto TAV. Levantamento Florístico 1."
"ÁREA DE PROTEÇÃO AMBIENTAL JUNDIAÍ","Angiosperms","Balsaminaceae","Impatiens","walleriana","Hook.f.","BALSAMINACEAE Impatiens walleriana Hook.f.","29210","GBIF","HRCB","Reyes, L.F.","3","Naturalized","Bronze","Medium","Serra do Japi"
"ÁREA DE PROTEÇÃO AMBIENTAL JUNDIAÍ","Angiosperms","Basellaceae","Anredera",,"Juss.","BASELLACEAE Anredera Juss.","106530","GBIF","UEC","Pansarin, E.R.","9744",,"Latão","Low","Serra do Japi, bairro Eloy Chaves, próximo à represa do DAE."
"ÁREA DE PROTEÇÃO AMBIENTAL JUNDIAÍ","Angiosperms","Basellaceae","Basella","alba","L.","BASELLACEAE Basella alba L.","188998489","GBIF","Observations","Arleibub",,"Cultivated","Bronze","Low","Jundiaí - SP, Brasil"
"ÁREA DE PROTEÇÃO AMBIENTAL JUNDIAÍ","Angiosperms","Begoniaceae","Begonia","angulata","Vell.","BEGONIACEAE Begonia angulata Vell.","49642","GBIF","HRCB","Lombardi, J.A.","7360","Native","Bronze","Low","Reserva Biológica Municipal da Serra do Japi Estrada da Cascalheira, depois a direita no Cidinho até além de propriedade particular"
"ÁREA DE PROTEÇÃO AMBIENTAL JUNDIAÍ","Angiosperms","Begoniaceae","Begonia","caraguatatubensis","Brade","BEGONIACEAE Begonia caraguatatubensis Brade","HRB00010525","Splink","HRB",,"139","Native","Latão","Low","Ilha de São Sebastião Folha Cartográfica Coordenada Coletada."
"ÁREA DE PROTEÇÃO AMBIENTAL JUNDIAÍ","Angiosperms","Begoniaceae","Begonia","cucullata","Willd.","BEGONIACEAE Begonia cucullata Willd.","18413","GBIF","HRCB","Bernacci, L.C.","15","Native","Ouro","Low","IAC, Estação Experimental"
"ÁREA DE PROTEÇÃO AMBIENTAL JUNDIAÍ","Angiosperms","Begoniaceae","Begonia","fischeri","Schrank","BEGONIACEAE Begonia fischeri Schrank","359220","GBIF","SP","Pansarin, E.R.","97-53","Native","Ouro","Medium","Serra do Japi, Bairro Eloy Chaves, próximo à represa do DAE"
"ÁREA DE PROTEÇÃO AMBIENTAL JUNDIAÍ","Angiosperms","Begoniaceae","Begonia","stenophylla","A.DC.","BEGONIACEAE Begonia stenophylla A.DC.","41077","GBIF","UEC","Rodrigues, R.R.","16447","Native","Ouro","Low","Serra do Japi"
"ÁREA DE PROTEÇÃO AMBIENTAL JUNDIAÍ","Angiosperms","Bignoniaceae","Adenocalymma","bracteatum","(Cham.) DC.","BIGNONIACEAE Adenocalymma bracteatum (Cham.) DC.","47718","GBIF","HRCB","Lombardi, J.A.","6750","Native","Ouro","Low","Reserva Biológica Municpal da Serra do Japi Trilha Base/ Passarinheiros/ Av. Brasil até próximo da Rodovia dos Bandeirantes/ Base"
"ÁREA DE PROTEÇÃO AMBIENTAL JUNDIAÍ","Angiosperms","Bignoniaceae","Adenocalymma","paulistarum","Bureau & K.Schum.","BIGNONIACEAE Adenocalymma paulistarum Bureau & K.Schum.","121722","GBIF","ESA","Souza, V.C.","34167","Native","Bronze","Low","Beira da Rodovia dos Bandeirantes. Floresta estacional decidual bastante degradada. Projeto TAV. Levantamento Florístico 1."
"ÁREA DE PROTEÇÃO AMBIENTAL JUNDIAÍ","Angiosperms","Bignoniaceae","Adenocalymma","pedunculatum","(Vell.) L.G.Lohmann","BIGNONIACEAE Adenocalymma pedunculatum (Vell.) L.G.Lohmann","56076","GBIF","IAC","Pires, T.P.","70","Native","Bronze","Low","Parque do Cerrado"
"ÁREA DE PROTEÇÃO AMBIENTAL JUNDIAÍ","Angiosperms","Bignoniaceae","Amphilophium","bracteatum","(Cham.) L.G.Lohmann","BIGNONIACEAE Amphilophium bracteatum (Cham.) L.G.Lohmann","40757","GBIF","UEC","Morellato-Fonzar, L.P.C.","16704","Native","Bronze","Low","Serra do Japi, Estrada do Mirante"
"ÁREA DE PROTEÇÃO AMBIENTAL JUNDIAÍ","Angiosperms","Bignoniaceae","Amphilophium","crucigerum","(L.) L.G.Lohmann","BIGNONIACEAE Amphilophium crucigerum (L.) L.G.Lohmann","59499","GBIF","MBM","Semir, J.","s.n.","Native","Prata","Medium","Serra do Japi"
"ÁREA DE PROTEÇÃO AMBIENTAL JUNDIAÍ","Angiosperms","Bignoniaceae","Amphilophium","dolichoides","(Cham.) L.G.Lohmann","BIGNONIACEAE Amphilophium dolichoides (Cham.) L.G.Lohmann","26545","GBIF","HRCB","Assis, M.A.","997","Native","Ouro","Low",
"ÁREA DE PROTEÇÃO AMBIENTAL JUNDIAÍ","Angiosperms","Bignoniaceae","Anemopaegma",,"Mart. ex Meisn.","BIGNONIACEAE Anemopaegma Mart. ex Meisn.","287705","GBIF","SP","Mendacolli, S.L.J.","1409",,"Bronze","Low","Estação Experimental do IAC"
"ÁREA DE PROTEÇÃO AMBIENTAL JUNDIAÍ","Angiosperms","Bignoniaceae","Bignonia","ramentacea","(Mart. ex DC.) L.G.Lohmann","BIGNONIACEAE Bignonia ramentacea (Mart. ex DC.) L.G.Lohmann","71471","GBIF","BHCB","Figueiredo, R.A.","P18","Native","Latão","Low","Serra do Japi"
"ÁREA DE PROTEÇÃO AMBIENTAL JUNDIAÍ","Angiosperms","Bignoniaceae","Crescentia","cujete","L.","BIGNONIACEAE Crescentia cujete L.",,"GBIF",,,,"Cultivated","Latão","Low",
"ÁREA DE PROTEÇÃO AMBIENTAL JUNDIAÍ","Angiosperms","Bignoniaceae","Cuspidaria","pulchella","(Cham.) K.Schum.","BIGNONIACEAE Cuspidaria pulchella (Cham.) K.Schum.","29334","GBIF","IAC","Jung-Mendacolli, S.L.","647","Native","Ouro","Low","Estação Experimental de Jundiaí"
"ÁREA DE PROTEÇÃO AMBIENTAL JUNDIAÍ","Angiosperms","Bignoniaceae","Dolichandra","unguis-cati","(L.) L.G.Lohmann","BIGNONIACEAE Dolichandra unguis-cati (L.) L.G.Lohmann","749","GBIF","UEC","Semir, J.","s.n.","Native","Bronze","Medium","Serra do Japi"
"ÁREA DE PROTEÇÃO AMBIENTAL JUNDIAÍ","Angiosperms","Bignoniaceae","Fridericia","chica","(Bonpl.) L.G.Lohmann","BIGNONIACEAE Fridericia chica (Bonpl.) L.G.Lohmann","W20160002836","GBIF","W","Marques, E.R.G.","02","Native","Ouro","Medium","Serra do Japi"
"ÁREA DE PROTEÇÃO AMBIENTAL JUNDIAÍ","Angiosperms","Bignoniaceae","Fridericia","formosa","(Bureau) L.G.Lohmann","BIGNONIACEAE Fridericia formosa (Bureau) L.G.Lohmann","33706","GBIF","IAC","Jung-Mendacolli, S.L.","685","Native","Ouro","Low","IAC, Estação Experimental"
"ÁREA DE PROTEÇÃO AMBIENTAL JUNDIAÍ","Angiosperms","Bignoniaceae","Fridericia","platyphylla","(Cham.) L.G.Lohmann","BIGNONIACEAE Fridericia platyphylla (Cham.) L.G.Lohmann","55258","GBIF","IAC","Pires, T.P.","55","Native","Bronze","Low","Cerrado Fazgran"
"ÁREA DE PROTEÇÃO AMBIENTAL JUNDIAÍ","Angiosperms","Bignoniaceae","Fridericia","poeppigii","(DC.) L.G.Lohmann","BIGNONIACEAE Fridericia poeppigii (DC.) L.G.Lohmann","UEC026308","Splink","UEC",,"70","Native","Ouro","Low","ESTAÇÃO EXPERIMENTAL DO IAC."
"ÁREA DE PROTEÇÃO AMBIENTAL JUNDIAÍ","Angiosperms","Bignoniaceae","Fridericia","samydoides","(Cham.) L.G.Lohmann","BIGNONIACEAE Fridericia samydoides (Cham.) L.G.Lohmann","61056","GBIF","UEC","Leitao Filho, H.F.","23245","Native","Bronze","Low","Mata residual na Rodovia pra Jarinú."
"ÁREA DE PROTEÇÃO AMBIENTAL JUNDIAÍ","Angiosperms","Bignoniaceae","Fridericia","speciosa","Mart.","BIGNONIACEAE Fridericia speciosa Mart.","54938","GBIF","MBM","Vasconcellos Neto, J.","s.n.","Native","Prata","Medium","Serra do Japí"
"ÁREA DE PROTEÇÃO AMBIENTAL JUNDIAÍ","Angiosperms","Bignoniaceae","Fridericia","triplinervia","(Mart. ex DC.) L.G.Lohmann","BIGNONIACEAE Fridericia triplinervia (Mart. ex DC.) L.G.Lohmann","RB00861224","GBIF","RB","Souza, V.C.","34169","Native","Ouro","Low","Beira da rodovia dos Bandeirantes."
"ÁREA DE PROTEÇÃO AMBIENTAL JUNDIAÍ","Angiosperms","Bignoniaceae","Handroanthus","chrysotrichus","(Mart. ex DC.) Mattos","BIGNONIACEAE Handroanthus chrysotrichus (Mart. ex DC.) Mattos","40365","GBIF","UEC","Morellato-Fonzar, L.P.C.","17849","Native","Bronze","Low","Serra do Japi, Mirante"
"ÁREA DE PROTEÇÃO AMBIENTAL JUNDIAÍ","Angiosperms","Bignoniaceae","Handroanthus","ochraceus","(Cham.) Mattos","BIGNONIACEAE Handroanthus ochraceus (Cham.) Mattos","K000902445","GBIF","K","Burchell","4898","Native","Ouro","Low",
"ÁREA DE PROTEÇÃO AMBIENTAL JUNDIAÍ","Angiosperms","Bignoniaceae","Jacaranda","decurrens","Cham.","BIGNONIACEAE Jacaranda decurrens Cham.","K000991787","Splink","K",,"52","Native","Bronze","Low",
"ÁREA DE PROTEÇÃO AMBIENTAL JUNDIAÍ","Angiosperms","Bignoniaceae","Lundia","corymbifera","(Vahl) Sandwith","BIGNONIACEAE Lundia corymbifera (Vahl) Sandwith","49635","GBIF","HRCB","Lombardi, J.A.","7353","Native","Bronze","Low","Reserva Biológica Municipal da Serra do Japi Estrada da Cascalheira, depois a direita do Cidinho até além de propriedade particular"
"ÁREA DE PROTEÇÃO AMBIENTAL JUNDIAÍ","Angiosperms","Bignoniaceae","Lundia","obliqua","Sond.","BIGNONIACEAE Lundia obliqua Sond.","77022","GBIF","UEC","Jung-Mendacolli, S.L.","1408","Native","Ouro","Low","Estação Experimental do IAC"
"ÁREA DE PROTEÇÃO AMBIENTAL JUNDIAÍ","Angiosperms","Bignoniaceae","Mansoa","difficilis","(Cham.) Bureau & K.Schum.","BIGNONIACEAE Mansoa difficilis (Cham.) Bureau & K.Schum.","47686","GBIF","HRCB","Lombardi, J.A.","6718","Native","Ouro","Low","Reserva Biológica Municipal da Serra do Japi Trilha Base/ Mirante/ Base"
"ÁREA DE PROTEÇÃO AMBIENTAL JUNDIAÍ","Angiosperms","Bignoniaceae","Mansoa","glaziovii","Bureau & K.Schum.","BIGNONIACEAE Mansoa glaziovii Bureau & K.Schum.","47381","GBIF","HRCB","Lombardi, J.A.","6630","Native","Bronze","Low","Reserva Biológica Municpal da Serra do Japi Trilha Base/ Mirante/ Base"
"ÁREA DE PROTEÇÃO AMBIENTAL JUNDIAÍ","Angiosperms","Bignoniaceae","Pandorea","jasminoides","(Lindl.) K.Schum.","BIGNONIACEAE Pandorea jasminoides (Lindl.) K.Schum.","6732","GBIF","IAC","Viegas, A.P.","s/nº","Cultivated","Bronze","Low","residência Luís Parque Oliveira"
"ÁREA DE PROTEÇÃO AMBIENTAL JUNDIAÍ","Angiosperms","Bignoniaceae","Pleonotoma","tetraquetra","(Cham.) Bureau","BIGNONIACEAE Pleonotoma tetraquetra (Cham.) Bureau","272056","GBIF","SP","Mendacolli, S.L.J.","652","Native","Bronze","Low","Estação experimental de Jundiaí."
"ÁREA DE PROTEÇÃO AMBIENTAL JUNDIAÍ","Angiosperms","Bignoniaceae","Pyrostegia","venusta","(Ker Gawl.) Miers","BIGNONIACEAE Pyrostegia venusta (Ker Gawl.) Miers","197473","GBIF","UEC","Monge, M.","1075","Native","Ouro","Low","Serra do Japi. Beira de estrada, área do DAE. Depois da guarita GM, depois do platô com campo"
"ÁREA DE PROTEÇÃO AMBIENTAL JUNDIAÍ","Angiosperms","Bignoniaceae","Spathodea","campanulata","P. Beauv.","BIGNONIACEAE Spathodea campanulata P. Beauv.","160410430","GBIF","Observations","Spinucci, V.",,"Cultivated","Bronze","Low","Soares, Jarinu - SP, Brasil"
"ÁREA DE PROTEÇÃO AMBIENTAL JUNDIAÍ","Angiosperms","Bignoniaceae","Stizophyllum","perforatum","(Cham.) Miers","BIGNONIACEAE Stizophyllum perforatum (Cham.) Miers","120786","GBIF","UEC","Nakano, S.","00-024","Native","Ouro","Low","Serra do Japi, Site B, about 45 km from Campinas-SP."
"ÁREA DE PROTEÇÃO AMBIENTAL JUNDIAÍ","Angiosperms","Bignoniaceae","Tabebuia","rosea","(Bertol.) Bertero ex A.DC.","BIGNONIACEAE Tabebuia rosea (Bertol.) Bertero ex A.DC.",,"GBIF",,,,"Cultivated","Latão","Low",
"ÁREA DE PROTEÇÃO AMBIENTAL JUNDIAÍ","Angiosperms","Bignoniaceae","Tabebuia","roseoalba","(Ridl.) Sandwith","BIGNONIACEAE Tabebuia roseoalba (Ridl.) Sandwith",,"GBIF",,,,"Native","Latão","Low",
"ÁREA DE PROTEÇÃO AMBIENTAL JUNDIAÍ","Angiosperms","Bignoniaceae","Tanaecium","selloi","(Spreng.) L.G.Lohmann","BIGNONIACEAE Tanaecium selloi (Spreng.) L.G.Lohmann","89410","GBIF","UEC","Semir, J.","31657","Native","Bronze","Low","Japi"
"ÁREA DE PROTEÇÃO AMBIENTAL JUNDIAÍ","Angiosperms","Bignoniaceae","Tynanthus","cognatus","(Cham.) Miers","BIGNONIACEAE Tynanthus cognatus (Cham.) Miers","CEN00065599","GBIF","CEN","Kinupp-Uel, V.F.","75","Native","Ouro","Low","R. Tibagi, próximo à ponte."
"ÁREA DE PROTEÇÃO AMBIENTAL JUNDIAÍ","Angiosperms","Bignoniaceae","Tynanthus","fasciculatus","(Vell.) Miers","BIGNONIACEAE Tynanthus fasciculatus (Vell.) Miers","50704","GBIF","HUEFS","Jung-Mendacolli, S.L.","925","Native","Ouro","Low","IAC, Estação Experimental"
"ÁREA DE PROTEÇÃO AMBIENTAL JUNDIAÍ","Angiosperms","Bignoniaceae","Tynanthus","micranthus","Corr.Mello ex K.Schum.","BIGNONIACEAE Tynanthus micranthus Corr.Mello ex K.Schum.","48675","GBIF","HRCB","Lombardi, J.A.","6990","Native","Bronze","Low","Reserva Biológica Municipal da Serra do Japi Base-Mirante-estrada para DAE-Base"
"ÁREA DE PROTEÇÃO AMBIENTAL JUNDIAÍ","Angiosperms","Bignoniaceae","Zeyheria","montana","Mart.","BIGNONIACEAE Zeyheria montana Mart.","K000903013","GBIF","K","Usteri, P.A.","89b","Native","Ouro","Low",
"ÁREA DE PROTEÇÃO AMBIENTAL JUNDIAÍ","Angiosperms","Bixaceae","Bixa","orellana","L.","BIXACEAE Bixa orellana L.","199502","GBIF","UEC","Prado, B.W.","2","Native","Bronze","Low","Bairro Alvinópolis. Calçada em frente a E.E. Maria Cecília T. Pinto."
"ÁREA DE PROTEÇÃO AMBIENTAL JUNDIAÍ","Ferns and Lycophytes","Blechnaceae","Austroblechnum","divergens","(Kunze) Gasper & V.A.O. Dittrich","BLECHNACEAE Austroblechnum divergens (Kunze) Gasper & V.A.O. Dittrich","163630","Splink","BHCB",,"6721","Native","Ouro","Low","Reserva Biológica da Serra do Japi, Trilha Base-Mirante-Base. Coordenadas: 23°13'49,6-53,5""S, 46°56'08,8-23,5""W."
"ÁREA DE PROTEÇÃO AMBIENTAL JUNDIAÍ","Ferns and Lycophytes","Blechnaceae","Blechnum","occidentale","L.","BLECHNACEAE Blechnum occidentale L.","155412","GBIF","UEC","Hirai, R.Y.","655","Native","Bronze","Low","Serra do Japi, Na estrada para a torre da TV Cultura."
"ÁREA DE PROTEÇÃO AMBIENTAL JUNDIAÍ","Ferns and Lycophytes","Blechnaceae","Blechnum","polypodioides","Raddi","BLECHNACEAE Blechnum polypodioides Raddi","1728","GBIF","SHPR","Biral, L.","2796","Native","Bronze","Low","Reserva Biológica Municipal da Serra do Japi"
"ÁREA DE PROTEÇÃO AMBIENTAL JUNDIAÍ","Ferns and Lycophytes","Blechnaceae","Neoblechnum","brasiliense","(Desv.) Gasper & V.A.O. Dittrich","BLECHNACEAE Neoblechnum brasiliense (Desv.) Gasper & V.A.O. Dittrich","57161","GBIF","VIC","Biral, L.","2749","Native","Bronze","Low","Reserva Biológica Municipal da Serra do Japi"
"ÁREA DE PROTEÇÃO AMBIENTAL JUNDIAÍ","Ferns and Lycophytes","Blechnaceae","Parablechnum","cordatum","(Desv.) Gasper & Salino","BLECHNACEAE Parablechnum cordatum (Desv.) Gasper & Salino","155429","GBIF","UEC","Prado, J.","2051","Native","Bronze","Low","Serra do Japi, Na trilha do DAE para o observatório."
"ÁREA DE PROTEÇÃO AMBIENTAL JUNDIAÍ","Ferns and Lycophytes","Blechnaceae","Parablechnum","proliferum","(Rosenst.) Gasper & Salino","BLECHNACEAE Parablechnum proliferum (Rosenst.) Gasper & Salino","156022","GBIF","UEC","Prado, J.","2066","Native","Ouro","Low","Serra do Japi. Na trilha a esquerda antes de chegar na base da Reserva, indo para a Cachoeira Paraíso."
"ÁREA DE PROTEÇÃO AMBIENTAL JUNDIAÍ","Ferns and Lycophytes","Blechnaceae","Parablechnum","usterianum","(Christ) Gasper & Salino","BLECHNACEAE Parablechnum usterianum (Christ) Gasper & Salino","155397","GBIF","UEC","Prado, J.","2058","Native","Ouro","Low","Serra do Japi. Na trilha a esquerda antes de chegar na base da Reserva, indo para a Cachoeira Paraíso."
"ÁREA DE PROTEÇÃO AMBIENTAL JUNDIAÍ","Angiosperms","Boraginaceae",,,"Juss.","BORAGINACEAE Boraginaceae Juss.","1678","GBIF","SHPR","Biral, L.","2746",,"Latão","Medium","Reserva Biológica Municipal da Serra do Japi"
"ÁREA DE PROTEÇÃO AMBIENTAL JUNDIAÍ","Angiosperms","Brassicaceae","Eruca","vesicaria","(L.) Cav.","BRASSICACEAE Eruca vesicaria (L.) Cav.","1976","Splink","SP",,"s.n.","Cultivated","Latão","Low",
"ÁREA DE PROTEÇÃO AMBIENTAL JUNDIAÍ","Angiosperms","Brassicaceae","Lepidium","pseudodidymum","Thell. ex Druce","BRASSICACEAE Lepidium pseudodidymum Thell. ex Druce","51413","GBIF","BHCB","Reis, V.A.","221","Unknown","Latão","Low",
"ÁREA DE PROTEÇÃO AMBIENTAL JUNDIAÍ","Angiosperms","Brassicaceae","Lepidium","virginicum","L.","BRASSICACEAE Lepidium virginicum L.","49008","GBIF","HRCB","Lombardi, J.A.","7068","Naturalized","Bronze","Low","Reserva Biológica Municipal da Serra do Japi Base-Cidinho-Estrada da Cascalheira-Av. Brasil Tamega-Base"
"ÁREA DE PROTEÇÃO AMBIENTAL JUNDIAÍ","Angiosperms","Brassicaceae","Raphanus","raphanistrum","L.","BRASSICACEAE Raphanus raphanistrum L.",,"GBIF",,,,"Naturalized","Latão","Low",
"ÁREA DE PROTEÇÃO AMBIENTAL JUNDIAÍ","Angiosperms","Bromeliaceae","Aechmea","bromeliifolia","(Rudge) Baker","BROMELIACEAE Aechmea bromeliifolia (Rudge) Baker","50157","GBIF","HRCB","Lombardi, J.A.","7469","Native","Latão","Low","Reserva Biológica Municipal da Serra do Japi, junto a casa abandonada (Cidinho) no início da estrada da Cascalheira"
"ÁREA DE PROTEÇÃO AMBIENTAL JUNDIAÍ","Angiosperms","Bromeliaceae","Aechmea","distichantha","Lem.","BROMELIACEAE Aechmea distichantha Lem.","RB00802896","GBIF","RB","Assis, L.C.S.","1066","Native","Ouro","Low","Parque Municipal da Serra do Japi."
"ÁREA DE PROTEÇÃO AMBIENTAL JUNDIAÍ","Angiosperms","Bromeliaceae","Ananas","bracteatus","(Lindl.) Schult. & Schult.f.","BROMELIACEAE Ananas bracteatus (Lindl.) Schult. & Schult.f.","48651","GBIF","HRCB","Lombardi, J.A.","6966","Native","Bronze","Low","Reserva Biológica Municipal da Serra do Japi Trilha Base/trilha a esquerda da porteira da Base/Cidinho/trilha a esquerda do antigo Viveiro de mudas até o ultimo ponto"
"ÁREA DE PROTEÇÃO AMBIENTAL JUNDIAÍ","Angiosperms","Bromeliaceae","Billbergia","distachia","(Vell.) Mez","BROMELIACEAE Billbergia distachia var. distachia (Vell.) Mez","4591","GBIF","HUFU","Ccj","43","Native","Latão","Low","Serra do Japí, Trilha do Paraíso III."
"ÁREA DE PROTEÇÃO AMBIENTAL JUNDIAÍ","Angiosperms","Bromeliaceae","Bromelia","antiacantha","Bertol.","BROMELIACEAE Bromelia antiacantha Bertol.","285888","GBIF","SP","Pirani, J.R.","s.n.","Native","Bronze","Medium","Serra do Japi, Trilha do Mirante."
"ÁREA DE PROTEÇÃO AMBIENTAL JUNDIAÍ","Angiosperms","Bromeliaceae","Tillandsia","gardneri","Lindl.","BROMELIACEAE Tillandsia gardneri Lindl.","48631","GBIF","HRCB","Lombardi, J.A.","6946","Native","Latão","Low","Reserva Biológica Municipal da Serra do Japi, trilha Base/trilha a esquerda da porteira da Base/Cidinho/trilha a esquerda do antigo Viveiro de mudas até último ponto"
"ÁREA DE PROTEÇÃO AMBIENTAL JUNDIAÍ","Angiosperms","Bromeliaceae","Tillandsia","geminiflora","Brongn.","BROMELIACEAE Tillandsia geminiflora Brongn.","49275","GBIF","MBM","L. Filho, H.F.","3143","Native","Ouro","Low","Serra do Japi. Cerca de 10 Km S.W. de Jundiaí. Mata úmida."
"ÁREA DE PROTEÇÃO AMBIENTAL JUNDIAÍ","Angiosperms","Bromeliaceae","Tillandsia","recurvata","(L.) L.","BROMELIACEAE Tillandsia recurvata (L.) L.","ESA121719","GBIF","ESA","Souza, V.C.","34164","Native","Ouro","Low","Beira da Rodovia dos Bandeirantes. Floresta estacional decidual bastante degradada. Projeto TAV. Levantamento Florístico 1."
"ÁREA DE PROTEÇÃO AMBIENTAL JUNDIAÍ","Angiosperms","Bromeliaceae","Tillandsia","stricta","Sol.","BROMELIACEAE Tillandsia stricta Sol.","IBGE00006081","GBIF","IBGE","Leitao Filho, H.F.","3143 A","Native","Ouro","Low","Ca. 10 Km SW de Jundiaí. Serra do Japi. Folha SF-23-Y-C Coordenada calculada."
"ÁREA DE PROTEÇÃO AMBIENTAL JUNDIAÍ","Angiosperms","Bromeliaceae","Tillandsia","tricholepis","Baker","BROMELIACEAE Tillandsia tricholepis Baker","384457","GBIF","MBM","Dunaiski Junior, A.","2336","Native","Ouro","Low",
"ÁREA DE PROTEÇÃO AMBIENTAL JUNDIAÍ","Angiosperms","Bromeliaceae","Vriesea","carinata","Wawra","BROMELIACEAE Vriesea carinata Wawra","1708","GBIF","SHPR","Biral, L.","2776","Native","Bronze","Low","Reserva Biológica Municipal da Serra do Japi"
"ÁREA DE PROTEÇÃO AMBIENTAL JUNDIAÍ","Angiosperms","Burmanniaceae","Gymnosiphon","tenellus","(Benth.) Urb.","BURMANNIACEAE Gymnosiphon tenellus (Benth.) Urb.","208675","GBIF","UEC","Pena-Passos, M.","3","Native","Bronze","Low","São Paulo, Jundiaí: Reserva Biológica Serra do Japi"
"ÁREA DE PROTEÇÃO AMBIENTAL JUNDIAÍ","Angiosperms","Burseraceae","Protium","heptaphyllum","(Aubl.) Marchand","BURSERACEAE Protium heptaphyllum (Aubl.) Marchand","9142","GBIF","FUEL","Morellato-Fonzar, L.P.C.","16714","Native","Bronze","Low","Serra do Japi, Mirante"
"ÁREA DE PROTEÇÃO AMBIENTAL JUNDIAÍ","Angiosperms","Burseraceae","Protium","widgrenii","Engl.","BURSERACEAE Protium widgrenii Engl.","629427","GBIF","NY","Rodrigues, R.R.","s.n.","Native","Ouro","Low","Serra do Japi - Entrada da Ermida"
"ÁREA DE PROTEÇÃO AMBIENTAL JUNDIAÍ","Angiosperms","Cactaceae","Brasiliopuntia","brasiliensis","(Willd.) A.Berger","CACTACEAE Brasiliopuntia brasiliensis (Willd.) A.Berger",,"GBIF",,,,"Native","Latão","Low",
"ÁREA DE PROTEÇÃO AMBIENTAL JUNDIAÍ","Angiosperms","Cactaceae","Cereus","hexagonus","(L.) Mill.","CACTACEAE Cereus hexagonus (L.) Mill.","147868844","GBIF","Observations","Silveira, B.L.S.B.",,"Native","Bronze","Low","Jundiaí - SP, Brasil"
"ÁREA DE PROTEÇÃO AMBIENTAL JUNDIAÍ","Angiosperms","Cactaceae","Cereus","hildmannianus","K.Schum.","CACTACEAE Cereus hildmannianus K.Schum.","48682","GBIF","HRCB","Lombardi, J.A.","6997","Native","Ouro","Low","Reserva Biológica Municipal da Serra do Japí Base-mirante-estrada para DAE-Base"
"ÁREA DE PROTEÇÃO AMBIENTAL JUNDIAÍ","Angiosperms","Cactaceae","Epiphyllum","oxypetalum","(DC.) Haw.","CACTACEAE Epiphyllum oxypetalum (DC.) Haw.",,"GBIF",,,,"Naturalized","Latão","Low",
"ÁREA DE PROTEÇÃO AMBIENTAL JUNDIAÍ","Angiosperms","Cactaceae","Hatiora","salicornioides","(Haw.) Britton & Rose","CACTACEAE Hatiora salicornioides (Haw.) Britton & Rose","191369474","GBIF","Observations","Neves, P.A.",,"Native","Bronze","Low","Jarinu, SP, BR"
"ÁREA DE PROTEÇÃO AMBIENTAL JUNDIAÍ","Angiosperms","Cactaceae","Lepismium","cruciforme","(Vell.) Miq.","CACTACEAE Lepismium cruciforme (Vell.) Miq.","191369564","GBIF","Observations","Neves, P.A.",,"Native","Bronze","Low","Jarinu, SP, BR"
"ÁREA DE PROTEÇÃO AMBIENTAL JUNDIAÍ","Angiosperms","Cactaceae","Lepismium","houlletianum","(Lem.) Barthlott","CACTACEAE Lepismium houlletianum (Lem.) Barthlott","50099","GBIF","HRCB","Lombardi, J.A.","7442","Native","Ouro","Low","Reserva Biológica Municipal da Serra do Japi, trilha Base/Mirante/DAE/Rua Bauru/Cidinho/Base"
"ÁREA DE PROTEÇÃO AMBIENTAL JUNDIAÍ","Angiosperms","Cactaceae","Pereskia","aculeata","Mill.","CACTACEAE Pereskia aculeata Mill.","29209","GBIF","HRCB","Kojima, J.","25","Native","Ouro","Low","Reserva Biológica Municipal da Serra do Japí"
"ÁREA DE PROTEÇÃO AMBIENTAL JUNDIAÍ","Angiosperms","Cactaceae","Pereskia","grandifolia","Haw.","CACTACEAE Pereskia grandifolia Haw.","50649","GBIF","HRCB","Lombardi, J.A.","7511","Native","Ouro","Low","Reserva Biológica Municipal da Serra do Japi, próximo a porteira da Base"
"ÁREA DE PROTEÇÃO AMBIENTAL JUNDIAÍ","Angiosperms","Cactaceae","Praecereus","euchlorus","(F.A.C.Weber ex K.Schum.) N.P.Taylor","CACTACEAE Praecereus euchlorus (F.A.C.Weber ex K.Schum.) N.P.Taylor","109393","GBIF","UEC","Pansarin, E.R.","429","Native","Latão","Low","Serra do Japi"
"ÁREA DE PROTEÇÃO AMBIENTAL JUNDIAÍ","Angiosperms","Cactaceae","Rhipsalis","campos-portoana","Loefgr.","CACTACEAE Rhipsalis campos-portoana Loefgr.","56004","GBIF","HRCB","Lombardi, J.A.","8663","Native","Ouro","Low","Reserva Biológica Municipal da Serra do Japí trilha mirantre/dae/mirante"
"ÁREA DE PROTEÇÃO AMBIENTAL JUNDIAÍ","Angiosperms","Cactaceae","Rhipsalis","cereuscula","Haw.","CACTACEAE Rhipsalis cereuscula Haw.","54346","GBIF","MBM","Monteiro, R.","s.n.","Native","Ouro","Medium","Serra do Japi."
"ÁREA DE PROTEÇÃO AMBIENTAL JUNDIAÍ","Angiosperms","Cactaceae","Rhipsalis","floccosa","Salm-Dyck ex Pfeiff.","CACTACEAE Rhipsalis floccosa Salm-Dyck ex Pfeiff.","50162","GBIF","HRCB","Lombardi, J.A.","7474","Native","Ouro","Low","Reserva Biológica Municipal da Serra do Japi, junto a casa abandonada (Cidinho) no início da estrada da Cascalheira"
"ÁREA DE PROTEÇÃO AMBIENTAL JUNDIAÍ","Angiosperms","Cactaceae","Rhipsalis","paradoxa","(Salm-Dyck ex Pfeiff.) Salm-Dyck","CACTACEAE Rhipsalis paradoxa (Salm-Dyck ex Pfeiff.) Salm-Dyck","48454","GBIF","HRCB","Lombardi, J.A.","6904","Native","Ouro","Low","Reserva Biológica Municipal da Serra do Japi, trilha Base/Mirante/DAE/Filipini/Base"
"ÁREA DE PROTEÇÃO AMBIENTAL JUNDIAÍ","Angiosperms","Cactaceae","Rhipsalis","puniceodiscus","G.Lindb.","CACTACEAE Rhipsalis puniceodiscus G.Lindb.","47432","GBIF","HRCB","Lombardi, J.A.","6681","Native","Ouro","Low","Reserva Biológica Municipal da Serra do Japi, trilha Base/Biquinha/Rocinha/Base"
"ÁREA DE PROTEÇÃO AMBIENTAL JUNDIAÍ","Angiosperms","Cactaceae","Rhipsalis","teres","(Vell.) Steud.","CACTACEAE Rhipsalis teres (Vell.) Steud.","49770","GBIF","HRCB","Lombardi, J.A.","7416","Native","Ouro","Low","Reserva Biológica Municipal da Serra do Japi, trilha Base/Mirante/DAE/Filipini/Base"
"ÁREA DE PROTEÇÃO AMBIENTAL JUNDIAÍ","Angiosperms","Calophyllaceae","Kielmeyera","coriacea","Mart. & Zucc.","CALOPHYLLACEAE Kielmeyera coriacea Mart. & Zucc.","55266","GBIF","IAC","Pires, T.P.","44","Native","Bronze","Low",
"ÁREA DE PROTEÇÃO AMBIENTAL JUNDIAÍ","Angiosperms","Calophyllaceae","Kielmeyera","lathrophyton","Saddi","CALOPHYLLACEAE Kielmeyera lathrophyton Saddi","6606","GBIF","SP","Brade, A.C.","7381","Native","Ouro","Low",
"ÁREA DE PROTEÇÃO AMBIENTAL JUNDIAÍ","Angiosperms","Campanulaceae","Lobelia","exaltata","Pohl","CAMPANULACEAE Lobelia exaltata Pohl","94889","GBIF","UEC","Pansarin, E.R.","97/43","Native","Ouro","Low","Sítio Branca de Neve, Entrada do aeroporto"
"ÁREA DE PROTEÇÃO AMBIENTAL JUNDIAÍ","Angiosperms","Campanulaceae","Siphocampylus","sulfureus","E.Wimm.","CAMPANULACEAE Siphocampylus sulfureus E.Wimm.","100179","GBIF","UEC","Ferreira, M.C.C.","97/42","Native","Ouro","Low","Sítio Branca de Neve, Estrada do aeroporto, fundos com o clube de campo Uirapurú, próximo à Serra do Japi. Solo encharcado próximo a um pequeno rio."
"ÁREA DE PROTEÇÃO AMBIENTAL JUNDIAÍ","Angiosperms","Cannabaceae","Celtis","brasiliensis","(Gardner) Planch.","CANNABACEAE Celtis brasiliensis (Gardner) Planch.","SPSF00032329","Splink","SPSF",,"285","Native","Bronze","Low","Serra do Japi."
"ÁREA DE PROTEÇÃO AMBIENTAL JUNDIAÍ","Angiosperms","Cannabaceae","Celtis","iguanaea","(Jacq.) Sarg.","CANNABACEAE Celtis iguanaea (Jacq.) Sarg.","40677","GBIF","UEC","Jr, K.S.B.","17132","Native","Ouro","Medium","Serra do Japi, Caminho do açude do DAE até o Mirante."
"ÁREA DE PROTEÇÃO AMBIENTAL JUNDIAÍ","Angiosperms","Cannabaceae","Celtis","spinosissima","(Weed.) Miq.","CANNABACEAE Celtis spinosissima (Weed.) Miq.","UEC167870","Splink","UEC",,"254","Native","Bronze","Low","Reserva Biológica da Serra do Japi, Trilha do Monte Horebe"
"ÁREA DE PROTEÇÃO AMBIENTAL JUNDIAÍ","Angiosperms","Cannabaceae","Trema","micranthum","(L.) Blume","CANNABACEAE Trema micranthum (L.) Blume","299420A","GBIF","SP","Bianchini, R.S.","668","Native","Ouro","Medium","Serra do Japi"
"ÁREA DE PROTEÇÃO AMBIENTAL JUNDIAÍ","Angiosperms","Cannaceae","Canna","indica","L.","CANNACEAE Canna indica L.","183606329","GBIF","Observations","So_zsm",,"Native","Bronze","Low","Rua Doutor Emile Pilon, Jundiaí, SP, BR"
"ÁREA DE PROTEÇÃO AMBIENTAL JUNDIAÍ","Angiosperms","Cannaceae","Canna","paniculata","Ruiz & Pav.","CANNACEAE Canna paniculata Ruiz & Pav.","4611","GBIF","HUFU","Ccj","63","Native","Ouro","Medium","Serra do Japí"
"ÁREA DE PROTEÇÃO AMBIENTAL JUNDIAÍ","Angiosperms","Caprifoliaceae","Valeriana","scandens","L.","CAPRIFOLIACEAE Valeriana scandens L.","IAN154944","Splink","IAN",,"3159","Native","Ouro","Low","Serra do Japi.Folha cartográfica SF-23-Y-C . Coordenada calculada."
"ÁREA DE PROTEÇÃO AMBIENTAL JUNDIAÍ","Angiosperms","Cardiopteridaceae","Citronella","gongonha","(Mart.) R.A.Howard","CARDIOPTERIDACEAE Citronella gongonha (Mart.) R.A.Howard","117836","GBIF","UEC","Wilson, H.","13196","Native","Ouro","Low","Sítio do Senhor Vallim."
"ÁREA DE PROTEÇÃO AMBIENTAL JUNDIAÍ","Angiosperms","Caricaceae","Carica","papaya","L.","CARICACEAE Carica papaya L.","160941854","GBIF","Observations","So_zsm",,"Naturalized","Bronze","Low","Jundiaí, BR-SP, BR"
"ÁREA DE PROTEÇÃO AMBIENTAL JUNDIAÍ","Angiosperms","Caryocaraceae","Caryocar","brasiliense","Cambess.","CARYOCARACEAE Caryocar brasiliense Cambess.","56081","GBIF","IAC","Pires, T.P.","75","Native","Bronze","Low","UNIDAM - Unidade de Desenvolvimento Ambiental"
"ÁREA DE PROTEÇÃO AMBIENTAL JUNDIAÍ","Angiosperms","Caryophyllaceae","Drymaria","cordata","(L.) Willd. ex Roem. & Schult.","CARYOPHYLLACEAE Drymaria cordata (L.) Willd. ex Roem. & Schult.","111560","GBIF","UEC","Aona, L.Y.S.","669","Naturalized","Bronze","Low","Serra do Japi, Brejo localizado próximo ao Condomínio Ermida."
"ÁREA DE PROTEÇÃO AMBIENTAL JUNDIAÍ","Angiosperms","Celastraceae","Hippocratea","volubilis","L.","CELASTRACEAE Hippocratea volubilis L.","HRCB081277","Splink","HRCB",,"206","Native","Ouro","Low","Reserva biológica municipal da Serra do Japi. Estrada próxima ao alojamento. Trilha em direção a pequeno córrego."
"ÁREA DE PROTEÇÃO AMBIENTAL JUNDIAÍ","Angiosperms","Celastraceae","Maytenus",,"Molina","CELASTRACEAE Maytenus Molina","29333","GBIF","IAC","Jung-Mendacolli, S.L.","646",,"Bronze","Low","IAC, Estação Experimental"
"ÁREA DE PROTEÇÃO AMBIENTAL JUNDIAÍ","Angiosperms","Celastraceae","Monteverdia","aquifolium","(Mart.) Biral","CELASTRACEAE Monteverdia aquifolium (Mart.) Biral","48315","GBIF","HRCB","Lombardi, J.A.","6831","Native","Ouro","Low","Reserva Biológica Municipal da Serra do Japi, Base-Mirante-estrada para DAE"
"ÁREA DE PROTEÇÃO AMBIENTAL JUNDIAÍ","Angiosperms","Celastraceae","Monteverdia","evonymoides","(Reissek) Biral","CELASTRACEAE Monteverdia evonymoides (Reissek) Biral","1730","GBIF","SHPR","Biral, L.","2798","Native","Ouro","Low","Reserva Biológica Municipal da Serra do Japi"
"ÁREA DE PROTEÇÃO AMBIENTAL JUNDIAÍ","Angiosperms","Celastraceae","Monteverdia","gonoclados","(Mart.) Biral","CELASTRACEAE Monteverdia gonoclados (Mart.) Biral","11485","GBIF","VIC","Carvalho-Okano, R.M.","s.n.","Native","Ouro","Medium","Serra do Japi, Mirante."
"ÁREA DE PROTEÇÃO AMBIENTAL JUNDIAÍ","Angiosperms","Celastraceae","Peritassa","campestris","(Cambess.) A.C. Sm.","CELASTRACEAE Peritassa campestris (Cambess.) A.C. Sm.","55250","GBIF","IAC","Pires, T.P.","47","Native","Ouro","Low","Cerradão Fazgran"
"ÁREA DE PROTEÇÃO AMBIENTAL JUNDIAÍ","Angiosperms","Celastraceae","Peritassa","hatschbachii","Lombardi","CELASTRACEAE Peritassa hatschbachii Lombardi","2747","GBIF","SHPR","Biral, L.","3209","Native","Ouro","Low","Reserva Biológica Municipal da Serra do Japi"
"ÁREA DE PROTEÇÃO AMBIENTAL JUNDIAÍ","Angiosperms","Celastraceae","Pristimera","celastroides","(Kunth) A.C.Sm.","CELASTRACEAE Pristimera celastroides (Kunth) A.C.Sm.","50170","GBIF","HRCB","Lombardi, J.A.","7482","Native","Ouro","Low","Reserva Biológica Municipal da Serra do Japi, estrada da Cascalheira até o fim, depois trilha a direita até o córrego"
"ÁREA DE PROTEÇÃO AMBIENTAL JUNDIAÍ","Angiosperms","Chrysobalanaceae","Couepia","grandiflora","(Mart. & Zucc.) Benth.","CHRYSOBALANACEAE Couepia grandiflora (Mart. & Zucc.) Benth.","55251","GBIF","IAC","Pires, T.P.","48","Native","Ouro","Low","Cerrado Fazgran"
"ÁREA DE PROTEÇÃO AMBIENTAL JUNDIAÍ","Angiosperms","Chrysobalanaceae","Hirtella","hebeclada","Moric. ex DC.","CHRYSOBALANACEAE Hirtella hebeclada Moric. ex DC.","40634","GBIF","UEC","Fonzar, L.P.C.M.","16805","Native","Latão","Medium","Serra do Japí, descida para Ermida."
"ÁREA DE PROTEÇÃO AMBIENTAL JUNDIAÍ","Angiosperms","Clethraceae","Clethra","scabra","(Meisn.) Sleumer","CLETHRACEAE Clethra scabra var. laevigata (Meisn.) Sleumer","119694","GBIF","SP","Grotta, A.S.","5821","Native","Prata","Low","via Anhanguera"
"ÁREA DE PROTEÇÃO AMBIENTAL JUNDIAÍ","Angiosperms","Clethraceae","Clethra","scabra","Pers.","CLETHRACEAE Clethra scabra var. scabra Pers.","UEC036929","Splink","UEC",,"s.n.","Native","Bronze","Low","Serra do Japi, Mata semidecídua"
"ÁREA DE PROTEÇÃO AMBIENTAL JUNDIAÍ","Angiosperms","Clusiaceae","Clusia","criuva","Cambess.","CLUSIACEAE Clusia criuva Cambess.","2701","GBIF","SHPR","Biral, L.","3163","Native","Bronze","Low","Reserva Biológica Municipal da Serra do Japi"
"ÁREA DE PROTEÇÃO AMBIENTAL JUNDIAÍ","Angiosperms","Clusiaceae","Clusia","grandiflora","Splitg.","CLUSIACEAE Clusia grandiflora Splitg.",,"GBIF",,,,"Native","Latão","Low",
"ÁREA DE PROTEÇÃO AMBIENTAL JUNDIAÍ","Angiosperms","Clusiaceae","Clusia","lanceolata","Cambess.","CLUSIACEAE Clusia lanceolata Cambess.","73518","GBIF","UEC","Bernacci, L.C.","52","Native","Latão","Low","Mata secundária em bom estado de conserv"
"ÁREA DE PROTEÇÃO AMBIENTAL JUNDIAÍ","Angiosperms","Clusiaceae","Tovomitopsis","paniculata","(Spreng.) Planch. & Triana","CLUSIACEAE Tovomitopsis paniculata (Spreng.) Planch. & Triana","272054","GBIF","SP","Mendacolli, S.L.J.","650","Native","Ouro","Low","IAC, Estação Experimental"
"ÁREA DE PROTEÇÃO AMBIENTAL JUNDIAÍ","Angiosperms","Combretaceae","Terminalia","argentea","Mart. & Zucc.","COMBRETACEAE Terminalia argentea Mart. & Zucc.","165","GBIF","UEC","Leitao Filho, H.F.","289","Native","Bronze","Low","Serra do Japi"
"ÁREA DE PROTEÇÃO AMBIENTAL JUNDIAÍ","Angiosperms","Combretaceae","Terminalia","catappa","L.","COMBRETACEAE Terminalia catappa L.",,"GBIF",,,,"Naturalized","Latão","Low",
"ÁREA DE PROTEÇÃO AMBIENTAL JUNDIAÍ","Angiosperms","Commelinaceae","Commelina","benghalensis","L.","COMMELINACEAE Commelina benghalensis L.","33004","GBIF","UFP","Wanderley, M.G.L.","2128","Naturalized","Bronze","Medium","Serra do Japi."
"ÁREA DE PROTEÇÃO AMBIENTAL JUNDIAÍ","Angiosperms","Commelinaceae","Commelina","diffusa","Burm.f.","COMMELINACEAE Commelina diffusa Burm.f.","70040409","GBIF","Observations","Guto_carvalho",,"Naturalized","Bronze","Low","Jundiaí - SP, Brasil"
"ÁREA DE PROTEÇÃO AMBIENTAL JUNDIAÍ","Angiosperms","Commelinaceae","Commelina","erecta","L.","COMMELINACEAE Commelina erecta L.","103548","GBIF","UEC","Pansarin, E.R.","125","Native","Ouro","Medium","Serra do Japi, sentido bairro Eloy Chaves, próximo à represa do DAE."
"ÁREA DE PROTEÇÃO AMBIENTAL JUNDIAÍ","Angiosperms","Commelinaceae","Commelina","obliqua","Vahl","COMMELINACEAE Commelina obliqua Vahl","95292","GBIF","UEC","Pansarin, E.R.","97/56","Native","Bronze","Medium","Serra do Japi, Bairro Eloy Chaves, próximo à represa do DAE."
"ÁREA DE PROTEÇÃO AMBIENTAL JUNDIAÍ","Angiosperms","Commelinaceae","Dichorisandra","hexandra","(Aubl.) C.B.Clarke","COMMELINACEAE Dichorisandra hexandra (Aubl.) C.B.Clarke","72182","GBIF","UEC","Kiyama, C.Y.","83","Native","Ouro","Medium","Serra do Japi."
"ÁREA DE PROTEÇÃO AMBIENTAL JUNDIAÍ","Angiosperms","Commelinaceae","Dichorisandra","incurva","Mart. ex Schult.f.","COMMELINACEAE Dichorisandra incurva Mart. ex Schult.f.","177532","GBIF","UEC","Braga, K.R.R.","51","Native","Ouro","Medium","Serra do Japi, trilha Mirante"
"ÁREA DE PROTEÇÃO AMBIENTAL JUNDIAÍ","Angiosperms","Commelinaceae","Dichorisandra","pubescens","Mart. ex Schult. f.","COMMELINACEAE Dichorisandra pubescens Mart. ex Schult. f.","102888","GBIF","UEC","Pansarin, E.R.","372","Native","Ouro","Medium","Serra do Japi, Sentido Eloy Chaves, próximo à Represa do DAE."
"ÁREA DE PROTEÇÃO AMBIENTAL JUNDIAÍ","Angiosperms","Commelinaceae","Dichorisandra","thyrsiflora","J.C.Mikan","COMMELINACEAE Dichorisandra thyrsiflora J.C.Mikan",,"GBIF",,,,"Native","Latão","Low",
"ÁREA DE PROTEÇÃO AMBIENTAL JUNDIAÍ","Angiosperms","Commelinaceae","Tradescantia","chrysophylla","M.Pell.","COMMELINACEAE Tradescantia chrysophylla M.Pell.","MBM049234","Splink","MBM",,"2536","Native","Ouro","Low","Serra do Japi."
"ÁREA DE PROTEÇÃO AMBIENTAL JUNDIAÍ","Angiosperms","Commelinaceae","Tradescantia","crassula","Link & Otto","COMMELINACEAE Tradescantia crassula Link & Otto","474357","GBIF","SP","Vieira, T.L.","266","Native","Bronze","Medium","Serra do Japi, Trilha para a antena da TV Cultura"
"ÁREA DE PROTEÇÃO AMBIENTAL JUNDIAÍ","Angiosperms","Commelinaceae","Tradescantia","fluminensis","Vell.","COMMELINACEAE Tradescantia fluminensis Vell.",,"GBIF",,,,"Native","Latão","Low",
"ÁREA DE PROTEÇÃO AMBIENTAL JUNDIAÍ","Angiosperms","Commelinaceae","Tradescantia","mundula","Kunth","COMMELINACEAE Tradescantia mundula Kunth","48666","GBIF","HRCB","Lombardi, J.A.","6981","Native","Bronze","Low","Reserva Biológica Municipal da Serra do Japi, Base-Mirante-estrada para DAE-Base"
"ÁREA DE PROTEÇÃO AMBIENTAL JUNDIAÍ","Angiosperms","Commelinaceae","Tradescantia","pallida","(Rose) D.R.Hunt","COMMELINACEAE Tradescantia pallida (Rose) D.R.Hunt","193807576","GBIF","Observations","Luisaray",,"Cultivated","Bronze","Low","Via Berlim, Campo Limpo Paulista, SP, BR"
"ÁREA DE PROTEÇÃO AMBIENTAL JUNDIAÍ","Angiosperms","Commelinaceae","Tradescantia","umbraculifera","Hand.-Mazz.","COMMELINACEAE Tradescantia umbraculifera Hand.-Mazz.","290295","GBIF","SP","Mello-Silva, R.","1074","Native","Ouro","Medium","Serra do Japi, Trilha do Mirante"
"ÁREA DE PROTEÇÃO AMBIENTAL JUNDIAÍ","Angiosperms","Commelinaceae","Tradescantia","zanonia","(L.) Sw.","COMMELINACEAE Tradescantia zanonia (L.) Sw.","33000","GBIF","UFP","Mello-Silva, R.","1077","Native","Ouro","Medium","Serra do Japi."
"ÁREA DE PROTEÇÃO AMBIENTAL JUNDIAÍ","Angiosperms","Commelinaceae","Tripogandra","diuretica","(Mart.) Handlos","COMMELINACEAE Tripogandra diuretica (Mart.) Handlos","71703","GBIF","UEC","Wanderley, M.D.G.L.","2127","Native","Ouro","Medium","Serra do Japi"
"ÁREA DE PROTEÇÃO AMBIENTAL JUNDIAÍ","Angiosperms","Connaraceae","Bernardinia","fluminensis","(Gardner) Planch.","CONNARACEAE Bernardinia fluminensis (Gardner) Planch.","47859","Splink","SP",,"291","Native","Ouro","Low",
"ÁREA DE PROTEÇÃO AMBIENTAL JUNDIAÍ","Angiosperms","Connaraceae","Connarus","regnellii","G.Schellenb.","CONNARACEAE Connarus regnellii G.Schellenb.","166161","GBIF","SPF","Assis, L.C.S.","1061","Native","Ouro","Low","Serra do Japi"
"ÁREA DE PROTEÇÃO AMBIENTAL JUNDIAÍ","Angiosperms","Connaraceae","Connarus","rostratus","(Vell.) L.B.Sm.","CONNARACEAE Connarus rostratus (Vell.) L.B.Sm.","45115","GBIF","UEC","Tamashiro, J.Y.","19756","Native","Bronze","Medium","Serra do Japi"
"ÁREA DE PROTEÇÃO AMBIENTAL JUNDIAÍ","Angiosperms","Connaraceae","Rourea","pseudospadicea","G.Schellenb.","CONNARACEAE Rourea pseudospadicea G.Schellenb.","SPF00073169","Splink","SPF",,"291","Native","Bronze","Low",
"ÁREA DE PROTEÇÃO AMBIENTAL JUNDIAÍ","Angiosperms","Convolvulaceae","Cuscuta",,"L.","CONVOLVULACEAE Cuscuta L.","2327","GBIF","IAC","Viegas, A.P.","s/nº",,"Bronze","Low","Estrada Jundiai - Campinas"
"ÁREA DE PROTEÇÃO AMBIENTAL JUNDIAÍ","Angiosperms","Convolvulaceae","Dichondra","repens","J.R.Forst. & G.Forst.","CONVOLVULACEAE Dichondra repens J.R.Forst. & G.Forst.","49360","GBIF","HRCB","Lombardi, J.A.","7263","Unknown","Latão","Low","Reserva Biológica Municipal da Serra do Japi, trilha Base/Mirante/Base"
"ÁREA DE PROTEÇÃO AMBIENTAL JUNDIAÍ","Angiosperms","Convolvulaceae","Distimake","macrocalyx","(Ruiz & Pav.) A.R. Simões & Staples","CONVOLVULACEAE Distimake macrocalyx (Ruiz & Pav.) A.R. Simões & Staples","3933","GBIF","UEC","Joly, C.A.","s.n.","Native","Ouro","Medium","Serra do Japi"
"ÁREA DE PROTEÇÃO AMBIENTAL JUNDIAÍ","Angiosperms","Convolvulaceae","Distimake","maragniensis","(Choisy) Petrongari & Sim.-Bianch.","CONVOLVULACEAE Distimake maragniensis (Choisy) Petrongari & Sim.-Bianch.","7252","GBIF","SP","Brade, A.C.","6989","Native","Ouro","Low",
"ÁREA DE PROTEÇÃO AMBIENTAL JUNDIAÍ","Angiosperms","Convolvulaceae","Distimake","tomentosus","(Choisy) Petrongari & Sim.-Bianch.","CONVOLVULACEAE Distimake tomentosus (Choisy) Petrongari & Sim.-Bianch.","74140","GBIF","SPF","Brade, A.C.","6994","Native","Ouro","Low",
"ÁREA DE PROTEÇÃO AMBIENTAL JUNDIAÍ","Angiosperms","Convolvulaceae","Evolvulus","barbatus","Meisn.","CONVOLVULACEAE Evolvulus barbatus Meisn.","149048","GBIF","UB","Brade, A.C.","s.n.","Native","Bronze","Low",
"ÁREA DE PROTEÇÃO AMBIENTAL JUNDIAÍ","Angiosperms","Convolvulaceae","Evolvulus","sericeus","Sw.","CONVOLVULACEAE Evolvulus sericeus var. sericeus Sw.","SPSF00002392","Splink","SPSF",,,"Native","Bronze","Low","fazenda Sao Bento."
"ÁREA DE PROTEÇÃO AMBIENTAL JUNDIAÍ","Angiosperms","Convolvulaceae","Ipomoea","alba","L.","CONVOLVULACEAE Ipomoea alba L.","88688","GBIF","UEC","Sa, F.N.","s.n.","Native","Bronze","Medium","Serra do Japi."
"ÁREA DE PROTEÇÃO AMBIENTAL JUNDIAÍ","Angiosperms","Convolvulaceae","Ipomoea","batatas","(L.) Lam.","CONVOLVULACEAE Ipomoea batatas (L.) Lam.",,"GBIF",,,,"Naturalized","Latão","Low",
"ÁREA DE PROTEÇÃO AMBIENTAL JUNDIAÍ","Angiosperms","Convolvulaceae","Ipomoea","cairica","(L.) Sweet","CONVOLVULACEAE Ipomoea cairica (L.) Sweet","144205033","GBIF","Observations","Capreti, I.",,"Native","Bronze","Low","Aglomeração Urbana de Jundiaí, Jundiaí - SP, 13216, Brasil"
"ÁREA DE PROTEÇÃO AMBIENTAL JUNDIAÍ","Angiosperms","Convolvulaceae","Ipomoea","delphinioides","Choisy","CONVOLVULACEAE Ipomoea delphinioides Choisy","NHM-BOT-BM001125480","Splink","NHM-LONDON-BOT",,"338","Native","Bronze","Low","Cachambu"
"ÁREA DE PROTEÇÃO AMBIENTAL JUNDIAÍ","Angiosperms","Convolvulaceae","Ipomoea","indica","(Burm.) Merr.","CONVOLVULACEAE Ipomoea indica (Burm.) Merr.","102881","GBIF","UEC","Pansarin, E.R.","363","Native","Ouro","Low","Serra do Japi. Sentido Eloy Chaves, próximo à represa do DAE."
"ÁREA DE PROTEÇÃO AMBIENTAL JUNDIAÍ","Angiosperms","Convolvulaceae","Ipomoea","saopaulista","O'Donell","CONVOLVULACEAE Ipomoea saopaulista O'Donell","INPA0172209","Splink","INPA",,"15772","Native","Ouro","Low",
"ÁREA DE PROTEÇÃO AMBIENTAL JUNDIAÍ","Angiosperms","Convolvulaceae","Ipomoea","triloba","L.","CONVOLVULACEAE Ipomoea triloba L.","33729","GBIF","IAC","Jung-Mendacolli, S.L.","708","Native","Ouro","Low","Estação Experimental de Jundiaí - IAC"
"ÁREA DE PROTEÇÃO AMBIENTAL JUNDIAÍ","Angiosperms","Convolvulaceae","Jacquemontia","blanchetii","Moric.","CONVOLVULACEAE Jacquemontia blanchetii Moric.","169685","GBIF","UEC","Monge, M.","753","Native","Ouro","Low","Serra do Japi, estrada para base."
"ÁREA DE PROTEÇÃO AMBIENTAL JUNDIAÍ","Angiosperms","Convolvulaceae","Jacquemontia","densiflora","(Meisn.) Hallier f.","CONVOLVULACEAE Jacquemontia densiflora (Meisn.) Hallier f.","72083","GBIF","SPF","Simao-Bianchini, R.","118","Native","Ouro","Low","Serra do Japi"
"ÁREA DE PROTEÇÃO AMBIENTAL JUNDIAÍ","Angiosperms","Convolvulaceae","Jacquemontia","ferruginea","Choisy","CONVOLVULACEAE Jacquemontia ferruginea Choisy","72082","GBIF","SPF","Simao-Bianchini, R.","115","Native","Ouro","Low","Serra do Japi"
"ÁREA DE PROTEÇÃO AMBIENTAL JUNDIAÍ","Angiosperms","Convolvulaceae","Jacquemontia","gabrielii","(Choisy) Buril","CONVOLVULACEAE Jacquemontia gabrielii (Choisy) Buril","49352","GBIF","HRCB","Lombardi, J.A.","7255","Native","Latão","Low","Reserva Biológica Municipal da Serra do Japi, Base-Cidinho-estrada da Cascalheira-Base"
"ÁREA DE PROTEÇÃO AMBIENTAL JUNDIAÍ","Angiosperms","Convolvulaceae","Jacquemontia","sphaerostigma","(Cav.) Rusby","CONVOLVULACEAE Jacquemontia sphaerostigma (Cav.) Rusby","69903","Splink","SP",,"6986","Native","Bronze","Low",
"ÁREA DE PROTEÇÃO AMBIENTAL JUNDIAÍ","Angiosperms","Convolvulaceae","Jacquemontia","velutina","Choisy","CONVOLVULACEAE Jacquemontia velutina Choisy","76235","GBIF","UEC","Jung-Mendacolli, S.L.","1400","Native","Ouro","Low","Estação Experimental do IAC"
"ÁREA DE PROTEÇÃO AMBIENTAL JUNDIAÍ","Angiosperms","Cordiaceae","Cordia","americana","(L.) Gottschling & J.S.Mill.","CORDIACEAE Cordia americana (L.) Gottschling & J.S.Mill.","SPSF00003946","Splink","SPSF",,,"Native","Latão","Low","Quilombo."
"ÁREA DE PROTEÇÃO AMBIENTAL JUNDIAÍ","Angiosperms","Cordiaceae","Cordia","ecalyculata","Vell.","CORDIACEAE Cordia ecalyculata Vell.","30264","GBIF","IAC","Jung-Mendacolli, S.L.","1398","Native","Bronze","Low","IAC, Estação Experimental"
"ÁREA DE PROTEÇÃO AMBIENTAL JUNDIAÍ","Angiosperms","Cordiaceae","Cordia","sellowiana","Cham.","CORDIACEAE Cordia sellowiana Cham.","21218","GBIF","SJRP","Mendacolli, S.L.J.","657","Native","Ouro","Low","Estação experimental do iac"
"ÁREA DE PROTEÇÃO AMBIENTAL JUNDIAÍ","Angiosperms","Cordiaceae","Cordia","superba","Cham.","CORDIACEAE Cordia superba Cham.",,"GBIF",,,,"Native","Latão","Low",
"ÁREA DE PROTEÇÃO AMBIENTAL JUNDIAÍ","Angiosperms","Cordiaceae","Cordia","trichotoma","(Vell.) Arráb. ex Steud.","CORDIACEAE Cordia trichotoma (Vell.) Arráb. ex Steud.","SPSF00032334","Splink","SPSF",,"290","Native","Ouro","Low","Serra do Japi."
"ÁREA DE PROTEÇÃO AMBIENTAL JUNDIAÍ","Angiosperms","Cordiaceae","Varronia","calocephala","(Cham.) Friesen","CORDIACEAE Varronia calocephala (Cham.) Friesen","NY00400771","GBIF","NY","Brade, A.C.","18814","Native","Ouro","Low","Jundiahy"
"ÁREA DE PROTEÇÃO AMBIENTAL JUNDIAÍ","Angiosperms","Cordiaceae","Varronia","polycephala","Lam.","CORDIACEAE Varronia polycephala Lam.","130580","GBIF","ESA","Souza, V.C.","35783","Native","Prata","Low","Fragmento 10 (TAV). Floresta Estacional Semidecidual"
"ÁREA DE PROTEÇÃO AMBIENTAL JUNDIAÍ","Angiosperms","Cordiaceae","Varronia","urticifolia","(Cham.) J.S.Mill.","CORDIACEAE Varronia urticifolia (Cham.) J.S.Mill.","178762","GBIF","UEC","Sa, F.N.","s.n.","Native","Latão","Medium","Serra do Japi"
"ÁREA DE PROTEÇÃO AMBIENTAL JUNDIAÍ","Angiosperms","Costaceae","Costus","spiralis","(Jacq.) Roscoe","COSTACEAE Costus spiralis (Jacq.) Roscoe","147868840","GBIF","Observations","Silveira, B.L.S.B.",,"Native","Bronze","Low","Jundiaí - SP, Brasil"
"ÁREA DE PROTEÇÃO AMBIENTAL JUNDIAÍ","Angiosperms","Crassulaceae","Kalanchoe","delagoensis","Eckl. & Zeyh.","CRASSULACEAE Kalanchoe delagoensis Eckl. & Zeyh.","47389","GBIF","HRCB","Lombardi, J.A.","6638","Naturalized","Bronze","Low","Reserva Biológica Municipal da Serra do Japi Trilha Base/Mirante/Base"
"ÁREA DE PROTEÇÃO AMBIENTAL JUNDIAÍ","Angiosperms","Crassulaceae","Sedum","multiceps","Coss. & Durieu","CRASSULACEAE Sedum multiceps Coss. & Durieu","50381","GBIF","HRCB","Lombardi, J.A.","7501","Cultivated","Latão","Low","Reserva Biológica Municipal da Serra do Japi, trilha Base/Mirante/DAE/Base"
"ÁREA DE PROTEÇÃO AMBIENTAL JUNDIAÍ","Angiosperms","Cucurbitaceae","Cayaponia","cabocla","(Vell.) Mart.","CUCURBITACEAE Cayaponia cabocla (Vell.) Mart.","2704","GBIF","SHPR","Biral, L.","3166","Native","Ouro","Low","Reserva Biológica Municipal da Serra do Japi"
"ÁREA DE PROTEÇÃO AMBIENTAL JUNDIAÍ","Angiosperms","Cucurbitaceae","Cayaponia","tayuya","(Vell.) Cogn.","CUCURBITACEAE Cayaponia tayuya (Vell.) Cogn.","44095","GBIF","IAC","Lourencao, A.L.","s/nº","Native","Bronze","Low","IAC - NEC"
"ÁREA DE PROTEÇÃO AMBIENTAL JUNDIAÍ","Angiosperms","Cucurbitaceae","Ceratosanthes","multiloba","Cogn.","CUCURBITACEAE Ceratosanthes multiloba Cogn.","10894","GBIF","SP","Novaes, J.C.","CGG4091","Native","Ouro","Low","Campo."
"ÁREA DE PROTEÇÃO AMBIENTAL JUNDIAÍ","Angiosperms","Cucurbitaceae","Ceratosanthes","palmata","(L.) Urb.","CUCURBITACEAE Ceratosanthes palmata (L.) Urb.","UEC184379","Splink","UEC",,"533","Native","Bronze","Low","Parque do Cerrado Local: borda da trilha, pleno sol. Ambiente: seco com solo arenoso e pedregoso em meio a braquiária."
"ÁREA DE PROTEÇÃO AMBIENTAL JUNDIAÍ","Angiosperms","Cucurbitaceae","Cyclanthera","quinquelobata","(Vell.) Cogn.","CUCURBITACEAE Cyclanthera quinquelobata (Vell.) Cogn.","119682","GBIF","SP","Grotta, A.S.","5826","Native","Bronze","Low","via Anhanguera"
"ÁREA DE PROTEÇÃO AMBIENTAL JUNDIAÍ","Angiosperms","Cucurbitaceae","Gurania","lobata","(L.) Pruski","CUCURBITACEAE Gurania lobata (L.) Pruski","66731","GBIF","JPB","Jung-Mendacolli, S.L.","916","Native","Latão","Low","IAC, Estação Experimental"
"ÁREA DE PROTEÇÃO AMBIENTAL JUNDIAÍ","Angiosperms","Cucurbitaceae","Gurania","subumbellata","(Miq.) Cogn.","CUCURBITACEAE Gurania subumbellata (Miq.) Cogn.","66733","GBIF","JPB","Jung-Mendacolli, S.L.","896","Native","Bronze","Low","IAC, Estação Experimental"
"ÁREA DE PROTEÇÃO AMBIENTAL JUNDIAÍ","Angiosperms","Cucurbitaceae","Melothria","cucumis","Vell.","CUCURBITACEAE Melothria cucumis Vell.","152283","GBIF","UEC","Caselli, C.B.","s.n.","Native","Ouro","Medium","Serra do Japi"
"ÁREA DE PROTEÇÃO AMBIENTAL JUNDIAÍ","Angiosperms","Cucurbitaceae","Melothria","pendula","L.","CUCURBITACEAE Melothria pendula L.","169683","GBIF","UEC","Monge, M.","755","Native","Ouro","Low","Serra do Japi, estrada para base."
"ÁREA DE PROTEÇÃO AMBIENTAL JUNDIAÍ","Angiosperms","Cucurbitaceae","Melothrianthus","smilacifolius","(Cogn.) Mart.Crov.","CUCURBITACEAE Melothrianthus smilacifolius (Cogn.) Mart.Crov.","167288","GBIF","SPF","Farinaccio, M.A.","717","Native","Ouro","Low","Serra do Japi"
"ÁREA DE PROTEÇÃO AMBIENTAL JUNDIAÍ","Angiosperms","Cucurbitaceae","Momordica","charantia","L.","CUCURBITACEAE Momordica charantia L.","28708","GBIF","IAC","Bernacci, L.C.","57","Naturalized","Ouro","Low","IAC, Estação Experimental"
"ÁREA DE PROTEÇÃO AMBIENTAL JUNDIAÍ","Angiosperms","Cucurbitaceae","Wilbrandia","hibiscoides","Silva Manso","CUCURBITACEAE Wilbrandia hibiscoides Silva Manso","79731","GBIF","UEC","Goldenberg, R.","145","Native","Ouro","Low","Serra do Japi, Estrada do Mirante"
"ÁREA DE PROTEÇÃO AMBIENTAL JUNDIAÍ","Angiosperms","Cucurbitaceae","Wilbrandia","verticillata","(Vell.) Cogn.","CUCURBITACEAE Wilbrandia verticillata (Vell.) Cogn.","279333","GBIF","SP","Bernacci, L.C.","7","Native","Ouro","Low","IAC, Estação Experimental"
"ÁREA DE PROTEÇÃO AMBIENTAL JUNDIAÍ","Angiosperms","Cunoniaceae","Lamanonia","ternata","Vell.","CUNONIACEAE Lamanonia ternata Vell.","UNIP03221","GBIF","UNIP","Rodrigues, R.R.","s.n.","Native","Bronze","Medium","Serra do Japi."
"ÁREA DE PROTEÇÃO AMBIENTAL JUNDIAÍ","Gymnosperms","Cupressaceae","Cupressus","lusitanica","Mill.","CUPRESSACEAE Cupressus lusitanica Mill.","48439","GBIF","HRCB","Lombardi, J.A.","6889","Cultivated","Latão","Low","Reserva Biológica Municipal da Serra do Japi, trilha Base/Mirante/DAE/Filipini/Base"
"ÁREA DE PROTEÇÃO AMBIENTAL JUNDIAÍ","Ferns and Lycophytes","Cyatheaceae","Alsophila","setosa","Kaulf.","CYATHEACEAE Alsophila setosa Kaulf.","47390","GBIF","HRCB","Lombardi, J.A.","6639","Native","Ouro","Low","Reserva Biológica Municipal da Serra do Japi, trilha Base/Mirante/Base"
"ÁREA DE PROTEÇÃO AMBIENTAL JUNDIAÍ","Ferns and Lycophytes","Cyatheaceae","Cyathea","atrovirens","(Langsd. & Fisch.) Domin","CYATHEACEAE Cyathea atrovirens (Langsd. & Fisch.) Domin","1692","GBIF","SHPR","Biral, L.","2760","Native","Ouro","Low","Reserva Biológica Municipal da Serra do Japi"
"ÁREA DE PROTEÇÃO AMBIENTAL JUNDIAÍ","Ferns and Lycophytes","Cyatheaceae","Cyathea","delgadii","Pohl. ex Sternb.","CYATHEACEAE Cyathea delgadii Pohl. ex Sternb.","55936","GBIF","HRCB","Lombardi, J.A.","8655","Native","Ouro","Low",
"ÁREA DE PROTEÇÃO AMBIENTAL JUNDIAÍ","Angiosperms","Cyperaceae","Bulbostylis","capillaris","(L.) C.B.Clarke","CYPERACEAE Bulbostylis capillaris (L.) C.B.Clarke","16172","GBIF","UEC","Leitao Filho, H.F.","3202","Native","Ouro","Low","Serra do Japi"
"ÁREA DE PROTEÇÃO AMBIENTAL JUNDIAÍ","Angiosperms","Cyperaceae","Carex","pseudocyperus","L.","CYPERACEAE Carex pseudocyperus L.","94627","GBIF","UEC","Faria, A.D.","96428","Unknown","Ouro","Low","Serra do Japi, Brejo perto da Base."
"ÁREA DE PROTEÇÃO AMBIENTAL JUNDIAÍ","Angiosperms","Cyperaceae","Cyperus","entrerianus","Boeckeler","CYPERACEAE Cyperus entrerianus Boeckeler","UEC098392","Splink","UEC",,"8041","Native","Latão","Low","Serra do Japi"
"ÁREA DE PROTEÇÃO AMBIENTAL JUNDIAÍ","Angiosperms","Cyperaceae","Cyperus","friburgensis","Boeckeler","CYPERACEAE Cyperus friburgensis Boeckeler","48979","GBIF","HRCB","Lombardi, J.A.","7039","Native","Latão","Low","Reserva Biológica Municipal da Serra do Japi, Base-Mirante-estrada para DAE-Base"
"ÁREA DE PROTEÇÃO AMBIENTAL JUNDIAÍ","Angiosperms","Cyperaceae","Cyperus","haspan","L.","CYPERACEAE Cyperus haspan L.","48616","GBIF","HRCB","Lombardi, J.A.","6931","Native","Latão","Low","Reserva Biológica Municipal da Serra do Japi, trilha Base/trilha a esquerda da porteira da Base/Cidinho/trilha a esquerda do antigo Viveiro de mudas até último ponto"
"ÁREA DE PROTEÇÃO AMBIENTAL JUNDIAÍ","Angiosperms","Cyperaceae","Cyperus","laxus","Lam.","CYPERACEAE Cyperus laxus Lam.","64039","GBIF","MBM","Carnielli, V.","8023","Native","Ouro","Low","Serra do Japi"
"ÁREA DE PROTEÇÃO AMBIENTAL JUNDIAÍ","Angiosperms","Cyperaceae","Cyperus","luzulae","(L.) Retz.","CYPERACEAE Cyperus luzulae (L.) Retz.","48617","GBIF","HRCB","Lombardi, J.A.","6932","Native","Latão","Low","Reserva Biológica Municipal da Serra do Japi, trilha Base/trilha a esquerda da porteira da Base/Cidinho/trilha a esquerda do antigo Viveiro de mudas até último ponto"
"ÁREA DE PROTEÇÃO AMBIENTAL JUNDIAÍ","Angiosperms","Cyperaceae","Cyperus","megapotamicus","(A.Dietr.) Kunth","CYPERACEAE Cyperus megapotamicus (A.Dietr.) Kunth","94522","GBIF","UEC","Faria, A.D.","96447","Native","Ouro","Low","Serra do Japi, Borda de lago no Sítio Filipino."
"ÁREA DE PROTEÇÃO AMBIENTAL JUNDIAÍ","Angiosperms","Cyperaceae","Cyperus","meyenianus","Kunth","CYPERACEAE Cyperus meyenianus Kunth","UFP064337","Splink","UFP",,"7037","Native","Ouro","Low","Reserva Biológica Municipal da Serra do Japi, Base-Mirante-estrada para DAE-Base."
"ÁREA DE PROTEÇÃO AMBIENTAL JUNDIAÍ","Angiosperms","Cyperaceae","Cyperus","ochraceus","Vahl","CYPERACEAE Cyperus ochraceus Vahl","622447","GBIF","NY","Leitao Filho, H.F.","3201","Native","Ouro","Low","Ca. 10 Km. S.W. de Jundiaí. Serra do Japí."
"ÁREA DE PROTEÇÃO AMBIENTAL JUNDIAÍ","Angiosperms","Cyperaceae","Cyperus","reflexus","Vahl","CYPERACEAE Cyperus reflexus Vahl","109408","GBIF","UEC","Aona, L.Y.S.","99/128","Native","Latão","Low","Serra do Japi, Brejo localizado próximo a caixa d'água do Condomínio Ermida."
"ÁREA DE PROTEÇÃO AMBIENTAL JUNDIAÍ","Angiosperms","Cyperaceae","Cyperus","rigens","C.Presl","CYPERACEAE Cyperus rigens C.Presl","EIU010942","GBIF","EIU","Aona, L.Y.S.","99/134","Native","Ouro","Low","Serra do Japí, brejo localizado proximo a caixa d'agua do Condomínio Ermida."
"ÁREA DE PROTEÇÃO AMBIENTAL JUNDIAÍ","Angiosperms","Cyperaceae","Cyperus","virens","Michx.","CYPERACEAE Cyperus virens Michx.","16126","GBIF","UEC","Tamashiro, J.Y.","37","Native","Ouro","Low","Serra do Japi, Mata úmida."
"ÁREA DE PROTEÇÃO AMBIENTAL JUNDIAÍ","Angiosperms","Cyperaceae","Eleocharis","flavescens","(Poir.) Urb.","CYPERACEAE Eleocharis flavescens (Poir.) Urb.","16345","GBIF","UEC","Carnielli, V.","8019","Native","Ouro","Low","Serra do Japí"
"ÁREA DE PROTEÇÃO AMBIENTAL JUNDIAÍ","Angiosperms","Cyperaceae","Eleocharis","maculosa","(Vahl) Roem. & Schult.","CYPERACEAE Eleocharis maculosa (Vahl) Roem. & Schult.","K001176168","GBIF","K","Pansarin, E.R.","97/48","Native","Ouro","Medium","Serra do Japi. Brejo."
"ÁREA DE PROTEÇÃO AMBIENTAL JUNDIAÍ","Angiosperms","Cyperaceae","Eleocharis","montana","(Kunth) Roem. & Schult.","CYPERACEAE Eleocharis montana (Kunth) Roem. & Schult.","93929","GBIF","UEC","Pansarin, E.R.","121","Native","Ouro","Low","Serra do Japí, Início da estrada Eloy Chaves. Lado direito."
"ÁREA DE PROTEÇÃO AMBIENTAL JUNDIAÍ","Angiosperms","Cyperaceae","Eleocharis","sellowiana","Kunth","CYPERACEAE Eleocharis sellowiana Kunth","170735","GBIF","SPF","Pansarin, E.R.","122","Native","Ouro","Low",
"ÁREA DE PROTEÇÃO AMBIENTAL JUNDIAÍ","Angiosperms","Cyperaceae","Fimbristylis","autumnalis","(L.) Roem. & Schult.","CYPERACEAE Fimbristylis autumnalis (L.) Roem. & Schult.","49024","GBIF","HRCB","Lombardi, J.A.","7084","Native","Latão","Low","Reserva Biológica Municipal da Serra do Japi, Base-Cidinho-estrada da Cascalheira-Av. Brasil Tamega-Base"
"ÁREA DE PROTEÇÃO AMBIENTAL JUNDIAÍ","Angiosperms","Cyperaceae","Hypolytrum",,"Rich.","CYPERACEAE Hypolytrum Rich.","152728","GBIF","BHCB","Giacomin, L.L.","1617",,"Latão","Low","Reserva Biológica da Serra do Japi, Estrada não pavimentada que liga a base ao mirante. Em trilha próxima a estrada, anexa a córrego."
"ÁREA DE PROTEÇÃO AMBIENTAL JUNDIAÍ","Angiosperms","Cyperaceae","Rhynchospora","corymbosa","(L.) Britton","CYPERACEAE Rhynchospora corymbosa (L.) Britton","94521","GBIF","UEC","Faria, A.D.","96/451","Native","Bronze","Low","Serra do Japi, Borda de lago no Sítio Filipino."
"ÁREA DE PROTEÇÃO AMBIENTAL JUNDIAÍ","Angiosperms","Cyperaceae","Rhynchospora","distichophylla","Boeckeler","CYPERACEAE Rhynchospora distichophylla Boeckeler","40569","GBIF","UEC","Webster, G.L.","25403","Native","Ouro","Low","Mun. Jundiai: Serra do Japi, evergreen montane rain forest along stream."
"ÁREA DE PROTEÇÃO AMBIENTAL JUNDIAÍ","Angiosperms","Cyperaceae","Rhynchospora","exaltata","Kunth","CYPERACEAE Rhynchospora exaltata Kunth","23604","GBIF","HRCB","Mello-Silva, R.","1067","Native","Ouro","Low","Serra do Japi, Trilha do Mirante."
"ÁREA DE PROTEÇÃO AMBIENTAL JUNDIAÍ","Angiosperms","Cyperaceae","Rhynchospora","foliosa","(Kunth) L.B.Sm.","CYPERACEAE Rhynchospora foliosa (Kunth) L.B.Sm.","16411","GBIF","UEC","Leitao Filho, H.F.","3198","Native","Ouro","Low","Serra do Japi. Ca. 10 km SW de Jundiaí. Coordenada calculada."
"ÁREA DE PROTEÇÃO AMBIENTAL JUNDIAÍ","Angiosperms","Cyperaceae","Rhynchospora","panicoides","Schrad. ex Nees","CYPERACEAE Rhynchospora panicoides Schrad. ex Nees","155699","GBIF","UEC","Lombardi, J.A.","7268","Native","Ouro","Low","Serra do Japi, Trilha Base/Mirante/Base."
"ÁREA DE PROTEÇÃO AMBIENTAL JUNDIAÍ","Angiosperms","Cyperaceae","Rhynchospora","splendens","Lindm.","CYPERACEAE Rhynchospora splendens Lindm.","130377","GBIF","ESA","Souza, V.C.","35580","Native","Prata","Low","Fragmento 9 (TAV). Floresta Estacional Semidecidual"
"ÁREA DE PROTEÇÃO AMBIENTAL JUNDIAÍ","Angiosperms","Cyperaceae","Schoenoplectus","californicus","(C.A.Mey.) Soják","CYPERACEAE Schoenoplectus californicus (C.A.Mey.) Soják","2308","GBIF","IAC","Viegas, A.P.","s/nº","Native","Bronze","Low","Serra dos Cristais"
"ÁREA DE PROTEÇÃO AMBIENTAL JUNDIAÍ","Angiosperms","Cyperaceae","Scleria","latifolia","Sw.","CYPERACEAE Scleria latifolia Sw.","109401","GBIF","UEC","Aona, L.Y.S.","99/124","Native","Ouro","Medium","Serra do Japi, Brejo localizado no Condomínio Ermida, 1045m de alt."
"ÁREA DE PROTEÇÃO AMBIENTAL JUNDIAÍ","Angiosperms","Cyperaceae","Scleria","myricocarpa","Kunth","CYPERACEAE Scleria myricocarpa Kunth","48294","GBIF","HRCB","Lombardi, J.A.","6810","Native","Ouro","Low","Reserva Biológica Municipal da Serra do Japi, Base-Mirante-estrada para DAE"
"ÁREA DE PROTEÇÃO AMBIENTAL JUNDIAÍ","Angiosperms","Cyperaceae","Scleria","panicoides","Kunth","CYPERACEAE Scleria panicoides Kunth","146285","GBIF","UEC","Guillaumon, J.R.","s.n.","Native","Ouro","Low","Mata do Marcel, cerradão à beira do caminho."
"ÁREA DE PROTEÇÃO AMBIENTAL JUNDIAÍ","Angiosperms","Cyperaceae","Scleria","plusiophylla","Steud.","CYPERACEAE Scleria plusiophylla Steud.","35287","GBIF","IAC","Jung-Mendacolli, S.L.","787","Native","Ouro","Low","Estação Experimental do IAC,, interior da mata , local encharcado"
"ÁREA DE PROTEÇÃO AMBIENTAL JUNDIAÍ","Angiosperms","Cyperaceae","Scleria","variegata","(Nees) Steud.","CYPERACEAE Scleria variegata (Nees) Steud.","16607","GBIF","UEC","Leitao Filho, H.F.","3196","Native","Ouro","Low","Serra do Japí, Ca. 10 Km. S.W. de Jundiaí."
"ÁREA DE PROTEÇÃO AMBIENTAL JUNDIAÍ","Ferns and Lycophytes","Dennstaedtiaceae","Dennstaedtia","obtusifolia","(Willd.) T.Moore","DENNSTAEDTIACEAE Dennstaedtia obtusifolia (Willd.) T.Moore","155426","GBIF","UEC","Prado, J.","2055","Unknown","Bronze","Low","Serra do Japi, Na trilha do DAE para o observatório."
"ÁREA DE PROTEÇÃO AMBIENTAL JUNDIAÍ","Ferns and Lycophytes","Dennstaedtiaceae","Hypolepis","mitis","Kunze ex Kuhn","DENNSTAEDTIACEAE Hypolepis mitis Kunze ex Kuhn","RB01000646","GBIF","RB","Prado, J.","2057","Native","Ouro","Low","Serra do Japi."
"ÁREA DE PROTEÇÃO AMBIENTAL JUNDIAÍ","Ferns and Lycophytes","Dennstaedtiaceae","Pteridium","esculentum","(Kaulf.) Thomson","DENNSTAEDTIACEAE Pteridium esculentum subsp. arachnoideum (Kaulf.) Thomson","155421","GBIF","UEC","Hirai, R.Y.","664","Native","Bronze","Low","Serra do Japi, Na estrada para a torre da TV cultura."
"ÁREA DE PROTEÇÃO AMBIENTAL JUNDIAÍ","Ferns and Lycophytes","Dicksoniaceae","Dicksonia","sellowiana","Hook.","DICKSONIACEAE Dicksonia sellowiana Hook.","155619","GBIF","UEC","Prado, J.","2073","Native","Ouro","Low","Serra do Japi, Na trilha à esquerda antes de chegar na base da Reserva, indo para a Cachoeira Paraíso."
"ÁREA DE PROTEÇÃO AMBIENTAL JUNDIAÍ","Ferns and Lycophytes","Dicksoniaceae","Lophosoria","quadripinnata","(J.F.Gmel.) C.Chr.","DICKSONIACEAE Lophosoria quadripinnata (J.F.Gmel.) C.Chr.","155422","GBIF","UEC","Hirai, R.Y.","665","Native","Ouro","Low","Serra do Japi, Na estrada para a torre da TV cultura."
"ÁREA DE PROTEÇÃO AMBIENTAL JUNDIAÍ","Ferns and Lycophytes","Didymochlaenaceae","Didymochlaena","truncatula","(Sw.) J.Sm.","DIDYMOCHLAENACEAE Didymochlaena truncatula (Sw.) J.Sm.","129854","Splink","BHCB",,"6925","Unknown","Bronze","Low","Reserva Biológica da Serra do Japi, Trilha base/mirante/DAE/Filipini/base."
"ÁREA DE PROTEÇÃO AMBIENTAL JUNDIAÍ","Angiosperms","Dilleniaceae","Davilla","rugosa","Poir.","DILLENIACEAE Davilla rugosa Poir.","76232","GBIF","UEC","Jung-Mendacolli, S.L.","1404","Native","Ouro","Low","IAC, Estação Experimental"
"ÁREA DE PROTEÇÃO AMBIENTAL JUNDIAÍ","Angiosperms","Dioscoreaceae","Dioscorea","amaranthoides","C.Presl","DIOSCOREACEAE Dioscorea amaranthoides C.Presl","6984","GBIF","SP","Brade, A.C.","7214","Native","Bronze","Low",
"ÁREA DE PROTEÇÃO AMBIENTAL JUNDIAÍ","Angiosperms","Dioscoreaceae","Dioscorea","fodinarum","Kunth","DIOSCOREACEAE Dioscorea fodinarum Kunth","48479","GBIF","HRCB","Lombardi, J.A.","6929","Native","Latão","Low","Reserva Biológica Municipal da Serra do Japi, trilha Base/Mirante/DAE/Filipini/Base"
"ÁREA DE PROTEÇÃO AMBIENTAL JUNDIAÍ","Angiosperms","Dioscoreaceae","Dioscorea","multiflora","Mart. ex Griseb.","DIOSCOREACEAE Dioscorea multiflora Mart. ex Griseb.","49032","GBIF","HRCB","Lombardi, J.A.","7092","Native","Latão","Low","Reserva Biológica Municipal da Serra do Japi, Base-Cidinho-estrada da Cascalheira-Av. Brasil Tamega-Base"
"ÁREA DE PROTEÇÃO AMBIENTAL JUNDIAÍ","Angiosperms","Dioscoreaceae","Dioscorea","subhastata","Vell.","DIOSCOREACEAE Dioscorea subhastata Vell.","49638","GBIF","HRCB","Lombardi, J.A.","7356","Native","Ouro","Low","Reserva Biológica Municipal da Serra do Japi."
"ÁREA DE PROTEÇÃO AMBIENTAL JUNDIAÍ","Ferns and Lycophytes","Dryopteridaceae","Ctenitis","distans","(Brack.) Ching","DRYOPTERIDACEAE Ctenitis distans (Brack.) Ching","155430","GBIF","UEC","Prado, J.","2050","Native","Ouro","Low","Serra do Japi, Na trilha do DAE para o observatório."
"ÁREA DE PROTEÇÃO AMBIENTAL JUNDIAÍ","Ferns and Lycophytes","Dryopteridaceae","Ctenitis","submarginalis","(Langsd. & Fisch.) Ching","DRYOPTERIDACEAE Ctenitis submarginalis (Langsd. & Fisch.) Ching","155410","GBIF","UEC","Hirai, R.Y.","653","Native","Ouro","Low","Serra do Japi, Na estrada para a torre da TV Cultura."
"ÁREA DE PROTEÇÃO AMBIENTAL JUNDIAÍ","Ferns and Lycophytes","Dryopteridaceae","Elaphoglossum","iguapense","Brade","DRYOPTERIDACEAE Elaphoglossum iguapense Brade","155425","GBIF","UEC","Hirai, R.Y.","669","Native","Ouro","Low","Serra do Japi, Na estrada para a torre da TV cultura."
"ÁREA DE PROTEÇÃO AMBIENTAL JUNDIAÍ","Ferns and Lycophytes","Dryopteridaceae","Elaphoglossum","lingua","(C.Presl) Brack.","DRYOPTERIDACEAE Elaphoglossum lingua (C.Presl) Brack.","155420","GBIF","UEC","Hirai, R.Y.","663","Native","Ouro","Low","Serra do Japi, Na estrada para a torre da TV cultura."
"ÁREA DE PROTEÇÃO AMBIENTAL JUNDIAÍ","Ferns and Lycophytes","Dryopteridaceae","Elaphoglossum","pachydermum","(Fée) T.Moore","DRYOPTERIDACEAE Elaphoglossum pachydermum (Fée) T.Moore","155884","GBIF","UEC","Prado, J.","2079","Native","Bronze","Low","Serra do Japi, Na estrada à esquerda próximo à sede, próximo a cachoeira à esquerda."
"ÁREA DE PROTEÇÃO AMBIENTAL JUNDIAÍ","Ferns and Lycophytes","Dryopteridaceae","Elaphoglossum","vagans","(Mett. ex Kuhn) Hieron.","DRYOPTERIDACEAE Elaphoglossum vagans (Mett. ex Kuhn) Hieron.","02342062","GBIF","NY","Hirai, R.Y.","667","Native","Ouro","Low","Serra do Japi, Na estrada para a torre da TV cultura."
"ÁREA DE PROTEÇÃO AMBIENTAL JUNDIAÍ","Ferns and Lycophytes","Dryopteridaceae","Lastreopsis","amplissima","(C.Presl) Tindale","DRYOPTERIDACEAE Lastreopsis amplissima (C.Presl) Tindale","155427","GBIF","UEC","Prado, J.","2054","Native","Bronze","Low","Serra do Japi, Na trilha do DAE para o observatório, na margem do rio."
"ÁREA DE PROTEÇÃO AMBIENTAL JUNDIAÍ","Ferns and Lycophytes","Dryopteridaceae","Megalastrum","connexum","(Kaulf.) A.R.Sm. & R.C.Moran","DRYOPTERIDACEAE Megalastrum connexum (Kaulf.) A.R.Sm. & R.C.Moran","55938","GBIF","HRCB","Lombardi, J.A.","8657","Native","Ouro","Low",
"ÁREA DE PROTEÇÃO AMBIENTAL JUNDIAÍ","Ferns and Lycophytes","Dryopteridaceae","Parapolystichum","effusum","(Sw.) Ching","DRYOPTERIDACEAE Parapolystichum effusum (Sw.) Ching","155891","GBIF","UEC","Prado, J.","2113","Native","Ouro","High","Serra do Japi. Av. Cláudio Gianini, passando o Sítio Santo Antonio, entrada à direita"
"ÁREA DE PROTEÇÃO AMBIENTAL JUNDIAÍ","Ferns and Lycophytes","Dryopteridaceae","Polybotrya","cylindrica","Kaulf.","DRYOPTERIDACEAE Polybotrya cylindrica Kaulf.","HRCB048983","Splink","HRCB",,"7043","Native","Ouro","Low",
"ÁREA DE PROTEÇÃO AMBIENTAL JUNDIAÍ","Ferns and Lycophytes","Dryopteridaceae","Polystichum","montevidense","(Spreng.) Rosenst.","DRYOPTERIDACEAE Polystichum montevidense (Spreng.) Rosenst.","155610","GBIF","UEC","Hirai, R.Y.","681","Native","Bronze","Low","Serra do Japi, Na estrada para a torre da TV Cultura."
"ÁREA DE PROTEÇÃO AMBIENTAL JUNDIAÍ","Ferns and Lycophytes","Dryopteridaceae","Rumohra","adiantiformis","(G.Forst.) Ching","DRYOPTERIDACEAE Rumohra adiantiformis (G.Forst.) Ching","47690","GBIF","HRCB","Lombardi, J.A.","6722","Native","Ouro","Low","Reserva Biológica Municipal da Serra do Japi, trilha Base/Mirante/Base"
"ÁREA DE PROTEÇÃO AMBIENTAL JUNDIAÍ","Angiosperms","Ebenaceae","Diospyros","inconstans","Jacq.","EBENACEAE Diospyros inconstans Jacq.","112905","GBIF","SPF","Kiyama, C.Y.","85","Native","Ouro","Medium","Serra do Japi"
"ÁREA DE PROTEÇÃO AMBIENTAL JUNDIAÍ","Angiosperms","Elaeocarpaceae","Sloanea","hirsuta","(Schott) Planch. ex Benth.","ELAEOCARPACEAE Sloanea hirsuta (Schott) Planch. ex Benth.","PEL0003067","Splink","PEL",,"23 A","Native","Ouro","Low","Serra do Japi."
"ÁREA DE PROTEÇÃO AMBIENTAL JUNDIAÍ","Ferns and Lycophytes","Equisetaceae","Equisetum","giganteum","L.","EQUISETACEAE Equisetum giganteum L.","807208","GBIF","NY","Usteri, A.","20968","Native","Ouro","Low",
"ÁREA DE PROTEÇÃO AMBIENTAL JUNDIAÍ","Angiosperms","Ericaceae","Gaylussacia","densa","Meisn.","ERICACEAE Gaylussacia densa var. oblonga Meisn.","6952","GBIF","SP","Brade, A.C.","6955","Native","Bronze","Low",
"ÁREA DE PROTEÇÃO AMBIENTAL JUNDIAÍ","Angiosperms","Ericaceae","Rhododendron",,"L.","ERICACEAE Rhododendron L.","59139","GBIF","HUFU","Alves-Silva, E.","30",,"Bronze","Low","Serra do Japi"
"ÁREA DE PROTEÇÃO AMBIENTAL JUNDIAÍ","Angiosperms","Eriocaulaceae","Eriocaulon","crassiscapum","Bong.","ERIOCAULACEAE Eriocaulon crassiscapum Bong.","9111","GBIF","IPA","Pickel, B.","5173","Native","Bronze","Low",
"ÁREA DE PROTEÇÃO AMBIENTAL JUNDIAÍ","Angiosperms","Erythroxylaceae","Erythroxylum","campestre","A.St.-Hil.","ERYTHROXYLACEAE Erythroxylum campestre A.St.-Hil.","55257","GBIF","IAC","Pires, T.P.","54","Native","Bronze","Low","Cerrado Fazgran"
"ÁREA DE PROTEÇÃO AMBIENTAL JUNDIAÍ","Angiosperms","Erythroxylaceae","Erythroxylum","cuneifolium","(Mart.) O.E.Schulz","ERYTHROXYLACEAE Erythroxylum cuneifolium (Mart.) O.E.Schulz","54585","GBIF","MBM","Leitao Filho, H.F.","287","Native","Ouro","Low","Serra do Japi."
"ÁREA DE PROTEÇÃO AMBIENTAL JUNDIAÍ","Angiosperms","Erythroxylaceae","Erythroxylum","daphnites","Mart.","ERYTHROXYLACEAE Erythroxylum daphnites Mart.","50301","GBIF","HRCB","Santos, L.B.","81","Native","Latão","Low","Reserva Biológica Municipal da Serra do Japi, Base-Mirante-estrada para DAE-cachoeira das Jabuticabas-Base"
"ÁREA DE PROTEÇÃO AMBIENTAL JUNDIAÍ","Angiosperms","Erythroxylaceae","Erythroxylum","deciduum","A.St.-Hil.","ERYTHROXYLACEAE Erythroxylum deciduum A.St.-Hil.","240098","GBIF","MBM","Rodrigues, R.R.","s.n.","Native","Bronze","Medium","Serra do Japi."
"ÁREA DE PROTEÇÃO AMBIENTAL JUNDIAÍ","Angiosperms","Erythroxylaceae","Erythroxylum","gonocladum","(Mart.) O.E.Schulz","ERYTHROXYLACEAE Erythroxylum gonocladum (Mart.) O.E.Schulz","18450","GBIF","SP","Puiggari, J.J.","CGG2555","Native","Bronze","Low","Fazenda Rio das Pedras"
"ÁREA DE PROTEÇÃO AMBIENTAL JUNDIAÍ","Angiosperms","Erythroxylaceae","Erythroxylum","suberosum","A.St.-Hil.","ERYTHROXYLACEAE Erythroxylum suberosum A.St.-Hil.","4418","GBIF","UEC","Leitao Filho, H.F.","1598","Native","Ouro","Low","Serra do Japí. Folha: SF-23-Y-C. Coordenada calculada."
"ÁREA DE PROTEÇÃO AMBIENTAL JUNDIAÍ","Angiosperms","Euphorbiaceae","Acalypha","arvensis","Poepp.","EUPHORBIACEAE Acalypha arvensis Poepp.","053541","GBIF","VIC","Mouzella, C.P.","6","Native","Latão","Low","Empresa MRS, Na trilha do trem."
"ÁREA DE PROTEÇÃO AMBIENTAL JUNDIAÍ","Angiosperms","Euphorbiaceae","Acalypha","chamaedrifolia","(Lam.) Müll.Arg.","EUPHORBIACEAE Acalypha chamaedrifolia (Lam.) Müll.Arg.","48640","GBIF","HRCB","Lombardi, J.A.","6955","Cultivated","Bronze","Low","Reserva Biológica Municipal da Serra do Japi, trilha Base/trilha a esquerda da porteira da Base/Cidinho/trilha a esquerda do antigo Viveiro de mudas até último ponto"
"ÁREA DE PROTEÇÃO AMBIENTAL JUNDIAÍ","Angiosperms","Euphorbiaceae","Actinostemon","concepcionis","(Chodat & Hassl.) Hochr.","EUPHORBIACEAE Actinostemon concepcionis (Chodat & Hassl.) Hochr.","50972","GBIF","PEUFR","Farinaccio, M.A.","720","Native","Ouro","Low","Serra do Japi, Trilha que parte do Reservatório do DAAE."
"ÁREA DE PROTEÇÃO AMBIENTAL JUNDIAÍ","Angiosperms","Euphorbiaceae","Actinostemon","concolor","(Spreng.) Müll.Arg.","EUPHORBIACEAE Actinostemon concolor (Spreng.) Müll.Arg.","50151","GBIF","HRCB","Lombardi, J.A.","7463","Native","Bronze","Low","Reserva Biológica Municipal da Serra do Japi trilha Base/Mirante/DAE/Base"
"ÁREA DE PROTEÇÃO AMBIENTAL JUNDIAÍ","Angiosperms","Euphorbiaceae","Actinostemon","klotzschii","(Didr.) Pax","EUPHORBIACEAE Actinostemon klotzschii (Didr.) Pax","26888","GBIF","UEC","Leitao Filho, H.F.","13074","Native","Ouro","Low","Nativo em mata na Serra do Japi"
"ÁREA DE PROTEÇÃO AMBIENTAL JUNDIAÍ","Angiosperms","Euphorbiaceae","Alchornea","glandulosa","(Casar.) Secco","EUPHORBIACEAE Alchornea glandulosa subsp. iricurana (Casar.) Secco","152286","GBIF","UEC","Caselli, C.B.","s.n.","Native","Bronze","Low","Serra do Japi, Mata semidecídua"
"ÁREA DE PROTEÇÃO AMBIENTAL JUNDIAÍ","Angiosperms","Euphorbiaceae","Alchornea","sidifolia","Müll.Arg.","EUPHORBIACEAE Alchornea sidifolia Müll.Arg.","W20160002850","GBIF","W","Wenzel, A.V.A.","112887","Native","Ouro","Medium","Serra do Japi."
"ÁREA DE PROTEÇÃO AMBIENTAL JUNDIAÍ","Angiosperms","Euphorbiaceae","Alchornea","triplinervia","(Spreng.) Müll.Arg.","EUPHORBIACEAE Alchornea triplinervia (Spreng.) Müll.Arg.","173868","GBIF","SPF","Junqueira, A.B.","201","Native","Ouro","Low","Reserva Biológica Municipal da Serra do Japi, Estrada próxima ao alojamento."
"ÁREA DE PROTEÇÃO AMBIENTAL JUNDIAÍ","Angiosperms","Euphorbiaceae","Aparisthmium","cordatum","(A.Juss.) Baill.","EUPHORBIACEAE Aparisthmium cordatum (A.Juss.) Baill.","49736","GBIF","HRCB","Lombardi, J.A.","7382","Native","Bronze","Low","Reserva Biológica Municipal da Serra do Japi, estrada da Cascalheira, depois a direita do Cidinho até além da porteira"
"ÁREA DE PROTEÇÃO AMBIENTAL JUNDIAÍ","Angiosperms","Euphorbiaceae","Astraea","jatropha","(Müll.Arg.) B.W. Van Ee","EUPHORBIACEAE Astraea jatropha (Müll.Arg.) B.W. Van Ee","7162","GBIF","SP","Brade, A.C.","7337","Native","Ouro","Low",
"ÁREA DE PROTEÇÃO AMBIENTAL JUNDIAÍ","Angiosperms","Euphorbiaceae","Bia","alienata","Didr.","EUPHORBIACEAE Bia alienata Didr.","40584","GBIF","UEC","Webster, G.L.","25395","Native","Ouro","Low","Serra do Japi, transiocion from evergreen to semi-deciduous forest, on metamorphized limestone."
"ÁREA DE PROTEÇÃO AMBIENTAL JUNDIAÍ","Angiosperms","Euphorbiaceae","Chiropetalum","tricoccum","(Vell.) Chodat & Hassl.","EUPHORBIACEAE Chiropetalum tricoccum (Vell.) Chodat & Hassl.","53317","GBIF","UEC","Egler, S.G.","22154","Native","Ouro","Low","Serra do Japi, Beira de trilha"
"ÁREA DE PROTEÇÃO AMBIENTAL JUNDIAÍ","Angiosperms","Euphorbiaceae","Cnidoscolus","urens","(L.) Arthur","EUPHORBIACEAE Cnidoscolus urens subsp. urens (L.) Arthur","SPSF00018551","Splink","SPSF",,"46","Native","Latão","Low",
"ÁREA DE PROTEÇÃO AMBIENTAL JUNDIAÍ","Angiosperms","Euphorbiaceae","Codiaeum","variegatum","(L.) Rumph. ex A.Juss.","EUPHORBIACEAE Codiaeum variegatum (L.) Rumph. ex A.Juss.","101751982","GBIF","Observations","Sublime-Grotesco",,"Cultivated","Bronze","Low","Cemitério Municipal Nossa Senhora do Montenegro"
"ÁREA DE PROTEÇÃO AMBIENTAL JUNDIAÍ","Angiosperms","Euphorbiaceae","Croton","chaetophorus","Müll.Arg.","EUPHORBIACEAE Croton chaetophorus Müll.Arg.","7155","GBIF","SP","Brade, A.C.","7334","Native","Bronze","Low","Campo"
"ÁREA DE PROTEÇÃO AMBIENTAL JUNDIAÍ","Angiosperms","Euphorbiaceae","Croton","floribundus","Spreng.","EUPHORBIACEAE Croton floribundus Spreng.","HBR0067793","Splink","HBR",,"142","Native","Ouro","Low","Parte baixa da serra do Japi"
"ÁREA DE PROTEÇÃO AMBIENTAL JUNDIAÍ","Angiosperms","Euphorbiaceae","Croton","glandulosus","L.","EUPHORBIACEAE Croton glandulosus L.","130524","GBIF","ESA","Souza, V.C.","35727","Native","Prata","Low","Fragmento 9 (TAV). Floresta Estacional Semidecidual"
"ÁREA DE PROTEÇÃO AMBIENTAL JUNDIAÍ","Angiosperms","Euphorbiaceae","Croton","lundianus","(Didr.) Müll.Arg.","EUPHORBIACEAE Croton lundianus (Didr.) Müll.Arg.","279752","GBIF","SP","Bernacci, L.C.","30","Native","Ouro","Low","E.E. Jundiaí, mata secundária, em bom estado de conservação, coletas principalmente na borda, mamíferos comuns (saguis, bugios, jaguatirica)."
"ÁREA DE PROTEÇÃO AMBIENTAL JUNDIAÍ","Angiosperms","Euphorbiaceae","Croton","macrobothrys","Baill.","EUPHORBIACEAE Croton macrobothrys Baill.","48656","GBIF","HRCB","Lombardi, J.A.","6971","Native","Bronze","Low","Reserva Biológica Municipal da Serra do Japi, Base-Mirante-estrada para DAE-Base"
"ÁREA DE PROTEÇÃO AMBIENTAL JUNDIAÍ","Angiosperms","Euphorbiaceae","Croton","salutaris","Casar.","EUPHORBIACEAE Croton salutaris Casar.","103440","GBIF","UEC","Pansarin, E.R.","381","Native","Ouro","Low","Serra do Japi, Sentido Eloy Chaves, próximo à represa do DAE."
"ÁREA DE PROTEÇÃO AMBIENTAL JUNDIAÍ","Angiosperms","Euphorbiaceae","Croton","urucurana","Baill.","EUPHORBIACEAE Croton urucurana Baill.","417576","GBIF","MBM","Santos, R.F.","5","Native","Ouro","Low","Avenida Comendador Gumercindo Barranqueiros, do lado da ponte após Empório Paraná. Sentido Serra do Japi. Encontrada em Mata Ciliar, borda"
"ÁREA DE PROTEÇÃO AMBIENTAL JUNDIAÍ","Angiosperms","Euphorbiaceae","Dalechampia","stenosepala","Müll.Arg.","EUPHORBIACEAE Dalechampia stenosepala Müll.Arg.","40583","GBIF","UEC",,"25393","Native","Latão","Low","Serra do Japi, Transition from evergreen to semi-deciduous forest, on metamorphized limestone"
"ÁREA DE PROTEÇÃO AMBIENTAL JUNDIAÍ","Angiosperms","Euphorbiaceae","Dalechampia","triphylla","Lam.","EUPHORBIACEAE Dalechampia triphylla Lam.","28722","GBIF","IAC","Bernacci, L.C.","71","Native","Ouro","Low","Estação Experimental do IAC"
"ÁREA DE PROTEÇÃO AMBIENTAL JUNDIAÍ","Angiosperms","Euphorbiaceae","Euphorbia","adenoptera","Bertol.","EUPHORBIACEAE Euphorbia adenoptera Bertol.","454047","GBIF","SP","Silva, O.L.M.","93","Native","Ouro","Low","Rodovia Dom Pedro I, logo após acesso à Rodovia Fernão Dias, em frente a um posto policial. Crescendo na beira da rodovia, em meio a gramíneas ou diretamente no asfalto"
"ÁREA DE PROTEÇÃO AMBIENTAL JUNDIAÍ","Angiosperms","Euphorbiaceae","Euphorbia","cotinifolia","L.","EUPHORBIACEAE Euphorbia cotinifolia L.","49027","GBIF","HRCB","Lombardi, J.A.","7087","Cultivated","Bronze","Low","Reserva Biológica Municipal da Serra do Japi, Base-Cidinho-estrada da Cascalheira-Av. Brasil Tamega-Base"
"ÁREA DE PROTEÇÃO AMBIENTAL JUNDIAÍ","Angiosperms","Euphorbiaceae","Euphorbia","heterophylla","L.","EUPHORBIACEAE Euphorbia heterophylla L.",,"GBIF",,,,"Native","Latão","Low",
"ÁREA DE PROTEÇÃO AMBIENTAL JUNDIAÍ","Angiosperms","Euphorbiaceae","Euphorbia","milii","Des Moul.","EUPHORBIACEAE Euphorbia milii Des Moul.","50373","GBIF","HRCB","Lombardi, J.A.","7493","Cultivated","Bronze","Low","Reserva Biológica Municipal da Serra do Japi, estrada da Cascalheira, depois a direita do Cidinho até o portão"
"ÁREA DE PROTEÇÃO AMBIENTAL JUNDIAÍ","Angiosperms","Euphorbiaceae","Euphorbia","prostrata","Aiton","EUPHORBIACEAE Euphorbia prostrata Aiton","142652409","GBIF","Observations","Puodzius, L.",,"Native","Bronze","Low","Avenida Caminho de Goiás - CECAP, Jundiaí - SP, Brasil - CECAP, Jundiaí - SP, 13214-870, Brazil"
"ÁREA DE PROTEÇÃO AMBIENTAL JUNDIAÍ","Angiosperms","Euphorbiaceae","Euphorbia","pulcherrima","Willd. ex Klotzsch","EUPHORBIACEAE Euphorbia pulcherrima Willd. ex Klotzsch","47696","GBIF","HRCB","Lombardi, J.A.","6728","Cultivated","Bronze","Low","Reserva Biológica Municipal da Serra do Japi, trilha Base/Passarinheiros/Av. Brasil até próximo a Rodovia Bandeirantes/Base"
"ÁREA DE PROTEÇÃO AMBIENTAL JUNDIAÍ","Angiosperms","Euphorbiaceae","Euphorbia","sciadophila","Boiss.","EUPHORBIACEAE Euphorbia sciadophila Boiss.","454048","GBIF","SP","Silva, O.L.M.","94","Native","Ouro","Low","Estrada para Parque Municipal da Grota Funda. Crescendo na beira da estrada, na orla da mata, em barrancos"
"ÁREA DE PROTEÇÃO AMBIENTAL JUNDIAÍ","Angiosperms","Euphorbiaceae","Gymnanthes","klotzschiana","Müll.Arg.","EUPHORBIACEAE Gymnanthes klotzschiana Müll.Arg.","40610","GBIF","UEC","Webster, G.L.","25402","Native","Ouro","Low","Serra do Japí"
"ÁREA DE PROTEÇÃO AMBIENTAL JUNDIAÍ","Angiosperms","Euphorbiaceae","Gymnanthes","schottiana","Müll.Arg.","EUPHORBIACEAE Gymnanthes schottiana Müll.Arg.","37368","GBIF","IAC","Jung-Mendacolli, S.L.","922","Native","Bronze","Low","IAC, Estação Experimental"
"ÁREA DE PROTEÇÃO AMBIENTAL JUNDIAÍ","Angiosperms","Euphorbiaceae","Gymnanthes","serrata","Baill. ex Müll.Arg.","EUPHORBIACEAE Gymnanthes serrata Baill. ex Müll.Arg.","274","Splink","MACK",,"314","Native","Prata","Low","Imediações na serra do Japi."
"ÁREA DE PROTEÇÃO AMBIENTAL JUNDIAÍ","Angiosperms","Euphorbiaceae","Jatropha","gossypiifolia","L.","EUPHORBIACEAE Jatropha gossypiifolia L.",,"GBIF",,,,"Native","Latão","Low",
"ÁREA DE PROTEÇÃO AMBIENTAL JUNDIAÍ","Angiosperms","Euphorbiaceae","Manihot","esculenta","Crantz","EUPHORBIACEAE Manihot esculenta Crantz",,"GBIF",,,,"Native","Latão","Low",
"ÁREA DE PROTEÇÃO AMBIENTAL JUNDIAÍ","Angiosperms","Euphorbiaceae","Manihot","pilosa","Pohl","EUPHORBIACEAE Manihot pilosa Pohl","6731","GBIF","IAC","Viegas, A.P.","s/nº","Native","Ouro","Low","5 km além de Jundiaí para São Paulo"
"ÁREA DE PROTEÇÃO AMBIENTAL JUNDIAÍ","Angiosperms","Euphorbiaceae","Ricinus","communis","L.","EUPHORBIACEAE Ricinus communis L.","32713942","GBIF","Observations","Soufab",,"Naturalized","Bronze","Low","Tasso Pinheiro Eng. 3523, Jundiaí - SP, Brasil"
"ÁREA DE PROTEÇÃO AMBIENTAL JUNDIAÍ","Angiosperms","Euphorbiaceae","Sapium","glandulosum","(L.) Morong","EUPHORBIACEAE Sapium glandulosum (L.) Morong","7163","GBIF","SP","Brade, A.C.","7340","Native","Ouro","Low",
"ÁREA DE PROTEÇÃO AMBIENTAL JUNDIAÍ","Angiosperms","Euphorbiaceae","Sebastiania","brasiliensis","Spreng.","EUPHORBIACEAE Sebastiania brasiliensis Spreng.","114021","GBIF","HUEFS","Hoehne, W.","SPF12894","Native","Ouro","Low",
"ÁREA DE PROTEÇÃO AMBIENTAL JUNDIAÍ","Angiosperms","Euphorbiaceae","Tragia",,"L.","EUPHORBIACEAE Tragia L.","NY00542142","GBIF","NY","Leitao Filho, H.F.","13117",,"Ouro","Low","Serra do Japi"
"ÁREA DE PROTEÇÃO AMBIENTAL JUNDIAÍ","Angiosperms","Fabaceae","Acacia",,"Mill.","FABACEAE Acacia Mill.","49399","GBIF","HRCB","Lombardi, J.A.","7302",,"Latão","Low","Reserva Biológica Municipal da Serra do Japi, Base-Mirante-estrada para DAE-cachoeira das Jabuticabas-Base"
"ÁREA DE PROTEÇÃO AMBIENTAL JUNDIAÍ","Angiosperms","Fabaceae","Aeschynomene",,"L.","FABACEAE Aeschynomene L.","49376","GBIF","HRCB","Lombardi, J.A.","7279",,"Latão","Low","Reserva Biológica Municipal da Serra do Japi, trilha Base/Mirante/Base"
"ÁREA DE PROTEÇÃO AMBIENTAL JUNDIAÍ","Angiosperms","Fabaceae","Anadenanthera","colubrina","(Griseb.) Altschul","FABACEAE Anadenanthera colubrina var. cebil (Griseb.) Altschul","35215","GBIF","UEC","Joly, C.A.","15766","Native","Latão","Medium","Serra do Japi"
"ÁREA DE PROTEÇÃO AMBIENTAL JUNDIAÍ","Angiosperms","Fabaceae","Anadenanthera","peregrina","(Benth.) Altschul","FABACEAE Anadenanthera peregrina var. falcata (Benth.) Altschul","54334","GBIF","IAC","Pires, T.P.","35","Native","Bronze","Low","Cerrado Fazgran"
"ÁREA DE PROTEÇÃO AMBIENTAL JUNDIAÍ","Angiosperms","Fabaceae","Ancistrotropis","peduncularis","(Fawc. & Rendle) A.Delgado","FABACEAE Ancistrotropis peduncularis (Fawc. & Rendle) A.Delgado","7075","GBIF","SP","Brade, A.C.","7294","Native","Bronze","Low",
"ÁREA DE PROTEÇÃO AMBIENTAL JUNDIAÍ","Angiosperms","Fabaceae","Andira","fraxinifolia","Benth.","FABACEAE Andira fraxinifolia Benth.","48441","GBIF","HRCB","Lombardi, J.A.","6891","Native","Ouro","Low","Reserva Biológica Municipal da Serra do Japi, trilha Base/Mirante/DAE/Filipini/Base"
"ÁREA DE PROTEÇÃO AMBIENTAL JUNDIAÍ","Angiosperms","Fabaceae","Andira","ormosioides","Benth.","FABACEAE Andira ormosioides Benth.","32045","GBIF","SP","Smith, C.","14","Native","Ouro","Low","Campo Limpo"
"ÁREA DE PROTEÇÃO AMBIENTAL JUNDIAÍ","Angiosperms","Fabaceae","Arachis","hypogaea","L.","FABACEAE Arachis hypogaea L.",,"GBIF",,,,"Naturalized","Latão","Low",
"ÁREA DE PROTEÇÃO AMBIENTAL JUNDIAÍ","Angiosperms","Fabaceae","Bauhinia","forficata","Link","FABACEAE Bauhinia forficata subsp. forficata Link","RB00136862","GBIF","RB","Rubens, A.A.B.","130","Native","Ouro","Low","Estrada 143 - Pereiras-Cesário Lage."
"ÁREA DE PROTEÇÃO AMBIENTAL JUNDIAÍ","Angiosperms","Fabaceae","Bauhinia","longifolia","(Bong.) Steud.","FABACEAE Bauhinia longifolia (Bong.) Steud.","179592","GBIF","UEC","Escobar, N.A.G.","125","Native","Bronze","High","Serra do Japi"
"ÁREA DE PROTEÇÃO AMBIENTAL JUNDIAÍ","Angiosperms","Fabaceae","Bauhinia","rufa","(Bong.) Steud.","FABACEAE Bauhinia rufa (Bong.) Steud.","K000807085","GBIF","K","Usteri, P.A.","76b","Native","Ouro","Low",
"ÁREA DE PROTEÇÃO AMBIENTAL JUNDIAÍ","Angiosperms","Fabaceae","Bauhinia","variegata","L.","FABACEAE Bauhinia variegata L.","179545","GBIF","UEC","Escobar, N.A.G.","186","Unknown","Bronze","Low","Serra do Japi"
"ÁREA DE PROTEÇÃO AMBIENTAL JUNDIAÍ","Angiosperms","Fabaceae","Caesalpinia","pulcherrima","(L.) Sw.","FABACEAE Caesalpinia pulcherrima (L.) Sw.",,"GBIF",,,,"Cultivated","Latão","Low",
"ÁREA DE PROTEÇÃO AMBIENTAL JUNDIAÍ","Angiosperms","Fabaceae","Calliandra","brevipes","Benth.","FABACEAE Calliandra brevipes Benth.","50156","GBIF","HRCB","Lombardi, J.A.","7468","Native","Latão","Low","Reserva Biológica Municipal da Serra do Japi, junto a casa abandonada (Cidinho) no início da estrada da Cascalheira"
"ÁREA DE PROTEÇÃO AMBIENTAL JUNDIAÍ","Angiosperms","Fabaceae","Calliandra","tweedii","Benth.","FABACEAE Calliandra tweedii Benth.","50163","GBIF","HRCB","Lombardi, J.A.","7475","Native","Latão","Low","Reserva Biológica Municipal da Serra do Japi, junto a casa abandonada (Cidinho) no início da estrada da Cascalheira"
"ÁREA DE PROTEÇÃO AMBIENTAL JUNDIAÍ","Angiosperms","Fabaceae","Calopogonium","galactioides","(Kunth) Benth. ex Hemsl.","FABACEAE Calopogonium galactioides (Kunth) Benth. ex Hemsl.","192517","GBIF","UEC","Purgato, N.C.S.","7a","Native","Bronze","Low","Brasil, São Paulo, Jundiaí, Serra do Japi."
"ÁREA DE PROTEÇÃO AMBIENTAL JUNDIAÍ","Angiosperms","Fabaceae","Calopogonium","mucunoides","Desv.","FABACEAE Calopogonium mucunoides Desv.","210375","GBIF","HUEFS","Souza, V.C.","34170","Native","Ouro","Low","Beira da Rodovia dos Bandeirantes. Floresta estacional decidual bastante degradada. Projeto TAV. Levantamento Florístico 1."
"ÁREA DE PROTEÇÃO AMBIENTAL JUNDIAÍ","Angiosperms","Fabaceae","Canavalia","picta","Mart. ex Benth.","FABACEAE Canavalia picta Mart. ex Benth.","41162","GBIF","UEC","Leitao Filho, H.F.","16353","Native","Ouro","Low","Serra do Japí"
"ÁREA DE PROTEÇÃO AMBIENTAL JUNDIAÍ","Angiosperms","Fabaceae","Cassia","ferruginea","(Schrad.) Schrad. ex DC.","FABACEAE Cassia ferruginea (Schrad.) Schrad. ex DC.","152275","GBIF","UEC","Caselli, C.B.","s.n.","Native","Ouro","Low","Serra do Japi, Mata semidecídua"
"ÁREA DE PROTEÇÃO AMBIENTAL JUNDIAÍ","Angiosperms","Fabaceae","Centrosema","pubescens","Benth.","FABACEAE Centrosema pubescens Benth.","RB01400018","GBIF","RB","Reis, T.R.","125","Native","Ouro","Low",
"ÁREA DE PROTEÇÃO AMBIENTAL JUNDIAÍ","Angiosperms","Fabaceae","Centrosema","sagittatum","(Humb. & Bonpl. ex Willd.) Brandegee","FABACEAE Centrosema sagittatum (Humb. & Bonpl. ex Willd.) Brandegee","27207","GBIF","HUEFS","Wanderley, M.G.L.","2132","Native","Ouro","Low","Serra do Japi, Trepadeira próximo a trilha"
"ÁREA DE PROTEÇÃO AMBIENTAL JUNDIAÍ","Angiosperms","Fabaceae","Chamaecrista","cathartica","(Mart.) H.S.Irwin & Barneby","FABACEAE Chamaecrista cathartica var. cathartica (Mart.) H.S.Irwin & Barneby","13182","GBIF","SP","Puiggari","379","Native","Prata","Low",
"ÁREA DE PROTEÇÃO AMBIENTAL JUNDIAÍ","Angiosperms","Fabaceae","Chamaecrista","desvauxii","(Collad.) Killip","FABACEAE Chamaecrista desvauxii (Collad.) Killip","179542","GBIF","UEC","Escobar, N.A.G.","159","Native","Ouro","Low","Serra do Japi"
"ÁREA DE PROTEÇÃO AMBIENTAL JUNDIAÍ","Angiosperms","Fabaceae","Chamaecrista","flexuosa","(L.) Greene","FABACEAE Chamaecrista flexuosa (L.) Greene","37795","GBIF","IAC","Jung-Mendacolli, S.L.","980","Native","Ouro","Low","IAC, Estação Experimental"
"ÁREA DE PROTEÇÃO AMBIENTAL JUNDIAÍ","Angiosperms","Fabaceae","Chamaecrista","linearifolia","(Ekman ex Harms) H.S.Irwin & Barneby","FABACEAE Chamaecrista linearifolia var. bradei (Ekman ex Harms) H.S.Irwin & Barneby","22522","GBIF","R-Tipos","Brade, A.C.","7262","Native","Ouro","Low","Morro da Mursa"
"ÁREA DE PROTEÇÃO AMBIENTAL JUNDIAÍ","Angiosperms","Fabaceae","Chamaecrista","nictitans","(DC. ex Collad.) H.S.Irwin & Barneby","FABACEAE Chamaecrista nictitans subsp. patellaria (DC. ex Collad.) H.S.Irwin & Barneby","13194","GBIF","SP","Puiggari, J.J.","CGG2552","Native","Bronze","Low","Fazenda Rio das Pedras, campo limpo."
"ÁREA DE PROTEÇÃO AMBIENTAL JUNDIAÍ","Angiosperms","Fabaceae","Chamaecrista","pohliana","(Benth.) H.S.Irwin & Barneby","FABACEAE Chamaecrista pohliana (Benth.) H.S.Irwin & Barneby","56659","GBIF","UEC","Buzato, S.","22499","Native","Ouro","Medium","Serra do Japi"
"ÁREA DE PROTEÇÃO AMBIENTAL JUNDIAÍ","Angiosperms","Fabaceae","Chamaecrista","rotundifolia","(Pers.) Greene","FABACEAE Chamaecrista rotundifolia (Pers.) Greene","179533","GBIF","UEC","Escobar, N.A.G.","206","Native","Bronze","Low","Serra do Japi"
"ÁREA DE PROTEÇÃO AMBIENTAL JUNDIAÍ","Angiosperms","Fabaceae","Chamaecrista","setosa","(Vogel) H.S.Irwin & Barneby","FABACEAE Chamaecrista setosa var. setosa (Vogel) H.S.Irwin & Barneby","6316","Splink","SP",,"s.n.","Native","Bronze","Low",
"ÁREA DE PROTEÇÃO AMBIENTAL JUNDIAÍ","Angiosperms","Fabaceae","Chamaecrista","trichopoda","(Benth.) Britton & Rose ex Britton & Killip","FABACEAE Chamaecrista trichopoda (Benth.) Britton & Rose ex Britton & Killip","179627","GBIF","UEC","Escobar, N.A.G.","145","Native","Bronze","Low","Serra do Japi"
"ÁREA DE PROTEÇÃO AMBIENTAL JUNDIAÍ","Angiosperms","Fabaceae","Clitoria","falcata","Lam.","FABACEAE Clitoria falcata Lam.","202212","GBIF","UEC","Reis, T.R.","132","Native","Bronze","Low","Trilha DAE."
"ÁREA DE PROTEÇÃO AMBIENTAL JUNDIAÍ","Angiosperms","Fabaceae","Clitoria","guianensis","(Aubl.) Benth.","FABACEAE Clitoria guianensis (Aubl.) Benth.","27035","GBIF","IAC",,"s/nº","Native","Latão","Low",
"ÁREA DE PROTEÇÃO AMBIENTAL JUNDIAÍ","Angiosperms","Fabaceae","Copaifera","langsdorffii","Desf.","FABACEAE Copaifera langsdorffii Desf.","179557","GBIF","UEC","Escobar, N.A.G.","124","Native","Bronze","High","Serra do Japi"
"ÁREA DE PROTEÇÃO AMBIENTAL JUNDIAÍ","Angiosperms","Fabaceae","Crotalaria","breviflora","DC.","FABACEAE Crotalaria breviflora DC.","71485","GBIF","UEC","Wanderley, M.D.G.L.","2131","Native","Ouro","Low","Serra do Japi."
"ÁREA DE PROTEÇÃO AMBIENTAL JUNDIAÍ","Angiosperms","Fabaceae","Crotalaria","incana","L.","FABACEAE Crotalaria incana L.","47694","GBIF","HRCB","Lombardi, J.A.","6726","Native","Latão","Low","Reserva Biológica Municipal da Serra do Japi, trilha Base/Passarinheiros/Av. Brasil até próximo a Rodovia Bandeirantes/Base"
"ÁREA DE PROTEÇÃO AMBIENTAL JUNDIAÍ","Angiosperms","Fabaceae","Crotalaria","lanceolata","E.Mey.","FABACEAE Crotalaria lanceolata E.Mey.","47706","GBIF","HRCB","Lombardi, J.A.","6738","Naturalized","Latão","Low","Reserva Biológica Municipal da Serra do Japi, trilha Base/Passarinheiros/Av. Brasil até próximo a Rodovia Bandeirantes/Base"
"ÁREA DE PROTEÇÃO AMBIENTAL JUNDIAÍ","Angiosperms","Fabaceae","Crotalaria","micans","Link","FABACEAE Crotalaria micans Link","184129","GBIF","UEC","Vercosa, D.","7","Native","Ouro","Low","beira de estrada próximo a entrada para serra do japi"
"ÁREA DE PROTEÇÃO AMBIENTAL JUNDIAÍ","Angiosperms","Fabaceae","Crotalaria","paulina","Schrank","FABACEAE Crotalaria paulina Schrank","13263","GBIF","SP","Edwall, G.","CGG2517","Native","Bronze","Low","Cultivo ( de Jundiai) Jard. da Commissão."
"ÁREA DE PROTEÇÃO AMBIENTAL JUNDIAÍ","Angiosperms","Fabaceae","Crotalaria","unifoliolata","Benth.","FABACEAE Crotalaria unifoliolata Benth.","13271","GBIF","SP","Usteri, A.","88b","Native","Ouro","Low",
"ÁREA DE PROTEÇÃO AMBIENTAL JUNDIAÍ","Angiosperms","Fabaceae","Ctenodon","elegans","(Schltdl. & Cham.) D.B.O.S.Cardoso & A.Delgado","FABACEAE Ctenodon elegans (Schltdl. & Cham.) D.B.O.S.Cardoso & A.Delgado","K000920286","GBIF","K","Usteri, A.","806","Native","Ouro","Low",
"ÁREA DE PROTEÇÃO AMBIENTAL JUNDIAÍ","Angiosperms","Fabaceae","Dahlstedtia","floribunda","(Vogel) M.J. Silva & A.M.G. Azevedo","FABACEAE Dahlstedtia floribunda (Vogel) M.J. Silva & A.M.G. Azevedo","SPSF00032358","Splink","SPSF",,"309","Native","Ouro","Low","imediações da serra do Japi."
"ÁREA DE PROTEÇÃO AMBIENTAL JUNDIAÍ","Angiosperms","Fabaceae","Dahlstedtia","muehlbergiana","(Hassl.) M.J.Silva & A.M.G.Azevedo","FABACEAE Dahlstedtia muehlbergiana (Hassl.) M.J.Silva & A.M.G.Azevedo","72317","GBIF","UEC","Simao-Bianchini, R.","665","Native","Ouro","Low","Serra do Japi"
"ÁREA DE PROTEÇÃO AMBIENTAL JUNDIAÍ","Angiosperms","Fabaceae","Dalbergia","brasiliensis","Vogel","FABACEAE Dalbergia brasiliensis Vogel","40351","GBIF","UEC","Fonzar, L.P.C.M.","17043","Native","Ouro","Low","Serra do Japi, Mirante."
"ÁREA DE PROTEÇÃO AMBIENTAL JUNDIAÍ","Angiosperms","Fabaceae","Dalbergia","frutescens","(Vell.) Britton","FABACEAE Dalbergia frutescens var. frutescens (Vell.) Britton","SP006552","Splink","SP",,"CGG2845","Native","Ouro","Low",
"ÁREA DE PROTEÇÃO AMBIENTAL JUNDIAÍ","Angiosperms","Fabaceae","Dalbergia","miscolobium","Benth.","FABACEAE Dalbergia miscolobium Benth.","7025","GBIF","SP","Brade, A.C.","7296","Native","Ouro","Low",
"ÁREA DE PROTEÇÃO AMBIENTAL JUNDIAÍ","Angiosperms","Fabaceae","Dalbergia","villosa","(Benth.) Benth.","FABACEAE Dalbergia villosa (Benth.) Benth.","ESA005855","GBIF","ESA","Rodrigues, R.R.M.-F.","UEC 17812","Native","Ouro","Low",
"ÁREA DE PROTEÇÃO AMBIENTAL JUNDIAÍ","Angiosperms","Fabaceae","Delonix","regia","(Bojer ex Hook.) Raf.","FABACEAE Delonix regia (Bojer ex Hook.) Raf.","64873389","GBIF","Observations","Kryon",,"Cultivated","Bronze","Low","Parque da Cidade"
"ÁREA DE PROTEÇÃO AMBIENTAL JUNDIAÍ","Angiosperms","Fabaceae","Desmodium","incanum","(Sw.) DC.","FABACEAE Desmodium incanum (Sw.) DC.","49421","GBIF","HRCB","Lombardi, J.A.","7324","Naturalized","Bronze","Low","Base-Mirante-estrada para DAE-cachoeira das Jabuticabas-Base. Reserva Biológica Municipal da Serra do Japi."
"ÁREA DE PROTEÇÃO AMBIENTAL JUNDIAÍ","Angiosperms","Fabaceae","Desmodium","leiocarpum","(Spreng.) G.Don","FABACEAE Desmodium leiocarpum (Spreng.) G.Don","169697","GBIF","UEC","Monge, M.","741","Native","Bronze","Low","Serra do Japi, estrada para base."
"ÁREA DE PROTEÇÃO AMBIENTAL JUNDIAÍ","Angiosperms","Fabaceae","Desmodium","subsecundum","Vogel","FABACEAE Desmodium subsecundum Vogel","RB00858714","GBIF","RB","Souza, V.C.","34168","Native","Ouro","Low","Beira da Rodovia dos Bandeirantes. Floresta estacional decidual bastante degradada. Projeto TAV. Levantamento Florístico 1."
"ÁREA DE PROTEÇÃO AMBIENTAL JUNDIAÍ","Angiosperms","Fabaceae","Desmodium","uncinatum","(Jacq.) DC.","FABACEAE Desmodium uncinatum (Jacq.) DC.","79733","GBIF","UEC","Goldenberg, R.","144","Native","Ouro","Low","Serra do Japí, estreda do Mirante."
"ÁREA DE PROTEÇÃO AMBIENTAL JUNDIAÍ","Angiosperms","Fabaceae","Dioclea",,"Kunth","FABACEAE Dioclea Kunth","29390","GBIF","FUEL","Kinupp, V.F.","141",,"Ouro","Low","Parte baixa da Serra do Japi"
"ÁREA DE PROTEÇÃO AMBIENTAL JUNDIAÍ","Angiosperms","Fabaceae","Erythrina","crista-galli","L.","FABACEAE Erythrina crista-galli L.","24052","GBIF","SP","Sampaio, A.N.","294","Native","Bronze","Low","Horto Florestal de Jundiaí"
"ÁREA DE PROTEÇÃO AMBIENTAL JUNDIAÍ","Angiosperms","Fabaceae","Erythrina","speciosa","Andrews","FABACEAE Erythrina speciosa Andrews","132015311","GBIF","Observations","Barros, C.",,"Native","Bronze","Low","Jardim Samambaia, Jundiaí - SP, Brasil"
"ÁREA DE PROTEÇÃO AMBIENTAL JUNDIAÍ","Angiosperms","Fabaceae","Galactia","latisiliqua","Desv.","FABACEAE Galactia latisiliqua Desv.","202213","GBIF","UEC","Reis, T.R.","38","Native","Bronze","Low","Estrada para a Serra do japi."
"ÁREA DE PROTEÇÃO AMBIENTAL JUNDIAÍ","Angiosperms","Fabaceae","Glycine",,"Willd.","FABACEAE Glycine Willd.","202268","GBIF","UEC","Reis, T.R.","101",,"Bronze","Low","Trepador - erva volúvel. Flores róseas pequenas. Indumento canescente na região abaxial do folíolo. Frutos verdes com tricoma."
"ÁREA DE PROTEÇÃO AMBIENTAL JUNDIAÍ","Angiosperms","Fabaceae","Hymenaea","courbaril","L.","FABACEAE Hymenaea courbaril L.","150351","GBIF","UEC","Garcia, C.S.","001a","Native","Bronze","Low","Bairro do Engordadouro"
"ÁREA DE PROTEÇÃO AMBIENTAL JUNDIAÍ","Angiosperms","Fabaceae","Indigofera","spicata","Forssk.","FABACEAE Indigofera spicata Forssk.","142543674","GBIF","Observations","Capreti, I.",,"Native","Bronze","Low","Aglomeração Urbana de Jundiaí, Jundiaí - SP, 13216, Brasil"
"ÁREA DE PROTEÇÃO AMBIENTAL JUNDIAÍ","Angiosperms","Fabaceae","Indigofera","suffruticosa","Mill.","FABACEAE Indigofera suffruticosa Mill.","8503","GBIF","UEC","Leitao Filho, H.F.","3210","Native","Ouro","Low","Ca. 10 Km a SW de Jundiaí. Serra do Japí. Folha: SF-23-Y-C. Coordenada calculada."
"ÁREA DE PROTEÇÃO AMBIENTAL JUNDIAÍ","Angiosperms","Fabaceae","Inga","edulis","Mart.","FABACEAE Inga edulis Mart.",,"GBIF",,,,"Native","Latão","Low",
"ÁREA DE PROTEÇÃO AMBIENTAL JUNDIAÍ","Angiosperms","Fabaceae","Inga","laurina","(Sw.) Willd.","FABACEAE Inga laurina (Sw.) Willd.",,"GBIF",,,,"Native","Latão","Low",
"ÁREA DE PROTEÇÃO AMBIENTAL JUNDIAÍ","Angiosperms","Fabaceae","Inga","marginata","Willd.","FABACEAE Inga marginata Willd.","31670","GBIF","IAC","Arbocz, G.","176","Native","Ouro","Low","Serra do Japí, caminho para Paraíso"
"ÁREA DE PROTEÇÃO AMBIENTAL JUNDIAÍ","Angiosperms","Fabaceae","Inga","sessilis","(Vell.) Mart.","FABACEAE Inga sessilis (Vell.) Mart.","34771","GBIF","UEC","Rodrigues, R.R.","15858","Native","Ouro","Medium","Serra do Japi, Mirante."
"ÁREA DE PROTEÇÃO AMBIENTAL JUNDIAÍ","Angiosperms","Fabaceae","Inga","striata","Benth.","FABACEAE Inga striata Benth.","50171","GBIF","HRCB","Lombardi, J.A.","7483","Native","Latão","Low","Reserva Biológica Municipal da Serra do Japi, junto a Base"
"ÁREA DE PROTEÇÃO AMBIENTAL JUNDIAÍ","Angiosperms","Fabaceae","Lablab","purpureus","(L.) Sweet","FABACEAE Lablab purpureus (L.) Sweet","202266","GBIF","UEC","Reis, T.R.","151","Naturalized","Bronze","Low","Estrada para a base"
"ÁREA DE PROTEÇÃO AMBIENTAL JUNDIAÍ","Angiosperms","Fabaceae","Leptolobium","elegans","Vogel","FABACEAE Leptolobium elegans Vogel","54336","GBIF","IAC","Pires, T.P.","37","Native","Bronze","Low","Cerrado Fazgran"
"ÁREA DE PROTEÇÃO AMBIENTAL JUNDIAÍ","Angiosperms","Fabaceae","Leptospron","adenanthum","(G.Mey.) A.Delgado","FABACEAE Leptospron adenanthum (G.Mey.) A.Delgado","UEC089011","Splink","UEC",,"15558","Native","Prata","Low","Serra do Japi"
"ÁREA DE PROTEÇÃO AMBIENTAL JUNDIAÍ","Angiosperms","Fabaceae","Leucaena","leucocephala","(Lam.) de Wit","FABACEAE Leucaena leucocephala (Lam.) de Wit",,"GBIF",,,,"Naturalized","Latão","Low",
"ÁREA DE PROTEÇÃO AMBIENTAL JUNDIAÍ","Angiosperms","Fabaceae","Leucochloron","incuriale","(Vell.) Barneby & J.W.Grimes","FABACEAE Leucochloron incuriale (Vell.) Barneby & J.W.Grimes","152274","GBIF","UEC","Caselli, C.B.","s.n.","Native","Ouro","Low","Serra do Japi, Mata semidecídua"
"ÁREA DE PROTEÇÃO AMBIENTAL JUNDIAÍ","Angiosperms","Fabaceae","Libidibia","leiostachya","(Benth.) F.G.A.Oliveira & L.P.Queiroz","FABACEAE Libidibia leiostachya (Benth.) F.G.A.Oliveira & L.P.Queiroz","160410629","GBIF","Observations","Spinucci, V.",,"Native","Bronze","Low","Soares, Jarinu - SP, Brasil"
"ÁREA DE PROTEÇÃO AMBIENTAL JUNDIAÍ","Angiosperms","Fabaceae","Lonchocarpus","cultratus","(Vell.) A.M.G.Azevedo & H.C.Lima","FABACEAE Lonchocarpus cultratus (Vell.) A.M.G.Azevedo & H.C.Lima","MBM015567","Splink","MBM",,"9262","Native","Ouro","Low","Estrada da Serra Negra - Jundiaí, entre Amparo e Cabras."
"ÁREA DE PROTEÇÃO AMBIENTAL JUNDIAÍ","Angiosperms","Fabaceae","Machaerium","acutifolium","Vogel","FABACEAE Machaerium acutifolium Vogel","199781","GBIF","UEC","Silva, B.G.","419","Native","Bronze","Low","Parque do Cerrado - Residencial Jundiaí"
"ÁREA DE PROTEÇÃO AMBIENTAL JUNDIAÍ","Angiosperms","Fabaceae","Machaerium","brasiliense","Vogel","FABACEAE Machaerium brasiliense Vogel","9136","GBIF","FUEL","Morellato-Fonzar, L.P.C.","s.n.","Native","Ouro","Medium","Serra do Japi, Mirante"
"ÁREA DE PROTEÇÃO AMBIENTAL JUNDIAÍ","Angiosperms","Fabaceae","Machaerium","hirtum","(Vell.) Stellfeld","FABACEAE Machaerium hirtum (Vell.) Stellfeld","ESA089218","GBIF","ESA","Cury, G.","3","Native","Ouro","Low",
"ÁREA DE PROTEÇÃO AMBIENTAL JUNDIAÍ","Angiosperms","Fabaceae","Machaerium","legale","(Vell.) Benth.","FABACEAE Machaerium legale (Vell.) Benth.","RB00180304","GBIF","RB",,,"Native","Ouro","Low","Serra do Japi. On the from the main entrence into the reserve , just off the highway."
"ÁREA DE PROTEÇÃO AMBIENTAL JUNDIAÍ","Angiosperms","Fabaceae","Machaerium","nyctitans","(Vell.) Benth.","FABACEAE Machaerium nyctitans (Vell.) Benth.","SPSF00032343","Splink","SPSF",,"298","Native","Ouro","Low","Serra do Japí."
"ÁREA DE PROTEÇÃO AMBIENTAL JUNDIAÍ","Angiosperms","Fabaceae","Machaerium","oblongifolium","Vogel","FABACEAE Machaerium oblongifolium Vogel","2675","GBIF","SHPR","Biral, L.","3137","Native","Ouro","Low","Reserva Biológica Municipal da Serra do Japi"
"ÁREA DE PROTEÇÃO AMBIENTAL JUNDIAÍ","Angiosperms","Fabaceae","Machaerium","paraguariense","Hassl.","FABACEAE Machaerium paraguariense Hassl.","K000909888","Splink","K",,"54","Native","Ouro","Low","Serra do Japí. On the road from the main entrace into the reserve, just off the highway."
"ÁREA DE PROTEÇÃO AMBIENTAL JUNDIAÍ","Angiosperms","Fabaceae","Machaerium","uncinatum","(Vell.) Benth.","FABACEAE Machaerium uncinatum (Vell.) Benth.","190507","GBIF","UEC","Reis, T.R.","4","Native","Bronze","Low","Trilha Paraíso I"
"ÁREA DE PROTEÇÃO AMBIENTAL JUNDIAÍ","Angiosperms","Fabaceae","Machaerium","villosum","Vogel","FABACEAE Machaerium villosum Vogel","31003","GBIF","SP","Hoehne, F.C.","s.n.","Native","Ouro","High","Serra do Japi"
"ÁREA DE PROTEÇÃO AMBIENTAL JUNDIAÍ","Angiosperms","Fabaceae","Macropsychanthus","rufescens","(Benth.) L.P.Queiroz & Snak","FABACEAE Macropsychanthus rufescens (Benth.) L.P.Queiroz & Snak","50648","GBIF","HRCB","Lombardi, J.A.","7510","Native","Ouro","Low","Trilha Base/Passarinheiros/Base Reserva Biológica Municipal da Serra do Japi."
"ÁREA DE PROTEÇÃO AMBIENTAL JUNDIAÍ","Angiosperms","Fabaceae","Macroptilium","atropurpureum","(Sessé & Moc. ex DC.) Urb.","FABACEAE Macroptilium atropurpureum (Sessé & Moc. ex DC.) Urb.","142544463","GBIF","Observations","Capreti, I.",,"Naturalized","Bronze","Low","Aglomeração Urbana de Jundiaí, Jundiaí - SP, 13216, Brasil"
"ÁREA DE PROTEÇÃO AMBIENTAL JUNDIAÍ","Angiosperms","Fabaceae","Macroptilium","erythroloma","(Mart. ex Benth.) Urb.","FABACEAE Macroptilium erythroloma (Mart. ex Benth.) Urb.","199487","GBIF","UEC","Reis, T.R.","150","Native","Ouro","Low","Estrada para base."
"ÁREA DE PROTEÇÃO AMBIENTAL JUNDIAÍ","Angiosperms","Fabaceae","Melilotus","albus","Medik.","FABACEAE Melilotus albus Medik.","176524","GBIF","UEC","Monge, M.","728","Naturalized","Bronze","Low","Serra do Japí, Estrada ara a Base, próximo à Bandeirantes,"
"ÁREA DE PROTEÇÃO AMBIENTAL JUNDIAÍ","Angiosperms","Fabaceae","Mimosa","bimucronata","(DC.) Kuntze","FABACEAE Mimosa bimucronata (DC.) Kuntze","1679","GBIF","SPFw","Ceccantini, G.C.T.","2126A","Native","Latão","Low","Serra do Japi"
"ÁREA DE PROTEÇÃO AMBIENTAL JUNDIAÍ","Angiosperms","Fabaceae","Mimosa","dolens","(Benth.) Barneby","FABACEAE Mimosa dolens subsp. eriophylla (Benth.) Barneby","RB00825466","GBIF","RB",,,"Native","Ouro","Low","Jacaré."
"ÁREA DE PROTEÇÃO AMBIENTAL JUNDIAÍ","Angiosperms","Fabaceae","Mimosa","gracilis","Benth.","FABACEAE Mimosa gracilis var. gracilis Benth.","7030","GBIF","SP","Brade, A.C.","7282","Native","Bronze","Low",
"ÁREA DE PROTEÇÃO AMBIENTAL JUNDIAÍ","Angiosperms","Fabaceae","Mimosa","insidiosa","Benth.","FABACEAE Mimosa insidiosa Benth.","7028","Splink","SP",,"7280","Native","Latão","Low",
"ÁREA DE PROTEÇÃO AMBIENTAL JUNDIAÍ","Angiosperms","Fabaceae","Mimosa","pigra","L.","FABACEAE Mimosa pigra L.",,"GBIF",,,,"Native","Latão","Low",
"ÁREA DE PROTEÇÃO AMBIENTAL JUNDIAÍ","Angiosperms","Fabaceae","Mimosa","xanthocentra","(Benth.) Barneby","FABACEAE Mimosa xanthocentra var. subsericea (Benth.) Barneby","7029","GBIF","SP","Brade, A.C.","7281","Native","Ouro","Low",
"ÁREA DE PROTEÇÃO AMBIENTAL JUNDIAÍ","Angiosperms","Fabaceae","Mucuna","pruriens","(L.) DC.","FABACEAE Mucuna pruriens (L.) DC.","49607","GBIF","HRCB","Lombardi, J.A.","7325","Native","Latão","Low","Reserva Biológica Municipal da Serra do Japi, trilha Passarinheiros"
"ÁREA DE PROTEÇÃO AMBIENTAL JUNDIAÍ","Angiosperms","Fabaceae","Muellera","campestris","(Mart. ex Benth.) M.J. Silva & A.M.G. Azevedo","FABACEAE Muellera campestris (Mart. ex Benth.) M.J. Silva & A.M.G. Azevedo","34977","GBIF","FUEL","Morellato-Fonzar, L.P.C.","s.n.","Native","Bronze","Medium","Serra do Japi, Ermida"
"ÁREA DE PROTEÇÃO AMBIENTAL JUNDIAÍ","Angiosperms","Fabaceae","Myrocarpus","frondosus","Allemão","FABACEAE Myrocarpus frondosus Allemão","31001","GBIF","SP","Hoehne, F.C.","s.n.","Native","Bronze","High","Serra do Japi"
"ÁREA DE PROTEÇÃO AMBIENTAL JUNDIAÍ","Angiosperms","Fabaceae","Neonotonia","wightii","(Graham ex Wight & Arn.) J.A.Lackey","FABACEAE Neonotonia wightii (Graham ex Wight & Arn.) J.A.Lackey","199808","GBIF","UEC","Reis, T.R.","127","Naturalized","Ouro","Low","Trilha DAE."
"ÁREA DE PROTEÇÃO AMBIENTAL JUNDIAÍ","Angiosperms","Fabaceae","Neustanthus","phaseoloides","(Roxb.) Benth.","FABACEAE Neustanthus phaseoloides (Roxb.) Benth.","210377","GBIF","HUEFS","Souza, V.C.","34171","Cultivated","Ouro","Low","Beira da Rodovia dos Bandeirantes. Projeto TAV. Levantamento florístico 1."
"ÁREA DE PROTEÇÃO AMBIENTAL JUNDIAÍ","Angiosperms","Fabaceae","Ormosia","arborea","(Vell.) Harms","FABACEAE Ormosia arborea (Vell.) Harms","88445","GBIF","UEC","Bernacci, L.C.","2168","Native","Ouro","Low","IAC, Estação Experimental"
"ÁREA DE PROTEÇÃO AMBIENTAL JUNDIAÍ","Angiosperms","Fabaceae","Ormosia","minor","Vogel","FABACEAE Ormosia minor Vogel","251486","GBIF","MBM","Rodrigues, R.R.","s.n.","Native","Bronze","Medium","Serra do Japi."
"ÁREA DE PROTEÇÃO AMBIENTAL JUNDIAÍ","Angiosperms","Fabaceae","Parapiptadenia","rigida","(Benth.) Brenan","FABACEAE Parapiptadenia rigida (Benth.) Brenan","27704","GBIF","CESJ","Souza, H.M.","CESJ27704","Native","Bronze","Low","Rodovia para Cabreúva"
"ÁREA DE PROTEÇÃO AMBIENTAL JUNDIAÍ","Angiosperms","Fabaceae","Peltophorum","dubium","(Spreng.) Taub.","FABACEAE Peltophorum dubium (Spreng.) Taub.","SPSF00006495","Splink","SPSF",,"176","Native","Latão","Low","Quilombo."
"ÁREA DE PROTEÇÃO AMBIENTAL JUNDIAÍ","Angiosperms","Fabaceae","Piptadenia","gonoacantha","(Mart.) J.F.Macbr.","FABACEAE Piptadenia gonoacantha (Mart.) J.F.Macbr.","32982","GBIF","IAC","Jung-Mendacolli, S.L.","613","Native","Ouro","Low","IAC, Estação Experimental"
"ÁREA DE PROTEÇÃO AMBIENTAL JUNDIAÍ","Angiosperms","Fabaceae","Platymiscium","floribundum","Vogel","FABACEAE Platymiscium floribundum Vogel","40745","GBIF","UEC","Morellato-Fonzar, L.P.C.","s.n.","Native","Ouro","Medium","Serra do Japí, estrada Mirante"
"ÁREA DE PROTEÇÃO AMBIENTAL JUNDIAÍ","Angiosperms","Fabaceae","Platypodium","elegans","Vogel","FABACEAE Platypodium elegans Vogel","40325","GBIF","UEC","Morellato-Fonzar, L.P.C.","16722","Native","Ouro","Low","Serra do Japi, estrada do Mirante."
"ÁREA DE PROTEÇÃO AMBIENTAL JUNDIAÍ","Angiosperms","Fabaceae","Pterocarpus","rohrii","Vahl","FABACEAE Pterocarpus rohrii Vahl","199811","GBIF","UEC","Reis, T.R.","131","Native","Ouro","Low","Trilha DAE - Posto Municipal Jundiai."
"ÁREA DE PROTEÇÃO AMBIENTAL JUNDIAÍ","Angiosperms","Fabaceae","Rhynchosia","reticulata","(Kuntze) Grear","FABACEAE Rhynchosia reticulata var. kuntzei (Kuntze) Grear","7093","GBIF","SP","Brade, A.C.","7290","Native","Bronze","Low",
"ÁREA DE PROTEÇÃO AMBIENTAL JUNDIAÍ","Angiosperms","Fabaceae","Schizolobium","parahyba","(Vell.) Blake","FABACEAE Schizolobium parahyba (Vell.) Blake","ESA089219","GBIF","ESA","Cury, G.","2","Native","Ouro","Low",
"ÁREA DE PROTEÇÃO AMBIENTAL JUNDIAÍ","Angiosperms","Fabaceae","Senegalia","hoehnei","Seigler, M.P.Morim, M.J.F.Barros & Ebinger","FABACEAE Senegalia hoehnei Seigler, M.P.Morim, M.J.F.Barros & Ebinger","8853","GBIF","UEC","Leitao Filho, H.F.","1579","Native","Ouro","Low","Serra do Japi. Coordenada calculada. Folha cartográfica: SF-23-Y-C."
"ÁREA DE PROTEÇÃO AMBIENTAL JUNDIAÍ","Angiosperms","Fabaceae","Senegalia","martiusiana","(Steud.) Seigler & Ebinger","FABACEAE Senegalia martiusiana (Steud.) Seigler & Ebinger","31868","GBIF","IAC","Arbocz, G.F.","202","Native","Ouro","Low","Serra do Japi caminho longo para Mirante"
"ÁREA DE PROTEÇÃO AMBIENTAL JUNDIAÍ","Angiosperms","Fabaceae","Senegalia","polyphylla","(DC.) Britton & Rose","FABACEAE Senegalia polyphylla (DC.) Britton & Rose","35502","GBIF","UEC","Rodrigues, R.R.","15898","Native","Ouro","Low","Serra do Japí, Mirante. Coordenada calculada. Folha cartográfica: SF-23-Y-C."
"ÁREA DE PROTEÇÃO AMBIENTAL JUNDIAÍ","Angiosperms","Fabaceae","Senegalia","tucumanensis","(Griseb.) Seigler & Ebinger","FABACEAE Senegalia tucumanensis (Griseb.) Seigler & Ebinger","40631","GBIF","UEC","Morellato-Fonzar, L.P.C.","16804","Native","Ouro","Low","Serra do Japi, Ermida."
"ÁREA DE PROTEÇÃO AMBIENTAL JUNDIAÍ","Angiosperms","Fabaceae","Senna","alata","(L.) Roxb.","FABACEAE Senna alata (L.) Roxb.",,"GBIF",,,,"Native","Latão","Low",
"ÁREA DE PROTEÇÃO AMBIENTAL JUNDIAÍ","Angiosperms","Fabaceae","Senna","cernua","(Balb.) H.S.Irwin & Barneby","FABACEAE Senna cernua (Balb.) H.S.Irwin & Barneby","179549","GBIF","UEC","Escobar, N.A.G.","158","Native","Bronze","Low","Serra do Japi"
"ÁREA DE PROTEÇÃO AMBIENTAL JUNDIAÍ","Angiosperms","Fabaceae","Senna","hirsuta","(L.) H.S.Irwin & Barneby","FABACEAE Senna hirsuta (L.) H.S.Irwin & Barneby","179554","GBIF","UEC","Escobar, N.A.G.","183","Native","Bronze","High","Serra do Japi"
"ÁREA DE PROTEÇÃO AMBIENTAL JUNDIAÍ","Angiosperms","Fabaceae","Senna","multijuga","(Rich.) H.S.Irwin & Barneby","FABACEAE Senna multijuga (Rich.) H.S.Irwin & Barneby","130933","GBIF","ESA","Souza, V.C.","36136","Native","Ouro","Low","Fragmento 10 (TAV). Floresta Estacional Semidecidual"
"ÁREA DE PROTEÇÃO AMBIENTAL JUNDIAÍ","Angiosperms","Fabaceae","Senna","obtusifolia","(L.) H.S.Irwin & Barneby","FABACEAE Senna obtusifolia (L.) H.S.Irwin & Barneby","32973","GBIF","IAC","Jung-Mendacolli, S.L.","601","Native","Bronze","Low","IAC, Estação Experimental"
"ÁREA DE PROTEÇÃO AMBIENTAL JUNDIAÍ","Angiosperms","Fabaceae","Senna","pendula","(Humb.& Bonpl.ex Willd.) H.S.Irwin & Barneby","FABACEAE Senna pendula (Humb.& Bonpl.ex Willd.) H.S.Irwin & Barneby","ESAL000013889","Splink","ESAL",,"s.n.","Native","Ouro","Low","Vale dos Garibas"
"ÁREA DE PROTEÇÃO AMBIENTAL JUNDIAÍ","Angiosperms","Fabaceae","Senna","rugosa","(G.Don) H.S.Irwin & Barneby","FABACEAE Senna rugosa (G.Don) H.S.Irwin & Barneby","6328","GBIF","SP","Brade, A.C.","7267","Native","Prata","Low",
"ÁREA DE PROTEÇÃO AMBIENTAL JUNDIAÍ","Angiosperms","Fabaceae","Senna","silvestris","(Vell.) H.S.Irwin & Barneby","FABACEAE Senna silvestris (Vell.) H.S.Irwin & Barneby","199783","GBIF","UEC","Pires, T.P.","125","Native","Bronze","Low","Parque do Cerrado - Residencial Jundiaí"
"ÁREA DE PROTEÇÃO AMBIENTAL JUNDIAÍ","Angiosperms","Fabaceae","Senna","splendida","(Vogel) H.S.Irwin & Barneby","FABACEAE Senna splendida (Vogel) H.S.Irwin & Barneby","179551","GBIF","UEC","Escobar, N.A.G.","182","Native","Bronze","High","Serra do Japi"
"ÁREA DE PROTEÇÃO AMBIENTAL JUNDIAÍ","Angiosperms","Fabaceae","Sesbania","sesban","(L.) Merr.","FABACEAE Sesbania sesban (L.) Merr.","54224","GBIF","IAC","Bertoni, J.E.A.","1007","Naturalized","Bronze","Low","Jardim Botânico"
"ÁREA DE PROTEÇÃO AMBIENTAL JUNDIAÍ","Angiosperms","Fabaceae","Stryphnodendron","adstringens","(Mart.) Coville","FABACEAE Stryphnodendron adstringens (Mart.) Coville","56078","GBIF","IAC","Pires, T.P.","72","Native","Bronze","Low","Parque do Cerrado"
"ÁREA DE PROTEÇÃO AMBIENTAL JUNDIAÍ","Angiosperms","Fabaceae","Stryphnodendron","rotundifolium","Mart.","FABACEAE Stryphnodendron rotundifolium Mart.","SPSF00006522","Splink","SPSF",,,"Native","Latão","Low",
"ÁREA DE PROTEÇÃO AMBIENTAL JUNDIAÍ","Angiosperms","Fabaceae","Stylosanthes","guianensis","(Aubl.) Sw.","FABACEAE Stylosanthes guianensis (Aubl.) Sw.","1739","GBIF","SHPR","Biral, L.","2807","Native","Bronze","Low","Reserva Biológica Municipal da Serra do Japi"
"ÁREA DE PROTEÇÃO AMBIENTAL JUNDIAÍ","Angiosperms","Fabaceae","Tephrosia","candida","DC.","FABACEAE Tephrosia candida DC.","163106","GBIF","UEC","Jung-Mendacolli, S.L.","874","Naturalized","Ouro","Low","IAC, Estação Experimental"
"ÁREA DE PROTEÇÃO AMBIENTAL JUNDIAÍ","Angiosperms","Fabaceae","Vigna","luteola","(Jacq.) Benth.","FABACEAE Vigna luteola (Jacq.) Benth.","199809","GBIF","UEC","Reis, T.R.","134","Native","Bronze","Low","Estrada Lateral ao 'Clube Uirapuru'."
"ÁREA DE PROTEÇÃO AMBIENTAL JUNDIAÍ","Angiosperms","Fabaceae","Zornia","curvata","Mohlenbr.","FABACEAE Zornia curvata Mohlenbr.","41026","GBIF","UEC","Yamamoto, K.","16452","Native","Ouro","Low","Serra Japí. Coordenada calculada."
"ÁREA DE PROTEÇÃO AMBIENTAL JUNDIAÍ","Angiosperms","Fabaceae","Zornia","latifolia","Sm.","FABACEAE Zornia latifolia Sm.","49369","GBIF","HRCB","Lombardi, J.A.","7272","Native","Latão","Low","Reserva Biológica Municipal da Serra do Japi, trilha Base/Mirante/Base"
"ÁREA DE PROTEÇÃO AMBIENTAL JUNDIAÍ","Angiosperms","Fabaceae","Zornia","reticulata","Sm.","FABACEAE Zornia reticulata Sm.","K000908148","GBIF","K","Usteri, A.","741","Native","Ouro","Low",
"ÁREA DE PROTEÇÃO AMBIENTAL JUNDIAÍ","Angiosperms","Fagaceae","Castanea","crenata","Siebold & Zucc.","FAGACEAE Castanea crenata Siebold & Zucc.","HPL008388","Splink","HPL",,"1950","Cultivated","Ouro","Low","Coletado no Instituto Agronômic de Campinas (IAC-APTA); nas proximidades da plantação de Nespera."
"ÁREA DE PROTEÇÃO AMBIENTAL JUNDIAÍ","Angiosperms","Fagaceae","Castanea","sativa","Mill.","FAGACEAE Castanea sativa Mill.","7559","GBIF","IAC","Bittencourt, P.V.C.","s/nº","Cultivated","Bronze","Low","Estação do Horto da Paulista"
"ÁREA DE PROTEÇÃO AMBIENTAL JUNDIAÍ","Angiosperms","Flacourtiaceae",,,"Mirb.","FLACOURTIACEAE Salicaceae Mirb.","50372","GBIF","HRCB","Lombardi, J.A.","7492",,"Latão","Low","Reserva Biológica Municipal da Serra do Japi, estrada da Cascalheira, depois a direita do Cidinho até o portão"
"ÁREA DE PROTEÇÃO AMBIENTAL JUNDIAÍ",,"Geraniaceae","Pelargonium","domesticum","L.H.Bailey","GERANIACEAE Pelargonium domesticum L.H.Bailey","ESAL000019855","Splink","ESAL",,"s.n.",,"Latão","Low",
"ÁREA DE PROTEÇÃO AMBIENTAL JUNDIAÍ","Angiosperms","Geraniaceae","Pelargonium","graveolens","L´Hér.","GERANIACEAE Pelargonium graveolens L´Hér.","317","Splink","MACK",,"1","Cultivated","Latão","Low","Casa do bairro Jardim Florestal"
"ÁREA DE PROTEÇÃO AMBIENTAL JUNDIAÍ","Angiosperms","Geraniaceae","Pelargonium","hortorum","L.H.Bailey","GERANIACEAE Pelargonium hortorum L.H.Bailey","HRCB048645","Splink","HRCB",,"6960","Cultivated","Bronze","Low","Trilha base. Reserva Biológica Municipal da Serra do japi"
"ÁREA DE PROTEÇÃO AMBIENTAL JUNDIAÍ","Angiosperms","Gesneriaceae","Nematanthus","villosus","(Hanst.) Wiehler","GESNERIACEAE Nematanthus villosus (Hanst.) Wiehler","1741","GBIF","SHPR","Biral, L.","2809","Native","Bronze","Low","Reserva Biológica Municipal da Serra do Japi"
"ÁREA DE PROTEÇÃO AMBIENTAL JUNDIAÍ","Angiosperms","Gesneriaceae","Saintpaulia",,"H.Wendl.","GESNERIACEAE Saintpaulia H.Wendl.","186788","GBIF","SPF","Coari, S.","1",,"Latão","Low",
"ÁREA DE PROTEÇÃO AMBIENTAL JUNDIAÍ","Angiosperms","Gesneriaceae","Sinningia","aggregata","(Ker Gawl.) Wiehler","GESNERIACEAE Sinningia aggregata (Ker Gawl.) Wiehler","132333","GBIF","UEC","Martin-Gajardo, I.S.","20","Native","Ouro","Low","Serra do Japí, Trilha próx. ao reservatório."
"ÁREA DE PROTEÇÃO AMBIENTAL JUNDIAÍ","Angiosperms","Gesneriaceae","Sinningia","allagophylla","(Mart.) Wiehler","GESNERIACEAE Sinningia allagophylla (Mart.) Wiehler","205097","GBIF","UEC","Goldenberg, R.","405","Native","Ouro","Low","Serra do Japi, Estrada do Mirante."
"ÁREA DE PROTEÇÃO AMBIENTAL JUNDIAÍ","Angiosperms","Gesneriaceae","Sinningia","douglasii","(Lindl.) Chautems","GESNERIACEAE Sinningia douglasii (Lindl.) Chautems","48465","GBIF","HRCB","Lombardi, J.A.","6915","Native","Ouro","Low","Reserva Biológica Municipal da Serra do Japi, trilha Base/Mirante/DAE/Filipini/Base"
"ÁREA DE PROTEÇÃO AMBIENTAL JUNDIAÍ","Angiosperms","Gesneriaceae","Sinningia","elatior","(Kunth) Chautems","GESNERIACEAE Sinningia elatior (Kunth) Chautems","44960","Splink","SP",,"5178","Native","Ouro","Low","Fazenda Traviú"
"ÁREA DE PROTEÇÃO AMBIENTAL JUNDIAÍ","Ferns and Lycophytes","Gleicheniaceae","Dicranopteris","flexuosa","(Schrad.) Underw.","GLEICHENIACEAE Dicranopteris flexuosa (Schrad.) Underw.","155415","GBIF","UEC","Hirai, R.Y.","658","Native","Ouro","Low","Serra do Japi, Na estrada para a torre da TV Cultura."
"ÁREA DE PROTEÇÃO AMBIENTAL JUNDIAÍ","Ferns and Lycophytes","Gleicheniaceae","Gleichenella","pectinata","(Willd.) Ching","GLEICHENIACEAE Gleichenella pectinata (Willd.) Ching","155416","GBIF","UEC","Hirai, R.Y.","659","Native","Ouro","Low","Serra do Japi, Na estrada para a torre da TV Cultura."
"ÁREA DE PROTEÇÃO AMBIENTAL JUNDIAÍ","Ferns and Lycophytes","Gleicheniaceae","Sticherus","bifidus","(Willd.) Ching","GLEICHENIACEAE Sticherus bifidus (Willd.) Ching","156021","GBIF","UEC","Prado, J.","2064","Native","Ouro","Low","Serra do Japi. Na trilha a esquerda antes de chegar na base da Reserva, indo para a Cachoeira Paraíso."
"ÁREA DE PROTEÇÃO AMBIENTAL JUNDIAÍ","Ferns and Lycophytes","Gleicheniaceae","Sticherus","lanuginosus","(Fée) Nakai","GLEICHENIACEAE Sticherus lanuginosus (Fée) Nakai","130159","GBIF","ESA","Souza, V.C.","35362","Native","Ouro","Low","Fragmento 10 (TAV). Floresta Estacional Semidecidual"
"ÁREA DE PROTEÇÃO AMBIENTAL JUNDIAÍ","Ferns and Lycophytes","Gleicheniaceae","Sticherus","nigropaleaceus","(J.W.Sturm) J.Prado & Lellinger","GLEICHENIACEAE Sticherus nigropaleaceus (J.W.Sturm) J.Prado & Lellinger","155613","GBIF","UEC","Hirai, R.Y.","679","Native","Ouro","Low","Serra do Japi. Na estrada para a torre da TV Cultura."
"ÁREA DE PROTEÇÃO AMBIENTAL JUNDIAÍ",,"Haloragaceae|Asteraceae","Proserpinaca|Trixis",,"L.|P.Browne","HALORAGACEAE|ASTERACEAE Proserpinaca L.|Trixis P.Browne","177274","GBIF","UEC","Braga, K.R.R.","75",,"Bronze","Low","Estrada para base"
"ÁREA DE PROTEÇÃO AMBIENTAL JUNDIAÍ","Angiosperms","Heliconiaceae","Heliconia","rostrata","Ruiz & Pav.","HELICONIACEAE Heliconia rostrata Ruiz & Pav.","147189346","GBIF","Observations","Capreti, I.",,"Native","Bronze","Low","R José Carlos Tomé, 236 - Jardim Tiradentes, Jundiaí - SP, 13215-571, Brasil - Horto Florestal, Jundiaí - SP, 13215-571, Brasil"
"ÁREA DE PROTEÇÃO AMBIENTAL JUNDIAÍ","Angiosperms","Heliotropiaceae","Heliotropium","transalpinum","Vell.","HELIOTROPIACEAE Heliotropium transalpinum Vell.","72176","GBIF","UEC","Kiyama, C.Y.","87","Native","Ouro","Low","Serra do Japi."
"ÁREA DE PROTEÇÃO AMBIENTAL JUNDIAÍ","Angiosperms","Heliotropiaceae","Myriopus","paniculatus","(Cham.) Feuillet","HELIOTROPIACEAE Myriopus paniculatus (Cham.) Feuillet","48319","GBIF","HRCB","Lombardi, J.A.","6835","Native","Bronze","Low","Reserva Biológica Municipal da Serra do Japi Base-Mirante-estrada para DAE"
"ÁREA DE PROTEÇÃO AMBIENTAL JUNDIAÍ","Angiosperms","Hydrangeaceae","Hydrangea","macrophylla","(Thunb.) Ser.","HYDRANGEACEAE Hydrangea macrophylla (Thunb.) Ser.","SPSF00002395","Splink","SPSF",,"s/n","Cultivated","Bronze","Low",
"ÁREA DE PROTEÇÃO AMBIENTAL JUNDIAÍ","Angiosperms","Hydroleaceae","Hydrolea","spinosa","L.","HYDROLEACEAE Hydrolea spinosa L.","6405","GBIF","SP","Brade, A.C.","6996","Native","Latão","Low",
"ÁREA DE PROTEÇÃO AMBIENTAL JUNDIAÍ","Ferns and Lycophytes","Hymenophyllaceae","Hymenophyllum","polyanthos","(Sw.) Sw.","HYMENOPHYLLACEAE Hymenophyllum polyanthos (Sw.) Sw.","155836","GBIF","UEC","Hirai, R.Y.","642","Native","Bronze","Low","Serra do Japi, Estrada para a torre da TV Cultura, trilha próxima das antenas."
"ÁREA DE PROTEÇÃO AMBIENTAL JUNDIAÍ","Ferns and Lycophytes","Hymenophyllaceae","Polyphlebium","angustatum","(Carmich.) Ebihara & Dubuisson","HYMENOPHYLLACEAE Polyphlebium angustatum (Carmich.) Ebihara & Dubuisson","155615","GBIF","UEC","Hirai, R.Y.","677","Native","Bronze","Low","Serra do Japi, Na estrada para a torre da TV Cultura."
"ÁREA DE PROTEÇÃO AMBIENTAL JUNDIAÍ","Ferns and Lycophytes","Hymenophyllaceae","Trichomanes","cristatum","Kaulf.","HYMENOPHYLLACEAE Trichomanes cristatum Kaulf.","NHM-BOT-BM001055078","Splink","NHM-LONDON-BOT",,"22215","Native","Bronze","Low","Nearest Named Place: Jundiahy (Jundiai)"
"ÁREA DE PROTEÇÃO AMBIENTAL JUNDIAÍ","Angiosperms","Hypericaceae","Hypericum","brasiliense","Choisy","HYPERICACEAE Hypericum brasiliense Choisy","119680","GBIF","SP","Grotta, A.S.","5824","Native","Ouro","Low","à margem da via Anhanguera"
"ÁREA DE PROTEÇÃO AMBIENTAL JUNDIAÍ","Angiosperms","Hypericaceae","Vismia","brasiliensis","Choisy","HYPERICACEAE Vismia brasiliensis Choisy","49915","GBIF","UEC","Bernacci, L.C.","12","Native","Ouro","Low","IAC, Estação Experimental"
"ÁREA DE PROTEÇÃO AMBIENTAL JUNDIAÍ","Angiosperms","Hypericaceae","Vismia","micrantha","A.St.-Hil.","HYPERICACEAE Vismia micrantha A.St.-Hil.","183239","GBIF","MBM","Rodrigues, R.R.","s.n.","Native","Bronze","Medium","Serra do Japi."
"ÁREA DE PROTEÇÃO AMBIENTAL JUNDIAÍ","Angiosperms","Hypoxidaceae","Hypoxis","decumbens","L.","HYPOXIDACEAE Hypoxis decumbens L.","28664","GBIF","IAC","Bernacci, L.C.","9","Native","Prata","Low","IAC, Estação Experimental"
"ÁREA DE PROTEÇÃO AMBIENTAL JUNDIAÍ","Angiosperms","Iridaceae","Cipura","paludosa","Aubl.","IRIDACEAE Cipura paludosa Aubl.",,"GBIF",,,,"Native","Latão","Low",
"ÁREA DE PROTEÇÃO AMBIENTAL JUNDIAÍ","Angiosperms","Iridaceae","Crocosmia",,"(Lemoine) N.E.Br.","IRIDACEAE Crocosmia ×crocosmiiflora (Lemoine) N.E.Br.","78315","GBIF","UEC","Vasconcellos, M.B.","31371","Naturalized","Ouro","Low","Serra do Japi"
"ÁREA DE PROTEÇÃO AMBIENTAL JUNDIAÍ","Angiosperms","Iridaceae","Sisyrinchium","commutatum","Klatt","IRIDACEAE Sisyrinchium commutatum Klatt","41163","GBIF","UEC","Yamamoto, K.","16477","Native","Bronze","Low","Serra do Japi"
"ÁREA DE PROTEÇÃO AMBIENTAL JUNDIAÍ","Angiosperms","Iridaceae","Sisyrinchium","micranthum","Cav.","IRIDACEAE Sisyrinchium micranthum Cav.","227380","GBIF","SPF","Aona, L.Y.S.","99125","Native","Ouro","Low","Serra do Japi, Brejo localizado no Codomínio Ermida."
"ÁREA DE PROTEÇÃO AMBIENTAL JUNDIAÍ","Angiosperms","Iridaceae","Sisyrinchium","minus","Engelm. & A.Gray","IRIDACEAE Sisyrinchium minus Engelm. & A.Gray","527580","GBIF","NY","L. Filho, H.F.","3224","Naturalized","Bronze","Low","Serra do Japi, Ca. 10 Km S.W. de Jundiaí."
"ÁREA DE PROTEÇÃO AMBIENTAL JUNDIAÍ","Angiosperms","Iridaceae","Trimezia","martinicensis","(Jacq.) Herb.","IRIDACEAE Trimezia martinicensis (Jacq.) Herb.","48637","GBIF","HRCB","Lombardi, J.A.","6952","Native","Latão","Low","Reserva Biológica Municipal da Serra do Japi, trilha Base/trilha a esquerda da porteira da Base/Cidinho/trilha a esquerda do antigo Viveiro de mudas até último ponto"
"ÁREA DE PROTEÇÃO AMBIENTAL JUNDIAÍ","Angiosperms","Juncaceae","Juncus","microcephalus","Kunth","JUNCACEAE Juncus microcephalus Kunth","382877","GBIF","NY","Leitao Filho, H.F.","3131","Native","Ouro","Low","Serra do Japí, Ca. 10 km S.W. de Jundiaí. Mata úmida."
"ÁREA DE PROTEÇÃO AMBIENTAL JUNDIAÍ","Angiosperms","Juncaceae","Juncus","tenuis","Willd.","JUNCACEAE Juncus tenuis Willd.","54366","GBIF","MBM","Vasconcellos Neto, J.","s.n.","Native","Bronze","Medium","Serra do Japí."
"ÁREA DE PROTEÇÃO AMBIENTAL JUNDIAÍ","Angiosperms","Lacistemataceae","Lacistema","hasslerianum","Chodat","LACISTEMATACEAE Lacistema hasslerianum Chodat","29309","GBIF","IAC","Jung-Mendacolli, S.L.","622","Native","Ouro","Low","Estação Experimental"
"ÁREA DE PROTEÇÃO AMBIENTAL JUNDIAÍ","Angiosperms","Lamiaceae","Aegiphila","integrifolia","(Jacq.) Moldenke","LAMIACEAE Aegiphila integrifolia (Jacq.) Moldenke","UEC168253","Splink","UEC",,"16432","Native","Ouro","Low","Serra do Japí."
"ÁREA DE PROTEÇÃO AMBIENTAL JUNDIAÍ","Angiosperms","Lamiaceae","Aegiphila","obducta","Vell.","LAMIACEAE Aegiphila obducta Vell.","33693","GBIF","HUEFS","Souza, H.M.","IAC21957","Native","Ouro","Low",
"ÁREA DE PROTEÇÃO AMBIENTAL JUNDIAÍ","Angiosperms","Lamiaceae","Aegiphila","verticillata","Vell.","LAMIACEAE Aegiphila verticillata Vell.","540996","GBIF","NY","Usteri, A.","15618","Native","Ouro","Low","Jundiai"
"ÁREA DE PROTEÇÃO AMBIENTAL JUNDIAÍ","Angiosperms","Lamiaceae","Cantinoa","dubia","(Pohl ex Benth.) Harley & J.F.B.Pastore","LAMIACEAE Cantinoa dubia (Pohl ex Benth.) Harley & J.F.B.Pastore","6372B","GBIF","SP","Brade, A.C.","7016","Native","Ouro","Low",
"ÁREA DE PROTEÇÃO AMBIENTAL JUNDIAÍ","Angiosperms","Lamiaceae","Cantinoa","mutabilis","(Rich.) Harley & J.F.B.Pastore","LAMIACEAE Cantinoa mutabilis (Rich.) Harley & J.F.B.Pastore","47434","GBIF","HRCB","Lombardi, J.A.","6683","Native","Latão","Low","Reserva Biológica Municipal da Serra do Japi, trilha Base/Biquinha/Rocinha/Base"
"ÁREA DE PROTEÇÃO AMBIENTAL JUNDIAÍ","Angiosperms","Lamiaceae","Clerodendrum","thomsoniae","Balf.","LAMIACEAE Clerodendrum thomsoniae Balf.","55935291","GBIF","Observations","Fernandahansen",,"Cultivated","Bronze","Low","Rua Luciano C Santos, Jundiaí, SP, BR"
"ÁREA DE PROTEÇÃO AMBIENTAL JUNDIAÍ","Angiosperms","Lamiaceae","Coleus","barbatus","(Andrews) Benth.","LAMIACEAE Coleus barbatus (Andrews) Benth.","48326","GBIF","HRCB","Lombardi, J.A.","6842","Cultivated","Latão","Low","Reserva Biológica Municipal da Serra do Japi, Base-Mirante-estrada para DAE"
"ÁREA DE PROTEÇÃO AMBIENTAL JUNDIAÍ","Angiosperms","Lamiaceae","Condea","undulata","(Schrank) Harley & J.F.B.Pastore","LAMIACEAE Condea undulata (Schrank) Harley & J.F.B.Pastore","3608","GBIF","IAC","Viegas, A.P.","s/nº","Native","Bronze","Low",
"ÁREA DE PROTEÇÃO AMBIENTAL JUNDIAÍ","Angiosperms","Lamiaceae","Eriope","macrostachya","Mart. ex Benth.","LAMIACEAE Eriope macrostachya Mart. ex Benth.","NY00498731","GBIF","NY","L. Filho, H.F.","3141","Native","Ouro","Low","Ca. 10 km. S.W. de Jundiaí. Serra do Japí"
"ÁREA DE PROTEÇÃO AMBIENTAL JUNDIAÍ",,"Lamiaceae","Gmelina","arborea","Roxb. ex Sm.","LAMIACEAE Gmelina arborea Roxb. ex Sm.","37444","GBIF","IAC","Jung-Mendacolli, S.L.","931",,"Bronze","Low","IAC, Estação Experimental"
"ÁREA DE PROTEÇÃO AMBIENTAL JUNDIAÍ","Angiosperms","Lamiaceae","Hyptis","lutescens","Pohl ex Benth.","LAMIACEAE Hyptis lutescens Pohl ex Benth.","6373","Splink","SP",,"7015","Native","Ouro","Low",
"ÁREA DE PROTEÇÃO AMBIENTAL JUNDIAÍ","Angiosperms","Lamiaceae","Hyptis","nudicaulis","Benth.","LAMIACEAE Hyptis nudicaulis Benth.","15518","GBIF","SP","Puiggari, J.J.","CGG2557","Native","Latão","Low","Fazenda Rio das Pedras., campo limpo."
"ÁREA DE PROTEÇÃO AMBIENTAL JUNDIAÍ","Angiosperms","Lamiaceae","Hyptis","radicans","(Pohl) Harley & J.F.B.Pastore","LAMIACEAE Hyptis radicans (Pohl) Harley & J.F.B.Pastore","41044","GBIF","UEC","Randi, M.A.","16415","Native","Bronze","Low","Serra do Japí"
"ÁREA DE PROTEÇÃO AMBIENTAL JUNDIAÍ","Angiosperms","Lamiaceae","Leonurus","japonicus","Houtt.","LAMIACEAE Leonurus japonicus Houtt.","32034","Splink","SP",,"3","Naturalized","Ouro","Low","Campo Limpo."
"ÁREA DE PROTEÇÃO AMBIENTAL JUNDIAÍ","Angiosperms","Lamiaceae","Leonurus","sibiricus","L.","LAMIACEAE Leonurus sibiricus L.","49002","GBIF","HRCB","Lombardi, J.A.","7062","Unknown","Latão","Low","Reserva Biológica Municipal da Serra do Japi, Base-Cidinho-estrada da Cascalheira-Av. Brasil Tamega-Base"
"ÁREA DE PROTEÇÃO AMBIENTAL JUNDIAÍ","Angiosperms","Lamiaceae","Medusantha","crinita","(Benth.) Harley & J.F.B.Pastore","LAMIACEAE Medusantha crinita (Benth.) Harley & J.F.B.Pastore","K001068176","GBIF","K","Burchell","4903","Native","Ouro","Low","."
"ÁREA DE PROTEÇÃO AMBIENTAL JUNDIAÍ","Angiosperms","Lamiaceae","Mentha","pulegium","L.","LAMIACEAE Mentha pulegium L.","10175","GBIF","IPA","Pickel, B.","5242","Cultivated","Bronze","Low","Fazenda Rosário, em terreno fresco, perto de uma lagoa."
"ÁREA DE PROTEÇÃO AMBIENTAL JUNDIAÍ","Angiosperms","Lamiaceae","Mesosphaerum","sidifolium","(L'Hér.) Harley & J.F.B.Pastore","LAMIACEAE Mesosphaerum sidifolium (L'Hér.) Harley & J.F.B.Pastore","UEC069784","Splink","UEC",,"97/49","Native","Ouro","Low","Serra do Japi, bairro Eloy Chaves."
"ÁREA DE PROTEÇÃO AMBIENTAL JUNDIAÍ","Angiosperms","Lamiaceae","Mesosphaerum","suaveolens","(L.) Kuntze","LAMIACEAE Mesosphaerum suaveolens (L.) Kuntze","IBGE00021460","GBIF","IBGE","Rodrigues, R.R.","16435","Native","Ouro","Low","Serra do Japí. Local sombrio."
"ÁREA DE PROTEÇÃO AMBIENTAL JUNDIAÍ","Angiosperms","Lamiaceae","Ocimum","carnosum","(Spreng.) Link & Otto ex Benth.","LAMIACEAE Ocimum carnosum (Spreng.) Link & Otto ex Benth.","49336","GBIF","HRCB","Lombardi, J.A.","7239","Native","Latão","Low","Reserva Biológica Municipal da Serra do Japi, Base-Cidinho-estrada da Cascalheira-Base"
"ÁREA DE PROTEÇÃO AMBIENTAL JUNDIAÍ","Angiosperms","Lamiaceae","Ocimum","gratissimum","L.","LAMIACEAE Ocimum gratissimum L.","SPSF00006424","Splink","SPSF",,,"Naturalized","Latão","Low",
"ÁREA DE PROTEÇÃO AMBIENTAL JUNDIAÍ","Angiosperms","Lamiaceae","Salvia","coccinea","Buc'hoz ex Etl.","LAMIACEAE Salvia coccinea Buc'hoz ex Etl.","47909","Splink","SP",,"292","Cultivated","Ouro","Low","Jundiai, do lado de fora do cemiterio"
"ÁREA DE PROTEÇÃO AMBIENTAL JUNDIAÍ","Angiosperms","Lamiaceae","Salvia","scabrida","Pohl","LAMIACEAE Salvia scabrida Pohl","6368","Splink","SP",,"7007","Native","Bronze","Low",
"ÁREA DE PROTEÇÃO AMBIENTAL JUNDIAÍ","Angiosperms","Lamiaceae","Salvia","splendens","Sellow ex Nees","LAMIACEAE Salvia splendens Sellow ex Nees",,"GBIF",,,,"Native","Latão","Low",
"ÁREA DE PROTEÇÃO AMBIENTAL JUNDIAÍ","Angiosperms","Lamiaceae","Stachys","arvensis","(L.) L.","LAMIACEAE Stachys arvensis (L.) L.","179227","GBIF","UB","Viegas, A.P.","4614","Naturalized","Bronze","Low","Serra dos Cristais."
"ÁREA DE PROTEÇÃO AMBIENTAL JUNDIAÍ","Angiosperms","Lamiaceae","Vitex","megapotamica","(Spreng.) Moldenke","LAMIACEAE Vitex megapotamica (Spreng.) Moldenke","48980","GBIF","HRCB","Lombardi, J.A.","7040","Native","Latão","Low","Reserva Biológica Municipal da Serra do Japi, Base-Mirante-estrada para DAE-Base"
"ÁREA DE PROTEÇÃO AMBIENTAL JUNDIAÍ","Angiosperms","Lamiaceae","Vitex","polygama","Cham.","LAMIACEAE Vitex polygama Cham.","49362","GBIF","HRCB","Lombardi, J.A.","7265","Native","Latão","Low","Reserva Biológica Municipal da Serra do Japi, trilha Base/Mirante/Base"
"ÁREA DE PROTEÇÃO AMBIENTAL JUNDIAÍ","Angiosperms","Lauraceae","Aiouea","saligna","Meisn.","LAURACEAE Aiouea saligna Meisn.","55976","GBIF","IAC","Nardin, C.F.","196","Native","Bronze","Low","Fragmento I"
"ÁREA DE PROTEÇÃO AMBIENTAL JUNDIAÍ","Angiosperms","Lauraceae","Aiouea","stenophylla","(Meisn.) R.Rohde","LAURACEAE Aiouea stenophylla (Meisn.) R.Rohde","36322","GBIF","UEC","Morellato-Fonzar, L.P.C.","16555","Native","Ouro","Low","Serra do Japi, Mirante."
"ÁREA DE PROTEÇÃO AMBIENTAL JUNDIAÍ","Angiosperms","Lauraceae","Aniba","firmula","(Nees & Mart.) Mez","LAURACEAE Aniba firmula (Nees & Mart.) Mez","50102","GBIF","HRCB","Lombardi, J.A.","7445","Native","Bronze","Low","Reserva Biológica Municipal da Serra do Japi Trilha Base/ Mirante/ DAE/ Rua Bauru/ Cidinho/ Base"
"ÁREA DE PROTEÇÃO AMBIENTAL JUNDIAÍ","Angiosperms","Lauraceae","Cryptocarya","aschersoniana","Mez","LAURACEAE Cryptocarya aschersoniana Mez","PEL0005135","Splink","PEL",,"2383","Native","Ouro","Low","Serra do Japi."
"ÁREA DE PROTEÇÃO AMBIENTAL JUNDIAÍ","Angiosperms","Lauraceae","Endlicheria","paniculata","(Spreng.) J.F.Macbr.","LAURACEAE Endlicheria paniculata (Spreng.) J.F.Macbr.","HRCB081528","Splink","HRCB",,"1070","Native","Ouro","Low","Reserva Biológica Municipal da Serra do Japi"
"ÁREA DE PROTEÇÃO AMBIENTAL JUNDIAÍ","Angiosperms","Lauraceae","Licaria","armeniaca","(Nees) Kosterm.","LAURACEAE Licaria armeniaca (Nees) Kosterm.","SPSF00032915","Splink","SPSF",,"2381","Native","Latão","Low","Serra do Japi."
"ÁREA DE PROTEÇÃO AMBIENTAL JUNDIAÍ","Angiosperms","Lauraceae","Nectandra","grandiflora","Nees & Mart","LAURACEAE Nectandra grandiflora Nees & Mart","SPSF00032491","Splink","SPSF",,"331","Native","Ouro","Low","Tijuco Preto."
"ÁREA DE PROTEÇÃO AMBIENTAL JUNDIAÍ","Angiosperms","Lauraceae","Nectandra","lanceolata","Nees","LAURACEAE Nectandra lanceolata Nees","IBGE00029636","GBIF","IBGE","Leitao Filho, H.F.","16562","Native","Ouro","Low","Serra do Japí."
"ÁREA DE PROTEÇÃO AMBIENTAL JUNDIAÍ","Angiosperms","Lauraceae","Nectandra","megapotamica","(Spreng.) Mez","LAURACEAE Nectandra megapotamica (Spreng.) Mez","SPSF00024602","Splink","SPSF",,"617","Native","Ouro","Low","IAC, Estação Experimental"
"ÁREA DE PROTEÇÃO AMBIENTAL JUNDIAÍ","Angiosperms","Lauraceae","Nectandra","nitidula","Nees & Mart.","LAURACEAE Nectandra nitidula Nees & Mart.","HRCB083615","Splink","HRCB",,"16563","Native","Ouro","Low","Serra do Japi"
"ÁREA DE PROTEÇÃO AMBIENTAL JUNDIAÍ","Angiosperms","Lauraceae","Nectandra","oppositifolia","Nees & Mart.","LAURACEAE Nectandra oppositifolia Nees & Mart.","SPSF00021158","Splink","SPSF",,"16195","Native","Ouro","Low","Serra do Japi, Mirante."
"ÁREA DE PROTEÇÃO AMBIENTAL JUNDIAÍ","Angiosperms","Lauraceae","Ocotea","acutifolia","(Nees) Mez","LAURACEAE Ocotea acutifolia (Nees) Mez","11494","GBIF","VIC","Morellato-Fonzar, L.P.C.","s.n.","Native","Latão","Medium","Serra do Japi, Mirante."
"ÁREA DE PROTEÇÃO AMBIENTAL JUNDIAÍ","Angiosperms","Lauraceae","Ocotea","bicolor","Vattimo-Gil","LAURACEAE Ocotea bicolor Vattimo-Gil","ESA068899","GBIF","ESA","Moraes, P.L.R.","2386","Native","Ouro","Low",
"ÁREA DE PROTEÇÃO AMBIENTAL JUNDIAÍ","Angiosperms","Lauraceae","Ocotea","catharinensis","Mez","LAURACEAE Ocotea catharinensis Mez","21610","GBIF","IAC","Leitao Filho, H.F.","1194","Native","Ouro","Low","IAC, Máquina Agrícolas"
"ÁREA DE PROTEÇÃO AMBIENTAL JUNDIAÍ","Angiosperms","Lauraceae","Ocotea","indecora","(Schott) Mez","LAURACEAE Ocotea indecora (Schott) Mez","35531","GBIF","IAC","Jung-Mendacolli, S.L.","848","Native","Ouro","Low","IAC, Estação Experimental"
"ÁREA DE PROTEÇÃO AMBIENTAL JUNDIAÍ","Angiosperms","Lauraceae","Ocotea","lancifolia","(Schott) Mez","LAURACEAE Ocotea lancifolia (Schott) Mez","17328","GBIF","VIC","Okano, R.M.C.","s.n.","Native","Latão","Medium","Serra do Japi, Mirante"
"ÁREA DE PROTEÇÃO AMBIENTAL JUNDIAÍ","Angiosperms","Lauraceae","Ocotea","minarum","(Nees & Mart.) Mez","LAURACEAE Ocotea minarum (Nees & Mart.) Mez","48658","GBIF","HRCB","Lombardi, J.A.","6973","Native","Ouro","Low","Reserva Biológica Municipal da Serra do Japi, Base-Mirante- estrada para DAE-Base.&nf;Coordenadas: 23°13'49,6'' - 33,7''S, 46°56'08,8'' - 57'33,4''W."
"ÁREA DE PROTEÇÃO AMBIENTAL JUNDIAÍ","Angiosperms","Lauraceae","Ocotea","nunesiana","(Vattimo-Gil) J.B. Baitello","LAURACEAE Ocotea nunesiana (Vattimo-Gil) J.B. Baitello","162304","GBIF","UEC","Morellato-Fonzar, L.P.C.","16629","Native","Ouro","Low","Serra do Japi, Mirante."
"ÁREA DE PROTEÇÃO AMBIENTAL JUNDIAÍ","Angiosperms","Lauraceae","Ocotea","nutans","(Nees) Mez","LAURACEAE Ocotea nutans (Nees) Mez","168604","GBIF","SPF","Pimentel, A.M.B.","s.n.","Native","Ouro","Medium","Serra do Japi"
"ÁREA DE PROTEÇÃO AMBIENTAL JUNDIAÍ","Angiosperms","Lauraceae","Ocotea","odorifera","(Vell.) Rohwer","LAURACEAE Ocotea odorifera (Vell.) Rohwer","166553","GBIF","SPF","Assis, L.C.S.","1067","Native","Ouro","Low","Reserva Biológica Municipal da Serra do Japi"
"ÁREA DE PROTEÇÃO AMBIENTAL JUNDIAÍ","Angiosperms","Lauraceae","Ocotea","puberula","(Rich.) Nees","LAURACEAE Ocotea puberula (Rich.) Nees","11495","GBIF","VIC","Morellato-Fonzar, L.P.C.","s.n.","Native","Latão","Medium","Serra do Japi"
"ÁREA DE PROTEÇÃO AMBIENTAL JUNDIAÍ","Angiosperms","Lauraceae","Ocotea","pulchella","(Nees & Mart.) Mez","LAURACEAE Ocotea pulchella (Nees & Mart.) Mez","55378","GBIF","IAC","Pires, T.P.","68","Native","Bronze","Low","Parque do Cerrado"
"ÁREA DE PROTEÇÃO AMBIENTAL JUNDIAÍ","Angiosperms","Lauraceae","Ocotea","velloziana","(Meisn.) Mez","LAURACEAE Ocotea velloziana (Meisn.) Mez","55264","GBIF","IAC","Pires, T.P.","43","Native","Ouro","Low","Cerrado Fazgran, Parque do Cerrado - Jardim Botânico de Jundiaí"
"ÁREA DE PROTEÇÃO AMBIENTAL JUNDIAÍ","Angiosperms","Lauraceae","Persea","alba","Nees & Mart.","LAURACEAE Persea alba Nees & Mart.","176532","GBIF","UEC","Monge, M.","852","Native","Ouro","Low","Serra do Japi. Observatório."
"ÁREA DE PROTEÇÃO AMBIENTAL JUNDIAÍ","Angiosperms","Lauraceae","Persea","americana","Mill.","LAURACEAE Persea americana Mill.","50137","GBIF","HRCB","Lombardi, J.A.","7449","Naturalized","Bronze","Low","Reserva Biológica Municipal da Serra do Japi Junto a Base"
"ÁREA DE PROTEÇÃO AMBIENTAL JUNDIAÍ","Angiosperms","Lauraceae","Persea","willdenovii","Kosterm.","LAURACEAE Persea willdenovii Kosterm.","SPSF00035539","Splink","SPSF",,"859","Native","Ouro","Low","Serra do Japi."
"ÁREA DE PROTEÇÃO AMBIENTAL JUNDIAÍ","Angiosperms","Lentibulariaceae",,,"Rich.","LENTIBULARIACEAE Lentibulariaceae Rich.","SPSF00001415","Splink","SPSF",,,,"Latão","Low","Fazenda Traviú."
"ÁREA DE PROTEÇÃO AMBIENTAL JUNDIAÍ","Ferns and Lycophytes","Lindsaeaceae","Lindsaea","stricta","(Sw.) Dryand.","LINDSAEACEAE Lindsaea stricta (Sw.) Dryand.","155880","GBIF","UEC","Prado, J.","2081","Native","Ouro","Low","Serra do Japi, Subindo para o mirante (observatório)."
"ÁREA DE PROTEÇÃO AMBIENTAL JUNDIAÍ","Angiosperms","Loganiaceae","Spigelia","beyrichiana","Cham. & Schltdl.","LOGANIACEAE Spigelia beyrichiana Cham. & Schltdl.","9319","GBIF","UEC","Leitao Filho, H.F.","3212","Native","Ouro","Low","Serra do Japi."
"ÁREA DE PROTEÇÃO AMBIENTAL JUNDIAÍ","Angiosperms","Loganiaceae","Spigelia","tetraptera","Taub. ex L.B.Sm.","LOGANIACEAE Spigelia tetraptera Taub. ex L.B.Sm.","49276","GBIF","MBM","Leitao Filho, H.F.","3212","Native","Ouro","Low","Serra do Japi."
"ÁREA DE PROTEÇÃO AMBIENTAL JUNDIAÍ","Angiosperms","Loganiaceae","Strychnos","brasiliensis","(Spreng.) Mart.","LOGANIACEAE Strychnos brasiliensis (Spreng.) Mart.","53315","GBIF","UEC","Egler, S.G.","22163","Native","Ouro","Low","Serra do Japi, mata primária. Beira de trilha."
"ÁREA DE PROTEÇÃO AMBIENTAL JUNDIAÍ","Angiosperms","Loranthaceae","Struthanthus","acuminatus","(Ruiz & Pav.) Kuijt","LORANTHACEAE Struthanthus acuminatus (Ruiz & Pav.) Kuijt","37648","GBIF","HCF","Biral, L.","3197","Native","Ouro","Low","Reserva Biológica Municipal da Serra do Japi"
"ÁREA DE PROTEÇÃO AMBIENTAL JUNDIAÍ","Angiosperms","Loranthaceae","Struthanthus","flexicaulis","(Mart.) Mart.","LORANTHACEAE Struthanthus flexicaulis (Mart.) Mart.","107479","GBIF","ESA","Lombardi, J.A.","6695","Native","Bronze","Low","Reserva Biológica Municipal da Serra do Japi, trilha Base/Mirante/Base"
"ÁREA DE PROTEÇÃO AMBIENTAL JUNDIAÍ","Angiosperms","Loranthaceae","Struthanthus","marginatus","(Desr.) G.Don","LORANTHACEAE Struthanthus marginatus (Desr.) G.Don","48327","GBIF","HRCB","Lombardi, J.A.","6843","Native","Latão","Low","Reserva Biológica Municipal da Serra do Japi, Base-Mirante-estrada para DAE"
"ÁREA DE PROTEÇÃO AMBIENTAL JUNDIAÍ","Ferns and Lycophytes","Lycopodiaceae","Diphasiastrum","thyoides","(Willd.) Holub","LYCOPODIACEAE Diphasiastrum thyoides (Willd.) Holub","50098","GBIF","HRCB","Lombardi, J.A.","7441","Native","Ouro","Low","Reserva Biológica Municipal da Serra do Japi, trilha Base/Mirante/DAE/Rua Bauru/Cidinho/Base"
"ÁREA DE PROTEÇÃO AMBIENTAL JUNDIAÍ","Ferns and Lycophytes","Lycopodiaceae","Lycopodiella",,"Holub","LYCOPODIACEAE Lycopodiella Holub","200041","GBIF","UEC","Monge, M.","1073",,"Bronze","Low","Serra do Japi. Beira de estrada, área do DAE. Depois da guarita GM, platô com área para manobra de veículos"
"ÁREA DE PROTEÇÃO AMBIENTAL JUNDIAÍ","Ferns and Lycophytes","Lycopodiaceae","Lycopodium","clavatum","L.","LYCOPODIACEAE Lycopodium clavatum L.","155418","GBIF","UEC","Hirai, R.Y.","661","Native","Ouro","Low","Serra do Japi, Na estrada para a torre da TV Cultura."
"ÁREA DE PROTEÇÃO AMBIENTAL JUNDIAÍ","Ferns and Lycophytes","Lycopodiaceae","Palhinhaea","cernua","(L.) Franco & Vasc.","LYCOPODIACEAE Palhinhaea cernua (L.) Franco & Vasc.","1669","GBIF","SHPR","Biral, L.","2737","Native","Bronze","Low","Reserva Biológica Municipal da Serra do Japi"
"ÁREA DE PROTEÇÃO AMBIENTAL JUNDIAÍ","Ferns and Lycophytes","Lycopodiaceae","Phlegmariurus","reflexus","(Lam.) B.Øllg.","LYCOPODIACEAE Phlegmariurus reflexus (Lam.) B.Øllg.","155611","GBIF","UEC","Hirai, R.Y.","683","Native","Bronze","Low","Serra do Japi, No barranco da Av. José Peboni Jr."
"ÁREA DE PROTEÇÃO AMBIENTAL JUNDIAÍ","Angiosperms","Lythraceae","Cuphea","calophylla","(Koehne) S.A.Graham","LYTHRACEAE Cuphea calophylla var. mesostemon (Koehne) S.A.Graham","CEN00034034","GBIF","CEN","Franceschinelli, E.V.","s/n","Native","Ouro","Medium","Serra Japí."
"ÁREA DE PROTEÇÃO AMBIENTAL JUNDIAÍ","Angiosperms","Lythraceae","Cuphea","carthagenensis","(Jacq.) J.F.Macbr.","LYTHRACEAE Cuphea carthagenensis (Jacq.) J.F.Macbr.","IBGE00015646","GBIF","IBGE","Leitao Filho, H.F.","3130-A","Native","Ouro","Low","ca. 10 Km S.W. de Jundaí. Folha Cartográfica SF-23-Y-C Coordenada Calculada."
"ÁREA DE PROTEÇÃO AMBIENTAL JUNDIAÍ","Angiosperms","Lythraceae","Cuphea","confertiflora","A.St.-Hil.","LYTHRACEAE Cuphea confertiflora A.St.-Hil.","109411","GBIF","UEC","Aona, L.Y.S.","99/130","Native","Latão","Low","Serra do Japi, brejo localizado próximo a caixa."
"ÁREA DE PROTEÇÃO AMBIENTAL JUNDIAÍ","Angiosperms","Lythraceae","Cuphea","glutinosa","Cham. & Schltdl.","LYTHRACEAE Cuphea glutinosa Cham. & Schltdl.","IBGE00012958","GBIF","IBGE","Leitao Filho, H.F.","3130 B","Native","Ouro","Low","Ca. 10 Km de Jundiaí. Serra do Japi. Coordenada Calculada."
"ÁREA DE PROTEÇÃO AMBIENTAL JUNDIAÍ","Angiosperms","Lythraceae","Cuphea","ingrata","Cham. & Schltdl.","LYTHRACEAE Cuphea ingrata Cham. & Schltdl.","9467","GBIF","UEC","Leitao Filho, H.F.","3130","Native","Ouro","Low","Ca. 10 km SW de Jundiaí. Serra do Japí"
"ÁREA DE PROTEÇÃO AMBIENTAL JUNDIAÍ","Angiosperms","Lythraceae","Diplusodon","virgatus","Pohl","LYTHRACEAE Diplusodon virgatus Pohl","US 3670690","GBIF","US","Brade, A.C.","5663","Native","Ouro","Low",
"ÁREA DE PROTEÇÃO AMBIENTAL JUNDIAÍ","Angiosperms","Lythraceae","Lafoensia","pacari","A.St.-Hil.","LYTHRACEAE Lafoensia pacari A.St.-Hil.","1665","GBIF","SHPR","Biral, L.","2733","Native","Bronze","Low","Reserva Biológica Municipal da Serra do Japi"
"ÁREA DE PROTEÇÃO AMBIENTAL JUNDIAÍ","Angiosperms","Magnoliaceae","Magnolia","ovata","(A.St.-Hil.) Spreng.","MAGNOLIACEAE Magnolia ovata (A.St.-Hil.) Spreng.","SPSF00032365","Splink","SPSF",,"313","Native","Bronze","Low","Serra do Japí."
"ÁREA DE PROTEÇÃO AMBIENTAL JUNDIAÍ","Angiosperms","Malpighiaceae","Alicia","anisopetala","(A.Juss.) W.R.Anderson","MALPIGHIACEAE Alicia anisopetala (A.Juss.) W.R.Anderson","154382","GBIF","BHCB","Lombardi, J.A.","6879","Native","Ouro","Low","Reserva Biológica Municipal da Serra do Japi, trilha Base/Passarinheiros/Base"
"ÁREA DE PROTEÇÃO AMBIENTAL JUNDIAÍ","Angiosperms","Malpighiaceae","Banisteriopsis","adenopoda","(A.Juss.) B.Gates","MALPIGHIACEAE Banisteriopsis adenopoda (A.Juss.) B.Gates","RB00859589","GBIF","RB","Souza, V.C.","34154","Native","Ouro","Low","Beira da Rodovia dos Bandeirantes. Floresta estacional decidual bastante degradada. Projeto TAV. Levantamento Florístico 1."
"ÁREA DE PROTEÇÃO AMBIENTAL JUNDIAÍ","Angiosperms","Malpighiaceae","Banisteriopsis","argyrophylla","(A.Juss.) B.Gates","MALPIGHIACEAE Banisteriopsis argyrophylla (A.Juss.) B.Gates","6019","GBIF","SP","Brade, A.C.","7312","Native","Ouro","Low",
"ÁREA DE PROTEÇÃO AMBIENTAL JUNDIAÍ","Angiosperms","Malpighiaceae","Banisteriopsis","caapi","(Spruce ex Griseb.) Morton","MALPIGHIACEAE Banisteriopsis caapi (Spruce ex Griseb.) Morton","UALF00009372","Reflora","UALF","Katchborian-Neto, A.",,"Native","Ouro","Low","Ambiente urbano. Rua Pedro Barsanelli, 142."
"ÁREA DE PROTEÇÃO AMBIENTAL JUNDIAÍ","Angiosperms","Malpighiaceae","Banisteriopsis","campestris","(A.Juss.) Little","MALPIGHIACEAE Banisteriopsis campestris (A.Juss.) Little","193615","GBIF","UEC","Silva, B.G.","369","Native","Bronze","Low","Parque do Cerrado"
"ÁREA DE PROTEÇÃO AMBIENTAL JUNDIAÍ","Angiosperms","Malpighiaceae","Banisteriopsis","malifolia","(Nees & Mart.) B.Gates","MALPIGHIACEAE Banisteriopsis malifolia (Nees & Mart.) B.Gates","31866","GBIF","IAC","Arbocz, G.F.","195","Native","Ouro","Low","Serra do Japi, caminho longo para Mirante"
"ÁREA DE PROTEÇÃO AMBIENTAL JUNDIAÍ","Angiosperms","Malpighiaceae","Banisteriopsis","muricata","(Cav.) Cuatrec.","MALPIGHIACEAE Banisteriopsis muricata (Cav.) Cuatrec.","776966","GBIF","NY","Hoehne, F.C.","s.n.","Native","Ouro","Low","Jundiaí"
"ÁREA DE PROTEÇÃO AMBIENTAL JUNDIAÍ","Angiosperms","Malpighiaceae","Banisteriopsis","stellaris","(Griseb.) B.Gates","MALPIGHIACEAE Banisteriopsis stellaris (Griseb.) B.Gates","201443","GBIF","UEC","Silva, B.G.","420","Native","Bronze","Low",
"ÁREA DE PROTEÇÃO AMBIENTAL JUNDIAÍ","Angiosperms","Malpighiaceae","Bunchosia","armeniaca","(Cav.) DC.","MALPIGHIACEAE Bunchosia armeniaca (Cav.) DC.",,"GBIF",,,,"Native","Latão","Low",
"ÁREA DE PROTEÇÃO AMBIENTAL JUNDIAÍ","Angiosperms","Malpighiaceae","Byrsonima","intermedia","A.Juss.","MALPIGHIACEAE Byrsonima intermedia A.Juss.","55255","GBIF","IAC","Pires, T.P.","52","Native","Bronze","Low","Cerrado Fazgran"
"ÁREA DE PROTEÇÃO AMBIENTAL JUNDIAÍ","Angiosperms","Malpighiaceae","Byrsonima","verbascifolia","(L.) DC.","MALPIGHIACEAE Byrsonima verbascifolia (L.) DC.","PEL0011494","Splink","PEL",,,"Native","Prata","Low","Bairro Marco Leite"
"ÁREA DE PROTEÇÃO AMBIENTAL JUNDIAÍ","Angiosperms","Malpighiaceae","Dicella","bracteosa","(A.Juss.) Griseb.","MALPIGHIACEAE Dicella bracteosa (A.Juss.) Griseb.","399573","GBIF","SP","Sebastiani, R.","307","Native","Ouro","Low","Atrás da base ecológica da Serra do Japi"
"ÁREA DE PROTEÇÃO AMBIENTAL JUNDIAÍ","Angiosperms","Malpighiaceae","Diplopterys",,"A.Juss.","MALPIGHIACEAE Diplopterys A.Juss.","470778","GBIF","SP","Lombardi, J.A.","7387",,"Latão","Low","Reserva Biológica Municipal da Serra do Japi, estrada da Cascalheira, depois à direita do Cidinho até além da porteira"
"ÁREA DE PROTEÇÃO AMBIENTAL JUNDIAÍ","Angiosperms","Malpighiaceae","Heteropterys","argyrophaea","A.Juss.","MALPIGHIACEAE Heteropterys argyrophaea A.Juss.","12043","GBIF","SP","Puiggari, C.","CGG1566","Native","Ouro","Low",
"ÁREA DE PROTEÇÃO AMBIENTAL JUNDIAÍ","Angiosperms","Malpighiaceae","Heteropterys","byrsonimifolia","A.Juss.","MALPIGHIACEAE Heteropterys byrsonimifolia A.Juss.","198726","GBIF","UEC","Pires, T.P.","76","Native","Bronze","Low","Fazenda Grande-Pq do Cerrado"
"ÁREA DE PROTEÇÃO AMBIENTAL JUNDIAÍ","Angiosperms","Malpighiaceae","Heteropterys","intermedia","(A.Juss.) Griseb.","MALPIGHIACEAE Heteropterys intermedia (A.Juss.) Griseb.","369578","GBIF","SP","Sebastiani, R.","12","Native","Ouro","Low","Próximo à Serra do Japi, Paiol Velho, estrada municipal"
"ÁREA DE PROTEÇÃO AMBIENTAL JUNDIAÍ","Angiosperms","Malpighiaceae","Heteropterys","pauciflora","(A.Juss.) A.Juss.","MALPIGHIACEAE Heteropterys pauciflora (A.Juss.) A.Juss.","157867","GBIF","UEC","Tamashiro, J.Y.","5a","Native","Ouro","Low","Serra do Japi."
"ÁREA DE PROTEÇÃO AMBIENTAL JUNDIAÍ","Angiosperms","Malpighiaceae","Heteropterys","umbellata","A.Juss.","MALPIGHIACEAE Heteropterys umbellata A.Juss.","49028","GBIF","HRCB","Lombardi, J.A.","7088","Native","Ouro","Low","Reserva Biológica Municipal da Serra do Japi, Base-Cidinho-estrada da Cascalheira-Av. Brasil Tamega-Base"
"ÁREA DE PROTEÇÃO AMBIENTAL JUNDIAÍ","Angiosperms","Malpighiaceae","Janusia","mediterranea","(Vell.) W.R.Anderson","MALPIGHIACEAE Janusia mediterranea (Vell.) W.R.Anderson","SP122432","Splink","SP",,"306",,"Ouro","Low","Mata em frente ao Clube Uirapuru, próximo ao aeroporto"
"ÁREA DE PROTEÇÃO AMBIENTAL JUNDIAÍ","Angiosperms","Malpighiaceae","Mascagnia","sepium","(A.Juss.) Griseb.","MALPIGHIACEAE Mascagnia sepium (A.Juss.) Griseb.","470878","GBIF","SP","Lombardi, J.A.","7462","Native","Ouro","Low","Reserva Biológica Municipal da Serra do Japi, trilha Base / Mirante / DAE / Base"
"ÁREA DE PROTEÇÃO AMBIENTAL JUNDIAÍ","Angiosperms","Malpighiaceae","Niedenzuella","acutifolia","(Cav.) W.R.Anderson","MALPIGHIACEAE Niedenzuella acutifolia (Cav.) W.R.Anderson","2691","GBIF","SHPR","Biral, L.","3153","Native","Ouro","Low","Reserva Biológica Municipal da Serra do Japi"
"ÁREA DE PROTEÇÃO AMBIENTAL JUNDIAÍ","Angiosperms","Malpighiaceae","Niedenzuella","multiglandulosa","(A.Juss.) W.R.Anderson","MALPIGHIACEAE Niedenzuella multiglandulosa (A.Juss.) W.R.Anderson","49575","GBIF","UEC","Bernacci, L.C.","66","Native","Ouro","Low","IAC, Estação Experimental"
"ÁREA DE PROTEÇÃO AMBIENTAL JUNDIAÍ","Angiosperms","Malpighiaceae","Peixotoa","parviflora","A.Juss.","MALPIGHIACEAE Peixotoa parviflora A.Juss.","54996","GBIF","MBM","V. Neto, J.","s.n.","Native","Ouro","Medium","Serra do Japi."
"ÁREA DE PROTEÇÃO AMBIENTAL JUNDIAÍ","Angiosperms","Malpighiaceae","Peixotoa","tomentosa","A.Juss.","MALPIGHIACEAE Peixotoa tomentosa A.Juss.","59123","GBIF","HUFU","Alves-Silva, E.","26","Native","Ouro","Low","Serra do Japi"
"ÁREA DE PROTEÇÃO AMBIENTAL JUNDIAÍ","Angiosperms","Malpighiaceae","Stigmaphyllon","bonariense","(Hook. & Arn.) C.E.Anderson","MALPIGHIACEAE Stigmaphyllon bonariense (Hook. & Arn.) C.E.Anderson","US 389776","GBIF","US","Novaes, J.C.","642","Native","Ouro","Low",
"ÁREA DE PROTEÇÃO AMBIENTAL JUNDIAÍ","Angiosperms","Malpighiaceae","Tetrapterys","mucronata","Cav.","MALPIGHIACEAE Tetrapterys mucronata Cav.","4600","GBIF","HUFU","Ccj","52","Native","Ouro","Low","Serra do Japí, Coletada no barranco."
"ÁREA DE PROTEÇÃO AMBIENTAL JUNDIAÍ","Angiosperms","Malpighiaceae","Tetrapterys","phlomoides","(Spreng.) Nied.","MALPIGHIACEAE Tetrapterys phlomoides (Spreng.) Nied.","47401","GBIF","HRCB","Lombardi, J.A.","6650","Native","Ouro","Low","Reserva Biológica Municipal da Serra do Japi, trilha Base/Biquinha/Rocinha/Base"
"ÁREA DE PROTEÇÃO AMBIENTAL JUNDIAÍ","Angiosperms","Malvaceae","Abutilon",,"Mill.","MALVACEAE Abutilon Mill.","91191","GBIF","UFP","Pirani, J.R.","s.n.",,"Latão","Medium","Serra do Japi, Trilha do Mirante"
"ÁREA DE PROTEÇÃO AMBIENTAL JUNDIAÍ","Angiosperms","Malvaceae","Callianthe","bedfordiana","(Hook.) Donnell","MALVACEAE Callianthe bedfordiana (Hook.) Donnell","103276","GBIF","SPF","Pirani, J.R.","3614","Native","Ouro","Low","Serra do Japi, Trilha do Mirante."
"ÁREA DE PROTEÇÃO AMBIENTAL JUNDIAÍ","Angiosperms","Malvaceae","Callianthe","fluviatilis","(Vell.) Donnel","MALVACEAE Callianthe fluviatilis (Vell.) Donnel","4566","GBIF","HUFU","Ccj","18","Native","Ouro","Low","Serra do Japí, Estrada para Paraíso III."
"ÁREA DE PROTEÇÃO AMBIENTAL JUNDIAÍ","Angiosperms","Malvaceae","Callianthe","regnellii","(Miq.) Donnell","MALVACEAE Callianthe regnellii (Miq.) Donnell","UEC184381","Splink","UEC",,"247","Native","Bronze","Low","Parque Estadual Itapetinga - MONA Pedra Grande Luminosidade: alta; umidade alta. Solo: lajeado."
"ÁREA DE PROTEÇÃO AMBIENTAL JUNDIAÍ","Angiosperms","Malvaceae","Ceiba","speciosa","(A.St.-Hil.) Ravenna","MALVACEAE Ceiba speciosa (A.St.-Hil.) Ravenna","130946","GBIF","ESA","Souza, V.C.","36149","Native","Prata","Low","Fragmento 8 (TAV). Floresta Estacional Semidecidual"
"ÁREA DE PROTEÇÃO AMBIENTAL JUNDIAÍ","Angiosperms","Malvaceae","Guazuma","ulmifolia","Lam.","MALVACEAE Guazuma ulmifolia Lam.","ESA089215","GBIF","ESA","Cury, G.","4","Native","Ouro","Low",
"ÁREA DE PROTEÇÃO AMBIENTAL JUNDIAÍ","Angiosperms","Malvaceae","Helicteres","brevispira","A.St.-Hil.","MALVACEAE Helicteres brevispira A.St.-Hil.","63999","GBIF","IPA","Smith, C.","1","Native","Ouro","Low","campo limpo."
"ÁREA DE PROTEÇÃO AMBIENTAL JUNDIAÍ","Angiosperms","Malvaceae","Helicteres","ovata","Lam.","MALVACEAE Helicteres ovata Lam.","14819","GBIF","UEC","Leitao Filho, H.F.","3156","Native","Ouro","Low","Serra do Japi, ca. 10km SW de Jundiaí"
"ÁREA DE PROTEÇÃO AMBIENTAL JUNDIAÍ","Angiosperms","Malvaceae","Heliocarpus","popayanensis","Kunth","MALVACEAE Heliocarpus popayanensis Kunth","36188","GBIF","UEC","Rodrigues, R.R.","16185","Native","Ouro","Low","Serra do Japi, Mirante"
"ÁREA DE PROTEÇÃO AMBIENTAL JUNDIAÍ","Angiosperms","Malvaceae","Hibiscus","acetosella","Welw. ex Ficalho","MALVACEAE Hibiscus acetosella Welw. ex Ficalho","189005231","GBIF","Observations","Arleibub",,,"Bronze","Low","Jundiaí - SP, Brasil"
"ÁREA DE PROTEÇÃO AMBIENTAL JUNDIAÍ","Angiosperms","Malvaceae","Luehea","divaricata","Mart.","MALVACEAE Luehea divaricata Mart.","PMSP006968","GBIF","PMSP","Magenta, M.A.G.","19","Native","Ouro","Low","Serra do Japi"
"ÁREA DE PROTEÇÃO AMBIENTAL JUNDIAÍ","Angiosperms","Malvaceae","Luehea","grandiflora","Mart.","MALVACEAE Luehea grandiflora Mart.","195607","GBIF","SPF","Lombardi, J.A.","6854","Native","Ouro","Low","Reserva Biológica Municipal da Serra do Japi, trilha Base/Passarinheiros/Base"
"ÁREA DE PROTEÇÃO AMBIENTAL JUNDIAÍ","Angiosperms","Malvaceae","Malvaviscus","arboreus","Dill. ex Cav.","MALVACEAE Malvaviscus arboreus Dill. ex Cav.","49755","GBIF","HRCB","Lombardi, J.A.","7401","Cultivated","Latão","Low","Reserva Biológica Municipal da Serra do Japi, estrada da Cascalheira, depois a direita do Cidinho até além da porteira"
"ÁREA DE PROTEÇÃO AMBIENTAL JUNDIAÍ","Angiosperms","Malvaceae","Malvaviscus","penduliflorus","DC.","MALVACEAE Malvaviscus penduliflorus DC.","68216306","GBIF","Observations","Guto_carvalho",,"Cultivated","Bronze","Low","Jundiaí - SP, Brasil"
"ÁREA DE PROTEÇÃO AMBIENTAL JUNDIAÍ","Angiosperms","Malvaceae","Melochia","corchorifolia","L.","MALVACEAE Melochia corchorifolia L.","9815","GBIF","IPA","Pickel, B.","5164","Native","Bronze","Low","Fazenda Rosário, na beira de uma lagoa."
"ÁREA DE PROTEÇÃO AMBIENTAL JUNDIAÍ","Angiosperms","Malvaceae","Melochia","pilosa","(Mill.) Fawc. & Rendle","MALVACEAE Melochia pilosa (Mill.) Fawc. & Rendle","7204","GBIF","SP","Brade, A.C.","7373","Native","Ouro","Low",
"ÁREA DE PROTEÇÃO AMBIENTAL JUNDIAÍ","Angiosperms","Malvaceae","Melochia","spicata","(K. Schum.) Dorr","MALVACEAE Melochia spicata var. regnellii (K. Schum.) Dorr","44946","GBIF","SP","Pickel, B.","5164","Native","Bronze","Low","Fazenda Rosário, na beira de uma lagoa."
"ÁREA DE PROTEÇÃO AMBIENTAL JUNDIAÍ","Angiosperms","Malvaceae","Pachira","glabra","Pasq.","MALVACEAE Pachira glabra Pasq.",,"GBIF",,,,"Native","Latão","Low",
"ÁREA DE PROTEÇÃO AMBIENTAL JUNDIAÍ","Angiosperms","Malvaceae","Pavonia","communis","A.St.-Hil.","MALVACEAE Pavonia communis A.St.-Hil.","ESA00131471","GBIF","ESA","Souza, V.C.","36674","Native","Ouro","Low","Fragmento 7 (TAV). Floresta Estacional Semidecidual"
"ÁREA DE PROTEÇÃO AMBIENTAL JUNDIAÍ","Angiosperms","Malvaceae","Pavonia","fruticosa","(Mill.) Fawc. & Rendle","MALVACEAE Pavonia fruticosa (Mill.) Fawc. & Rendle","41164","GBIF","UEC","Cornavacca, A.D.","16437","Native","Ouro","Low","Serra do Japi"
"ÁREA DE PROTEÇÃO AMBIENTAL JUNDIAÍ","Angiosperms","Malvaceae","Pavonia","laxifolia","A.St.-Hil.","MALVACEAE Pavonia laxifolia A.St.-Hil.","US 3321655","GBIF","US","Grotta, A.S.","5823","Native","Ouro","Low","Prx. Jundiai, à Margem da Via Anhanguera"
"ÁREA DE PROTEÇÃO AMBIENTAL JUNDIAÍ","Angiosperms","Malvaceae","Pavonia","nemoralis","A.St.-Hil.","MALVACEAE Pavonia nemoralis A.St.-Hil.","UEC167876","Splink","UEC",,"250","Native","Bronze","Low","Reserva Biológica da Serra do Japi, Trilha do Monte Horebe"
"ÁREA DE PROTEÇÃO AMBIENTAL JUNDIAÍ","Angiosperms","Malvaceae","Pavonia","sagittata","A.St.-Hil.","MALVACEAE Pavonia sagittata A.St.-Hil.","3654","GBIF","IAC","Viegas, A.P.","s/nº","Native","Bronze","Low","Alto da Serra dos Cristais"
"ÁREA DE PROTEÇÃO AMBIENTAL JUNDIAÍ","Angiosperms","Malvaceae","Pavonia","sepium","A.St.-Hil.","MALVACEAE Pavonia sepium A.St.-Hil.","UEC167888","Splink","UEC",,"220","Native","Bronze","Low","Reserva Biológica da Serra do Japi, Trilha da Base Ecológica"
"ÁREA DE PROTEÇÃO AMBIENTAL JUNDIAÍ","Angiosperms","Malvaceae","Pseudobombax","grandiflorum","(Cav.) A.Robyns","MALVACEAE Pseudobombax grandiflorum (Cav.) A.Robyns","47688","GBIF","HRCB","Lombardi, J.A.","6720","Native","Latão","Low","Reserva Biológica Municipal da Serra do Japi, trilha Base/Mirante/Base"
"ÁREA DE PROTEÇÃO AMBIENTAL JUNDIAÍ","Angiosperms","Malvaceae","Sida","acrantha","Link","MALVACEAE Sida acrantha Link","21886","GBIF","IAC","Leitao Filho, H.F.","1971","Native","Ouro","Low","IAC, Estação Experimental"
"ÁREA DE PROTEÇÃO AMBIENTAL JUNDIAÍ","Angiosperms","Malvaceae","Sida","planicaulis","Cav.","MALVACEAE Sida planicaulis Cav.","130934","GBIF","ESA","Souza, V.C.","36137","Native","Prata","Low","Fragmento 10 (TAV). Floresta Estacional Semidecidual"
"ÁREA DE PROTEÇÃO AMBIENTAL JUNDIAÍ","Angiosperms","Malvaceae","Sida","rhombifolia","L.","MALVACEAE Sida rhombifolia L.","UEC167886","Splink","UEC",,"219","Native","Bronze","Low","Reserva Biológica da Serra do Japi, Trilha da Base Ecológica"
"ÁREA DE PROTEÇÃO AMBIENTAL JUNDIAÍ","Angiosperms","Malvaceae","Sida","tuberculata","R.E.Fr.","MALVACEAE Sida tuberculata R.E.Fr.","6868","GBIF","SP","Brade, A.C.","7357","Native","Bronze","Low",
"ÁREA DE PROTEÇÃO AMBIENTAL JUNDIAÍ","Angiosperms","Malvaceae","Sida","urens","L.","MALVACEAE Sida urens L.","ESA121706","GBIF","ESA","Souza, V.C.","34151","Native","Ouro","Low","Beira da Rodovia dos Bandeirantes. Floresta estacional decidual bastante degradada. Projeto TAV. Levantamento Florístico 1."
"ÁREA DE PROTEÇÃO AMBIENTAL JUNDIAÍ","Angiosperms","Malvaceae","Triumfetta","bartramia","L.","MALVACEAE Triumfetta bartramia L.","131489","GBIF","ESA","Souza, V.C.","36692","Native","Prata","Low","Fragmento 10 (TAV). Floresta Estacional Semidecidual"
"ÁREA DE PROTEÇÃO AMBIENTAL JUNDIAÍ","Angiosperms","Malvaceae","Triumfetta","semitriloba","Jacq.","MALVACEAE Triumfetta semitriloba Jacq.","069093","GBIF","UEC","Jolivet, P.","26079","Native","Ouro","Medium","Serra do Japi"
"ÁREA DE PROTEÇÃO AMBIENTAL JUNDIAÍ","Angiosperms","Malvaceae","Waltheria","indica","L.","MALVACEAE Waltheria indica L.","47670","GBIF","HRCB","Lombardi, J.A.","6702","Native","Latão","Low","Reserva Biológica Municipal da Serra do Japi, trilha Base/Mirante/Base"
"ÁREA DE PROTEÇÃO AMBIENTAL JUNDIAÍ","Angiosperms","Malvaceae","Wissadula","hernandioides","(L.Hér.) Garcke","MALVACEAE Wissadula hernandioides (L.Hér.) Garcke","49612","GBIF","HRCB","Lombardi, J.A.","7330","Native","Latão","Low","Reserva Biológica Municipal da Serra do Japi, trilha Passarinheiros"
"ÁREA DE PROTEÇÃO AMBIENTAL JUNDIAÍ","Angiosperms","Malvaceae","Wissadula","parviflora","(A.St.-Hil.) R.E.Fr.","MALVACEAE Wissadula parviflora (A.St.-Hil.) R.E.Fr.","101564","GBIF","SPF","Mello-Silva, R.","1069","Native","Ouro","Low","Serra do Japi, Trilha do Mirante."
"ÁREA DE PROTEÇÃO AMBIENTAL JUNDIAÍ","Angiosperms","Marantaceae","Calathea",,"G.Mey.","MARANTACEAE Calathea G.Mey.","ESA130225","GBIF","ESA","Souza, V.C.","35428",,"Ouro","Low","Fragmento 10 (TAV). Floresta Estacional Semidecidual"
"ÁREA DE PROTEÇÃO AMBIENTAL JUNDIAÍ","Angiosperms","Marantaceae","Ctenanthe","kummeriana","(É.Morren) Eichler","MARANTACEAE Ctenanthe kummeriana (É.Morren) Eichler","71483","GBIF","UEC","Wanderley, M.D.G.L.","2124","Native","Bronze","Low","Serra do Japi"
"ÁREA DE PROTEÇÃO AMBIENTAL JUNDIAÍ","Angiosperms","Marantaceae","Ctenanthe","lanceolata","Petersen","MARANTACEAE Ctenanthe lanceolata Petersen","2082","GBIF","SHPR","Saka, M.N.","626","Native","Bronze","Low","Reserva Natural Municipal da Serra do Japi."
"ÁREA DE PROTEÇÃO AMBIENTAL JUNDIAÍ","Angiosperms","Marantaceae","Ctenanthe","setosa","(Roscoe) Eichler","MARANTACEAE Ctenanthe setosa (Roscoe) Eichler","286047","GBIF","SP","Wanderley, M.G.L.","2124","Native","Bronze","Low","Serra do Japi"
"ÁREA DE PROTEÇÃO AMBIENTAL JUNDIAÍ","Angiosperms","Marantaceae","Goeppertia","eichleri","(Petersen) Borchs. & S.Suárez","MARANTACEAE Goeppertia eichleri (Petersen) Borchs. & S.Suárez","2832","GBIF","SHPR","Biral, L.","3225","Native","Bronze","Low","Reserva Biológica Municipal da Serra do Japi."
"ÁREA DE PROTEÇÃO AMBIENTAL JUNDIAÍ","Angiosperms","Marantaceae","Goeppertia","monophylla","(Vell.) Borchs. & S.Suárez","MARANTACEAE Goeppertia monophylla (Vell.) Borchs. & S.Suárez","49333","GBIF","HRCB","Lombardi, J.A.","7236","Native","Latão","Low","Reserva Biológica Municipal da Serra do Japi, Base-Cidinho-estrada da Cascalheira-Base"
"ÁREA DE PROTEÇÃO AMBIENTAL JUNDIAÍ","Angiosperms","Marantaceae","Maranta",,"Plum. ex L.","MARANTACEAE Maranta Plum. ex L.","37745","GBIF","IAC","Jung-Mendacolli, S.L.","972",,"Bronze","Low","IAC, Estação Experimental"
"ÁREA DE PROTEÇÃO AMBIENTAL JUNDIAÍ","Angiosperms","Marantaceae","Thalia","geniculata","L.","MARANTACEAE Thalia geniculata L.","ESA071582","GBIF","ESA","Jung-Mendacolli, S.L.","972","Native","Bronze","Low","IAC, Estação Experimental"
"ÁREA DE PROTEÇÃO AMBIENTAL JUNDIAÍ","Angiosperms","Melastomataceae","Acisanthera","alsinaefolia","(Mart. & Schrank ex DC.) Triana","MELASTOMATACEAE Acisanthera alsinaefolia (Mart. & Schrank ex DC.) Triana","4609","GBIF","HUFU","Ccj","61","Native","Ouro","Low","Serra do Japí, Coletada no barranco."
"ÁREA DE PROTEÇÃO AMBIENTAL JUNDIAÍ","Angiosperms","Melastomataceae","Acisanthera","variabilis","(DC.) Triana","MELASTOMATACEAE Acisanthera variabilis (DC.) Triana","IBIUEMG00000202","Splink","IBIUEMG",,"1340","Native","Ouro","High","Serra do Japi, Camping Cascata. Floresta Estacional Semidecídual."
"ÁREA DE PROTEÇÃO AMBIENTAL JUNDIAÍ","Angiosperms","Melastomataceae","Cambessedesia","espora","(A.St.-Hil. ex Bonpl.) DC.","MELASTOMATACEAE Cambessedesia espora (A.St.-Hil. ex Bonpl.) DC.","3968","GBIF","IAC","Viegas, A.P.","s/nº","Native","Ouro","Low","Alto da Serra dos Cristais"
"ÁREA DE PROTEÇÃO AMBIENTAL JUNDIAÍ","Angiosperms","Melastomataceae","Chaetogastra","herbacea","(DC.) P.J.F.Guim. & Michelang.","MELASTOMATACEAE Chaetogastra herbacea (DC.) P.J.F.Guim. & Michelang.","1908","GBIF","HURB","Aona, L.Y.S.","664","Native","Ouro","Low","Serra do Japi, Brejos localizados próximos ao condomínio Ermida."
"ÁREA DE PROTEÇÃO AMBIENTAL JUNDIAÍ",,"Melastomataceae","Chaetogastra","macranthera","(Miq.) F.S.Mey. & R.Goldenb.","MELASTOMATACEAE Chaetogastra macranthera (Miq.) F.S.Mey. & R.Goldenb.","92135","GBIF","UPCB","Meyer, F.S.","1338",,"Ouro","High","Serra do Japi, Camping Cascata."
"ÁREA DE PROTEÇÃO AMBIENTAL JUNDIAÍ","Angiosperms","Melastomataceae","Leandra","aurea","(Cham.) Cogn.","MELASTOMATACEAE Leandra aurea (Cham.) Cogn.","UPCB0012850","GBIF","UPCB","Sugiyama, M.","s.n.","Native","Latão","Medium","Serra do Japi."
"ÁREA DE PROTEÇÃO AMBIENTAL JUNDIAÍ","Angiosperms","Melastomataceae","Leandra","australis","(Cham.) Cogn.","MELASTOMATACEAE Leandra australis (Cham.) Cogn.","178710","GBIF","UEC","Caetano, A.P.S.","27","Native","Ouro","Low","Serra do Japi, estrada para o mirante."
"ÁREA DE PROTEÇÃO AMBIENTAL JUNDIAÍ","Angiosperms","Melastomataceae","Leandra","balansae","Cogn.","MELASTOMATACEAE Leandra balansae Cogn.","130818","GBIF","ESA","Souza, V.C.","36021","Unknown","Prata","Low","Fragmento 10 (TAV). Floresta Estacional Semidecidual"
"ÁREA DE PROTEÇÃO AMBIENTAL JUNDIAÍ","Angiosperms","Melastomataceae","Leandra","carassana","(DC.) Cogn.","MELASTOMATACEAE Leandra carassana (DC.) Cogn.","73423","GBIF","UEC","Goldenberg, R.","85A","Native","Ouro","Low","Serra do Japi"
"ÁREA DE PROTEÇÃO AMBIENTAL JUNDIAÍ","Angiosperms","Melastomataceae","Leandra","cordifolia","(Naudin) Cogn.","MELASTOMATACEAE Leandra cordifolia (Naudin) Cogn.","130862","GBIF","ESA","Souza, V.C.","36065","Native","Prata","Low","Fragmento 9 (TAV). Floresta Estacional Semidecidual"
"ÁREA DE PROTEÇÃO AMBIENTAL JUNDIAÍ","Angiosperms","Melastomataceae","Leandra","foveolata","(DC.) Cogn.","MELASTOMATACEAE Leandra foveolata (DC.) Cogn.","52188","GBIF","UPCB","Goldenberg, R.","768","Native","Ouro","Low","Serra do Japi"
"ÁREA DE PROTEÇÃO AMBIENTAL JUNDIAÍ","Angiosperms","Melastomataceae","Leandra","glazioviana","Cogn.","MELASTOMATACEAE Leandra glazioviana Cogn.","50660","GBIF","UEC","Vasconcellos-Neto, J.","20990","Native","Ouro","Low","Serra do Japí"
"ÁREA DE PROTEÇÃO AMBIENTAL JUNDIAÍ","Angiosperms","Melastomataceae","Leandra","hirta","Raddi","MELASTOMATACEAE Leandra hirta Raddi","71479","GBIF","BHCB","Figueiredo, R.A.","p27","Native","Latão","Low","Serra do Japi"
"ÁREA DE PROTEÇÃO AMBIENTAL JUNDIAÍ","Angiosperms","Melastomataceae","Leandra","laevigata","(Triana) Cogn.","MELASTOMATACEAE Leandra laevigata (Triana) Cogn.","100201","GBIF","UEC","Faria, A.D.","96/461","Native","Ouro","Low","Serra do Japi"
"ÁREA DE PROTEÇÃO AMBIENTAL JUNDIAÍ","Angiosperms","Melastomataceae","Leandra","melastomoides","Raddi","MELASTOMATACEAE Leandra melastomoides Raddi","W20160002835","GBIF","W","Wenzel, A.V.A.","s.n.","Native","Latão","Medium","Serra do Japi"
"ÁREA DE PROTEÇÃO AMBIENTAL JUNDIAÍ","Angiosperms","Melastomataceae","Leandra","polystachya","(Naudin) Cogn.","MELASTOMATACEAE Leandra polystachya (Naudin) Cogn.","14386","GBIF","SP","Novaes, J.C.","CGG4148","Native","Ouro","Low","Capoeira"
"ÁREA DE PROTEÇÃO AMBIENTAL JUNDIAÍ","Angiosperms","Melastomataceae","Leandra","purpurascens","(DC.) Cogn.","MELASTOMATACEAE Leandra purpurascens (DC.) Cogn.","MBM049399","Splink","MBM",,"3207","Native","Ouro","Low","10km SW de Jundiaí, Serra do Japi."
"ÁREA DE PROTEÇÃO AMBIENTAL JUNDIAÍ","Angiosperms","Melastomataceae","Leandra","regnellii","(Triana) Cogn.","MELASTOMATACEAE Leandra regnellii (Triana) Cogn.","20576","GBIF","TEPB","Sugiyama, M.",,"Native","Bronze","Medium","Serra do Japi."
"ÁREA DE PROTEÇÃO AMBIENTAL JUNDIAÍ","Angiosperms","Melastomataceae","Leandra","reversa","(DC.) Cogn.","MELASTOMATACEAE Leandra reversa (DC.) Cogn.","74689","GBIF","UEC","Goldenberg, R.","93","Native","Ouro","Low","Serra do Japi, perto do mirante"
"ÁREA DE PROTEÇÃO AMBIENTAL JUNDIAÍ","Angiosperms","Melastomataceae","Leandra","sericea","DC.","MELASTOMATACEAE Leandra sericea DC.","130826","GBIF","ESA","Souza, V.C.","36029","Native","Prata","Low","Fragmento 10 (TAV). Floresta Estacional Semidecidual"
"ÁREA DE PROTEÇÃO AMBIENTAL JUNDIAÍ","Angiosperms","Melastomataceae","Leandra","strigilliflora","(Naudin) Cogn.","MELASTOMATACEAE Leandra strigilliflora (Naudin) Cogn.","20579","GBIF","TEPB","Sugiyama, M.",,"Native","Latão","Medium","Serra do Japi."
"ÁREA DE PROTEÇÃO AMBIENTAL JUNDIAÍ","Angiosperms","Melastomataceae","Leandra","tetraquetra","(Cham.) Cogn.","MELASTOMATACEAE Leandra tetraquetra (Cham.) Cogn.","US 3496669","GBIF","US","Goldenberg, R.","84","Native","Ouro","Low","Serra do Japi."
"ÁREA DE PROTEÇÃO AMBIENTAL JUNDIAÍ","Angiosperms","Melastomataceae","Leandra","variabilis","Raddi","MELASTOMATACEAE Leandra variabilis Raddi","102892","GBIF","UEC","Pansarin, E.R.","353","Native","Ouro","Low","Serra do Japi, Sentido Eloy chaves, próximo a represa do DAE."
"ÁREA DE PROTEÇÃO AMBIENTAL JUNDIAÍ","Angiosperms","Melastomataceae","Leandra","xanthocoma","(Naudin) Cogn.","MELASTOMATACEAE Leandra xanthocoma (Naudin) Cogn.","42499","GBIF","UPCB","Goldenberg, R.","149","Native","Ouro","Low","Serra do Japi. Estrada do Mirante."
"ÁREA DE PROTEÇÃO AMBIENTAL JUNDIAÍ","Angiosperms","Melastomataceae","Macairea","radula","(Bonpl.) DC.","MELASTOMATACEAE Macairea radula (Bonpl.) DC.","187640","GBIF","UEC","Meyer, F.S.","1339","Native","Ouro","High","Serra do Japi, Camping Cascata. Floresta Estacional Semidecídual."
"ÁREA DE PROTEÇÃO AMBIENTAL JUNDIAÍ","Angiosperms","Melastomataceae","Miconia","albicans","(Sw.) Steud.","MELASTOMATACEAE Miconia albicans (Sw.) Steud.","194371","GBIF","UEC","Silva, B.G.","347","Native","Bronze","Low","Parque do Cerrado"
"ÁREA DE PROTEÇÃO AMBIENTAL JUNDIAÍ","Angiosperms","Melastomataceae","Miconia","buddlejoides","Triana","MELASTOMATACEAE Miconia buddlejoides Triana","MBM049398","Splink","MBM",,"3208","Native","Ouro","Low","10km SW de Jundiaí, Serra do Japi."
"ÁREA DE PROTEÇÃO AMBIENTAL JUNDIAÍ","Angiosperms","Melastomataceae","Miconia","chamissois","Naudin","MELASTOMATACEAE Miconia chamissois Naudin","20163","GBIF","IAC","Aranha, C.","1","Native","Bronze","Low",
"ÁREA DE PROTEÇÃO AMBIENTAL JUNDIAÍ","Angiosperms","Melastomataceae","Miconia","cinerascens","Wurdack","MELASTOMATACEAE Miconia cinerascens var. robusta Wurdack","K000837131","GBIF","K","Riedel","48","Native","Ouro","Low",
"ÁREA DE PROTEÇÃO AMBIENTAL JUNDIAÍ","Angiosperms","Melastomataceae","Miconia","cinnamomifolia","(DC.) Naudin","MELASTOMATACEAE Miconia cinnamomifolia (DC.) Naudin","SPSF00018358","Splink","SPSF",,"14","Native","Ouro","Low","IAC, Estação Experimental"
"ÁREA DE PROTEÇÃO AMBIENTAL JUNDIAÍ","Angiosperms","Melastomataceae","Miconia","discolor","DC.","MELASTOMATACEAE Miconia discolor DC.","64077","GBIF","UPCB","Lombardi, J.A.","7378","Native","Ouro","Low","Reserva Biológica Municipal da Serra do Japi, estrada da Cascalheira, depois a direita do Cidinho até além de propriedade particular"
"ÁREA DE PROTEÇÃO AMBIENTAL JUNDIAÍ","Angiosperms","Melastomataceae","Miconia","dodecandra","Cogn.","MELASTOMATACEAE Miconia dodecandra Cogn.","39836","GBIF","UPCB","Goldenberg, R.","396","Native","Ouro","Low","Serra do Japi, Perto do mirante."
"ÁREA DE PROTEÇÃO AMBIENTAL JUNDIAÍ","Angiosperms","Melastomataceae","Miconia","ibaguensis","(Bonpl.) Triana","MELASTOMATACEAE Miconia ibaguensis (Bonpl.) Triana","39840","GBIF","UPCB","Goldenberg, R.","393","Native","Ouro","Low","Serra do Japi, perto do mirante, ca. 1000m altitude."
"ÁREA DE PROTEÇÃO AMBIENTAL JUNDIAÍ","Angiosperms","Melastomataceae","Miconia","inaequidens","(DC.) Naudin","MELASTOMATACEAE Miconia inaequidens (DC.) Naudin","20575","GBIF","TEPB","Sugiyama, M.",,"Native","Latão","Medium","Serra do Japi."
"ÁREA DE PROTEÇÃO AMBIENTAL JUNDIAÍ","Angiosperms","Melastomataceae","Miconia","latecrenata","(DC.) Naudin","MELASTOMATACEAE Miconia latecrenata (DC.) Naudin","US 3505831","GBIF","US","Goldenberg, R.","s.n.","Native","Ouro","Medium","Serra do Japi, estrada do mirante, perto do portão para o P1"
"ÁREA DE PROTEÇÃO AMBIENTAL JUNDIAÍ","Angiosperms","Melastomataceae","Miconia","ligustroides","(DC.) Naudin","MELASTOMATACEAE Miconia ligustroides (DC.) Naudin","MBM245075","Splink","MBM",,"159","Native","Ouro","Low","Serra do Japi, estrada para O P-1."
"ÁREA DE PROTEÇÃO AMBIENTAL JUNDIAÍ","Angiosperms","Melastomataceae","Miconia","petroniana","Cogn. & Saldanha","MELASTOMATACEAE Miconia petroniana Cogn. & Saldanha","178733","GBIF","UEC","Caetano, A.P.S.","06","Native","Ouro","Low","Serra do Japi. estrada para o mirante."
"ÁREA DE PROTEÇÃO AMBIENTAL JUNDIAÍ","Angiosperms","Melastomataceae","Miconia","petropolitana","Cogn.","MELASTOMATACEAE Miconia petropolitana Cogn.","US 3496665","GBIF","US","Goldenberg, R.","s.n.","Native","Ouro","Medium","Serra do Japi, a 500 m da base"
"ÁREA DE PROTEÇÃO AMBIENTAL JUNDIAÍ","Angiosperms","Melastomataceae","Miconia","pusilliflora","(DC.) Naudin","MELASTOMATACEAE Miconia pusilliflora (DC.) Naudin","96386","GBIF","UEC","Pirani, J.R.","s.n.","Native","Ouro","Medium","Serra do Japi - Estrada do Mirante"
"ÁREA DE PROTEÇÃO AMBIENTAL JUNDIAÍ","Angiosperms","Melastomataceae","Miconia","rubiginosa","(Bonpl.) DC.","MELASTOMATACEAE Miconia rubiginosa (Bonpl.) DC.","55374","GBIF","IAC","Pires, T.P.","64","Native","Bronze","Low","Parque do Cerrado"
"ÁREA DE PROTEÇÃO AMBIENTAL JUNDIAÍ","Angiosperms","Melastomataceae","Miconia","sellowiana","Naudin","MELASTOMATACEAE Miconia sellowiana Naudin","US 3505830","GBIF","US","Goldenberg, R.","s.n.","Native","Ouro","Medium","Serra do Japi, perto do mirante"
"ÁREA DE PROTEÇÃO AMBIENTAL JUNDIAÍ","Angiosperms","Melastomataceae","Miconia","theaezans","(Bonpl.) Cogn.","MELASTOMATACEAE Miconia theaezans (Bonpl.) Cogn.","2823","GBIF","SHPR","Biral, L.","3216","Native","Ouro","Low","Reserva Biológica Municipal da Serra do Japi."
"ÁREA DE PROTEÇÃO AMBIENTAL JUNDIAÍ","Angiosperms","Melastomataceae","Miconia","trianae","Cogn.","MELASTOMATACEAE Miconia trianae Cogn.","US 3505829","GBIF","US","Goldenberg, R.","s.n.","Native","Ouro","Medium","Serra do Japi, perto do mirante"
"ÁREA DE PROTEÇÃO AMBIENTAL JUNDIAÍ","Angiosperms","Melastomataceae","Miconia","tristis","Spring","MELASTOMATACEAE Miconia tristis Spring","132779","GBIF","UEC","Pansarin, E.R.","126","Native","Ouro","Low","Serra do Japi, Sentido bairro Eloy Chaves, próximo à Represa do DAE."
"ÁREA DE PROTEÇÃO AMBIENTAL JUNDIAÍ","Angiosperms","Melastomataceae","Microlicia","isophylla","DC.","MELASTOMATACEAE Microlicia isophylla DC.","5961","GBIF","SP","Brade, A.C.","7449","Native","Bronze","Low",
"ÁREA DE PROTEÇÃO AMBIENTAL JUNDIAÍ","Angiosperms","Melastomataceae","Ossaea","amygdaloides","(DC.) Triana","MELASTOMATACEAE Ossaea amygdaloides (DC.) Triana","MBM245059","Splink","MBM",,"157","Native","Ouro","Low","Serra do Japi, estrada para planalto."
"ÁREA DE PROTEÇÃO AMBIENTAL JUNDIAÍ","Angiosperms","Melastomataceae","Ossaea","confertiflora","(DC.) Triana","MELASTOMATACEAE Ossaea confertiflora (DC.) Triana","MBM245058","Splink","MBM",,"402","Native","Ouro","Low","Serra do Japi, estrada para o mirante."
"ÁREA DE PROTEÇÃO AMBIENTAL JUNDIAÍ","Angiosperms","Melastomataceae","Ossaea","marginata","(Desr.) Triana","MELASTOMATACEAE Ossaea marginata (Desr.) Triana","64083","GBIF","UPCB","Lombardi, J.A.","6878","Native","Ouro","Low","Reserva Biológica Municipal da Serra do Japi, trilha Base/Passarinheiros/Base"
"ÁREA DE PROTEÇÃO AMBIENTAL JUNDIAÍ","Angiosperms","Melastomataceae","Pleroma","granulosum","(Desr.) D. Don","MELASTOMATACEAE Pleroma granulosum (Desr.) D. Don","29249","GBIF","SJRP","Demite, P.R.","s.n.","Native","Latão","Medium","Serra do Japi"
"ÁREA DE PROTEÇÃO AMBIENTAL JUNDIAÍ","Angiosperms","Melastomataceae","Pleroma","molle","(Cham.) Triana","MELASTOMATACEAE Pleroma molle (Cham.) Triana","US 389748","GBIF","US","Novaes, J.","580","Native","Ouro","Low",
"ÁREA DE PROTEÇÃO AMBIENTAL JUNDIAÍ","Angiosperms","Melastomataceae","Pleroma","mutabile","(Vell.) Triana","MELASTOMATACEAE Pleroma mutabile (Vell.) Triana","67214975","GBIF","Observations","Guto_carvalho",,"Native","Bronze","Low","Jundiaí - SP, Brasil"
"ÁREA DE PROTEÇÃO AMBIENTAL JUNDIAÍ","Angiosperms","Melastomataceae","Pleroma","raddianum","(DC.) Gardner","MELASTOMATACEAE Pleroma raddianum (DC.) Gardner","IBGE00021434","GBIF","IBGE","Leitao Filho, H.F.","16375","Native","Ouro","Low","Serra Japí. Coordenada Calculada."
"ÁREA DE PROTEÇÃO AMBIENTAL JUNDIAÍ","Angiosperms","Melastomataceae","Pleroma","sellowianum","(Cham.) P.J.F.Guim. & Michelang.","MELASTOMATACEAE Pleroma sellowianum (Cham.) P.J.F.Guim. & Michelang.","39844","GBIF","UPCB","Goldenberg, R.","155","Native","Ouro","Low","Serra do Japi, mirante."
"ÁREA DE PROTEÇÃO AMBIENTAL JUNDIAÍ","Angiosperms","Melastomataceae","Pleroma","semidecandrum","(Schrank et Mart. ex DC.) Triana","MELASTOMATACEAE Pleroma semidecandrum (Schrank et Mart. ex DC.) Triana","HRCB082807","Splink","HRCB",,"97/47","Native","Ouro","Low","Serra do Japi, Bairro Eloy Chaves, próximo à represa do DAE."
"ÁREA DE PROTEÇÃO AMBIENTAL JUNDIAÍ","Angiosperms","Melastomataceae","Pleroma","stenocarpum","(Schrank et Mart. ex DC.) Triana","MELASTOMATACEAE Pleroma stenocarpum (Schrank et Mart. ex DC.) Triana","28680","Splink","IAC",,"26","Native","Ouro","Low","IAC, Estação Experimental"
"ÁREA DE PROTEÇÃO AMBIENTAL JUNDIAÍ","Angiosperms","Melastomataceae","Pterolepis","repanda","(DC.) Triana","MELASTOMATACEAE Pterolepis repanda (DC.) Triana","4237","GBIF","SP","Puiggari, J.J.","CGG2556","Native","Bronze","Low","Fazenda Rio das Pedras, campo limpo."
"ÁREA DE PROTEÇÃO AMBIENTAL JUNDIAÍ","Angiosperms","Melastomataceae","Tibouchina",,"Aubl.","MELASTOMATACEAE Tibouchina Aubl.","187714","GBIF","UEC","Meyer, F.S.","1338 M",,"Ouro","High","Serra do Japi, Camping Cascata. Floresta Estacional Semidecídual."
"ÁREA DE PROTEÇÃO AMBIENTAL JUNDIAÍ","Angiosperms","Meliaceae","Cabralea","canjerana","(Vell.) Mart.","MELIACEAE Cabralea canjerana subsp. canjerana (Vell.) Mart.","HRCB047704","Splink","HRCB",,"6736","Native","Latão","Low","Reserva Biológica Municipal da Serra do Japi, trilha Base/Passarinheiros/Av. Brasil até próximo a Rodovia Bandeirantes/Base"
"ÁREA DE PROTEÇÃO AMBIENTAL JUNDIAÍ","Angiosperms","Meliaceae","Cedrela","fissilis","Vell.","MELIACEAE Cedrela fissilis Vell.","40282","GBIF","UEC","Morellato, L.P.C.","16723","Native","Ouro","Low","Serra do Japi"
"ÁREA DE PROTEÇÃO AMBIENTAL JUNDIAÍ","Angiosperms","Meliaceae","Cedrela","odorata","L.","MELIACEAE Cedrela odorata L.","50654","GBIF","HRCB","Lombardi, J.A.","7516","Native","Latão","Low","Reserva Biológica Municipal da Serra do Japi, próximo a porteira da Base"
"ÁREA DE PROTEÇÃO AMBIENTAL JUNDIAÍ","Angiosperms","Meliaceae","Guarea","guidonia","(L.) Sleumer","MELIACEAE Guarea guidonia (L.) Sleumer","71466","GBIF","BHCB","Figueiredo, R.A.","P8","Native","Latão","Low","Serra do Japi"
"ÁREA DE PROTEÇÃO AMBIENTAL JUNDIAÍ","Angiosperms","Meliaceae","Guarea","macrophylla","(A.Juss.) T.D.Penn.","MELIACEAE Guarea macrophylla subsp. spiciflora (A.Juss.) T.D.Penn.","45117","GBIF","UEC","Morellato-Fonzar, L.P.C.","19760","Native","Ouro","Low","Serra do Japi"
"ÁREA DE PROTEÇÃO AMBIENTAL JUNDIAÍ","Angiosperms","Meliaceae","Guarea","macrophylla","(Vell.) T.D.Penn.","MELIACEAE Guarea macrophylla subsp. tuberculata (Vell.) T.D.Penn.","W20050007274","GBIF","W","Assis, L.C.S.","1071","Native","Ouro","Low","Serra do Japi"
"ÁREA DE PROTEÇÃO AMBIENTAL JUNDIAÍ","Angiosperms","Meliaceae","Melia","azedarach","L.","MELIACEAE Melia azedarach L.",,"GBIF",,,,"Naturalized","Latão","Low",
"ÁREA DE PROTEÇÃO AMBIENTAL JUNDIAÍ","Angiosperms","Meliaceae","Trichilia","casaretti","C.DC.","MELIACEAE Trichilia casaretti C.DC.","SPSF00048051","Splink","SPSF",,,"Native","Bronze","Low",
"ÁREA DE PROTEÇÃO AMBIENTAL JUNDIAÍ","Angiosperms","Meliaceae","Trichilia","catigua","A.Juss.","MELIACEAE Trichilia catigua A.Juss.","SPSF00020644","Splink","SPSF",,"667","Native","Ouro","Low","Serra do Japi"
"ÁREA DE PROTEÇÃO AMBIENTAL JUNDIAÍ","Angiosperms","Meliaceae","Trichilia","clausseni","C.DC.","MELIACEAE Trichilia clausseni C.DC.","55978","GBIF","IAC","Nardin, C.F.","197","Native","Bronze","Low","Fragmento I"
"ÁREA DE PROTEÇÃO AMBIENTAL JUNDIAÍ","Angiosperms","Meliaceae","Trichilia","elegans","A.Juss.","MELIACEAE Trichilia elegans subsp. elegans A.Juss.","11352","GBIF","UEC","Leitao Filho, H.F.","3155","Native","Ouro","Low","Serra do Japí."
"ÁREA DE PROTEÇÃO AMBIENTAL JUNDIAÍ","Angiosperms","Meliaceae","Trichilia","pallens","C.DC.","MELIACEAE Trichilia pallens C.DC.","26828","GBIF","UEC","Leitao Filho, H.F.","13113","Native","Ouro","Low","Nativo na Mata da Serra do Japí."
"ÁREA DE PROTEÇÃO AMBIENTAL JUNDIAÍ","Angiosperms","Meliaceae","Trichilia","pallida","Sw.","MELIACEAE Trichilia pallida Sw.","SPSF00032341","Splink","SPSF",,"296","Native","Ouro","Low","Serra do Japí."
"ÁREA DE PROTEÇÃO AMBIENTAL JUNDIAÍ","Angiosperms","Menispermaceae","Abuta","selloana","Eichler","MENISPERMACEAE Abuta selloana Eichler","2845","GBIF","SHPR","Biral, L.","3238","Native","Ouro","Low","Reserva Biológica Municipal da Serra do Japi."
"ÁREA DE PROTEÇÃO AMBIENTAL JUNDIAÍ","Angiosperms","Menispermaceae","Cissampelos","pareira","L.","MENISPERMACEAE Cissampelos pareira L.","49347","GBIF","HRCB","Lombardi, J.A.","7250","Native","Latão","Low","Reserva Biológica Municipal da Serra do Japi, Base-Cidinho-estrada da Cascalheira-Base"
"ÁREA DE PROTEÇÃO AMBIENTAL JUNDIAÍ","Angiosperms","Menispermaceae","Hyperbaena","oblongifolia","(Eichler) Chodat & Hassl.","MENISPERMACEAE Hyperbaena oblongifolia (Eichler) Chodat & Hassl.","154261","GBIF","UEC","Leitao Filho, H.F.","23237","Native","Bronze","Low","Mata Residual na Rodovia para Jarinú"
"ÁREA DE PROTEÇÃO AMBIENTAL JUNDIAÍ","Angiosperms","Menispermaceae","Odontocarya","acuparata","Miers","MENISPERMACEAE Odontocarya acuparata Miers","84954","GBIF","UEC","Bernacci, L.C.","67","Native","Ouro","Low","IAC, Estação Experimental"
"ÁREA DE PROTEÇÃO AMBIENTAL JUNDIAÍ","Angiosperms","Monimiaceae","Mollinedia","argyrogyna","Perkins","MONIMIACEAE Mollinedia argyrogyna Perkins","48457","GBIF","HRCB","Lombardi, J.A.","6907","Native","Latão","Low","Reserva Biológica Municipal da Serra do Japi, trilha Base/Mirante/DAE/Filipini/Base"
"ÁREA DE PROTEÇÃO AMBIENTAL JUNDIAÍ","Angiosperms","Monimiaceae","Mollinedia","clavigera","Tul.","MONIMIACEAE Mollinedia clavigera Tul.","49657","GBIF","HRCB","Lombardi, J.A.","7375","Native","Latão","Low","Reserva Biológica Municipal da Serra do Japi, estrada da Cascalheira, depois a direita do Cidinho até além de propriedade particular"
"ÁREA DE PROTEÇÃO AMBIENTAL JUNDIAÍ","Angiosperms","Monimiaceae","Mollinedia","elegans","Tul.","MONIMIACEAE Mollinedia elegans Tul.","35212","GBIF","UEC","Morellato, L.P.C.","s.n.","Native","Ouro","Medium","Serra do Japi, mirante"
"ÁREA DE PROTEÇÃO AMBIENTAL JUNDIAÍ","Angiosperms","Monimiaceae","Mollinedia","uleana","Perkins","MONIMIACEAE Mollinedia uleana Perkins","49357","GBIF","MBM","Leitao Filho, H.F.","2537","Native","Ouro","Low","Serra do Japi"
"ÁREA DE PROTEÇÃO AMBIENTAL JUNDIAÍ","Angiosperms","Monimiaceae","Mollinedia","widgrenii","A.DC.","MONIMIACEAE Mollinedia widgrenii A.DC.","22238","GBIF","IAC","Souza, H.M.","s/nº","Native","Ouro","Low","IAC, Estação Experimental (Ex. DEMA)"
"ÁREA DE PROTEÇÃO AMBIENTAL JUNDIAÍ","Angiosperms","Moraceae","Ficus","enormis","Mart. ex Miq.","MORACEAE Ficus enormis Mart. ex Miq.","163971","GBIF","HUEFS","Lombardi, J.A.","7080","Native","Ouro","Low","Reserva Biológica Municipal da Serra do Japi, Base-Cidinho-estrada da Cascalheira-Av. Brasil Tamega-Base"
"ÁREA DE PROTEÇÃO AMBIENTAL JUNDIAÍ","Angiosperms","Moraceae","Ficus","luschnathiana","(Miq.) Miq.","MORACEAE Ficus luschnathiana (Miq.) Miq.","40344","GBIF","UEC","Morellato-Fonzar, L.P.C.","16830","Native","Ouro","Low","Serra do Japi, Mirante"
"ÁREA DE PROTEÇÃO AMBIENTAL JUNDIAÍ","Angiosperms","Moraceae","Morus","nigra","L.","MORACEAE Morus nigra L.","48330","GBIF","HRCB","Lombardi, J.A.","6846","Cultivated","Latão","Low","Reserva Biológica Municipal da Serra do Japi, Base-Mirante-estrada para DAE"
"ÁREA DE PROTEÇÃO AMBIENTAL JUNDIAÍ","Angiosperms","Moraceae","Sorocea","bonplandii","(Baill.) W.C.Burger et al.","MORACEAE Sorocea bonplandii (Baill.) W.C.Burger et al.","SPSF00032369","Splink","SPSF",,"316","Native","Latão","Low","Serra do Japi."
"ÁREA DE PROTEÇÃO AMBIENTAL JUNDIAÍ","Angiosperms","Myrtaceae","Campomanesia","adamantium","(Cambess.) O.Berg","MYRTACEAE Campomanesia adamantium (Cambess.) O.Berg","55253","GBIF","IAC","Pires, T.P.","50","Native","Bronze","Low","Cerrado Fazgran"
"ÁREA DE PROTEÇÃO AMBIENTAL JUNDIAÍ","Angiosperms","Myrtaceae","Campomanesia","guaviroba","(DC.) Kiaersk.","MYRTACEAE Campomanesia guaviroba (DC.) Kiaersk.","40641","GBIF","UEC","Morellato-Fonzar, L.P.C.","16801","Native","Bronze","Low","Serra do Japi, Entrada para Ermida"
"ÁREA DE PROTEÇÃO AMBIENTAL JUNDIAÍ","Angiosperms","Myrtaceae","Campomanesia","guazumifolia","(Cambess.) O.Berg","MYRTACEAE Campomanesia guazumifolia (Cambess.) O.Berg","162312","GBIF","HUEFS","Lombardi, J.A.","7507","Native","Ouro","Low","Reserva biológica municipal da Serra do Japi, trilha base/passarinheiros/base."
"ÁREA DE PROTEÇÃO AMBIENTAL JUNDIAÍ","Angiosperms","Myrtaceae","Campomanesia","neriiflora","(O.Berg) Nied.","MYRTACEAE Campomanesia neriiflora (O.Berg) Nied.","46834","GBIF","UEC","Morellato-Fonzar, L.P.C.","16727","Native","Ouro","Low","Serra do Japi"
"ÁREA DE PROTEÇÃO AMBIENTAL JUNDIAÍ","Angiosperms","Myrtaceae","Campomanesia","pubescens","(Mart. ex DC.) O.Berg","MYRTACEAE Campomanesia pubescens (Mart. ex DC.) O.Berg","2309","GBIF","IAC","Viegas, A.P.","s/nº","Native","Ouro","Low","Serra dos Cristais"
"ÁREA DE PROTEÇÃO AMBIENTAL JUNDIAÍ","Angiosperms","Myrtaceae","Campomanesia","xanthocarpa","(Mart.) O.Berg","MYRTACEAE Campomanesia xanthocarpa (Mart.) O.Berg","155888","GBIF","HUEFS","Souza, H.M.","1095","Native","Ouro","Low",
"ÁREA DE PROTEÇÃO AMBIENTAL JUNDIAÍ","Angiosperms","Myrtaceae","Eucalyptus","amygdalina","Labill.","MYRTACEAE Eucalyptus amygdalina Labill.","SPSF00005001","Splink","SPSF",,"40","Cultivated","Bronze","Low","Horto Florestal."
"ÁREA DE PROTEÇÃO AMBIENTAL JUNDIAÍ","Angiosperms","Myrtaceae","Eucalyptus","exserta","F.Muell.","MYRTACEAE Eucalyptus exserta F.Muell.","SPSF00052991","Splink","SPSF",,"51","Cultivated","Bronze","Low","Horto Florestal."
"ÁREA DE PROTEÇÃO AMBIENTAL JUNDIAÍ","Angiosperms","Myrtaceae","Eucalyptus","gomphocephala","DC.","MYRTACEAE Eucalyptus gomphocephala DC.","SPSF00004513","Splink","SPSF",,"560","Cultivated","Latão","Low","Horto Florestal."
"ÁREA DE PROTEÇÃO AMBIENTAL JUNDIAÍ","Angiosperms","Myrtaceae","Eucalyptus","longifolia","Link","MYRTACEAE Eucalyptus longifolia Link","14093","GBIF","IAC",,"s/nº","Cultivated","Bronze","Low","Horto"
"ÁREA DE PROTEÇÃO AMBIENTAL JUNDIAÍ","Angiosperms","Myrtaceae","Eucalyptus","tereticornis","Sm.","MYRTACEAE Eucalyptus tereticornis Sm.","SPSF00052825","Splink","SPSF",,"s/n","Cultivated","Bronze","Low",
"ÁREA DE PROTEÇÃO AMBIENTAL JUNDIAÍ","Angiosperms","Myrtaceae","Eugenia","acutata","Miq.","MYRTACEAE Eugenia acutata Miq.","313242","GBIF","SP","Mendacolli, S.L.J.","1416","Native","Bronze","Low","Estação Experimental do IAC"
"ÁREA DE PROTEÇÃO AMBIENTAL JUNDIAÍ","Angiosperms","Myrtaceae","Eugenia","aurata","O.Berg","MYRTACEAE Eugenia aurata O.Berg","55371","GBIF","IAC","Pires, T.P.","61","Native","Bronze","Low","Parque do Cerrado"
"ÁREA DE PROTEÇÃO AMBIENTAL JUNDIAÍ","Angiosperms","Myrtaceae","Eugenia","bimarginata","DC.","MYRTACEAE Eugenia bimarginata DC.","55263","GBIF","IAC","Pires, T.P.","42","Native","Bronze","Low","Cerrado Fazgran"
"ÁREA DE PROTEÇÃO AMBIENTAL JUNDIAÍ","Angiosperms","Myrtaceae","Eugenia","brasiliensis","Lam.","MYRTACEAE Eugenia brasiliensis Lam.","41036","GBIF","UEC","Kinjo, S.","16544","Native","Ouro","Low","Serra do Japí"
"ÁREA DE PROTEÇÃO AMBIENTAL JUNDIAÍ","Angiosperms","Myrtaceae","Eugenia","florida","DC.","MYRTACEAE Eugenia florida DC.","169281","GBIF","UEC","Santos, K.","3794","Native","Bronze","Low","Mata do Macuco (Fragmento G1); àrea total: 41,8 ha."
"ÁREA DE PROTEÇÃO AMBIENTAL JUNDIAÍ","Angiosperms","Myrtaceae","Eugenia","francavilleana","O.Berg","MYRTACEAE Eugenia francavilleana O.Berg","26809","GBIF","UEC","Leitao Filho, H.F.","13092","Native","Ouro","Low","Serra do Japi"
"ÁREA DE PROTEÇÃO AMBIENTAL JUNDIAÍ","Angiosperms","Myrtaceae","Eugenia","involucrata","DC.","MYRTACEAE Eugenia involucrata DC.","SPSF00013158","Splink","SPSF",,"326","Native","Ouro","Low","Tijuco Preto."
"ÁREA DE PROTEÇÃO AMBIENTAL JUNDIAÍ","Angiosperms","Myrtaceae","Eugenia","kleinii","D.Legrand","MYRTACEAE Eugenia kleinii D.Legrand","COR00011376","Splink","COR",,"1416","Native","Ouro","Low","Serra do Japi, Base de estudo de ecologia e educação ambiental Miguel Castarde, trilha do Mirante, borda da trilha"
"ÁREA DE PROTEÇÃO AMBIENTAL JUNDIAÍ","Angiosperms","Myrtaceae","Eugenia","ligustrina","(Sw.) Willd.","MYRTACEAE Eugenia ligustrina (Sw.) Willd.","40588","GBIF","UEC","Webster, G.L.","25417","Native","Ouro","Low","Serra do Japi"
"ÁREA DE PROTEÇÃO AMBIENTAL JUNDIAÍ","Angiosperms","Myrtaceae","Eugenia","longipedunculata","Nied.","MYRTACEAE Eugenia longipedunculata Nied.","ESA156709","Splink","ESA",,"6837","Native","Ouro","Low","Reserva Biológica Municipal da Serra do Japi, Base-Mirante-estrada para DAE"
"ÁREA DE PROTEÇÃO AMBIENTAL JUNDIAÍ","Angiosperms","Myrtaceae","Eugenia","neomyrtifolia","Sobral","MYRTACEAE Eugenia neomyrtifolia Sobral","65225","GBIF","SPF","Hoehne, F.C.","s.n.","Native","Ouro","High","Serra do Japi"
"ÁREA DE PROTEÇÃO AMBIENTAL JUNDIAÍ","Angiosperms","Myrtaceae","Eugenia","neosilvestris","Sobral","MYRTACEAE Eugenia neosilvestris Sobral","128854","GBIF","BHCB","Lombardi, J.A.","6834","Native","Ouro","Low","Reserva Biológica Municipal da Serra do Japi, Base-Mirante-estrada para DAE"
"ÁREA DE PROTEÇÃO AMBIENTAL JUNDIAÍ","Angiosperms","Myrtaceae","Eugenia","neoverrucosa","Sobral","MYRTACEAE Eugenia neoverrucosa Sobral","094507","Splink","ICN",,"13128","Native","Ouro","Low","Serra do Japi"
"ÁREA DE PROTEÇÃO AMBIENTAL JUNDIAÍ","Angiosperms","Myrtaceae","Eugenia","paracatuana","O.Berg","MYRTACEAE Eugenia paracatuana O.Berg","29308","GBIF","IAC","Jung-Mendacolli, S.L.","621","Native","Ouro","Low","IAC, Estação Experimental"
"ÁREA DE PROTEÇÃO AMBIENTAL JUNDIAÍ","Angiosperms","Myrtaceae","Eugenia","pluriflora","DC.","MYRTACEAE Eugenia pluriflora DC.","37376","GBIF","IAC","Jung-Mendacolli, S.L.","930","Native","Ouro","Low","IAC, Estação Experimental"
"ÁREA DE PROTEÇÃO AMBIENTAL JUNDIAÍ","Angiosperms","Myrtaceae","Eugenia","prasina","O.Berg","MYRTACEAE Eugenia prasina O.Berg","1791","GBIF","HUFSJ","Lombardi, J.A.","7339","Native","Ouro","Low","Reserva Biológica Municipal da Serra do Japi, trilha Base/trilha a esquerda da Base/Cidinho/trilha a esquerda do antigo Viveiro de mudas."
"ÁREA DE PROTEÇÃO AMBIENTAL JUNDIAÍ","Angiosperms","Myrtaceae","Eugenia","pruniformis","Cambess.","MYRTACEAE Eugenia pruniformis Cambess.","1800","GBIF","HUFSJ","Lombardi, J.A.","6861","Native","Ouro","Low","Reserva Biológica Municipal da Serra do Japi, trilha Base/Passarinheiros/Base"
"ÁREA DE PROTEÇÃO AMBIENTAL JUNDIAÍ","Angiosperms","Myrtaceae","Eugenia","punicifolia","(Kunth) DC.","MYRTACEAE Eugenia punicifolia (Kunth) DC.","26716","GBIF","SP","Novaes, J.C.","CGG4122","Native","Ouro","Low","Campo."
"ÁREA DE PROTEÇÃO AMBIENTAL JUNDIAÍ","Angiosperms","Myrtaceae","Eugenia","pyriformis","Cambess.","MYRTACEAE Eugenia pyriformis Cambess.","SPSF00032489","Splink","SPSF",,"329","Native","Ouro","Low","Bairro Tijuco Preto."
"ÁREA DE PROTEÇÃO AMBIENTAL JUNDIAÍ","Angiosperms","Myrtaceae","Eugenia","sonderiana","O.Berg","MYRTACEAE Eugenia sonderiana O.Berg","56129","GBIF","IAC","Nardin, C.F.","249","Native","Bronze","Low","Fragmento O"
"ÁREA DE PROTEÇÃO AMBIENTAL JUNDIAÍ","Angiosperms","Myrtaceae","Eugenia","sulcata","Spring ex Mart.","MYRTACEAE Eugenia sulcata Spring ex Mart.","38215","GBIF","IAC","Jung-Mendacolli, S.L.","1044","Native","Ouro","Low","IAC, Estação Experimental"
"ÁREA DE PROTEÇÃO AMBIENTAL JUNDIAÍ","Angiosperms","Myrtaceae","Eugenia","umbellata","Spreng.","MYRTACEAE Eugenia umbellata Spreng.","91840","GBIF","BHCB","Jung-Mendacolli, S.L.","947","Native","Ouro","Low","IAC, Estação Experimental"
"ÁREA DE PROTEÇÃO AMBIENTAL JUNDIAÍ","Angiosperms","Myrtaceae","Eugenia","uniflora","L.","MYRTACEAE Eugenia uniflora L.",,"GBIF",,,,"Native","Latão","Low",
"ÁREA DE PROTEÇÃO AMBIENTAL JUNDIAÍ","Angiosperms","Myrtaceae","Myrcia","bella","Cambess.","MYRTACEAE Myrcia bella Cambess.","194372","GBIF","UEC","Silva, B.G.","344","Native","Bronze","Low","Parque do Cerrado"
"ÁREA DE PROTEÇÃO AMBIENTAL JUNDIAÍ","Angiosperms","Myrtaceae","Myrcia","brasiliensis","Kiaersk.","MYRTACEAE Myrcia brasiliensis Kiaersk.","56127","GBIF","IAC","Nardin, C.F.","248","Native","Bronze","Low","Frag O"
"ÁREA DE PROTEÇÃO AMBIENTAL JUNDIAÍ","Angiosperms","Myrtaceae","Myrcia","hebepetala","DC.","MYRTACEAE Myrcia hebepetala DC.","SPSF00028223","Splink","SPSF",,"152","Native","Ouro","Low","Parte baixa da Serra do Japi"
"ÁREA DE PROTEÇÃO AMBIENTAL JUNDIAÍ",,"Myrtaceae","Myrcia","nivea|Myrcia","Cambess.|(Aubl.) DC.","MYRTACEAE Myrcia nivea Cambess.|Myrcia tomentosa (Aubl.) DC.","BOTU026668","Splink","BOTU",,"140",,"Ouro","Low","Parte baixa da Serra do Japi"
"ÁREA DE PROTEÇÃO AMBIENTAL JUNDIAÍ","Angiosperms","Myrtaceae","Myrcia","retorta","Cambess.","MYRTACEAE Myrcia retorta Cambess.","49347","GBIF","MBM","Leitao Filho, H.F.","3133","Native","Ouro","Low","Serra do Japí, ca. 10 Km SW de Jundiaí."
"ÁREA DE PROTEÇÃO AMBIENTAL JUNDIAÍ","Angiosperms","Myrtaceae","Myrcia","selloi","(Spreng.) N.Silveira","MYRTACEAE Myrcia selloi (Spreng.) N.Silveira","4618","GBIF","HUFU","Ccj.","70","Native","Ouro","Low","Serra do Japí, Trilha para Paraíso III."
"ÁREA DE PROTEÇÃO AMBIENTAL JUNDIAÍ","Angiosperms","Myrtaceae","Myrcia","splendens","(Sw.) DC.","MYRTACEAE Myrcia splendens (Sw.) DC.","SPSF00013152","Splink","SPSF",,"328","Native","Ouro","Low","Serra do Japi."
"ÁREA DE PROTEÇÃO AMBIENTAL JUNDIAÍ","Angiosperms","Myrtaceae","Myrcia","subcordata","DC.","MYRTACEAE Myrcia subcordata DC.","166165","GBIF","SPF","Assis, L.C.S.","1063","Native","Ouro","Low","Reserva Biológica Municipal da Serra do Japi"
"ÁREA DE PROTEÇÃO AMBIENTAL JUNDIAÍ","Angiosperms","Myrtaceae","Myrcia","undulata","O.Berg","MYRTACEAE Myrcia undulata O.Berg","196859","GBIF","UEC","Pires, T.P.","77","Native","Latão","Low","Serra do Japi"
"ÁREA DE PROTEÇÃO AMBIENTAL JUNDIAÍ","Angiosperms","Myrtaceae","Myrcia","venulosa","DC.","MYRTACEAE Myrcia venulosa DC.","4601","GBIF","HUFU","Ccj.","53","Native","Ouro","Low","Serra do Japí, Trilha do Retorno."
"ÁREA DE PROTEÇÃO AMBIENTAL JUNDIAÍ","Angiosperms","Myrtaceae","Myrciaria","floribunda","(H.West ex Willd.) O.Berg","MYRTACEAE Myrciaria floribunda (H.West ex Willd.) O.Berg","SPSF00032495","Splink","SPSF",,"335","Native","Ouro","Low","Tijuco Preto."
"ÁREA DE PROTEÇÃO AMBIENTAL JUNDIAÍ","Angiosperms","Myrtaceae","Myrciaria","glazioviana","(Kiaersk.) G.M.Barroso ex Sobral","MYRTACEAE Myrciaria glazioviana (Kiaersk.) G.M.Barroso ex Sobral","ESAL000017894","Splink","ESAL",,"s.n.","Native","Ouro","Low","Chácara Estrarts"
"ÁREA DE PROTEÇÃO AMBIENTAL JUNDIAÍ","Angiosperms","Myrtaceae","Myrciaria","tenella","(DC.) O.Berg","MYRTACEAE Myrciaria tenella (DC.) O.Berg","168235","GBIF","UB","Paula, J.E.","3247","Native","Latão","Low","Tabuleiro."
"ÁREA DE PROTEÇÃO AMBIENTAL JUNDIAÍ","Angiosperms","Myrtaceae","Myrciaria","trunciflora","O.Berg","MYRTACEAE Myrciaria trunciflora O.Berg","31006","GBIF","SP","Hoehne, F.C.","s.n.",,"Bronze","High","Serra do Japi."
"ÁREA DE PROTEÇÃO AMBIENTAL JUNDIAÍ","Angiosperms","Myrtaceae","Neomitranthes","obscura","(DC.) N.Silveira","MYRTACEAE Neomitranthes obscura (DC.) N.Silveira","HRB00011258","Splink","HRB",,"14","Native","Latão","Low","Ilha de São Sebastião Folha Cartográfica SF.23-Y-D."
"ÁREA DE PROTEÇÃO AMBIENTAL JUNDIAÍ","Angiosperms","Myrtaceae","Pimenta","pseudocaryophyllus","(Gomes) Landrum","MYRTACEAE Pimenta pseudocaryophyllus (Gomes) Landrum","152318","GBIF","UEC","Caselli, C.B.","s.n.","Native","Bronze","Low","Serra do Japi, Mata semidecídua"
"ÁREA DE PROTEÇÃO AMBIENTAL JUNDIAÍ","Angiosperms","Myrtaceae","Plinia","pseudodichasiantha","(Kiaersk.) G.M.Barroso ex Sobral","MYRTACEAE Plinia pseudodichasiantha (Kiaersk.) G.M.Barroso ex Sobral","3414458","GBIF","MO","Sugiyama","340","Native","Ouro","Low","Serra do Japi."
"ÁREA DE PROTEÇÃO AMBIENTAL JUNDIAÍ","Angiosperms","Myrtaceae","Psidium","cattleyanum","Sabine","MYRTACEAE Psidium cattleyanum Sabine","91773","GBIF","BHCB","Jung-Mendacolli, S.L.","788","Native","Ouro","Low","IAC, Estação Experimental, ao longo do pomar"
"ÁREA DE PROTEÇÃO AMBIENTAL JUNDIAÍ","Angiosperms","Myrtaceae","Psidium","grandifolium","Mart. ex DC.","MYRTACEAE Psidium grandifolium Mart. ex DC.","55369","GBIF","IAC","Pires, T.P.","59","Native","Bronze","Low","Parque do Cerrado"
"ÁREA DE PROTEÇÃO AMBIENTAL JUNDIAÍ","Angiosperms","Myrtaceae","Psidium","guajava","L.","MYRTACEAE Psidium guajava L.","150350","GBIF","UEC","Garcia, C.S.","003a","Naturalized","Bronze","Low","Bairro Rio Acima"
"ÁREA DE PROTEÇÃO AMBIENTAL JUNDIAÍ","Angiosperms","Myrtaceae","Psidium","guineense","Sw.","MYRTACEAE Psidium guineense Sw.","1056","GBIF","SORO","Jug-Mendacolli, S.L.","1402","Native","Ouro","Low","Estação Experimental do IAC"
"ÁREA DE PROTEÇÃO AMBIENTAL JUNDIAÍ","Angiosperms","Myrtaceae","Psidium","rufum","Mart. ex DC.","MYRTACEAE Psidium rufum Mart. ex DC.","55377","GBIF","IAC","Pires, T.P.","67","Native","Bronze","Low","Parque do Cerrado"
"ÁREA DE PROTEÇÃO AMBIENTAL JUNDIAÍ","Angiosperms","Myrtaceae","Siphoneugena","crassifolia","(DC.) Proença & Sobral","MYRTACEAE Siphoneugena crassifolia (DC.) Proença & Sobral","56125","GBIF","IAC","Nardin, C.F.","246","Native","Bronze","Low","Fragmento O"
"ÁREA DE PROTEÇÃO AMBIENTAL JUNDIAÍ","Angiosperms","Myrtaceae","Siphoneugena","densiflora","O.Berg","MYRTACEAE Siphoneugena densiflora O.Berg","3653","GBIF","HUFSJ","Neves, F.F.'E.","1401","Native","Ouro","Low","Serra do Japi, Base de Estudo em Ecologia e Educação Ambiental Miguel Castarde, trilha do Mirante, borda da trilha"
"ÁREA DE PROTEÇÃO AMBIENTAL JUNDIAÍ","Angiosperms","Myrtaceae","Syzygium","jambos","(L.) Alston","MYRTACEAE Syzygium jambos (L.) Alston",,"GBIF",,,,"Naturalized","Latão","Low",
"ÁREA DE PROTEÇÃO AMBIENTAL JUNDIAÍ","Ferns and Lycophytes","Nephrolepidaceae","Nephrolepis","biserrata","(Sw.) Schott","NEPHROLEPIDACEAE Nephrolepis biserrata (Sw.) Schott",,"GBIF",,,,"Naturalized","Latão","Low",
"ÁREA DE PROTEÇÃO AMBIENTAL JUNDIAÍ","Ferns and Lycophytes","Nephrolepidaceae","Nephrolepis","cordifolia","(L.) C.Presl","NEPHROLEPIDACEAE Nephrolepis cordifolia (L.) C.Presl","155408","GBIF","UEC","Hirai, R.Y.","651","Naturalized","Ouro","Low","Serra do Japi, Na estrada para a torre da TV Cultura."
"ÁREA DE PROTEÇÃO AMBIENTAL JUNDIAÍ","Angiosperms","Nyctaginaceae","Bougainvillea","glabra","Choisy","NYCTAGINACEAE Bougainvillea glabra Choisy","140067776","GBIF","Observations","Capreti, I.",,"Native","Bronze","Low","Aglomeração Urbana de Jundiaí, Jundiaí - SP, 13216, Brasil"
"ÁREA DE PROTEÇÃO AMBIENTAL JUNDIAÍ","Angiosperms","Nyctaginaceae","Bougainvillea","spectabilis","Willd.","NYCTAGINACEAE Bougainvillea spectabilis Willd.","50380","GBIF","HRCB","Lombardi, J.A.","7500","Native","Latão","Low","Reserva Biológica Municipal da Serra do Japi, trilha Base/Mirante/DAE/Base"
"ÁREA DE PROTEÇÃO AMBIENTAL JUNDIAÍ","Angiosperms","Nyctaginaceae","Guapira","hirsuta","(Choisy) Lundell","NYCTAGINACEAE Guapira hirsuta (Choisy) Lundell","FUEL014444","Splink","FUEL",,"940","Native","Prata","Low","Estação Experimental, borda da mata"
"ÁREA DE PROTEÇÃO AMBIENTAL JUNDIAÍ","Angiosperms","Nyctaginaceae","Guapira","opposita","(Vell.) Reitz","NYCTAGINACEAE Guapira opposita (Vell.) Reitz","45109","GBIF","UEC","Morellato-Fonzar, L.P.C.","19758","Native","Ouro","Medium","Serra do Japí"
"ÁREA DE PROTEÇÃO AMBIENTAL JUNDIAÍ","Angiosperms","Nyctaginaceae","Mirabilis","jalapa","L.","NYCTAGINACEAE Mirabilis jalapa L.","37029","GBIF","IAC","Pires, T.P.","11","Naturalized","Bronze","Low",
"ÁREA DE PROTEÇÃO AMBIENTAL JUNDIAÍ","Angiosperms","Nyctaginaceae","Pisonia","ambigua","Heimerl","NYCTAGINACEAE Pisonia ambigua Heimerl","48416","GBIF","HRCB","Lombardi, J.A.","6866","Native","Latão","Low","Reserva Biológica Municipal da Serra do Japi, trilha Base/Passarinheiros/Base"
"ÁREA DE PROTEÇÃO AMBIENTAL JUNDIAÍ","Angiosperms","Ochnaceae","Ouratea","floribunda","(A.St.-Hil.) Engl.","OCHNACEAE Ouratea floribunda (A.St.-Hil.) Engl.","55249","GBIF","IAC","Pires, T.P.","46","Native","Bronze","Low","Cerradão Fazgran"
"ÁREA DE PROTEÇÃO AMBIENTAL JUNDIAÍ","Angiosperms","Ochnaceae","Ouratea","parviflora","(A.DC.) Baill.","OCHNACEAE Ouratea parviflora (A.DC.) Baill.","292788","GBIF","SP","Mendacolli, S.L.J.","1441","Native","Bronze","Medium","Estação Experimental do IAC"
"ÁREA DE PROTEÇÃO AMBIENTAL JUNDIAÍ","Angiosperms","Ochnaceae","Ouratea","parvifolia","(A.St.-Hil.) Engl.","OCHNACEAE Ouratea parvifolia (A.St.-Hil.) Engl.","30278","Splink","IAC",,"1411","Native","Bronze","Low","IAC, Estação Experimental"
"ÁREA DE PROTEÇÃO AMBIENTAL JUNDIAÍ","Angiosperms","Ochnaceae","Ouratea","semiserrata","(Mart. & Nees) Engl.","OCHNACEAE Ouratea semiserrata (Mart. & Nees) Engl.","8285","GBIF","UFMT","Rodrigues, R.R.","16093","Native","Latão","Medium","Serra do Japi, Mirante."
"ÁREA DE PROTEÇÃO AMBIENTAL JUNDIAÍ","Angiosperms","Ochnaceae","Sauvagesia","erecta","L.","OCHNACEAE Sauvagesia erecta L.","131466","GBIF","ESA","Souza, V.C.","36669","Native","Prata","Low","Fragmento 10 (TAV). Floresta Estacional Semidecidual"
"ÁREA DE PROTEÇÃO AMBIENTAL JUNDIAÍ","Angiosperms","Ochnaceae","Sauvagesia","racemosa","A.St.-Hil.","OCHNACEAE Sauvagesia racemosa A.St.-Hil.","IPA0009825","Splink","IPA",,"5177","Native","Bronze","Low","Fazenda Traviú, em terreno úmido à beira de uma lagoa."
"ÁREA DE PROTEÇÃO AMBIENTAL JUNDIAÍ","Angiosperms","Oleaceae","Olea","europaea","L.","OLEACEAE Olea europaea L.","HPL013834","Splink","HPL",,"2575","Cultivated","Bronze","Low","Sítio Sr. José Vallini."
"ÁREA DE PROTEÇÃO AMBIENTAL JUNDIAÍ","Angiosperms","Onagraceae","Fuchsia","regia","(Vell.) Munz","ONAGRACEAE Fuchsia regia (Vell.) Munz","103427","GBIF","UEC","Pansarin, E.R.","391","Native","Bronze","Medium","Serra do Japi, Sentido Eloy Chaves, próximo à represa do DAE."
"ÁREA DE PROTEÇÃO AMBIENTAL JUNDIAÍ","Angiosperms","Onagraceae","Ludwigia","elegans","(Cambess.) H.Hara","ONAGRACEAE Ludwigia elegans (Cambess.) H.Hara","153189","GBIF","SP","Joly, C.A.","6797","Native","Ouro","Medium","Serra do Japi"
"ÁREA DE PROTEÇÃO AMBIENTAL JUNDIAÍ","Angiosperms","Onagraceae","Ludwigia","longifolia","(DC.) H.Hara","ONAGRACEAE Ludwigia longifolia (DC.) H.Hara","111564","GBIF","UEC","Aona, L.Y.S.","665","Native","Ouro","Medium","Serra do Japi, Brejos localizados próximos ao condomínio Ermida."
"ÁREA DE PROTEÇÃO AMBIENTAL JUNDIAÍ","Angiosperms","Onagraceae","Ludwigia","sericea","(Cambess.) H.Hara","ONAGRACEAE Ludwigia sericea (Cambess.) H.Hara","FUEL007369","Splink","FUEL",,"97/34","Native","Ouro","Low","Sítio Branca de Neve, estrada do aeroporto, fundos com o clube de campo Uirapurú, próximo à serra do Japi"
"ÁREA DE PROTEÇÃO AMBIENTAL JUNDIAÍ","Angiosperms","Opiliaceae","Agonandra","excelsa","Griseb.","OPILIACEAE Agonandra excelsa Griseb.","ESA131240","GBIF","ESA","Souza, V.C.","36443","Native","Ouro","Low","Fragmento 7 (TAV). Floresta Estacional Semidecidual"
"ÁREA DE PROTEÇÃO AMBIENTAL JUNDIAÍ","Angiosperms","Orchidaceae","Acianthera","aphthosa","(Lindl.) Pridgeon & M.W.Chase","ORCHIDACEAE Acianthera aphthosa (Lindl.) Pridgeon & M.W.Chase","314","Splink","LBMBP",,,"Native","Ouro","Low",
"ÁREA DE PROTEÇÃO AMBIENTAL JUNDIAÍ","Angiosperms","Orchidaceae","Acianthera","auriculata","(Lindl.) Pridgeon & M.W.Chase","ORCHIDACEAE Acianthera auriculata (Lindl.) Pridgeon & M.W.Chase","132315","GBIF","UEC","Pansarin, E.R.","1106","Native","Ouro","Low","Serra do Japi, Sentido bairro Eloy Chaves, próximo a represa do DAE."
"ÁREA DE PROTEÇÃO AMBIENTAL JUNDIAÍ","Angiosperms","Orchidaceae","Acianthera","leptotifolia","(Barb.Rodr.) Pridgeon & M.W.Chase","ORCHIDACEAE Acianthera leptotifolia (Barb.Rodr.) Pridgeon & M.W.Chase","244","Splink","LBMBP",,,"Native","Ouro","Low",
"ÁREA DE PROTEÇÃO AMBIENTAL JUNDIAÍ","Angiosperms","Orchidaceae","Acianthera","luteola","(Lindl.) Pridgeon & M.W.Chase","ORCHIDACEAE Acianthera luteola (Lindl.) Pridgeon & M.W.Chase","133852","GBIF","UEC","Pansarin, E.R.","1147","Native","Ouro","Low","Serra do Japi, Sentido bairro Eloy Chaves, próximo a represa do DAE."
"ÁREA DE PROTEÇÃO AMBIENTAL JUNDIAÍ","Angiosperms","Orchidaceae","Acianthera","ochreata","(Lindl.) Pridgeon & M.W.Chase","ORCHIDACEAE Acianthera ochreata (Lindl.) Pridgeon & M.W.Chase","95452","GBIF","UEC","Pansarin, E.R.","141","Native","Ouro","Low","Serra do Japi, Sentido bairro Eloy Chaves, próximo à represa do DAE."
"ÁREA DE PROTEÇÃO AMBIENTAL JUNDIAÍ","Angiosperms","Orchidaceae","Acianthera","saundersiana","(Rchb.f.) Pridgeon & M.W.Chase","ORCHIDACEAE Acianthera saundersiana (Rchb.f.) Pridgeon & M.W.Chase","115203","GBIF","UEC","Pansarin, E.R.","717","Native","Ouro","Medium","Serra do Japi, Sentido bairro Eloy Chaves, próximo a represa do DAE."
"ÁREA DE PROTEÇÃO AMBIENTAL JUNDIAÍ","Angiosperms","Orchidaceae","Acianthera","saurocephala","(Lodd.) Pridgeon & M.W.Chase","ORCHIDACEAE Acianthera saurocephala (Lodd.) Pridgeon & M.W.Chase","132313","GBIF","UEC","Pansarin, E.R.","1100","Native","Ouro","Low","Serra do Japi, Sentido bairro Eloy Chaves, próximo a represa do DAE."
"ÁREA DE PROTEÇÃO AMBIENTAL JUNDIAÍ","Angiosperms","Orchidaceae","Anathallis","rubens","(Lindl.) Pridgeon & M.W.Chase","ORCHIDACEAE Anathallis rubens (Lindl.) Pridgeon & M.W.Chase","44943","GBIF","SP","Saes, O.C.","2","Native","Ouro","Low","Serra do Japi"
"ÁREA DE PROTEÇÃO AMBIENTAL JUNDIAÍ","Angiosperms","Orchidaceae","Arundina","graminifolia","(D.Don) Hochr.","ORCHIDACEAE Arundina graminifolia (D.Don) Hochr.","240554358","GBIF","Observations","Davi_simionato",,"Cultivated","Bronze","Low","Avenida Atílio Giarola, Jundiaí, SP, BR"
"ÁREA DE PROTEÇÃO AMBIENTAL JUNDIAÍ","Angiosperms","Orchidaceae","Barbosella","cogniauxiana","(Speg. & Kraenzl.) Schltr.","ORCHIDACEAE Barbosella cogniauxiana (Speg. & Kraenzl.) Schltr.","116122","GBIF","UEC","Pansarin, E.R.","708","Native","Ouro","Low","Serra do Japi, Sentido bairro Eloy Chaves, próximo a represa do DAE."
"ÁREA DE PROTEÇÃO AMBIENTAL JUNDIAÍ","Angiosperms","Orchidaceae","Buchtienia","nitida","(Vell.) Fraga & Meneguzzo","ORCHIDACEAE Buchtienia nitida (Vell.) Fraga & Meneguzzo","197380","GBIF","UEC","Mayer, J.L.","s.n.","Native","Bronze","Medium","Serra do Japi"
"ÁREA DE PROTEÇÃO AMBIENTAL JUNDIAÍ","Angiosperms","Orchidaceae","Bulbophyllum","chloroglossum","Rchb.f. & Warm.","ORCHIDACEAE Bulbophyllum chloroglossum Rchb.f. & Warm.","117393","GBIF","UEC","Pansarin, E.R.","730","Native","Ouro","Low","Serra do Japi, Sentido Bairro Eloy Chaves, próximo à represa do DAE."
"ÁREA DE PROTEÇÃO AMBIENTAL JUNDIAÍ","Angiosperms","Orchidaceae","Bulbophyllum","exaltatum","Lindl.","ORCHIDACEAE Bulbophyllum exaltatum Lindl.","122216","GBIF","UEC","Pansarin, E.R.","851","Native","Bronze","Low","Serra do Japi, Sentido Bairro Eloy Chaves, próximo à represa do DAE."
"ÁREA DE PROTEÇÃO AMBIENTAL JUNDIAÍ","Angiosperms","Orchidaceae","Bulbophyllum","glutinosum","(Barb.Rodr.) Cogn.","ORCHIDACEAE Bulbophyllum glutinosum (Barb.Rodr.) Cogn.","133894","GBIF","UEC","Pansarin, E.R.","1151","Native","Ouro","Low","Serra do Japi, Sentido Bairro Eloy Chaves, próximo á represa do DAE."
"ÁREA DE PROTEÇÃO AMBIENTAL JUNDIAÍ","Angiosperms","Orchidaceae","Bulbophyllum","regnellii","Rchb.f.","ORCHIDACEAE Bulbophyllum regnellii Rchb.f.","129657","GBIF","UEC","Pansarin, E.R.","997","Native","Ouro","Low","Serra do Japi, Sentido Bairro Eloy Chaves, próximo à represa do DAE."
"ÁREA DE PROTEÇÃO AMBIENTAL JUNDIAÍ","Angiosperms","Orchidaceae","Campylocentrum",,"Benth.","ORCHIDACEAE Campylocentrum Benth.","615","Splink","LBMBP",,,,"Ouro","Low",
"ÁREA DE PROTEÇÃO AMBIENTAL JUNDIAÍ","Angiosperms","Orchidaceae","Capanemia","superflua","(Rchb.f.) Garay","ORCHIDACEAE Capanemia superflua (Rchb.f.) Garay","116191","GBIF","UEC","Pansarin, E.R.","724","Native","Ouro","Low","Serra do Japi, Sentido Bairro Eloy Chaves, próximo à represa do DAE."
"ÁREA DE PROTEÇÃO AMBIENTAL JUNDIAÍ","Angiosperms","Orchidaceae","Capanemia","therezae","Barb.Rodr.","ORCHIDACEAE Capanemia therezae Barb.Rodr.","440","Splink","LBMBP",,,"Native","Ouro","Low",
"ÁREA DE PROTEÇÃO AMBIENTAL JUNDIAÍ","Angiosperms","Orchidaceae","Catasetum","cernuum","(Lindl.) Rchb.f.","ORCHIDACEAE Catasetum cernuum (Lindl.) Rchb.f.","140082","GBIF","UEC","Coletor, S.","s.n.","Native","Bronze","Medium","Serra do Japi"
"ÁREA DE PROTEÇÃO AMBIENTAL JUNDIAÍ","Angiosperms","Orchidaceae","Catasetum","fimbriatum","(C.Morren) Lindl.","ORCHIDACEAE Catasetum fimbriatum (C.Morren) Lindl.","140338","GBIF","UEC","Pansarin, E.R.","s.n.","Native","Ouro","Medium","Serra do Japi"
"ÁREA DE PROTEÇÃO AMBIENTAL JUNDIAÍ","Angiosperms","Orchidaceae","Cattleya","intermedia","Graham ex Hook.","ORCHIDACEAE Cattleya intermedia Graham ex Hook.","75","Splink","LBMBP",,,"Native","Ouro","Low",
"ÁREA DE PROTEÇÃO AMBIENTAL JUNDIAÍ","Angiosperms","Orchidaceae","Cattleya","loddigesii","Lindl.","ORCHIDACEAE Cattleya loddigesii Lindl.","1089","Splink","LBMBP",,,"Native","Ouro","Low",
"ÁREA DE PROTEÇÃO AMBIENTAL JUNDIAÍ","Angiosperms","Orchidaceae","Cirrhaea","dependens","(Lodd.) Loudon","ORCHIDACEAE Cirrhaea dependens (Lodd.) Loudon","228","Splink","LBMBP",,,"Native","Ouro","Low",
"ÁREA DE PROTEÇÃO AMBIENTAL JUNDIAÍ","Angiosperms","Orchidaceae","Comparettia","coccinea","Lindl.","ORCHIDACEAE Comparettia coccinea Lindl.","441","Splink","LBMBP",,,"Native","Ouro","Low",
"ÁREA DE PROTEÇÃO AMBIENTAL JUNDIAÍ","Angiosperms","Orchidaceae","Corymborkis","flava","(Sw.) Kuntze","ORCHIDACEAE Corymborkis flava (Sw.) Kuntze","105356","GBIF","UEC","Pansarin, E.R.","409","Native","Ouro","Low","Serra do Japi, Sentido Eloy Chaves, próximo à represa do DAE."
"ÁREA DE PROTEÇÃO AMBIENTAL JUNDIAÍ","Angiosperms","Orchidaceae","Cyclopogon","calophyllus","Barb.Rodr.","ORCHIDACEAE Cyclopogon calophyllus Barb.Rodr.","131664","GBIF","UEC","Pansarin, E.R.","1074","Native","Ouro","Low","Serra do Japi, Sentido Eloy Chaves, próximo a represa do DAE."
"ÁREA DE PROTEÇÃO AMBIENTAL JUNDIAÍ","Angiosperms","Orchidaceae","Cyclopogon","congestus","(Vell.) Hoehne","ORCHIDACEAE Cyclopogon congestus (Vell.) Hoehne","SPFR011431","Splink","SPFR",,"1265","Native","Ouro","Low","Serra do Japi, Sentido Bairro Eloy Chaves, próximo à represa do DAE"
"ÁREA DE PROTEÇÃO AMBIENTAL JUNDIAÍ","Angiosperms","Orchidaceae","Cyclopogon","elatus","(Sw.) Schltr.","ORCHIDACEAE Cyclopogon elatus (Sw.) Schltr.","SPFR011584","Splink","SPFR",,"1266","Native","Ouro","Low","Serra do Japi, Sentido Bairro Eloy Chaves, próximo à represa do DAE"
"ÁREA DE PROTEÇÃO AMBIENTAL JUNDIAÍ","Angiosperms","Orchidaceae","Cyclopogon","eugenii","(Rchb.f.) Schltr.","ORCHIDACEAE Cyclopogon eugenii (Rchb.f.) Schltr.","ICN00038940","Reflora","ICN","Lombardi, J.A.","7481","Native","Ouro","Low","Reserva Biológica Municipal da Serra do Japi, estrada da Cascalheira até o fim, depois trilha a direita até o córrego"
"ÁREA DE PROTEÇÃO AMBIENTAL JUNDIAÍ","Angiosperms","Orchidaceae","Cyclopogon","polyaden","(Vell.) F.S.Rocha & Waechter","ORCHIDACEAE Cyclopogon polyaden (Vell.) F.S.Rocha & Waechter","SPFR011205","Splink","SPFR",,"1083","Native","Ouro","Low","Serra do Japi, Sentido Bairro Eloy Chaves, próximo à represa do DAE"
"ÁREA DE PROTEÇÃO AMBIENTAL JUNDIAÍ","Angiosperms","Orchidaceae","Cyclopogon","variegatus","Barb.Rodr.","ORCHIDACEAE Cyclopogon variegatus Barb.Rodr.","137642","GBIF","UEC","Pansarin, E.R.","1162","Native","Ouro","Low","Serra do Japi, Sentido bairro Eloy Chaves, próximo à represa do DAE."
"ÁREA DE PROTEÇÃO AMBIENTAL JUNDIAÍ","Angiosperms","Orchidaceae","Cyrtopodium","pallidum","Rchb.f. & Warm.","ORCHIDACEAE Cyrtopodium pallidum Rchb.f. & Warm.","42171","GBIF","SP","Hoehne, F.C.","s.n.","Native","Ouro","Medium","Serra do Japi, Serra do Japi"
"ÁREA DE PROTEÇÃO AMBIENTAL JUNDIAÍ","Angiosperms","Orchidaceae","Dryadella","aviceps","(Rchb.f.) Luer","ORCHIDACEAE Dryadella aviceps (Rchb.f.) Luer","117373","GBIF","UEC","Pansarin, E.R.","736","Native","Bronze","Low","Serra do Japi, Sentido bairro Eloy Chaves, próximo à represa do DAE."
"ÁREA DE PROTEÇÃO AMBIENTAL JUNDIAÍ","Angiosperms","Orchidaceae","Encyclia","oncidioides","(Lindl.) Schltr.","ORCHIDACEAE Encyclia oncidioides (Lindl.) Schltr.","HRCB048670","Splink","HRCB",,"6985","Native","Bronze","Low","Reserva Biológica Municipal da Serra do Japi, Base-Mirante-estrada para DAE-Base"
"ÁREA DE PROTEÇÃO AMBIENTAL JUNDIAÍ","Angiosperms","Orchidaceae","Encyclia","patens","Hook.","ORCHIDACEAE Encyclia patens Hook.","131661","GBIF","UEC","Pansarin, E.R.","1071","Native","Ouro","Low","Serra do Japi, Sentido bairro Eloy Chaves, próximo à represa do DAE."
"ÁREA DE PROTEÇÃO AMBIENTAL JUNDIAÍ","Angiosperms","Orchidaceae","Epidendrum","armeniacum","Lindl.","ORCHIDACEAE Epidendrum armeniacum Lindl.","105354","GBIF","UEC","Pansarin, E.R.","408","Native","Ouro","Medium","Serra do Japi, Sentido Eloy Chaves, próximo à represa do DAE."
"ÁREA DE PROTEÇÃO AMBIENTAL JUNDIAÍ","Angiosperms","Orchidaceae","Epidendrum","chlorinum","Barb.Rodr.","ORCHIDACEAE Epidendrum chlorinum Barb.Rodr.","421","Splink","LBMBP",,,"Native","Ouro","Low",
"ÁREA DE PROTEÇÃO AMBIENTAL JUNDIAÍ","Angiosperms","Orchidaceae","Epidendrum","denticulatum","Barb.Rodr.","ORCHIDACEAE Epidendrum denticulatum Barb.Rodr.","193844283","GBIF","Observations","Maurobrum",,"Native","Ouro","Low","Jundiaí - SP, Brasil"
"ÁREA DE PROTEÇÃO AMBIENTAL JUNDIAÍ","Angiosperms","Orchidaceae","Epidendrum","henschenii","Barb.Rodr.","ORCHIDACEAE Epidendrum henschenii Barb.Rodr.","247","Splink","LBMBP",,,"Native","Ouro","Low",
"ÁREA DE PROTEÇÃO AMBIENTAL JUNDIAÍ","Angiosperms","Orchidaceae","Epidendrum","latilabrum","Lindl.","ORCHIDACEAE Epidendrum latilabrum Lindl.","129663","GBIF","UEC","Pansarin, E.R.","993","Native","Ouro","Low","Serra do Japi, Sentido bairro Eloy Chaves, próximo à represa do DAE."
"ÁREA DE PROTEÇÃO AMBIENTAL JUNDIAÍ","Angiosperms","Orchidaceae","Epidendrum","martianum","Lindl.","ORCHIDACEAE Epidendrum martianum Lindl.","1","Splink","LBMBP",,,"Native","Ouro","Low",
"ÁREA DE PROTEÇÃO AMBIENTAL JUNDIAÍ","Angiosperms","Orchidaceae","Epidendrum","paniculatum","Ruiz & Pav.","ORCHIDACEAE Epidendrum paniculatum Ruiz & Pav.","28","Splink","LBMBP",,,"Unknown","Ouro","Low",
"ÁREA DE PROTEÇÃO AMBIENTAL JUNDIAÍ","Angiosperms","Orchidaceae","Epidendrum","proligerum","Barb.Rodr.","ORCHIDACEAE Epidendrum proligerum Barb.Rodr.","424","Splink","LBMBP",,,"Native","Ouro","Low",
"ÁREA DE PROTEÇÃO AMBIENTAL JUNDIAÍ","Angiosperms","Orchidaceae","Epidendrum","secundum","Jacq.","ORCHIDACEAE Epidendrum secundum Jacq.","71487","GBIF","BHCB","Figueiredo, R.A.","s.n.","Native","Latão","Medium","Serra do Japi"
"ÁREA DE PROTEÇÃO AMBIENTAL JUNDIAÍ","Angiosperms","Orchidaceae","Erythrodes","hylibates","(Rchb.f.) Garay & Pabst","ORCHIDACEAE Erythrodes hylibates (Rchb.f.) Garay & Pabst","116802","GBIF","UEC","Pansarin, E.R.","837",,"Ouro","Low","Serra do Japi, Sentido bairro Eloy Chaves, próximo à represa do DAE. No interior da mata."
"ÁREA DE PROTEÇÃO AMBIENTAL JUNDIAÍ","Angiosperms","Orchidaceae","Eulophia","alta","(L.) Fawc. & Rendle","ORCHIDACEAE Eulophia alta (L.) Fawc. & Rendle","105348","GBIF","UEC","Pansarin, E.R.","412","Naturalized","Ouro","Low","Serra do Japi, Sentido Eloy Chaves, próximo à represa do DAE."
"ÁREA DE PROTEÇÃO AMBIENTAL JUNDIAÍ","Angiosperms","Orchidaceae","Eurystyles","actinosophila","(Barb.Rodr.) Schltr.","ORCHIDACEAE Eurystyles actinosophila (Barb.Rodr.) Schltr.","SPFR015354","Splink","SPFR",,"1369","Native","Ouro","Low","Serra do Japi, Sentido Bairro Eloy Chaves, próximo à represa do DAE"
"ÁREA DE PROTEÇÃO AMBIENTAL JUNDIAÍ","Angiosperms","Orchidaceae","Galeandra","beyrichii","Rchb.f.","ORCHIDACEAE Galeandra beyrichii Rchb.f.","811","Splink","LBMBP",,,"Native","Ouro","Low",
"ÁREA DE PROTEÇÃO AMBIENTAL JUNDIAÍ","Angiosperms","Orchidaceae","Gomesa","cornigera","(Lindl.) M.W.Chase & N.H.Williams","ORCHIDACEAE Gomesa cornigera (Lindl.) M.W.Chase & N.H.Williams","252","Splink","LBMBP",,,"Native","Ouro","Low",
"ÁREA DE PROTEÇÃO AMBIENTAL JUNDIAÍ","Angiosperms","Orchidaceae","Gomesa","flexuosa","(Lodd.) M.W.Chase & N.H.Williams","ORCHIDACEAE Gomesa flexuosa (Lodd.) M.W.Chase & N.H.Williams","604","Splink","LBMBP",,,"Native","Ouro","Low",
"ÁREA DE PROTEÇÃO AMBIENTAL JUNDIAÍ","Angiosperms","Orchidaceae","Gomesa","forbesii","(Hook.) M.W.Chase & N.H.Williams","ORCHIDACEAE Gomesa forbesii (Hook.) M.W.Chase & N.H.Williams","133843","GBIF","UEC","Pansarin, E.R.","1150","Native","Bronze","Low","Serra do Japi, Sentido bairro Eloy Chaves, próximo à represa do DAE."
"ÁREA DE PROTEÇÃO AMBIENTAL JUNDIAÍ","Angiosperms","Orchidaceae","Gomesa","gomezoides","(Barb.Rodr.) Pabst","ORCHIDACEAE Gomesa gomezoides (Barb.Rodr.) Pabst","448","Splink","LBMBP",,,"Native","Ouro","Low",
"ÁREA DE PROTEÇÃO AMBIENTAL JUNDIAÍ","Angiosperms","Orchidaceae","Gomesa","jucunda","(Rchb.f.) M.W.Chase & N.H.Williams","ORCHIDACEAE Gomesa jucunda (Rchb.f.) M.W.Chase & N.H.Williams","679","Splink","LBMBP",,,"Native","Ouro","Low",
"ÁREA DE PROTEÇÃO AMBIENTAL JUNDIAÍ","Angiosperms","Orchidaceae","Gomesa","laxiflora","(Lindl.) Klotzsch ex Rchb.f.","ORCHIDACEAE Gomesa laxiflora (Lindl.) Klotzsch ex Rchb.f.","SPFR015347","Splink","SPFR",,"1405","Native","Ouro","Low","Serra do Japi, Sentido Bairro Eloy Chaves, próximo à represa do DAE"
"ÁREA DE PROTEÇÃO AMBIENTAL JUNDIAÍ","Angiosperms","Orchidaceae","Gomesa","lietzei","(Regel) M.W.Chase & N.H.Williams","ORCHIDACEAE Gomesa lietzei (Regel) M.W.Chase & N.H.Williams","131668","GBIF","UEC","Pansarin, E.R.","1078","Native","Bronze","Low","Serra do Japi, Bairro Eloy Chaves, próximo à represa do DAE."
"ÁREA DE PROTEÇÃO AMBIENTAL JUNDIAÍ","Angiosperms","Orchidaceae","Gomesa","praetexta","(Rchb.f.) M.W.Chase & N.H.Williams","ORCHIDACEAE Gomesa praetexta (Rchb.f.) M.W.Chase & N.H.Williams","248","Splink","LBMBP",,,"Native","Ouro","Low",
"ÁREA DE PROTEÇÃO AMBIENTAL JUNDIAÍ","Angiosperms","Orchidaceae","Gomesa","pubes","(Lindl.) M.W.Chase & N.H.Williams","ORCHIDACEAE Gomesa pubes (Lindl.) M.W.Chase & N.H.Williams","673","Splink","LBMBP",,,"Native","Ouro","Low",
"ÁREA DE PROTEÇÃO AMBIENTAL JUNDIAÍ","Angiosperms","Orchidaceae","Gomesa","ranifera","(Lindl.) M.W.Chase & N.H.Williams","ORCHIDACEAE Gomesa ranifera (Lindl.) M.W.Chase & N.H.Williams","129659","GBIF","UEC","Pansarin, E.R.","988","Native","Bronze","Low","Serra do Japi, Sentido bairro Eloy Chaves, próximo à represa do DAE."
"ÁREA DE PROTEÇÃO AMBIENTAL JUNDIAÍ","Angiosperms","Orchidaceae","Gomesa","recurva","R.Br.","ORCHIDACEAE Gomesa recurva R.Br.","1210","Splink","LBMBP",,,"Native","Ouro","Low",
"ÁREA DE PROTEÇÃO AMBIENTAL JUNDIAÍ","Angiosperms","Orchidaceae","Gomesa","sarcodes","(Lindl.) M.W.Chase & N.H.Williams","ORCHIDACEAE Gomesa sarcodes (Lindl.) M.W.Chase & N.H.Williams","1074","Splink","LBMBP",,,"Native","Ouro","Low",
"ÁREA DE PROTEÇÃO AMBIENTAL JUNDIAÍ","Angiosperms","Orchidaceae","Gomesa","uniflora","(Booth ex Lindl.) M.W.Chase & N.H.Williams","ORCHIDACEAE Gomesa uniflora (Booth ex Lindl.) M.W.Chase & N.H.Williams","132318","GBIF","UEC","Pansarin, E.R.","1103","Native","Bronze","Low","Serra do Japi, Sentido bairro Eloy Chaves, próximo à represa do DAE."
"ÁREA DE PROTEÇÃO AMBIENTAL JUNDIAÍ","Angiosperms","Orchidaceae","Gomesa","varicosa","(Lindl.) M.W.Chase & N.H.Williams","ORCHIDACEAE Gomesa varicosa (Lindl.) M.W.Chase & N.H.Williams","505","Splink","LBMBP",,,"Native","Ouro","Low",
"ÁREA DE PROTEÇÃO AMBIENTAL JUNDIAÍ","Angiosperms","Orchidaceae","Govenia","utriculata","(Sw.) Lindl.","ORCHIDACEAE Govenia utriculata (Sw.) Lindl.","133870","GBIF","UEC","Pansarin, E.R.","1112","Native","Ouro","Low","Serra do Japi, Sentido Bairro Eloy Chaves, próximo à represa do DAE."
"ÁREA DE PROTEÇÃO AMBIENTAL JUNDIAÍ","Angiosperms","Orchidaceae","Grandiphyllum","auricula","(Vell.) Docha Neto","ORCHIDACEAE Grandiphyllum auricula (Vell.) Docha Neto","116144","GBIF","UEC","Pansarin, E.R.","701","Native","Bronze","Low","Serra do Japi, Sentido bairro Eloy Chaves, próximo à represa do DAE."
"ÁREA DE PROTEÇÃO AMBIENTAL JUNDIAÍ","Angiosperms","Orchidaceae","Grandiphyllum","hians","(Lindl.) Docha Neto","ORCHIDACEAE Grandiphyllum hians (Lindl.) Docha Neto","110386","GBIF","UEC","Pansarin, E.R.","670","Native","Bronze","Low","Serra do Japi, Sentido Malota, próximo a Base Ecológica da Serra do Japi."
"ÁREA DE PROTEÇÃO AMBIENTAL JUNDIAÍ","Angiosperms","Orchidaceae","Grobya","amherstiae","Lindl.","ORCHIDACEAE Grobya amherstiae Lindl.","605","Splink","LBMBP",,,"Native","Ouro","Low",
"ÁREA DE PROTEÇÃO AMBIENTAL JUNDIAÍ","Angiosperms","Orchidaceae","Habenaria","araneiflora","Barb.Rodr.","ORCHIDACEAE Habenaria araneiflora Barb.Rodr.","110430","GBIF","UEC","Pansarin, E.R.","565","Native","Ouro","Low","Serra do Japi, Sentido Eloy Chaves, próximo a represa do DAE."
"ÁREA DE PROTEÇÃO AMBIENTAL JUNDIAÍ","Angiosperms","Orchidaceae","Habenaria","glaucophylla","Barb.Rodr.","ORCHIDACEAE Habenaria glaucophylla Barb.Rodr.","105350","GBIF","UEC","Pansarin, E.R.","410","Native","Ouro","Low","Serra do Japi, Sentido Eloy Chaves, próximo à represa do DAE."
"ÁREA DE PROTEÇÃO AMBIENTAL JUNDIAÍ","Angiosperms","Orchidaceae","Habenaria","johannensis","Barb.Rodr.","ORCHIDACEAE Habenaria johannensis Barb.Rodr.","SPFR011208","Splink","SPFR",,"990","Native","Ouro","Low","Serra do Japi, Sentido bairro Eloy Chaves, próximo à represa do DAE. Em área perturbada, próximo ao pé da Serra."
"ÁREA DE PROTEÇÃO AMBIENTAL JUNDIAÍ","Angiosperms","Orchidaceae","Habenaria","josephensis","Barb.Rodr.","ORCHIDACEAE Habenaria josephensis Barb.Rodr.","133854","GBIF","UEC","Pansarin, E.R.","1134","Native","Ouro","Low","Serra do Japi, Sentido bairro Eloy Chaves, próximo à represa do DAE."
"ÁREA DE PROTEÇÃO AMBIENTAL JUNDIAÍ","Angiosperms","Orchidaceae","Habenaria","leucosantha","Barb.Rodr.","ORCHIDACEAE Habenaria leucosantha Barb.Rodr.","CEN00036098","GBIF","CEN","Batista, J.A.N.","1088","Native","Ouro","Low","Mun. Jundiaí. Serra do Japi, face norte na serra. Base Ecológica. Brejo em frente a casa do Cidinho."
"ÁREA DE PROTEÇÃO AMBIENTAL JUNDIAÍ","Angiosperms","Orchidaceae","Habenaria","parviflora","Lindl.","ORCHIDACEAE Habenaria parviflora Lindl.","SPFR015405","Splink","SPFR",,"1397","Native","Ouro","Low","Serra do Japi, Sentido Bairro Eloy Chaves, próximo à represa do DAE"
"ÁREA DE PROTEÇÃO AMBIENTAL JUNDIAÍ","Angiosperms","Orchidaceae","Habenaria","paulistana","J.A.N.Batista & Bianchetti","ORCHIDACEAE Habenaria paulistana J.A.N.Batista & Bianchetti","CEN00036094","GBIF","CEN","Batista, J.A.N.","1089","Native","Ouro","Low","Mun. Jundiaí. Serra do Japi, face norte na serra. Base Ecológica. Brejo em frente a casa do Cidinho."
"ÁREA DE PROTEÇÃO AMBIENTAL JUNDIAÍ","Angiosperms","Orchidaceae","Habenaria","pleiophylla","Hoehne & Schltr.","ORCHIDACEAE Habenaria pleiophylla Hoehne & Schltr.","110434","GBIF","UEC","Pansarin, E.R.","704","Native","Ouro","Low","Serra do Japi, Sentido bairro Eloy Chaves, próximo à represa do DAE."
"ÁREA DE PROTEÇÃO AMBIENTAL JUNDIAÍ","Angiosperms","Orchidaceae","Habenaria","repens","Nutt.","ORCHIDACEAE Habenaria repens Nutt.","SPSF00004025","Splink","SPSF",,,"Native","Latão","Low",
"ÁREA DE PROTEÇÃO AMBIENTAL JUNDIAÍ","Angiosperms","Orchidaceae","Habenaria","warmingii","Rchb.f.","ORCHIDACEAE Habenaria warmingii Rchb.f.","SPFR011206","Splink","SPFR",,"995","Native","Ouro","Low","Serra do Japi, Sentido bairro Eloy Chaves, próximo à represa do DAE."
"ÁREA DE PROTEÇÃO AMBIENTAL JUNDIAÍ","Angiosperms","Orchidaceae","Hapalorchis","lineatus","(Lindl.) Schltr.","ORCHIDACEAE Hapalorchis lineatus (Lindl.) Schltr.","137646","GBIF","UEC","Pansarin, E.R.","1158","Native","Ouro","Low","Serra do Japi, Sentido bairro Eloy Chaves, próximo à represa do DAE."
"ÁREA DE PROTEÇÃO AMBIENTAL JUNDIAÍ","Angiosperms","Orchidaceae","Hapalorchis","micranthus","(Barb.Rodr.) Hoehne","ORCHIDACEAE Hapalorchis micranthus (Barb.Rodr.) Hoehne","137647","GBIF","UEC","Pansarin, E.R.","1159","Native","Ouro","Low","Serra do Japi, Sentido bairro Eloy Chaves, próximo à represa do DAE."
"ÁREA DE PROTEÇÃO AMBIENTAL JUNDIAÍ","Angiosperms","Orchidaceae","Ionopsis","utricularioides","(Sw.) Lindl.","ORCHIDACEAE Ionopsis utricularioides (Sw.) Lindl.","131677","GBIF","UEC","Pansarin, E.R.","1067","Native","Ouro","Low","Serra do Japi, Sentido bairro Eloy Chaves, próximo à represa do DAE."
"ÁREA DE PROTEÇÃO AMBIENTAL JUNDIAÍ","Angiosperms","Orchidaceae","Isabelia","violacea","(Lindl.) van den Berg & M.W.Chase","ORCHIDACEAE Isabelia violacea (Lindl.) van den Berg & M.W.Chase","SPFR011298","Splink","SPFR",,"1213","Native","Ouro","Low","Serra do Japi, Sentido Bairro Eloy Chaves, próximo à represa do DAE"
"ÁREA DE PROTEÇÃO AMBIENTAL JUNDIAÍ","Angiosperms","Orchidaceae","Isabelia","virginalis","Barb.Rodr.","ORCHIDACEAE Isabelia virginalis Barb.Rodr.","125831","GBIF","UEC","Pansarin, E.R.","924","Native","Ouro","Low","Serra do Japi, Sentido bairro Eloy Chaves, próximo à represa do DAE."
"ÁREA DE PROTEÇÃO AMBIENTAL JUNDIAÍ","Angiosperms","Orchidaceae","Isochilus","linearis","(Jacq.) R.Br.","ORCHIDACEAE Isochilus linearis (Jacq.) R.Br.","133845","GBIF","UEC","Pansarin, E.R.","1139","Native","Ouro","Low","Serra do Japi, Sentido bairro Eloy Chaves, próximo à represa do DAE."
"ÁREA DE PROTEÇÃO AMBIENTAL JUNDIAÍ","Angiosperms","Orchidaceae","Liparis","nervosa","(Thumb.) Lindl.","ORCHIDACEAE Liparis nervosa (Thumb.) Lindl.","140284","GBIF","UEC","Singer, R.B.","s.n.","Native","Latão","Medium","Serra do Japí"
"ÁREA DE PROTEÇÃO AMBIENTAL JUNDIAÍ","Angiosperms","Orchidaceae","Lockhartia","lunifera","(Lindl.) Rchb.f.","ORCHIDACEAE Lockhartia lunifera (Lindl.) Rchb.f.","SPFR015399","Splink","SPFR",,"1391","Native","Ouro","Low","Serra do Japi, Sentido Bairro Eloy Chaves, próximo à represa do DAE"
"ÁREA DE PROTEÇÃO AMBIENTAL JUNDIAÍ","Angiosperms","Orchidaceae","Malaxis","excavata","(Lindl.) Kuntze","ORCHIDACEAE Malaxis excavata (Lindl.) Kuntze","137649","GBIF","UEC","Pansarin, E.R.","1171","Native","Ouro","Low","Serra do Japi, Sentido bairro Eloy Chaves, próximo à represa do DAE."
"ÁREA DE PROTEÇÃO AMBIENTAL JUNDIAÍ","Angiosperms","Orchidaceae","Maxillaria","brasiliensis","Brieger & Illg","ORCHIDACEAE Maxillaria brasiliensis Brieger & Illg","131658","GBIF","UEC","Pansarin, E.R.","1059","Native","Ouro","Low","Serra do Japi, Sentido bairro Eloy Chaves, próximo à represa do DAE."
"ÁREA DE PROTEÇÃO AMBIENTAL JUNDIAÍ","Angiosperms","Orchidaceae","Maxillaria","chrysantha","Barb.Rodr.","ORCHIDACEAE Maxillaria chrysantha Barb.Rodr.","SPFR011207","Splink","SPFR",,"1086","Native","Ouro","Low","Serra do Japi, Sentido bairro Eloy Chaves, próximo à represa do DAE."
"ÁREA DE PROTEÇÃO AMBIENTAL JUNDIAÍ","Angiosperms","Orchidaceae","Maxillaria","ferdinandiana","Barb.Rodr.","ORCHIDACEAE Maxillaria ferdinandiana Barb.Rodr.","280","Splink","LBMBP",,,"Native","Ouro","Low",
"ÁREA DE PROTEÇÃO AMBIENTAL JUNDIAÍ","Angiosperms","Orchidaceae","Maxillaria","humilis","(Link & Otto) Schuit. & M.W.Chase","ORCHIDACEAE Maxillaria humilis (Link & Otto) Schuit. & M.W.Chase","674","Splink","LBMBP",,,"Native","Ouro","Low",
"ÁREA DE PROTEÇÃO AMBIENTAL JUNDIAÍ","Angiosperms","Orchidaceae","Maxillaria","leucaimata","Barb.Rodr.","ORCHIDACEAE Maxillaria leucaimata Barb.Rodr.","128463","GBIF","UEC","Pansarin, E.R.","929","Native","Ouro","Low","Serra do Japi, Sentido bairro Eloy Chaves, próximo à represa do DAE."
"ÁREA DE PROTEÇÃO AMBIENTAL JUNDIAÍ","Angiosperms","Orchidaceae","Maxillaria","marginata","(Lindl.) Fenzl","ORCHIDACEAE Maxillaria marginata (Lindl.) Fenzl","129088","GBIF","UEC","Pansarin, E.R.","969","Native","Ouro","Low","Serra do Japi, Sentido bairro Eloy Chaves, próximo à represa do DAE."
"ÁREA DE PROTEÇÃO AMBIENTAL JUNDIAÍ","Angiosperms","Orchidaceae","Maxillaria","notylioglossa","Rchb.f.","ORCHIDACEAE Maxillaria notylioglossa Rchb.f.","45042","GBIF","SP","Saes, O.C.","s.n.","Native","Bronze","Medium","Serra do Japi"
"ÁREA DE PROTEÇÃO AMBIENTAL JUNDIAÍ","Angiosperms","Orchidaceae","Maxillaria","pachyphylla","Schltr. ex Hoehne","ORCHIDACEAE Maxillaria pachyphylla Schltr. ex Hoehne","137170","GBIF","UEC","Pansarin, E.R.","76","Native","Ouro","Medium","Serra do Japi"
"ÁREA DE PROTEÇÃO AMBIENTAL JUNDIAÍ","Angiosperms","Orchidaceae","Maxillaria","paranaensis","Barb.Rodr.","ORCHIDACEAE Maxillaria paranaensis Barb.Rodr.","SPFR011550","Splink","SPFR",,"1237","Native","Bronze","Low","Serra do Japi, Sentido Bairro Eloy Chaves, próximo à represa do DAE"
"ÁREA DE PROTEÇÃO AMBIENTAL JUNDIAÍ","Angiosperms","Orchidaceae","Maxillaria","picta","Hook.","ORCHIDACEAE Maxillaria picta Hook.","309","Splink","LBMBP",,,"Native","Ouro","Low",
"ÁREA DE PROTEÇÃO AMBIENTAL JUNDIAÍ","Angiosperms","Orchidaceae","Maxillaria","pumila","Hook.","ORCHIDACEAE Maxillaria pumila Hook.","110414","GBIF","UEC","Pansarin, E.R.","554","Native","Ouro","Low","Serra do Japi, Sentido Eloy Chaves, próximo a represa do DAE."
"ÁREA DE PROTEÇÃO AMBIENTAL JUNDIAÍ","Angiosperms","Orchidaceae","Maxillaria","valenzuelana","(A.Rich.) Nash.","ORCHIDACEAE Maxillaria valenzuelana (A.Rich.) Nash.","42291","GBIF","SP","Saes, O.C.","3","Native","Bronze","Low","(cultivada)"
"ÁREA DE PROTEÇÃO AMBIENTAL JUNDIAÍ","Angiosperms","Orchidaceae","Mesadenella","pumila","(Vell.) Campacci","ORCHIDACEAE Mesadenella pumila (Vell.) Campacci","745","Splink","LBMBP",,,"Native","Ouro","Low",
"ÁREA DE PROTEÇÃO AMBIENTAL JUNDIAÍ","Angiosperms","Orchidaceae","Microchilus","hylibates","(Rchb.f.) E.C.Smidt & M.W.Chase","ORCHIDACEAE Microchilus hylibates (Rchb.f.) E.C.Smidt & M.W.Chase","ESA00131361","GBIF","ESA","Souza, V.C.","36564","Native","Ouro","Low","Fragmento 10 (TAV). Floresta Estacional Semidecidual"
"ÁREA DE PROTEÇÃO AMBIENTAL JUNDIAÍ","Angiosperms","Orchidaceae","Microchilus","metallescens","(Barb.Rodr.) E.C.Smidt & M.W.Chase","ORCHIDACEAE Microchilus metallescens (Barb.Rodr.) E.C.Smidt & M.W.Chase","131663","GBIF","UEC","Pansarin, E.R.","1073","Native","Ouro","Low","Serra do Japi, Sentido bairro Eloy Chaves, próximo à represa do DAE."
"ÁREA DE PROTEÇÃO AMBIENTAL JUNDIAÍ","Angiosperms","Orchidaceae","Miltonia","regnellii","Rchb.f.","ORCHIDACEAE Miltonia regnellii Rchb.f.","140318","GBIF","UEC","Pansarin, E.R.","s.n.","Native","Ouro","Medium","Serra do Japi"
"ÁREA DE PROTEÇÃO AMBIENTAL JUNDIAÍ","Angiosperms","Orchidaceae","Octomeria","crassifolia","Lindl.","ORCHIDACEAE Octomeria crassifolia Lindl.","273","Splink","LBMBP",,,"Native","Ouro","Low",
"ÁREA DE PROTEÇÃO AMBIENTAL JUNDIAÍ","Angiosperms","Orchidaceae","Octomeria","diaphana","Lindl.","ORCHIDACEAE Octomeria diaphana Lindl.","277","Splink","LBMBP",,,"Native","Ouro","Low",
"ÁREA DE PROTEÇÃO AMBIENTAL JUNDIAÍ","Angiosperms","Orchidaceae","Oeceoclades","maculata","(Lindl.) Lindl.","ORCHIDACEAE Oeceoclades maculata (Lindl.) Lindl.","129655","GBIF","UEC","Pansarin, E.R.","996","Naturalized","Ouro","Low","Serra do Japi, Sentido bairro Eloy Chaves, próximo à represa do DAE."
"ÁREA DE PROTEÇÃO AMBIENTAL JUNDIAÍ","Angiosperms","Orchidaceae","Oncidium",,"Sw.","ORCHIDACEAE Oncidium Sw.","249","Splink","LBMBP",,,,"Ouro","Low",
"ÁREA DE PROTEÇÃO AMBIENTAL JUNDIAÍ","Angiosperms","Orchidaceae","Pabstiella","fusca","(Lindl.) Chiron & Xim.Bols.","ORCHIDACEAE Pabstiella fusca (Lindl.) Chiron & Xim.Bols.","137639","GBIF","UEC","Pansarin, E.R.","1152","Native","Ouro","Low","Serra do Japi, Sentido bairro Eloy Chaves, próximo a represa do DAE."
"ÁREA DE PROTEÇÃO AMBIENTAL JUNDIAÍ","Angiosperms","Orchidaceae","Pabstiella","sordida","(Kraenzl.) Luer","ORCHIDACEAE Pabstiella sordida (Kraenzl.) Luer","198444457","GBIF","Observations","Desertnaturalist",,"Native","Bronze","Low","Jundiaí_830m - State of São Paulo, Brazil"
"ÁREA DE PROTEÇÃO AMBIENTAL JUNDIAÍ","Angiosperms","Orchidaceae","Pabstiella","uniflora","(Lindl.) Luer","ORCHIDACEAE Pabstiella uniflora (Lindl.) Luer","133848","GBIF","UEC","Pansarin, E.R.","1142","Native","Ouro","Low","Serra do Japi, Sentido bairro Eloy Chaves, próximo a represa do DAE."
"ÁREA DE PROTEÇÃO AMBIENTAL JUNDIAÍ","Angiosperms","Orchidaceae","Pachygenium","oestriferum","(Rchb.f. & Warm.) Szlach. et al.","ORCHIDACEAE Pachygenium oestriferum (Rchb.f. & Warm.) Szlach. et al.","122211","GBIF","UEC","Pansarin, E.R.","904","Native","Ouro","Low","Serra do Japi, Sentido bairro Eloy Chaves, próximo à represa do DAE."
"ÁREA DE PROTEÇÃO AMBIENTAL JUNDIAÍ","Angiosperms","Orchidaceae","Pelexia",,"Poit. ex Lindl.","ORCHIDACEAE Pelexia Poit. ex Lindl.","742","Splink","LBMBP",,,,"Ouro","Low",
"ÁREA DE PROTEÇÃO AMBIENTAL JUNDIAÍ","Angiosperms","Orchidaceae","Phymatidium","delicatulum","Lindl.","ORCHIDACEAE Phymatidium delicatulum Lindl.","430","Splink","LBMBP",,,"Native","Ouro","Low",
"ÁREA DE PROTEÇÃO AMBIENTAL JUNDIAÍ","Angiosperms","Orchidaceae","Polystachya","caespitosa","Barb.Rodr.","ORCHIDACEAE Polystachya caespitosa Barb.Rodr.","129661","GBIF","UEC","Pansarin, E.R.","991","Native","Ouro","Low","Serra do Japi, Sentido bairro Eloy Chaves, próximo à represa do DAE."
"ÁREA DE PROTEÇÃO AMBIENTAL JUNDIAÍ","Angiosperms","Orchidaceae","Polystachya","concreta","(Jacq.) Garay & Sweet","ORCHIDACEAE Polystachya concreta (Jacq.) Garay & Sweet","116123","GBIF","UEC","Pansarin, E.R.","s.n.","Native","Ouro","Medium","Serra do Japi, Sentido bairro Eloy Chaves, próximo à represa do DAE."
"ÁREA DE PROTEÇÃO AMBIENTAL JUNDIAÍ","Angiosperms","Orchidaceae","Prescottia","montana","Barb.Rodr.","ORCHIDACEAE Prescottia montana Barb.Rodr.","137645","GBIF","UEC","Pansarin, E.R.","1156","Native","Ouro","Low","Serra do Japi, Sentido bairro Eloy Chaves, próximo a represa do DAE."
"ÁREA DE PROTEÇÃO AMBIENTAL JUNDIAÍ","Angiosperms","Orchidaceae","Prescottia","oligantha","(Sw.) Lindl.","ORCHIDACEAE Prescottia oligantha (Sw.) Lindl.","137648","GBIF","UEC","Pansarin, E.R.","1157","Native","Ouro","Low","Serra do Japi, Sentido bairro Eloy Chaves, próximo a represa do DAE."
"ÁREA DE PROTEÇÃO AMBIENTAL JUNDIAÍ","Angiosperms","Orchidaceae","Prescottia","stachyodes","(Sw.) Lindl.","ORCHIDACEAE Prescottia stachyodes (Sw.) Lindl.","140055","GBIF","UEC","Singer, R.B.","s.n.","Native","Bronze","Medium","Serra do Japí"
"ÁREA DE PROTEÇÃO AMBIENTAL JUNDIAÍ","Angiosperms","Orchidaceae","Prosthechea","bulbosa","(Vell.) W.E.Higgins","ORCHIDACEAE Prosthechea bulbosa (Vell.) W.E.Higgins","133857","GBIF","UEC","Pansarin, E.R.","1136","Native","Bronze","Low","Serra do Japi, Sentido bairro Eloy Chaves, próximo a represa do DAE."
"ÁREA DE PROTEÇÃO AMBIENTAL JUNDIAÍ","Angiosperms","Orchidaceae","Prosthechea","calamaria","(Lindl.) W.E.Higgins","ORCHIDACEAE Prosthechea calamaria (Lindl.) W.E.Higgins","110417","GBIF","UEC","Pansarin, E.R.","562","Native","Bronze","Low","Serra do Japi, Sentido bairro Eloy Chaves, próximo a represa do DAE."
"ÁREA DE PROTEÇÃO AMBIENTAL JUNDIAÍ","Angiosperms","Orchidaceae","Psilochilus","modestus","Barb.Rodr.","ORCHIDACEAE Psilochilus modestus Barb.Rodr.","116803","GBIF","UEC","Pansarin, E.R.","838","Native","Ouro","Low","Serra do Japi, Sentido bairro Eloy Chaves, próximo à represa do DAE. No interior da mata."
"ÁREA DE PROTEÇÃO AMBIENTAL JUNDIAÍ","Angiosperms","Orchidaceae","Pteroglossa","glazioviana","(Cogn.) Garay","ORCHIDACEAE Pteroglossa glazioviana (Cogn.) Garay","801","Splink","LBMBP",,,"Native","Ouro","Low",
"ÁREA DE PROTEÇÃO AMBIENTAL JUNDIAÍ","Angiosperms","Orchidaceae","Pteroglossa","macrantha","(Rchb.f.) Schltr.","ORCHIDACEAE Pteroglossa macrantha (Rchb.f.) Schltr.","110411","GBIF","UEC","Pansarin, E.R.","557","Native","Ouro","Low","Serra do Japi, Sentido Eloy Chaves, próximo a represa do DAE."
"ÁREA DE PROTEÇÃO AMBIENTAL JUNDIAÍ","Angiosperms","Orchidaceae","Rodriguezia","decora","(Lem.) Rchb.f.","ORCHIDACEAE Rodriguezia decora (Lem.) Rchb.f.","71488","GBIF","BHCB","Figueiredo, R.A.","s.n.","Native","Latão","Medium","Serra do Japi"
"ÁREA DE PROTEÇÃO AMBIENTAL JUNDIAÍ","Angiosperms","Orchidaceae","Sacoila","lanceolata","(Aubl.) Garay","ORCHIDACEAE Sacoila lanceolata (Aubl.) Garay","727","Splink","LBMBP",,,"Native","Ouro","Low",
"ÁREA DE PROTEÇÃO AMBIENTAL JUNDIAÍ","Angiosperms","Orchidaceae","Sarcoglottis","acaulis","(Sm.) Schltr.","ORCHIDACEAE Sarcoglottis acaulis (Sm.) Schltr.","131669","GBIF","UEC","Pansarin, E.R.","1079","Native","Ouro","Low","Serra do Japi, Sentido bairro Eloy Chaves, próximo à represa do DAE."
"ÁREA DE PROTEÇÃO AMBIENTAL JUNDIAÍ","Angiosperms","Orchidaceae","Sauroglossum","elatum","Lindl.","ORCHIDACEAE Sauroglossum elatum Lindl.","48449","GBIF","HRCB","Lombardi, J.A.","6899","Native","Bronze","Low","Reserva Biológica Municipal da Serra do Japi, trilha Base/Mirante/DAE/Filipini/Base"
"ÁREA DE PROTEÇÃO AMBIENTAL JUNDIAÍ","Angiosperms","Orchidaceae","Specklinia","grobyi","(Batem. ex Lindl.) F.Barros","ORCHIDACEAE Specklinia grobyi (Batem. ex Lindl.) F.Barros","278","Splink","LBMBP",,,"Native","Ouro","Low",
"ÁREA DE PROTEÇÃO AMBIENTAL JUNDIAÍ","Angiosperms","Orchidaceae","Stanhopea","lietzei","(Regel) Schltr.","ORCHIDACEAE Stanhopea lietzei (Regel) Schltr.","264","Splink","LBMBP",,,"Native","Ouro","Low",
"ÁREA DE PROTEÇÃO AMBIENTAL JUNDIAÍ","Angiosperms","Orchidaceae","Stelis","aprica","Lindl.","ORCHIDACEAE Stelis aprica Lindl.","SPFR015410","Splink","SPFR",,"1392","Native","Ouro","Low","Serra do Japi, Sentido Bairro Eloy Chaves, próximo à represa do DAE"
"ÁREA DE PROTEÇÃO AMBIENTAL JUNDIAÍ","Angiosperms","Orchidaceae","Trichocentrum","pumilum","(Lindl.) M.W.Chase & N.H.Williams","ORCHIDACEAE Trichocentrum pumilum (Lindl.) M.W.Chase & N.H.Williams","140353","GBIF","UEC","Pansarin, E.R.","s.n.","Native","Bronze","Medium","Serra do Japí"
"ÁREA DE PROTEÇÃO AMBIENTAL JUNDIAÍ","Angiosperms","Orchidaceae","Vanilla","chamissonis","Klotzsch","ORCHIDACEAE Vanilla chamissonis Klotzsch","140083","GBIF","UEC","Coletor, S.","s.n.","Native","Bronze","Medium","Serra do Japi"
"ÁREA DE PROTEÇÃO AMBIENTAL JUNDIAÍ","Angiosperms","Orchidaceae","Vanilla","parvifolia","Barb.Rodr.","ORCHIDACEAE Vanilla parvifolia Barb.Rodr.","SPFR015414","Splink","SPFR",,"1388","Native","Ouro","Low","Serra do Japi, Sentido Bairro Eloy Chaves, próximo à represa do DAE"
"ÁREA DE PROTEÇÃO AMBIENTAL JUNDIAÍ","Angiosperms","Orchidaceae","Vanilla","paulista","Fraga & Pansarin","ORCHIDACEAE Vanilla paulista Fraga & Pansarin","15364","GBIF","SPFR","Pansarin, E.R.","1376","Native","Ouro","Low","Serra do Japi, sentido Eloy Chaves, próximo a Represa do DAE"
"ÁREA DE PROTEÇÃO AMBIENTAL JUNDIAÍ","Angiosperms","Orchidaceae","Vanilla","phaeantha","Rchb.f.","ORCHIDACEAE Vanilla phaeantha Rchb.f.","95332","GBIF","UEC","Pansarin, E.R.","97/78","Native","Ouro","Low","Serra do Japi, Bairro Eloy Chaves, próximo à represa do DAE."
"ÁREA DE PROTEÇÃO AMBIENTAL JUNDIAÍ","Angiosperms","Orchidaceae","Veyretia","aphylla","(Ridl.) Szlach.","ORCHIDACEAE Veyretia aphylla (Ridl.) Szlach.","K000879235","GBIF","K","Usteri, A.","4","Native","Ouro","Low",
"ÁREA DE PROTEÇÃO AMBIENTAL JUNDIAÍ","Angiosperms","Orchidaceae","Wullschlaegelia","aphylla","(Sw.) Rchb.f.","ORCHIDACEAE Wullschlaegelia aphylla (Sw.) Rchb.f.","SPFR012512","Splink","SPFR",,"1346","Native","Ouro","Low","Serra do Japi, Sentido Bairro Eloy Chaves, próximo à represa do DAE"
"ÁREA DE PROTEÇÃO AMBIENTAL JUNDIAÍ","Angiosperms","Orchidaceae","Zygopetalum","maculatum","(Kunth) Garay","ORCHIDACEAE Zygopetalum maculatum (Kunth) Garay","24","Splink","LBMBP",,,"Native","Ouro","Low",
"ÁREA DE PROTEÇÃO AMBIENTAL JUNDIAÍ","Angiosperms","Orchidaceae","Zygostates","lunata","Lindl.","ORCHIDACEAE Zygostates lunata Lindl.","110421","GBIF","UEC","Pansarin, E.R.","558","Native","Ouro","Low","Serra do Japi, Sentido Eloy Chaves, próximo a represa do DAE."
"ÁREA DE PROTEÇÃO AMBIENTAL JUNDIAÍ","Angiosperms","Orobanchaceae","Melasma","melampyroides","(Rich.) Pennell","OROBANCHACEAE Melasma melampyroides (Rich.) Pennell","7229","Splink","SP",,"7026","Native","Bronze","Low",
"ÁREA DE PROTEÇÃO AMBIENTAL JUNDIAÍ","Ferns and Lycophytes","Osmundaceae","Osmunda","spectabilis","Willd.","OSMUNDACEAE Osmunda spectabilis Willd.","155620","GBIF","UEC","Prado, J.","2072","Native","Bronze","Low","Serra do Japi, Na trilha à esquerda antes de chegar na base da Reserva, indo para a Cachoeira Paraíso, na margem de um córrego de água."
"ÁREA DE PROTEÇÃO AMBIENTAL JUNDIAÍ","Ferns and Lycophytes","Osmundaceae","Osmundastrum","cinnamomeum","(L.) C.Presl","OSMUNDACEAE Osmundastrum cinnamomeum (L.) C.Presl","NY01415327","GBIF","NY","Hirai, R.Y.","649","Native","Ouro","Low","Serra do Japi. Na estrada para a torre da TV Cultura."
"ÁREA DE PROTEÇÃO AMBIENTAL JUNDIAÍ","Angiosperms","Oxalidaceae","Oxalis","latifolia","Kunth","OXALIDACEAE Oxalis latifolia Kunth",,"GBIF",,,,"Naturalized","Latão","Low",
"ÁREA DE PROTEÇÃO AMBIENTAL JUNDIAÍ","Angiosperms","Oxalidaceae","Oxalis","rhombeo-ovata","A.St.-Hil.","OXALIDACEAE Oxalis rhombeo-ovata A.St.-Hil.","69491","GBIF","FLOR","Daniele","22","Native","Ouro","Low",
"ÁREA DE PROTEÇÃO AMBIENTAL JUNDIAÍ","Angiosperms","Oxalidaceae","Oxalis","triangularis","A.St.-Hil.","OXALIDACEAE Oxalis triangularis A.St.-Hil.","103249","GBIF","SPF","Pirani, J.R.","3643","Native","Ouro","Low","Serra do Japi"
"ÁREA DE PROTEÇÃO AMBIENTAL JUNDIAÍ","Angiosperms","Passifloraceae","Passiflora","actinia","Hook.","PASSIFLORACEAE Passiflora actinia Hook.","250673","GBIF","MBM","Bernacci, L.C.","2204","Native","Ouro","Medium","Estação Experimental do IAC."
"ÁREA DE PROTEÇÃO AMBIENTAL JUNDIAÍ","Angiosperms","Passifloraceae","Passiflora","alata","Curtis","PASSIFLORACEAE Passiflora alata Curtis","250665","GBIF","MBM","Bernacci, L.C.","2215","Native","Ouro","Medium","Estação Experimental do IAC."
"ÁREA DE PROTEÇÃO AMBIENTAL JUNDIAÍ","Angiosperms","Passifloraceae","Passiflora","amethystina","J.C.Mikan","PASSIFLORACEAE Passiflora amethystina J.C.Mikan","250675","GBIF","MBM","Barnacci, L.C.","2205","Native","Latão","Medium","Estação Experimental do IAC."
"ÁREA DE PROTEÇÃO AMBIENTAL JUNDIAÍ","Angiosperms","Passifloraceae","Passiflora","caerulea","L.","PASSIFLORACEAE Passiflora caerulea L.","250674","GBIF","MBM","Bernacci, L.C.","2207","Native","Ouro","Medium","Estação Experimental do IAC."
"ÁREA DE PROTEÇÃO AMBIENTAL JUNDIAÍ","Angiosperms","Passifloraceae","Passiflora","capsularis","L.","PASSIFLORACEAE Passiflora capsularis L.","100507608","Splink","MO-DUPLICATES",,"974","Native","Ouro","Low","IAC, Estação Experimental"
"ÁREA DE PROTEÇÃO AMBIENTAL JUNDIAÍ","Angiosperms","Passifloraceae","Passiflora","cincinnata","Mast.","PASSIFLORACEAE Passiflora cincinnata Mast.","250667","GBIF","MBM","Bernacci, L.C.","2209","Native","Ouro","Medium","Estação Experimental do IAC."
"ÁREA DE PROTEÇÃO AMBIENTAL JUNDIAÍ","Angiosperms","Passifloraceae","Passiflora","coccinea","Aubl.","PASSIFLORACEAE Passiflora coccinea Aubl.","31084","GBIF","IAC","Bernacci, L.C.","64","Native","Ouro","Low","IAC, Estação Experimental"
"ÁREA DE PROTEÇÃO AMBIENTAL JUNDIAÍ","Angiosperms","Passifloraceae","Passiflora","edulis","Sims","PASSIFLORACEAE Passiflora edulis Sims","32467","Splink","IAC",,"2202","Native","Ouro","Low","IAC, Estação Experimental, área antropizada, coleção"
"ÁREA DE PROTEÇÃO AMBIENTAL JUNDIAÍ","Angiosperms","Passifloraceae","Passiflora","foetida","L.","PASSIFLORACEAE Passiflora foetida var. foetida L.","250669","GBIF","MBM","Bernacci, L.C.","2212","Unknown","Ouro","Medium","Estação Experimental do IAC."
"ÁREA DE PROTEÇÃO AMBIENTAL JUNDIAÍ","Angiosperms","Passifloraceae","Passiflora","gibertii","N.E.Br.","PASSIFLORACEAE Passiflora gibertii N.E.Br.","37103","GBIF","IAC","Soares-Scott, M.D.","s/nº","Native","Bronze","Low","IAC, Estação Experimental, BaG de maracujazeiros, parcela 114 e 4"
"ÁREA DE PROTEÇÃO AMBIENTAL JUNDIAÍ","Angiosperms","Passifloraceae","Passiflora","laurifolia","L.","PASSIFLORACEAE Passiflora laurifolia L.","250666","GBIF","MBM","Bernacci, L.C.","2214","Native","Ouro","Medium","Estação Experimental do IAC."
"ÁREA DE PROTEÇÃO AMBIENTAL JUNDIAÍ","Angiosperms","Passifloraceae","Passiflora","miersii","Mast.","PASSIFLORACEAE Passiflora miersii Mast.","250672","GBIF","MBM","Bernacci, L.C.","2216","Native","Ouro","Medium","Estação Experimental do IAC."
"ÁREA DE PROTEÇÃO AMBIENTAL JUNDIAÍ","Angiosperms","Passifloraceae","Passiflora","misera","Kunth","PASSIFLORACEAE Passiflora misera Kunth","250671","GBIF","MBM","Bernacci, L.C.","2217","Native","Ouro","Medium","Estação Experimental do IAC."
"ÁREA DE PROTEÇÃO AMBIENTAL JUNDIAÍ","Angiosperms","Passifloraceae","Passiflora","mucronata","Lam.","PASSIFLORACEAE Passiflora mucronata Lam.","100184714","Splink","MO-DUPLICATES",,"2220","Native","Ouro","Low","IAC, Estação Experimental, área antropizada, coleção"
"ÁREA DE PROTEÇÃO AMBIENTAL JUNDIAÍ","Angiosperms","Passifloraceae","Passiflora","nitida","Kunth","PASSIFLORACEAE Passiflora nitida Kunth","52789","GBIF","IAC","Bernacci, L.C.","4671","Native","Ouro","Low","IAC, Estação Experimental - Centro de Fruticultura"
"ÁREA DE PROTEÇÃO AMBIENTAL JUNDIAÍ","Angiosperms","Passifloraceae","Passiflora","porophylla","Vell.","PASSIFLORACEAE Passiflora porophylla Vell.","49419","GBIF","HRCB","Lombardi, J.A.","7322","Native","Latão","Low","Reserva Biológica Municipal da Serra do Japi, Base-Mirante-estrada para DAE-cachoeira das Jabuticabas-Base"
"ÁREA DE PROTEÇÃO AMBIENTAL JUNDIAÍ","Angiosperms","Passifloraceae","Passiflora","quadrangularis","L.","PASSIFLORACEAE Passiflora quadrangularis L.","32545","GBIF","IAC","Soares-Scott, M.D.","98","Native","Bronze","Low","IAC, Estação Experimental, área antropizada, coleção"
"ÁREA DE PROTEÇÃO AMBIENTAL JUNDIAÍ","Angiosperms","Passifloraceae","Passiflora","racemosa","Brot.","PASSIFLORACEAE Passiflora racemosa Brot.","31090","GBIF","IAC","Bernacci, L.C.","70","Native","Ouro","Low","IAC, Estação Experimental"
"ÁREA DE PROTEÇÃO AMBIENTAL JUNDIAÍ","Angiosperms","Passifloraceae","Passiflora","serratodigitata","L.","PASSIFLORACEAE Passiflora serratodigitata L.","37133","GBIF","IAC","Jacobucci, E.","s/nº","Native","Bronze","Low","IAC, Estação Experimental, BaG de maracujazeiros, parcela 5 (112 e 77?)"
"ÁREA DE PROTEÇÃO AMBIENTAL JUNDIAÍ","Angiosperms","Passifloraceae","Passiflora","sidifolia","M.Roem.","PASSIFLORACEAE Passiflora sidifolia M.Roem.","ESA126772","GBIF","ESA","Pavani, R.F.","120","Native","Latão","High","Serra do Japi."
"ÁREA DE PROTEÇÃO AMBIENTAL JUNDIAÍ","Angiosperms","Passifloraceae","Passiflora","suberosa","(Kunth) Port.-Utl. ex M.A.M. Azevedo, Baumgratz & Gonç.-Estev.","PASSIFLORACEAE Passiflora suberosa subsp. litoralis (Kunth) Port.-Utl. ex M.A.M. Azevedo, Baumgratz & Gonç.-Estev.","100535224","Splink","MO-DUPLICATES",,"871","Native","Ouro","Low","ESTAÇÃO EXPERIMENTAL DO IAC."
"ÁREA DE PROTEÇÃO AMBIENTAL JUNDIAÍ","Angiosperms","Passifloraceae","Passiflora","tricuspis","Mast.","PASSIFLORACEAE Passiflora tricuspis Mast.","100154945","Splink","MO-DUPLICATES",,"63","Native","Ouro","Low",
"ÁREA DE PROTEÇÃO AMBIENTAL JUNDIAÍ","Angiosperms","Peraceae","Pera","glabrata","(Schott) Baill.","PERACEAE Pera glabrata (Schott) Baill.","HUEMG003236","Reflora","HUEMG","Carvalho-Okano, R.M.",,"Native","Ouro","Medium","Serra do Japi, Mirante."
"ÁREA DE PROTEÇÃO AMBIENTAL JUNDIAÍ","Angiosperms","Phyllanthaceae","Cicca","acida","(L.) Merrill","PHYLLANTHACEAE Cicca acida (L.) Merrill","32083","GBIF","IAC","Vieira, M.D.R.","s/nº","Cultivated","Bronze","Low",
"ÁREA DE PROTEÇÃO AMBIENTAL JUNDIAÍ","Angiosperms","Phyllanthaceae","Phyllanthus","caroliniensis","Walter","PHYLLANTHACEAE Phyllanthus caroliniensis Walter","28665","GBIF","IAC","Bernacci, L.C.","10","Native","Ouro","Low","IAC, Estação Experimental"
"ÁREA DE PROTEÇÃO AMBIENTAL JUNDIAÍ","Angiosperms","Phyllanthaceae","Phyllanthus","tenellus","Roxb.","PHYLLANTHACEAE Phyllanthus tenellus Roxb.","49345","GBIF","HRCB","Lombardi, J.A.","7248","Native","Latão","Low","Reserva Biológica Municipal da Serra do Japi, Base-Cidinho-estrada da Cascalheira-Base"
"ÁREA DE PROTEÇÃO AMBIENTAL JUNDIAÍ","Angiosperms","Phytolaccaceae","Phytolacca","thyrsiflora","Fenzl. ex J.A.Schmidt","PHYTOLACCACEAE Phytolacca thyrsiflora Fenzl. ex J.A.Schmidt","12654","GBIF","UEC","Joly, C.A.","s.n.","Native","Ouro","Medium","Serra do Japi"
"ÁREA DE PROTEÇÃO AMBIENTAL JUNDIAÍ","Angiosperms","Phytolaccaceae","Seguieria","langsdorffii","Moq.","PHYTOLACCACEAE Seguieria langsdorffii Moq.","114013","GBIF","HUEFS","Hoehne, F.C.","1941","Native","Ouro","Low",
"ÁREA DE PROTEÇÃO AMBIENTAL JUNDIAÍ","Angiosperms","Picramniaceae","Picramnia","parvifolia","Engl.","PICRAMNIACEAE Picramnia parvifolia Engl.","197954","GBIF","UEC","Silva, B.G.","370","Native","Bronze","Low","Parque do Cerrado"
"ÁREA DE PROTEÇÃO AMBIENTAL JUNDIAÍ","Gymnosperms","Pinaceae","Pinus",,"L.","PINACEAE Pinus L.","48472","GBIF","HRCB","Lombardi, J.A.","6922",,"Latão","Low","Reserva Biológica Municipal da Serra do Japi, trilha Base/Mirante/DAE/Filipini/Base"
"ÁREA DE PROTEÇÃO AMBIENTAL JUNDIAÍ","Angiosperms","Piperaceae","Manekia",,"Trel.","PIPERACEAE Manekia Trel.","198618","GBIF","UEC","Leitao Filho, H.F.","13101",,"Latão","Low","Serra do Japí"
"ÁREA DE PROTEÇÃO AMBIENTAL JUNDIAÍ","Angiosperms","Piperaceae","Peperomia","alata","Ruiz & Pav.","PIPERACEAE Peperomia alata Ruiz & Pav.","49393","GBIF","HRCB","Lombardi, J.A.","7296","Native","Latão","Low","Reserva Biológica Municipal da Serra do Japi, Base-Mirante-estrada para DAE-cachoeira das Jabuticabas-Base"
"ÁREA DE PROTEÇÃO AMBIENTAL JUNDIAÍ","Angiosperms","Piperaceae","Peperomia","blanda","(Jacq.) Kunth","PIPERACEAE Peperomia blanda (Jacq.) Kunth","49738","GBIF","HRCB","Lombardi, J.A.","7384","Native","Latão","Low","Reserva Biológica Municipal da Serra do Japi, estrada da Cascalheira, depois a direita do Cidinho até além da porteira"
"ÁREA DE PROTEÇÃO AMBIENTAL JUNDIAÍ","Angiosperms","Piperaceae","Peperomia","nitida","Dahlst.","PIPERACEAE Peperomia nitida Dahlst.","2824","GBIF","SHPR","Biral, L.","3217","Native","Bronze","Low","Reserva Biológica Municipal da Serra do Japi."
"ÁREA DE PROTEÇÃO AMBIENTAL JUNDIAÍ","Angiosperms","Piperaceae","Peperomia","tetraphylla","(Miq.) Yunck.","PIPERACEAE Peperomia tetraphylla var. valantoides (Miq.) Yunck.","26820","GBIF","UEC","Leitao Filho, H.F.","13083","Native","Latão","Low","Serra do Japi"
"ÁREA DE PROTEÇÃO AMBIENTAL JUNDIAÍ","Angiosperms","Piperaceae","Peperomia","urocarpa","Fisch. & C.A.Mey.","PIPERACEAE Peperomia urocarpa Fisch. & C.A.Mey.","68595764","GBIF","Observations","Guto_carvalho",,"Native","Bronze","Low","Jundiaí, BR-SP, BR"
"ÁREA DE PROTEÇÃO AMBIENTAL JUNDIAÍ","Angiosperms","Piperaceae","Piper","acutilimbum","C.DC.","PIPERACEAE Piper acutilimbum C.DC.","CINC-V-0014838","GBIF","CINC","Kato, M.","k-2495","Native","Ouro","Low","Parque Municipal Serra do Japi, Jundiaía."
"ÁREA DE PROTEÇÃO AMBIENTAL JUNDIAÍ","Angiosperms","Piperaceae","Piper","aduncum","L.","PIPERACEAE Piper aduncum L.","210374","GBIF","HUEFS","Souza, V.C.","34160","Native","Ouro","Low","Beira da Rodovia dos Bandeirantes."
"ÁREA DE PROTEÇÃO AMBIENTAL JUNDIAÍ","Angiosperms","Piperaceae","Piper","amalago","L.","PIPERACEAE Piper amalago L.","RB01144203","GBIF","RB","Jung-Mendacolli, S.L.","804","Native","Ouro","Low","IAC, Estação Experimental"
"ÁREA DE PROTEÇÃO AMBIENTAL JUNDIAÍ","Angiosperms","Piperaceae","Piper","arboreum","Aubl.","PIPERACEAE Piper arboreum Aubl.","RB01111417","GBIF","RB","Pires, T.P.","44","Native","Bronze","Low",
"ÁREA DE PROTEÇÃO AMBIENTAL JUNDIAÍ","Angiosperms","Piperaceae","Piper","bowiei","Yunck.","PIPERACEAE Piper bowiei Yunck.","233252","GBIF","SPF","Kato, M.J.","2210","Native","Bronze","Low","Reserva Biológica Municipal da Serra do Japi"
"ÁREA DE PROTEÇÃO AMBIENTAL JUNDIAÍ","Angiosperms","Piperaceae","Piper","chimonanthifolium","Kunth","PIPERACEAE Piper chimonanthifolium Kunth","232929","GBIF","SPF","Kato, M.J.","2317","Native","Ouro","Medium","Reserva Biológica Municipal da Serra do Japi"
"ÁREA DE PROTEÇÃO AMBIENTAL JUNDIAÍ","Angiosperms","Piperaceae","Piper","claussenianum","(Miq.) C.DC.","PIPERACEAE Piper claussenianum (Miq.) C.DC.","HPL003290","Splink","HPL",,"213","Native","Bronze","Low","Coletada na Serra do Japi, na saída da base ecológica."
"ÁREA DE PROTEÇÃO AMBIENTAL JUNDIAÍ","Angiosperms","Piperaceae","Piper","corcovadensis","(Yunck.) E.F. Guim. & M. Carvalho-Silva","PIPERACEAE Piper corcovadensis var. longiracemosum (Yunck.) E.F. Guim. & M. Carvalho-Silva","32962","GBIF","IAC","Jung-Mendacolli, S.L.","595","Native","Ouro","Low","IAC, Estação Experimental"
"ÁREA DE PROTEÇÃO AMBIENTAL JUNDIAÍ","Angiosperms","Piperaceae","Piper","crassinervium","Kunth","PIPERACEAE Piper crassinervium Kunth","RB00298903","GBIF","RB","Marinho Filho, J.S.",,"Native","Ouro","Medium","Serra do Japi, próximo ao Açude do DAE, à beira do caminho que margeia o riacho."
"ÁREA DE PROTEÇÃO AMBIENTAL JUNDIAÍ","Angiosperms","Piperaceae","Piper","cubataonum","C.DC.","PIPERACEAE Piper cubataonum C.DC.","RB00516505","GBIF","RB","Lombardi, J.A.","7046","Native","Ouro","Low","Reserva Biológica Municipal da Serra do Japi, Base-Mirante-estrada para DAE-Base"
"ÁREA DE PROTEÇÃO AMBIENTAL JUNDIAÍ","Angiosperms","Piperaceae","Piper","fluminense","Raddi","PIPERACEAE Piper fluminense Raddi","232932","GBIF","SPF","Kato, M.J.","2325","Native","Ouro","Medium","Reserva Biológica Municipal da Serra do Japi"
"ÁREA DE PROTEÇÃO AMBIENTAL JUNDIAÍ","Angiosperms","Piperaceae","Piper","gaudichaudianum","Kunth","PIPERACEAE Piper gaudichaudianum Kunth","RB00299559","GBIF","RB","Marinho Filho, J.S.","15594","Native","Ouro","Medium","Serra do Japi: Próximo ao açude do D. A. E., no caminho que margeia o riacho."
"ÁREA DE PROTEÇÃO AMBIENTAL JUNDIAÍ","Angiosperms","Piperaceae","Piper","glabratum","Kunth","PIPERACEAE Piper glabratum Kunth","RB00713873","GBIF","RB","Reyes, L.F.","14","Native","Ouro","Medium","Serra do Japi."
"ÁREA DE PROTEÇÃO AMBIENTAL JUNDIAÍ","Angiosperms","Piperaceae","Piper","grazielae","Carv.-Silva & E.F.Guim.","PIPERACEAE Piper grazielae Carv.-Silva & E.F.Guim.","RB01184609","GBIF","RB","Souza, V.C.","35445","Native","Ouro","Low","Fragmento 7 (TAV). Floresta Estacional Semidecidual"
"ÁREA DE PROTEÇÃO AMBIENTAL JUNDIAÍ","Angiosperms","Piperaceae","Piper","hayneanum","C.DC.","PIPERACEAE Piper hayneanum C.DC.","35547","GBIF","IAC","Jung-Mendacolli, S.L.","864","Native","Ouro","Low","IAC, Estação Experimental"
"ÁREA DE PROTEÇÃO AMBIENTAL JUNDIAÍ","Angiosperms","Piperaceae","Piper","hemmendorffii","C.DC.","PIPERACEAE Piper hemmendorffii C.DC.","SPSF00019319","Splink","SPSF",,"86","Native","Ouro","Low","Serra do Japi"
"ÁREA DE PROTEÇÃO AMBIENTAL JUNDIAÍ","Angiosperms","Piperaceae","Piper","hillianum","C.DC.","PIPERACEAE Piper hillianum C.DC.","RB00300567","GBIF","RB","Marinho Filho, J.S.","15597","Native","Ouro","Medium","Serra do Japi, próximo ao açude do D.A.E."
"ÁREA DE PROTEÇÃO AMBIENTAL JUNDIAÍ","Angiosperms","Piperaceae","Piper","hoehnei","Yunck.","PIPERACEAE Piper hoehnei Yunck.","130269","GBIF","ESA","Souza, V.C.","35472","Native","Ouro","Low","Fragmento 10 (TAV). Floresta Estacional Semidecidual"
"ÁREA DE PROTEÇÃO AMBIENTAL JUNDIAÍ","Angiosperms","Piperaceae","Piper","lepturum","Kunth","PIPERACEAE Piper lepturum Kunth","RB00302414","GBIF","RB","Mendacolli, S.L.J.","642","Native","Ouro","Low","IAC, Estação Experimental"
"ÁREA DE PROTEÇÃO AMBIENTAL JUNDIAÍ","Angiosperms","Piperaceae","Piper","lhotzkyanum","Kunth","PIPERACEAE Piper lhotzkyanum Kunth","RB01197059","GBIF","RB","Lombardi, J.A.","6710","Native","Ouro","Low","Reserva Biológica Municipal da Serra do Japi, trilha Base/Mirante/Base."
"ÁREA DE PROTEÇÃO AMBIENTAL JUNDIAÍ","Angiosperms","Piperaceae","Piper","lindbergii","C.DC.","PIPERACEAE Piper lindbergii C.DC.","CINC-V-0014832","GBIF","CINC","Kato, M.","k-2493",,"Ouro","Low","Parque Municipal Serra do Japi, Jundiaía."
"ÁREA DE PROTEÇÃO AMBIENTAL JUNDIAÍ","Angiosperms","Piperaceae","Piper","macedoi","Yunck.","PIPERACEAE Piper macedoi Yunck.","31147","GBIF","IAC","Figueiredo, R.A.","7","Native","Bronze","Low","IAC, Estação Experimental"
"ÁREA DE PROTEÇÃO AMBIENTAL JUNDIAÍ","Angiosperms","Piperaceae","Piper","malacophyllum","(C.Presl) C.DC.","PIPERACEAE Piper malacophyllum (C.Presl) C.DC.","232931","GBIF","SPF","Kato, M.J.","2320","Native","Ouro","Medium","Reserva Biológica Municipal da Serra do Japi"
"ÁREA DE PROTEÇÃO AMBIENTAL JUNDIAÍ","Angiosperms","Piperaceae","Piper","miquelianum","C.DC.","PIPERACEAE Piper miquelianum C.DC.","37744","GBIF","IAC","Jung-Mendacolli, S.L.","971","Native","Ouro","Low","IAC, Estação Experimental"
"ÁREA DE PROTEÇÃO AMBIENTAL JUNDIAÍ","Angiosperms","Piperaceae","Piper","mollicomum","Kunth","PIPERACEAE Piper mollicomum Kunth","232933","GBIF","SPF","Kato, M.J.","2329","Native","Ouro","Medium","Reserva Biológica Municipal da Serra do Japi"
"ÁREA DE PROTEÇÃO AMBIENTAL JUNDIAÍ","Angiosperms","Piperaceae","Piper","mosenii","C.DC.","PIPERACEAE Piper mosenii C.DC.","232914","GBIF","SPF","Kato, M.J.","2198","Native","Ouro","Low","Reserva Biológica Municipal da Serra do Japi"
"ÁREA DE PROTEÇÃO AMBIENTAL JUNDIAÍ","Angiosperms","Piperaceae","Piper","ovatum","Vahl","PIPERACEAE Piper ovatum Vahl","RB00304353","GBIF","RB","Jung-Mendacolli, S.L.","1415","Native","Ouro","Low","IAC, Estação Experimental"
"ÁREA DE PROTEÇÃO AMBIENTAL JUNDIAÍ","Angiosperms","Piperaceae","Piper","permucronatum","Yunck.","PIPERACEAE Piper permucronatum Yunck.","RB00302517","GBIF","RB","Pirani, J.R.",,"Native","Ouro","Medium","Serra do Japi. Trinha do Mirante."
"ÁREA DE PROTEÇÃO AMBIENTAL JUNDIAÍ","Angiosperms","Piperaceae","Piper","richardiifolium","Kunth","PIPERACEAE Piper richardiifolium Kunth","2838","GBIF","SHPR","Biral, L.","3231","Native","Bronze","Low","Reserva Biológica Municipal da Serra do Japi."
"ÁREA DE PROTEÇÃO AMBIENTAL JUNDIAÍ","Angiosperms","Piperaceae","Piper","solmsianum","C.DC.","PIPERACEAE Piper solmsianum C.DC.","HPL003306","Splink","HPL",,"194","Native","Bronze","Low","Coletada na serra do Japi."
"ÁREA DE PROTEÇÃO AMBIENTAL JUNDIAÍ","Angiosperms","Piperaceae","Piper","umbellatum","L.","PIPERACEAE Piper umbellatum L.","30075","GBIF","FUEL","Kinupp, V.F.","155","Native","Ouro","Low","Parte Baixa da Serra do Japi."
"ÁREA DE PROTEÇÃO AMBIENTAL JUNDIAÍ","Angiosperms","Piperaceae","Piper","vaginans","C.DC.","PIPERACEAE Piper vaginans C.DC.","NY00557367","GBIF","NY","Leitao Filho, H.F.","13082","Native","Bronze","Low","Nativo em mata na Serra do Japi"
"ÁREA DE PROTEÇÃO AMBIENTAL JUNDIAÍ","Angiosperms","Piperaceae","Piper","velutinibaccum","C.DC.","PIPERACEAE Piper velutinibaccum C.DC.","CINC-V-0014827","GBIF","CINC","Kato, M.","k-2494","Native","Ouro","Low","Parque Municipal Serra do Japi, Jundiaía."
"ÁREA DE PROTEÇÃO AMBIENTAL JUNDIAÍ","Angiosperms","Piperaceae","Piper","xylosteoides","(Kunth) Steud.","PIPERACEAE Piper xylosteoides (Kunth) Steud.","31152","GBIF","IAC","Figueiredo, R.A.","11","Native","Bronze","Low","IAC, Estação Experimental"
"ÁREA DE PROTEÇÃO AMBIENTAL JUNDIAÍ","Angiosperms","Pittosporaceae","Pittosporum","undulatum","Vent.","PITTOSPORACEAE Pittosporum undulatum Vent.","13380","GBIF","VIES","Freitas, J.","s.n.","Naturalized","Bronze","Medium","Serra do Japi."
"ÁREA DE PROTEÇÃO AMBIENTAL JUNDIAÍ","Angiosperms","Plantaginaceae","Mecardonia","procumbens","(Mill.) Small","PLANTAGINACEAE Mecardonia procumbens (Mill.) Small","106536","GBIF","UEC","Faria, A.D.","96446","Native","Prata","Medium","Serra do Japi, Borda de lago no Sítio Filipino."
"ÁREA DE PROTEÇÃO AMBIENTAL JUNDIAÍ","Angiosperms","Plantaginaceae","Plantago","australis","Lam.","PLANTAGINACEAE Plantago australis Lam.","100423","GBIF","UEC","Faria, A.D.","96/431","Native","Bronze","Medium","Serra do Japi, Brejo perto da Base."
"ÁREA DE PROTEÇÃO AMBIENTAL JUNDIAÍ","Angiosperms","Plantaginaceae","Plantago","major","L.","PLANTAGINACEAE Plantago major L.",,"GBIF",,,,"Naturalized","Latão","Low",
"ÁREA DE PROTEÇÃO AMBIENTAL JUNDIAÍ","Angiosperms","Plantaginaceae","Russelia","equisetiformis","Schltdl. & Cham.","PLANTAGINACEAE Russelia equisetiformis Schltdl. & Cham.","64666833","GBIF","Observations","Neginmacedo",,"Cultivated","Bronze","Low","Vila Hortolândia, Jundiaí, SP, BR"
"ÁREA DE PROTEÇÃO AMBIENTAL JUNDIAÍ","Angiosperms","Plantaginaceae","Scoparia","dulcis","L.","PLANTAGINACEAE Scoparia dulcis L.","49022","GBIF","HRCB","Lombardi, J.A.","7082","Native","Latão","Low","Reserva Biológica Municipal da Serra do Japi, Base-Cidinho-estrada da Cascalheira-Av. Brasil Tamega-Base"
"ÁREA DE PROTEÇÃO AMBIENTAL JUNDIAÍ","Angiosperms","Plantaginaceae","Stemodia","stricta","Cham. & Schltdl.","PLANTAGINACEAE Stemodia stricta Cham. & Schltdl.","109413","GBIF","UEC","Aona, L.Y.S.","99138","Native","Bronze","Medium","Serra do Japí, brejo localizado próximo ao posto da Guarda Municipal."
"ÁREA DE PROTEÇÃO AMBIENTAL JUNDIAÍ","Angiosperms","Plantaginaceae","Stemodia","verticillata","(Mill.) Hassl.","PLANTAGINACEAE Stemodia verticillata (Mill.) Hassl.",,"GBIF",,,,"Native","Latão","Low",
"ÁREA DE PROTEÇÃO AMBIENTAL JUNDIAÍ","Angiosperms","Poaceae","Agrostis",,"L.","POACEAE Agrostis L.","IAN065393","GBIF","IAN","Brade, A.C.","8147",,"Ouro","Low",
"ÁREA DE PROTEÇÃO AMBIENTAL JUNDIAÍ","Angiosperms","Poaceae","Andropogon","bicornis","L.","POACEAE Andropogon bicornis L.",,"GBIF",,,,"Native","Latão","Low",
"ÁREA DE PROTEÇÃO AMBIENTAL JUNDIAÍ","Angiosperms","Poaceae","Andropogon","ternatus","(Spreng.) Nees","POACEAE Andropogon ternatus (Spreng.) Nees","8844","GBIF","IPA","Pickel, B.","5139","Native","Bronze","Low","( Fazenda Rosário). No pantano de uma lagoa."
"ÁREA DE PROTEÇÃO AMBIENTAL JUNDIAÍ","Angiosperms","Poaceae","Anthaenantia","lanata","(Kunth) Benth.","POACEAE Anthaenantia lanata (Kunth) Benth.","8942","GBIF","IPA","Pickel, B.","5141","Native","Ouro","Low","Fazenda Rosário. Num campo alto."
"ÁREA DE PROTEÇÃO AMBIENTAL JUNDIAÍ","Angiosperms","Poaceae","Arthropogon","villosus","Nees","POACEAE Arthropogon villosus Nees","8845","GBIF","IPA","Pickel, B.","5144","Native","Bronze","Low","Fazendo Rosário, Num campo alto."
"ÁREA DE PROTEÇÃO AMBIENTAL JUNDIAÍ","Angiosperms","Poaceae","Axonopus","polystachyus","G.A. Black","POACEAE Axonopus polystachyus G.A. Black","38232","GBIF","UEC","Klink, C.A.","16782","Native","Ouro","Low","Serra do Japí, Alto da serra. Beira de estrada."
"ÁREA DE PROTEÇÃO AMBIENTAL JUNDIAÍ","Angiosperms","Poaceae","Axonopus","purpusii","(Mez) Chase","POACEAE Axonopus purpusii (Mez) Chase","38231","GBIF","UEC","Klink, C.A.","16783","Native","Bronze","Low","Serra do Japí, Alto da serra. Beira da estrada."
"ÁREA DE PROTEÇÃO AMBIENTAL JUNDIAÍ","Angiosperms","Poaceae","Bambusa","tuldoides","Munro","POACEAE Bambusa tuldoides Munro","48657","GBIF","HRCB","Lombardi, J.A.","6972","Naturalized","Latão","Low","Reserva Biológica Municipal da Serra do Japi, Base-Mirante-estrada para DAE-Base"
"ÁREA DE PROTEÇÃO AMBIENTAL JUNDIAÍ","Angiosperms","Poaceae","Cenchrus","purpureus","(Schumach.) Morrone","POACEAE Cenchrus purpureus (Schumach.) Morrone","16945","GBIF","UEC","Yamamoto, K.","8065","Naturalized","Bronze","Low","Serra do Japi"
"ÁREA DE PROTEÇÃO AMBIENTAL JUNDIAÍ","Angiosperms","Poaceae","Chusquea","bambusoides","(Raddi) Hack.","POACEAE Chusquea bambusoides (Raddi) Hack.","50146","GBIF","HRCB","Lombardi, J.A.","7458","Native","Latão","Low","Reserva Biológica Municipal da Serra do Japi, trilha Base/Mirante/DAE/Base"
"ÁREA DE PROTEÇÃO AMBIENTAL JUNDIAÍ","Angiosperms","Poaceae","Chusquea","capituliflora","Trin.","POACEAE Chusquea capituliflora Trin.","45266","GBIF","UEC","Klink, C.A.","17760","Native","Ouro","Low","Serra do Japi"
"ÁREA DE PROTEÇÃO AMBIENTAL JUNDIAÍ","Angiosperms","Poaceae","Chusquea","leptophylla","Nees","POACEAE Chusquea leptophylla Nees","285900","GBIF","SP","Pirani, J.R.","3630","Native","Ouro","Low","Serra do Japi, Trilha do Mirante"
"ÁREA DE PROTEÇÃO AMBIENTAL JUNDIAÍ","Angiosperms","Poaceae","Chusquea","ramosissima","Lindm.","POACEAE Chusquea ramosissima Lindm.","ESA00131435","GBIF","ESA","Souza, V.C.","36638","Native","Ouro","Low","Fragmento 10 (TAV). Floresta Estacional Semidecidual"
"ÁREA DE PROTEÇÃO AMBIENTAL JUNDIAÍ","Angiosperms","Poaceae","Chusquea","tenuiglumis","Döll","POACEAE Chusquea tenuiglumis Döll","115544","GBIF","BHCB","Viana, P.L.","3164","Native","Ouro","Low","Serra do Japi, Entrada DAE"
"ÁREA DE PROTEÇÃO AMBIENTAL JUNDIAÍ","Angiosperms","Poaceae","Cinnagrostis","viridiflavescens","(Poir.) P.M. Peterson, Soreng, Romasch. & Barberá","POACEAE Cinnagrostis viridiflavescens (Poir.) P.M. Peterson, Soreng, Romasch. & Barberá","8891","GBIF","IPA","Pickel, B.","5203","Native","Bronze","Low","Fazenda Traviú, Á margem de uma lagoa."
"ÁREA DE PROTEÇÃO AMBIENTAL JUNDIAÍ","Angiosperms","Poaceae","Cynodon","dactylon","(L.) Pers.","POACEAE Cynodon dactylon (L.) Pers.",,"GBIF",,,,"Naturalized","Latão","Low",
"ÁREA DE PROTEÇÃO AMBIENTAL JUNDIAÍ","Angiosperms","Poaceae","Dichanthelium","hebotes","(Trin.) Zuloaga","POACEAE Dichanthelium hebotes (Trin.) Zuloaga","1764","GBIF","HURB","Pansarin, E.R.","116","Native","Ouro","Low","Serra do Japi, bairro Eloy Chaves."
"ÁREA DE PROTEÇÃO AMBIENTAL JUNDIAÍ","Angiosperms","Poaceae","Dichanthelium","sabulorum","(Lam.) Gould & C.A. Clark","POACEAE Dichanthelium sabulorum (Lam.) Gould & C.A. Clark","47367","GBIF","HRCB","Lombardi, J.A.","6616","Native","Latão","Low","Reserva Biológica Municipal da Serra do Japi, trilha Base/Mirante/Base"
"ÁREA DE PROTEÇÃO AMBIENTAL JUNDIAÍ","Angiosperms","Poaceae","Digitaria","violascens","Link","POACEAE Digitaria violascens Link","38213","GBIF","UEC","Klink, C.A.","16784","Naturalized","Bronze","Low","Serra do Japí, Alto da serra."
"ÁREA DE PROTEÇÃO AMBIENTAL JUNDIAÍ","Angiosperms","Poaceae","Echinochloa",,"P. Beauv.","POACEAE Echinochloa P. Beauv.","109416","GBIF","UEC","Aona, L.Y.S.","99/136",,"Latão","Low","Serra do Japi, brejo localizado próximo ao posto da Guarda Municipal."
"ÁREA DE PROTEÇÃO AMBIENTAL JUNDIAÍ","Angiosperms","Poaceae","Elionurus","muticus","(Spreng.) Kuntze","POACEAE Elionurus muticus (Spreng.) Kuntze","8911","GBIF","IPA","Pickel, B.","5143","Native","Ouro","Low","Fazenda Rosário. num campo alto, depois do fogo."
"ÁREA DE PROTEÇÃO AMBIENTAL JUNDIAÍ","Angiosperms","Poaceae","Eragrostis","rufescens","Schrad. ex Schult.","POACEAE Eragrostis rufescens Schrad. ex Schult.","7423","GBIF","VIC","Carnielli, V.","s.n.","Native","Ouro","Medium","Serra do Japi, Terreno seco. Parte alta."
"ÁREA DE PROTEÇÃO AMBIENTAL JUNDIAÍ","Angiosperms","Poaceae","Eragrostis","seminuda","Trin.","POACEAE Eragrostis seminuda Trin.","38214","GBIF","UEC","Klink, C.A.","16781","Native","Ouro","Low","Serra do Japí, Alto da serra, beira de estrada."
"ÁREA DE PROTEÇÃO AMBIENTAL JUNDIAÍ","Angiosperms","Poaceae","Eriochrysis","cayennensis","P.Beauv.","POACEAE Eriochrysis cayennensis P.Beauv.","IAN065391","GBIF","IAN","Brade, A.C.","8146","Native","Ouro","Low",
"ÁREA DE PROTEÇÃO AMBIENTAL JUNDIAÍ","Angiosperms","Poaceae","Eustachys","distichophylla","(Lag.) Nees","POACEAE Eustachys distichophylla (Lag.) Nees","201404","GBIF","UEC","Silva, B.G.","421","Native","Bronze","Low",
"ÁREA DE PROTEÇÃO AMBIENTAL JUNDIAÍ","Angiosperms","Poaceae","Hildaea","pallens","(Sw.) C.Silva & R.P.Oliveira","POACEAE Hildaea pallens (Sw.) C.Silva & R.P.Oliveira","87264","GBIF","UEC","Bernacci, L.C.","24","Native","Ouro","Low","IAC, Estação Experimental"
"ÁREA DE PROTEÇÃO AMBIENTAL JUNDIAÍ","Angiosperms","Poaceae","Hyparrhenia","bracteata","(Humb. & Bonpl. ex Willd.) Stapf","POACEAE Hyparrhenia bracteata (Humb. & Bonpl. ex Willd.) Stapf","IAN065392","GBIF","IAN","Brade, A.C.","8149","Native","Ouro","Low","Morro do Murça."
"ÁREA DE PROTEÇÃO AMBIENTAL JUNDIAÍ","Angiosperms","Poaceae","Ichnanthus",,"P.Beauv.","POACEAE Ichnanthus P.Beauv.","16993","GBIF","UEC","Carnielli, V.","8018",,"Ouro","Low","Serra do Japí, Beira do caminho."
"ÁREA DE PROTEÇÃO AMBIENTAL JUNDIAÍ","Angiosperms","Poaceae","Lasiacis","divaricata","Davidse","POACEAE Lasiacis divaricata var. austroamericana Davidse","1650","GBIF","SHPR","Biral, L.","2718","Native","Bronze","Low","Reserva Biológica Municipal da Serra do Japi"
"ÁREA DE PROTEÇÃO AMBIENTAL JUNDIAÍ","Angiosperms","Poaceae","Lasiacis","ligulata","Hitchc. & Chase","POACEAE Lasiacis ligulata Hitchc. & Chase","131398","GBIF","ESA","Souza, V.C.","36601","Native","Prata","Low","Fragmento 7 (TAV). Floresta Estacional Semidecidual"
"ÁREA DE PROTEÇÃO AMBIENTAL JUNDIAÍ","Angiosperms","Poaceae","Lasiacis","sorghoidea","(Desv. ex Ham.) Hitchc. & Chase","POACEAE Lasiacis sorghoidea (Desv. ex Ham.) Hitchc. & Chase","33728","GBIF","IAC","Jung-Mendacolli, S.L.","707","Native","Ouro","Low","IAC, Estação Experimental"
"ÁREA DE PROTEÇÃO AMBIENTAL JUNDIAÍ","Angiosperms","Poaceae","Lolium",,"L.","POACEAE Lolium L.","103424","GBIF","UEC","Pansarin, E.R.","394",,"Latão","Low","Serra do Japi, Sentido Eloy Chaves, próximo à represa do DAE."
"ÁREA DE PROTEÇÃO AMBIENTAL JUNDIAÍ","Angiosperms","Poaceae","Melinis","minutiflora","P.Beauv.","POACEAE Melinis minutiflora P.Beauv.","47416","GBIF","HRCB","Lombardi, J.A.","6665","Naturalized","Latão","Low","Reserva Biológica Municipal da Serra do Japi, trilha Base/Biquinha/Rocinha/Base"
"ÁREA DE PROTEÇÃO AMBIENTAL JUNDIAÍ","Angiosperms","Poaceae","Melinis","repens","(Willd.) Zizka","POACEAE Melinis repens (Willd.) Zizka","49748","GBIF","HRCB","Lombardi, J.A.","7394","Naturalized","Latão","Low","Reserva Biológica Municipal da Serra do Japi, estrada da Cascalheira, depois a direita do Cidinho até além da porteira"
"ÁREA DE PROTEÇÃO AMBIENTAL JUNDIAÍ","Angiosperms","Poaceae","Merostachys",,"Spreng.","POACEAE Merostachys Spreng.","50147","GBIF","HRCB","Lombardi, J.A.","7459",,"Latão","Low","Reserva Biológica Municipal da Serra do Japi, trilha Base/Mirante/DAE/Base"
"ÁREA DE PROTEÇÃO AMBIENTAL JUNDIAÍ","Angiosperms","Poaceae","Olyra","ciliatifolia","Raddi","POACEAE Olyra ciliatifolia Raddi","131404","GBIF","ESA","Souza, V.C.","36607","Native","Prata","Low","Fragmento 8 (TAV). Floresta Estacional Semidecidual"
"ÁREA DE PROTEÇÃO AMBIENTAL JUNDIAÍ","Angiosperms","Poaceae","Olyra","humilis","Nees","POACEAE Olyra humilis Nees","49610","GBIF","HRCB","Lombardi, J.A.","7328","Native","Latão","Low","Reserva Biológica Municipal da Serra do Japi, trilha Passarinheiros"
"ÁREA DE PROTEÇÃO AMBIENTAL JUNDIAÍ","Angiosperms","Poaceae","Oplismenus","hirtellus","(L.) P.Beauv.","POACEAE Oplismenus hirtellus (L.) P.Beauv.","28685","GBIF","IAC","Bernacci, L.C.","32","Native","Ouro","Low","IAC, Estação Experimental"
"ÁREA DE PROTEÇÃO AMBIENTAL JUNDIAÍ","Angiosperms","Poaceae","Panicum","aquaticum","Poir.","POACEAE Panicum aquaticum Poir.","109918","GBIF","UEC","Faria, A.D.","96436","Native","Bronze","Low","Serra do Japi, brejo perto da Base."
"ÁREA DE PROTEÇÃO AMBIENTAL JUNDIAÍ","Angiosperms","Poaceae","Panicum","millegrana","Poir.","POACEAE Panicum millegrana Poir.","45292","GBIF","UEC","Klink, C.A.","17756","Native","Ouro","Low","Serra do Japí"
"ÁREA DE PROTEÇÃO AMBIENTAL JUNDIAÍ","Angiosperms","Poaceae","Panicum","peladoense","Henrard","POACEAE Panicum peladoense Henrard","IAN066273","GBIF","IAN","Brade, A.C.","8144","Native","Ouro","Low","Jundiaí."
"ÁREA DE PROTEÇÃO AMBIENTAL JUNDIAÍ","Angiosperms","Poaceae","Paspalum","corcovadense","Raddi","POACEAE Paspalum corcovadense Raddi","38216","GBIF","UEC","Klink, C.A.","16779","Native","Ouro","Low","Serra do Japí, Alto da serra. Beira da estrada."
"ÁREA DE PROTEÇÃO AMBIENTAL JUNDIAÍ","Angiosperms","Poaceae","Paspalum","coryphaeum","Trin.","POACEAE Paspalum coryphaeum Trin.","IAN065956","GBIF","IAN","Brade, A.C.","7183","Native","Ouro","Low","Morro da Murça, Jundiahy."
"ÁREA DE PROTEÇÃO AMBIENTAL JUNDIAÍ","Angiosperms","Poaceae","Paspalum","dasytrichium","Dusén ex Swallen","POACEAE Paspalum dasytrichium Dusén ex Swallen","7044","GBIF","SP","Brade, A.C.","7184","Native","Ouro","Low",
"ÁREA DE PROTEÇÃO AMBIENTAL JUNDIAÍ","Angiosperms","Poaceae","Paspalum","decumbens","Sw.","POACEAE Paspalum decumbens Sw.","38218","GBIF","UEC","Klink, C.A.","16789","Native","Ouro","Low","Serra do Japí, Alto da serra."
"ÁREA DE PROTEÇÃO AMBIENTAL JUNDIAÍ","Angiosperms","Poaceae","Paspalum","eucomum","Nees ex Trin.","POACEAE Paspalum eucomum Nees ex Trin.","25096","GBIF","IAC","Leitao Filho, H.F.","s/nº","Native","Ouro","Low","coleção de plantas invasoras"
"ÁREA DE PROTEÇÃO AMBIENTAL JUNDIAÍ","Angiosperms","Poaceae","Paspalum","falcatum","Nees ex Steud.","POACEAE Paspalum falcatum Nees ex Steud.","IAN065963","GBIF","IAN","Brade, A.C.","8148","Native","Ouro","Low","Jundiaí, Morro do Murça."
"ÁREA DE PROTEÇÃO AMBIENTAL JUNDIAÍ","Angiosperms","Poaceae","Paspalum","intermedium","Munro ex Morong & Britton","POACEAE Paspalum intermedium Munro ex Morong & Britton","8971","GBIF","IPA","Pickel, B.","5145","Native","Bronze","Low","Fazendo Rosário, á beira de um regato"
"ÁREA DE PROTEÇÃO AMBIENTAL JUNDIAÍ","Angiosperms","Poaceae","Paspalum","maculosum","Trin.","POACEAE Paspalum maculosum Trin.","8977","GBIF","IPA","Pickel, B.","5204","Native","Bronze","Low","Fazenda Traviu, Á margem de uma lagoa."
"ÁREA DE PROTEÇÃO AMBIENTAL JUNDIAÍ","Angiosperms","Poaceae","Paspalum","polyphyllum","Nees","POACEAE Paspalum polyphyllum Nees","SPFR001168","Splink","SPFR",,"16672","Native","Latão","Low","Serra do Japí"
"ÁREA DE PROTEÇÃO AMBIENTAL JUNDIAÍ","Angiosperms","Poaceae","Paspalum","urvillei","Steud.","POACEAE Paspalum urvillei Steud.","9006","GBIF","IPA","Pickel, B.","5207","Native","Bronze","Low","Fazenda Traviú, No pântano de uma lagoa."
"ÁREA DE PROTEÇÃO AMBIENTAL JUNDIAÍ","Angiosperms","Poaceae","Pharus","lappulaceus","Aubl.","POACEAE Pharus lappulaceus Aubl.","HRCB082262","Splink","HRCB",,"114","Native","Ouro","Low","Serra do Japi, bairro Eloy Chaves, próximo à represa."
"ÁREA DE PROTEÇÃO AMBIENTAL JUNDIAÍ","Angiosperms","Poaceae","Phyllostachys","aurea","Carrière ex Rivière & C. Rivière","POACEAE Phyllostachys aurea Carrière ex Rivière & C. Rivière","48310","GBIF","HRCB","Lombardi, J.A.","6826","Cultivated","Latão","Low","Reserva Biológica Municipal da Serra do Japi, Base-Mirante-estrada para DAE"
"ÁREA DE PROTEÇÃO AMBIENTAL JUNDIAÍ","Angiosperms","Poaceae","Polypogon","elongatus","Kunth","POACEAE Polypogon elongatus Kunth","48960","GBIF","HRCB","Lombardi, J.A.","7020","Native","Latão","Low","Reserva Biológica Municipal da Serra do Japi, Base-Mirante-estrada para DAE-Base"
"ÁREA DE PROTEÇÃO AMBIENTAL JUNDIAÍ","Angiosperms","Poaceae","Pseudechinolaena","polystachya","(Kunth) Stapf","POACEAE Pseudechinolaena polystachya (Kunth) Stapf","47423","GBIF","HRCB","Lombardi, J.A.","6672","Native","Ouro","Low","Reserva Biológica Municipal da Serra do Japi"
"ÁREA DE PROTEÇÃO AMBIENTAL JUNDIAÍ","Angiosperms","Poaceae","Rugoloa","pilosa","(Sw.) Zuloaga","POACEAE Rugoloa pilosa (Sw.) Zuloaga","45268","GBIF","UEC","Klink, C.A.","17758","Native","Ouro","Low","Serra do Japí, Beira da mata."
"ÁREA DE PROTEÇÃO AMBIENTAL JUNDIAÍ","Angiosperms","Poaceae","Saccharum",,"L.","POACEAE Saccharum L.","110373","GBIF","UEC","Pansarin, E.R.","693",,"Latão","Low","Serra do Japi, Sentido Malota, próximo a Base Ecológica da Serra do Japi. Brejo próximo a base."
"ÁREA DE PROTEÇÃO AMBIENTAL JUNDIAÍ","Angiosperms","Poaceae","Setaria","sulcata","Raddi","POACEAE Setaria sulcata Raddi","IBGE00059214","GBIF","IBGE","Ana","5810","Native","Ouro","Low","Folha Cartográfica SF-23-X-C Coordenada Calculada."
"ÁREA DE PROTEÇÃO AMBIENTAL JUNDIAÍ","Angiosperms","Poaceae","Sporobolus","indicus","(L.) R.Br.","POACEAE Sporobolus indicus (L.) R.Br.","38227","GBIF","UEC","Klink, C.A.","16787","Native","Ouro","Low","Serra do Japí, alto da serra"
"ÁREA DE PROTEÇÃO AMBIENTAL JUNDIAÍ","Angiosperms","Poaceae","Sporobolus","pseudairoides","Parodi","POACEAE Sporobolus pseudairoides Parodi","38226","GBIF","UEC","Klink, C.A.","16785","Native","Ouro","Low","Serra do Japi, Alto da serra."
"ÁREA DE PROTEÇÃO AMBIENTAL JUNDIAÍ","Angiosperms","Poaceae","Steinchisma","decipiens","(Nees ex Trin.) W.V.Br.","POACEAE Steinchisma decipiens (Nees ex Trin.) W.V.Br.","RB00626464","GBIF","RB","Pansarin, E.R.","120","Native","Latão","Low","Serra do Japi, Bairro Eloy Chaves, próximo à represa."
"ÁREA DE PROTEÇÃO AMBIENTAL JUNDIAÍ","Angiosperms","Poaceae","Steinchisma","laxum","(Sw.) Zuloaga","POACEAE Steinchisma laxum (Sw.) Zuloaga","45267","GBIF","UEC","Klink, C.A.","17759","Native","Ouro","Low","Serra do Japí, Beira de córrego."
"ÁREA DE PROTEÇÃO AMBIENTAL JUNDIAÍ","Angiosperms","Poaceae","Taquara","micrantha","(Kunth) I.L.C.Oliveira & R.P.Oliveira","POACEAE Taquara micrantha (Kunth) I.L.C.Oliveira & R.P.Oliveira","35292","GBIF","IAC","Jung-Mendacolli, S.L.","792","Native","Ouro","Low","IAC, Estação Experimental"
"ÁREA DE PROTEÇÃO AMBIENTAL JUNDIAÍ","Angiosperms","Poaceae","Trichanthecium","schwackeanum","(Mez) Zuloaga & Morrone","POACEAE Trichanthecium schwackeanum (Mez) Zuloaga & Morrone","100167","GBIF","UEC","Faria, A.D.","96/445","Native","Bronze","Low","Serra do Japí, Borda de lago no sítio Filipino"
"ÁREA DE PROTEÇÃO AMBIENTAL JUNDIAÍ","Angiosperms","Poaceae","Urochloa","brizantha","(Hochst. ex A.Rich.) R.D.Webster","POACEAE Urochloa brizantha (Hochst. ex A.Rich.) R.D.Webster","48620","GBIF","HRCB","Lombardi, J.A.","6935","Naturalized","Latão","Low","Reserva Biológica Municipal da Serra do Japi, trilha Base/trilha a esquerda da porteira da Base/Cidinho/trilha a esquerda do antigo Viveiro de mudas até último ponto"
"ÁREA DE PROTEÇÃO AMBIENTAL JUNDIAÍ","Angiosperms","Polygalaceae","Acanthocladus","brasiliensis","(A.St.-Hil. & Moq.) Klotzsch ex Hassk.","POLYGALACEAE Acanthocladus brasiliensis (A.St.-Hil. & Moq.) Klotzsch ex Hassk.","RB00318696","GBIF","RB","Mendacolli, S.L.J.","620","Native","Ouro","Low","IAC, Estação Experimental"
"ÁREA DE PROTEÇÃO AMBIENTAL JUNDIAÍ","Angiosperms","Polygalaceae","Asemeia","acuminata","(Willd.) J.F.B.Pastore & J.R.Abbott","POLYGALACEAE Asemeia acuminata (Willd.) J.F.B.Pastore & J.R.Abbott","6774","GBIF","SP","Brade, A.C.","7325","Native","Bronze","Low",
"ÁREA DE PROTEÇÃO AMBIENTAL JUNDIAÍ","Angiosperms","Polygalaceae","Asemeia","monninoides","(Kunth) J.F.B.Pastore & J.R.Abbott","POLYGALACEAE Asemeia monninoides (Kunth) J.F.B.Pastore & J.R.Abbott","150883","GBIF","UEC","Rodrigues, C.L.","30","Native","Ouro","Low","Serra do Japí."
"ÁREA DE PROTEÇÃO AMBIENTAL JUNDIAÍ","Angiosperms","Polygalaceae","Asemeia","violacea","(Aubl.) J.F.B.Pastore & J.R.Abbott","POLYGALACEAE Asemeia violacea (Aubl.) J.F.B.Pastore & J.R.Abbott","13678","GBIF","SP","Puiggari, J.J.","CGG2948","Native","Bronze","Low","Campo."
"ÁREA DE PROTEÇÃO AMBIENTAL JUNDIAÍ","Angiosperms","Polygalaceae","Bredemeyera","floribunda","Willd.","POLYGALACEAE Bredemeyera floribunda Willd.","28713","GBIF","IAC","Bernacci, L.C.","62","Native","Bronze","Low","IAC, Estação Experimental"
"ÁREA DE PROTEÇÃO AMBIENTAL JUNDIAÍ","Angiosperms","Polygalaceae","Bredemeyera","hebeclada","(DC.) J.F.B.Pastore","POLYGALACEAE Bredemeyera hebeclada (DC.) J.F.B.Pastore","41103","GBIF","UEC","Randi, M.A.","16403","Native","Ouro","Low","Serra Japí. Coordenada Calculada."
"ÁREA DE PROTEÇÃO AMBIENTAL JUNDIAÍ","Angiosperms","Polygalaceae","Bredemeyera","laurifolia","(A.St.-Hil. & Moq.) Klotzsch ex A.W.Benn.","POLYGALACEAE Bredemeyera laurifolia (A.St.-Hil. & Moq.) Klotzsch ex A.W.Benn.","99281","GBIF","SPF","Bernacci, L.C.","62","Native","Bronze","Low","IAC, Estação Experimental"
"ÁREA DE PROTEÇÃO AMBIENTAL JUNDIAÍ","Angiosperms","Polygalaceae","Diclidanthera","laurifolia","Mart.","POLYGALACEAE Diclidanthera laurifolia Mart.","RB00536613","GBIF","RB","Rodrigues, R.R.",,"Native","Bronze","Medium","Serra do Japi."
"ÁREA DE PROTEÇÃO AMBIENTAL JUNDIAÍ","Angiosperms","Polygalaceae","Polygala",,"L.","POLYGALACEAE Polygala L.","35301","GBIF","IAC","Jung-Mendacolli, S.L.","801",,"Bronze","Low","IAC, Estação Experimental"
"ÁREA DE PROTEÇÃO AMBIENTAL JUNDIAÍ","Angiosperms","Polygalaceae","Securidaca","divaricata","Nees & Mart.","POLYGALACEAE Securidaca divaricata Nees & Mart.","HUEFS176312","GBIF","HUEFS","Hermes, M.","18653","Native","Ouro","Low",
"ÁREA DE PROTEÇÃO AMBIENTAL JUNDIAÍ","Angiosperms","Polygalaceae","Securidaca","lanceolata","A.St.-Hil. & Moq.","POLYGALACEAE Securidaca lanceolata A.St.-Hil. & Moq.","5436","Splink","CTBS",,"911","Native","Ouro","Low","IAC, Estação Experimental"
"ÁREA DE PROTEÇÃO AMBIENTAL JUNDIAÍ","Angiosperms","Polygalaceae","Senega","bryoides","(A.St.-Hil. & Moq.) J.F.B.Pastore","POLYGALACEAE Senega bryoides (A.St.-Hil. & Moq.) J.F.B.Pastore","6768","GBIF","SP","Brade, A.C.","7319","Native","Ouro","Low",
"ÁREA DE PROTEÇÃO AMBIENTAL JUNDIAÍ","Angiosperms","Polygalaceae","Senega","lancifolia","(A.St.-Hil. & Moq.) J.F.B.Pastore","POLYGALACEAE Senega lancifolia (A.St.-Hil. & Moq.) J.F.B.Pastore","CEN00046526","GBIF","CEN","Franceschinelli, E.V.","s/n","Native","Ouro","Medium","Serra do Japí."
"ÁREA DE PROTEÇÃO AMBIENTAL JUNDIAÍ","Angiosperms","Polygalaceae","Senega","poaya","(Mart.) J.F.B.Pastore","POLYGALACEAE Senega poaya (Mart.) J.F.B.Pastore","174385","GBIF","UEC","Brade, A.C.","7320","Native","Ouro","Low",
"ÁREA DE PROTEÇÃO AMBIENTAL JUNDIAÍ","Angiosperms","Polygonaceae","Polygonum","acuminatum","Kunth","POLYGONACEAE Polygonum acuminatum Kunth","109407","GBIF","UEC","Aona, L.Y.S.","99135","Native","Bronze","Medium","Serra do Japi, Brejo localizado próximo a caixa d' água do Condomínio Ermida."
"ÁREA DE PROTEÇÃO AMBIENTAL JUNDIAÍ","Angiosperms","Polygonaceae","Polygonum","capitatum","Buch.-Ham. ex D.Don","POLYGONACEAE Polygonum capitatum Buch.-Ham. ex D.Don",,"GBIF",,,,"Naturalized","Latão","Low",
"ÁREA DE PROTEÇÃO AMBIENTAL JUNDIAÍ","Angiosperms","Polygonaceae","Polygonum","hydropiperoides","Michx.","POLYGONACEAE Polygonum hydropiperoides Michx.","26837","GBIF","UEC","Leitao Filho, H.F.","13136","Native","Ouro","Medium","Serra do Japi"
"ÁREA DE PROTEÇÃO AMBIENTAL JUNDIAÍ","Angiosperms","Polygonaceae","Polygonum","meisnerianum","Cham.","POLYGONACEAE Polygonum meisnerianum Cham.","110459","GBIF","UEC","Faria, A.D.","96450","Native","Bronze","Medium","Serra do Japi, Borda de lago no sítio Filipino."
"ÁREA DE PROTEÇÃO AMBIENTAL JUNDIAÍ","Angiosperms","Polygonaceae","Polygonum","punctatum","Elliott","POLYGONACEAE Polygonum punctatum Elliott","109414","GBIF","UEC","Aona, L.Y.S.","99/139","Native","Bronze","Medium","Serra do Japi, Brejo localizado próximo ao posto da Guarda Municipal."
"ÁREA DE PROTEÇÃO AMBIENTAL JUNDIAÍ","Ferns and Lycophytes","Polypodiaceae","Campyloneurum","lapathifolium","(Poir.) Ching","POLYPODIACEAE Campyloneurum lapathifolium (Poir.) Ching","155882","GBIF","UEC","Hirai, R.Y.","668","Native","Bronze","Low","Serra do Japi, Na estrada para a torre da TV Cultura"
"ÁREA DE PROTEÇÃO AMBIENTAL JUNDIAÍ","Ferns and Lycophytes","Polypodiaceae","Campyloneurum","nitidum","(Kaulf.) C.Presl","POLYPODIACEAE Campyloneurum nitidum (Kaulf.) C.Presl","155875","GBIF","UEC","Prado, J.","2116","Native","Ouro","High","Serra do Japi. Av. Cláudio Gianini, passando o Sítio Santo Antonio, entrada à direita"
"ÁREA DE PROTEÇÃO AMBIENTAL JUNDIAÍ","Ferns and Lycophytes","Polypodiaceae","Campyloneurum","repens","(Aubl.) C.Presl","POLYPODIACEAE Campyloneurum repens (Aubl.) C.Presl","155876","GBIF","UEC","Hirai, R.Y.","673","Native","Ouro","Low","Serra do Japi, Na estrada para a torre da TV Cultura."
"ÁREA DE PROTEÇÃO AMBIENTAL JUNDIAÍ","Ferns and Lycophytes","Polypodiaceae","Campyloneurum","rigidum","Sm.","POLYPODIACEAE Campyloneurum rigidum Sm.","155857","GBIF","UEC","Prado, J.","2039","Native","Ouro","Low","Serra do Japi, Na estrada do DAE."
"ÁREA DE PROTEÇÃO AMBIENTAL JUNDIAÍ","Ferns and Lycophytes","Polypodiaceae","Microgramma","persicariifolia","(Schrad.) C.Presl","POLYPODIACEAE Microgramma persicariifolia (Schrad.) C.Presl","155563","GBIF","UEC","Prado, J.","2046","Native","Ouro","Low","Serra do Japi"
"ÁREA DE PROTEÇÃO AMBIENTAL JUNDIAÍ","Ferns and Lycophytes","Polypodiaceae","Microgramma","squamulosa","(Kaulf.) de la Sota","POLYPODIACEAE Microgramma squamulosa (Kaulf.) de la Sota","155841","GBIF","UEC","Hirai, R.Y.","630","Native","Ouro","Low","Serra do Japi. Estrada para a torre da TV Cultura, trilha próxima das antenas."
"ÁREA DE PROTEÇÃO AMBIENTAL JUNDIAÍ","Ferns and Lycophytes","Polypodiaceae","Microgramma","tecta","(Kaulf.) Alston","POLYPODIACEAE Microgramma tecta (Kaulf.) Alston","55926","GBIF","HRCB","Lombardi, J.A.","8645","Native","Bronze","Low",
"ÁREA DE PROTEÇÃO AMBIENTAL JUNDIAÍ","Ferns and Lycophytes","Polypodiaceae","Microgramma","vacciniifolia","(Langsd. & Fisch.) Copel.","POLYPODIACEAE Microgramma vacciniifolia (Langsd. & Fisch.) Copel.","155394","GBIF","UEC","Prado, J.","2071","Native","Bronze","Low","Serra do Japi, Na trilha à esquerda antes de chegar na base da Reserva, indo para a Cachoeira Paraíso."
"ÁREA DE PROTEÇÃO AMBIENTAL JUNDIAÍ","Ferns and Lycophytes","Polypodiaceae","Niphidium","crassifolium","(L.) Lellinger","POLYPODIACEAE Niphidium crassifolium (L.) Lellinger","156018","GBIF","UEC","Prado, J.","2069","Native","Bronze","Low","Serra do Japi, Na trilha à esquerda antes de chegar na base da Reserva, indo para a Cachoeira Paraíso, próximo à cachoeira."
"ÁREA DE PROTEÇÃO AMBIENTAL JUNDIAÍ","Ferns and Lycophytes","Polypodiaceae","Pecluma","recurvata","(Kaulf.) M.G.Price","POLYPODIACEAE Pecluma recurvata (Kaulf.) M.G.Price","155559","GBIF","UEC","Prado, J.","2038","Native","Ouro","Low","Serra do Japi"
"ÁREA DE PROTEÇÃO AMBIENTAL JUNDIAÍ","Ferns and Lycophytes","Polypodiaceae","Pecluma","truncorum","(Lindm.) M.G.Price","POLYPODIACEAE Pecluma truncorum (Lindm.) M.G.Price","154081","GBIF","BHCB","Almeida, T.E.","3053","Native","Bronze","Low","Reserva Biológica da Serra do Japi, Estrada para o Mirante."
"ÁREA DE PROTEÇÃO AMBIENTAL JUNDIAÍ","Ferns and Lycophytes","Polypodiaceae","Phlebodium","pseudoaureum","(Cav.) Lellinger","POLYPODIACEAE Phlebodium pseudoaureum (Cav.) Lellinger","2730","GBIF","SHPR","Biral, L.","3192","Native","Bronze","Low","Reserva Biológica Municipal da Serra do Japi"
"ÁREA DE PROTEÇÃO AMBIENTAL JUNDIAÍ","Ferns and Lycophytes","Polypodiaceae","Pleopeltis","astrolepis","(Liebm.) E.Fourn.","POLYPODIACEAE Pleopeltis astrolepis (Liebm.) E.Fourn.","155608","GBIF","UEC","Hirai, R.Y.","687","Native","Ouro","Low","Serra do Japi, Av. José Peboni Jr."
"ÁREA DE PROTEÇÃO AMBIENTAL JUNDIAÍ","Ferns and Lycophytes","Polypodiaceae","Pleopeltis","hirsutissima","(Raddi) de la Sota","POLYPODIACEAE Pleopeltis hirsutissima (Raddi) de la Sota","1698","GBIF","SHPR","Biral, L.","2766","Native","Bronze","Low","Reserva Biológica Municipal da Serra do Japi"
"ÁREA DE PROTEÇÃO AMBIENTAL JUNDIAÍ","Ferns and Lycophytes","Polypodiaceae","Pleopeltis","macrocarpa","(Bory ex Willd.) Kaulf.","POLYPODIACEAE Pleopeltis macrocarpa (Bory ex Willd.) Kaulf.","155838","GBIF","UEC","Hirai, R.Y.","627","Native","Ouro","Low","Serra do Japi. Estrada para a torre da TV Cultura, trilha próxima das antenas."
"ÁREA DE PROTEÇÃO AMBIENTAL JUNDIAÍ","Ferns and Lycophytes","Polypodiaceae","Pleopeltis","pleopeltidis","(Fée) de la Sota","POLYPODIACEAE Pleopeltis pleopeltidis (Fée) de la Sota","01415326","GBIF","NY","Hirai, R.Y.","632","Native","Ouro","Low","Serra do Japi. Estrada para a torre da TV Cultura, trilha próxima das antenas."
"ÁREA DE PROTEÇÃO AMBIENTAL JUNDIAÍ","Ferns and Lycophytes","Polypodiaceae","Pleopeltis","pleopeltifolia","(Raddi) Alston","POLYPODIACEAE Pleopeltis pleopeltifolia (Raddi) Alston","1683","GBIF","SHPR","Biral, L.","2751","Native","Bronze","Low","Reserva Biológica Municipal da Serra do Japi"
"ÁREA DE PROTEÇÃO AMBIENTAL JUNDIAÍ","Ferns and Lycophytes","Polypodiaceae","Polypodium",,"L.","POLYPODIACEAE Polypodium L.","47410","GBIF","HRCB","Lombardi, J.A.","6659",,"Latão","Low","Reserva Biológica Municipal da Serra do Japi, trilha Base/Biquinha/Rocinha/Base"
"ÁREA DE PROTEÇÃO AMBIENTAL JUNDIAÍ","Ferns and Lycophytes","Polypodiaceae","Serpocaulon","catharinae","(Langsd. & Fisch.) A.R. Sm.","POLYPODIACEAE Serpocaulon catharinae (Langsd. & Fisch.) A.R. Sm.","155839","GBIF","UEC","Hirai, R.Y.","628","Native","Ouro","Low","Serra do Japi"
"ÁREA DE PROTEÇÃO AMBIENTAL JUNDIAÍ","Ferns and Lycophytes","Polypodiaceae","Serpocaulon","latipes","(Langsd. & Fisch.) A.R. Sm.","POLYPODIACEAE Serpocaulon latipes (Langsd. & Fisch.) A.R. Sm.","RB00977817","GBIF","RB","Barreto, K.D.","2152","Native","Ouro","Low","Jacaré."
"ÁREA DE PROTEÇÃO AMBIENTAL JUNDIAÍ","Ferns and Lycophytes","Polypodiaceae","Serpocaulon","vacillans","(Link) A.R.Sm.","POLYPODIACEAE Serpocaulon vacillans (Link) A.R.Sm.","155844","GBIF","UEC","Hirai, R.Y.","633","Native","Bronze","Low","Serra do Japi, Estrada para a torre da TV Cultura, trilha próxima das antenas."
"ÁREA DE PROTEÇÃO AMBIENTAL JUNDIAÍ","Angiosperms","Pontederiaceae","Pontederia","crassipes","Mart.","PONTEDERIACEAE Pontederia crassipes Mart.","93934","GBIF","UEC","Faria, A.D.","97/495","Native","Ouro","Low","Rodovia Washington Luis, Brejo próximo ao Shopping Serra Azul."
"ÁREA DE PROTEÇÃO AMBIENTAL JUNDIAÍ","Angiosperms","Portulacaceae","Portulaca","oleracea","L.","PORTULACACEAE Portulaca oleracea L.",,"GBIF",,,,"Naturalized","Latão","Low",
"ÁREA DE PROTEÇÃO AMBIENTAL JUNDIAÍ","Angiosperms","Primulaceae","Cybianthus","cuneifolius","Mart.","PRIMULACEAE Cybianthus cuneifolius Mart.","53111","GBIF","IAC","Lombardi, J.A.","7286","Native","Ouro","Low","Reserva Biológica Municipal da Serra do Japi, Base-Mirante-estrada para DAE-cachoeira das Jabuticabas-Base"
"ÁREA DE PROTEÇÃO AMBIENTAL JUNDIAÍ","Angiosperms","Primulaceae","Myrsine","coriacea","(Sw.) R.Br. ex Roem. & Schult.","PRIMULACEAE Myrsine coriacea (Sw.) R.Br. ex Roem. & Schult.","RB01184220","GBIF","RB","Rodrigues, R.R.","s.n.","Native","Bronze","Medium","Serra do Japi - Mirante"
"ÁREA DE PROTEÇÃO AMBIENTAL JUNDIAÍ","Angiosperms","Primulaceae","Myrsine","gardneriana","A.DC.","PRIMULACEAE Myrsine gardneriana A.DC.","53110","GBIF","IAC","Lombardi, J.A.","6657","Native","Ouro","Low","Reserva Biológica Municipal da Serra do Japi, trilha Base/Biquinha/Rocinha/Base"
"ÁREA DE PROTEÇÃO AMBIENTAL JUNDIAÍ","Angiosperms","Primulaceae","Myrsine","umbellata","Mart.","PRIMULACEAE Myrsine umbellata Mart.","RB01338494","GBIF","RB","Pirani, J.R.",,"Native","Latão","Medium","Serra do Japi. Trilha do Mirante"
"ÁREA DE PROTEÇÃO AMBIENTAL JUNDIAÍ","Angiosperms","Primulaceae","Stylogyne","warmingii","Mez","PRIMULACEAE Stylogyne warmingii Mez","35272","GBIF","IAC","Jung-Mendacolli, S.L.","772","Native","Ouro","Low","IAC, Estação Experimental"
"ÁREA DE PROTEÇÃO AMBIENTAL JUNDIAÍ","Angiosperms","Proteaceae","Roupala","montana","(Klotzsch) K.S.Edwards","PROTEACEAE Roupala montana var. brasiliensis (Klotzsch) K.S.Edwards","197959","GBIF","UEC","Silva, B.G.","365","Native","Bronze","Low","Serra do Japi"
"ÁREA DE PROTEÇÃO AMBIENTAL JUNDIAÍ","Angiosperms","Proteaceae","Roupala","montana","(Sleumer) K.S.Edwards","PROTEACEAE Roupala montana var. paraensis (Sleumer) K.S.Edwards","110685","GBIF","SPF","Rodrigues, R.R.","s.n.","Native","Ouro","Medium","Serra do Japi"
"ÁREA DE PROTEÇÃO AMBIENTAL JUNDIAÍ","Ferns and Lycophytes","Pteridaceae","Adiantopsis","chlorophylla","(Sw.) Fée","PTERIDACEAE Adiantopsis chlorophylla (Sw.) Fée","102620201","Splink","MO-DUPLICATES",,"2068","Native","Bronze","Low","Serra do Japi, Na trilha à esquerda antes de chegar na base da Reserva, indo para a Cachoeira Paraíso."
"ÁREA DE PROTEÇÃO AMBIENTAL JUNDIAÍ","Ferns and Lycophytes","Pteridaceae","Adiantopsis","occulta","Sehnem","PTERIDACEAE Adiantopsis occulta Sehnem","SP0429925","Splink","SP",,"2068","Native","Bronze","Low","Serra do Japi, Na trilha à esquerda antes de chegar na base da Reserva, indo para a Cachoeira Paraíso."
"ÁREA DE PROTEÇÃO AMBIENTAL JUNDIAÍ","Ferns and Lycophytes","Pteridaceae","Adiantopsis","radiata","(L.) Fée","PTERIDACEAE Adiantopsis radiata (L.) Fée","SP0429951","Splink","SP",,"2111","Native","Ouro","High","Serra do Japi. Av. Cláudio Gianini, passando o Sítio Santo Antonio, entrada à direita"
"ÁREA DE PROTEÇÃO AMBIENTAL JUNDIAÍ","Ferns and Lycophytes","Pteridaceae","Adiantopsis","regularis","(Mett.) T.Moore","PTERIDACEAE Adiantopsis regularis (Mett.) T.Moore","SP0430127","Splink","SP",,"641","Native","Ouro","Low","Serra do Japi. Estrada para a torre da TV Cultura, trilha próxima das antenas."
"ÁREA DE PROTEÇÃO AMBIENTAL JUNDIAÍ","Ferns and Lycophytes","Pteridaceae","Adiantum","lorentzii","Hieron.","PTERIDACEAE Adiantum lorentzii Hieron.","163639","GBIF","BHCB","Lombardi, J.A.","7357","Native","Bronze","Low","Reserva Biológica Municipal da Serra do Japi, estrada da Cascalheira, depois a direita do Cidinho até além de propriedade particular"
"ÁREA DE PROTEÇÃO AMBIENTAL JUNDIAÍ","Ferns and Lycophytes","Pteridaceae","Adiantum","pentadactylon","Langsd. & Fisch.","PTERIDACEAE Adiantum pentadactylon Langsd. & Fisch.","155431","GBIF","UEC","Prado, J.","2048","Native","Bronze","Low","Serra do Japi, Na trilha do DAE para o observatório."
"ÁREA DE PROTEÇÃO AMBIENTAL JUNDIAÍ","Ferns and Lycophytes","Pteridaceae","Adiantum","raddianum","C.Presl","PTERIDACEAE Adiantum raddianum C.Presl","129874","GBIF","ESA","Souza, V.C.","35141","Native","Ouro","Low","Fragmento 8 (TAV). Floresta Estacional Semidecidual"
"ÁREA DE PROTEÇÃO AMBIENTAL JUNDIAÍ","Ferns and Lycophytes","Pteridaceae","Adiantum","serratodentatum","Willd.","PTERIDACEAE Adiantum serratodentatum Willd.","57114","GBIF","VIC","Biral, L.","3183","Native","Bronze","Low","Reserva Biológica Municipal da Serra do Japi"
"ÁREA DE PROTEÇÃO AMBIENTAL JUNDIAÍ","Ferns and Lycophytes","Pteridaceae","Adiantum","subcordatum","Sw.","PTERIDACEAE Adiantum subcordatum Sw.","155887","GBIF","UEC","Prado, J.","2110","Native","Bronze","High","Serra do Japi, Av. Cláudio Gianini, passando o Sítio Santo Antonio, estrada à direita. Próximo à um córrego de rio."
"ÁREA DE PROTEÇÃO AMBIENTAL JUNDIAÍ","Ferns and Lycophytes","Pteridaceae","Doryopteris","concolor","(Langsd. & Fisch.) Kuhn & Decken","PTERIDACEAE Doryopteris concolor (Langsd. & Fisch.) Kuhn & Decken","100288481","Splink","MO-DUPLICATES",,"2034","Native","Bronze","Low","Serra do Japi, Na estrada do DAE, próximo ao posto de vigilância P11."
"ÁREA DE PROTEÇÃO AMBIENTAL JUNDIAÍ","Ferns and Lycophytes","Pteridaceae","Doryopteris","patula","(Fée) Fée","PTERIDACEAE Doryopteris patula (Fée) Fée","JOI013308","GBIF","JOI","Yung-Mendacolli, S.","875","Native","Ouro","Low","Estação Experimental de Jundiaí, SP."
"ÁREA DE PROTEÇÃO AMBIENTAL JUNDIAÍ","Ferns and Lycophytes","Pteridaceae","Doryopteris","pentagona","Pic. Serm.","PTERIDACEAE Doryopteris pentagona Pic. Serm.","155892","GBIF","UEC","Prado, J.","2114","Native","Bronze","High","Serra do Japi. Av. Cláudio Gianini, passando o Sítio Santo Antonio, entrada à direita"
"ÁREA DE PROTEÇÃO AMBIENTAL JUNDIAÍ","Ferns and Lycophytes","Pteridaceae","Lytoneuron","crenulans","(Fée) Yesilyurt","PTERIDACEAE Lytoneuron crenulans (Fée) Yesilyurt","155881","GBIF","UEC","Prado, J.","2082","Native","Bronze","Low","Serra do Japi, Subindo para o mirante (observatório). Terrestre."
"ÁREA DE PROTEÇÃO AMBIENTAL JUNDIAÍ","Ferns and Lycophytes","Pteridaceae","Pteris","brasiliensis","Raddi","PTERIDACEAE Pteris brasiliensis Raddi","155889","GBIF","UEC","Prado, J.","2112","Native","Ouro","High","Serra do Japi. Av. Cláudio Gianini, passando o Sítio Santo Antonio, entrada à direita."
"ÁREA DE PROTEÇÃO AMBIENTAL JUNDIAÍ","Ferns and Lycophytes","Pteridaceae","Pteris","decurrens","C.Presl","PTERIDACEAE Pteris decurrens C.Presl","155826","GBIF","UEC","Hirai, R.Y.","640","Native","Bronze","Low","Serra do Japi, Na estrada para a torre da TV Cultura, próxima das antenas."
"ÁREA DE PROTEÇÃO AMBIENTAL JUNDIAÍ","Ferns and Lycophytes","Pteridaceae","Pteris","denticulata","Sw.","PTERIDACEAE Pteris denticulata Sw.","163645","GBIF","BHCB","Lombardi, J.A.","7049","Native","Bronze","Low","Reserva Biológica da Serra do Japi, Base - Mirante - estrada para DAE - Base"
"ÁREA DE PROTEÇÃO AMBIENTAL JUNDIAÍ","Ferns and Lycophytes","Pteridaceae","Pteris","lechleri","Mett.","PTERIDACEAE Pteris lechleri Mett.","VIC057133","Splink","VIC",,"3224","Unknown","Bronze","Low","Reserva Biológica Municipal da Serra do Japi."
"ÁREA DE PROTEÇÃO AMBIENTAL JUNDIAÍ","Ferns and Lycophytes","Pteridaceae","Pteris","splendens","Kaulf.","PTERIDACEAE Pteris splendens Kaulf.","163634","GBIF","BHCB","Lombardi, J.A.","7281","Native","Bronze","Low","Reserva Biológica Municipal da Serra do Japi, trilha Base/Mirante/Base"
"ÁREA DE PROTEÇÃO AMBIENTAL JUNDIAÍ","Ferns and Lycophytes","Pteridaceae","Pteris","vittata","L.","PTERIDACEAE Pteris vittata L.","51394","GBIF","BHCB","Reis, V.A.","2","Naturalized","Bronze","Low","Muros de residências"
"ÁREA DE PROTEÇÃO AMBIENTAL JUNDIAÍ","Ferns and Lycophytes","Pteridaceae","Vittaria","lineata","(L.) Sm.","PTERIDACEAE Vittaria lineata (L.) Sm.","50105","GBIF","HRCB","Lombardi, J.A.","7448","Native","Latão","Low","Reserva Biológica Municipal da Serra do Japi, trilha Base/Mirante/DAE/Rua Bauru/Cidinho/Base"
"ÁREA DE PROTEÇÃO AMBIENTAL JUNDIAÍ","Angiosperms","Ranunculaceae","Clematis","brasiliana","DC.","RANUNCULACEAE Clematis brasiliana DC.","UEC148612","Splink","UEC",,"17","Native","Ouro","Low","IAC, Estação Experimental"
"ÁREA DE PROTEÇÃO AMBIENTAL JUNDIAÍ","Angiosperms","Ranunculaceae","Clematis","dioica","L.","RANUNCULACEAE Clematis dioica L.","49614","GBIF","HRCB","Lombardi, J.A.","7332","Unknown","Latão","Low","Reserva Biológica Municipal da Serra do Japi, trilha Passarinheiros"
"ÁREA DE PROTEÇÃO AMBIENTAL JUNDIAÍ","Angiosperms","Rhamnaceae","Colubrina","glandulosa","(M.C.Johnst.) Borhidi","RHAMNACEAE Colubrina glandulosa subsp. reitzii (M.C.Johnst.) Borhidi","72299","GBIF","UEC","Simao-Bianchini, R.","659","Native","Ouro","Medium","Serra do Japi"
"ÁREA DE PROTEÇÃO AMBIENTAL JUNDIAÍ","Angiosperms","Rhamnaceae","Gouania","latifolia","Reissek","RHAMNACEAE Gouania latifolia Reissek","299334A","GBIF","SP","Bianchini, R.S.","663","Native","Bronze","Medium","Serra do Japi"
"ÁREA DE PROTEÇÃO AMBIENTAL JUNDIAÍ","Angiosperms","Rhamnaceae","Gouania","polygama","(Jacq.) Urb.","RHAMNACEAE Gouania polygama (Jacq.) Urb.","301707","GBIF","SP","Kiyama, C.Y.","82-A","Native","Bronze","Medium","Serra do Japi"
"ÁREA DE PROTEÇÃO AMBIENTAL JUNDIAÍ","Angiosperms","Rhamnaceae","Gouania","ulmifolia","Hook. & Arn.","RHAMNACEAE Gouania ulmifolia Hook. & Arn.","72181","GBIF","UEC","Kiyama, C.Y.","82","Native","Ouro","Medium","Serra do Japi"
"ÁREA DE PROTEÇÃO AMBIENTAL JUNDIAÍ","Angiosperms","Rosaceae","Eriobotrya","japonica","(Thunb.) Lindl.","ROSACEAE Eriobotrya japonica (Thunb.) Lindl.","152324","GBIF","UEC","Caselli, C.B.","s.n.","Naturalized","Bronze","Low","Serra do Japi, Mata semidecídua"
"ÁREA DE PROTEÇÃO AMBIENTAL JUNDIAÍ","Angiosperms","Rosaceae","Prunus","myrtifolia","(L.) Urb.","ROSACEAE Prunus myrtifolia (L.) Urb.","SPSF00020106","Splink","SPSF",,"1056","Native","Ouro","Low","Serra do Japi"
"ÁREA DE PROTEÇÃO AMBIENTAL JUNDIAÍ","Angiosperms","Rosaceae","Prunus","reflexa","(Gardner) Walp.","ROSACEAE Prunus reflexa (Gardner) Walp.","3092541","GBIF","Bioversity","L. Filho, H.F.",,"Native","Latão","Low","Serra do Japi"
"ÁREA DE PROTEÇÃO AMBIENTAL JUNDIAÍ","Angiosperms","Rosaceae","Prunus","subcoriacea","(Chodat & Hassl.) Koehne","ROSACEAE Prunus subcoriacea (Chodat & Hassl.) Koehne","3092544","GBIF","Bioversity","Semir, J.",,"Native","Latão","Low","Serra do Japi"
"ÁREA DE PROTEÇÃO AMBIENTAL JUNDIAÍ","Angiosperms","Rosaceae","Rubus","brasiliensis","Mart.","ROSACEAE Rubus brasiliensis Mart.","41116","GBIF","UEC","Montechio, M.","16416","Native","Ouro","Low","Serra do Japí"
"ÁREA DE PROTEÇÃO AMBIENTAL JUNDIAÍ","Angiosperms","Rosaceae","Rubus","erythroclados","Mart. ex Hook.f.","ROSACEAE Rubus erythroclados Mart. ex Hook.f.","204175","GBIF","UEC","Pires, T.P.","233","Native","Bronze","Low","Parque do Cerrado, Local: Borda da trilha, pleno sol. Ambiente: Seco com solo arenoso e pedregoso em meio à braquiária"
"ÁREA DE PROTEÇÃO AMBIENTAL JUNDIAÍ","Angiosperms","Rosaceae","Rubus","rosifolius","Sm.","ROSACEAE Rubus rosifolius var. rosifolius Sm.","54593","GBIF","MBM","Monteiro, E.","s.n.","Native","Bronze","Medium","Serra do Japi."
"ÁREA DE PROTEÇÃO AMBIENTAL JUNDIAÍ","Angiosperms","Rosaceae","Rubus","sellowii","Cham. & Schltdl.","ROSACEAE Rubus sellowii Cham. & Schltdl.","47722","GBIF","HRCB","Lombardi, J.A.","6754","Native","Latão","Low","Reserva Biológica Municipal da Serra do Japi, trilha Base/Passarinheiros/Av. Brasil até próximo a Rodovia Bandeirantes/Base"
"ÁREA DE PROTEÇÃO AMBIENTAL JUNDIAÍ","Angiosperms","Rosaceae","Rubus","urticifolius","Poir.","ROSACEAE Rubus urticifolius Poir.","103262","GBIF","SPF","Pirani, J.R.","3633","Native","Ouro","Low","Serra do Japi, Trilha do Mirante"
"ÁREA DE PROTEÇÃO AMBIENTAL JUNDIAÍ","Angiosperms","Rubiaceae","Alibertia",,"A.Rich. ex DC.","RUBIACEAE Alibertia A.Rich. ex DC.","HRB00011725","Splink","HRB",,"140",,"Latão","Low","Ilha de São Sebastião Folha Cartográfica SF.23-Y-D Coordenada Coletada."
"ÁREA DE PROTEÇÃO AMBIENTAL JUNDIAÍ","Angiosperms","Rubiaceae","Amaioua","intermedia","Mart. ex Schult. & Schult.f.","RUBIACEAE Amaioua intermedia Mart. ex Schult. & Schult.f.","34794","GBIF","UEC","Joly, C.A.","15769","Native","Ouro","Medium","Serra do Japi, Jundiaí-SP."
"ÁREA DE PROTEÇÃO AMBIENTAL JUNDIAÍ","Angiosperms","Rubiaceae","Bathysa","australis","(A.St.-Hil.) K.Schum.","RUBIACEAE Bathysa australis (A.St.-Hil.) K.Schum.","54091","GBIF","IAC","Pires, T.P.","9","Native","Ouro","Low","Reserva Biológica da Serra do Japi"
"ÁREA DE PROTEÇÃO AMBIENTAL JUNDIAÍ","Angiosperms","Rubiaceae","Borreria","argentea","Cham.","RUBIACEAE Borreria argentea Cham.","K001060034","GBIF","K","Riedel","1855","Native","Ouro","Low","Jundiahy at St. Carlos."
"ÁREA DE PROTEÇÃO AMBIENTAL JUNDIAÍ","Angiosperms","Rubiaceae","Borreria","capitata","(Ruiz & Pav.) DC.","RUBIACEAE Borreria capitata (Ruiz & Pav.) DC.","41039","GBIF","UEC","Figueira, L.M.G.","16463","Native","Bronze","Low","Serra do Japí."
"ÁREA DE PROTEÇÃO AMBIENTAL JUNDIAÍ","Angiosperms","Rubiaceae","Borreria","cupularis","DC.","RUBIACEAE Borreria cupularis DC.","32990","GBIF","IAC","Jung-Mendacolli, S.L.","621","Native","Bronze","Low","IAC, Estação Experimental"
"ÁREA DE PROTEÇÃO AMBIENTAL JUNDIAÍ","Angiosperms","Rubiaceae","Borreria","latifolia","(Aubl.) K.Schum.","RUBIACEAE Borreria latifolia (Aubl.) K.Schum.","1855","GBIF","HURB","Aona, L.Y.S.","99/132","Native","Ouro","Low","Serra do Japi, brejo localizado próximo a caixa dágua do Condominio Ermida"
"ÁREA DE PROTEÇÃO AMBIENTAL JUNDIAÍ","Angiosperms","Rubiaceae","Borreria","verticillata","(L.) G.Mey.","RUBIACEAE Borreria verticillata (L.) G.Mey.","RB00337827","GBIF","RB","Semir, J.",,"Native","Bronze","Medium","Serra do Japi."
"ÁREA DE PROTEÇÃO AMBIENTAL JUNDIAÍ","Angiosperms","Rubiaceae","Chiococca","alba","(L.) Hitchc.","RUBIACEAE Chiococca alba (L.) Hitchc.","37807","GBIF","IAC","Jung-Mendacolli, S.L.","977","Native","Ouro","Low","IAC, Estação Experimental"
"ÁREA DE PROTEÇÃO AMBIENTAL JUNDIAÍ","Angiosperms","Rubiaceae","Coccocypselum","aureum","(Spreng.) Cham. & Schltdl.","RUBIACEAE Coccocypselum aureum (Spreng.) Cham. & Schltdl.","13627","GBIF","UEC","Leitao Filho, H.F.","3235","Native","Bronze","Low","ca: 10 Km. S.W. de Jundiaí. Serra do Japí."
"ÁREA DE PROTEÇÃO AMBIENTAL JUNDIAÍ","Angiosperms","Rubiaceae","Coccocypselum","geophiloides","Wawra","RUBIACEAE Coccocypselum geophiloides Wawra","102887","GBIF","UEC","Pansarin, E.R.","370","Native","Bronze","Low","Serra do Japi, sentido Eloy Chaves, próximo a represa do Dae"
"ÁREA DE PROTEÇÃO AMBIENTAL JUNDIAÍ","Angiosperms","Rubiaceae","Coccocypselum","hasslerianum","Chodat","RUBIACEAE Coccocypselum hasslerianum Chodat","33722","GBIF","IAC","Jung-Mendacolli, S.L.","701","Native","Bronze","Low","IAC, Estação Experimental"
"ÁREA DE PROTEÇÃO AMBIENTAL JUNDIAÍ","Angiosperms","Rubiaceae","Coccocypselum","lanceolatum","(Ruiz & Pav.) Pers.","RUBIACEAE Coccocypselum lanceolatum (Ruiz & Pav.) Pers.","RB01013300","GBIF","RB","Stetz, C.C.",,"Native","Bronze","Medium","Serra do Japi."
"ÁREA DE PROTEÇÃO AMBIENTAL JUNDIAÍ","Angiosperms","Rubiaceae","Coffea","arabica","L.","RUBIACEAE Coffea arabica L.","RB00856187","GBIF","RB","Souza, V.C.","34165","Naturalized","Ouro","Low","Beira da Rodovia dos Bandeirantes"
"ÁREA DE PROTEÇÃO AMBIENTAL JUNDIAÍ","Angiosperms","Rubiaceae","Cordiera","concolor","(Cham.) Kuntze","RUBIACEAE Cordiera concolor (Cham.) Kuntze","33720","GBIF","IAC","Jung-Mendacolli, S.L.","699","Native","Ouro","Low","IAC, Estação Experimental"
"ÁREA DE PROTEÇÃO AMBIENTAL JUNDIAÍ","Angiosperms","Rubiaceae","Coutarea","hexandra","(Jacq.) K.Schum.","RUBIACEAE Coutarea hexandra (Jacq.) K.Schum.","117371","GBIF","UEC","Pansarin, E.R.","734","Native","Bronze","Low","Brasil, SP, Jundiaí, Serra do Japi, sentido bairro Eloy Chaves, próximo a represa do DAE."
"ÁREA DE PROTEÇÃO AMBIENTAL JUNDIAÍ","Angiosperms","Rubiaceae","Declieuxia","cordigera","Müll.Arg.","RUBIACEAE Declieuxia cordigera var. angustifolia Müll.Arg.","198599684","GBIF","Observations","Desertnaturalist",,"Native","Bronze","Low","Jundiaí_830m - State of São Paulo, Brazil"
"ÁREA DE PROTEÇÃO AMBIENTAL JUNDIAÍ","Angiosperms","Rubiaceae","Declieuxia","lysimachioides","Zucc. ex Schult. & Schult.f.","RUBIACEAE Declieuxia lysimachioides Zucc. ex Schult. & Schult.f.","11676","GBIF","SP","Puiggari","CGG2878","Native","Bronze","Low",
"ÁREA DE PROTEÇÃO AMBIENTAL JUNDIAÍ","Angiosperms","Rubiaceae","Diodia","saponariifolia","(Cham. & Schltdl.) K.Schum.","RUBIACEAE Diodia saponariifolia (Cham. & Schltdl.) K.Schum.","109405","GBIF","UEC","Aona, L.Y.S.","141","Native","Latão","Low","serra do japi, brejo localizado proximo ao posto da guarda municipal"
"ÁREA DE PROTEÇÃO AMBIENTAL JUNDIAÍ","Angiosperms","Rubiaceae","Emmeorhiza","umbellata","(Spreng.) K.Schum.","RUBIACEAE Emmeorhiza umbellata (Spreng.) K.Schum.","177342","GBIF","UEC","Braga, K.R.R.","62","Native","Bronze","Low","Serra do Japí, Trilha Paraiso I (Marco Geodésico)."
"ÁREA DE PROTEÇÃO AMBIENTAL JUNDIAÍ","Angiosperms","Rubiaceae","Eumachia","cephalantha","(Müll. Arg.) Delprete & J.H. Kirkbr.","RUBIACEAE Eumachia cephalantha (Müll. Arg.) Delprete & J.H. Kirkbr.","37725","GBIF","IAC","Jung-Mendacolli, S.L.","952","Native","Ouro","Low","IAC, Estação Experimental"
"ÁREA DE PROTEÇÃO AMBIENTAL JUNDIAÍ","Angiosperms","Rubiaceae","Faramea","marginata","Cham.","RUBIACEAE Faramea marginata Cham.","152331","GBIF","UEC","Caselli, C.B.","s.n.","Native","Ouro","Low","serra do japi"
"ÁREA DE PROTEÇÃO AMBIENTAL JUNDIAÍ","Angiosperms","Rubiaceae","Galianthe","brasiliensis","(Spreng.) E.L.Cabral & Bacigalupo","RUBIACEAE Galianthe brasiliensis (Spreng.) E.L.Cabral & Bacigalupo","4549","GBIF","HUFU","Ccj.","11","Native","Ouro","Low","Serra do Japí"
"ÁREA DE PROTEÇÃO AMBIENTAL JUNDIAÍ","Angiosperms","Rubiaceae","Galianthe","eupatorioides","(Cham. & Schltdl.) E.L.Cabral","RUBIACEAE Galianthe eupatorioides (Cham. & Schltdl.) E.L.Cabral","37806","GBIF","IAC","Jung-Mendacolli, S.L.","976","Native","Ouro","Low","IAC, Estação Experimental"
"ÁREA DE PROTEÇÃO AMBIENTAL JUNDIAÍ","Angiosperms","Rubiaceae","Galianthe","laxa","(Cham. & Schltdl.) E.L.Cabral","RUBIACEAE Galianthe laxa (Cham. & Schltdl.) E.L.Cabral","30243","GBIF","IAC","Jung-Mendacolli, S.L.","1377","Native","Ouro","Low","IAC, Estação Experimental"
"ÁREA DE PROTEÇÃO AMBIENTAL JUNDIAÍ","Angiosperms","Rubiaceae","Galianthe","palustris","(Cham. & Schltdl.) Cabaña Fader & E. L. Cabral,","RUBIACEAE Galianthe palustris (Cham. & Schltdl.) Cabaña Fader & E. L. Cabral,","1853","GBIF","HURB","Aona, L.Y.S.","99/140","Native","Ouro","Low","Serra do Japí, brejo localizado próximo ao posto da Guarda Municipal."
"ÁREA DE PROTEÇÃO AMBIENTAL JUNDIAÍ","Angiosperms","Rubiaceae","Galium","hypocarpium","(L.) Endl. ex Griseb.","RUBIACEAE Galium hypocarpium subsp. hypocarpium (L.) Endl. ex Griseb.","54141","GBIF","IAC","Pires, T.P.","s/nº","Native","Ouro","Low","Serra do Japi"
"ÁREA DE PROTEÇÃO AMBIENTAL JUNDIAÍ","Angiosperms","Rubiaceae","Galium","hypocarpium","(Cham. & Schltdl.) Dempster","RUBIACEAE Galium hypocarpium subsp. indecorum (Cham. & Schltdl.) Dempster","14014","GBIF","UEC","Leitao Filho, H.F.","2546","Native","Ouro","Low","Serra do Japi"
"ÁREA DE PROTEÇÃO AMBIENTAL JUNDIAÍ","Angiosperms","Rubiaceae","Galium","sellowianum","(Cham.) Walp.","RUBIACEAE Galium sellowianum (Cham.) Walp.","41129","GBIF","UEC","Rodrigues, R.R.","16444","Native","Ouro","Low","Serra Japí. Coordenada Coletada."
"ÁREA DE PROTEÇÃO AMBIENTAL JUNDIAÍ","Angiosperms","Rubiaceae","Guettarda",,"L.","RUBIACEAE Guettarda L.","SP0287655","Splink","SP",,"1389",,"Ouro","Low","Estação Experimental do IAC"
"ÁREA DE PROTEÇÃO AMBIENTAL JUNDIAÍ","Angiosperms","Rubiaceae","Hexasepalum","apiculatum","(Willd.) Delprete & J.H.Kirkbr.","RUBIACEAE Hexasepalum apiculatum (Willd.) Delprete & J.H.Kirkbr.","49372","GBIF","HRCB","Lombardi, J.A.","7275","Native","Latão","Low","Reserva Biológica Municipal da Serra do Japi, trilha Base/Mirante/Base"
"ÁREA DE PROTEÇÃO AMBIENTAL JUNDIAÍ","Angiosperms","Rubiaceae","Hexasepalum","gardneri","(K.Schum.) J.H.Kirkbr. & Delprete","RUBIACEAE Hexasepalum gardneri (K.Schum.) J.H.Kirkbr. & Delprete","109412","GBIF","UEC","Aona, L.Y.S.","132","Native","Bronze","Low","serra do japi, brejo localizado próximo a caixadágua do condominio ermida"
"ÁREA DE PROTEÇÃO AMBIENTAL JUNDIAÍ","Angiosperms","Rubiaceae","Hillia","parasitica","Jacq.","RUBIACEAE Hillia parasitica Jacq.","105353","GBIF","UEC","Pansarin, E.R.","405","Native","Ouro","Low","Serra do Japi, sentido Eloy Chaves, proxímo a represa do DAE."
"ÁREA DE PROTEÇÃO AMBIENTAL JUNDIAÍ","Angiosperms","Rubiaceae","Ixora","brevifolia","Benth.","RUBIACEAE Ixora brevifolia Benth.","48622","GBIF","HRCB","Lombardi, J.A.","6937","Native","Latão","Low","Reserva Biológica Municipal da Serra do Japi, trilha Base/trilha a esquerda da porteira da Base/Cidinho/trilha a esquerda do antigo Viveiro de mudas até último ponto"
"ÁREA DE PROTEÇÃO AMBIENTAL JUNDIAÍ","Angiosperms","Rubiaceae","Ixora","coccinea","L.","RUBIACEAE Ixora coccinea L.","207793927","GBIF","Observations","Anaclara",,"Cultivated","Bronze","Low","Vila Graff, Jundiaí - SP, Brasil"
"ÁREA DE PROTEÇÃO AMBIENTAL JUNDIAÍ","Angiosperms","Rubiaceae","Ixora","gardneriana","Benth.","RUBIACEAE Ixora gardneriana Benth.","49760","GBIF","HRCB","Lombardi, J.A.","7406","Native","Latão","Low","Reserva Biológica Municipal da Serra do Japi, trilha Base/Mirante/DAE/Filipini/Base"
"ÁREA DE PROTEÇÃO AMBIENTAL JUNDIAÍ","Angiosperms","Rubiaceae","Ixora","venulosa","Benth.","RUBIACEAE Ixora venulosa Benth.","SPSF00018293","Splink","SPSF",,"49","Native","Ouro","Low","IAC, Estação Experimental"
"ÁREA DE PROTEÇÃO AMBIENTAL JUNDIAÍ","Angiosperms","Rubiaceae","Ladenbergia","hexandra","(Pohl) Klotzsch","RUBIACEAE Ladenbergia hexandra (Pohl) Klotzsch","K000836481","Splink","K",,"4879","Native","Latão","Low",
"ÁREA DE PROTEÇÃO AMBIENTAL JUNDIAÍ","Angiosperms","Rubiaceae","Manettia","chrysoderma","Sprague","RUBIACEAE Manettia chrysoderma Sprague","153536","GBIF","UEC","Lombardi, J.A.","6461","Native","Ouro","Low","Reserva Biológica Municipal da Serra do Japi"
"ÁREA DE PROTEÇÃO AMBIENTAL JUNDIAÍ","Angiosperms","Rubiaceae","Manettia","congesta","(Vell.) K.Schum.","RUBIACEAE Manettia congesta (Vell.) K.Schum.","RB00752248","GBIF","RB","Tamashiro, J.Y.","07","Native","Ouro","Medium","Serra do Japi, Mata úmida."
"ÁREA DE PROTEÇÃO AMBIENTAL JUNDIAÍ","Angiosperms","Rubiaceae","Manettia","cordifolia","Mart.","RUBIACEAE Manettia cordifolia Mart.","54322","GBIF","IAC","Pires, T.P.","23","Native","Bronze","Low","REBIO - Serra do Japi"
"ÁREA DE PROTEÇÃO AMBIENTAL JUNDIAÍ","Angiosperms","Rubiaceae","Manettia","gracilis","Cham. & Schltdl.","RUBIACEAE Manettia gracilis Cham. & Schltdl.","167290","GBIF","SPF","Farinaccio, M.A.","716","Native","Ouro","Low","Serra do Japi"
"ÁREA DE PROTEÇÃO AMBIENTAL JUNDIAÍ","Angiosperms","Rubiaceae","Manettia","luteo-rubra","(Vell.) Benth.","RUBIACEAE Manettia luteo-rubra (Vell.) Benth.","103278","GBIF","SPF","Pirani, J.R.","3612","Native","Ouro","Low","Serra do Japi"
"ÁREA DE PROTEÇÃO AMBIENTAL JUNDIAÍ","Angiosperms","Rubiaceae","Mitracarpus","hirtus","(L.) DC.","RUBIACEAE Mitracarpus hirtus (L.) DC.","30257","GBIF","IAC","Jung-Mendacolli, S.L.","1391","Native","Ouro","Low","IAC, Estação Experimental"
"ÁREA DE PROTEÇÃO AMBIENTAL JUNDIAÍ","Angiosperms","Rubiaceae","Palicourea","brevicollis","(Müll.Arg.) C.M.Taylor","RUBIACEAE Palicourea brevicollis (Müll.Arg.) C.M.Taylor","1648","GBIF","SHPR","Biral, L.","2716","Native","Bronze","Low","Reserva Biológica Municipal da Serra do Japi"
"ÁREA DE PROTEÇÃO AMBIENTAL JUNDIAÍ","Angiosperms","Rubiaceae","Palicourea","crocea","(Sw.) Roem. & Schult.","RUBIACEAE Palicourea crocea (Sw.) Roem. & Schult.","IBGE00022279","GBIF","IBGE","Joly, C.A.","15770","Native","Ouro","Low","Folha Cartográfica SF-23-Y-C Coordenada Calculada."
"ÁREA DE PROTEÇÃO AMBIENTAL JUNDIAÍ","Angiosperms","Rubiaceae","Palicourea","croceoides","Ham.","RUBIACEAE Palicourea croceoides Ham.","71480","GBIF","BHCB","Figueiredo, R.A.","p28","Native","Latão","Low","Serra do Japi"
"ÁREA DE PROTEÇÃO AMBIENTAL JUNDIAÍ","Angiosperms","Rubiaceae","Palicourea","deflexa","(DC.) Borhidi","RUBIACEAE Palicourea deflexa (DC.) Borhidi","36343","GBIF","IAC","Jung-Mendacolli, S.L.","891","Native","Ouro","Low","IAC, Estação Experimental"
"ÁREA DE PROTEÇÃO AMBIENTAL JUNDIAÍ","Angiosperms","Rubiaceae","Palicourea","forsteronioides","(Müll.Arg.) C.M.Taylor","RUBIACEAE Palicourea forsteronioides (Müll.Arg.) C.M.Taylor","2693","GBIF","SHPR","Biral, L.","3155","Native","Ouro","Low","Reserva Biológica Municipal da Serra do Japi"
"ÁREA DE PROTEÇÃO AMBIENTAL JUNDIAÍ","Angiosperms","Rubiaceae","Palicourea","hoffmannseggiana","(Roem. & Schult.) Borhidi","RUBIACEAE Palicourea hoffmannseggiana (Roem. & Schult.) Borhidi","152332","GBIF","UEC","Caselli, C.B.","s.n.","Native","Bronze","Low","Serra do Japi, Mata semidecídua"
"ÁREA DE PROTEÇÃO AMBIENTAL JUNDIAÍ","Angiosperms","Rubiaceae","Palicourea","justiciifolia","(Rudge) Delprete & J.H.Kirkbr.","RUBIACEAE Palicourea justiciifolia (Rudge) Delprete & J.H.Kirkbr.","54323","GBIF","IAC","Pires, T.P.","24","Native","Ouro","Low","REBIO - Serra do Japi"
"ÁREA DE PROTEÇÃO AMBIENTAL JUNDIAÍ","Angiosperms","Rubiaceae","Palicourea","mamillaris","(Müll.Arg.) C.M.Taylor","RUBIACEAE Palicourea mamillaris (Müll.Arg.) C.M.Taylor","SPSF00032371","Splink","SPSF",,"317","Native","Ouro","Low","imediações da serra do Japi."
"ÁREA DE PROTEÇÃO AMBIENTAL JUNDIAÍ","Angiosperms","Rubiaceae","Palicourea","marcgravii","A.St.-Hil.","RUBIACEAE Palicourea marcgravii A.St.-Hil.","ESA00131675","GBIF","ESA","Souza, V.C.","36880","Native","Ouro","Low","Fragmento 9 (TAV). Floresta Estacional Semidecidual"
"ÁREA DE PROTEÇÃO AMBIENTAL JUNDIAÍ","Angiosperms","Rubiaceae","Palicourea","rigida","Kunth","RUBIACEAE Palicourea rigida Kunth","199798","GBIF","UEC","Silva, B.G.","415","Native","Bronze","Low","Parque do Cerrado"
"ÁREA DE PROTEÇÃO AMBIENTAL JUNDIAÍ","Angiosperms","Rubiaceae","Palicourea","ruelliifolia","(Cham. & Schltdl.) Borhidi","RUBIACEAE Palicourea ruelliifolia (Cham. & Schltdl.) Borhidi","4594","GBIF","HUFU","Ccj.","47","Native","Ouro","Low","Serra do Japí, Trilha do Mandão."
"ÁREA DE PROTEÇÃO AMBIENTAL JUNDIAÍ","Angiosperms","Rubiaceae","Palicourea","sessilis","(Vell.) C.M.Taylor","RUBIACEAE Palicourea sessilis (Vell.) C.M.Taylor","IBGE00022249","Splink","IBGE",,"16442","Native","Ouro","Low","Serra do Japí."
"ÁREA DE PROTEÇÃO AMBIENTAL JUNDIAÍ","Angiosperms","Rubiaceae","Posoqueria","acutifolia","Mart.","RUBIACEAE Posoqueria acutifolia Mart.","50655","GBIF","HRCB","Lombardi, J.A.","7517","Native","Ouro","Low","Reserva Biológica Municipal da Serra do Japi, trilha Base/Mirante/DAE/Base"
"ÁREA DE PROTEÇÃO AMBIENTAL JUNDIAÍ","Angiosperms","Rubiaceae","Posoqueria","latifolia","(Rudge) Schult.","RUBIACEAE Posoqueria latifolia (Rudge) Schult.","223924","GBIF","MBM","Rodrigues, R.R.","s.n.","Native","Ouro","Medium","Serra do Japi."
"ÁREA DE PROTEÇÃO AMBIENTAL JUNDIAÍ","Angiosperms","Rubiaceae","Psychotria","appendiculata","Müll.Arg.","RUBIACEAE Psychotria appendiculata Müll.Arg.","33724","GBIF","IAC","Jung-Mendacolli, S.L.","703","Native","Ouro","Low","IAC, Estação Experimental"
"ÁREA DE PROTEÇÃO AMBIENTAL JUNDIAÍ","Angiosperms","Rubiaceae","Psychotria","carthagenensis","Jacq.","RUBIACEAE Psychotria carthagenensis Jacq.","UEC191784","Splink","UEC",,"957","Native","Ouro","Low","Serra do Japi. Estrada que leva à Sede da Fundação"
"ÁREA DE PROTEÇÃO AMBIENTAL JUNDIAÍ","Angiosperms","Rubiaceae","Psychotria","hastisepala","Müll.Arg.","RUBIACEAE Psychotria hastisepala Müll.Arg.","37729","GBIF","IAC","Jung-Mendacolli, S.L.","956","Native","Ouro","Low","IAC, Estação Experimental"
"ÁREA DE PROTEÇÃO AMBIENTAL JUNDIAÍ","Angiosperms","Rubiaceae","Psychotria","leiocarpa","Cham. & Schltdl.","RUBIACEAE Psychotria leiocarpa Cham. & Schltdl.","38214","GBIF","IAC","Jung-Mendacolli, S.L.","1043","Native","Ouro","Low","IAC, Estação Experimental"
"ÁREA DE PROTEÇÃO AMBIENTAL JUNDIAÍ","Angiosperms","Rubiaceae","Psychotria","leitana","C.M.Taylor","RUBIACEAE Psychotria leitana C.M.Taylor","RB00356797","GBIF","RB","Collares, J.E.R.","013","Native","Ouro","Low","Ilha de S. Sebastião."
"ÁREA DE PROTEÇÃO AMBIENTAL JUNDIAÍ","Angiosperms","Rubiaceae","Psychotria","niveobarbata","(Müll.Arg.) Britton","RUBIACEAE Psychotria niveobarbata (Müll.Arg.) Britton","37799","GBIF","IAC","Jung-Mendacolli, S.L.","986","Native","Ouro","Low","IAC, Estação Experimental"
"ÁREA DE PROTEÇÃO AMBIENTAL JUNDIAÍ","Angiosperms","Rubiaceae","Psychotria","pedunculosa","Rich.","RUBIACEAE Psychotria pedunculosa Rich.","33719","GBIF","IAC","Jung-Mendacolli, S.L.","698","Native","Ouro","Low","IAC, Estação Experimental"
"ÁREA DE PROTEÇÃO AMBIENTAL JUNDIAÍ","Angiosperms","Rubiaceae","Psychotria","stachyoides","Benth.","RUBIACEAE Psychotria stachyoides Benth.","37363","GBIF","IAC","Jung-Mendacolli, S.L.","917","Native","Ouro","Low","IAC, Estação Experimental"
"ÁREA DE PROTEÇÃO AMBIENTAL JUNDIAÍ","Angiosperms","Rubiaceae","Psychotria","suterella","Müll.Arg.","RUBIACEAE Psychotria suterella Müll.Arg.","1716","GBIF","SHPR","Biral, L.","2784","Native","Ouro","Low","Reserva Biológica Municipal da Serra do Japi"
"ÁREA DE PROTEÇÃO AMBIENTAL JUNDIAÍ","Angiosperms","Rubiaceae","Richardia","brasiliensis","Gomes","RUBIACEAE Richardia brasiliensis Gomes","49744","GBIF","HRCB","Lombardi, J.A.","7390","Native","Latão","Low","Reserva Biológica Municipal da Serra do Japi, estrada da Cascalheira, depois a direita do Cidinho até além da porteira"
"ÁREA DE PROTEÇÃO AMBIENTAL JUNDIAÍ","Angiosperms","Rubiaceae","Rudgea","corymbulosa","Benth.","RUBIACEAE Rudgea corymbulosa Benth.","11644","GBIF","SP","Novaes, J.C.","CGG4137","Native","Ouro","Low",
"ÁREA DE PROTEÇÃO AMBIENTAL JUNDIAÍ","Angiosperms","Rubiaceae","Rudgea","gardenioides","(Cham.) Müll.Arg.","RUBIACEAE Rudgea gardenioides (Cham.) Müll.Arg.","54137","GBIF","IAC","Pires, T.P.","13","Native","Ouro","Low","Serra do Japi, Marco geodésico"
"ÁREA DE PROTEÇÃO AMBIENTAL JUNDIAÍ","Angiosperms","Rubiaceae","Rudgea","minor","(Cham.) Standl.","RUBIACEAE Rudgea minor subsp. minor (Cham.) Standl.","HFC004756","Splink","HFC",,"s.n.","Native","Bronze","Low",
"ÁREA DE PROTEÇÃO AMBIENTAL JUNDIAÍ","Angiosperms","Rubiaceae","Rudgea","triflora","Benth.","RUBIACEAE Rudgea triflora Benth.","13874","GBIF","SPFR","Leitao, H.F.","13144","Native","Bronze","Low","Serra do Japi"
"ÁREA DE PROTEÇÃO AMBIENTAL JUNDIAÍ","Angiosperms","Rubiaceae","Sabicea","brasiliensis","Wernham","RUBIACEAE Sabicea brasiliensis Wernham","38185","GBIF","IAC","Brade, A.C.","7057","Native","Bronze","Low",
"ÁREA DE PROTEÇÃO AMBIENTAL JUNDIAÍ","Angiosperms","Rubiaceae","Sipanea","pratensis","Aubl.","RUBIACEAE Sipanea pratensis Aubl.","V0294816F","GBIF","F","Grotta, A.S.","5822","Native","Latão","Low","Via Anhanguera, próximo a Jundiai"
"ÁREA DE PROTEÇÃO AMBIENTAL JUNDIAÍ","Angiosperms","Rubiaceae","Tocoyena","formosa","(Cham. & Schltdl.) K.Schum.","RUBIACEAE Tocoyena formosa var. formosa (Cham. & Schltdl.) K.Schum.","SP0011482","Splink","SP",,"s.n.",,"Ouro","Low",
"ÁREA DE PROTEÇÃO AMBIENTAL JUNDIAÍ","Angiosperms","Rutaceae","Aegle",,"Corrêa","RUTACEAE Aegle Corrêa","1029","Splink","SINBIOTA",,,,"Latão","Low","Bifurcação das Estradas da Fazenda Santa Maria e da Fazenda Bom Jesus"
"ÁREA DE PROTEÇÃO AMBIENTAL JUNDIAÍ","Angiosperms","Rutaceae","Citrus",,"Tanaka ex Q.Jiménez","RUTACEAE Citrus ×latifolia Tanaka ex Q.Jiménez","48331","GBIF","HRCB","Lombardi, J.A.","6847","Cultivated","Latão","Low","Reserva Biológica Municipal da Serra do Japi, Base-Mirante-estrada para DAE"
"ÁREA DE PROTEÇÃO AMBIENTAL JUNDIAÍ","Angiosperms","Rutaceae","Citrus",,"(L.) Osbeck","RUTACEAE Citrus ×limon (L.) Osbeck","50160","GBIF","HRCB","Lombardi, J.A.","7472","Cultivated","Latão","Low","Reserva Biológica Municipal da Serra do Japi, junto a casa abandonada (Cidinho) no início da estrada da Cascalheira"
"ÁREA DE PROTEÇÃO AMBIENTAL JUNDIAÍ","Angiosperms","Rutaceae","Esenbeckia","febrifuga","(A.St.-Hil.) A. Juss. ex Mart.","RUTACEAE Esenbeckia febrifuga (A.St.-Hil.) A. Juss. ex Mart.","33692","GBIF","IAC","Jung-Mendacolli, S.L.","671","Native","Ouro","Low","IAC, Estação Experimental"
"ÁREA DE PROTEÇÃO AMBIENTAL JUNDIAÍ","Angiosperms","Rutaceae","Esenbeckia","grandiflora","Mart.","RUTACEAE Esenbeckia grandiflora Mart.","SPSF00032359","Splink","SPSF",,"307","Native","Latão","Low","imediações da serra do Japi."
"ÁREA DE PROTEÇÃO AMBIENTAL JUNDIAÍ","Angiosperms","Rutaceae","Galipea","jasminiflora","(A.St.-Hil.) Engl.","RUTACEAE Galipea jasminiflora (A.St.-Hil.) Engl.","37742","GBIF","IAC","Jung-Mendacolli, S.L.","969","Native","Bronze","Low","IAC, Estação Experimental"
"ÁREA DE PROTEÇÃO AMBIENTAL JUNDIAÍ","Angiosperms","Rutaceae","Metrodorea","nigra","A.St.-Hil.","RUTACEAE Metrodorea nigra A.St.-Hil.","53006","GBIF","UEC","Silva, D.M.","22057","Native","Latão","Low","Serra do Japi"
"ÁREA DE PROTEÇÃO AMBIENTAL JUNDIAÍ","Angiosperms","Rutaceae","Zanthoxylum","caribaeum","Lam.","RUTACEAE Zanthoxylum caribaeum Lam.","40763","GBIF","UEC","Morellato-Fonzar, L.P.C.","16705","Native","Ouro","Low","Serra do Japi, Mirante."
"ÁREA DE PROTEÇÃO AMBIENTAL JUNDIAÍ","Angiosperms","Rutaceae","Zanthoxylum","fagara","(L.) Sarg.","RUTACEAE Zanthoxylum fagara (L.) Sarg.","131948","GBIF","UEC","Bernacci, L.C.","2167","Native","Ouro","Low","Estação Experimental do IAC, Floresta de altitude."
"ÁREA DE PROTEÇÃO AMBIENTAL JUNDIAÍ","Angiosperms","Rutaceae","Zanthoxylum","rhoifolium","Lam.","RUTACEAE Zanthoxylum rhoifolium Lam.","1678","GBIF","SPFw","Ceccantini, G.C.T.","2126C","Native","Ouro","Low","Serra do Japi"
"ÁREA DE PROTEÇÃO AMBIENTAL JUNDIAÍ","Angiosperms","Sabiaceae","Meliosma","sellowii","Urb.","SABIACEAE Meliosma sellowii Urb.","48286","GBIF","HRCB","Lombardi, J.A.","6802","Native","Ouro","Low","Reserva Biológica Municipal da Serra do Japi, Base-Mirante-estrada para DAE"
"ÁREA DE PROTEÇÃO AMBIENTAL JUNDIAÍ","Angiosperms","Salicaceae","Banara","parviflora","(A.Gray) Benth.","SALICACEAE Banara parviflora (A.Gray) Benth.","287490","GBIF","SP","Mendacolli, S.L.J.","1417","Native","Ouro","Low","Estação Experimental do IAC"
"ÁREA DE PROTEÇÃO AMBIENTAL JUNDIAÍ","Angiosperms","Salicaceae","Casearia","lasiophylla","Eichler","SALICACEAE Casearia lasiophylla Eichler","48508","GBIF","IAC","Kinupp, V.F.","144","Native","Bronze","Low","Parte baixa da Serra do Japi"
"ÁREA DE PROTEÇÃO AMBIENTAL JUNDIAÍ","Angiosperms","Salicaceae","Casearia","sylvestris","Sw.","SALICACEAE Casearia sylvestris Sw.","34668","GBIF","IAC","Jung-Mendacolli, S.L.","728","Native","Ouro","Low","IAC, Estação Experimental"
"ÁREA DE PROTEÇÃO AMBIENTAL JUNDIAÍ","Angiosperms","Salicaceae","Prockia","crucis","P.Browne ex L.","SALICACEAE Prockia crucis P.Browne ex L.","48947","GBIF","HRCB","Lombardi, J.A.","7007","Native","Latão","Low","Reserva Biológica Municipal da Serra do Japi, Base-Mirante-estrada para DAE-Base"
"ÁREA DE PROTEÇÃO AMBIENTAL JUNDIAÍ","Angiosperms","Salicaceae","Xylosma","ciliatifolia","(Clos) Eichler","SALICACEAE Xylosma ciliatifolia (Clos) Eichler","50087","GBIF","HRCB","Lombardi, J.A.","7430","Native","Ouro","Low","Reserva Biológica Municipal da Serra do Japi"
"ÁREA DE PROTEÇÃO AMBIENTAL JUNDIAÍ","Angiosperms","Salicaceae","Xylosma","glaberrima","Sleumer","SALICACEAE Xylosma glaberrima Sleumer","44396","GBIF","HUEFS","Hoehne, W.","SPF13238","Native","Ouro","Low","Próximo a Jundiaí, Sítio do Sr. José Vallim."
"ÁREA DE PROTEÇÃO AMBIENTAL JUNDIAÍ","Angiosperms","Salicaceae","Xylosma","tweediana","(Clos) Eichler","SALICACEAE Xylosma tweediana (Clos) Eichler","38891","GBIF","IAC","Hoehne, W.","s/nº","Native","Bronze","Low","próximo a Jundiaí, Sítio de José Vallim"
"ÁREA DE PROTEÇÃO AMBIENTAL JUNDIAÍ","Angiosperms","Santalaceae","Phoradendron","crassifolium","(Pohl ex DC.) Eichler","SANTALACEAE Phoradendron crassifolium (Pohl ex DC.) Eichler","47702","GBIF","HRCB","Lombardi, J.A.","6734","Native","Latão","Low","Reserva Biológica Municipal da Serra do Japi, trilha Base/Passarinheiros/Av. Brasil até próximo a Rodovia Bandeirantes/Base"
"ÁREA DE PROTEÇÃO AMBIENTAL JUNDIAÍ","Angiosperms","Santalaceae","Phoradendron","undulatum","(Pohl ex DC.) Eichler","SANTALACEAE Phoradendron undulatum (Pohl ex DC.) Eichler","46965","GBIF","IAC","Lourencao, A.L.","s/nº","Native","Bronze","Low","Serra do Japi"
"ÁREA DE PROTEÇÃO AMBIENTAL JUNDIAÍ","Angiosperms","Sapindaceae","Allophylus","edulis","(A.St.-Hil. et al.) Hieron. ex Niederl.","SAPINDACEAE Allophylus edulis (A.St.-Hil. et al.) Hieron. ex Niederl.","40707","GBIF","UEC","Morellato-Fonzar, L.P.C.","16691","Native","Ouro","Low","Serra do Japi, Mirante."
"ÁREA DE PROTEÇÃO AMBIENTAL JUNDIAÍ","Angiosperms","Sapindaceae","Allophylus","petiolulatus","Radlk.","SAPINDACEAE Allophylus petiolulatus Radlk.","152341","GBIF","UEC","Caselli, C.B.","s.n.","Native","Bronze","Low","Serra do Japi, Mata semidecídua"
"ÁREA DE PROTEÇÃO AMBIENTAL JUNDIAÍ","Angiosperms","Sapindaceae","Cardiospermum",,"L.","SAPINDACEAE Cardiospermum L.","32964","GBIF","IAC","Jung-Mendacolli, S.L.","600",,"Bronze","Low","IAC, Estação Experimental"
"ÁREA DE PROTEÇÃO AMBIENTAL JUNDIAÍ","Angiosperms","Sapindaceae","Cupania","vernalis","Cambess.","SAPINDACEAE Cupania vernalis Cambess.","29251","GBIF","SJRP","Demite, P.D.","s.n.","Native","Latão","Medium","Serra do Japi"
"ÁREA DE PROTEÇÃO AMBIENTAL JUNDIAÍ","Angiosperms","Sapindaceae","Cupania","zanthoxyloides","Radlk.","SAPINDACEAE Cupania zanthoxyloides Radlk.","76625","GBIF","UEC","Pirani, J.R.","s.n.","Native","Ouro","Medium","Serra do Japi, Trilha do Mirante."
"ÁREA DE PROTEÇÃO AMBIENTAL JUNDIAÍ","Angiosperms","Sapindaceae","Dodonaea","viscosa","Jacq.","SAPINDACEAE Dodonaea viscosa Jacq.","5070","GBIF","FCAB","Morellato, L.P.C.",,"Native","Bronze","Medium","Serra do Japi, Mirante."
"ÁREA DE PROTEÇÃO AMBIENTAL JUNDIAÍ","Angiosperms","Sapindaceae","Matayba",,"Aubl.","SAPINDACEAE Matayba Aubl.","09788","GBIF","SJRP","Leitao Filho, H.F.","23239",,"Ouro","Low","mata residual na rodovia para Jarinú."
"ÁREA DE PROTEÇÃO AMBIENTAL JUNDIAÍ","Angiosperms","Sapindaceae","Paullinia","rhomboidea","Radlk.","SAPINDACEAE Paullinia rhomboidea Radlk.","47700","GBIF","HRCB","Lombardi, J.A.","6732","Native","Latão","Low","Reserva Biológica Municipal da Serra do Japi, trilha Base/Passarinheiros/Av. Brasil até próximo a Rodovia Bandeirantes/Base"
"ÁREA DE PROTEÇÃO AMBIENTAL JUNDIAÍ","Angiosperms","Sapindaceae","Paullinia","trigonia","Vell.","SAPINDACEAE Paullinia trigonia Vell.","197443","GBIF","UEC","Monge, M.","1098","Native","Latão","Low","Serra do Japi. Bairro Santa Clara, Estradinha"
"ÁREA DE PROTEÇÃO AMBIENTAL JUNDIAÍ","Angiosperms","Sapindaceae","Sapindus","saponaria","L.","SAPINDACEAE Sapindus saponaria L.","78045947","GBIF","Observations","Guto_carvalho",,"Native","Bronze","Low","Jundiaí - SP, Brasil"
"ÁREA DE PROTEÇÃO AMBIENTAL JUNDIAÍ","Angiosperms","Sapindaceae","Serjania","caracasana","(Jacq.) Willd.","SAPINDACEAE Serjania caracasana (Jacq.) Willd.","200040","GBIF","UEC","Monge, M.","1067","Native","Ouro","Low","Serra do Japi. Beira de estrada, chegando próximo a Guarita da GM do DAE"
"ÁREA DE PROTEÇÃO AMBIENTAL JUNDIAÍ","Angiosperms","Sapindaceae","Serjania","erecta","Radlk.","SAPINDACEAE Serjania erecta Radlk.","10351","GBIF","SP","Usteri, A.","3b","Native","Ouro","Low",
"ÁREA DE PROTEÇÃO AMBIENTAL JUNDIAÍ","Angiosperms","Sapindaceae","Serjania","fuscifolia","Radlk.","SAPINDACEAE Serjania fuscifolia Radlk.","34042","GBIF","UEC","Sugiyama, M.","15515","Native","Ouro","Low","Serra do Japi"
"ÁREA DE PROTEÇÃO AMBIENTAL JUNDIAÍ","Angiosperms","Sapindaceae","Serjania","gracilis","Radlk.","SAPINDACEAE Serjania gracilis Radlk.","54781","GBIF","MBM","Monteiro, R.","s.n.","Native","Ouro","Medium","Serra do Japi."
"ÁREA DE PROTEÇÃO AMBIENTAL JUNDIAÍ","Angiosperms","Sapindaceae","Serjania","laruotteana","Cambess.","SAPINDACEAE Serjania laruotteana Cambess.","14452","GBIF","UEC","Kirszenzaft, S.L.","s.n.","Native","Ouro","Medium","Serra do Japí"
"ÁREA DE PROTEÇÃO AMBIENTAL JUNDIAÍ","Angiosperms","Sapindaceae","Serjania","lethalis","A.St.-Hil.","SAPINDACEAE Serjania lethalis A.St.-Hil.","2237","GBIF","BOTUw",,,"Native","Latão","Low",
"ÁREA DE PROTEÇÃO AMBIENTAL JUNDIAÍ","Angiosperms","Sapindaceae","Serjania","multiflora","Cambess.","SAPINDACEAE Serjania multiflora Cambess.","40606","GBIF","UEC","Webster, G.L.","25192","Native","Ouro","Low","Serra do Japi, vine climbing in trickets near transition between evergreen and semi-deciduos woods"
"ÁREA DE PROTEÇÃO AMBIENTAL JUNDIAÍ","Angiosperms","Sapindaceae","Serjania","noxia","Cambess.","SAPINDACEAE Serjania noxia Cambess.","202359","GBIF","UEC","Leitao Filho, H.F.","23241","Native","Ouro","Low","Mata residencial na Rodovia para Jarinú"
"ÁREA DE PROTEÇÃO AMBIENTAL JUNDIAÍ","Angiosperms","Sapindaceae","Serjania","paradoxa","Radlk.","SAPINDACEAE Serjania paradoxa Radlk.","88431","GBIF","UEC","Mello-Silva, R.","1072","Native","Ouro","Low","Serra do Japi"
"ÁREA DE PROTEÇÃO AMBIENTAL JUNDIAÍ","Angiosperms","Sapindaceae","Serjania","perulacea","Radlk.","SAPINDACEAE Serjania perulacea Radlk.","54240","GBIF","UEC","Jr, K.S.B.","23299","Native","Ouro","Low","Serrado Japi, abaixo repreado DAE."
"ÁREA DE PROTEÇÃO AMBIENTAL JUNDIAÍ","Angiosperms","Sapindaceae","Serjania","reticulata","Cambess.","SAPINDACEAE Serjania reticulata Cambess.","121704","GBIF","ESA","Souza, V.C.","34149","Native","Ouro","Low","Beira da Rodovia dos Bandeirantes. Floresta estacional decidual bastante degradada. Projeto TAV. Levantamento Florístico 1."
"ÁREA DE PROTEÇÃO AMBIENTAL JUNDIAÍ","Angiosperms","Sapindaceae","Urvillea","ulmacea","Kunth","SAPINDACEAE Urvillea ulmacea Kunth","011493","GBIF","VIC",,"s.n.","Native","Latão","Medium","Serra do Japi"
"ÁREA DE PROTEÇÃO AMBIENTAL JUNDIAÍ","Angiosperms","Sapotaceae","Chloroluma","gonocarpa","(Mart. & Eichler ex Miq.) Baill. ex Aubrév.","SAPOTACEAE Chloroluma gonocarpa (Mart. & Eichler ex Miq.) Baill. ex Aubrév.","152342","GBIF","UEC","Caselli, C.B.","s.n.",,"Bronze","Low","Serra do Japi, Mata semidecídua"
"ÁREA DE PROTEÇÃO AMBIENTAL JUNDIAÍ","Angiosperms","Sapotaceae","Chrysophyllum","marginatum","(Hook. & Arn.) Radlk.","SAPOTACEAE Chrysophyllum marginatum (Hook. & Arn.) Radlk.","PEL1022480","Splink","PEL",,"145","Native","Ouro","Low","Parte baixa da Serra do Japi."
"ÁREA DE PROTEÇÃO AMBIENTAL JUNDIAÍ","Angiosperms","Sapotaceae","Pouteria","caimito","(Ruiz & Pav.) Radlk.","SAPOTACEAE Pouteria caimito (Ruiz & Pav.) Radlk.","36183","GBIF","UEC","Leitao Filho, H.F.","16194","Native","Ouro","Low","Serra do Japí, Mirante."
"ÁREA DE PROTEÇÃO AMBIENTAL JUNDIAÍ","Angiosperms","Scrophulariaceae","Buddleja","stachyoides","Cham. & Schltdl.","SCROPHULARIACEAE Buddleja stachyoides Cham. & Schltdl.","193748","Splink","ICN",,"1061","Native","Ouro","Low","Serra do Japi"
"ÁREA DE PROTEÇÃO AMBIENTAL JUNDIAÍ","Angiosperms","Siparunaceae","Siparuna","brasiliensis","(Spreng.) A.DC.","SIPARUNACEAE Siparuna brasiliensis (Spreng.) A.DC.","SPSF00032493","Splink","SPSF",,"333","Native","Bronze","Low","Bairro Tijuco Preto."
"ÁREA DE PROTEÇÃO AMBIENTAL JUNDIAÍ","Angiosperms","Siparunaceae","Siparuna","guianensis","Aubl.","SIPARUNACEAE Siparuna guianensis Aubl.","RB01208533","GBIF","RB","Jung-Mendacoli, S.L.","711","Native","Ouro","Medium","IAC, Estação Experimental"
"ÁREA DE PROTEÇÃO AMBIENTAL JUNDIAÍ","Angiosperms","Smilacaceae","Smilax","cognata","Kunth","SMILACACEAE Smilax cognata Kunth","76668","GBIF","UEC","Jung-Mendacolli, S.L.","1420","Native","Ouro","Low","IAC, Estação Experimental"
"ÁREA DE PROTEÇÃO AMBIENTAL JUNDIAÍ","Angiosperms","Smilacaceae","Smilax","elastica","Griseb.","SMILACACEAE Smilax elastica Griseb.","41049","GBIF","UEC","Michair, J.I.","16461","Native","Ouro","Low","Serra do Japi, Beira de mata."
"ÁREA DE PROTEÇÃO AMBIENTAL JUNDIAÍ","Angiosperms","Solanaceae","Athenaea","fasciculata","(Vell.) I.M.C. Rodrigues & Stehmann","SOLANACEAE Athenaea fasciculata (Vell.) I.M.C. Rodrigues & Stehmann","ICN00032831","Reflora","ICN","Semir, J.R.S.","1633","Native","Ouro","Medium","Serra do Japi"
"ÁREA DE PROTEÇÃO AMBIENTAL JUNDIAÍ","Angiosperms","Solanaceae","Athenaea","picta","(Mart.) Sendtn.","SOLANACEAE Athenaea picta (Mart.) Sendtn.","50344","GBIF","UEC","Jr, K.S.B.","20947","Native","Ouro","Medium","Serra do Japí - 'Paraíso'(100m)."
"ÁREA DE PROTEÇÃO AMBIENTAL JUNDIAÍ","Angiosperms","Solanaceae","Aureliana","fasciculata","(Vell.) Sendtn.","SOLANACEAE Aureliana fasciculata var. fasciculata (Vell.) Sendtn.","ICN00032831","Splink","ICN",,"1633",,"Ouro","Low","Serra do Japi"
"ÁREA DE PROTEÇÃO AMBIENTAL JUNDIAÍ","Angiosperms","Solanaceae","Browallia","americana","L.","SOLANACEAE Browallia americana L.",,"GBIF",,,,"Naturalized","Latão","Low",
"ÁREA DE PROTEÇÃO AMBIENTAL JUNDIAÍ","Angiosperms","Solanaceae","Brugmansia","suaveolens","(Willd.) Sweet","SOLANACEAE Brugmansia suaveolens (Willd.) Sweet","50353","GBIF","UEC","Vasconcellos-Neto, J.","20869","Naturalized","Bronze","Medium","Serra do Japí."
"ÁREA DE PROTEÇÃO AMBIENTAL JUNDIAÍ","Angiosperms","Solanaceae","Brunfelsia","brasiliensis","(Spreng.) L.B.Sm. & Downs","SOLANACEAE Brunfelsia brasiliensis (Spreng.) L.B.Sm. & Downs","48402","GBIF","HRCB","Lombardi, J.A.","6852","Native","Latão","Low","Reserva Biológica Municipal da Serra do Japi, trilha Base/Passarinheiros/Base"
"ÁREA DE PROTEÇÃO AMBIENTAL JUNDIAÍ","Angiosperms","Solanaceae","Brunfelsia","pauciflora","(Cham. & Schltdl.) Benth.","SOLANACEAE Brunfelsia pauciflora (Cham. & Schltdl.) Benth.","11916","GBIF","UEC","Leitao Filho, H.F.","3218","Native","Ouro","Low","Serra do Japí, ca.10 km de Jundiaí. Folha Cartográfica SF-23-Y-C. Coordenada Calculada."
"ÁREA DE PROTEÇÃO AMBIENTAL JUNDIAÍ","Angiosperms","Solanaceae","Brunfelsia","uniflora","(Pohl) D.Don","SOLANACEAE Brunfelsia uniflora (Pohl) D.Don","303147","GBIF","SP","Mendacolli, S.L.J.","1423","Native","Ouro","Medium","Estação Experimental do IAC"
"ÁREA DE PROTEÇÃO AMBIENTAL JUNDIAÍ","Angiosperms","Solanaceae","Capsicum","baccatum","L.","SOLANACEAE Capsicum baccatum L.","130774","GBIF","ESA","Souza, V.C.","35977","Native","Prata","Low","Fragmento 10 (TAV). Floresta Estacional Semidecidual"
"ÁREA DE PROTEÇÃO AMBIENTAL JUNDIAÍ","Angiosperms","Solanaceae","Capsicum","flexuosum","Sendtn.","SOLANACEAE Capsicum flexuosum Sendtn.","305745","GBIF","SP","Mendacolli, S.L.J.","1421","Native","Ouro","Medium","Estação Experimental do IAC"
"ÁREA DE PROTEÇÃO AMBIENTAL JUNDIAÍ","Angiosperms","Solanaceae","Capsicum","recurvatum","Witasek","SOLANACEAE Capsicum recurvatum Witasek","50366","GBIF","UEC","Vasconcellos-Neto, J.","20857","Native","Ouro","Medium","Serra do Japí."
"ÁREA DE PROTEÇÃO AMBIENTAL JUNDIAÍ","Angiosperms","Solanaceae","Capsicum","schottianum","Sendtn.","SOLANACEAE Capsicum schottianum Sendtn.","50686","GBIF","UEC","Vasconcellos-Neto, J.","21594","Native","Ouro","Medium","Serra do Japí."
"ÁREA DE PROTEÇÃO AMBIENTAL JUNDIAÍ","Angiosperms","Solanaceae","Capsicum","villosum","Sendtn.","SOLANACEAE Capsicum villosum Sendtn.","50364","GBIF","UEC","Vasconcellos-Neto, J.","20859","Native","Bronze","Medium","Serra do Japí."
"ÁREA DE PROTEÇÃO AMBIENTAL JUNDIAÍ","Angiosperms","Solanaceae","Cestrum","axillare","Vell.","SOLANACEAE Cestrum axillare Vell.","71781","GBIF","UEC","Stehmann, J.R.","1598","Native","Ouro","Medium","Serra do Japí."
"ÁREA DE PROTEÇÃO AMBIENTAL JUNDIAÍ","Angiosperms","Solanaceae","Cestrum","intermedium","Sendtn.","SOLANACEAE Cestrum intermedium Sendtn.","181500","GBIF","UEC","Mello-Silva, R.","1076","Native","Ouro","Medium","Serra do Japi"
"ÁREA DE PROTEÇÃO AMBIENTAL JUNDIAÍ","Angiosperms","Solanaceae","Cestrum","nocturnum","L.","SOLANACEAE Cestrum nocturnum L.","SPSF00032336","Splink","SPSF",,"292","Cultivated","Latão","Low","Serra do Japi."
"ÁREA DE PROTEÇÃO AMBIENTAL JUNDIAÍ","Angiosperms","Solanaceae","Cestrum","schlechtendalii","G.Don","SOLANACEAE Cestrum schlechtendalii G.Don","41112","GBIF","UEC","Martins, P.C.","16390","Native","Ouro","Medium","Serra do Japí."
"ÁREA DE PROTEÇÃO AMBIENTAL JUNDIAÍ","Angiosperms","Solanaceae","Cestrum","strigilatum","Ruiz & Pav.","SOLANACEAE Cestrum strigilatum Ruiz & Pav.","47697","GBIF","HRCB","Lombardi, J.A.","6729","Native","Latão","Low","Reserva Biológica Municipal da Serra do Japi, trilha Base/Passarinheiros/Av. Brasil até próximo a Rodovia Bandeirantes/Base"
"ÁREA DE PROTEÇÃO AMBIENTAL JUNDIAÍ","Angiosperms","Solanaceae","Nicandra","physalodes","(L.) Gaertn.","SOLANACEAE Nicandra physalodes (L.) Gaertn.",,"GBIF",,,,"Naturalized","Latão","Low",
"ÁREA DE PROTEÇÃO AMBIENTAL JUNDIAÍ","Angiosperms","Solanaceae","Nicotiana","glauca","Graham","SOLANACEAE Nicotiana glauca Graham",,"GBIF",,,,"Naturalized","Latão","Low",
"ÁREA DE PROTEÇÃO AMBIENTAL JUNDIAÍ","Angiosperms","Solanaceae","Nicotiana","tabacum","L.","SOLANACEAE Nicotiana tabacum L.","49968","GBIF","UEC","Vasconcellos-Neto, J.","20736","Naturalized","Ouro","Medium","Serra do Japí."
"ÁREA DE PROTEÇÃO AMBIENTAL JUNDIAÍ","Angiosperms","Solanaceae","Physalis","peruviana","L.","SOLANACEAE Physalis peruviana L.","50695","GBIF","UEC","Vasconcellos, J.","21579","Naturalized","Ouro","Medium","Serra do Japi, Jundiaí-SP."
"ÁREA DE PROTEÇÃO AMBIENTAL JUNDIAÍ","Angiosperms","Solanaceae","Physalis","pubescens","L.","SOLANACEAE Physalis pubescens L.","ESA121697","Splink","ESA",,"34142","Native","Prata","Low","Beira da Rodovia dos Bandeirantes. Floresta estacional decidual bastante degradada. Projeto TAV. Levantamento Florístico 1."
"ÁREA DE PROTEÇÃO AMBIENTAL JUNDIAÍ","Angiosperms","Solanaceae","Sessea","brasiliensis","Toledo","SOLANACEAE Sessea brasiliensis Toledo","COR00009494","Reflora","HRCB","Neves, F.F.D.E.","852","Native","Ouro","Medium","Serra do Japi; Base de Estudos de Ecologia e Educação Ambiental ""Miguel Castarde""; Trilha do Mirante"
"ÁREA DE PROTEÇÃO AMBIENTAL JUNDIAÍ","Angiosperms","Solanaceae","Solanum","aethiopicum","L.","SOLANACEAE Solanum aethiopicum L.","39486","GBIF","IAC","Bernacci, L.C.","2852","Cultivated","Bronze","Low","IAC, Estação Experimental, experimento de avaliação de jiló"
"ÁREA DE PROTEÇÃO AMBIENTAL JUNDIAÍ","Angiosperms","Solanaceae","Solanum","affine","Sendtn.","SOLANACEAE Solanum affine Sendtn.","50663","GBIF","UEC","Vasconcellos-Neto, J.","20993","Native","Ouro","Medium","Serra do Japí."
"ÁREA DE PROTEÇÃO AMBIENTAL JUNDIAÍ","Angiosperms","Solanaceae","Solanum","americanum","Mill.","SOLANACEAE Solanum americanum Mill.","49952","GBIF","UEC","Claro, K.","20412","Native","Latão","Medium","Serra do Japi."
"ÁREA DE PROTEÇÃO AMBIENTAL JUNDIAÍ","Angiosperms","Solanaceae","Solanum","bullatum","Vell.","SOLANACEAE Solanum bullatum Vell.","97299","GBIF","SPF","Bernacci, L.C.","20","Native","Ouro","Medium","Estação Experimental do IAC"
"ÁREA DE PROTEÇÃO AMBIENTAL JUNDIAÍ","Angiosperms","Solanaceae","Solanum","campaniforme","Roem. & Schult.","SOLANACEAE Solanum campaniforme Roem. & Schult.","50697","GBIF","UEC","Vasconcellos-Neto, J.","21593","Native","Ouro","Medium","Serra do Japi."
"ÁREA DE PROTEÇÃO AMBIENTAL JUNDIAÍ","Angiosperms","Solanaceae","Solanum","chenopodioides","Lam.","SOLANACEAE Solanum chenopodioides Lam.","27314","GBIF","UEC","Leitao Filho, H.F.","13124","Native","Bronze","Medium","Serra do Japi."
"ÁREA DE PROTEÇÃO AMBIENTAL JUNDIAÍ","Angiosperms","Solanaceae","Solanum","cinnamomeum","Sendtn.","SOLANACEAE Solanum cinnamomeum Sendtn.","50698","GBIF","UEC","Vasconcellos-Neto, J.","21596","Native","Ouro","Medium","Serra do Japí."
"ÁREA DE PROTEÇÃO AMBIENTAL JUNDIAÍ","Angiosperms","Solanaceae","Solanum","concinnum","Schott ex Sendtn.","SOLANACEAE Solanum concinnum Schott ex Sendtn.","48983","GBIF","UEC","Buzato, S.","20662","Native","Ouro","Medium","Serra do Japí."
"ÁREA DE PROTEÇÃO AMBIENTAL JUNDIAÍ","Angiosperms","Solanaceae","Solanum","decompositiflorum","Sendtn.","SOLANACEAE Solanum decompositiflorum Sendtn.","071780","GBIF","UEC","Stehmann, J.R.","1602","Native","Ouro","Medium","Serra do Japí."
"ÁREA DE PROTEÇÃO AMBIENTAL JUNDIAÍ","Angiosperms","Solanaceae","Solanum","didymum","Dunal","SOLANACEAE Solanum didymum Dunal","48973","GBIF","UEC","Buzato, S.","20285","Native","Ouro","Medium","Serra do Japi"
"ÁREA DE PROTEÇÃO AMBIENTAL JUNDIAÍ","Angiosperms","Solanaceae","Solanum","diphyllum","L.","SOLANACEAE Solanum diphyllum L.","90106","GBIF","MBM","Leitao Filho, H.F.","13123","Naturalized","Latão","Medium","Serra do Japi."
"ÁREA DE PROTEÇÃO AMBIENTAL JUNDIAÍ","Angiosperms","Solanaceae","Solanum","diploconos","(Mart.) Bohs","SOLANACEAE Solanum diploconos (Mart.) Bohs","72579","GBIF","UEC","Stehmann, J.R.","s.n.","Native","Ouro","Medium","Serra do Japi."
"ÁREA DE PROTEÇÃO AMBIENTAL JUNDIAÍ","Angiosperms","Solanaceae","Solanum","erianthum","D.Don","SOLANACEAE Solanum erianthum D.Don","2431004","GBIF","Bioversity","Daniel, A.","23129","Unknown","Latão","Low",
"ÁREA DE PROTEÇÃO AMBIENTAL JUNDIAÍ","Angiosperms","Solanaceae","Solanum","flaccidum","Vell.","SOLANACEAE Solanum flaccidum Vell.","49383","GBIF","MBM","Leitao Filho, H.F.","2543","Native","Prata","Medium","Serra do Japi."
"ÁREA DE PROTEÇÃO AMBIENTAL JUNDIAÍ","Angiosperms","Solanaceae","Solanum","gnaphalocarpon","Vell.","SOLANACEAE Solanum gnaphalocarpon Vell.","50367","GBIF","UEC","Claro, K.","20831","Native","Ouro","Medium","Serra do Japí."
"ÁREA DE PROTEÇÃO AMBIENTAL JUNDIAÍ","Angiosperms","Solanaceae","Solanum","granulosoleprosum","Dunal","SOLANACEAE Solanum granulosoleprosum Dunal","97298","GBIF","SPF","Bernacci, L.C.","69","Native","Ouro","Medium","Estação Experimental do IAC"
"ÁREA DE PROTEÇÃO AMBIENTAL JUNDIAÍ","Angiosperms","Solanaceae","Solanum","guaraniticum","A.St.-Hil.","SOLANACEAE Solanum guaraniticum A.St.-Hil.","72574","GBIF","UEC","Stehmann, J.R.","s.n.","Native","Ouro","Medium","Serra do Japi."
"ÁREA DE PROTEÇÃO AMBIENTAL JUNDIAÍ","Angiosperms","Solanaceae","Solanum","inodorum","Vell.","SOLANACEAE Solanum inodorum Vell.","71779","GBIF","UEC","Stehmann, J.R.","1599","Native","Ouro","Medium","Serra do Japi"
"ÁREA DE PROTEÇÃO AMBIENTAL JUNDIAÍ","Angiosperms","Solanaceae","Solanum","insidiosum","Mart.","SOLANACEAE Solanum insidiosum Mart.","K001058304","Splink","K",,"20301","Native","Latão","Low","Serra do Japí."
"ÁREA DE PROTEÇÃO AMBIENTAL JUNDIAÍ","Angiosperms","Solanaceae","Solanum","intermedium","Sendtn.","SOLANACEAE Solanum intermedium Sendtn.","48985","GBIF","UEC","Buzato, S.","20289","Native","Bronze","Medium","Serra do Japi."
"ÁREA DE PROTEÇÃO AMBIENTAL JUNDIAÍ","Angiosperms","Solanaceae","Solanum","lepidotum","Dunal","SOLANACEAE Solanum lepidotum Dunal","40173","GBIF","UEC","Morellato-Fonzar, L.P.C.","17789","Native","Ouro","Low","Serra do Japi, Mirante, mata de altitude. Folha Cartográfica SF-23-Y-C Coordenada Calculada."
"ÁREA DE PROTEÇÃO AMBIENTAL JUNDIAÍ","Angiosperms","Solanaceae","Solanum","lycocarpum","A.St.-Hil.","SOLANACEAE Solanum lycocarpum A.St.-Hil.","50422","GBIF","UEC","Vasconcellos-Neto, J.","20975","Native","Ouro","Medium","Serra do Japí."
"ÁREA DE PROTEÇÃO AMBIENTAL JUNDIAÍ","Angiosperms","Solanaceae","Solanum","mammosum","L.","SOLANACEAE Solanum mammosum L.","40118","GBIF","IAC","Bernacci, L.C.","2873","Naturalized","Bronze","Low","IAC, Estação Experimental"
"ÁREA DE PROTEÇÃO AMBIENTAL JUNDIAÍ","Angiosperms","Solanaceae","Solanum","mauritianum","Scop.","SOLANACEAE Solanum mauritianum Scop.","48975","GBIF","UEC","Vasconcellos-Neto, J.","20396","Native","Latão","Medium","Serra do Japí."
"ÁREA DE PROTEÇÃO AMBIENTAL JUNDIAÍ","Angiosperms","Solanaceae","Solanum","melissarum","Bohs","SOLANACEAE Solanum melissarum Bohs","69834","GBIF","UEC","Vasconcellos-Neto, J.","31531","Native","Ouro","Medium","Serra do Japí."
"ÁREA DE PROTEÇÃO AMBIENTAL JUNDIAÍ","Angiosperms","Solanaceae","Solanum","oocarpum","Sendtn.","SOLANACEAE Solanum oocarpum Sendtn.","50681","GBIF","UEC","Vasconcellos-Neto, J.","21583","Native","Ouro","Medium","Serra do Japi."
"ÁREA DE PROTEÇÃO AMBIENTAL JUNDIAÍ","Angiosperms","Solanaceae","Solanum","palinacanthum","Dunal","SOLANACEAE Solanum palinacanthum Dunal","50694","GBIF","UEC","Vasconcellos-Neto, J.","21580","Native","Ouro","Medium","Serra do Japi."
"ÁREA DE PROTEÇÃO AMBIENTAL JUNDIAÍ","Angiosperms","Solanaceae","Solanum","paniculatum","L.","SOLANACEAE Solanum paniculatum L.","181947","GBIF","UEC","Uieda, W.","9366","Native","Bronze","Medium","Serra do Japí"
"ÁREA DE PROTEÇÃO AMBIENTAL JUNDIAÍ","Angiosperms","Solanaceae","Solanum","pseudocapsicum","L.","SOLANACEAE Solanum pseudocapsicum L.","188572","GBIF","UEC","Mesquita, A.T.","24","Native","Bronze","Medium","Serra do Japí."
"ÁREA DE PROTEÇÃO AMBIENTAL JUNDIAÍ","Angiosperms","Solanaceae","Solanum","pseudoquina","A.St.-Hil.","SOLANACEAE Solanum pseudoquina A.St.-Hil.","96598","GBIF","SPF","Bernacci, L.C.","13","Native","Ouro","Medium","Estação Experimental do IAC"
"ÁREA DE PROTEÇÃO AMBIENTAL JUNDIAÍ","Angiosperms","Solanaceae","Solanum","pycnanthemum","Mart.","SOLANACEAE Solanum pycnanthemum Mart.","3092539","GBIF","Bioversity","Claro, K.",,"Native","Latão","Low","Serra do Jap"
"ÁREA DE PROTEÇÃO AMBIENTAL JUNDIAÍ","Angiosperms","Solanaceae","Solanum","reflexum","Schrank","SOLANACEAE Solanum reflexum Schrank","50423","GBIF","UEC","Vasconcellos-Neto, J.","20974","Native","Bronze","Medium","Serra do Japí."
"ÁREA DE PROTEÇÃO AMBIENTAL JUNDIAÍ","Angiosperms","Solanaceae","Solanum","robustum","H.L.Wendl.","SOLANACEAE Solanum robustum H.L.Wendl.","105045","GBIF","BHCB","Stehmann, J.R.","s.n.","Native","Ouro","Medium","Serra do Japi"
"ÁREA DE PROTEÇÃO AMBIENTAL JUNDIAÍ","Angiosperms","Solanaceae","Solanum","rufescens","Sendtn.","SOLANACEAE Solanum rufescens Sendtn.","50049","GBIF","UEC","Buzato, S.","20765","Native","Ouro","Medium","Serra do Japí."
"ÁREA DE PROTEÇÃO AMBIENTAL JUNDIAÍ","Angiosperms","Solanaceae","Solanum","sanctae-catharinae","Dunal","SOLANACEAE Solanum sanctae-catharinae Dunal","RB00467928","GBIF","RB","Marinho Filho, J.S.","15563","Native","Ouro","Medium","Serra do Japi. Próximo ao açude do DAE, à beira do caminho que margeia o riacho."
"ÁREA DE PROTEÇÃO AMBIENTAL JUNDIAÍ","Angiosperms","Solanaceae","Solanum","sciadostylis","(Sendtn.) Bohs","SOLANACEAE Solanum sciadostylis (Sendtn.) Bohs","188573","GBIF","UEC","Mesquita, A.T.","23","Native","Bronze","Medium","Serra do Japí."
"ÁREA DE PROTEÇÃO AMBIENTAL JUNDIAÍ","Angiosperms","Solanaceae","Solanum","sellowii","Dunal","SOLANACEAE Solanum sellowii Dunal","66744","GBIF","UEC","Stehmann, J.R.","1389","Native","Ouro","Medium","Serra do Japí."
"ÁREA DE PROTEÇÃO AMBIENTAL JUNDIAÍ","Angiosperms","Solanaceae","Solanum","stipulaceum","Willd. ex Roem. & Schult.","SOLANACEAE Solanum stipulaceum Willd. ex Roem. & Schult.","IBGE00021427","Splink","IBGE",,"16417","Native","Bronze","Low","Serra Japí. Folha Cartográfica SF-23-Y-C Coordenada Calculada."
"ÁREA DE PROTEÇÃO AMBIENTAL JUNDIAÍ","Angiosperms","Solanaceae","Solanum","stramoniifolium","Jacq.","SOLANACEAE Solanum stramoniifolium Jacq.",,"GBIF",,,,"Native","Latão","Low",
"ÁREA DE PROTEÇÃO AMBIENTAL JUNDIAÍ","Angiosperms","Solanaceae","Solanum","subumbellatum","Vell.","SOLANACEAE Solanum subumbellatum Vell.","US01933921","Splink","US",,"2b","Native","Latão","Low",
"ÁREA DE PROTEÇÃO AMBIENTAL JUNDIAÍ","Angiosperms","Solanaceae","Solanum","swartzianum","Roem. & Schult.","SOLANACEAE Solanum swartzianum Roem. & Schult.","50050","GBIF","UEC","Buzato, S.","20766","Native","Ouro","Medium","Serra do Japi."
"ÁREA DE PROTEÇÃO AMBIENTAL JUNDIAÍ","Angiosperms","Solanaceae","Solanum","torvum","Sw.","SOLANACEAE Solanum torvum Sw.","48502","GBIF","UEC","Vasconcellos-Neto, J.","20214","Native","Bronze","Medium","serra do Japí"
"ÁREA DE PROTEÇÃO AMBIENTAL JUNDIAÍ","Angiosperms","Solanaceae","Solanum","trachytrichium","Bitter","SOLANACEAE Solanum trachytrichium Bitter","50680","GBIF","UEC","Vasconcellos-Neto, J.","21584","Native","Ouro","Medium","Serra do Japí"
"ÁREA DE PROTEÇÃO AMBIENTAL JUNDIAÍ","Angiosperms","Solanaceae","Solanum","vaillantii","Dunal","SOLANACEAE Solanum vaillantii Dunal","K001058017","Splink","K",,"20993","Native","Latão","Low","Serra do Japí."
"ÁREA DE PROTEÇÃO AMBIENTAL JUNDIAÍ","Angiosperms","Solanaceae","Solanum","variabile","Mart.","SOLANACEAE Solanum variabile Mart.","50348","GBIF","UEC","Vasconcellos-Neto, J.","20874","Native","Ouro","Medium","Serra do Japí."
"ÁREA DE PROTEÇÃO AMBIENTAL JUNDIAÍ","Angiosperms","Solanaceae","Solanum","viarum","Dunal","SOLANACEAE Solanum viarum Dunal","US01934260","Splink","US",,"15363","Native","Latão","Low",
"ÁREA DE PROTEÇÃO AMBIENTAL JUNDIAÍ","Angiosperms","Solanaceae","Solanum","wacketii","Witasek","SOLANACEAE Solanum wacketii Witasek","50693","GBIF","UEC","Vasconcellos-Neto, J.","21581","Native","Ouro","Medium","Serra do Japí."
"ÁREA DE PROTEÇÃO AMBIENTAL JUNDIAÍ","Angiosperms","Styracaceae","Styrax","camporum","Pohl","STYRACACEAE Styrax camporum Pohl","44465","GBIF","IAC","Torres, R.B.","1498","Native","Ouro","Low","Serra do Japi, trilha próximo a casa do pesquisador"
"ÁREA DE PROTEÇÃO AMBIENTAL JUNDIAÍ","Angiosperms","Styracaceae","Styrax","ferrugineus","Nees & Mart.","STYRACACEAE Styrax ferrugineus Nees & Mart.","152351","GBIF","UEC","Caselli, C.B.","s.n.","Native","Bronze","Low","Serra do Japi, Mata semidecídua"
"ÁREA DE PROTEÇÃO AMBIENTAL JUNDIAÍ","Angiosperms","Styracaceae","Styrax","latifolius","Pohl","STYRACACEAE Styrax latifolius Pohl","HRB00060514","Splink","HRB",,"15537","Native","Ouro","Low","Serra do Japi."
"ÁREA DE PROTEÇÃO AMBIENTAL JUNDIAÍ","Angiosperms","Styracaceae","Styrax","pohlii","A.DC.","STYRACACEAE Styrax pohlii A.DC.","106429","GBIF","HUEFS","Neves, F.F.E.","13","Native","Ouro","Low","Base de Estudo de Ecologia e Educação Ambiental Miguel Castarde. Trilha do Mirante"
"ÁREA DE PROTEÇÃO AMBIENTAL JUNDIAÍ","Angiosperms","Symplocaceae","Symplocos","celastrinea","Mart.","SYMPLOCACEAE Symplocos celastrinea Mart.","50370","GBIF","HRCB","Lombardi, J.A.","7490","Native","Ouro","Low","Reserva Biológica Municipal da Serra do Japi, estrada da Cascalheira, depois a direita do Cidinho até o portão"
"ÁREA DE PROTEÇÃO AMBIENTAL JUNDIAÍ","Angiosperms","Symplocaceae","Symplocos","pubescens","Klotzsch ex Benth.","SYMPLOCACEAE Symplocos pubescens Klotzsch ex Benth.","002839","GBIF","ESA","Viegas, A.P.","6813","Native","Ouro","Low",
"ÁREA DE PROTEÇÃO AMBIENTAL JUNDIAÍ","Angiosperms","Symplocaceae","Symplocos","revoluta","Casar.","SYMPLOCACEAE Symplocos revoluta Casar.","47665","GBIF","HRCB","Lombardi, J.A.","6697","Native","Latão","Low","Reserva Biológica Municipal da Serra do Japi, trilha Base/Mirante/Base"
"ÁREA DE PROTEÇÃO AMBIENTAL JUNDIAÍ","Angiosperms","Symplocaceae","Symplocos","tetrandra","Mart.","SYMPLOCACEAE Symplocos tetrandra Mart.","28004","GBIF","UPCB","Rodrigues, R.R.",,"Native","Ouro","Medium","Serra do Japí, Mirante."
"ÁREA DE PROTEÇÃO AMBIENTAL JUNDIAÍ","Angiosperms","Talinaceae","Talinum","paniculatum","(Jacq.) Gaertn.","TALINACEAE Talinum paniculatum (Jacq.) Gaertn.","13221","GBIF","UEC","Leitao Filho, H.F.","3166","Native","Ouro","Medium","ca. 10km SW de Jundiaí. - Serra do Japí"
"ÁREA DE PROTEÇÃO AMBIENTAL JUNDIAÍ","Angiosperms","Theaceae","Laplacea","fruticosa","(Schrad.) Kobuski","THEACEAE Laplacea fruticosa (Schrad.) Kobuski","RB00435765","GBIF","RB","Morelatto-Fonzar, L.P.C.",,"Native","Bronze","Medium","Serra do Japi, Mirante."
"ÁREA DE PROTEÇÃO AMBIENTAL JUNDIAÍ","Ferns and Lycophytes","Thelypteridaceae","Amauropelta","amambayensis","(Christ) Salino & A.R.Sm.","THELYPTERIDACEAE Amauropelta amambayensis (Christ) Salino & A.R.Sm.","156020","GBIF","UEC","Prado, J.","2065","Native","Ouro","Low","Serra do Japi. Na trilha a esquerda antes de chegar na base da Reserva, indo para a Cachoeira Paraíso."
"ÁREA DE PROTEÇÃO AMBIENTAL JUNDIAÍ","Ferns and Lycophytes","Thelypteridaceae","Amauropelta","decurtata","(Link) Salino & T.E.Almeida","THELYPTERIDACEAE Amauropelta decurtata (Link) Salino & T.E.Almeida","56180","GBIF","HRCB","Lombardi, J.A.","8782","Native","Ouro","Low",
"ÁREA DE PROTEÇÃO AMBIENTAL JUNDIAÍ","Ferns and Lycophytes","Thelypteridaceae","Amauropelta","raddii","(Rosenst.) Salino & T.E.Almeida","THELYPTERIDACEAE Amauropelta raddii (Rosenst.) Salino & T.E.Almeida","153440","GBIF","BHCB","Lombardi, J.A.","8643","Native","Ouro","Low",
"ÁREA DE PROTEÇÃO AMBIENTAL JUNDIAÍ","Ferns and Lycophytes","Thelypteridaceae","Amauropelta","regnelliana","(C.Chr.) Salino & T.E.Almeida","THELYPTERIDACEAE Amauropelta regnelliana (C.Chr.) Salino & T.E.Almeida","55937","GBIF","HRCB","Lombardi, J.A.","8656","Native","Bronze","Low",
"ÁREA DE PROTEÇÃO AMBIENTAL JUNDIAÍ","Ferns and Lycophytes","Thelypteridaceae","Christella","dentata","(Forssk.) Brownsey & Jermy","THELYPTERIDACEAE Christella dentata (Forssk.) Brownsey & Jermy","49762","GBIF","HRCB","Lombardi, J.A.","7408","Naturalized","Ouro","Low","Reserva Biológica Municipal da Serra do Japi, trilha Base/Mirante/DAE/Filipini/Base"
"ÁREA DE PROTEÇÃO AMBIENTAL JUNDIAÍ","Ferns and Lycophytes","Thelypteridaceae","Christella","hispidula","(Decne.) Holttum","THELYPTERIDACEAE Christella hispidula (Decne.) Holttum","155612","GBIF","UEC","Hirai, R.Y.","680","Native","Ouro","Low","Serra do Japi. Na estrada para a torre da TV Cultura."
"ÁREA DE PROTEÇÃO AMBIENTAL JUNDIAÍ","Ferns and Lycophytes","Thelypteridaceae","Goniopteris","lugubris","(Mett.) Brade","THELYPTERIDACEAE Goniopteris lugubris (Mett.) Brade","153393","GBIF","BHCB","Lombardi, J.A.","8654","Native","Ouro","Low","Reserva Biológica da Serra do Japi, Floresta Estacional Semidecidual"
"ÁREA DE PROTEÇÃO AMBIENTAL JUNDIAÍ","Ferns and Lycophytes","Thelypteridaceae","Macrothelypteris","torresiana","(Gaudich.) Ching","THELYPTERIDACEAE Macrothelypteris torresiana (Gaudich.) Ching","55922","GBIF","HRCB","Lombardi, J.A.","8641","Naturalized","Bronze","Low",
"ÁREA DE PROTEÇÃO AMBIENTAL JUNDIAÍ","Ferns and Lycophytes","Thelypteridaceae","Meniscium","angustifolium","Willd.","THELYPTERIDACEAE Meniscium angustifolium Willd.","155883","GBIF","UEC","Prado, J.","2080","Native","Bronze","Low","Serra do Japi, Subindo para o mirante (observatório)"
"ÁREA DE PROTEÇÃO AMBIENTAL JUNDIAÍ","Ferns and Lycophytes","Thelypteridaceae","Thelypteris",,"Schmidel","THELYPTERIDACEAE Thelypteris Schmidel","68082","GBIF","HRCB","Saka, M.N.","623",,"Latão","Low",
"ÁREA DE PROTEÇÃO AMBIENTAL JUNDIAÍ","Angiosperms","Thymelaeaceae","Daphnopsis","fasciculata","(Meisn.) Nevling","THYMELAEACEAE Daphnopsis fasciculata (Meisn.) Nevling","RB00380966","GBIF","RB","C.c.j.","67","Native","Ouro","Medium","Serra do Japi, trilha para o Paraíso III."
"ÁREA DE PROTEÇÃO AMBIENTAL JUNDIAÍ","Angiosperms","Thymelaeaceae","Daphnopsis","utilis","Warm.","THYMELAEACEAE Daphnopsis utilis Warm.","100311504","GBIF","Tropicos","Rodrigues, R.R.","s.n.","Native","Ouro","Medium","Serra do Japi, Mirante"
"ÁREA DE PROTEÇÃO AMBIENTAL JUNDIAÍ","Angiosperms","Tiliaceae",,,"Juss.","TILIACEAE Malvaceae Juss.","197442","GBIF","UEC","Monge, M.","1097",,"Bronze","Low","Serra do Japi. Bairro Santa Clara, Estradinha"
"ÁREA DE PROTEÇÃO AMBIENTAL JUNDIAÍ","Angiosperms","Trigoniaceae","Trigonia","nivea","Cambess.","TRIGONIACEAE Trigonia nivea Cambess.","6701","GBIF","IAC","Viegas, A.P.","s/nº","Native","Bronze","Low","km 101 para Campinas"
"ÁREA DE PROTEÇÃO AMBIENTAL JUNDIAÍ","Angiosperms","Trigoniaceae","Trigonia","simplex","Warming.","TRIGONIACEAE Trigonia simplex Warming.","28704","GBIF","IAC","Bernacci, L.C.","52","Native","Bronze","Low","IAC, Estação Experimental"
"ÁREA DE PROTEÇÃO AMBIENTAL JUNDIAÍ","Angiosperms","Tropaeolaceae","Tropaeolum","majus","L.","TROPAEOLACEAE Tropaeolum majus L.",,"GBIF",,,,"Naturalized","Latão","Low",
"ÁREA DE PROTEÇÃO AMBIENTAL JUNDIAÍ","Angiosperms","Turneraceae","Oxossia","capitata","(Cambess.) L.Rocha","TURNERACEAE Oxossia capitata (Cambess.) L.Rocha","48456","GBIF","HRCB","Lombardi, J.A.","6906","Native","Latão","Low","Reserva Biológica Municipal da Serra do Japi, trilha Base/Mirante/DAE/Filipini/Base"
"ÁREA DE PROTEÇÃO AMBIENTAL JUNDIAÍ","Angiosperms","Turneraceae","Piriqueta","aurea","(Cambess.) Urb.","TURNERACEAE Piriqueta aurea (Cambess.) Urb.","6967","GBIF","SP","Brade, A.C.","7390","Native","Ouro","Low",
"ÁREA DE PROTEÇÃO AMBIENTAL JUNDIAÍ","Angiosperms","Turneraceae","Turnera","serrata","Vell.","TURNERACEAE Turnera serrata var. serrata Vell.","15118","GBIF","UEC","Shepherd, G.J.","5911","Native","Ouro","Low","Serra do Japi"
"ÁREA DE PROTEÇÃO AMBIENTAL JUNDIAÍ","Angiosperms","Turneraceae","Turnera","subulata","Sm.","TURNERACEAE Turnera subulata Sm.","149409440","GBIF","Observations","So_zsm",,"Native","Bronze","Low","Rua Zuferey, Jundiaí, SP, BR"
"ÁREA DE PROTEÇÃO AMBIENTAL JUNDIAÍ","Angiosperms","Typhaceae","Typha","domingensis","Pers.","TYPHACEAE Typha domingensis Pers.","95994","GBIF","UEC","Pansarin, E.R.","97/65","Native","Ouro","Low","Serra do Japi, Bairro Eloy Chaves, próximo à represa do DAE"
"ÁREA DE PROTEÇÃO AMBIENTAL JUNDIAÍ","Angiosperms","Typhaceae","Typha","latifolia","L.","TYPHACEAE Typha latifolia L.","95989","GBIF","UEC","Faria, A.D.","96/441","Native","Bronze","Low","Serra do Japi, Brejo perto da Base."
"ÁREA DE PROTEÇÃO AMBIENTAL JUNDIAÍ","Angiosperms","Urticaceae","Boehmeria","caudata","Sw.","URTICACEAE Boehmeria caudata Sw.","068598","Splink","ICN",,"13141","Native","Ouro","Low","Serra do Japi, nativo em mata"
"ÁREA DE PROTEÇÃO AMBIENTAL JUNDIAÍ","Angiosperms","Urticaceae","Cecropia","glaziovii","Snethl.","URTICACEAE Cecropia glaziovii Snethl.","147868882","GBIF","Observations","Silveira, B.L.S.B.",,"Native","Ouro","Low","Jundiaí - SP, Brasil"
"ÁREA DE PROTEÇÃO AMBIENTAL JUNDIAÍ","Angiosperms","Urticaceae","Cecropia","pachystachya","Trécul","URTICACEAE Cecropia pachystachya Trécul","V0227304F","GBIF","F","Hoehne, W.","SPF 13234","Native","Ouro","Low",
"ÁREA DE PROTEÇÃO AMBIENTAL JUNDIAÍ","Angiosperms","Urticaceae","Laportea","aestuans","(L.) Chew","URTICACEAE Laportea aestuans (L.) Chew",,"GBIF",,,,"Native","Latão","Low",
"ÁREA DE PROTEÇÃO AMBIENTAL JUNDIAÍ","Angiosperms","Urticaceae","Pilea","microphylla","(L.) Liebm.","URTICACEAE Pilea microphylla (L.) Liebm.",,"GBIF",,,,"Naturalized","Latão","Low",
"ÁREA DE PROTEÇÃO AMBIENTAL JUNDIAÍ","Angiosperms","Urticaceae","Pilea","pubescens","Liebm.","URTICACEAE Pilea pubescens Liebm.","49416","GBIF","HRCB","Lombardi, J.A.","7319","Native","Latão","Low","Reserva Biológica Municipal da Serra do Japi, Base-Mirante-estrada para DAE-cachoeira das Jabuticabas-Base"
"ÁREA DE PROTEÇÃO AMBIENTAL JUNDIAÍ","Angiosperms","Urticaceae","Urera","baccifera","(L.) Gaudich. ex Wedd.","URTICACEAE Urera baccifera (L.) Gaudich. ex Wedd.","HRCB048998","Splink","HRCB",,"7058","Native","Latão","Low","Reserva Biológica Municipal da Serra do Japi, Base-Cidinho-estrada da Cascalheira-Av. Brasil Tamega-Base"
"ÁREA DE PROTEÇÃO AMBIENTAL JUNDIAÍ","Angiosperms","Urticaceae","Urera","caracasana","(Jacq.) Griseb.","URTICACEAE Urera caracasana (Jacq.) Griseb.","55508","GBIF","IAC","Lombardi, J.A.","7412","Native","Ouro","Low","Reserva Biológica Municipal da Serra do Japi, trilha Base/Mirante/DAE/Filipini/Base"
"ÁREA DE PROTEÇÃO AMBIENTAL JUNDIAÍ","Angiosperms","Urticaceae","Urera","nitida","(Vell.) P.Brack","URTICACEAE Urera nitida (Vell.) P.Brack","103246","GBIF","SPF","Pirani, J.R.","3640","Native","Ouro","Low","Serra do Japi, Serra do Japi. Trilha do Mirante."
"ÁREA DE PROTEÇÃO AMBIENTAL JUNDIAÍ","Angiosperms","Verbenaceae","Aloysia","virgata","(Ruiz & Pav.) Juss.","VERBENACEAE Aloysia virgata (Ruiz & Pav.) Juss.","NY01549876","Splink","NY",,"13142","Native","Ouro","Low","Nativo em mata na Serra do Japi."
"ÁREA DE PROTEÇÃO AMBIENTAL JUNDIAÍ","Angiosperms","Verbenaceae","Duranta","erecta","L.","VERBENACEAE Duranta erecta L.","144204461","GBIF","Observations","Capreti, I.",,"Naturalized","Bronze","Low","Rua 01 (Loteamento Pellizzari - Bairro do Poste, Jundiaí - SP, 13213, Brasil"
"ÁREA DE PROTEÇÃO AMBIENTAL JUNDIAÍ","Angiosperms","Verbenaceae","Lantana","camara","L.","VERBENACEAE Lantana camara L.","41068","GBIF","UEC","Leitao Filho, H.F.","16367","Naturalized","Ouro","Medium","Serra do Japi"
"ÁREA DE PROTEÇÃO AMBIENTAL JUNDIAÍ","Angiosperms","Verbenaceae","Lantana","canescens","Kunth","VERBENACEAE Lantana canescens Kunth","71466","GBIF","UEC","Wanderley, M.D.G.L.","2130","Native","Ouro","Medium","Serra do Japi"
"ÁREA DE PROTEÇÃO AMBIENTAL JUNDIAÍ","Angiosperms","Verbenaceae","Lantana","fucata","Lindl.","VERBENACEAE Lantana fucata Lindl.","41137","GBIF","UEC","Tamashiro, J.Y.","16401","Native","Ouro","Medium","Serra do Japi."
"ÁREA DE PROTEÇÃO AMBIENTAL JUNDIAÍ","Angiosperms","Verbenaceae","Lantana","tiliaefolia","Cham.","VERBENACEAE Lantana tiliaefolia Cham.","ESA036884","Splink","ESA",,"SPF 15085","Native","Latão","Low",
"ÁREA DE PROTEÇÃO AMBIENTAL JUNDIAÍ","Angiosperms","Verbenaceae","Lantana","trifolia","L.","VERBENACEAE Lantana trifolia L.","103645288","GBIF","Observations","Ritatarallo",,"Native","Bronze","Low","Rua Alessandro Di Berardo, Jundiaí, SP, BR"
"ÁREA DE PROTEÇÃO AMBIENTAL JUNDIAÍ","Angiosperms","Verbenaceae","Lippia","alba","(Mill.) N.E.Br. ex Britton & P.Wilson","VERBENACEAE Lippia alba (Mill.) N.E.Br. ex Britton & P.Wilson","756","Splink","MACK",,"1","Native","Latão","Low","Centro, cultivado em casa"
"ÁREA DE PROTEÇÃO AMBIENTAL JUNDIAÍ","Angiosperms","Verbenaceae","Lippia","brasiliensis","(Link) T.R.S.Silva","VERBENACEAE Lippia brasiliensis (Link) T.R.S.Silva","49400","GBIF","HRCB","Lombardi, J.A.","7303","Native","Latão","Low","Reserva Biológica Municipal da Serra do Japi, Base-Mirante-estrada para DAE-cachoeira das Jabuticabas-Base"
"ÁREA DE PROTEÇÃO AMBIENTAL JUNDIAÍ","Angiosperms","Verbenaceae","Lippia","lippioides","(Cham.) Rusby","VERBENACEAE Lippia lippioides (Cham.) Rusby","195611","GBIF","SPF","Lombardi, J.A.","7252","Native","Ouro","Low","Reserva Biológica Municipal da Serra do Japi"
"ÁREA DE PROTEÇÃO AMBIENTAL JUNDIAÍ","Angiosperms","Verbenaceae","Lippia","origanoides","Kunth","VERBENACEAE Lippia origanoides Kunth","CESJ037210","Splink","CESJ",,"s.n.","Native","Ouro","Low",
"ÁREA DE PROTEÇÃO AMBIENTAL JUNDIAÍ","Angiosperms","Verbenaceae","Petrea","volubilis","L.","VERBENACEAE Petrea volubilis L.","32035","Splink","SP",,"4","Native","Ouro","Low","Campo Limpo"
"ÁREA DE PROTEÇÃO AMBIENTAL JUNDIAÍ","Angiosperms","Verbenaceae","Stachytarpheta","cayennensis","(Rich.) Vahl","VERBENACEAE Stachytarpheta cayennensis (Rich.) Vahl","HPL001848","Splink","HPL",,"192","Native","Bronze","Low","Serra do Japi, caminho longo para o mirante."
"ÁREA DE PROTEÇÃO AMBIENTAL JUNDIAÍ","Angiosperms","Verbenaceae","Verbena","litoralis","(Moldenke) N.O'Leary","VERBENACEAE Verbena litoralis var. subglabrata (Moldenke) N.O'Leary","193844281","GBIF","Observations","Maurobrum",,"Native","Bronze","Low","Jundiaí - SP, Brasil"
"ÁREA DE PROTEÇÃO AMBIENTAL JUNDIAÍ","Angiosperms","Verbenaceae","Verbena","rigida","Spreng.","VERBENACEAE Verbena rigida Spreng.","CESJ030252","Splink","CESJ",,"96/444","Native","Ouro","Low","Serra do Japi, borda do lago no Sítio Filipino"
"ÁREA DE PROTEÇÃO AMBIENTAL JUNDIAÍ","Angiosperms","Violaceae","Anchietea","exalata","Eichler","VIOLACEAE Anchietea exalata Eichler","5813","GBIF","IAC","Kiehl, J.","s/nº","Native","Ouro","Low","Estação de Rocinha"
"ÁREA DE PROTEÇÃO AMBIENTAL JUNDIAÍ","Angiosperms","Violaceae","Anchietea","pyrifolia","(Mart.) G.Don","VIOLACEAE Anchietea pyrifolia (Mart.) G.Don","40856","Splink","UEC",,"25412","Native","Ouro","Low","Mun. Jundiai: Serra do Japi, montane thickets on upper ridges."
"ÁREA DE PROTEÇÃO AMBIENTAL JUNDIAÍ","Angiosperms","Violaceae","Hybanthus",,"Jacq.","VIOLACEAE Hybanthus Jacq.","37816","GBIF","IAC","Jung-Mendacolli, S.L.","997",,"Bronze","Low","IAC, Estação Experimental"
"ÁREA DE PROTEÇÃO AMBIENTAL JUNDIAÍ","Angiosperms","Violaceae","Pombalia","atropurpurea","(A.St.-Hil.) Paula-Souza","VIOLACEAE Pombalia atropurpurea (A.St.-Hil.) Paula-Souza","85277","Splink","UEC",,"2","Native","Ouro","Low","Estação Experimental do IAC"
"ÁREA DE PROTEÇÃO AMBIENTAL JUNDIAÍ","Angiosperms","Violaceae","Pombalia","bigibbosa","(A.St.-Hil.) Paula-Souza","VIOLACEAE Pombalia bigibbosa (A.St.-Hil.) Paula-Souza","298860","GBIF","SP","Bianchini, R.S.","660","Native","Ouro","Low","Serra do Japi"
"ÁREA DE PROTEÇÃO AMBIENTAL JUNDIAÍ","Angiosperms","Violaceae","Schweiggeria","fruticosa","Spreng.","VIOLACEAE Schweiggeria fruticosa Spreng.","42486","GBIF","IAC","Kuhlmann, M.","4315","Native","Ouro","Low",
"ÁREA DE PROTEÇÃO AMBIENTAL JUNDIAÍ","Angiosperms","Vitaceae","Cissus","serroniana","(Glaz.) Lombardi","VITACEAE Cissus serroniana (Glaz.) Lombardi","49392","GBIF","HRCB","Lombardi, J.A.","7295","Native","Ouro","Low","Reserva Biológica Municipal da Serra do Japi, Base-Mirante-estrada para DAE-cachoeira das Jabuticabas-Base"
"ÁREA DE PROTEÇÃO AMBIENTAL JUNDIAÍ","Angiosperms","Vitaceae","Cissus","sulcicaulis","(Baker) Planch.","VITACEAE Cissus sulcicaulis (Baker) Planch.","HRCB022678","Splink","HRCB",,"1383","Native","Ouro","Low","Estação Experimental do IAC"
"ÁREA DE PROTEÇÃO AMBIENTAL JUNDIAÍ","Angiosperms","Vitaceae","Cissus","verticillata","(L.) Nicolson & C.E.Jarvis","VITACEAE Cissus verticillata subsp. verticillata (L.) Nicolson & C.E.Jarvis","47695","GBIF","HRCB","Lombardi, J.A.","6727","Native","Ouro","Low","Reserva Biológica Municipal da Serra do Japi, trilha Base/Passarinheiros/Av. Brasil até próximo a Rodovia Bandeirantes/Base"
"ÁREA DE PROTEÇÃO AMBIENTAL JUNDIAÍ","Angiosperms","Vitaceae","Vitis","labrusca","L.","VITACEAE Vitis labrusca L.","HPL008387","Splink","HPL",,"1949","Cultivated","Bronze","Low","Coletado no Instituto Agronômico de Campinas (IAC)"
"ÁREA DE PROTEÇÃO AMBIENTAL JUNDIAÍ","Angiosperms","Vochysiaceae","Callisthene","castellanosii","H.F.Martins","VOCHYSIACEAE Callisthene castellanosii H.F.Martins","112770","GBIF","R-Tipos","Hoehne, F.C.","s.n.","Native","Ouro","High","Serra do Japi"
"ÁREA DE PROTEÇÃO AMBIENTAL JUNDIAÍ","Angiosperms","Vochysiaceae","Callisthene","minor","Mart.","VOCHYSIACEAE Callisthene minor Mart.","21355","GBIF","IAC","Souza, H.M.","s/nº","Native","Bronze","Low","nativa na Estação Experamental de Jundiaí"
"ÁREA DE PROTEÇÃO AMBIENTAL JUNDIAÍ","Angiosperms","Vochysiaceae","Qualea","cordata","Spreng.","VOCHYSIACEAE Qualea cordata Spreng.","55970","GBIF","IAC","Nardin, C.F.","190","Native","Bronze","Low","Fragmento O"
"ÁREA DE PROTEÇÃO AMBIENTAL JUNDIAÍ","Angiosperms","Vochysiaceae","Qualea","grandiflora","Mart.","VOCHYSIACEAE Qualea grandiflora Mart.","198724","GBIF","UEC","Pires, T.P.","93","Native","Bronze","Low","Unidade de Desenvolvimento Ambiental - UNIDAM"
"ÁREA DE PROTEÇÃO AMBIENTAL JUNDIAÍ","Angiosperms","Vochysiaceae","Qualea","multiflora","(Mart.) Stafleu","VOCHYSIACEAE Qualea multiflora subsp. pubescens (Mart.) Stafleu","198718","GBIF","UEC","Pires, T.P.","89","Native","Bronze","Low","Unidade de Desenvolvimento Ambiental - UNIDAM"
"ÁREA DE PROTEÇÃO AMBIENTAL JUNDIAÍ","Angiosperms","Vochysiaceae","Vochysia","tucanorum","Mart.","VOCHYSIACEAE Vochysia tucanorum Mart.","40639","GBIF","UEC","Morellato-Fonzar, L.P.C.","s.n.","Native","Latão","Medium","Serra do Japí, Mirante."
"ÁREA DE PROTEÇÃO AMBIENTAL JUNDIAÍ","Angiosperms","Xanthorrhoeaceae",,,"Juss.","XANTHORRHOEACEAE Asphodelaceae Juss.","44851","GBIF","IAC","Tombolato, A.F.C.","1690",,"Bronze","Low",
"ÁREA DE PROTEÇÃO AMBIENTAL JUNDIAÍ","Angiosperms","Xyridaceae","Xyris","jupicai","Rich.","XYRIDACEAE Xyris jupicai Rich.","100176","GBIF","UEC","Faria, A.D.","96/449","Native","Ouro","Low","Serra do Japi"
"ÁREA DE PROTEÇÃO AMBIENTAL JUNDIAÍ","Angiosperms","Xyridaceae","Xyris","macrocephala","Vahl","XYRIDACEAE Xyris macrocephala Vahl","169735","GBIF","UEC","Monge, M.","923","Native","Bronze","Low","Serra do Japi."
"ÁREA DE PROTEÇÃO AMBIENTAL JUNDIAÍ","Angiosperms","Zingiberaceae","Alpinia","zerumbet","(Pers.) B.L.Burtt & R.M.Sm.","ZINGIBERACEAE Alpinia zerumbet (Pers.) B.L.Burtt & R.M.Sm.","147189491","GBIF","Observations","Capreti, I.",,"Cultivated","Bronze","Low","R José Carlos Tomé, 236 - Jardim Tiradentes, Jundiaí - SP, 13215-571, Brasil - Horto Florestal, Jundiaí - SP, 13215-571, Brasil"
"ÁREA DE PROTEÇÃO AMBIENTAL JUNDIAÍ","Angiosperms","Zingiberaceae","Hedychium","coronarium","J.Koenig","ZINGIBERACEAE Hedychium coronarium J.Koenig","49609","GBIF","HRCB","Lombardi, J.A.","7327","Naturalized","Latão","Low","Reserva Biológica Municipal da Serra do Japi, trilha Base/trilha a esquerda da porteira da Base/Cidinho/trilha a esquerda do antigo Viveiro de mudas até último ponto"
