"UC","Grupos","Família","Gênero","Espécie","Autor","Táxon_completo","Barcode","BD_Origem","Herbário","Coletor","Número_da_Coleta","Origem_FFBr","ConfiançaID","ConfiançaLoc","Imagens","Localidade"
"ESTAÇÃO ECOLÓGICA JURÉIA-ITATINS","Angiosperms","Acanthaceae","Aphelandra","ornata","(Nees) T.Anderson","ACANTHACEAE Aphelandra ornata (Nees) T.Anderson","218937","GBIF","SP","Kirizawa, M.","1931","Native","Ouro","Bronze",,"Estação Ecológica da Juréia, Base do morro, mata atlântica, local sombreado"
"ESTAÇÃO ECOLÓGICA JURÉIA-ITATINS","Angiosperms","Acanthaceae","Aphelandra","prismatica","(Vell.) Hiern","ACANTHACEAE Aphelandra prismatica (Vell.) Hiern","340602","Splink","SP",,"1896","Native","Ouro","Ouro",,"Estação Ecológica Juréia-Itatins, Trilha para Cachoeira do salto, mata de planície"
"ESTAÇÃO ECOLÓGICA JURÉIA-ITATINS","Angiosperms","Acanthaceae","Brillantaisia","lamium","(Nees) Benth.","ACANTHACEAE Brillantaisia lamium (Nees) Benth.","15857","GBIF","HUSC","Vilaca, L.F.","31","Naturalized","Bronze","Ouro",,"Estrada do Icapara (próximo ao acesso ao mirante Cristo), Estação Ecológica Juréia Itatins - núcleo Iguape, Solo - Cambissolos, Textura - Argilosa, Relevo -"
"ESTAÇÃO ECOLÓGICA JURÉIA-ITATINS","Angiosperms","Acanthaceae","Herpetacanthus",,"Nees","ACANTHACEAE Herpetacanthus Nees","345410","GBIF","SP","Cordeiro, I.","1985",,"Ouro","Ouro",,"Estação Ecológica Juréia-Itatins, Núcleo Guaraú, Mata Ombrófila densa de encosta, Base do Morro do Fernando"
"ESTAÇÃO ECOLÓGICA JURÉIA-ITATINS","Angiosperms","Acanthaceae","Justicia","carnea","Lindl.","ACANTHACEAE Justicia carnea Lindl.","272284","GBIF","SP","Anunciacao, E.A.","533","Native","Ouro","Ouro",,"Estação Ecológica Juréia-Itatins, Serra dos Itatins, mata alta bem preservada, com dossel irregular"
"ESTAÇÃO ECOLÓGICA JURÉIA-ITATINS","Angiosperms","Acanthaceae","Justicia","comata","(L.) Lam.","ACANTHACEAE Justicia comata (L.) Lam.","ICN00028219","Reflora","ICN","Sobral, M.","7068","Native","Ouro","Ouro",,"Estação Ecológica da Juréia"
"ESTAÇÃO ECOLÓGICA JURÉIA-ITATINS","Angiosperms","Acanthaceae","Justicia","kleinii","Wassh. & L.B.Sm.","ACANTHACEAE Justicia kleinii Wassh. & L.B.Sm.","SPSF00023753","Splink","SPSF",,"61","Native","Ouro","Ouro",,"Estação Ecológica Juréia-Itatins, Trilha do Imperador"
"ESTAÇÃO ECOLÓGICA JURÉIA-ITATINS","Angiosperms","Acanthaceae","Justicia","plumbaginifolia","Jacq.","ACANTHACEAE Justicia plumbaginifolia Jacq.","SPSF00023756","Splink","SPSF",,"824","Native","Ouro","Ouro",,"Estação Ecológica Juréia-Itatins, Trilha do Imperador, margem do rio Verde, restinga arbórea"
"ESTAÇÃO ECOLÓGICA JURÉIA-ITATINS","Angiosperms","Acanthaceae","Justicia","pygmaea","Lindau","ACANTHACEAE Justicia pygmaea Lindau","268684","GBIF","SP","Anunciacao, E.A.","369","Native","Ouro","Ouro",,"Estação Ecológica Juréia-Itatins, Trilha para a Figueira Grande"
"ESTAÇÃO ECOLÓGICA JURÉIA-ITATINS","Angiosperms","Acanthaceae","Justicia","scheidweileri","V.A.W.Graham","ACANTHACEAE Justicia scheidweileri V.A.W.Graham","347714","Splink","SP",,"755","Native","Bronze","Ouro",,"Estação Ecológica Juréia-Itatins, Serra da Juréia, Caminho do Imperador"
"ESTAÇÃO ECOLÓGICA JURÉIA-ITATINS","Angiosperms","Acanthaceae","Justicia","schenckiana","Lindau","ACANTHACEAE Justicia schenckiana Lindau","SPSF00023754","Splink","SPSF",,"812","Native","Ouro","Ouro",,"Estação Ecológica Juréia-Itatins, Trilha para o Pocinho, Mata a margem do rio"
"ESTAÇÃO ECOLÓGICA JURÉIA-ITATINS","Angiosperms","Acanthaceae","Justicia","sellowiana","Profice","ACANTHACEAE Justicia sellowiana Profice","309071","GBIF","SP","Favero, O.A.","595","Native","Latão","Ouro",,"Estação Ecológica Juréia-Itatins, caminho para a Cachoeira do Guilherme"
"ESTAÇÃO ECOLÓGICA JURÉIA-ITATINS","Angiosperms","Acanthaceae","Justicia","tijucensis","V.A.W.Graham","ACANTHACEAE Justicia tijucensis V.A.W.Graham","SPSF00023826","Splink","SPSF",,"892","Native","Ouro","Ouro",,"Estação Ecológica Juréia-Itatins, Caminho do Imperador"
"ESTAÇÃO ECOLÓGICA JURÉIA-ITATINS","Angiosperms","Acanthaceae","Justicia","yhuensis","Lindau","ACANTHACEAE Justicia yhuensis Lindau","37835","GBIF","UEC","Figueiredo, N.","15614","Native","Latão","Ouro","https://images.cria.org.br/viewer/UEC022246","Estação Ecológica de Juréia"
"ESTAÇÃO ECOLÓGICA JURÉIA-ITATINS","Angiosperms","Acanthaceae","Lepidagathis","kameyamana","Gnanasek. & Arisdason","ACANTHACEAE Lepidagathis kameyamana Gnanasek. & Arisdason","SPSF00023750","Splink","SPSF",,"624","Native","Ouro","Ouro",,"Estação Ecológica Juréia-Itatins, Proximidades do maciço da Juréia, trilha do alojamento em direção à foz do Rio Verde, mata de encosta"
"ESTAÇÃO ECOLÓGICA JURÉIA-ITATINS","Angiosperms","Acanthaceae","Mendoncia","velloziana","Mart.","ACANTHACEAE Mendoncia velloziana Mart.","666","GBIF","HUSC","Souza, V.C.","249","Native","Prata","Bronze","https://images.cria.org.br/viewer/HUSC000666_01","Estação Ecológica Juréia-Guaraú. Próximo à foz do Rio Guaraú."
"ESTAÇÃO ECOLÓGICA JURÉIA-ITATINS","Angiosperms","Acanthaceae","Pseuderanthemum","riedelianum","(Nees) Radlk.","ACANTHACEAE Pseuderanthemum riedelianum (Nees) Radlk.","SPSF00023830","Splink","SPSF",,"809","Native","Ouro","Ouro",,"Estação Ecológica Juréia-Itatins, Trilha para o Pocinho, Mata à margem do rio"
"ESTAÇÃO ECOLÓGICA JURÉIA-ITATINS",,"Acanthaceae","Pseudoceramium","brevizonatum","(Barros-Barreto, Jaramillo, G.Hommersand, Ferreira & Maggs, 2023) Barros-Barreto & Maggs, 2023","ACANTHACEAE Pseudoceramium brevizonatum (Barros-Barreto, Jaramillo, G.Hommersand, Ferreira & Maggs, 2023) Barros-Barreto & Maggs, 2023","355969","GBIF","SP-ALGAE","Fujii, M.T.",,,"Bronze","Bronze",,"Praia do Grajaúna"
"ESTAÇÃO ECOLÓGICA JURÉIA-ITATINS","Angiosperms","Acanthaceae","Ruellia","brevifolia","(Pohl) C.Ezcurra","ACANTHACEAE Ruellia brevifolia (Pohl) C.Ezcurra","73181","GBIF","UEC","Leitao Filho, H.F.","32961","Native","Latão","Bronze","https://images.cria.org.br/viewer/UEC097781",
"ESTAÇÃO ECOLÓGICA JURÉIA-ITATINS","Angiosperms","Acanthaceae","Ruellia","solitaria","Vell.","ACANTHACEAE Ruellia solitaria Vell.","667","GBIF","HUSC","Souza, V.C.","253","Native","Bronze","Bronze","https://images.cria.org.br/viewer/HUSC000667_01","Estação Ecológica Juréia-Guaraú. Morro do Guarauzinho."
"ESTAÇÃO ECOLÓGICA JURÉIA-ITATINS","Angiosperms","Acanthaceae","Staurogyne","sylvatica","Lindau ex Braz & R.Monteiro","ACANTHACEAE Staurogyne sylvatica Lindau ex Braz & R.Monteiro","352637","Splink","SP",,"s.n.","Native","Ouro","Ouro",,"Estação Ecológica Juréia-Itatins, Núcleo Rio Verde"
"ESTAÇÃO ECOLÓGICA JURÉIA-ITATINS","Angiosperms","Adoxaceae","Sambucus",,"L.","ADOXACEAE Sambucus L.","309102","GBIF","SP","Favero, O.A.","264",,"Latão","Ouro",,"Estação Ecológica Juréia-Itatins, Rio Comprido, no quintal do Sr. Apolinário"
"ESTAÇÃO ECOLÓGICA JURÉIA-ITATINS","Angiosperms","Alismataceae","Echinodorus","grandiflorus","(Cham. & Schltr.) Micheli","ALISMATACEAE Echinodorus grandiflorus (Cham. & Schltr.) Micheli","761","GBIF","HUSC","Souza, V.C.","1706","Native","Prata","Bronze",,"Estação Ecológica Juréia-Guaraú, próxima ao Grêmio"
"ESTAÇÃO ECOLÓGICA JURÉIA-ITATINS","Angiosperms","Alismataceae","Sagittaria","montevidensis","Cham. & Schltdl.","ALISMATACEAE Sagittaria montevidensis Cham. & Schltdl.","309080","GBIF","SP","Favero, O.A.","280","Native","Prata","Ouro",,"Estação Ecológica Juréia-Itatins, Rio da Cachoeira do Guilherme"
"ESTAÇÃO ECOLÓGICA JURÉIA-ITATINS","Angiosperms","Alstroemeriaceae","Bomarea","edulis","(Tussac) Herb.","ALSTROEMERIACEAE Bomarea edulis (Tussac) Herb.","261954","GBIF","SP","Aragaki, S.","26","Native","Bronze","Ouro",,"Estação Ecológica Juréia-Itatins, Caminho do Imperador em direção a praia do Rio Verde, próximo a 1° cachoeira"
"ESTAÇÃO ECOLÓGICA JURÉIA-ITATINS",,"Alstroemeriaceae","Bomarea","multiflora","(L.f.) Mirb.","ALSTROEMERIACEAE Bomarea multiflora (L.f.) Mirb.","19840677","GBIF","E","Argent, G.","662",,"Latão","Bronze",,"Jureia"
"ESTAÇÃO ECOLÓGICA JURÉIA-ITATINS","Angiosperms","Amaranthaceae","Amaranthus","deflexus","L.","AMARANTHACEAE Amaranthus deflexus L.","309078","GBIF","SP","Favero, O.A.","236","Naturalized","Prata","Ouro",,"Estação Ecológica Juréia-Itatins, Sírio Ribeirão Branco, quintal de Dona Rosélia"
"ESTAÇÃO ECOLÓGICA JURÉIA-ITATINS","Angiosperms","Amaranthaceae","Blutaparon","portulacoides","(A.St.-Hil.) Mears","AMARANTHACEAE Blutaparon portulacoides (A.St.-Hil.) Mears","8267","GBIF","HUSC","Mirage, A.","1","Native","Bronze","Bronze",,"Praia do Guaraú"
"ESTAÇÃO ECOLÓGICA JURÉIA-ITATINS","Angiosperms","Amaranthaceae","Celosia","grandifolia","Moq.","AMARANTHACEAE Celosia grandifolia Moq.","272271","GBIF","SP","Rossi, L.","1404","Native","Prata","Ouro",,"Estação Ecológica Juréia-Itatins, Serra dos Itatins, picada entre o alojamento do Núcleo Despraiado e o alto da Serra, mata de encosta bem preservada"
"ESTAÇÃO ECOLÓGICA JURÉIA-ITATINS","Angiosperms","Amaranthaceae","Dysphania","ambrosioides","(L.) Mosyakin & Clemants","AMARANTHACEAE Dysphania ambrosioides (L.) Mosyakin & Clemants","309094","GBIF","SP","Favero, O.A.","169","Naturalized","Prata","Ouro",,"Estação Ecológica Juréia-Itatins, Cachoeira do Guilherme no quintal de Dona Jovelina"
"ESTAÇÃO ECOLÓGICA JURÉIA-ITATINS","Angiosperms","Amaryllidaceae","Crinum","americanum","L.","AMARYLLIDACEAE Crinum americanum L.","309079","GBIF","SP","Favero, O.A.","196","Native","Bronze","Ouro",,"Estação Ecológica Juréia-Itatins, Rio Comprido"
"ESTAÇÃO ECOLÓGICA JURÉIA-ITATINS","Angiosperms","Amaryllidaceae","Hippeastrum","aulicum","(Ker Gawl.) Herb.","AMARYLLIDACEAE Hippeastrum aulicum (Ker Gawl.) Herb.","262668","GBIF","SP","Mamede, M.C.H.","541","Native","Bronze","Ouro",,"Estação Ecológica Juréia-Itatins, Serra da Juréia, mata no alto da cachoeira do Salto"
"ESTAÇÃO ECOLÓGICA JURÉIA-ITATINS","Angiosperms","Amaryllidaceae","Hippeastrum","blossfeldiae","(Traub & J.L.Doran) Van Scheepen","AMARYLLIDACEAE Hippeastrum blossfeldiae (Traub & J.L.Doran) Van Scheepen","251766","GBIF","SP","Mamede, M.C.H.","476","Native","Bronze","Ouro",,"Estação Ecológica Juréia-Itatins, Serra da Juréia, caminho do Imperador, ca. 5km da balsa do Rio Una, restinga"
"ESTAÇÃO ECOLÓGICA JURÉIA-ITATINS","Angiosperms","Amaryllidaceae","Hippeastrum","reticulatum","(L'Hér.) Herb.","AMARYLLIDACEAE Hippeastrum reticulatum (L'Hér.) Herb.","269128","GBIF","SP","Cordeiro, I.","1362","Native","Bronze","Ouro",,"Estação Ecológica Juréia-Itatins, Serra da Juréia, mata pluvial de montana, caminho do Imperador"
"ESTAÇÃO ECOLÓGICA JURÉIA-ITATINS",,"Amblystegiaceae","Platyhypnum",,"Loeske","AMBLYSTEGIACEAE Platyhypnum Loeske","349","GBIF","HUSC","Mello, Z.R.","348",,"Bronze","Bronze",,"Estação Ecológica de Juréia- Guaraú."
"ESTAÇÃO ECOLÓGICA JURÉIA-ITATINS","Angiosperms","Anacardiaceae","Anacardium","occidentale","L.","ANACARDIACEAE Anacardium occidentale L.","309074","GBIF","SP","Favero, O.A.","661","Native","Prata","Ouro",,"Estação Ecológica Juréia-Itatins"
"ESTAÇÃO ECOLÓGICA JURÉIA-ITATINS","Angiosperms","Anacardiaceae","Schinus","terebinthifolia","Raddi","ANACARDIACEAE Schinus terebinthifolia Raddi","670","GBIF","HUSC","Goncalves, G.T.","254","Native","Prata","Bronze",,"Estação ecológica Juréia-Guaraú, Praia do arpoador"
"ESTAÇÃO ECOLÓGICA JURÉIA-ITATINS","Angiosperms","Anacardiaceae","Spondias",,"L.","ANACARDIACEAE Spondias L.","309077","GBIF","SP","Favero, O.A.","611",,"Latão","Ouro",,"Estação Ecológica Juréia-Itatins, Cachoeira do Guilherme no quintal de Dona Maricota"
"ESTAÇÃO ECOLÓGICA JURÉIA-ITATINS","Angiosperms","Anacardiaceae","Tapirira","guianensis","Aubl.","ANACARDIACEAE Tapirira guianensis Aubl.","HRCB015697","Splink","HRCB",,"7342","Native","Prata","Ouro",,"Estação Ecológica Juréia."
"ESTAÇÃO ECOLÓGICA JURÉIA-ITATINS","Ferns and Lycophytes","Anemiaceae","Anemia","ferruginea","Humb. & Bonpl. ex Kunth","ANEMIACEAE Anemia ferruginea Humb. & Bonpl. ex Kunth","386744","GBIF","MBM","Cordeiro, I.","647","Native","Bronze","Ouro","https://images.cria.org.br/viewer/MBM386744","Estação Ecológica Juréia-Itatins"
"ESTAÇÃO ECOLÓGICA JURÉIA-ITATINS","Ferns and Lycophytes","Anemiaceae","Anemia","mandioccana","Raddi","ANEMIACEAE Anemia mandioccana Raddi","386756","GBIF","MBM","Prado, J.","332","Native","Bronze","Ouro","https://images.cria.org.br/viewer/MBM386756","Estação Ecológica Juréia-Itatins"
"ESTAÇÃO ECOLÓGICA JURÉIA-ITATINS","Ferns and Lycophytes","Anemiaceae","Anemia","phyllitidis","(L.) Sw.","ANEMIACEAE Anemia phyllitidis (L.) Sw.","168813","GBIF","BHCB","Cordeiro, I.","2728","Native","Bronze","Ouro",,"Estacão Ecológica de Juréia-Itatins, Núcleo Arpoador, Morro do Arpoador."
"ESTAÇÃO ECOLÓGICA JURÉIA-ITATINS","Ferns and Lycophytes","Anemiaceae","Anemia","villosa","Humb. & Bonpl. ex Willd.","ANEMIACEAE Anemia villosa Humb. & Bonpl. ex Willd.","907","GBIF","HUSC","Silva, S.J.G.","1752","Native","Bronze","Ouro",,"Estação Ecológica Juréia-Itatins, praia do Guarauzinho, sobre a encosta do morro."
"ESTAÇÃO ECOLÓGICA JURÉIA-ITATINS",,"Aneuraceae","Aneura",,"Dumort.","ANEURACEAE Aneura Dumort.","4755","GBIF","HUSC","Paixao, R.C.","s.n.",,"Bronze","Bronze",,"Trilha do Costão."
"ESTAÇÃO ECOLÓGICA JURÉIA-ITATINS",,"Aneuraceae","Riccardia",,"Gray","ANEURACEAE Riccardia Gray","HUSC000352","Splink","HUSC",,"351",,"Bronze","Bronze",,"Estação Ecológica de Juréia- Guaraú."
"ESTAÇÃO ECOLÓGICA JURÉIA-ITATINS","Angiosperms","Annonaceae","Annona","cacans","Warm.","ANNONACEAE Annona cacans Warm.","45729","GBIF","SPSF","Moura, C.","400","Native","Prata","Ouro",,"Estação Ecológica Juréia-Itatins"
"ESTAÇÃO ECOLÓGICA JURÉIA-ITATINS","Angiosperms","Annonaceae","Annona","dolabripetala","Raddi","ANNONACEAE Annona dolabripetala Raddi","SMDB014452","Splink","SMDB",,"1994","Native","Ouro","Ouro",,"Estação Ecológica Juréia-Itatins, Núdeo Guarau, Morro do Fernando"
"ESTAÇÃO ECOLÓGICA JURÉIA-ITATINS","Angiosperms","Annonaceae","Annona","glabra","L.","ANNONACEAE Annona glabra L.","252442","GBIF","SP","Anunciacao, E.A.","125","Native","Ouro","Ouro","https://images.cria.org.br/viewer/SP023216","Estação Ecológica Juréia-Itatins, Serra da Juréia, trilha para o caminho do Imperador"
"ESTAÇÃO ECOLÓGICA JURÉIA-ITATINS","Angiosperms","Annonaceae","Guatteria","australis","A.St.-Hil.","ANNONACEAE Guatteria australis A.St.-Hil.","43081","GBIF","SPSF","Koch, I.","896","Native","Bronze","Bronze",,"Estação Ecológica Juréia - Itatins"
"ESTAÇÃO ECOLÓGICA JURÉIA-ITATINS","Angiosperms","Annonaceae","Guatteria","punctata","(Aubl.) R.A.Howard","ANNONACEAE Guatteria punctata (Aubl.) R.A.Howard","14486","GBIF","SMDB","Rossi, L.","s.n.","Native","Bronze","Ouro","https://images.cria.org.br/viewer/SMDB014486 | https://images.cria.org.br/viewer/SMDB014486_2 | https://images.cria.org.br/viewer/SMDB014486_3","Estação Ecológica Juréia-Itatins, Estrada da margem do Rio Una para o Rio Verde"
"ESTAÇÃO ECOLÓGICA JURÉIA-ITATINS","Angiosperms","Annonaceae","Porcelia","macrocarpa","(Warm.) R.E.Fr.","ANNONACEAE Porcelia macrocarpa (Warm.) R.E.Fr.","SP009086","Splink","SP",,"359","Native","Bronze","Ouro",,"Reserva Ecológica Juréia-Itatins, Trilha do Imperador, Maciço da Juréia"
"ESTAÇÃO ECOLÓGICA JURÉIA-ITATINS","Angiosperms","Annonaceae","Xylopia","brasiliensis","Spreng.","ANNONACEAE Xylopia brasiliensis Spreng.","71689","GBIF","UEC",,"3137","Native","Latão","Bronze","https://images.cria.org.br/viewer/UEC099743","Fazenda Itereí, Serra de Paranapiacaba., Trilha do Morro Yolanda"
"ESTAÇÃO ECOLÓGICA JURÉIA-ITATINS","Angiosperms","Annonaceae","Xylopia","langsdorffiana","A.St.-Hil. & Tul.","ANNONACEAE Xylopia langsdorffiana A.St.-Hil. & Tul.","SMDB019641","Splink","SMDB",,"471","Native","Ouro","Ouro",,"Estação Ecológica Juréia-Itatins, Serra da Jureia, Caminho do Imperador, ca. 5Km da balsa do Rio Una"
"ESTAÇÃO ECOLÓGICA JURÉIA-ITATINS","Angiosperms","Apiaceae","Apium","sellowianum","H.Wolff","APIACEAE Apium sellowianum H.Wolff","RB01054554","GBIF","RB","Souza, V.C.","485","Naturalized","Prata","Ouro","jbrj-public-img.s3-sa-east-1.amazonaws.com/JPG/rb/1/5/45/54/01054554.jpg","Estação Ecológica da Juréia. Praia do Arpoador. Dunas."
"ESTAÇÃO ECOLÓGICA JURÉIA-ITATINS","Angiosperms","Apiaceae","Centella","asiatica","(L.) Urb.","APIACEAE Centella asiatica (L.) Urb.","248038","GBIF","SP","Mamede, M.C.H.","403","Native","Prata","Ouro",,"Estação Ecológica Juréia-Itatins, Trilha próxima à Cachoeira do salto, mata"
"ESTAÇÃO ECOLÓGICA JURÉIA-ITATINS","Angiosperms","Apiaceae","Eryngium","foetidum","L.","APIACEAE Eryngium foetidum L.","329527","GBIF","SP","Favero, O.A.","144","Native","Latão","Ouro",,"Estação Ecológica Juréia-Itatins"
"ESTAÇÃO ECOLÓGICA JURÉIA-ITATINS","Angiosperms","Apiaceae","Foeniculum","vulgare","Mill.","APIACEAE Foeniculum vulgare Mill.","329529","GBIF","SP","Favero, O.A.","247","Cultivated","Latão","Ouro",,"Estação Ecológica Juréia-Itatins"
"ESTAÇÃO ECOLÓGICA JURÉIA-ITATINS","Angiosperms","Apocynaceae","Allamanda",,"L.","APOCYNACEAE Allamanda L.","345788","GBIF","SP","Mamede, M.C.H.","598",,"Latão","Ouro",,"Estação Ecológica Juréia-Itatins, Serra do Guarauzinho. Praia do Arpoador"
"ESTAÇÃO ECOLÓGICA JURÉIA-ITATINS","Angiosperms","Apocynaceae","Aspidosperma","olivaceum","Müll.Arg.","APOCYNACEAE Aspidosperma olivaceum Müll.Arg.","309064","GBIF","SP","Favero, O.A.","685","Native","Prata","Ouro",,"Estação Ecológica Juréia-Itatins, Morro do Grajaúna"
"ESTAÇÃO ECOLÓGICA JURÉIA-ITATINS","Angiosperms","Apocynaceae","Aspidosperma","parvifolium","A.DC.","APOCYNACEAE Aspidosperma parvifolium A.DC.","308982","GBIF","SP","Melo, M.M.R.F.","1111","Native","Prata","Ouro",,"Estação Ecológica Juréia-Itatins, Margens do rio Verde, próximo ao alojamento"
"ESTAÇÃO ECOLÓGICA JURÉIA-ITATINS","Angiosperms","Apocynaceae","Condylocarpon","isthmicum","(Vell.) A.DC.","APOCYNACEAE Condylocarpon isthmicum (Vell.) A.DC.","248071","Splink","SP",,"1523","Native","Ouro","Ouro",,"Estação Ecológica Juréia-Itatins, Mata sobre restinga, beira da estrada após travessia do Rio Una"
"ESTAÇÃO ECOLÓGICA JURÉIA-ITATINS","Angiosperms","Apocynaceae","Forsteronia","refracta","Müll.Arg.","APOCYNACEAE Forsteronia refracta Müll.Arg.","UEC184296","Splink","UEC",,"176","Native","Ouro","Ouro",,"Estação Ecológica Juréia-Itatins, Serra da Juréia, trilha do Imperador, próximo à Cachoeira do Senhor."
"ESTAÇÃO ECOLÓGICA JURÉIA-ITATINS","Angiosperms","Apocynaceae","Forsteronia","rufa","Müll.Arg.","APOCYNACEAE Forsteronia rufa Müll.Arg.","277287","Splink","SP",,"18","Native","Ouro","Ouro",,"Estação Ecológica Juréia-Itatins, Serra da Juréia, trilha do Imperador em direção a praia da Juréia"
"ESTAÇÃO ECOLÓGICA JURÉIA-ITATINS","Angiosperms","Apocynaceae","Macropharynx","peltata","(Vell.) J.F.Morales & M.E. Endress","APOCYNACEAE Macropharynx peltata (Vell.) J.F.Morales & M.E. Endress","309067","GBIF","SP","Favero, O.A.","419","Native","Prata","Ouro",,"Estação Ecológica Juréia-Itatins, Trilha da Cachoeira do Guilherme para o rio Verde"
"ESTAÇÃO ECOLÓGICA JURÉIA-ITATINS","Angiosperms","Apocynaceae","Malouetia","cestroides","(Nees ex Mart.) Müll.Arg.","APOCYNACEAE Malouetia cestroides (Nees ex Mart.) Müll.Arg.","88","GBIF","UEC","Cordeiro, I.","873","Native","Ouro","Ouro",,"Estação Ecológica Juréia-Itatins., Restinga arbórea entre o Rio Verde e o Una do Prelado, nas proximidades do Rio Verde."
"ESTAÇÃO ECOLÓGICA JURÉIA-ITATINS","Angiosperms","Apocynaceae","Mandevilla","funiformis","(Vell.) K.Schum.","APOCYNACEAE Mandevilla funiformis (Vell.) K.Schum.","340606","GBIF","SP","Garcia, R.J.F.","1893","Native","Ouro","Ouro",,"Estação Ecológica Juréia-Itatins, Trilha para a Cachoeira do Salto, mata de planície ao longo do Rio Verde"
"ESTAÇÃO ECOLÓGICA JURÉIA-ITATINS","Angiosperms","Apocynaceae","Mandevilla","hirsuta","(Rich.) K.Schum.","APOCYNACEAE Mandevilla hirsuta (Rich.) K.Schum.","268692","Splink","SP",,"377","Native","Ouro","Ouro",,"Estação Ecológica Juréia-Itatins, Caminho do Imperador em direção a Praia da Juréia"
"ESTAÇÃO ECOLÓGICA JURÉIA-ITATINS","Angiosperms","Apocynaceae","Mandevilla","pendula","(Ule) Woodson","APOCYNACEAE Mandevilla pendula (Ule) Woodson","268733","Splink","SP",,"430","Native","Ouro","Ouro",,"Estação Ecológica Juréia-Itatins, Serra da Juréia, trilha da Figueira Grande"
"ESTAÇÃO ECOLÓGICA JURÉIA-ITATINS","Angiosperms","Apocynaceae","Mandevilla","urophylla","(Hook.) Woodson","APOCYNACEAE Mandevilla urophylla (Hook.) Woodson","83480","GBIF","UEC","Anunciacao, E.A.","430","Native","Latão","Ouro",,"Estação Ecológica Juréia-Itatins, Serra da Juréia, trilha da Figueira Grande"
"ESTAÇÃO ECOLÓGICA JURÉIA-ITATINS","Angiosperms","Apocynaceae","Oxypetalum","alpinum","(Hoehne) Fontella & E.A. Schwarz","APOCYNACEAE Oxypetalum alpinum var. pallidum (Hoehne) Fontella & E.A. Schwarz","238327","GBIF","SP","Mamede, M.C.H.","261","Native","Bronze","Ouro",,"Reserva Ecológica Juréia-Itatins, Caminho do Imperador, praia do Rio Verde, em direção ao Rio Una, restinga baixa"
"ESTAÇÃO ECOLÓGICA JURÉIA-ITATINS","Angiosperms","Apocynaceae","Oxypetalum","banksii","R.Br. ex Schult.","APOCYNACEAE Oxypetalum banksii subsp. banksii R.Br. ex Schult.","272194","Splink","SP",,"616","Native","Bronze","Ouro",,"Estação Ecológica Juréia-Itatins, Praia do Rio Verde"
"ESTAÇÃO ECOLÓGICA JURÉIA-ITATINS","Angiosperms","Apocynaceae","Peplonia","axillaris","(Vell.) Fontella","APOCYNACEAE Peplonia axillaris (Vell.) Fontella","76554","GBIF","UEC","Souza, V.C.","9326","Native","Bronze","Ouro","https://images.cria.org.br/viewer/UEC005958","Estação Ecológica Juréia-Itatins. Foz do Rio Guaraú, mata próxima à margem esquerda."
"ESTAÇÃO ECOLÓGICA JURÉIA-ITATINS","Angiosperms","Apocynaceae","Plumeria","rubra","L.","APOCYNACEAE Plumeria rubra L.","309065","GBIF","SP","Favero, O.A.","711","Cultivated","Prata","Ouro",,"Estação Ecológica Juréia-Itatins, Despraiado, no terreno da Diva"
"ESTAÇÃO ECOLÓGICA JURÉIA-ITATINS","Angiosperms","Apocynaceae","Prestonia","coalita","(Vell.) Woodson","APOCYNACEAE Prestonia coalita (Vell.) Woodson","83454","GBIF","UEC","Catharino, E.L.M.","1357","Native","Bronze","Ouro","https://images.cria.org.br/viewer/UEC195700","Estação Ecológica Juréia-Itatins, Caminho do Imperador"
"ESTAÇÃO ECOLÓGICA JURÉIA-ITATINS","Angiosperms","Apocynaceae","Prestonia","dusenii","(Malme) Woodson","APOCYNACEAE Prestonia dusenii (Malme) Woodson","15695","GBIF","HRCB","Sobral, M.","7276","Native","Bronze","Ouro",,"Estação Ecológica Juréia-Itatins Interior da mata"
"ESTAÇÃO ECOLÓGICA JURÉIA-ITATINS","Angiosperms","Apocynaceae","Tabernaemontana","catharinensis","A.DC.","APOCYNACEAE Tabernaemontana catharinensis A.DC.","251820","Splink","SP",,"1008","Native","Ouro","Ouro",,"Estação Ecológica Juréia-Itatins, Trilha em direção ao alto do maciço da Juréia, mata de encosta"
"ESTAÇÃO ECOLÓGICA JURÉIA-ITATINS","Angiosperms","Apocynaceae","Tassadia","obovata","Decne.","APOCYNACEAE Tassadia obovata Decne.","107849","GBIF","UEC","Batista, E.R.","88","Native","Ouro","Bronze","https://images.cria.org.br/viewer/UEC005879","Estação Ecológica dos Chauás, Acesso ao caxetal pelo povoado Capuava do Mumunha. Floresta ombrófila densa. Caxetal."
"ESTAÇÃO ECOLÓGICA JURÉIA-ITATINS","Angiosperms","Apocynaceae","Temnadenia","odorifera","(Vell.) J.F.Morales","APOCYNACEAE Temnadenia odorifera (Vell.) J.F.Morales","277181","Splink","SP",,"1497","Native","Ouro","Ouro",,"Estação Ecológica Juréia-Itatins, Guarauzinho, trilha dos Caçadores, mata pluvial tropical de encosta"
"ESTAÇÃO ECOLÓGICA JURÉIA-ITATINS","Angiosperms","Aquifoliaceae","Ilex","diuretica","Mart. ex Reissek","AQUIFOLIACEAE Ilex diuretica Mart. ex Reissek","248035","GBIF","SP","Mamede, M.C.H.","414","Native","Bronze","Ouro","https://images.cria.org.br/viewer/SP010554","Estação Ecológica Juréia-Itatins, Topo do Morro, campo"
"ESTAÇÃO ECOLÓGICA JURÉIA-ITATINS","Angiosperms","Aquifoliaceae","Ilex","dumosa","Reissek","AQUIFOLIACEAE Ilex dumosa Reissek","258578","GBIF","SP","Anunciacao, E.A.","151","Native","Bronze","Ouro",,"Estação Ecológica Juréia-Itatins, Serra da Juréia, caminho do Imperador, em direção a praia da Juréia"
"ESTAÇÃO ECOLÓGICA JURÉIA-ITATINS","Angiosperms","Aquifoliaceae","Ilex","integerrima","(Vell.) Reissek","AQUIFOLIACEAE Ilex integerrima (Vell.) Reissek","106124","Splink","ICN",,"7332","Native","Bronze","Ouro",,"Estação Ecológica Juréia-Itatins, Mata Atlântica, em beira de mata de restinga"
"ESTAÇÃO ECOLÓGICA JURÉIA-ITATINS","Angiosperms","Aquifoliaceae","Ilex","longipetiolata","Loes.","AQUIFOLIACEAE Ilex longipetiolata Loes.","SPSF00023821","Splink","SPSF",,"45","Native","Latão","Ouro",,"Estação Ecológica Juréia-Itatins, Serra da Juréia, trilha do Imperador"
"ESTAÇÃO ECOLÓGICA JURÉIA-ITATINS","Angiosperms","Aquifoliaceae","Ilex","psammophila","Mart. ex Reissek","AQUIFOLIACEAE Ilex psammophila Mart. ex Reissek","121742","Splink","ICN",,"7672","Native","Prata","Ouro",,"Estação Ecológica da Juréia"
"ESTAÇÃO ECOLÓGICA JURÉIA-ITATINS","Angiosperms","Aquifoliaceae","Ilex","theezans","Mart. ex Reissek","AQUIFOLIACEAE Ilex theezans Mart. ex Reissek","308983","GBIF","SP","Melo, M.M.R.F.","1113","Native","Prata","Ouro",,"Estação Ecológica Juréia-Itatins, Margens do rio Verde, próximo ao alojamento"
"ESTAÇÃO ECOLÓGICA JURÉIA-ITATINS","Angiosperms","Araceae","Anthurium","comtum","Schott","ARACEAE Anthurium comtum Schott","272261","GBIF","SP","Rossi, L.","1391","Native","Ouro","Ouro",,"Estação Ecológica Juréia-Itatins, Alto da Serra dos Itatins, encosta voltada para o mar, mata alta bem preservada, com dossel irregular"
"ESTAÇÃO ECOLÓGICA JURÉIA-ITATINS","Angiosperms","Araceae","Anthurium","coriaceum","(Graham) G.Don","ARACEAE Anthurium coriaceum (Graham) G.Don","SPSF00025060","Splink","SPSF",,"1500","Native","Bronze","Ouro",,"Estação Ecológica Juréia-Itatins, Barra do Una"
"ESTAÇÃO ECOLÓGICA JURÉIA-ITATINS","Angiosperms","Araceae","Anthurium","gaudichaudianum","Kunth","ARACEAE Anthurium gaudichaudianum Kunth","247279","GBIF","SP","Rossi, L.","739","Native","Bronze","Ouro","https://images.cria.org.br/viewer/SP049130","Estação Ecológica Juréia-Itatins, Proximidades do aloajmento, próximo ao gerador"
"ESTAÇÃO ECOLÓGICA JURÉIA-ITATINS","Angiosperms","Araceae","Anthurium","itanhaense","Engl.","ARACEAE Anthurium itanhaense Engl.","RB00470662","GBIF","RB","Catharino, E.L.M.","1510","Native","Bronze","Ouro","jbrj-public-img.s3-sa-east-1.amazonaws.com/JPG/rb/0/47/6/62/00470662.jpg|jbrj-public-img.s3-sa-east-1.amazonaws.com/JPG/rb/0/47/6/62/00470662-1.jpg","Estação Ecológica Juréia-Itatins, Beira da estrada após travessia do Rio Una"
"ESTAÇÃO ECOLÓGICA JURÉIA-ITATINS","Angiosperms","Araceae","Anthurium","jureianum","Cath. & Olaio","ARACEAE Anthurium jureianum Cath. & Olaio","US 3169221","GBIF","US","Catharino, E.L.","1119","Native","Ouro","Bronze","https://collections.nmnh.si.edu/media/?i=10086317","Iguape, Estaçao Ecológica da Juréia."
"ESTAÇÃO ECOLÓGICA JURÉIA-ITATINS","Angiosperms","Araceae","Anthurium","naviculare","Cath. & Nadruz","ARACEAE Anthurium naviculare Cath. & Nadruz","SP001721","Splink","SP",,"1406","Native","Ouro","Ouro",,"Estação Ecológica Juréia-Itatins, Proximidades do maciço da Juréia, mata de encosta junto ao paredão rochoso próximo ao alojamento"
"ESTAÇÃO ECOLÓGICA JURÉIA-ITATINS","Angiosperms","Araceae","Anthurium","pentaphyllum","(Aubl.) G.Don","ARACEAE Anthurium pentaphyllum (Aubl.) G.Don","PMSP006033","GBIF","PMSP","Garcia, R.J.F.","1869","Native","Ouro","Ouro","jbrj-public.s3.amazonaws.com/fsi/server?type=image&source=DZI/pmsp/pmsp/0/0/60/33/pmsp00006033.dzi","Estação Ecológica Juréia-Itatins, Trilha do Imperador, mata de encosta"
"ESTAÇÃO ECOLÓGICA JURÉIA-ITATINS","Angiosperms","Araceae","Anthurium","scandens","(Aubl.) Engl.","ARACEAE Anthurium scandens (Aubl.) Engl.","251781","GBIF","SP","Cordeiro, I.","858","Native","Bronze","Ouro","https://images.cria.org.br/viewer/SP049354","Estação Ecológica Juréia-Itatins, Trilha para a Cachoeira do Salto, mata de planície"
"ESTAÇÃO ECOLÓGICA JURÉIA-ITATINS","Angiosperms","Araceae","Anthurium","sellowianum","Kunth","ARACEAE Anthurium sellowianum Kunth","RB00471350","GBIF","RB","Melo, M.R.F.","1095","Native","Ouro","Ouro","jbrj-public-img.s3-sa-east-1.amazonaws.com/JPG/rb/0/47/13/50/00471350.jpg","Estação Ecológica Juréia-Itatins, Guarauzinho, trilha dos Caçadores, mata pluvial tropical de encosta"
"ESTAÇÃO ECOLÓGICA JURÉIA-ITATINS","Angiosperms","Araceae","Asterostigma","lividum","(Lodd.) Engl.","ARACEAE Asterostigma lividum (Lodd.) Engl.","245435","GBIF","SP","Rossi, L.","688","Native","Bronze","Ouro","https://images.cria.org.br/viewer/SP049469","Reserva Ecológica Juréia-Itatins, Trilha do Imperador"
"ESTAÇÃO ECOLÓGICA JURÉIA-ITATINS","Angiosperms","Araceae","Heteropsis","rigidifolia","Engl.","ARACEAE Heteropsis rigidifolia Engl.","309060","GBIF","SP","Favero, O.A.","739","Native","Ouro","Ouro","https://images.cria.org.br/viewer/SP049501","Estação Ecológica Juréia-Itatins, Trilha da Cachoeira do Guilherme para Aguapeu."
"ESTAÇÃO ECOLÓGICA JURÉIA-ITATINS","Angiosperms","Araceae","Heteropsis","salicifolia","Kunth","ARACEAE Heteropsis salicifolia Kunth","RB00472555","GBIF","RB","Avila, N.S.","385","Native","Ouro","Ouro","jbrj-public-img.s3-sa-east-1.amazonaws.com/JPG/rb/0/47/25/55/00472555.jpg","Estação Ecológica Juréia-Itatins, Centro Paulus, mata região sul do municipio de São Paulo"
"ESTAÇÃO ECOLÓGICA JURÉIA-ITATINS","Angiosperms","Araceae","Monstera","adansonii","(Schott) Mayo & I.M. Andrade","ARACEAE Monstera adansonii subsp. klotzschiana (Schott) Mayo & I.M. Andrade","SPSF00025061","Splink","SPSF",,"1373","Native","Ouro","Ouro",,"Estação Ecológica Juréia-Itatins, Caminho do Imperador"
"ESTAÇÃO ECOLÓGICA JURÉIA-ITATINS","Angiosperms","Araceae","Philodendron","appendiculatum","Nadruz & Mayo","ARACEAE Philodendron appendiculatum Nadruz & Mayo","101086347","GBIF","Tropicos","Cordeiro, I.","774","Native","Latão","Ouro",,"Estação Ecológica Juréia-Itatins, Serra da Juréia, trilha para o Pocinho"
"ESTAÇÃO ECOLÓGICA JURÉIA-ITATINS","Angiosperms","Araceae","Philodendron","cordatum","Kunth ex Schott","ARACEAE Philodendron cordatum Kunth ex Schott","SP049668","Splink","SP",,"1502","Native","Bronze","Ouro",,"Estação Ecológica Juréia-Itatins, Barra do Una"
"ESTAÇÃO ECOLÓGICA JURÉIA-ITATINS","Angiosperms","Araceae","Philodendron","crassinervium","Lindl.","ARACEAE Philodendron crassinervium Lindl.","268758","GBIF","SP","Anunciacao, E.A.","455","Native","Bronze","Ouro","https://images.cria.org.br/viewer/SP049683","Estação Ecológica Juréia-Itatins, Serra da Juréia, costão rochoso, praia do Rio Verde"
"ESTAÇÃO ECOLÓGICA JURÉIA-ITATINS","Angiosperms","Araceae","Philodendron","curvilobum","Schott","ARACEAE Philodendron curvilobum Schott","101086262","GBIF","Tropicos","Catharino, E.L.M.","1505","Native","Ouro","Ouro",,"Estação Ecológica Juréia-Itatins, Barra do Una"
"ESTAÇÃO ECOLÓGICA JURÉIA-ITATINS","Angiosperms","Araceae","Philodendron","eximium","Schott","ARACEAE Philodendron eximium Schott","248068","GBIF","SP","Catharino, E.L.M.","1506","Native","Bronze","Ouro","https://images.cria.org.br/viewer/SP049708","Estação Ecológica Juréia-Itatins, Barra do Una"
"ESTAÇÃO ECOLÓGICA JURÉIA-ITATINS","Angiosperms","Araceae","Philodendron","imbe","Schott ex Kunth.","ARACEAE Philodendron imbe Schott ex Kunth.","309059","GBIF","SP","Favero, O.A.","362","Native","Prata","Ouro","https://images.cria.org.br/viewer/SP049701","Estação Ecológica Juréia-Itatins, Aguapeu, próximo à casa do Sr. Lauro."
"ESTAÇÃO ECOLÓGICA JURÉIA-ITATINS","Angiosperms","Araceae","Philodendron","martianum","Engl.","ARACEAE Philodendron martianum Engl.","309062","GBIF","SP","Favero, O.A.","730","Native","Prata","Ouro",,"Estação Ecológica Juréia-Itatins, Cachoeira do Guilherme, quintal da Dona Paula"
"ESTAÇÃO ECOLÓGICA JURÉIA-ITATINS","Angiosperms","Araceae","Philodendron","obliquifolium","Engl.","ARACEAE Philodendron obliquifolium Engl.","71691","GBIF","UEC",,"s.n.","Native","Latão","Bronze","https://images.cria.org.br/viewer/UEC005280","Fazenda Itareí, Serra do Paranapiacaba"
"ESTAÇÃO ECOLÓGICA JURÉIA-ITATINS","Angiosperms","Araceae","Philodendron","oblongum","(Vell.) Kunth","ARACEAE Philodendron oblongum (Vell.) Kunth","K001184920","GBIF","K","Mayo, S.J.","585","Native","Ouro","Ouro","jbrj-public.s3-sa-east-1.amazonaws.com/fsi/server?type=image&source=DZI/kew/k/0/11/84/92/0/k001184920.dzi","Estação Ecológica de Jureia (SEMA), along the coast southwest of the town of Peruibe."
"ESTAÇÃO ECOLÓGICA JURÉIA-ITATINS","Angiosperms","Araceae","Philodendron","ornatum","Schott","ARACEAE Philodendron ornatum Schott","K001184822","GBIF","K","Mayo, S.J.","587","Native","Ouro","Ouro","jbrj-public.s3-sa-east-1.amazonaws.com/fsi/server?type=image&source=DZI/kew/k/0/11/84/82/2/k001184822.dzi","Estação Ecologica de Jureia (SEMA), along the coast southwest of the town of Peruibe"
"ESTAÇÃO ECOLÓGICA JURÉIA-ITATINS","Angiosperms","Araceae","Philodendron","propinquum","Schott","ARACEAE Philodendron propinquum Schott","268738","GBIF","SP","Anunciacao, E.A.","435","Native","Ouro","Ouro","https://images.cria.org.br/viewer/SP049789","Estação Ecológica Juréia-Itatins, Serra da Juréia, trilha da Figueira Grande"
"ESTAÇÃO ECOLÓGICA JURÉIA-ITATINS","Angiosperms","Araceae","Thaumatophyllum","bipinnatifidum","(Schott ex Endl.) Sakur., Calazans & Mayo","ARACEAE Thaumatophyllum bipinnatifidum (Schott ex Endl.) Sakur., Calazans & Mayo","SP049644","Splink","SP",,"51","Native","Bronze","Ouro",,"Estação Ecológica Juréia-Itatins, Próxima à praia na restinga"
"ESTAÇÃO ECOLÓGICA JURÉIA-ITATINS","Angiosperms","Araceae","Thaumatophyllum","corcovadense","(Kunth) Sakur., Calazans & Mayo","ARACEAE Thaumatophyllum corcovadense (Kunth) Sakur., Calazans & Mayo","252719","GBIF","SP","Rossi, L.","972","Native","Bronze","Ouro","https://images.cria.org.br/viewer/SP049614","Estação Ecológica Juréia-Itatins, Margem do Rio verde"
"ESTAÇÃO ECOLÓGICA JURÉIA-ITATINS","Angiosperms","Araceae","Xanthosoma",,"Schott","ARACEAE Xanthosoma Schott","309061","GBIF","SP","Favero, O.A.","560",,"Latão","Ouro",,"Estação Ecológica Juréia-Itatins, Rio Verde, arredores do alojamento"
"ESTAÇÃO ECOLÓGICA JURÉIA-ITATINS","Angiosperms","Araliaceae","Dendropanax","australis","Fiaschi & Jung-Mend.","ARALIACEAE Dendropanax australis Fiaschi & Jung-Mend.","120375","Splink","ICN",,"6945","Native","Ouro","Ouro",,"Estação Ecológica da Juréia"
"ESTAÇÃO ECOLÓGICA JURÉIA-ITATINS","Angiosperms","Araliaceae","Dendropanax","monogynus","(Vell.) Seem.","ARALIACEAE Dendropanax monogynus (Vell.) Seem.","277205","GBIF","SP","Cordeiro, I.","1520","Native","Bronze","Ouro",,"Estação Ecológica Juréia-Itatins, Trilha através do Morro do Arpoador, mata pluvial tropical de encosta"
"ESTAÇÃO ECOLÓGICA JURÉIA-ITATINS","Angiosperms","Araliaceae","Didymopanax","angustissimus","Marchal","ARALIACEAE Didymopanax angustissimus Marchal","SPSF00023870","Splink","SPSF",,"1038","Native","Ouro","Ouro",,"Estação Ecológica Juréia-Itatins, Mata de Planície, às margens do Rio Verde, próximo ao alojamento"
"ESTAÇÃO ECOLÓGICA JURÉIA-ITATINS","Angiosperms","Araliaceae","Didymopanax","calvus","(Cham.) Decne. & Planch.","ARALIACEAE Didymopanax calvus (Cham.) Decne. & Planch.","308986","GBIF","SP","Melo, M.M.R.F.","1116","Native","Prata","Ouro",,"Estação Ecológica Juréia-Itatins, Margens do rio Verde, próximo ao alojamento"
"ESTAÇÃO ECOLÓGICA JURÉIA-ITATINS","Angiosperms","Araliaceae","Hydrocotyle","bonariensis","Lam.","ARALIACEAE Hydrocotyle bonariensis Lam.","561","GBIF","HUEM","Silva, I.","s.n.","Native","Ouro","Ouro",,"Estação Ecológica de Juréia"
"ESTAÇÃO ECOLÓGICA JURÉIA-ITATINS","Angiosperms","Araliaceae","Hydrocotyle","leucocephala","Cham. & Schltdl.","ARALIACEAE Hydrocotyle leucocephala Cham. & Schltdl.","329526","GBIF","SP","Favero, O.A.","599","Native","Prata","Ouro",,"Estação Ecológica Juréia-Itatins, Próximo à Cachoeira do Guilherme, no quintal de Dona Maricota"
"ESTAÇÃO ECOLÓGICA JURÉIA-ITATINS","Angiosperms","Araliaceae","Oreopanax","capitatus","(Jacq.) Decne. & Planch.","ARALIACEAE Oreopanax capitatus (Jacq.) Decne. & Planch.","297037","GBIF","SP","Nicolau, S.A.","957","Native","Bronze","Ouro",,"Estação Ecológica Juréia-Itatins, -rea ao redor da Figueira"
"ESTAÇÃO ECOLÓGICA JURÉIA-ITATINS","Angiosperms","Arecaceae","Astrocaryum","aculeatissimum","(Schott) Burret","ARECACEAE Astrocaryum aculeatissimum (Schott) Burret","245697a","Splink","SP",,"682","Native","Ouro","Ouro",,"Estação Ecológica Juréia-Itatins, Serra da Juréia, trilha para o campo próximo ao alojamento do IBAMA, mata de encosta"
"ESTAÇÃO ECOLÓGICA JURÉIA-ITATINS","Angiosperms","Arecaceae","Attalea","dubia","(Mart.) Burret","ARECACEAE Attalea dubia (Mart.) Burret","329626","GBIF","SP","Favero, O.A.","425","Native","Latão","Ouro",,"Estação Ecológica Juréia-Itatins, trilha da cachoeira do Guilherme para o rio Verde"
"ESTAÇÃO ECOLÓGICA JURÉIA-ITATINS","Angiosperms","Arecaceae","Bactris","hatschbachii","Noblick ex A.J.Hend.","ARECACEAE Bactris hatschbachii Noblick ex A.J.Hend.","SP002766","Splink","SP",,"1091","Native","Ouro","Ouro",,"Estação Ecológica Juréia-Itatins, Trilha do Morro Fernando, mata pluvial Tropical de Encosta"
"ESTAÇÃO ECOLÓGICA JURÉIA-ITATINS","Angiosperms","Arecaceae","Bactris","setosa","Mart.","ARECACEAE Bactris setosa Mart.","118355","GBIF","SPF","Marcato, A.C.","3","Native","Ouro","Ouro",,"Estação Ecológica Juréia-Itatins, Praia do Arpoador, em riacho próximo à praia."
"ESTAÇÃO ECOLÓGICA JURÉIA-ITATINS","Angiosperms","Arecaceae","Cocos","nucifera","L.","ARECACEAE Cocos nucifera L.","164321","GBIF","SPF","Botanico, M.P.","16","Naturalized","Latão","Ouro",,"Estação Ecológica Juréia-Itatins"
"ESTAÇÃO ECOLÓGICA JURÉIA-ITATINS","Angiosperms","Arecaceae","Euterpe","edulis","Mart.","ARECACEAE Euterpe edulis Mart.","251743","GBIF","SP","Costa, M.P.","67","Native","Prata","Ouro",,"Estação Ecológica Juréia-Itatins, Trilha para o pocinho"
"ESTAÇÃO ECOLÓGICA JURÉIA-ITATINS","Angiosperms","Arecaceae","Geonoma","elegans","Mart.","ARECACEAE Geonoma elegans Mart.","45039","GBIF","SPSF","Moura, C.","386","Native","Bronze","Bronze",,"Serra de Peruíbe"
"ESTAÇÃO ECOLÓGICA JURÉIA-ITATINS","Angiosperms","Arecaceae","Geonoma","gamiova","Barb.Rodr.","ARECACEAE Geonoma gamiova Barb.Rodr.","272560","GBIF","SP","Melo, M.M.R.F.","1084","Native","Bronze","Ouro","https://images.cria.org.br/viewer/SP055916 | https://images.cria.org.br/viewer/SP055916_01","Estação Ecológica Juréia-Itatins, Trilha do Morro Fernando, mata pluvial tropical de encosta"
"ESTAÇÃO ECOLÓGICA JURÉIA-ITATINS","Angiosperms","Arecaceae","Geonoma","pohliana","Mart.","ARECACEAE Geonoma pohliana Mart.","118358","GBIF","SPF","Marcato, A.C.","1","Native","Ouro","Ouro",,"Estação Ecológica Juréia-Itatins, Trilha do fundão, em mata de encosta."
"ESTAÇÃO ECOLÓGICA JURÉIA-ITATINS","Angiosperms","Arecaceae","Geonoma","schottiana","Mart.","ARECACEAE Geonoma schottiana Mart.","247698","GBIF","SP","Cordeiro, I.","816","Native","Ouro","Ouro",,"Estação Ecológica Juréia-Itatins, Serra da Juréia, campo próximo ao alojamento"
"ESTAÇÃO ECOLÓGICA JURÉIA-ITATINS","Angiosperms","Arecaceae","Syagrus","romanzoffiana","(Cham.) Glassman","ARECACEAE Syagrus romanzoffiana (Cham.) Glassman","164332","GBIF","SPF","Botanico, M.P.","14","Native","Ouro","Ouro",,"Estação Ecológica Juréia-Itatins, Instituto Florestal. A cerca de 100 m do mar."
"ESTAÇÃO ECOLÓGICA JURÉIA-ITATINS","Angiosperms","Aristolochiaceae","Aristolochia","paulistana","Hoehne","ARISTOLOCHIACEAE Aristolochia paulistana Hoehne","RB01302076","GBIF","RB","Aragaki, S.","25","Native","Bronze","Ouro","jbrj-public-img.s3-sa-east-1.amazonaws.com/JPG/rb/1/30/20/76/01302076.jpg","Estação Ecológica Juréia-Itatins, Caminho do Imperador em direção à praia do Rio Verde, próximo à 1ª cachoeira"
"ESTAÇÃO ECOLÓGICA JURÉIA-ITATINS","Angiosperms","Aristolochiaceae","Aristolochia","trilobata","L.","ARISTOLOCHIACEAE Aristolochia trilobata L.","262821","GBIF","SP","Anunciacao, E.A.","335","Native","Bronze","Ouro",,"Estação Ecológica Juréia-Itatins, Serra da Juréia, praia da Juréia, próximo ao posto de fiscalização"
"ESTAÇÃO ECOLÓGICA JURÉIA-ITATINS","Angiosperms","Asparagaceae","Dracaena",,"Vand. ex L.","ASPARAGACEAE Dracaena Vand. ex L.","270909","GBIF","SP","Anunciacao, E.A.","573",,"Latão","Ouro",,"Estação Ecológica Juréia-Itatins"
"ESTAÇÃO ECOLÓGICA JURÉIA-ITATINS","Angiosperms","Asparagaceae","Furcraea","foetida","(L.) Haw.","ASPARAGACEAE Furcraea foetida (L.) Haw.","SPSF00025059","Splink","SPSF",,"1036","Naturalized","Bronze","Ouro",,"Estação Ecológica Juréia-Itatins, Foz do Rio Verde, entre rochas"
"ESTAÇÃO ECOLÓGICA JURÉIA-ITATINS","Ferns and Lycophytes","Aspleniaceae","Asplenium","claussenii","Hieron.","ASPLENIACEAE Asplenium claussenii Hieron.","77785","GBIF","UPCB","Labiak, P.H.","313","Native","Bronze","Ouro","https://images.cria.org.br/viewer/UPCB0001231","Estação Ecológica Juréia-Itatins, Serra da Juréia, trilha do imperador."
"ESTAÇÃO ECOLÓGICA JURÉIA-ITATINS","Ferns and Lycophytes","Aspleniaceae","Asplenium","scandicinum","Kaulf.","ASPLENIACEAE Asplenium scandicinum Kaulf.","168816","GBIF","BHCB","Labiak, P.H.","333","Native","Bronze","Ouro",,"Estação Ecológica Juréia-Itatins, Serra da Juréia, trilha da figueira."
"ESTAÇÃO ECOLÓGICA JURÉIA-ITATINS","Ferns and Lycophytes","Aspleniaceae","Asplenium","serratum","L.","ASPLENIACEAE Asplenium serratum L.","NY02240793","GBIF","NY","Prado, J.","974","Native","Latão","Ouro","jbrj-public.s3-sa-east-1.amazonaws.com/fsi/server?type=image&source=DZI/newyork/ny_/2/24/7/93/ny_02240793.dzi","Estação Ecológica da Juréia, Arpoador. Trilha do Imperador."
"ESTAÇÃO ECOLÓGICA JURÉIA-ITATINS","Ferns and Lycophytes","Aspleniaceae","Asplenium","uniseriale","Raddi","ASPLENIACEAE Asplenium uniseriale Raddi","RB00980461","GBIF","RB","Rossi, L.","1398","Native","Latão","Ouro","jbrj-public-img.s3-sa-east-1.amazonaws.com/JPG/rb/0/98/4/61/00980461.jpg","Estação Ecológica Juréia-Itatins. Alto da Serra dos Itatins."
"ESTAÇÃO ECOLÓGICA JURÉIA-ITATINS","Angiosperms","Asteraceae","Achyrocline","satureioides","(Lam.) DC.","ASTERACEAE Achyrocline satureioides (Lam.) DC.","309139","GBIF","SP","Favero, O.A.","541","Native","Prata","Ouro",,"Estação Ecológica Juréia-Itatins, Trilha do Rio Verde para a Cachoeira do Guilherme, bem próximo ao Morro do Grajaúna"
"ESTAÇÃO ECOLÓGICA JURÉIA-ITATINS","Angiosperms","Asteraceae","Adenostemma","brasilianum","(Pers.) Cass.","ASTERACEAE Adenostemma brasilianum (Pers.) Cass.","PMSP006034","GBIF","PMSP","Garcia, R.J.F.","1868","Native","Bronze","Ouro","jbrj-public.s3.amazonaws.com/fsi/server?type=image&source=DZI/pmsp/pmsp/0/0/60/34/pmsp00006034.dzi","Estação Ecológica Juréia-Itatins, Trilha do Imperador, mata de encosta"
"ESTAÇÃO ECOLÓGICA JURÉIA-ITATINS","Angiosperms","Asteraceae","Ageratum","conyzoides","L.","ASTERACEAE Ageratum conyzoides L.","309136","GBIF","SP","Favero, O.A.","176","Native","Prata","Ouro",,"Estação Ecológica Juréia-Itatins, Cachoeira do Guilherme, no quintal de Dona Eufrosina"
"ESTAÇÃO ECOLÓGICA JURÉIA-ITATINS","Angiosperms","Asteraceae","Baccharis","crispa","Spreng.","ASTERACEAE Baccharis crispa Spreng.","678","GBIF","HUSC","Goncalves, G.T.","1642","Unknown","Prata","Ouro",,"Estação Ecológica Juréia-Itatins, praia Guarauzinho"
"ESTAÇÃO ECOLÓGICA JURÉIA-ITATINS","Angiosperms","Asteraceae","Baccharis","myriocephala","DC.","ASTERACEAE Baccharis myriocephala DC.","309142","GBIF","SP","Favero, O.A.","687","Native","Prata","Ouro",,"Estação Ecológica Juréia-Itatins, Trilha para o Rio Verde, pelo Morro do Grajaúna"
"ESTAÇÃO ECOLÓGICA JURÉIA-ITATINS","Angiosperms","Asteraceae","Baccharis","singularis","(Vell.) G.M.Barroso","ASTERACEAE Baccharis singularis (Vell.) G.M.Barroso","108627","GBIF","UEC","Rossi, L.","833","Native","Ouro","Ouro","https://images.cria.org.br/viewer/UEC113722","Estação Ecológica Juréia-Itatins, margem do rio Verde."
"ESTAÇÃO ECOLÓGICA JURÉIA-ITATINS","Angiosperms","Asteraceae","Baccharis","subtropicalis","G.Heiden","ASTERACEAE Baccharis subtropicalis G.Heiden","ICN00053661","Splink","ICN",,"39","Native","Ouro","Ouro",,"Estação Ecológica da Juréia. Praia do Guarauzinho"
"ESTAÇÃO ECOLÓGICA JURÉIA-ITATINS","Angiosperms","Asteraceae","Barrosoa","betoniciformis","(DC.) R.M.King & H.Rob.","ASTERACEAE Barrosoa betoniciformis (DC.) R.M.King & H.Rob.","SPSF00024040","Splink","SPSF",,"66","Native","Ouro","Ouro",,"Estação ecológica Jureia-Itatins, caminho do Imperadr."
"ESTAÇÃO ECOLÓGICA JURÉIA-ITATINS","Angiosperms","Asteraceae","Barrosoa","candolleana","(Hook. & Arn.) R.M.King & H.Rob.","ASTERACEAE Barrosoa candolleana (Hook. & Arn.) R.M.King & H.Rob.","108612","GBIF","UEC","Nicolau, S.A.","056","Native","Ouro","Ouro","https://images.cria.org.br/viewer/UEC162142","Brasil, São Paulo, Iguape, Estação Ecológica Juréia-Itatins, Serra da Juréia."
"ESTAÇÃO ECOLÓGICA JURÉIA-ITATINS","Angiosperms","Asteraceae","Centratherum","punctatum","Cass.","ASTERACEAE Centratherum punctatum Cass.","SPSF00024039","Splink","SPSF",,"4483","Native","Ouro","Ouro",,"Estação Ecológica Juréia-Itatins, margem direita do Rio Verde, próx. à foz, restinga"
"ESTAÇÃO ECOLÓGICA JURÉIA-ITATINS","Angiosperms","Asteraceae","Chrysanthemum","morifolium","(Ramat.) Hemsl.","ASTERACEAE Chrysanthemum morifolium (Ramat.) Hemsl.","309084","GBIF","SP","Favero, O.A.","499","Cultivated","Prata","Ouro",,"Estação Ecológica Juréia-Itatins, rio Verde, no canteiro de Dona Maria Lúcia"
"ESTAÇÃO ECOLÓGICA JURÉIA-ITATINS","Angiosperms","Asteraceae","Conyza","bonariensis","(L.) Cronquist","ASTERACEAE Conyza bonariensis (L.) Cronquist","307024","GBIF","SP","Queiroz, L.P.","4472","Native","Bronze","Ouro",,"Estação Ecológica Juréia-Itatins."
"ESTAÇÃO ECOLÓGICA JURÉIA-ITATINS","Angiosperms","Asteraceae","Critoniopsis","quinqueflora","(Less.) H.Rob.","ASTERACEAE Critoniopsis quinqueflora (Less.) H.Rob.","53974","GBIF","SPSF","Moura, C.","498","Native","Prata","Bronze",,
"ESTAÇÃO ECOLÓGICA JURÉIA-ITATINS","Angiosperms","Asteraceae","Cyrtocymura","scorpioides","(Lam.) H.Rob.","ASTERACEAE Cyrtocymura scorpioides (Lam.) H.Rob.","SPSF00054547","Splink","SPSF",,"8815","Native","Bronze","Ouro",,"Refúgio Vegetacional (campo e arbustaria). Estação Ecológica Jureia-Itatins. Topo do Maciço da Jureia."
"ESTAÇÃO ECOLÓGICA JURÉIA-ITATINS","Angiosperms","Asteraceae","Dendrophorbium","restingae","A.M.Teles, J.N.Nakaj. & Stehmann","ASTERACEAE Dendrophorbium restingae A.M.Teles, J.N.Nakaj. & Stehmann","SP000515","Splink","SP",,"1531","Native","Ouro","Ouro",,"Estação Ecológica Juréia-Itatins, Restinga da praia do Arpoador. Restinga arbustivo-arbórea"
"ESTAÇÃO ECOLÓGICA JURÉIA-ITATINS","Angiosperms","Asteraceae","Elephantopus","mollis","Kunth","ASTERACEAE Elephantopus mollis Kunth","24613","GBIF","HUEFS","Queiroz, L.P.","4516","Native","Ouro","Ouro",,"Estação Ecológica Juréia-Itatins, trilha do Imperador. Ca. 1-5 km S do rio Verde."
"ESTAÇÃO ECOLÓGICA JURÉIA-ITATINS","Angiosperms","Asteraceae","Gnaphalium",,"L.","ASTERACEAE Gnaphalium L.","SPSF00025732","Splink","SPSF",,"1359",,"Bronze","Ouro",,"Estação Ecológica Juréia-Itatins, Serra da Juréia, Caminho do Imperador"
"ESTAÇÃO ECOLÓGICA JURÉIA-ITATINS","Angiosperms","Asteraceae","Gymnanthemum","amygdalinum","(Delile) Sch.Bip. ex Walp.","ASTERACEAE Gymnanthemum amygdalinum (Delile) Sch.Bip. ex Walp.","309144","GBIF","SP","Favero, O.A.","232","Naturalized","Bronze","Ouro",,"Estação Ecológica Juréia-Itatins, Rio Comprido, no quintal da casa do Sr. Adriano"
"ESTAÇÃO ECOLÓGICA JURÉIA-ITATINS","Angiosperms","Asteraceae","Heterocondylus","alatus","(Vell.) R.M.King & H.Rob.","ASTERACEAE Heterocondylus alatus (Vell.) R.M.King & H.Rob.","108619","GBIF","UEC","Rossi, L.","908","Native","Ouro","Ouro","https://images.cria.org.br/viewer/UEC123227","Estação Ecológica Juréia- Itatins, trilha para o Alto do Morro."
"ESTAÇÃO ECOLÓGICA JURÉIA-ITATINS","Angiosperms","Asteraceae","Lepidaploa","argyrotricha","(Sch.Bip. ex Baker) H.Rob.","ASTERACEAE Lepidaploa argyrotricha (Sch.Bip. ex Baker) H.Rob.","108644","GBIF","UEC","Carvalhaes, M.A.","33","Native","Ouro","Ouro","https://images.cria.org.br/viewer/UEC129982","Estação Ecológica Juréia-Itatins."
"ESTAÇÃO ECOLÓGICA JURÉIA-ITATINS","Angiosperms","Asteraceae","Lepidaploa","salzmannii","(DC.) H.Rob.","ASTERACEAE Lepidaploa salzmannii (DC.) H.Rob.","44286","GBIF","SPSF","Moura, C.","343","Native","Bronze","Ouro",,"Serra do Guaraú, próximo ao escritório da Estação Ecológica Juréia-Itatins."
"ESTAÇÃO ECOLÓGICA JURÉIA-ITATINS","Angiosperms","Asteraceae","Macropodina",,"R.M.King & H.Rob.","ASTERACEAE Macropodina R.M.King & H.Rob.","ICN00060495","Reflora","ICN","Sobral, M.","7388",,"Ouro","Ouro",,"Estação Ecológica Juréia-Itatins, Mata Atlântica, em beira de lavoura abandonada, em local alagado"
"ESTAÇÃO ECOLÓGICA JURÉIA-ITATINS","Angiosperms","Asteraceae","Matricaria","chamomilla","L.","ASTERACEAE Matricaria chamomilla L.","309143","GBIF","SP","Favero, O.A.","143","Cultivated","Prata","Ouro",,"Estação Ecológica Juréia-Itatins, cachoeira do Guilherme, no quintal da casa de Dona Carmem"
"ESTAÇÃO ECOLÓGICA JURÉIA-ITATINS","Angiosperms","Asteraceae","Mikania","cordifolia","(L.f.) Willd.","ASTERACEAE Mikania cordifolia (L.f.) Willd.","SPSF00024045","Splink","SPSF",,"586","Native","Ouro","Ouro",,"Reserva Ecológica Juréia-Itatins, Trilha do Imperador em direção à praia da Juréia"
"ESTAÇÃO ECOLÓGICA JURÉIA-ITATINS","Angiosperms","Asteraceae","Mikania","firmula","Baker","ASTERACEAE Mikania firmula Baker","ICN00060953","Splink","ICN",,"7372","Native","Ouro","Ouro",,"Estação Ecológica Juréia-Itatins, Mata Atlântica, em beira de lavoura abandonada, em local alagado"
"ESTAÇÃO ECOLÓGICA JURÉIA-ITATINS","Angiosperms","Asteraceae","Mikania","involucrata","Hook. & Arn.","ASTERACEAE Mikania involucrata Hook. & Arn.","683","GBIF","HUSC","Souza, V.C.","1646","Native","Bronze","Ouro",,"praia Guarauzinho, Estação Ecológica Juréia-Itatins"
"ESTAÇÃO ECOLÓGICA JURÉIA-ITATINS","Angiosperms","Asteraceae","Mikania","laevigata","Sch.Bip. ex Baker","ASTERACEAE Mikania laevigata Sch.Bip. ex Baker","108630","GBIF","UEC","Anunciacao, E.A.","352","Native","Ouro","Ouro","https://images.cria.org.br/viewer/UEC126158","Estação Ecológica Juréia-Itatins, Serra da Juréia, alto da cachoeira do Salto"
"ESTAÇÃO ECOLÓGICA JURÉIA-ITATINS","Angiosperms","Asteraceae","Mikania","lindbergii","Baker","ASTERACEAE Mikania lindbergii Baker","108629","GBIF","UEC","Cordeiro, I.","636","Native","Ouro","Ouro","https://images.cria.org.br/viewer/UEC128728","Estação Ecológica Juréia-Itatins, proximidades do maciço da Juréia, morro a esquerda da bifurcação da trilha no alto da encosta, próxima ao alojamento do IBAMA."
"ESTAÇÃO ECOLÓGICA JURÉIA-ITATINS","Angiosperms","Asteraceae","Mikania","lundiana","DC.","ASTERACEAE Mikania lundiana DC.","SPSF00024009","Splink","SPSF",,"91","Native","Ouro","Ouro",,"Estação Ecológica Juréia-Itatins, Margem do Rio Verde, próximo ao 2° rio da Trilha da Figueira"
"ESTAÇÃO ECOLÓGICA JURÉIA-ITATINS","Angiosperms","Asteraceae","Mikania","micrantha","Kunth","ASTERACEAE Mikania micrantha Kunth","122533","Splink","ICN",,"7372","Native","Ouro","Ouro",,"Estação Ecológica da Juréia"
"ESTAÇÃO ECOLÓGICA JURÉIA-ITATINS","Angiosperms","Asteraceae","Mikania","smaragdina","Dusén ex Malme","ASTERACEAE Mikania smaragdina Dusén ex Malme","262396","GBIF","SP","Anunciacao, E.A.","259","Native","Bronze","Ouro",,"Estação Ecológica Juréia-Itatins, Trilha para o Morrinho, mata de encosta."
"ESTAÇÃO ECOLÓGICA JURÉIA-ITATINS","Angiosperms","Asteraceae","Mikania","trinervis","Hook. & Arn.","ASTERACEAE Mikania trinervis Hook. & Arn.","SPSF00024008","Splink","SPSF",,"916","Native","Ouro","Ouro",,"Estação Ecológica Juréia-Itatins, trilha na restnga entre margem do rio Verde e caminho do Imperador."
"ESTAÇÃO ECOLÓGICA JURÉIA-ITATINS","Angiosperms","Asteraceae","Mutisia","speciosa","Aiton ex Hook.","ASTERACEAE Mutisia speciosa Aiton ex Hook.","SPSF00024007","Splink","SPSF",,"619","Native","Ouro","Ouro",,"Estação Ecológica Juréia-Itatins, Praia do Rio Verde, restinga arborea"
"ESTAÇÃO ECOLÓGICA JURÉIA-ITATINS","Angiosperms","Asteraceae","Piptocarpha","macropoda","(DC.) Baker","ASTERACEAE Piptocarpha macropoda (DC.) Baker","53966","GBIF","SPSF","Moura, C.","500","Native","Prata","Bronze",,
"ESTAÇÃO ECOLÓGICA JURÉIA-ITATINS","Angiosperms","Asteraceae","Piptocarpha","notata","(Less.) Baker","ASTERACEAE Piptocarpha notata (Less.) Baker","SPSF00024006","Splink","SPSF",,"59","Native","Ouro","Ouro",,"Estação Ecológica Juréia-Itatins."
"ESTAÇÃO ECOLÓGICA JURÉIA-ITATINS","Angiosperms","Asteraceae","Piptocarpha","oblonga","(Sch.Bip.) G.Lom.Sm.","ASTERACEAE Piptocarpha oblonga subsp. lepidota (Sch.Bip.) G.Lom.Sm.","262852","GBIF","SP","Anunciacao, E.A.","366","Native","Ouro","Ouro",,"Estação Ecológica Juréia-Itatins, Serra da Juréia, beira da estrada em direção a Peruíbe"
"ESTAÇÃO ECOLÓGICA JURÉIA-ITATINS","Angiosperms","Asteraceae","Piptocarpha","reitziana","Cabrera","ASTERACEAE Piptocarpha reitziana Cabrera","108642","GBIF","UEC","Kawall, M.A.","74","Native","Bronze","Ouro","https://images.cria.org.br/viewer/UEC113067","Estação ecológica Juréia-Itatins, margens do Rio Verde."
"ESTAÇÃO ECOLÓGICA JURÉIA-ITATINS","Angiosperms","Asteraceae","Pluchea","sagittalis","(Lam.) Cabrera","ASTERACEAE Pluchea sagittalis (Lam.) Cabrera","15738","GBIF","HRCB","Sobral, M.","7250","Native","Ouro","Ouro",,"Estação Ecológica Juréia-Itatins"
"ESTAÇÃO ECOLÓGICA JURÉIA-ITATINS","Angiosperms","Asteraceae","Senecio",,"L.","ASTERACEAE Senecio L.","ESA028500","GBIF","ESA","Souza, V.C.","9447",,"Bronze","Ouro","jbrj-public.s3-sa-east-1.amazonaws.com/fsi/server?type=image&source=DZI/esa/esa/0/2/85/0/esa00028500.dzi","Estação Ecológica da Juréia"
"ESTAÇÃO ECOLÓGICA JURÉIA-ITATINS","Angiosperms","Asteraceae","Sphagneticola","trilobata","(L.) Pruski","ASTERACEAE Sphagneticola trilobata (L.) Pruski","HUNI00007104","Splink","HUNI",,"5S","Native","Bronze","Ouro",,"Estação Ecológica Juréia-Itatins, Núcleo Arpoador."
"ESTAÇÃO ECOLÓGICA JURÉIA-ITATINS","Angiosperms","Asteraceae","Struchium","sparganophorum","(L.) Kuntze","ASTERACEAE Struchium sparganophorum (L.) Kuntze","15727","GBIF","HRCB","Sobral, M.","7239","Native","Prata","Ouro",,"Estação Ecológica Juréia-Itatins"
"ESTAÇÃO ECOLÓGICA JURÉIA-ITATINS","Angiosperms","Asteraceae","Symphyopappus","itatiayensis","(Hieron.) R.M.King & H.Rob.","ASTERACEAE Symphyopappus itatiayensis (Hieron.) R.M.King & H.Rob.","71129","GBIF","HUFU","Souza, V.C.","454","Native","Ouro","Ouro","https://images.cria.org.br/viewer/HUFU00072374","Estação Ecológica da Juréia. Arredores da foz do Rio Guaraú.. Mata de restinga."
"ESTAÇÃO ECOLÓGICA JURÉIA-ITATINS",,"Asteraceae","Syncarpha","milleflora","(L.f.) B.Nord.","ASTERACEAE Syncarpha milleflora (L.f.) B.Nord.","P01059276","GBIF","P","Cordeiro, I.",,,"Latão","Ouro",,"Estação Ecológica Juréia-Itatins, Serra da Juréia, mata pluvial montana, caminho do Imperador."
"ESTAÇÃO ECOLÓGICA JURÉIA-ITATINS","Angiosperms","Asteraceae","Tagetes","patula","L.","ASTERACEAE Tagetes patula L.","309141","GBIF","SP","Favero, O.A.","227","Cultivated","Prata","Ouro",,"Estação Ecológica Juréia-Itatins, Rio Comprido, no quintal do Sítio Marroto de Fora"
"ESTAÇÃO ECOLÓGICA JURÉIA-ITATINS","Angiosperms","Asteraceae","Tithonia","diversifolia","(Hemsl.) A.Gray","ASTERACEAE Tithonia diversifolia (Hemsl.) A.Gray","309087","GBIF","SP","Favero, O.A.","293","Naturalized","Prata","Ouro",,"Estação Ecológica Juréia-Itatins, Aguapeu em frente á casa do Sr Paulo"
"ESTAÇÃO ECOLÓGICA JURÉIA-ITATINS","Angiosperms","Asteraceae","Verbesina","glabrata","Hook. & Arn.","ASTERACEAE Verbesina glabrata Hook. & Arn.","ESA011326","GBIF","ESA","Souza, V.C.","461","Native","Bronze","Ouro","jbrj-public.s3-sa-east-1.amazonaws.com/fsi/server?type=image&source=DZI/esa/esa/0/1/13/26/esa00011326.dzi","Estação Ecologica da Jureia"
"ESTAÇÃO ECOLÓGICA JURÉIA-ITATINS","Angiosperms","Asteraceae","Vernonanthura","fagifolia","(Gardner) H.Rob.","ASTERACEAE Vernonanthura fagifolia (Gardner) H.Rob.","249098","GBIF","SP","Kawall, M.A.","67","Native","Bronze","Ouro",,"Estação Ecológica Juréia-Itatins, Caminho do Imperador"
"ESTAÇÃO ECOLÓGICA JURÉIA-ITATINS","Angiosperms","Asteraceae","Vernonanthura","puberula","(Less.) H.Rob.","ASTERACEAE Vernonanthura puberula (Less.) H.Rob.","15700","GBIF","HRCB","Sobral, M.","7324","Native","Ouro","Ouro",,"Estação Ecológica da Juréia."
"ESTAÇÃO ECOLÓGICA JURÉIA-ITATINS",,"Asteraceae","Vernonia","puberula","Less.","ASTERACEAE Vernonia puberula Less.","153638","GBIF","MBM","Sobral, M.","7324",,"Ouro","Ouro","https://images.cria.org.br/viewer/MBM153638","Estação Ecológica da Juréia."
"ESTAÇÃO ECOLÓGICA JURÉIA-ITATINS","Ferns and Lycophytes","Athyriaceae","Diplazium","cristatum","(Desr.) Alston","ATHYRIACEAE Diplazium cristatum (Desr.) Alston","2240794","GBIF","NY","P., H.L.E.","312","Native","Latão","Bronze",,"Estaçã Ecológico Juréia-Itatins, Serra da Juréia, trilha do Imperador."
"ESTAÇÃO ECOLÓGICA JURÉIA-ITATINS","Ferns and Lycophytes","Athyriaceae","Diplazium","plantaginifolium","(L.) Urb.","ATHYRIACEAE Diplazium plantaginifolium (L.) Urb.","UPCB0095191","Splink","UPCB",,"45","Native","Bronze","Ouro",,"Estação Ecológica Juréia-Itatins, Serra da Juréia, trilha para a Figueira Grande."
"ESTAÇÃO ECOLÓGICA JURÉIA-ITATINS",,"Bartramiaceae","Philonotis","uncinata","(Schwägr.) Brid.","BARTRAMIACEAE Philonotis uncinata (Schwägr.) Brid.","001406","GBIF","HUFABC","Yano, O.","11878",,"Bronze","Ouro","https://images.cria.org.br/viewer/HUFABC001406 | https://images.cria.org.br/viewer/HUFABC001406_1 | https://images.cria.org.br/viewer/HUFABC001406_2","Estação Ecológica de Juréia, Sobre pedra úmida, mata de encosta."
"ESTAÇÃO ECOLÓGICA JURÉIA-ITATINS","Angiosperms","Begoniaceae","Begonia","bidentata","Raddi","BEGONIACEAE Begonia bidentata Raddi","US 3354135","GBIF","US","Mamede, M.","362","Native","Ouro","Ouro","https://collections.nmnh.si.edu/media/?i=11736732; 15454053","Reserva Ecológica Juréia-Itatins, Trilha do Imperador, maciço da Juréia"
"ESTAÇÃO ECOLÓGICA JURÉIA-ITATINS","Angiosperms","Begoniaceae","Begonia","fernando-costae","Irmsch.","BEGONIACEAE Begonia fernando-costae Irmsch.","SPSF00023771","Splink","SPSF",,"4503","Native","Latão","Ouro",,"Estação Ecológica Juréia-Itatins."
"ESTAÇÃO ECOLÓGICA JURÉIA-ITATINS","Angiosperms","Begoniaceae","Begonia","fischeri","Schrank","BEGONIACEAE Begonia fischeri Schrank","309057","GBIF","SP","Favero, O.A.","632","Native","Prata","Ouro",,"Estação Ecológica Juréia-Itatins, atrás da casa do Sr. Dito Gardino"
"ESTAÇÃO ECOLÓGICA JURÉIA-ITATINS","Angiosperms","Begoniaceae","Begonia","fruticosa","(Klotzsch) A.DC.","BEGONIACEAE Begonia fruticosa (Klotzsch) A.DC.","272099","GBIF","SP","Rossi, L.","1412","Native","Bronze","Ouro",,"Estação Ecológica Juréia-Itatins, Serra do Itatins"
"ESTAÇÃO ECOLÓGICA JURÉIA-ITATINS","Angiosperms","Begoniaceae","Begonia","inculta","Irmsch.","BEGONIACEAE Begonia inculta Irmsch.","189710","GBIF","HUEFS","Anunciacao, E.A.","539","Native","Ouro","Ouro","https://images.cria.org.br/viewer/HUEFS0189710","Iguape, estacao ecologica jureia-itatins, serra dos itatins"
"ESTAÇÃO ECOLÓGICA JURÉIA-ITATINS","Angiosperms","Begoniaceae","Begonia","itatinensis","Irmsch. ex Brade","BEGONIACEAE Begonia itatinensis Irmsch. ex Brade","272082","GBIF","SP","Rossi, L.","1380","Native","Bronze","Ouro",,"Estação Ecológica Juréia-Itatins, Serra dos Itatins, picada entre o alojamento do Núcleo Despraiado e o alto da Serra"
"ESTAÇÃO ECOLÓGICA JURÉIA-ITATINS","Angiosperms","Begoniaceae","Begonia","jureiensis","S.J.Gomes da Silva & Mamede","BEGONIACEAE Begonia jureiensis S.J.Gomes da Silva & Mamede","115795","GBIF","UEC","Silva, S.J.G.","189","Native","Ouro","Ouro","https://images.cria.org.br/viewer/UEC055694","Estação Ecológica Juréia-Itatins, Serra da Juréia. Trilha para o campo próximo ao alojamento do IBAMA"
"ESTAÇÃO ECOLÓGICA JURÉIA-ITATINS","Angiosperms","Begoniaceae","Begonia","lanceolata","Vell.","BEGONIACEAE Begonia lanceolata Vell.","272089","GBIF","SP","Rossi, L.","1388","Native","Bronze","Ouro",,"Reserva Ecológica Juréia-Itatins, Alto da Serra dos Itatins"
"ESTAÇÃO ECOLÓGICA JURÉIA-ITATINS","Angiosperms","Begoniaceae","Begonia","nuda","Irmsch.","BEGONIACEAE Begonia nuda Irmsch.","272260","GBIF","SP","Rossi, L.","1390","Native","Bronze","Ouro",,"Estação Ecológica Juréia-Itatins, Alto da Serra dos Itatins, encosta voltada para o mar"
"ESTAÇÃO ECOLÓGICA JURÉIA-ITATINS","Angiosperms","Begoniaceae","Begonia","olsoniae","L.B.Sm. & B.G.Schub.","BEGONIACEAE Begonia olsoniae L.B.Sm. & B.G.Schub.","SPSF00023770","Splink","SPSF",,"251","Native","Ouro","Ouro",,"Reserva Ecológica Juréia-Itatins, Caminho do Imperador em direção a praia da Juréia, próximo a cachoeira"
"ESTAÇÃO ECOLÓGICA JURÉIA-ITATINS","Angiosperms","Begoniaceae","Begonia","pulchella","Raddi","BEGONIACEAE Begonia pulchella Raddi","272086","GBIF","SP","Rossi, L.","1385","Native","Bronze","Ouro",,"Estação Ecológica Juréia-Itatins, Serra dos Itatins, picada entre o alojamento do Núcleoa Despraiado e o alto da Serra"
"ESTAÇÃO ECOLÓGICA JURÉIA-ITATINS","Angiosperms","Begoniaceae","Begonia","radicans","Vell.","BEGONIACEAE Begonia radicans Vell.","SP0311218","Splink","SP",,"55","Native","Ouro","Ouro",,"Estação Ecológica Juréia-Itatins, trilha da Figueira"
"ESTAÇÃO ECOLÓGICA JURÉIA-ITATINS","Angiosperms","Begoniaceae","Begonia","valdensium","A.DC.","BEGONIACEAE Begonia valdensium A.DC.","311217","GBIF","SP","Rapini, A.","57","Native","Ouro","Ouro",,"Estação Ecológica Juréia-Itatins, Trilha em frente à cachoeira do Salto"
"ESTAÇÃO ECOLÓGICA JURÉIA-ITATINS","Angiosperms","Bignoniaceae","Adenocalymma","acutissimum","(Cham.) Miers","BIGNONIACEAE Adenocalymma acutissimum (Cham.) Miers","SPSF00023782","Splink","SPSF",,"629","Native","Ouro","Ouro",,"Estação Ecológica Juréia-Itatins, Proximidade do maciço da Juréia, morro a esquerda da bifurcação da trilha no alto da encosta, próximo ao alojamento do IBAMA"
"ESTAÇÃO ECOLÓGICA JURÉIA-ITATINS","Angiosperms","Bignoniaceae","Adenocalymma","dusenii","Kraenzl.","BIGNONIACEAE Adenocalymma dusenii Kraenzl.","263100a","Splink","SP",,"1333","Native","Ouro","Ouro",,"Estação Ecológica Juréia-Itatins, Caminho do Imperador"
"ESTAÇÃO ECOLÓGICA JURÉIA-ITATINS","Angiosperms","Bignoniaceae","Adenocalymma","marginatum","(Cham.) DC.","BIGNONIACEAE Adenocalymma marginatum (Cham.) DC.","SPSF00023781","Splink","SPSF",,"1277","Native","Ouro","Ouro",,"Estação Ecológica Juréia-Itatins, Proximidades do alojamento, mata de planície"
"ESTAÇÃO ECOLÓGICA JURÉIA-ITATINS","Angiosperms","Bignoniaceae","Anemopaegma","chamberlaynii","(Sims) Bureau & K.Schum.","BIGNONIACEAE Anemopaegma chamberlaynii (Sims) Bureau & K.Schum.","277301","GBIF","SP","Anunciacao, E.A.","634","Native","Bronze","Ouro","https://images.cria.org.br/viewer/SP058273","Estação Ecológica Juréia-Itatins, Serra da Juréia, arredores do alojamento do IBAMA"
"ESTAÇÃO ECOLÓGICA JURÉIA-ITATINS","Angiosperms","Bignoniaceae","Dolichandra","unguiculata","(Vell.) L.G.Lohmann","BIGNONIACEAE Dolichandra unguiculata (Vell.) L.G.Lohmann","277176","GBIF","SP","Cordeiro, I.","1462","Native","Bronze","Ouro",,"Estação Ecológica Juréia-Itatins, Mata de planície do Rio Verde, junto ao alojamento da Secretaria"
"ESTAÇÃO ECOLÓGICA JURÉIA-ITATINS","Angiosperms","Bignoniaceae","Dolichandra","unguis-cati","(L.) L.G.Lohmann","BIGNONIACEAE Dolichandra unguis-cati (L.) L.G.Lohmann","309040","GBIF","SP","Favero, O.A.","194","Native","Prata","Ouro",,"Estação Ecológica Juréia-Itatins, Cachoeira do Guilherme, no caminho atrás da casa de Dona Juvelina"
"ESTAÇÃO ECOLÓGICA JURÉIA-ITATINS","Angiosperms","Bignoniaceae","Fridericia","samydoides","(Cham.) L.G.Lohmann","BIGNONIACEAE Fridericia samydoides (Cham.) L.G.Lohmann","028483","GBIF","ESA","Souza, V.C.","9464","Native","Bronze","Ouro",,"Estação Ecológica da Juréia. Arredores da foz do Rio Guaraú."
"ESTAÇÃO ECOLÓGICA JURÉIA-ITATINS","Angiosperms","Bignoniaceae","Handroanthus","bureavii","(Sandwith) S.Grose","BIGNONIACEAE Handroanthus bureavii (Sandwith) S.Grose","275291","GBIF","SP","Cordeiro, I.","1485","Native","Bronze","Ouro","https://images.cria.org.br/viewer/SP058887","Estação Ecológica Juréia-Itatins, Alto da Cachoeira Grande, mata de encosta"
"ESTAÇÃO ECOLÓGICA JURÉIA-ITATINS","Angiosperms","Bignoniaceae","Handroanthus","chrysotrichus","(Mart. ex DC.) Mattos","BIGNONIACEAE Handroanthus chrysotrichus (Mart. ex DC.) Mattos","309053","GBIF","SP","Favero, O.A.","609","Native","Prata","Ouro",,"Estação Ecológica Juréia-Itatins, Cachoeira do Guilherme no caminho para a Cachoeira Preta"
"ESTAÇÃO ECOLÓGICA JURÉIA-ITATINS","Angiosperms","Bignoniaceae","Handroanthus","serratifolius","(Vahl) S.Grose","BIGNONIACEAE Handroanthus serratifolius (Vahl) S.Grose","SPSF00023792","Splink","SPSF",,"953","Native","Ouro","Ouro",,"Estação Ecológica Juréia-Itatins"
"ESTAÇÃO ECOLÓGICA JURÉIA-ITATINS","Angiosperms","Bignoniaceae","Handroanthus","umbellatus","(Sond.) Mattos","BIGNONIACEAE Handroanthus umbellatus (Sond.) Mattos","298160","GBIF","SP","Costa, C.B.","134","Native","Ouro","Ouro","https://images.cria.org.br/viewer/SP058987","Estação Ecológica Juréia-Itatins"
"ESTAÇÃO ECOLÓGICA JURÉIA-ITATINS","Angiosperms","Bignoniaceae","Jacaranda","puberula","Cham.","BIGNONIACEAE Jacaranda puberula Cham.","309054","GBIF","SP","Favero, O.A.","651","Native","Prata","Ouro",,"Estação Ecológica Juréia-Itatins, Trilha do Rio Verde para a Cachoeira do Guilherme"
"ESTAÇÃO ECOLÓGICA JURÉIA-ITATINS","Angiosperms","Bignoniaceae","Tabebuia","cassinoides","(Lam.) DC.","BIGNONIACEAE Tabebuia cassinoides (Lam.) DC.","309056","GBIF","SP","Favero, O.A.","368","Native","Prata","Ouro",,"Estação Ecológica Juréia-Itatins, Margem do Rio Comprido, voltando do aguapeu para a Cachoeira do Guilherme"
"ESTAÇÃO ECOLÓGICA JURÉIA-ITATINS","Angiosperms","Bignoniaceae","Tabebuia","obtusifolia","(Cham.) Bureau","BIGNONIACEAE Tabebuia obtusifolia (Cham.) Bureau","309055","GBIF","SP","Favero, O.A.","666","Native","Prata","Ouro",,"Estação Ecológica Juréia-Itatins, Trilha da praia do Rio Verde"
"ESTAÇÃO ECOLÓGICA JURÉIA-ITATINS","Angiosperms","Bignoniaceae","Tanaecium","pyramidatum","(Rich.) L.G.Lohmann","BIGNONIACEAE Tanaecium pyramidatum (Rich.) L.G.Lohmann","SPSF00023777","Splink","SPSF",,"474","Native","Bronze","Ouro",,"Estação Ecológica Juréia-Itatins, Serra da Juréia, mata pluvial de planície, às margens do Rio Verde, nas proximidades do alojamento do IBAMA"
"ESTAÇÃO ECOLÓGICA JURÉIA-ITATINS","Ferns and Lycophytes","Blechnaceae","Blechnum","asplenioides","Sw.","BLECHNACEAE Blechnum asplenioides Sw.","P00904673","GBIF","P","Fernandes, I.",,"Native","Latão","Ouro",,"Estação Ecológica Juréia-Itatins, trilha para Figueira Grande."
"ESTAÇÃO ECOLÓGICA JURÉIA-ITATINS","Ferns and Lycophytes","Blechnaceae","Blechnum","occidentale","L.","BLECHNACEAE Blechnum occidentale L.","RB00788540","GBIF","RB","Fernandes, I.","1020","Native","Bronze","Ouro","jbrj-public-img.s3-sa-east-1.amazonaws.com/JPG/rb/0/78/85/40/00788540.jpg","Estação Ecológica Juréia-Itatins, trilha para campinho, próximo ao alojamento."
"ESTAÇÃO ECOLÓGICA JURÉIA-ITATINS","Ferns and Lycophytes","Blechnaceae","Blechnum","polypodioides","Raddi","BLECHNACEAE Blechnum polypodioides Raddi","883","GBIF","HUSC","Souza, V.C.","1737","Native","Bronze","Bronze",,"Praia do Arpoador, Juréia- Guaraú."
"ESTAÇÃO ECOLÓGICA JURÉIA-ITATINS","Ferns and Lycophytes","Blechnaceae","Neoblechnum","brasiliense","(Desv.) Gasper & V.A.O. Dittrich","BLECHNACEAE Neoblechnum brasiliense (Desv.) Gasper & V.A.O. Dittrich","881","GBIF","HUSC","Souza, V.C.","1736","Native","Bronze","Bronze",,"Praia do Arpoador, Juréia- Guaraú."
"ESTAÇÃO ECOLÓGICA JURÉIA-ITATINS","Ferns and Lycophytes","Blechnaceae","Parablechnum","cordatum","(Desv.) Gasper & Salino","BLECHNACEAE Parablechnum cordatum (Desv.) Gasper & Salino","MBM386759","Splink","MBM",,"361","Native","Bronze","Ouro",,"Estação Ecológica Juréia-Itatins, trilha para o campo do alto do morro próximo ao alojamento."
"ESTAÇÃO ECOLÓGICA JURÉIA-ITATINS","Ferns and Lycophytes","Blechnaceae","Salpichlaena","volubilis","(Kaulf.) J.Sm.","BLECHNACEAE Salpichlaena volubilis (Kaulf.) J.Sm.","884","GBIF","HUSC","Lopes, E.","1738","Native","Bronze","Bronze",,"Guarauzinho, Riacho Água-Fria, EE Juréia-Itatins."
"ESTAÇÃO ECOLÓGICA JURÉIA-ITATINS","Ferns and Lycophytes","Blechnaceae","Telmatoblechnum","serrulatum","(Rich.) Perrie, D.J. Ohlsen & Brownsey","BLECHNACEAE Telmatoblechnum serrulatum (Rich.) Perrie, D.J. Ohlsen & Brownsey","942","GBIF","HUSC","Lopes, E.","1766","Native","Bronze","Bronze",,"Guarauzinho, Riacho Água-Fria, EE Juréia-Itatins."
"ESTAÇÃO ECOLÓGICA JURÉIA-ITATINS",,"Brachytheciaceae","Rhynchostegium","scariosum","(Taylor) Spruce","BRACHYTHECIACEAE Rhynchostegium scariosum (Taylor) Spruce","4732","GBIF","HUSC","Paixao, R.C.","3",,"Bronze","Bronze",,"Trilha do Costão."
"ESTAÇÃO ECOLÓGICA JURÉIA-ITATINS",,"Brachytheciaceae","Squamidium","brasiliense","(Hornsch.) Broth.","BRACHYTHECIACEAE Squamidium brasiliense (Hornsch.) Broth.","90143700","GBIF","MO","Visnadi, S.R.","572",,"Bronze","Bronze",,"Iguape, Estacão Ecológica da Juréia."
"ESTAÇÃO ECOLÓGICA JURÉIA-ITATINS",,"Brachytheciaceae","Zelometeorium","patulum","(Hedw.) Manuel","BRACHYTHECIACEAE Zelometeorium patulum (Hedw.) Manuel","90155956","GBIF","MO","Visnadi, S.R.","571",,"Bronze","Bronze",,"Iguape, Estacão Ecológica da Juréia."
"ESTAÇÃO ECOLÓGICA JURÉIA-ITATINS","Angiosperms","Brassicaceae","Brassica","juncea","(L.) Czern.","BRASSICACEAE Brassica juncea (L.) Czern.","309129","GBIF","SP","Favero, O.A.","268","Naturalized","Prata","Ouro",,"Estação Ecológica Juréia-Itatins, Rio Comprido, no canteiro de Dona Nerci"
"ESTAÇÃO ECOLÓGICA JURÉIA-ITATINS","Angiosperms","Bromeliaceae","Aechmea","caudata","Lindm.","BROMELIACEAE Aechmea caudata Lindm.","RB00531689","GBIF","RB","Fischer, E.A.",,"Native","Latão","Prata","jbrj-public-img.s3-sa-east-1.amazonaws.com/JPG/rb/0/53/16/89/00531689.jpg","Rio Verde."
"ESTAÇÃO ECOLÓGICA JURÉIA-ITATINS","Angiosperms","Bromeliaceae","Aechmea","distichantha","Lem.","BROMELIACEAE Aechmea distichantha Lem.","19840326","GBIF","E","Argent, G.C.G.","697","Native","Latão","Bronze",,"Jureia"
"ESTAÇÃO ECOLÓGICA JURÉIA-ITATINS","Angiosperms","Bromeliaceae","Aechmea","gamosepala","Wittm.","BROMELIACEAE Aechmea gamosepala Wittm.","258566","GBIF","SP","Anunciacao, E.A.","139","Native","Ouro","Ouro",,"Estação Ecológica Juréia-Itatins, Trtilha do Imperador em direção à Praia do Rio Verde"
"ESTAÇÃO ECOLÓGICA JURÉIA-ITATINS","Angiosperms","Bromeliaceae","Aechmea","gracilis","Lindm.","BROMELIACEAE Aechmea gracilis Lindm.","RB00531778","GBIF","RB","Cordeiro, I.","1573","Native","Bronze","Ouro","jbrj-public-img.s3-sa-east-1.amazonaws.com/JPG/rb/0/53/17/78/00531778.jpg","Estação Ecológica de Juréia-Itatins, Guarauzinho."
"ESTAÇÃO ECOLÓGICA JURÉIA-ITATINS","Angiosperms","Bromeliaceae","Aechmea","nudicaulis","(L.) Griseb.","BROMELIACEAE Aechmea nudicaulis var. nudicaulis (L.) Griseb.","19840315","GBIF","E","Argent, G.","674","Native","Latão","Bronze",,"Jureia"
"ESTAÇÃO ECOLÓGICA JURÉIA-ITATINS","Angiosperms","Bromeliaceae","Aechmea","organensis","Wawra","BROMELIACEAE Aechmea organensis Wawra","311219","GBIF","SP","Proenca, S.L.","114","Native","Ouro","Ouro",,"Estação Ecológica Juréia-Itatins, Serra da Juréia, trilha da cachoeira, próximo ao Rio Verde."
"ESTAÇÃO ECOLÓGICA JURÉIA-ITATINS","Angiosperms","Bromeliaceae","Aechmea","pectinata","Baker","BROMELIACEAE Aechmea pectinata Baker","SP050645","Splink","SP",,"1753","Native","Bronze","Ouro",,"Estação Ecológica Juréia-Itatins, Trilha do Imperador, floresta pluvial de Atlântica"
"ESTAÇÃO ECOLÓGICA JURÉIA-ITATINS","Angiosperms","Bromeliaceae","Ananas","bracteatus","(Lindl.) Schult. & Schult.f.","BROMELIACEAE Ananas bracteatus (Lindl.) Schult. & Schult.f.","329618","GBIF","SP","Favero, O.A.","738","Native","Prata","Ouro",,"Estação Ecológica Juréia-Itatins, Trilha do Aguapeu para a Cachoeira do Guilherme"
"ESTAÇÃO ECOLÓGICA JURÉIA-ITATINS","Angiosperms","Bromeliaceae","Billbergia","amoena","(Lodd.) Lindl.","BROMELIACEAE Billbergia amoena (Lodd.) Lindl.","254663","GBIF","SP","Pereira, D.F.","181","Native","Ouro","Ouro","https://images.cria.org.br/viewer/SP051077","Estação Ecológica Juréia-Itatins, Trilha em direção a Figueira"
"ESTAÇÃO ECOLÓGICA JURÉIA-ITATINS","Angiosperms","Bromeliaceae","Bromelia","antiacantha","Bertol.","BROMELIACEAE Bromelia antiacantha Bertol.","309039","GBIF","SP","Favero, O.A.","520","Native","Prata","Ouro",,"Estação Ecológica Juréia-Itatins, Trilha para o Rio Verde para a Cachoeira do guilherme, no caminho para Brasilia"
"ESTAÇÃO ECOLÓGICA JURÉIA-ITATINS","Angiosperms","Bromeliaceae","Canistropsis","billbergioides","(Schult. & Schult.f.) Leme","BROMELIACEAE Canistropsis billbergioides (Schult. & Schult.f.) Leme","SPSF00025085","Splink","SPSF",,"549","Native","Ouro","Ouro",,"Reserva Ecológica Juréia-Itatins, Trilha para a Figueira Grande"
"ESTAÇÃO ECOLÓGICA JURÉIA-ITATINS","Angiosperms","Bromeliaceae","Canistropsis","burchellii","(Baker) Leme","BROMELIACEAE Canistropsis burchellii (Baker) Leme","139805143","GBIF","Observations","Abrahamsen, P.",,"Native","Bronze","Bronze",,"Trilha Pico do Itatins, Peruíbe, SP, BR"
"ESTAÇÃO ECOLÓGICA JURÉIA-ITATINS","Angiosperms","Bromeliaceae","Edmundoa","lindenii","(Regel) Leme","BROMELIACEAE Edmundoa lindenii (Regel) Leme","287811","GBIF","SP","Nicolau, S.A.","836","Native","Ouro","Ouro","https://images.cria.org.br/viewer/SP051705","Estação Ecológica Juréia-Itatins, Trilha da Figueira"
"ESTAÇÃO ECOLÓGICA JURÉIA-ITATINS","Angiosperms","Bromeliaceae","Neoregelia","laevis","(Mez) L.B.Sm.","BROMELIACEAE Neoregelia laevis (Mez) L.B.Sm.","396984","GBIF","SP","Araujo, A.C.","s.n.","Native","Ouro","Ouro","https://images.cria.org.br/viewer/SP051945","Estação Ecológica Juréia-Itatins, Epífita. Próxima ao Mangue."
"ESTAÇÃO ECOLÓGICA JURÉIA-ITATINS","Angiosperms","Bromeliaceae","Nidularium","innocentii","Lem.","BROMELIACEAE Nidularium innocentii var. innocentii Lem.","237988","GBIF","SP","Mamede, M.C.H.","229","Native","Ouro","Ouro","https://images.cria.org.br/viewer/SP052109","Estação Ecológica Juréia-Itatins"
"ESTAÇÃO ECOLÓGICA JURÉIA-ITATINS","Angiosperms","Bromeliaceae","Nidularium","procerum","Lindm.","BROMELIACEAE Nidularium procerum Lindm.","SPSF00025084","Splink","SPSF",,"209","Native","Ouro","Ouro",,"Reserva Ecológica Juréia-Itatins, Trilha em direção ao Poço, interior da mata"
"ESTAÇÃO ECOLÓGICA JURÉIA-ITATINS","Angiosperms","Bromeliaceae","Pitcairnia","flammea","Lindl.","BROMELIACEAE Pitcairnia flammea var. flammea Lindl.","K002274588","GBIF","K","Argent","673","Native","Latão","Bronze",,"Jureia"
"ESTAÇÃO ECOLÓGICA JURÉIA-ITATINS","Angiosperms","Bromeliaceae","Pitcairnia","flammea","L.B.Sm.","BROMELIACEAE Pitcairnia flammea var. floccosa L.B.Sm.","19840276","GBIF","E","Argent, G.C.G.","635","Native","Latão","Bronze",,"Jureia"
"ESTAÇÃO ECOLÓGICA JURÉIA-ITATINS","Angiosperms","Bromeliaceae","Pitcairnia","flammea","L.B.Sm.","BROMELIACEAE Pitcairnia flammea var. glabrior L.B.Sm.","SPSF00025072","Splink","SPSF",,"11","Native","Ouro","Ouro",,"Reserva Ecológica Juréia-Itatins, Trilha para Figueira"
"ESTAÇÃO ECOLÓGICA JURÉIA-ITATINS","Angiosperms","Bromeliaceae","Quesnelia","arvensis","(Vell.) Mez","BROMELIACEAE Quesnelia arvensis (Vell.) Mez","24631","GBIF","HUEFS","Queiroz, L.P.","4534","Native","Bronze","Ouro","https://images.cria.org.br/viewer/HUEFS0024631_e1","Estação Ecológica Juréia-Itatins."
"ESTAÇÃO ECOLÓGICA JURÉIA-ITATINS","Angiosperms","Bromeliaceae","Quesnelia","humilis","Mez","BROMELIACEAE Quesnelia humilis Mez","SPSF00025074","Splink","SPSF",,"615","Native","Ouro","Ouro",,"Estação Ecológica Juréia-Itatins, Proximidades do maciço da Juréia, trilha do alojamento do IBAMA até o pocinho do Rio Verde, mata das margens do rio"
"ESTAÇÃO ECOLÓGICA JURÉIA-ITATINS","Angiosperms","Bromeliaceae","Quesnelia","testudo","Lindm.","BROMELIACEAE Quesnelia testudo Lindm.","309047","GBIF","SP","Favero, O.A.","255","Native","Prata","Ouro",,"Estação Ecológica Juréia-Itatins, Cachoeira do Guilherme, próximo a casa de Dona Carmem"
"ESTAÇÃO ECOLÓGICA JURÉIA-ITATINS","Angiosperms","Bromeliaceae","Racinaea","spiculosa","(Griseb.) M.A.Spencer & L.B.Sm.","BROMELIACEAE Racinaea spiculosa (Griseb.) M.A.Spencer & L.B.Sm.","254437","GBIF","SP","Nicolau, S.A.","387","Native","Ouro","Ouro",,"Estação Ecológica Juréia-Itatins, Trilha do Poçinho, margem do Rio Verde."
"ESTAÇÃO ECOLÓGICA JURÉIA-ITATINS","Angiosperms","Bromeliaceae","Tillandsia","dura","Baker","BROMELIACEAE Tillandsia dura Baker","SPSF00038180","Splink","SPSF",,"96","Native","Ouro","Ouro",,"Estação Ecológica Juréia-Itatins, Rio Una do prelado."
"ESTAÇÃO ECOLÓGICA JURÉIA-ITATINS","Angiosperms","Bromeliaceae","Tillandsia","geminiflora","Brongn.","BROMELIACEAE Tillandsia geminiflora Brongn.","253116","GBIF","SP","Kameyama, C.","6","Native","Ouro","Ouro",,"Estação Ecológica Juréia-Itatins, Alto do morro próximo ao alojamento, mata arbustiva de topo de morro"
"ESTAÇÃO ECOLÓGICA JURÉIA-ITATINS","Angiosperms","Bromeliaceae","Tillandsia","stricta","Sol.","BROMELIACEAE Tillandsia stricta Sol.","263547","GBIF","SP","Fischer, E.A.","s.n.","Native","Ouro","Ouro","https://images.cria.org.br/viewer/SP053162","Estação Ecológica Juréia-Itatins, Rio Verde."
"ESTAÇÃO ECOLÓGICA JURÉIA-ITATINS","Angiosperms","Bromeliaceae","Tillandsia","tenuifolia","L.","BROMELIACEAE Tillandsia tenuifolia L.","248048","GBIF","SP","Mamede, M.C.H.","397","Native","Ouro","Ouro","https://images.cria.org.br/viewer/SP053216","Estação Ecológica Juréia-Itatins, Beira do Rio Verde, descendo em direção à foz, mata"
"ESTAÇÃO ECOLÓGICA JURÉIA-ITATINS","Angiosperms","Bromeliaceae","Vriesea","carinata","Wawra","BROMELIACEAE Vriesea carinata Wawra","71680","GBIF","UEC",,"s.n.","Native","Latão","Bronze","https://images.cria.org.br/viewer/UEC043447","Fazenda Itareí, Serra do Paranapiacaba. Br 116 km 350. Floresta tropical pluvial atlântica de encosta, trilha Riacho Posse Nova."
"ESTAÇÃO ECOLÓGICA JURÉIA-ITATINS","Angiosperms","Bromeliaceae","Vriesea","ensiformis","(Vell.) Beer","BROMELIACEAE Vriesea ensiformis (Vell.) Beer","344576","GBIF","SP","Alves, M.","1748","Native","Ouro","Ouro","https://images.cria.org.br/viewer/SP050433","Estação Ecológica Juréia-Itatins, Trilha do Imperador."
"ESTAÇÃO ECOLÓGICA JURÉIA-ITATINS","Angiosperms","Bromeliaceae","Vriesea","flammea","L.B.Sm.","BROMELIACEAE Vriesea flammea L.B.Sm.","344555","GBIF","SP","Alves, M.","1770","Native","Ouro","Ouro","https://images.cria.org.br/viewer/SP053568","Estação Ecológica Juréia-Itatins, Trilha para o Morrinho."
"ESTAÇÃO ECOLÓGICA JURÉIA-ITATINS","Angiosperms","Bromeliaceae","Vriesea","heterostachys","(Baker) L.B.Sm.","BROMELIACEAE Vriesea heterostachys (Baker) L.B.Sm.","244627","GBIF","SP","Catharino, E.L.M.","1403","Native","Ouro","Ouro","https://images.cria.org.br/viewer/SP053657","Estação Ecológica Juréia-Itatins, Proximidades do maciço da Juréia, mata de encosta junto ao paredão rochoso próximo ao alojamento"
"ESTAÇÃO ECOLÓGICA JURÉIA-ITATINS","Angiosperms","Bromeliaceae","Vriesea","incurvata","Gaudich.","BROMELIACEAE Vriesea incurvata Gaudich.","71679","GBIF","UEC",,"s.n.","Native","Latão","Bronze","https://images.cria.org.br/viewer/UEC043371","Fazenda Itareí, Serra de Paranapiacaba. Trilha Riacho Posse Nova."
"ESTAÇÃO ECOLÓGICA JURÉIA-ITATINS","Angiosperms","Bromeliaceae","Vriesea","longiscapa","Ule","BROMELIACEAE Vriesea longiscapa Ule","19840281","GBIF","E","Argent, G.","640","Native","Latão","Bronze",,"Jureia"
"ESTAÇÃO ECOLÓGICA JURÉIA-ITATINS","Angiosperms","Bromeliaceae","Vriesea","rodigasiana","É.Morren","BROMELIACEAE Vriesea rodigasiana É.Morren","SPSF00037901","Splink","SPSF",,"90","Native","Bronze","Ouro",,"Estação Ecológica Juréia-Itatins."
"ESTAÇÃO ECOLÓGICA JURÉIA-ITATINS","Angiosperms","Bromeliaceae","Vriesea","tijucana","E.Pereira","BROMELIACEAE Vriesea tijucana E.Pereira","SP053930","Splink","SP",,"818","Native","Bronze","Ouro",,"Estação Ecológica Juréia-Itatins, Serra da Juréia, campo próximo ao alojamento"
"ESTAÇÃO ECOLÓGICA JURÉIA-ITATINS","Angiosperms","Bromeliaceae","Vriesea","vagans","(L.B.Sm.) L.B.Sm.","BROMELIACEAE Vriesea vagans (L.B.Sm.) L.B.Sm.","300391","GBIF","SP","Cordeiro, I.","1636","Native","Ouro","Ouro","https://images.cria.org.br/viewer/SP053968","Estação Ecológica Juréia-Itatins, Estrada entre os rios Una e Verde"
"ESTAÇÃO ECOLÓGICA JURÉIA-ITATINS","Angiosperms","Bromeliaceae","Wittrockia","superba","Lindm.","BROMELIACEAE Wittrockia superba Lindm.","254445","GBIF","SP","Nicolau, S.A.","395","Native","Ouro","Ouro","https://images.cria.org.br/viewer/SP051464","Estação Ecológica Juréia-Itatins, Trilha para a Cachoeira do Salto."
"ESTAÇÃO ECOLÓGICA JURÉIA-ITATINS",,"Bryaceae","Bryum","argenteum","Hedw.","BRYACEAE Bryum argenteum Hedw.","001354","GBIF","HUFABC","Yano, O.","11900",,"Latão","Ouro","https://images.cria.org.br/viewer/HUFABC001354 | https://images.cria.org.br/viewer/HUFABC001354_1 | https://images.cria.org.br/viewer/HUFABC001354_2","Estação Ecológica de Juréia, Sobre pedra úmida, mata de encosta"
"ESTAÇÃO ECOLÓGICA JURÉIA-ITATINS",,"Bryaceae","Rhodobryum","subverticillatum","Broth.","BRYACEAE Rhodobryum subverticillatum Broth.","PC0728138","GBIF","PC","Yano, O.",,,"Latão","Bronze",,"Brasil, Sao Paulo, Iguape, Barra do Ribeira"
"ESTAÇÃO ECOLÓGICA JURÉIA-ITATINS",,"Bryaceae","Rosulabryum","densifolium","(Brid.) Ochyra","BRYACEAE Rosulabryum densifolium (Brid.) Ochyra","PC0735890","GBIF","PC","Yano, O.",,,"Latão","Bronze",,"Brasil, Sao Paulo, Iguape, Barra do Ribeira"
"ESTAÇÃO ECOLÓGICA JURÉIA-ITATINS",,"Burmanniaceae","Dictyota",,,"BURMANNIACEAE Dictyota sp.","HUSC001010","Splink","HUSC",,"1788",,"Latão","Ouro",,"Estação ecológica Juréia - Guaraú"
"ESTAÇÃO ECOLÓGICA JURÉIA-ITATINS","Angiosperms","Burmanniaceae","Gymnosiphon","divaricatus","(Benth.) Benth. & Hook.f.","BURMANNIACEAE Gymnosiphon divaricatus (Benth.) Benth. & Hook.f.","299180A","GBIF","SP","Nicolau, S.A.","1057","Native","Ouro","Ouro","https://images.cria.org.br/viewer/SP044968","Estação Ecológica Juréia-Itatins, Serra da Juréia, trilha para o pocinho"
"ESTAÇÃO ECOLÓGICA JURÉIA-ITATINS","Angiosperms","Burseraceae","Protium","kleinii","Cuatrec.","BURSERACEAE Protium kleinii Cuatrec.","SPSF00023935","Splink","SPSF",,"928","Native","Ouro","Ouro",,"Estação Ecológica Juréia-Itatins, Trilha em direção ao alto do maciço. Mata da encosta."
"ESTAÇÃO ECOLÓGICA JURÉIA-ITATINS","Angiosperms","Burseraceae","Protium","widgrenii","Engl.","BURSERACEAE Protium widgrenii Engl.","309329","GBIF","SP","Melo, M.M.R.F.","1122","Native","Prata","Ouro",,"Estação Ecológica Juréia-Itatins, Margens do rio Verde, próximo ao alojamento"
"ESTAÇÃO ECOLÓGICA JURÉIA-ITATINS","Angiosperms","Cactaceae","Cereus","fernambucensis","Lem.","CACTACEAE Cereus fernambucensis Lem.","251814","GBIF","SP","Rossi, L.","1001","Native","Ouro","Ouro",,"Estação Ecológica Juréia-Itatins, Praia do rio Verde, próximo a Foz do rio Verde, junto ao costão rochoso"
"ESTAÇÃO ECOLÓGICA JURÉIA-ITATINS","Angiosperms","Cactaceae","Lepismium","cruciforme","(Vell.) Miq.","CACTACEAE Lepismium cruciforme (Vell.) Miq.","19840323","GBIF","E","Argent, G.C.G.","694","Native","Latão","Bronze",,"Jureia"
"ESTAÇÃO ECOLÓGICA JURÉIA-ITATINS","Angiosperms","Cactaceae","Pereskia","aculeata","Mill.","CACTACEAE Pereskia aculeata Mill.","309043","GBIF","SP","Favero, O.A.","476","Native","Prata","Ouro",,"Estação Ecológica Juréia-Itatins, Aguapeu, próximo á casinha de farinha do Sr. Bianor"
"ESTAÇÃO ECOLÓGICA JURÉIA-ITATINS","Angiosperms","Cactaceae","Rhipsalis","baccifera","(J.M.Muell.) Stearn","CACTACEAE Rhipsalis baccifera (J.M.Muell.) Stearn","309045","GBIF","SP","Favero, O.A.","375","Native","Prata","Ouro",,"Estação Ecológica Juréia-Itatins, Margem do Rio Cachoeira do Guilherme"
"ESTAÇÃO ECOLÓGICA JURÉIA-ITATINS","Angiosperms","Cactaceae","Rhipsalis","elliptica","G.Lindb. ex K.Schum.","CACTACEAE Rhipsalis elliptica G.Lindb. ex K.Schum.","SPSF00023939","Splink","SPSF",,"943","Native","Ouro","Ouro",,"Estação Ecológica Juréia-Itatins, Serra da Juréia, às margens do rio Verde em direão à Foz, mata"
"ESTAÇÃO ECOLÓGICA JURÉIA-ITATINS","Angiosperms","Cactaceae","Rhipsalis","pachyptera","Pfeiff.","CACTACEAE Rhipsalis pachyptera Pfeiff.","SPSF00023938","Splink","SPSF",,"1058","Native","Ouro","Ouro",,"Estação Ecológica Juréia-Itatins, Serra da Juréia, trilha para a Figueira Grande"
"ESTAÇÃO ECOLÓGICA JURÉIA-ITATINS","Angiosperms","Cactaceae","Rhipsalis","paradoxa","N.P.Taylor & Barthlott","CACTACEAE Rhipsalis paradoxa subsp. septentrionalis N.P.Taylor & Barthlott","254472","GBIF","SP","Mamede, M.C.H.","495","Native","Ouro","Ouro",,"Estação Ecológica Juréia-Itatins, Serra da Juréia, caminho do Imperador em direção à praia da Juréia, mata"
"ESTAÇÃO ECOLÓGICA JURÉIA-ITATINS","Angiosperms","Cactaceae","Rhipsalis","pilocarpa","Loefgr.","CACTACEAE Rhipsalis pilocarpa Loefgr.","SPSF00023917","Splink","SPSF",,"906","Native","Latão","Ouro",,"Estação Ecológica Juréia-Itatins, Trilha da Figueira, mata de encosta (Na trilha, logo após o 3° riacho)"
"ESTAÇÃO ECOLÓGICA JURÉIA-ITATINS","Angiosperms","Cactaceae","Rhipsalis","puniceodiscus","G.Lindb.","CACTACEAE Rhipsalis puniceodiscus G.Lindb.","SPSF00023908","Splink","SPSF",,"1497","Native","Ouro","Ouro",,"Estação Ecológica Juréia-Itatins, Serra da Juréia, Cachoeira do Salto"
"ESTAÇÃO ECOLÓGICA JURÉIA-ITATINS","Angiosperms","Cactaceae","Rhipsalis","teres","(Vell.) Steud.","CACTACEAE Rhipsalis teres (Vell.) Steud.","SPSF00023936","Splink","SPSF",,"282","Native","Ouro","Ouro",,"Reserva Ecológica Juréia-Itatins, Beira do Pocinho"
"ESTAÇÃO ECOLÓGICA JURÉIA-ITATINS",,"Callicostaceae","Lepidopilidium","nitens","(Hornsch.) Broth.","CALLICOSTACEAE Lepidopilidium nitens (Hornsch.) Broth.","FLAS B45049","GBIF","FLAS","S.j.","615",,"Bronze","Bronze",,"ecological station of Jureia, c. 30 km. SW of Itanhaém, on coast; on Atlantic slope of the Serra do Mar"
"ESTAÇÃO ECOLÓGICA JURÉIA-ITATINS",,"Callicostaceae","Lepidopilum","scabrisetum","(Schwägr.) Steere","CALLICOSTACEAE Lepidopilum scabrisetum (Schwägr.) Steere","4756","GBIF","HUSC","Paixao, R.C.","26",,"Bronze","Bronze",,"Trilha do Costão."
"ESTAÇÃO ECOLÓGICA JURÉIA-ITATINS",,"Callicostaceae","Thamniopsis","incurva","(Hornsch.) W.R.Buck","CALLICOSTACEAE Thamniopsis incurva (Hornsch.) W.R.Buck","90252685","GBIF","MO","Frahm, J.-P.","1341",,"Latão","Bronze",,"Peruibe."
"ESTAÇÃO ECOLÓGICA JURÉIA-ITATINS",,"Calomniaceae","Pyrrhobryum","spiniforme","(Hedw.) Mitt.","CALOMNIACEAE Pyrrhobryum spiniforme (Hedw.) Mitt.","348","GBIF","HUSC","Mello, Z.R.","347",,"Bronze","Bronze",,"Estação Ecológica de Juréia- Guaraú."
"ESTAÇÃO ECOLÓGICA JURÉIA-ITATINS","Angiosperms","Calophyllaceae","Calophyllum","brasiliense","Cambess.","CALOPHYLLACEAE Calophyllum brasiliense Cambess.","329599","GBIF","SP","Favero, O.A.","344","Native","Prata","Ouro",,"Estação Ecológica Juréia-Itatins"
"ESTAÇÃO ECOLÓGICA JURÉIA-ITATINS","Angiosperms","Calophyllaceae","Calophyllum","longifolium","Willd.","CALOPHYLLACEAE Calophyllum longifolium Willd.","100632844","GBIF","MO","Anunciacao, E.","276","Native","Bronze","Ouro",,"Estação Ecológica Juréia-Itatins, trilha da Figueira Grande."
"ESTAÇÃO ECOLÓGICA JURÉIA-ITATINS","Angiosperms","Calyceraceae","Acicarpha","spathulata","R.Br.","CALYCERACEAE Acicarpha spathulata R.Br.","SPSF00054563","Splink","SPSF",,"8838","Native","Bronze","Ouro",,"Formação Pioneira de Influência Marinha Herbácea (Vegetação de Praias e Dunas). Estação Ecológica Jureia-Itatins. Praia da base do Rio Verde."
"ESTAÇÃO ECOLÓGICA JURÉIA-ITATINS",,"Calymperaceae","Calymperes","tenerum","Müll.Hal.","CALYMPERACEAE Calymperes tenerum Müll.Hal.","INPA0266053","Splink","INPA",,"11799",,"Latão","Ouro",,"Estação Ecológica de Juréia"
"ESTAÇÃO ECOLÓGICA JURÉIA-ITATINS",,"Calymperaceae","Syrrhopodon","elongatus","(Hampe) W.D.Reese","CALYMPERACEAE Syrrhopodon elongatus var. glaziovii (Hampe) W.D.Reese","47344","GBIF","HUCS","Vital, D.M.","15495",,"Latão","Ouro",,"Estação Ecológica da Juréia"
"ESTAÇÃO ECOLÓGICA JURÉIA-ITATINS",,"Calymperaceae","Syrrhopodon","incompletus","Schwägr.","CALYMPERACEAE Syrrhopodon incompletus Schwägr.","001636","GBIF","HUFABC","Yano, O.","14707",,"Bronze","Ouro","https://images.cria.org.br/viewer/HUFABC001636","Estação Ecológica da Juréia"
"ESTAÇÃO ECOLÓGICA JURÉIA-ITATINS",,"Calymperaceae","Syrrhopodon","parasiticus","(Sw. ex Brid.) Besch.","CALYMPERACEAE Syrrhopodon parasiticus (Sw. ex Brid.) Besch.","223396","GBIF","SP-BRYOPHYTA","Yano, O.","11983",,"Latão","Bronze",,"Barra do Ribeira"
"ESTAÇÃO ECOLÓGICA JURÉIA-ITATINS",,"Calymperaceae","Syrrhopodon","prolifer","(Müll.Hal.) Müll.Hal.","CALYMPERACEAE Syrrhopodon prolifer var. acanthoneuros (Müll.Hal.) Müll.Hal.","47346","GBIF","HUCS","Vital, D.M.","15484",,"Latão","Ouro",,"Estação Ecológica da Juréia"
"ESTAÇÃO ECOLÓGICA JURÉIA-ITATINS","Angiosperms","Campanulaceae","Hippobroma","longiflora","(L.) G.Don","CAMPANULACEAE Hippobroma longiflora (L.) G.Don","329608","GBIF","SP","Favero, O.A.","741","Native","Prata","Ouro",,"Estação Ecológica Juréia-Itatins, trilha do Aguapeú para a cachoeira do Guilherme"
"ESTAÇÃO ECOLÓGICA JURÉIA-ITATINS","Angiosperms","Campanulaceae","Siphocampylus","convolvulaceus","(Cham.) G.Don","CAMPANULACEAE Siphocampylus convolvulaceus (Cham.) G.Don","253054","GBIF","SP","Nicolau, S.A.","243","Native","Bronze","Ouro",,"Estação Ecológica Juréia-Itatins, Margens do rio Verde, próximo ao alojamento"
"ESTAÇÃO ECOLÓGICA JURÉIA-ITATINS","Angiosperms","Canellaceae","Cinnamodendron","dinisii","Schwacke","CANELLACEAE Cinnamodendron dinisii Schwacke","SPSF00023883","Splink","SPSF",,"82","Native","Latão","Ouro",,"Estação Ecológica Juréia-Itatins, Serra da Juréia, margem do Rio Verde"
"ESTAÇÃO ECOLÓGICA JURÉIA-ITATINS","Angiosperms","Cannabaceae","Trema","micranthum","(L.) Blume","CANNABACEAE Trema micranthum (L.) Blume","426136","GBIF","SP","Pederneiras, L.C.","590","Native","Ouro","Ouro",,"Estação Ecológica Juréia-Itatins, Bairro do Guaraú"
"ESTAÇÃO ECOLÓGICA JURÉIA-ITATINS","Angiosperms","Cannaceae","Canna","indica","L.","CANNACEAE Canna indica L.","309041","GBIF","SP","Favero, O.A.","590","Native","Prata","Ouro",,"Estação Ecológica Juréia-Itatins, Cachoeira do Guilherme no quintal da casa da Dona Carmem"
"ESTAÇÃO ECOLÓGICA JURÉIA-ITATINS","Angiosperms","Cardiopteridaceae","Citronella","paniculata","(Mart.) R.A.Howard","CARDIOPTERIDACEAE Citronella paniculata (Mart.) R.A.Howard","247202","GBIF","SP","Mamede, M.C.H.","357","Native","Bronze","Ouro",,"Reserva Ecológica Juréia-Itatins, Trilha do Imperador, maciço da Juréia"
"ESTAÇÃO ECOLÓGICA JURÉIA-ITATINS","Angiosperms","Caricaceae","Carica","papaya","L.","CARICACEAE Carica papaya L.","309101","GBIF","SP","Favero, O.A.","266","Naturalized","Prata","Ouro",,"Estação Ecológica Juréia-Itatins, Cachoeira do Guilherme em frente á casa de Dona Jovelina"
"ESTAÇÃO ECOLÓGICA JURÉIA-ITATINS","Angiosperms","Caricaceae","Jacaratia","spinosa","(Aubl.) A.DC.","CARICACEAE Jacaratia spinosa (Aubl.) A.DC.","44506","GBIF","SPSF","Moura, C.","352","Native","Bronze","Bronze",,"Estação Ecológica Juréia - Itatins"
"ESTAÇÃO ECOLÓGICA JURÉIA-ITATINS","Angiosperms","Celastraceae","Cheiloclinium","cognatum","(Miers) A.C.Sm.","CELASTRACEAE Cheiloclinium cognatum (Miers) A.C.Sm.","SPSF00024136","Splink","SPSF",,"825","Native","Ouro","Ouro",,"Estação Ecológica Juréia-Itatins, Trilha do Pocinho"
"ESTAÇÃO ECOLÓGICA JURÉIA-ITATINS","Angiosperms","Celastraceae","Cheiloclinium","serratum","(Cambess.) A.C.Sm.","CELASTRACEAE Cheiloclinium serratum (Cambess.) A.C.Sm.","252697","GBIF","SP","Rossi, L.","942","Native","Ouro","Ouro",,"Estação Ecológica Juréia-Itatins, Margem do Rio Verde"
"ESTAÇÃO ECOLÓGICA JURÉIA-ITATINS","Angiosperms","Celastraceae","Elachyptera","micrantha","(Cambess.) A.C.Sm.","CELASTRACEAE Elachyptera micrantha (Cambess.) A.C.Sm.","251737","GBIF","SP","Costa, M.P.","61","Native","Ouro","Ouro",,"Estação Ecológica Juréia-Itatins, Restinga próxima ao Rio Verde"
"ESTAÇÃO ECOLÓGICA JURÉIA-ITATINS","Angiosperms","Celastraceae","Hippocratea","volubilis","L.","CELASTRACEAE Hippocratea volubilis L.","254408","GBIF","SP","Rossi, L.","1054","Native","Ouro","Ouro",,"Estação Ecológica Juréia-Itatins, Margens do Rio Verde"
"ESTAÇÃO ECOLÓGICA JURÉIA-ITATINS","Angiosperms","Celastraceae","Monteverdia","cestrifolia","(Reissek) Biral","CELASTRACEAE Monteverdia cestrifolia (Reissek) Biral","309097","GBIF","SP","Favero, O.A.","781","Native","Prata","Ouro",,"Estação Ecológica Juréia-Itatins, Despraiado na trilha para o Queimado e também atrás da casa da Dona Diva"
"ESTAÇÃO ECOLÓGICA JURÉIA-ITATINS","Angiosperms","Celastraceae","Monteverdia","gonoclados","(Mart.) Biral","CELASTRACEAE Monteverdia gonoclados (Mart.) Biral","SPSF00023966","Splink","SPSF",,"302","Native","Ouro","Ouro",,"Estação Ecológica Juréia-Itatins, Trilha para a Figueira Grande."
"ESTAÇÃO ECOLÓGICA JURÉIA-ITATINS","Angiosperms","Celastraceae","Monteverdia","littoralis","(R.M. Carvalho-Okano) Biral","CELASTRACEAE Monteverdia littoralis (R.M. Carvalho-Okano) Biral","SPSF00023901","Splink","SPSF",,"452","Native","Ouro","Ouro",,"Estação Ecológica Juréia-Itatins. Serra da Juréia, margem do Rio Verde."
"ESTAÇÃO ECOLÓGICA JURÉIA-ITATINS","Angiosperms","Celastraceae","Monteverdia","schumanniana","(Loes.) Biral","CELASTRACEAE Monteverdia schumanniana (Loes.) Biral","269305","GBIF","SP","Bianchini, R.S.","49","Native","Bronze","Prata",,"Serra da Juréia"
"ESTAÇÃO ECOLÓGICA JURÉIA-ITATINS","Angiosperms","Celastraceae","Peritassa","flaviflora","A.C.Sm.","CELASTRACEAE Peritassa flaviflora A.C.Sm.","SPSF00024123","Splink","SPSF",,"466","Native","Ouro","Ouro",,"Estação Ecológica Juréia-Itatins, Serra da Juréia, trilha para o campinho próximo ao alojamento"
"ESTAÇÃO ECOLÓGICA JURÉIA-ITATINS","Angiosperms","Celastraceae","Peritassa","hatschbachii","Lombardi","CELASTRACEAE Peritassa hatschbachii Lombardi","SPSF00024129","Splink","SPSF",,"447","Native","Ouro","Ouro",,"Estação Ecológica Juréia-Itatins, Serra da Juréia, margem do Rio Verde"
"ESTAÇÃO ECOLÓGICA JURÉIA-ITATINS","Angiosperms","Celastraceae","Peritassa","mexiae","A.C. Sm.","CELASTRACEAE Peritassa mexiae A.C. Sm.","SPSF00024125","Splink","SPSF",,"1068","Native","Ouro","Ouro",,"Estação Ecológica Juréia-Itatins, Trilha para a Cachoeira do Salto"
"ESTAÇÃO ECOLÓGICA JURÉIA-ITATINS","Angiosperms","Celastraceae","Salacia","elliptica","(Mart.) G. Don","CELASTRACEAE Salacia elliptica (Mart.) G. Don","SPSF00024127","Splink","SPSF",,"1139","Native","Latão","Ouro",,"Estação Ecológica Juréia-Itatins, Serra da Juréia, mata de encosta da trilha da Figueira"
"ESTAÇÃO ECOLÓGICA JURÉIA-ITATINS","Angiosperms","Celastraceae","Tontelea","tenuicula","(Miers) A.C. Sm.","CELASTRACEAE Tontelea tenuicula (Miers) A.C. Sm.","SPSF00024126","Splink","SPSF",,"944","Native","Ouro","Ouro",,"Estação Ecológica Juréia-Itatins, Margem do Rio Verde"
"ESTAÇÃO ECOLÓGICA JURÉIA-ITATINS","Angiosperms","Chloranthaceae","Hedyosmum","brasiliense","Mart. ex Miq.","CHLORANTHACEAE Hedyosmum brasiliense Mart. ex Miq.","393648","GBIF","NY","Stubblebine, W.H.","13215","Native","Bronze","Bronze",,"Iguape. Est. Ecológica da Juréia(SEMA)"
"ESTAÇÃO ECOLÓGICA JURÉIA-ITATINS","Angiosperms","Chrysobalanaceae","Chrysobalanus","icaco","L.","CHRYSOBALANACEAE Chrysobalanus icaco L.","268564","GBIF","SP","Anunciacao, E.A.","498","Native","Ouro","Ouro",,"Estação Ecológica Juréia-Itatins, Serra da Juréia, praia do Rio Verde, dunas"
"ESTAÇÃO ECOLÓGICA JURÉIA-ITATINS","Angiosperms","Chrysobalanaceae","Couepia","venosa","Prance","CHRYSOBALANACEAE Couepia venosa Prance","309334","GBIF","SP","Melo, M.M.R.F.","1127","Native","Ouro","Ouro",,"Estação Ecológica Juréia-Itatins, margens do rio Verde, próximo ao alojamento"
"ESTAÇÃO ECOLÓGICA JURÉIA-ITATINS","Angiosperms","Chrysobalanaceae","Hirtella","hebeclada","Moric. ex DC.","CHRYSOBALANACEAE Hirtella hebeclada Moric. ex DC.","309335","GBIF","SP","Melo, M.M.R.F.","1128","Native","Ouro","Ouro",,"Estação Ecológica Juréia-Itatins, margens do rio Verde, próximo ao alojamento"
"ESTAÇÃO ECOLÓGICA JURÉIA-ITATINS","Angiosperms","Chrysobalanaceae","Licania","hoehnei","Pilg.","CHRYSOBALANACEAE Licania hoehnei Pilg.","269430","GBIF","SP","Sugiyama, M.","1164","Native","Ouro","Ouro",,"Estação Ecológica Juréia-Itatins, Serra da Juréia, morrinho"
"ESTAÇÃO ECOLÓGICA JURÉIA-ITATINS","Angiosperms","Chrysobalanaceae","Licania","indurata","Pilg.","CHRYSOBALANACEAE Licania indurata Pilg.","K001251009","Splink","K",,"1942","Native","Latão","Bronze",,"Iguape, Estação Ecológica de Juréia, morro de Juréia"
"ESTAÇÃO ECOLÓGICA JURÉIA-ITATINS","Angiosperms","Chrysobalanaceae","Parinari","brasiliensis","(Schott) Hook.f.","CHRYSOBALANACEAE Parinari brasiliensis (Schott) Hook.f.","HUEFS0234013","Splink","HUEFS",,"1044","Native","Ouro","Ouro",,"Estação Ecológica Juréia-Itatins, Mata de Planície, às margens do rio Verde, próxima ao alojamneto."
"ESTAÇÃO ECOLÓGICA JURÉIA-ITATINS","Angiosperms","Chrysobalanaceae","Parinari","excelsa","Sabine","CHRYSOBALANACEAE Parinari excelsa Sabine","309336","GBIF","SP","Melo, M.M.R.F.","1129","Unknown","Ouro","Ouro",,"Estação Ecológica Juréia-Itatins, margens do rio Verde, próximo ao alojamento"
"ESTAÇÃO ECOLÓGICA JURÉIA-ITATINS","Angiosperms","Cleomaceae","Tarenaya","rosea","(Vahl ex DC.) Soares Neto & Roalson","CLEOMACEAE Tarenaya rosea (Vahl ex DC.) Soares Neto & Roalson","011340","GBIF","ESA","Souza, V.C.","533","Native","Prata","Ouro",,"Estação Ecológica da Juréia; Barra do Una"
"ESTAÇÃO ECOLÓGICA JURÉIA-ITATINS","Angiosperms","Clethraceae","Clethra","scabra","(Meisn.) Sleumer","CLETHRACEAE Clethra scabra var. laevigata (Meisn.) Sleumer","309093","GBIF","SP","Favero, O.A.","749","Native","Prata","Ouro",,"Estação Ecológica Juréia-Itatins, Aguapeu no caminho que sai no Sr. Vitor ou no Rio Pequeno"
"ESTAÇÃO ECOLÓGICA JURÉIA-ITATINS","Angiosperms","Clusiaceae","Clusia","criuva","Vesque","CLUSIACEAE Clusia criuva subsp. parviflora Vesque","37863","GBIF","UEC","Figueiredo, N.","15589","Native","Ouro","Ouro","https://images.cria.org.br/viewer/UEC037751","Estação Ecológica de Juréia"
"ESTAÇÃO ECOLÓGICA JURÉIA-ITATINS","Angiosperms","Clusiaceae","Garcinia","gardneriana","(Planch. & Triana) Zappi","CLUSIACEAE Garcinia gardneriana (Planch. & Triana) Zappi","120701","Splink","ICN",,"6874","Native","Prata","Ouro",,"Estação Ecológica da Juréia"
"ESTAÇÃO ECOLÓGICA JURÉIA-ITATINS","Angiosperms","Combretaceae","Laguncularia","racemosa","(L.) C.F.Gaertn.","COMBRETACEAE Laguncularia racemosa (L.) C.F.Gaertn.","329612","GBIF","SP","Favero, O.A.","442","Native","Prata","Ouro",,"Estação Ecológica Juréia-Itatins"
"ESTAÇÃO ECOLÓGICA JURÉIA-ITATINS","Angiosperms","Combretaceae","Terminalia","catappa","L.","COMBRETACEAE Terminalia catappa L.","309090","GBIF","SP","Favero, O.A.","678","Naturalized","Prata","Ouro",,"Estação Ecológica Juréia-Itatins, Arredores da casa do Sr. Malvino e Dalva, próximo á Praia do Rio Verde"
"ESTAÇÃO ECOLÓGICA JURÉIA-ITATINS","Angiosperms","Combretaceae","Terminalia","triflora","(Griseb.) Lillo","COMBRETACEAE Terminalia triflora (Griseb.) Lillo","SPSF00023995","Splink","SPSF",,"1281","Native","Bronze","Ouro",,"Estação Ecológica Juréia-Itatins, Proximidades do alojamento, mata de planície"
"ESTAÇÃO ECOLÓGICA JURÉIA-ITATINS","Angiosperms","Commelinaceae","Commelina","obliqua","Vahl","COMMELINACEAE Commelina obliqua Vahl","71682","GBIF","UEC",,"3158","Native","Latão","Bronze","https://images.cria.org.br/viewer/UEC057343","Fazenda Itereí, Serra de Paranapiacaba, Trilha Limão. BR 116 km 350."
"ESTAÇÃO ECOLÓGICA JURÉIA-ITATINS","Angiosperms","Commelinaceae","Dichorisandra","paranaensis","D.Maia Cervi & Tardivo","COMMELINACEAE Dichorisandra paranaensis D.Maia Cervi & Tardivo","258595","GBIF","SP","Anunciacao, E.A.","170","Native","Bronze","Ouro",,"Estação Ecológica Juréia-Itatins, Serra da Juréia, trilha em direção ao Pocinho"
"ESTAÇÃO ECOLÓGICA JURÉIA-ITATINS","Angiosperms","Commelinaceae","Dichorisandra","pubescens","Mart. ex Schult. f.","COMMELINACEAE Dichorisandra pubescens Mart. ex Schult. f.","252438","GBIF","SP","Anunciacao, E.A.","121","Native","Bronze","Ouro",,"Estação Ecológica Juréia-Itatins, Serra da Juréia, trilha para o caminho do Imperador"
"ESTAÇÃO ECOLÓGICA JURÉIA-ITATINS","Angiosperms","Commelinaceae","Dichorisandra","thyrsiflora","J.C.Mikan","COMMELINACEAE Dichorisandra thyrsiflora J.C.Mikan","309089","GBIF","SP","Favero, O.A.","285","Native","Prata","Ouro",,"Estação Ecológica Juréia-Itatins, Caminho para a Cachoeira do guilherme"
"ESTAÇÃO ECOLÓGICA JURÉIA-ITATINS","Angiosperms","Commelinaceae","Tripogandra","diuretica","(Mart.) Handlos","COMMELINACEAE Tripogandra diuretica (Mart.) Handlos","238316","GBIF","SP","Mamede, M.C.H.","250","Native","Latão","Ouro",,"Reserva Ecológica Juréia-Itatins, Caminho do Imperador em direção à praia de Juréia, mata 120m alt."
"ESTAÇÃO ECOLÓGICA JURÉIA-ITATINS","Angiosperms","Connaraceae","Connarus","rostratus","(Vell.) L.B.Sm.","CONNARACEAE Connarus rostratus (Vell.) L.B.Sm.","275286","GBIF","SP","Cordeiro, I.","1480","Native","Bronze","Ouro",,"Estação Ecológica Juréia-Itatins, Trilha da Figueira, mata pluvial de encosta"
"ESTAÇÃO ECOLÓGICA JURÉIA-ITATINS","Angiosperms","Connaraceae","Rourea","gracilis","G.Schellenb.","CONNARACEAE Rourea gracilis G.Schellenb.","254661","GBIF","SP","Pereira, D.F.","178","Native","Prata","Ouro",,"Estação Ecológica Juréia-Itatins, Trilha próxima do alojamento em direção ao caminho do Imperador"
"ESTAÇÃO ECOLÓGICA JURÉIA-ITATINS","Angiosperms","Convolvulaceae","Ipomoea","batatas","(L.) Lam.","CONVOLVULACEAE Ipomoea batatas (L.) Lam.","309132","GBIF","SP","Favero, O.A.","159","Naturalized","Prata","Ouro",,"Estação Ecológica Juréia-Itatins, Cachoeira do Guilherme, no quintal da casa da Dona Carmem"
"ESTAÇÃO ECOLÓGICA JURÉIA-ITATINS","Angiosperms","Convolvulaceae","Ipomoea","bonariensis","Hook.","CONVOLVULACEAE Ipomoea bonariensis Hook.","PEL0002299","Splink","PEL",,"514","Native","Bronze","Ouro",,"Estação Ecológica da Juréia, Praia do Arpoador."
"ESTAÇÃO ECOLÓGICA JURÉIA-ITATINS","Angiosperms","Convolvulaceae","Ipomoea","cairica","(L.) Sweet","CONVOLVULACEAE Ipomoea cairica (L.) Sweet","SPSF00054569","Splink","SPSF",,"8847","Native","Bronze","Ouro",,"Formação Pioneira de Influência Marinha Herbácea (Vegetação de Praias e Dunas). Estação Ecológica Jureia-Itatins. Praia da base do Rio Verde."
"ESTAÇÃO ECOLÓGICA JURÉIA-ITATINS","Angiosperms","Convolvulaceae","Ipomoea","imperati","(Vahl) Griseb.","CONVOLVULACEAE Ipomoea imperati (Vahl) Griseb.","SPSF00054548","Splink","SPSF",,"8822","Native","Bronze","Ouro",,"Formação Pioneira de Influência Marinha Arbustiva (escrube de restinga). Estação Ecológica Jureia-Itatins. Praia da base do Rio Verde."
"ESTAÇÃO ECOLÓGICA JURÉIA-ITATINS","Angiosperms","Convolvulaceae","Ipomoea","pes-caprae","(L.) R.Br.","CONVOLVULACEAE Ipomoea pes-caprae (L.) R.Br.","SPSF00054562","Splink","SPSF",,"8837","Native","Bronze","Ouro",,"Formação Pioneira de Influência Marinha Herbácea (Vegetação de Praias e Dunas). Estação Ecológica Jureia-Itatins. Praia da base do Rio Verde."
"ESTAÇÃO ECOLÓGICA JURÉIA-ITATINS","Angiosperms","Convolvulaceae","Ipomoea","tiliacea","(Willd.) Choisy","CONVOLVULACEAE Ipomoea tiliacea (Willd.) Choisy","291958","GBIF","SP","Souza, V.C.","526","Native","Ouro","Ouro",,"Estação Ecológica Juréia-Itatins"
"ESTAÇÃO ECOLÓGICA JURÉIA-ITATINS","Angiosperms","Convolvulaceae","Jacquemontia","ferruginea","Choisy","CONVOLVULACEAE Jacquemontia ferruginea Choisy","SPSF00024035","Splink","SPSF",,"154","Native","Ouro","Ouro",,"Estação Ecológica Juréia-Itatins, Serra da Juréia, caminho do Imperador, em direção a praia da Juréia"
"ESTAÇÃO ECOLÓGICA JURÉIA-ITATINS","Angiosperms","Convolvulaceae","Jacquemontia","holosericea","(Weinm.) O'Donell","CONVOLVULACEAE Jacquemontia holosericea (Weinm.) O'Donell","291964","GBIF","SP","Souza, V.C.","149","Native","Ouro","Ouro",,"Estação Ecológica Juréia-Itatins"
"ESTAÇÃO ECOLÓGICA JURÉIA-ITATINS","Angiosperms","Cordiaceae","Cordia","sellowiana","Cham.","CORDIACEAE Cordia sellowiana Cham.","309328","GBIF","SP","Melo, M.M.R.F.","1121","Native","Prata","Ouro",,"Estação Ecológica Juréia-Itatins, margens do rio Verde"
"ESTAÇÃO ECOLÓGICA JURÉIA-ITATINS","Angiosperms","Cordiaceae","Varronia","curassavica","Jacq.","CORDIACEAE Varronia curassavica Jacq.","HUEM000002626","Reflora","HUEM","Silva, I.","s.n.","Native","Ouro","Ouro",,"Estação Ecológica da Juréia"
"ESTAÇÃO ECOLÓGICA JURÉIA-ITATINS","Angiosperms","Costaceae","Costus","arabicus","L.","COSTACEAE Costus arabicus L.","SPSF00009882","Splink","SPSF",,"1261","Native","Latão","Ouro",,"Estação Ecológica Juréia-Itatins, Caminho do Imperador"
"ESTAÇÃO ECOLÓGICA JURÉIA-ITATINS","Angiosperms","Costaceae","Costus","spiralis","(Jacq.) Roscoe","COSTACEAE Costus spiralis (Jacq.) Roscoe","253137","GBIF","SP","Rossi, L.","1041","Native","Latão","Ouro",,"Estação Ecológica Juréia-Itatins, Caminho do Imperador"
"ESTAÇÃO ECOLÓGICA JURÉIA-ITATINS","Angiosperms","Crassulaceae","Kalanchoe","crenata","(Andrews) Haw.","CRASSULACEAE Kalanchoe crenata (Andrews) Haw.","309130","GBIF","SP","Favero, O.A.","179","Naturalized","Prata","Ouro",,"Estação Ecológica Juréia-Itatins, Cachoeira do Guilherme, no quintal da casa da Dona Jovelina"
"ESTAÇÃO ECOLÓGICA JURÉIA-ITATINS","Angiosperms","Crassulaceae","Kalanchoe","pinnata","(Lam.) Pers.","CRASSULACEAE Kalanchoe pinnata (Lam.) Pers.","309131","GBIF","SP","Favero, O.A.","531","Naturalized","Prata","Ouro",,"Estação Ecológica Juréia-Itatins, Estrada da praia do Una, próximo ao Grajaúna"
"ESTAÇÃO ECOLÓGICA JURÉIA-ITATINS","Angiosperms","Cucurbitaceae","Cayaponia","martiana","(Cogn.) Cogn.","CUCURBITACEAE Cayaponia martiana (Cogn.) Cogn.","309122","GBIF","SP","Favero, O.A.","477","Native","Prata","Ouro",,"Estação Ecológica Juréia-Itatins, Aguapeu, próximo ao caminho para a Aldeia"
"ESTAÇÃO ECOLÓGICA JURÉIA-ITATINS","Angiosperms","Cucurbitaceae","Cucurbita","pepo","L.","CUCURBITACEAE Cucurbita pepo L.","309128","GBIF","SP","Favero, O.A.","205","Cultivated","Prata","Ouro",,"Estação Ecológica Juréia-Itatins, Rio Comprido, horta da casa do Sr. Ciro"
"ESTAÇÃO ECOLÓGICA JURÉIA-ITATINS","Angiosperms","Cucurbitaceae","Sicydium","gracile","Cogn.","CUCURBITACEAE Sicydium gracile Cogn.","247896","GBIF","SP","Silva, S.J.G.","171","Native","Prata","Ouro",,"Estação Ecológica Juréia-Itatins, Serra da Juréia, trilha do Imperador"
"ESTAÇÃO ECOLÓGICA JURÉIA-ITATINS","Angiosperms","Cucurbitaceae","Sicyos","edulis","Jacq.","CUCURBITACEAE Sicyos edulis Jacq.","309127","GBIF","SP","Favero, O.A.","220","Naturalized","Prata","Ouro",,"Estação Ecológica Juréia-Itatins, Cachoeira do Guilherme, no quintal de Dona Carmem"
"ESTAÇÃO ECOLÓGICA JURÉIA-ITATINS","Ferns and Lycophytes","Cyatheaceae","Cyathea","atrovirens","(Langsd. & Fisch.) Domin","CYATHEACEAE Cyathea atrovirens (Langsd. & Fisch.) Domin","234080","GBIF","SPF","Prado, J.","365","Native","Ouro","Ouro",,"Estação Ecológica Juréia-Itatins"
"ESTAÇÃO ECOLÓGICA JURÉIA-ITATINS","Ferns and Lycophytes","Cyatheaceae","Cyathea","corcovadensis","(Raddi) Domin","CYATHEACEAE Cyathea corcovadensis (Raddi) Domin","886","GBIF","HUSC","Lopes, E.","1740","Native","Bronze","Bronze",,"Guarauzinho, Riacho Água-fria, E.E. Juréia-Itatins"
"ESTAÇÃO ECOLÓGICA JURÉIA-ITATINS","Angiosperms","Cyclanthaceae","Asplundia","rivularis","(Lindm.) Harling","CYCLANTHACEAE Asplundia rivularis (Lindm.) Harling","293431","GBIF","SP","Cordeiro, I.","1615","Native","Bronze","Ouro",,"Estação Ecológica Juréia-Itatins, Trilha do Imperador entre o Rio Verde e a praia da Juréia"
"ESTAÇÃO ECOLÓGICA JURÉIA-ITATINS",,"Cyclanthaceae",,,"Carludovica","CYCLANTHACEAE Carludovica","170934","Splink","ICN",,"7583",,"Latão","Ouro",,"Estação Ecológica da Juréia."
"ESTAÇÃO ECOLÓGICA JURÉIA-ITATINS","Angiosperms","Cyclanthaceae","Carludovica",,"Ruiz & Pav.","CYCLANTHACEAE Carludovica Ruiz & Pav.","19840302","GBIF","E","Argent, G.","661",,"Latão","Bronze",,"Jureia"
"ESTAÇÃO ECOLÓGICA JURÉIA-ITATINS","Angiosperms","Cyclanthaceae","Thoracocarpus","bissectus","(Vell.) Harling","CYCLANTHACEAE Thoracocarpus bissectus (Vell.) Harling","120315","Splink","ICN",,"6958","Native","Prata","Ouro",,"Estação Ecológica da Juréia"
"ESTAÇÃO ECOLÓGICA JURÉIA-ITATINS","Angiosperms","Cyperaceae","Becquerelia","cymosa","Brongn.","CYPERACEAE Becquerelia cymosa Brongn.","343999","GBIF","SP","Oliveira, R.J.","5","Native","Bronze","Ouro",,"Estação Ecológica Juréia-Itatins, Núcleo Arpoador Guarauzinho, floresta atlântica de encosta"
"ESTAÇÃO ECOLÓGICA JURÉIA-ITATINS","Angiosperms","Cyperaceae","Becquerelia","muricata","Nees","CYPERACEAE Becquerelia muricata Nees","ICN00002907","Reflora","ICN","Sobral, M.","6856","Native","Ouro","Ouro",,"Estação Ecológica Juréia"
"ESTAÇÃO ECOLÓGICA JURÉIA-ITATINS","Angiosperms","Cyperaceae","Calyptrocarya","glomerulata","(Brongn.) Urb.","CYPERACEAE Calyptrocarya glomerulata (Brongn.) Urb.","ICN00003620","Reflora","ICN","Sobral, M.","6860","Native","Ouro","Ouro",,"Estação Ecológica da Juréia"
"ESTAÇÃO ECOLÓGICA JURÉIA-ITATINS","Angiosperms","Cyperaceae","Cladium","mariscus","(L.) Pohl","CYPERACEAE Cladium mariscus (L.) Pohl","75025","GBIF","HRCB","Lopes, F.P.","27","Native","Bronze","Ouro",,"Estação Ecológica Juréia-Itatins Núcleo Rio Verde, margem direita do rio Verde, próximo à Cachoeira do Salto, local encharcado"
"ESTAÇÃO ECOLÓGICA JURÉIA-ITATINS","Angiosperms","Cyperaceae","Cyperus","luzulae","(L.) Retz.","CYPERACEAE Cyperus luzulae (L.) Retz.","PACA066426","Splink","PACA",,"4756","Native","Ouro","Bronze",,"Outskirts of Iguape city. Alt. about sea level"
"ESTAÇÃO ECOLÓGICA JURÉIA-ITATINS","Angiosperms","Cyperaceae","Cyperus","pedunculatus","(R.Br.) J.Kern","CYPERACEAE Cyperus pedunculatus (R.Br.) J.Kern","75023","GBIF","HRCB","Lopes, F.P.","25","Native","Bronze","Ouro",,"Estação Ecológica Juréia-Itatins Núcleo Rio Verde, Praia do Rio Verde, solo arenoso"
"ESTAÇÃO ECOLÓGICA JURÉIA-ITATINS","Angiosperms","Cyperaceae","Cyperus","trigynus","Spreng.","CYPERACEAE Cyperus trigynus Spreng.","717","GBIF","HUSC","Souza, V.C.","1672","Native","Bronze","Ouro",,"Estação ecológica Juréia-Itatins, praia Guarauzinho"
"ESTAÇÃO ECOLÓGICA JURÉIA-ITATINS","Angiosperms","Cyperaceae","Eleocharis","debilis","Kunth","CYPERACEAE Eleocharis debilis Kunth","94063","GBIF","UEC","Rossi, L.","620","Native","Ouro","Ouro","https://images.cria.org.br/viewer/UEC094237","Estação Ecológica Juréia-Itatins, Proximidades do maciço da Juréia, trilha do alojamento do IBAMA até o pocinho do Rio Verde, mata das margens do rio"
"ESTAÇÃO ECOLÓGICA JURÉIA-ITATINS","Angiosperms","Cyperaceae","Eleocharis","geniculata","(L.) Roem. & Schult.","CYPERACEAE Eleocharis geniculata (L.) Roem. & Schult.","352645","GBIF","SP","Rossi, L.","s.n.","Native","Bronze","Ouro",,"Estação Ecológica Juréia-Itatins"
"ESTAÇÃO ECOLÓGICA JURÉIA-ITATINS","Angiosperms","Cyperaceae","Eleocharis","interstincta","(Vahl) Roem. & Schult.","CYPERACEAE Eleocharis interstincta (Vahl) Roem. & Schult.","309125","GBIF","SP","Favero, O.A.","369","Native","Bronze","Ouro",,"Estação Ecológica Juréia-Itatins, Próximo ao porto do Aguapeu, no Rio Comprido"
"ESTAÇÃO ECOLÓGICA JURÉIA-ITATINS","Angiosperms","Cyperaceae","Eleocharis","maculosa","(Vahl) Roem. & Schult.","CYPERACEAE Eleocharis maculosa (Vahl) Roem. & Schult.","93695","GBIF","UEC","Souza, V.C.","362","Native","Ouro","Ouro","https://images.cria.org.br/viewer/UEC025616","Estação Ecológica da Juréia, Praia de Paranapoã. Dunas posteriores. Local alagável."
"ESTAÇÃO ECOLÓGICA JURÉIA-ITATINS",,"Cyperaceae","Eleocharis","mutata","(L.) R.Br.","CYPERACEAE Eleocharis mutata (L.) R.Br.","568771","GBIF","NY","Alves, M.","1793",,"Ouro","Ouro",,"Estação Ecológica Juréia-Itatins, trilha para a cachoeira do rio Verde"
"ESTAÇÃO ECOLÓGICA JURÉIA-ITATINS","Angiosperms","Cyperaceae","Fimbristylis","complanata","(Retz.) Link","CYPERACEAE Fimbristylis complanata (Retz.) Link","42547","GBIF","UPCB","Borgo, M.","641","Native","Ouro","Prata","https://images.cria.org.br/viewer/UPCB0071792","Rio Verde, Rod. SP-222, Rio Sorocabinha."
"ESTAÇÃO ECOLÓGICA JURÉIA-ITATINS","Angiosperms","Cyperaceae","Fimbristylis","cymosa","R.Br.","CYPERACEAE Fimbristylis cymosa R.Br.","352416","GBIF","SP","Cordeiro, I.","2725-A","Native","Bronze","Ouro",,"Estação Ecológica Juréia-Itatins, Núcleo Arpoador, praia do Arpoador"
"ESTAÇÃO ECOLÓGICA JURÉIA-ITATINS","Angiosperms","Cyperaceae","Fimbristylis","dichotoma","(L.) Vahl","CYPERACEAE Fimbristylis dichotoma (L.) Vahl","142510","GBIF","SPF","Vitta, F.A.","220","Native","Ouro","Ouro","https://images.cria.org.br/viewer/SPF00142510","Estação Ecológica Juréia-Itatins, Base do Rio Verde."
"ESTAÇÃO ECOLÓGICA JURÉIA-ITATINS","Angiosperms","Cyperaceae","Fimbristylis","spadicea","(L.) Vahl","CYPERACEAE Fimbristylis spadicea (L.) Vahl","339464","GBIF","SP","Alves, M.","1754","Native","Bronze","Ouro",,"Estação Ecológica Juréia-Itatins, Caminho do Imperador"
"ESTAÇÃO ECOLÓGICA JURÉIA-ITATINS","Angiosperms","Cyperaceae","Fuirena","robusta","Kunth","CYPERACEAE Fuirena robusta Kunth","256483","GBIF","SP","Sobral, M.","7389","Native","Bronze","Ouro",,"Estação Ecológica Juréia-Itatins, Mata Atlântica, em beira de lavoura abandonada, em local alagado"
"ESTAÇÃO ECOLÓGICA JURÉIA-ITATINS","Angiosperms","Cyperaceae","Fuirena","umbellata","Rottb.","CYPERACEAE Fuirena umbellata Rottb.","15703","GBIF","HRCB","Sobral, M.","7389","Native","Bronze","Ouro",,"Estação Ecológica Juréia-Itatins, Mata Atlântica, em beira de lavoura abandonada, em local alagado"
"ESTAÇÃO ECOLÓGICA JURÉIA-ITATINS","Angiosperms","Cyperaceae","Hypolytrum","schraderianum","Nees","CYPERACEAE Hypolytrum schraderianum Nees","778478","GBIF","NY","Sousa, G.","386","Native","Ouro","Ouro",,"Estação Ecológica Juréia-Itatins, Núcleo Perequê, estrada para Barra do Una"
"ESTAÇÃO ECOLÓGICA JURÉIA-ITATINS","Angiosperms","Cyperaceae","Krenakia","triquetra","(Boeckeler) S.M.Costa","CYPERACEAE Krenakia triquetra (Boeckeler) S.M.Costa","263427","GBIF","SP","Rossi, L.","1231","Native","Bronze","Ouro",,"Estação Ecológica Juréia-Itatins, Alto do morro próximo ao alojamento"
"ESTAÇÃO ECOLÓGICA JURÉIA-ITATINS","Angiosperms","Cyperaceae","Pleurostachys","millegrana","(Nees) Steud.","CYPERACEAE Pleurostachys millegrana (Nees) Steud.","ICN00008682","Reflora","ICN","Sobral, M.","6881",,"Ouro","Ouro",,"Estação Ecológica Juréia"
"ESTAÇÃO ECOLÓGICA JURÉIA-ITATINS","Angiosperms","Cyperaceae","Rhynchospora","barrosiana","Guagl.","CYPERACEAE Rhynchospora barrosiana Guagl.","218941","GBIF","SP","Kirizawa, M.","1960","Native","Bronze","Ouro",,"Estação Ecológica Juréia-Itatins, Trilha do Imperador"
"ESTAÇÃO ECOLÓGICA JURÉIA-ITATINS","Angiosperms","Cyperaceae","Rhynchospora","biflora","Boeckeler","CYPERACEAE Rhynchospora biflora Boeckeler","568905","GBIF","NY","Alves, M.","1781","Native","Ouro","Ouro",,"Estação Ecológica Juréia-Itatins, Trilha do morrinho"
"ESTAÇÃO ECOLÓGICA JURÉIA-ITATINS","Angiosperms","Cyperaceae","Rhynchospora","breviuscula","H.Pfeiff.","CYPERACEAE Rhynchospora breviuscula H.Pfeiff.","34974","GBIF","UFP","Alves, M.","1764","Native","Ouro","Ouro",,"Estação Ecológica Juréia-Itatins, trilha do Imperador"
"ESTAÇÃO ECOLÓGICA JURÉIA-ITATINS","Angiosperms","Cyperaceae","Rhynchospora","distichophylla","Boeckeler","CYPERACEAE Rhynchospora distichophylla Boeckeler","344557","GBIF","SP","Alves, M.","1790","Native","Bronze","Ouro",,"Estação Ecológica Juréia-Itatins, trilha para a cachoeira do rio Verde"
"ESTAÇÃO ECOLÓGICA JURÉIA-ITATINS","Angiosperms","Cyperaceae","Rhynchospora","emaciata","(Nees) Boeckeler","CYPERACEAE Rhynchospora emaciata (Nees) Boeckeler","SPSF00010684","Splink","SPSF",,"411","Native","Latão","Ouro",,"Estação Ecológica Juréia-Itatins, Trilha para o alto do morro próximo ao paredão"
"ESTAÇÃO ECOLÓGICA JURÉIA-ITATINS","Angiosperms","Cyperaceae","Rhynchospora","foliosa","(Kunth) L.B.Sm.","CYPERACEAE Rhynchospora foliosa (Kunth) L.B.Sm.","ICN00008652","Reflora","ICN","Sobral, M.","6870","Native","Ouro","Ouro",,"Estação Ecológica da Juréia"
"ESTAÇÃO ECOLÓGICA JURÉIA-ITATINS","Angiosperms","Cyperaceae","Rhynchospora","gaudichaudii","(Brongn.) L.B.Sm.","CYPERACEAE Rhynchospora gaudichaudii (Brongn.) L.B.Sm.","ICN00008665","Reflora","ICN","Attili, M.S.","6821","Native","Ouro","Ouro",,"Estação Ecológica da Juréia."
"ESTAÇÃO ECOLÓGICA JURÉIA-ITATINS","Angiosperms","Cyperaceae","Rhynchospora","graminifolia","(Brongn.) L.B.Sm.","CYPERACEAE Rhynchospora graminifolia (Brongn.) L.B.Sm.","SPSF00011909","Splink","SPSF",,"684","Native","Bronze","Ouro",,"Estação Ecológica Juréia-Itatins."
"ESTAÇÃO ECOLÓGICA JURÉIA-ITATINS","Angiosperms","Cyperaceae","Rhynchospora","holoschoenoides","(Rich.) Herter","CYPERACEAE Rhynchospora holoschoenoides (Rich.) Herter","34973","GBIF","UFP","Alves, M.","1760","Native","Latão","Ouro",,"Estação Ecológica Juréia-Itatins, trilha do Imperador"
"ESTAÇÃO ECOLÓGICA JURÉIA-ITATINS","Angiosperms","Cyperaceae","Rhynchospora","marisculus","Lindl. & Nees","CYPERACEAE Rhynchospora marisculus Lindl. & Nees","247828","GBIF","SP","Silva, S.J.G.","111","Native","Bronze","Ouro",,"Estação Ecológica Juréia-Itatins, Serra da Juréia, mata ao redor da cachoeira do Salto"
"ESTAÇÃO ECOLÓGICA JURÉIA-ITATINS","Angiosperms","Cyperaceae","Rhynchospora","orbignyana","(Brongn.) L.B.Sm.","CYPERACEAE Rhynchospora orbignyana (Brongn.) L.B.Sm.","344547","GBIF","SP","Alves, M.","1779","Native","Latão","Ouro",,"Estação Ecológica Juréia-Itatins, trilha do morrinho"
"ESTAÇÃO ECOLÓGICA JURÉIA-ITATINS","Angiosperms","Cyperaceae","Rhynchospora","pilulifera","Bertol.","CYPERACEAE Rhynchospora pilulifera Bertol.","19765","GBIF","MBML","Alves, M.","1741","Native","Ouro","Ouro","https://images.cria.org.br/viewer/MBML019765","Estação Ecológica Juréia-Itatins, Caminho do Imperador"
"ESTAÇÃO ECOLÓGICA JURÉIA-ITATINS","Angiosperms","Cyperaceae","Rhynchospora","rugosa","(Vahl) Gale","CYPERACEAE Rhynchospora rugosa (Vahl) Gale","SPSF00024382","Splink","SPSF",,"111","Native","Bronze","Ouro",,"Estação Ecológica Juréia-Itatins, Serra da Juréia, mata ao redor da cachoeira do Salto"
"ESTAÇÃO ECOLÓGICA JURÉIA-ITATINS","Angiosperms","Cyperaceae","Rhynchospora","scalaris","L.B.Sm.","CYPERACEAE Rhynchospora scalaris L.B.Sm.","ICN00008719","Reflora","ICN","Sobral, M.","6887","Native","Ouro","Ouro",,"Estação Ecológica da Juréia"
"ESTAÇÃO ECOLÓGICA JURÉIA-ITATINS","Angiosperms","Cyperaceae","Rhynchospora","splendens","Lindm.","CYPERACEAE Rhynchospora splendens Lindm.","122789","GBIF","SPF","Vitta, F.A.","s.n.","Native","Bronze","Ouro","https://images.cria.org.br/viewer/SPF00122789","Estação Ecológica Juréia-Itatins, Maciço da Jureia, Mirante. Base Rio Verde."
"ESTAÇÃO ECOLÓGICA JURÉIA-ITATINS","Angiosperms","Cyperaceae","Rhynchospora","tenuis","Link","CYPERACEAE Rhynchospora tenuis Link","34996","GBIF","UFP","Alves, M.","1772","Native","Bronze","Ouro",,"Estação Ecológica Juréia-Itatins, Trilha do Morrinho"
"ESTAÇÃO ECOLÓGICA JURÉIA-ITATINS","Angiosperms","Cyperaceae","Schoenoplectus","californicus","(C.A.Mey.) Soják","CYPERACEAE Schoenoplectus californicus (C.A.Mey.) Soják","329616","GBIF","SP","Favero, O.A.","248","Native","Bronze","Ouro",,"Estação Ecológica Juréia-Itatins"
"ESTAÇÃO ECOLÓGICA JURÉIA-ITATINS","Angiosperms","Cyperaceae","Scleria","distans","Poir.","CYPERACEAE Scleria distans Poir.","35288","GBIF","UFP","Alves, M.","1756","Native","Bronze","Ouro",,"Estação Ecológica Juréia-Itatins, Trilha do Imperador"
"ESTAÇÃO ECOLÓGICA JURÉIA-ITATINS","Angiosperms","Cyperaceae","Scleria","hirtella","Sw.","CYPERACEAE Scleria hirtella Sw.","612478","GBIF","NY","Alves, M.","1756","Native","Latão","Ouro",,"Estação Ecológica Juréia-Itatins, Trilha do Imperador"
"ESTAÇÃO ECOLÓGICA JURÉIA-ITATINS","Angiosperms","Cyperaceae","Scleria","latifolia","Sw.","CYPERACEAE Scleria latifolia Sw.","34972","GBIF","UFP","Alves, M.","1759","Native","Bronze","Ouro",,"Estação Ecológica Juréia-Itatins, Trilha do Imperador"
"ESTAÇÃO ECOLÓGICA JURÉIA-ITATINS","Angiosperms","Cyperaceae","Scleria","panicoides","Kunth","CYPERACEAE Scleria panicoides Kunth","344612","GBIF","SP","Alves, M.","1758","Native","Bronze","Ouro",,"Estação Ecológica Juréia-Itatins, Trilha do Imperador"
"ESTAÇÃO ECOLÓGICA JURÉIA-ITATINS","Angiosperms","Cyperaceae","Scleria","plusiophylla","Steud.","CYPERACEAE Scleria plusiophylla Steud.","SPSF00011926","Splink","SPSF",,"1399","Native","Latão","Ouro",,"Estação Ecológica Juréia-Itatins, Proximidades do maciço da Juréia, mata no vale entre os dois morros, próximo do alojamento"
"ESTAÇÃO ECOLÓGICA JURÉIA-ITATINS","Angiosperms","Cyperaceae","Trilepis","lhotzkiana","Nees ex Arn.","CYPERACEAE Trilepis lhotzkiana Nees ex Arn.","275296","GBIF","SP","Cordeiro, I.","1491","Native","Bronze","Ouro",,"Estação Ecológica Juréia-Itatins, Alto da Cachoeira Grande, mata de encosta"
"ESTAÇÃO ECOLÓGICA JURÉIA-ITATINS","Ferns and Lycophytes","Dennstaedtiaceae","Pteridium","esculentum","(Kaulf.) Thomson","DENNSTAEDTIACEAE Pteridium esculentum subsp. arachnoideum (Kaulf.) Thomson","901","GBIF","HUSC","Souza, V.C.","1746","Native","Bronze","Ouro",,"Estação Ecológica Juréia-Itatins, Foz do Rio Guaraú, sobre rochas"
"ESTAÇÃO ECOLÓGICA JURÉIA-ITATINS",,"Dicranaceae","Leucoloma","serrulatum","Brid.","DICRANACEAE Leucoloma serrulatum Brid.","02712991","GBIF","NY","Yano, O.","22891",,"Latão","Ouro",,"Estação Ecológica Juréia-Itatins"
"ESTAÇÃO ECOLÓGICA JURÉIA-ITATINS",,"Dicranellaceae","Leptotrichella","brasiliensis","(Duby) Ochyra","DICRANELLACEAE Leptotrichella brasiliensis (Duby) Ochyra","001724","GBIF","HUFABC","Vital, D.M.","15693",,"Bronze","Ouro","https://images.cria.org.br/viewer/HUFABC001724 | https://images.cria.org.br/viewer/HUFABC001724_1 | https://images.cria.org.br/viewer/HUFABC001724_2","Estação Ecológica da Juréia"
"ESTAÇÃO ECOLÓGICA JURÉIA-ITATINS","Ferns and Lycophytes","Didymochlaenaceae","Didymochlaena","truncatula","(Sw.) J.Sm.","DIDYMOCHLAENACEAE Didymochlaena truncatula (Sw.) J.Sm.","949","GBIF","HUSC","Lopes, E.","1770","Unknown","Bronze","Bronze",,"Guarauzinho, Riacho Água-fria, E.E. Juréia-Itatins"
"ESTAÇÃO ECOLÓGICA JURÉIA-ITATINS","Angiosperms","Dilleniaceae","Davilla","latifolia","Casar.","DILLENIACEAE Davilla latifolia Casar.","13850","GBIF","SPFR","Anunciacao, E.A.","448","Native","Bronze","Ouro","https://images.cria.org.br/viewer/SPFR013850","Estação Ecológica Jureia-Itatins, Serra da Jureia, alto do morrinho"
"ESTAÇÃO ECOLÓGICA JURÉIA-ITATINS",,"Dilleniaceae","Davilla","latifolia|Davilla","Casar.|A.St.-Hil. & Tul.","DILLENIACEAE Davilla latifolia Casar.|Davilla grandiflora A.St.-Hil. & Tul.","SPSF00023998","Splink","SPSF",,"415",,"Latão","Ouro",,"Estação Ecológica Jureia-Itatins, topo do morro."
"ESTAÇÃO ECOLÓGICA JURÉIA-ITATINS","Angiosperms","Dilleniaceae","Davilla","rugosa","Poir.","DILLENIACEAE Davilla rugosa Poir.","309123","GBIF","SP","Favero, O.A.","297","Native","Prata","Ouro",,"Estação Ecológica Juréia-Itatins, Encruzilhada do João Antonio, caminho que vai para o Rio una, no Aguapeu"
"ESTAÇÃO ECOLÓGICA JURÉIA-ITATINS","Angiosperms","Dilleniaceae","Doliocarpus","glomeratus","Eichler","DILLENIACEAE Doliocarpus glomeratus Eichler","277172","GBIF","SP","Cordeiro, I.","1467","Native","Bronze","Ouro",,"Estação Ecológica Juréia-Itatins, Mata de planície do Rio Verde, junto ao alojamento da Secretaria do Meio Ambiente"
"ESTAÇÃO ECOLÓGICA JURÉIA-ITATINS","Angiosperms","Dilleniaceae","Doliocarpus","schottianus","Eichler","DILLENIACEAE Doliocarpus schottianus Eichler","309124","GBIF","SP","Favero, O.A.","530","Native","Prata","Ouro",,"Estação Ecológica Juréia-Itatins, Caminho da Praia do Una"
"ESTAÇÃO ECOLÓGICA JURÉIA-ITATINS","Angiosperms","Dioscoreaceae","Dioscorea","ceratandra","R.Knuth","DIOSCOREACEAE Dioscorea ceratandra R.Knuth","261955","GBIF","SP","Aragaki, S.","27","Native","Bronze","Ouro",,"Estação Ecológica Juréia-Itatins, Caminho do Imperador em direção à praia do rio Verde, próximo à cachoeira do Senhor"
"ESTAÇÃO ECOLÓGICA JURÉIA-ITATINS","Angiosperms","Dioscoreaceae","Dioscorea","chondrocarpa","Griseb.","DIOSCOREACEAE Dioscorea chondrocarpa Griseb.","248682","GBIF","SP","Kirizawa, M.","2502","Native","Bronze","Ouro",,"Estação Ecológica Juréia-Itatins, Trilha do Imperador"
"ESTAÇÃO ECOLÓGICA JURÉIA-ITATINS","Angiosperms","Dioscoreaceae","Dioscorea","dodecaneura","Vell.","DIOSCOREACEAE Dioscorea dodecaneura Vell.","309120","GBIF","SP","Favero, O.A.","447","Native","Prata","Ouro",,"Estação Ecológica Juréia-Itatins, Canteiro da Dona Maria Lúcia, no Rio Verde"
"ESTAÇÃO ECOLÓGICA JURÉIA-ITATINS","Angiosperms","Dioscoreaceae","Dioscorea","laxiflora","Mart. ex Griseb.","DIOSCOREACEAE Dioscorea laxiflora Mart. ex Griseb.","ICN00029026","Splink","ICN",,"7366","Native","Ouro","Ouro",,"Estação Ecológica da Juréia"
"ESTAÇÃO ECOLÓGICA JURÉIA-ITATINS","Angiosperms","Dioscoreaceae","Dioscorea","leptostachya","Gardner","DIOSCOREACEAE Dioscorea leptostachya Gardner","307044","GBIF","SP","Queiroz, L.P.","4506","Native","Bronze","Ouro",,"Estação Ecológica Juréia-Itatins: Trilha do Imperador."
"ESTAÇÃO ECOLÓGICA JURÉIA-ITATINS","Angiosperms","Dioscoreaceae","Dioscorea","marginata","Griseb.","DIOSCOREACEAE Dioscorea marginata Griseb.","268708","GBIF","SP","Anunciacao, E.A.","394","Native","Bronze","Ouro",,"Estação Ecológica Juréia-Itatins, trilha em direção ao Caminho do Imperador, próximo ao alojamento"
"ESTAÇÃO ECOLÓGICA JURÉIA-ITATINS","Angiosperms","Dioscoreaceae","Dioscorea","monadelpha","(Kunth) Griseb.","DIOSCOREACEAE Dioscorea monadelpha (Kunth) Griseb.","ICN00029030","Splink","ICN",,"7364","Native","Ouro","Ouro",,"Estação Ecológica da Juréia"
"ESTAÇÃO ECOLÓGICA JURÉIA-ITATINS","Angiosperms","Dioscoreaceae","Dioscorea","olfersiana","Klotzsch ex Griseb.","DIOSCOREACEAE Dioscorea olfersiana Klotzsch ex Griseb.","269914","GBIF","SP","Sugiyama, M.","1141","Native","Bronze","Ouro",,"Estação Ecológica Juréia-Itatins, margem do rio Verde, entra a restinga e o mangue"
"ESTAÇÃO ECOLÓGICA JURÉIA-ITATINS","Angiosperms","Dioscoreaceae","Dioscorea","ovata","Vell.","DIOSCOREACEAE Dioscorea ovata Vell.","363306","GBIF","SP","Kirizawa, M.","3451-A","Native","Bronze","Ouro",,"Instituto de Botânica, Cultivada procedente da Estação Ecológica Juréia-Itatins"
"ESTAÇÃO ECOLÓGICA JURÉIA-ITATINS","Angiosperms","Dioscoreaceae","Dioscorea","tauriglossum","R.Knuth","DIOSCOREACEAE Dioscorea tauriglossum R.Knuth","285295","GBIF","SP","Kirizawa, M.","3173","Native","Bronze","Ouro",,"Estação Ecológica Juréia-Itatins, Cultivada no Instituto de Botânica"
"ESTAÇÃO ECOLÓGICA JURÉIA-ITATINS","Angiosperms","Dioscoreaceae","Dioscorea","trisecta","Griseb.","DIOSCOREACEAE Dioscorea trisecta Griseb.","2435950","GBIF","Bioversity","Souza, J.P.F.","20739","Native","Latão","Bronze",,
"ESTAÇÃO ECOLÓGICA JURÉIA-ITATINS","Angiosperms","Droseraceae","Drosera","capillaris","Poir.","DROSERACEAE Drosera capillaris Poir.","721","GBIF","HUSC","Souza, V.C.","1676","Native","Bronze","Ouro",,"Estação ecológica Juréia-Itatins, beira de mata de restinga próxima ao grêmio"
"ESTAÇÃO ECOLÓGICA JURÉIA-ITATINS","Angiosperms","Droseraceae","Drosera","villosa","A.St.-Hil.","DROSERACEAE Drosera villosa A.St.-Hil.","277283","GBIF","SP","Rapini, A.","20","Native","Bronze","Ouro",,"Estação Ecológica Juréia-Itatins, Serra da Juréia, campo de topo de morro"
"ESTAÇÃO ECOLÓGICA JURÉIA-ITATINS","Ferns and Lycophytes","Dryopteridaceae","Ctenitis","falciculata","(Raddi) Ching","DRYOPTERIDACEAE Ctenitis falciculata (Raddi) Ching","RB01013189","GBIF","RB","Souza, V.C.","517","Native","Ouro","Ouro","jbrj-public-img.s3-sa-east-1.amazonaws.com/JPG/rb/1/1/31/89/01013189.jpg","Estação Ecológica da Juréia. Morro do Guarauzinho."
"ESTAÇÃO ECOLÓGICA JURÉIA-ITATINS","Ferns and Lycophytes","Dryopteridaceae","Elaphoglossum","glaziovii","(Fée) Brade","DRYOPTERIDACEAE Elaphoglossum glaziovii (Fée) Brade","UPCB0095164","Splink","UPCB",,"320","Native","Bronze","Ouro",,"Trilha na margem do Rio Verde. Estação Ecológica Juréia-Itatins"
"ESTAÇÃO ECOLÓGICA JURÉIA-ITATINS","Ferns and Lycophytes","Dryopteridaceae","Elaphoglossum","macahense","(Fée) Rosenst.","DRYOPTERIDACEAE Elaphoglossum macahense (Fée) Rosenst.","UPCB0095163","Splink","UPCB",,"340","Native","Latão","Ouro",,"Serra da Juréia, trilha da Figueira. Estação Ecológica Juréia-Itatins"
"ESTAÇÃO ECOLÓGICA JURÉIA-ITATINS","Ferns and Lycophytes","Dryopteridaceae","Elaphoglossum","macrophyllum","(Mett. ex Kuhn) Christ","DRYOPTERIDACEAE Elaphoglossum macrophyllum (Mett. ex Kuhn) Christ","UPCB0095162","Splink","UPCB",,"363","Native","Bronze","Bronze",,"Iguape, Reserva Ecologica da Jureia, trilha Imperador"
"ESTAÇÃO ECOLÓGICA JURÉIA-ITATINS","Ferns and Lycophytes","Dryopteridaceae","Elaphoglossum","ornatum","(Mett. ex Kuhn) Christ","DRYOPTERIDACEAE Elaphoglossum ornatum (Mett. ex Kuhn) Christ","UPCB0095161","Splink","UPCB",,"343","Unknown","Bronze","Ouro",,"Serra da Juréia, trilha da Figueira. Estação Ecológica Juréia-Itatins"
"ESTAÇÃO ECOLÓGICA JURÉIA-ITATINS","Ferns and Lycophytes","Dryopteridaceae","Megalastrum","connexum","(Kaulf.) A.R.Sm. & R.C.Moran","DRYOPTERIDACEAE Megalastrum connexum (Kaulf.) A.R.Sm. & R.C.Moran","902","GBIF","HUSC","Souza, V.C.","1747","Native","Bronze","Ouro",,"Mata da restinga do Arpoador, Estação ecológica Juréia-Itatins"
"ESTAÇÃO ECOLÓGICA JURÉIA-ITATINS","Ferns and Lycophytes","Dryopteridaceae","Olfersia","cervina","(L.) Kunze","DRYOPTERIDACEAE Olfersia cervina (L.) Kunze","P01035429","Reflora","PC","Rossi, L.","1214","Native","Ouro","Ouro",,"Estação Ecológica Juréia-Itatins, trilha para a Figueira"
"ESTAÇÃO ECOLÓGICA JURÉIA-ITATINS","Ferns and Lycophytes","Dryopteridaceae","Parapolystichum","effusum","(Sw.) Ching","DRYOPTERIDACEAE Parapolystichum effusum (Sw.) Ching","UPCB00004710","Reflora","UPCB","Prado, J.","374","Native","Ouro","Ouro",,"Estação Ecologica da Juréia-Itatins, trilha do Imperador."
"ESTAÇÃO ECOLÓGICA JURÉIA-ITATINS","Ferns and Lycophytes","Dryopteridaceae","Polybotrya","cylindrica","Kaulf.","DRYOPTERIDACEAE Polybotrya cylindrica Kaulf.","NY02425712","GBIF","NY","Cordeiro, I.","1466","Native","Latão","Ouro","jbrj-public.s3-sa-east-1.amazonaws.com/fsi/server?type=image&source=DZI/newyork/ny_/2/42/57/12/ny_02425712.dzi","Estação Ecológica Juréia-Itatins"
"ESTAÇÃO ECOLÓGICA JURÉIA-ITATINS","Ferns and Lycophytes","Dryopteridaceae","Polybotrya","semipinnata","Fée","DRYOPTERIDACEAE Polybotrya semipinnata Fée","NY02425705","GBIF","NY","Evangelista, P.L.","342","Native","Bronze","Ouro","jbrj-public.s3-sa-east-1.amazonaws.com/fsi/server?type=image&source=DZI/newyork/ny_/2/42/57/5/ny_02425705.dzi","Estação Ecológica Jureia-Itatins, Serra da Jureia, trilha da Figueira"
"ESTAÇÃO ECOLÓGICA JURÉIA-ITATINS","Ferns and Lycophytes","Dryopteridaceae","Polybotrya","speciosa","Schott","DRYOPTERIDACEAE Polybotrya speciosa Schott","77825","GBIF","UPCB","Labiak, P.H.","342","Native","Bronze","Ouro","https://images.cria.org.br/viewer/UPCB0004760","Estação Ecológica Juréia Itatins, Serra da Juréia, trilha da Figueira."
"ESTAÇÃO ECOLÓGICA JURÉIA-ITATINS","Ferns and Lycophytes","Dryopteridaceae","Rumohra","adiantiformis","(G.Forst.) Ching","DRYOPTERIDACEAE Rumohra adiantiformis (G.Forst.) Ching","42582","GBIF","SPSF","Moura, C.","330","Native","Bronze","Ouro",,"Estação Ecológica Juréia-Itatins, Barra do Una."
"ESTAÇÃO ECOLÓGICA JURÉIA-ITATINS","Angiosperms","Ebenaceae","Diospyros","kaki","L.f.","EBENACEAE Diospyros kaki L.f.","309119","GBIF","SP","Favero, O.A.","794","Cultivated","Prata","Ouro",,"Estação Ecológica Juréia-Itatins, Despraiado em frente à casa do Sr. João Agapito"
"ESTAÇÃO ECOLÓGICA JURÉIA-ITATINS","Angiosperms","Elaeocarpaceae","Sloanea","guianensis","(Aubl.) Benth.","ELAEOCARPACEAE Sloanea guianensis (Aubl.) Benth.","120322","Splink","ICN",,"7014","Native","Ouro","Ouro",,"Estação Ecológica da Juréia"
"ESTAÇÃO ECOLÓGICA JURÉIA-ITATINS","Angiosperms","Elaeocarpaceae","Sloanea","hirsuta","(Schott) Planch. ex Benth.","ELAEOCARPACEAE Sloanea hirsuta (Schott) Planch. ex Benth.","SPSF00024026","Splink","SPSF",,"431","Native","Ouro","Ouro",,"Estação Ecológica Juréia-Itatins, Serra da Juréia, trilha da Figueira Grande"
"ESTAÇÃO ECOLÓGICA JURÉIA-ITATINS","Angiosperms","Elaeocarpaceae","Sloanea","obtusifolia","(Moric.) Schum.","ELAEOCARPACEAE Sloanea obtusifolia (Moric.) Schum.","309117","GBIF","SP","Favero, O.A.","424","Native","Prata","Ouro",,"Estação Ecológica Juréia-Itatins, trilha da Cachoeira do Guilherme para o rio Verde"
"ESTAÇÃO ECOLÓGICA JURÉIA-ITATINS","Angiosperms","Ericaceae","Gaylussacia","brasiliensis","(Spreng.) Meisn.","ERICACEAE Gaylussacia brasiliensis var. brasiliensis (Spreng.) Meisn.","76459","GBIF","UEC","Sanches, C.D.","33","Native","Ouro","Bronze","https://images.cria.org.br/viewer/UEC070455","Subaúma"
"ESTAÇÃO ECOLÓGICA JURÉIA-ITATINS","Angiosperms","Erythropalaceae","Heisteria","silvianii","Schwacke","ERYTHROPALACEAE Heisteria silvianii Schwacke","262824","GBIF","SP","Anunciacao, E.A.","338","Native","Prata","Ouro",,"Estação Ecológica Juréia-Itatins"
"ESTAÇÃO ECOLÓGICA JURÉIA-ITATINS","Angiosperms","Erythroxylaceae","Erythroxylum","ambiguum","Peyr.","ERYTHROXYLACEAE Erythroxylum ambiguum Peyr.","SPSF00024017","Splink","SPSF",,"1004","Native","Ouro","Ouro",,"Estação Ecológica Juréia-Itatins, Trilha entre margem do Rio Verde e caminho do Imperador"
"ESTAÇÃO ECOLÓGICA JURÉIA-ITATINS","Angiosperms","Erythroxylaceae","Erythroxylum","cuspidifolium","Mart.","ERYTHROXYLACEAE Erythroxylum cuspidifolium Mart.","UPCB00085102","Reflora","UPCB","Cordeiro, I.","730","Native","Ouro","Ouro",,"Estação Ecológica Juréia-Itatins, Serra da Juréia, trilha da Figueira."
"ESTAÇÃO ECOLÓGICA JURÉIA-ITATINS","Angiosperms","Erythroxylaceae","Erythroxylum","umbu","Costa-Lima","ERYTHROXYLACEAE Erythroxylum umbu Costa-Lima","SPSF00024029","Splink","SPSF",,"40","Native","Ouro","Ouro",,"Estação Ecológica Juréia-Itatins, proximidades do posto Barreirinho (balsa)."
"ESTAÇÃO ECOLÓGICA JURÉIA-ITATINS","Angiosperms","Euphorbiaceae","Actinostemon","concolor","(Spreng.) Müll.Arg.","EUPHORBIACEAE Actinostemon concolor (Spreng.) Müll.Arg.","171861","Splink","ICN",,"7051","Native","Ouro","Ouro",,"Estação Ecológica da Jureia."
"ESTAÇÃO ECOLÓGICA JURÉIA-ITATINS","Angiosperms","Euphorbiaceae","Actinostemon","klotzschii","(Didr.) Pax","EUPHORBIACEAE Actinostemon klotzschii (Didr.) Pax","319338","GBIF","SP","Cordeiro, I.","1650","Native","Ouro","Ouro","https://images.cria.org.br/viewer/SP0319338","Estação Ecológica Juréia-Itatins, Guarauzinho, Mata Ombrófila Densa de Encosta junto ao alojamento da Secretaria do Meio Ambiente."
"ESTAÇÃO ECOLÓGICA JURÉIA-ITATINS","Angiosperms","Euphorbiaceae","Alchornea","glandulosa","Poepp. & Endl.","EUPHORBIACEAE Alchornea glandulosa Poepp. & Endl.","309108","GBIF","SP","Favero, O.A.","484","Native","Latão","Ouro","https://images.cria.org.br/viewer/SP0309108","Estação Ecológica Juréia-Itatins, Aguapeu na encruzilhada para o João Antonio, no Caminho para o Rio Una"
"ESTAÇÃO ECOLÓGICA JURÉIA-ITATINS","Angiosperms","Euphorbiaceae","Alchornea","triplinervia","(Spreng.) Müll.Arg.","EUPHORBIACEAE Alchornea triplinervia (Spreng.) Müll.Arg.","238189","GBIF","SP","Cordeiro, I.","560","Native","Ouro","Ouro","https://images.cria.org.br/viewer/SP0238189","Estação Ecológica Juréia-Itatins, Praia da Juréia, Restinga."
"ESTAÇÃO ECOLÓGICA JURÉIA-ITATINS","Angiosperms","Euphorbiaceae","Aleurites","moluccanus","(L.) Willd.","EUPHORBIACEAE Aleurites moluccanus (L.) Willd.","309112","GBIF","SP","Favero, O.A.","766","Cultivated","Latão","Ouro","https://images.cria.org.br/viewer/SP0309112","Estação Ecológica Juréia-Itatins, Em frente à casa do Sr. José Pequeno, no Aguapeu"
"ESTAÇÃO ECOLÓGICA JURÉIA-ITATINS","Angiosperms","Euphorbiaceae","Algernonia","leandrii","(Baill.) G.L.Webster","EUPHORBIACEAE Algernonia leandrii (Baill.) G.L.Webster","SPSF00024088","Splink","SPSF",,"856","Native","Ouro","Ouro",,"Estação Ecológica Juréia-Itatins, Trilha para a cachoeira do Salto, mata de planície. Interior da mata."
"ESTAÇÃO ECOLÓGICA JURÉIA-ITATINS","Angiosperms","Euphorbiaceae","Aparisthmium","cordatum","(A.Juss.) Baill.","EUPHORBIACEAE Aparisthmium cordatum (A.Juss.) Baill.","251730","GBIF","SP","Costa, M.P.","54","Native","Latão","Ouro","https://images.cria.org.br/viewer/SP0251730","Estação Ecológica Juréia-Itatins, Restinga entre Rio Una e Rio Verde."
"ESTAÇÃO ECOLÓGICA JURÉIA-ITATINS","Angiosperms","Euphorbiaceae","Croton","gnaphaloides","Schrad.","EUPHORBIACEAE Croton gnaphaloides Schrad.","SPSF00024061","Splink","SPSF",,"720","Native","Ouro","Ouro",,"Estação Ecológica Juréia-Itatins, Trilha do Imperador. Próximo à restinga."
"ESTAÇÃO ECOLÓGICA JURÉIA-ITATINS","Angiosperms","Euphorbiaceae","Croton","lundianus","(Didr.) Müll.Arg.","EUPHORBIACEAE Croton lundianus (Didr.) Müll.Arg.","002326","GBIF","HUFABC","Barretto, E.H.P.","778","Native","Bronze","Bronze","https://images.cria.org.br/viewer/HUFABC002326","Várzea do Rio Embu-Guaçu."
"ESTAÇÃO ECOLÓGICA JURÉIA-ITATINS","Angiosperms","Euphorbiaceae","Croton","triqueter","Lam.","EUPHORBIACEAE Croton triqueter Lam.","106057a","Splink","ICN",,"7375","Native","Ouro","Ouro",,"Estação Ecológica Juréia-Itatins, Mata Atlântica, em beira de trilha em mata junto ao Rio Guilherme"
"ESTAÇÃO ECOLÓGICA JURÉIA-ITATINS","Angiosperms","Euphorbiaceae","Dalechampia","ficifolia","Lam.","EUPHORBIACEAE Dalechampia ficifolia Lam.","258584","GBIF","SP","Anunciacao, E.A.","159","Native","Bronze","Ouro","https://images.cria.org.br/viewer/SP0258584","Estação Ecológica Juréia-Itatins, Serra da Juréia. Caminho do Imperador, em direção a Praia da Juréia."
"ESTAÇÃO ECOLÓGICA JURÉIA-ITATINS","Angiosperms","Euphorbiaceae","Dalechampia","leandrii","Baill.","EUPHORBIACEAE Dalechampia leandrii Baill.","258571","GBIF","SP","Anunciacao, E.A.","144","Native","Bronze","Ouro","https://images.cria.org.br/viewer/SP0258571","Estação Ecológica Juréia-Itatins, Serra da Juréia. Caminho do Imperador, em direção a Praia do Rio Verde, próximo ao manguezal."
"ESTAÇÃO ECOLÓGICA JURÉIA-ITATINS","Angiosperms","Euphorbiaceae","Euphorbia","bahiensis","(Klotzsch & Garcke) Boiss.","EUPHORBIACEAE Euphorbia bahiensis (Klotzsch & Garcke) Boiss.","SPSF00024064","Splink","SPSF",,"555","Native","Ouro","Ouro",,"Estação Ecológica Juréia-Itatins, Praia da Juréia, Restinga."
"ESTAÇÃO ECOLÓGICA JURÉIA-ITATINS","Angiosperms","Euphorbiaceae","Euphorbia","chrysophylla","(Klotzsch & Garcke) Boiss.","EUPHORBIACEAE Euphorbia chrysophylla (Klotzsch & Garcke) Boiss.","45872","GBIF","SPSF","Lins, B.G.C.","405","Native","Bronze","Ouro",,"Estação Ecológica Juréia-Itatins"
"ESTAÇÃO ECOLÓGICA JURÉIA-ITATINS","Angiosperms","Euphorbiaceae","Euphorbia","ophthalmica","Pers.","EUPHORBIACEAE Euphorbia ophthalmica Pers.","7008","GBIF","HUEM","Souza, V.C.","527","Native","Ouro","Ouro",,"Estação Ecológica Juréia-Itatins, Arredores da foz do Rio Guara·. Encosta rochosa."
"ESTAÇÃO ECOLÓGICA JURÉIA-ITATINS","Angiosperms","Euphorbiaceae","Jatropha","curcas","L.","EUPHORBIACEAE Jatropha curcas L.","309115","GBIF","SP","Favero, O.A.","292","Naturalized","Latão","Ouro","https://images.cria.org.br/viewer/SP0309115","Estação Ecológica Juréia-Itatins, Aguapeu, atrás da casa do Sr. Bianor"
"ESTAÇÃO ECOLÓGICA JURÉIA-ITATINS","Angiosperms","Euphorbiaceae","Jatropha","gossypiifolia","L.","EUPHORBIACEAE Jatropha gossypiifolia L.","309114","GBIF","SP","Favero, O.A.","736","Native","Latão","Ouro","https://images.cria.org.br/viewer/SP0309114","Estação Ecológica Juréia-Itatins, Cachoeira do Guilherme no terreiro da Dona Carmem"
"ESTAÇÃO ECOLÓGICA JURÉIA-ITATINS","Angiosperms","Euphorbiaceae","Manihot","esculenta","Crantz","EUPHORBIACEAE Manihot esculenta Crantz",,"GBIF",,,,"Native","Latão","Bronze",,
"ESTAÇÃO ECOLÓGICA JURÉIA-ITATINS","Angiosperms","Euphorbiaceae","Manihot","grahamii","Hook.","EUPHORBIACEAE Manihot grahamii Hook.","SPSF00024062","Splink","SPSF",,"493","Native","Ouro","Ouro",,"Estação Ecológica Juréia-Itatins, Serra da Juréia. Caminho do Imperador em direção à praia da Juréia. Mata."
"ESTAÇÃO ECOLÓGICA JURÉIA-ITATINS","Angiosperms","Euphorbiaceae","Maprounea","guianensis","Aubl.","EUPHORBIACEAE Maprounea guianensis Aubl.","309343","GBIF","SP","Melo, M.M.R.F.","1136","Native","Latão","Ouro","https://images.cria.org.br/viewer/SP0309343","Estação Ecológica Juréia-Itatins, às margens do Rio Verde, próximo ao alojamento da S.M.A."
"ESTAÇÃO ECOLÓGICA JURÉIA-ITATINS","Angiosperms","Euphorbiaceae","Microstachys","corniculata","(Vahl) Griseb.","EUPHORBIACEAE Microstachys corniculata (Vahl) Griseb.","345404","GBIF","SP","Cordeiro, I.","1992","Native","Ouro","Ouro","https://images.cria.org.br/viewer/SP0345404","Estação Ecológica Juréia-Itatins, N·cleo Guarau, Mata Ombrófila densa de encosta. Praia do Arpoador, formação arbustiva de restinga."
"ESTAÇÃO ECOLÓGICA JURÉIA-ITATINS","Angiosperms","Euphorbiaceae","Pachystroma","longifolium","(Nees) I.M.Johnst.","EUPHORBIACEAE Pachystroma longifolium (Nees) I.M.Johnst.","SPSF00024063","Splink","SPSF",,"1620","Native","Ouro","Ouro",,"Estação Ecológica Juréia-Itatins, Trilha do Imperador entre o Rio Verde e a praia da Juréia"
"ESTAÇÃO ECOLÓGICA JURÉIA-ITATINS","Angiosperms","Euphorbiaceae","Pausandra","morisiana","(Casar.) Radlk.","EUPHORBIACEAE Pausandra morisiana (Casar.) Radlk.","277191","GBIF","SP","Cordeiro, I.","1507","Native","Ouro","Ouro","https://images.cria.org.br/viewer/SP0277191","Estação Ecológica Juréia-Itatins, Guarauzinho, trilha dos Caçadores, mata pluvial tropical de encosta. Interior da mata."
"ESTAÇÃO ECOLÓGICA JURÉIA-ITATINS","Angiosperms","Euphorbiaceae","Sapium","glandulosum","(L.) Morong","EUPHORBIACEAE Sapium glandulosum (L.) Morong","318835","GBIF","SP","Nicolau, S.A.","1478","Native","Ouro","Ouro","https://images.cria.org.br/viewer/SP0318835","Estação Ecológica Juréia-Itatins"
"ESTAÇÃO ECOLÓGICA JURÉIA-ITATINS","Angiosperms","Euphorbiaceae","Tetrorchidium","rubrivenium","Poepp.","EUPHORBIACEAE Tetrorchidium rubrivenium Poepp.","293424","GBIF","SP","Cordeiro, I.","1614","Native","Ouro","Ouro","https://images.cria.org.br/viewer/SP0293424","Estação Ecológica Juréia-Itatins, Trilha do Imperador entre o Rio Verde e a praia da Juréia, mata pluvial de encosta."
"ESTAÇÃO ECOLÓGICA JURÉIA-ITATINS","Angiosperms","Fabaceae","Anadenanthera","colubrina","(Vell.) Brenan","FABACEAE Anadenanthera colubrina (Vell.) Brenan","329486","GBIF","SP","Favero, O.A.","789","Native","Prata","Ouro",,"Estação Ecológica Juréia-Itatins, Despraiado, terreiro da casa da Diva"
"ESTAÇÃO ECOLÓGICA JURÉIA-ITATINS","Angiosperms","Fabaceae","Andira","anthelmia","(Vell.) Benth.","FABACEAE Andira anthelmia (Vell.) Benth.","309908","GBIF","SP","Melo, M.M.R.F.","1229","Native","Prata","Ouro",,"Estação Ecológica Juréia-Itatins, Margens do rio Verde, próximo ao alojamento"
"ESTAÇÃO ECOLÓGICA JURÉIA-ITATINS","Angiosperms","Fabaceae","Andira","fraxinifolia","Benth.","FABACEAE Andira fraxinifolia Benth.","RB00784678","GBIF","RB","Rodrigues, R.R.",,"Native","Ouro","Ouro","jbrj-public-img.s3-sa-east-1.amazonaws.com/JPG/rb/0/78/46/78/00784678.jpg","Estação Ecológica Jureia. Mata ciliar, margem do Rio Verde."
"ESTAÇÃO ECOLÓGICA JURÉIA-ITATINS","Angiosperms","Fabaceae","Andira","ormosioides","Benth.","FABACEAE Andira ormosioides Benth.","155916","GBIF","SPF","Cordeiro, I.","2726","Native","Bronze","Ouro","https://images.cria.org.br/viewer/SPF00155916","Estação Ecológica Juréia-Itatins, Núcleo Arpoador, trilha do Fundão, floresta ombrófila de planície"
"ESTAÇÃO ECOLÓGICA JURÉIA-ITATINS","Angiosperms","Fabaceae","Cajanus","cajan","(L.) Huth","FABACEAE Cajanus cajan (L.) Huth","329555","GBIF","SP","Favero, O.A.","602","Naturalized","Prata","Ouro",,"Estação Ecológica Juréia-Itatins, Próximo à Cachoeira do Guilherme, no quintal da casa de Dona Maricota"
"ESTAÇÃO ECOLÓGICA JURÉIA-ITATINS","Angiosperms","Fabaceae","Canavalia","bonariensis","Lindl.","FABACEAE Canavalia bonariensis Lindl.","SPSF00025836","Splink","SPSF",,"1528","Native","Ouro","Ouro",,"Estação Ecológica Juréia-Itatins"
"ESTAÇÃO ECOLÓGICA JURÉIA-ITATINS","Angiosperms","Fabaceae","Canavalia","rosea","(Sw.) DC.","FABACEAE Canavalia rosea (Sw.) DC.","SPSF00025839","Splink","SPSF",,"491","Native","Ouro","Ouro",,"Estação Ecológica Juréia-Itatins, Serra da Juréia, praia do Rio Verde, dunas, vegetação rasteira e arbustiva"
"ESTAÇÃO ECOLÓGICA JURÉIA-ITATINS",,"Fabaceae","Centroceras","clavulatum","(C.Agardh) Mont.","FABACEAE Centroceras clavulatum (C.Agardh) Mont.","1012","GBIF","HUSC","Biologia, A.","1790",,"Bronze","Ouro",,"Estação ecológica Juréia - Guaraú"
"ESTAÇÃO ECOLÓGICA JURÉIA-ITATINS","Angiosperms","Fabaceae","Centrolobium","robustum","(Vell.) Mart. ex Benth.","FABACEAE Centrolobium robustum (Vell.) Mart. ex Benth.","329558","GBIF","SP","Favero, O.A.","345A","Native","Prata","Ouro",,"Estação Ecológica Juréia-Itatins, Cachoeira do Guilherme, próximo à casa de Dona Paula"
"ESTAÇÃO ECOLÓGICA JURÉIA-ITATINS","Angiosperms","Fabaceae","Centrosema","virginianum","(L.) Benth.","FABACEAE Centrosema virginianum (L.) Benth.","26472","GBIF","BOTU","Souza, V.C.","507","Native","Ouro","Ouro",,"Estação Ecológica da Juréia. Praia do Guarauzinho"
"ESTAÇÃO ECOLÓGICA JURÉIA-ITATINS","Angiosperms","Fabaceae","Chamaecrista","desertorum","(Mart. ex Benth.) H.S.Irwin & Barneby","FABACEAE Chamaecrista desertorum (Mart. ex Benth.) H.S.Irwin & Barneby","RB00934472","GBIF","RB","Souza, V.C.","505","Native","Bronze","Ouro","jbrj-public-img.s3-sa-east-1.amazonaws.com/JPG/rb/0/93/44/72/00934472.jpg","Estação Ecológica Juréia-Itatins, Praia do Guarauzinho"
"ESTAÇÃO ECOLÓGICA JURÉIA-ITATINS","Angiosperms","Fabaceae","Chamaecrista","desvauxii","(Kunth ex Vogel) H.S.Irwin & Barneby","FABACEAE Chamaecrista desvauxii var. langsdorffii (Kunth ex Vogel) H.S.Irwin & Barneby","329597","GBIF","SP","Favero, O.A.","322","Native","Prata","Ouro",,"Estação Ecológica Juréia-Itatins, Aguapeu em frente à casa de Dona Francinha"
"ESTAÇÃO ECOLÓGICA JURÉIA-ITATINS","Angiosperms","Fabaceae","Cochliasanthus","caracalla","(L.) Trew","FABACEAE Cochliasanthus caracalla (L.) Trew","244548","GBIF","SP","Catharino, E.L.M.","1360","Native","Prata","Prata","https://images.cria.org.br/viewer/SP028550","Serra da Jureia."
"ESTAÇÃO ECOLÓGICA JURÉIA-ITATINS","Angiosperms","Fabaceae","Copaifera","langsdorffii","Desf.","FABACEAE Copaifera langsdorffii Desf.","254443","GBIF","SP","Nicolau, S.A.","393","Native","Prata","Ouro",,"Estação Ecológica Juréia-Itatins, Trilha para a Cachoeira do Salto"
"ESTAÇÃO ECOLÓGICA JURÉIA-ITATINS","Angiosperms","Fabaceae","Crotalaria","laeta","Mart. ex Benth.","FABACEAE Crotalaria laeta Mart. ex Benth.","247634","GBIF","SP","Rossi, L.","743","Native","Bronze","Ouro",,"Estação Ecológica Juréia-Itatins, Barra do Una"
"ESTAÇÃO ECOLÓGICA JURÉIA-ITATINS","Angiosperms","Fabaceae","Crotalaria","vitellina","Ker Gawl.","FABACEAE Crotalaria vitellina Ker Gawl.","24587","GBIF","HUEFS","Queiroz, L.P.","4490","Native","Prata","Ouro","https://images.cria.org.br/viewer/HUEFS0024587_e1","Estação Ecológica Juréia-Itatins."
"ESTAÇÃO ECOLÓGICA JURÉIA-ITATINS",,"Fabaceae","Dahlstedtia","erythrina",,"FABACEAE Dahlstedtia erythrina","SPSF00025853","Splink","SPSF",,"1159",,"Latão","Ouro",,"Estação Ecológica Juréia-Itatins, Serra da Juréia, trilha do Morrinho"
"ESTAÇÃO ECOLÓGICA JURÉIA-ITATINS","Angiosperms","Fabaceae","Dahlstedtia","pentaphylla","(Taub.) Burkart","FABACEAE Dahlstedtia pentaphylla (Taub.) Burkart","SPSF00025851","Splink","SPSF",,"1036","Native","Ouro","Ouro",,"Estação Ecológica Juréia-Itatins, Mata de planície, ás margens do Rio Verde, próxima ao alojamento"
"ESTAÇÃO ECOLÓGICA JURÉIA-ITATINS","Angiosperms","Fabaceae","Dahlstedtia","pinnata","(Benth.) Malme","FABACEAE Dahlstedtia pinnata (Benth.) Malme","145723","GBIF","UEC","Koch, I.","899","Native","Ouro","Ouro","https://images.cria.org.br/viewer/UEC063949","Estação Ecológica Juréia-Itatins. &nf;Núcleo Rio Verde, cachoeira do Itapeva, trilha a direita na bifurcação para a Figueira."
"ESTAÇÃO ECOLÓGICA JURÉIA-ITATINS","Angiosperms","Fabaceae","Dalbergia","ecastaphyllum","(L.) Taub.","FABACEAE Dalbergia ecastaphyllum (L.) Taub.","82473","GBIF","UEC","Souza, V.C.","481","Native","Ouro","Ouro",,"Estação Ecológica da Juréia. Praia do Gu"
"ESTAÇÃO ECOLÓGICA JURÉIA-ITATINS","Angiosperms","Fabaceae","Dalbergia","frutescens","(Vell.) Britton","FABACEAE Dalbergia frutescens var. frutescens (Vell.) Britton","307026","Splink","SP",,"4465","Native","Ouro","Ouro",,"Estação Ecológica Juréia-Itatins, Ca. 17 km S de Peruíbe, entre o Perequê e o Rio Una, restinga arbustiva densa formando escrube com emergentes arbóreos de ca. 4,5m alt."
"ESTAÇÃO ECOLÓGICA JURÉIA-ITATINS","Angiosperms","Fabaceae","Desmodium","adscendens","(Sw.) DC.","FABACEAE Desmodium adscendens (Sw.) DC.","329491","GBIF","SP","Favero, O.A.","566","Naturalized","Prata","Ouro",,"Estação Ecológica Juréia-Itatins, Próximo à casa do Sr. Onésio no morro do Grajaúna"
"ESTAÇÃO ECOLÓGICA JURÉIA-ITATINS","Angiosperms","Fabaceae","Desmodium","incanum","(Sw.) DC.","FABACEAE Desmodium incanum (Sw.) DC.","261963","GBIF","SP","Aragaki, S.","35","Naturalized","Prata","Ouro",,"Estação Ecológica Juréia-Itatins, Caminho do Imperador em direção à praia da Juréia, após a cachoeira do Senhor"
"ESTAÇÃO ECOLÓGICA JURÉIA-ITATINS","Angiosperms","Fabaceae","Erythrina","speciosa","Andrews","FABACEAE Erythrina speciosa Andrews","263102","GBIF","SP","Rossi, L.","1335","Native","Bronze","Ouro",,"Estação Ecológica Juréia-Itatins, Praia do Rio Verde, próximo à foz deste rio"
"ESTAÇÃO ECOLÓGICA JURÉIA-ITATINS","Angiosperms","Fabaceae","Hydrochorea","pedicellaris","(DC.) M.V.B.Soares, Iganci & M.P.Morim","FABACEAE Hydrochorea pedicellaris (DC.) M.V.B.Soares, Iganci & M.P.Morim","SPSF00025827","Splink","SPSF",,"47","Native","Ouro","Ouro",,"Iguape, Estaçao Ecológica Juréia-Itatins, margem do Rio Verde"
"ESTAÇÃO ECOLÓGICA JURÉIA-ITATINS","Angiosperms","Fabaceae","Hymenaea","altissima","Ducke","FABACEAE Hymenaea altissima Ducke","45041","GBIF","SPSF","Moura, C.","389","Native","Bronze","Bronze",,"Serra de Peruíbe"
"ESTAÇÃO ECOLÓGICA JURÉIA-ITATINS","Angiosperms","Fabaceae","Hymenaea","courbaril","L.","FABACEAE Hymenaea courbaril L.","251741","GBIF","SP","Costa, M.P.","65","Native","Bronze","Ouro",,"Estação Ecológica Juréia-Itatins, Trilha para o Pocinho"
"ESTAÇÃO ECOLÓGICA JURÉIA-ITATINS","Angiosperms","Fabaceae","Hymenolobium","janeirense","Kuhlm.","FABACEAE Hymenolobium janeirense Kuhlm.","SPSF00025869","Splink","SPSF",,"1039","Native","Latão","Ouro",,"Estação Ecológica Juréia-Itatins, Mata de planície, às margens do Rio Verde, próximo ao alojamento"
"ESTAÇÃO ECOLÓGICA JURÉIA-ITATINS","Angiosperms","Fabaceae","Inga","bullata","Benth.","FABACEAE Inga bullata Benth.","SPSF00025779","Splink","SPSF",,"52","Native","Latão","Ouro",,"Estação Ecológica Juréia-Itatins, Trilha na restinga entre margem do Rio Verde e caminho do Imperador"
"ESTAÇÃO ECOLÓGICA JURÉIA-ITATINS","Angiosperms","Fabaceae","Inga","capitata","Desv.","FABACEAE Inga capitata Desv.","SPSF00054575","Splink","SPSF",,"8857","Native","Prata","Ouro",,"Floresta Ombrófila Densa de Terras Baixas (floresta alta de restinga). Estação Ecológica Jureia-Itatins. Praia da base do Rio Verde."
"ESTAÇÃO ECOLÓGICA JURÉIA-ITATINS","Angiosperms","Fabaceae","Inga","edulis","Mart.","FABACEAE Inga edulis Mart.","SPSF00025824","Splink","SPSF",,"480","Native","Ouro","Ouro",,"Estação Ecológica Juréia-Itatins."
"ESTAÇÃO ECOLÓGICA JURÉIA-ITATINS","Angiosperms","Fabaceae","Inga","edwallii","(Harms) T.D.Penn.","FABACEAE Inga edwallii (Harms) T.D.Penn.","262672","GBIF","SP","Mamede, M.C.H.","545","Native","Bronze","Ouro",,"Estação Ecológica Juréia-Itatins, Serra da Juréia, mata no alto da Cachoeira do Salto"
"ESTAÇÃO ECOLÓGICA JURÉIA-ITATINS","Angiosperms","Fabaceae","Inga","marginata","Willd.","FABACEAE Inga marginata Willd.","298154","GBIF","SP","Costa, C.B.","126","Native","Prata","Ouro",,"Estação Ecológica Juréia-Itatins, Trilha do Imperador, mata de encosta"
"ESTAÇÃO ECOLÓGICA JURÉIA-ITATINS","Angiosperms","Fabaceae","Inga","praegnans","T.D.Penn.","FABACEAE Inga praegnans T.D.Penn.","103153865","Splink","MO-DUPLICATES",,"829","Native","Ouro","Ouro",,"Estação Ecologica Juréia-Itatins, margem do Rio Verde."
"ESTAÇÃO ECOLÓGICA JURÉIA-ITATINS","Angiosperms","Fabaceae","Inga","sellowiana","Benth.","FABACEAE Inga sellowiana Benth.","35090","GBIF","UEC","Figueiredo, N.","15602","Native","Ouro","Ouro",,"Estação Ecológica da Juréia, Perto da casa."
"ESTAÇÃO ECOLÓGICA JURÉIA-ITATINS","Angiosperms","Fabaceae","Inga","sessilis","(Vell.) Mart.","FABACEAE Inga sessilis (Vell.) Mart.","309895","GBIF","SP","Melo, M.M.R.F.","1242","Native","Prata","Ouro",,"Estação Ecológica Juréia-Itatins, Margens do rio Verde, próximo ao alojamento"
"ESTAÇÃO ECOLÓGICA JURÉIA-ITATINS","Angiosperms","Fabaceae","Inga","subnuda","(Benth.) T.D.Penn.","FABACEAE Inga subnuda subsp. luschnathiana (Benth.) T.D.Penn.","107878","GBIF","SPF","Souza, V.C.","9281","Native","Bronze","Ouro","https://images.cria.org.br/viewer/SPF00107878","Estação Ecológica Juréia-Itatins. Foz do Rio Guaraú, mata próxima à margem esquerda."
"ESTAÇÃO ECOLÓGICA JURÉIA-ITATINS","Angiosperms","Fabaceae","Jupunba","brachystachya","(DC.) M.V.B.Soares et al.","FABACEAE Jupunba brachystachya (DC.) M.V.B.Soares et al.","SPSF00025768","Splink","SPSF",,"1540","Native","Ouro","Ouro",,"Iquape, proximidades do maciço da Jureia, Estaçao Ecológica Jureia-Itatins, restinga do Rio Verde"
"ESTAÇÃO ECOLÓGICA JURÉIA-ITATINS","Angiosperms","Fabaceae","Jupunba","langsdorffii","(Benth.) M.V.B.Soares et al.","FABACEAE Jupunba langsdorffii (Benth.) M.V.B.Soares et al.","SPSF00025771","Splink","SPSF",,"1486","Native","Prata","Ouro",,"Estação Ecológica Juréia-Itatins, Alto da Cachoeira Grande, mata de encosta"
"ESTAÇÃO ECOLÓGICA JURÉIA-ITATINS","Angiosperms","Fabaceae","Lonchocarpus",,"Kunth","FABACEAE Lonchocarpus Kunth","329496","GBIF","SP","Favero, O.A.","245",,"Latão","Ouro",,"Estação Ecológica Juréia-Itatins, Rio Comprido, no quintal do Sr. Apolinário"
"ESTAÇÃO ECOLÓGICA JURÉIA-ITATINS","Angiosperms","Fabaceae","Machaerium","nyctitans","(Vell.) Benth.","FABACEAE Machaerium nyctitans (Vell.) Benth.","309905","GBIF","SP","Melo, M.M.R.F.","1232","Native","Bronze","Ouro",,"Estação Ecológica Juréia-Itatins, Margens do rio Verde, próximo ao alojamento"
"ESTAÇÃO ECOLÓGICA JURÉIA-ITATINS","Angiosperms","Fabaceae","Machaerium","oblongifolium","Vogel","FABACEAE Machaerium oblongifolium Vogel","ICN00024293","Reflora","ICN","Sobral, M.","7483","Native","Ouro","Ouro",,"Estação Ecológica da Juréia"
"ESTAÇÃO ECOLÓGICA JURÉIA-ITATINS","Angiosperms","Fabaceae","Machaerium","uncinatum","(Vell.) Benth.","FABACEAE Machaerium uncinatum (Vell.) Benth.","244563","GBIF","SP","Catharino, E.L.M.","1371","Native","Prata","Prata",,"Serra da Jureia."
"ESTAÇÃO ECOLÓGICA JURÉIA-ITATINS","Angiosperms","Fabaceae","Machaerium","villosum","Vogel","FABACEAE Machaerium villosum Vogel","736","GBIF","HUSC","Souza, V.C.","1688","Native","Ouro","Ouro",,"Estação ecológica Juréia-Itatins, mata de restinga próxima ao grêmio"
"ESTAÇÃO ECOLÓGICA JURÉIA-ITATINS","Angiosperms","Fabaceae","Macropsychanthus","grandistipula","(L.P.Queiroz) L.P.Queiroz & Snak","FABACEAE Macropsychanthus grandistipula (L.P.Queiroz) L.P.Queiroz & Snak","SPSF00025860","Splink","SPSF",,"1360","Native","Ouro","Ouro",,"Estação ecológica Juréia-Itatins, Serra da Juréia, mata pluvial montana, caminho do Imperador."
"ESTAÇÃO ECOLÓGICA JURÉIA-ITATINS","Angiosperms","Fabaceae","Mimosa","pudica","L.","FABACEAE Mimosa pudica L.","21387150","GBIF","Observations","Joescience",,"Native","Bronze","Bronze",,"Iguape - State of São Paulo, 11920-000, Brazil"
"ESTAÇÃO ECOLÓGICA JURÉIA-ITATINS","Angiosperms","Fabaceae","Mucuna","urens","(L.) Medik.","FABACEAE Mucuna urens (L.) Medik.","244829","GBIF","SP","Cordeiro, I.","662","Native","Ouro","Ouro",,"Reserva Ecológica Juréia-Itatins, Serra da Juréia, caminho do Imperador"
"ESTAÇÃO ECOLÓGICA JURÉIA-ITATINS","Angiosperms","Fabaceae","Nissolia","brasiliensis","(Vogel) T.M.Moura & Fort.- Perez","FABACEAE Nissolia brasiliensis (Vogel) T.M.Moura & Fort.- Perez","254658","GBIF","SP","Lohmann, C.E.O.","39","Native","Bronze","Ouro","https://images.cria.org.br/viewer/SP026290","Estação Ecológica Juréia-Itatins, Alto do morro, próximo ao alojamento"
"ESTAÇÃO ECOLÓGICA JURÉIA-ITATINS","Angiosperms","Fabaceae","Ormosia","arborea","(Vell.) Harms","FABACEAE Ormosia arborea (Vell.) Harms","309904","GBIF","SP","Melo, M.M.R.F.","1233","Native","Prata","Ouro",,"Estação Ecológica Juréia-Itatins, Margens do rio Verde, próximo ao alojamento"
"ESTAÇÃO ECOLÓGICA JURÉIA-ITATINS","Angiosperms","Fabaceae","Piptadenia","gonoacantha","(Mart.) J.F.Macbr.","FABACEAE Piptadenia gonoacantha (Mart.) J.F.Macbr.","SPSF00025773","Splink","SPSF",,"922","Native","Ouro","Ouro",,"Estação Ecológica Juréia-Itatins, Proximidades do alojamento, trilha para o caminho do Imperador"
"ESTAÇÃO ECOLÓGICA JURÉIA-ITATINS","Angiosperms","Fabaceae","Pityrocarpa","leptostachya","(Benth.) L.P.Queiroz & P.G.Ribeiro","FABACEAE Pityrocarpa leptostachya (Benth.) L.P.Queiroz & P.G.Ribeiro","SPSF00025772","Splink","SPSF",,"138","Native","Ouro","Ouro",,"Estaçao Ecologica Jureia-Itatins, Serra da Jureia"
"ESTAÇÃO ECOLÓGICA JURÉIA-ITATINS","Angiosperms","Fabaceae","Pterocarpus","rohrii","Vahl","FABACEAE Pterocarpus rohrii Vahl","309903","GBIF","SP","Melo, M.M.R.F.","1234","Native","Prata","Ouro",,"Estação Ecológica Juréia-Itatins, Margens do rio Verde, próximo ao alojamento"
"ESTAÇÃO ECOLÓGICA JURÉIA-ITATINS","Angiosperms","Fabaceae","Schizolobium","parahyba","(Vell.) Blake","FABACEAE Schizolobium parahyba (Vell.) Blake","24630","GBIF","HUEFS","Queiroz, L.P.","4533","Native","Ouro","Ouro",,"Estação Ecológica Juréia-Itatins."
"ESTAÇÃO ECOLÓGICA JURÉIA-ITATINS","Angiosperms","Fabaceae","Senegalia","paraensis","(Ducke) Seigler & Ebinger","FABACEAE Senegalia paraensis (Ducke) Seigler & Ebinger","SPSF00025774","Splink","SPSF",,"35","Native","Ouro","Ouro",,"Estaçao Ecologica Jureia-Itatins, Serra da Jureia, margens do Rio Verde em direçao a foz"
"ESTAÇÃO ECOLÓGICA JURÉIA-ITATINS","Angiosperms","Fabaceae","Senna","alata","(L.) Roxb.","FABACEAE Senna alata (L.) Roxb.","329596","GBIF","SP","Favero, O.A.","773","Native","Prata","Ouro",,"Estação Ecológica Juréia-Itatins, Aguapeu em frente à casa do Sr. Bianor"
"ESTAÇÃO ECOLÓGICA JURÉIA-ITATINS","Angiosperms","Fabaceae","Senna","macranthera","(DC. ex Collad.) H.S.Irwin & Barneby","FABACEAE Senna macranthera (DC. ex Collad.) H.S.Irwin & Barneby","ESA005730","GBIF","ESA","Moraes, P.L.R.","40","Native","Bronze","Ouro","jbrj-public.s3-sa-east-1.amazonaws.com/fsi/server?type=image&source=DZI/esa/esa/0/0/57/30/esa00005730.dzi","Estação Ecológica Juréia-Itatins, Serra da Juréia, trilha do Imperador"
"ESTAÇÃO ECOLÓGICA JURÉIA-ITATINS","Angiosperms","Fabaceae","Senna","multijuga","(Gardner) H.S.Irwin & Barneby","FABACEAE Senna multijuga subsp. lindleyana (Gardner) H.S.Irwin & Barneby","263459","GBIF","SP","Rossi, L.","1272","Native","Bronze","Ouro",,"Estação Ecológica Juréia-Itatins, Caminho do Imperador"
"ESTAÇÃO ECOLÓGICA JURÉIA-ITATINS","Angiosperms","Fabaceae","Senna","occidentalis","(L.) Link","FABACEAE Senna occidentalis (L.) Link","329490","GBIF","SP","Favero, O.A.","s.n.","Native","Prata","Ouro",,"Estação Ecológica Juréia-Itatins"
"ESTAÇÃO ECOLÓGICA JURÉIA-ITATINS","Angiosperms","Fabaceae","Senna","pendula","(Humb.& Bonpl.ex Willd.) H.S.Irwin & Barneby","FABACEAE Senna pendula (Humb.& Bonpl.ex Willd.) H.S.Irwin & Barneby","SPSF00025693","Splink","SPSF",,"951","Native","Ouro","Ouro",,"Estação Ecológica Juréia-Itatins, Serra da Juréia, ás margens do Rio Verde, em direção à foz, mata"
"ESTAÇÃO ECOLÓGICA JURÉIA-ITATINS","Angiosperms","Fabaceae","Senna","silvestris","(Vell.) H.S.Irwin & Barneby","FABACEAE Senna silvestris subsp. silvestris (Vell.) H.S.Irwin & Barneby","153620","GBIF","MBM","Sobral, M.","7221","Native","Ouro","Ouro","https://images.cria.org.br/viewer/MBM153620","Estação Ecológica Juréia-Itatins."
"ESTAÇÃO ECOLÓGICA JURÉIA-ITATINS","Angiosperms","Fabaceae","Sophora","tomentosa","L.","FABACEAE Sophora tomentosa L.","738","GBIF","HUSC","Goncalves, G.T.","1689","Native","Ouro","Ouro",,"Estação ecológica Juréia-Itatins, praia do Guarauzinho, sobre a encosta do morro"
"ESTAÇÃO ECOLÓGICA JURÉIA-ITATINS","Angiosperms","Fabaceae","Stylosanthes","viscosa","(L.) Sw.","FABACEAE Stylosanthes viscosa (L.) Sw.","739","GBIF","HUSC","Souza, V.C.","1690","Native","Ouro","Ouro",,"Estação ecológica Juréia-Itatins, pé do morro na margem da foz do rio guaraú"
"ESTAÇÃO ECOLÓGICA JURÉIA-ITATINS","Angiosperms","Fabaceae","Swartzia","flaemingii","Raddi","FABACEAE Swartzia flaemingii Raddi","253047","GBIF","SP","Aragaki, S.","14","Native","Prata","Ouro","https://images.cria.org.br/viewer/SP027916","Estação Ecológica Juréia-Itatins, Restinga entre o Rio Una do Prelado e o Verde"
"ESTAÇÃO ECOLÓGICA JURÉIA-ITATINS","Angiosperms","Fabaceae","Swartzia","langsdorffii","Raddi","FABACEAE Swartzia langsdorffii Raddi","309902","GBIF","SP","Melo, M.M.R.F.","1235","Native","Prata","Ouro",,"Estação Ecológica Juréia-Itatins, Margens do rio Verde, próximo ao alojamento"
"ESTAÇÃO ECOLÓGICA JURÉIA-ITATINS","Angiosperms","Fabaceae","Tachigali","denudata","(Vogel) Oliveira-Filho","FABACEAE Tachigali denudata (Vogel) Oliveira-Filho","309901","GBIF","SP","Melo, M.M.R.F.","1236","Native","Prata","Ouro",,"Estação Ecológica Juréia-Itatins, Margens do rio Verde, próximo ao alojamento"
"ESTAÇÃO ECOLÓGICA JURÉIA-ITATINS","Angiosperms","Fabaceae","Tachigali","multijuga","Benth.","FABACEAE Tachigali multijuga Benth.","309900","GBIF","SP","Melo, M.M.R.F.","1237","Native","Bronze","Ouro",,"Estação Ecológica Juréia-Itatins, Margens do rio Verde, próximo ao alojamento"
"ESTAÇÃO ECOLÓGICA JURÉIA-ITATINS","Angiosperms","Fabaceae","Tachigali","paratyensis","(Vell.) H.C.Lima","FABACEAE Tachigali paratyensis (Vell.) H.C.Lima","RB00490330","GBIF","RB","Aragaki, S.","07","Native","Bronze","Ouro","jbrj-public-img.s3-sa-east-1.amazonaws.com/JPG/rb/0/49/3/30/00490330.jpg","Estação Ecológica Juréia-Itatins, mata próx. ao alojamento."
"ESTAÇÃO ECOLÓGICA JURÉIA-ITATINS","Angiosperms","Fabaceae","Vigna","luteola","(Jacq.) Benth.","FABACEAE Vigna luteola (Jacq.) Benth.","352648","GBIF","SP","Rossi, L.","s.n.","Native","Prata","Ouro",,"Estação Ecológica Juréia-Itatins, Núcleo do Rio Verde"
"ESTAÇÃO ECOLÓGICA JURÉIA-ITATINS","Angiosperms","Fabaceae","Zollernia","glabra","(Spreng.) Yakovlev","FABACEAE Zollernia glabra (Spreng.) Yakovlev","731","GBIF","HUSC","Souza, V.C.","1683","Native","Ouro","Ouro",,"Estação ecológica Juréia-Itatins, praia do arpoador, area de camping sobre afloramento rochoso"
"ESTAÇÃO ECOLÓGICA JURÉIA-ITATINS","Angiosperms","Fabaceae","Zollernia","ilicifolia","(Brongn.) Vogel","FABACEAE Zollernia ilicifolia (Brongn.) Vogel","SPSF00025865","Splink","SPSF",,"115","Native","Ouro","Ouro",,"Estação Ecológica Juréia-Itatins, Serra da Juréia, trilha para o caminho do Imperador"
"ESTAÇÃO ECOLÓGICA JURÉIA-ITATINS","Angiosperms","Fabaceae","Zornia","latifolia","Sm.","FABACEAE Zornia latifolia Sm.","272202","GBIF","SP","Anunciacao, E.A.","317","Native","Bronze","Ouro",,"Estação Ecológica Juréia-Itatins, Serra da Juréia, dunas na Praia do Rio Verde"
"ESTAÇÃO ECOLÓGICA JURÉIA-ITATINS",,"Fissidentaceae","Fissidens",,"Hedw.","FISSIDENTACEAE Fissidens Hedw.","345","GBIF","HUSC","Mello, Z.R.","344",,"Bronze","Bronze",,"Estação Ecológica de Juréia- Guaraú."
"ESTAÇÃO ECOLÓGICA JURÉIA-ITATINS",,"Frullaniaceae","Frullania","brasiliensis","Raddi","FRULLANIACEAE Frullania brasiliensis Raddi","223393","GBIF","SP-BRYOPHYTA","Yano, O.","11980",,"Latão","Bronze",,"Barra do Ribeira"
"ESTAÇÃO ECOLÓGICA JURÉIA-ITATINS",,"Frullaniaceae","Frullania","caulisequa","(Nees) Mont.","FRULLANIACEAE Frullania caulisequa (Nees) Mont.","223402","GBIF","SP-BRYOPHYTA","Yano, O.","11989",,"Latão","Bronze",,"Barra do Ribeira"
"ESTAÇÃO ECOLÓGICA JURÉIA-ITATINS",,"Frullaniaceae","Frullania","dilatata","(L.) Dumort.","FRULLANIACEAE Frullania dilatata (L.) Dumort.","223413","GBIF","SP-BRYOPHYTA","Yano, O.","12000",,"Latão","Bronze",,"Barra do Ribeira"
"ESTAÇÃO ECOLÓGICA JURÉIA-ITATINS",,"Frullaniaceae","Frullania","ericoides","(Nees) Mont.","FRULLANIACEAE Frullania ericoides (Nees) Mont.","208301","GBIF","ICN","Yano, O.","12906",,"Latão","Bronze",,"Barra do Ribeira"
"ESTAÇÃO ECOLÓGICA JURÉIA-ITATINS",,"Frullaniaceae","Frullania","gibbosa","Nees","FRULLANIACEAE Frullania gibbosa Nees","223488","GBIF","SP-BRYOPHYTA","Yano, O.","12080",,"Latão","Bronze",,"Barra do Ribeira"
"ESTAÇÃO ECOLÓGICA JURÉIA-ITATINS",,"Frullaniaceae","Frullania","glomerata","(Lehm. & Lindenb.) Mont.","FRULLANIACEAE Frullania glomerata (Lehm. & Lindenb.) Mont.","223416","GBIF","SP-BRYOPHYTA","Yano, O.","12004",,"Latão","Bronze",,"Barra do Ribeira"
"ESTAÇÃO ECOLÓGICA JURÉIA-ITATINS",,"Frullaniaceae","Frullania","kunzei","(Lehm. & Lindenb.) Mont.","FRULLANIACEAE Frullania kunzei (Lehm. & Lindenb.) Mont.","223341","GBIF","SP-BRYOPHYTA","Yano, O.","11928",,"Latão","Bronze",,"Barra do Ribeira"
"ESTAÇÃO ECOLÓGICA JURÉIA-ITATINS",,"Frullaniaceae","Frullania","obcordata","(Lehm. & Lindenb.) Lehm. & Lindenb.","FRULLANIACEAE Frullania obcordata (Lehm. & Lindenb.) Lehm. & Lindenb.","223473","GBIF","SP-BRYOPHYTA","Yano, O.","12065",,"Latão","Bronze",,"Barra do Ribeira"
"ESTAÇÃO ECOLÓGICA JURÉIA-ITATINS",,"Frullaniaceae","Frullania","supradecomposita","(Lehm. & Lindenb.) Lehm. & Lindenb.","FRULLANIACEAE Frullania supradecomposita (Lehm. & Lindenb.) Lehm. & Lindenb.","PC0728082","GBIF","PC","Yano, O.",,,"Latão","Bronze",,"Brasil, Sao Paulo, Iguape, Barra do Ribeira"
"ESTAÇÃO ECOLÓGICA JURÉIA-ITATINS","Angiosperms","Gentianaceae","Macrocarpaea","glaziovii","Gilg","GENTIANACEAE Macrocarpaea glaziovii Gilg","272266","GBIF","SP","Rossi, L.","1397","Native","Ouro","Ouro",,"Estação Ecológica Juréia-Itatins, Alto da Serra dos Itatins, encosta voltada para o mar"
"ESTAÇÃO ECOLÓGICA JURÉIA-ITATINS","Angiosperms","Gentianaceae","Macrocarpaea","rubra","Malme","GENTIANACEAE Macrocarpaea rubra Malme","NY01801142","Splink","NY",,"946","Native","Ouro","Ouro",,"Iguape, Estaçao Ecológica Juréia-Itatins, trilha da Figueira Grande."
"ESTAÇÃO ECOLÓGICA JURÉIA-ITATINS","Angiosperms","Gentianaceae","Voyria","aphylla","(Jacq.) Pers.","GENTIANACEAE Voyria aphylla (Jacq.) Pers.","252826","GBIF","SP","Laessoe, T.","s.n.","Native","Ouro","Ouro",,"Estação Ecológica Juréia-Itatins, Restinga entre os rios Una do Prelado e Verde"
"ESTAÇÃO ECOLÓGICA JURÉIA-ITATINS","Angiosperms","Gentianaceae","Voyria","tenella","Hook.","GENTIANACEAE Voyria tenella Hook.","277217","GBIF","SP","Cordeiro, I.","1532","Native","Ouro","Ouro",,"Estação Ecológica Juréia-Itatins, Trilha através do Morro do Arpoador, mata pluvial tropical de encosta"
"ESTAÇÃO ECOLÓGICA JURÉIA-ITATINS","Angiosperms","Gesneriaceae","Codonanthe","carnosa","(Gardner) Hanst.","GESNERIACEAE Codonanthe carnosa (Gardner) Hanst.","19840320","GBIF","E","Argent, G.","691","Native","Latão","Bronze",,"Jureia"
"ESTAÇÃO ECOLÓGICA JURÉIA-ITATINS","Angiosperms","Gesneriaceae","Codonanthe","devosiana","Lem.","GESNERIACEAE Codonanthe devosiana Lem.","249112","GBIF","SP","Rossi, L.","875","Native","Ouro","Ouro",,"Estação Ecológica Juréia-Itatins, Margem do Rio Verde"
"ESTAÇÃO ECOLÓGICA JURÉIA-ITATINS","Angiosperms","Gesneriaceae","Codonanthe","gracilis","(Mart.) Hanst.","GESNERIACEAE Codonanthe gracilis (Mart.) Hanst.","289000","GBIF","SP","Cordeiro, I.","1570","Native","Ouro","Ouro",,"Estação Ecológica Juréia-Itatins, Guarauzinho, mata ombrófila densa de encosta junto ao alojamento da Secretaria do Meio Ambiente"
"ESTAÇÃO ECOLÓGICA JURÉIA-ITATINS","Angiosperms","Gesneriaceae","Napeanthus","primulifolius","(Raddi) Sandwith","GESNERIACEAE Napeanthus primulifolius (Raddi) Sandwith","SPSF00024109","Splink","SPSF",,"231","Native","Ouro","Ouro",,"Reserva Ecológica Juréia-Itatins, Trilha em direção ao Poço, interior da mata"
"ESTAÇÃO ECOLÓGICA JURÉIA-ITATINS","Angiosperms","Gesneriaceae","Nematanthus","fissus","(Vell.) L.E.Skog","GESNERIACEAE Nematanthus fissus (Vell.) L.E.Skog","SPSF00024143","Splink","SPSF",,"64","Native","Ouro","Ouro",,"Estação Ecológica Juréia-Itatins, Serra da Juréia, trilha para a figueira Grande, mata de encosta"
"ESTAÇÃO ECOLÓGICA JURÉIA-ITATINS","Angiosperms","Gesneriaceae","Nematanthus","fritschii","Hoehne","GESNERIACEAE Nematanthus fritschii Hoehne","307018","GBIF","SP","Queiroz, L.P.","4527","Native","Ouro","Ouro",,"Estação Ecológica Juréia-Itatins, Trilha atrás do alojamento próximo ao Rio Verde, próximo ao ponto de captação de água"
"ESTAÇÃO ECOLÓGICA JURÉIA-ITATINS","Angiosperms","Gesneriaceae","Nematanthus","jolyanus","(Handro) Chautems","GESNERIACEAE Nematanthus jolyanus (Handro) Chautems","19840271","GBIF","E","Argent, G.C.G.","630","Native","Latão","Bronze",,"Jureia"
"ESTAÇÃO ECOLÓGICA JURÉIA-ITATINS","Angiosperms","Gesneriaceae","Nematanthus","villosus","(Hanst.) Wiehler","GESNERIACEAE Nematanthus villosus (Hanst.) Wiehler","249859","GBIF","SP","Ferreira, S.","175","Native","Ouro","Ouro",,"Estação Ecológica Juréia-Itatins, Trilha do morro"
"ESTAÇÃO ECOLÓGICA JURÉIA-ITATINS","Angiosperms","Gesneriaceae","Sinningia","mauroana","Chautems","GESNERIACEAE Sinningia mauroana Chautems","19840305","GBIF","E","Argent, G.C.G.","664","Native","Latão","Bronze",,"Jureia"
"ESTAÇÃO ECOLÓGICA JURÉIA-ITATINS","Angiosperms","Gesneriaceae","Sinningia","schiffneri","Fritsch","GESNERIACEAE Sinningia schiffneri Fritsch","SPSF00024131","Splink","SPSF",,"525","Native","Ouro","Ouro",,"Reserva Ecológica Juréia-Itatins, Trilha do alojamento para o alto do morro próximo à ponta da Juréia, mata"
"ESTAÇÃO ECOLÓGICA JURÉIA-ITATINS","Ferns and Lycophytes","Gleicheniaceae","Dicranopteris","flexuosa","(Schrad.) Underw.","GLEICHENIACEAE Dicranopteris flexuosa (Schrad.) Underw.","UPCB0095184","Splink","UPCB",,"1392","Native","Bronze","Ouro",,"Próximo do maciço da Juréia, morro a direita na bifurcação da trilha, no alto da encosta próximo ao alojamento do IBAMA. Estação Ecológica Juréia-Itatins"
"ESTAÇÃO ECOLÓGICA JURÉIA-ITATINS","Ferns and Lycophytes","Gleicheniaceae","Dicranopteris","linearis","(Burm.f.) Underw.","GLEICHENIACEAE Dicranopteris linearis (Burm.f.) Underw.","UPCB0095186","Splink","UPCB",,"350","Unknown","Bronze","Ouro",,"Estação Ecológica Juréia-Itatins"
"ESTAÇÃO ECOLÓGICA JURÉIA-ITATINS","Ferns and Lycophytes","Gleicheniaceae","Gleichenella","pectinata","(Willd.) Ching","GLEICHENIACEAE Gleichenella pectinata (Willd.) Ching","956","GBIF","HUSC","Lopes, E.","1777","Native","Bronze","Bronze",,"Guarauzinho, Riacho Água-fria, E.E. Juréia-Itatins"
"ESTAÇÃO ECOLÓGICA JURÉIA-ITATINS","Ferns and Lycophytes","Gleicheniaceae","Sticherus","bifidus","(Willd.) Ching","GLEICHENIACEAE Sticherus bifidus (Willd.) Ching","961","GBIF","HUSC","Lopes, E.","1780","Native","Bronze","Bronze",,"Guarauzinho, Riacho Água-fria, E.E. Juréia-Itatins"
"ESTAÇÃO ECOLÓGICA JURÉIA-ITATINS","Ferns and Lycophytes","Gleicheniaceae","Sticherus","nigropaleaceus","(J.W.Sturm) J.Prado & Lellinger","GLEICHENIACEAE Sticherus nigropaleaceus (J.W.Sturm) J.Prado & Lellinger","964","GBIF","HUSC","Lopes, E.","1781","Native","Bronze","Bronze",,"Guarauzinho, Riacho Água-fria, E.E. Juréia-Itatins"
"ESTAÇÃO ECOLÓGICA JURÉIA-ITATINS","Angiosperms","Goodeniaceae","Scaevola","plumieri","(L.) Vahl","GOODENIACEAE Scaevola plumieri (L.) Vahl","SPSF00054558","Splink","SPSF",,"8832","Native","Bronze","Ouro",,"Formação Pioneira de Influência Marinha Herbácea (Vegetação de Praias e Dunas). Estação Ecológica Jureia-Itatins. Praia da base do Rio Verde."
"ESTAÇÃO ECOLÓGICA JURÉIA-ITATINS",,"Hedwigiaceae","Rhacocarpus","purpurascens","(Brid.) Paris","HEDWIGIACEAE Rhacocarpus purpurascens (Brid.) Paris","001719","GBIF","HUFABC","Vital, D.M.","15616",,"Bronze","Ouro","https://images.cria.org.br/viewer/HUFABC001719 | https://images.cria.org.br/viewer/HUFABC001719_1","Estação Ecológica da Juréia"
"ESTAÇÃO ECOLÓGICA JURÉIA-ITATINS","Angiosperms","Heliconiaceae","Heliconia","farinosa","Raddi","HELICONIACEAE Heliconia farinosa Raddi","426141","GBIF","SP","Pederneiras, L.C.","582","Native","Bronze","Ouro",,"Estação Ecológica Juréia-Itatins, Trilha Guarauzinho - Arpoador"
"ESTAÇÃO ECOLÓGICA JURÉIA-ITATINS","Angiosperms","Heliconiaceae","Heliconia","pendula","Wawra","HELICONIACEAE Heliconia pendula Wawra","34915","GBIF","UFP","Alves, M.","1762","Native","Bronze","Ouro",,"Estação Ecológica Juréia-Itatins"
"ESTAÇÃO ECOLÓGICA JURÉIA-ITATINS",,"Helicophyllaceae","Helicophyllum","torquatum","(Hook.) Brid.","HELICOPHYLLACEAE Helicophyllum torquatum (Hook.) Brid.","376","GBIF","HUSC","Mello, Z.R.","375",,"Bronze","Bronze",,"Estação Ecológica de Juréia- Guaraú."
"ESTAÇÃO ECOLÓGICA JURÉIA-ITATINS","Angiosperms","Heliotropiaceae","Heliotropium","funkiae","Feuillet","HELIOTROPIACEAE Heliotropium funkiae Feuillet","ESA011280","GBIF","ESA","Souza, V.C.","490","Native","Prata","Ouro","jbrj-public.s3-sa-east-1.amazonaws.com/fsi/server?type=image&source=DZI/esa/esa/0/1/12/80/esa00011280.dzi","Estação Ecológica Juréia-Itatins. Morro do Guarauzinho."
"ESTAÇÃO ECOLÓGICA JURÉIA-ITATINS","Angiosperms","Heliotropiaceae","Myriopus","gardnerianus","(A.DC.) J.I.M. Melo","HELIOTROPIACEAE Myriopus gardnerianus (A.DC.) J.I.M. Melo","PMSP006039","Reflora","PMSP","Garcia, R.J.F.","1874","Native","Ouro","Ouro",,"Estação Ecológica Juréia-Itatins, Trilha do Imperador, mata de encosta"
"ESTAÇÃO ECOLÓGICA JURÉIA-ITATINS","Angiosperms","Humiriaceae","Humiriastrum","dentatum","(Casar.) Cuatrec.","HUMIRIACEAE Humiriastrum dentatum (Casar.) Cuatrec.","MBM153627","Splink","MBM",,"7333","Native","Prata","Ouro",,"Estação Ecológica da Juréia."
"ESTAÇÃO ECOLÓGICA JURÉIA-ITATINS","Ferns and Lycophytes","Hymenophyllaceae","Abrodictyum","rigidum","(Sw.) Ebihara & Dubuisson","HYMENOPHYLLACEAE Abrodictyum rigidum (Sw.) Ebihara & Dubuisson","SP0311277","Splink","SP",,"336","Native","Bronze","Ouro",,"Estação Ecológica Juréia-Itatins, Serra da Juréia, trilha da Figueira."
"ESTAÇÃO ECOLÓGICA JURÉIA-ITATINS","Ferns and Lycophytes","Hymenophyllaceae","Hymenophyllum","asplenioides","(Sw.) Sw.","HYMENOPHYLLACEAE Hymenophyllum asplenioides (Sw.) Sw.","P01032586","Reflora","PC","Fernandes, I.","1007","Native","Ouro","Ouro",,"Estação Ecológica Juréia-Itatins, trilha para Figueira Grande"
"ESTAÇÃO ECOLÓGICA JURÉIA-ITATINS","Ferns and Lycophytes","Hymenophyllaceae","Hymenophyllum","caudiculatum","Mart.","HYMENOPHYLLACEAE Hymenophyllum caudiculatum Mart.","P01032587","Reflora","PC","Cordeiro, I.","728","Native","Ouro","Ouro",,"Estação Ecológica Juréia-Itatins, Serra da Juréia, Trilha da Figueira, mata de encosta."
"ESTAÇÃO ECOLÓGICA JURÉIA-ITATINS","Ferns and Lycophytes","Hymenophyllaceae","Hymenophyllum","hirsutum","(L.) Sw.","HYMENOPHYLLACEAE Hymenophyllum hirsutum (L.) Sw.","77769","GBIF","UPCB","Fernandes, I.","1005","Native","Bronze","Ouro","https://images.cria.org.br/viewer/UPCB0005413","Estação Ecológica Juréia-Itatins, trilha para a Figueira Grande, mata de encosta."
"ESTAÇÃO ECOLÓGICA JURÉIA-ITATINS","Ferns and Lycophytes","Hymenophyllaceae","Hymenophyllum","polyanthos","(Sw.) Sw.","HYMENOPHYLLACEAE Hymenophyllum polyanthos (Sw.) Sw.","P01032619","Reflora","PC","Fernandes, I.","1006","Native","Ouro","Ouro",,"Iguape, estação ecológica Juréia-Itatins, trilha para Figueira Grande"
"ESTAÇÃO ECOLÓGICA JURÉIA-ITATINS","Ferns and Lycophytes","Hymenophyllaceae","Trichomanes","polypodioides","L.","HYMENOPHYLLACEAE Trichomanes polypodioides L.","77903","GBIF","UPCB","Labiak, P.H.","304","Native","Bronze","Ouro","https://images.cria.org.br/viewer/UPCB0005837","Estação Ecológica Juréia Itatins, serra da Juréia, trilha do para Figueira Grande."
"ESTAÇÃO ECOLÓGICA JURÉIA-ITATINS","Ferns and Lycophytes","Hymenophyllaceae","Vandenboschia","radicans","(Sw.) Copel.","HYMENOPHYLLACEAE Vandenboschia radicans (Sw.) Copel.","77909","GBIF","UPCB","Labiak, P.H.","341","Native","Bronze","Ouro","https://images.cria.org.br/viewer/UPCB0005908","Estação Ecológica Juréia Itatins, serra da Juréia, trilha do para Figueira Grande."
"ESTAÇÃO ECOLÓGICA JURÉIA-ITATINS",,"Hypnaceae","Chryso-hypnum","diminutivum","(Hampe) W.R.Buck","HYPNACEAE Chryso-hypnum diminutivum (Hampe) W.R.Buck","FLAS B45052","GBIF","FLAS","Mayo, S.J.","614",,"Bronze","Bronze",,"ecological station of Jureia, c. 30 km. SW of Itanhaém, on coast; on Atlantic slope of the Serra do Mar"
"ESTAÇÃO ECOLÓGICA JURÉIA-ITATINS",,"Hypnaceae","Vesicularia","vesicularis","(Brid.) W.R.Buck","HYPNACEAE Vesicularia vesicularis var. rutilans (Brid.) W.R.Buck","001718","GBIF","HUFABC","Vital, D.M.","15596",,"Latão","Ouro","https://images.cria.org.br/viewer/HUFABC001718 | https://images.cria.org.br/viewer/HUFABC001718_1","Estação Ecológica da Juréia"
"ESTAÇÃO ECOLÓGICA JURÉIA-ITATINS","Angiosperms","Hypoxidaceae","Hypoxis","decumbens","L.","HYPOXIDACEAE Hypoxis decumbens L.","329572","GBIF","SP","Favero, O.A.","593","Native","Prata","Ouro","https://images.cria.org.br/viewer/SP054070","Estação Ecológica Juréia-Itatins, Trilha do Grajaúna para a Cachoeira do Guilherme"
"ESTAÇÃO ECOLÓGICA JURÉIA-ITATINS","Angiosperms","Iridaceae","Eleutherine","bulbosa","(Mill.) Urb.","IRIDACEAE Eleutherine bulbosa (Mill.) Urb.","329570","GBIF","SP","Favero, O.A.","148","Native","Bronze","Ouro",,"Estação Ecológica Juréia-Itatins"
"ESTAÇÃO ECOLÓGICA JURÉIA-ITATINS","Angiosperms","Iridaceae","Neomarica","gracilis","(Herb.) Sprague","IRIDACEAE Neomarica gracilis (Herb.) Sprague","SPSF00009659","Splink","SPSF",,"930","Native","Bronze","Ouro",,"Estação Ecológica Juréia-Itatins, Alto do maciço, próximo ao alojamento"
"ESTAÇÃO ECOLÓGICA JURÉIA-ITATINS","Angiosperms","Iridaceae","Neomarica","humilis","(Klatt) Capell.","IRIDACEAE Neomarica humilis (Klatt) Capell.","247221","GBIF","SP","Mamede, M.C.H.","367","Native","Bronze","Ouro",,"Reserva Ecológica Juréia-Itatins, Trilha para Figueira Grande"
"ESTAÇÃO ECOLÓGICA JURÉIA-ITATINS","Angiosperms","Iridaceae","Trimezia","martinicensis","(Jacq.) Herb.","IRIDACEAE Trimezia martinicensis (Jacq.) Herb.","329571","GBIF","SP","Favero, O.A.","633","Native","Prata","Ouro",,"Estação Ecológica Juréia-Itatins"
"ESTAÇÃO ECOLÓGICA JURÉIA-ITATINS","Angiosperms","Iridaceae","Trimezia","spathata","(Klatt) Baker","IRIDACEAE Trimezia spathata (Klatt) Baker","252807","GBIF","SP","Rossi, L.","930","Native","Bronze","Ouro",,"Estação Ecológica Juréia-Itatins, Alto do maciço, próximo ao alojamento"
"ESTAÇÃO ECOLÓGICA JURÉIA-ITATINS","Angiosperms","Juncaceae","Juncus","acutus","L.","JUNCACEAE Juncus acutus L.","263417","GBIF","SP","Rossi, L.","1221","Native","Bronze","Ouro",,"Estação Ecológica Juréia-Itatins, Margem do Rio Verde, próximo ao alojamento"
"ESTAÇÃO ECOLÓGICA JURÉIA-ITATINS","Angiosperms","Juncaceae","Juncus","effusus","L.","JUNCACEAE Juncus effusus L.","75028","GBIF","HRCB","Lopes, F.P.","30","Native","Bronze","Ouro",,"Estação Ecológica Juréia-Itatins Núcleo Rio Verde, margem direita do rio Verde, próximo à Cachoeira do Salto, local encharcado"
"ESTAÇÃO ECOLÓGICA JURÉIA-ITATINS","Angiosperms","Juncaginaceae","Triglochin","striata","Ruiz & Pav.","JUNCAGINACEAE Triglochin striata Ruiz & Pav.","247849","GBIF","SP","Nicolau, S.A.","64","Native","Bronze","Ouro","https://images.cria.org.br/viewer/SP044721","Estação Ecológica Juréia-Itatins, Serra da Juréia, mata de planície perto do Rio Verde"
"ESTAÇÃO ECOLÓGICA JURÉIA-ITATINS","Angiosperms","Lacistemataceae","Lacistema","lucidum","Schnizl.","LACISTEMATACEAE Lacistema lucidum Schnizl.","SPSF00024146","Splink","SPSF",,"111","Native","Ouro","Ouro",,"Estação Ecológica Juréia-Itatins, Serra da Juréia"
"ESTAÇÃO ECOLÓGICA JURÉIA-ITATINS","Angiosperms","Lamiaceae","Aegiphila","fluminensis","Vell.","LAMIACEAE Aegiphila fluminensis Vell.","SPSF00024993","Splink","SPSF",,"1366","Native","Bronze","Prata",,"Serra da Jureia."
"ESTAÇÃO ECOLÓGICA JURÉIA-ITATINS","Angiosperms","Lamiaceae","Aegiphila","integrifolia","(Jacq.) Moldenke","LAMIACEAE Aegiphila integrifolia (Jacq.) Moldenke","329519","GBIF","SP","Favero, O.A.","743","Native","Prata","Ouro",,"Estação Ecológica Juréia-Itatins, Cachoeira do Guilerme, quital de Dona Jovelina"
"ESTAÇÃO ECOLÓGICA JURÉIA-ITATINS","Angiosperms","Lamiaceae","Aegiphila","obducta","Vell.","LAMIACEAE Aegiphila obducta Vell.","106126","Splink","ICN",,"7329","Native","Ouro","Ouro",,"Estação Ecológica da Juréia"
"ESTAÇÃO ECOLÓGICA JURÉIA-ITATINS","Angiosperms","Lamiaceae","Amasonia","hirta","Benth.","LAMIACEAE Amasonia hirta Benth.","45042","GBIF","SPSF","Moura, C.","390","Native","Bronze","Ouro",,"Serra de Peruibe, entorno da Estação Ecológica Juréia-Itatins, trilha do Cruzeiro"
"ESTAÇÃO ECOLÓGICA JURÉIA-ITATINS","Angiosperms","Lamiaceae","Coleus","barbatus","(Andrews) Benth.","LAMIACEAE Coleus barbatus (Andrews) Benth.","329459","Splink","SP",,"607","Cultivated","Bronze","Ouro",,"Estação Ecológica Juréia-Itatins, cachoeira do Guilherme"
"ESTAÇÃO ECOLÓGICA JURÉIA-ITATINS","Angiosperms","Lamiaceae","Coleus","scutellarioides","(L.) Benth.","LAMIACEAE Coleus scutellarioides (L.) Benth.","K001237059","GBIF","K","Favero, O.A.","9","Cultivated","Latão","Ouro","jbrj-public.s3-sa-east-1.amazonaws.com/fsi/server?type=image&source=DZI/kew/k/0/12/37/5/9/k001237059.dzi","Estação Ecológica Juréia-Itatins, comunidade da Cachoeira do Guilherme"
"ESTAÇÃO ECOLÓGICA JURÉIA-ITATINS","Angiosperms","Lamiaceae","Condea","undulata","(Schrank) Harley & J.F.B.Pastore","LAMIACEAE Condea undulata (Schrank) Harley & J.F.B.Pastore","291944","GBIF","SP","Souza, V.C.","546","Native","Ouro","Ouro",,"Estação Ecológica Juréia-Itatins, Barra do Una"
"ESTAÇÃO ECOLÓGICA JURÉIA-ITATINS",,"Lamiaceae","Hypnea","musciformis","(Wulfen) J.V. Lamouroux","LAMIACEAE Hypnea musciformis (Wulfen) J.V. Lamouroux","1011","GBIF","HUSC","Biologia, A.","1789",,"Latão","Ouro",,"Estação ecológica Juréia - Guaraú"
"ESTAÇÃO ECOLÓGICA JURÉIA-ITATINS","Angiosperms","Lamiaceae","Hyptis",,"Jacq.","LAMIACEAE Hyptis Jacq.","106028","Splink","ICN",,"7371",,"Latão","Ouro",,"Estação Ecológica Juréia"
"ESTAÇÃO ECOLÓGICA JURÉIA-ITATINS","Angiosperms","Lamiaceae","Leonurus","japonicus","Houtt.","LAMIACEAE Leonurus japonicus Houtt.","K001220507","Splink","K",,"6","Naturalized","Ouro","Ouro",,"Estação Ecológica Juréia-Itatins, comunidade da Cachoeira do Guilherme."
"ESTAÇÃO ECOLÓGICA JURÉIA-ITATINS","Angiosperms","Lamiaceae","Mentha","pulegium","L.","LAMIACEAE Mentha pulegium L.","K001225629","GBIF","K","Favero, O.A.","05","Cultivated","Latão","Ouro","jbrj-public.s3.amazonaws.com/fsi/server?type=image&source=DZI/kew/k/0/12/25/62/9/k001225629.dzi","Estação Ecológica Juréia-Itatins, comunidade da Cachoeira do Guilherme"
"ESTAÇÃO ECOLÓGICA JURÉIA-ITATINS","Angiosperms","Lamiaceae","Mesosphaerum","pectinatum","(L.) Kuntze","LAMIACEAE Mesosphaerum pectinatum (L.) Kuntze","K001233698","Splink","K",,"12","Native","Latão","Ouro",,"Estação Ecológica Juréia-Itatins, próximo ao Morro do Grajaúna."
"ESTAÇÃO ECOLÓGICA JURÉIA-ITATINS","Angiosperms","Lamiaceae","Ocimum","basilicum","L.","LAMIACEAE Ocimum basilicum L.","329450","GBIF","SP","Favero, O.A.","239","Cultivated","Prata","Ouro",,"Estação Ecológica Juréia-Itatins, rio Comprido, cultivada"
"ESTAÇÃO ECOLÓGICA JURÉIA-ITATINS","Angiosperms","Lamiaceae","Ocimum","campechianum","Mill.","LAMIACEAE Ocimum campechianum Mill.","329452","GBIF","SP","Favero, O.A.","613","Native","Prata","Ouro",,"Estação Ecológica Juréia-Itatins, rio Comprido"
"ESTAÇÃO ECOLÓGICA JURÉIA-ITATINS","Angiosperms","Lamiaceae","Ocimum","carnosum","(Spreng.) Link & Otto ex Benth.","LAMIACEAE Ocimum carnosum (Spreng.) Link & Otto ex Benth.","329451","GBIF","SP","Favero, O.A.","216","Native","Prata","Ouro",,"Estação Ecológica Juréia-Itatins, Cachoeira do Guilherme"
"ESTAÇÃO ECOLÓGICA JURÉIA-ITATINS","Angiosperms","Lamiaceae","Ocimum","gratissimum","L.","LAMIACEAE Ocimum gratissimum L.","329453","GBIF","SP","Favero, O.A.","600","Naturalized","Prata","Ouro",,"Estação Ecológica Juréia-Itatins, rio Comprido"
"ESTAÇÃO ECOLÓGICA JURÉIA-ITATINS","Angiosperms","Lamiaceae","Salvia","uliginosa","Benth.","LAMIACEAE Salvia uliginosa Benth.","SPSF00024114","Splink","SPSF",,"1483","Native","Latão","Ouro",,"Estação Ecológica Juréia-Itatins"
"ESTAÇÃO ECOLÓGICA JURÉIA-ITATINS","Angiosperms","Lamiaceae","Scutellaria","uliginosa","A.St.-Hil. ex Benth.","LAMIACEAE Scutellaria uliginosa A.St.-Hil. ex Benth.","275289","GBIF","SP","Cordeiro, I.","1483","Native","Bronze","Ouro",,"Estação Ecológica Juréia-Itatins"
"ESTAÇÃO ECOLÓGICA JURÉIA-ITATINS","Angiosperms","Lamiaceae","Vitex","polygama","Cham.","LAMIACEAE Vitex polygama Cham.","329520","GBIF","SP","Favero, O.A.","475","Native","Prata","Ouro",,"Estação Ecológica Juréia-Itatins, Aguapeu, no caminho que vai para o rio Una, na encruzilhada do João Antonio"
"ESTAÇÃO ECOLÓGICA JURÉIA-ITATINS","Angiosperms","Lauraceae","Aiouea","glaziovii","(Mez) R.Rohde","LAURACEAE Aiouea glaziovii (Mez) R.Rohde","288650","GBIF","SP","Nicolau, S.A.","890","Native","Ouro","Ouro","https://images.cria.org.br/viewer/SP054400","Estação Ecológica Juréia-Itatins, Mata de planície em direção a Cachoeira do Salto"
"ESTAÇÃO ECOLÓGICA JURÉIA-ITATINS","Angiosperms","Lauraceae","Aiouea","saligna","Meisn.","LAURACEAE Aiouea saligna Meisn.","SPSF00046505","Splink","SPSF",,"752","Native","Ouro","Ouro",,"Estação Ecológica Juréia-Itatins, Aguapeu no caminho que sai no Sr.Vitor ou Rio Pequeno"
"ESTAÇÃO ECOLÓGICA JURÉIA-ITATINS","Angiosperms","Lauraceae","Aniba","firmula","(Nees & Mart.) Mez","LAURACEAE Aniba firmula (Nees & Mart.) Mez","SPSF00025633","Splink","SPSF",,"1253","Native","Ouro","Ouro",,"Estação Ecológica Juréia-Itatins, Trilha do alojamento em direção ao caminho do Imperador"
"ESTAÇÃO ECOLÓGICA JURÉIA-ITATINS","Angiosperms","Lauraceae","Aniba","viridis","Mez","LAURACEAE Aniba viridis Mez","SPSF00025636","Splink","SPSF",,"623","Native","Ouro","Ouro",,"Estação Ecológica Juréia-Itatins, Trilha da Figueira"
"ESTAÇÃO ECOLÓGICA JURÉIA-ITATINS","Angiosperms","Lauraceae","Cinnamomum","pseudoglaziovii","(Lorea-Hern.) Van der Werff","LAURACEAE Cinnamomum pseudoglaziovii (Lorea-Hern.) Van der Werff","SPSF00025641","Splink","SPSF",,"365","Native","Ouro","Ouro",,"Reserva Ecológica Juréia-Itatins, Trilha do Imperador, maciço da Juréia"
"ESTAÇÃO ECOLÓGICA JURÉIA-ITATINS","Angiosperms","Lauraceae","Cryptocarya","aschersoniana","Mez","LAURACEAE Cryptocarya aschersoniana Mez","HRCB078254","Splink","HRCB",,"2424","Native","Ouro","Bronze",,
"ESTAÇÃO ECOLÓGICA JURÉIA-ITATINS","Angiosperms","Lauraceae","Cryptocarya","mandioccana","Meisn.","LAURACEAE Cryptocarya mandioccana Meisn.","PEL0005145","Splink","PEL",,"2429","Native","Ouro","Ouro",,"Núcleo Rio Verde, Estação Ecológica Jureia-Itatins"
"ESTAÇÃO ECOLÓGICA JURÉIA-ITATINS","Angiosperms","Lauraceae","Cryptocarya","micrantha","Meisn.","LAURACEAE Cryptocarya micrantha Meisn.","HRCB081315","Splink","HRCB",,"2451","Native","Ouro","Ouro",,"Estação Ecológica de Juréia-Itatins, Núcleo Rio Verde, Trilha da Figueira."
"ESTAÇÃO ECOLÓGICA JURÉIA-ITATINS","Angiosperms","Lauraceae","Cryptocarya","moschata","Nees & Mart.","LAURACEAE Cryptocarya moschata Nees & Mart.","4151","GBIF","CENA/USP","Moraes, P.L.R.",,"Native","Ouro","Bronze",,"Trilha da Figueira Grande, Cachoeira do Topava"
"ESTAÇÃO ECOLÓGICA JURÉIA-ITATINS","Angiosperms","Lauraceae","Cryptocarya","saligna","Mez","LAURACEAE Cryptocarya saligna Mez","SPSF00025653","Splink","SPSF",,"961","Native","Ouro","Ouro",,"Estação Ecológica Juréia-Itatins, Planície trilha em direção a Cachoeira do Salto"
"ESTAÇÃO ECOLÓGICA JURÉIA-ITATINS","Angiosperms","Lauraceae","Endlicheria","paniculata","(Spreng.) J.F.Macbr.","LAURACEAE Endlicheria paniculata (Spreng.) J.F.Macbr.","SPSF00025664","Splink","SPSF",,"615","Native","Ouro","Ouro",,"Estação Ecológica Juréia-Itatins, Serra da Juréia, praia da Juréia, arredores do Porto de Fiscalização da SEMA"
"ESTAÇÃO ECOLÓGICA JURÉIA-ITATINS","Angiosperms","Lauraceae","Licaria","armeniaca","(Nees) Kosterm.","LAURACEAE Licaria armeniaca (Nees) Kosterm.","SPSF00025667","Splink","SPSF",,"903","Native","Ouro","Ouro",,"Estação Ecológica Juréia-Itatins, Trilha da Figueira"
"ESTAÇÃO ECOLÓGICA JURÉIA-ITATINS","Angiosperms","Lauraceae","Nectandra","grandiflora","Nees & Mart","LAURACEAE Nectandra grandiflora Nees & Mart","SPSF00025671","Splink","SPSF",,"378","Native","Ouro","Ouro",,"Estação Ecológica Juréia-Itatins, -rea próximo a balsa"
"ESTAÇÃO ECOLÓGICA JURÉIA-ITATINS","Angiosperms","Lauraceae","Nectandra","oppositifolia","Nees & Mart.","LAURACEAE Nectandra oppositifolia Nees & Mart.","SPSF00025675","Splink","SPSF",,"1068","Native","Ouro","Ouro",,"Estação Ecológica Juréia-Itatins."
"ESTAÇÃO ECOLÓGICA JURÉIA-ITATINS","Angiosperms","Lauraceae","Nectandra","psammophila","Nees","LAURACEAE Nectandra psammophila Nees","277279","GBIF","SP","Anunciacao, E.A.","612-B","Native","Ouro","Ouro","https://images.cria.org.br/viewer/SP054971","Estação Ecológica Juréia-Itatins, Trilha do Imperador em direção a praia da Juréia"
"ESTAÇÃO ECOLÓGICA JURÉIA-ITATINS","Angiosperms","Lauraceae","Ocotea","aciphylla","(Nees & Mart.) Mez","LAURACEAE Ocotea aciphylla (Nees & Mart.) Mez","383919","GBIF","SP","Favero, O.A.","653","Native","Ouro","Ouro",,"Estação Ecológica Juréia-Itatins, Caminho do Grajaúna para o Rio Verde"
"ESTAÇÃO ECOLÓGICA JURÉIA-ITATINS","Angiosperms","Lauraceae","Ocotea","brachybotrya","(Meisn.) Mez","LAURACEAE Ocotea brachybotrya (Meisn.) Mez","17324","GBIF","HRCB","Sobral, M.","7053","Native","Ouro","Ouro",,"Estação Ecológica da Juréia"
"ESTAÇÃO ECOLÓGICA JURÉIA-ITATINS","Angiosperms","Lauraceae","Ocotea","daphnifolia","(Meisn.) Mez","LAURACEAE Ocotea daphnifolia (Meisn.) Mez","SPSF00043337","Splink","SPSF",,"549","Native","Ouro","Ouro",,"Reserva Ecológica Juréia-Itatins, Trilha do alojamento para o morro próximo à Ponta da Juréia, mata"
"ESTAÇÃO ECOLÓGICA JURÉIA-ITATINS","Angiosperms","Lauraceae","Ocotea","diospyrifolia","(Meisn.) Mez","LAURACEAE Ocotea diospyrifolia (Meisn.) Mez","ICN00014369","Splink","ICN",,"7053","Native","Ouro","Ouro",,"Estação Ecológica da Juréia"
"ESTAÇÃO ECOLÓGICA JURÉIA-ITATINS","Angiosperms","Lauraceae","Ocotea","dispersa","(Nees & Mart.) Mez","LAURACEAE Ocotea dispersa (Nees & Mart.) Mez","ESA071515","GBIF","ESA","Moraes, P.L.R.","2447","Native","Ouro","Ouro","jbrj-public.s3-sa-east-1.amazonaws.com/fsi/server?type=image&source=DZI/esa/esa/0/7/15/15/esa00071515.dzi","Estação Ecológica Juréia-Itatins, Núcleo Arpoador"
"ESTAÇÃO ECOLÓGICA JURÉIA-ITATINS","Angiosperms","Lauraceae","Ocotea","glaziovii","Mez","LAURACEAE Ocotea glaziovii Mez","288642","GBIF","SP","Nicolau, S.A.","902","Native","Ouro","Ouro","https://images.cria.org.br/viewer/SP055125","Estação Ecológica Juréia-Itatins, Trilha da Figueira"
"ESTAÇÃO ECOLÓGICA JURÉIA-ITATINS","Angiosperms","Lauraceae","Ocotea","indecora","(Schott) Mez","LAURACEAE Ocotea indecora (Schott) Mez","298803","GBIF","SP","Nicolau, S.A.","1056","Native","Ouro","Ouro","https://images.cria.org.br/viewer/SP055109","Estação Ecológica Juréia-Itatins, Trilha para Cachoeira do Salto"
"ESTAÇÃO ECOLÓGICA JURÉIA-ITATINS","Angiosperms","Lauraceae","Ocotea","nunesiana","(Vattimo-Gil) J.B. Baitello","LAURACEAE Ocotea nunesiana (Vattimo-Gil) J.B. Baitello","SPSF00025800","Splink","SPSF",,"374","Native","Ouro","Ouro",,"Estação Ecológica Juréia-Itatins, Trilha para a Figueira Grande"
"ESTAÇÃO ECOLÓGICA JURÉIA-ITATINS","Angiosperms","Lauraceae","Ocotea","paranapiacabensis","Coe-Teixeira","LAURACEAE Ocotea paranapiacabensis Coe-Teixeira","269109","GBIF","SP","Cordeiro, I.","1375","Native","Ouro","Ouro","https://images.cria.org.br/viewer/SP055335","Estação Ecológica Juréia-Itatins, Serra da Juréia, mata pluvial montana, caminho do Imperador"
"ESTAÇÃO ECOLÓGICA JURÉIA-ITATINS","Angiosperms","Lauraceae","Ocotea","puberula","(Rich.) Nees","LAURACEAE Ocotea puberula (Rich.) Nees","24597","GBIF","HUEFS","Queiroz, L.P.","4500","Native","Ouro","Ouro",,"Estação Ecológica Juréia-Itatins, Trilha do Imperador"
"ESTAÇÃO ECOLÓGICA JURÉIA-ITATINS","Angiosperms","Lauraceae","Ocotea","pulchella","(Nees & Mart.) Mez","LAURACEAE Ocotea pulchella (Nees & Mart.) Mez","298802","GBIF","SP","Nicolau, S.A.","1067","Native","Ouro","Ouro",,"Estação Ecológica Juréia-Itatins, Serra da Juréia, vegetação sobre restinga"
"ESTAÇÃO ECOLÓGICA JURÉIA-ITATINS","Angiosperms","Lauraceae","Ocotea","teleiandra","(Meisn.) Mez","LAURACEAE Ocotea teleiandra (Meisn.) Mez","290592","GBIF","SP","Nicolau, S.A.","964","Native","Ouro","Ouro","https://images.cria.org.br/viewer/SP055484","Estação Ecológica Juréia-Itatins, Planicie em frente ao alojamento do Rio Verde"
"ESTAÇÃO ECOLÓGICA JURÉIA-ITATINS","Angiosperms","Lauraceae","Ocotea","venulosa","(Nees) Baitello","LAURACEAE Ocotea venulosa (Nees) Baitello","142584","GBIF","UEC","Moraes, P.L.R.","2431","Native","Ouro","Bronze","https://images.cria.org.br/viewer/UEC014116","Núcleo Rio Verde."
"ESTAÇÃO ECOLÓGICA JURÉIA-ITATINS","Angiosperms","Lauraceae","Persea","americana","Mill.","LAURACEAE Persea americana Mill.","329561","GBIF","SP","Favero, O.A.","157","Naturalized","Prata","Ouro",,"Estação Ecológica Juréia-Itatins, Cachoeira do Guilherme, no quintal da casa de Dona Carmem"
"ESTAÇÃO ECOLÓGICA JURÉIA-ITATINS","Angiosperms","Lecythidaceae","Cariniana","estrellensis","(Raddi) Kuntze","LECYTHIDACEAE Cariniana estrellensis (Raddi) Kuntze","309318","GBIF","SP","Melo, M.M.R.F.","1160","Native","Prata","Ouro",,"Estação Ecológica Juréia-Itatins, Margens do rio Verde"
"ESTAÇÃO ECOLÓGICA JURÉIA-ITATINS",,"Lejeuneaceae","Bryopteris","diffusa","(Sw.) Nees","LEJEUNEACEAE Bryopteris diffusa (Sw.) Nees","344","GBIF","HUSC","Mello, Z.R.","343",,"Bronze","Bronze",,"Estação Ecológica de Juréia- Guaraú."
"ESTAÇÃO ECOLÓGICA JURÉIA-ITATINS",,"Lejeuneaceae","Bryopteris","filicina","(Sw.) Nees","LEJEUNEACEAE Bryopteris filicina (Sw.) Nees","001728","GBIF","HUFABC","Vital, D.M.","15706",,"Latão","Ouro","https://images.cria.org.br/viewer/HUFABC001728 | https://images.cria.org.br/viewer/HUFABC001728_1","Estação Ecológica da Juréia"
"ESTAÇÃO ECOLÓGICA JURÉIA-ITATINS",,"Lejeuneaceae","Ceratolejeunea","cubensis","(Mont.) Schiffn.","LEJEUNEACEAE Ceratolejeunea cubensis (Mont.) Schiffn.","001727","GBIF","HUFABC","Vital, D.M.","15703",,"Latão","Ouro","https://images.cria.org.br/viewer/HUFABC001727","Estação Ecológica da Juréia"
"ESTAÇÃO ECOLÓGICA JURÉIA-ITATINS",,"Lejeuneaceae","Ceratolejeunea","rubiginosa","Steph.","LEJEUNEACEAE Ceratolejeunea rubiginosa Steph.","4736","GBIF","HUSC","Paixao, R.C.","7",,"Bronze","Bronze",,"Trilha do Costão."
"ESTAÇÃO ECOLÓGICA JURÉIA-ITATINS",,"Lejeuneaceae","Cheilolejeunea","rigidula","(Nees ex Mont.) R.M.Schust.","LEJEUNEACEAE Cheilolejeunea rigidula (Nees ex Mont.) R.M.Schust.","223345","GBIF","SP-BRYOPHYTA","Yano, O.","11932",,"Latão","Bronze",,"Barra do Ribeira"
"ESTAÇÃO ECOLÓGICA JURÉIA-ITATINS",,"Lejeuneaceae","Cheilolejeunea","trifaria","(Nees & Mont.) C.J.Bastos & Gradst.","LEJEUNEACEAE Cheilolejeunea trifaria var. clausa (Nees & Mont.) C.J.Bastos & Gradst.","PC0735769","GBIF","PC","Yano, O.",,,"Latão","Bronze",,"Brasil, Sao Paulo, Iguape, Barra do Ribeira"
"ESTAÇÃO ECOLÓGICA JURÉIA-ITATINS",,"Lejeuneaceae","Cheilolejeunea","unciloba","(Lindenb.) Malombe","LEJEUNEACEAE Cheilolejeunea unciloba (Lindenb.) Malombe","223352","GBIF","SP-BRYOPHYTA","Yano, O.","11939",,"Latão","Bronze",,"Barra do Ribeira"
"ESTAÇÃO ECOLÓGICA JURÉIA-ITATINS",,"Lejeuneaceae","Cheilolejeunea","xanthocarpa","(Lehm. & Lindenb.) Malombe","LEJEUNEACEAE Cheilolejeunea xanthocarpa (Lehm. & Lindenb.) Malombe","223386","GBIF","SP-BRYOPHYTA","Yano, O.","11973",,"Latão","Bronze",,"Barra do Ribeira"
"ESTAÇÃO ECOLÓGICA JURÉIA-ITATINS",,"Lejeuneaceae","Cololejeunea","cardiocarpa","(Mont.) A.Evans","LEJEUNEACEAE Cololejeunea cardiocarpa (Mont.) A.Evans","PC0735751","GBIF","PC","Yano, O.",,,"Latão","Bronze",,"Brasil, Sao Paulo, Iguape, Barra do Ribeira"
"ESTAÇÃO ECOLÓGICA JURÉIA-ITATINS",,"Lejeuneaceae","Cololejeunea","gracilis","(Jovet-Ast) Pócs","LEJEUNEACEAE Cololejeunea gracilis (Jovet-Ast) Pócs","223342","GBIF","SP-BRYOPHYTA","Yano, O.","11929",,"Latão","Bronze",,"Barra do Ribeira"
"ESTAÇÃO ECOLÓGICA JURÉIA-ITATINS",,"Lejeuneaceae","Cololejeunea","microscopica","(Pócs) Pócs & Bernecker","LEJEUNEACEAE Cololejeunea microscopica var. africana (Pócs) Pócs & Bernecker","223381","GBIF","SP-BRYOPHYTA","Yano, O.","11968",,"Latão","Bronze",,"Barra do Ribeira"
"ESTAÇÃO ECOLÓGICA JURÉIA-ITATINS",,"Lejeuneaceae","Cololejeunea","verwimpii","Tixier","LEJEUNEACEAE Cololejeunea verwimpii Tixier","223458","GBIF","SP-BRYOPHYTA","Yano, O.","12046",,"Latão","Bronze",,"Barra do Ribeira"
"ESTAÇÃO ECOLÓGICA JURÉIA-ITATINS",,"Lejeuneaceae","Cyclolejeunea","peruviana","(Lehm. & Lindenb.) A.Evans","LEJEUNEACEAE Cyclolejeunea peruviana (Lehm. & Lindenb.) A.Evans","CESJ070924","Splink","CESJ",,"264",,"Bronze","Ouro",,"Estação Ecológica Juréia-Itatins"
"ESTAÇÃO ECOLÓGICA JURÉIA-ITATINS",,"Lejeuneaceae","Diplasiolejeunea","unidentata","(Lehm. & Lindenb.) Schiffn.","LEJEUNEACEAE Diplasiolejeunea unidentata (Lehm. & Lindenb.) Schiffn.","223431","GBIF","SP-BRYOPHYTA","Yano, O.","12019",,"Latão","Bronze",,"Barra do Ribeira"
"ESTAÇÃO ECOLÓGICA JURÉIA-ITATINS",,"Lejeuneaceae","Drepanolejeunea","anoplantha","(Spruce) Steph.","LEJEUNEACEAE Drepanolejeunea anoplantha (Spruce) Steph.","PC0735729","GBIF","PC","Yano, O.",,,"Bronze","Bronze",,"Brasil, Sao Paulo, Iguape, Ilha de Iguape"
"ESTAÇÃO ECOLÓGICA JURÉIA-ITATINS",,"Lejeuneaceae","Drepanolejeunea","biocellata","A.Evans","LEJEUNEACEAE Drepanolejeunea biocellata A.Evans","223410","GBIF","SP-BRYOPHYTA","Yano, O.","11997",,"Latão","Bronze",,"Barra do Ribeira"
"ESTAÇÃO ECOLÓGICA JURÉIA-ITATINS",,"Lejeuneaceae","Lejeunea","capensis","Gottsche","LEJEUNEACEAE Lejeunea capensis Gottsche","SP092963","Splink","SP-BRYOPHYTA",,"12033",,"Latão","Bronze",,"Barra do Ribeira"
"ESTAÇÃO ECOLÓGICA JURÉIA-ITATINS",,"Lejeuneaceae","Lejeunea","cerina","(Lehm. & Lindenb.) Lehm. & Lindenb.","LEJEUNEACEAE Lejeunea cerina (Lehm. & Lindenb.) Lehm. & Lindenb.","PC0728143","GBIF","PC","Yano, O.",,,"Bronze","Bronze",,"Brasil, Sao Paulo, Iguape, Ilha de Iguape"
"ESTAÇÃO ECOLÓGICA JURÉIA-ITATINS",,"Lejeuneaceae","Lejeunea","flava","(Sw.) Nees","LEJEUNEACEAE Lejeunea flava (Sw.) Nees","4733","GBIF","HUSC","Paixao, R.C.","4",,"Bronze","Bronze",,"Trilha do Costão."
"ESTAÇÃO ECOLÓGICA JURÉIA-ITATINS",,"Lejeuneaceae","Lejeunea","laetevirens","Nees & Mont.","LEJEUNEACEAE Lejeunea laetevirens Nees & Mont.","4753","GBIF","HUSC","Paixao, R.C.","24",,"Bronze","Bronze",,"Trilha do Costão."
"ESTAÇÃO ECOLÓGICA JURÉIA-ITATINS",,"Lejeuneaceae","Lejeunea","phyllobola","Nees & Mont.","LEJEUNEACEAE Lejeunea phyllobola Nees & Mont.","208302","GBIF","ICN","Yano, O.","12911",,"Latão","Bronze",,"Barra do Ribeira"
"ESTAÇÃO ECOLÓGICA JURÉIA-ITATINS",,"Lejeuneaceae","Lejeunea","serpillifolioides","(Raddi) Gradst.","LEJEUNEACEAE Lejeunea serpillifolioides (Raddi) Gradst.","001725","GBIF","HUFABC","Vital, D.M.","15694",,"Latão","Ouro","https://images.cria.org.br/viewer/HUFABC001725 | https://images.cria.org.br/viewer/HUFABC001725_1 | https://images.cria.org.br/viewer/HUFABC001725_2","Estação Ecológica da Juréia"
"ESTAÇÃO ECOLÓGICA JURÉIA-ITATINS",,"Lejeuneaceae","Leptolejeunea","exocellata","(Spruce) A.Evans","LEJEUNEACEAE Leptolejeunea exocellata (Spruce) A.Evans","208297","GBIF","ICN","Yano, O.","13102",,"Bronze","Bronze",,"Ilha de Iguape"
"ESTAÇÃO ECOLÓGICA JURÉIA-ITATINS",,"Lejeuneaceae","Lopholejeunea","nigricans","(Lindenb.) Steph. ex Schiffn.","LEJEUNEACEAE Lopholejeunea nigricans (Lindenb.) Steph. ex Schiffn.","4738","GBIF","HUSC","Paixao, R.C.","9",,"Bronze","Bronze",,"Trilha do Costão."
"ESTAÇÃO ECOLÓGICA JURÉIA-ITATINS",,"Lejeuneaceae","Microlejeunea","bullata","(Taylor) Steph.","LEJEUNEACEAE Microlejeunea bullata (Taylor) Steph.","223447","GBIF","SP-BRYOPHYTA","Yano, O.","12035",,"Latão","Bronze",,"Barra do Ribeira"
"ESTAÇÃO ECOLÓGICA JURÉIA-ITATINS",,"Lejeuneaceae","Myriocoleopsis","minutissima","(Nees & Mont.) R.L.Zhu, Y.Yu & Pócs","LEJEUNEACEAE Myriocoleopsis minutissima subsp. myriocarpa (Nees & Mont.) R.L.Zhu, Y.Yu & Pócs","PC0735752","GBIF","PC","Yano, O.",,,"Latão","Bronze",,"Brasil, Sao Paulo, Iguape, Barra do Ribeira"
"ESTAÇÃO ECOLÓGICA JURÉIA-ITATINS",,"Lejeuneaceae","Pycnolejeunea","contigua","(Nees) Grolle","LEJEUNEACEAE Pycnolejeunea contigua (Nees) Grolle","HUNI00004912","GBIF","HUNI","Visnardi, S.R.","4475",,"Bronze","Ouro","jbrj-public.s3-sa-east-1.amazonaws.com/fsi/server?type=image&source=DZI/huni/huni/0/0/49/12/huni00004912-1.dzi|jbrj-public.s3-sa-east-1.amazonaws.com/fsi/server?type=image&source=DZI/huni/huni/0/0/49/12/huni00004912-2.dzi","Estação Ecológica Juréia-Itatins"
"ESTAÇÃO ECOLÓGICA JURÉIA-ITATINS",,"Lejeuneaceae","Schiffneriolejeunea","polycarpa","(Nees) Gradst.","LEJEUNEACEAE Schiffneriolejeunea polycarpa (Nees) Gradst.","PC0735770","GBIF","PC","Yano, O.",,,"Latão","Bronze",,"Brasil, Sao Paulo, Iguape, Barra do Ribeira"
"ESTAÇÃO ECOLÓGICA JURÉIA-ITATINS",,"Lejeuneaceae","Symbiezidium","barbiflorum","(Lindenb. & Gottsche) A.Evans","LEJEUNEACEAE Symbiezidium barbiflorum (Lindenb. & Gottsche) A.Evans","PC0735772","GBIF","PC","Yano, O.",,,"Bronze","Bronze",,"Brasil, Sao Paulo, Iguape, Barra do Ribeira"
"ESTAÇÃO ECOLÓGICA JURÉIA-ITATINS","Angiosperms","Lentibulariaceae","Utricularia","tricolor","A.St.-Hil.","LENTIBULARIACEAE Utricularia tricolor A.St.-Hil.","347689","GBIF","SP","Anunciacao, E.A.","766","Native","Bronze","Ouro",,"Estação Ecológica Juréia-Itatins, Serra da Juréia, alto do topo do morro"
"ESTAÇÃO ECOLÓGICA JURÉIA-ITATINS","Angiosperms","Lentibulariaceae","Utricularia","tridentata","Sylvén","LENTIBULARIACEAE Utricularia tridentata Sylvén","269023","GBIF","SP","Rossi, L.","1360","Native","Bronze","Ouro",,"Estação Ecológica Juréia-Itatins, Caminho do Imperador"
"ESTAÇÃO ECOLÓGICA JURÉIA-ITATINS",,"Lepidoziaceae","Bazzania","hookeri","(Lindenb.) Trevis.","LEPIDOZIACEAE Bazzania hookeri (Lindenb.) Trevis.","CESJ070925","Splink","CESJ",,"271",,"Bronze","Ouro",,"Estação Ecológica Juréia-Itatins"
"ESTAÇÃO ECOLÓGICA JURÉIA-ITATINS",,"Lepidoziaceae","Telaranea","nematodes","(Gottsche ex Austin) M.Howe","LEPIDOZIACEAE Telaranea nematodes (Gottsche ex Austin) M.Howe","223370","GBIF","SP-BRYOPHYTA","Yano, O.","11657",,"Latão","Bronze",,"Barra do Ribeira"
"ESTAÇÃO ECOLÓGICA JURÉIA-ITATINS",,"Leucobryaceae","Campylopus","arctocarpus","(Hornsch.) Mitt.","LEUCOBRYACEAE Campylopus arctocarpus var. arctocarpus","117206","GBIF","PACA-BRYOPHYTES","Vital, D.M.","15493",,"Bronze","Ouro",,"estação ecológica da jureia"
"ESTAÇÃO ECOLÓGICA JURÉIA-ITATINS",,"Leucobryaceae","Campylopus","filifolius","(Mont.) J.-P.Frahm","LEUCOBRYACEAE Campylopus filifolius var. humilis (Mont.) J.-P.Frahm","47347","GBIF","HUCS","Vital, D.M.","15481",,"Latão","Ouro",,"Estação Ecológica da Juréia"
"ESTAÇÃO ECOLÓGICA JURÉIA-ITATINS",,"Leucobryaceae","Campylopus","lamellinervis","(Müll.Hal.) Spruce","LEUCOBRYACEAE Campylopus lamellinervis (Müll.Hal.) Spruce","47343","GBIF","HUCS","Vital, D.M.","15497",,"Latão","Ouro",,"Estação Ecológica da Juréia"
"ESTAÇÃO ECOLÓGICA JURÉIA-ITATINS",,"Leucobryaceae","Campylopus","pilifer","Brid.","LEUCOBRYACEAE Campylopus pilifer Brid.","001723","GBIF","HUFABC","Vital, D.M.","15692",,"Latão","Ouro","https://images.cria.org.br/viewer/HUFABC001723","Estação Ecológica da Juréia"
"ESTAÇÃO ECOLÓGICA JURÉIA-ITATINS",,"Leucobryaceae","Campylopus","savannarum","(Müll.Hal.) Mitt.","LEUCOBRYACEAE Campylopus savannarum (Müll.Hal.) Mitt.","PC0735724","GBIF","PC","Yano, O.",,,"Bronze","Bronze",,"Brasil, Sao Paulo, Iguape, Barra do Ribeira"
"ESTAÇÃO ECOLÓGICA JURÉIA-ITATINS",,"Leucobryaceae","Campylopus","trachyblepharon","(Müll.Hal.) Mitt.","LEUCOBRYACEAE Campylopus trachyblepharon (Müll.Hal.) Mitt.","HUFABC001573","Splink","HUFABC",,"10531",,"Bronze","Bronze",,"Ilha Comprida"
"ESTAÇÃO ECOLÓGICA JURÉIA-ITATINS",,"Leucobryaceae","Leucobryum","albicans","(Schwägr.) Lindb.","LEUCOBRYACEAE Leucobryum albicans (Schwägr.) Lindb.","117346","GBIF","PACA-BRYOPHYTES","Yano, O.","11739",,"Bronze","Ouro",,"estação ecológica da juréia"
"ESTAÇÃO ECOLÓGICA JURÉIA-ITATINS",,"Leucobryaceae","Leucobryum","giganteum","Müll.Hal.","LEUCOBRYACEAE Leucobryum giganteum Müll.Hal.","FLAS B45048","GBIF","FLAS","Mayo, S.J.","611",,"Bronze","Bronze",,"ecological station of Jureia, c. 30 km. SW of Itanhaém, on coast; on Atlantic slope of the Serra do Mar"
"ESTAÇÃO ECOLÓGICA JURÉIA-ITATINS",,"Leucobryaceae","Leucobryum","martianum","(Hornsch.) Hampe ex Müll.Hal.","LEUCOBRYACEAE Leucobryum martianum (Hornsch.) Hampe ex Müll.Hal.","FLAS B45050","GBIF","FLAS","Mayo, S.J.","612",,"Bronze","Bronze",,"ecological station of Jureia, c. 30 km. SW of Itanhaém, on coast; on Atlantic slope of the Serra do Mar"
"ESTAÇÃO ECOLÓGICA JURÉIA-ITATINS","Angiosperms","Linderniaceae","Lindernia","crustacea","(L.) F.Muell.","LINDERNIACEAE Lindernia crustacea (L.) F.Muell.","269016","GBIF","SP","Rossi, L.","1352","Native","Bronze","Ouro",,"Estação Ecológica Juréia-Itatins, -rea limpa ao redor do alojamento do Rio Verde, terreno periodicamente roçado"
"ESTAÇÃO ECOLÓGICA JURÉIA-ITATINS","Ferns and Lycophytes","Lindsaeaceae","Lindsaea","stricta","(Sw.) Dryand.","LINDSAEACEAE Lindsaea stricta (Sw.) Dryand.","2240811","GBIF","NY","Fernandes, I.","1022","Native","Bronze","Ouro",,"Estação Ecológica Juréia-itatins. Trilha para o campinho, próximo do alojamento, topo de morro."
"ESTAÇÃO ECOLÓGICA JURÉIA-ITATINS","Angiosperms","Loganiaceae","Spigelia","beyrichiana","Cham. & Schltdl.","LOGANIACEAE Spigelia beyrichiana Cham. & Schltdl.","SPSF00025760","Splink","SPSF",,"213","Native","Ouro","Ouro",,"Reserva Ecológica Juréia-Itatins, Trilha em direção ao Poço, interior da mata"
"ESTAÇÃO ECOLÓGICA JURÉIA-ITATINS","Angiosperms","Loganiaceae","Spigelia","tetraptera","Taub. ex L.B.Sm.","LOGANIACEAE Spigelia tetraptera Taub. ex L.B.Sm.","SPSF00025759","Splink","SPSF",,"1224","Native","Ouro","Ouro",,"Estação Ecológica Juréia-Itatins, Subida para o alto do morro próximo ao alojamento"
"ESTAÇÃO ECOLÓGICA JURÉIA-ITATINS","Angiosperms","Loganiaceae","Strychnos","trinervis","(Vell.) Mart.","LOGANIACEAE Strychnos trinervis (Vell.) Mart.","272578","GBIF","SP","Melo, M.M.R.F.","1103","Native","Ouro","Ouro",,"Estação Ecológica Juréia-Itatins, Guarauzinho, trilha dos Caçadores"
"ESTAÇÃO ECOLÓGICA JURÉIA-ITATINS","Ferns and Lycophytes","Lomariopsidaceae","Lomariopsis","marginata","(Schrad.) Kuhn","LOMARIOPSIDACEAE Lomariopsis marginata (Schrad.) Kuhn","95598","GBIF","UPCB","Prado, J.","972","Native","Latão","Ouro","https://images.cria.org.br/viewer/UPCB0033685 | https://images.cria.org.br/viewer/UPCB0033685_1","Estação ecológica da Juréia, Arpoador. Trilha do Imperador."
"ESTAÇÃO ECOLÓGICA JURÉIA-ITATINS","Angiosperms","Loranthaceae","Psittacanthus","dichroos","(Mart.) Mart.","LORANTHACEAE Psittacanthus dichroos (Mart.) Mart.","PMSP006038","GBIF","PMSP","Garcia, R.J.F.","1873","Native","Bronze","Ouro","jbrj-public.s3.amazonaws.com/fsi/server?type=image&source=DZI/pmsp/pmsp/0/0/60/38/pmsp00006038.dzi","Estação Ecológica Juréia-Itatins, Trilha do Imperador, mata de encosta"
"ESTAÇÃO ECOLÓGICA JURÉIA-ITATINS","Angiosperms","Loranthaceae","Struthanthus","acuminatus","(Ruiz & Pav.) Kuijt","LORANTHACEAE Struthanthus acuminatus (Ruiz & Pav.) Kuijt","329462","GBIF","SP","Favero, O.A.","165","Native","Bronze","Ouro",,"Estação Ecológica Juréia-Itatins, Cachoeira dpo Guilherme"
"ESTAÇÃO ECOLÓGICA JURÉIA-ITATINS",,"Loranthaceae","Struthanthus","marginatus|Struthanthus","(Desr.) G.Don|Eichler","LORANTHACEAE Struthanthus marginatus (Desr.) G.Don|Struthanthus rhynchophyllus Eichler","SPSF00037903","Splink","SPSF",,"92",,"Bronze","Ouro",,"Estação Ecológica Juréia-Itatins."
"ESTAÇÃO ECOLÓGICA JURÉIA-ITATINS","Angiosperms","Loranthaceae","Struthanthus","polyrrhizus","(Mart.) Mart.","LORANTHACEAE Struthanthus polyrrhizus (Mart.) Mart.","248347","GBIF","SP","Costa, M.P.","7","Native","Bronze","Ouro",,"Reserva Ecológica Juréia-Itatins, Restinga próxima à foz do Rio Verde"
"ESTAÇÃO ECOLÓGICA JURÉIA-ITATINS","Ferns and Lycophytes","Lycopodiaceae","Huperzia",,"Bernh.","LYCOPODIACEAE Huperzia Bernh.","917","GBIF","HUSC","Lopes, E.","1762",,"Latão","Ouro",,"Guarauzinho, Riacho Água-fria, Estação ecológica Juréia-Itatins."
"ESTAÇÃO ECOLÓGICA JURÉIA-ITATINS","Ferns and Lycophytes","Lycopodiaceae","Lycopodiella","longipes","(Grev. & Hooker) Holub","LYCOPODIACEAE Lycopodiella longipes (Grev. & Hooker) Holub","233946","GBIF","SPF","Catharino, E.L.M.","1394","Native","Bronze","Ouro",,"Estação Ecológica Juréia-Itatins"
"ESTAÇÃO ECOLÓGICA JURÉIA-ITATINS","Ferns and Lycophytes","Lycopodiaceae","Palhinhaea","camporum","(B. Øllg. & P.G. Windisch) Holub","LYCOPODIACEAE Palhinhaea camporum (B. Øllg. & P.G. Windisch) Holub","234057","GBIF","SPF","Cordeiro, I.","638","Native","Bronze","Ouro",,"Estação Ecológica Juréia-Itatins"
"ESTAÇÃO ECOLÓGICA JURÉIA-ITATINS","Ferns and Lycophytes","Lycopodiaceae","Palhinhaea","cernua","(L.) Franco & Vasc.","LYCOPODIACEAE Palhinhaea cernua (L.) Franco & Vasc.","955","GBIF","HUSC","Lopes, E.","1776","Native","Bronze","Bronze",,"Guarauzinho, Riacho Água-fria, E.E. Juréia-Itatins"
"ESTAÇÃO ECOLÓGICA JURÉIA-ITATINS","Ferns and Lycophytes","Lycopodiaceae","Pseudolycopodiella","caroliniana","(L.) Holub","LYCOPODIACEAE Pseudolycopodiella caroliniana (L.) Holub","02425726","GBIF","NY","P., H.L.E.","311","Unknown","Latão","Bronze",,"Estaçã Ecológico Juréia-Itatins, Serra da Juréia, trilha do Imperador."
"ESTAÇÃO ECOLÓGICA JURÉIA-ITATINS","Ferns and Lycophytes","Lycopodiaceae","Pseudolycopodiella","meridionalis","(Underw. & Loyd) Holub","LYCOPODIACEAE Pseudolycopodiella meridionalis (Underw. & Loyd) Holub","234051","GBIF","SPF","Labiak, P.H.","311","Native","Bronze","Ouro",,"Estação Ecológica Juréia-Itatins"
"ESTAÇÃO ECOLÓGICA JURÉIA-ITATINS","Ferns and Lycophytes","Lygodiaceae","Lygodium","volubile","Sw.","LYGODIACEAE Lygodium volubile Sw.","951","GBIF","HUSC","Lopes, E.","1772","Native","Bronze","Bronze",,"Guarauzinho, Riacho Água-fria, E.E. Juréia-Itatins"
"ESTAÇÃO ECOLÓGICA JURÉIA-ITATINS","Angiosperms","Lythraceae","Cuphea","carthagenensis","(Jacq.) J.F.Macbr.","LYTHRACEAE Cuphea carthagenensis (Jacq.) J.F.Macbr.","329463","GBIF","SP","Favero, O.A.","604","Native","Prata","Ouro",,"Estação Ecológica Juréia-Itatins, próximo à cachoeira do Guilherme"
"ESTAÇÃO ECOLÓGICA JURÉIA-ITATINS","Angiosperms","Lythraceae","Cuphea","strigulosa","Kunth","LYTHRACEAE Cuphea strigulosa Kunth","744","GBIF","HUSC","Souza, V.C.","1693","Native","Prata","Ouro",,"Estação ecológica Juréia-Itatins, costão rochoso entre as praias do arpoador e parnapoa"
"ESTAÇÃO ECOLÓGICA JURÉIA-ITATINS","Angiosperms","Lythraceae","Punica","granatum","L.","LYTHRACEAE Punica granatum L.","329642","GBIF","SP","Favero, O.A.","700","Cultivated","Latão","Ouro",,"Estação Ecológica Juréia-Itatins"
"ESTAÇÃO ECOLÓGICA JURÉIA-ITATINS","Angiosperms","Magnoliaceae","Magnolia","ovata","(A.St.-Hil.) Spreng.","MAGNOLIACEAE Magnolia ovata (A.St.-Hil.) Spreng.","309319","GBIF","SP","Melo, M.M.R.F.","1161","Native","Bronze","Ouro",,"Estação Ecológica Juréia-Itatins, Margens do rio Verde, próximo ao alojamento"
"ESTAÇÃO ECOLÓGICA JURÉIA-ITATINS","Angiosperms","Malpighiaceae","Amorimia","exotropica","(Griseb.) W.R.Anderson","MALPIGHIACEAE Amorimia exotropica (Griseb.) W.R.Anderson","204336","GBIF","HUEFS","Cordeiro, I.","1997","Native","Ouro","Ouro","https://images.cria.org.br/viewer/HUEFS0204336","Estação Ecológica Juréia-Itatins, Núcleo Guarau, Mata Ombrófila densa de encosta. Morro do Fernando."
"ESTAÇÃO ECOLÓGICA JURÉIA-ITATINS","Angiosperms","Malpighiaceae","Amorimia","maritima","(A.Juss.) W.R.Anderson","MALPIGHIACEAE Amorimia maritima (A.Juss.) W.R.Anderson","318823","GBIF","SP","Nicolau, S.A.","1482","Native","Ouro","Ouro","https://images.cria.org.br/viewer/SP012065","Estação Ecológica Juréia-Itatins, Serra da Juréia, trilha do Imperador"
"ESTAÇÃO ECOLÓGICA JURÉIA-ITATINS","Angiosperms","Malpighiaceae","Bunchosia","maritima","(Vell.) J.F.Macbr.","MALPIGHIACEAE Bunchosia maritima (Vell.) J.F.Macbr.","SPSF00025741","Splink","SPSF",,"1035","Native","Ouro","Ouro",,"Estação Ecológica Juréia-Itatins, Foz do Rio Verde, entre rochas"
"ESTAÇÃO ECOLÓGICA JURÉIA-ITATINS","Angiosperms","Malpighiaceae","Byrsonima","ligustrifolia","A.Juss.","MALPIGHIACEAE Byrsonima ligustrifolia A.Juss.","SPSF00025742","Splink","SPSF",,"1493","Native","Ouro","Ouro",,"Estação Ecológica Juréia-Itatins, Margens do Rio Verde"
"ESTAÇÃO ECOLÓGICA JURÉIA-ITATINS","Angiosperms","Malpighiaceae","Carolus","renidens","(A.Juss.) W.R.Anderson","MALPIGHIACEAE Carolus renidens (A.Juss.) W.R.Anderson","345400","GBIF","SP","Cordeiro, I.","1995","Native","Ouro","Ouro","https://images.cria.org.br/viewer/SP017255","Estação Ecológica Juréia-Itatins, Núcleo Guarau, Morro do Fernando."
"ESTAÇÃO ECOLÓGICA JURÉIA-ITATINS","Angiosperms","Malpighiaceae","Heteropterys","aenea","Griseb.","MALPIGHIACEAE Heteropterys aenea Griseb.","SPSF00025748","Splink","SPSF",,"253","Native","Ouro","Ouro",,"Estação Ecológica Juréia-Itatins, Margens do Rio Verde, próximo ao alojamento"
"ESTAÇÃO ECOLÓGICA JURÉIA-ITATINS",,"Malpighiaceae","Heteropterys","chrysophylla","Kunth","MALPIGHIACEAE Heteropterys chrysophylla Kunth","SP122142","Splink","SP",,"16",,"Ouro","Ouro",,"Estação Ecológica Juréia-Itatins, Costão em frente ao mar"
"ESTAÇÃO ECOLÓGICA JURÉIA-ITATINS","Angiosperms","Malpighiaceae","Heteropterys","coleoptera","A.Juss.","MALPIGHIACEAE Heteropterys coleoptera A.Juss.","34920","GBIF","UFP","Alves, M.","1769","Native","Ouro","Ouro",,"Estação Ecológica Juréia-Itatins, Trilha do morrinho"
"ESTAÇÃO ECOLÓGICA JURÉIA-ITATINS","Angiosperms","Malpighiaceae","Heteropterys","intermedia","(A.Juss.) Griseb.","MALPIGHIACEAE Heteropterys intermedia (A.Juss.) Griseb.","SPSF00025744","Splink","SPSF",,"872","Native","Ouro","Ouro",,"Estação Ecológica Juréia-Itatins, Restinga arbórea entre o Rio Verde e o Una do Prelado, nas proximidades do Rio Verde"
"ESTAÇÃO ECOLÓGICA JURÉIA-ITATINS","Angiosperms","Malpighiaceae","Heteropterys","nitida","(Lam.) DC.","MALPIGHIACEAE Heteropterys nitida (Lam.) DC.","263465","GBIF","SP","Rossi, L.","1286","Native","Ouro","Ouro",,"Estação Ecológica Juréia-Itatins, Ilha de areia em frente ao alojamento"
"ESTAÇÃO ECOLÓGICA JURÉIA-ITATINS","Angiosperms","Malpighiaceae","Hiraea","fagifolia","(DC.) A.Juss.","MALPIGHIACEAE Hiraea fagifolia (DC.) A.Juss.","318832","GBIF","SP","Nicolau, S.A.","1487","Native","Ouro","Ouro",,"Estação Ecológica Juréia-Itatins, Serra da Juréia, próximo à Praia da Juréia"
"ESTAÇÃO ECOLÓGICA JURÉIA-ITATINS","Angiosperms","Malpighiaceae","Hiraea","gaudichaudiana","A.Juss.","MALPIGHIACEAE Hiraea gaudichaudiana A.Juss.","SPSF00025754","Splink","SPSF",,"1487","Native","Ouro","Ouro",,"Estação Ecológica Juréia-Itatins."
"ESTAÇÃO ECOLÓGICA JURÉIA-ITATINS","Angiosperms","Malpighiaceae","Niedenzuella","acutifolia","(Cav.) W.R.Anderson","MALPIGHIACEAE Niedenzuella acutifolia (Cav.) W.R.Anderson","SPSF00025733","Splink","SPSF",,"440","Native","Ouro","Ouro",,"Estação Ecológica Juréia-Itatins, Serra da Juréia, trilha para o morrinho."
"ESTAÇÃO ECOLÓGICA JURÉIA-ITATINS","Angiosperms","Malpighiaceae","Niedenzuella","lucida","(A.Juss.) W.R.Anderson","MALPIGHIACEAE Niedenzuella lucida (A.Juss.) W.R.Anderson","SPSF00025735","Splink","SPSF",,"109","Native","Ouro","Ouro",,"Estação Ecológica Juréia-Itatins, Trilha para o Caminho do Imperador"
"ESTAÇÃO ECOLÓGICA JURÉIA-ITATINS","Angiosperms","Malpighiaceae","Niedenzuella","poeppigiana","(A.Juss.) W.R.Anderson","MALPIGHIACEAE Niedenzuella poeppigiana (A.Juss.) W.R.Anderson","SPSF00025755","Splink","SPSF",,"1023","Native","Ouro","Ouro",,"Estação Ecológica Juréia-Itatins"
"ESTAÇÃO ECOLÓGICA JURÉIA-ITATINS","Angiosperms","Malpighiaceae","Stigmaphyllon","arenicola","C.E.Anderson","MALPIGHIACEAE Stigmaphyllon arenicola C.E.Anderson","SP122643","Splink","SP",,"5","Native","Ouro","Ouro",,"Estação Ecológica Juréia-Itatins, Prainha, rochas em frente ao mar"
"ESTAÇÃO ECOLÓGICA JURÉIA-ITATINS","Angiosperms","Malpighiaceae","Stigmaphyllon","ciliatum","(Lam.) A.Juss.","MALPIGHIACEAE Stigmaphyllon ciliatum (Lam.) A.Juss.","SPSF00025737","Splink","SPSF",,"393","Native","Ouro","Ouro",,"Estação Ecológica Juréia-Itatins, Beira do Rio Verde, descendo em direção à foz, mata"
"ESTAÇÃO ECOLÓGICA JURÉIA-ITATINS","Angiosperms","Malpighiaceae","Stigmaphyllon","puberulum","Griseb.","MALPIGHIACEAE Stigmaphyllon puberulum Griseb.","SPSF00031040","Splink","SPSF",,"537","Native","Latão","Ouro",,"Estação Ecológica Juréia-Itatins."
"ESTAÇÃO ECOLÓGICA JURÉIA-ITATINS","Angiosperms","Malpighiaceae","Stigmaphyllon","tomentosum","A.Juss.","MALPIGHIACEAE Stigmaphyllon tomentosum A.Juss.","277180","GBIF","SP","Cordeiro, I.","1496","Native","Ouro","Ouro",,"Estação Ecológica Juréia-Itatins, Guarauzinho, trilha dos Caçadores"
"ESTAÇÃO ECOLÓGICA JURÉIA-ITATINS","Angiosperms","Malpighiaceae","Tetrapterys","phlomoides","(Spreng.) Nied.","MALPIGHIACEAE Tetrapterys phlomoides (Spreng.) Nied.","386916","GBIF","SP","Hashimoto, G.","9424","Native","Ouro","Prata",,"Serra da Juréia"
"ESTAÇÃO ECOLÓGICA JURÉIA-ITATINS","Angiosperms","Malvaceae","Callianthe","striata","(G.F.Dicks. ex Lindl.) Donnell","MALVACEAE Callianthe striata (G.F.Dicks. ex Lindl.) Donnell","269131","GBIF","SP","Cordeiro, I.","1365","Native","Bronze","Ouro",,"Estação Ecológica Juréia-Itatins, Serra da Juréia, Caminho do Imperador"
"ESTAÇÃO ECOLÓGICA JURÉIA-ITATINS","Angiosperms","Malvaceae","Eriotheca","candolleana","(K.Schum.) A.Robyns","MALVACEAE Eriotheca candolleana (K.Schum.) A.Robyns","45868","GBIF","SPSF","Moura, C.","401","Native","Bronze","Ouro",,"Estação Ecológica Juréia-Itatins"
"ESTAÇÃO ECOLÓGICA JURÉIA-ITATINS","Angiosperms","Malvaceae","Eriotheca","pentaphylla","(Vell.) A.Robyns","MALVACEAE Eriotheca pentaphylla (Vell.) A.Robyns","PEL00013037","Reflora","PEL","Souza, V.C.","513","Native","Ouro","Ouro",,"Estação Ecológica da Juréia, Praia do Arpoador."
"ESTAÇÃO ECOLÓGICA JURÉIA-ITATINS","Angiosperms","Malvaceae","Gossypium","barbadense","L.","MALVACEAE Gossypium barbadense L.","329586","GBIF","SP","Favero, O.A.","504","Naturalized","Prata","Ouro",,"Estação Ecológica Juréia-Itatins, Rio verde, na casa de Dona Benedita"
"ESTAÇÃO ECOLÓGICA JURÉIA-ITATINS","Angiosperms","Malvaceae","Helicteres","ovata","Lam.","MALVACEAE Helicteres ovata Lam.","156019","GBIF","SPF","Cordeiro, I.","2725","Native","Ouro","Ouro","https://images.cria.org.br/viewer/SPF00156019","Estação Ecológica Juréia-Itatins"
"ESTAÇÃO ECOLÓGICA JURÉIA-ITATINS","Angiosperms","Malvaceae","Hibiscus","sabdariffa","L.","MALVACEAE Hibiscus sabdariffa L.","329587","GBIF","SP","Favero, O.A.","612","Naturalized","Prata","Ouro",,"Estação Ecológica Juréia-Itatins, Próximo à Cachoeira do Guilherme, no quintal da Dona Maricota"
"ESTAÇÃO ECOLÓGICA JURÉIA-ITATINS","Angiosperms","Malvaceae","Malvaviscus","penduliflorus","DC.","MALVACEAE Malvaviscus penduliflorus DC.","329589","GBIF","SP","Favero, O.A.","798","Cultivated","Prata","Ouro",,"Estação Ecológica Juréia-Itatins, Despraiado"
"ESTAÇÃO ECOLÓGICA JURÉIA-ITATINS","Angiosperms","Malvaceae","Pachira","calophylla","(K.Schum.) Fern. Alonso","MALVACEAE Pachira calophylla (K.Schum.) Fern. Alonso","SPSF00023795","Splink","SPSF",,"8","Native","Ouro","Ouro",,"Estação Ecológica Juréia-Itatins, Serra da Juréia, alto da Cachoeira do Salto"
"ESTAÇÃO ECOLÓGICA JURÉIA-ITATINS","Angiosperms","Malvaceae","Pachira","glabra","Pasq.","MALVACEAE Pachira glabra Pasq.","309052","GBIF","SP","Favero, O.A.","288","Native","Bronze","Ouro",,"Estação Ecológica Juréia-Itatins, Aguapeu, próximo ao porto do Rio das Pedras"
"ESTAÇÃO ECOLÓGICA JURÉIA-ITATINS","Angiosperms","Malvaceae","Pavonia","nemoralis","A.St.-Hil.","MALVACEAE Pavonia nemoralis A.St.-Hil.","SPSF00025702","Splink","SPSF",,"861","Native","Ouro","Ouro",,"Estação Ecológica Juréia-Itatins, Trilha do Imperador"
"ESTAÇÃO ECOLÓGICA JURÉIA-ITATINS","Angiosperms","Malvaceae","Pseudobombax","grandiflorum","(Cav.) A.Robyns","MALVACEAE Pseudobombax grandiflorum (Cav.) A.Robyns","HUEFS0176697","Splink","HUEFS",,"216","Native","Ouro","Ouro",,"Estação Ecológica Jureia-Itatins, Serra da Jureia, trilha do Imperador, próximo da casa do vigia."
"ESTAÇÃO ECOLÓGICA JURÉIA-ITATINS","Angiosperms","Malvaceae","Pseudobombax","majus","(A.Robyns) Carv.-Sobr.","MALVACEAE Pseudobombax majus (A.Robyns) Carv.-Sobr.","272352","GBIF","SP","Melo, M.M.R.F.","1067","Native","Ouro","Ouro",,"Estação Ecológica Juréia-Itatins, Guarauzinho, restinga da Praia do Arpoador, restinga arbustivo arbórea"
"ESTAÇÃO ECOLÓGICA JURÉIA-ITATINS","Angiosperms","Malvaceae","Quararibea","bovinii","C.D.M. Ferreira","MALVACEAE Quararibea bovinii C.D.M. Ferreira","SPSF00023882","Splink","SPSF",,"15","Native","Ouro","Ouro",,"Estação Ecológica Juréia-Itatins, Serra da Juréia, trilha do Imperador em direção a Praia da Juréia"
"ESTAÇÃO ECOLÓGICA JURÉIA-ITATINS","Angiosperms","Malvaceae","Quararibea","turbinata","(Sw.) Poir.","MALVACEAE Quararibea turbinata (Sw.) Poir.","120373","Splink","ICN",,"6933","Native","Prata","Ouro",,"Estação Ecológica da Juréia"
"ESTAÇÃO ECOLÓGICA JURÉIA-ITATINS","Angiosperms","Malvaceae","Sida","planicaulis","Cav.","MALVACEAE Sida planicaulis Cav.","SPSF00025701","Splink","SPSF",,"417","Native","Ouro","Ouro",,"Estação Ecológica Juréia-Itatins, Serra da Juréia, caminho do Imperador em direção a Praia do Rio Verde"
"ESTAÇÃO ECOLÓGICA JURÉIA-ITATINS","Angiosperms","Malvaceae","Talipariti","pernambucense","(Arruda) Bovini","MALVACEAE Talipariti pernambucense (Arruda) Bovini","329588","GBIF","SP","Favero, O.A.","558","Native","Prata","Ouro",,"Estação Ecológica Juréia-Itatins, Margens do rio Verde"
"ESTAÇÃO ECOLÓGICA JURÉIA-ITATINS","Angiosperms","Malvaceae","Talipariti","tiliaceum","(L.) Fryxell","MALVACEAE Talipariti tiliaceum (L.) Fryxell","41429","GBIF","SPSF","Moura, C.","267","Cultivated","Ouro","Ouro",,"Estação Ecológica Juréia-Itatins, Barra do Una."
"ESTAÇÃO ECOLÓGICA JURÉIA-ITATINS","Angiosperms","Malvaceae","Triumfetta","semitriloba","Jacq.","MALVACEAE Triumfetta semitriloba Jacq.","SPSF00025082","Splink","SPSF",,"1371","Native","Latão","Ouro",,"Estação Ecológica Juréia-Itatins, Serra da Juréia, mata pluvial montana, caminho do Imperador"
"ESTAÇÃO ECOLÓGICA JURÉIA-ITATINS","Angiosperms","Marantaceae","Calathea",,"G.Mey.","MARANTACEAE Calathea G.Mey.","345409","GBIF","SP","Cordeiro, I.","1986",,"Bronze","Ouro",,"Estação Ecológica Juréia-Itatins, Núcleo Guarau, Mata Ombrófila densa de encosta, base do morro do Fernando"
"ESTAÇÃO ECOLÓGICA JURÉIA-ITATINS","Angiosperms","Marantaceae","Ctenanthe","casupoides","Petersen","MARANTACEAE Ctenanthe casupoides Petersen","263394","GBIF","SP","Yoshioka, C.M.","2","Native","Bronze","Ouro",,"Estação Ecológica Juréia-Itatins, Trilha para a Cachoeira do Salto, margem do Rio Verde"
"ESTAÇÃO ECOLÓGICA JURÉIA-ITATINS","Angiosperms","Marantaceae","Maranta","cristata","Nees & Mart.","MARANTACEAE Maranta cristata Nees & Mart.","345408","GBIF","SP","Cordeiro, I.","1987","Native","Bronze","Ouro",,"Estação Ecológica Juréia-Itatins, Núcleo Guarau, Mata Ombrófila densa de encosta, base do Morro do fernando"
"ESTAÇÃO ECOLÓGICA JURÉIA-ITATINS","Angiosperms","Marantaceae","Maranta","divaricata","Roscoe","MARANTACEAE Maranta divaricata Roscoe","345463","GBIF","SP","Vieira, S.","47","Native","Bronze","Ouro",,"Estação Ecológica Juréia-Itatins"
"ESTAÇÃO ECOLÓGICA JURÉIA-ITATINS","Angiosperms","Marantaceae","Stromanthe","thalia","(Vell.) J.M.A.Braga","MARANTACEAE Stromanthe thalia (Vell.) J.M.A.Braga","329465","GBIF","SP","Favero, O.A.","s.n.","Native","Prata","Ouro",,"Estação Ecológica Juréia-Itatins"
"ESTAÇÃO ECOLÓGICA JURÉIA-ITATINS","Angiosperms","Marantaceae","Stromanthe","tonckat","(Aubl.) Eichler","MARANTACEAE Stromanthe tonckat (Aubl.) Eichler","SPSF00010738","Splink","SPSF",,"1265","Native","Bronze","Ouro",,"Estação Ecológica Juréia-Itatins, Caminho do Imperador"
"ESTAÇÃO ECOLÓGICA JURÉIA-ITATINS","Ferns and Lycophytes","Marattiaceae","Danaea","nodosa","(L.) Sm.","MARATTIACEAE Danaea nodosa (L.) Sm.","UPCB0095178","Splink","UPCB",,"305","Native","Latão","Ouro",,"Serra da Juréia, trilha da Figueira, próximo ao Rio Verde. Estação Ecológica Juréia-Itatins"
"ESTAÇÃO ECOLÓGICA JURÉIA-ITATINS","Angiosperms","Marcgraviaceae","Marcgravia","polyantha","Delpino","MARCGRAVIACEAE Marcgravia polyantha Delpino","277195","GBIF","SP","Cordeiro, I.","1511","Native","Bronze","Ouro",,"Estação Ecológica Juréia-Itatins, Guarauzinho, trilha dos caçadores, mata pluvial tropical de encosta"
"ESTAÇÃO ECOLÓGICA JURÉIA-ITATINS","Angiosperms","Marcgraviaceae","Schwartzia","brasiliensis","(Choisy) Bedell ex Gir.-Cañas","MARCGRAVIACEAE Schwartzia brasiliensis (Choisy) Bedell ex Gir.-Cañas","RB00218820","GBIF","RB","Souza, V.C.","501","Native","Ouro","Ouro","jbrj-public-img.s3-sa-east-1.amazonaws.com/JPG/rb/0/21/88/20/00218820.jpg","Estação Ecológica da Juréia, praia do Guarauzinho."
"ESTAÇÃO ECOLÓGICA JURÉIA-ITATINS","Angiosperms","Melastomataceae","Bertolonia","margaritacea","Naudin","MELASTOMATACEAE Bertolonia margaritacea Naudin","RB00695240","GBIF","RB","Melo, M.R.F.","1079","Native","Ouro","Ouro","jbrj-public-img.s3-sa-east-1.amazonaws.com/JPG/rb/0/69/52/40/00695240.jpg","Trilha do Morrro Fernando. Estação Ecológica Juréia-Itatins"
"ESTAÇÃO ECOLÓGICA JURÉIA-ITATINS","Angiosperms","Melastomataceae","Bertolonia","mosenii","Cogn.","MELASTOMATACEAE Bertolonia mosenii Cogn.","SPSF00024154","Splink","SPSF",,"544","Native","Ouro","Ouro",,"Reserva Ecológica Juréia-Itatins, Trilha para a Figueira Grande"
"ESTAÇÃO ECOLÓGICA JURÉIA-ITATINS","Angiosperms","Melastomataceae","Chaetogastra","clinopodifolia","DC.","MELASTOMATACEAE Chaetogastra clinopodifolia DC.","63805","GBIF","HUFU","Souza, V.C.","9333","Native","Ouro","Ouro","https://images.cria.org.br/viewer/HUFU00067261","Estação Ecológica Juréia-Itatins. Foz do Rio Guaraú, mata próxima à margem esquerda."
"ESTAÇÃO ECOLÓGICA JURÉIA-ITATINS","Angiosperms","Melastomataceae","Clidemia","biserrata","DC.","MELASTOMATACEAE Clidemia biserrata DC.","121240","Splink","ICN",,"6921","Native","Bronze","Ouro",,"Estação Ecológica da Juréia"
"ESTAÇÃO ECOLÓGICA JURÉIA-ITATINS","Angiosperms","Melastomataceae","Clidemia","hirta","(L.) D.Don","MELASTOMATACEAE Clidemia hirta (L.) D.Don","SPSF00024161","Splink","SPSF",,"798","Native","Ouro","Ouro",,"Estação Ecológica Juréia-Itatins, Cachoeira do Paraíso, beira do Rio Itinga Grande"
"ESTAÇÃO ECOLÓGICA JURÉIA-ITATINS","Angiosperms","Melastomataceae","Clidemia","urceolata","DC.","MELASTOMATACEAE Clidemia urceolata DC.","SPSF00024164","Splink","SPSF",,"1094","Native","Ouro","Ouro",,"Estação Ecológica Juréia-Itatins."
"ESTAÇÃO ECOLÓGICA JURÉIA-ITATINS","Angiosperms","Melastomataceae","Henriettea","umbelluliflora","(Triana) M.A.Yamam., J.F.B.Pastore & R.Goldenb.","MELASTOMATACEAE Henriettea umbelluliflora (Triana) M.A.Yamam., J.F.B.Pastore & R.Goldenb.","SPSF00024168","Splink","SPSF",,"386","Native","Ouro","Ouro",,"Reserva Ecológica Juréia-Itatins, Trilha para Figueira Grande"
"ESTAÇÃO ECOLÓGICA JURÉIA-ITATINS","Angiosperms","Melastomataceae","Leandra","australis","(Cham.) Cogn.","MELASTOMATACEAE Leandra australis (Cham.) Cogn.","MBM153584","Splink","MBM",,"7341","Native","Ouro","Ouro",,"Estação Ecológica da Juréia, Rio Guilherme."
"ESTAÇÃO ECOLÓGICA JURÉIA-ITATINS","Angiosperms","Melastomataceae","Leandra","barbinervis","(Cham. ex Triana) Cogn.","MELASTOMATACEAE Leandra barbinervis (Cham. ex Triana) Cogn.","277281","GBIF","SP","Rapini, A.","21","Native","Ouro","Ouro",,"Estação Ecológica Juréia-Itatins, Capão de topo de morro"
"ESTAÇÃO ECOLÓGICA JURÉIA-ITATINS","Angiosperms","Melastomataceae","Leandra","brackenridgei","(A.Gray) Cogn.","MELASTOMATACEAE Leandra brackenridgei (A.Gray) Cogn.","RB00486814","GBIF","RB","Kirizawa, M.","1941","Native","Ouro","Bronze","jbrj-public-img.s3-sa-east-1.amazonaws.com/JPG/rb/0/48/68/14/00486814.jpg","Estação Ecológica de Juréia, morro de Juréia. Topo do morro, beira de um rio"
"ESTAÇÃO ECOLÓGICA JURÉIA-ITATINS","Angiosperms","Melastomataceae","Leandra","cordifolia","(Naudin) Cogn.","MELASTOMATACEAE Leandra cordifolia (Naudin) Cogn.","81068","GBIF","UEC","Souza, V.C.","82","Native","Latão","Ouro","https://images.cria.org.br/viewer/UEC022672","Estação Ecológica da Juréia. Próximo a foz do Rio Guaraú, Pé do morro."
"ESTAÇÃO ECOLÓGICA JURÉIA-ITATINS","Angiosperms","Melastomataceae","Leandra","melastomoides","Raddi","MELASTOMATACEAE Leandra melastomoides Raddi","53971","GBIF","SPSF","Moura, C.","496","Native","Prata","Bronze",,
"ESTAÇÃO ECOLÓGICA JURÉIA-ITATINS","Angiosperms","Melastomataceae","Leandra","quinquedentata","(DC.) Cogn.","MELASTOMATACEAE Leandra quinquedentata (DC.) Cogn.","244623","GBIF","SP","Cordeiro, I.","641","Native","Ouro","Ouro",,"Estação Ecológica Juréia-Itatins, Proximidades do Maciço da Juréia, morro à direita na bifurcação da trilha no alto da encosta. Capão de mata no alto do morro"
"ESTAÇÃO ECOLÓGICA JURÉIA-ITATINS","Angiosperms","Melastomataceae","Leandra","variabilis","Raddi","MELASTOMATACEAE Leandra variabilis Raddi","53963","GBIF","SPSF","Moura, C.","486","Native","Prata","Bronze",,
"ESTAÇÃO ECOLÓGICA JURÉIA-ITATINS","Angiosperms","Melastomataceae","Meriania","claussenii","(Naudin) Triana","MELASTOMATACEAE Meriania claussenii (Naudin) Triana","RB01039306","GBIF","RB","Nicolau, S.A.","420","Native","Ouro","Ouro","jbrj-public-img.s3-sa-east-1.amazonaws.com/JPG/rb/1/3/93/6/01039306.jpg","Estação Ecologica Juréia-Itatins, trilha em direção ao pocinho"
"ESTAÇÃO ECOLÓGICA JURÉIA-ITATINS","Angiosperms","Melastomataceae","Miconia","biglomerata","(Bonpl.) DC.","MELASTOMATACEAE Miconia biglomerata (Bonpl.) DC.","329574","GBIF","SP","Favero, O.A.","727","Unknown","Ouro","Ouro",,"Estação Ecológica Juréia-Itatins, Trilha do Aguapeu para a Cachoeira do Guilherme"
"ESTAÇÃO ECOLÓGICA JURÉIA-ITATINS","Angiosperms","Melastomataceae","Miconia","cinnamomifolia","(DC.) Naudin","MELASTOMATACEAE Miconia cinnamomifolia (DC.) Naudin","SPSF00024173","Splink","SPSF",,"1283","Native","Ouro","Ouro",,"Estação Ecológica Juréia-Itatins, trilha em direção a Cachoeira do Salto."
"ESTAÇÃO ECOLÓGICA JURÉIA-ITATINS","Angiosperms","Melastomataceae","Miconia","cubatanensis","Hoehne","MELASTOMATACEAE Miconia cubatanensis Hoehne","SPSF00024182","Splink","SPSF",,"437","Native","Ouro","Ouro",,"Reserva Ecológica Juréia-Itatins, Serra da Juréia, beira do pocinho"
"ESTAÇÃO ECOLÓGICA JURÉIA-ITATINS","Angiosperms","Melastomataceae","Miconia","dodecandra","Cogn.","MELASTOMATACEAE Miconia dodecandra Cogn.","28853","GBIF","UEC","Stubblebine, W.H.","13212","Native","Ouro","Bronze","https://images.cria.org.br/viewer/UEC163775","Estaçao Ecologica da Juréia (SEMA)"
"ESTAÇÃO ECOLÓGICA JURÉIA-ITATINS","Angiosperms","Melastomataceae","Miconia","elegans","Cogn.","MELASTOMATACEAE Miconia elegans Cogn.","309324","GBIF","SP","Melo, M.M.R.F.","1167","Native","Latão","Ouro",,"Estação Ecológica Juréia-Itatins, Margens do rio Verde, próximo ao alojamento"
"ESTAÇÃO ECOLÓGICA JURÉIA-ITATINS","Angiosperms","Melastomataceae","Miconia","fasciculata","Gardner","MELASTOMATACEAE Miconia fasciculata Gardner","329581","GBIF","SP","Favero, O.A.","746","Native","Ouro","Ouro",,"Estação Ecológica Juréia-Itatins, Rio Pequeno"
"ESTAÇÃO ECOLÓGICA JURÉIA-ITATINS","Angiosperms","Melastomataceae","Miconia","formosa","Cogn.","MELASTOMATACEAE Miconia formosa Cogn.","SPSF00024170","Splink","SPSF",,"917","Native","Ouro","Ouro",,"Estação Ecológica Juréia-Itatins, Trilha na restinga entre margem do Rio Verde e caminho do Imperador"
"ESTAÇÃO ECOLÓGICA JURÉIA-ITATINS","Angiosperms","Melastomataceae","Miconia","latecrenata","(DC.) Naudin","MELASTOMATACEAE Miconia latecrenata (DC.) Naudin","120321","Splink","ICN",,"7020","Native","Ouro","Ouro",,"Estação Ecológica da Juréia"
"ESTAÇÃO ECOLÓGICA JURÉIA-ITATINS","Angiosperms","Melastomataceae","Miconia","mirabilis","(Aubl.) L.O.Williams","MELASTOMATACEAE Miconia mirabilis (Aubl.) L.O.Williams","120313","Splink","ICN",,"6963","Native","Prata","Ouro",,"Estação Ecológica da Juréia"
"ESTAÇÃO ECOLÓGICA JURÉIA-ITATINS","Angiosperms","Melastomataceae","Miconia","pusilliflora","(DC.) Naudin","MELASTOMATACEAE Miconia pusilliflora (DC.) Naudin","MBM188349","Splink","MBM",,"6950","Native","Ouro","Ouro",,"Estação Ecológica da Juréia, próximo ao Rio Guilherme."
"ESTAÇÃO ECOLÓGICA JURÉIA-ITATINS",,"Melastomataceae","Miconia","robusta","Wurdack","MELASTOMATACEAE Miconia robusta subsp. robusta Wurdack","SPSF00024172","Splink","SPSF",,"201",,"Ouro","Ouro",,"Estação Ecológica Juréia-Itatins, Trilha do Imperador"
"ESTAÇÃO ECOLÓGICA JURÉIA-ITATINS","Angiosperms","Melastomataceae","Miconia","sellowiana","Naudin","MELASTOMATACEAE Miconia sellowiana Naudin","96984","GBIF","UEC","Ferreira, S.","199","Native","Ouro","Ouro","https://images.cria.org.br/viewer/UEC169905","Iguape, Estaçao Ecológica Juréia-Itatins, trilha do Imperador."
"ESTAÇÃO ECOLÓGICA JURÉIA-ITATINS","Angiosperms","Melastomataceae","Miconia","valtheri","Naudin","MELASTOMATACEAE Miconia valtheri Naudin","SPSF00024208","Splink","SPSF",,"566","Native","Ouro","Ouro",,"Reserva Ecológica Juréia-Itatins, Trilha para a Figueira Grande"
"ESTAÇÃO ECOLÓGICA JURÉIA-ITATINS","Angiosperms","Melastomataceae","Mouriri",,"Aubl.","MELASTOMATACEAE Mouriri Aubl.","106053","Splink","ICN",,"7383",,"Latão","Ouro",,"Estação Ecologica Juréia"
"ESTAÇÃO ECOLÓGICA JURÉIA-ITATINS","Angiosperms","Melastomataceae","Ossaea","amygdaloides","(DC.) Triana","MELASTOMATACEAE Ossaea amygdaloides (DC.) Triana","33929","GBIF","FLOR","Sobral, M.","7242","Native","Ouro","Ouro","https://images.cria.org.br/viewer/FLOR0033929_1 | https://images.cria.org.br/viewer/FLOR0033929_2","Estação Ecológica da Juréia."
"ESTAÇÃO ECOLÓGICA JURÉIA-ITATINS","Angiosperms","Melastomataceae","Ossaea","confertiflora","(DC.) Triana","MELASTOMATACEAE Ossaea confertiflora (DC.) Triana","120320","Splink","ICN",,"7036","Native","Ouro","Ouro",,"Estação Ecológica da Juréia"
"ESTAÇÃO ECOLÓGICA JURÉIA-ITATINS","Angiosperms","Melastomataceae","Ossaea","fragilis","Cogn.","MELASTOMATACEAE Ossaea fragilis Cogn.","33944","GBIF","FLOR","Sobral, M.","7614","Native","Ouro","Ouro",,"Estação Ecológica da Juréia."
"ESTAÇÃO ECOLÓGICA JURÉIA-ITATINS","Angiosperms","Melastomataceae","Ossaea","meridionalis","D´El Rei Souza","MELASTOMATACEAE Ossaea meridionalis D´El Rei Souza","33968","GBIF","FLOR","Sobral, M.","7215","Native","Ouro","Ouro","https://images.cria.org.br/viewer/FLOR0033968_1","Estação Ecológica da Juréia, Itatins."
"ESTAÇÃO ECOLÓGICA JURÉIA-ITATINS","Angiosperms","Melastomataceae","Ossaea","sanguinea","Cogn.","MELASTOMATACEAE Ossaea sanguinea Cogn.","53976","GBIF","SPSF","Moura, C.","497","Native","Prata","Bronze",,
"ESTAÇÃO ECOLÓGICA JURÉIA-ITATINS","Angiosperms","Melastomataceae","Pleiochiton","blepharodes","(DC.) Reginato et al.","MELASTOMATACEAE Pleiochiton blepharodes (DC.) Reginato et al.","SPSF00024159","Splink","SPSF",,"1460","Native","Ouro","Ouro",,"Estação Ecológica Juréia-Itatins, Mata de planície do Rio Verde, junto ao alojamento da Secretaria do Meio Ambiente"
"ESTAÇÃO ECOLÓGICA JURÉIA-ITATINS",,"Melastomataceae","Pleroma","caissara","F.S. Mey.","MELASTOMATACEAE Pleroma caissara F.S. Mey.","81140","GBIF","UEC","Souza, V.C.","202",,"Ouro","Ouro","https://images.cria.org.br/viewer/UEC106003","Estação Ecológica da Juréia, mata de restinga, próximo à foz do Rio Guaraú."
"ESTAÇÃO ECOLÓGICA JURÉIA-ITATINS","Angiosperms","Melastomataceae","Pleroma","clavatum","(Pers.) P.J.F.Guim. & Michelang.","MELASTOMATACEAE Pleroma clavatum (Pers.) P.J.F.Guim. & Michelang.","SPSF00024212","Splink","SPSF",,"598","Native","Bronze","Ouro",,"Reserva Ecológica Juréia-Itatins, Restinga praia do Rio Verde"
"ESTAÇÃO ECOLÓGICA JURÉIA-ITATINS","Angiosperms","Melastomataceae","Pleroma","fissinervium","Schrank et Mart. ex DC.","MELASTOMATACEAE Pleroma fissinervium Schrank et Mart. ex DC.","SPSF00024190","Splink","SPSF",,"1359","Native","Bronze","Ouro",,"Estação Ecológica Juréia-Itatins, Proximidades da Serra da Juréia, caminho do Imperador"
"ESTAÇÃO ECOLÓGICA JURÉIA-ITATINS","Angiosperms","Melastomataceae","Pleroma","floribundum","(Cogn.) P.J.F.Guim.&Michelang.","MELASTOMATACEAE Pleroma floribundum (Cogn.) P.J.F.Guim.&Michelang.","SPSF00024215","Splink","SPSF",,"105","Native","Ouro","Ouro",,"Estação ecológica Juréia-Itatins, Serra da Jureia, mata ao redor da cachoeira do Salto."
"ESTAÇÃO ECOLÓGICA JURÉIA-ITATINS","Angiosperms","Melastomataceae","Pleroma","fothergillii","(Schrank et Mart. ex DC.) Triana","MELASTOMATACEAE Pleroma fothergillii (Schrank et Mart. ex DC.) Triana","245319","GBIF","SP","Catharino, E.L.M.","1359","Native","Bronze","Ouro",,"Estação Ecológica Juréia-Itatins, Proximidades da Serra da Juréia, caminho do Imperador"
"ESTAÇÃO ECOLÓGICA JURÉIA-ITATINS","Angiosperms","Melastomataceae","Pleroma","martiale","(Cham.) Triana","MELASTOMATACEAE Pleroma martiale (Cham.) Triana","RB00991422","GBIF","RB","Rossi, L.","980","Native","Ouro","Ouro","jbrj-public-img.s3-sa-east-1.amazonaws.com/JPG/rb/0/99/14/22/00991422.jpg","Estação Ecológica Juréia-Itatins, Cachoeira do Salto"
"ESTAÇÃO ECOLÓGICA JURÉIA-ITATINS","Angiosperms","Melastomataceae","Pleroma","raddianum","(DC.) Gardner","MELASTOMATACEAE Pleroma raddianum (DC.) Gardner","SPSF00044505","Splink","SPSF",,"351","Native","Bronze","Bronze",,"Estação Ecológica Juréia - Itatins."
"ESTAÇÃO ECOLÓGICA JURÉIA-ITATINS","Angiosperms","Melastomataceae","Pleroma","trichopodum","DC.","MELASTOMATACEAE Pleroma trichopodum DC.","172277","GBIF","UEC","Cordeiro, I.","815","Native","Ouro","Ouro","https://images.cria.org.br/viewer/UEC084731","Estação Ecológica Juréia- Itatins, Serra da Juréia, campo próximo ao alojamento."
"ESTAÇÃO ECOLÓGICA JURÉIA-ITATINS",,"Melastomataceae","Pterolepis","denticulada","(Barker) Tardieu","MELASTOMATACEAE Pterolepis denticulada (Barker) Tardieu","UPCB00033683","Reflora","UPCB","Cordeiro, I.","1983",,"Ouro","Ouro",,"Estação ecologica Juréia-Itatins, Nucleo Guarau. Trilha do Fundão."
"ESTAÇÃO ECOLÓGICA JURÉIA-ITATINS","Angiosperms","Melastomataceae","Pterolepis","glomerata","(Rottb.) Miq.","MELASTOMATACEAE Pterolepis glomerata (Rottb.) Miq.","SPSF00024180","Splink","SPSF",,"682","Native","Ouro","Ouro",,"Reserva Ecológica Juréia-Itatins, Trilha do Imperador"
"ESTAÇÃO ECOLÓGICA JURÉIA-ITATINS","Angiosperms","Melastomataceae","Sandemania","hoehnei","(Cogn.) Wurdack","MELASTOMATACEAE Sandemania hoehnei (Cogn.) Wurdack","SPSF00023925","Splink","SPSF",,"1364","Native","Latão","Prata",,"Serra da Jureia."
"ESTAÇÃO ECOLÓGICA JURÉIA-ITATINS","Angiosperms","Melastomataceae","Tibouchina",,"Aubl.","MELASTOMATACEAE Tibouchina Aubl.","24181","GBIF","SPSF","Kirizawa, M.","1940",,"Latão","Ouro",,"Estação Ecológica Juréia-Itatins"
"ESTAÇÃO ECOLÓGICA JURÉIA-ITATINS","Angiosperms","Meliaceae","Cabralea","canjerana","(Vell.) Mart.","MELIACEAE Cabralea canjerana subsp. canjerana (Vell.) Mart.","248092","GBIF","SP","Catharino, E.L.M.","1550","Native","Bronze","Ouro",,"Estação Ecológica Juréia-Itatins, Alto do maciço, restinga do Rio Verde"
"ESTAÇÃO ECOLÓGICA JURÉIA-ITATINS","Angiosperms","Meliaceae","Cedrela","fissilis","Vell.","MELIACEAE Cedrela fissilis Vell.","329468","GBIF","SP","Favero, O.A.","804","Native","Latão","Ouro",,"Estação Ecológica Juréia-Itatins, Despraiado, no caminho da Cachoeira Dupla"
"ESTAÇÃO ECOLÓGICA JURÉIA-ITATINS","Angiosperms","Meliaceae","Guarea","guidonia","(L.) Sleumer","MELIACEAE Guarea guidonia (L.) Sleumer","SPSF00024320","Splink","SPSF",,"1377","Native","Latão","Ouro",,"Estação Ecológica Juréia-Itatins, Serra da Juréia, mata pluvial montana, caminho do Imperador"
"ESTAÇÃO ECOLÓGICA JURÉIA-ITATINS","Angiosperms","Meliaceae","Guarea","macrophylla","(Vell.) T.D.Penn.","MELIACEAE Guarea macrophylla subsp. tuberculata (Vell.) T.D.Penn.","329467","GBIF","SP","Favero, O.A.","525","Native","Prata","Ouro",,"Estação Ecológica Juréia-Itatins, trilha da Cachoeira do Guilherme"
"ESTAÇÃO ECOLÓGICA JURÉIA-ITATINS","Angiosperms","Meliaceae","Melia","azedarach","L.","MELIACEAE Melia azedarach L.","329469","GBIF","SP","Favero, O.A.","610","Naturalized","Latão","Ouro",,"Estação Ecológica Juréia-Itatins, Cachoeira do Guilherme"
"ESTAÇÃO ECOLÓGICA JURÉIA-ITATINS","Angiosperms","Meliaceae","Trichilia","casaretti","C.DC.","MELIACEAE Trichilia casaretti C.DC.","SPSF00024299","Splink","SPSF",,"733","Native","Ouro","Ouro",,"Estação Ecológica Juréia-Itatins, Trilha do Imperador"
"ESTAÇÃO ECOLÓGICA JURÉIA-ITATINS","Angiosperms","Meliaceae","Trichilia","lepidota","(Harms) T.D. Penn.","MELIACEAE Trichilia lepidota subsp. schumanniana (Harms) T.D. Penn.","251824","GBIF","SP","Rossi, L.","1012","Native","Prata","Ouro",,"Estação Ecológica Juréia-Itatins, Trilha em direção ao alto do maciço da Juréia, mata de encosta"
"ESTAÇÃO ECOLÓGICA JURÉIA-ITATINS","Angiosperms","Meliaceae","Trichilia","pallens","C.DC.","MELIACEAE Trichilia pallens C.DC.","57152","GBIF","SPSF","Ottra, J.H.L.E.","248","Native","Bronze","Bronze",,"Estação Ecológica Juréia - Itatins"
"ESTAÇÃO ECOLÓGICA JURÉIA-ITATINS","Angiosperms","Meliaceae","Trichilia","silvatica","C.DC.","MELIACEAE Trichilia silvatica C.DC.","SPSF00024280","Splink","SPSF",,"39","Native","Prata","Ouro",,"Estação Ecológica Juréia-Itatins, Serra da Juréia, trilha para a Figueira Grande, mata de encosta"
"ESTAÇÃO ECOLÓGICA JURÉIA-ITATINS","Angiosperms","Menispermaceae","Abuta","selloana","Eichler","MENISPERMACEAE Abuta selloana Eichler","352629","GBIF","SP","Rossi, L.","s.n.","Native","Prata","Ouro",,"Estação Ecológica Juréia-Itatins"
"ESTAÇÃO ECOLÓGICA JURÉIA-ITATINS","Angiosperms","Menispermaceae","Cissampelos","andromorpha","DC.","MENISPERMACEAE Cissampelos andromorpha DC.","249743","GBIF","SP","Mamede, M.C.H.","461","Native","Ouro","Ouro",,"Estação Ecológica Juréia-Itatins, Trilha próxima à foz do Rio Verde, mata de restinga"
"ESTAÇÃO ECOLÓGICA JURÉIA-ITATINS","Angiosperms","Menispermaceae","Hyperbaena","domingensis","(DC.) Benth.","MENISPERMACEAE Hyperbaena domingensis (DC.) Benth.","123908","GBIF","SPF","Rossi, L.","1069","Native","Bronze","Ouro","https://images.cria.org.br/viewer/SPF00123908","Estação Ecológica Juréia-Itatins"
"ESTAÇÃO ECOLÓGICA JURÉIA-ITATINS",,"Meteoriaceae","Meteorium","nigrescens","(Sw. ex Hedw.) Dozy & Molk.","METEORIACEAE Meteorium nigrescens (Sw. ex Hedw.) Dozy & Molk.","PC0728139","GBIF","PC","Yano, O.",,,"Latão","Bronze",,"Brasil, Sao Paulo, Iguape, Barra do Ribeira"
"ESTAÇÃO ECOLÓGICA JURÉIA-ITATINS",,"Meteoriaceae","Papillaria",,"(Müll.Hal.) Lorentz","METEORIACEAE Papillaria (Müll.Hal.) Lorentz","388","GBIF","HUSC","Mello, Z.R.","387",,"Latão","Bronze",,"Estação Ecológica de Juréia- Guaraú."
"ESTAÇÃO ECOLÓGICA JURÉIA-ITATINS",,"Metzgeriaceae","Metzgeria","albinea","Spruce","METZGERIACEAE Metzgeria albinea Spruce","4757","GBIF","HUSC","Paixao, R.C.","27",,"Bronze","Bronze",,"Trilha do Costão."
"ESTAÇÃO ECOLÓGICA JURÉIA-ITATINS",,"Metzgeriaceae","Metzgeria","conjugata","Lindb.","METZGERIACEAE Metzgeria conjugata Lindb.","223355","GBIF","SP-BRYOPHYTA","Yano, O.","11942",,"Latão","Bronze",,"Barra do Ribeira"
"ESTAÇÃO ECOLÓGICA JURÉIA-ITATINS",,"Metzgeriaceae","Metzgeria","furcata","(L.) Corda","METZGERIACEAE Metzgeria furcata (L.) Corda","223351","GBIF","SP-BRYOPHYTA","Yano, O.","11938",,"Latão","Bronze",,"Barra do Ribeira"
"ESTAÇÃO ECOLÓGICA JURÉIA-ITATINS",,"Metzgeriaceae","Metzgeria","myriopoda","Lindb.","METZGERIACEAE Metzgeria myriopoda Lindb.","PC0735727","GBIF","PC","Yano, O.",,,"Latão","Bronze",,"Brasil, Sao Paulo, Iguape, Barra do Ribeira"
"ESTAÇÃO ECOLÓGICA JURÉIA-ITATINS","Angiosperms","Monimiaceae","Mollinedia","gilgiana","Perkins","MONIMIACEAE Mollinedia gilgiana Perkins","SPSF00024263","Splink","SPSF",,"34","Native","Ouro","Ouro",,"Estação Ecológica Juréia-Itatins, Trilha da Figueira"
"ESTAÇÃO ECOLÓGICA JURÉIA-ITATINS","Angiosperms","Monimiaceae","Mollinedia","schottiana","(Spreng.) Perkins","MONIMIACEAE Mollinedia schottiana (Spreng.) Perkins","45038","GBIF","SPSF","Moura, C.","385","Native","Bronze","Bronze",,"Serra de Peruíbe"
"ESTAÇÃO ECOLÓGICA JURÉIA-ITATINS","Angiosperms","Monimiaceae","Mollinedia","uleana","Perkins","MONIMIACEAE Mollinedia uleana Perkins","309219","GBIF","SP","Melo, M.M.R.F.","1173","Native","Prata","Ouro",,"Estação Ecológica Juréia-Itatins, Margens do rio Verde, próximo ao alojamento"
"ESTAÇÃO ECOLÓGICA JURÉIA-ITATINS","Angiosperms","Moraceae","Brosimum","glaziovii","Taub.","MORACEAE Brosimum glaziovii Taub.","262815","GBIF","SP","Anunciacao, E.A.","329","Native","Bronze","Ouro",,"Estação Ecológica Juréia-Itatins, Serra da Juréia, caminho do Imperador, mata de encosta"
"ESTAÇÃO ECOLÓGICA JURÉIA-ITATINS","Angiosperms","Moraceae","Brosimum","guianense","(Aubl.) Huber","MORACEAE Brosimum guianense (Aubl.) Huber","SPSF00024262","Splink","SPSF",,"1248","Native","Ouro","Ouro",,"Estação Ecológica Juréia-Itatins, Trilha do alojamento em direção ao caminho do Imperador"
"ESTAÇÃO ECOLÓGICA JURÉIA-ITATINS","Angiosperms","Moraceae","Dorstenia","bowmanniana","Baker","MORACEAE Dorstenia bowmanniana Baker","426409","GBIF","SP","Pederneiras, L.C.","594","Native","Ouro","Ouro",,"Estação Ecológica Juréia-Itatins, Guarauzinho, trilha paralela à praia"
"ESTAÇÃO ECOLÓGICA JURÉIA-ITATINS","Angiosperms","Moraceae","Dorstenia","carautae","C.C.Berg","MORACEAE Dorstenia carautae C.C.Berg","272268","GBIF","SP","Rossi, L.","1403","Native","Ouro","Ouro",,"Estação Ecológica Juréia-Itatins, Serra dos Itatins, mata alta, bem preservada, com dossel irregular"
"ESTAÇÃO ECOLÓGICA JURÉIA-ITATINS","Angiosperms","Moraceae","Dorstenia","hirta","Desv.","MORACEAE Dorstenia hirta Desv.","311210","GBIF","SP","Rapini, A.","54","Native","Ouro","Ouro",,"Estação Ecológica Juréia-Itatins, Trilha da Figueira"
"ESTAÇÃO ECOLÓGICA JURÉIA-ITATINS","Angiosperms","Moraceae","Dorstenia","lagoensis","Bureau","MORACEAE Dorstenia lagoensis Bureau","ICN00013124","Reflora","ICN","Sobral, M.","7584","Native","Ouro","Ouro",,"Estação Ecológica da Juréia."
"ESTAÇÃO ECOLÓGICA JURÉIA-ITATINS","Angiosperms","Moraceae","Ficus","adhatodifolia","Schott in Spreng.","MORACEAE Ficus adhatodifolia Schott in Spreng.","SPSF00024293","Splink","SPSF",,"834","Native","Ouro","Ouro",,"Estação Ecológica Juréia-Itatins, Trilha do Imperador"
"ESTAÇÃO ECOLÓGICA JURÉIA-ITATINS","Angiosperms","Moraceae","Ficus","arpazusa","Casar.","MORACEAE Ficus arpazusa Casar.","SPSF00024244","Splink","SPSF",,"186","Native","Ouro","Ouro",,"Estação Ecológica Juréia-Itatins, Próximo ao alojamento do morro do Grajaúna"
"ESTAÇÃO ECOLÓGICA JURÉIA-ITATINS","Angiosperms","Moraceae","Ficus","cestrifolia","Schott ex Spreng.","MORACEAE Ficus cestrifolia Schott ex Spreng.","329474","GBIF","SP","Favero, O.A.","343","Native","Prata","Ouro",,"Estação Ecológica Juréia-Itatins, caminho ao longo do rio da Cachoeira do Guilherme"
"ESTAÇÃO ECOLÓGICA JURÉIA-ITATINS","Angiosperms","Moraceae","Ficus","citrifolia","Mill.","MORACEAE Ficus citrifolia Mill.","338338","GBIF","SP","Anunciacao, E.A.","702","Native","Ouro","Ouro",,"Estação Ecológica Juréia-Itatins, Estrada nova entre o rio Verde e o alojamento"
"ESTAÇÃO ECOLÓGICA JURÉIA-ITATINS","Angiosperms","Moraceae","Ficus","eximia","Schott","MORACEAE Ficus eximia Schott","426128","GBIF","SP","Pederneiras, L.C.","571","Native","Ouro","Ouro",,"Estação Ecológica Juréia-Itatins, ao lado do rio Itinguçu, no final da trilha de saída da Cachoeira do Paraíso"
"ESTAÇÃO ECOLÓGICA JURÉIA-ITATINS","Angiosperms","Moraceae","Ficus","gomelleira","Kunth","MORACEAE Ficus gomelleira Kunth","SPSF00024240","Splink","SPSF",,"730","Native","Ouro","Ouro",,"Estação Ecológica Juréia-Itatins, Trilha do Imperador"
"ESTAÇÃO ECOLÓGICA JURÉIA-ITATINS","Angiosperms","Moraceae","Ficus","latipedunculata","Pedern., Romaniuc & Mansano","MORACEAE Ficus latipedunculata Pedern., Romaniuc & Mansano","RB01367750","GBIF","RB","Pederneiras, L.C.","650","Native","Ouro","Ouro","jbrj-public-img.s3-sa-east-1.amazonaws.com/JPG/rb/1/36/77/50/01367750.jpg","Cachoeira do Paraíso. Estação Ecológica Juréia-Itatins"
"ESTAÇÃO ECOLÓGICA JURÉIA-ITATINS","Angiosperms","Moraceae","Ficus","luschnathiana","(Miq.) Miq.","MORACEAE Ficus luschnathiana (Miq.) Miq.","426135","GBIF","SP","Pederneiras, L.C.","639","Native","Ouro","Ouro",,"Estação Ecológica Juréia-Itatins, estrada para Barra do Una, 500 m após o sítio Barro Branco"
"ESTAÇÃO ECOLÓGICA JURÉIA-ITATINS","Angiosperms","Moraceae","Ficus","pulchella","Schott","MORACEAE Ficus pulchella Schott","SPSF00024313","Splink","SPSF",,"31","Native","Ouro","Ouro",,"Reserva Ecológica Juréia-Itatins, Trilha para a Figueira"
"ESTAÇÃO ECOLÓGICA JURÉIA-ITATINS","Angiosperms","Moraceae","Morus","nigra","L.","MORACEAE Morus nigra L.","329472","GBIF","SP","Favero, O.A.","605","Cultivated","Prata","Ouro",,"Estação Ecológica Juréia-Itatins, rio Comprido"
"ESTAÇÃO ECOLÓGICA JURÉIA-ITATINS","Angiosperms","Moraceae","Sorocea","bonplandii","(Baill.) W.C.Burger et al.","MORACEAE Sorocea bonplandii (Baill.) W.C.Burger et al.","SPSF00024298","Splink","SPSF",,"1610","Native","Ouro","Ouro",,"Estação Ecológica Juréia-Itatins, Margens do rio Verde"
"ESTAÇÃO ECOLÓGICA JURÉIA-ITATINS","Angiosperms","Moraceae","Sorocea","hilarii","Gaudich.","MORACEAE Sorocea hilarii Gaudich.","272553","GBIF","SP","Melo, M.M.R.F.","1077","Native","Ouro","Ouro",,"Estação Ecológica Juréia-Itatins, Trilha do Morro Fernando, mata Pluvial Tropical de Encosta"
"ESTAÇÃO ECOLÓGICA JURÉIA-ITATINS","Angiosperms","Moraceae","Sorocea","jureiana","Romaniuc","MORACEAE Sorocea jureiana Romaniuc","SPSF00024274","Splink","SPSF",,"1382","Native","Ouro","Ouro",,"Estação Ecológica Juréia-Itatins, Serra da Juréia, trilha para a Cachoeira do Salto, mata pluvial de planície"
"ESTAÇÃO ECOLÓGICA JURÉIA-ITATINS","Angiosperms","Myristicaceae","Virola","bicuhyba","(Schott ex Spreng.) Warb.","MYRISTICACEAE Virola bicuhyba (Schott ex Spreng.) Warb.","44509","GBIF","SPSF","Moura, C.","355","Native","Bronze","Bronze",,"Estação Ecológica juréia-Itantins, margem da estrada do Guaraú."
"ESTAÇÃO ECOLÓGICA JURÉIA-ITATINS","Angiosperms","Myristicaceae","Virola","gardneri","(A.DC.) Warb.","MYRISTICACEAE Virola gardneri (A.DC.) Warb.","SPSF00024294","Splink","SPSF",,"1056","Native","Ouro","Ouro",,"Estação Ecológica Juréia-Itatins, Trilha em direção ao Pocinho, margem do Rio Verde"
"ESTAÇÃO ECOLÓGICA JURÉIA-ITATINS","Angiosperms","Myrtaceae","Campomanesia","guaviroba","(DC.) Kiaersk.","MYRTACEAE Campomanesia guaviroba (DC.) Kiaersk.","SPSF00024269","Splink","SPSF",,"889","Native","Ouro","Ouro",,"Estação Ecológica Juréia-Itatins, Caminho do Imperador"
"ESTAÇÃO ECOLÓGICA JURÉIA-ITATINS","Angiosperms","Myrtaceae","Campomanesia","schlechtendaliana","(O.Berg) Nied.","MYRTACEAE Campomanesia schlechtendaliana (O.Berg) Nied.","299213B","GBIF","SP","Develey, P.","41","Native","Latão","Ouro","https://images.cria.org.br/viewer/SP056421","Estação Ecológica Juréia-Itatins, Núcleo Arpoador (Guarauzinho)"
"ESTAÇÃO ECOLÓGICA JURÉIA-ITATINS","Angiosperms","Myrtaceae","Eugenia","acutata","Miq.","MYRTACEAE Eugenia acutata Miq.","SPSF00024332","Splink","SPSF",,"1346","Native","Ouro","Ouro",,"Estação Ecológica Juréia-Itatins."
"ESTAÇÃO ECOLÓGICA JURÉIA-ITATINS","Angiosperms","Myrtaceae","Eugenia","astringens","Cambess.","MYRTACEAE Eugenia astringens Cambess.","SPSF00025356","Splink","SPSF",,"242","Native","Ouro","Ouro",,"Estação Ecológica Juréia-Itatins, Margens do Rio Verde, próximo ao alojamento"
"ESTAÇÃO ECOLÓGICA JURÉIA-ITATINS","Angiosperms","Myrtaceae","Eugenia","bahiensis","DC.","MYRTACEAE Eugenia bahiensis DC.","SPSF00025343","Splink","SPSF",,"208","Native","Ouro","Ouro",,"Estação Ecológica Juréia-Itatins, Serra da Juréia, restinga entre o Rio Verde e trilha do Imperador"
"ESTAÇÃO ECOLÓGICA JURÉIA-ITATINS","Angiosperms","Myrtaceae","Eugenia","bunchosiifolia","Nied.","MYRTACEAE Eugenia bunchosiifolia Nied.","UEC018717","Splink","UEC",,"15599","Native","Ouro","Ouro",,"Estação Ecológica de Juréia"
"ESTAÇÃO ECOLÓGICA JURÉIA-ITATINS","Angiosperms","Myrtaceae","Eugenia","candolleana","DC.","MYRTACEAE Eugenia candolleana DC.","7716","GBIF","SORO","Favero, O.A.","768","Native","Ouro","Ouro",,"Estação Ecológica Juréia-Itatins, Terreiro do Sr. Pereira"
"ESTAÇÃO ECOLÓGICA JURÉIA-ITATINS","Angiosperms","Myrtaceae","Eugenia","cerasiflora","Miq.","MYRTACEAE Eugenia cerasiflora Miq.","SPSF00024354","Splink","SPSF",,"31","Native","Ouro","Ouro",,"Estação Ecológica Juréia-Itatins, Proximidades do alojamento"
"ESTAÇÃO ECOLÓGICA JURÉIA-ITATINS","Angiosperms","Myrtaceae","Eugenia","copacabanensis","Kiaersk.","MYRTACEAE Eugenia copacabanensis Kiaersk.","271080","GBIF","MBM","Sobral, M.","7243","Native","Ouro","Ouro","https://images.cria.org.br/viewer/MBM271080","Estação Ecológica Juréia - Itatins."
"ESTAÇÃO ECOLÓGICA JURÉIA-ITATINS","Angiosperms","Myrtaceae","Eugenia","disperma","Vell.","MYRTACEAE Eugenia disperma Vell.","SPSF00025319","Splink","SPSF",,"390","Native","Ouro","Ouro",,"Estação Ecológica Juréia-Itatins, Serra da Juréia, mata pluvial de planície"
"ESTAÇÃO ECOLÓGICA JURÉIA-ITATINS","Angiosperms","Myrtaceae","Eugenia","excelsa","O.Berg","MYRTACEAE Eugenia excelsa O.Berg","SPSF00024342","Splink","SPSF",,"1597","Native","Ouro","Ouro",,"Estação Ecológica Juréia-Itatins, Serra da Juréia, mata de encosta junto ao Rio Verde, trilha da Figueira"
"ESTAÇÃO ECOLÓGICA JURÉIA-ITATINS","Angiosperms","Myrtaceae","Eugenia","expansa","Spring ex Mart.","MYRTACEAE Eugenia expansa Spring ex Mart.","170928","Splink","ICN",,"6871","Native","Ouro","Ouro",,"Estação Ecológica Juréia-Itatins"
"ESTAÇÃO ECOLÓGICA JURÉIA-ITATINS","Angiosperms","Myrtaceae","Eugenia","fusca","O.Berg","MYRTACEAE Eugenia fusca O.Berg","SPSF00025310","Splink","SPSF",,"4494","Native","Ouro","Ouro",,"Estação Ecológica Juréia-Itatins, Serra da Juréia, Trilha do Imperador, ca. 15km S do Rio Verde."
"ESTAÇÃO ECOLÓGICA JURÉIA-ITATINS","Angiosperms","Myrtaceae","Eugenia","involucrata","DC.","MYRTACEAE Eugenia involucrata DC.","SPSF00025308","Splink","SPSF",,"1024","Native","Ouro","Ouro",,"Estação Ecológica Juréia-Itatins, Trilha para a Cachoeira do Salto, Mata de Planície"
"ESTAÇÃO ECOLÓGICA JURÉIA-ITATINS","Angiosperms","Myrtaceae","Eugenia","melanogyna","(D.Legrand) Sobral","MYRTACEAE Eugenia melanogyna (D.Legrand) Sobral","SPSF00025477","Splink","SPSF",,"9","Native","Ouro","Ouro",,"Estação Ecológica Juréia-Itatins, Margens do Rio Verde"
"ESTAÇÃO ECOLÓGICA JURÉIA-ITATINS","Angiosperms","Myrtaceae","Eugenia","membranifolia","Nied.","MYRTACEAE Eugenia membranifolia Nied.","SORO013588","Splink","SORO",,"1266","Native","Bronze","Ouro",,"Estação Ecológica Juréia-Itatins, caminho do imperador."
"ESTAÇÃO ECOLÓGICA JURÉIA-ITATINS","Angiosperms","Myrtaceae","Eugenia","monosperma","Vell.","MYRTACEAE Eugenia monosperma Vell.","329923","GBIF","SP","Sobral, M.","6819","Native","Ouro","Ouro","https://images.cria.org.br/viewer/SP022586","Estação Ecológica Juréia-Itatins"
"ESTAÇÃO ECOLÓGICA JURÉIA-ITATINS","Angiosperms","Myrtaceae","Eugenia","mosenii","(Kausel) Sobral","MYRTACEAE Eugenia mosenii (Kausel) Sobral","SPSF00025314","Splink","SPSF",,"894","Native","Ouro","Ouro",,"Estação Ecológica Juréia-Itatins, margem do rio Verde, proximo ao alojamento do IBAMA"
"ESTAÇÃO ECOLÓGICA JURÉIA-ITATINS","Angiosperms","Myrtaceae","Eugenia","multicostata","D.Legrand","MYRTACEAE Eugenia multicostata D.Legrand","268701","GBIF","SP","Anunciacao, E.A.","387","Native","Ouro","Ouro","https://images.cria.org.br/viewer/SP007200","Estação Ecológica Juréia-Itatins, Caminho do Imperador"
"ESTAÇÃO ECOLÓGICA JURÉIA-ITATINS","Angiosperms","Myrtaceae","Eugenia","peruibensis","Mattos","MYRTACEAE Eugenia peruibensis Mattos","277204","GBIF","SP","Cordeiro, I.","1519","Native","Ouro","Ouro","https://images.cria.org.br/viewer/SP028630","Estação Ecológica Juréia-Itatins, Trilha através do Morro do Arpoador, mata pluvial tropical de encosta"
"ESTAÇÃO ECOLÓGICA JURÉIA-ITATINS","Angiosperms","Myrtaceae","Eugenia","pisiformis","Cambess.","MYRTACEAE Eugenia pisiformis Cambess.","268686","GBIF","SP","Anunciacao, E.A.","371","Native","Ouro","Ouro","https://images.cria.org.br/viewer/SP029362","Estação Ecológica Juréia-Itatins, Serra da Juréia, trilha para a Figueira Grande"
"ESTAÇÃO ECOLÓGICA JURÉIA-ITATINS","Angiosperms","Myrtaceae","Eugenia","pithecocephala","Sobral & Mazine","MYRTACEAE Eugenia pithecocephala Sobral & Mazine","1063","GBIF","SORO","Melo, M.R.F.","1072","Native","Ouro","Ouro",,"Estação Ecológica Juréia-Itatins, Guarauzinho, Restinga da Praia do Arpoador, restinga arbustivo-arbórea"
"ESTAÇÃO ECOLÓGICA JURÉIA-ITATINS","Angiosperms","Myrtaceae","Eugenia","prasina","O.Berg","MYRTACEAE Eugenia prasina O.Berg","SORO013925","Splink","SORO",,"1393","Native","Ouro","Ouro",,"Estação Ecológica Juréia-Itatins, Alto da Serra dos Itatins, encosta voltada para o mar, mata alta, bem preservada, com dossel irregular"
"ESTAÇÃO ECOLÓGICA JURÉIA-ITATINS","Angiosperms","Myrtaceae","Eugenia","pruinosa","D.Legrand","MYRTACEAE Eugenia pruinosa D.Legrand","SPSF00025329","Splink","SPSF",,"351","Native","Ouro","Ouro",,"Reserva Ecológica Juréia-Itatins, Trilha do Imperador, maciço da Juréia"
"ESTAÇÃO ECOLÓGICA JURÉIA-ITATINS","Angiosperms","Myrtaceae","Eugenia","puberula","Nied.","MYRTACEAE Eugenia puberula Nied.","SPSF00024276","Splink","SPSF",,"1622","Native","Ouro","Ouro",,"Estação Ecológica Juréia-Itatins, Restinga entre o Rio Una do Prelado e o Rio Verde, ca. 18km do Rio Una"
"ESTAÇÃO ECOLÓGICA JURÉIA-ITATINS","Angiosperms","Myrtaceae","Eugenia","stigmatosa","DC.","MYRTACEAE Eugenia stigmatosa DC.","120311","Splink","ICN",,"7671","Native","Ouro","Ouro",,"Estação Ecológica da Juréia"
"ESTAÇÃO ECOLÓGICA JURÉIA-ITATINS","Angiosperms","Myrtaceae","Eugenia","subavenia","O.Berg","MYRTACEAE Eugenia subavenia O.Berg","SPSF00025333","Splink","SPSF",,"1348","Native","Ouro","Ouro",,"Estação Ecológica Juréia-Itatins, Trilha para a Figueira"
"ESTAÇÃO ECOLÓGICA JURÉIA-ITATINS","Angiosperms","Myrtaceae","Eugenia","subglomerata","(Kuntze) Sobral","MYRTACEAE Eugenia subglomerata (Kuntze) Sobral","268685","GBIF","SP","Anunciacao, E.A.","370","Native","Ouro","Ouro","https://images.cria.org.br/viewer/SP028199","Estação Ecológica Juréia-Itatins, Serra da Juréia, trilha para a Figueira Grande"
"ESTAÇÃO ECOLÓGICA JURÉIA-ITATINS","Angiosperms","Myrtaceae","Eugenia","sulcata","Spring ex Mart.","MYRTACEAE Eugenia sulcata Spring ex Mart.","SPSF00025381","Splink","SPSF",,"1539","Native","Ouro","Ouro",,"Estação Ecológica Juréia-Itatins, Proximidades do maciço da Juréia, restinga do Rio Verde"
"ESTAÇÃO ECOLÓGICA JURÉIA-ITATINS","Angiosperms","Myrtaceae","Eugenia","tenuipedunculata","Kiaersk.","MYRTACEAE Eugenia tenuipedunculata Kiaersk.","SPSF00024337","Splink","SPSF",,"334","Native","Ouro","Ouro",,"Estação Ecológica Juréia-Itatins, Trilha para a Figueira Grande"
"ESTAÇÃO ECOLÓGICA JURÉIA-ITATINS","Angiosperms","Myrtaceae","Eugenia","verticillata","(Vell.) Angely","MYRTACEAE Eugenia verticillata (Vell.) Angely","SPSF00025347","Splink","SPSF",,"901","Native","Ouro","Ouro",,"Estação Ecológica Juréia-Itatins, Margens do Rio Verde, próximo ao alojamento"
"ESTAÇÃO ECOLÓGICA JURÉIA-ITATINS","Angiosperms","Myrtaceae","Eugenia","xiriricana","Mattos","MYRTACEAE Eugenia xiriricana Mattos","SPSF00025309","Splink","SPSF",,"326","Native","Ouro","Ouro",,"Estação Ecológica Juréia-Itatins, Serra da Juréia, caminho do Imperador, mata de encosta"
"ESTAÇÃO ECOLÓGICA JURÉIA-ITATINS","Angiosperms","Myrtaceae","Gomidesia","fenzliana","O.Berg","MYRTACEAE Gomidesia fenzliana O.Berg","K000332271","GBIF","K","Cordeiro, I.","633",,"Latão","Ouro",,"Estação Ecológica Juréia-Itatins, Proximidades do maciço da Juréia, morro a esquerda da bifurcação da trilha no alto da encosta, próxima ao alojamento do IBAMA"
"ESTAÇÃO ECOLÓGICA JURÉIA-ITATINS","Angiosperms","Myrtaceae","Myrceugenia","kleinii","D.Legrand & Kausel","MYRTACEAE Myrceugenia kleinii D.Legrand & Kausel","SPSF00025443","Splink","SPSF",,"1215","Native","Ouro","Ouro",,"Estação Ecológica Juréia-Itatins, Trilha para a figueira"
"ESTAÇÃO ECOLÓGICA JURÉIA-ITATINS","Angiosperms","Myrtaceae","Myrceugenia","myrcioides","(Cambess.) O.Berg","MYRTACEAE Myrceugenia myrcioides (Cambess.) O.Berg","CVRD014629","Splink","CVRD",,"349","Native","Ouro","Bronze",,
"ESTAÇÃO ECOLÓGICA JURÉIA-ITATINS","Angiosperms","Myrtaceae","Myrceugenia","pilotantha","(Kiaersk.) Landrum","MYRTACEAE Myrceugenia pilotantha (Kiaersk.) Landrum","SPSF00025362","Splink","SPSF",,"562","Native","Ouro","Ouro",,"Estação Ecológica Juréia-Itatins, Serra da Juréia, trilha para o alto da cachoeira do Salto"
"ESTAÇÃO ECOLÓGICA JURÉIA-ITATINS","Angiosperms","Myrtaceae","Myrcia","amazonica","DC.","MYRTACEAE Myrcia amazonica DC.","124804","Splink","ICN",,"7493a","Native","Bronze","Ouro",,"Estação Ecológica da Juréia"
"ESTAÇÃO ECOLÓGICA JURÉIA-ITATINS","Angiosperms","Myrtaceae","Myrcia","brasiliensis","Kiaersk.","MYRTACEAE Myrcia brasiliensis Kiaersk.","SPSF00025466","Splink","SPSF",,"1156","Native","Ouro","Ouro",,"Estação Ecológica Juréia-Itatins, Serra da Juréia, trilha do Morrinho"
"ESTAÇÃO ECOLÓGICA JURÉIA-ITATINS","Angiosperms","Myrtaceae","Myrcia","costeira","M.F.Santos","MYRTACEAE Myrcia costeira M.F.Santos","SPSF00025378","Splink","SPSF",,"1541","Native","Ouro","Ouro",,"Estação Ecológica Juréia-Itatins, Restinga do Rio Verde"
"ESTAÇÃO ECOLÓGICA JURÉIA-ITATINS","Angiosperms","Myrtaceae","Myrcia","dichrophylla","D.Legrand","MYRTACEAE Myrcia dichrophylla D.Legrand","SPSF00025426","Splink","SPSF",,"1605","Native","Ouro","Ouro",,"Estação Ecológica Juréia-Itatins"
"ESTAÇÃO ECOLÓGICA JURÉIA-ITATINS","Angiosperms","Myrtaceae","Myrcia","dryadica","(M.L.Kawas.) A.R.Lourenço & E.Lucas","MYRTACEAE Myrcia dryadica (M.L.Kawas.) A.R.Lourenço & E.Lucas","103197732","Splink","MO-DUPLICATES",,"542","Native","Ouro","Ouro",,"Reserva Ecológica Juréia-Itatins, Trilha para a figueira grande."
"ESTAÇÃO ECOLÓGICA JURÉIA-ITATINS","Angiosperms","Myrtaceae","Myrcia","excoriata","(Mart.) E.Lucas & C.E.Wilson","MYRTACEAE Myrcia excoriata (Mart.) E.Lucas & C.E.Wilson","254440","GBIF","SP","Nicolau, S.A.","390","Native","Bronze","Ouro",,"Estação Ecológica Juréia-Itatins, trilha para a Figueira Grande,"
"ESTAÇÃO ECOLÓGICA JURÉIA-ITATINS","Angiosperms","Myrtaceae","Myrcia","fenzliana","O.Berg","MYRTACEAE Myrcia fenzliana O.Berg","SPSF00025422","Splink","SPSF",,"633","Native","Latão","Ouro",,"Estação Ecológica Juréia-Itatins, Proximidades do maciço da Juréia, morro a esquerda da bifurcação da trilha no alto da encosta, próxima ao alojamento do IBAMA"
"ESTAÇÃO ECOLÓGICA JURÉIA-ITATINS","Angiosperms","Myrtaceae","Myrcia","florida","Lem.","MYRTACEAE Myrcia florida Lem.","277282","GBIF","SP","Godoy, J.","7","Native","Bronze","Ouro","https://images.cria.org.br/viewer/SP022720","Estação Ecológica Juréia-Itatins, Serra da Juréia"
"ESTAÇÃO ECOLÓGICA JURÉIA-ITATINS","Angiosperms","Myrtaceae","Myrcia","glabra","(O.Berg) D.Legrand","MYRTACEAE Myrcia glabra (O.Berg) D.Legrand","199842","GBIF","SPF","Lohmann, C.E.O.","37","Native","Ouro","Ouro","https://images.cria.org.br/viewer/SPF00199842","Estação Ecológica Juréia-Itatins"
"ESTAÇÃO ECOLÓGICA JURÉIA-ITATINS","Angiosperms","Myrtaceae","Myrcia","glomerata","(Cambess.) G.P.Burton & E.Lucas","MYRTACEAE Myrcia glomerata (Cambess.) G.P.Burton & E.Lucas","SPSF00024339","Splink","SPSF",,"1383","Native","Ouro","Ouro",,"Estação Ecológica Juréia-Itatins, Serra da Juréia, trilha para a Cachoeira do Salto, mata pluvial de planície"
"ESTAÇÃO ECOLÓGICA JURÉIA-ITATINS","Angiosperms","Myrtaceae","Myrcia","heringii","D.Legrand","MYRTACEAE Myrcia heringii D.Legrand","170419","GBIF","MBM","Sobral, M.","7575","Native","Ouro","Ouro","https://images.cria.org.br/viewer/MBM170419","Estação Ecológica Juréia-Itatins"
"ESTAÇÃO ECOLÓGICA JURÉIA-ITATINS","Angiosperms","Myrtaceae","Myrcia","hexasticha","Kiaersk.","MYRTACEAE Myrcia hexasticha Kiaersk.","329432","GBIF","SP","Favero, O.A.","s.n.","Native","Ouro","Ouro",,"Estação Ecológica Juréia-Itatins"
"ESTAÇÃO ECOLÓGICA JURÉIA-ITATINS","Angiosperms","Myrtaceae","Myrcia","lonchophylla","A.R.Lourenço & E.Lucas","MYRTACEAE Myrcia lonchophylla A.R.Lourenço & E.Lucas","SPSF00024356","Splink","SPSF",,"439","Native","Ouro","Ouro",,"Estação Ecológica Juréia-Itatins, Serra da Juréia, trilha da Figueira Grande"
"ESTAÇÃO ECOLÓGICA JURÉIA-ITATINS","Angiosperms","Myrtaceae","Myrcia","loranthifolia","(DC.) G.P.Burton & E.Lucas","MYRTACEAE Myrcia loranthifolia (DC.) G.P.Burton & E.Lucas","272564","GBIF","SP","Melo, M.M.R.F.","1088","Native","Ouro","Ouro","https://images.cria.org.br/viewer/SP006229","Estação Ecológica Juréia-Itatins, Trilha do Morro Fernando, Mata Pluvial de Encosta"
"ESTAÇÃO ECOLÓGICA JURÉIA-ITATINS","Angiosperms","Myrtaceae","Myrcia","macrocarpa","DC.","MYRTACEAE Myrcia macrocarpa DC.","246584","GBIF","SP","Cordeiro, I.","753","Native","Ouro","Ouro",,"Estação Ecológica Juréia-Itatins, Serra da Juréia, trilha para o Pocinho"
"ESTAÇÃO ECOLÓGICA JURÉIA-ITATINS","Angiosperms","Myrtaceae","Myrcia","multiflora","(Lam.) DC.","MYRTACEAE Myrcia multiflora (Lam.) DC.","SPSF00025449","Splink","SPSF",,"1234","Native","Ouro","Ouro",,"Estação Ecológica Juréia-Itatins, Alto do morro próximo ao alojamento"
"ESTAÇÃO ECOLÓGICA JURÉIA-ITATINS","Angiosperms","Myrtaceae","Myrcia","neoobscura","E.Lucas & C.E.Wilson","MYRTACEAE Myrcia neoobscura E.Lucas & C.E.Wilson","153614","GBIF","MBM","Sobral, M.","7374","Native","Ouro","Ouro","https://images.cria.org.br/viewer/MBM153614 | https://images.cria.org.br/viewer/MBM153614_1","Estação Ecológica da Juréia."
"ESTAÇÃO ECOLÓGICA JURÉIA-ITATINS","Angiosperms","Myrtaceae","Myrcia","ovata","Cambess.","MYRTACEAE Myrcia ovata Cambess.","297526","GBIF","SP","Figueiredo, N.","15650","Native","Ouro","Ouro",,"Estação Ecológica Juréia-Itatins, Beira do Rio Verde"
"ESTAÇÃO ECOLÓGICA JURÉIA-ITATINS","Angiosperms","Myrtaceae","Myrcia","pubescens","DC.","MYRTACEAE Myrcia pubescens DC.","247685","GBIF","SP","Cordeiro, I.","805","Native","Bronze","Ouro",,"Estação Ecológica Juréia-Itatins, Serra da Juréia, trilha para o campo próximo ao alojamento do IBAMA"
"ESTAÇÃO ECOLÓGICA JURÉIA-ITATINS","Angiosperms","Myrtaceae","Myrcia","pubipetala","Miq.","MYRTACEAE Myrcia pubipetala Miq.","CVRD014630","Splink","CVRD",,"350","Native","Bronze","Bronze",,
"ESTAÇÃO ECOLÓGICA JURÉIA-ITATINS","Angiosperms","Myrtaceae","Myrcia","racemosa","(O.Berg) Kiaersk.","MYRTACEAE Myrcia racemosa (O.Berg) Kiaersk.","153613","GBIF","MBM","Sobral, M.","7368","Native","Ouro","Ouro","https://images.cria.org.br/viewer/MBM153613","Estação Ecológica da juréia."
"ESTAÇÃO ECOLÓGICA JURÉIA-ITATINS","Angiosperms","Myrtaceae","Myrcia","reitzii","(D.Legrand) Mazine","MYRTACEAE Myrcia reitzii (D.Legrand) Mazine","309921","GBIF","SP","Melo, M.M.R.F.","1274","Native","Bronze","Ouro",,"Estação Ecológica Juréia-Itatins, Margens do rio Verde, próximo ao alojamento"
"ESTAÇÃO ECOLÓGICA JURÉIA-ITATINS","Angiosperms","Myrtaceae","Myrcia","spectabilis","DC.","MYRTACEAE Myrcia spectabilis DC.","K000332291","Splink","K",,"1580","Native","Ouro","Ouro",,"Estacao Ecologica de Jureia-Itatins, Guarauzinho."
"ESTAÇÃO ECOLÓGICA JURÉIA-ITATINS","Angiosperms","Myrtaceae","Myrcia","splendens","(Sw.) DC.","MYRTACEAE Myrcia splendens (Sw.) DC.","SPSF00025361","Splink","SPSF",,"140","Native","Ouro","Ouro",,"Estação Ecológica Juréia-Itatins, Serra da Juréia, trilha do Imperador, em direção a Praia do Rio Verde"
"ESTAÇÃO ECOLÓGICA JURÉIA-ITATINS","Angiosperms","Myrtaceae","Myrcia","squamata","(Mattos & D.Legrand) Mattos","MYRTACEAE Myrcia squamata (Mattos & D.Legrand) Mattos","SPSF00025423","Splink","SPSF",,"805","Native","Bronze","Ouro",,"Estação Ecológica Juréia-Itatins, Serra da Juréia, trilha para o campo próximo ao alojamento do IBAMA"
"ESTAÇÃO ECOLÓGICA JURÉIA-ITATINS","Angiosperms","Myrtaceae","Myrcia","stictophylla","(O.Berg) N.Silveira","MYRTACEAE Myrcia stictophylla (O.Berg) N.Silveira","132457","GBIF","UB","Costa, M.P.","64","Native","Ouro","Ouro",,"Estação Ecológica Juréia-Itatins. Trilha para o pocinho."
"ESTAÇÃO ECOLÓGICA JURÉIA-ITATINS","Angiosperms","Myrtaceae","Myrcia","strigipes","Mart.","MYRTACEAE Myrcia strigipes Mart.","HPL011368","Splink","HPL",,"102","Native","Ouro","Ouro",,"Mata Ciliar do Rio Itinguinha, entorno da Estação Ecológica Juréia-Itatins"
"ESTAÇÃO ECOLÓGICA JURÉIA-ITATINS","Angiosperms","Myrtaceae","Myrcia","strigosa","A.R.Lourenço & E.Lucas","MYRTACEAE Myrcia strigosa A.R.Lourenço & E.Lucas","120376","Splink","ICN",,"6946","Native","Ouro","Ouro",,"Estação Ecológica da Juréia"
"ESTAÇÃO ECOLÓGICA JURÉIA-ITATINS",,"Myrtaceae","Myrcia","tenondeporan",,"MYRTACEAE Myrcia tenondeporan","098739","Splink","ICN",,"779",,"Ouro","Ouro",,"Estação Ecológica Juréia-Itatins, Serra da Juréia, trilha para o Pocinho"
"ESTAÇÃO ECOLÓGICA JURÉIA-ITATINS","Angiosperms","Myrtaceae","Myrcia","tijucensis","Kiaersk.","MYRTACEAE Myrcia tijucensis Kiaersk.","254417","GBIF","SP","Rossi, L.","1063","Native","Bronze","Ouro",,"Estação Ecológica Juréia-Itatins, Trilha para a Figueira"
"ESTAÇÃO ECOLÓGICA JURÉIA-ITATINS","Angiosperms","Myrtaceae","Myrcia","vellozoi","Mazine","MYRTACEAE Myrcia vellozoi Mazine","098738","Splink","ICN",,"75","Native","Ouro","Ouro",,"Estação Ecológica Juréia-Itatins, margem do Rio Verde"
"ESTAÇÃO ECOLÓGICA JURÉIA-ITATINS","Angiosperms","Myrtaceae","Myrciaria","floribunda","(H.West ex Willd.) O.Berg","MYRTACEAE Myrciaria floribunda (H.West ex Willd.) O.Berg","106021","Splink","ICN",,"7363","Native","Ouro","Ouro",,"Estação Ecológica Juréia, junto ao Rio Guilherme"
"ESTAÇÃO ECOLÓGICA JURÉIA-ITATINS","Angiosperms","Myrtaceae","Neomitranthes","glomerata","(D.Legrand) D.Legrand","MYRTACEAE Neomitranthes glomerata (D.Legrand) D.Legrand","106046","Splink","ICN",,"7392","Native","Ouro","Ouro",,"Estação Ecológica da Jureia"
"ESTAÇÃO ECOLÓGICA JURÉIA-ITATINS","Angiosperms","Myrtaceae","Plinia","edulis","(Vell.) Sobral","MYRTACEAE Plinia edulis (Vell.) Sobral","309910","GBIF","SP","Melo, M.M.R.F.","1284","Native","Latão","Ouro",,"Estação Ecológica Juréia-Itatins, Margens do rio Verde, próximo ao alojamento"
"ESTAÇÃO ECOLÓGICA JURÉIA-ITATINS","Angiosperms","Myrtaceae","Plinia","rivularis","(Cambess.) Rotman","MYRTACEAE Plinia rivularis (Cambess.) Rotman","272378","GBIF","SP","Sobral, M.","7230","Native","Ouro","Ouro",,"Estação Ecológica Juréia-Itatins, região de mata atlãntica."
"ESTAÇÃO ECOLÓGICA JURÉIA-ITATINS","Angiosperms","Myrtaceae","Plinia","silvestris","(Vellozo) Mazine & Sobral","MYRTACEAE Plinia silvestris (Vellozo) Mazine & Sobral","187470","GBIF","UB","Skorupa, L.A.","969","Native","Ouro","Ouro","https://images.cria.org.br/viewer/UB0040096","Estação Ecológica Juréia-Itatins, Trilha para o alto do morro, próximo ao alojamento"
"ESTAÇÃO ECOLÓGICA JURÉIA-ITATINS","Angiosperms","Myrtaceae","Psidium","cattleyanum","Sabine","MYRTACEAE Psidium cattleyanum Sabine","SPSF00025404","Splink","SPSF",,"903","Native","Ouro","Ouro",,"Estação Ecológica Juréia-Itatins, Margens do Rio Verde, próximo ao alojamento"
"ESTAÇÃO ECOLÓGICA JURÉIA-ITATINS","Angiosperms","Myrtaceae","Psidium","guajava","L.","MYRTACEAE Psidium guajava L.","329431","GBIF","SP","Favero, O.A.","606","Naturalized","Prata","Ouro",,"Estação Ecológica Juréia-Itatins, Próximo à Cachoeira do Guilherme, no quintal de Dona Maricota"
"ESTAÇÃO ECOLÓGICA JURÉIA-ITATINS","Angiosperms","Myrtaceae","Syzygium","cumini","(L.) Skeels","MYRTACEAE Syzygium cumini (L.) Skeels","11518","GBIF","HUSC","Lourenco, B.F.","02","Naturalized","Bronze","Ouro",,"RDS Barra do Una, Estação Ecológica da Juréia."
"ESTAÇÃO ECOLÓGICA JURÉIA-ITATINS",,,"Bryopsis","pennata","J.V.Lamour.","NA Bryopsis pennata J.V.Lamour.","1031","GBIF","HUSC","Biologia, A.","1804",,"Latão","Ouro",,"Estação ecológica Juréia - Guaraú"
"ESTAÇÃO ECOLÓGICA JURÉIA-ITATINS",,,"Cladonia",,,"NA Cladonia sp.","HUSC003145","Splink","HUSC",,"1061",,"Latão","Ouro",,"Estação ecológica da Juréia-Itatins"
"ESTAÇÃO ECOLÓGICA JURÉIA-ITATINS",,,"Cololejeunea","minutissima","(Nees & Mont.) R.M.Schust.","NA Cololejeunea minutissima var. myriocarpa (Nees & Mont.) R.M.Schust.","223470","GBIF","SP-BRYOPHYTA","Yano, O.","12062",,"Latão","Bronze",,"Barra do Ribeira"
"ESTAÇÃO ECOLÓGICA JURÉIA-ITATINS",,,"Frullania","obscura","(Sw.) Dumort.","NA Frullania obscura (Sw.) Dumort.","PC0735731","GBIF","PC","Yano, O.",,,"Bronze","Bronze",,"Brasil, Sao Paulo, Iguape, Ilha de Iguape"
"ESTAÇÃO ECOLÓGICA JURÉIA-ITATINS",,,"Grateloupia","filicina","(J.V.Lamour.) C.Agardh","NA Grateloupia filicina (J.V.Lamour.) C.Agardh","1029","GBIF","HUSC","Biologia, A.","1802",,"Latão","Ouro",,"Estação ecológica Juréia - Guaraú"
"ESTAÇÃO ECOLÓGICA JURÉIA-ITATINS",,,"Indet",,,"NA Indet. sp.","277169","Splink","SP",,"1470",,"Latão","Ouro",,"Estação Ecológica Juréia-Itatins"
"ESTAÇÃO ECOLÓGICA JURÉIA-ITATINS",,,"Porphyra",,"C.Agardh, 1824","NA Porphyra C.Agardh, 1824","1027","GBIF","HUSC","Biologia, A.","1800",,"Latão","Ouro",,"Estação ecológica Juréia - Guaraú"
"ESTAÇÃO ECOLÓGICA JURÉIA-ITATINS",,,"Rhizoclonium",,"Kützing, 1843","NA Rhizoclonium Kützing, 1843","1009","GBIF","HUSC","Biologia, A.","1787",,"Latão","Bronze",,"Estação Ecológica de Juréia- Guaraú."
"ESTAÇÃO ECOLÓGICA JURÉIA-ITATINS",,,"Sphagnum","subsecundum",,"NA Sphagnum subsecundum","PACA117541","Splink","PACA-BRYOPHYTES",,"19802",,"Bronze","Ouro",,"estação ecologica da juréia"
"ESTAÇÃO ECOLÓGICA JURÉIA-ITATINS",,,"Usnea",,,"NA Usnea sp.","HUSC003160","Splink","HUSC",,"1074",,"Latão","Ouro",,"Estação Ecológica da Juréia-Itatins"
"ESTAÇÃO ECOLÓGICA JURÉIA-ITATINS",,"Neckeraceae","Isodrepanium","lentulum","(Wilson) E.Britton","NECKERACEAE Isodrepanium lentulum (Wilson) E.Britton","90252687","GBIF","MO","Frahm, J.-P.","1145",,"Latão","Bronze",,"Peruibe."
"ESTAÇÃO ECOLÓGICA JURÉIA-ITATINS",,"Neckeraceae","Neckeropsis","undulata","(Hedw.) Reichardt","NECKERACEAE Neckeropsis undulata (Hedw.) Reichardt","4744","GBIF","HUSC","Paixao, R.C.","15",,"Bronze","Bronze",,"Trilha do Costão."
"ESTAÇÃO ECOLÓGICA JURÉIA-ITATINS","Ferns and Lycophytes","Nephrolepidaceae","Nephrolepis","rivularis","(Vahl) Mett. ex Krug","NEPHROLEPIDACEAE Nephrolepis rivularis (Vahl) Mett. ex Krug","77778","GBIF","UPCB","Prado, J.","321","Naturalized","Bronze","Ouro","https://images.cria.org.br/viewer/UPCB0006331","Estação Ecológica de Juréia-Itatins, trilha na margem do Rio Verde."
"ESTAÇÃO ECOLÓGICA JURÉIA-ITATINS","Angiosperms","Nyctaginaceae","Boerhavia","coccinea","Mill.","NYCTAGINACEAE Boerhavia coccinea Mill.","329648","GBIF","SP","Favero, O.A.","324","Naturalized","Prata","Ouro",,"Estação Ecológica Juréia-Itatins, Aguapeu"
"ESTAÇÃO ECOLÓGICA JURÉIA-ITATINS","Angiosperms","Nyctaginaceae","Guapira","areolata","(Heimerl) Lundell","NYCTAGINACEAE Guapira areolata (Heimerl) Lundell","247893","GBIF","SP","Silva, S.J.G.","173","Native","Bronze","Ouro",,"Estação Ecológica Juréia-Itatins, Serra da Juréia, cachoeira do Senhor ('Chuveiro')"
"ESTAÇÃO ECOLÓGICA JURÉIA-ITATINS","Angiosperms","Nyctaginaceae","Guapira","nitida","(Mart. ex J.A.Schmidt) Lundell","NYCTAGINACEAE Guapira nitida (Mart. ex J.A.Schmidt) Lundell","HUEM000009293","Reflora","HUEM","Rodrigues, R.R.","15670","Native","Ouro","Ouro",,"Estação ecológica de Juréia"
"ESTAÇÃO ECOLÓGICA JURÉIA-ITATINS","Angiosperms","Nyctaginaceae","Guapira","opposita","(Vell.) Reitz","NYCTAGINACEAE Guapira opposita (Vell.) Reitz","53967","GBIF","SPSF","Moura, C.","501","Native","Prata","Bronze",,
"ESTAÇÃO ECOLÓGICA JURÉIA-ITATINS","Angiosperms","Nyctaginaceae","Guapira","platystemon","(Heimerl) E.C.O.Chagas & Costa-Lima","NYCTAGINACEAE Guapira platystemon (Heimerl) E.C.O.Chagas & Costa-Lima","120317","Splink","ICN",,"7060","Native","Prata","Ouro",,"Estação Ecológica da Juréia"
"ESTAÇÃO ECOLÓGICA JURÉIA-ITATINS","Angiosperms","Nyctaginaceae","Neea","pendulina","Heimerl","NYCTAGINACEAE Neea pendulina Heimerl","SPSF00054572","Splink","SPSF",,"8850","Native","Prata","Ouro",,"Floresta Ombrófila Densa de Terras Baixas (floresta baixa de restinga). Estação Ecológica Jureia-Itatins. Praia da base do Rio Verde."
"ESTAÇÃO ECOLÓGICA JURÉIA-ITATINS","Angiosperms","Nymphaeaceae","Nymphaea",,"L.","NYMPHAEACEAE Nymphaea L.","329649","GBIF","SP","Favero, O.A.","209",,"Latão","Ouro",,"Estação Ecológica Juréia-Itatins, Rio Comprido, no porto da casa do Sr. Toto"
"ESTAÇÃO ECOLÓGICA JURÉIA-ITATINS","Angiosperms","Ochnaceae","Ouratea","multiflora","(Pohl) Engl.","OCHNACEAE Ouratea multiflora (Pohl) Engl.","56463","GBIF","UEC","Rossi, L.","538","Native","Ouro","Ouro",,"Estação ecológica Juréia-Itatins, trilha para a Figueira Grande"
"ESTAÇÃO ECOLÓGICA JURÉIA-ITATINS",,"Ochnaceae","Ouratea","parviflora","(A.DC.) Engl.","OCHNACEAE Ouratea parviflora var. parviflora","56471","GBIF","UEC","Kawall, M.A.","90",,"Ouro","Ouro",,"Estação Ecológica Juréia-Itatins, Margem do Rio Verde, próximo ao 2º rio da Trilha da Figueira."
"ESTAÇÃO ECOLÓGICA JURÉIA-ITATINS","Angiosperms","Ochnaceae","Ouratea","vaccinioides","(A.St.-Hil. & Tul.) Engl.","OCHNACEAE Ouratea vaccinioides (A.St.-Hil. & Tul.) Engl.","346392","GBIF","SP","Nunes, J.V.C.","1502","Native","Bronze","Ouro",,"Estação Ecológica Juréia-Itatins, Serra da Juréia, maciço da Juréia"
"ESTAÇÃO ECOLÓGICA JURÉIA-ITATINS","Angiosperms","Ochnaceae","Sauvagesia","erecta","L.","OCHNACEAE Sauvagesia erecta L.","329652","GBIF","SP","Favero, O.A.","603","Native","Prata","Ouro",,"Estação Ecológica Juréia-Itatins, próximo à Cachoeira do Guilherme"
"ESTAÇÃO ECOLÓGICA JURÉIA-ITATINS",,"Octoblepharaceae","Octoblepharum","albidum","Hedw.","OCTOBLEPHARACEAE Octoblepharum albidum Hedw.","223344","GBIF","SP-BRYOPHYTA","Yano, O.","11931",,"Latão","Bronze",,"Barra do Ribeira"
"ESTAÇÃO ECOLÓGICA JURÉIA-ITATINS",,"Octoblepharaceae","Octoblepharum","cocuiense","Mitt.","OCTOBLEPHARACEAE Octoblepharum cocuiense Mitt.","INPA0266052","Splink","INPA",,"11787",,"Latão","Ouro",,"Estação Ecológica de Juréia"
"ESTAÇÃO ECOLÓGICA JURÉIA-ITATINS","Angiosperms","Oleaceae","Chionanthus","filiformis","(Vell.) P.S.Green","OLEACEAE Chionanthus filiformis (Vell.) P.S.Green","309276","GBIF","SP","Melo, M.M.R.F.","1206","Native","Latão","Ouro",,"Estação Ecológica Juréia-Itatins, margens do rio Verde, próximo ao alojamento"
"ESTAÇÃO ECOLÓGICA JURÉIA-ITATINS","Angiosperms","Onagraceae","Ludwigia","longifolia","(DC.) H.Hara","ONAGRACEAE Ludwigia longifolia (DC.) H.Hara","329655","GBIF","SP","Favero, O.A.","228","Native","Ouro","Ouro",,"Estação Ecológica Juréia-Itatins, rio Comprido"
"ESTAÇÃO ECOLÓGICA JURÉIA-ITATINS","Angiosperms","Orchidaceae","Acianthera","auriculata","(Lindl.) Pridgeon & M.W.Chase","ORCHIDACEAE Acianthera auriculata (Lindl.) Pridgeon & M.W.Chase","247218","GBIF","SP","Mamede, M.C.H.","368","Native","Ouro","Ouro",,"Reserva Ecológica Juréia-Itatins, Trilha para a Figueira Grande"
"ESTAÇÃO ECOLÓGICA JURÉIA-ITATINS","Angiosperms","Orchidaceae","Acianthera","saundersiana","(Rchb.f.) Pridgeon & M.W.Chase","ORCHIDACEAE Acianthera saundersiana (Rchb.f.) Pridgeon & M.W.Chase","244576","GBIF","SP","Catharino, E.L.M.","1375B","Native","Ouro","Ouro",,"Estação Ecológica Juréia-Itatins, Proximidades do maciço da Juréia, trilha para a foz do rio Verde a partir do alojamento do IBAMA"
"ESTAÇÃO ECOLÓGICA JURÉIA-ITATINS","Angiosperms","Orchidaceae","Acianthera","strupifolia","(Lindl.) Pridgeon & M.W.Chase","ORCHIDACEAE Acianthera strupifolia (Lindl.) Pridgeon & M.W.Chase","270541","GBIF","SP","Catharino, E.L.M.","1376","Native","Ouro","Ouro",,"Estação Ecológica Juréia-Itatins, Proximidades do maciço da Juréia, trilha para a foz do rio Verde a partir do alojamento do IBAMA"
"ESTAÇÃO ECOLÓGICA JURÉIA-ITATINS","Angiosperms","Orchidaceae","Anathallis","sclerophylla","(Lindl.) Pridgeon & M.W.Chase","ORCHIDACEAE Anathallis sclerophylla (Lindl.) Pridgeon & M.W.Chase","311206","GBIF","SP","Evangelista, P.L.","337","Native","Ouro","Ouro",,"Estação Ecológica Juréia-Itatins, Serra da Juréia, trilha da Figueira"
"ESTAÇÃO ECOLÓGICA JURÉIA-ITATINS","Angiosperms","Orchidaceae","Aspidogyne","fimbrillaris","(B.S.Williams) Garay","ORCHIDACEAE Aspidogyne fimbrillaris (B.S.Williams) Garay","297039","GBIF","SP","Nicolau, S.A.","966","Native","Ouro","Ouro",,"Estação Ecológica Juréia-Itatins, Planície em frente ao alojamento do Rio Verde"
"ESTAÇÃO ECOLÓGICA JURÉIA-ITATINS","Angiosperms","Orchidaceae","Barbosella",,"Schltr.","ORCHIDACEAE Barbosella Schltr.","19840676","GBIF","E","Argent, G.","707",,"Latão","Bronze",,"Jureia"
"ESTAÇÃO ECOLÓGICA JURÉIA-ITATINS","Angiosperms","Orchidaceae","Brassavola","tuberculata","Hook.","ORCHIDACEAE Brassavola tuberculata Hook.","252718","GBIF","SP","Rossi, L.","971","Native","Ouro","Ouro",,"Estação Ecológica Juréia-Itatins, Margem do Rio Verde"
"ESTAÇÃO ECOLÓGICA JURÉIA-ITATINS","Angiosperms","Orchidaceae","Buchtienia","nitida","(Vell.) Fraga & Meneguzzo","ORCHIDACEAE Buchtienia nitida (Vell.) Fraga & Meneguzzo","255930","GBIF","SP","Ferreira, S.","562","Native","Latão","Ouro",,"Estação Ecológica Juréia-Itatins, Caminho do Imperador"
"ESTAÇÃO ECOLÓGICA JURÉIA-ITATINS","Angiosperms","Orchidaceae","Bulbophyllum","glutinosum","(Barb.Rodr.) Cogn.","ORCHIDACEAE Bulbophyllum glutinosum (Barb.Rodr.) Cogn.","244603","GBIF","SP","Catharino, E.L.M.","1385","Native","Bronze","Ouro",,"Estação Ecológica Juréia-Itatins, Proximidades do maciço da Juréia, mata no vale entre os dois morros, próximo do alojamento"
"ESTAÇÃO ECOLÓGICA JURÉIA-ITATINS","Angiosperms","Orchidaceae","Catasetum","atratum","Lindl.","ORCHIDACEAE Catasetum atratum Lindl.","40073","GBIF","SPSF","Moura, C.","180","Native","Bronze","Ouro",,"Estação Ecológica Juréia-Itatins"
"ESTAÇÃO ECOLÓGICA JURÉIA-ITATINS","Angiosperms","Orchidaceae","Catasetum","hookeri","Lindl.","ORCHIDACEAE Catasetum hookeri Lindl.","248395","GBIF","SP","Catharino, E.L.M.","1568","Native","Ouro","Ouro",,"Estação Ecológica Juréia-Itatins, Margem do Rio Verde"
"ESTAÇÃO ECOLÓGICA JURÉIA-ITATINS","Angiosperms","Orchidaceae","Catasetum","socco","(Vell.) Hoehne","ORCHIDACEAE Catasetum socco (Vell.) Hoehne","261948","GBIF","SP","Aragaki, S.","20","Native","Ouro","Ouro",,"Estação Ecológica Juréia-Itatins, Caminho do Imperador próximo à praia da Juréia"
"ESTAÇÃO ECOLÓGICA JURÉIA-ITATINS","Angiosperms","Orchidaceae","Cattleya","cernua","(Lindl.) Van den Berg","ORCHIDACEAE Cattleya cernua (Lindl.) Van den Berg","24616","GBIF","HUEFS","Queiroz, L.P.","4519","Native","Ouro","Ouro",,"Estação Ecológica Juréia-Itatins, Trilha do Imperador"
"ESTAÇÃO ECOLÓGICA JURÉIA-ITATINS","Angiosperms","Orchidaceae","Cattleya","intermedia","Graham ex Hook.","ORCHIDACEAE Cattleya intermedia Graham ex Hook.","187417831","GBIF","Observations","Brunosurfe",,"Native","Bronze","Bronze",,"São Paulo, BR"
"ESTAÇÃO ECOLÓGICA JURÉIA-ITATINS","Angiosperms","Orchidaceae","Cleistes","montana","Gardner","ORCHIDACEAE Cleistes montana Gardner","261957","GBIF","SP","Aragaki, S.","29","Native","Ouro","Ouro",,"Estação Ecológica Juréia-Itatins, Caminho do Imperador, próximo à praia do Rio Verde"
"ESTAÇÃO ECOLÓGICA JURÉIA-ITATINS","Angiosperms","Orchidaceae","Cochleanthes","flabelliformis","(Sw.) R.E.Schult. & Garay","ORCHIDACEAE Cochleanthes flabelliformis (Sw.) R.E.Schult. & Garay","244631","GBIF","SP","Catharino, E.L.M.","1377","Native","Bronze","Ouro","https://images.cria.org.br/viewer/SP033151","Estação Ecológica Juréia-Itatins, Proximidade do maçciço da Juréia, trilha para a foz do Rio Verde a partir do alojamento do IBAMA"
"ESTAÇÃO ECOLÓGICA JURÉIA-ITATINS","Angiosperms","Orchidaceae","Crocodeilanthe","spiralis","(Lindl.) Toscano","ORCHIDACEAE Crocodeilanthe spiralis (Lindl.) Toscano","249235","GBIF","SP","Carvalhaes, M.A.","11","Native","Ouro","Ouro",,"Estação Ecológica Juréia-Itatins, Serra da Juréia, margens do Rio Verde em direção á foz"
"ESTAÇÃO ECOLÓGICA JURÉIA-ITATINS","Angiosperms","Orchidaceae","Cyclopogon","variegatus","Barb.Rodr.","ORCHIDACEAE Cyclopogon variegatus Barb.Rodr.","245665","GBIF","SP","Cordeiro, I.","710","Native","Ouro","Ouro",,"Estação Ecológica Juréia-Itatins, Trilha para o campo próximo ao alojamento do IBAMA"
"ESTAÇÃO ECOLÓGICA JURÉIA-ITATINS","Angiosperms","Orchidaceae","Cyrtopodium","flavum","Link & Otto ex Rchb.f.","ORCHIDACEAE Cyrtopodium flavum Link & Otto ex Rchb.f.","251765","GBIF","SP","Mamede, M.C.H.","475","Native","Ouro","Ouro",,"Estação Ecológica Juréia-Itatins, Serra da Juréia, caminho do Imperador, ca. 5km da balsa do rio Una, restinga"
"ESTAÇÃO ECOLÓGICA JURÉIA-ITATINS","Angiosperms","Orchidaceae","Dichaea","brevicaulis","Cogn.","ORCHIDACEAE Dichaea brevicaulis Cogn.","245713","GBIF","SP","Mamede, M.C.H.","324","Native","Bronze","Ouro",,"Estação Ecológica Juréia-Itatins, Trilha para a Figueira Grande"
"ESTAÇÃO ECOLÓGICA JURÉIA-ITATINS","Angiosperms","Orchidaceae","Dichaea","mosenii","Cogn.","ORCHIDACEAE Dichaea mosenii Cogn.","SP0247522","Splink","SP",,"778","Native","Bronze","Ouro",,"Estação Ecológica Juréia-Itatins, Trilha para o pocinho"
"ESTAÇÃO ECOLÓGICA JURÉIA-ITATINS","Angiosperms","Orchidaceae","Dichaea","trulla","Rchb.f.","ORCHIDACEAE Dichaea trulla Rchb.f.","277168","GBIF","SP","Cordeiro, I.","1471","Native","Ouro","Ouro",,"Estação Ecológica Juréia-Itatins, Mata de planície do rio Verde, junto ao alojamento"
"ESTAÇÃO ECOLÓGICA JURÉIA-ITATINS","Angiosperms","Orchidaceae","Elleanthus","brasiliensis","(Lindl.) Rchb.f.","ORCHIDACEAE Elleanthus brasiliensis (Lindl.) Rchb.f.","247846","GBIF","SP","Nicolau, S.A.","62","Native","Ouro","Ouro",,"Estação Ecológica Juréia-Itatins, Serra da Juréia, perto do rio Verde"
"ESTAÇÃO ECOLÓGICA JURÉIA-ITATINS","Angiosperms","Orchidaceae","Encyclia","ionosma","(Lindl.) Schltr.","ORCHIDACEAE Encyclia ionosma (Lindl.) Schltr.","248099","GBIF","SP","Catharino, E.L.M.","1546","Native","Ouro","Ouro",,"Estação Ecológica Juréia-Itatins, Restinga do Rio Verde"
"ESTAÇÃO ECOLÓGICA JURÉIA-ITATINS","Angiosperms","Orchidaceae","Encyclia","patens","Hook.","ORCHIDACEAE Encyclia patens Hook.","262671","GBIF","SP","Mamede, M.C.H.","544","Native","Ouro","Ouro",,"Estação Ecológica Juréia-Itatins, Serra da Juréia, mata alto da Cachoeira do salto"
"ESTAÇÃO ECOLÓGICA JURÉIA-ITATINS","Angiosperms","Orchidaceae","Epidendrum","avicula","Lindl.","ORCHIDACEAE Epidendrum avicula Lindl.","338082","GBIF","SP","Catharino, E.L.M.","1583","Native","Ouro","Ouro",,"Estação Ecológica Juréia-Itatins, trilha para o morro próximo ao alojamento do rio Verde"
"ESTAÇÃO ECOLÓGICA JURÉIA-ITATINS","Angiosperms","Orchidaceae","Epidendrum","densiflorum","Hook.","ORCHIDACEAE Epidendrum densiflorum Hook.","367194","GBIF","SP","Catharino, E.L.M.","2743","Native","Bronze","Ouro",,"Estação Ecológica Juréia-Itatins"
"ESTAÇÃO ECOLÓGICA JURÉIA-ITATINS","Angiosperms","Orchidaceae","Epidendrum","difforme","Jacq.","ORCHIDACEAE Epidendrum difforme Jacq.","244601","GBIF","SP","Catharino, E.L.M.","1386","Unknown","Ouro","Ouro",,"Estação Ecológica Juréia-Itatins, Proximidades do maciço da Juréia, mata de encosta junto ao paredão rochoso próximo ao alojamento"
"ESTAÇÃO ECOLÓGICA JURÉIA-ITATINS","Angiosperms","Orchidaceae","Epidendrum","fulgens","Brongn.","ORCHIDACEAE Epidendrum fulgens Brongn.","248061","GBIF","SP","Catharino, E.L.M.","1499","Native","Ouro","Ouro",,"Estação Ecológica Juréia-Itatins, Barra do Una"
"ESTAÇÃO ECOLÓGICA JURÉIA-ITATINS","Angiosperms","Orchidaceae","Epidendrum","latilabrum","Lindl.","ORCHIDACEAE Epidendrum latilabrum Lindl.","249201","GBIF","SP","Anunciacao, E.A.","59","Native","Ouro","Ouro",,"Estação Ecológica Juréia-Itatins, Serra da Juréia, trilha da Figueira Grande em direção ao Pocinho do Rio Verde, mata"
"ESTAÇÃO ECOLÓGICA JURÉIA-ITATINS","Angiosperms","Orchidaceae","Epidendrum","nocturnum","Jacq.","ORCHIDACEAE Epidendrum nocturnum Jacq.","251276","GBIF","SP","Melo, M.M.R.F.","948","Native","Ouro","Ouro",,"Estação Ecológica Juréia-Itatins, Serra da Juréia, ás margens do Rio Verde em direção á foz, mata"
"ESTAÇÃO ECOLÓGICA JURÉIA-ITATINS","Angiosperms","Orchidaceae","Epidendrum","parahybunense","Barb.Rodr.","ORCHIDACEAE Epidendrum parahybunense Barb.Rodr.","248396","GBIF","SP","Catharino, E.L.M.","1570","Native","Ouro","Ouro",,"Estação Ecológica Juréia-Itatins, Trilha proxima a Cachoeira do salto, mata de planície"
"ESTAÇÃO ECOLÓGICA JURÉIA-ITATINS","Angiosperms","Orchidaceae","Epidendrum","proligerum","Barb.Rodr.","ORCHIDACEAE Epidendrum proligerum Barb.Rodr.","367197","GBIF","SP","Catharino, E.L.M.","2746","Native","Ouro","Ouro",,"Estação Ecológica Juréia-Itatins"
"ESTAÇÃO ECOLÓGICA JURÉIA-ITATINS","Angiosperms","Orchidaceae","Epidendrum","puniceoluteum","F.Pinheiro & F.Barros","ORCHIDACEAE Epidendrum puniceoluteum F.Pinheiro & F.Barros","K000878171","GBIF","K","Eiten, G.","6199","Native","Ouro","Bronze",,"5km WSW of city of IGUAPE"
"ESTAÇÃO ECOLÓGICA JURÉIA-ITATINS","Angiosperms","Orchidaceae","Epidendrum","ramosum","Jacq.","ORCHIDACEAE Epidendrum ramosum Jacq.","249194","GBIF","SP","Anunciacao, E.A.","55","Native","Ouro","Ouro",,"Estação Ecológica Juréia-Itatins, Serra da Juréia, trilha da Figueira Grande em direção ao Pocinho do Rio Verde, mata"
"ESTAÇÃO ECOLÓGICA JURÉIA-ITATINS","Angiosperms","Orchidaceae","Epidendrum","rigidum","Jacq.","ORCHIDACEAE Epidendrum rigidum Jacq.","SPSF00011059","Splink","SPSF",,"4522","Native","Ouro","Ouro",,"Estação Ecológica Juréia-Itatins."
"ESTAÇÃO ECOLÓGICA JURÉIA-ITATINS","Angiosperms","Orchidaceae","Epidendrum","secundum","Jacq.","ORCHIDACEAE Epidendrum secundum Jacq.","SPSF00010641","Splink","SPSF",,"541","Native","Ouro","Ouro",,"Reserva Ecológica Juréia-Itatins, Campo do alto do morro próximo à Ponta da Juréia ca. 300m alt."
"ESTAÇÃO ECOLÓGICA JURÉIA-ITATINS","Angiosperms","Orchidaceae","Epidendrum","strobiliferum","Rchb.f.","ORCHIDACEAE Epidendrum strobiliferum Rchb.f.","19840318","GBIF","E","Argent, G.","677","Native","Latão","Bronze",,"Jureia"
"ESTAÇÃO ECOLÓGICA JURÉIA-ITATINS","Angiosperms","Orchidaceae","Erythrodes",,"Blume","ORCHIDACEAE Erythrodes Blume","344284","GBIF","SP","Pinheiro, F.","32",,"Latão","Ouro",,"Estação Ecológica Juréia-Itatins, Núcleo Guarau"
"ESTAÇÃO ECOLÓGICA JURÉIA-ITATINS","Angiosperms","Orchidaceae","Eulophia","alta","(L.) Fawc. & Rendle","ORCHIDACEAE Eulophia alta (L.) Fawc. & Rendle","UB0015925","GBIF","UB","Eiten, G.","6198","Naturalized","Bronze","Bronze","jbrj-public.s3-sa-east-1.amazonaws.com/fsi/server?type=image&source=DZI/ub/ub/0/1/59/25/ub00015925.dzi","5km WSW of city of IGUAPE"
"ESTAÇÃO ECOLÓGICA JURÉIA-ITATINS","Angiosperms","Orchidaceae","Galeandra","beyrichii","Rchb.f.","ORCHIDACEAE Galeandra beyrichii Rchb.f.","244556","GBIF","SP","Catharino, E.L.M.","1362","Native","Ouro","Ouro",,"Estação Ecológica Juréia-Itatins, Proximidades da Serra da Juréia, trilha em direção á foz do Rio Verde"
"ESTAÇÃO ECOLÓGICA JURÉIA-ITATINS","Angiosperms","Orchidaceae","Gomesa","cornigera","(Lindl.) M.W.Chase & N.H.Williams","ORCHIDACEAE Gomesa cornigera (Lindl.) M.W.Chase & N.H.Williams","268726","GBIF","SP","Anunciacao, E.A.","423","Native","Bronze","Ouro",,"Estação Ecológica Juréia-Itatins, Serra da Juréia, praia do Rio Verde, costão Rochoso"
"ESTAÇÃO ECOLÓGICA JURÉIA-ITATINS","Angiosperms","Orchidaceae","Gomesa","flexuosa","(Lodd.) M.W.Chase & N.H.Williams","ORCHIDACEAE Gomesa flexuosa (Lodd.) M.W.Chase & N.H.Williams","19840317","GBIF","E","Argent, G.","676","Native","Latão","Bronze",,"Jureia"
"ESTAÇÃO ECOLÓGICA JURÉIA-ITATINS","Angiosperms","Orchidaceae","Gomesa","ramosa","(Lindl.) M.W.Chase & N.H.Williams","ORCHIDACEAE Gomesa ramosa (Lindl.) M.W.Chase & N.H.Williams","SPSF00024363","Splink","SPSF",,"1577","Native","Ouro","Ouro",,"Estação Ecológica Juréia-Itatins, Alto do morro"
"ESTAÇÃO ECOLÓGICA JURÉIA-ITATINS","Angiosperms","Orchidaceae","Habenaria","josephensis","Barb.Rodr.","ORCHIDACEAE Habenaria josephensis Barb.Rodr.","250023","GBIF","SP","Rossi, L.","911","Native","Ouro","Ouro",,"Estação Ecológica Juréia-Itatins, Alto do morro, próximo ao alojamento"
"ESTAÇÃO ECOLÓGICA JURÉIA-ITATINS","Angiosperms","Orchidaceae","Habenaria","pleiophylla","Hoehne & Schltr.","ORCHIDACEAE Habenaria pleiophylla Hoehne & Schltr.","244632","GBIF","SP","Catharino, E.L.M.","1378","Native","Ouro","Ouro",,"Estação Ecológica Juréia-Itatins, Proximidades do maciço da Juréia, morro á esquerda da bifurcação da trilha no alto da encosta, próxima ao alojamento do IBAMA"
"ESTAÇÃO ECOLÓGICA JURÉIA-ITATINS","Angiosperms","Orchidaceae","Habenaria","repens","Nutt.","ORCHIDACEAE Habenaria repens Nutt.","011443","GBIF","ESA","Souza, V.C.","369","Native","Ouro","Ouro",,"Estação Ecológica de Jureia. Praia de Paranapoan."
"ESTAÇÃO ECOLÓGICA JURÉIA-ITATINS","Angiosperms","Orchidaceae","Houlletia","brocklehurstiana","Lindl.","ORCHIDACEAE Houlletia brocklehurstiana Lindl.","248390","GBIF","SP","Catharino, E.L.M.","1580","Native","Ouro","Ouro",,"Estação Ecológica Juréia-Itatins, Alto do morro"
"ESTAÇÃO ECOLÓGICA JURÉIA-ITATINS","Angiosperms","Orchidaceae","Huntleya","meleagris","Lindl.","ORCHIDACEAE Huntleya meleagris Lindl.","248077","GBIF","SP","Catharino, E.L.M.","1521","Native","Bronze","Ouro",,"Estação Ecológica Juréia-Itatins, Mata sobre restinga, beira da estrada após travessia do Rio Una"
"ESTAÇÃO ECOLÓGICA JURÉIA-ITATINS","Angiosperms","Orchidaceae","Lockhartia","lunifera","(Lindl.) Rchb.f.","ORCHIDACEAE Lockhartia lunifera (Lindl.) Rchb.f.","237657","GBIF","SP","Rossi, L.","556","Native","Ouro","Ouro","https://images.cria.org.br/viewer/SP009909","Reserva Ecológica Juréia-Itatins, Trilha para a Figueira Grande"
"ESTAÇÃO ECOLÓGICA JURÉIA-ITATINS","Angiosperms","Orchidaceae","Maxillaria","brasiliensis","Brieger & Illg","ORCHIDACEAE Maxillaria brasiliensis Brieger & Illg","244608","GBIF","SP","Catharino, E.L.M.","1381","Native","Bronze","Ouro",,"Estação Ecológica Juréia-Itatins, Proximidades do Maciço da Juréia, morro à esquerda da bifurcação da trilha no alto da encosta, próxima ao alojamento do IBAMA"
"ESTAÇÃO ECOLÓGICA JURÉIA-ITATINS","Angiosperms","Orchidaceae","Maxillaria","elluziae","Molinari","ORCHIDACEAE Maxillaria elluziae Molinari","247643","GBIF","SP","Rossi, L.","772","Native","Latão","Ouro",,"Estação Ecológica Juréia-Itatins, Estrada da margem do Rio Una para o Rio Verde"
"ESTAÇÃO ECOLÓGICA JURÉIA-ITATINS","Angiosperms","Orchidaceae","Maxillaria","leucaimata","Barb.Rodr.","ORCHIDACEAE Maxillaria leucaimata Barb.Rodr.","248386","GBIF","SP","Catharino, E.L.M.","1575","Native","Ouro","Ouro",,"Estação Ecológica Juréia-Itatins, Alto do morro"
"ESTAÇÃO ECOLÓGICA JURÉIA-ITATINS","Angiosperms","Orchidaceae","Maxillaria","ochroleuca","Lodd. ex Lindl.","ORCHIDACEAE Maxillaria ochroleuca Lodd. ex Lindl.","367193","GBIF","SP","Catharino, E.L.M.","2742","Native","Bronze","Ouro",,"Estação Ecológica Juréia-Itatins, Trilha para o campo do maciço da Juréia"
"ESTAÇÃO ECOLÓGICA JURÉIA-ITATINS","Angiosperms","Orchidaceae","Maxillaria","parviflora","(Poepp. & Endl.) Garay","ORCHIDACEAE Maxillaria parviflora (Poepp. & Endl.) Garay","SPSF00024369","Splink","SPSF",,"1384","Native","Ouro","Ouro",,"Estação Ecológica Juréia-Itatins, Proximidades do maciço da Juréia, mata no vale entre os dois morros, próximo do alojamento"
"ESTAÇÃO ECOLÓGICA JURÉIA-ITATINS","Angiosperms","Orchidaceae","Maxillaria","picta","Hook.","ORCHIDACEAE Maxillaria picta Hook.","262393","GBIF","SP","Anunciacao, E.A.","256","Native","Bronze","Ouro",,"Estação Ecológica Juréia-Itatins, Trilha para o morrinho"
"ESTAÇÃO ECOLÓGICA JURÉIA-ITATINS","Angiosperms","Orchidaceae","Microchilus","arietinus","(Rchb.f. & Warm.) Ormerod","ORCHIDACEAE Microchilus arietinus (Rchb.f. & Warm.) Ormerod","218925","GBIF","SP","Kirizawa, M.","1946","Native","Ouro","Ouro",,"Estação Ecológica Juréia-Itatins"
"ESTAÇÃO ECOLÓGICA JURÉIA-ITATINS","Angiosperms","Orchidaceae","Octomeria","crassifolia","Lindl.","ORCHIDACEAE Octomeria crassifolia Lindl.","SPSF00024367","Splink","SPSF",,"1502","Native","Ouro","Ouro",,"Estação Ecológica Juréia-Itatins."
"ESTAÇÃO ECOLÓGICA JURÉIA-ITATINS","Angiosperms","Orchidaceae","Octomeria","diaphana","Lindl.","ORCHIDACEAE Octomeria diaphana Lindl.","272523","GBIF","SP","Melo, M.M.R.F.","1090","Native","Ouro","Ouro",,"Estação Ecológica Juréia-Itatins, Trilha do Morro Fernando"
"ESTAÇÃO ECOLÓGICA JURÉIA-ITATINS","Angiosperms","Orchidaceae","Octomeria","gracilis","Lodd. ex Lindl.","ORCHIDACEAE Octomeria gracilis Lodd. ex Lindl.","254667","GBIF","SP","Pereira, D.F.","185","Native","Ouro","Ouro",,"Estação Ecológica Juréia-Itatins, Maciço da Juréia, alto do morro, próximo ao alojamento"
"ESTAÇÃO ECOLÓGICA JURÉIA-ITATINS","Angiosperms","Orchidaceae","Octomeria","grandiflora","Lindl.","ORCHIDACEAE Octomeria grandiflora Lindl.","SPSF00024359","Splink","SPSF",,"61","Native","Ouro","Ouro",,"Estação Ecológica Juréia-Itatins, Serra da Juréia, mata de planície perto do Rio Verde"
"ESTAÇÃO ECOLÓGICA JURÉIA-ITATINS","Angiosperms","Orchidaceae","Octomeria","linearifolia","Barb.Rodr.","ORCHIDACEAE Octomeria linearifolia Barb.Rodr.","307041","GBIF","SP","Queiroz, L.P.","4525","Native","Ouro","Ouro",,"Estação Ecológica Juréia-Itatins."
"ESTAÇÃO ECOLÓGICA JURÉIA-ITATINS","Angiosperms","Orchidaceae","Octomeria","tricolor","Rchb.f.","ORCHIDACEAE Octomeria tricolor Rchb.f.","237653","GBIF","SP","Cordeiro, I.","534","Native","Ouro","Ouro",,"Estação Ecológica Juréia-Itatins, Trilha em direção ao pocinho"
"ESTAÇÃO ECOLÓGICA JURÉIA-ITATINS","Angiosperms","Orchidaceae","Octomeria","warmingii","Rchb.f.","ORCHIDACEAE Octomeria warmingii Rchb.f.","307049","GBIF","SP","Queiroz, L.P.","4524","Native","Ouro","Ouro",,"Estação Ecológica Juréia-Itatins."
"ESTAÇÃO ECOLÓGICA JURÉIA-ITATINS","Angiosperms","Orchidaceae","Oncidium",,"Sw.","ORCHIDACEAE Oncidium Sw.","19840312","GBIF","E","Argent, G.","671",,"Latão","Bronze",,"Jureia"
"ESTAÇÃO ECOLÓGICA JURÉIA-ITATINS","Angiosperms","Orchidaceae","Pabstiella","fusca","(Lindl.) Chiron & Xim.Bols.","ORCHIDACEAE Pabstiella fusca (Lindl.) Chiron & Xim.Bols.","244600","GBIF","SP","Catharino, E.L.M.","1388","Native","Bronze","Ouro",,"Estação Ecológica Juréia-Itatins, Proximidades do maciço da Juréia, mata de encosta do morro á esquerdqa na bifurcação de trilha próxima ao alojamento, ca. 300m alt."
"ESTAÇÃO ECOLÓGICA JURÉIA-ITATINS","Angiosperms","Orchidaceae","Pabstiella","trifida","(Lindl.) Luer","ORCHIDACEAE Pabstiella trifida (Lindl.) Luer","272272","GBIF","SP","Anunciacao, E.A.","505","Native","Bronze","Ouro",,"Estação Ecológica Juréia-Itatins, Serra dos Itatins, picada entre o alojamento do Núcleo Despraiado e o alto da Serra, mata de encosta bem preservada"
"ESTAÇÃO ECOLÓGICA JURÉIA-ITATINS","Angiosperms","Orchidaceae","Pabstiella","uniflora","(Lindl.) Luer","ORCHIDACEAE Pabstiella uniflora (Lindl.) Luer","244353","GBIF","SP","Catharino, E.L.M.","1339","Native","Bronze","Ouro",,"Estação Ecológica Juréia-Itatins, Proximidades da Serra da Juréia, trilha da Figueira"
"ESTAÇÃO ECOLÓGICA JURÉIA-ITATINS","Angiosperms","Orchidaceae","Paradisanthus","bahiensis","(Rchb.f.) Meneguzzo","ORCHIDACEAE Paradisanthus bahiensis subsp. micranthus (Rchb.f.) Meneguzzo","245454","GBIF","SP","Rossi, L.","663","Native","Bronze","Ouro",,"Reserva Ecológica Juréia-Itatins, Trilha para o alto do morro próximo ao alojamento, mata de encosta"
"ESTAÇÃO ECOLÓGICA JURÉIA-ITATINS","Angiosperms","Orchidaceae","Pelexia","novofriburgensis","(Rchb.f.) Garay","ORCHIDACEAE Pelexia novofriburgensis (Rchb.f.) Garay","287822","GBIF","SP","Nicolau, S.A.","866","Native","Ouro","Ouro",,"Estação Ecológica Juréia-Itatins, Trilha do Imperador"
"ESTAÇÃO ECOLÓGICA JURÉIA-ITATINS","Angiosperms","Orchidaceae","Phymatidium","falcifolium","Lindl.","ORCHIDACEAE Phymatidium falcifolium Lindl.","272229","GBIF","SP","Melo, M.M.R.F.","1054","Native","Bronze","Ouro",,"Estação Ecológica Juréia-Itatins, Mata de planície ás margens do Rio Verde, próximo ao alojamento da S.M.A."
"ESTAÇÃO ECOLÓGICA JURÉIA-ITATINS","Angiosperms","Orchidaceae","Pleurothallis",,"R.Br.","ORCHIDACEAE Pleurothallis R.Br.","24620","GBIF","HUEFS","Queiroz, L.P.","4523",,"Ouro","Ouro",,"Estação Ecológica Juréia-Itatins."
"ESTAÇÃO ECOLÓGICA JURÉIA-ITATINS","Angiosperms","Orchidaceae","Pogoniopsis","schenckii","Cogn.","ORCHIDACEAE Pogoniopsis schenckii Cogn.","205046","GBIF","UEC","Alves, M.F.","1","Native","Bronze","Bronze","https://images.cria.org.br/viewer/UEC182785","Terreno com resquício de vegetação natural, próximo a rodovia"
"ESTAÇÃO ECOLÓGICA JURÉIA-ITATINS","Angiosperms","Orchidaceae","Polystachya","concreta","(Jacq.) Garay & Sweet","ORCHIDACEAE Polystachya concreta (Jacq.) Garay & Sweet","247699","GBIF","SP","Cordeiro, I.","817","Native","Latão","Ouro",,"Estação Ecológica Juréia-Itatins, Serra da Juréia, campo próximo ao alojamento"
"ESTAÇÃO ECOLÓGICA JURÉIA-ITATINS","Angiosperms","Orchidaceae","Prescottia","oligantha","(Sw.) Lindl.","ORCHIDACEAE Prescottia oligantha (Sw.) Lindl.","298937","GBIF","SP","Queiroz, L.P.","4496","Native","Ouro","Ouro",,"Estação Ecológica Juréia-Itatins, Trilha do Imperador"
"ESTAÇÃO ECOLÓGICA JURÉIA-ITATINS","Angiosperms","Orchidaceae","Prosthechea","aemula","(Lindl.) W.E.Higgins","ORCHIDACEAE Prosthechea aemula (Lindl.) W.E.Higgins","247664","GBIF","SP","Rossi, L.","810","Native","Bronze","Ouro",,"Estação Ecológica Juréia-Itatins, Trilha para o Pocinho, mata á margem do rio"
"ESTAÇÃO ECOLÓGICA JURÉIA-ITATINS","Angiosperms","Orchidaceae","Prosthechea","glumacea","(Lindl.) W.E.Higgins","ORCHIDACEAE Prosthechea glumacea (Lindl.) W.E.Higgins","248384","GBIF","SP","Catharino, E.L.M.","1576","Native","Bronze","Ouro",,"Estação Ecológica Juréia-Itatins, Alto do morro"
"ESTAÇÃO ECOLÓGICA JURÉIA-ITATINS","Angiosperms","Orchidaceae","Prosthechea","pachysepala","(Klotzsch) Chiron & V.P.Castro","ORCHIDACEAE Prosthechea pachysepala (Klotzsch) Chiron & V.P.Castro","268753","GBIF","SP","Anunciacao, E.A.","450","Native","Bronze","Ouro",,"Estação Ecológica Juréia-Itatins, Serra da Juréia, Capão no alto do morrinho"
"ESTAÇÃO ECOLÓGICA JURÉIA-ITATINS","Angiosperms","Orchidaceae","Prosthechea","vespa","(Vell.) W.E.Higgins","ORCHIDACEAE Prosthechea vespa (Vell.) W.E.Higgins","19840309","GBIF","E","Argent, G.","668","Native","Latão","Bronze",,"Jureia"
"ESTAÇÃO ECOLÓGICA JURÉIA-ITATINS","Angiosperms","Orchidaceae","Rodriguezia",,"Ruiz & Pav.","ORCHIDACEAE Rodriguezia Ruiz & Pav.","145689","GBIF","UEC","Koch, I.","930",,"Latão","Ouro","https://images.cria.org.br/viewer/UEC027153","Estação Ecológica Juréia-Itatins."
"ESTAÇÃO ECOLÓGICA JURÉIA-ITATINS","Angiosperms","Orchidaceae","Sarcoglottis","metallica","(Rolfe) Schltr.","ORCHIDACEAE Sarcoglottis metallica (Rolfe) Schltr.","344010","GBIF","SP","Oliveira, R.J.","16","Native","Latão","Ouro",,"Estação Ecológica Juréia-Itatins, Núcleo Arpoador-Guarauzinho, floresta atlântica de encosta"
"ESTAÇÃO ECOLÓGICA JURÉIA-ITATINS","Angiosperms","Orchidaceae","Scaphyglottis","modesta","(Rchb.f.) Schltr.","ORCHIDACEAE Scaphyglottis modesta (Rchb.f.) Schltr.","268763","GBIF","SP","Anunciacao, E.A.","460","Native","Bronze","Ouro",,"Estação Ecológica Juréia-Itatins, Serra da Juréia, mata de planície"
"ESTAÇÃO ECOLÓGICA JURÉIA-ITATINS","Angiosperms","Orchidaceae","Specklinia","marginalis","(Rchb.f.) F.Barros","ORCHIDACEAE Specklinia marginalis (Rchb.f.) F.Barros","293441","GBIF","SP","Cordeiro, I.","1600","Native","Ouro","Ouro",,"Estação Ecológica Juréia-Itatins, Serra da Juréia, área próxima a trilha para o campo no alto da Serra da Juréia"
"ESTAÇÃO ECOLÓGICA JURÉIA-ITATINS","Angiosperms","Orchidaceae","Stelis","grandiflora","Lindl.","ORCHIDACEAE Stelis grandiflora Lindl.","248079","GBIF","SP","Catharino, E.L.M.","1514","Native","Ouro","Ouro",,"Estação Ecológica Juréia-Itatins, Mata sobre restinga, beira da estrada após travessia do Rio Una"
"ESTAÇÃO ECOLÓGICA JURÉIA-ITATINS","Angiosperms","Orchidaceae","Stelis","intermedia","Poepp. & Endl.","ORCHIDACEAE Stelis intermedia Poepp. & Endl.","246970","GBIF","SP","Cordeiro, I.","718","Native","Ouro","Ouro",,"Estação Ecológica Juréia-Itatins, Serra da Juréia, trilha da Figueira, mata de encosta"
"ESTAÇÃO ECOLÓGICA JURÉIA-ITATINS","Angiosperms","Orchidaceae","Vanilla","chamissonis","Klotzsch","ORCHIDACEAE Vanilla chamissonis Klotzsch","293430","GBIF","SP","Cordeiro, I.","1595","Native","Bronze","Ouro","https://images.cria.org.br/viewer/SP117964","Estação Ecológica Juréia-Itatins, Estrada entre o rio Una do Prelado e o Rio Verde, 18 km do rio Una, restinga junto à desembocadura do rio Verde"
"ESTAÇÃO ECOLÓGICA JURÉIA-ITATINS","Angiosperms","Orchidaceae","Vanilla","parvifolia","Barb.Rodr.","ORCHIDACEAE Vanilla parvifolia Barb.Rodr.","272077","GBIF","SP","Anunciacao, E.A.","538","Native","Bronze","Ouro","https://images.cria.org.br/viewer/SP117909","Estação Ecológica Juréia-Itatins, Serra do Itatins, mata alta bem preservada, com dossel irregular"
"ESTAÇÃO ECOLÓGICA JURÉIA-ITATINS","Angiosperms","Orchidaceae","Vanilla","verrucosa","Hauman","ORCHIDACEAE Vanilla verrucosa Hauman","251775","GBIF","SP","Mamede, M.C.H.","486","Native","Bronze","Ouro","https://images.cria.org.br/viewer/SP117956","Estação Ecológica Juréia-Itatins, Caminho do Imperador em direção à praia da Juréia"
"ESTAÇÃO ECOLÓGICA JURÉIA-ITATINS","Angiosperms","Orchidaceae","Wullschlaegelia","aphylla","(Sw.) Rchb.f.","ORCHIDACEAE Wullschlaegelia aphylla (Sw.) Rchb.f.","U.1468853","GBIF","Botany","Mamede, M.C.H.","Mamede, MCH; et al. 388","Native","Bronze","Ouro",,"Estação Ecológica Juréia-Itatins, Trilha para Figueira Grande"
"ESTAÇÃO ECOLÓGICA JURÉIA-ITATINS","Angiosperms","Orchidaceae","Xylobium","colleyi","(Batem. ex Lindl.) Rolfe","ORCHIDACEAE Xylobium colleyi (Batem. ex Lindl.) Rolfe","244354","GBIF","SP","Catharino, E.L.M.","1340","Native","Ouro","Ouro",,"Estação Ecológica Juréia-Itatins, Proximidades da Serra da Juréia, trilha da Figueira"
"ESTAÇÃO ECOLÓGICA JURÉIA-ITATINS","Angiosperms","Orchidaceae","Xylobium","variegatum","(Ruiz & Pav.) Garay & Dunst.","ORCHIDACEAE Xylobium variegatum (Ruiz & Pav.) Garay & Dunst.","244355","GBIF","SP","Catharino, E.L.M.","1341","Cultivated","Ouro","Ouro",,"Estação Ecológica Juréia-Itatins, Proximidades da Serra da Juréia, trilha da Figueira"
"ESTAÇÃO ECOLÓGICA JURÉIA-ITATINS","Angiosperms","Orchidaceae","Zygopetalum","maculatum","(Kunth) Garay","ORCHIDACEAE Zygopetalum maculatum (Kunth) Garay","262826","GBIF","SP","Anunciacao, E.A.","340","Native","Bronze","Ouro",,"Estação Ecológica Juréia-Itatins, Serra da Juréia, alto do maciço da Juréia"
"ESTAÇÃO ECOLÓGICA JURÉIA-ITATINS","Angiosperms","Orchidaceae","Zygostates","cornuta","Lindl.","ORCHIDACEAE Zygostates cornuta Lindl.","247835","GBIF","SP","Nicolau, S.A.","52","Native","Bronze","Ouro",,"Estação Ecológica Juréia-Itatins, Serra da Juréia, mata de planície perto do Rio Verde"
"ESTAÇÃO ECOLÓGICA JURÉIA-ITATINS",,"Orthotrichaceae","Macromitrium","viticulosum","(Raddi) Brid.","ORTHOTRICHACEAE Macromitrium viticulosum (Raddi) Brid.","223348","GBIF","SP-BRYOPHYTA","Yano, O.","11935",,"Latão","Bronze",,"Barra do Ribeira"
"ESTAÇÃO ECOLÓGICA JURÉIA-ITATINS",,"Orthotrichaceae","Schlotheimia","elata","Mitt.","ORTHOTRICHACEAE Schlotheimia elata Mitt.","HUFABC001574","Splink","HUFABC",,"10538",,"Bronze","Bronze",,"Ilha Comprida"
"ESTAÇÃO ECOLÓGICA JURÉIA-ITATINS",,"Orthotrichaceae","Schlotheimia","jamesonii","(Arn.) Brid.","ORTHOTRICHACEAE Schlotheimia jamesonii (Arn.) Brid.","4731","GBIF","HUSC","Paixao, R.C.","2",,"Bronze","Bronze",,"Trilha do Costão."
"ESTAÇÃO ECOLÓGICA JURÉIA-ITATINS",,"Orthotrichaceae","Schlotheimia","rugifolia","(Hook.) Schwägr.","ORTHOTRICHACEAE Schlotheimia rugifolia (Hook.) Schwägr.","329","GBIF","HUSC","Mello, Z.R.","328",,"Bronze","Bronze",,"Estação Ecológica de Juréia- Guaraú."
"ESTAÇÃO ECOLÓGICA JURÉIA-ITATINS",,"Orthotrichaceae","Schlotheimia","tecta","Hook. & Wilson","ORTHOTRICHACEAE Schlotheimia tecta Hook. & Wilson","90229668","Splink","MO-DUPLICATES",,"15540",,"Bronze","Ouro",,"Peruibe, Estacao Ecologica da Jureia."
"ESTAÇÃO ECOLÓGICA JURÉIA-ITATINS","Angiosperms","Oxalidaceae","Oxalis","cytisoides","Mart. ex Zucc.","OXALIDACEAE Oxalis cytisoides Mart. ex Zucc.","345411","GBIF","SP","Cordeiro, I.","1984","Native","Ouro","Ouro",,"Estação Ecológica Juréia-Itatins, Núcleo Guarau, base do morro do Fernando"
"ESTAÇÃO ECOLÓGICA JURÉIA-ITATINS",,"Pallaviciniaceae","Symphyogyna","brasiliensis","Nees","PALLAVICINIACEAE Symphyogyna brasiliensis Nees","372","GBIF","HUSC","Mello, Z.R.","371",,"Bronze","Bronze",,"Estação Ecológica de Juréia- Guaraú."
"ESTAÇÃO ECOLÓGICA JURÉIA-ITATINS","Angiosperms","Passifloraceae","Passiflora","alata","Curtis","PASSIFLORACEAE Passiflora alata Curtis","329634","GBIF","SP","Favero, O.A.","677","Native","Latão","Ouro",,"Estação Ecológica Juréia-Itatins"
"ESTAÇÃO ECOLÓGICA JURÉIA-ITATINS","Angiosperms","Passifloraceae","Passiflora","edulis","Sims","PASSIFLORACEAE Passiflora edulis Sims","329439","GBIF","SP","Favero, O.A.","279","Native","Latão","Ouro",,"Estação Ecológica Juréia-Itatins, Cachoeira do Guilherme"
"ESTAÇÃO ECOLÓGICA JURÉIA-ITATINS","Angiosperms","Passifloraceae","Passiflora","mediterranea","Vell.","PASSIFLORACEAE Passiflora mediterranea Vell.","46659","GBIF","SPF","Cordeiro, I.","s.n.","Native","Prata","Ouro","https://images.cria.org.br/viewer/SPF00046659","Estação Ecológica Juréia-Itatins"
"ESTAÇÃO ECOLÓGICA JURÉIA-ITATINS","Angiosperms","Passifloraceae","Passiflora","mendoncaei","Harms","PASSIFLORACEAE Passiflora mendoncaei Harms","318822","GBIF","SP","Nicolau, S.A.","1477","Native","Bronze","Ouro",,"Estação Ecológica Juréia-Itatins, Serra da Juréia, trilha do Imperador"
"ESTAÇÃO ECOLÓGICA JURÉIA-ITATINS","Angiosperms","Passifloraceae","Passiflora","porophylla","Vell.","PASSIFLORACEAE Passiflora porophylla Vell.","100512653","Splink","MO-DUPLICATES",,"266","Native","Ouro","Ouro",,"Reserva Ecológica Juréia-Itatins, Caminho do Imperador, praia do Rio Verde, em direção ao Rio Una, restinga alta"
"ESTAÇÃO ECOLÓGICA JURÉIA-ITATINS","Angiosperms","Passifloraceae","Passiflora","watsoniana","Mast.","PASSIFLORACEAE Passiflora watsoniana Mast.","247890","GBIF","SP","Silva, S.J.G.","175","Native","Latão","Ouro",,"Estação Ecológica Juréia-Itatins, Serra da Juréia, Trilha do Imperador, próximo à Cachoeira do Senhor"
"ESTAÇÃO ECOLÓGICA JURÉIA-ITATINS","Angiosperms","Pentaphylacaceae","Ternstroemia","brasiliensis","Cambess.","PENTAPHYLACACEAE Ternstroemia brasiliensis Cambess.","SPSF00054549","Splink","SPSF",,"8823","Native","Prata","Ouro",,"Formação Pioneira de Influência Marinha Arbustiva (escrube de restinga). Estação Ecológica Jureia-Itatins. Praia da base do Rio Verde."
"ESTAÇÃO ECOLÓGICA JURÉIA-ITATINS","Angiosperms","Peraceae","Pera","glabrata","(Schott) Baill.","PERACEAE Pera glabrata (Schott) Baill.","269431","GBIF","SP","Sugiyama, M.","1165","Native","Ouro","Ouro","https://images.cria.org.br/viewer/SP0269431","Estação Ecológica Juréia-Itatins, Serra da Juréia. Morrinho"
"ESTAÇÃO ECOLÓGICA JURÉIA-ITATINS","Angiosperms","Phyllanthaceae","Hieronyma","alchorneoides","Allemão","PHYLLANTHACEAE Hieronyma alchorneoides Allemão","SPSF00024060","Splink","SPSF",,"788","Native","Ouro","Ouro",,"Estação Ecológica Juréia-Itatins, Serra da Juréia. Trilha para a Cachoeira do Salto, mata da planície."
"ESTAÇÃO ECOLÓGICA JURÉIA-ITATINS","Angiosperms","Phyllanthaceae","Margaritaria","nobilis","L.f.","PHYLLANTHACEAE Margaritaria nobilis L.f.","309344","GBIF","SP","Melo, M.M.R.F.","1137","Native","Latão","Ouro","https://images.cria.org.br/viewer/SP0309344","Estação Ecológica Juréia-Itatins, às margens do Rio Verde, próximo ao alojamento da S.M.A."
"ESTAÇÃO ECOLÓGICA JURÉIA-ITATINS","Angiosperms","Phyllanthaceae","Phyllanthus","cladotrichus","Müll.Arg.","PHYLLANTHACEAE Phyllanthus cladotrichus Müll.Arg.","SPSF00024104","Splink","SPSF",,"1096","Native","Ouro","Ouro",,"Estação Ecológica Juréia-Itatins."
"ESTAÇÃO ECOLÓGICA JURÉIA-ITATINS","Angiosperms","Phyllanthaceae","Phyllanthus","claussenii","Müll.Arg.","PHYLLANTHACEAE Phyllanthus claussenii Müll.Arg.","SPSF00024098","Splink","SPSF",,"524","Native","Ouro","Ouro",,"Estação Ecológica Juréia-Itatins, Trilha do alojamento para o alto do Morro próximo à ponta da Juréia. Mata. Sobre paredão rochoso, entre musgo."
"ESTAÇÃO ECOLÓGICA JURÉIA-ITATINS","Angiosperms","Phyllanthaceae","Phyllanthus","glaziovii","Müll.Arg.","PHYLLANTHACEAE Phyllanthus glaziovii Müll.Arg.","272074","GBIF","SP","Anunciacao, E.A.","526","Native","Ouro","Ouro",,"Estação Ecológica Juréia-Itatins, Alto da Serra dos Itatins, mata alta bem preservada, com dossel irregular"
"ESTAÇÃO ECOLÓGICA JURÉIA-ITATINS","Angiosperms","Phyllanthaceae","Phyllanthus","niruri","L.","PHYLLANTHACEAE Phyllanthus niruri L.","309111","GBIF","SP","Favero, O.A.","627","Native","Latão","Ouro","https://images.cria.org.br/viewer/SP0309111","Estação Ecológica Juréia-Itatins, No quintal do Sr. Dito Gardino, na praia do Una"
"ESTAÇÃO ECOLÓGICA JURÉIA-ITATINS","Angiosperms","Phyllanthaceae","Phyllanthus","tenellus","Roxb.","PHYLLANTHACEAE Phyllanthus tenellus Roxb.","370004","GBIF","SP","Hashimoto, G.","1849","Native","Ouro","Prata","https://images.cria.org.br/viewer/SP0370004","Serra da Juréia"
"ESTAÇÃO ECOLÓGICA JURÉIA-ITATINS","Angiosperms","Phyllanthaceae","Phyllanthus","umbratus","Müll.Arg.","PHYLLANTHACEAE Phyllanthus umbratus Müll.Arg.","SPSF00024103","Splink","SPSF",,"20","Native","Ouro","Ouro",,"Reserva Ecológica Juréia-Itatins, Trilha da Figueira, pouco acima do Pocinho, beira do Rio Verde."
"ESTAÇÃO ECOLÓGICA JURÉIA-ITATINS","Angiosperms","Phyllanthaceae","Richeria","grandis","Vahl","PHYLLANTHACEAE Richeria grandis Vahl","124800","Splink","ICN",,"7499a","Native","Bronze","Ouro",,"Estação Ecológica da Juréia"
"ESTAÇÃO ECOLÓGICA JURÉIA-ITATINS",,"Phyllogoniaceae","Phyllogonium","viride","Brid.","PHYLLOGONIACEAE Phyllogonium viride Brid.","374","GBIF","HUSC","Mello, Z.R.","373",,"Bronze","Bronze",,"Estação Ecológica de Juréia- Guaraú."
"ESTAÇÃO ECOLÓGICA JURÉIA-ITATINS","Angiosperms","Phytolaccaceae","Petiveria","alliacea","L.","PHYTOLACCACEAE Petiveria alliacea L.","329635","GBIF","SP","Favero, O.A.","800","Naturalized","Latão","Ouro",,"Estação Ecológica Juréia-Itatins"
"ESTAÇÃO ECOLÓGICA JURÉIA-ITATINS","Angiosperms","Phytolaccaceae","Phytolacca","thyrsiflora","Fenzl. ex J.A.Schmidt","PHYTOLACCACEAE Phytolacca thyrsiflora Fenzl. ex J.A.Schmidt","MBM153579","Splink","MBM",,"7327","Native","Prata","Ouro",,"Estação Ecológica da Juréia."
"ESTAÇÃO ECOLÓGICA JURÉIA-ITATINS","Angiosperms","Picramniaceae","Picramnia","ramiflora","Planch.","PICRAMNIACEAE Picramnia ramiflora Planch.","SPSF00024984","Splink","SPSF",,"921","Native","Ouro","Ouro",,"Estação Ecológica Juréia-Itatins, Proximidades do alojamento, trilha para o caminho do Imperador"
"ESTAÇÃO ECOLÓGICA JURÉIA-ITATINS","Angiosperms","Piperaceae","Peperomia","arifolia","Miq.","PIPERACEAE Peperomia arifolia Miq.","RB00273122","GBIF","RB","Rossi, L.","686","Native","Ouro","Ouro","jbrj-public-img.s3-sa-east-1.amazonaws.com/JPG/rb/0/27/31/22/00273122.jpg","Reserva Ecológica Juréia-Itatins, Trilha do Imperador"
"ESTAÇÃO ECOLÓGICA JURÉIA-ITATINS","Angiosperms","Piperaceae","Peperomia","corcovadensis","Gardner","PIPERACEAE Peperomia corcovadensis Gardner","249639","GBIF","SP","Carvalhaes, M.A.","56","Native","Ouro","Ouro",,"Estação Ecológica Juréia-Itatins, Serra da Juréia, margens do Rio Verde"
"ESTAÇÃO ECOLÓGICA JURÉIA-ITATINS","Angiosperms","Piperaceae","Peperomia","nitida","Dahlst.","PIPERACEAE Peperomia nitida Dahlst.","272199","GBIF","SP","Nicolau, S.A.","621","Native","Ouro","Ouro",,"Estação Ecológica Juréia-Itatins, Praia do Rio Verde"
"ESTAÇÃO ECOLÓGICA JURÉIA-ITATINS","Angiosperms","Piperaceae","Peperomia","obtusifolia","(L.) A.Dietr.","PIPERACEAE Peperomia obtusifolia (L.) A.Dietr.","254655","GBIF","SP","Lohmann, C.E.O.","36","Native","Ouro","Ouro",,"Estação Ecológica Juréia-Itatins, Trilha para a Figueira"
"ESTAÇÃO ECOLÓGICA JURÉIA-ITATINS","Angiosperms","Piperaceae","Peperomia","pereskiaefolia","(Jacq.) Kunth","PIPERACEAE Peperomia pereskiaefolia (Jacq.) Kunth","RB00275650","GBIF","RB","Souza, V.C.","549","Native","Latão","Ouro","jbrj-public-img.s3-sa-east-1.amazonaws.com/JPG/rb/0/27/56/50/00275650.jpg","ESTAÇÃO ECOLÓGICA DA JURÉIA. BARRA DO UNA. SOBRE ROCHAS. Estação Ecológica da Juréia"
"ESTAÇÃO ECOLÓGICA JURÉIA-ITATINS","Angiosperms","Piperaceae","Peperomia","pseudoestrellensis","C.DC.","PIPERACEAE Peperomia pseudoestrellensis C.DC.","275301","GBIF","SP","Melo, M.M.R.F.","1073","Native","Ouro","Ouro",,"Estação Ecológica Juréia-Itatins, Guarauzinho, restinga da Praia do Arpoador, restinga arbustivo arbórea"
"ESTAÇÃO ECOLÓGICA JURÉIA-ITATINS","Angiosperms","Piperaceae","Peperomia","rubricaulis","(Nees) A.Dietr.","PIPERACEAE Peperomia rubricaulis (Nees) A.Dietr.","SPSF00025488","Splink","SPSF",,"1170","Native","Ouro","Ouro",,"Estação Ecológica Juréia-Itatins, Serra da Juréia, trilha da Figueira"
"ESTAÇÃO ECOLÓGICA JURÉIA-ITATINS","Angiosperms","Piperaceae","Peperomia","urocarpa","Fisch. & C.A.Mey.","PIPERACEAE Peperomia urocarpa Fisch. & C.A.Mey.","249095","GBIF","SP","Kawall, M.A.","64","Native","Ouro","Ouro",,"Estação Ecológica Juréia-Itatins, Caminho do Imperador"
"ESTAÇÃO ECOLÓGICA JURÉIA-ITATINS","Angiosperms","Piperaceae","Piper","aduncum","L.","PIPERACEAE Piper aduncum L.","RB01179769","GBIF","RB","Vinicius, C.","495","Native","Ouro","Ouro","jbrj-public-img.s3-sa-east-1.amazonaws.com/JPG/rb/1/17/97/69/01179769.jpg","Estação ecológica da Juréia. Praia do Arpoador."
"ESTAÇÃO ECOLÓGICA JURÉIA-ITATINS","Angiosperms","Piperaceae","Piper","arboreum","Aubl.","PIPERACEAE Piper arboreum var. arboreum Aubl.","SPSF00025512","Splink","SPSF",,"484","Native","Ouro","Ouro",,"Estação Ecológica Juréia-Itatins, Serra da Juréia, praia do Una, área de restinga entre os rios Verde e Una, do prelado, mata pluvial de planície"
"ESTAÇÃO ECOLÓGICA JURÉIA-ITATINS","Angiosperms","Piperaceae","Piper","caldense","C.DC.","PIPERACEAE Piper caldense C.DC.","53947","GBIF","SPSF","Moura, C.","485","Native","Bronze","Ouro",,"Estação Ecológica Juréia-Itatins"
"ESTAÇÃO ECOLÓGICA JURÉIA-ITATINS","Angiosperms","Piperaceae","Piper","cernuum","Vell.","PIPERACEAE Piper cernuum Vell.","277203","GBIF","SP","Cordeiro, I.","1518","Native","Ouro","Ouro",,"Estação Ecológica Juréia-Itatins, Trilha através do Morro do Arpoador"
"ESTAÇÃO ECOLÓGICA JURÉIA-ITATINS","Angiosperms","Piperaceae","Piper","chimonanthifolium","Kunth","PIPERACEAE Piper chimonanthifolium Kunth","199321","GBIF","UB","Mamede, M.C.H.","246","Native","Ouro","Ouro",,"Estação Ecológica Juréia-Itatins, caminho do Imperador em direção a praia de Juréia."
"ESTAÇÃO ECOLÓGICA JURÉIA-ITATINS","Angiosperms","Piperaceae","Piper","diospyrifolium","Kunth","PIPERACEAE Piper diospyrifolium Kunth","RB00299074","GBIF","RB","Anunciacao, E.A.","274","Native","Ouro","Ouro","jbrj-public-img.s3-sa-east-1.amazonaws.com/JPG/rb/0/29/90/74/00299074.jpg","Estação Ecológica Juréia-Itatins, Trilha da Figueira Grande"
"ESTAÇÃO ECOLÓGICA JURÉIA-ITATINS","Angiosperms","Piperaceae","Piper","fluminense","Raddi","PIPERACEAE Piper fluminense Raddi","45034","GBIF","SPSF","Moura, C.","382","Native","Bronze","Bronze",,"Serra de Peruíbe"
"ESTAÇÃO ECOLÓGICA JURÉIA-ITATINS","Angiosperms","Piperaceae","Piper","gaudichaudianum","Kunth","PIPERACEAE Piper gaudichaudianum Kunth","44510","GBIF","SPSF","Moura, C.","356","Native","Ouro","Ouro",,"Estação Ecológica Juréia-Itatins."
"ESTAÇÃO ECOLÓGICA JURÉIA-ITATINS","Angiosperms","Piperaceae","Piper","hispidum","Sw.","PIPERACEAE Piper hispidum Sw.","SPSF00025482","Splink","SPSF",,"167","Native","Ouro","Ouro",,"Estação Ecológica Juréia-Itatins, Serra da Juréia, trilha do Imperador"
"ESTAÇÃO ECOLÓGICA JURÉIA-ITATINS","Angiosperms","Piperaceae","Piper","mollicomum","Kunth","PIPERACEAE Piper mollicomum Kunth","RB00301611","GBIF","RB","Rossi, L.","747","Native","Ouro","Ouro","jbrj-public-img.s3-sa-east-1.amazonaws.com/JPG/rb/0/30/16/11/00301611.jpg","Estação Ecológica Juréia-Itatins, Barra do Una"
"ESTAÇÃO ECOLÓGICA JURÉIA-ITATINS","Angiosperms","Piperaceae","Piper","mosenii","C.DC.","PIPERACEAE Piper mosenii C.DC.","SPSF00025411","Splink","SPSF",,"1521","Native","Ouro","Ouro",,"Estação Ecológica Juréia-Itatins."
"ESTAÇÃO ECOLÓGICA JURÉIA-ITATINS","Angiosperms","Piperaceae","Piper","richardiifolium","Kunth","PIPERACEAE Piper richardiifolium Kunth","272191","GBIF","SP","Nicolau, S.A.","613","Native","Bronze","Ouro",,"Estação Ecológica Juréia-Itatins, Trilha da Figueira, mata de encosta"
"ESTAÇÃO ECOLÓGICA JURÉIA-ITATINS","Angiosperms","Piperaceae","Piper","rivinoides","Kunth","PIPERACEAE Piper rivinoides Kunth","106007","Splink","ICN",,"7318","Native","Ouro","Ouro",,"Estação Ecológica da Juréia"
"ESTAÇÃO ECOLÓGICA JURÉIA-ITATINS","Angiosperms","Piperaceae","Piper","sebastianum","Yunck.","PIPERACEAE Piper sebastianum Yunck.","SPSF00025494","Splink","SPSF",,"1061","Native","Ouro","Ouro",,"Estação Ecológica Juréia-Itatins, Trilha para o pocinho"
"ESTAÇÃO ECOLÓGICA JURÉIA-ITATINS","Angiosperms","Piperaceae","Piper","setebarraense","E.F.Guim. & L.H.P.Costa","PIPERACEAE Piper setebarraense E.F.Guim. & L.H.P.Costa","SPSF00025493","Splink","SPSF",,"1361","Native","Ouro","Ouro",,"Estação Ecológica Juréia-Itatins, Mata de planície na margem esquerda do Rio Verde, na altura do alojamento"
"ESTAÇÃO ECOLÓGICA JURÉIA-ITATINS","Angiosperms","Piperaceae","Piper","umbellatum","L.","PIPERACEAE Piper umbellatum L.","329647","GBIF","SP","Favero, O.A.","150","Native","Prata","Ouro",,"Estação Ecológica Juréia-Itatins, Cachoeira do Guilherme, em frente à casa do Sr. Sátiro"
"ESTAÇÃO ECOLÓGICA JURÉIA-ITATINS",,"Plagiochilaceae","Plagiochila","corrugata","(Nees) Nees & Mont.","PLAGIOCHILACEAE Plagiochila corrugata (Nees) Nees & Mont.","4734","GBIF","HUSC","Paixao, R.C.","5",,"Bronze","Bronze",,"Trilha do Costão."
"ESTAÇÃO ECOLÓGICA JURÉIA-ITATINS",,"Plagiochilaceae","Plagiochila","laetevirens","Lindenb.","PLAGIOCHILACEAE Plagiochila laetevirens Lindenb.","4739","GBIF","HUSC","Paixao, R.C.","10",,"Bronze","Bronze",,"Trilha do Costão."
"ESTAÇÃO ECOLÓGICA JURÉIA-ITATINS",,"Plagiochilaceae","Plagiochila","martiana","(Nees) Lindenb.","PLAGIOCHILACEAE Plagiochila martiana (Nees) Lindenb.","223362","GBIF","SP-BRYOPHYTA","Yano, O.","11949",,"Latão","Bronze",,"Barra do Ribeira"
"ESTAÇÃO ECOLÓGICA JURÉIA-ITATINS","Angiosperms","Plantaginaceae","Bacopa","stricta","(Schrad.) Wettst. ex Edwall","PLANTAGINACEAE Bacopa stricta (Schrad.) Wettst. ex Edwall","249882","GBIF","SP","Ferreira, S.","200","Native","Prata","Ouro",,"Estação Ecológica Juréia-Itatins, Trilha do Imperador"
"ESTAÇÃO ECOLÓGICA JURÉIA-ITATINS","Angiosperms","Plantaginaceae","Matourea","ocymoides","(Cham. & Schltdl.) Colletta & V.C.Souza","PLANTAGINACEAE Matourea ocymoides (Cham. & Schltdl.) Colletta & V.C.Souza","103995","Splink","ICN",,"7340","Native","Bronze","Ouro",,"Estação Ecológica Juréia"
"ESTAÇÃO ECOLÓGICA JURÉIA-ITATINS","Angiosperms","Plantaginaceae","Plantago","catharinea","Decne.","PLANTAGINACEAE Plantago catharinea Decne.","11902","GBIF","HUSC","Mesquita, L.M.S.","s.n.","Native","Bronze","Ouro",,"Estação Ecológica de Juréia-Itatins."
"ESTAÇÃO ECOLÓGICA JURÉIA-ITATINS","Angiosperms","Plantaginaceae","Plantago","tomentosa","Lam.","PLANTAGINACEAE Plantago tomentosa Lam.","329637","Splink","SP",,"191","Native","Prata","Ouro",,"Estação Ecológica Juréia-Itatins, Cachoeira do Guilherme"
"ESTAÇÃO ECOLÓGICA JURÉIA-ITATINS","Angiosperms","Plantaginaceae","Scoparia","dulcis","L.","PLANTAGINACEAE Scoparia dulcis L.","329536","GBIF","SP","Favero, O.A.","215","Native","Prata","Ouro",,"Estação Ecológica Juréia-Itatins, cachoeira do Guilherme"
"ESTAÇÃO ECOLÓGICA JURÉIA-ITATINS","Angiosperms","Poaceae","Andropogon","leucostachyus","Kunth","POACEAE Andropogon leucostachyus Kunth","38926","GBIF","FLOR","Souza, V.C.","287","Native","Bronze","Ouro",,"Estação Ecológica da Juréia, Praia do Guarauzinho."
"ESTAÇÃO ECOLÓGICA JURÉIA-ITATINS","Angiosperms","Poaceae","Bambusa","tuldoides","Munro","POACEAE Bambusa tuldoides Munro","SPSF00031307","Splink","SPSF",,"17","Naturalized","Ouro","Ouro",,"Estação Ecológica Juréia-Itatins"
"ESTAÇÃO ECOLÓGICA JURÉIA-ITATINS","Angiosperms","Poaceae","Chrysopogon","zizanioides","(L.) Roberty","POACEAE Chrysopogon zizanioides (L.) Roberty","329606","GBIF","SP","Favero, O.A.","641","Naturalized","Ouro","Ouro","https://images.cria.org.br/viewer/SP117498","Estação Ecológica Juréia-Itatins, Praia do Una, quintal do Sr. Dito"
"ESTAÇÃO ECOLÓGICA JURÉIA-ITATINS","Angiosperms","Poaceae","Chusquea","longispiculata","L.G.Clark","POACEAE Chusquea longispiculata L.G.Clark","429624","GBIF","SP","Rossi, L.","1052B","Native","Ouro","Ouro",,"Estação Ecológica Juréia-Itatins, maciço da Juréia, alto do morro próx. ao alojamento"
"ESTAÇÃO ECOLÓGICA JURÉIA-ITATINS","Angiosperms","Poaceae","Chusquea","oxylepis","(Hack.) Ekman","POACEAE Chusquea oxylepis (Hack.) Ekman","SPSF00024387","Splink","SPSF",,"899","Native","Ouro","Ouro",,"Estação Ecológica Juréia-Itatins, Estrada próxima do posto de fiscalização do Barreirinho (balsa), após a travessia do Rio Una"
"ESTAÇÃO ECOLÓGICA JURÉIA-ITATINS","Angiosperms","Poaceae","Coix","lacryma-jobi","L.","POACEAE Coix lacryma-jobi L.","329603","GBIF","SP","Favero, O.A.","244","Naturalized","Prata","Ouro",,"Estação Ecológica Juréia-Itatins, Rio Comprido, no quintal da Dona Nair"
"ESTAÇÃO ECOLÓGICA JURÉIA-ITATINS","Angiosperms","Poaceae","Colanthelia","secundiflora","Santos-Gonç., Filg. & L.G.Clark","POACEAE Colanthelia secundiflora Santos-Gonç., Filg. & L.G.Clark","162568","GBIF","HUEFS","Souza, V.C.","9453","Native","Ouro","Ouro","https://images.cria.org.br/viewer/HUEFS0162568 | https://images.cria.org.br/viewer/HUEFS0162568_e1","estação ecológica da Jureía. Arredores da foz do rio guaraú"
"ESTAÇÃO ECOLÓGICA JURÉIA-ITATINS","Angiosperms","Poaceae","Cryptochloa","capillata","(Trin.) Soderstr.","POACEAE Cryptochloa capillata (Trin.) Soderstr.","SPSF00024374","Splink","SPSF",,"1511","Native","Ouro","Ouro",,"Estação Ecológica de Juréia-Itatins."
"ESTAÇÃO ECOLÓGICA JURÉIA-ITATINS","Angiosperms","Poaceae","Dichanthelium","surrectum","(Chase ex Zuloaga & Morrone) Zuloaga","POACEAE Dichanthelium surrectum (Chase ex Zuloaga & Morrone) Zuloaga","HUFABC002331","Splink","HUFABC",,"669","Native","Bronze","Bronze",,"Várzea do Rio Embu-Guaçu."
"ESTAÇÃO ECOLÓGICA JURÉIA-ITATINS","Angiosperms","Poaceae","Eleusine","indica","(L.) Gaertn.","POACEAE Eleusine indica (L.) Gaertn.","329602","GBIF","SP","Favero, O.A.","488","Naturalized","Prata","Ouro",,"Estação Ecológica Juréia-Itatins, Praia do rio Verde, perto da casa da Dalva"
"ESTAÇÃO ECOLÓGICA JURÉIA-ITATINS","Angiosperms","Poaceae","Hildaea","pallens","(Sw.) C.Silva & R.P.Oliveira","POACEAE Hildaea pallens (Sw.) C.Silva & R.P.Oliveira","SPSF00024388","Splink","SPSF",,"838","Native","Latão","Ouro",,"Estação Ecológica Juréia-Itatins, Proximidades da cachoeira do salto"
"ESTAÇÃO ECOLÓGICA JURÉIA-ITATINS","Angiosperms","Poaceae","Ichnanthus","leiocarpus","(Spreng.) Kunth","POACEAE Ichnanthus leiocarpus (Spreng.) Kunth","344000","GBIF","SP","Oliveira, R.J.","6","Native","Latão","Ouro","https://images.cria.org.br/viewer/SP033793","Estação Ecológica Juréia-Itatins, Núcleo Arpoador Guarauzinho, floresta atlântica de encosta"
"ESTAÇÃO ECOLÓGICA JURÉIA-ITATINS","Angiosperms","Poaceae","Ichnanthus","nemoralis","(Schrad. ex Schult.) Hitchc. & Chase","POACEAE Ichnanthus nemoralis (Schrad. ex Schult.) Hitchc. & Chase","41187","GBIF","HUEFS","Catharino, E.L.M.","1400","Native","Ouro","Ouro","https://images.cria.org.br/viewer/HUEFS0041187","Estação Ecológica Juréia-Itatins, Proximidades do maciço da Juréia, junto ao paredão rochoso próximo ao alojamento."
"ESTAÇÃO ECOLÓGICA JURÉIA-ITATINS","Angiosperms","Poaceae","Ischaemum","minus","J.Presl","POACEAE Ischaemum minus J.Presl","111090","Splink","ICN",,"367","Native","Ouro","Ouro",,"Estação Ecológica da Juréia. Praia de Paranapoan."
"ESTAÇÃO ECOLÓGICA JURÉIA-ITATINS","Angiosperms","Poaceae","Merostachys","magellanica","Send.","POACEAE Merostachys magellanica Send.","237817","GBIF","SP","Catharino, E.L.M.","1334","Native","Ouro","Ouro","https://images.cria.org.br/viewer/SP002585","Estação Ecológica Juréia-Itatins, Beira de mata de restinga"
"ESTAÇÃO ECOLÓGICA JURÉIA-ITATINS","Angiosperms","Poaceae","Merostachys","neesii","Rupr.","POACEAE Merostachys neesii Rupr.","272091","GBIF","SP","Rossi, L.","1401","Native","Ouro","Ouro",,"Estação Ecológica Juréia-Itatins, Serra dos Itatins, mata alta bem preservada, com dossel irregular"
"ESTAÇÃO ECOLÓGICA JURÉIA-ITATINS","Angiosperms","Poaceae","Merostachys","speciosa","Spreng.","POACEAE Merostachys speciosa Spreng.","UNIP06945","GBIF","UNIP","Tyeno","s.n.","Native","Latão","Ouro","jbrj-public.s3-sa-east-1.amazonaws.com/fsi/server?type=image&source=DZI/unip/unip/0/0/69/45/unip00006945.dzi","Estação Ecológica Juréia-Itatins."
"ESTAÇÃO ECOLÓGICA JURÉIA-ITATINS","Angiosperms","Poaceae","Merostachys","ternata","Nees","POACEAE Merostachys ternata Nees","373717","GBIF","SP","Favero, O.A.","624","Native","Bronze","Ouro","https://images.cria.org.br/viewer/SP034609","Estação Ecológica Juréia-Itatins, Caminho para a cachoeira do Guilherme."
"ESTAÇÃO ECOLÓGICA JURÉIA-ITATINS","Angiosperms","Poaceae","Olyra","glaberrima","Raddi","POACEAE Olyra glaberrima Raddi","41196","GBIF","HUEFS","Nicolau, S.A.","1475","Native","Ouro","Ouro","https://images.cria.org.br/viewer/HUEFS0041196","Estação Ecológica Juréia-Itatins, Serra da Juréia, trilha do Imperador"
"ESTAÇÃO ECOLÓGICA JURÉIA-ITATINS","Angiosperms","Poaceae","Paspalum","corcovadense","Raddi","POACEAE Paspalum corcovadense Raddi","138586","GBIF","SPF","Rossi, L.","1218","Native","Bronze","Ouro","https://images.cria.org.br/viewer/SPF00138586","Estação Ecológica Juréia-Itatins, Trilha para a Figueira"
"ESTAÇÃO ECOLÓGICA JURÉIA-ITATINS","Angiosperms","Poaceae","Paspalum","millegrana","Schrad. ex Schult.","POACEAE Paspalum millegrana Schrad. ex Schult.","CEN00021928","GBIF","CEN","Souza, V.C.","165","Native","Ouro","Ouro","jbrj-public.s3.amazonaws.com/fsi/server?type=image&source=DZI/cen/cen/0/2/19/28/cen00021928.dzi","Estação Ecológica da Juréia. Praia do Arpoador."
"ESTAÇÃO ECOLÓGICA JURÉIA-ITATINS","Angiosperms","Poaceae","Paspalum","nutans","Lam.","POACEAE Paspalum nutans Lam.","138584","GBIF","SPF","Rossi, L.","837","Native","Ouro","Ouro","https://images.cria.org.br/viewer/SPF00138584","Estação Ecológica Juréia-Itatins, Proximidades da Cachoeira do Salto"
"ESTAÇÃO ECOLÓGICA JURÉIA-ITATINS","Angiosperms","Poaceae","Paspalum","pumilum","Nees","POACEAE Paspalum pumilum Nees","SPSF00024826","Splink","SPSF",,"48","Native","Ouro","Bronze",,"Estação Ecológica de Chauás"
"ESTAÇÃO ECOLÓGICA JURÉIA-ITATINS","Angiosperms","Poaceae","Pharus","lappulaceus","Aubl.","POACEAE Pharus lappulaceus Aubl.","SPSF00024384","Splink","SPSF",,"69","Native","Latão","Ouro",,"Estação Ecológica Juréia-Itatins, Trilha para a Figueira"
"ESTAÇÃO ECOLÓGICA JURÉIA-ITATINS","Angiosperms","Poaceae","Pseudechinolaena","polystachya","(Kunth) Stapf","POACEAE Pseudechinolaena polystachya (Kunth) Stapf","258588","GBIF","SP","Anunciacao, E.A.","163","Native","Ouro","Ouro","https://images.cria.org.br/viewer/SP037848","Estação Ecológica Juréia-Itatins, Serra da Juréia, caminho do Imperador em direção a Praia da Juréia"
"ESTAÇÃO ECOLÓGICA JURÉIA-ITATINS","Angiosperms","Poaceae","Rugoloa","pilosa","(Sw.) Zuloaga","POACEAE Rugoloa pilosa (Sw.) Zuloaga","SPSF00024376","Splink","SPSF",,"18","Native","Ouro","Ouro",,"Reserva Ecológica Juréia-Itatins, Trilha para a Figueira"
"ESTAÇÃO ECOLÓGICA JURÉIA-ITATINS","Angiosperms","Poaceae","Spartina","densiflora","Brongn.","POACEAE Spartina densiflora Brongn.","110937","Splink","ICN",,"512","Native","Ouro","Ouro",,"Estação Ecológica da Jureia"
"ESTAÇÃO ECOLÓGICA JURÉIA-ITATINS","Angiosperms","Poaceae","Sporobolus","virginicus","(L.) Kunth","POACEAE Sporobolus virginicus (L.) Kunth","11520","GBIF","HUSC","Lourenco, B.F.","04","Native","Bronze","Ouro",,"RDS Barra do Una, Estação Ecológica da Juréia."
"ESTAÇÃO ECOLÓGICA JURÉIA-ITATINS","Angiosperms","Poaceae","Stenotaphrum","secundatum","(Walter) Kuntze","POACEAE Stenotaphrum secundatum (Walter) Kuntze","SPSF00010831","Splink","SPSF",,"113","Native","Ouro","Ouro",,"Estação Ecológica Juréia-Itatins, Serra da Juréia, próximo ao Rio Verde, dunas"
"ESTAÇÃO ECOLÓGICA JURÉIA-ITATINS","Angiosperms","Poaceae","Taquara","micrantha","(Kunth) I.L.C.Oliveira & R.P.Oliveira","POACEAE Taquara micrantha (Kunth) I.L.C.Oliveira & R.P.Oliveira","SPSF00024390","Splink","SPSF",,"1137","Native","Ouro","Ouro",,"Estação Ecológica Juréia-Itatins, Serra da Juréia, caminho do Imperador"
"ESTAÇÃO ECOLÓGICA JURÉIA-ITATINS","Angiosperms","Poaceae","Urochloa","mutica","(Forssk.) T.Q.Nguyen","POACEAE Urochloa mutica (Forssk.) T.Q.Nguyen","329598","GBIF","SP","Favero, O.A.","284","Naturalized","Prata","Ouro",,"Estação Ecológica Juréia-Itatins, Cachoeira do Guilherme, quintal da Dona Frosina"
"ESTAÇÃO ECOLÓGICA JURÉIA-ITATINS","Angiosperms","Polygalaceae","Caamembeca","salicifolia","(Poir.) J.F.B.Pastore","POLYGALACEAE Caamembeca salicifolia (Poir.) J.F.B.Pastore","46662","GBIF","SPF","Rossi, L.","s.n.","Native","Bronze","Ouro","https://images.cria.org.br/viewer/SPF00046662","Estação Ecológica Juréia-Itatins"
"ESTAÇÃO ECOLÓGICA JURÉIA-ITATINS","Angiosperms","Polygalaceae","Caamembeca","spectabilis","(DC.) J.F.B.Pastore","POLYGALACEAE Caamembeca spectabilis (DC.) J.F.B.Pastore","268559","GBIF","SP","Anunciacao, E.A.","493","Native","Bronze","Ouro",,"Estação Ecológica Juréia-Itatins, Serra da Juréia, margem do Rio Verde, próximo ao alojamento do IBAMA, Secretaria do Meio Ambiente, mata pluvial de planície"
"ESTAÇÃO ECOLÓGICA JURÉIA-ITATINS","Angiosperms","Polygalaceae","Polygala",,"L.","POLYGALACEAE Polygala L.","SPSF00021718","Splink","SPSF",,"898",,"Latão","Ouro",,"Estação Ecológica Juréia-Itatins."
"ESTAÇÃO ECOLÓGICA JURÉIA-ITATINS","Angiosperms","Polygalaceae","Securidaca","lanceolata","A.St.-Hil. & Moq.","POLYGALACEAE Securidaca lanceolata A.St.-Hil. & Moq.","275130","GBIF","SP","Melo, M.M.R.F.","1029","Native","Bronze","Ouro",,"Estação Ecológica Juréia-Itatins, Mata de Planície, ao lado do alojamento"
"ESTAÇÃO ECOLÓGICA JURÉIA-ITATINS","Angiosperms","Polygalaceae","Senega","cyparissias","(A. St.-Hil. & Moq.) J.F.B.Pastore & Agust. Martinez","POLYGALACEAE Senega cyparissias (A. St.-Hil. & Moq.) J.F.B.Pastore & Agust. Martinez","272187","GBIF","SP","Nicolau, S.A.","609","Native","Prata","Ouro",,"Estação Ecológica Juréia-Itatins, Caminho do Imperador"
"ESTAÇÃO ECOLÓGICA JURÉIA-ITATINS","Angiosperms","Polygalaceae","Senega","paniculata","(L.) J.F.B.Pastore & J.R.Abbott","POLYGALACEAE Senega paniculata (L.) J.F.B.Pastore & J.R.Abbott","261949","GBIF","SP","Aragaki, S.","21","Native","Bronze","Ouro",,"Estação Ecológica Juréia-Itatins, Caminho do Imperador, em direção á praia do Rio Verde, próximo á 1° cachoeira"
"ESTAÇÃO ECOLÓGICA JURÉIA-ITATINS","Angiosperms","Polygonaceae","Coccoloba","declinata","(Vell.) Mart.","POLYGONACEAE Coccoloba declinata (Vell.) Mart.","258548","GBIF","SP","Anunciacao, E.A.","187","Native","Ouro","Ouro",,"Estação Ecológica Juréia-Itatins, Serra da Juréia, cachoeira do Salto"
"ESTAÇÃO ECOLÓGICA JURÉIA-ITATINS","Angiosperms","Polygonaceae","Coccoloba","salicifolia","Wedd.","POLYGONACEAE Coccoloba salicifolia Wedd.","263385","GBIF","SP","Rossi, L.","1256","Native","Ouro","Ouro",,"Estação Ecológica Juréia-Itatins, Trilha do alojamento em direção ao caminho do Imperador"
"ESTAÇÃO ECOLÓGICA JURÉIA-ITATINS","Angiosperms","Polygonaceae","Polygonum","punctatum","Elliott","POLYGONACEAE Polygonum punctatum Elliott","329644","GBIF","SP","Favero, O.A.","167","Native","Latão","Ouro",,"Estação Ecológica Juréia-Itatins"
"ESTAÇÃO ECOLÓGICA JURÉIA-ITATINS","Angiosperms","Polygonaceae","Ruprechtia","laxiflora","Meisn.","POLYGONACEAE Ruprechtia laxiflora Meisn.","309275","GBIF","SP","Melo, M.M.R.F.","1205","Native","Latão","Ouro",,"Estação Ecológica Juréia-Itatins, margens do rio Verde, próximo ao alojamento da SMA"
"ESTAÇÃO ECOLÓGICA JURÉIA-ITATINS","Ferns and Lycophytes","Polypodiaceae","Campyloneurum","atlanticum","R.C. Moran & Labiak","POLYPODIACEAE Campyloneurum atlanticum R.C. Moran & Labiak","P00888006","Reflora","P","Prado, J.","339","Native","Ouro","Ouro",,"Estação Ecológica Juréia-Itatins, trilha da margem do Rio Verde."
"ESTAÇÃO ECOLÓGICA JURÉIA-ITATINS","Ferns and Lycophytes","Polypodiaceae","Campyloneurum","repens","(Aubl.) C.Presl","POLYPODIACEAE Campyloneurum repens (Aubl.) C.Presl","RB00788143","GBIF","RB","Anunciacao, E.A.","093","Native","Bronze","Ouro","jbrj-public-img.s3-sa-east-1.amazonaws.com/JPG/rb/0/78/81/43/00788143.jpg","Estação Ecológica Juréia-Itatins, Serra da Juréia, Trilha para a Figueira Grande, após a bifurcação."
"ESTAÇÃO ECOLÓGICA JURÉIA-ITATINS","Ferns and Lycophytes","Polypodiaceae","Campyloneurum","rigidum","Sm.","POLYPODIACEAE Campyloneurum rigidum Sm.","02425756","GBIF","NY","P., H.L.E.","327","Native","Bronze","Bronze",,"Estação Ecológico Juréia-Itatins, Serra da Juréia, trilha do Imperador"
"ESTAÇÃO ECOLÓGICA JURÉIA-ITATINS","Ferns and Lycophytes","Polypodiaceae","Cochlidium","serrulatum","(Sw.) L.E.Bishop","POLYPODIACEAE Cochlidium serrulatum (Sw.) L.E.Bishop","120697","Splink","ICN",,"6878","Native","Bronze","Ouro",,"Estação Ecológica da Juréia"
"ESTAÇÃO ECOLÓGICA JURÉIA-ITATINS","Ferns and Lycophytes","Polypodiaceae","Microgramma","geminata","(Schrad.) R.M.Tryon & A.F.Tryon","POLYPODIACEAE Microgramma geminata (Schrad.) R.M.Tryon & A.F.Tryon","NY02422653","GBIF","NY","Prado, J.","375B","Native","Latão","Bronze","jbrj-public.s3-sa-east-1.amazonaws.com/fsi/server?type=image&source=DZI/newyork/ny_/2/42/26/53/ny_02422653.dzi","Reserva Ecológica de Juréia trilha do Imperador"
"ESTAÇÃO ECOLÓGICA JURÉIA-ITATINS","Ferns and Lycophytes","Polypodiaceae","Microgramma","percussa","(Cav.) de la Sota","POLYPODIACEAE Microgramma percussa (Cav.) de la Sota","918","GBIF","HUSC","Lopes, E.","1763","Native","Bronze","Ouro",,"Guarauzinho, Riacho Água fria, Estação ecológica Juréia-Itatins."
"ESTAÇÃO ECOLÓGICA JURÉIA-ITATINS","Ferns and Lycophytes","Polypodiaceae","Microgramma","squamulosa","(Kaulf.) de la Sota","POLYPODIACEAE Microgramma squamulosa (Kaulf.) de la Sota","960","GBIF","HUSC","Lopes, E.","1779","Native","Bronze","Ouro",,"Guarauzinho, Riacho Água-fria, Estação Ecológica Juréia-Itatins."
"ESTAÇÃO ECOLÓGICA JURÉIA-ITATINS","Ferns and Lycophytes","Polypodiaceae","Microgramma","vacciniifolia","(Langsd. & Fisch.) Copel.","POLYPODIACEAE Microgramma vacciniifolia (Langsd. & Fisch.) Copel.","233937","GBIF","SPF","Cordeiro, I.","1470","Native","Bronze","Ouro",,"Estação Ecológica Juréia-Itatins"
"ESTAÇÃO ECOLÓGICA JURÉIA-ITATINS","Ferns and Lycophytes","Polypodiaceae","Pleopeltis","pleopeltifolia","(Raddi) Alston","POLYPODIACEAE Pleopeltis pleopeltifolia (Raddi) Alston","234053","GBIF","SPF","Kirizawa, M.","2508","Native","Ouro","Ouro",,"Estação Ecológica Juréia-Itatins"
"ESTAÇÃO ECOLÓGICA JURÉIA-ITATINS","Ferns and Lycophytes","Polypodiaceae","Polypodium",,"L.","POLYPODIACEAE Polypodium L.","950","GBIF","HUSC","Lopes, E.","1771",,"Bronze","Ouro",,"Guarauzinho, Riacho Água fria, Estação ecológica Juréia-Itatins."
"ESTAÇÃO ECOLÓGICA JURÉIA-ITATINS",,"Polytrichaceae","Polytrichum","brachymitrium","Müll.Hal.","POLYTRICHACEAE Polytrichum brachymitrium Müll.Hal.","222653","GBIF","SP-BRYOPHYTA","Yano, O.","11455",,"Bronze","Ouro",,"Estação Ecológica da Juréia, Guaraú"
"ESTAÇÃO ECOLÓGICA JURÉIA-ITATINS",,"Pontederiaceae","Heteranthera","reniformis|Pontederia","Ruiz & Pav.|Sw.","PONTEDERIACEAE Heteranthera reniformis Ruiz & Pav.|Pontederia azurea Sw.","SPSF00054573","Splink","SPSF",,"8851",,"Bronze","Ouro",,"Formação Pioneira de Influência Lacustre. Estação Ecológica Jureia-Itatins. Lagoa da praia da base do Rio Verde."
"ESTAÇÃO ECOLÓGICA JURÉIA-ITATINS","Angiosperms","Pontederiaceae","Pontederia","cordata","L.","PONTEDERIACEAE Pontederia cordata L.","329639","GBIF","SP","Favero, O.A.","225","Native","Prata","Ouro",,"Estação Ecológica Juréia-Itatins, Rio Comprido, próximo ao Sítio Marroto de Fora"
"ESTAÇÃO ECOLÓGICA JURÉIA-ITATINS","Angiosperms","Portulacaceae","Portulaca","mucronata","Link","PORTULACACEAE Portulaca mucronata Link","269915","GBIF","SP","Sugiyama, M.","1142","Native","Prata","Ouro",,"Estação Ecológica Juréia-Itatins, Serra da Juréia, nas Dunas da praia do Rio Verde"
"ESTAÇÃO ECOLÓGICA JURÉIA-ITATINS","Angiosperms","Portulacaceae","Portulaca","oleracea","L.","PORTULACACEAE Portulaca oleracea L.","329641","GBIF","SP","Favero, O.A.","286","Naturalized","Latão","Ouro",,"Estação Ecológica Juréia-Itatins"
"ESTAÇÃO ECOLÓGICA JURÉIA-ITATINS","Angiosperms","Primulaceae","Ardisia","guianensis","(Aubl.) Mez","PRIMULACEAE Ardisia guianensis (Aubl.) Mez","SPSF00024265","Splink","SPSF",,"1172","Native","Latão","Ouro",,"Estação Ecológica Juréia-Itatins, Serra da Juréia, trilha da Figueira"
"ESTAÇÃO ECOLÓGICA JURÉIA-ITATINS","Angiosperms","Primulaceae","Cybianthus","brasiliensis","(Mez) G.Agostini","PRIMULACEAE Cybianthus brasiliensis (Mez) G.Agostini","247607","GBIF","SP","Rossi, L.","764","Native","Prata","Ouro",,"Estação Ecológica Juréia-Itatins, Estrada da margem do Rio Una para o Rio Verde"
"ESTAÇÃO ECOLÓGICA JURÉIA-ITATINS","Angiosperms","Primulaceae","Geissanthus","ambiguus","(Mart.) G.Agostini","PRIMULACEAE Geissanthus ambiguus (Mart.) G.Agostini","272576","GBIF","SP","Melo, M.M.R.F.","1101","Native","Bronze","Ouro",,"Estação Ecológica Juréia-Itatins, Guarauzinho, trilha dos caçadores, mata pluvial tropical de encosta"
"ESTAÇÃO ECOLÓGICA JURÉIA-ITATINS","Angiosperms","Primulaceae","Myrsine","coriacea","(Sw.) R.Br. ex Roem. & Schult.","PRIMULACEAE Myrsine coriacea (Sw.) R.Br. ex Roem. & Schult.","SPSF00024229","Splink","SPSF",,"2497","Native","Ouro","Ouro",,"Reserva Ecológica Juréia-Itatins, Trilha do Imperador. -rea degradada, próximo da foz do Rio Verde e de um limoeiro"
"ESTAÇÃO ECOLÓGICA JURÉIA-ITATINS","Angiosperms","Primulaceae","Myrsine","guianensis","(Aubl.) Kuntze","PRIMULACEAE Myrsine guianensis (Aubl.) Kuntze","33470","GBIF","IAC","Souza, V.C.","s/nº","Native","Ouro","Ouro",,"Estação Ecológica da Juréia, Arredpres da Foz do Rio Guaraú"
"ESTAÇÃO ECOLÓGICA JURÉIA-ITATINS","Angiosperms","Primulaceae","Myrsine","parvifolia","A.DC.","PRIMULACEAE Myrsine parvifolia A.DC.","SPSF00024233","Splink","SPSF",,"615","Native","Ouro","Ouro",,"Estação Ecológica Juréia-Itatins, Praia do Rio Verde"
"ESTAÇÃO ECOLÓGICA JURÉIA-ITATINS","Angiosperms","Primulaceae","Myrsine","umbellata","Mart.","PRIMULACEAE Myrsine umbellata Mart.","495925","GBIF","NY","Stubblebine, W.H.","s.n.","Native","Latão","Bronze",,"Est. Ecológica da Juréia (SEMA)"
"ESTAÇÃO ECOLÓGICA JURÉIA-ITATINS","Angiosperms","Primulaceae","Myrsine","venosa","A.DC.","PRIMULACEAE Myrsine venosa A.DC.","SPSF00024324","Splink","SPSF",,"564","Native","Ouro","Ouro",,"Estação Ecológica Juréia-Itatins, Trilha na restinga entre margens do Rio Verde e Caminho do Imperador"
"ESTAÇÃO ECOLÓGICA JURÉIA-ITATINS","Angiosperms","Primulaceae","Stylogyne","lhotzkyana","(A.DC.) Mez","PRIMULACEAE Stylogyne lhotzkyana (A.DC.) Mez","SPSF00024322","Splink","SPSF",,"925","Native","Ouro","Ouro",,"Estação Ecológica Juréia-Itatins, Trilha para a Figueira"
"ESTAÇÃO ECOLÓGICA JURÉIA-ITATINS","Angiosperms","Primulaceae","Stylogyne","pauciflora","Mez","PRIMULACEAE Stylogyne pauciflora Mez","SPSF00024226","Splink","SPSF",,"737","Native","Ouro","Ouro",,"Estação Ecológica Juréia-Itatins, Serra da Juréia, trilha da Figueira, mata de encosta"
"ESTAÇÃO ECOLÓGICA JURÉIA-ITATINS","Angiosperms","Proteaceae","Euplassa","hoehnei","Sleumer","PROTEACEAE Euplassa hoehnei Sleumer","113950","GBIF","SPF","Cordeiro, I.","1599","Native","Ouro","Ouro","https://images.cria.org.br/viewer/SPF00113950","Estação Ecológica Juréia-Itatins"
"ESTAÇÃO ECOLÓGICA JURÉIA-ITATINS","Angiosperms","Proteaceae","Euplassa","incana","(Klotzsch) I.M.Johnst.","PROTEACEAE Euplassa incana (Klotzsch) I.M.Johnst.","309277","GBIF","SP","Melo, M.M.R.F.","1207","Native","Latão","Ouro",,"Estação Ecológica Juréia-Itatins, margens do rio Verde"
"ESTAÇÃO ECOLÓGICA JURÉIA-ITATINS","Angiosperms","Proteaceae","Panopsis","rubescens","(Pohl) Rusby","PROTEACEAE Panopsis rubescens (Pohl) Rusby","SPSF00024918","Splink","SPSF",,"368","Native","Prata","Ouro",,"Estação Ecológica Juréia-Itatins"
"ESTAÇÃO ECOLÓGICA JURÉIA-ITATINS","Angiosperms","Proteaceae","Roupala","consimilis","Mez","PROTEACEAE Roupala consimilis Mez","SPSF00024925","Splink","SPSF",,"571","Native","Ouro","Ouro",,"Reserva Ecológica Juréia-Itatins, Trilha do Imperador em direção a praia da Juréia, mata"
"ESTAÇÃO ECOLÓGICA JURÉIA-ITATINS","Angiosperms","Proteaceae","Roupala","paulensis","Sleumer","PROTEACEAE Roupala paulensis Sleumer","3026548","GBIF","MO","Rossi, L.","1292","Native","Ouro","Ouro",,"Estaçao Ecológica Juréia-Itatins, proximidades da cachoeira do Salto."
"ESTAÇÃO ECOLÓGICA JURÉIA-ITATINS","Ferns and Lycophytes","Pteridaceae","Acrostichum",,"L.","PTERIDACEAE Acrostichum L.","83221","GBIF","HAS","Jarenkow, J.A.","9123",,"Latão","Ouro",,"Estação Ecológica Juréia-Itatins,"
"ESTAÇÃO ECOLÓGICA JURÉIA-ITATINS","Ferns and Lycophytes","Pteridaceae","Adiantopsis","radiata","(L.) Fée","PTERIDACEAE Adiantopsis radiata (L.) Fée","272562","Splink","SP",,"1086","Native","Bronze","Ouro",,"Estação Ecológica Juréia-Itatins, trilha do Morro Fernando"
"ESTAÇÃO ECOLÓGICA JURÉIA-ITATINS","Ferns and Lycophytes","Pteridaceae","Adiantum","pentadactylon","Langsd. & Fisch.","PTERIDACEAE Adiantum pentadactylon Langsd. & Fisch.","P01036072","Reflora","PC","Prado, J.","367","Native","Ouro","Ouro",,"Estação Ecológica Juréia-Itatins, trilha do Imperador"
"ESTAÇÃO ECOLÓGICA JURÉIA-ITATINS","Ferns and Lycophytes","Pteridaceae","Doryopteris","pentagona","Pic. Serm.","PTERIDACEAE Doryopteris pentagona Pic. Serm.","UPCB0095195","Splink","UPCB",,"373","Native","Bronze","Ouro",,"Estação Ecológica Juréia-Itatins, trilha do imperador."
"ESTAÇÃO ECOLÓGICA JURÉIA-ITATINS","Ferns and Lycophytes","Pteridaceae","Pityrogramma","calomelanos","(L.) Link","PTERIDACEAE Pityrogramma calomelanos var. calomelanos (L.) Link","966","GBIF","HUSC","Lopes, E.","1782","Native","Bronze","Bronze",,"Guarauzinho, Riacho Água-fria, E.E. Juréia-Itatins"
"ESTAÇÃO ECOLÓGICA JURÉIA-ITATINS","Ferns and Lycophytes","Pteridaceae","Polytaenium","cajenense","(Desv.) Benedict","PTERIDACEAE Polytaenium cajenense (Desv.) Benedict","P00849884","Reflora","PC","Prado, J.","342","Native","Ouro","Ouro",,"Estação Ecológica Juréia-Itatins, Trilha na margem do rio verde."
"ESTAÇÃO ECOLÓGICA JURÉIA-ITATINS","Ferns and Lycophytes","Pteridaceae","Polytaenium","guayanense","(Hieron.) Alston","PTERIDACEAE Polytaenium guayanense (Hieron.) Alston","168817","GBIF","BHCB","Prado, J.","342","Native","Bronze","Ouro",,"Estação Ecológica Juréia-Itatins, Trilha na margem do rio verde."
"ESTAÇÃO ECOLÓGICA JURÉIA-ITATINS","Ferns and Lycophytes","Pteridaceae","Vittaria","lineata","(L.) Sm.","PTERIDACEAE Vittaria lineata (L.) Sm.","SJRP00022503","GBIF","SJRP","Prado, J.","976","Native","Bronze","Ouro","jbrj-public.s3-sa-east-1.amazonaws.com/fsi/server?type=image&source=DZI/sjrp/sjrp/0/2/25/3/sjrp00022503.dzi","Estação Ecológica da Jureia, Arpoador."
"ESTAÇÃO ECOLÓGICA JURÉIA-ITATINS",,"Pterobryaceae","Henicodium","geniculatum","(Mitt.) W.R.Buck","PTEROBRYACEAE Henicodium geniculatum (Mitt.) W.R.Buck","223407","GBIF","SP-BRYOPHYTA","Yano, O.","11994",,"Latão","Bronze",,"Barra do Ribeira"
"ESTAÇÃO ECOLÓGICA JURÉIA-ITATINS",,"Pterobryaceae","Orthostichopsis","tortipilis","(Müll.Hal.) Broth.","PTEROBRYACEAE Orthostichopsis tortipilis (Müll.Hal.) Broth.","001626","GBIF","HUFABC","Visnadi, S.R.","591",,"Latão","Bronze","https://images.cria.org.br/viewer/HUFABC001626 | https://images.cria.org.br/viewer/HUFABC001626_1 | https://images.cria.org.br/viewer/HUFABC001626_2","Estação Ecológica da Juréia"
"ESTAÇÃO ECOLÓGICA JURÉIA-ITATINS",,"Pterobryaceae","Spiridentopsis","longissima","(Raddi) Broth.","PTEROBRYACEAE Spiridentopsis longissima (Raddi) Broth.","HUNI00004899","Reflora","HUNI","Visnardi, S.R.","4214",,"Ouro","Ouro",,"Estação Ecológica da Juréia"
"ESTAÇÃO ECOLÓGICA JURÉIA-ITATINS",,"Pylaisiadelphaceae","Isopterygium","tenerifolium","Mitt.","PYLAISIADELPHACEAE Isopterygium tenerifolium Mitt.","PC0735979","GBIF","PC","Yano, O.",,,"Bronze","Bronze",,"Brasil, Sao Paulo, Iguape, Ilha de Iguape"
"ESTAÇÃO ECOLÓGICA JURÉIA-ITATINS",,"Pylaisiadelphaceae","Isopterygium","tenerum","(Sw.) Mitt.","PYLAISIADELPHACEAE Isopterygium tenerum (Sw.) Mitt.","4741","GBIF","HUSC","Paixao, R.C.","12",,"Bronze","Bronze",,"Trilha do Costão."
"ESTAÇÃO ECOLÓGICA JURÉIA-ITATINS",,"Pylaisiadelphaceae","Taxithelium","planum","(Brid.) Mitt.","PYLAISIADELPHACEAE Taxithelium planum (Brid.) Mitt.","4740","GBIF","HUSC","Paixao, R.C.","11",,"Bronze","Bronze",,"Trilha do Costão."
"ESTAÇÃO ECOLÓGICA JURÉIA-ITATINS","Angiosperms","Quiinaceae","Quiina","glaziovii","Engl.","QUIINACEAE Quiina glaziovii Engl.","290593","GBIF","SP","Nicolau, S.A.","959","Native","Bronze","Ouro",,"Estação Ecológica Juréia-Itatins, Planície trilha em direção a Cachoeira do Salto"
"ESTAÇÃO ECOLÓGICA JURÉIA-ITATINS",,"Racopilaceae","Racopilum","tomentosum","(Hedw.) Brid.","RACOPILACEAE Racopilum tomentosum (Hedw.) Brid.","PC0728140","GBIF","PC","Yano, O.",,,"Latão","Bronze",,"Brasil, Sao Paulo, Iguape, Barra do Ribeira"
"ESTAÇÃO ECOLÓGICA JURÉIA-ITATINS",,"Radulaceae","Radula","javanica","Gottsche","RADULACEAE Radula javanica Gottsche","4752","GBIF","HUSC","Paixao, R.C.","23",,"Bronze","Bronze",,"Trilha do Costão."
"ESTAÇÃO ECOLÓGICA JURÉIA-ITATINS","Angiosperms","Rhamnaceae","Frangula","sphaerosperma","(Sw.) Kartesz & Gandhi","RHAMNACEAE Frangula sphaerosperma (Sw.) Kartesz & Gandhi","FLOR0025974","Splink","FLOR",,"7251","Unknown","Prata","Ouro",,"Estação Ecológica Juréia-Itatins."
"ESTAÇÃO ECOLÓGICA JURÉIA-ITATINS","Angiosperms","Rhamnaceae","Rhamnus",,"L.","RHAMNACEAE Rhamnus L.","256447","GBIF","SP","Sobral, M.","7251",,"Latão","Ouro",,"Estação Ecológica Juréia-Itatins, Região de mata de restinga com até 8m alt."
"ESTAÇÃO ECOLÓGICA JURÉIA-ITATINS","Angiosperms","Rhizophoraceae","Rhizophora","mangle","L.","RHIZOPHORACEAE Rhizophora mangle L.","329510","GBIF","SP","Favero, O.A.","546","Native","Prata","Ouro",,"Estação Ecológica Juréia-Itatins"
"ESTAÇÃO ECOLÓGICA JURÉIA-ITATINS","Angiosperms","Rosaceae","Prunus","myrtifolia","(L.) Urb.","ROSACEAE Prunus myrtifolia (L.) Urb.","SPSF00024919","Splink","SPSF",,"485","Native","Bronze","Ouro",,"Estação Ecológica Juréia-Itatins, Serra da Juréia, praia do Una, área de restinga entre os rios Verde e Una do prelado, mata pluvial de planície"
"ESTAÇÃO ECOLÓGICA JURÉIA-ITATINS","Angiosperms","Rosaceae","Rosa",,"L.","ROSACEAE Rosa L.","329511","GBIF","SP","Favero, O.A.","151",,"Latão","Ouro",,"Estação Ecológica Juréia-Itatins, rio Comprido. Cultivada"
"ESTAÇÃO ECOLÓGICA JURÉIA-ITATINS","Angiosperms","Rosaceae","Rubus","rosifolius","Sm.","ROSACEAE Rubus rosifolius Sm.","329512","GBIF","SP","Favero, O.A.","582","Naturalized","Latão","Ouro",,"Estação Ecológica Juréia-Itatins, trilha do rio Verde para a Cachoeira do Guilherme"
"ESTAÇÃO ECOLÓGICA JURÉIA-ITATINS","Angiosperms","Rubiaceae","Alibertia",,"A.Rich. ex DC.","RUBIACEAE Alibertia A.Rich. ex DC.","120709","Splink","ICN",,"7238",,"Ouro","Ouro",,"Estação Ecológica da Juréia-Itatins"
"ESTAÇÃO ECOLÓGICA JURÉIA-ITATINS","Angiosperms","Rubiaceae","Alseis","floribunda","Schott","RUBIACEAE Alseis floribunda Schott","277175","GBIF","SP","Cordeiro, I.","1463","Native","Ouro","Ouro",,"Estação Ecológica Juréia-Itatins, Mata de planície do Rio Verde, junto ao alojamento da Secretaria do Meio Ambiente"
"ESTAÇÃO ECOLÓGICA JURÉIA-ITATINS","Angiosperms","Rubiaceae","Amaioua","intermedia","Mart. ex Schult. & Schult.f.","RUBIACEAE Amaioua intermedia Mart. ex Schult. & Schult.f.","MG210467","GBIF","MG","Anunciacao, E.A.","690","Native","Ouro","Ouro",,"Estação Ecológica Juréia-Itatins, Serra da Juréia, estrada entre os rios Verde e Una do Pelado"
"ESTAÇÃO ECOLÓGICA JURÉIA-ITATINS","Angiosperms","Rubiaceae","Bathysa","australis","(A.St.-Hil.) K.Schum.","RUBIACEAE Bathysa australis (A.St.-Hil.) K.Schum.","291604","GBIF","SP","Anunciacao, E.A.","658","Native","Ouro","Ouro",,"Estação Ecológica Juréia-Itatins, Estrada em diração ao centro de Peruíbe, proximidades do Núcleo do Perequeê"
"ESTAÇÃO ECOLÓGICA JURÉIA-ITATINS","Angiosperms","Rubiaceae","Bathysa","stipulata","(Vell.) C.Presl","RUBIACEAE Bathysa stipulata (Vell.) C.Presl","271014","GBIF","SP","Anunciacao, E.A.","403","Native","Ouro","Ouro",,"Estação Ecológica Juréia-Itatins, Trilha para a Figueira Grande"
"ESTAÇÃO ECOLÓGICA JURÉIA-ITATINS","Angiosperms","Rubiaceae","Borreria","ocymifolia","(Roem. & Schult.) Bacigalupo & E.L.Cabral","RUBIACEAE Borreria ocymifolia (Roem. & Schult.) Bacigalupo & E.L.Cabral","347715","GBIF","SP","Anunciacao, E.A.","754","Native","Ouro","Ouro",,"Estação Ecológica Juréia-Itatins, Serra da Juréia, Caminho do Imperador"
"ESTAÇÃO ECOLÓGICA JURÉIA-ITATINS","Angiosperms","Rubiaceae","Borreria","schumannii","(Standl. ex Bacigalupo) E.L.Cabral & Sobrado","RUBIACEAE Borreria schumannii (Standl. ex Bacigalupo) E.L.Cabral & Sobrado","272213","GBIF","SP","Anunciacao, E.A.","591","Native","Bronze","Ouro","https://images.cria.org.br/viewer/SP030831","Estação Ecológica Juréia-Itatins, Arredores do posto de fiscalização na Praia da Juréia"
"ESTAÇÃO ECOLÓGICA JURÉIA-ITATINS","Angiosperms","Rubiaceae","Chiococca","alba","(L.) Hitchc.","RUBIACEAE Chiococca alba (L.) Hitchc.","24575","GBIF","HUEFS","Queiroz, L.P.","4478","Native","Ouro","Ouro","https://images.cria.org.br/viewer/HUEFS0024575_e1","Estação Ecológica Juréia-Itatins."
"ESTAÇÃO ECOLÓGICA JURÉIA-ITATINS","Angiosperms","Rubiaceae","Chomelia","brasiliana","A.Rich.","RUBIACEAE Chomelia brasiliana A.Rich.","54499","GBIF","JPB","Melo, M.R.F.","1196","Native","Ouro","Ouro",,"Estação Ecológica de Juréia-Itatins, Mata de Planície às margens do Rio Verde, próximo ao alojamento da S.M.A."
"ESTAÇÃO ECOLÓGICA JURÉIA-ITATINS","Angiosperms","Rubiaceae","Coccocypselum","capitatum","(Graham) C.B.Costa & Mamede","RUBIACEAE Coccocypselum capitatum (Graham) C.B.Costa & Mamede","338328","GBIF","SP","Anunciacao, E.A.","696","Native","Ouro","Ouro",,"Estação Ecológica Juréia-Itatins, Estrada entre os Rios Verde e Una do Prelado, restinga"
"ESTAÇÃO ECOLÓGICA JURÉIA-ITATINS","Angiosperms","Rubiaceae","Coccocypselum","condalia","Pers.","RUBIACEAE Coccocypselum condalia Pers.","249087","GBIF","SP","Kawall, M.A.","56","Native","Ouro","Ouro",,"Estação Ecológica Juréia-Itatins, Trilha do morro próximo ao alojamento"
"ESTAÇÃO ECOLÓGICA JURÉIA-ITATINS","Angiosperms","Rubiaceae","Coccocypselum","cordifolium","Nees & Mart.","RUBIACEAE Coccocypselum cordifolium Nees & Mart.","338346","GBIF","SP","Anunciacao, E.A.","695","Native","Ouro","Ouro",,"Estação Ecológica Juréia-Itatins, Serra da juréia, estrada entre os rios Verde e Una do Prelado"
"ESTAÇÃO ECOLÓGICA JURÉIA-ITATINS","Angiosperms","Rubiaceae","Coccocypselum","hasslerianum","Chodat","RUBIACEAE Coccocypselum hasslerianum Chodat","338333","GBIF","SP","Anunciacao, E.A.","699","Native","Ouro","Ouro",,"Estação Ecológica Juréia-Itatins, Serra da Juréia, mata pluvial de planície do rio Verde"
"ESTAÇÃO ECOLÓGICA JURÉIA-ITATINS","Angiosperms","Rubiaceae","Coccocypselum","lanceolatum","(Ruiz & Pav.) Pers.","RUBIACEAE Coccocypselum lanceolatum (Ruiz & Pav.) Pers.","268536","GBIF","SP","Anunciacao, E.A.","470","Native","Ouro","Ouro",,"Estação Ecológica Juréia-Itatins, Serra da Juréia, área de restinga junto ao Rio verde, próximo a trilha do Imperador, mata pluvial de planície"
"ESTAÇÃO ECOLÓGICA JURÉIA-ITATINS","Angiosperms","Rubiaceae","Coffea","arabica","L.","RUBIACEAE Coffea arabica L.","329509","GBIF","SP","Favero, O.A.","256","Naturalized","Prata","Ouro",,"Estação Ecológica Juréia-Itatins, Cachoeira do Guilherme, próximo à casa de Dona Jovelina. Cultivada"
"ESTAÇÃO ECOLÓGICA JURÉIA-ITATINS","Angiosperms","Rubiaceae","Cordiera","concolor","(Cham.) Kuntze","RUBIACEAE Cordiera concolor (Cham.) Kuntze","347683","GBIF","SP","Anunciacao, E.A.","772","Native","Bronze","Ouro",,"Estação Ecológica Juréia-Itatins, Alto do topo do Morro"
"ESTAÇÃO ECOLÓGICA JURÉIA-ITATINS","Angiosperms","Rubiaceae","Cordiera","myrciifolia","(K.Schum.) C.H.Perss. & Delprete","RUBIACEAE Cordiera myrciifolia (K.Schum.) C.H.Perss. & Delprete","270897","GBIF","SP","Anunciacao, E.A.","556","Native","Ouro","Ouro",,"Estação Ecológica Juréia-Itatins, Serra da Juréia, trilha para o alto da Cachoeira do Salto"
"ESTAÇÃO ECOLÓGICA JURÉIA-ITATINS","Angiosperms","Rubiaceae","Coussarea","nodosa","(Benth.) Müll.Arg.","RUBIACEAE Coussarea nodosa (Benth.) Müll.Arg.","45056","GBIF","SPSF","Moura, C.","392","Native","Bronze","Ouro",,"Estação Ecológica Juréia-Itatins"
"ESTAÇÃO ECOLÓGICA JURÉIA-ITATINS","Angiosperms","Rubiaceae","Coutarea","hexandra","(Jacq.) K.Schum.","RUBIACEAE Coutarea hexandra (Jacq.) K.Schum.","270914","GBIF","SP","Anunciacao, E.A.","578","Native","Ouro","Ouro",,"Estação Ecológica Juréia-Itatins, Serra da Juréia, caminho do Imperador em direção a Praia da Juréia"
"ESTAÇÃO ECOLÓGICA JURÉIA-ITATINS","Angiosperms","Rubiaceae","Emmeorhiza","umbellata","(Spreng.) K.Schum.","RUBIACEAE Emmeorhiza umbellata (Spreng.) K.Schum.","270927","GBIF","SP","Anunciacao, E.A.","552","Native","Ouro","Ouro",,"Estação Ecológica Juréia-Itatins, Serra da Juréia, alto de topo de morro"
"ESTAÇÃO ECOLÓGICA JURÉIA-ITATINS","Angiosperms","Rubiaceae","Eumachia","cymuligera","(Müll. Arg.) C.M. Taylor & Razafim.","RUBIACEAE Eumachia cymuligera (Müll. Arg.) C.M. Taylor & Razafim.","357030","GBIF","SP","Oliveira, R.J.","10","Native","Bronze","Ouro",,"Estação Ecológica Juréia-Itatins, Núcleo Arpoador Guarauzinho, Morro do Fernando"
"ESTAÇÃO ECOLÓGICA JURÉIA-ITATINS","Angiosperms","Rubiaceae","Faramea","montevidensis","(Cham. & Schltdl.) DC.","RUBIACEAE Faramea montevidensis (Cham. & Schltdl.) DC.","106045","Splink","ICN",,"7394","Native","Ouro","Ouro",,"Estação Ecológica Juréia-Itatins, Beira do Rio Guilherme"
"ESTAÇÃO ECOLÓGICA JURÉIA-ITATINS","Angiosperms","Rubiaceae","Faramea","multiflora","A.Rich. in DC.","RUBIACEAE Faramea multiflora A.Rich. in DC.","268568","GBIF","SP","Anunciacao, E.A.","502","Native","Bronze","Ouro",,"Estação Ecológica Juréia-Itatins, Serra da Juréia, margens do Rio Verde, mata de planície"
"ESTAÇÃO ECOLÓGICA JURÉIA-ITATINS","Angiosperms","Rubiaceae","Geophila","repens","(L.) I.M.Johnst.","RUBIACEAE Geophila repens (L.) I.M.Johnst.","338329","GBIF","SP","Anunciacao, E.A.","692","Native","Ouro","Ouro",,"Estação Ecológica Juréia-Itatins, Serra da Juréia, estrada entre os rios Verde e Una do Prelado, restinga"
"ESTAÇÃO ECOLÓGICA JURÉIA-ITATINS","Angiosperms","Rubiaceae","Guettarda","pohliana","Müll.Arg.","RUBIACEAE Guettarda pohliana Müll.Arg.","SP0272078","Splink","SP",,"537","Native","Bronze","Ouro",,"Estação Ecológica Juréia-Itatins, Serra dos Itatins"
"ESTAÇÃO ECOLÓGICA JURÉIA-ITATINS","Angiosperms","Rubiaceae","Guettarda","viburnoides","Cham. & Schltdl.","RUBIACEAE Guettarda viburnoides Cham. & Schltdl.","247886","GBIF","SP","Silva, S.J.G.","180","Native","Ouro","Ouro",,"Estação Ecológica Juréia-Itatins, Serra da Juréia, trilha do Imperador, próximo a Cachoeira do Senhor"
"ESTAÇÃO ECOLÓGICA JURÉIA-ITATINS","Angiosperms","Rubiaceae","Hexasepalum","apiculatum","(Willd.) Delprete & J.H.Kirkbr.","RUBIACEAE Hexasepalum apiculatum (Willd.) Delprete & J.H.Kirkbr.","291601","GBIF","SP","Anunciacao, E.A.","659","Native","Bronze","Ouro",,"Estação Ecológica Juréia-Itatins, Serra da Juréia, praia do Rio Verde, em direção ao Rio verde"
"ESTAÇÃO ECOLÓGICA JURÉIA-ITATINS","Angiosperms","Rubiaceae","Hexasepalum","radula","(Willd.) Delprete & J.H.Kirkbr.","RUBIACEAE Hexasepalum radula (Willd.) Delprete & J.H.Kirkbr.","SPSF00054552","Splink","SPSF",,"8826","Native","Bronze","Ouro",,"Formação Pioneira de Influência Marinha Arbustiva (escrube de restinga). Estação Ecológica Jureia-Itatins. Praia da base do Rio Verde."
"ESTAÇÃO ECOLÓGICA JURÉIA-ITATINS","Angiosperms","Rubiaceae","Hillia","illustris","(Vell.) K.Schum.","RUBIACEAE Hillia illustris (Vell.) K.Schum.","249113","GBIF","SP","Rossi, L.","876","Native","Ouro","Ouro",,"Estação Ecológica Juréia-Itatins, Proximidades da Cachoeira do Salto"
"ESTAÇÃO ECOLÓGICA JURÉIA-ITATINS","Angiosperms","Rubiaceae","Hillia","parasitica","Jacq.","RUBIACEAE Hillia parasitica Jacq.","253043","GBIF","SP","Aragaki, S.","10","Native","Ouro","Ouro",,"Estação Ecológica Juréia-Itatins, Margens do Pocinho"
"ESTAÇÃO ECOLÓGICA JURÉIA-ITATINS","Angiosperms","Rubiaceae","Ixora","burchelliana","Müll.Arg.","RUBIACEAE Ixora burchelliana Müll.Arg.","237667","GBIF","SP","Rossi, L.","535","Native","Ouro","Ouro",,"Reserva Ecológica Juréia-Itatins, Trilha em direção ao pocinho"
"ESTAÇÃO ECOLÓGICA JURÉIA-ITATINS","Angiosperms","Rubiaceae","Ixora","gardneriana","Benth.","RUBIACEAE Ixora gardneriana Benth.","268706","GBIF","SP","Anunciacao, E.A.","392","Native","Ouro","Ouro",,"Estaçao Ecológica Juréia-Itatins, Serra da Juréia"
"ESTAÇÃO ECOLÓGICA JURÉIA-ITATINS","Angiosperms","Rubiaceae","Malanea","forsteronioides","Müll.Arg.","RUBIACEAE Malanea forsteronioides Müll.Arg.","106009","Splink","ICN",,"7321","Native","Ouro","Ouro",,"Estação Ecológica Juréia-Itatins"
"ESTAÇÃO ECOLÓGICA JURÉIA-ITATINS","Angiosperms","Rubiaceae","Manettia",,"Mutis ex L.","RUBIACEAE Manettia Mutis ex L.","272066","GBIF","SP","Anunciacao, E.A.","509",,"Ouro","Ouro",,"Estação Ecológica Juréia-Itatins, Serra dos Itatins, picada entre o alojamento do Núcleo Despraiado e o alto da Serra, mata de encosta bem preservada"
"ESTAÇÃO ECOLÓGICA JURÉIA-ITATINS","Angiosperms","Rubiaceae","Oldenlandia","corymbosa","L.","RUBIACEAE Oldenlandia corymbosa L.","290594","GBIF","SP","Nicolau, S.A.","963","Naturalized","Ouro","Ouro",,"Estação Ecológica Juréia-Itatins, Área próxima ao Rio Verde"
"ESTAÇÃO ECOLÓGICA JURÉIA-ITATINS","Angiosperms","Rubiaceae","Palicourea","brachypoda","(Müll.Arg.) L.B.Sm. & Downs","RUBIACEAE Palicourea brachypoda (Müll.Arg.) L.B.Sm. & Downs","177030","GBIF","UB","Rodrigues, R.R.","15678","Native","Ouro","Ouro",,"Estação Ecológica de Juréia."
"ESTAÇÃO ECOLÓGICA JURÉIA-ITATINS","Angiosperms","Rubiaceae","Palicourea","deflexa","(DC.) Borhidi","RUBIACEAE Palicourea deflexa (DC.) Borhidi","277183","GBIF","SP","Cordeiro, I.","1499","Native","Bronze","Ouro",,"Estação Ecológica Juréia-Itatins, Guarauzinho, trilha dos Caçadores, mata pluvial tropical de encosta"
"ESTAÇÃO ECOLÓGICA JURÉIA-ITATINS","Angiosperms","Rubiaceae","Palicourea","forsteronioides","(Müll.Arg.) C.M.Taylor","RUBIACEAE Palicourea forsteronioides (Müll.Arg.) C.M.Taylor","268769","GBIF","SP","Anunciacao, E.A.","466","Native","Bronze","Ouro",,"Estação Ecológica Juréia-Itatins, Serra da Juréia, margem do Rio Verde"
"ESTAÇÃO ECOLÓGICA JURÉIA-ITATINS","Angiosperms","Rubiaceae","Palicourea","hoffmannseggiana","(Roem. & Schult.) Borhidi","RUBIACEAE Palicourea hoffmannseggiana (Roem. & Schult.) Borhidi","347685","GBIF","SP","Anunciacao, E.A.","770","Native","Bronze","Ouro",,"Estação Ecológica Juréia-Itatins, Serra da Juréia, alto do topo do morro"
"ESTAÇÃO ECOLÓGICA JURÉIA-ITATINS","Angiosperms","Rubiaceae","Palicourea","mamillaris","(Müll.Arg.) C.M.Taylor","RUBIACEAE Palicourea mamillaris (Müll.Arg.) C.M.Taylor","45057","GBIF","SPSF","Moura, C.","393","Native","Bronze","Ouro",,"Estação Ecológica Juréia-Itatins"
"ESTAÇÃO ECOLÓGICA JURÉIA-ITATINS","Angiosperms","Rubiaceae","Posoqueria","acutifolia","Mart.","RUBIACEAE Posoqueria acutifolia Mart.","258549","GBIF","SP","Anunciacao, E.A.","188","Native","Ouro","Ouro",,"Estação Ecológica Juréia-Itatins, Serra da Juréia, pocinho do Rio Verde"
"ESTAÇÃO ECOLÓGICA JURÉIA-ITATINS","Angiosperms","Rubiaceae","Posoqueria","latifolia","(Rudge) Schult.","RUBIACEAE Posoqueria latifolia (Rudge) Schult.","103992","Splink","ICN",,"7336","Native","Prata","Ouro",,"Estação Ecológica Juréia"
"ESTAÇÃO ECOLÓGICA JURÉIA-ITATINS","Angiosperms","Rubiaceae","Psychotria","brachyceras","Müll.Arg.","RUBIACEAE Psychotria brachyceras Müll.Arg.","277312","GBIF","SP","Anunciacao, E.A.","617","Native","Ouro","Ouro",,"Estação Ecológica Juréia-Itatins, Serra da Juréia, praia da Juréia, arredores do Posto de fiscalização da SEMA, local alagado"
"ESTAÇÃO ECOLÓGICA JURÉIA-ITATINS","Angiosperms","Rubiaceae","Psychotria","carthagenensis","Jacq.","RUBIACEAE Psychotria carthagenensis Jacq.","UNIP04219","GBIF","UNIP","Souza, V.C.","9445","Native","Ouro","Ouro","jbrj-public.s3-sa-east-1.amazonaws.com/fsi/server?type=image&source=DZI/unip/unip/0/0/42/19/unip00004219.dzi","Estação Ecológica da Juréia. Arredores da foz do Rio Guaraú."
"ESTAÇÃO ECOLÓGICA JURÉIA-ITATINS","Angiosperms","Rubiaceae","Psychotria","hastisepala","Müll.Arg.","RUBIACEAE Psychotria hastisepala Müll.Arg.","347677","GBIF","SP","Anunciacao, E.A.","778","Native","Ouro","Ouro",,"Estação Ecológica Juréia-Itatins, Serra da Juréia"
"ESTAÇÃO ECOLÓGICA JURÉIA-ITATINS","Angiosperms","Rubiaceae","Psychotria","laciniata","Vell.","RUBIACEAE Psychotria laciniata Vell.","MBM153663","Splink","MBM",,"7348","Native","Prata","Ouro",,"Estação Ecológica da Juréia."
"ESTAÇÃO ECOLÓGICA JURÉIA-ITATINS","Angiosperms","Rubiaceae","Psychotria","leiocarpa","Cham. & Schltdl.","RUBIACEAE Psychotria leiocarpa Cham. & Schltdl.","106044","Splink","ICN",,"7395","Native","Ouro","Ouro",,"Estação Ecológica Juréia."
"ESTAÇÃO ECOLÓGICA JURÉIA-ITATINS","Angiosperms","Rubiaceae","Psychotria","leitana","C.M.Taylor","RUBIACEAE Psychotria leitana C.M.Taylor","MBM170400","Splink","MBM",,"7609","Native","Ouro","Ouro",,"Estação Ecológica da Juréia."
"ESTAÇÃO ECOLÓGICA JURÉIA-ITATINS","Angiosperms","Rubiaceae","Psychotria","nemorosa","Gardner","RUBIACEAE Psychotria nemorosa Gardner","002333","GBIF","HUFABC","Barretto, E.H.P.","1598","Native","Bronze","Bronze","https://images.cria.org.br/viewer/HUFABC002333","Parelheiros., Mata."
"ESTAÇÃO ECOLÓGICA JURÉIA-ITATINS","Angiosperms","Rubiaceae","Psychotria","nuda","(Cham. & Schltdl.) Wawra","RUBIACEAE Psychotria nuda (Cham. & Schltdl.) Wawra","PMSP008079","GBIF","PMSP","Mamede, M.C.H.","591","Native","Ouro","Ouro","jbrj-public.s3.amazonaws.com/fsi/server?type=image&source=DZI/pmsp/pmsp/0/0/80/79/pmsp00008079.dzi","Estação Ecológica Juréia-Itatins, Serra do Guarauzinho"
"ESTAÇÃO ECOLÓGICA JURÉIA-ITATINS","Angiosperms","Rubiaceae","Psychotria","pedunculosa","Rich.","RUBIACEAE Psychotria pedunculosa Rich.","347679","GBIF","SP","Anunciacao, E.A.","776","Native","Bronze","Ouro",,"Estação Ecológica Juréia-Itatins, Serra da Juréia"
"ESTAÇÃO ECOLÓGICA JURÉIA-ITATINS","Angiosperms","Rubiaceae","Psychotria","pubigera","Schltdl.","RUBIACEAE Psychotria pubigera Schltdl.","338330","GBIF","SP","Anunciacao, E.A.","691","Native","Ouro","Ouro",,"Estação Ecológica Juréia-Itatins, Serra da Juréia, caminho do Imperador"
"ESTAÇÃO ECOLÓGICA JURÉIA-ITATINS","Angiosperms","Rubiaceae","Psychotria","stachyoides","Benth.","RUBIACEAE Psychotria stachyoides Benth.","247651","GBIF","SP","Rossi, L.","784","Native","Ouro","Ouro",,"Estação Ecológica Juréia-Itatins, Alto do morro próximo ao alojamento, mata baixa de topo de morro"
"ESTAÇÃO ECOLÓGICA JURÉIA-ITATINS","Angiosperms","Rubiaceae","Psychotria","suterella","Müll.Arg.","RUBIACEAE Psychotria suterella Müll.Arg.","277310","GBIF","SP","Anunciacao, E.A.","620","Native","Ouro","Ouro",,"Estação Ecológica Juréia-Itatins, Serra da Juréia, trilha para a Figueira Grande"
"ESTAÇÃO ECOLÓGICA JURÉIA-ITATINS","Angiosperms","Rubiaceae","Randia","armata","(Sw.) DC.","RUBIACEAE Randia armata (Sw.) DC.","250047","GBIF","SP","Melo, M.M.R.F.","971","Native","Ouro","Ouro",,"Estação Ecológica Juréia-Itatins, Serra da Juréia, ás margens do Rio Verde em direção á Foz, mata"
"ESTAÇÃO ECOLÓGICA JURÉIA-ITATINS","Angiosperms","Rubiaceae","Rudgea","coriacea","(Spreng.) K.Schum.","RUBIACEAE Rudgea coriacea (Spreng.) K.Schum.","291606","GBIF","SP","Anunciacao, E.A.","656","Native","Ouro","Ouro",,"Estação Ecológica Juréia-Itatins, estrada"
"ESTAÇÃO ECOLÓGICA JURÉIA-ITATINS","Angiosperms","Rubiaceae","Rudgea","coronata","(Vell.) Müll.Arg.","RUBIACEAE Rudgea coronata subsp. coronata (Vell.) Müll.Arg.","286109","GBIF","SP","Anunciacao, E.A.","588","Native","Ouro","Ouro",,"Estação Ecológica Juréia-Itatins, Trilha do Imperador em direção a Praia da Juréia"
"ESTAÇÃO ECOLÓGICA JURÉIA-ITATINS","Angiosperms","Rubiaceae","Rudgea","jasminoides","Zappi & Anunc.","RUBIACEAE Rudgea jasminoides subsp. nervosa Zappi & Anunc.","291899","GBIF","SP","Anunciacao, E.A.","629","Native","Ouro","Ouro",,"Estação Ecológica Juréia-Itatins, Serra da Juréia, trilha para o morrinho"
"ESTAÇÃO ECOLÓGICA JURÉIA-ITATINS","Angiosperms","Rubiaceae","Rudgea","recurva","Müll.Arg.","RUBIACEAE Rudgea recurva Müll.Arg.","53975","GBIF","SPSF","Moura, C.","499","Native","Prata","Bronze",,
"ESTAÇÃO ECOLÓGICA JURÉIA-ITATINS","Angiosperms","Rubiaceae","Rustia","formosa","(Cham. & Schltdl.) Klotzsch","RUBIACEAE Rustia formosa (Cham. & Schltdl.) Klotzsch","156895","GBIF","UEC","Queiroz, L.P.","4493","Native","Ouro","Ouro","https://images.cria.org.br/viewer/UEC008854","Estação Ecológica Juréia-Itatins.Trilha do Imperador, ca. 1 - 5 Km S do Rio Verde"
"ESTAÇÃO ECOLÓGICA JURÉIA-ITATINS","Angiosperms","Rubiaceae","Sabicea",,"Aubl.","RUBIACEAE Sabicea Aubl.","120312","Splink","ICN",,"6965",,"Latão","Ouro",,"Estação Ecológica da Juréia"
"ESTAÇÃO ECOLÓGICA JURÉIA-ITATINS","Angiosperms","Rubiaceae","Tocoyena","brasiliensis","Mart.","RUBIACEAE Tocoyena brasiliensis Mart.","345406","GBIF","SP","Cordeiro, I.","1989","Native","Ouro","Ouro",,"Estação Ecológica Juréia-Itatins, Núcleo Guarau, praia do Arpoador"
"ESTAÇÃO ECOLÓGICA JURÉIA-ITATINS","Angiosperms","Rubiaceae","Tocoyena","sellowiana","(Cham. & Schltdl.) K.Schum.","RUBIACEAE Tocoyena sellowiana (Cham. & Schltdl.) K.Schum.","338993","GBIF","SP","Anunciacao, E.A.","689","Native","Ouro","Ouro",,"Estação Ecológica Juréia-Itatins, Serra da Juréia, caminho do Imperador"
"ESTAÇÃO ECOLÓGICA JURÉIA-ITATINS","Angiosperms","Rutaceae","Citrus","aurantiifolia","(Christm.) Swingle","RUTACEAE Citrus aurantiifolia (Christm.) Swingle","329503","GBIF","SP","Favero, O.A.","s.n.","Cultivated","Prata","Ouro",,"Estação Ecológica Juréia-Itatins, Rio Comprido, Sítio do Palial"
"ESTAÇÃO ECOLÓGICA JURÉIA-ITATINS","Angiosperms","Rutaceae","Conchocarpus","fontanesianus","(A. St.-Hil.) Kallunki & Pirani","RUTACEAE Conchocarpus fontanesianus (A. St.-Hil.) Kallunki & Pirani","149245","GBIF","SPF","Cordeiro, I.","2733","Native","Ouro","Ouro","https://images.cria.org.br/viewer/SPF00149245","Estação Ecológica Juréia-Itatins, Núcleo Arpoador, Morro Cabeça do Fernando, Floresta Ombrófila da Encosta."
"ESTAÇÃO ECOLÓGICA JURÉIA-ITATINS","Angiosperms","Rutaceae","Esenbeckia","grandiflora","Mart.","RUTACEAE Esenbeckia grandiflora var. grandiflora Mart.","269113","Splink","SP",,"1379","Native","Ouro","Ouro",,"Estação Ecológica Juréia-Itatins, Serra da Juréia, trilha para a Cachoeira do Salto, mata pluvial de planície"
"ESTAÇÃO ECOLÓGICA JURÉIA-ITATINS","Angiosperms","Rutaceae","Metrodorea","nigra","A.St.-Hil.","RUTACEAE Metrodorea nigra A.St.-Hil.","SPSF00024953","Splink","SPSF",,"311","Native","Ouro","Ouro",,"Reserva Ecológica Juréia-Itatins, Trilha para a Figueira Grande, mata"
"ESTAÇÃO ECOLÓGICA JURÉIA-ITATINS","Angiosperms","Rutaceae","Neoraputia","magnifica","(Engl.) Emmerich ex Kallunki","RUTACEAE Neoraputia magnifica (Engl.) Emmerich ex Kallunki","SPSF00024941","Splink","SPSF",,"1492","Native","Ouro","Ouro",,"Estação Ecológica Juréia-Itatins, Alto da cachoeira Grande, mata de encosta."
"ESTAÇÃO ECOLÓGICA JURÉIA-ITATINS","Angiosperms","Rutaceae","Pilocarpus","pauciflorus","A.St.-Hil.","RUTACEAE Pilocarpus pauciflorus subsp. pauciflorus A.St.-Hil.","46655","GBIF","SPF","Cordeiro, I.","s.n.","Native","Ouro","Ouro","https://images.cria.org.br/viewer/SPF00046655","Estação Ecológica Juréia-Itatins"
"ESTAÇÃO ECOLÓGICA JURÉIA-ITATINS","Angiosperms","Rutaceae","Pilocarpus","spicatus","A.St.-Hil.","RUTACEAE Pilocarpus spicatus A.St.-Hil.","SPSF00024951","Splink","SPSF",,"237","Native","Ouro","Ouro",,"Reserva Ecológica Juréia-Itatins, Trilha em direção ao Poço, interior da mata"
"ESTAÇÃO ECOLÓGICA JURÉIA-ITATINS","Angiosperms","Rutaceae","Raputia",,"Aubl.","RUTACEAE Raputia Aubl.","120290","Splink","ICN",,"7465",,"Latão","Ouro",,"Estação Ecológica da Juréia"
"ESTAÇÃO ECOLÓGICA JURÉIA-ITATINS","Angiosperms","Rutaceae","Ruta","graveolens","L.","RUTACEAE Ruta graveolens L.","329498","GBIF","SP","Favero, O.A.","141","Cultivated","Prata","Ouro",,"Estação Ecológica Juréia-Itatins, Cachoeira do Guilherme, quintal do Sr. Pradel e da Paula"
"ESTAÇÃO ECOLÓGICA JURÉIA-ITATINS","Angiosperms","Rutaceae","Zanthoxylum","rhoifolium","Lam.","RUTACEAE Zanthoxylum rhoifolium Lam.","329499","GBIF","SP","Favero, O.A.","160","Native","Prata","Ouro",,"Estação Ecológica Juréia-Itatins, Caminho para a Cachoeira do Guilherme"
"ESTAÇÃO ECOLÓGICA JURÉIA-ITATINS","Angiosperms","Sabiaceae","Meliosma","sellowii","Urb.","SABIACEAE Meliosma sellowii Urb.","45036","GBIF","SPSF","Moura, C.","384","Native","Bronze","Bronze",,"Serra de Peruíbe"
"ESTAÇÃO ECOLÓGICA JURÉIA-ITATINS","Angiosperms","Salicaceae","Casearia","decandra","Jacq.","SALICACEAE Casearia decandra Jacq.","SPSF00024093","Splink","SPSF",,"1223","Native","Ouro","Ouro",,"Estação Ecológica Juréia-Itatins, Subida para o alto do morro próximo ao alojamento"
"ESTAÇÃO ECOLÓGICA JURÉIA-ITATINS","Angiosperms","Salicaceae","Casearia","obliqua","Spreng.","SALICACEAE Casearia obliqua Spreng.","SPSF00024070","Splink","SPSF",,"643","Native","Ouro","Ouro",,"Estação Ecológica Juréia-Itatins, Serra da Juréia, caminho do Imperador em direção a praia da Juréia, mata de encosta"
"ESTAÇÃO ECOLÓGICA JURÉIA-ITATINS","Angiosperms","Salicaceae","Casearia","paranaensis","Sleumer","SALICACEAE Casearia paranaensis Sleumer","SPSF00024074","Splink","SPSF",,"545","Native","Ouro","Ouro",,"Estação Ecológica Juréia-Itatins, Serra da Juréia, trilha para o morrinho, próximo ao primeiro paredão"
"ESTAÇÃO ECOLÓGICA JURÉIA-ITATINS","Angiosperms","Salicaceae","Casearia","sylvestris","Sw.","SALICACEAE Casearia sylvestris Sw.","248138","GBIF","SP","Anunciacao, E.A.","44","Native","Ouro","Ouro",,"Estação Ecológica Juréia-Itatins, Serra da Juréia, trilha do imperador"
"ESTAÇÃO ECOLÓGICA JURÉIA-ITATINS","Angiosperms","Salicaceae","Xylosma","glaberrima","Sleumer","SALICACEAE Xylosma glaberrima Sleumer","SPSF00024076","Splink","SPSF",,"657","Native","Ouro","Ouro",,"Estação Ecológica Juréia-Itatins, Trilha em direção ao Pocinho"
"ESTAÇÃO ECOLÓGICA JURÉIA-ITATINS","Angiosperms","Santalaceae","Phoradendron","crassifolium","(Pohl ex DC.) Eichler","SANTALACEAE Phoradendron crassifolium (Pohl ex DC.) Eichler","329461","GBIF","SP","Favero, O.A.","454","Native","Prata","Ouro",,"Estação Ecológica Juréia-Itatins, estrada para o Grajaúna"
"ESTAÇÃO ECOLÓGICA JURÉIA-ITATINS","Angiosperms","Santalaceae","Phoradendron","perrottetii","(DC.) Eichler","SANTALACEAE Phoradendron perrottetii (DC.) Eichler","SPSF00025093","Splink","SPSF",,"123","Native","Ouro","Ouro",,"Estação Ecológica Juréia-Itatins, trilha para o Caminho do Imperador"
"ESTAÇÃO ECOLÓGICA JURÉIA-ITATINS","Angiosperms","Santalaceae","Phoradendron","piperoides","(Kunth) Trel.","SANTALACEAE Phoradendron piperoides (Kunth) Trel.","250027","GBIF","SP","Melo, M.M.R.F.","935","Native","Bronze","Ouro",,"Estação Ecológica Juréia-Itatins, Serra da Juréia, trilha do Imperador, em direção a Praia da Juréia, mata"
"ESTAÇÃO ECOLÓGICA JURÉIA-ITATINS","Angiosperms","Sapindaceae","Allophylus","petiolulatus","Radlk.","SAPINDACEAE Allophylus petiolulatus Radlk.","57150","GBIF","SPSF","Ottra, J.H.L.E.","252","Native","Bronze","Bronze",,"Estação Ecológica Juréia - Itatins"
"ESTAÇÃO ECOLÓGICA JURÉIA-ITATINS","Angiosperms","Sapindaceae","Cupania","oblongifolia","Mart.","SAPINDACEAE Cupania oblongifolia Mart.","SPSF00024962","Splink","SPSF",,"1167","Native","Ouro","Ouro",,"Estação Ecológica Juréia-Itatins, Serra da Juréia"
"ESTAÇÃO ECOLÓGICA JURÉIA-ITATINS","Angiosperms","Sapindaceae","Matayba","guianensis","Aubl.","SAPINDACEAE Matayba guianensis Aubl.","ICN00002469","Splink","ICN",,"7352","Native","Ouro","Ouro",,"Estação Ecológica Juréia-Itatins, Mata Atlântica, em beira de mata (mata do Apolinário)"
"ESTAÇÃO ECOLÓGICA JURÉIA-ITATINS","Angiosperms","Sapindaceae","Matayba","intermedia","Radlk.","SAPINDACEAE Matayba intermedia Radlk.","ICN00002526","Splink","ICN",,"7343","Native","Ouro","Ouro",,"Estação Ecológica Juréia-Itatins, Mata Atlântica, em beira de mata (mata do Apolinário)"
"ESTAÇÃO ECOLÓGICA JURÉIA-ITATINS","Angiosperms","Sapindaceae","Matayba","juglandifolia","(Cambess.) Radlk.","SAPINDACEAE Matayba juglandifolia (Cambess.) Radlk.","SPSF00025013","Splink","SPSF",,"137","Native","Ouro","Ouro",,"Estação Ecológica Juréia-Itatins, Serra da Juréia, trilha do Imperador, em direção a Praia do Rio verde"
"ESTAÇÃO ECOLÓGICA JURÉIA-ITATINS","Angiosperms","Sapindaceae","Paullinia","coriacea","Casar.","SAPINDACEAE Paullinia coriacea Casar.","SPSF00025014","Splink","SPSF",,"1566","Native","Ouro","Ouro",,"Estação Ecológica Juréia-Itatins, Margem do Rio verde"
"ESTAÇÃO ECOLÓGICA JURÉIA-ITATINS","Angiosperms","Sapindaceae","Paullinia","meliifolia","Juss.","SAPINDACEAE Paullinia meliifolia Juss.","SPSF00024996","Splink","SPSF",,"480","Native","Ouro","Ouro",,"Estação Ecológica Juréia-Itatins, Serra da Juréia, praia do Una, área de restinga entre os rios Verde e Una do prelado, mata pluvial de planície"
"ESTAÇÃO ECOLÓGICA JURÉIA-ITATINS","Angiosperms","Sapindaceae","Paullinia","seminuda","Radlk.","SAPINDACEAE Paullinia seminuda Radlk.","SPSF00025018","Splink","SPSF",,"1045","Native","Ouro","Ouro",,"Estação Ecológica Juréia-Itatins, Mata de planície, às margens do rio verde, próxima ao alojamento da S.M.A."
"ESTAÇÃO ECOLÓGICA JURÉIA-ITATINS","Angiosperms","Sapindaceae","Paullinia","trigonia","Vell.","SAPINDACEAE Paullinia trigonia Vell.","SPSF00025026","Splink","SPSF",,"252","Native","Ouro","Ouro",,"Estação Ecológica Juréia-Itatins, Margens do Rio Verde, próximo ao alojamento"
"ESTAÇÃO ECOLÓGICA JURÉIA-ITATINS","Angiosperms","Sapindaceae","Urvillea","laevis","Radlk.","SAPINDACEAE Urvillea laevis Radlk.","SPSF00024988","Splink","SPSF",,"1287","Native","Ouro","Ouro",,"Estação Ecológica Juréia-Itatins, Ilha de areia em frente ao alojamento"
"ESTAÇÃO ECOLÓGICA JURÉIA-ITATINS","Angiosperms","Sapotaceae","Chloroluma","viridis","(Mart. & Eichler ex Miq.) Aubrév.","SAPOTACEAE Chloroluma viridis (Mart. & Eichler ex Miq.) Aubrév.","SPSF00024986","Splink","SPSF",,"896","Native","Bronze","Ouro",,"Estação Ecológica Juréia-Itatins, Trilha para a Figueira Grande, mata"
"ESTAÇÃO ECOLÓGICA JURÉIA-ITATINS","Angiosperms","Sapotaceae","Chrysophyllum","flexuosum","Mart.","SAPOTACEAE Chrysophyllum flexuosum Mart.","117041","GBIF","HUEFS","Catharino, E.L.M.","583","Native","Ouro","Ouro","https://images.cria.org.br/viewer/HUEFS0117041","Estação Ecológica Juréia-Itatins, beira do córrego da Cachoeira Grande"
"ESTAÇÃO ECOLÓGICA JURÉIA-ITATINS","Angiosperms","Sapotaceae","Chrysophyllum","inornatum","Mart.","SAPOTACEAE Chrysophyllum inornatum Mart.","352624","GBIF","SP","Rossi, L.","s.n.","Native","Prata","Ouro",,"Estação Ecológica Juréia-Itatins, Núcleo Rio Verde"
"ESTAÇÃO ECOLÓGICA JURÉIA-ITATINS","Angiosperms","Sapotaceae","Chrysophyllum","paranaense","T.D.Penn.","SAPOTACEAE Chrysophyllum paranaense T.D.Penn.","SPSF00025035","Splink","SPSF",,"763","Native","Ouro","Ouro",,"Estação Ecológica Juréia-Itatins, Serra da Juréia, trilha para o pocinho"
"ESTAÇÃO ECOLÓGICA JURÉIA-ITATINS","Angiosperms","Sapotaceae","Ecclinusa","ramiflora","Mart.","SAPOTACEAE Ecclinusa ramiflora Mart.","268742","GBIF","SP","Anunciacao, E.A.","439","Native","Bronze","Ouro",,"Estação Ecológica Juréia-Itatins, Serra da Juréia, trilha para o Morrinho, mata de encosta"
"ESTAÇÃO ECOLÓGICA JURÉIA-ITATINS","Angiosperms","Sapotaceae","Manilkara","subsericea","(Mart.) Dubard","SAPOTACEAE Manilkara subsericea (Mart.) Dubard","262841","GBIF","SP","Anunciacao, E.A.","355","Native","Prata","Ouro",,"Estação Ecológica Juréia-Itatins, Serra da Juréia, alto da Cachoeira do Salto"
"ESTAÇÃO ECOLÓGICA JURÉIA-ITATINS","Angiosperms","Sapotaceae","Mimusops","coriacea","(A.DC.) Miq.","SAPOTACEAE Mimusops coriacea (A.DC.) Miq.","82755","GBIF","UEC","Souza, V.C.","547","Cultivated","Ouro","Ouro","https://images.cria.org.br/viewer/UEC045749","Estação Ecológica da Juréia, Barra do Una. Sobre rochas."
"ESTAÇÃO ECOLÓGICA JURÉIA-ITATINS","Angiosperms","Sapotaceae","Pouteria","beaurepairei","(Glaz. & Raunk.) Baehni","SAPOTACEAE Pouteria beaurepairei (Glaz. & Raunk.) Baehni","ESA011474","GBIF","ESA","Souza, V.C.","211","Native","Ouro","Ouro","jbrj-public.s3-sa-east-1.amazonaws.com/fsi/server?type=image&source=DZI/esa/esa/0/1/14/74/esa00011474.dzi","Estação Ecológica Juréia-Itatins, próximo à foz do rio Guaraú"
"ESTAÇÃO ECOLÓGICA JURÉIA-ITATINS","Angiosperms","Sapotaceae","Pouteria","caimito","(Ruiz & Pav.) Radlk.","SAPOTACEAE Pouteria caimito (Ruiz & Pav.) Radlk.","245441","GBIF","SP","Rossi, L.","676","Native","Ouro","Ouro",,"Estação Ecológica Juréia-Itatins, Trilha para o alto do morro próximo ao alojamento"
"ESTAÇÃO ECOLÓGICA JURÉIA-ITATINS","Angiosperms","Sapotaceae","Pouteria","psammophila","(Mart.) Radlk.","SAPOTACEAE Pouteria psammophila (Mart.) Radlk.","309289","GBIF","SP","Melo, M.M.R.F.","1219","Native","Bronze","Ouro",,"Estação Ecológica Juréia-Itatins, margens do rio Verde"
"ESTAÇÃO ECOLÓGICA JURÉIA-ITATINS","Angiosperms","Sapotaceae","Pouteria","venosa","T.D.Penn.","SAPOTACEAE Pouteria venosa subsp. amazonica T.D.Penn.","263383","GBIF","SP","Rossi, L.","1251","Native","Bronze","Ouro",,"Estação Ecológica Juréia-Itatins, Trilha do alojamento em direção ao caminho do Imperador"
"ESTAÇÃO ECOLÓGICA JURÉIA-ITATINS","Angiosperms","Sapotaceae","Pradosia","lactescens","(Vell.) Radlk.","SAPOTACEAE Pradosia lactescens (Vell.) Radlk.","244570","GBIF","SP","Rossi, L.","609","Native","Ouro","Ouro",,"Estação Ecológica Juréia-Itatins, trilha do pocinho do rio Verde"
"ESTAÇÃO ECOLÓGICA JURÉIA-ITATINS","Ferns and Lycophytes","Schizaeaceae","Actinostachys","pennula","(Sw.) Hook.","SCHIZAEACEAE Actinostachys pennula (Sw.) Hook.","83219","GBIF","HAS","Sobral, M.","7268","Native","Bronze","Ouro",,"Estação Ecológica Juréia-Itatins"
"ESTAÇÃO ECOLÓGICA JURÉIA-ITATINS","Ferns and Lycophytes","Schizaeaceae","Schizaea","elegans","(Vahl) Sw.","SCHIZAEACEAE Schizaea elegans (Vahl) Sw.","SPSF00054580","Splink","SPSF",,"8866","Native","Bronze","Ouro",,"Floresta Ombrófila Densa de Terras Baixas (floresta alta de restinga). Estação Ecológica Jureia-Itatins. Base Rio Verde, trilha da mangueira."
"ESTAÇÃO ECOLÓGICA JURÉIA-ITATINS","Ferns and Lycophytes","Selaginellaceae","Selaginella","flexuosa","Spring","SELAGINELLACEAE Selaginella flexuosa Spring","77892","GBIF","UPCB","Labiak, P.H.","338","Native","Bronze","Ouro","https://images.cria.org.br/viewer/UPCB0011157","Estação Ecológica Juréia Itatins, Serra da Juréia, trilha da Figueira."
"ESTAÇÃO ECOLÓGICA JURÉIA-ITATINS","Ferns and Lycophytes","Selaginellaceae","Selaginella","muscosa","Spring","SELAGINELLACEAE Selaginella muscosa Spring","914","GBIF","HUSC","Lopes, E.","1759","Native","Bronze","Bronze",,"Estação Ecológica Juréia-Guaraú"
"ESTAÇÃO ECOLÓGICA JURÉIA-ITATINS","Ferns and Lycophytes","Selaginellaceae","Selaginella","sulcata","(Desv. ex Poir.) Spring","SELAGINELLACEAE Selaginella sulcata (Desv. ex Poir.) Spring","RB00792828","GBIF","RB","Prado, J.","979","Native","Ouro","Ouro","jbrj-public-img.s3-sa-east-1.amazonaws.com/JPG/rb/0/79/28/28/00792828.jpg","Estação Ecológica da Juréia, Arpoador. Trilha do Imperador."
"ESTAÇÃO ECOLÓGICA JURÉIA-ITATINS",,"Sematophyllaceae","Aptychopsis","subpungifolia","(Broth.) Broth.","SEMATOPHYLLACEAE Aptychopsis subpungifolia (Broth.) Broth.","204770","GBIF","UB","Vital, D.M.","15507",,"Bronze","Ouro",,"Estação Ecológica da Juréia."
"ESTAÇÃO ECOLÓGICA JURÉIA-ITATINS",,"Sematophyllaceae","Brittonodoxa","lithophila","(Hornsch.) W.R.Buck, P.E.A.S.Câmara & Carv.-Silva","SEMATOPHYLLACEAE Brittonodoxa lithophila (Hornsch.) W.R.Buck, P.E.A.S.Câmara & Carv.-Silva","47179","GBIF","HUCS","Visnadi, S.R.","4501",,"Bronze","Ouro",,"Estação ecológica Juréia- Itatins, em Mata Atlântica."
"ESTAÇÃO ECOLÓGICA JURÉIA-ITATINS",,"Sematophyllaceae","Brittonodoxa","subpinnata","(Brid.) W.R.Buck, P.E.A.S.Câmara & Carv.-Silva","SEMATOPHYLLACEAE Brittonodoxa subpinnata (Brid.) W.R.Buck, P.E.A.S.Câmara & Carv.-Silva","4730","GBIF","HUSC","Paixao, R.C.","1",,"Bronze","Bronze",,"Trilha do Costão."
"ESTAÇÃO ECOLÓGICA JURÉIA-ITATINS",,"Sematophyllaceae","Microcalpe","subsimplex","(Hedw.) W.R.Buck","SEMATOPHYLLACEAE Microcalpe subsimplex (Hedw.) W.R.Buck","001714","GBIF","HUFABC","Vital, D.M.","15450",,"Latão","Ouro","https://images.cria.org.br/viewer/HUFABC001714","Estação Ecológica da Juréia"
"ESTAÇÃO ECOLÓGICA JURÉIA-ITATINS",,"Sematophyllaceae","Trichosteleum","fluviale","(Mitt.) A.Jaeger","SEMATOPHYLLACEAE Trichosteleum fluviale (Mitt.) A.Jaeger","4746","GBIF","HUSC","Paixao, R.C.","17",,"Bronze","Bronze",,"Trilha do Costão."
"ESTAÇÃO ECOLÓGICA JURÉIA-ITATINS",,"Sematophyllaceae","Trichosteleum","papillosum","(Hornsch.) A.Jaeger","SEMATOPHYLLACEAE Trichosteleum papillosum (Hornsch.) A.Jaeger","204787","GBIF","UB","Yano, O.","22929",,"Latão","Ouro",,"Estação Ecológica Juréia-Itatins."
"ESTAÇÃO ECOLÓGICA JURÉIA-ITATINS","Angiosperms","Smilacaceae","Smilax","elastica","Griseb.","SMILACACEAE Smilax elastica Griseb.","SPSF00010681","Splink","SPSF",,"167","Native","Bronze","Ouro",,"Estação Ecológica Juréia-Itatins, Serra da Juréia, caminho do Imperador em direção a Praia da Juréia"
"ESTAÇÃO ECOLÓGICA JURÉIA-ITATINS","Angiosperms","Smilacaceae","Smilax","rufescens","Griseb.","SMILACACEAE Smilax rufescens Griseb.","SPSF00024378","Splink","SPSF",,"79","Native","Ouro","Ouro",,"Estação Ecológica Juréia-Itatins, Margem do rio verde"
"ESTAÇÃO ECOLÓGICA JURÉIA-ITATINS","Angiosperms","Solanaceae","Athenaea","fasciculata","(Vell.) I.M.C. Rodrigues & Stehmann","SOLANACEAE Athenaea fasciculata (Vell.) I.M.C. Rodrigues & Stehmann","268556","GBIF","SP","Anunciacao, E.A.","490","Native","Ouro","Ouro",,"Estação Ecológica Juréia-Itatins, Serra da Juréia, praia do Una, área de restinga entre os rios Verde e Una do prelado, mata pluvial de planície"
"ESTAÇÃO ECOLÓGICA JURÉIA-ITATINS","Angiosperms","Solanaceae","Aureliana","fasciculata","(Vell.) Sendtn.","SOLANACEAE Aureliana fasciculata var. fasciculata (Vell.) Sendtn.","ICN00002011","Splink","ICN",,"7480",,"Bronze","Ouro",,"Estação Ecológica da Juréia"
"ESTAÇÃO ECOLÓGICA JURÉIA-ITATINS","Angiosperms","Solanaceae","Brugmansia","suaveolens","(Willd.) Sweet","SOLANACEAE Brugmansia suaveolens (Willd.) Sweet","329543","GBIF","SP","Favero, O.A.","233","Naturalized","Prata","Ouro",,"Estação Ecológica Juréia-Itatins, Rio Comprido, em frente à casa do Sr. Miguel"
"ESTAÇÃO ECOLÓGICA JURÉIA-ITATINS","Angiosperms","Solanaceae","Brunfelsia","cuneifolia","J.A.Schmidt","SOLANACEAE Brunfelsia cuneifolia J.A.Schmidt","33703","GBIF","UEC","Rodrigues, R.R.","14943","Native","Bronze","Bronze","https://images.cria.org.br/viewer/UEC198462","Est. Ecol. de Juréia."
"ESTAÇÃO ECOLÓGICA JURÉIA-ITATINS","Angiosperms","Solanaceae","Brunfelsia","pauciflora","(Cham. & Schltdl.) Benth.","SOLANACEAE Brunfelsia pauciflora (Cham. & Schltdl.) Benth.","NY00655924","Splink","NY",,"14943","Native","Latão","Bronze",,"Est. Ecol. de Juréia."
"ESTAÇÃO ECOLÓGICA JURÉIA-ITATINS","Angiosperms","Solanaceae","Brunfelsia","uniflora","(Pohl) D.Don","SOLANACEAE Brunfelsia uniflora (Pohl) D.Don","HSTM00007859","Reflora","FURB","Garcia, R.J.F.","1890","Native","Ouro","Ouro",,"Estação Ecológica Jureia-Itatins, trilha para cachoeira do salto."
"ESTAÇÃO ECOLÓGICA JURÉIA-ITATINS","Angiosperms","Solanaceae","Capsicum","annuum","L.","SOLANACEAE Capsicum annuum L.","149512","GBIF","UEC","Souza, P.T.","25","Cultivated","Bronze","Bronze","https://images.cria.org.br/viewer/UEC042182","Fazenda Ituaú - Terra de Gigantes, Estrada Velha Salto Capivari, km 7"
"ESTAÇÃO ECOLÓGICA JURÉIA-ITATINS","Angiosperms","Solanaceae","Capsicum","baccatum","L.","SOLANACEAE Capsicum baccatum L.","149514","GBIF","UEC","Souza, P.T.","27","Native","Bronze","Bronze","https://images.cria.org.br/viewer/UEC042188","Fazenda Ituaú - Terra de Gigantes, Estrada Velha Salto Capivari, km 7"
"ESTAÇÃO ECOLÓGICA JURÉIA-ITATINS","Angiosperms","Solanaceae","Capsicum","chinense","Jacq.","SOLANACEAE Capsicum chinense Jacq.","149517","GBIF","UEC","Souza, P.T.","20","Naturalized","Bronze","Bronze","https://images.cria.org.br/viewer/UEC042315","Fazenda Ituaú - Terra de Gigantes, Estrada Velha Salto Capivari, km 7"
"ESTAÇÃO ECOLÓGICA JURÉIA-ITATINS","Angiosperms","Solanaceae","Capsicum","pubescens","Ruiz & Pav.","SOLANACEAE Capsicum pubescens Ruiz & Pav.","149525","GBIF","UEC","Souza, P.T.","21","Cultivated","Bronze","Bronze","https://images.cria.org.br/viewer/UEC042317","Fazenda Ituaú - Terra de Gigantes, Estrada Velha Salto Capivari, km 7"
"ESTAÇÃO ECOLÓGICA JURÉIA-ITATINS","Angiosperms","Solanaceae","Cestrum","bracteatum","Link & Otto","SOLANACEAE Cestrum bracteatum Link & Otto","263101","GBIF","SP","Rossi, L.","1334","Native","Ouro","Ouro","https://images.cria.org.br/viewer/SP115429","Estação Ecológica Juréia-Itatins, Caminho do Imperador"
"ESTAÇÃO ECOLÓGICA JURÉIA-ITATINS","Angiosperms","Solanaceae","Cestrum","schlechtendalii","G.Don","SOLANACEAE Cestrum schlechtendalii G.Don","277316","GBIF","SP","Rapini, A.","16","Native","Ouro","Ouro",,"Estação Ecológica Juréia-Itatins, Serra da Juréia, trilha do Imperador em direção a Praia da Juréia"
"ESTAÇÃO ECOLÓGICA JURÉIA-ITATINS","Angiosperms","Solanaceae","Dyssochroma","viridiflorum","(Sims) Miers","SOLANACEAE Dyssochroma viridiflorum (Sims) Miers","268725","GBIF","SP","Anunciacao, E.A.","422","Native","Ouro","Ouro","https://images.cria.org.br/viewer/SP059927","Estação Ecológica Juréia-Itatins, Serra da Juréia, praia do Rio verde, costão rochoso"
"ESTAÇÃO ECOLÓGICA JURÉIA-ITATINS","Angiosperms","Solanaceae","Nicotiana","tabacum","L.","SOLANACEAE Nicotiana tabacum L.","329545","GBIF","SP","Favero, O.A.","262","Naturalized","Latão","Ouro",,"Estação Ecológica Juréia-Itatins, Rio Comprido, quintal da Nerci. Cultivada"
"ESTAÇÃO ECOLÓGICA JURÉIA-ITATINS","Angiosperms","Solanaceae","Physalis",,"L.","SOLANACEAE Physalis L.","RB00935763","GBIF","RB","Souza, V.C.","545",,"Latão","Ouro","jbrj-public-img.s3-sa-east-1.amazonaws.com/JPG/rb/0/93/57/63/00935763.jpg","Estação Ecológica da Juréia. Barra do Una."
"ESTAÇÃO ECOLÓGICA JURÉIA-ITATINS","Angiosperms","Solanaceae","Solanum","aculeatissimum","Jacq.","SOLANACEAE Solanum aculeatissimum Jacq.","ICN00035219","Splink","ICN",,"7357","Native","Ouro","Ouro",,"Estação Ecológica de Juréia."
"ESTAÇÃO ECOLÓGICA JURÉIA-ITATINS","Angiosperms","Solanaceae","Solanum","adspersum","Witasek","SOLANACEAE Solanum adspersum Witasek","ICN00035242","Splink","ICN",,"7581","Native","Ouro","Ouro",,"Estação Ecológica da Juréia"
"ESTAÇÃO ECOLÓGICA JURÉIA-ITATINS","Angiosperms","Solanaceae","Solanum","americanum","Mill.","SOLANACEAE Solanum americanum Mill.","329539","GBIF","SP","Favero, O.A.","219","Native","Latão","Ouro",,"Estação Ecológica Juréia-Itatins, Cachoeira do Guilherme próximo ao quintal da Paula"
"ESTAÇÃO ECOLÓGICA JURÉIA-ITATINS","Angiosperms","Solanaceae","Solanum","asperolanatum","Ruiz & Pav.","SOLANACEAE Solanum asperolanatum Ruiz & Pav.","329542","GBIF","SP","Favero, O.A.","702","Unknown","Prata","Ouro",,"Estação Ecológica Juréia-Itatins, Despraiado, no caminho da Cachoeira Dupla"
"ESTAÇÃO ECOLÓGICA JURÉIA-ITATINS","Angiosperms","Solanaceae","Solanum","capsicoides","All.","SOLANACEAE Solanum capsicoides All.","329547","GBIF","SP","Favero, O.A.","250","Native","Latão","Ouro",,"Estação Ecológica Juréia-Itatins, Rio Comprido, sítio do Palial"
"ESTAÇÃO ECOLÓGICA JURÉIA-ITATINS","Angiosperms","Solanaceae","Solanum","cinnamomeum","Sendtn.","SOLANACEAE Solanum cinnamomeum Sendtn.","SPF00193402","GBIF","University of São Paulo - Department of Botany","Lima, R.A.F.","88","Native","Ouro","Bronze",,"Parque Estadual Carlos Botelho"
"ESTAÇÃO ECOLÓGICA JURÉIA-ITATINS","Angiosperms","Solanaceae","Solanum","delicatulum","L.B.Sm. & Downs","SOLANACEAE Solanum delicatulum L.B.Sm. & Downs","ICN00036383","Reflora","ICN","Sobral, M.","7234","Native","Ouro","Ouro",,"Estação Ecológica de Juréia-Itatins"
"ESTAÇÃO ECOLÓGICA JURÉIA-ITATINS","Angiosperms","Solanaceae","Solanum","flaccidum","Vell.","SOLANACEAE Solanum flaccidum Vell.","345053","GBIF","SP","Cordeiro, I.","2255","Native","Ouro","Ouro","https://images.cria.org.br/viewer/SP116348","Estação Ecológica Juréia-Itatins, Núcleo Arpoador, mata ombrófila densa de encosta"
"ESTAÇÃO ECOLÓGICA JURÉIA-ITATINS","Angiosperms","Solanaceae","Solanum","lycopersicum","L.","SOLANACEAE Solanum lycopersicum L.","329435","Splink","SP",,"s.n.","Cultivated","Latão","Ouro",,"Estação Ecológica Juréia-Itatins"
"ESTAÇÃO ECOLÓGICA JURÉIA-ITATINS","Angiosperms","Solanaceae","Solanum","paniculatum","L.","SOLANACEAE Solanum paniculatum L.","329546","GBIF","SP","Favero, O.A.","s.n.","Native","Latão","Ouro",,"Estação Ecológica Juréia-Itatins"
"ESTAÇÃO ECOLÓGICA JURÉIA-ITATINS","Angiosperms","Solanaceae","Solanum","pseudoquina","A.St.-Hil.","SOLANACEAE Solanum pseudoquina A.St.-Hil.","ICN00037628","Splink","ICN",,"7601","Native","Ouro","Ouro",,"Estação Ecológica da Juréia"
"ESTAÇÃO ECOLÓGICA JURÉIA-ITATINS",,"Solanaceae","Solanum","rufescens",,"SOLANACEAE Solanum rufescens virescens","BHCB014225","Splink","BHCB",,"548",,"Latão","Ouro",,"Estação Ecológica Juréia-Itatins, Trilha para a figueira grande"
"ESTAÇÃO ECOLÓGICA JURÉIA-ITATINS","Angiosperms","Solanaceae","Solanum","schwackeanum","L.B.Sm. & Downs","SOLANACEAE Solanum schwackeanum L.B.Sm. & Downs","272190","GBIF","SP","Nicolau, S.A.","612","Native","Ouro","Ouro","https://images.cria.org.br/viewer/SP117117","Estação Ecológica Juréia-Itatins, Trilha da Figueira, mata de Encosta"
"ESTAÇÃO ECOLÓGICA JURÉIA-ITATINS","Angiosperms","Solanaceae","Solanum","stipulatum","Vell.","SOLANACEAE Solanum stipulatum Vell.","ICN00038189","Splink","ICN",,"7350","Native","Ouro","Ouro",,"Estação Ecológica de Juréia. Na trilha Guilherme- Rio verde."
"ESTAÇÃO ECOLÓGICA JURÉIA-ITATINS","Angiosperms","Solanaceae","Solanum","swartzianum","Roem. & Schult.","SOLANACEAE Solanum swartzianum Roem. & Schult.","53968","GBIF","SPSF","Moura, C.","492","Native","Prata","Bronze",,
"ESTAÇÃO ECOLÓGICA JURÉIA-ITATINS",,"Solanaceae","Solanum","swartzianum|Solanum","Roem. & Schult.|Dunal","SOLANACEAE Solanum swartzianum Roem. & Schult.|Solanum argenteum Dunal","HUSC008870","Splink","HUSC",,"347",,"Bronze","Ouro",,"Estação Ecológica Juréia-Itatins, margem da estrada do Guaraú."
"ESTAÇÃO ECOLÓGICA JURÉIA-ITATINS","Angiosperms","Solanaceae","Solanum","torvum","Sw.","SOLANACEAE Solanum torvum Sw.","44508","GBIF","SPSF","Moura, C.","354","Native","Ouro","Ouro",,"Estação Ecológica Juréia-Itatins"
"ESTAÇÃO ECOLÓGICA JURÉIA-ITATINS","Angiosperms","Solanaceae","Solanum","wacketii","Witasek","SOLANACEAE Solanum wacketii Witasek","329548","GBIF","SP","Favero, O.A.","801","Native","Latão","Ouro",,"Estação Ecológica Juréia-Itatins, Despraiado, próximoà casa da Diva"
"ESTAÇÃO ECOLÓGICA JURÉIA-ITATINS",,"Sphagnaceae","Sphagnum","cuspidatulum","Müll.Hal.","SPHAGNACEAE Sphagnum cuspidatulum Müll.Hal.","02746576","GBIF","NY","Yano, O.","12817",,"Bronze","Bronze",,"Barra do Ribeira"
"ESTAÇÃO ECOLÓGICA JURÉIA-ITATINS",,"Sphagnaceae","Sphagnum","cuspidatum","Ehrh. ex Hoffm.","SPHAGNACEAE Sphagnum cuspidatum Ehrh. ex Hoffm.","PC0735720","GBIF","PC","Yano, O.",,,"Bronze","Bronze",,"Brasil, Sao Paulo, Iguape, Barra do Ribeira"
"ESTAÇÃO ECOLÓGICA JURÉIA-ITATINS",,"Sphagnaceae","Sphagnum","palustre","L.","SPHAGNACEAE Sphagnum palustre L.","HUFABC001571","Splink","HUFABC",,"10526",,"Bronze","Bronze",,"Ilha Comprida"
"ESTAÇÃO ECOLÓGICA JURÉIA-ITATINS",,"Stereophyllaceae","Entodontopsis","cultelliformis","(Sull.) B.H.Allen","STEREOPHYLLACEAE Entodontopsis cultelliformis (Sull.) B.H.Allen","4760","GBIF","HUSC","Paixao, R.C.","30",,"Bronze","Bronze",,"Trilha do Costão."
"ESTAÇÃO ECOLÓGICA JURÉIA-ITATINS",,"Stereophyllaceae","Entodontopsis","nitens","(Mitt.) W.R.Buck & Ireland","STEREOPHYLLACEAE Entodontopsis nitens (Mitt.) W.R.Buck & Ireland","4758","GBIF","HUSC","Paixao, R.C.","28",,"Bronze","Bronze",,"Trilha do Costão."
"ESTAÇÃO ECOLÓGICA JURÉIA-ITATINS","Angiosperms","Strombosiaceae","Tetrastylidium","grandifolium","(Baill.) Sleumer","STROMBOSIACEAE Tetrastylidium grandifolium (Baill.) Sleumer","279842","GBIF","SP","Rodrigues, E.A.","319","Native","Bronze","Ouro",,"Estação Ecológica Juréia-Itatins, trilha para o pocinho"
"ESTAÇÃO ECOLÓGICA JURÉIA-ITATINS","Angiosperms","Symplocaceae","Symplocos","estrellensis","Casar.","SYMPLOCACEAE Symplocos estrellensis Casar.","42589","GBIF","SPSF","Moura, C.","336","Native","Bronze","Ouro",,"Estação Ecológica Juréia-Itatins"
"ESTAÇÃO ECOLÓGICA JURÉIA-ITATINS","Angiosperms","Symplocaceae","Symplocos","laxiflora","Benth.","SYMPLOCACEAE Symplocos laxiflora Benth.","SPSF00025088","Splink","SPSF",,"187","Native","Ouro","Ouro",,"Estação Ecológica Juréia-Itatins, Serra da Juréia, trilha do Imperador, próximo à Cachoeira do Senhor"
"ESTAÇÃO ECOLÓGICA JURÉIA-ITATINS","Angiosperms","Talinaceae","Talinum","paniculatum","(Jacq.) Gaertn.","TALINACEAE Talinum paniculatum (Jacq.) Gaertn.","329640","GBIF","SP","Favero, O.A.","325","Native","Bronze","Ouro",,"Estação Ecológica Juréia-Itatins"
"ESTAÇÃO ECOLÓGICA JURÉIA-ITATINS","Ferns and Lycophytes","Tectariaceae","Tectaria","incisa","Cav.","TECTARIACEAE Tectaria incisa Cav.","885","GBIF","HUSC","Souza, V.C.","1739","Native","Bronze","Bronze",,"Mata da restinga do Arpoador, Juréia-Guaraú"
"ESTAÇÃO ECOLÓGICA JURÉIA-ITATINS","Ferns and Lycophytes","Tectariaceae","Tectaria","pilosa","(Fée) R.C.Moran","TECTARIACEAE Tectaria pilosa (Fée) R.C.Moran","02422593","GBIF","NY","Catharino, E.L.M.","1496","Native","Bronze","Ouro",,"Barra do Una, Estação Ecológica Jureia-Itatins"
"ESTAÇÃO ECOLÓGICA JURÉIA-ITATINS","Ferns and Lycophytes","Thelypteridaceae","Goniopteris","cuneata","(C.Chr.) Brade","THELYPTERIDACEAE Goniopteris cuneata (C.Chr.) Brade","77899","GBIF","UPCB","Silva, S.J.G.","55","Native","Bronze","Ouro","https://images.cria.org.br/viewer/UPCB0009778","Estação Ecológica Juréia-Itatins, Serra da Juréia, trilha para a Figueira Grande. Mata de Encosta."
"ESTAÇÃO ECOLÓGICA JURÉIA-ITATINS","Ferns and Lycophytes","Thelypteridaceae","Goniopteris","iguapensis","(C.Chr.) Brade","THELYPTERIDACEAE Goniopteris iguapensis (C.Chr.) Brade","168793","GBIF","BHCB","Prado, J.","978","Native","Ouro","Ouro",,"Estacão Ecológica de Juréia, Trilha do Imperador."
"ESTAÇÃO ECOLÓGICA JURÉIA-ITATINS","Ferns and Lycophytes","Thelypteridaceae","Goniopteris","littoralis","(Salino) Salino & T.E. Almeida","THELYPTERIDACEAE Goniopteris littoralis (Salino) Salino & T.E. Almeida","74357","GBIF","BHCB","Prado, J.","977","Native","Ouro","Ouro","https://images.cria.org.br/viewer/BHCB000429","Estação Ecológica da Juréia; Arpuador, Trilha do Imperador"
"ESTAÇÃO ECOLÓGICA JURÉIA-ITATINS","Ferns and Lycophytes","Thelypteridaceae","Goniopteris","paranaensis","(Salino) Salino & T.E. Almeida","THELYPTERIDACEAE Goniopteris paranaensis (Salino) Salino & T.E. Almeida","77900","GBIF","UPCB","Labiak, P.H.","329","Native","Bronze","Ouro","https://images.cria.org.br/viewer/UPCB0010354","Estação Ecológica Juréia Itatins, serra da Juréia, trilha do Imperador."
"ESTAÇÃO ECOLÓGICA JURÉIA-ITATINS","Angiosperms","Thymelaeaceae","Daphnopsis","coriacea","Taub.","THYMELAEACEAE Daphnopsis coriacea Taub.","124798","Splink","ICN",,"7484","Native","Bronze","Ouro",,"Estação ecológica da Juréia"
"ESTAÇÃO ECOLÓGICA JURÉIA-ITATINS","Angiosperms","Thymelaeaceae","Daphnopsis","martii","Meisn.","THYMELAEACEAE Daphnopsis martii Meisn.","171937","Splink","ICN",,"7001","Native","Prata","Ouro",,"Estação Ecológica da Jureia, arredores do rio Guilherme"
"ESTAÇÃO ECOLÓGICA JURÉIA-ITATINS","Angiosperms","Thymelaeaceae","Daphnopsis","racemosa","Griseb.","THYMELAEACEAE Daphnopsis racemosa Griseb.","269019","GBIF","SP","Rossi, L.","1356","Native","Ouro","Ouro",,"Estação Ecológica Juréia-Itatins"
"ESTAÇÃO ECOLÓGICA JURÉIA-ITATINS","Angiosperms","Thymelaeaceae","Daphnopsis","schwackeana","Taub.","THYMELAEACEAE Daphnopsis schwackeana Taub.","100303316","Splink","MO-DUPLICATES",,"344","Native","Ouro","Ouro",,"Estação Ecológica Juréia-Itatins, alto do Maciço da Juréia"
"ESTAÇÃO ECOLÓGICA JURÉIA-ITATINS","Angiosperms","Trigoniaceae","Trigonia","rotundifolia","Lleras","TRIGONIACEAE Trigonia rotundifolia Lleras","269114","GBIF","SP","Cordeiro, I.","1380","Native","Bronze","Ouro",,"Estação Ecológica Juréia-Itatins, Serra da Juréia, trilha para a Cachoeira do Salto, mata pluvial de planície"
"ESTAÇÃO ECOLÓGICA JURÉIA-ITATINS","Angiosperms","Triuridaceae","Sciaphila","schwackeana","Johow","TRIURIDACEAE Sciaphila schwackeana Johow","253113","GBIF","SP","Kameyama, C.","3","Native","Ouro","Ouro","https://images.cria.org.br/viewer/SP045045","Estação Ecológica Juréia-Itatins, Trilha para o alto do morro"
"ESTAÇÃO ECOLÓGICA JURÉIA-ITATINS","Angiosperms","Typhaceae","Typha","domingensis","Pers.","TYPHACEAE Typha domingensis Pers.","329532","GBIF","SP","Favero, O.A.","639","Native","Latão","Ouro",,"Estação Ecológica Juréia-Itatins"
"ESTAÇÃO ECOLÓGICA JURÉIA-ITATINS","Angiosperms","Urticaceae","Boehmeria","caudata","Sw.","URTICACEAE Boehmeria caudata Sw.","329525","GBIF","SP","Favero, O.A.","792","Native","Prata","Ouro",,"Estação Ecológica Juréia-Itatins, Despraiado, próximo à casa da Diva"
"ESTAÇÃO ECOLÓGICA JURÉIA-ITATINS","Angiosperms","Urticaceae","Cecropia","glaziovii","Snethl.","URTICACEAE Cecropia glaziovii Snethl.","SPSF00023915","Splink","SPSF",,"55","Native","Ouro","Ouro",,"Estação Ecológica Juréia-Itatins, Arredores do alojamento do IBAMA"
"ESTAÇÃO ECOLÓGICA JURÉIA-ITATINS","Angiosperms","Urticaceae","Cecropia","pachystachya","Trécul","URTICACEAE Cecropia pachystachya Trécul","SPSF00023953","Splink","SPSF",,"599","Native","Ouro","Ouro",,"Reserva Ecológica Juréia-Itatins, Restinga praia do rio Verde"
"ESTAÇÃO ECOLÓGICA JURÉIA-ITATINS","Angiosperms","Urticaceae","Coussapoa","microcarpa","(Schott) Rizzini","URTICACEAE Coussapoa microcarpa (Schott) Rizzini","SPSF00023960","Splink","SPSF",,"1276","Native","Ouro","Ouro",,"Estação Ecológica Juréia-Itatins, Mata de Planície, proximidades do alojamento"
"ESTAÇÃO ECOLÓGICA JURÉIA-ITATINS","Angiosperms","Urticaceae","Phenax","sonneratii","(Poir.) Wedd.","URTICACEAE Phenax sonneratii (Poir.) Wedd.","384565","GBIF","SP","Souza, V.C.","9443","Native","Ouro","Ouro",,"Estação Ecológica Juréia-Itatins, Arredores da foz do Rio Guaraú"
"ESTAÇÃO ECOLÓGICA JURÉIA-ITATINS","Angiosperms","Urticaceae","Pilea","pubescens","Liebm.","URTICACEAE Pilea pubescens Liebm.","426132","GBIF","SP","Pederneiras, L.C.","642","Native","Ouro","Ouro",,"Estação Ecológica Juréia-Itatins, Estrada da balsa, próximo à Cachoeira do Paraíso"
"ESTAÇÃO ECOLÓGICA JURÉIA-ITATINS","Angiosperms","Urticaceae","Pourouma","guianensis","Aubl.","URTICACEAE Pourouma guianensis Aubl.","309098","GBIF","SP","Favero, O.A.","664","Native","Ouro","Ouro",,"Estação Ecológica Juréia-Itatins, Trilha da Figueira, no Rio Verde"
"ESTAÇÃO ECOLÓGICA JURÉIA-ITATINS","Angiosperms","Urticaceae","Urera","nitida","(Vell.) P.Brack","URTICACEAE Urera nitida (Vell.) P.Brack","53978","GBIF","SPSF","Moura, C.","495","Native","Prata","Bronze",,
"ESTAÇÃO ECOLÓGICA JURÉIA-ITATINS","Angiosperms","Velloziaceae","Barbacenia","mantiqueirae","Goethart & Henrard","VELLOZIACEAE Barbacenia mantiqueirae Goethart & Henrard","SPSF00024381","Splink","SPSF",,"1113","Native","Ouro","Ouro",,"Estação Ecológica Juréia-Itatins"
"ESTAÇÃO ECOLÓGICA JURÉIA-ITATINS","Angiosperms","Velloziaceae","Barbacenia","maritima","Mello-Silva & Andr. Cabral","VELLOZIACEAE Barbacenia maritima Mello-Silva & Andr. Cabral","SPSF00058370","Splink","SPSF",,"5430","Native","Bronze","Bronze",,"Estação Ecológica Juréia - Itatins."
"ESTAÇÃO ECOLÓGICA JURÉIA-ITATINS","Angiosperms","Verbenaceae","Citharexylum","myrianthum","Cham.","VERBENACEAE Citharexylum myrianthum Cham.","329521","Splink","SP",,"345-A","Native","Prata","Ouro",,"Estação Ecológica Juréia-Itatins, Cachoeira do Guilherme"
"ESTAÇÃO ECOLÓGICA JURÉIA-ITATINS","Angiosperms","Verbenaceae","Lantana","camara","L.","VERBENACEAE Lantana camara L.","HUEFS0024585","Splink","HUEFS",,"4488","Naturalized","Bronze","Ouro",,"Estação Ecológica Juréia-Itatins."
"ESTAÇÃO ECOLÓGICA JURÉIA-ITATINS","Angiosperms","Verbenaceae","Lantana","undulata","Schrank","VERBENACEAE Lantana undulata Schrank","253052","GBIF","SP","Nicolau, S.A.","241","Native","Latão","Ouro",,"Estação Ecológica Juréia-Itatins, Margens do Rio Verde, próximo ao alojamento"
"ESTAÇÃO ECOLÓGICA JURÉIA-ITATINS","Angiosperms","Verbenaceae","Lippia","alba","(Mill.) N.E.Br. ex Britton & P.Wilson","VERBENACEAE Lippia alba (Mill.) N.E.Br. ex Britton & P.Wilson","329522","GBIF","SP","Favero, O.A.","720","Native","Latão","Ouro",,"Estação Ecológica Juréia-Itatins"
"ESTAÇÃO ECOLÓGICA JURÉIA-ITATINS","Angiosperms","Verbenaceae","Stachytarpheta","cayennensis","(Rich.) Vahl","VERBENACEAE Stachytarpheta cayennensis (Rich.) Vahl","HUEFS0024581","Splink","HUEFS",,"4484","Native","Bronze","Ouro",,"Estação Ecológica Juréia-Itatins."
"ESTAÇÃO ECOLÓGICA JURÉIA-ITATINS",,"Violaceae","Amphirrhox","grandifolia","Melch.","VIOLACEAE Amphirrhox grandifolia Melch.","120719","Splink","ICN",,"7344",,"Latão","Ouro",,"Trilha Guilherme - Rio Verde, Estação Ecológica da Juréia."
"ESTAÇÃO ECOLÓGICA JURÉIA-ITATINS","Angiosperms","Violaceae","Amphirrhox","longifolia","(A.St.-Hil.) Spreng.","VIOLACEAE Amphirrhox longifolia (A.St.-Hil.) Spreng.","153604","GBIF","MBM","Sobral, M.","7344","Native","Ouro","Ouro","https://images.cria.org.br/viewer/MBM153604","Trilha Guilherme - Rio Verde, Estação Ecológica da Juréia."
"ESTAÇÃO ECOLÓGICA JURÉIA-ITATINS","Angiosperms","Violaceae","Anchietea","pyrifolia","(Mart.) G.Don","VIOLACEAE Anchietea pyrifolia (Mart.) G.Don","263112","GBIF","SP","Rossi, L.","1345","Native","Bronze","Ouro",,"Estação Ecológica Juréia-Itatins, Praia do Rio Verde, estarda em direção ao morro do Grajauna"
"ESTAÇÃO ECOLÓGICA JURÉIA-ITATINS","Angiosperms","Violaceae","Hybanthus",,"Jacq.","VIOLACEAE Hybanthus Jacq.","SPSF00025053","Splink","SPSF",,"869",,"Latão","Ouro",,"Estação Ecológica Juréia-Itatins, Encosta"
"ESTAÇÃO ECOLÓGICA JURÉIA-ITATINS","Angiosperms","Violaceae","Noisettia","orchidiflora","(Rudge) Ging.","VIOLACEAE Noisettia orchidiflora (Rudge) Ging.","287823","GBIF","SP","Nicolau, S.A.","869","Native","Bronze","Ouro",,"Estação Ecológica Juréia-Itatins, Encosta"
"ESTAÇÃO ECOLÓGICA JURÉIA-ITATINS","Angiosperms","Violaceae","Schweiggeria","fruticosa","Spreng.","VIOLACEAE Schweiggeria fruticosa Spreng.","45058","GBIF","SPSF","Moura, C.","394","Native","Bronze","Bronze",,"Serra de Peruíbe"
"ESTAÇÃO ECOLÓGICA JURÉIA-ITATINS","Angiosperms","Vochysiaceae","Vochysia","laurifolia","Warm.","VOCHYSIACEAE Vochysia laurifolia Warm.","329518","GBIF","SP","Favero, O.A.","598","Native","Latão","Ouro",,"Estação Ecológica Juréia-Itatins"
"ESTAÇÃO ECOLÓGICA JURÉIA-ITATINS","Angiosperms","Ximeniaceae","Ximenia","americana","L.","XIMENIACEAE Ximenia americana L.","279831","GBIF","SP","Rodrigues, E.A.","317","Native","Bronze","Ouro",,"Estação Ecológica Juréia-Itatins, Serra da Juréia, na trilha entre o caminho do Imperador e a margem direita do Rio Verde, restinga"
"ESTAÇÃO ECOLÓGICA JURÉIA-ITATINS",,"Xyridaceae","Xyris","ambigua","Beyr. ex Kunth","XYRIDACEAE Xyris ambigua Beyr. ex Kunth","29448","GBIF","HEPH","Anunciacao, E.A.","183",,"Bronze","Ouro",,"Estação Ecológica Juréia-Itatins, Serra da Juréia, trilha para Cachoeira do Salto"
"ESTAÇÃO ECOLÓGICA JURÉIA-ITATINS","Angiosperms","Xyridaceae","Xyris","jupicai","Rich.","XYRIDACEAE Xyris jupicai Rich.","247621","GBIF","SP","Rossi, L.","796","Native","Ouro","Ouro",,"Estação Ecológica Juréia-Itatins, Cachoeira do Paraíso, beira do Rio Itinga Grande"
"ESTAÇÃO ECOLÓGICA JURÉIA-ITATINS","Angiosperms","Zingiberaceae","Alpinia","zerumbet","(Pers.) B.L.Burtt & R.M.Sm.","ZINGIBERACEAE Alpinia zerumbet (Pers.) B.L.Burtt & R.M.Sm.","329514","GBIF","SP","Favero, O.A.","636","Cultivated","Latão","Ouro",,"Estação Ecológica Juréia-Itatins"
"ESTAÇÃO ECOLÓGICA JURÉIA-ITATINS","Angiosperms","Zingiberaceae","Hedychium","coronarium","J.Koenig","ZINGIBERACEAE Hedychium coronarium J.Koenig","329515","GBIF","SP","Favero, O.A.","200","Naturalized","Latão","Ouro",,"Estação Ecológica Juréia-Itatins"
"ESTAÇÃO ECOLÓGICA JURÉIA-ITATINS","Angiosperms","Zingiberaceae","Renealmia","petasites","Gagnep.","ZINGIBERACEAE Renealmia petasites Gagnep.","329516","GBIF","SP","Favero, O.A.","519","Native","Latão","Ouro",,"Estação Ecológica Juréia-Itatins"
