"UC","Grupos","Família","Gênero","Espécie","Autor","Táxon_completo","Barcode","BD_Origem","Herbário","Coletor","Número_da_Coleta","Origem_FFBr","ConfiançaID","ConfiançaLoc","Imagens","Localidade"
"FLORESTA NACIONAL IPANEMA","Angiosperms","Acanthaceae","Justicia","carnea","Lindl.","ACANTHACEAE Justicia carnea Lindl.","SORO012393","Splink","SORO",,"3688","Native","Latão","Ouro",,"Flona Ipanema"
"FLORESTA NACIONAL IPANEMA",,"Acanthaceae","Ruelia","mutifoilia",,"ACANTHACEAE Ruelia mutifoilia","SORO012982","Splink","SORO",,"569",,"Bronze","Ouro",,"Floresta Nacional de Ipanema, Cerrado - Fragmento 2"
"FLORESTA NACIONAL IPANEMA","Angiosperms","Acanthaceae","Ruellia","brevifolia","(Pohl) C.Ezcurra","ACANTHACEAE Ruellia brevifolia (Pohl) C.Ezcurra","HJ00010525","Splink","HJ",,"3652","Native","Bronze","Ouro",,"Floresta Nacional de Ipanema"
"FLORESTA NACIONAL IPANEMA","Angiosperms","Acanthaceae","Ruellia","multifolia","(Nees) Lindau","ACANTHACEAE Ruellia multifolia (Nees) Lindau","SORO013034","Splink","SORO",,"866","Native","Latão","Ouro",,"Floresta Nacional de Ipanema"
"FLORESTA NACIONAL IPANEMA","Angiosperms","Acanthaceae","Thunbergia","alata","Bojer ex Sims","ACANTHACEAE Thunbergia alata Bojer ex Sims","11020","GBIF","SORO","Guilherme, A.","116","Naturalized","Latão","Ouro",,"Floresta Nacional de Ipanema, Mitante - Olho de águia"
"FLORESTA NACIONAL IPANEMA","Angiosperms","Acanthaceae","Thunbergia","grandiflora","Roxb.","ACANTHACEAE Thunbergia grandiflora Roxb.","11063","GBIF","SORO","Guilherme, A.","288","Naturalized","Latão","Ouro",,"Floresta Nacional de Ipanema, Campo George Oetterer"
"FLORESTA NACIONAL IPANEMA",,"Acanthaceae|Rubiaceae","Justicia|Gonzalagunia",,"L.|Ruiz & Pav.","ACANTHACEAE|RUBIACEAE Justicia L.|Gonzalagunia Ruiz & Pav.","UEC184355","Splink","UEC",,"510",,"Latão","Ouro",,"Floresta Nacional de Ipanema - FLONA -Trilha da Pedra Santa Local: interior da mata, sombra. Solo: argiloso, úmido com serrapilheira."
"FLORESTA NACIONAL IPANEMA","Angiosperms","Amaranthaceae","Alternanthera",,"Forssk.","AMARANTHACEAE Alternanthera Forssk.","3254","GBIF","SHPR","Biral, L.","3644",,"Latão","Ouro",,"Floresta Nacional de Ipanema."
"FLORESTA NACIONAL IPANEMA","Angiosperms","Amaranthaceae","Chamissoa","altissima","(Jacq.) Kunth","AMARANTHACEAE Chamissoa altissima (Jacq.) Kunth","3253","GBIF","SHPR","Biral, L.","3643","Native","Bronze","Ouro",,"Floresta Nacional de Ipanema."
"FLORESTA NACIONAL IPANEMA",,"Amaranthaceae","Hebanthe","eriantha","(Poir.) Pedersen","AMARANTHACEAE Hebanthe eriantha (Poir.) Pedersen","85637","GBIF","UEC","Mamede, M.C.H.","574",,"Ouro","Ouro","https://images.cria.org.br/viewer/UEC026720","Fazenda Ipanema, FLONA Ipanema."
"FLORESTA NACIONAL IPANEMA","Angiosperms","Amaranthaceae","Hebanthe","erianthos","(Poir.) Pedersen","AMARANTHACEAE Hebanthe erianthos (Poir.) Pedersen","3354","GBIF","SHPR","Biral, L.","3741","Native","Bronze","Ouro",,"Floresta Nacional de Ipanema."
"FLORESTA NACIONAL IPANEMA",,"Amaryllidaceae","Hippeastrum",,,"AMARYLLIDACEAE Hippeastrum × johnsonii","SORO014198","Splink","SORO",,"4078",,"Bronze","Ouro",,"FLONA IPANEMA"
"FLORESTA NACIONAL IPANEMA","Angiosperms","Amaryllidaceae","Hippeastrum","glaucescens","(Mart.) Herb.","AMARYLLIDACEAE Hippeastrum glaucescens (Mart.) Herb.","SORO014197","Splink","SORO",,"4079","Native","Bronze","Ouro",,"FLONA IPANEMA"
"FLORESTA NACIONAL IPANEMA","Angiosperms","Amaryllidaceae","Hippeastrum","puniceum","(Lam.) Kuntze","AMARYLLIDACEAE Hippeastrum puniceum (Lam.) Kuntze","SORO012380","Splink","SORO",,"3678","Native","Latão","Ouro",,"Flona Ipanema"
"FLORESTA NACIONAL IPANEMA","Angiosperms","Amaryllidaceae","Zephyranthes","cearensis","(Herb.) Baker","AMARYLLIDACEAE Zephyranthes cearensis (Herb.) Baker","SORO014199","Splink","SORO",,"4077","Native","Bronze","Ouro",,"FLONA IPANEMA"
"FLORESTA NACIONAL IPANEMA","Angiosperms","Anacardiaceae","Anacardium","humile","A.St.-Hil.","ANACARDIACEAE Anacardium humile A.St.-Hil.","SORO012974","Splink","SORO",,"368","Native","Latão","Ouro",,"Floresta Nacional de Ipanema, Cerrado - Fragmento 3."
"FLORESTA NACIONAL IPANEMA","Angiosperms","Anacardiaceae","Astronium","graveolens","Jacq.","ANACARDIACEAE Astronium graveolens Jacq.","152040","GBIF","ESA","Hussni, N.F.Q.","992","Native","Bronze","Ouro","https://images.cria.org.br/viewer/ESA152040","Floresta Nacional de Ipanema (FLONA)"
"FLORESTA NACIONAL IPANEMA","Angiosperms","Anacardiaceae","Astronium","urundeuva","(M.Allemão) Engl.","ANACARDIACEAE Astronium urundeuva (M.Allemão) Engl.","152048","GBIF","ESA","Oliveira, A.M.","170","Native","Bronze","Ouro","https://images.cria.org.br/viewer/ESA152048","Floresta Nacional de Ipanema (FLONA)"
"FLORESTA NACIONAL IPANEMA","Angiosperms","Anacardiaceae","Lithraea","molleoides","(Vell.) Engl.","ANACARDIACEAE Lithraea molleoides (Vell.) Engl.","10357","GBIF","SORO","Casali, M.F.","145","Native","Latão","Ouro",,"Floresta Nacional de Ipanema, Área 2"
"FLORESTA NACIONAL IPANEMA","Angiosperms","Anacardiaceae","Mangifera","indica","L.","ANACARDIACEAE Mangifera indica L.","1708","GBIF","SORO","Bataghin, F.A.","FNI 17","Cultivated","Latão","Ouro",,"Floresta Nacional de Ipanema"
"FLORESTA NACIONAL IPANEMA","Angiosperms","Anacardiaceae","Schinus","terebinthifolia","Raddi","ANACARDIACEAE Schinus terebinthifolia Raddi","152037","GBIF","ESA","Hussni, N.F.Q.","984","Native","Bronze","Ouro",,"Floresta Nacional de Ipanema (FLONA)"
"FLORESTA NACIONAL IPANEMA","Angiosperms","Anacardiaceae","Tapirira","guianensis","Aubl.","ANACARDIACEAE Tapirira guianensis Aubl.","50664","Splink","IAC",,"224","Native","Bronze","Ouro",,"Floresta Nacional de Ipanema - Área 1"
"FLORESTA NACIONAL IPANEMA","Ferns and Lycophytes","Anemiaceae","Anemia",,"Sw.","ANEMIACEAE Anemia Sw.","3296","GBIF","SHPR","Biral, L.","3683",,"Latão","Ouro",,"Floresta Nacional de Ipanema."
"FLORESTA NACIONAL IPANEMA","Angiosperms","Annonaceae","Annona","coriacea","Mart.","ANNONACEAE Annona coriacea Mart.","SORO013245","Splink","SORO",,"397","Native","Latão","Ouro",,"Floresta Nacional de Ipanema"
"FLORESTA NACIONAL IPANEMA","Angiosperms","Annonaceae","Annona","dioica","A.St.-Hil.","ANNONACEAE Annona dioica A.St.-Hil.","50675","Splink","IAC",,"209","Native","Bronze","Ouro",,"Floresta Nacional de Ipanema, Área 1"
"FLORESTA NACIONAL IPANEMA","Angiosperms","Annonaceae","Duguetia","furfuracea","(A.St.-Hil.) Saff.","ANNONACEAE Duguetia furfuracea (A.St.-Hil.) Saff.","SORO013402","Splink","SORO",,"276","Native","Latão","Ouro",,"Floresta Nacional de Ipanema"
"FLORESTA NACIONAL IPANEMA",,"Annonaceae","Porella",,"L.","ANNONACEAE Porella L.","35642","GBIF","HUCS","Bordin, J.","2091",,"Latão","Ouro",,"Flona Ipanema, trilha Afonso Sardinha"
"FLORESTA NACIONAL IPANEMA","Angiosperms","Apiaceae","Eryngium","elegans","Cham. & Schltdl.","APIACEAE Eryngium elegans Cham. & Schltdl.","SORO012977","Splink","SORO",,"575","Native","Bronze","Ouro",,"Floresta Nacional de Ipanema. Cerrado Fragmento 3"
"FLORESTA NACIONAL IPANEMA","Angiosperms","Apocynaceae","Asclepias",,"L.","APOCYNACEAE Asclepias L.","SORO012979","Splink","SORO",,"644",,"Bronze","Ouro",,"Floresta Nacional de Ipanema, Cerrado - Fragmento 2"
"FLORESTA NACIONAL IPANEMA","Angiosperms","Apocynaceae","Aspidosperma","cylindrocarpon","Müll.Arg.","APOCYNACEAE Aspidosperma cylindrocarpon Müll.Arg.","152039","GBIF","ESA","Hussni, N.F.Q.","991","Native","Bronze","Ouro",,"Floresta Nacional de Ipanema (FLONA)"
"FLORESTA NACIONAL IPANEMA","Angiosperms","Apocynaceae","Aspidosperma","olivaceum","Müll.Arg.","APOCYNACEAE Aspidosperma olivaceum Müll.Arg.","194370","GBIF","UEC","Castello, A.C.D.","246","Native","Ouro","Bronze","https://images.cria.org.br/viewer/UEC131823 | https://images.cria.org.br/viewer/UEC131823_c","Serra do Japi"
"FLORESTA NACIONAL IPANEMA","Angiosperms","Apocynaceae","Aspidosperma","polyneuron","Müll.Arg.","APOCYNACEAE Aspidosperma polyneuron Müll.Arg.","SORO012366","Splink","SORO",,"11","Native","Latão","Ouro",,"Flona Ipanema, Aceiro à esquerda do centro de vivêncis."
"FLORESTA NACIONAL IPANEMA","Angiosperms","Apocynaceae","Aspidosperma","riedelii","Müll.Arg.","APOCYNACEAE Aspidosperma riedelii Müll.Arg.","205656","GBIF","UEC","Pires, T.P.","216","Native","Ouro","Ouro","https://images.cria.org.br/viewer/UEC164515 | https://images.cria.org.br/viewer/UEC164515_v01 | https://images.cria.org.br/viewer/UEC164515_v02 | https://images.cria.org.br/viewer/UEC164515_v03 | https://images.cria.org.br/viewer/UEC164515_v04 | https://images.cria.org.br/viewer/UEC164515_v05","Floresta Nacional de Ipanema - FLONA -Trilha da Pe, Local: Em rocha, pleno sol. Solo: Úmido com serrapilheira."
"FLORESTA NACIONAL IPANEMA","Angiosperms","Apocynaceae","Aspidosperma","tomentosum","Mart. & Zucc.","APOCYNACEAE Aspidosperma tomentosum Mart. & Zucc.","SORO012973","Splink","SORO",,"578","Native","Bronze","Ouro",,"Floresta Nacional de Ipanema, Cerrado - Fragmento 3."
"FLORESTA NACIONAL IPANEMA","Angiosperms","Apocynaceae","Forsteronia","pubescens","A.DC.","APOCYNACEAE Forsteronia pubescens A.DC.","SORO013026","Splink","SORO",,"478","Native","Bronze","Ouro",,"Floresta Nacional de Ipanema"
"FLORESTA NACIONAL IPANEMA","Angiosperms","Apocynaceae","Oxypetalum","molle","Hook. & Arn.","APOCYNACEAE Oxypetalum molle Hook. & Arn.","SORO012552","Splink","SORO",,"3850","Native","Bronze","Ouro",,"Morro da Antena"
"FLORESTA NACIONAL IPANEMA","Angiosperms","Apocynaceae","Tabernaemontana","catharinensis","A.DC.","APOCYNACEAE Tabernaemontana catharinensis A.DC.","11032","GBIF","SORO","Guilherme, A.","245","Native","Latão","Ouro",,"Floresta Nacional de Ipanema, Área de escalada"
"FLORESTA NACIONAL IPANEMA",,"Araceae","Anthurium","gaudichaudii",,"ARACEAE Anthurium gaudichaudii","SORO012524","Splink","SORO",,"3760",,"Bronze","Ouro",,
"FLORESTA NACIONAL IPANEMA","Angiosperms","Araceae","Landoltia","punctata","(G.Mey.) Les & D.J.Crawford","ARACEAE Landoltia punctata (G.Mey.) Les & D.J.Crawford","16542","Splink","CPAP",,"569","Native","Prata","Ouro",,"Floresta Nacional de Ipanema"
"FLORESTA NACIONAL IPANEMA",,"Araceae","Philonotis",,"Brid.","ARACEAE Philonotis Brid.","35619","GBIF","HUCS","Bordin, J.","2068",,"Latão","Ouro",,"FLONA Ipanema"
"FLORESTA NACIONAL IPANEMA","Angiosperms","Araceae","Syngonium","podophyllum","Schott","ARACEAE Syngonium podophyllum Schott","11062","GBIF","SORO","Guilherme, A.","287","Naturalized","Latão","Ouro",,"Floresta Nacional de Ipanema, Campo George Oetterer"
"FLORESTA NACIONAL IPANEMA","Angiosperms","Araliaceae","Dendropanax","cuneatus","(DC.) Decne. & Planch.","ARALIACEAE Dendropanax cuneatus (DC.) Decne. & Planch.","SORO013908","Splink","SORO",,"439","Native","Bronze","Ouro",,"Floresta Nacional de Ipanema. Fragmento 2"
"FLORESTA NACIONAL IPANEMA","Angiosperms","Araliaceae","Didymopanax","morototoni","(Aubl.) Decne. & Planch.","ARALIACEAE Didymopanax morototoni (Aubl.) Decne. & Planch.","2266","GBIF","SORO","Casali, M.F.","208","Native","Latão","Ouro",,"Floresta Nacional de Ipanema"
"FLORESTA NACIONAL IPANEMA","Angiosperms","Araliaceae","Didymopanax","vinosus","(Cham. & Schltdl.) Marchal","ARALIACEAE Didymopanax vinosus (Cham. & Schltdl.) Marchal","SORO013030","Splink","SORO",,"469","Native","Latão","Ouro",,"Floresta Nacional de Ipanema"
"FLORESTA NACIONAL IPANEMA","Gymnosperms","Araucariaceae","Araucaria","angustifolia","(Bertol.) Kuntze","ARAUCARIACEAE Araucaria angustifolia (Bertol.) Kuntze","6195","GBIF","SORO","Bataghin, F.A.","FNI31","Native","Latão","Ouro",,"Flona Ipanema."
"FLORESTA NACIONAL IPANEMA","Angiosperms","Arecaceae","Allagoptera","campestris","(Mart.) Kuntze","ARECACEAE Allagoptera campestris (Mart.) Kuntze","MBM00443865","GBIF","MBM","Engels, M.E.","9266","Native","Ouro","Ouro","jbrj-public.s3-sa-east-1.amazonaws.com/fsi/server?type=image&source=DZI/mbm/mbm/0/44/38/65/mbm00443865_1.dzi|jbrj-public.s3-sa-east-1.amazonaws.com/fsi/server?type=image&source=DZI/mbm/mbm/0/44/38/65/mbm00443865_2.dzi|jbrj-public.s3-sa-east-1.amazonaws.com/fsi/server?type=image&source=DZI/mbm/mbm/0/44/38/65/mbm00443865.dzi","Floresta Nacional de Ipanema. Imediações"
"FLORESTA NACIONAL IPANEMA","Angiosperms","Arecaceae","Attalea","exigua","Drude","ARECACEAE Attalea exigua Drude","MBM00443233","GBIF","MBM","Engels, M.E.","9267","Native","Ouro","Bronze","jbrj-public.s3-sa-east-1.amazonaws.com/fsi/server?type=image&source=DZI/mbm/mbm/0/44/32/33/mbm00443233_1.dzi|jbrj-public.s3-sa-east-1.amazonaws.com/fsi/server?type=image&source=DZI/mbm/mbm/0/44/32/33/mbm00443233_2.dzi|jbrj-public.s3-sa-east-1.amazonaws.com/fsi/server?type=image&source=DZI/mbm/mbm/0/44/32/33/mbm00443233_3.dzi|jbrj-public.s3-sa-east-1.amazonaws.com/fsi/server?type=image&source=DZI/mbm/mbm/0/44/32/33/mbm00443233_4.dzi|jbrj-public.s3-sa-east-1.amazonaws.com/fsi/server?type=image&source=DZI/mbm/mbm/0/44/32/33/mbm00443233.dzi","Flora de Ipanema."
"FLORESTA NACIONAL IPANEMA","Angiosperms","Aristolochiaceae","Aristolochia","esperanzae","Kuntze","ARISTOLOCHIACEAE Aristolochia esperanzae Kuntze","SORO013033","Splink","SORO",,"28","Native","Latão","Ouro",,"Floresta Nacional de Ipanema"
"FLORESTA NACIONAL IPANEMA","Angiosperms","Aristolochiaceae","Aristolochia","labiata","Willd.","ARISTOLOCHIACEAE Aristolochia labiata Willd.","SORO012981","Splink","SORO",,"565","Native","Bronze","Ouro",,"Floresta Nacional de Ipanema, Cerrado - Fragmento 2"
"FLORESTA NACIONAL IPANEMA","Angiosperms","Asparagaceae","Dracaena","trifasciata","(Prain) Mabb.","ASPARAGACEAE Dracaena trifasciata (Prain) Mabb.","11081","GBIF","SORO","Guilherme, A.","306","Cultivated","Latão","Ouro",,"Floresta Nacional de Ipanema, Vila SJY"
"FLORESTA NACIONAL IPANEMA","Ferns and Lycophytes","Aspleniaceae","Asplenium","inaequilaterale","Willd.","ASPLENIACEAE Asplenium inaequilaterale Willd.","57144","GBIF","VIC","Biral, L.","3738","Native","Bronze","Ouro","https://images.cria.org.br/viewer/VIC057144","Floresta Nacional de Ipanema."
"FLORESTA NACIONAL IPANEMA","Angiosperms","Asteraceae","Acmella","bellidioides","(Sm.) R.K.Jansen","ASTERACEAE Acmella bellidioides (Sm.) R.K.Jansen","SORO013305","Splink","SORO",,"295","Native","Latão","Ouro",,"Floresta Nacional de Ipanema"
"FLORESTA NACIONAL IPANEMA","Angiosperms","Asteraceae","Baccharis","dracunculifolia","DC.","ASTERACEAE Baccharis dracunculifolia DC.","PMSP006452","GBIF","PMSP","Macari, P.A.T.","1","Native","Ouro","Ouro","jbrj-public.s3.amazonaws.com/fsi/server?type=image&source=DZI/pmsp/pmsp/0/0/64/52/pmsp00006452.dzi","Floresta Nacional Ipanema. Trilha da Cobra."
"FLORESTA NACIONAL IPANEMA","Angiosperms","Asteraceae","Bidens","pilosa","L.","ASTERACEAE Bidens pilosa L.","11078","GBIF","SORO","Guilherme, A.","303","Naturalized","Latão","Ouro",,"Floresta Nacional de Ipanema, Portão II"
"FLORESTA NACIONAL IPANEMA","Angiosperms","Asteraceae","Calea","mediterranea","(Vell.) Pruski","ASTERACEAE Calea mediterranea (Vell.) Pruski","SORO013311","Splink","SORO",,"255","Native","Latão","Ouro",,"Floresta Nacional de Ipanema"
"FLORESTA NACIONAL IPANEMA","Angiosperms","Asteraceae","Clibadium","armanii","(Balb.) Sch.Bip. ex O.E.Schulz","ASTERACEAE Clibadium armanii (Balb.) Sch.Bip. ex O.E.Schulz","56059","GBIF","IAC","Pastore, M.","212","Native","Bronze","Ouro",,"Floresta Nacional de Ipanema"
"FLORESTA NACIONAL IPANEMA","Angiosperms","Asteraceae","Cyrtocymura","scorpioides","(Lam.) H.Rob.","ASTERACEAE Cyrtocymura scorpioides (Lam.) H.Rob.","50643","GBIF","IAC","Casali, M.F.","134","Native","Bronze","Ouro",,"Floresta Nacional de Ipanema, Área 1"
"FLORESTA NACIONAL IPANEMA","Angiosperms","Asteraceae","Dasyphyllum","spinescens","(Less.) Cabrera","ASTERACEAE Dasyphyllum spinescens (Less.) Cabrera","631","GBIF","SORO","Casali, M.F.","116","Native","Latão","Ouro",,"Floresta Nacional de Ipanema"
"FLORESTA NACIONAL IPANEMA","Angiosperms","Asteraceae","Dasyphyllum","vagans","(Gardner) Cabrera","ASTERACEAE Dasyphyllum vagans (Gardner) Cabrera","SORO012547","Splink","SORO",,"3778","Native","Latão","Ouro",,"Flona Ipanema"
"FLORESTA NACIONAL IPANEMA","Angiosperms","Asteraceae","Emilia","fosbergii","Nicolson","ASTERACEAE Emilia fosbergii Nicolson","11079","GBIF","SORO","Guilherme, A.","304","Naturalized","Latão","Ouro",,"Floresta Nacional de Ipanema, Portão II"
"FLORESTA NACIONAL IPANEMA","Angiosperms","Asteraceae","Lepidaploa","balansae","(Chodat) H.Rob.","ASTERACEAE Lepidaploa balansae (Chodat) H.Rob.","18208","GBIF","HRCB","Mamede, M.C.H.","572","Native","Ouro","Ouro",,"Fazenda Ipanema FLONA Ipanema"
"FLORESTA NACIONAL IPANEMA","Angiosperms","Asteraceae","Mikania","cordifolia","(L.f.) Willd.","ASTERACEAE Mikania cordifolia (L.f.) Willd.","SORO013897","Splink","SORO",,"384","Native","Bronze","Ouro",,"Floresta Nacional de Ipanema. Fragmento 3."
"FLORESTA NACIONAL IPANEMA","Angiosperms","Asteraceae","Moquiniastrum","polymorphum","(Less.) G. Sancho","ASTERACEAE Moquiniastrum polymorphum (Less.) G. Sancho","152020","GBIF","ESA","Oliveira, J.R.","54","Native","Bronze","Ouro","https://images.cria.org.br/viewer/ESA152020","Floresta Nacional de Ipanema (FLONA)"
"FLORESTA NACIONAL IPANEMA","Angiosperms","Asteraceae","Piptocarpha","sellowii","(Sch.Bip.) Baker","ASTERACEAE Piptocarpha sellowii (Sch.Bip.) Baker","37668","GBIF","HCF","Biral, L.","3736","Native","Ouro","Ouro",,"Floresta Nacional de Ipanema. Trilha"
"FLORESTA NACIONAL IPANEMA",,"Asteraceae","Plagiochila",,"(Dumort.) Dumort.","ASTERACEAE Plagiochila (Dumort.) Dumort.","35624","GBIF","HUCS","Bordin, J.","2073",,"Bronze","Ouro",,"FLONA Ipanema"
"FLORESTA NACIONAL IPANEMA",,"Asteraceae","Plagiochila",,,"ASTERACEAE Plagiochila sp.","35626","Splink","HUCS",,"2075",,"Latão","Ouro",,"FLONA Ipanema"
"FLORESTA NACIONAL IPANEMA",,"Asteraceae","Plagiothecium",,"Schimp.","ASTERACEAE Plagiothecium Schimp.","35643","GBIF","HUCS","Bordin, J.","2092",,"Bronze","Ouro",,"FLONA Ipanema-Trilha Afonso Sardinha"
"FLORESTA NACIONAL IPANEMA","Angiosperms","Asteraceae","Senecio","brasiliensis","(Spreng.) Less.","ASTERACEAE Senecio brasiliensis (Spreng.) Less.","50644","GBIF","IAC","Casali, M.F.","133","Native","Bronze","Ouro",,"Floresta Nacional de Ipanema, Área 1"
"FLORESTA NACIONAL IPANEMA","Angiosperms","Asteraceae","Stifftia","chrysantha","J.C.Mikan","ASTERACEAE Stifftia chrysantha J.C.Mikan","11057","GBIF","SORO","Guilherme, A.","279","Native","Latão","Ouro",,"Floresta Nacional de Ipanema, Área de escalada"
"FLORESTA NACIONAL IPANEMA","Angiosperms","Asteraceae","Tilesia","baccata","(L.) Pruski","ASTERACEAE Tilesia baccata (L.) Pruski","144955939","GBIF","Observations","Williams, B.",,"Naturalized","Bronze","Bronze",,"Iperó, BR-SP, BR"
"FLORESTA NACIONAL IPANEMA","Angiosperms","Asteraceae","Tridax","procumbens","L.","ASTERACEAE Tridax procumbens L.","11077","GBIF","SORO","Guilherme, A.","302","Naturalized","Latão","Ouro",,"Floresta Nacional de Ipanema, Portão II"
"FLORESTA NACIONAL IPANEMA","Angiosperms","Asteraceae","Vernonanthura","beyrichii","(Less.) H.Rob.","ASTERACEAE Vernonanthura beyrichii (Less.) H.Rob.","630","GBIF","SORO","Casali, M.F.","98","Native","Latão","Ouro",,"Floresta Nacional de Ipanema"
"FLORESTA NACIONAL IPANEMA","Angiosperms","Asteraceae","Vernonanthura","discolor","(Spreng.) H.Rob.","ASTERACEAE Vernonanthura discolor (Spreng.) H.Rob.","SORO013403","Splink","SORO",,"247","Native","Latão","Ouro",,"Floresta Nacional de Ipanema"
"FLORESTA NACIONAL IPANEMA","Angiosperms","Asteraceae","Vernonanthura","polyanthes","(Sprengel) Vega & Dematteis","ASTERACEAE Vernonanthura polyanthes (Sprengel) Vega & Dematteis","152088","GBIF","ESA","Hussni, N.F.Q.","1171","Native","Bronze","Ouro","https://images.cria.org.br/viewer/ESA152088","Floresta Nacional de Ipanema (FLONA)"
"FLORESTA NACIONAL IPANEMA","Angiosperms","Bignoniaceae","Adenocalymma",,"Mart. ex Meisn. emend L.G.Lohmann","BIGNONIACEAE Adenocalymma Mart. ex Meisn. emend L.G.Lohmann","SHPR003381","Splink","SHPR",,"3746",,"Latão","Ouro",,"Floresta Nacional de Ipanema."
"FLORESTA NACIONAL IPANEMA","Angiosperms","Bignoniaceae","Handroanthus","chrysotrichus","(Mart. ex DC.) Mattos","BIGNONIACEAE Handroanthus chrysotrichus (Mart. ex DC.) Mattos","152044","GBIF","ESA","Hussni, N.F.Q.","1002","Native","Bronze","Ouro",,"Floresta Nacional de Ipanema (FLONA)"
"FLORESTA NACIONAL IPANEMA","Angiosperms","Bignoniaceae","Handroanthus","heptaphyllus","(Vell.) Mattos","BIGNONIACEAE Handroanthus heptaphyllus (Vell.) Mattos","152075","GBIF","ESA","Hussni, N.F.Q.","1241","Native","Bronze","Ouro",,"Floresta Nacional de Ipanema (FLONA)"
"FLORESTA NACIONAL IPANEMA","Angiosperms","Bignoniaceae","Jacaranda","copaia","(Aubl.) D.Don","BIGNONIACEAE Jacaranda copaia (Aubl.) D.Don","5868","GBIF","SORO","Casali, M.F.","138","Native","Latão","Ouro",,"Floresta Nacional de Ipanema. Coleta realizada na área 1."
"FLORESTA NACIONAL IPANEMA","Angiosperms","Bignoniaceae","Jacaranda","cuspidifolia","Mart.","BIGNONIACEAE Jacaranda cuspidifolia Mart.","152023","GBIF","ESA","Oliveira, J.R.","75","Native","Bronze","Ouro",,"Floresta Nacional de Ipanema (FLONA)"
"FLORESTA NACIONAL IPANEMA","Angiosperms","Bignoniaceae","Jacaranda","macrantha","Cham.","BIGNONIACEAE Jacaranda macrantha Cham.","2195","GBIF","SORO","Casali, M.F.","197","Native","Latão","Ouro",,"Floresta Nacional de Ipanema"
"FLORESTA NACIONAL IPANEMA","Angiosperms","Bignoniaceae","Jacaranda","mimosifolia","D. Don","BIGNONIACEAE Jacaranda mimosifolia D. Don","4132","GBIF","SORO","Bataghin, F.A.","43","Cultivated","Latão","Ouro",,"Flona de Ipanema"
"FLORESTA NACIONAL IPANEMA","Angiosperms","Bignoniaceae","Lundia",,"DC.","BIGNONIACEAE Lundia DC.","SORO013906","Splink","SORO",,"788",,"Bronze","Ouro",,"Floresta Nacional de Ipanema"
"FLORESTA NACIONAL IPANEMA","Angiosperms","Bignoniaceae","Spathodea","campanulata","P. Beauv.","BIGNONIACEAE Spathodea campanulata P. Beauv.","11069","GBIF","SORO","Guilherme, A.","294","Cultivated","Latão","Ouro",,"Floresta Nacional de Ipanema, Portão II"
"FLORESTA NACIONAL IPANEMA","Angiosperms","Bignoniaceae","Tabebuia","roseoalba","(Ridl.) Sandwith","BIGNONIACEAE Tabebuia roseoalba (Ridl.) Sandwith","152092","GBIF","ESA","Hussni, N.F.Q.","1177","Native","Bronze","Ouro",,"Floresta Nacional de Ipanema (FLONA)"
"FLORESTA NACIONAL IPANEMA","Angiosperms","Bignoniaceae","Tecoma","stans","(L.) Juss. ex Kunth","BIGNONIACEAE Tecoma stans (L.) Juss. ex Kunth","151287674","GBIF","Observations","Fmunoz",,"Naturalized","Bronze","Bronze",,"Iperó - État de São Paulo, 18560-000, Brésil"
"FLORESTA NACIONAL IPANEMA","Angiosperms","Bignoniaceae","Zeyheria","montana","Mart.","BIGNONIACEAE Zeyheria montana Mart.","SORO014032","Splink","SORO",,"402","Native","Latão","Ouro",,"Floresta Nacional de Ipanema. Fragmento 3."
"FLORESTA NACIONAL IPANEMA","Angiosperms","Bignoniaceae","Zeyheria","tuberculosa","(Vell.) Bureau ex Verl.","BIGNONIACEAE Zeyheria tuberculosa (Vell.) Bureau ex Verl.","152079","GBIF","ESA","Hussni, N.F.Q.","1247","Native","Bronze","Ouro",,"Floresta Nacional de Ipanema (FLONA)"
"FLORESTA NACIONAL IPANEMA","Angiosperms","Bromeliaceae","Dyckia","tuberosa","(Vell.) Beer","BROMELIACEAE Dyckia tuberosa (Vell.) Beer","SORO014191","Splink","SORO",,"4076","Native","Bronze","Ouro",,"FLONA IPANEMA"
"FLORESTA NACIONAL IPANEMA","Angiosperms","Bromeliaceae","Tillandsia","recurvata","(L.) L.","BROMELIACEAE Tillandsia recurvata (L.) L.","HRCB058057","Splink","HRCB",,"439","Native","Bronze","Bronze",,
"FLORESTA NACIONAL IPANEMA","Angiosperms","Bromeliaceae","Tillandsia","stricta","Sol.","BROMELIACEAE Tillandsia stricta Sol.","HRCB058053","Splink","HRCB",,"435","Native","Bronze","Bronze",,
"FLORESTA NACIONAL IPANEMA","Angiosperms","Bromeliaceae","Tillandsia","tricholepis","Baker","BROMELIACEAE Tillandsia tricholepis Baker","HRCB058055","Splink","HRCB",,"437","Native","Bronze","Bronze",,
"FLORESTA NACIONAL IPANEMA","Angiosperms","Cactaceae","Cereus","hildmannianus","K.Schum.","CACTACEAE Cereus hildmannianus K.Schum.","144997317","GBIF","Observations","Williams, B.",,"Native","Bronze","Bronze",,"Bacaetava, Iperó - SP, 18560-000, Brazil"
"FLORESTA NACIONAL IPANEMA","Angiosperms","Cactaceae","Epiphyllum","phyllanthus","(L.) Haw.","CACTACEAE Epiphyllum phyllanthus (L.) Haw.","HRCB058059","Splink","HRCB",,"441","Native","Bronze","Bronze",,
"FLORESTA NACIONAL IPANEMA","Angiosperms","Cactaceae","Lepismium","warmingianum","(K.Schum.) Barthlott","CACTACEAE Lepismium warmingianum (K.Schum.) Barthlott","HRCB058061","Splink","HRCB",,"443","Native","Bronze","Bronze",,
"FLORESTA NACIONAL IPANEMA","Angiosperms","Cactaceae","Praecereus","euchlorus","(F.A.C.Weber ex K.Schum.) N.P.Taylor","CACTACEAE Praecereus euchlorus (F.A.C.Weber ex K.Schum.) N.P.Taylor","185668111","GBIF","Observations","Crispino, E.B.",,"Native","Bronze","Bronze",,"Bacaetava, Iperó - SP, 18560-000, Brasil"
"FLORESTA NACIONAL IPANEMA","Angiosperms","Cactaceae","Rhipsalis","cereuscula","Haw.","CACTACEAE Rhipsalis cereuscula Haw.","HRCB058060","Splink","HRCB",,"442","Native","Bronze","Bronze",,
"FLORESTA NACIONAL IPANEMA","Angiosperms","Calophyllaceae","Calophyllum","brasiliense","Cambess.","CALOPHYLLACEAE Calophyllum brasiliense Cambess.","152121","GBIF","ESA","Hussni, N.F.Q.","1095","Native","Bronze","Ouro","https://images.cria.org.br/viewer/ESA152121","Floresta Nacional de Ipanema (FLONA)"
"FLORESTA NACIONAL IPANEMA","Angiosperms","Calophyllaceae","Kielmeyera","coriacea","Mart. & Zucc.","CALOPHYLLACEAE Kielmeyera coriacea Mart. & Zucc.","SORO012976","Splink","SORO",,"351","Native","Bronze","Ouro",,"Floresta Nacional de Ipanema, Cerrado - Fragmento 3."
"FLORESTA NACIONAL IPANEMA","Angiosperms","Calophyllaceae","Kielmeyera","rubriflora","Cambess.","CALOPHYLLACEAE Kielmeyera rubriflora Cambess.","50662","GBIF","IAC","Casali, M.F.","140","Native","Bronze","Ouro",,"Floresta Nacional de Ipanema - Área 1"
"FLORESTA NACIONAL IPANEMA","Angiosperms","Cannabaceae","Celtis",,"L.","CANNABACEAE Celtis L.","3327","GBIF","SHPR","Biral, L.","3714",,"Latão","Ouro",,"Floresta Nacional de Ipanema."
"FLORESTA NACIONAL IPANEMA","Angiosperms","Cannabaceae","Trema","micranthum","(L.) Blume","CANNABACEAE Trema micranthum (L.) Blume","152064","GBIF","ESA","Oliveira, A.M.","174","Native","Bronze","Ouro","https://images.cria.org.br/viewer/ESA152064","Floresta Nacional de Ipanema (FLONA)"
"FLORESTA NACIONAL IPANEMA","Angiosperms","Caricaceae","Vasconcellea","quercifolia","A.St.-Hil.","CARICACEAE Vasconcellea quercifolia A.St.-Hil.","202731","GBIF","UEC","Pires, T.P.","195","Native","Bronze","Ouro","https://images.cria.org.br/viewer/UEC190842_v01 | https://images.cria.org.br/viewer/UEC190842_v02 | https://images.cria.org.br/viewer/UEC190842_v03 | https://images.cria.org.br/viewer/UEC190842_v04","Floresta Nacional de Ipanema - FLONA -Trilha da Pe, Local: Borda da trilha, copa à meia sombra. Solo: Argiloso, úmido com serrapilheira."
"FLORESTA NACIONAL IPANEMA","Angiosperms","Caryocaraceae","Caryocar","brasiliense","Cambess.","CARYOCARACEAE Caryocar brasiliense Cambess.","41967","Splink","HCF",,"12102","Native","Bronze","Ouro",,"Floresta Nacional de Ipanema"
"FLORESTA NACIONAL IPANEMA","Angiosperms","Celastraceae","Hippocratea","volubilis","L.","CELASTRACEAE Hippocratea volubilis L.","3267","GBIF","SHPR","Biral, L.","3657","Native","Ouro","Ouro",,"Floresta Nacional de Ipanema."
"FLORESTA NACIONAL IPANEMA","Angiosperms","Celastraceae","Monteverdia","evonymoides","(Reissek) Biral","CELASTRACEAE Monteverdia evonymoides (Reissek) Biral","3317","GBIF","SHPR","Biral, L.","3704","Native","Ouro","Ouro","https://images.cria.org.br/viewer/SHPR003317_v1 | https://images.cria.org.br/viewer/SHPR003317_v2","Floresta Nacional de Ipanema."
"FLORESTA NACIONAL IPANEMA","Angiosperms","Celastraceae","Monteverdia","truncata","(Nees) Biral","CELASTRACEAE Monteverdia truncata (Nees) Biral","5173","GBIF","SORO","Alesi, L.S.","18","Native","Latão","Ouro",,"Floresta Nacional de Ipanema. Coleta realizada na trilha Afonso Sardinha."
"FLORESTA NACIONAL IPANEMA","Angiosperms","Clethraceae","Clethra","scabra","Pers.","CLETHRACEAE Clethra scabra Pers.","50663","GBIF","IAC","Casali, M.F.","99","Native","Bronze","Ouro",,"Floresta Nacional de Ipanema - Área 1"
"FLORESTA NACIONAL IPANEMA","Angiosperms","Combretaceae","Terminalia","triflora","(Griseb.) Lillo","COMBRETACEAE Terminalia triflora (Griseb.) Lillo","50674","GBIF","IAC","Casali, M.F.","221","Native","Bronze","Ouro",,"Floresta Nacional de Ipanema, Área 1"
"FLORESTA NACIONAL IPANEMA","Angiosperms","Convolvulaceae","Ipomoea","alba","L.","CONVOLVULACEAE Ipomoea alba L.","446979","GBIF","SP","Pastore, M.","209","Native","Bronze","Ouro",,"Floresta Nacional de Ipanema"
"FLORESTA NACIONAL IPANEMA","Angiosperms","Convolvulaceae","Jacquemontia","ferruginea","Choisy","CONVOLVULACEAE Jacquemontia ferruginea Choisy","446965","GBIF","SP","Pastore, M.","211","Native","Ouro","Ouro",,"Floresta Nacional de Ipanema."
"FLORESTA NACIONAL IPANEMA","Angiosperms","Convolvulaceae","Jacquemontia","heterantha","(Nees & Mart.) Hallier f.","CONVOLVULACEAE Jacquemontia heterantha (Nees & Mart.) Hallier f.","202732","GBIF","UEC","Silva, B.G.","509","Native","Bronze","Ouro","https://images.cria.org.br/viewer/UEC190840 | https://images.cria.org.br/viewer/UEC190840_v01 | https://images.cria.org.br/viewer/UEC190840_v02 | https://images.cria.org.br/viewer/UEC190840_v03 | https://images.cria.org.br/viewer/UEC190840_v04 | https://images.cria.org.br/viewer/UEC190840_v05 | https://images.cria.org.br/viewer/UEC190840_v06 | https://images.cria.org.br/viewer/UEC190840_v07 | https://images.cria.org.br/viewer/UEC190840_v08","Floresta Nacional de Ipanema - FLONA -Trilha da Pe, Local: Interior da mata, em clareira a pleno sol. Solo: Rochoso."
"FLORESTA NACIONAL IPANEMA","Angiosperms","Cordiaceae","Cordia","africana","Lam.","CORDIACEAE Cordia africana Lam.","2084","GBIF","SORO","Casali, M.F.","193","Cultivated","Latão","Ouro",,"Floresta Nacional de Ipanema"
"FLORESTA NACIONAL IPANEMA","Angiosperms","Cordiaceae","Cordia","americana","(L.) Gottschling & J.S.Mill.","CORDIACEAE Cordia americana (L.) Gottschling & J.S.Mill.","4133","GBIF","SORO","Bataghin, F.A.","40","Native","Latão","Ouro",,"Flona de Ipanema"
"FLORESTA NACIONAL IPANEMA","Angiosperms","Cordiaceae","Cordia","myxa","L.","CORDIACEAE Cordia myxa L.","152035","GBIF","ESA","Hussni, N.F.Q.","975","Cultivated","Bronze","Ouro","https://images.cria.org.br/viewer/ESA152035","Floresta Nacional de Ipanema (FLONA)"
"FLORESTA NACIONAL IPANEMA","Angiosperms","Cordiaceae","Cordia","sellowiana","Cham.","CORDIACEAE Cordia sellowiana Cham.","3271","GBIF","SHPR","Biral, L.","3661","Native","Bronze","Ouro",,"Floresta Nacional de Ipanema."
"FLORESTA NACIONAL IPANEMA","Angiosperms","Cordiaceae","Cordia","superba","Cham.","CORDIACEAE Cordia superba Cham.","152077","GBIF","ESA","Hussni, N.F.Q.","1245","Native","Bronze","Ouro","https://images.cria.org.br/viewer/ESA152077","Floresta Nacional de Ipanema (FLONA)"
"FLORESTA NACIONAL IPANEMA","Angiosperms","Cordiaceae","Cordia","trichotoma","(Vell.) Arráb. ex Steud.","CORDIACEAE Cordia trichotoma (Vell.) Arráb. ex Steud.","152060","GBIF","ESA","Oliveira, A.M.","108","Native","Bronze","Ouro","https://images.cria.org.br/viewer/ESA152060","Floresta Nacional de Ipanema (FLONA)"
"FLORESTA NACIONAL IPANEMA","Angiosperms","Cordiaceae","Varronia","guazumifolia","Desv.","CORDIACEAE Varronia guazumifolia Desv.","3303","GBIF","SHPR","Biral, L.","3690","Native","Bronze","Ouro",,"Floresta Nacional de Ipanema."
"FLORESTA NACIONAL IPANEMA","Angiosperms","Crassulaceae","Kalanchoe","delagoensis","Eckl. & Zeyh.","CRASSULACEAE Kalanchoe delagoensis Eckl. & Zeyh.","145077543","GBIF","Observations","Bazzo, R.",,"Naturalized","Bronze","Ouro",,"Floresta Nacional de Ipanema"
"FLORESTA NACIONAL IPANEMA","Angiosperms","Cucurbitaceae","Cayaponia",,"Silva Manso","CUCURBITACEAE Cayaponia Silva Manso","SORO013306","Splink","SORO",,"298",,"Latão","Ouro",,"Floresta Nacional de Ipanema"
"FLORESTA NACIONAL IPANEMA","Angiosperms","Cucurbitaceae","Ceratosanthes","hilariana","Cogn.","CUCURBITACEAE Ceratosanthes hilariana Cogn.","SORO013728","Splink","SORO",,"590","Native","Bronze","Ouro",,"Floresta Nacional de Ipanema"
"FLORESTA NACIONAL IPANEMA","Angiosperms","Cucurbitaceae","Momordica","charantia","L.","CUCURBITACEAE Momordica charantia L.","11064","GBIF","SORO","Guilherme, A.","289","Naturalized","Latão","Ouro",,"Floresta Nacional de Ipanema, Vila SJY"
"FLORESTA NACIONAL IPANEMA","Angiosperms","Cyperaceae","Rhynchospora","exaltata","Kunth","CYPERACEAE Rhynchospora exaltata Kunth","3264","GBIF","SHPR","Biral, L.","3654","Native","Bronze","Ouro",,"Floresta Nacional de Ipanema."
"FLORESTA NACIONAL IPANEMA","Angiosperms","Dilleniaceae","Davilla","elliptica","A.St.-Hil.","DILLENIACEAE Davilla elliptica A.St.-Hil.","SORO013730","Splink","SORO",,"692","Native","Bronze","Ouro",,"Floresta Nacional de Ipanema, Cerradão C. Cana."
"FLORESTA NACIONAL IPANEMA","Angiosperms","Dilleniaceae","Davilla","rugosa","Poir.","DILLENIACEAE Davilla rugosa Poir.","37650","GBIF","HCF","Biral, L.","3670","Native","Ouro","Ouro",,"Floresta Nacional de Ipanema. Pico das"
"FLORESTA NACIONAL IPANEMA","Angiosperms","Ebenaceae","Diospyros","inconstans","Jacq.","EBENACEAE Diospyros inconstans Jacq.","152045","GBIF","ESA","Oliveira, A.M.","160","Native","Bronze","Ouro","https://images.cria.org.br/viewer/ESA152045","Floresta Nacional de Ipanema (FLONA)"
"FLORESTA NACIONAL IPANEMA","Angiosperms","Ebenaceae","Diospyros","lasiocalyx","(Mart.) B.Walln.","EBENACEAE Diospyros lasiocalyx (Mart.) B.Walln.","101192626","Splink","MO-DUPLICATES",,"5628","Native","Ouro","Bronze",,"label without locality, date and collector [Brasil, São Paulo, Ypanema (= São João do Ipanema near Sorocaba)]"
"FLORESTA NACIONAL IPANEMA","Angiosperms","Erythroxylaceae","Erythroxylum","campestre","A.St.-Hil.","ERYTHROXYLACEAE Erythroxylum campestre A.St.-Hil.","SORO014017","Splink","SORO",,"637","Native","Bronze","Ouro",,"Floresta Nacional de Ipanema. Fragmento 2"
"FLORESTA NACIONAL IPANEMA","Angiosperms","Erythroxylaceae","Erythroxylum","microphyllum","A.St.-Hil.","ERYTHROXYLACEAE Erythroxylum microphyllum A.St.-Hil.","SORO013307","Splink","SORO",,"243","Native","Latão","Ouro",,"Floresta Nacional de Ipanema"
"FLORESTA NACIONAL IPANEMA","Angiosperms","Erythroxylaceae","Erythroxylum","suberosum","A.St.-Hil.","ERYTHROXYLACEAE Erythroxylum suberosum A.St.-Hil.","SORO013228","Splink","SORO",,"629","Native","Bronze","Ouro",,"Floresta Nacional de Ipanema"
"FLORESTA NACIONAL IPANEMA","Angiosperms","Euphorbiaceae","Alchornea","glandulosa","Poepp. & Endl.","EUPHORBIACEAE Alchornea glandulosa Poepp. & Endl.","152019","GBIF","ESA","Oliveira, J.R.","53","Native","Bronze","Ouro","https://images.cria.org.br/viewer/ESA152019","Floresta Nacional de Ipanema (FLONA)"
"FLORESTA NACIONAL IPANEMA","Angiosperms","Euphorbiaceae","Croton","campestris","A.St.-Hil.","EUPHORBIACEAE Croton campestris A.St.-Hil.","SORO014019","Splink","SORO",,"844","Native","Bronze","Ouro",,"Floresta Nacional de Ipanema. Fragmento 3."
"FLORESTA NACIONAL IPANEMA","Angiosperms","Euphorbiaceae","Croton","floribundus","Spreng.","EUPHORBIACEAE Croton floribundus Spreng.","SORO012372","Splink","SORO",,"21","Native","Latão","Bronze",,"APP Lago D. Aguirre"
"FLORESTA NACIONAL IPANEMA","Angiosperms","Euphorbiaceae","Croton","gracilipes","Baill.","EUPHORBIACEAE Croton gracilipes Baill.","447087","GBIF","SP","Silva, O.L.M.","54","Native","Ouro","Ouro","https://images.cria.org.br/viewer/SP0447087","Floresta Nacional de Ipanema, Pedra do Camelo. Crescendo na borda da mata"
"FLORESTA NACIONAL IPANEMA","Angiosperms","Euphorbiaceae","Croton","urucurana","Baill.","EUPHORBIACEAE Croton urucurana Baill.","152026","GBIF","ESA","Oliveira, J.R.","87","Native","Bronze","Ouro","https://images.cria.org.br/viewer/ESA152026","Floresta Nacional de Ipanema (FLONA)"
"FLORESTA NACIONAL IPANEMA","Angiosperms","Euphorbiaceae","Dalechampia","stipulacea","Müll.Arg.","EUPHORBIACEAE Dalechampia stipulacea Müll.Arg.","447089","GBIF","SP","Silva, O.L.M.","56","Native","Bronze","Ouro","https://images.cria.org.br/viewer/SP0447089","Floresta Nacional de Ipanema, Pedra do Camelo. Crescendo na borda da mata e no solo sobre rochas."
"FLORESTA NACIONAL IPANEMA","Angiosperms","Euphorbiaceae","Euphorbia","cotinifolia","L.","EUPHORBIACEAE Euphorbia cotinifolia L.","50656","GBIF","IAC","Casali, M.F.","258","Cultivated","Bronze","Ouro",,"Floresta Nacional de Ipanema, Área 2"
"FLORESTA NACIONAL IPANEMA","Angiosperms","Euphorbiaceae","Euphorbia","heterophylla","L.","EUPHORBIACEAE Euphorbia heterophylla L.","3817","GBIF","SORO","Silva, A.T.","52","Native","Ouro","Ouro",,"Floresta Nacional de Ipanema"
"FLORESTA NACIONAL IPANEMA","Angiosperms","Euphorbiaceae","Euphorbia","hirta","L.","EUPHORBIACEAE Euphorbia hirta L.","447091","GBIF","SP","Silva, O.L.M.","58","Native","Ouro","Ouro","https://images.cria.org.br/viewer/SP0447091","Floresta Nacional de Ipanema, Pedra do Camelo. Crescendo na beira da estrada em meio a gramíneas"
"FLORESTA NACIONAL IPANEMA","Angiosperms","Euphorbiaceae","Euphorbia","hyssopifolia","L.","EUPHORBIACEAE Euphorbia hyssopifolia L.","447090","GBIF","SP","Silva, O.L.M.","57","Native","Ouro","Ouro","https://images.cria.org.br/viewer/SP0447090","Floresta Nacional de Ipanema, Pedra do Camelo. Crescendo na beira da estrada em meio a gramíneas"
"FLORESTA NACIONAL IPANEMA","Angiosperms","Euphorbiaceae","Euphorbia","ophthalmica","Pers.","EUPHORBIACEAE Euphorbia ophthalmica Pers.","447092","GBIF","SP","Silva, O.L.M.","59","Native","Ouro","Ouro","https://images.cria.org.br/viewer/SP0447092","Floresta Nacional de Ipanema, Pouco menos de 1 km após a entrada da UC, em acesso lateral. Crescendo no acesso, em meio a gramíneas"
"FLORESTA NACIONAL IPANEMA","Angiosperms","Euphorbiaceae","Gymnanthes","klotzschiana","Müll.Arg.","EUPHORBIACEAE Gymnanthes klotzschiana Müll.Arg.","10389","GBIF","SORO","Casali, M.F.","175","Native","Latão","Ouro",,"Floresta Nacional de Ipanema, Coleta realizada na área 1"
"FLORESTA NACIONAL IPANEMA","Angiosperms","Euphorbiaceae","Ricinus","communis","L.","EUPHORBIACEAE Ricinus communis L.","11061","GBIF","SORO","Guilherme, A.","286","Naturalized","Latão","Ouro",,"Floresta Nacional de Ipanema, Vila SJY"
"FLORESTA NACIONAL IPANEMA","Angiosperms","Euphorbiaceae","Sapium","glandulosum","(L.) Morong","EUPHORBIACEAE Sapium glandulosum (L.) Morong","50654","GBIF","IAC","Casali, M.F.","238","Native","Bronze","Ouro",,"Floresta Nacional de Ipanema, Área 1"
"FLORESTA NACIONAL IPANEMA","Angiosperms","Euphorbiaceae","Sebastiania","ramosissima","(A. St.-Hil.) A. L. Melo & M. F. Sales","EUPHORBIACEAE Sebastiania ramosissima (A. St.-Hil.) A. L. Melo & M. F. Sales","50655","GBIF","IAC","Casali, M.F.","233","Native","Ouro","Ouro",,"Floresta Nacional de Ipanema, área 1"
"FLORESTA NACIONAL IPANEMA","Angiosperms","Fabaceae","Acacia","mangium","Willd.","FABACEAE Acacia mangium Willd.","11050","GBIF","SORO","Guilherme, A.","271","Naturalized","Bronze","Ouro",,"Floresta Nacional de Ipanema, Área de escalada"
"FLORESTA NACIONAL IPANEMA","Angiosperms","Fabaceae","Anadenanthera","colubrina","(Vell.) Brenan","FABACEAE Anadenanthera colubrina (Vell.) Brenan","152095","GBIF","ESA","Hussni, N.F.Q.","1184","Native","Bronze","Ouro","https://images.cria.org.br/viewer/ESA152095","Floresta Nacional de Ipanema (FLONA)"
"FLORESTA NACIONAL IPANEMA","Angiosperms","Fabaceae","Anadenanthera","peregrina","(L.) Speg.","FABACEAE Anadenanthera peregrina (L.) Speg.","152082","GBIF","ESA","Hussni, N.F.Q.","1154","Native","Bronze","Ouro",,"Floresta Nacional de Ipanema (FLONA)"
"FLORESTA NACIONAL IPANEMA","Angiosperms","Fabaceae","Andira","fraxinifolia","Benth.","FABACEAE Andira fraxinifolia Benth.","2189","GBIF","SORO","Casali, M.F.","223","Native","Latão","Ouro",,"Floresta Nacional de Ipanema"
"FLORESTA NACIONAL IPANEMA","Angiosperms","Fabaceae","Bauhinia","forficata","Link","FABACEAE Bauhinia forficata Link","152074","GBIF","ESA","Hussni, N.F.Q.","1261","Native","Bronze","Ouro","https://images.cria.org.br/viewer/ESA152074","Floresta Nacional de Ipanema (FLONA)"
"FLORESTA NACIONAL IPANEMA","Angiosperms","Fabaceae","Bauhinia","longifolia","(Bong.) Steud.","FABACEAE Bauhinia longifolia (Bong.) Steud.","3338","GBIF","SHPR","Biral, L.","3725","Native","Bronze","Ouro",,"Floresta Nacional de Ipanema."
"FLORESTA NACIONAL IPANEMA","Angiosperms","Fabaceae","Bauhinia","rufa","(Bong.) Steud.","FABACEAE Bauhinia rufa (Bong.) Steud.","SORO013903","Splink","SORO",,"697","Native","Latão","Ouro",,"Floresta Nacional de Ipanema, Campo da Cana."
"FLORESTA NACIONAL IPANEMA","Angiosperms","Fabaceae","Bauhinia","variegata","L.","FABACEAE Bauhinia variegata L.","11080","GBIF","SORO","Guilherme, A.","305","Cultivated","Latão","Ouro",,"Floresta Nacional de Ipanema, Vila SJY"
"FLORESTA NACIONAL IPANEMA","Angiosperms","Fabaceae","Caesalpinia","pulcherrima","(L.) Sw.","FABACEAE Caesalpinia pulcherrima (L.) Sw.","2187","GBIF","SORO","Casali, M.F.","120","Cultivated","Latão","Ouro",,"Floresta Nacional de Ipanema"
"FLORESTA NACIONAL IPANEMA","Angiosperms","Fabaceae","Cajanus","cajan","(L.) Huth","FABACEAE Cajanus cajan (L.) Huth","50652","GBIF","IAC","Casali, M.F.","119","Naturalized","Bronze","Ouro",,"Floresta Nacional de Ipanema, Área 2"
"FLORESTA NACIONAL IPANEMA","Angiosperms","Fabaceae","Cassia","ferruginea","(Schrad.) Schrad. ex DC.","FABACEAE Cassia ferruginea (Schrad.) Schrad. ex DC.","152094","GBIF","ESA","Hussni, N.F.Q.","1182","Native","Bronze","Ouro",,"Floresta Nacional de Ipanema (FLONA)"
"FLORESTA NACIONAL IPANEMA","Angiosperms","Fabaceae","Cassia","fistula","L.","FABACEAE Cassia fistula L.","SORO012358","Splink","SORO",,"3","Cultivated","Latão","Ouro",,"Flona Ipanema, trilha das cigarras."
"FLORESTA NACIONAL IPANEMA","Angiosperms","Fabaceae","Cenostigma","pluviosum","(DC.) Gagnon & G.P.Lewis","FABACEAE Cenostigma pluviosum (DC.) Gagnon & G.P.Lewis","1694","GBIF","SORO","Bataghin, F.A.","FNI 16","Native","Latão","Ouro",,"Floresta Nacional de Ipanema"
"FLORESTA NACIONAL IPANEMA","Angiosperms","Fabaceae","Centrolobium","tomentosum","Guillem. ex Benth.","FABACEAE Centrolobium tomentosum Guillem. ex Benth.","152069","GBIF","ESA","Oliveira, A.M.","183","Native","Bronze","Ouro",,"Floresta Nacional de Ipanema (FLONA)"
"FLORESTA NACIONAL IPANEMA","Angiosperms","Fabaceae","Centrosema","sagittatum","(Humb. & Bonpl. ex Willd.) Brandegee","FABACEAE Centrosema sagittatum (Humb. & Bonpl. ex Willd.) Brandegee","3330","GBIF","SHPR","Biral, L.","3717","Native","Bronze","Ouro",,"Floresta Nacional de Ipanema."
"FLORESTA NACIONAL IPANEMA","Angiosperms","Fabaceae","Cerradicola","decumbens","(Benth.) L.P.Queiroz","FABACEAE Cerradicola decumbens (Benth.) L.P.Queiroz","SORO013308","Splink","SORO",,"257","Native","Latão","Ouro",,"Floresta Nacional de Ipanema"
"FLORESTA NACIONAL IPANEMA","Angiosperms","Fabaceae","Cerradicola","diversifolia","(Benth.) L.P.Queiroz","FABACEAE Cerradicola diversifolia (Benth.) L.P.Queiroz","SORO013808","Splink","SORO",,"324","Native","Bronze","Ouro",,"Floresta Nacional de Ipanema. Borda da Estrada."
"FLORESTA NACIONAL IPANEMA","Angiosperms","Fabaceae","Chamaecrista",,"(L.) Moench","FABACEAE Chamaecrista (L.) Moench","SORO014055","Splink","SORO",,"4068",,"Bronze","Ouro",,"FLONA Ipanema"
"FLORESTA NACIONAL IPANEMA","Angiosperms","Fabaceae","Copaifera","langsdorffii","Desf.","FABACEAE Copaifera langsdorffii Desf.","152078","GBIF","ESA","Hussni, N.F.Q.","1246","Native","Bronze","Ouro",,"Floresta Nacional de Ipanema (FLONA)"
"FLORESTA NACIONAL IPANEMA","Angiosperms","Fabaceae","Cratylia","spectabilis","Tul.","FABACEAE Cratylia spectabilis Tul.","RB01503652","GBIF","RB","Biral, L.","3703","Native","Ouro","Ouro","jbrj-public-img.s3-sa-east-1.amazonaws.com/JPG/rb/1/50/36/52/01503652.jpg","Floresta Nacional de Ipanema, trilha do rio Ipanema"
"FLORESTA NACIONAL IPANEMA","Angiosperms","Fabaceae","Crotalaria","lanceolata","E.Mey.","FABACEAE Crotalaria lanceolata E.Mey.","11022","GBIF","SORO","Guilherme, A.","135","Naturalized","Latão","Ouro",,"Floresta Nacional de Ipanema, Mitante - Olho de águia"
"FLORESTA NACIONAL IPANEMA","Angiosperms","Fabaceae","Crotalaria","retusa","L.","FABACEAE Crotalaria retusa L.","SORO013340","Splink","SORO",,"285","Naturalized","Latão","Ouro",,"Floresta Nacional de Ipanema"
"FLORESTA NACIONAL IPANEMA","Angiosperms","Fabaceae","Dahlstedtia","muehlbergiana","(Hassl.) M.J.Silva & A.M.G.Azevedo","FABACEAE Dahlstedtia muehlbergiana (Hassl.) M.J.Silva & A.M.G.Azevedo","152071","GBIF","ESA","Hussni, N.F.Q.","1250","Native","Bronze","Ouro","https://images.cria.org.br/viewer/ESA152071","Floresta Nacional de Ipanema (FLONA)"
"FLORESTA NACIONAL IPANEMA","Angiosperms","Fabaceae","Dalbergia","brasiliensis","Vogel","FABACEAE Dalbergia brasiliensis Vogel","11026","GBIF","SORO","Guilherme, A.","238","Native","Bronze","Ouro",,"Floresta Nacional de Ipanema, Área de escalada"
"FLORESTA NACIONAL IPANEMA","Angiosperms","Fabaceae","Dalbergia","frutescens","(Vell.) Britton","FABACEAE Dalbergia frutescens (Vell.) Britton","2130","GBIF","SORO","Casali, M.F.","149","Native","Latão","Ouro",,"Floresta Nacional de Ipanema"
"FLORESTA NACIONAL IPANEMA","Angiosperms","Fabaceae","Desmodium","subsecundum","Vogel","FABACEAE Desmodium subsecundum Vogel","SORO013807","Splink","SORO",,"434","Native","Latão","Ouro",,"Floresta Nacional de Ipanema. Fragmento 3."
"FLORESTA NACIONAL IPANEMA","Angiosperms","Fabaceae","Enterolobium","contortisiliquum","(Vell.) Morong","FABACEAE Enterolobium contortisiliquum (Vell.) Morong","152056","GBIF","ESA","Hussni, N.F.Q.","1015","Native","Bronze","Ouro","https://images.cria.org.br/viewer/ESA152056","Floresta Nacional de Ipanema (FLONA)"
"FLORESTA NACIONAL IPANEMA","Angiosperms","Fabaceae","Erythrina","speciosa","Andrews","FABACEAE Erythrina speciosa Andrews","2186","GBIF","SORO","Casali, M.F.","165","Native","Latão","Ouro",,"Floresta Nacional de Ipanema"
"FLORESTA NACIONAL IPANEMA","Angiosperms","Fabaceae","Hymenaea","courbaril","L.","FABACEAE Hymenaea courbaril L.","152114","GBIF","ESA","Hussni, N.F.Q.","1142","Native","Bronze","Ouro",,"Floresta Nacional de Ipanema (FLONA)"
"FLORESTA NACIONAL IPANEMA","Angiosperms","Fabaceae","Hymenaea","stigonocarpa","Mart. ex Hayne","FABACEAE Hymenaea stigonocarpa Mart. ex Hayne","11055","GBIF","SORO","Guilherme, A.","277","Native","Latão","Ouro",,"Floresta Nacional de Ipanema, Área de escalada"
"FLORESTA NACIONAL IPANEMA","Angiosperms","Fabaceae","Indigofera","truxillensis","Kunth","FABACEAE Indigofera truxillensis Kunth","3281","GBIF","SHPR","Biral, L.","3671","Native","Bronze","Ouro",,"Floresta Nacional de Ipanema."
"FLORESTA NACIONAL IPANEMA","Angiosperms","Fabaceae","Inga","edulis","Mart.","FABACEAE Inga edulis Mart.",,"GBIF",,,,"Native","Latão","Bronze",,
"FLORESTA NACIONAL IPANEMA","Angiosperms","Fabaceae","Inga","laurina","(Sw.) Willd.","FABACEAE Inga laurina (Sw.) Willd.","152097","GBIF","ESA","Hussni, N.F.Q.","1191","Native","Bronze","Ouro","https://images.cria.org.br/viewer/ESA152097","Floresta Nacional de Ipanema (FLONA)"
"FLORESTA NACIONAL IPANEMA","Angiosperms","Fabaceae","Inga","marginata","Willd.","FABACEAE Inga marginata Willd.","98205","GBIF","SPF","Mamede, M.C.H.","582","Native","Ouro","Ouro","https://images.cria.org.br/viewer/SPF00098205","Fazenda Ipanema, FLONA Ipanema, mata mesófila"
"FLORESTA NACIONAL IPANEMA","Angiosperms","Fabaceae","Inga","vera","Willd.","FABACEAE Inga vera Willd.","152024","GBIF","ESA","Oliveira, J.R.","85","Native","Bronze","Ouro",,"Floresta Nacional de Ipanema (FLONA)"
"FLORESTA NACIONAL IPANEMA","Angiosperms","Fabaceae","Leptolobium","elegans","Vogel","FABACEAE Leptolobium elegans Vogel","JOI023859","Splink","JOI",,"12111","Native","Bronze","Ouro",,"Floresta Nacional de Ipanema"
"FLORESTA NACIONAL IPANEMA","Angiosperms","Fabaceae","Leucaena","leucocephala","(Lam.) de Wit","FABACEAE Leucaena leucocephala (Lam.) de Wit","11066","GBIF","SORO","Guilherme, A.","291","Naturalized","Latão","Ouro",,"Floresta Nacional de Ipanema, Vila SJY"
"FLORESTA NACIONAL IPANEMA","Angiosperms","Fabaceae","Libidibia","ferrea","(Mart. ex Tul.) L.P.Queiroz","FABACEAE Libidibia ferrea (Mart. ex Tul.) L.P.Queiroz","11054","GBIF","SORO","Guilherme, A.","276","Native","Latão","Ouro",,"Floresta Nacional de Ipanema, Área de escalada"
"FLORESTA NACIONAL IPANEMA","Angiosperms","Fabaceae","Machaerium","brasiliense","Vogel","FABACEAE Machaerium brasiliense Vogel","2139","GBIF","SORO","Casali, M.F.","234","Native","Ouro","Ouro",,"Floresta Nacional de Ipanema, Área 1"
"FLORESTA NACIONAL IPANEMA","Angiosperms","Fabaceae","Machaerium","hirtum","(Vell.) Stellfeld","FABACEAE Machaerium hirtum (Vell.) Stellfeld","2135","GBIF","SORO","Casali, M.F.","216","Native","Ouro","Ouro",,"Floresta Nacional de Ipanema"
"FLORESTA NACIONAL IPANEMA","Angiosperms","Fabaceae","Machaerium","nyctitans","(Vell.) Benth.","FABACEAE Machaerium nyctitans (Vell.) Benth.","152109","GBIF","ESA","Hussni, N.F.Q.","1132","Native","Bronze","Ouro","https://images.cria.org.br/viewer/ESA152109","Floresta Nacional de Ipanema (FLONA)"
"FLORESTA NACIONAL IPANEMA","Angiosperms","Fabaceae","Machaerium","villosum","Vogel","FABACEAE Machaerium villosum Vogel","11041","GBIF","SORO","Guilherme, A.","255","Native","Bronze","Ouro",,"Floresta Nacional de Ipanema, Área de escalada"
"FLORESTA NACIONAL IPANEMA","Angiosperms","Fabaceae","Macroptilium","atropurpureum","(Sessé & Moc. ex DC.) Urb.","FABACEAE Macroptilium atropurpureum (Sessé & Moc. ex DC.) Urb.","18995751","GBIF","Observations","Wisnik, N.",,"Naturalized","Bronze","Bronze",,"Iperó - SP, 18560-000, Brasil"
"FLORESTA NACIONAL IPANEMA","Angiosperms","Fabaceae","Mimosa","bimucronata","(DC.) Kuntze","FABACEAE Mimosa bimucronata (DC.) Kuntze","SORO013580","Splink","SORO",,"263","Native","Bronze","Ouro",,"Floresta Nacional de Ipanema"
"FLORESTA NACIONAL IPANEMA","Angiosperms","Fabaceae","Mimosa","daleoides","Benth.","FABACEAE Mimosa daleoides Benth.","SORO013586","Splink","SORO",,"17","Native","Bronze","Ouro",,"Floresta Nacional de Ipanema. Fragmento próx. Ao Campo da Cana."
"FLORESTA NACIONAL IPANEMA","Angiosperms","Fabaceae","Mimosa","dolens","Vell.","FABACEAE Mimosa dolens Vell.","SORO013805","Splink","SORO",,"567","Native","Bronze","Ouro",,"Floresta Nacional de Ipanema. Fragmento 3."
"FLORESTA NACIONAL IPANEMA","Angiosperms","Fabaceae","Mimosa","scabrella","Benth.","FABACEAE Mimosa scabrella Benth.","2129","GBIF","SORO","Casali, M.F.","167","Native","Ouro","Ouro",,"Floresta Nacional de Ipanema, Área 2"
"FLORESTA NACIONAL IPANEMA","Angiosperms","Fabaceae","Mimosa","velloziana","Mart.","FABACEAE Mimosa velloziana Mart.","SORO012424","Splink","SORO",,"3719","Native","Latão","Ouro",,"Flona Ipanema"
"FLORESTA NACIONAL IPANEMA","Angiosperms","Fabaceae","Myrocarpus","frondosus","Allemão","FABACEAE Myrocarpus frondosus Allemão","5179","GBIF","SORO","Alesi, L.S.","13","Native","Latão","Ouro",,"Floresta Nacional do Ipanema. Trilha Pedra Santa. 647 m elevação."
"FLORESTA NACIONAL IPANEMA","Angiosperms","Fabaceae","Neonotonia","wightii","(Graham ex Wight & Arn.) J.A.Lackey","FABACEAE Neonotonia wightii (Graham ex Wight & Arn.) J.A.Lackey","3301","GBIF","SHPR","Biral, L.","3688","Naturalized","Ouro","Ouro",,"Floresta Nacional de Ipanema."
"FLORESTA NACIONAL IPANEMA","Angiosperms","Fabaceae","Parapiptadenia","rigida","(Benth.) Brenan","FABACEAE Parapiptadenia rigida (Benth.) Brenan","5293","GBIF","SORO","Alesi, L.S.","4","Native","Latão","Ouro",,"Floresta Nacional de Ipanema. Trilha Pedra Santa. Elevação 629 m."
"FLORESTA NACIONAL IPANEMA","Angiosperms","Fabaceae","Peltophorum","dubium","(Spreng.) Taub.","FABACEAE Peltophorum dubium (Spreng.) Taub.","SORO013049","Splink","SORO",,"9019","Native","Bronze","Ouro",,"Floresta Nacional de Ipanema."
"FLORESTA NACIONAL IPANEMA","Angiosperms","Fabaceae","Piptadenia","gonoacantha","(Mart.) J.F.Macbr.","FABACEAE Piptadenia gonoacantha (Mart.) J.F.Macbr.","SORO012362","Splink","SORO",,"7","Native","Latão","Ouro",,"Flona Ipanema, trilha das cigarras."
"FLORESTA NACIONAL IPANEMA","Angiosperms","Fabaceae","Platypodium","elegans","Vogel","FABACEAE Platypodium elegans Vogel","SORO013799","Splink","SORO",,"321","Native","Latão","Ouro",,"Floresta Nacional de Ipanema, Borda da estrada."
"FLORESTA NACIONAL IPANEMA","Angiosperms","Fabaceae","Poecilanthe","parviflora","Benth.","FABACEAE Poecilanthe parviflora Benth.","1712","GBIF","SORO","Bataghin, F.A.","FNI 24","Native","Latão","Ouro",,"Floresta Nacional de Ipanema"
"FLORESTA NACIONAL IPANEMA","Angiosperms","Fabaceae","Pterogyne","nitens","Tul.","FABACEAE Pterogyne nitens Tul.","SORO012365","Splink","SORO",,"10","Native","Latão","Ouro",,"Flona Ipanema, trilha das cigarras."
"FLORESTA NACIONAL IPANEMA","Angiosperms","Fabaceae","Pueraria","montana","(Lour.) Merr.","FABACEAE Pueraria montana (Lour.) Merr.","11019","GBIF","SORO","Guilherme, A.","39","Cultivated","Latão","Ouro",,"Floresta Nacional de Ipanema, Aceiro próximo ao Bosque dos Sabores, Borda da mata"
"FLORESTA NACIONAL IPANEMA","Angiosperms","Fabaceae","Rhynchosia","phaseoloides","(Sw.) DC.","FABACEAE Rhynchosia phaseoloides (Sw.) DC.","3257","GBIF","SHPR","Biral, L.","3647","Native","Bronze","Ouro","https://images.cria.org.br/viewer/SHPR003257_v1","Floresta Nacional de Ipanema."
"FLORESTA NACIONAL IPANEMA","Angiosperms","Fabaceae","Schizolobium","parahyba","(Vell.) Blake","FABACEAE Schizolobium parahyba (Vell.) Blake","152116","GBIF","ESA","Hussni, N.F.Q.","1087","Native","Bronze","Ouro",,"Floresta Nacional de Ipanema (FLONA)"
"FLORESTA NACIONAL IPANEMA","Angiosperms","Fabaceae","Senegalia","lowei","(L.Rico) Seigler & Ebinger","FABACEAE Senegalia lowei (L.Rico) Seigler & Ebinger","2120","GBIF","SORO","Casali, M.F.","196","Native","Latão","Ouro",,"Floresta Nacional de Ipanema"
"FLORESTA NACIONAL IPANEMA","Angiosperms","Fabaceae","Senegalia","polyphylla","(DC.) Britton & Rose","FABACEAE Senegalia polyphylla (DC.) Britton & Rose","152051","GBIF","ESA","Oliveira, A.M.","173","Native","Bronze","Ouro","https://images.cria.org.br/viewer/ESA152051","Floresta Nacional de Ipanema (FLONA)"
"FLORESTA NACIONAL IPANEMA","Angiosperms","Fabaceae","Senegalia","tenuifolia","(L.) Britton & Rose","FABACEAE Senegalia tenuifolia (L.) Britton & Rose","50647","GBIF","IAC","Casali, M.F.","122","Native","Bronze","Ouro",,"Floresta Nacional de Ipanema, área 2"
"FLORESTA NACIONAL IPANEMA","Angiosperms","Fabaceae","Senna","cernua","(Balb.) H.S.Irwin & Barneby","FABACEAE Senna cernua (Balb.) H.S.Irwin & Barneby","SORO013316","Splink","SORO",,"395","Native","Latão","Ouro",,"Floresta Nacional de Ipanema"
"FLORESTA NACIONAL IPANEMA","Angiosperms","Fabaceae","Senna","multijuga","(Rich.) H.S.Irwin & Barneby","FABACEAE Senna multijuga (Rich.) H.S.Irwin & Barneby","152080","GBIF","ESA","Hussni, N.F.Q.","1248","Native","Bronze","Ouro","https://images.cria.org.br/viewer/ESA152080","Floresta Nacional de Ipanema (FLONA)"
"FLORESTA NACIONAL IPANEMA","Angiosperms","Fabaceae","Senna","occidentalis","(L.) Link","FABACEAE Senna occidentalis (L.) Link","2184","GBIF","SORO","Casali, M.F.","151","Native","Latão","Ouro",,"Floresta Nacional de Ipanema"
"FLORESTA NACIONAL IPANEMA","Angiosperms","Fabaceae","Senna","pendula","(Humb.& Bonpl.ex Willd.) H.S.Irwin & Barneby","FABACEAE Senna pendula (Humb.& Bonpl.ex Willd.) H.S.Irwin & Barneby","3270","GBIF","SHPR","Biral, L.","3660","Native","Bronze","Ouro",,"Floresta Nacional de Ipanema."
"FLORESTA NACIONAL IPANEMA","Angiosperms","Fabaceae","Senna","splendida","(Vogel) H.S.Irwin & Barneby","FABACEAE Senna splendida (Vogel) H.S.Irwin & Barneby","SORO012984","Splink","SORO",,"3780","Native","Bronze","Ouro",,"Flona Ipanema"
"FLORESTA NACIONAL IPANEMA","Angiosperms","Fabaceae","Stryphnodendron","adstringens","(Mart.) Coville","FABACEAE Stryphnodendron adstringens (Mart.) Coville","SORO013315","Splink","SORO",,"287","Native","Latão","Ouro",,"Floresta Nacional de Ipanema"
"FLORESTA NACIONAL IPANEMA","Angiosperms","Fabaceae","Tamarindus",,"L.","FABACEAE Tamarindus L.","1700","GBIF","SORO","Bataghin, F.A.","FNI 33",,"Latão","Ouro",,"Floresta Nacional de Ipanema"
"FLORESTA NACIONAL IPANEMA","Angiosperms","Fabaceae","Tipuana","tipu","(Benth.) Kuntze","FABACEAE Tipuana tipu (Benth.) Kuntze","50651","GBIF","IAC","Casali, M.F.","250","Cultivated","Bronze","Ouro",,"Floresta Nacional de Ipanema, Área 2"
"FLORESTA NACIONAL IPANEMA","Angiosperms","Gesneriaceae","Sinningia","allagophylla","(Mart.) Wiehler","GESNERIACEAE Sinningia allagophylla (Mart.) Wiehler","SORO013267","Splink","SORO",,"641","Native","Bronze","Ouro",,"Floresta Nacional de Ipanema"
"FLORESTA NACIONAL IPANEMA","Angiosperms","Heliotropiaceae","Heliotropium",,"L.","HELIOTROPIACEAE Heliotropium L.","35620","Splink","HUCS",,"2069",,"Latão","Ouro",,"Flona Ipanema"
"FLORESTA NACIONAL IPANEMA","Ferns and Lycophytes","Hymenophyllaceae","Didymoglossum","hymenoides","(Hedw.) Desv.","HYMENOPHYLLACEAE Didymoglossum hymenoides (Hedw.) Desv.","35628","GBIF","HUCS","Bordin, J.","2077","Native","Bronze","Ouro","https://images.cria.org.br/viewer/HUCS001418","FLONA - Ipanema"
"FLORESTA NACIONAL IPANEMA","Angiosperms","Hypericaceae","Hypericum","brasiliense","Choisy","HYPERICACEAE Hypericum brasiliense Choisy","SORO013268","Splink","SORO",,"418A","Native","Latão","Ouro",,"Floresta Nacional de Ipanema"
"FLORESTA NACIONAL IPANEMA","Angiosperms","Iridaceae","Sisyrinchium","micranthum","Cav.","IRIDACEAE Sisyrinchium micranthum Cav.","SORO013269","Splink","SORO",,"677","Native","Bronze","Ouro",,"Floresta Nacional de Ipanema"
"FLORESTA NACIONAL IPANEMA","Angiosperms","Iridaceae","Trimezia","martinicensis","(Jacq.) Herb.","IRIDACEAE Trimezia martinicensis (Jacq.) Herb.","SORO013270","Splink","SORO",,"588","Native","Bronze","Ouro",,"Floresta Nacional de Ipanema"
"FLORESTA NACIONAL IPANEMA","Angiosperms","Lacistemataceae","Lacistema","hasslerianum","Chodat","LACISTEMATACEAE Lacistema hasslerianum Chodat","SORO013291","Splink","SORO",,"517","Native","Bronze","Ouro",,"Floresta Nacional de Ipanema"
"FLORESTA NACIONAL IPANEMA","Angiosperms","Lacistemataceae","Lacistema","serrulatum","Mart.","LACISTEMATACEAE Lacistema serrulatum Mart.","SORO013248","Splink","SORO",,"278","Native","Bronze","Ouro",,"Floresta Nacional de Ipanema"
"FLORESTA NACIONAL IPANEMA","Angiosperms","Lamiaceae","Aegiphila","integrifolia","(Jacq.) Moldenke","LAMIACEAE Aegiphila integrifolia (Jacq.) Moldenke","152107","GBIF","ESA","Hussni, N.F.Q.","1127","Native","Bronze","Ouro","https://images.cria.org.br/viewer/ESA152107","Floresta Nacional de Ipanema (FLONA)"
"FLORESTA NACIONAL IPANEMA","Angiosperms","Lamiaceae","Aegiphila","verticillata","Vell.","LAMIACEAE Aegiphila verticillata Vell.","SORO013274","Splink","SORO",,"412","Native","Bronze","Ouro",,"Floresta Nacional de Ipanema"
"FLORESTA NACIONAL IPANEMA","Angiosperms","Lamiaceae","Hyptis",,"Jacq.","LAMIACEAE Hyptis Jacq.","SORO013275","Splink","SORO",,"480",,"Bronze","Ouro",,"Floresta Nacional de Ipanema"
"FLORESTA NACIONAL IPANEMA","Angiosperms","Lamiaceae","Medusantha","crinita","(Benth.) Harley & J.F.B.Pastore","LAMIACEAE Medusantha crinita (Benth.) Harley & J.F.B.Pastore","SORO013273","Splink","SORO",,"406","Native","Latão","Ouro",,"Floresta Nacional de Ipanema"
"FLORESTA NACIONAL IPANEMA","Angiosperms","Lauraceae","Cryptocarya","aschersoniana","Mez","LAURACEAE Cryptocarya aschersoniana Mez","RB00823071","GBIF","RB","Moraes, P.R.L.","2502","Native","Ouro","Ouro","jbrj-public-img.s3-sa-east-1.amazonaws.com/JPG/rb/0/82/30/71/00823071.jpg","FLONA de Ipanema, Iperó."
"FLORESTA NACIONAL IPANEMA","Angiosperms","Lauraceae","Cryptocarya","moschata","Nees & Mart.","LAURACEAE Cryptocarya moschata Nees & Mart.","HRCB078303","Splink","HRCB",,"2505","Native","Ouro","Ouro",,"FLONA de Ipanema"
"FLORESTA NACIONAL IPANEMA","Angiosperms","Lauraceae","Endlicheria","paniculata","(Spreng.) J.F.Macbr.","LAURACEAE Endlicheria paniculata (Spreng.) J.F.Macbr.","50634","GBIF","IAC","Casali, M.F.","232","Native","Bronze","Ouro",,"Floresta Nacional de Ipanema, Área 1"
"FLORESTA NACIONAL IPANEMA","Angiosperms","Lauraceae","Nectandra","lanceolata","Nees","LAURACEAE Nectandra lanceolata Nees","SORO012375","Splink","SORO",,"25","Native","Latão","Bronze",,"Estrada P2, próxima ao poste 23."
"FLORESTA NACIONAL IPANEMA","Angiosperms","Lauraceae","Nectandra","megapotamica","(Spreng.) Mez","LAURACEAE Nectandra megapotamica (Spreng.) Mez","172650","GBIF","UEC","Mamede, M.C.H.","580","Native","Ouro","Ouro","https://images.cria.org.br/viewer/UEC061562","Fazenda Ipanema, FLONA Ipanema."
"FLORESTA NACIONAL IPANEMA","Angiosperms","Lauraceae","Ocotea","puberula","(Rich.) Nees","LAURACEAE Ocotea puberula (Rich.) Nees","SPSF00045197","Splink","SPSF",,"2487","Native","Ouro","Ouro",,"Floresta Nacional de Ipanema."
"FLORESTA NACIONAL IPANEMA","Angiosperms","Lauraceae","Ocotea","silvestris","Vattimo-Gil","LAURACEAE Ocotea silvestris Vattimo-Gil","152089","GBIF","ESA","Hussni, N.F.Q.","1172","Native","Bronze","Ouro",,"Floresta Nacional de Ipanema (FLONA)"
"FLORESTA NACIONAL IPANEMA","Angiosperms","Lecythidaceae","Cariniana","estrellensis","(Raddi) Kuntze","LECYTHIDACEAE Cariniana estrellensis (Raddi) Kuntze","5178","GBIF","SORO","Alesi, L.S.","17","Native","Latão","Ouro",,"Floresta Nacional do Ipanema. Trilha Pedra Santa 23k. 662 m de elevação."
"FLORESTA NACIONAL IPANEMA","Angiosperms","Loranthaceae","Struthanthus",,"Mart.","LORANTHACEAE Struthanthus Mart.","HRCB058009","Splink","HRCB",,"446",,"Latão","Bronze",,
"FLORESTA NACIONAL IPANEMA","Ferns and Lycophytes","Lygodiaceae","Lygodium",,"Sw.","LYGODIACEAE Lygodium Sw.","SORO013631","Splink","SORO",,"3712",,"Bronze","Ouro",,"Flona Ipanema"
"FLORESTA NACIONAL IPANEMA","Angiosperms","Lythraceae","Diplusodon","virgatus","Pohl","LYTHRACEAE Diplusodon virgatus Pohl","SORO013802","Splink","SORO",,"807","Native","Bronze","Ouro",,"Floresta Nacional de Ipanema"
"FLORESTA NACIONAL IPANEMA","Angiosperms","Lythraceae","Lafoensia","pacari","A.St.-Hil.","LYTHRACEAE Lafoensia pacari A.St.-Hil.","10956","GBIF","SORO","Casali, M.F.","166","Native","Latão","Ouro",,"Floresta Nacional de Ipanema, Coleta realizada na Área 2"
"FLORESTA NACIONAL IPANEMA","Angiosperms","Malpighiaceae","Banisteriopsis","campestris","(A.Juss.) Little","MALPIGHIACEAE Banisteriopsis campestris (A.Juss.) Little","SORO013040","Splink","SORO",,"805","Native","Bronze","Ouro",,"Floresta Nacional de Ipanema"
"FLORESTA NACIONAL IPANEMA","Angiosperms","Malpighiaceae","Banisteriopsis","oxyclada","(A.Juss.) B.Gates","MALPIGHIACEAE Banisteriopsis oxyclada (A.Juss.) B.Gates","SORO013575","Splink","SORO",,"425","Native","Bronze","Ouro",,"Floresta Nacional de Ipanema"
"FLORESTA NACIONAL IPANEMA","Angiosperms","Malpighiaceae","Byrsonima","coccolobifolia","Kunth","MALPIGHIACEAE Byrsonima coccolobifolia Kunth","SORO013036","Splink","SORO",,"639","Native","Bronze","Ouro",,"Floresta Nacional de Ipanema"
"FLORESTA NACIONAL IPANEMA","Angiosperms","Malpighiaceae","Byrsonima","intermedia","A.Juss.","MALPIGHIACEAE Byrsonima intermedia A.Juss.","SORO013624","Splink","SORO",,"825","Native","Bronze","Ouro",,"Floresta Nacional de Ipanema"
"FLORESTA NACIONAL IPANEMA","Angiosperms","Malpighiaceae","Byrsonima","sericea","DC.","MALPIGHIACEAE Byrsonima sericea DC.","SORO013037","Splink","SORO",,"15","Native","Latão","Ouro",,"Floresta Nacional de Ipanema"
"FLORESTA NACIONAL IPANEMA","Angiosperms","Malpighiaceae","Byrsonima","verbascifolia","(L.) DC.","MALPIGHIACEAE Byrsonima verbascifolia (L.) DC.","SORO013576","Splink","SORO",,"640","Native","Bronze","Ouro",,"Floresta Nacional de Ipanema"
"FLORESTA NACIONAL IPANEMA","Angiosperms","Malpighiaceae","Diplopterys","lutea","(Griseb.) W.R.Anderson & C.C.Davis","MALPIGHIACEAE Diplopterys lutea (Griseb.) W.R.Anderson & C.C.Davis","SORO014023","Splink","SORO",,"843","Native","Bronze","Ouro",,"Floresta Nacional de Ipanema. Fragmento 3."
"FLORESTA NACIONAL IPANEMA","Angiosperms","Malpighiaceae","Heteropterys","umbellata","A.Juss.","MALPIGHIACEAE Heteropterys umbellata A.Juss.","SORO012983","Splink","SORO",,"584","Native","Bronze","Ouro",,"Floresta Nacional de Ipanema, Aceiro leste sentido GO."
"FLORESTA NACIONAL IPANEMA","Angiosperms","Malpighiaceae","Janusia","guaranitica","(A.St.-Hil.) A.Juss.","MALPIGHIACEAE Janusia guaranitica (A.St.-Hil.) A.Juss.","SORO013038","Splink","SORO",,"372","Native","Latão","Ouro",,"Floresta Nacional de Ipanema"
"FLORESTA NACIONAL IPANEMA","Angiosperms","Malpighiaceae","Stigmaphyllon","acuminatum","A.Juss.","MALPIGHIACEAE Stigmaphyllon acuminatum A.Juss.","SORO013229","Splink","SORO",,"679A","Native","Bronze","Ouro",,"Floresta Nacional de Ipanema"
"FLORESTA NACIONAL IPANEMA","Angiosperms","Malvaceae","Apeiba","tibourbou","Aubl.","MALVACEAE Apeiba tibourbou Aubl.","152091","GBIF","ESA","Hussni, N.F.Q.","1175","Native","Bronze","Ouro",,"Floresta Nacional de Ipanema (FLONA)"
"FLORESTA NACIONAL IPANEMA","Angiosperms","Malvaceae","Bastardiopsis","densiflora","(Hook. & Arn.) Hassl.","MALVACEAE Bastardiopsis densiflora (Hook. & Arn.) Hassl.","98207","GBIF","SPF","Mamede, M.C.H.","576","Native","Ouro","Ouro","https://images.cria.org.br/viewer/SPF00098207","Fazenda Ipanema, FLONA Ipanema, Mata Mesófila."
"FLORESTA NACIONAL IPANEMA","Angiosperms","Malvaceae","Byttneria","gracilipes","Decne. ex Baill.","MALVACEAE Byttneria gracilipes Decne. ex Baill.","SORO012551","Splink","SORO",,"3851","Native","Bronze","Ouro",,"Morro da Antena"
"FLORESTA NACIONAL IPANEMA","Angiosperms","Malvaceae","Ceiba","speciosa","(A.St.-Hil.) Ravenna","MALVACEAE Ceiba speciosa (A.St.-Hil.) Ravenna","10302587","GBIF","Observations","Moreira, J.",,"Native","Bronze","Bronze",,"Iperó - SP, Iperó, SP, BR"
"FLORESTA NACIONAL IPANEMA","Angiosperms","Malvaceae","Eriotheca","candolleana","(K.Schum.) A.Robyns","MALVACEAE Eriotheca candolleana (K.Schum.) A.Robyns","SORO012778","Splink","SORO",,"523","Native","Latão","Ouro",,"Floresta Nacional de Ipanema. Cerrado - Fragmento 3."
"FLORESTA NACIONAL IPANEMA","Angiosperms","Malvaceae","Guazuma","ulmifolia","Lam.","MALVACEAE Guazuma ulmifolia Lam.","152085","GBIF","ESA","Hussni, N.F.Q.","1161","Native","Bronze","Ouro","https://images.cria.org.br/viewer/ESA152085","Floresta Nacional de Ipanema (FLONA)"
"FLORESTA NACIONAL IPANEMA","Angiosperms","Malvaceae","Helicteres","brevispira","A.St.-Hil.","MALVACEAE Helicteres brevispira A.St.-Hil.","3276","GBIF","SHPR","Biral, L.","3666","Native","Bronze","Ouro",,"Floresta Nacional de Ipanema."
"FLORESTA NACIONAL IPANEMA","Angiosperms","Malvaceae","Helicteres","sacarolha","A.St.-Hil., Juss. & Cambess.","MALVACEAE Helicteres sacarolha A.St.-Hil., Juss. & Cambess.","SORO012825","Splink","SORO",,"468","Native","Latão","Ouro",,"Floresta Nacional de Ipanema. Cerrado - Fragmento 2"
"FLORESTA NACIONAL IPANEMA","Angiosperms","Malvaceae","Heliocarpus","popayanensis","Kunth","MALVACEAE Heliocarpus popayanensis Kunth","5244","GBIF","SORO","Alesi, L.S.","22","Native","Latão","Ouro",,"Floresta Nacional do Ipanema, trilha Afonso Sardinha."
"FLORESTA NACIONAL IPANEMA","Angiosperms","Malvaceae","Krapovickasia","macrodon","(A.DC.) Fryxell","MALVACEAE Krapovickasia macrodon (A.DC.) Fryxell","SORO013304","Splink","SORO",,"309","Native","Latão","Ouro",,"Floresta Nacional de Ipanema"
"FLORESTA NACIONAL IPANEMA","Angiosperms","Malvaceae","Luehea","divaricata","Mart.","MALVACEAE Luehea divaricata Mart.","152086","GBIF","ESA","Hussni, N.F.Q.","1163","Native","Bronze","Ouro","https://images.cria.org.br/viewer/ESA152086","Floresta Nacional de Ipanema (FLONA)"
"FLORESTA NACIONAL IPANEMA","Angiosperms","Malvaceae","Luehea","grandiflora","Mart.","MALVACEAE Luehea grandiflora Mart.","11044","GBIF","SORO","Guilherme, A.","260","Native","Bronze","Ouro",,"Floresta Nacional de Ipanema, Área de escalada"
"FLORESTA NACIONAL IPANEMA","Angiosperms","Malvaceae","Pavonia","friesii","Krapov.","MALVACEAE Pavonia friesii Krapov.","SORO013008","Splink","SORO",,"400","Native","Bronze","Ouro",,"Floresta Nacional de Ipanema, Cerrado - Fragmento 3."
"FLORESTA NACIONAL IPANEMA","Angiosperms","Malvaceae","Pavonia","sepium","A.St.-Hil.","MALVACEAE Pavonia sepium A.St.-Hil.","SORO012421","Splink","SORO",,"3717","Native","Latão","Ouro",,"Flona Ipanema"
"FLORESTA NACIONAL IPANEMA","Angiosperms","Malvaceae","Peltaea","obsita","(Mart. ex Colla) Krapov. & Cristóbal","MALVACEAE Peltaea obsita (Mart. ex Colla) Krapov. & Cristóbal","SORO012780","Splink","SORO",,"411","Native","Latão","Ouro",,"Floresta Nacional de Ipanema. Cerrado - Fragmento 3."
"FLORESTA NACIONAL IPANEMA","Angiosperms","Malvaceae","Pseudobombax","grandiflorum","(Cav.) A.Robyns","MALVACEAE Pseudobombax grandiflorum (Cav.) A.Robyns","5862","GBIF","SORO","Casali, M.F.","180","Native","Latão","Ouro",,"Floresta Nacional de Ipanema. Coleta realiza na área 1."
"FLORESTA NACIONAL IPANEMA","Angiosperms","Malvaceae","Pseudobombax","longiflorum","(Mart.) A.Robyns","MALVACEAE Pseudobombax longiflorum (Mart.) A.Robyns","SORO013309","Splink","SORO",,"311","Native","Latão","Ouro",,"Floresta Nacional de Ipanema"
"FLORESTA NACIONAL IPANEMA","Angiosperms","Malvaceae","Sida","linifolia","Cav.","MALVACEAE Sida linifolia Cav.","SORO012829","Splink","SORO",,"849","Native","Latão","Ouro",,"Floresta Nacional de Ipanema. Cerrado - Fragmento 3."
"FLORESTA NACIONAL IPANEMA","Angiosperms","Malvaceae","Sida","rhombifolia","L.","MALVACEAE Sida rhombifolia L.","SORO012830","Splink","SORO",,"870","Native","Latão","Ouro",,"Floresta Nacional de Ipanema. Cerrado - Fragmento 3."
"FLORESTA NACIONAL IPANEMA",,"Malvaceae","Sterculia","apela",,"MALVACEAE Sterculia apela","UEC188877","Splink","UEC",,"470",,"Bronze","Ouro",,"Floresta Nacional de Ipanema - FLONA, Local: Copa a pleno sol, borda da trilha. Solo: Argiloso. Hábito: Arbóroeo"
"FLORESTA NACIONAL IPANEMA","Angiosperms","Malvaceae","Triumfetta","semitriloba","Jacq.","MALVACEAE Triumfetta semitriloba Jacq.","SORO012826","Splink","SORO",,"344","Native","Latão","Ouro",,"Floresta Nacional de Ipanema. Cerrado - Fragmento 3."
"FLORESTA NACIONAL IPANEMA","Angiosperms","Malvaceae","Wissadula","amplissima","(L.) R.E.Fr.","MALVACEAE Wissadula amplissima (L.) R.E.Fr.","SORO012828","Splink","SORO",,"464","Native","Bronze","Ouro",,"Floresta Nacional de Ipanema. Cerrado - Fragmento 2"
"FLORESTA NACIONAL IPANEMA","Angiosperms","Melastomataceae","Leandra",,"Raddi","MELASTOMATACEAE Leandra Raddi","UFG0035943","Splink","UFG",,"3648",,"Latão","Ouro",,"Floresta Nacional de Ipanema."
"FLORESTA NACIONAL IPANEMA","Angiosperms","Melastomataceae","Miconia","albicans","(Sw.) Steud.","MELASTOMATACEAE Miconia albicans (Sw.) Steud.","SORO012889","Splink","SORO",,"685","Native","Bronze","Ouro",,"Floresta Nacional de Ipanema, campo da cana"
"FLORESTA NACIONAL IPANEMA","Angiosperms","Melastomataceae","Miconia","buddlejoides","Triana","MELASTOMATACEAE Miconia buddlejoides Triana","513559","GBIF","SP","Scabbia, R.J.A.","619","Native","Latão","Bronze",,"Clube da Sabesp"
"FLORESTA NACIONAL IPANEMA","Angiosperms","Melastomataceae","Miconia","cinnamomifolia","(DC.) Naudin","MELASTOMATACEAE Miconia cinnamomifolia (DC.) Naudin","50660","GBIF","IAC","Casali, M.F.","155","Native","Bronze","Ouro",,"Floresta Nacional de Ipanema - Área 2"
"FLORESTA NACIONAL IPANEMA","Angiosperms","Melastomataceae","Miconia","formosa","Cogn.","MELASTOMATACEAE Miconia formosa Cogn.","152034","GBIF","ESA","Hussni, N.F.Q.","933","Native","Bronze","Ouro",,"Floresta Nacional de Ipanema (FLONA)"
"FLORESTA NACIONAL IPANEMA","Angiosperms","Melastomataceae","Miconia","latecrenata","(DC.) Naudin","MELASTOMATACEAE Miconia latecrenata (DC.) Naudin","513563","GBIF","SP","Scabbia, R.J.A.","623","Native","Latão","Bronze",,"Clube da Sabesp, emboque do túnel 4"
"FLORESTA NACIONAL IPANEMA","Angiosperms","Melastomataceae","Miconia","minutiflora","(Bonpl.) DC.","MELASTOMATACEAE Miconia minutiflora (Bonpl.) DC.","SORO012888","Splink","SORO",,"837","Native","Bronze","Ouro",,"Floresta Nacional de Ipanema"
"FLORESTA NACIONAL IPANEMA","Angiosperms","Melastomataceae","Miconia","pusilliflora","(DC.) Naudin","MELASTOMATACEAE Miconia pusilliflora (DC.) Naudin","UEC018096","Splink","UEC",,"226","Native","Ouro","Ouro",,"Floresta Nacional de Ipanema - FLONA Local: borda da trilha, meia sombra. Solo: úmido com serrapilheira."
"FLORESTA NACIONAL IPANEMA","Angiosperms","Melastomataceae","Miconia","stenostachya","DC.","MELASTOMATACEAE Miconia stenostachya DC.","SORO013230","Splink","SORO",,"679","Native","Bronze","Ouro",,"Floresta Nacional de Ipanema"
"FLORESTA NACIONAL IPANEMA","Angiosperms","Melastomataceae","Pleroma","granulosum","(Desr.) D. Don","MELASTOMATACEAE Pleroma granulosum (Desr.) D. Don","11027","GBIF","SORO","Guilherme, A.","239","Native","Latão","Ouro",,"Floresta Nacional de Ipanema, Área de escalada"
"FLORESTA NACIONAL IPANEMA","Angiosperms","Melastomataceae","Pleroma","stenocarpum","(Schrank et Mart. ex DC.) Triana","MELASTOMATACEAE Pleroma stenocarpum (Schrank et Mart. ex DC.) Triana","SORO014022","Splink","SORO",,"824","Native","Bronze","Ouro",,"Floresta Nacional de Ipanema."
"FLORESTA NACIONAL IPANEMA",,"Melastomataceae","Tibouchina","stenocarpa","(DC.) Cogn.","MELASTOMATACEAE Tibouchina stenocarpa (DC.) Cogn.","2200","GBIF","SORO","Casali, M.F.","246",,"Ouro","Ouro",,"Floresta Nacional de Ipanema, Área 2"
"FLORESTA NACIONAL IPANEMA","Angiosperms","Meliaceae","Cabralea","canjerana","(Vell.) Mart.","MELIACEAE Cabralea canjerana (Vell.) Mart.","SORO012374","Splink","SORO",,"24","Native","Latão","Bronze",,"Atrás do cemitério."
"FLORESTA NACIONAL IPANEMA","Angiosperms","Meliaceae","Cedrela","fissilis","Vell.","MELIACEAE Cedrela fissilis Vell.","152032","GBIF","ESA","Oliveira, J.R.","93","Native","Bronze","Ouro","https://images.cria.org.br/viewer/ESA152032","Floresta Nacional de Ipanema (FLONA)"
"FLORESTA NACIONAL IPANEMA","Angiosperms","Meliaceae","Cedrela","odorata","L.","MELIACEAE Cedrela odorata L.","152033","GBIF","ESA","Oliveira, J.R.","94","Native","Bronze","Ouro",,"Floresta Nacional de Ipanema (FLONA)"
"FLORESTA NACIONAL IPANEMA","Angiosperms","Meliaceae","Guarea","kunthiana","A.Juss.","MELIACEAE Guarea kunthiana A.Juss.","11043","GBIF","SORO","Guilherme, A.","259","Native","Latão","Ouro",,"Floresta Nacional de Ipanema, Área de escalada"
"FLORESTA NACIONAL IPANEMA","Angiosperms","Meliaceae","Guarea","macrophylla","Vahl","MELIACEAE Guarea macrophylla Vahl","UEC184356","Splink","UEC",,"534","Native","Bronze","Ouro",,"Floresta Nacional de Ipanema Local: fora da trilha, plena sombra. Ambiente: úmido com serrapilheira."
"FLORESTA NACIONAL IPANEMA","Angiosperms","Meliaceae","Melia","azedarach","L.","MELIACEAE Melia azedarach L.","11049","GBIF","SORO","Guilherme, A.","270","Naturalized","Bronze","Ouro",,"Floresta Nacional de Ipanema, Área de escalada"
"FLORESTA NACIONAL IPANEMA","Angiosperms","Meliaceae","Trichilia","casaretti","C.DC.","MELIACEAE Trichilia casaretti C.DC.","3342","GBIF","SHPR","Biral, L.","3729","Native","Bronze","Ouro",,"Floresta Nacional de Ipanema."
"FLORESTA NACIONAL IPANEMA","Angiosperms","Meliaceae","Trichilia","clausseni","C.DC.","MELIACEAE Trichilia clausseni C.DC.","152066","GBIF","ESA","Oliveira, A.M.","179","Native","Bronze","Ouro","https://images.cria.org.br/viewer/ESA152066","Floresta Nacional de Ipanema (FLONA)"
"FLORESTA NACIONAL IPANEMA","Angiosperms","Meliaceae","Trichilia","elegans","A.Juss.","MELIACEAE Trichilia elegans A.Juss.","3350","GBIF","SHPR","Biral, L.","3737","Native","Bronze","Ouro",,"Floresta Nacional de Ipanema."
"FLORESTA NACIONAL IPANEMA","Angiosperms","Meliaceae","Trichilia","pallida","Sw.","MELIACEAE Trichilia pallida Sw.","152062","GBIF","ESA","Oliveira, A.M.","113","Native","Bronze","Ouro","https://images.cria.org.br/viewer/ESA152062","Floresta Nacional de Ipanema (FLONA)"
"FLORESTA NACIONAL IPANEMA","Angiosperms","Menispermaceae","Cissampelos","ovalifolia","DC.","MENISPERMACEAE Cissampelos ovalifolia DC.","SORO012890","Splink","SORO",,"600","Native","Latão","Ouro",,"Floresta Nacional de Ipanema. Cerrado fragmento 2"
"FLORESTA NACIONAL IPANEMA","Angiosperms","Monimiaceae","Mollinedia","widgrenii","A.DC.","MONIMIACEAE Mollinedia widgrenii A.DC.","RBR00007921","Splink","RBR",,"584","Native","Ouro","Ouro",,"Fazenda Ipanema, FLONA Ipanema."
"FLORESTA NACIONAL IPANEMA","Angiosperms","Moraceae","Artocarpus","heterophyllus","Lam.","MORACEAE Artocarpus heterophyllus Lam.","144989696","GBIF","Observations","Williams, B.",,"Naturalized","Bronze","Bronze",,"HCG3+JM - Bacaetava, Iperó - SP, 18560-000, Brazil"
"FLORESTA NACIONAL IPANEMA","Angiosperms","Moraceae","Brosimum","gaudichaudii","Trécul","MORACEAE Brosimum gaudichaudii Trécul","SORO012891","Splink","SORO",,"479","Native","Latão","Ouro",,"Floresta Nacional de Ipanema. Cerrado fragmento 2"
"FLORESTA NACIONAL IPANEMA","Angiosperms","Moraceae","Ficus","guaranitica","Chodat","MORACEAE Ficus guaranitica Chodat","152059","GBIF","ESA","Oliveira, A.M.","104","Native","Bronze","Ouro",,"Floresta Nacional de Ipanema (FLONA)"
"FLORESTA NACIONAL IPANEMA","Angiosperms","Moraceae","Ficus","insipida","Willd.","MORACEAE Ficus insipida Willd.","50677","GBIF","IAC","Casali, M.F.","245","Native","Bronze","Ouro",,"Floresta Nacional de Ipanema, Área 2"
"FLORESTA NACIONAL IPANEMA","Angiosperms","Moraceae","Maclura","tinctoria","(L.) D.Don ex Steud.","MORACEAE Maclura tinctoria (L.) D.Don ex Steud.","152061","GBIF","ESA","Oliveira, A.M.","110","Native","Bronze","Ouro",,"Floresta Nacional de Ipanema (FLONA)"
"FLORESTA NACIONAL IPANEMA","Angiosperms","Musaceae","Musa","paradisiaca","L.","MUSACEAE Musa paradisiaca L.","152106","GBIF","ESA","Hussni, N.F.Q.","1125","Cultivated","Bronze","Ouro",,"Floresta Nacional de Ipanema (FLONA)"
"FLORESTA NACIONAL IPANEMA","Angiosperms","Myrtaceae","Campomanesia","adamantium","(Cambess.) O.Berg","MYRTACEAE Campomanesia adamantium (Cambess.) O.Berg","SORO013246","Splink","SORO",,"270","Native","Latão","Ouro",,"Floresta Nacional de Ipanema"
"FLORESTA NACIONAL IPANEMA","Angiosperms","Myrtaceae","Campomanesia","guaviroba","(DC.) Kiaersk.","MYRTACEAE Campomanesia guaviroba (DC.) Kiaersk.","3477","GBIF","SORO","Silva, A.T.","32","Native","Latão","Ouro",,"Floresta Nacional de Ipanema"
"FLORESTA NACIONAL IPANEMA","Angiosperms","Myrtaceae","Campomanesia","guazumifolia","(Cambess.) O.Berg","MYRTACEAE Campomanesia guazumifolia (Cambess.) O.Berg","3187","GBIF","SORO","Silva, A.T.","59","Native","Latão","Ouro",,"Floresta Nacional de Ipanema"
"FLORESTA NACIONAL IPANEMA","Angiosperms","Myrtaceae","Campomanesia","xanthocarpa","(Mart.) O.Berg","MYRTACEAE Campomanesia xanthocarpa (Mart.) O.Berg","SORO012732","Splink","SORO",,"8994","Native","Bronze","Ouro",,"Floresta Nacional de Ipanema, próximo ao antigo cemitério evangélico."
"FLORESTA NACIONAL IPANEMA","Angiosperms","Myrtaceae","Corymbia","citriodora","(Hook.) K.D.Hill & L.A.S.Johnson","MYRTACEAE Corymbia citriodora (Hook.) K.D.Hill & L.A.S.Johnson","11067","GBIF","SORO","Guilherme, A.","292","Cultivated","Latão","Ouro",,"Floresta Nacional de Ipanema, Campo George Oetterer"
"FLORESTA NACIONAL IPANEMA","Angiosperms","Myrtaceae","Eucalyptus","urophylla","S.T.Blake","MYRTACEAE Eucalyptus urophylla S.T.Blake","11068","GBIF","SORO","Guilherme, A.","293","Cultivated","Latão","Ouro",,"Floresta Nacional de Ipanema, Campo George Oetterer"
"FLORESTA NACIONAL IPANEMA","Angiosperms","Myrtaceae","Eugenia","bimarginata","DC.","MYRTACEAE Eugenia bimarginata DC.","SORO014040","Splink","SORO",,"431","Native","Bronze","Ouro",,"Floresta Nacional de Ipanema. Fragmento 3."
"FLORESTA NACIONAL IPANEMA","Angiosperms","Myrtaceae","Eugenia","cerasiflora","Miq.","MYRTACEAE Eugenia cerasiflora Miq.","UEC184358","Splink","UEC",,"236","Native","Bronze","Ouro",,"Local: borda da trilha, pleno sol. Ambiente: seco em meio a graminea nativa. Floresta Nacional de Ipanema"
"FLORESTA NACIONAL IPANEMA","Angiosperms","Myrtaceae","Eugenia","florida","DC.","MYRTACEAE Eugenia florida DC.","623","GBIF","SORO","Casali, M.F.","194","Native","Ouro","Ouro",,"Floresta Nacional de Ipanema - área 2."
"FLORESTA NACIONAL IPANEMA","Angiosperms","Myrtaceae","Eugenia","francavilleana","O.Berg","MYRTACEAE Eugenia francavilleana O.Berg","624","GBIF","SORO","Casali, M.F.","97","Native","Ouro","Ouro",,"Floresta Nacional de Ipanema - Área 1"
"FLORESTA NACIONAL IPANEMA","Angiosperms","Myrtaceae","Eugenia","hiemalis","Cambess.","MYRTACEAE Eugenia hiemalis Cambess.","3321","GBIF","SHPR","Biral, L.","3708","Native","Ouro","Ouro",,"Floresta Nacional de Ipanema."
"FLORESTA NACIONAL IPANEMA","Angiosperms","Myrtaceae","Eugenia","kleinii","D.Legrand","MYRTACEAE Eugenia kleinii D.Legrand","SORO003093","Splink","SORO",,"62","Native","Bronze","Ouro",,"Floresta Nacional de Ipanema"
"FLORESTA NACIONAL IPANEMA","Angiosperms","Myrtaceae","Eugenia","ligustrina","(Sw.) Willd.","MYRTACEAE Eugenia ligustrina (Sw.) Willd.","3827","GBIF","SORO","Silva, A.T.","7","Native","Latão","Ouro",,"Floresta Nacional de Ipanema"
"FLORESTA NACIONAL IPANEMA","Angiosperms","Myrtaceae","Eugenia","paracatuana","O.Berg","MYRTACEAE Eugenia paracatuana O.Berg","K001909750","GBIF","K","Silva., A.T.","64","Native","Latão","Ouro",,"SÃO PAULO, município de Iperó, Floresta Nacional de Ipanema."
"FLORESTA NACIONAL IPANEMA","Angiosperms","Myrtaceae","Eugenia","pluriflora","DC.","MYRTACEAE Eugenia pluriflora DC.","3337","GBIF","SHPR","Biral, L.","3724","Native","Ouro","Ouro",,"Floresta Nacional de Ipanema."
"FLORESTA NACIONAL IPANEMA","Angiosperms","Myrtaceae","Eugenia","pyriformis","Cambess.","MYRTACEAE Eugenia pyriformis Cambess.","SORO013503","Splink","SORO",,"61","Native","Bronze","Ouro",,"Floresta Nacional de Ipanema. Mirante Olho da águia."
"FLORESTA NACIONAL IPANEMA","Angiosperms","Myrtaceae","Eugenia","uniflora","L.","MYRTACEAE Eugenia uniflora L.","152101","GBIF","ESA","Hussni, N.F.Q.","1197","Native","Bronze","Ouro","https://images.cria.org.br/viewer/ESA152101","Floresta Nacional de Ipanema (FLONA)"
"FLORESTA NACIONAL IPANEMA","Angiosperms","Myrtaceae","Myrcia","diaphana","(O.Berg) N.Silveira","MYRTACEAE Myrcia diaphana (O.Berg) N.Silveira","K000342814","Splink","K",,"s.n.","Native","Ouro","Bronze",,"Ipanema"
"FLORESTA NACIONAL IPANEMA","Angiosperms","Myrtaceae","Myrcia","glomerata","(Cambess.) G.P.Burton & E.Lucas","MYRTACEAE Myrcia glomerata (Cambess.) G.P.Burton & E.Lucas","3304","GBIF","SHPR","Biral, L.","3691","Native","Bronze","Ouro",,"Floresta Nacional de Ipanema."
"FLORESTA NACIONAL IPANEMA","Angiosperms","Myrtaceae","Myrcia","multiflora","(Lam.) DC.","MYRTACEAE Myrcia multiflora (Lam.) DC.","K000343807","Splink","K",,"s.n.","Native","Ouro","Bronze",,"Ipanema"
"FLORESTA NACIONAL IPANEMA",,"Myrtaceae","Myrcia","nivea|Myrcia","Cambess.|(Aubl.) DC.","MYRTACEAE Myrcia nivea Cambess.|Myrcia tomentosa (Aubl.) DC.","SORO013904","Splink","SORO",,"561",,"Bronze","Ouro",,"Floresta Nacional de Ipanema. Fragmento 3."
"FLORESTA NACIONAL IPANEMA","Angiosperms","Myrtaceae","Myrcia","selloi","(Spreng.) N.Silveira","MYRTACEAE Myrcia selloi (Spreng.) N.Silveira","SORO014037","Splink","SORO",,"508","Native","Bronze","Ouro",,"Floresta Nacional de Ipanema, Aceiro sentido Cerrado GO"
"FLORESTA NACIONAL IPANEMA","Angiosperms","Myrtaceae","Myrcia","splendens","(Sw.) DC.","MYRTACEAE Myrcia splendens (Sw.) DC.","K000262365","Splink","K",,"1052","Native","Ouro","Bronze",,
"FLORESTA NACIONAL IPANEMA","Angiosperms","Myrtaceae","Myrcia","tomentosa","(Aubl.) DC.","MYRTACEAE Myrcia tomentosa (Aubl.) DC.","SORO014036","Splink","SORO",,"509","Native","Bronze","Ouro",,"Floresta Nacional de Ipanema, Aceiro sentido Cerrado GO"
"FLORESTA NACIONAL IPANEMA","Angiosperms","Myrtaceae","Myrcia","uberavensis","O.Berg","MYRTACEAE Myrcia uberavensis O.Berg","3307","GBIF","SHPR","Biral, L.","3694","Native","Ouro","Ouro",,"Floresta Nacional de Ipanema."
"FLORESTA NACIONAL IPANEMA","Angiosperms","Myrtaceae","Plinia","peruviana","(Poir.) Govaerts","MYRTACEAE Plinia peruviana (Poir.) Govaerts","3188","GBIF","SORO","Silva, A.T.","65","Native","Latão","Ouro",,"Floresta Nacional de Ipanema"
"FLORESTA NACIONAL IPANEMA","Angiosperms","Myrtaceae","Psidium","cattleyanum","Sabine","MYRTACEAE Psidium cattleyanum Sabine","SORO012367","Splink","SORO",,"12","Native","Latão","Ouro",,"Flona Ipanema, Trilha à esquerda do centro de vivêncis."
"FLORESTA NACIONAL IPANEMA",,"Myrtaceae","Psidium","grandifolia",,"MYRTACEAE Psidium grandifolia","SORO013962","Splink","SORO",,"643",,"Bronze","Bronze",,"Floreta Nacional de Ipanema. Fragmento 2."
"FLORESTA NACIONAL IPANEMA","Angiosperms","Myrtaceae","Psidium","grandifolium","Mart. ex DC.","MYRTACEAE Psidium grandifolium Mart. ex DC.","SORO013963","Splink","SORO",,"785","Native","Bronze","Ouro",,"Floresta Nacional de Ipanema."
"FLORESTA NACIONAL IPANEMA","Angiosperms","Myrtaceae","Psidium","guajava","L.","MYRTACEAE Psidium guajava L.","50668","GBIF","IAC","Casali, M.F.","143","Naturalized","Bronze","Ouro",,"Floresta Nacional de Ipanema - Área 2"
"FLORESTA NACIONAL IPANEMA","Angiosperms","Myrtaceae","Psidium","guineense","Sw.","MYRTACEAE Psidium guineense Sw.","3292","GBIF","SHPR","Biral, L.","3679","Native","Ouro","Ouro",,"Floresta Nacional de Ipanema."
"FLORESTA NACIONAL IPANEMA",,,"Fissidens","elegans","Brid.","NA Fissidens elegans Brid.","42162","GBIF","HUCS","Bordin, J.","2055",,"Bronze","Bronze",,"Floresta Nacional de Iperó, Fazenda Ipanema, trilha da Pedra Santa, mata"
"FLORESTA NACIONAL IPANEMA",,,"Fissidens","flabellatus","Hornsch.","NA Fissidens flabellatus Hornsch.","42138","GBIF","HUCS","Bordin, J.","2056",,"Bronze","Bronze",,"Floresta Nacional de Iperó, Fazenda Ipanema, trilha da Pedra Santa, mata"
"FLORESTA NACIONAL IPANEMA",,,"Fissidens","pallidinervis",,"NA Fissidens pallidinervis","418800","Splink","HUCS",,"2046",,"Bronze","Bronze",,"Floresta Nacional de Iperó, Fazenda Ipanema, trilha da Pedra Santa, mata"
"FLORESTA NACIONAL IPANEMA",,,"Fissidens","spuriolimbatus","Broth.","NA Fissidens spuriolimbatus Broth.","45266","GBIF","HUCS","Bordin, J.","2050",,"Bronze","Bronze",,"Floresta Nacional de Iperó, Fazenda Ipanema, trilha da Pedra Santa, mata"
"FLORESTA NACIONAL IPANEMA",,,"Fissidens","zollingeri",,"NA Fissidens zollingeri","418793","Splink","HUCS",,"2039",,"Bronze","Bronze",,"Floresta Nacional de Iperó, Fazenda Ipanema, trilha da Pedra Santa, mata"
"FLORESTA NACIONAL IPANEMA",,,"Frullania",,"Raddi","NA Frullania Raddi","35612","GBIF","HUCS","Bordin, J.","2061",,"Latão","Ouro",,"Flona Ipanema"
"FLORESTA NACIONAL IPANEMA",,,"Indet",,,"NA Indet. sp.","SHPR003351","Splink","SHPR",,"3738",,"Latão","Ouro",,"Floresta Nacional de Ipanema."
"FLORESTA NACIONAL IPANEMA",,,"Neckeropsis","undulata","(Hedw.) Reichardt","NA Neckeropsis undulata (Hedw.) Reichardt","35639","GBIF","HUCS","Bordin, J.","2088",,"Bronze","Ouro",,"FLONA Ipanema-Trilha Afonso Sardinha"
"FLORESTA NACIONAL IPANEMA",,,"Octoblepharum","albidum","Hedw.","NA Octoblepharum albidum Hedw.","35629","GBIF","HUCS","Bordin, J.","2078",,"Latão","Ouro",,"FLONA Ipanema"
"FLORESTA NACIONAL IPANEMA",,,"Radula",,"Dumort.","NA Radula Dumort.","35632","GBIF","HUCS","Bordin, J.","2081",,"Latão","Ouro",,"Flona Ipanema, Trilha Afonso Sardinha"
"FLORESTA NACIONAL IPANEMA","Angiosperms","Nyctaginaceae","Guapira","noxia","(Netto) Lundell","NYCTAGINACEAE Guapira noxia (Netto) Lundell","SORO013285","Splink","SORO",,"605","Native","Bronze","Ouro",,"Floresta Nacional de Ipanema"
"FLORESTA NACIONAL IPANEMA","Angiosperms","Ochnaceae","Ouratea","spectabilis","(Mart.) Engl.","OCHNACEAE Ouratea spectabilis (Mart.) Engl.","SORO014010","Splink","SORO",,"677A","Native","Bronze","Ouro",,"Floresta Nacional de Ipanema"
"FLORESTA NACIONAL IPANEMA","Angiosperms","Oleaceae","Ligustrum",,"L.","OLEACEAE Ligustrum L.","4225","GBIF","SORO","Bataghin, F.A.","35",,"Latão","Ouro",,"Flona de Ipanema"
"FLORESTA NACIONAL IPANEMA","Angiosperms","Onagraceae","Ludwigia","peruviana","(L.) H.Hara","ONAGRACEAE Ludwigia peruviana (L.) H.Hara","18995370","GBIF","Observations","Wisnik, N.",,"Native","Bronze","Bronze",,"Iperó - SP, 18560-000, Brasil"
"FLORESTA NACIONAL IPANEMA","Angiosperms","Orchidaceae","Catasetum","fimbriatum","(C.Morren) Lindl.","ORCHIDACEAE Catasetum fimbriatum (C.Morren) Lindl.","SORO012313","Splink","SORO",,"3666","Native","Latão","Ouro",,"Flona de Ipanema"
"FLORESTA NACIONAL IPANEMA","Angiosperms","Orchidaceae","Cattleya","forbesii","Lindl.","ORCHIDACEAE Cattleya forbesii Lindl.","SORO013979","Splink","SORO",,"4057","Native","Bronze","Ouro",,"FLONA Ipanema"
"FLORESTA NACIONAL IPANEMA","Angiosperms","Orchidaceae","Cattleya","loddigesii","Lindl.","ORCHIDACEAE Cattleya loddigesii Lindl.","SORO013663","Splink","SORO",,"3940","Native","Latão","Ouro",,"Floresta Nacional de Ipanema. Parte alagada(Expedição FNI)"
"FLORESTA NACIONAL IPANEMA","Angiosperms","Orchidaceae","Cyclopogon",,"C.Presl","ORCHIDACEAE Cyclopogon C.Presl","9179","GBIF","SORO","Martins, C.H.C.","97",,"Latão","Ouro",,"Floresta Nacional de Ipanema"
"FLORESTA NACIONAL IPANEMA","Angiosperms","Orchidaceae","Liparis","nervosa","(Thumb.) Lindl.","ORCHIDACEAE Liparis nervosa (Thumb.) Lindl.","SORO013287","Splink","SORO",,"839B","Native","Bronze","Ouro",,"Floresta Nacional de Ipanema"
"FLORESTA NACIONAL IPANEMA","Angiosperms","Orchidaceae","Oeceoclades","maculata","(Lindl.) Lindl.","ORCHIDACEAE Oeceoclades maculata (Lindl.) Lindl.","9180","GBIF","SORO","Martins, C.H.C.","93","Naturalized","Latão","Ouro",,"Floresta Nacional de Ipanema"
"FLORESTA NACIONAL IPANEMA","Angiosperms","Orchidaceae","Prescottia",,"Lindl.","ORCHIDACEAE Prescottia Lindl.","9178","GBIF","SORO","Martins, C.H.C.","107",,"Latão","Ouro",,"Floresta Nacional de Ipanema"
"FLORESTA NACIONAL IPANEMA","Angiosperms","Orchidaceae","Zeuxine","strateumatica","(L.) Schltr.","ORCHIDACEAE Zeuxine strateumatica (L.) Schltr.","11076","GBIF","SORO","Guilherme, A.","301","Naturalized","Latão","Ouro",,"Floresta Nacional de Ipanema, Portão II"
"FLORESTA NACIONAL IPANEMA","Angiosperms","Oxalidaceae","Oxalis","cytisoides","Mart. ex Zucc.","OXALIDACEAE Oxalis cytisoides Mart. ex Zucc.","SORO013286","Splink","SORO",,"815","Native","Bronze","Ouro",,"Floresta Nacional de Ipanema"
"FLORESTA NACIONAL IPANEMA","Angiosperms","Oxalidaceae","Oxalis","rhombeo-ovata","A.St.-Hil.","OXALIDACEAE Oxalis rhombeo-ovata A.St.-Hil.","3331","GBIF","SHPR","Biral, L.","3718","Native","Bronze","Ouro",,"Floresta Nacional de Ipanema."
"FLORESTA NACIONAL IPANEMA","Angiosperms","Passifloraceae","Passiflora","pohlii","Mast.","PASSIFLORACEAE Passiflora pohlii Mast.","41969","Splink","HCF",,"12107","Native","Bronze","Ouro",,"Floresta Nacional de Ipanema"
"FLORESTA NACIONAL IPANEMA","Angiosperms","Passifloraceae","Passiflora","suberosa","L.","PASSIFLORACEAE Passiflora suberosa L.","193048902","GBIF","Observations","Marini Filho, O.J.",,"Native","Bronze","Bronze",,"Iperó, SP, BR"
"FLORESTA NACIONAL IPANEMA","Angiosperms","Peraceae","Pera","glabrata","(Schott) Baill.","PERACEAE Pera glabrata (Schott) Baill.","152108","GBIF","ESA","Hussni, N.F.Q.","1131","Native","Bronze","Ouro","https://images.cria.org.br/viewer/ESA152108","Floresta Nacional de Ipanema (FLONA)"
"FLORESTA NACIONAL IPANEMA","Angiosperms","Phytolaccaceae","Seguieria","langsdorffii","Moq.","PHYTOLACCACEAE Seguieria langsdorffii Moq.","177874","GBIF","UEC","Santos, K.","3551","Native","Bronze","Bronze","https://images.cria.org.br/viewer/UEC031172","Mata da Fazenda Espírito Santo (Fragmento P3); área total: 13,4ha."
"FLORESTA NACIONAL IPANEMA","Gymnosperms","Pinaceae","Pinus","elliottii","Engelm.","PINACEAE Pinus elliottii Engelm.","11065","GBIF","SORO","Guilherme, A.","290","Naturalized","Latão","Ouro",,"Floresta Nacional de Ipanema, Vila SJY"
"FLORESTA NACIONAL IPANEMA","Angiosperms","Piperaceae","Peperomia",,"Ruiz & Pav.","PIPERACEAE Peperomia Ruiz & Pav.","HRCB058062","Splink","HRCB",,"444",,"Bronze","Bronze",,
"FLORESTA NACIONAL IPANEMA","Angiosperms","Piperaceae","Piper","amalago","L.","PIPERACEAE Piper amalago L.","50631","GBIF","IAC","Casali, M.F.","124","Native","Bronze","Ouro",,"Floresta Nacional de Ipanema, Área 2"
"FLORESTA NACIONAL IPANEMA","Angiosperms","Piperaceae","Piper","arboreum","Aubl.","PIPERACEAE Piper arboreum Aubl.","3336","GBIF","SHPR","Biral, L.","3723","Native","Bronze","Ouro",,"Floresta Nacional de Ipanema."
"FLORESTA NACIONAL IPANEMA","Angiosperms","Piperaceae","Piper","dilatatum","Rich.","PIPERACEAE Piper dilatatum Rich.","SORO013289","Splink","SORO",,"845","Native","Bronze","Ouro",,"Floresta Nacional de Ipanema"
"FLORESTA NACIONAL IPANEMA","Angiosperms","Piperaceae","Piper","regnellii","(Miq.) C.DC.","PIPERACEAE Piper regnellii (Miq.) C.DC.","98208","GBIF","SPF","Mamede, M.C.H.","567","Native","Ouro","Ouro","https://images.cria.org.br/viewer/SPF00098208","Floresta Nacional de Ipanema. Em grandes populações no sub-bosque."
"FLORESTA NACIONAL IPANEMA","Angiosperms","Plantaginaceae","Plantago","australis","Lam.","PLANTAGINACEAE Plantago australis Lam.","SORO013310","Splink","SORO",,"266","Native","Latão","Ouro",,"Floresta Nacional de Ipanema"
"FLORESTA NACIONAL IPANEMA","Angiosperms","Poaceae","Andropogon","bicornis","L.","POACEAE Andropogon bicornis L.","SORO013300","Splink","SORO",,"859","Native","Bronze","Ouro",,"Floresta Nacional de Ipanema"
"FLORESTA NACIONAL IPANEMA","Angiosperms","Poaceae","Axonopus","siccus","(Nees) Kuhlm.","POACEAE Axonopus siccus (Nees) Kuhlm.","SORO013298","Splink","SORO",,"360","Native","Bronze","Ouro",,"Floresta Nacional de Ipanema"
"FLORESTA NACIONAL IPANEMA","Angiosperms","Poaceae","Cenchrus","purpureus","(Schumach.) Morrone","POACEAE Cenchrus purpureus (Schumach.) Morrone","11075","GBIF","SORO","Guilherme, A.","300","Naturalized","Latão","Ouro",,"Floresta Nacional de Ipanema, Portão II"
"FLORESTA NACIONAL IPANEMA","Angiosperms","Poaceae","Chloris",,"Sw.","POACEAE Chloris Sw.","11074","GBIF","SORO","Guilherme, A.","299",,"Latão","Ouro",,"Floresta Nacional de Ipanema, Portão II"
"FLORESTA NACIONAL IPANEMA","Angiosperms","Poaceae","Chusquea","ramosissima","Lindm.","POACEAE Chusquea ramosissima Lindm.","SP042483","Splink","SP",,"583","Native","Ouro","Ouro",,"Floresta Nacional de Ipanema"
"FLORESTA NACIONAL IPANEMA","Angiosperms","Poaceae","Echinolaena","inflexa","(Poir.) Chase","POACEAE Echinolaena inflexa (Poir.) Chase","SORO014216","Splink","SORO",,"362","Native","Latão","Ouro",,"Floresta Nacional de Ipanema. Fragmento 3"
"FLORESTA NACIONAL IPANEMA","Angiosperms","Poaceae","Lasiacis","ligulata","Hitchc. & Chase","POACEAE Lasiacis ligulata Hitchc. & Chase","SORO013296","Splink","SORO",,"437","Native","Latão","Ouro",,"Floresta Nacional de Ipanema"
"FLORESTA NACIONAL IPANEMA","Angiosperms","Poaceae","Loudetiopsis","chrysothrix","(Nees) Conert","POACEAE Loudetiopsis chrysothrix (Nees) Conert","SORO013297","Splink","SORO",,"361","Native","Bronze","Ouro",,"Floresta Nacional de Ipanema"
"FLORESTA NACIONAL IPANEMA","Angiosperms","Poaceae","Megathyrsus","maximus","(Jacq.) B.K.Simon & S.W.L.Jacobs","POACEAE Megathyrsus maximus (Jacq.) B.K.Simon & S.W.L.Jacobs","11073","GBIF","SORO","Guilherme, A.","298","Naturalized","Latão","Ouro",,"Floresta Nacional de Ipanema, Portão II"
"FLORESTA NACIONAL IPANEMA","Angiosperms","Poaceae","Melinis","minutiflora","P.Beauv.","POACEAE Melinis minutiflora P.Beauv.","SORO013299","Splink","SORO",,"336","Naturalized","Latão","Ouro",,"Floresta Nacional de Ipanema"
"FLORESTA NACIONAL IPANEMA","Angiosperms","Poaceae","Setaria","sulcata","Raddi","POACEAE Setaria sulcata Raddi","3265","GBIF","SHPR","Biral, L.","3655","Native","Ouro","Ouro",,"Floresta Nacional de Ipanema. Pico das Torres e trilha adjacente em direção ao interior do fragmento."
"FLORESTA NACIONAL IPANEMA","Angiosperms","Poaceae","Urochloa",,"P.Beauv.","POACEAE Urochloa P.Beauv.","SORO013243","Splink","SORO",,"297",,"Latão","Ouro",,"Floresta Nacional de Ipanema, Portão II"
"FLORESTA NACIONAL IPANEMA","Angiosperms","Polygalaceae","Acanthocladus","brasiliensis","(A.St.-Hil. & Moq.) Klotzsch ex Hassk.","POLYGALACEAE Acanthocladus brasiliensis (A.St.-Hil. & Moq.) Klotzsch ex Hassk.","SORO013295","Splink","SORO",,"506","Native","Bronze","Ouro",,"Floresta Nacional de Ipanema"
"FLORESTA NACIONAL IPANEMA","Angiosperms","Polygalaceae","Polygala",,"L.","POLYGALACEAE Polygala L.","SORO013294","Splink","SORO",,"601",,"Bronze","Ouro",,"Floresta Nacional de Ipanema"
"FLORESTA NACIONAL IPANEMA","Angiosperms","Polygalaceae","Senega","lancifolia","(A.St.-Hil. & Moq.) J.F.B.Pastore","POLYGALACEAE Senega lancifolia (A.St.-Hil. & Moq.) J.F.B.Pastore","RB00319064","GBIF","RB","Mamede, M.C.H.","573","Native","Ouro","Ouro","jbrj-public-img.s3-sa-east-1.amazonaws.com/JPG/rb/0/31/90/64/00319064.jpg","Fazenda Ipanema, FLONA Ipanema, Mata Mesófila."
"FLORESTA NACIONAL IPANEMA","Angiosperms","Polygalaceae","Senega","paniculata","(L.) J.F.B.Pastore & J.R.Abbott","POLYGALACEAE Senega paniculata (L.) J.F.B.Pastore & J.R.Abbott","SORO013292","Splink","SORO",,"369","Native","Bronze","Ouro",,"Floresta Nacional de Ipanema"
"FLORESTA NACIONAL IPANEMA","Ferns and Lycophytes","Polypodiaceae","Campyloneurum","nitidum","(Kaulf.) C.Presl","POLYPODIACEAE Campyloneurum nitidum (Kaulf.) C.Presl","SORO013909","Splink","SORO",,"831","Native","Bronze","Ouro",,"Floresta Nacional de Ipanema."
"FLORESTA NACIONAL IPANEMA","Ferns and Lycophytes","Polypodiaceae","Niphidium","crassifolium","(L.) Lellinger","POLYPODIACEAE Niphidium crassifolium (L.) Lellinger","NY01415337","GBIF","NY","Mamede, M.C.H.","571","Native","Ouro","Ouro","jbrj-public.s3-sa-east-1.amazonaws.com/fsi/server?type=image&source=DZI/newyork/ny_/1/41/53/37/ny_01415337.dzi","Fazenda Ipanema. FLONA Ipanema."
"FLORESTA NACIONAL IPANEMA","Ferns and Lycophytes","Polypodiaceae","Pleopeltis","astrolepis","(Liebm.) E.Fourn.","POLYPODIACEAE Pleopeltis astrolepis (Liebm.) E.Fourn.","HRCB058054","Splink","HRCB",,"436","Native","Bronze","Bronze",,
"FLORESTA NACIONAL IPANEMA","Ferns and Lycophytes","Polypodiaceae","Pleopeltis","hirsutissima","(Raddi) de la Sota","POLYPODIACEAE Pleopeltis hirsutissima (Raddi) de la Sota","HRCB058056","Splink","HRCB",,"438","Native","Bronze","Bronze",,
"FLORESTA NACIONAL IPANEMA","Ferns and Lycophytes","Polypodiaceae","Pleopeltis","pleopeltifolia","(Raddi) Alston","POLYPODIACEAE Pleopeltis pleopeltifolia (Raddi) Alston","HRCB058052","Splink","HRCB",,"434","Native","Bronze","Bronze",,
"FLORESTA NACIONAL IPANEMA","Ferns and Lycophytes","Polypodiaceae","Serpocaulon","catharinae","(Langsd. & Fisch.) A.R. Sm.","POLYPODIACEAE Serpocaulon catharinae (Langsd. & Fisch.) A.R. Sm.","HRCB058051","Splink","HRCB",,"433","Native","Bronze","Bronze",,
"FLORESTA NACIONAL IPANEMA","Ferns and Lycophytes","Polypodiaceae","Serpocaulon","fraxinifolium","(Jacq.) A.R.Sm.","POLYPODIACEAE Serpocaulon fraxinifolium (Jacq.) A.R.Sm.","3334","GBIF","SHPR","Biral, L.","3721","Unknown","Bronze","Ouro",,"Floresta Nacional de Ipanema."
"FLORESTA NACIONAL IPANEMA","Angiosperms","Primulaceae","Myrsine","coriacea","(Sw.) R.Br. ex Roem. & Schult.","PRIMULACEAE Myrsine coriacea (Sw.) R.Br. ex Roem. & Schult.","152055","GBIF","ESA","Hussni, N.F.Q.","1014","Native","Bronze","Ouro","https://images.cria.org.br/viewer/ESA152055","Floresta Nacional de Ipanema (FLONA)"
"FLORESTA NACIONAL IPANEMA","Angiosperms","Primulaceae","Myrsine","umbellata","Mart.","PRIMULACEAE Myrsine umbellata Mart.","11029","GBIF","SORO","Guilherme, A.","242","Native","Bronze","Ouro",,"Floresta Nacional de Ipanema, Área de escalada"
"FLORESTA NACIONAL IPANEMA","Angiosperms","Proteaceae","Roupala","montana","Aubl.","PROTEACEAE Roupala montana Aubl.","SORO013392","Splink","SORO",,"786","Native","Bronze","Ouro",,"Floresta Nacional de Ipanema"
"FLORESTA NACIONAL IPANEMA","Ferns and Lycophytes","Psilotaceae","Psilotum","nudum","(L.) P.Beauv.","PSILOTACEAE Psilotum nudum (L.) P.Beauv.","3353","GBIF","SHPR","Biral, L.","3740","Native","Bronze","Ouro",,"Floresta Nacional de Ipanema."
"FLORESTA NACIONAL IPANEMA","Angiosperms","Rhamnaceae","Colubrina","glandulosa","Perkins","RHAMNACEAE Colubrina glandulosa Perkins","152042","GBIF","ESA","Hussni, N.F.Q.","1000","Native","Bronze","Ouro",,"Floresta Nacional de Ipanema (FLONA)"
"FLORESTA NACIONAL IPANEMA","Angiosperms","Rhamnaceae","Gouania","latifolia","Reissek","RHAMNACEAE Gouania latifolia Reissek","SORO013387","Splink","SORO",,"387","Native","Latão","Ouro",,"Floresta Nacional de Ipanema"
"FLORESTA NACIONAL IPANEMA","Angiosperms","Rhamnaceae","Rhamnidium","elaeocarpum","Reissek","RHAMNACEAE Rhamnidium elaeocarpum Reissek","152090","GBIF","ESA","Hussni, N.F.Q.","1174","Native","Bronze","Ouro",,"Floresta Nacional de Ipanema (FLONA)"
"FLORESTA NACIONAL IPANEMA","Angiosperms","Rosaceae","Eriobotrya","japonica","(Thunb.) Lindl.","ROSACEAE Eriobotrya japonica (Thunb.) Lindl.","152102","GBIF","ESA","Hussni, N.F.Q.","1198","Naturalized","Bronze","Ouro",,"Floresta Nacional de Ipanema (FLONA)"
"FLORESTA NACIONAL IPANEMA","Angiosperms","Rosaceae","Prunus","myrtifolia","(L.) Urb.","ROSACEAE Prunus myrtifolia (L.) Urb.","152046","GBIF","ESA","Oliveira, A.M.","168","Native","Bronze","Ouro","https://images.cria.org.br/viewer/ESA152046","Floresta Nacional de Ipanema (FLONA)"
"FLORESTA NACIONAL IPANEMA","Angiosperms","Rosaceae","Rubus","brasiliensis","Mart.","ROSACEAE Rubus brasiliensis Mart.","SORO013399","Splink","SORO",,"404","Native","Latão","Ouro",,"Floresta Nacional de Ipanema"
"FLORESTA NACIONAL IPANEMA","Angiosperms","Rubiaceae","Alibertia","edulis","(Rich.) A.Rich.","RUBIACEAE Alibertia edulis (Rich.) A.Rich.","SORO013375","Splink","SORO",,"696","Native","Latão","Ouro",,"Floresta Nacional de Ipanema"
"FLORESTA NACIONAL IPANEMA","Angiosperms","Rubiaceae","Borreria","verticillata","(L.) G.Mey.","RUBIACEAE Borreria verticillata (L.) G.Mey.","SORO013383","Splink","SORO",,"366","Native","Bronze","Ouro",,"Floresta Nacional de Ipanema"
"FLORESTA NACIONAL IPANEMA","Angiosperms","Rubiaceae","Chiococca","alba","(L.) Hitchc.","RUBIACEAE Chiococca alba (L.) Hitchc.","SORO013384","Splink","SORO",,"810","Native","Bronze","Ouro",,"Floresta Nacional de Ipanema"
"FLORESTA NACIONAL IPANEMA","Angiosperms","Rubiaceae","Cordiera","concolor","(Cham.) Kuntze","RUBIACEAE Cordiera concolor (Cham.) Kuntze","SORO013385","Splink","SORO",,"814","Native","Bronze","Ouro",,"Floresta Nacional de Ipanema"
"FLORESTA NACIONAL IPANEMA","Angiosperms","Rubiaceae","Cordiera","elliptica","(Cham.) Kuntze","RUBIACEAE Cordiera elliptica (Cham.) Kuntze","SORO013382","Splink","SORO",,"603","Native","Bronze","Ouro",,"Floresta Nacional de Ipanema"
"FLORESTA NACIONAL IPANEMA","Angiosperms","Rubiaceae","Cordiera","macrophylla","(K.Schum.) Kuntze","RUBIACEAE Cordiera macrophylla (K.Schum.) Kuntze","SORO013374","Splink","SORO",,"29","Native","Latão","Ouro",,"Floresta Nacional de Ipanema"
"FLORESTA NACIONAL IPANEMA","Angiosperms","Rubiaceae","Coussarea","violacea","Aubl.","RUBIACEAE Coussarea violacea Aubl.","SORO013377","Splink","SORO",,"699","Native","Bronze","Ouro",,"Floresta Nacional de Ipanema"
"FLORESTA NACIONAL IPANEMA","Angiosperms","Rubiaceae","Coutarea","hexandra","(Jacq.) K.Schum.","RUBIACEAE Coutarea hexandra (Jacq.) K.Schum.","3378","GBIF","SHPR","Biral, L.","3743","Native","Bronze","Ouro","https://images.cria.org.br/viewer/SHPR003378_v1","Floresta Nacional de Ipanema."
"FLORESTA NACIONAL IPANEMA","Angiosperms","Rubiaceae","Galium","hypocarpium","(L.) Endl. ex Griseb.","RUBIACEAE Galium hypocarpium (L.) Endl. ex Griseb.","SORO013381","Splink","SORO",,"503","Native","Bronze","Ouro",,"Floresta Nacional de Ipanema"
"FLORESTA NACIONAL IPANEMA","Angiosperms","Rubiaceae","Guettarda","platyphylla","Müll.Arg.","RUBIACEAE Guettarda platyphylla Müll.Arg.","SORO013380","Splink","SORO",,"789","Native","Bronze","Ouro",,"Floresta Nacional de Ipanema"
"FLORESTA NACIONAL IPANEMA","Angiosperms","Rubiaceae","Ixora","venulosa","Benth.","RUBIACEAE Ixora venulosa Benth.","3352","GBIF","SHPR","Biral, L.","3739","Native","Bronze","Ouro",,"Floresta Nacional de Ipanema."
"FLORESTA NACIONAL IPANEMA","Angiosperms","Rubiaceae","Palicourea","hoffmannseggiana","(Roem. & Schult.) Borhidi","RUBIACEAE Palicourea hoffmannseggiana (Roem. & Schult.) Borhidi","SORO013378","Splink","SORO",,"684","Native","Bronze","Ouro",,"Floresta Nacional de Ipanema"
"FLORESTA NACIONAL IPANEMA","Angiosperms","Rubiaceae","Palicourea","sessilis","(Vell.) C.M.Taylor","RUBIACEAE Palicourea sessilis (Vell.) C.M.Taylor","199371","GBIF","UEC","Almeida-Scabbia, R.J.","698","Native","Bronze","Bronze","https://images.cria.org.br/viewer/UEC160590","Condomínio Quintas da Cidade"
"FLORESTA NACIONAL IPANEMA","Angiosperms","Rubiaceae","Psychotria","carthagenensis","Jacq.","RUBIACEAE Psychotria carthagenensis Jacq.","UEC184384","Splink","UEC",,"225","Native","Bronze","Ouro",,"Floresta Nacional de Ipanema - FLONA Local: borda da trilha, meia sombra. Solo: úmido com serrapilheira."
"FLORESTA NACIONAL IPANEMA","Angiosperms","Rubiaceae","Psychotria","pubigera","Schltdl.","RUBIACEAE Psychotria pubigera Schltdl.","SORO013386","Splink","SORO",,"838","Native","Bronze","Ouro",,"Floresta Nacional de Ipanema"
"FLORESTA NACIONAL IPANEMA","Angiosperms","Rubiaceae","Rudgea","jasminoides","(Cham.) Müll.Arg.","RUBIACEAE Rudgea jasminoides (Cham.) Müll.Arg.","UEC184345","Splink","UEC",,"215","Native","Bronze","Ouro",,"Floresta Nacional de Ipanema - FLONA -Trilha da Pedra Santa Local: interior da mata, plena sombra. Solo: úmido com serrapilheira."
"FLORESTA NACIONAL IPANEMA","Angiosperms","Rutaceae","Balfourodendron","riedelianum","(Engl.) Engl.","RUTACEAE Balfourodendron riedelianum (Engl.) Engl.","152099","GBIF","ESA","Hussni, N.F.Q.","1194","Native","Bronze","Ouro","https://images.cria.org.br/viewer/ESA152099","Floresta Nacional de Ipanema (FLONA)"
"FLORESTA NACIONAL IPANEMA","Angiosperms","Rutaceae","Citrus",,"L.","RUTACEAE Citrus L.","152057","GBIF","ESA","Hussni, N.F.Q.","1017",,"Bronze","Ouro","https://images.cria.org.br/viewer/ESA152057","Floresta Nacional de Ipanema (FLONA)"
"FLORESTA NACIONAL IPANEMA","Angiosperms","Rutaceae","Esenbeckia","febrifuga","(A.St.-Hil.) A. Juss. ex Mart.","RUTACEAE Esenbeckia febrifuga (A.St.-Hil.) A. Juss. ex Mart.","3277","GBIF","SHPR","Biral, L.","3667","Native","Bronze","Ouro",,"Floresta Nacional de Ipanema."
"FLORESTA NACIONAL IPANEMA","Angiosperms","Rutaceae","Esenbeckia","leiocarpa","Engl.","RUTACEAE Esenbeckia leiocarpa Engl.","SORO012376","Splink","SORO",,,"Native","Latão","Bronze",,"APP Lago, aceiro da bomba."
"FLORESTA NACIONAL IPANEMA","Angiosperms","Rutaceae","Murraya","paniculata","(L.) Jack","RUTACEAE Murraya paniculata (L.) Jack","11070","GBIF","SORO","Guilherme, A.","295","Cultivated","Latão","Ouro",,"Floresta Nacional de Ipanema, Portão II"
"FLORESTA NACIONAL IPANEMA","Angiosperms","Rutaceae","Zanthoxylum","acuminatum","(Sw.) Sw.","RUTACEAE Zanthoxylum acuminatum (Sw.) Sw.","202604","GBIF","UEC","Silva, B.G.","452","Native","Bronze","Bronze","https://images.cria.org.br/viewer/UEC190836 | https://images.cria.org.br/viewer/UEC190836_v01 | https://images.cria.org.br/viewer/UEC190836_v02 | https://images.cria.org.br/viewer/UEC190836_v03","Mata de Santa Genebra, Local: Borda da trilha, à meia sombra. Solo: Latossolo vermelho, serrapilheira."
"FLORESTA NACIONAL IPANEMA","Angiosperms","Rutaceae","Zanthoxylum","fagara","(L.) Sarg.","RUTACEAE Zanthoxylum fagara (L.) Sarg.","5249","GBIF","SORO","Alesi, L.S.","11","Native","Latão","Ouro",,"Floresta Nacional do Ipanema, trilha da Pedra Santa."
"FLORESTA NACIONAL IPANEMA","Angiosperms","Rutaceae","Zanthoxylum","petiolare","A.St.-Hil. & Tul.","RUTACEAE Zanthoxylum petiolare A.St.-Hil. & Tul.","50672","GBIF","IAC","Casali, M.F.","257","Native","Bronze","Ouro",,"Floresta Nacional de Ipanema, Área 2"
"FLORESTA NACIONAL IPANEMA","Angiosperms","Rutaceae","Zanthoxylum","rhoifolium","Lam.","RUTACEAE Zanthoxylum rhoifolium Lam.","152112","GBIF","ESA","Hussni, N.F.Q.","1139","Native","Bronze","Ouro","https://images.cria.org.br/viewer/ESA152112","Floresta Nacional de Ipanema (FLONA)"
"FLORESTA NACIONAL IPANEMA","Angiosperms","Rutaceae","Zanthoxylum","riedelianum","Engl.","RUTACEAE Zanthoxylum riedelianum Engl.","152067","GBIF","ESA","Oliveira, A.M.","181","Native","Bronze","Ouro",,"Floresta Nacional de Ipanema (FLONA)"
"FLORESTA NACIONAL IPANEMA","Angiosperms","Salicaceae","Casearia","sylvestris","Sw.","SALICACEAE Casearia sylvestris Sw.","SORO012373","Splink","SORO",,"22","Native","Latão","Bronze",,"Estrada P2 entre postes 46 e 47."
"FLORESTA NACIONAL IPANEMA","Angiosperms","Santalaceae","Phoradendron","crassifolium","(Pohl ex DC.) Eichler","SANTALACEAE Phoradendron crassifolium (Pohl ex DC.) Eichler","37660","GBIF","HCF","Biral, L.","3637","Native","Ouro","Ouro",,"Floresta Nacional de Ipanema. Imediações"
"FLORESTA NACIONAL IPANEMA","Angiosperms","Sapindaceae","Allophylus","edulis","(A.St.-Hil. et al.) Hieron. ex Niederl.","SAPINDACEAE Allophylus edulis (A.St.-Hil. et al.) Hieron. ex Niederl.","85649","GBIF","UEC","Mamede, M.C.H.","581","Native","Ouro","Ouro","https://images.cria.org.br/viewer/UEC068543","Floresta Nacional de Ipanema, Fazenda Ipanema."
"FLORESTA NACIONAL IPANEMA",,"Sapindaceae","Cadiospermum","gradiflorum",,"SAPINDACEAE Cadiospermum gradiflorum","SORO012422","Splink","SORO",,"3715",,"Latão","Ouro",,"Flona Ipanema"
"FLORESTA NACIONAL IPANEMA","Angiosperms","Sapindaceae","Cardiospermum","grandiflorum","Sw.","SAPINDACEAE Cardiospermum grandiflorum Sw.","SORO013902","Splink","SORO",,"334","Native","Bronze","Ouro",,"Floresta Nacional de Ipanema, Borda da estrada."
"FLORESTA NACIONAL IPANEMA","Angiosperms","Sapindaceae","Cupania","racemosa","(Vell.) Radlk.","SAPINDACEAE Cupania racemosa (Vell.) Radlk.","SORO013259","Splink","SORO",,"374","Native","Latão","Ouro",,"Floresta Nacional de Ipanema"
"FLORESTA NACIONAL IPANEMA","Angiosperms","Sapindaceae","Cupania","vernalis","Cambess.","SAPINDACEAE Cupania vernalis Cambess.","50632","GBIF","IAC","Casali, M.F.","237","Native","Ouro","Ouro",,"Floresta Nacional de Ipanema, Área 1"
"FLORESTA NACIONAL IPANEMA","Angiosperms","Sapindaceae","Dodonaea","viscosa","Jacq.","SAPINDACEAE Dodonaea viscosa Jacq.","37680","GBIF","HCF","Biral, L.","3722","Native","Ouro","Ouro",,"Floresta Nacional de Ipanema. Trilha da"
"FLORESTA NACIONAL IPANEMA","Angiosperms","Sapindaceae","Serjania","erecta","Radlk.","SAPINDACEAE Serjania erecta Radlk.","SORO013260","Splink","SORO",,"371","Native","Latão","Ouro",,"Floresta Nacional de Ipanema"
"FLORESTA NACIONAL IPANEMA","Angiosperms","Sapindaceae","Serjania","fuscifolia","Radlk.","SAPINDACEAE Serjania fuscifolia Radlk.","3324","GBIF","SHPR","Biral, L.","3711","Native","Bronze","Ouro",,"Floresta Nacional de Ipanema."
"FLORESTA NACIONAL IPANEMA","Angiosperms","Sapindaceae","Serjania","laruotteana","Cambess.","SAPINDACEAE Serjania laruotteana Cambess.","98311","GBIF","SPF","Mamede, M.C.H.","577","Native","Ouro","Ouro","https://images.cria.org.br/viewer/SPF00098311","Floresta Nacional de Ipanema"
"FLORESTA NACIONAL IPANEMA","Angiosperms","Sapindaceae","Serjania","lethalis","A.St.-Hil.","SAPINDACEAE Serjania lethalis A.St.-Hil.","SORO013810","Splink","SORO",,"686","Native","Bronze","Ouro",,"Floresta Nacional de Ipanema. C. Cana."
"FLORESTA NACIONAL IPANEMA","Angiosperms","Sapindaceae","Serjania","marginata","Casar.","SAPINDACEAE Serjania marginata Casar.","SORO013261","Splink","SORO",,"358","Native","Bronze","Ouro",,"Floresta Nacional de Ipanema"
"FLORESTA NACIONAL IPANEMA","Angiosperms","Sapotaceae","Chloroluma","gonocarpa","(Mart. & Eichler ex Miq.) Baill. ex Aubrév.","SAPOTACEAE Chloroluma gonocarpa (Mart. & Eichler ex Miq.) Baill. ex Aubrév.","3379","GBIF","SHPR","Biral, L.","3744","Native","Bronze","Ouro",,"Floresta Nacional de Ipanema."
"FLORESTA NACIONAL IPANEMA","Angiosperms","Sapotaceae","Chrysophyllum","marginatum","(Hook. & Arn.) Radlk.","SAPOTACEAE Chrysophyllum marginatum (Hook. & Arn.) Radlk.","SORO013265","Splink","SORO",,"519","Native","Bronze","Ouro",,"Floresta Nacional de Ipanema"
"FLORESTA NACIONAL IPANEMA","Angiosperms","Siparunaceae","Siparuna","brasiliensis","(Spreng.) A.DC.","SIPARUNACEAE Siparuna brasiliensis (Spreng.) A.DC.","SORO013252","Splink","SORO",,"828","Native","Bronze","Ouro",,"Floresta Nacional de Ipanema"
"FLORESTA NACIONAL IPANEMA","Angiosperms","Smilacaceae","Smilax","brasiliensis","Spreng.","SMILACACEAE Smilax brasiliensis Spreng.","SORO013255","Splink","SORO",,"631","Native","Bronze","Ouro",,"Floresta Nacional de Ipanema"
"FLORESTA NACIONAL IPANEMA","Angiosperms","Smilacaceae","Smilax","fluminensis","Steud.","SMILACACEAE Smilax fluminensis Steud.","SORO013251","Splink","SORO",,"515","Native","Bronze","Ouro",,"Floresta Nacional de Ipanema"
"FLORESTA NACIONAL IPANEMA","Angiosperms","Smilacaceae","Smilax","polyantha","Griseb.","SMILACACEAE Smilax polyantha Griseb.","SORO013256","Splink","SORO",,"839A","Native","Bronze","Ouro",,"Floresta Nacional de Ipanema"
"FLORESTA NACIONAL IPANEMA","Angiosperms","Solanaceae","Cestrum","axillare","Vell.","SOLANACEAE Cestrum axillare Vell.","50667","Splink","IAC",,"204","Native","Ouro","Ouro",,"Floresta Nacional de Ipanema - Área 1"
"FLORESTA NACIONAL IPANEMA","Angiosperms","Solanaceae","Cestrum","mariquitense","Kunth","SOLANACEAE Cestrum mariquitense Kunth","50636","GBIF","IAC","Casali, M.F.","113","Native","Ouro","Ouro",,"Floresta Nacional de Ipanema, Área 2"
"FLORESTA NACIONAL IPANEMA","Angiosperms","Solanaceae","Cestrum","nocturnum","L.","SOLANACEAE Cestrum nocturnum L.","SORO012423","Splink","SORO",,"3718","Cultivated","Latão","Ouro",,"Flona Ipanema"
"FLORESTA NACIONAL IPANEMA","Angiosperms","Solanaceae","Cestrum","schlechtendalii","G.Don","SOLANACEAE Cestrum schlechtendalii G.Don","50666","Splink","IAC",,"255","Native","Ouro","Ouro",,"Floresta Nacional de Ipanema - Área 1"
"FLORESTA NACIONAL IPANEMA","Angiosperms","Solanaceae","Cestrum","strigilatum","Ruiz & Pav.","SOLANACEAE Cestrum strigilatum Ruiz & Pav.","SORO013253","Splink","SORO",,"378","Native","Latão","Ouro",,"Floresta Nacional de Ipanema"
"FLORESTA NACIONAL IPANEMA","Angiosperms","Solanaceae","Solanum","concinnum","Schott ex Sendtn.","SOLANACEAE Solanum concinnum Schott ex Sendtn.","234982961","GBIF","Observations","Endo, W.",,"Native","Bronze","Bronze",,"Iperó - State of São Paulo, 18560-000, Brazil"
"FLORESTA NACIONAL IPANEMA","Angiosperms","Solanaceae","Solanum","didymum","Dunal","SOLANACEAE Solanum didymum Dunal","53002","GBIF","SPSF","Almeida-Scabbia, R.J.","702","Native","Bronze","Bronze",,
"FLORESTA NACIONAL IPANEMA","Angiosperms","Solanaceae","Solanum","granulosoleprosum","Dunal","SOLANACEAE Solanum granulosoleprosum Dunal","152115","GBIF","ESA","Hussni, N.F.Q.","1144","Native","Bronze","Ouro",,"Floresta Nacional de Ipanema (FLONA)"
"FLORESTA NACIONAL IPANEMA","Angiosperms","Solanaceae","Solanum","mauritianum","Scop.","SOLANACEAE Solanum mauritianum Scop.","SORO010993","Splink","SORO",,"188","Native","Bronze","Ouro",,"Floresta Nacional de Ipanema, Área 2"
"FLORESTA NACIONAL IPANEMA","Angiosperms","Solanaceae","Solanum","oocarpum","Sendtn.","SOLANACEAE Solanum oocarpum Sendtn.","UEC017558","Splink","UEC",,"508","Native","Bronze","Ouro",,"Floresta Nacional de Ipanema - FLONA -Trilha da Pedra Santa Local: interior da mata, sombreado. Solo: úmido com serrapilheira."
"FLORESTA NACIONAL IPANEMA","Angiosperms","Solanaceae","Solanum","paniculatum","L.","SOLANACEAE Solanum paniculatum L.","50670","Splink","IAC",,"112","Native","Ouro","Ouro",,"Floresta Nacional de Ipanema - Área 2"
"FLORESTA NACIONAL IPANEMA","Angiosperms","Solanaceae","Solanum","variabile","Mart.","SOLANACEAE Solanum variabile Mart.","50669","Splink","IAC",,"159","Native","Ouro","Ouro",,"Floresta Nacional de Ipanema - Área 2"
"FLORESTA NACIONAL IPANEMA","Angiosperms","Styracaceae","Styrax","camporum","Pohl","STYRACACEAE Styrax camporum Pohl","632","GBIF","SORO","Casali, M.F.","139","Native","Ouro","Ouro",,"Floresta Nacional de Ipanema, Área 1"
"FLORESTA NACIONAL IPANEMA","Angiosperms","Styracaceae","Styrax","ferrugineus","Nees & Mart.","STYRACACEAE Styrax ferrugineus Nees & Mart.","SHPR003283","Splink","SHPR",,"3673","Native","Bronze","Ouro",,"Floresta Nacional de Ipanema."
"FLORESTA NACIONAL IPANEMA","Angiosperms","Symplocaceae","Symplocos","celastrinea","Mart.","SYMPLOCACEAE Symplocos celastrinea Mart.","SORO013303","Splink","SORO",,"559","Native","Bronze","Ouro",,"Floresta Nacional de Ipanema"
"FLORESTA NACIONAL IPANEMA","Angiosperms","Symplocaceae","Symplocos","oblongifolia","Casar.","SYMPLOCACEAE Symplocos oblongifolia Casar.","SORO013786","Splink","SORO",,"440","Native","Bronze","Ouro",,"Floresta Nacional de Ipanema. Fragmento 2."
"FLORESTA NACIONAL IPANEMA","Angiosperms","Thymelaeaceae","Daphnopsis","fasciculata","(Meisn.) Nevling","THYMELAEACEAE Daphnopsis fasciculata (Meisn.) Nevling","202739","GBIF","UEC","Pires, T.P.","163","Native","Bronze","Bronze","https://images.cria.org.br/viewer/UEC190855 | https://images.cria.org.br/viewer/UEC190855_v01 | https://images.cria.org.br/viewer/UEC190855_v02 | https://images.cria.org.br/viewer/UEC190855_v03 | https://images.cria.org.br/viewer/UEC190855_v04 | https://images.cria.org.br/viewer/UEC190855_v05","Serra do Japi - Travessia TV Cultura, Local: Interior da mata, copa à meia sombra. Solo: Arenoso, em meio a serrapilheira."
"FLORESTA NACIONAL IPANEMA","Angiosperms","Turneraceae","Turnera","orientalis","(Urb.) Arbo","TURNERACEAE Turnera orientalis (Urb.) Arbo","SORO013389","Splink","SORO",,"458","Native","Bronze","Ouro",,"Floresta Nacional de Ipanema"
"FLORESTA NACIONAL IPANEMA","Angiosperms","Urticaceae","Cecropia","pachystachya","Trécul","URTICACEAE Cecropia pachystachya Trécul","152030","GBIF","ESA","Oliveira, J.R.","91","Native","Bronze","Ouro",,"Floresta Nacional de Ipanema (FLONA)"
"FLORESTA NACIONAL IPANEMA","Angiosperms","Urticaceae","Urtica",,"L.","URTICACEAE Urtica L.","10985","GBIF","SORO","Casali, M.F.","239",,"Latão","Ouro",,"Floresta Nacional de Ipanema, Área 1"
"FLORESTA NACIONAL IPANEMA","Angiosperms","Verbenaceae","Aloysia","virgata","(Ruiz & Pav.) Juss.","VERBENACEAE Aloysia virgata (Ruiz & Pav.) Juss.","152098","GBIF","ESA","Hussni, N.F.Q.","1193","Native","Bronze","Ouro","https://images.cria.org.br/viewer/ESA152098","Floresta Nacional de Ipanema (FLONA)"
"FLORESTA NACIONAL IPANEMA","Angiosperms","Verbenaceae","Citharexylum","myrianthum","Cham.","VERBENACEAE Citharexylum myrianthum Cham.","152031","GBIF","ESA","Oliveira, J.R.","92","Native","Bronze","Ouro","https://images.cria.org.br/viewer/ESA152031","Floresta Nacional de Ipanema (FLONA)"
"FLORESTA NACIONAL IPANEMA","Angiosperms","Verbenaceae","Lantana","trifolia","L.","VERBENACEAE Lantana trifolia L.","SORO013277","Splink","SORO",,"414","Native","Bronze","Ouro",,"Floresta Nacional de Ipanema"
"FLORESTA NACIONAL IPANEMA","Angiosperms","Verbenaceae","Lippia","lupulina","Cham.","VERBENACEAE Lippia lupulina Cham.","SORO013279","Splink","SORO",,"609","Native","Bronze","Ouro",,"Floresta Nacional de Ipanema"
"FLORESTA NACIONAL IPANEMA","Angiosperms","Verbenaceae","Lippia","origanoides","Kunth","VERBENACEAE Lippia origanoides Kunth","SORO013280","Splink","SORO",,"558","Native","Bronze","Ouro",,"Floresta Nacional de Ipanema"
"FLORESTA NACIONAL IPANEMA","Angiosperms","Verbenaceae","Petrea","volubilis","L.","VERBENACEAE Petrea volubilis L.","18995461","GBIF","Observations","Wisnik, N.",,"Native","Bronze","Bronze",,"Iperó - SP, 18560-000, Brasil"
"FLORESTA NACIONAL IPANEMA","Angiosperms","Verbenaceae","Stachytarpheta","cayennensis","(Rich.) Vahl","VERBENACEAE Stachytarpheta cayennensis (Rich.) Vahl","SORO013587","Splink","SORO",,"823","Native","Bronze","Ouro",,"Floresta Nacional de Ipanema"
"FLORESTA NACIONAL IPANEMA","Angiosperms","Violaceae","Anchietea","pyrifolia","(Mart.) G.Don","VIOLACEAE Anchietea pyrifolia (Mart.) G.Don","3278","GBIF","SHPR","Biral, L.","3668","Native","Bronze","Ouro",,"Floresta Nacional de Ipanema."
"FLORESTA NACIONAL IPANEMA","Angiosperms","Violaceae","Pombalia","setigera","(A.St.-Hil.) Paula-Souza","VIOLACEAE Pombalia setigera (A.St.-Hil.) Paula-Souza","SORO013281","Splink","SORO",,"800","Native","Bronze","Ouro",,"Floresta Nacional de Ipanema"
"FLORESTA NACIONAL IPANEMA","Angiosperms","Vitaceae","Cissus","erosa","Rich.","VITACEAE Cissus erosa Rich.","SORO013301","Splink","SORO",,"840","Native","Bronze","Ouro",,"Floresta Nacional de Ipanema"
"FLORESTA NACIONAL IPANEMA","Angiosperms","Vitaceae","Cissus","verticillata","(L.) Nicolson & C.E.Jarvis","VITACEAE Cissus verticillata (L.) Nicolson & C.E.Jarvis","SORO012420","Splink","SORO",,"3716","Native","Bronze","Ouro",,"Flona Ipanema"
"FLORESTA NACIONAL IPANEMA","Angiosperms","Vochysiaceae","Qualea","grandiflora","Mart.","VOCHYSIACEAE Qualea grandiflora Mart.","SORO013350","Splink","SORO",,"484","Native","Bronze","Ouro",,"Floresta Nacional de Ipanema"
"FLORESTA NACIONAL IPANEMA","Angiosperms","Vochysiaceae","Qualea","multiflora","Mart.","VOCHYSIACEAE Qualea multiflora Mart.","SORO013282","Splink","SORO",,"682","Native","Ouro","Ouro",,"Floresta Nacional de Ipanema"
