"UC","Grupos","Família","Gênero","Espécie","Autor","Táxon_completo","Barcode","BD_Origem","Herbário","Coletor","Número_da_Coleta","Origem_FFBr","ConfiançaID","ConfiançaLoc","Localidade"
"PARQUE ESTADUAL FURNAS DO BOM JESUS","Angiosperms","Acanthaceae","Justicia","oncodes","(Lindau) Wassh. & C.Ezcurra","ACANTHACEAE Justicia oncodes (Lindau) Wassh. & C.Ezcurra","88152","GBIF","CEN","Gonzaga, A.F.N.","1297","Native","Ouro","High","Parque Estadual das Furnas de Bom Jesus, no Núcleo Chapadão em cerrado sensu stricto com muitas pedras."
"PARQUE ESTADUAL FURNAS DO BOM JESUS","Angiosperms","Acanthaceae","Lepidagathis","floribunda","(Pohl) Kameyama","ACANTHACEAE Lepidagathis floribunda (Pohl) Kameyama","541332","Splink","SP",,"2589","Native","Ouro","High","Parque Estadual Furnas do Bom Jesus, Trilha para o Salto da Cascata Grande"
"PARQUE ESTADUAL FURNAS DO BOM JESUS","Angiosperms","Acanthaceae","Mendoncia","puberula","Mart.","ACANTHACEAE Mendoncia puberula Mart.","28551","GBIF","SPSF","Macedo, E.E.","302","Native","Bronze","High","Parque Estadual Furnas do Bom Jesus."
"PARQUE ESTADUAL FURNAS DO BOM JESUS","Angiosperms","Acanthaceae","Ruellia","brevifolia","(Pohl) C.Ezcurra","ACANTHACEAE Ruellia brevifolia (Pohl) C.Ezcurra","SPSF00022164","Splink","SPSF",,"159","Native","Bronze","High","Parque Estadual das Furnas do Bom Jesus."
"PARQUE ESTADUAL FURNAS DO BOM JESUS","Angiosperms","Acanthaceae","Ruellia","elegans","Poir.","ACANTHACEAE Ruellia elegans Poir.","22310","GBIF","SPSF","Macedo, E.E.","690","Native","Ouro","High","Parque Estadual das Furnas do Bom Jesus."
"PARQUE ESTADUAL FURNAS DO BOM JESUS","Angiosperms","Acanthaceae","Ruellia","geminiflora","Kunth","ACANTHACEAE Ruellia geminiflora Kunth","172102","GBIF","SPF","Sasaki, D.","824","Native","Ouro","High","Parque Estadual das Furnas do Bom Jesus"
"PARQUE ESTADUAL FURNAS DO BOM JESUS","Angiosperms","Acanthaceae","Ruellia","jussieuoides","Schltdl. & Cham.","ACANTHACEAE Ruellia jussieuoides Schltdl. & Cham.","541330","Splink","SP",,"2587","Native","Ouro","High","Parque Estadual Furnas do Bom Jesus, Trilha para o Salto da Cascata Grande"
"PARQUE ESTADUAL FURNAS DO BOM JESUS","Angiosperms","Acanthaceae","Ruellia","sceptrum-marianum","(Vell.) Stearn","ACANTHACEAE Ruellia sceptrum-marianum (Vell.) Stearn","541343","Splink","SP",,"2600","Native","Ouro","High","Parque Estadual Furnas do Bom Jesus, Núcleo Sinhá"
"PARQUE ESTADUAL FURNAS DO BOM JESUS",,"Acanthaceae|Rubiaceae","Justicia|Gonzalagunia",,"L.|Ruiz & Pav.","ACANTHACEAE|RUBIACEAE Justicia L.|Gonzalagunia Ruiz & Pav.","HRCB018565","Splink","HRCB",,"865",,"Bronze","High","Parque Estadual das Furnas do Bom Jesus Vertente das furnas com vegetação de mata"
"PARQUE ESTADUAL FURNAS DO BOM JESUS","Angiosperms","Alismataceae","Echinodorus","grandiflorus","(Cham. & Schltr.) Micheli","ALISMATACEAE Echinodorus grandiflorus (Cham. & Schltr.) Micheli","9123","GBIF","SPFR","Junqueira, A.B.","84","Native","Bronze","High","Vizinha ao Parque Estadual das Furnas do Bom Jesus."
"PARQUE ESTADUAL FURNAS DO BOM JESUS","Angiosperms","Alstroemeriaceae","Bomarea","edulis","(Tussac) Herb.","ALSTROEMERIACEAE Bomarea edulis (Tussac) Herb.","RB00927480","GBIF","RB","Francener, A.","1294","Native","Ouro","High","Parque Estadual das Furnas de Bom Jesus, na Trilha do Malco."
"PARQUE ESTADUAL FURNAS DO BOM JESUS","Angiosperms","Amaranthaceae","Amaranthus","spinosus","L.","AMARANTHACEAE Amaranthus spinosus L.","SPSF00016100","Splink","SPSF",,,"Naturalized","Prata","High","Parque Estadual Furnas do Bom Jesus."
"PARQUE ESTADUAL FURNAS DO BOM JESUS","Angiosperms","Amaranthaceae","Dysphania","ambrosioides","(L.) Mosyakin & Clemants","AMARANTHACEAE Dysphania ambrosioides (L.) Mosyakin & Clemants","173831","GBIF","SPF","Junqueira, A.B.","63","Naturalized","Ouro","High","Propriedade do Sr. Euclides Brentini, vizinha ao Parque Estadual das Furnas do Bom Jesus. Quintal da casa."
"PARQUE ESTADUAL FURNAS DO BOM JESUS","Angiosperms","Amaranthaceae","Gomphrena","arborescens","L.f.","AMARANTHACEAE Gomphrena arborescens L.f.","SPSF00022157","Splink","SPSF",,"166","Native","Latão","High","Parque Estadual Furnas do Bom Jesus."
"PARQUE ESTADUAL FURNAS DO BOM JESUS","Angiosperms","Amaranthaceae","Gomphrena","prostrata","Mart.","AMARANTHACEAE Gomphrena prostrata Mart.","172104","GBIF","SPF","Sasaki, D.","410","Native","Ouro","High","Parque Estadual das Furnas do Bom Jesus"
"PARQUE ESTADUAL FURNAS DO BOM JESUS","Angiosperms","Amaranthaceae","Gomphrena","virgata","Mart.","AMARANTHACEAE Gomphrena virgata Mart.","160252","GBIF","SPF","Sasaki, D.","643","Native","Ouro","High","Parque Estadual das Furnas do Bom Jesus"
"PARQUE ESTADUAL FURNAS DO BOM JESUS","Angiosperms","Amaranthaceae","Pfaffia","glomerata","(Spreng.) Pedersen","AMARANTHACEAE Pfaffia glomerata (Spreng.) Pedersen","SPSF00021777","Splink","SPSF",,"980","Native","Bronze","High","Parque Estadual das Furnas do Bom Jesus."
"PARQUE ESTADUAL FURNAS DO BOM JESUS","Angiosperms","Anacardiaceae","Anacardium","humile","A.St.-Hil.","ANACARDIACEAE Anacardium humile A.St.-Hil.","SPF00172107","Splink","SPF",,"776","Native","Bronze","High","Parque Estadual das Furnas do Bom Jesus, Campo sujo próximo à sede, abaixo da estrada de terra. Solo areno-pedregoso."
"PARQUE ESTADUAL FURNAS DO BOM JESUS","Angiosperms","Anacardiaceae","Anacardium","occidentale","L.","ANACARDIACEAE Anacardium occidentale L.","SPF00173801","Splink","SPF",,"89","Native","Bronze","High","Sede da propriedade do Sr. Antonio Zuza de Oliveira e Silvania Aparecida Polo de Oliveira, vizinha ao Parque Estadual das Furnas do Bom Jesus. Alto das furnas, próximo à cachoeira grande. Quintal da casa."
"PARQUE ESTADUAL FURNAS DO BOM JESUS","Angiosperms","Anacardiaceae","Astronium","urundeuva","(M.Allemão) Engl.","ANACARDIACEAE Astronium urundeuva (M.Allemão) Engl.","173803","GBIF","SPF","Junqueira, A.B.","117","Native","Ouro","High","Sede da propriedade do Sr. Antonio Zuza de Oliveira e Silvania Aparecida Polo de Oliveira, vizinha ao Parque Estadual das Furnas do Bom Jesus. Alto das furnas, próximo à cachoeira grande. Quintal da casa."
"PARQUE ESTADUAL FURNAS DO BOM JESUS","Angiosperms","Anacardiaceae","Lithraea","molleoides","(Vell.) Engl.","ANACARDIACEAE Lithraea molleoides (Vell.) Engl.","172108","GBIF","SPF","Sasaki, D.","680","Native","Ouro","High","Parque Estadual das Furnas do Bom Jesus. Parque Estadual das Furnas do Bom Jesus"
"PARQUE ESTADUAL FURNAS DO BOM JESUS","Angiosperms","Anacardiaceae","Tapirira","guianensis","Aubl.","ANACARDIACEAE Tapirira guianensis Aubl.","23119","GBIF","SPSF","Macedo, E.E.","234-A","Native","Ouro","High","Parque Estadual Furnas do Bom Jesus"
"PARQUE ESTADUAL FURNAS DO BOM JESUS","Ferns and Lycophytes","Anemiaceae","Anemia","phyllitidis","(L.) Sw.","ANEMIACEAE Anemia phyllitidis (L.) Sw.","SPSF00021771","Splink","SPSF",,"1102","Native","Bronze","High","Parque Estadual das Furnas do Bom Jesus."
"PARQUE ESTADUAL FURNAS DO BOM JESUS","Angiosperms","Annonaceae","Annona","coriacea","Mart.","ANNONACEAE Annona coriacea Mart.","22267","GBIF","SPSF","Macedo, E.E.","212","Native","Latão","High","Parque Estadual Furnas do Bom Jesus"
"PARQUE ESTADUAL FURNAS DO BOM JESUS","Angiosperms","Annonaceae","Annona","crassiflora","Mart.","ANNONACEAE Annona crassiflora Mart.","22321","GBIF","SPSF","Macedo, E.E.","123","Native","Latão","High","Parque Estadual Furnas do Bom Jesus"
"PARQUE ESTADUAL FURNAS DO BOM JESUS","Angiosperms","Annonaceae","Annona","nutans","(R.E.Fr.) R.E.Fr.","ANNONACEAE Annona nutans (R.E.Fr.) R.E.Fr.","SPSF00025632","Splink","SPSF",,,"Native","Bronze","High","Parque Estadual das Furnas do Bom Jesus."
"PARQUE ESTADUAL FURNAS DO BOM JESUS","Angiosperms","Annonaceae","Duguetia","furfuracea","(A.St.-Hil.) Saff.","ANNONACEAE Duguetia furfuracea (A.St.-Hil.) Saff.","22353","GBIF","SPSF","Macedo, E.E.","1450","Native","Bronze","High","Parque Estadual das Furnas do Bom Jesus"
"PARQUE ESTADUAL FURNAS DO BOM JESUS","Angiosperms","Annonaceae","Xylopia","sericea","A.St.-Hil.","ANNONACEAE Xylopia sericea A.St.-Hil.","23452","GBIF","SPSF","Macedo, E.E.",,"Native","Bronze","High","Parque Estadual das Furnas do Bom Jesus"
"PARQUE ESTADUAL FURNAS DO BOM JESUS","Angiosperms","Apiaceae","Eryngium","ebracteatum","Lam.","APIACEAE Eryngium ebracteatum Lam.","30152","GBIF","SPSF","Macedo, E.E.","323","Native","Latão","High","Parque Estadual Furnas do Bom Jesus."
"PARQUE ESTADUAL FURNAS DO BOM JESUS","Angiosperms","Apiaceae","Eryngium","eurycephalum","Malme","APIACEAE Eryngium eurycephalum Malme","172972","GBIF","SPF","Sasaki, D.","102","Native","Ouro","High","Parque Estadual das Furnas do Bom Jesus"
"PARQUE ESTADUAL FURNAS DO BOM JESUS","Angiosperms","Apiaceae","Eryngium","hemisphaericum","Urb.","APIACEAE Eryngium hemisphaericum Urb.","172974","GBIF","SPF","Sasaki, D.","892","Native","Ouro","High","Parque Estadual das Furnas do Bom Jesus"
"PARQUE ESTADUAL FURNAS DO BOM JESUS","Angiosperms","Apiaceae","Eryngium","horridum","Malme","APIACEAE Eryngium horridum Malme","SPSF00021773","Splink","SPSF",,"1050","Native","Bronze","High","Parque Estadual das Furnas do Bom Jesus."
"PARQUE ESTADUAL FURNAS DO BOM JESUS","Angiosperms","Apiaceae","Eryngium","juncifolium","(Urb.) Mathias & Constance","APIACEAE Eryngium juncifolium (Urb.) Mathias & Constance","SPSF00036752","Splink","SPSF",,"386","Native","Ouro","High","Parque Estadual das Furnas do Bom Jesus"
"PARQUE ESTADUAL FURNAS DO BOM JESUS","Angiosperms","Apiaceae","Eryngium","marginatum","Pohl ex Urb.","APIACEAE Eryngium marginatum Pohl ex Urb.","172973","GBIF","SPF","Sasaki, D.","831","Native","Ouro","High","Parque Estadual das Furnas do Bom Jesus"
"PARQUE ESTADUAL FURNAS DO BOM JESUS","Angiosperms","Apocynaceae","Allamanda","cathartica","L.","APOCYNACEAE Allamanda cathartica L.","22283","GBIF","SPSF","Macedo, E.E.","164","Native","Latão","High","Parque Estadual Furnas do Bom Jesus"
"PARQUE ESTADUAL FURNAS DO BOM JESUS","Angiosperms","Apocynaceae","Asclepias","curassavica","L.","APOCYNACEAE Asclepias curassavica L.","23442","GBIF","SPSF","Macedo, E.E.","80","Native","Prata","High","Parque Estadual Furnas do Bom Jesus"
"PARQUE ESTADUAL FURNAS DO BOM JESUS","Angiosperms","Apocynaceae","Aspidosperma","cylindrocarpon","Müll.Arg.","APOCYNACEAE Aspidosperma cylindrocarpon Müll.Arg.","SPF00219331","Splink","SPF",,"86","Native","Ouro","High","Fazenda do Sr. Antônio Polo e Silvana Polo, no entorno do Parque Estadual das Furnas do Bom Jesus. Próximo à sede da fazenda."
"PARQUE ESTADUAL FURNAS DO BOM JESUS","Angiosperms","Apocynaceae","Aspidosperma","olivaceum","Müll.Arg.","APOCYNACEAE Aspidosperma olivaceum Müll.Arg.","25913","GBIF","SPSF","Macedo, E.E.","1990","Native","Ouro","High","Parque Estadual das Furnas do Bom Jesus"
"PARQUE ESTADUAL FURNAS DO BOM JESUS","Angiosperms","Apocynaceae","Aspidosperma","subincanum","Mart.","APOCYNACEAE Aspidosperma subincanum Mart.","SPF00173805","Splink","SPF",,"82","Native","Ouro","High","Sede da propriedade do Sr. Antonio Zuza de Oliveira e Silvania Aparecida Plo de Oliveira, vizinha ao Parque Estadual das Furnas do Bom Jesus. Alto das furnas, próximo à cachoeira grande. Quintal da casa."
"PARQUE ESTADUAL FURNAS DO BOM JESUS","Angiosperms","Apocynaceae","Aspidosperma","tomentosum","Mart. & Zucc.","APOCYNACEAE Aspidosperma tomentosum Mart. & Zucc.","SORO013551","Splink","SORO",,"10","Native","Latão","High","Parque Estadual Furnas do Bom Jesus."
"PARQUE ESTADUAL FURNAS DO BOM JESUS","Angiosperms","Apocynaceae","Barjonia","erecta","(Vell.) K.Schum.","APOCYNACEAE Barjonia erecta (Vell.) K.Schum.","SPF00172096","Splink","SPF",,"1039","Native","Bronze","High","Parque Estadual das Furnas do Bom Jesus, Cerrado em encosta próxima ao encontro dos córregos Pedregulho e Bom Jesus. Solo areno-pedregoso, com afloramentos rochosos."
"PARQUE ESTADUAL FURNAS DO BOM JESUS","Angiosperms","Apocynaceae","Barjonia","laxa","Malme","APOCYNACEAE Barjonia laxa Malme","SPF00172097","Splink","SPF",,"845","Native","Bronze","High","Parque Estadual das Furnas do Bom Jesus, Campo sujo próximo à sede, abaixo da estrada de terra. Solo areno-pedregoso."
"PARQUE ESTADUAL FURNAS DO BOM JESUS","Angiosperms","Apocynaceae","Forsteronia","refracta","Müll.Arg.","APOCYNACEAE Forsteronia refracta Müll.Arg.","SPSF00027370","Splink","SPSF",,"484","Native","Ouro","High","Parque Estadual Furnas do Bom Jesus."
"PARQUE ESTADUAL FURNAS DO BOM JESUS","Angiosperms","Apocynaceae","Macropharynx","peltata","(Vell.) J.F.Morales & M.E. Endress","APOCYNACEAE Macropharynx peltata (Vell.) J.F.Morales & M.E. Endress","SPSF00016088","Splink","SPSF",,,"Native","Bronze","High","Parque Estadual Furnas do Bom Jesus."
"PARQUE ESTADUAL FURNAS DO BOM JESUS","Angiosperms","Apocynaceae","Mandevilla","illustris","(Vell.) Woodson","APOCYNACEAE Mandevilla illustris (Vell.) Woodson","SPF00172125","Splink","SPF",,"771","Native","Bronze","High","Parque Estadual das Furnas do Bom Jesus, Campo sujo próximo à sede, abaixo da estrada de terra. Solo areno-pedregoso."
"PARQUE ESTADUAL FURNAS DO BOM JESUS","Angiosperms","Apocynaceae","Mandevilla","longiflora","(Desf.) Pichon","APOCYNACEAE Mandevilla longiflora (Desf.) Pichon","SPSF00037333","Splink","SPSF",,"126","Native","Bronze","High","Parque Estadual das Furnas do Bom Jesus."
"PARQUE ESTADUAL FURNAS DO BOM JESUS","Angiosperms","Apocynaceae","Mandevilla","pohliana","(Stadelm.) A.H.Gentry","APOCYNACEAE Mandevilla pohliana (Stadelm.) A.H.Gentry","SPSF00018012","Splink","SPSF",,"71","Native","Ouro","High","Parque Estadual Furnas do Bom Jesus."
"PARQUE ESTADUAL FURNAS DO BOM JESUS","Angiosperms","Apocynaceae","Mandevilla","scabra","(Hoffmanns. ex Roem. & Schult.) K.Schum.","APOCYNACEAE Mandevilla scabra (Hoffmanns. ex Roem. & Schult.) K.Schum.","SPSF00022166","Splink","SPSF",,"157","Native","Prata","High","Parque Estadual Furnas do Bom Jesus."
"PARQUE ESTADUAL FURNAS DO BOM JESUS","Angiosperms","Apocynaceae","Mandevilla","velame","(A.St.-Hil.) Pichon","APOCYNACEAE Mandevilla velame (A.St.-Hil.) Pichon","172124","GBIF","SPF","Sasaki, D.","927","Native","Ouro","High","Parque Estadual das Furnas do Bom Jesus. Parque Estadual das Furnas do Bom Jesus"
"PARQUE ESTADUAL FURNAS DO BOM JESUS","Angiosperms","Apocynaceae","Mandevilla","virescens","(A.St.-Hil.) Pichon","APOCYNACEAE Mandevilla virescens (A.St.-Hil.) Pichon","SPF00173810","Splink","SPF",,"157","Native","Bronze","High","Parque Estadual das Furnas do Bom Jesus, Estrada próxima à sede do parque, em direção à trilha da cachoeira do chalé."
"PARQUE ESTADUAL FURNAS DO BOM JESUS","Angiosperms","Apocynaceae","Mesechites","mansoana","(A.DC.) Woodson","APOCYNACEAE Mesechites mansoana (A.DC.) Woodson","HRCB018415","Splink","HRCB",,"813",,"Ouro","High","Parque Estadual das Furnas do Bom Jesus Nas bordas das vertentes"
"PARQUE ESTADUAL FURNAS DO BOM JESUS","Angiosperms","Apocynaceae","Mesechites","mansoanus","(A.DC.) Woodson","APOCYNACEAE Mesechites mansoanus (A.DC.) Woodson","69281","GBIF","UEC","Marcondes-Ferreira, W.","813","Native","Ouro","High","Parque Estadual das Furnas do Bom Jesus, Nas bordas das vertentes, campo sujo."
"PARQUE ESTADUAL FURNAS DO BOM JESUS","Angiosperms","Apocynaceae","Odontadenia","lutea","(Vell.) Markgr.","APOCYNACEAE Odontadenia lutea (Vell.) Markgr.","SPSF00010835","Splink","SPSF",,"14","Native","Ouro","High","Parque Estadual das Furnas do Bom Jesus - Núcleo Santa Luzia."
"PARQUE ESTADUAL FURNAS DO BOM JESUS","Angiosperms","Apocynaceae","Oxypetalum","capitatum","Mart.","APOCYNACEAE Oxypetalum capitatum Mart.","SPSF00036761","Splink","SPSF",,"538","Native","Bronze","High","Parque Estadual Furnas do Bom Jesus."
"PARQUE ESTADUAL FURNAS DO BOM JESUS","Angiosperms","Apocynaceae","Prestonia",,"R.Br.","APOCYNACEAE Prestonia R.Br.","SPSF00027357","Splink","SPSF",,"492",,"Latão","High","Parque Estadual Furnas do Bom Jesus."
"PARQUE ESTADUAL FURNAS DO BOM JESUS","Angiosperms","Apocynaceae","Rhodocalyx","riedelii","(Müll.Arg.) J.F.Morales & M.E.Endress","APOCYNACEAE Rhodocalyx riedelii (Müll.Arg.) J.F.Morales & M.E.Endress","SPSF00021812","Splink","SPSF",,"45","Native","Latão","High","Parque Estadual Furnas do Bom Jesus."
"PARQUE ESTADUAL FURNAS DO BOM JESUS","Angiosperms","Apocynaceae","Rhodocalyx","rotundifolius","Müll.Arg.","APOCYNACEAE Rhodocalyx rotundifolius Müll.Arg.","23736","GBIF","SPSF","Macedo, E.E.","88","Native","Ouro","High","Parque Estadual Furnas do Bom Jesus"
"PARQUE ESTADUAL FURNAS DO BOM JESUS","Angiosperms","Apocynaceae","Vailia","picta","(Vahl) Morillo","APOCYNACEAE Vailia picta (Vahl) Morillo","172099","GBIF","SPF","Sasaki, D.","1017","Native","Ouro","High","Parque Estadual das Furnas do Bom Jesus, Campo sujo próximo à sede, abaixo da estrada de terra. Solo areno-pedregoso."
"PARQUE ESTADUAL FURNAS DO BOM JESUS","Angiosperms","Aquifoliaceae","Ilex","affinis","Gardner","AQUIFOLIACEAE Ilex affinis Gardner","23486","GBIF","SPSF","Macedo, E.E.","247","Native","Ouro","High","Parque Estadual das Furnas do Bom Jesus."
"PARQUE ESTADUAL FURNAS DO BOM JESUS","Angiosperms","Araceae","Anthurium","sinuatum","Benth. ex Schott","ARACEAE Anthurium sinuatum Benth. ex Schott","23468","GBIF","SPSF","Macedo, E.E.","1070","Native","Bronze","High","Parque Estadual Furnas do Bom Jesus."
"PARQUE ESTADUAL FURNAS DO BOM JESUS","Angiosperms","Araceae","Asterostigma","lividum","(Lodd.) Engl.","ARACEAE Asterostigma lividum (Lodd.) Engl.","22264","GBIF","SPSF","Macedo, E.E.","104B","Native","Bronze","High","Parque Estadual Furnas do Bom Jesus."
"PARQUE ESTADUAL FURNAS DO BOM JESUS","Angiosperms","Araliaceae","Dendropanax","cuneatus","(DC.) Decne. & Planch.","ARALIACEAE Dendropanax cuneatus (DC.) Decne. & Planch.","SPSF00017969","Splink","SPSF",,"134","Native","Ouro","High","Parque Estadual Furnas do Bom Jesus. Na margem da vertente da Água do Euclides."
"PARQUE ESTADUAL FURNAS DO BOM JESUS","Angiosperms","Araliaceae","Didymopanax","macrocarpus","(Cham. & Schltdl.) Seem.","ARALIACEAE Didymopanax macrocarpus (Cham. & Schltdl.) Seem.","SPSF00036711","Splink","SPSF",,"963","Native","Ouro","High","Parque Estadual das Furnas do Bom Jesus"
"PARQUE ESTADUAL FURNAS DO BOM JESUS","Angiosperms","Arecaceae","Syagrus","flexuosa","(Mart.) Becc.","ARECACEAE Syagrus flexuosa (Mart.) Becc.","SPF00017858","GBIF","SPF","Sasaki, D.","446","Native","Ouro","High","Parque Estadual das Furnas do Bom Jesus, Cerrado em encosta próxima ao encontro dos córregos Pedregulho e Bom Jesus."
"PARQUE ESTADUAL FURNAS DO BOM JESUS","Angiosperms","Aristolochiaceae","Aristolochia","gehrtii","Hoehne","ARISTOLOCHIACEAE Aristolochia gehrtii Hoehne","161934","GBIF","SPF","Mello-Silva, R.","2160","Native","Ouro","High","Parque Estadual das Furnas do Bom Jesus, Mata abaixo do mirante, próximo à sede do parque."
"PARQUE ESTADUAL FURNAS DO BOM JESUS","Angiosperms","Asparagaceae","Herreria","latifolia","Woodson","ASPARAGACEAE Herreria latifolia Woodson","SPSF00027431","Splink","SPSF",,"482","Native","Bronze","High","Parque Estadual Furnas do Bom Jesus."
"PARQUE ESTADUAL FURNAS DO BOM JESUS","Ferns and Lycophytes","Aspleniaceae","Asplenium","martianum","C.Chr.","ASPLENIACEAE Asplenium martianum C.Chr.","22368","GBIF","SPSF","Macedo, E.E.","261","Native","Bronze","High","Parque Estadual das Furnas do Bom Jesus."
"PARQUE ESTADUAL FURNAS DO BOM JESUS","Angiosperms","Asteraceae","Achyrocline","satureioides","(Lam.) DC.","ASTERACEAE Achyrocline satureioides (Lam.) DC.","36636","GBIF","SPSF","Sasaki, D.","613","Native","Ouro","High","Parque Estadual Furnas do Bom Jesus"
"PARQUE ESTADUAL FURNAS DO BOM JESUS","Angiosperms","Asteraceae","Acmella","bellidioides","(Sm.) R.K.Jansen","ASTERACEAE Acmella bellidioides (Sm.) R.K.Jansen","22269","GBIF","SPSF","Macedo, E.E.","216","Native","Ouro","High","Parque Estadual Furnas do Bom Jesus."
"PARQUE ESTADUAL FURNAS DO BOM JESUS","Angiosperms","Asteraceae","Ageratum","conyzoides","L.","ASTERACEAE Ageratum conyzoides L.","SPSF00025713","Splink","SPSF",,"233","Native","Latão","High","Parque Estadual Furnas do Bom Jesus."
"PARQUE ESTADUAL FURNAS DO BOM JESUS","Angiosperms","Asteraceae","Ageratum","fastigiatum","(Gardner) R.M.King & H.Rob.","ASTERACEAE Ageratum fastigiatum (Gardner) R.M.King & H.Rob.","541337","Splink","SP",,"2594","Native","Bronze","High","Parque Estadual Furnas do Bom Jesus, Núcleo Sinhá"
"PARQUE ESTADUAL FURNAS DO BOM JESUS","Angiosperms","Asteraceae","Aldama","discolor","(Baker) E.E.Schill. & Panero","ASTERACEAE Aldama discolor (Baker) E.E.Schill. & Panero","40651","GBIF","HUFU","Sasaki, D.","864","Native","Ouro","High","Parque Estadual das Furnas do Bom Jesus. Cerrado em encosta próxima ao encontro dos córregos Pedregulho e Bom Jesus."
"PARQUE ESTADUAL FURNAS DO BOM JESUS","Angiosperms","Asteraceae","Aldama","robusta","(Gardner) E.E.Schill. & Panero","ASTERACEAE Aldama robusta (Gardner) E.E.Schill. & Panero","541333","Splink","SP",,"2590","Native","Bronze","High","Parque Estadual Furnas do Bom Jesus, Núcleo Sinhá"
"PARQUE ESTADUAL FURNAS DO BOM JESUS","Angiosperms","Asteraceae","Aspilia","foliacea","(Spreng.) Baker","ASTERACEAE Aspilia foliacea (Spreng.) Baker","40656","GBIF","HUFU","Sasaki, D.","756","Native","Ouro","High","Parque Estadual das Furnas do Bom Jesus"
"PARQUE ESTADUAL FURNAS DO BOM JESUS","Angiosperms","Asteraceae","Ayapana","amygdalina","(Lam.) R.M.King & H.Rob.","ASTERACEAE Ayapana amygdalina (Lam.) R.M.King & H.Rob.","SPSF00036591","Splink","SPSF",,"642","Native","Ouro","High","Parque Estadual das Furnas do Bom Jesus"
"PARQUE ESTADUAL FURNAS DO BOM JESUS","Angiosperms","Asteraceae","Baccharis","conyzoides","(Less.) DC.","ASTERACEAE Baccharis conyzoides (Less.) DC.","541328","Splink","SP",,"2585","Native","Bronze","High","Parque Estadual Furnas do Bom Jesus"
"PARQUE ESTADUAL FURNAS DO BOM JESUS","Angiosperms","Asteraceae","Baccharis","crispa","Spreng.","ASTERACEAE Baccharis crispa Spreng.","SPSF00021801","Splink","SPSF",,"38","Unknown","Ouro","High","Parque Estadual Furnas do Bom Jesus."
"PARQUE ESTADUAL FURNAS DO BOM JESUS","Angiosperms","Asteraceae","Baccharis","dracunculifolia","DC.","ASTERACEAE Baccharis dracunculifolia DC.","40657","GBIF","HUFU","Sasaki, D.","960","Native","Ouro","High","Parque Estadual das Furnas do Bom Jesus. Campo sujo próximo à sede, abaixo da estrada de terra."
"PARQUE ESTADUAL FURNAS DO BOM JESUS","Angiosperms","Asteraceae","Baccharis","linearifolia","(Lam.) Pers.","ASTERACEAE Baccharis linearifolia (Lam.) Pers.","SPSF00037852","Splink","SPSF",,,"Native","Ouro","High","Parque Estadual das Furnas do Bom Jesus."
"PARQUE ESTADUAL FURNAS DO BOM JESUS",,"Asteraceae","Baccharis","pseudomyriocephala|Baccharis","Malag.|DC.","ASTERACEAE Baccharis pseudomyriocephala Malag.|Baccharis myriocephala DC.","SPSF00022053","Splink","SPSF",,"144",,"Latão","High","Parque Estadual Furnas do Bom Jesus."
"PARQUE ESTADUAL FURNAS DO BOM JESUS","Angiosperms","Asteraceae","Baccharis","rivularis","Gardner","ASTERACEAE Baccharis rivularis Gardner","SPSF00010842","Splink","SPSF",,"99","Native","Ouro","High","Parque Estadual das Furnas do Bom Jesus."
"PARQUE ESTADUAL FURNAS DO BOM JESUS","Angiosperms","Asteraceae","Baccharis","trinervis","Pers.","ASTERACEAE Baccharis trinervis Pers.","SPSF00016591","Splink","SPSF",,,"Native","Ouro","High","Parque Estadual Furnas do Bom Jesus."
"PARQUE ESTADUAL FURNAS DO BOM JESUS","Angiosperms","Asteraceae","Bidens","graveolens","Mart.","ASTERACEAE Bidens graveolens Mart.","40655","GBIF","HUFU","Sasaki, D.","975","Native","Ouro","High","Parque Estadual das Furnas do Bom Jesus"
"PARQUE ESTADUAL FURNAS DO BOM JESUS","Angiosperms","Asteraceae","Bidens","squarrosa","Kunth","ASTERACEAE Bidens squarrosa Kunth","541345","Splink","SP",,"2602","Native","Bronze","High","Parque Estadual Furnas do Bom Jesus, Capão Redondo, descida das furnas"
"PARQUE ESTADUAL FURNAS DO BOM JESUS","Angiosperms","Asteraceae","Calea","lantanoides","Gardner","ASTERACEAE Calea lantanoides Gardner","40653","GBIF","HUFU","Sasaki, D.","967","Native","Ouro","High","Parque Estadual das Furnas do Bom Jesus"
"PARQUE ESTADUAL FURNAS DO BOM JESUS","Angiosperms","Asteraceae","Centratherum","punctatum","Cass.","ASTERACEAE Centratherum punctatum Cass.","SPSF00027402","Splink","SPSF",,"533","Native","Ouro","High","Parque Estadual Furnas do Bom Jesus."
"PARQUE ESTADUAL FURNAS DO BOM JESUS","Angiosperms","Asteraceae","Chaptalia","integerrima","(Vell.) Burkart","ASTERACEAE Chaptalia integerrima (Vell.) Burkart","SPSF00022052","Splink","SPSF",,"142","Native","Ouro","High","Parque Estadual Furnas do Bom Jesus."
"PARQUE ESTADUAL FURNAS DO BOM JESUS","Angiosperms","Asteraceae","Chresta","scapigera","(Less.) Gardner","ASTERACEAE Chresta scapigera (Less.) Gardner","9188","GBIF","SPFR","Sasaki, D.","451","Native","Bronze","High","Parque Estadual das Furnas de Bom Jesus"
"PARQUE ESTADUAL FURNAS DO BOM JESUS","Angiosperms","Asteraceae","Chresta","sphaerocephala","DC.","ASTERACEAE Chresta sphaerocephala DC.","23117","GBIF","SPSF","Macedo, E.E.","227","Native","Prata","High","Parque Estadual Furnas do Bom Jesus."
"PARQUE ESTADUAL FURNAS DO BOM JESUS","Angiosperms","Asteraceae","Chromolaena","chaseae","(B.L.Rob.) R.M.King & H.Robinson","ASTERACEAE Chromolaena chaseae (B.L.Rob.) R.M.King & H.Robinson","209820","GBIF","UEC","Campos, B.H.","343","Native","Prata","High","Parque Estadual Furnas do Bom Jesus"
"PARQUE ESTADUAL FURNAS DO BOM JESUS","Angiosperms","Asteraceae","Chromolaena","horminoides","DC.","ASTERACEAE Chromolaena horminoides DC.","209796","GBIF","UEC","Campos, B.H.","351","Native","Prata","High","Parque Estadual Furnas do Bom Jesus"
"PARQUE ESTADUAL FURNAS DO BOM JESUS","Angiosperms","Asteraceae","Chromolaena","laevigata","(Lam.) R.M.King & H.Rob.","ASTERACEAE Chromolaena laevigata (Lam.) R.M.King & H.Rob.","541327","Splink","SP",,"2584","Native","Bronze","High","Parque Estadual Furnas do Bom Jesus, trilha para o Salto da Cascata Grande"
"PARQUE ESTADUAL FURNAS DO BOM JESUS","Angiosperms","Asteraceae","Chromolaena","leucocephala","Gardner","ASTERACEAE Chromolaena leucocephala Gardner","SPSF00036592","Splink","SPSF",,"305","Native","Ouro","High","Parque Estadual das Furnas do Bom Jesus."
"PARQUE ESTADUAL FURNAS DO BOM JESUS","Angiosperms","Asteraceae","Chromolaena","oxylepis","(DC.) R.M.King & H.Rob.","ASTERACEAE Chromolaena oxylepis (DC.) R.M.King & H.Rob.","40623","GBIF","HUFU","Sasaki, D.","397","Native","Ouro","High","Parque Estadual das Furnas do Bom Jesus"
"PARQUE ESTADUAL FURNAS DO BOM JESUS","Angiosperms","Asteraceae","Chrysolaena","obovata","(Less.) Dematt.","ASTERACEAE Chrysolaena obovata (Less.) Dematt.","22288","GBIF","SPSF","Macedo, E.E.","179","Native","Latão","High","Parque Estadual Furnas do Bom Jesus."
"PARQUE ESTADUAL FURNAS DO BOM JESUS","Angiosperms","Asteraceae","Chrysolaena","propinqua","(Hieron.) H.Rob.","ASTERACEAE Chrysolaena propinqua var. propinqua (Hieron.) H.Rob.","279074","GBIF","SP","Ferreira, W.M.","832","Native","Bronze","High","Parque Estadual Furnas do Bom Jesus"
"PARQUE ESTADUAL FURNAS DO BOM JESUS","Angiosperms","Asteraceae","Chrysolaena","simplex","(Less.) Dematt.","ASTERACEAE Chrysolaena simplex (Less.) Dematt.","36744","GBIF","SPSF","Sasaki, D.","812","Native","Ouro","High","Parque Estadual Furnas do Bom Jesus"
"PARQUE ESTADUAL FURNAS DO BOM JESUS","Angiosperms","Asteraceae","Cosmos","caudatus","Kunth","ASTERACEAE Cosmos caudatus Kunth","SPSF00027364","Splink","SPSF",,"486","Naturalized","Ouro","High","Parque Estadual Furnas do Bom Jesus."
"PARQUE ESTADUAL FURNAS DO BOM JESUS","Angiosperms","Asteraceae","Dasyphyllum","sprengelianum","(Gardner) Cabrera","ASTERACEAE Dasyphyllum sprengelianum (Gardner) Cabrera","SPSF00023558","Splink","SPSF",,"23","Native","Ouro","High","Parque Estadual das Furnas do Bom Jesus - Núcleo Santa Luzia."
"PARQUE ESTADUAL FURNAS DO BOM JESUS","Angiosperms","Asteraceae","Dimerostemma","arnottii","(Baker) M.D.Moraes","ASTERACEAE Dimerostemma arnottii (Baker) M.D.Moraes","172188","GBIF","SPF","Sasaki, D.","462","Native","Bronze","High","Parque Estadual das Furnas do Bom Jesus"
"PARQUE ESTADUAL FURNAS DO BOM JESUS","Angiosperms","Asteraceae","Echinocoryne","schwenkiifolia","(Mart. ex DC.) H.Rob.","ASTERACEAE Echinocoryne schwenkiifolia (Mart. ex DC.) H.Rob.","40661","GBIF","HUFU","Sasaki, D.","572","Native","Ouro","High","Parque Estadual das Furnas do Bom Jesus"
"PARQUE ESTADUAL FURNAS DO BOM JESUS","Angiosperms","Asteraceae","Elephantopus","micropappus","Less.","ASTERACEAE Elephantopus micropappus Less.","196009","GBIF","UEC","Sasaki, D.","954","Native","Ouro","High","Parque Estadual das Furnas do Bom Jesus. Campo sujo próximo a sede, abaixo da estrada de terra."
"PARQUE ESTADUAL FURNAS DO BOM JESUS","Angiosperms","Asteraceae","Emilia","fosbergii","Nicolson","ASTERACEAE Emilia fosbergii Nicolson","22336","GBIF","SPSF","Macedo, E.E.","262","Naturalized","Ouro","High","Parque Estadual Furnas do Bom Jesus."
"PARQUE ESTADUAL FURNAS DO BOM JESUS","Angiosperms","Asteraceae","Emilia","sonchifolia","(L.) DC.","ASTERACEAE Emilia sonchifolia (L.) DC.","540904","Splink","SP",,"2511","Naturalized","Bronze","High","Parque Estadual Furnas do Bom Jesus"
"PARQUE ESTADUAL FURNAS DO BOM JESUS","Angiosperms","Asteraceae","Eremanthus","erythropappus","(DC.) MacLeish","ASTERACEAE Eremanthus erythropappus (DC.) MacLeish","SPSF00010840","Splink","SPSF",,,"Native","Prata","High","Parque Estadual das Furnas do Bom Jesus - Núcleo Santa Luzia."
"PARQUE ESTADUAL FURNAS DO BOM JESUS","Angiosperms","Asteraceae","Eremanthus","mattogrossensis","Kuntze","ASTERACEAE Eremanthus mattogrossensis Kuntze","SPSF00036725","Splink","SPSF",,"602","Native","Latão","High","Parque Estadual Furnas do Bom Jesus."
"PARQUE ESTADUAL FURNAS DO BOM JESUS","Angiosperms","Asteraceae","Grazielia","dimorpholepis","(Baker) R.M.King & H.Rob.","ASTERACEAE Grazielia dimorpholepis (Baker) R.M.King & H.Rob.","40621","GBIF","HUFU","Sasaki, D.","900","Native","Ouro","High","Parque Estadual das Furnas do Bom Jesus"
"PARQUE ESTADUAL FURNAS DO BOM JESUS","Angiosperms","Asteraceae","Grazielia","mollissima","(Sch.Bip. ex Baker) R.M.King & H.Rob.","ASTERACEAE Grazielia mollissima (Sch.Bip. ex Baker) R.M.King & H.Rob.","279157","GBIF","SP","Ferreira, W.M.","816","Native","Ouro","High","Parque Estadual Furnas do Bom Jesus, Nas bordas das vertentes"
"PARQUE ESTADUAL FURNAS DO BOM JESUS","Angiosperms","Asteraceae","Hieracium","commersonii","Monnier","ASTERACEAE Hieracium commersonii Monnier","22270","GBIF","SPSF","Macedo, E.E.","214","Native","Bronze","High","Parque Estadual Furnas do Bom Jesus."
"PARQUE ESTADUAL FURNAS DO BOM JESUS","Angiosperms","Asteraceae","Koanophyllon","myrtilloides","(DC.) R.M.King & H.Rob.","ASTERACEAE Koanophyllon myrtilloides (DC.) R.M.King & H.Rob.","58816","GBIF","SPSF","Campos, B.H.","360","Native","Prata","High","Parque Estadual das Furnas do Bom Jesus"
"PARQUE ESTADUAL FURNAS DO BOM JESUS","Angiosperms","Asteraceae","Lepidaploa","argyrotricha","(Sch.Bip. ex Baker) H.Rob.","ASTERACEAE Lepidaploa argyrotricha (Sch.Bip. ex Baker) H.Rob.","40664","GBIF","HUFU","Sasaki, D.","417","Native","Ouro","High","Parque Estadual das Furnas do Bom Jesus"
"PARQUE ESTADUAL FURNAS DO BOM JESUS","Angiosperms","Asteraceae","Lepidaploa","barbata","(Less.) H.Rob.","ASTERACEAE Lepidaploa barbata (Less.) H.Rob.","209818","GBIF","UEC","Campos, B.H.","347","Native","Ouro","High","Parque Estadual Furnas do Bom Jesus"
"PARQUE ESTADUAL FURNAS DO BOM JESUS","Angiosperms","Asteraceae","Lepidaploa","canescens","(Kunth) H.Rob.","ASTERACEAE Lepidaploa canescens (Kunth) H.Rob.","541342","Splink","SP",,"2599","Native","Bronze","High","Parque Estadual Furnas do Bom Jesus, Núcleo Sinhá"
"PARQUE ESTADUAL FURNAS DO BOM JESUS","Angiosperms","Asteraceae","Lepidaploa","chamissonis","(Less.) H.Rob.","ASTERACEAE Lepidaploa chamissonis (Less.) H.Rob.","541334","Splink","SP",,"2591","Native","Bronze","High","Parque Estadual Furnas do Bom Jesus, Núcleo Sinhá"
"PARQUE ESTADUAL FURNAS DO BOM JESUS","Angiosperms","Asteraceae","Lepidaploa","rufogrisea","(A.St.-Hil.) H.Rob.","ASTERACEAE Lepidaploa rufogrisea (A.St.-Hil.) H.Rob.","209813","GBIF","UEC","Campos, B.H.","352","Native","Prata","High","Parque Estadual Furnas do Bom Jesus"
"PARQUE ESTADUAL FURNAS DO BOM JESUS","Angiosperms","Asteraceae","Leptostelma","tweediei","(Hook. & Arn.) D.J.N.Hind & G.L.Nesom","ASTERACEAE Leptostelma tweediei (Hook. & Arn.) D.J.N.Hind & G.L.Nesom","279093","GBIF","SP","Ferreira, W.M.","847","Native","Bronze","High","Parque Estadual Furnas do Bom Jesus, Vertente das furnas com vegetação de mata"
"PARQUE ESTADUAL FURNAS DO BOM JESUS","Angiosperms","Asteraceae","Lessingianthus","ammophilus","(Gardner) H.Rob.","ASTERACEAE Lessingianthus ammophilus (Gardner) H.Rob.","40645","GBIF","HUFU","Sasaki, D.","510","Native","Ouro","High","Parque Estadual das Furnas do Bom Jesus"
"PARQUE ESTADUAL FURNAS DO BOM JESUS","Angiosperms","Asteraceae","Lessingianthus","argenteus","(Less.) H.Rob.","ASTERACEAE Lessingianthus argenteus (Less.) H.Rob.","279075","GBIF","SP","Ferreira, W.M.","835","Native","Bronze","High","Parque Estadual Furnas do Bom Jesus, Nas bordas das vertentes"
"PARQUE ESTADUAL FURNAS DO BOM JESUS","Angiosperms","Asteraceae","Lessingianthus","argyrophyllus","(Less.) H.Rob.","ASTERACEAE Lessingianthus argyrophyllus (Less.) H.Rob.","SPSF00018018","Splink","SPSF",,"850","Native","Ouro","High","Parque Estadual das Furnas do Bom Jesus."
"PARQUE ESTADUAL FURNAS DO BOM JESUS","Angiosperms","Asteraceae","Lessingianthus","bardanoides","(Less.) H.Rob.","ASTERACEAE Lessingianthus bardanoides (Less.) H.Rob.","SPSF00036715","Splink","SPSF",,"299","Native","Ouro","High","Parque Estadual das Furnas do Bom Jesus, Abaixo da estrada de terra."
"PARQUE ESTADUAL FURNAS DO BOM JESUS","Angiosperms","Asteraceae","Lessingianthus","brevifolius","(Less.) H.Rob.","ASTERACEAE Lessingianthus brevifolius (Less.) H.Rob.","159872","GBIF","UEC","Macedo, E.E.","289","Native","Bronze","High","Parque Estadual Furnas do Bom Jesus."
"PARQUE ESTADUAL FURNAS DO BOM JESUS","Angiosperms","Asteraceae","Lessingianthus","buddleiifolius","(Mart. ex DC.) H.Rob.","ASTERACEAE Lessingianthus buddleiifolius (Mart. ex DC.) H.Rob.","209811","GBIF","UEC","Campos, B.H.","357","Native","Prata","High","Parque Estadual Furnas do Bom Jesus"
"PARQUE ESTADUAL FURNAS DO BOM JESUS","Angiosperms","Asteraceae","Lessingianthus","coriaceus","(Less.) H.Rob.","ASTERACEAE Lessingianthus coriaceus (Less.) H.Rob.","40620","GBIF","HUFU","Sasaki, D.","964","Native","Ouro","High","Parque Estadual das Furnas do Bom Jesus. Campo sujo próximo à sede, abaixo da estrada de terra."
"PARQUE ESTADUAL FURNAS DO BOM JESUS","Angiosperms","Asteraceae","Lessingianthus","durus","(Mart. ex DC.) H.Rob.","ASTERACEAE Lessingianthus durus (Mart. ex DC.) H.Rob.","SPSF00036773","Splink","SPSF",,"491","Native","Ouro","High","Parque Estadual da Furnas do Bom Jesus"
"PARQUE ESTADUAL FURNAS DO BOM JESUS","Angiosperms","Asteraceae","Lessingianthus","elegans","(Gardner) H.Rob.","ASTERACEAE Lessingianthus elegans (Gardner) H.Rob.","40617","GBIF","HUFU","Sasaki, D.","399","Native","Ouro","High","Parque Estadual das Furnas do Bom Jesus"
"PARQUE ESTADUAL FURNAS DO BOM JESUS","Angiosperms","Asteraceae","Lessingianthus","ligulifolius","(Mart. ex DC.) H.Rob.","ASTERACEAE Lessingianthus ligulifolius (Mart. ex DC.) H.Rob.","541322","Splink","SP",,"2579","Native","Bronze","High","Parque Estadual Furnas do Bom Jesus, estrada de terra para o mirante"
"PARQUE ESTADUAL FURNAS DO BOM JESUS","Angiosperms","Asteraceae","Lessingianthus","obtusatus","(Less.) H.Rob.","ASTERACEAE Lessingianthus obtusatus (Less.) H.Rob.","541339","Splink","SP",,"2596","Native","Bronze","High","Parque Estadual Furnas do Bom Jesus, Núcleo Sinhá"
"PARQUE ESTADUAL FURNAS DO BOM JESUS","Angiosperms","Asteraceae","Lessingianthus","roseus","(Mart. ex DC.) H.Rob.","ASTERACEAE Lessingianthus roseus (Mart. ex DC.) H.Rob.","58815","GBIF","SPSF","Campos, B.H.","359","Native","Prata","High","Parque Estadual das Furnas do Bom Jesus"
"PARQUE ESTADUAL FURNAS DO BOM JESUS","Angiosperms","Asteraceae","Lessingianthus","varroniifolius","(DC.) H.Rob.","ASTERACEAE Lessingianthus varroniifolius (DC.) H.Rob.","SPSF00017981","Splink","SPSF",,"128","Native","Bronze","High","Parque Estadual das Furnas do Bom Jesus."
"PARQUE ESTADUAL FURNAS DO BOM JESUS","Angiosperms","Asteraceae","Lessingianthus","zuccarinianus","(Mart. ex DC.) H.Rob.","ASTERACEAE Lessingianthus zuccarinianus (Mart. ex DC.) H.Rob.","541323","Splink","SP",,"2580","Native","Bronze","High","Parque Estadual Furnas do Bom Jesus, estrada de terra para o mirante"
"PARQUE ESTADUAL FURNAS DO BOM JESUS","Angiosperms","Asteraceae","Mikania","cordifolia","(L.f.) Willd.","ASTERACEAE Mikania cordifolia (L.f.) Willd.","541340","Splink","SP",,"2597","Native","Bronze","High","Parque Estadual Furnas do Bom Jesus, Núcleo Sinhá"
"PARQUE ESTADUAL FURNAS DO BOM JESUS","Angiosperms","Asteraceae","Mikania","micrantha","Kunth","ASTERACEAE Mikania micrantha Kunth","541371","Splink","SP",,"2628","Native","Bronze","High","Parque Estadual Furnas do Bom Jesus, caminho para a cachoeira"
"PARQUE ESTADUAL FURNAS DO BOM JESUS","Angiosperms","Asteraceae","Mikania","nummularia","DC.","ASTERACEAE Mikania nummularia DC.","541362","Splink","SP",,"2619","Native","Bronze","High","Parque Estadual Furnas do Bom Jesus, Capão Redondo, Neca Preto"
"PARQUE ESTADUAL FURNAS DO BOM JESUS","Angiosperms","Asteraceae","Mikania","officinalis","Mart.","ASTERACEAE Mikania officinalis Mart.","23121","GBIF","SPSF","Macedo, E.E.","1620","Native","Bronze","High","Parque Estadual das Furnas do Bom Jesus."
"PARQUE ESTADUAL FURNAS DO BOM JESUS","Angiosperms","Asteraceae","Mikania","psilostachya","DC.","ASTERACEAE Mikania psilostachya DC.","541365","Splink","SP",,"2622","Native","Bronze","High","Parque Estadual Furnas do Bom Jesus"
"PARQUE ESTADUAL FURNAS DO BOM JESUS","Angiosperms","Asteraceae","Moquiniastrum","barrosoae","(Cabrera) G. Sancho","ASTERACEAE Moquiniastrum barrosoae (Cabrera) G. Sancho","SPSF00021807","Splink","SPSF",,"28","Native","Ouro","High","Parque Estadual Furnas do Bom Jesus."
"PARQUE ESTADUAL FURNAS DO BOM JESUS","Angiosperms","Asteraceae","Orthopappus","angustifolius","(Sw.) Gleason","ASTERACEAE Orthopappus angustifolius (Sw.) Gleason","PMSP007507","GBIF","PMSP","Marcondes-Ferreira, W.","848","Native","Ouro","High","Parque Estadual Furnas do Bom Jesus, Vertente das furnas com vegetação de mata"
"PARQUE ESTADUAL FURNAS DO BOM JESUS","Angiosperms","Asteraceae","Piptocarpha","rotundifolia","(Less.) Baker","ASTERACEAE Piptocarpha rotundifolia (Less.) Baker","UEC091324","Splink","UEC",,"125","Native","Ouro","High","Parque Estadual das Furnas do Bom Jesus, Abaixo da estrada de terra."
"PARQUE ESTADUAL FURNAS DO BOM JESUS","Angiosperms","Asteraceae","Praxelis","kleinioides","(Kunth) Sch. Bip.","ASTERACEAE Praxelis kleinioides (Kunth) Sch. Bip.","40628","GBIF","HUFU","Sasaki, D.","302","Native","Ouro","High","Parque Estadual das Furnas do Bom Jesus, Abaixo da estrada de terra."
"PARQUE ESTADUAL FURNAS DO BOM JESUS","Angiosperms","Asteraceae","Praxelis","sanctopaulensis","(B.L.Rob.) R.M.King & H.Rob.","ASTERACEAE Praxelis sanctopaulensis (B.L.Rob.) R.M.King & H.Rob.","476899","GBIF","SP","Pastore, M.","241","Native","Bronze","High","Parque Estadual Furnas do Bom Jesus, Próximo a trilha do Chalé"
"PARQUE ESTADUAL FURNAS DO BOM JESUS","Angiosperms","Asteraceae","Pseudelephantopus","spicatus","(Juss. ex Aubl.) Rohr","ASTERACEAE Pseudelephantopus spicatus (Juss. ex Aubl.) Rohr","540896","Splink","SP",,"2503","Native","Bronze","High","Parque Estadual Furnas do Bom Jesus"
"PARQUE ESTADUAL FURNAS DO BOM JESUS","Angiosperms","Asteraceae","Pseudogynoxys","cabrerae","H.Rob. & Cuatrec.","ASTERACEAE Pseudogynoxys cabrerae H.Rob. & Cuatrec.","23072","GBIF","SPSF","Macedo, E.E.","249","Native","Bronze","High","Parque Estadual Furnas do Bom Jesus."
"PARQUE ESTADUAL FURNAS DO BOM JESUS","Angiosperms","Asteraceae","Pterocaulon","rugosum","(Vahl) Malme","ASTERACEAE Pterocaulon rugosum (Vahl) Malme","SPSF00038314","Splink","SPSF",,,"Native","Ouro","High","Parque Estadual Furnas do Bom Jesus."
"PARQUE ESTADUAL FURNAS DO BOM JESUS","Angiosperms","Asteraceae","Raulinoreitzia","crenulata","(Spreng.) R.M.King & H.Rob.","ASTERACEAE Raulinoreitzia crenulata (Spreng.) R.M.King & H.Rob.","85395","GBIF","UEC","Marcondes-Ferreira, W.","853","Native","Ouro","High","Parque Estadual das Furnas do Bom Jesus."
"PARQUE ESTADUAL FURNAS DO BOM JESUS","Angiosperms","Asteraceae","Riencourtia","oblongifolia","Gardner","ASTERACEAE Riencourtia oblongifolia Gardner","36612","GBIF","SPSF","Sasaki, D.","877","Native","Ouro","High","Parque Estadual Furnas do Bom Jesus"
"PARQUE ESTADUAL FURNAS DO BOM JESUS","Angiosperms","Asteraceae","Senecio","grisebachii","Baker","ASTERACEAE Senecio grisebachii Baker","385353","GBIF","SP","Sasaki, D.","121","Native","Ouro","High","Parque Estadual Furnas do Bom Jesus, Próximo à sede, abaixo da estrada de terra. Solo pedregoso"
"PARQUE ESTADUAL FURNAS DO BOM JESUS","Angiosperms","Asteraceae","Solidago","chilensis","Meyen","ASTERACEAE Solidago chilensis Meyen","121952","GBIF","UEC","Souza, L.C.","283","Native","Prata","High","Parque Estadual das Furnas do Bom Jesus."
"PARQUE ESTADUAL FURNAS DO BOM JESUS","Angiosperms","Asteraceae","Stenocephalum","apiculatum","(Mart. ex DC.) Sch.Bip.","ASTERACEAE Stenocephalum apiculatum (Mart. ex DC.) Sch.Bip.","SPSF00038374","Splink","SPSF",,,"Native","Latão","High","Parque Estadual Furnas do Bom Jesus."
"PARQUE ESTADUAL FURNAS DO BOM JESUS","Angiosperms","Asteraceae","Stenocephalum","megapotamicum","(Spreng.) Sch.Bip.","ASTERACEAE Stenocephalum megapotamicum (Spreng.) Sch.Bip.","23336","GBIF","SPSF","Macedo, E.E.","288","Native","Ouro","High","Parque Estadual Furnas do Bom Jesus."
"PARQUE ESTADUAL FURNAS DO BOM JESUS","Angiosperms","Asteraceae","Stenocephalum","tragiifolium","(DC.) Sch.Bip.","ASTERACEAE Stenocephalum tragiifolium (DC.) Sch.Bip.","164941","GBIF","UEC","Sasaki, D.","839","Native","Ouro","High","Parque Estadual das Furnas do Bom Jesus."
"PARQUE ESTADUAL FURNAS DO BOM JESUS","Angiosperms","Asteraceae","Stevia","heptachaeta","DC.","ASTERACEAE Stevia heptachaeta DC.","385354","GBIF","SP","Sasaki, D.","490","Native","Ouro","High","Parque Estadual Furnas do Bom Jesus, Cerrado em encosta próxima ao encontro dos córregos Pedregulho e Bom Jesus"
"PARQUE ESTADUAL FURNAS DO BOM JESUS","Angiosperms","Asteraceae","Stevia","hilarii","B.L.Rob.","ASTERACEAE Stevia hilarii B.L.Rob.","SPSF00036590","Splink","SPSF",,"383","Native","Ouro","High","Parque Estadual das Furnas do Bom Jesus. Cerrado em encosta próxima ao encontro dos córregos Pedregulho e Bom Jesus."
"PARQUE ESTADUAL FURNAS DO BOM JESUS","Angiosperms","Asteraceae","Strophopappus","speciosus","(Less.) R.Esteves","ASTERACEAE Strophopappus speciosus (Less.) R.Esteves","SPSF00038373","Splink","SPSF",,,"Native","Ouro","High","Parque Estadual Furnas do Bom Jesus."
"PARQUE ESTADUAL FURNAS DO BOM JESUS","Angiosperms","Asteraceae","Strophopappus","villosus","(Baker) R.Esteves","ASTERACEAE Strophopappus villosus (Baker) R.Esteves","SPSF00023551","Splink","SPSF",,"9","Native","Ouro","High","Parque Estadual das Furnas do Bom Jesus - Núcleo Santa Luzia."
"PARQUE ESTADUAL FURNAS DO BOM JESUS","Angiosperms","Asteraceae","Synedrella",,"Gaertn.","ASTERACEAE Synedrella Gaertn.","540908","Splink","SP",,"2515",,"Latão","High","Parque Estadual Furnas do Bom Jesus"
"PARQUE ESTADUAL FURNAS DO BOM JESUS","Angiosperms","Asteraceae","Tithonia","diversifolia","(Hemsl.) A.Gray","ASTERACEAE Tithonia diversifolia (Hemsl.) A.Gray","541349","Splink","SP",,"2606","Naturalized","Bronze","High","Parque Estadual Furnas do Bom Jesus, Capão Redondo, descida das furnas"
"PARQUE ESTADUAL FURNAS DO BOM JESUS","Angiosperms","Asteraceae","Trichogonia","attenuata","G.M.Barroso","ASTERACEAE Trichogonia attenuata G.M.Barroso","SPSF00018013","Splink","SPSF",,"750","Native","Ouro","High","Parque Estadual das Furnas do Bom Jesus."
"PARQUE ESTADUAL FURNAS DO BOM JESUS",,"Asteraceae","Trixis","antimenorrhoea","(Schrank) Kuntze","ASTERACEAE Trixis antimenorrhoea subsp. antimenorrhoea (Schrank) Kuntze|Trixis antimenorrhoea (Schrank) Kuntze","SPSF00021791","Splink","SPSF",,,,"Ouro","High","Parque Estadual das Furnas do Bom Jesus."
"PARQUE ESTADUAL FURNAS DO BOM JESUS","Angiosperms","Asteraceae","Trixis","glutinosa","D.Don","ASTERACEAE Trixis glutinosa D.Don","SPSF00040218","Splink","SPSF",,,"Native","Ouro","High","Parque Estadual Furnas do Bom Jesus."
"PARQUE ESTADUAL FURNAS DO BOM JESUS","Angiosperms","Asteraceae","Vernonanthura","polyanthes","(Sprengel) Vega & Dematteis","ASTERACEAE Vernonanthura polyanthes (Sprengel) Vega & Dematteis","SORO013487","Splink","SORO",,"53","Native","Latão","High","Parque Estadual Furnas do Bom Jesus."
"PARQUE ESTADUAL FURNAS DO BOM JESUS","Angiosperms","Asteraceae","Viguiera",,"Kunth","ASTERACEAE Viguiera Kunth","SPSF00022058","Splink","SPSF",,"68",,"Bronze","High","Parque Estadual Furnas do Bom Jesus."
"PARQUE ESTADUAL FURNAS DO BOM JESUS","Angiosperms","Asteraceae","Wedelia","macedoi","H.Rob.","ASTERACEAE Wedelia macedoi H.Rob.","40635","GBIF","HUFU","Sasaki, D.","843","Native","Ouro","High","Parque Estadual das Furnas do Bom Jesus"
"PARQUE ESTADUAL FURNAS DO BOM JESUS","Angiosperms","Asteraceae","Wedelia","puberula","DC.","ASTERACEAE Wedelia puberula DC.","279161","GBIF","SP","Ferreira, W.M.","811","Native","Bronze","High","Parque Estadual Furnas do Bom Jesus, Nas bordas das vertentes"
"PARQUE ESTADUAL FURNAS DO BOM JESUS","Angiosperms","Asteraceae","Wedelia","trichostephia","DC.","ASTERACEAE Wedelia trichostephia DC.","40649","GBIF","HUFU","Sasaki, D.","911","Native","Ouro","High","Parque Estadual das Furnas do Bom Jesus"
"PARQUE ESTADUAL FURNAS DO BOM JESUS",,"Asteraceae|Cyperaceae","Heterocondylus|Bulbostylis",,"R.M.King|Kunth","ASTERACEAE|CYPERACEAE Heterocondylus R.M.King|Bulbostylis Kunth","279536","Splink","SP",,"829",,"Bronze","High","Parque Estadual Furnas do Bom Jesus"
"PARQUE ESTADUAL FURNAS DO BOM JESUS","Angiosperms","Begoniaceae","Begonia","cucullata","Willd.","BEGONIACEAE Begonia cucullata Willd.","22338","GBIF","SPSF","Macedo, E.E.","252","Native","Latão","High","Parque Estadual Furnas do Bom Jesus."
"PARQUE ESTADUAL FURNAS DO BOM JESUS","Angiosperms","Bignoniaceae","Adenocalymma","peregrinum","(Miers) L.G.Lohmann","BIGNONIACEAE Adenocalymma peregrinum (Miers) L.G.Lohmann","12312","GBIF","SPSF","Macedo, E.E.","245","Native","Ouro","High","Parque Estadual Furnas do Bom Jesus."
"PARQUE ESTADUAL FURNAS DO BOM JESUS","Angiosperms","Bignoniaceae","Anemopaegma","arvense","(Vell.) Stellfeld ex de Souza","BIGNONIACEAE Anemopaegma arvense (Vell.) Stellfeld ex de Souza","38819","GBIF","FUEL","Guillaumon, J.R.","s.n.","Native","Bronze","High","Parque Estadual das Furnas do Bom Jesus"
"PARQUE ESTADUAL FURNAS DO BOM JESUS","Angiosperms","Bignoniaceae","Fridericia","platyphylla","(Cham.) L.G.Lohmann","BIGNONIACEAE Fridericia platyphylla (Cham.) L.G.Lohmann","SPSF00025725","Splink","SPSF",,"287","Native","Ouro","High","Parque Estadual Furnas do Bom Jesus."
"PARQUE ESTADUAL FURNAS DO BOM JESUS","Angiosperms","Bignoniaceae","Handroanthus","ochraceus","(Cham.) Mattos","BIGNONIACEAE Handroanthus ochraceus (Cham.) Mattos","SORO013138","Splink","SORO",,"15","Native","Latão","High","Parque Estadual Furnas do Bom Jesus"
"PARQUE ESTADUAL FURNAS DO BOM JESUS","Angiosperms","Bignoniaceae","Jacaranda","cuspidifolia","Mart.","BIGNONIACEAE Jacaranda cuspidifolia Mart.","SPSF00023393","Splink","SPSF",,"33","Native","Ouro","High","Parque Estadual Furnas do Bom Jesus."
"PARQUE ESTADUAL FURNAS DO BOM JESUS","Angiosperms","Bignoniaceae","Jacaranda","rufa","Silva Manso","BIGNONIACEAE Jacaranda rufa Silva Manso","173817","GBIF","SPF","Junqueira, A.B.","175","Native","Bronze","High","Parque Estadual das Furnas do Bom JesusCerradoEstrada próxima a primeira bifurcação, em direção a trilha da cachoeira do chalé."
"PARQUE ESTADUAL FURNAS DO BOM JESUS","Angiosperms","Bignoniaceae","Lundia","obliqua","Sond.","BIGNONIACEAE Lundia obliqua Sond.","96659","GBIF","SPF","Marcondes-Ferreira, W.","851","Native","Ouro","High","Parque estadual das furnas do Bom Jesus."
"PARQUE ESTADUAL FURNAS DO BOM JESUS","Angiosperms","Bignoniaceae","Pyrostegia","venusta","(Ker Gawl.) Miers","BIGNONIACEAE Pyrostegia venusta (Ker Gawl.) Miers","173819","GBIF","SPF","Junqueira, A.B.","14","Native","Bronze","High","Parque Estadual das Furnas do Bom Jesus, núcleo ChapadãoBeira da estrada descendo, descendo em direção a antiga fazenda abandonada."
"PARQUE ESTADUAL FURNAS DO BOM JESUS","Angiosperms","Bignoniaceae","Tabebuia","aurea","(Silva Manso) Benth. & Hook.f. ex S.Moore","BIGNONIACEAE Tabebuia aurea (Silva Manso) Benth. & Hook.f. ex S.Moore","SPSF00017986","Splink","SPSF",,"147","Native","Ouro","High","Parque Estadual Furnas do Bom Jesus."
"PARQUE ESTADUAL FURNAS DO BOM JESUS","Angiosperms","Bignoniaceae","Zeyheria","montana","Mart.","BIGNONIACEAE Zeyheria montana Mart.","172165","GBIF","SPF","Sasaki, D.","162","Native","Ouro","High","Parque Estadual das Furnas de Bom Jesus"
"PARQUE ESTADUAL FURNAS DO BOM JESUS","Angiosperms","Bixaceae","Bixa","orellana","L.","BIXACEAE Bixa orellana L.","173823","GBIF","SPF","Junqueira, A.B.","146","Native","Ouro","High","Sede da propriedade do Sr. Antonio Zuza de Oliveira e Silvania Aparecida Polo de Oliveira, vizinha ao Parque Estadual das Furnas do Bom Jesus. Alto das furnas, próximo à cachoeira grande. Quintal da casa."
"PARQUE ESTADUAL FURNAS DO BOM JESUS","Angiosperms","Bixaceae","Cochlospermum","regium","(Mart. ex Schrank) Pilg.","BIXACEAE Cochlospermum regium (Mart. ex Schrank) Pilg.","172180","GBIF","SPF","Sasaki, D.","679","Native","Ouro","High","Parque Estadual das Furnas do Bom Jesus"
"PARQUE ESTADUAL FURNAS DO BOM JESUS","Ferns and Lycophytes","Blechnaceae","Neoblechnum","brasiliense","(Desv.) Gasper & V.A.O. Dittrich","BLECHNACEAE Neoblechnum brasiliense (Desv.) Gasper & V.A.O. Dittrich","SPSF00022369","Splink","SPSF",,"260A","Native","Bronze","High","Parque Estadual Furnas do Bom Jesus."
"PARQUE ESTADUAL FURNAS DO BOM JESUS","Angiosperms","Bromeliaceae","Dyckia","minarum","Mez","BROMELIACEAE Dyckia minarum Mez","RB00349650","GBIF","RB","Mello-Silva, R.","1950","Native","Ouro","High","Escarpas a oeste da confluencia dos rio Bom Jesus e Pedregulho. Parque Estadual das Furnas do Bom Jesus"
"PARQUE ESTADUAL FURNAS DO BOM JESUS","Angiosperms","Bromeliaceae","Dyckia","tuberosa","(Vell.) Beer","BROMELIACEAE Dyckia tuberosa (Vell.) Beer","RB00349981","GBIF","RB","Sasaki, D.","689","Native","Ouro","High","Parque Estadual das Furnas do Bom Jesus"
"PARQUE ESTADUAL FURNAS DO BOM JESUS","Angiosperms","Bromeliaceae","Pitcairnia","burchellii","Mez","BROMELIACEAE Pitcairnia burchellii Mez","UEC192012","Splink","UEC",,"30","Native","Bronze","High","PE Furnas do Bom Jesus, poço do mirante."
"PARQUE ESTADUAL FURNAS DO BOM JESUS","Angiosperms","Bromeliaceae","Tillandsia","stricta","Sol.","BROMELIACEAE Tillandsia stricta Sol.","23333","GBIF","SPSF","Macedo, E.E.","279","Native","Ouro","High","Parque Estadual Furnas do Bom Jesus."
"PARQUE ESTADUAL FURNAS DO BOM JESUS","Angiosperms","Bromeliaceae","Tillandsia","tenuifolia","L.","BROMELIACEAE Tillandsia tenuifolia L.","22330","GBIF","SPSF","Macedo, E.E.","137","Native","Ouro","High","Parque Estadual Furnas do Bom Jesus."
"PARQUE ESTADUAL FURNAS DO BOM JESUS","Angiosperms","Bromeliaceae","Vriesea","friburgensis","Mez","BROMELIACEAE Vriesea friburgensis Mez","22362","GBIF","SPSF","Macedo, E.E.","2690","Native","Ouro","High","Parque Estadual das Furnas do Bom Jesus."
"PARQUE ESTADUAL FURNAS DO BOM JESUS","Angiosperms","Burseraceae","Protium","heptaphyllum","(Aubl.) Marchand","BURSERACEAE Protium heptaphyllum (Aubl.) Marchand","22272","GBIF","SPSF","Macedo, E.E.","1430","Native","Prata","High","Parque Estadual das Furnas do Bom Jesus."
"PARQUE ESTADUAL FURNAS DO BOM JESUS","Angiosperms","Cactaceae","Rhipsalis","teres","(Vell.) Steud.","CACTACEAE Rhipsalis teres (Vell.) Steud.","23124","GBIF","SPSF","Macedo, E.E.","231","Native","Ouro","High","Parque Estadual Furnas do Bom Jesus."
"PARQUE ESTADUAL FURNAS DO BOM JESUS","Angiosperms","Calophyllaceae","Calophyllum","brasiliense","Cambess.","CALOPHYLLACEAE Calophyllum brasiliense Cambess.","23384","GBIF","SPSF","Macedo, E.E.",,"Native","Prata","High","Parque Estadual das Furnas do Bom Jesus"
"PARQUE ESTADUAL FURNAS DO BOM JESUS","Angiosperms","Calophyllaceae","Kielmeyera","coriacea","Mart. & Zucc.","CALOPHYLLACEAE Kielmeyera coriacea Mart. & Zucc.","SPSF00022082","Splink","SPSF",,"67","Native","Latão","High","Parque Estadual Furnas do Bom Jesus."
"PARQUE ESTADUAL FURNAS DO BOM JESUS","Angiosperms","Calophyllaceae","Kielmeyera","corymbosa","Mart. & Zucc.","CALOPHYLLACEAE Kielmeyera corymbosa Mart. & Zucc.","172517","GBIF","SPF","Sasaki, D.","708","Native","Ouro","High","Parque Estadual das Furnas do Bom Jesus"
"PARQUE ESTADUAL FURNAS DO BOM JESUS","Angiosperms","Calophyllaceae","Kielmeyera","rubriflora","Cambess.","CALOPHYLLACEAE Kielmeyera rubriflora Cambess.","SPSF00036766","Splink","SPSF",,"966","Native","Ouro","High","Parque Estadual das Furnas do Bom Jesus"
"PARQUE ESTADUAL FURNAS DO BOM JESUS","Angiosperms","Campanulaceae","Lobelia","camporum","Pohl","CAMPANULACEAE Lobelia camporum Pohl","172175","GBIF","SPF","Sasaki, D.","108","Native","Ouro","High","Parque Estadual das Furnas do Bom Jesus"
"PARQUE ESTADUAL FURNAS DO BOM JESUS","Angiosperms","Campanulaceae","Siphocampylus","macropodus","(Thunb.) G.Don","CAMPANULACEAE Siphocampylus macropodus (Thunb.) G.Don","21792","GBIF","SPSF","Macedo, E.E.","34","Native","Bronze","High","Parque Estadual Furnas do Bom Jesus."
"PARQUE ESTADUAL FURNAS DO BOM JESUS","Angiosperms","Campanulaceae","Wahlenbergia","brasiliensis","Cham.","CAMPANULACEAE Wahlenbergia brasiliensis Cham.","209815","GBIF","UEC","Campos, B.H.","350","Native","Bronze","High","Parque Estadual Furnas do Bom Jesus"
"PARQUE ESTADUAL FURNAS DO BOM JESUS","Angiosperms","Cannabaceae","Celtis","boliviensis","Planch.","CANNABACEAE Celtis boliviensis Planch.","SPF00173970","Splink","SPF",,"11","Native","Bronze","High","Parque Estadual das Furnas do Bom Jesus, Parque Estadual das Furnas do Bom Jesus, núcleo Chapadão. Beira da estrada, descendo em direção à antiga fazenda abandonada."
"PARQUE ESTADUAL FURNAS DO BOM JESUS","Angiosperms","Cannabaceae","Celtis","brasiliensis","(Gardner) Planch.","CANNABACEAE Celtis brasiliensis (Gardner) Planch.","22325","GBIF","SPSF","Macedo, E.E.","1540","Native","Bronze","High","Parque Estadual Furnas do Bom Jesus"
"PARQUE ESTADUAL FURNAS DO BOM JESUS","Angiosperms","Cannabaceae","Celtis","iguanaea","(Jacq.) Sarg.","CANNABACEAE Celtis iguanaea (Jacq.) Sarg.","NY01018396","GBIF","NY","Junqueira, A.B.","190","Unknown","Bronze","High","Parque Estadual das Furnas do Bom Jesus, núcleo Chapadão."
"PARQUE ESTADUAL FURNAS DO BOM JESUS","Angiosperms","Cannabaceae","Trema","micranthum","(L.) Blume","CANNABACEAE Trema micranthum (L.) Blume","32005","GBIF","FUEL","Guillaumon, J.R.","s.n.","Native","Bronze","High","Parque Estadual das Furnas do Bom Jesus"
"PARQUE ESTADUAL FURNAS DO BOM JESUS","Angiosperms","Cardiopteridaceae","Citronella","paniculata","(Mart.) R.A.Howard","CARDIOPTERIDACEAE Citronella paniculata (Mart.) R.A.Howard","FUEL036063","Splink","FUEL",,"41","Native","Prata","High","Parque Estadual Furnas do Bom Jesus, margem do córrego Pedregulho"
"PARQUE ESTADUAL FURNAS DO BOM JESUS","Angiosperms","Caricaceae","Carica","papaya","L.","CARICACEAE Carica papaya L.","7962","Splink","CTBS",,"56","Naturalized","Ouro","High","Propriedade do Sr. Euclides Brentini, vizinha ao Parque Estadual das Furnas do Bom Jesus. Quintal de casa."
"PARQUE ESTADUAL FURNAS DO BOM JESUS","Angiosperms","Caryocaraceae","Caryocar","brasiliense","Cambess.","CARYOCARACEAE Caryocar brasiliense Cambess.","173827","GBIF","SPF","Junqueira, A.B.","36","Native","Ouro","High","Parque Estadual das Furnas do Bom Jesus"
"PARQUE ESTADUAL FURNAS DO BOM JESUS","Angiosperms","Celastraceae","Cheiloclinium","cognatum","(Miers) A.C.Sm.","CELASTRACEAE Cheiloclinium cognatum (Miers) A.C.Sm.","30153","GBIF","SPSF","Macedo, E.E.",,"Native","Latão","High","Parque Estadual Furnas do Bom Jesus"
"PARQUE ESTADUAL FURNAS DO BOM JESUS","Angiosperms","Celastraceae","Hippocratea","volubilis","L.","CELASTRACEAE Hippocratea volubilis L.","SPSF00027369","Splink","SPSF",,"487","Native","Latão","High","Parque Estadual Furnas do Bom Jesus."
"PARQUE ESTADUAL FURNAS DO BOM JESUS","Angiosperms","Celastraceae","Monteverdia","aquifolium","(Mart.) Biral","CELASTRACEAE Monteverdia aquifolium (Mart.) Biral","34114","GBIF","VIC","Guerin, N.","48","Native","Prata","High","Parque Estadual das Furnas do Bom Jesus, Margem do córrego Pedregulho."
"PARQUE ESTADUAL FURNAS DO BOM JESUS","Angiosperms","Celastraceae","Peritassa","campestris","(Cambess.) A.C. Sm.","CELASTRACEAE Peritassa campestris (Cambess.) A.C. Sm.","RFA23197","Splink","RFA",,"159","Native","Ouro","High","Parque Estadual das Furnas do Bom Jesus"
"PARQUE ESTADUAL FURNAS DO BOM JESUS","Angiosperms","Celastraceae","Peritassa","hatschbachii","Lombardi","CELASTRACEAE Peritassa hatschbachii Lombardi","23454","GBIF","SPSF","Macedo, E.E.","268","Native","Ouro","High","Parque Estadual da Furnas do Bom Jesus"
"PARQUE ESTADUAL FURNAS DO BOM JESUS","Angiosperms","Celastraceae","Plenckia","populnea","Reissek","CELASTRACEAE Plenckia populnea Reissek","23443","GBIF","SPSF","Macedo, E.E.",,"Native","Ouro","High","Parque Estadual das Furnas do Bom Jesus"
"PARQUE ESTADUAL FURNAS DO BOM JESUS","Angiosperms","Chloranthaceae","Hedyosmum","brasiliense","Mart. ex Miq.","CHLORANTHACEAE Hedyosmum brasiliense Mart. ex Miq.","SPSF00016067","Splink","SPSF",,,"Native","Latão","High","Parque Estadual Furnas do Bom Jesus."
"PARQUE ESTADUAL FURNAS DO BOM JESUS","Angiosperms","Chrysobalanaceae","Hirtella","glandulosa","Spreng.","CHRYSOBALANACEAE Hirtella glandulosa Spreng.","23368","GBIF","SPSF","Macedo, E.E.","50","Native","Bronze","High","Parque Estadual Furnas do Bom Jesus"
"PARQUE ESTADUAL FURNAS DO BOM JESUS","Angiosperms","Chrysobalanaceae","Hirtella","gracilipes","(Hook.f.) Prance","CHRYSOBALANACEAE Hirtella gracilipes (Hook.f.) Prance","172181","GBIF","SPF","Sasaki, D.","1063","Native","Ouro","High","Parque Estadual das Furnas do Bom Jesus."
"PARQUE ESTADUAL FURNAS DO BOM JESUS","Angiosperms","Chrysobalanaceae","Parinari","obtusifolia","Hook.f.","CHRYSOBALANACEAE Parinari obtusifolia Hook.f.","23107","GBIF","SPSF","Macedo, E.E.","174","Native","Bronze","High","Parque Estadual Furnas do Bom Jesus"
"PARQUE ESTADUAL FURNAS DO BOM JESUS","Angiosperms","Combretaceae","Terminalia","argentea","Mart. & Zucc.","COMBRETACEAE Terminalia argentea Mart. & Zucc.","173833","GBIF","SPF","Junqueira, A.B.","27","Native","Ouro","High","Parque Estadual das Furnas do Bom Jesus"
"PARQUE ESTADUAL FURNAS DO BOM JESUS","Angiosperms","Commelinaceae","Commelina","erecta","L.","COMMELINACEAE Commelina erecta L.","23102","GBIF","SPSF","Macedo, E.E.","322","Native","Bronze","High","Parque Estadual Furnas do Bom Jesus"
"PARQUE ESTADUAL FURNAS DO BOM JESUS","Angiosperms","Commelinaceae","Tripogandra","diuretica","(Mart.) Handlos","COMMELINACEAE Tripogandra diuretica (Mart.) Handlos","278458","GBIF","SP","Ferreira, W.M.","842","Native","Ouro","High","Parque Estadual Furnas do Bom Jesus, Vertente das furnas com vegetação de mata"
"PARQUE ESTADUAL FURNAS DO BOM JESUS","Angiosperms","Connaraceae","Rourea","induta","Planch.","CONNARACEAE Rourea induta Planch.","RB00418632","GBIF","RB","Sasaki, D.","707","Native","Ouro","High","Parque Estadual das Furnas do Bom Jesus. Cerrado em encosta próximo ao encontro dos córregos Pedregulho e Bom Jesus. Parque Estadual das Furnas do Bom Jesus"
"PARQUE ESTADUAL FURNAS DO BOM JESUS","Angiosperms","Convolvulaceae","Distimake","cissoides","(Lam.) A.R. Simões & Staples","CONVOLVULACEAE Distimake cissoides (Lam.) A.R. Simões & Staples","540897","Splink","SP",,"2504","Native","Bronze","High","Parque Estadual Furnas do Bom Jesus"
"PARQUE ESTADUAL FURNAS DO BOM JESUS","Angiosperms","Convolvulaceae","Distimake","hirsutus","(O'Donell) Petrongari & Sim.-Bianch.","CONVOLVULACEAE Distimake hirsutus (O'Donell) Petrongari & Sim.-Bianch.","446952","GBIF","SP","Pastore, M.","244","Native","Ouro","High","Parque Estadual Furnas do Bom Jesus, Chapadão"
"PARQUE ESTADUAL FURNAS DO BOM JESUS","Angiosperms","Convolvulaceae","Distimake","hoehnei","(Petrongari & Sim.-Bianch.) Petrongari & Sim.-Bianch.","CONVOLVULACEAE Distimake hoehnei (Petrongari & Sim.-Bianch.) Petrongari & Sim.-Bianch.","446958","GBIF","SP","Pastore, M.","245","Native","Ouro","High","Parque Estadual das Furnas do Bom Jesus, Cerrado. Chapadão."
"PARQUE ESTADUAL FURNAS DO BOM JESUS","Angiosperms","Convolvulaceae","Distimake","macrocalyx","(Ruiz & Pav.) A.R. Simões & Staples","CONVOLVULACEAE Distimake macrocalyx (Ruiz & Pav.) A.R. Simões & Staples","SPSF00022043","Splink","SPSF",,"155","Native","Bronze","High","Parque Estadual das Furnas do Bom Jesus."
"PARQUE ESTADUAL FURNAS DO BOM JESUS","Angiosperms","Convolvulaceae","Distimake","tomentosus","(Choisy) Petrongari & Sim.-Bianch.","CONVOLVULACEAE Distimake tomentosus (Choisy) Petrongari & Sim.-Bianch.","472515","GBIF","SP","Petrongari, F.S.","7","Native","Ouro","High","Parque Estadual Furnas do Bom Jesus, Chapadão"
"PARQUE ESTADUAL FURNAS DO BOM JESUS","Angiosperms","Convolvulaceae","Evolvulus","aurigenius","Mart.","CONVOLVULACEAE Evolvulus aurigenius Mart.","446959","GBIF","SP","Pastore, M.","239","Native","Bronze","High","Parque Estadual Furnas do Bom Jesus, Próximo à trilha do Chalé. 10h e 30min"
"PARQUE ESTADUAL FURNAS DO BOM JESUS","Angiosperms","Convolvulaceae","Evolvulus","filipes","Mart.","CONVOLVULACEAE Evolvulus filipes Mart.","540912","Splink","SP",,"2519","Native","Bronze","High","Parque Estadual Furnas do Bom Jesus"
"PARQUE ESTADUAL FURNAS DO BOM JESUS","Angiosperms","Convolvulaceae","Evolvulus","pterocaulon","Moric.","CONVOLVULACEAE Evolvulus pterocaulon Moric.","56060","GBIF","IAC","Pastore, M.","247","Native","Ouro","High","Parque Estadual das Furnas do Bom Jesus"
"PARQUE ESTADUAL FURNAS DO BOM JESUS","Angiosperms","Convolvulaceae","Evolvulus","pterygophyllus","Mart.","CONVOLVULACEAE Evolvulus pterygophyllus Mart.","540703","Splink","SP",,"37","Native","Bronze","High","Parque Estadual Furnas do Bom Jesus, Núcleo Capão Redondo"
"PARQUE ESTADUAL FURNAS DO BOM JESUS","Angiosperms","Convolvulaceae","Evolvulus","sericeus","(Kunth) Ooststr.","CONVOLVULACEAE Evolvulus sericeus var. holosericeus (Kunth) Ooststr.","446956","GBIF","SP","Pastore, M.","249","Native","Bronze","High","Parque Estadual Furnas do Bom Jesus, Capão Redondo. 14h e 30min."
"PARQUE ESTADUAL FURNAS DO BOM JESUS","Angiosperms","Convolvulaceae","Evolvulus","sericeus","Sw.","CONVOLVULACEAE Evolvulus sericeus var. sericeus Sw.","454532","GBIF","SP","Pastore, M.","302","Native","Bronze","High","Parque Estadual Furnas do Bom Jesus, próximo à trilha do Chalé"
"PARQUE ESTADUAL FURNAS DO BOM JESUS","Angiosperms","Convolvulaceae","Ipomoea","argentea","Meisn.","CONVOLVULACEAE Ipomoea argentea Meisn.","540705","Splink","SP",,"39","Native","Bronze","High","Parque Estadual Furnas do Bom Jesus, Núcleo Capão Redondo"
"PARQUE ESTADUAL FURNAS DO BOM JESUS","Angiosperms","Convolvulaceae","Ipomoea","carnea","(Mart. ex Choisy) D.F.Austin","CONVOLVULACEAE Ipomoea carnea subsp. fistulosa (Mart. ex Choisy) D.F.Austin","23065","GBIF","SPSF","Macedo, E.E.","259A","Native","Bronze","High","Parque Estadual Furnas do Bom Jesus."
"PARQUE ESTADUAL FURNAS DO BOM JESUS","Angiosperms","Convolvulaceae","Ipomoea","cynanchifolia","Meisn.","CONVOLVULACEAE Ipomoea cynanchifolia Meisn.","540698","Splink","SP",,"32","Native","Bronze","High","Parque Estadual Furnas do Bom Jesus, Núcleo Sinhá"
"PARQUE ESTADUAL FURNAS DO BOM JESUS","Angiosperms","Convolvulaceae","Ipomoea","hederifolia","L.","CONVOLVULACEAE Ipomoea hederifolia L.","SPSF00022072","Splink","SPSF",,"83","Native","Bronze","High","Parque Estadual Furnas do Bom Jesus."
"PARQUE ESTADUAL FURNAS DO BOM JESUS","Angiosperms","Convolvulaceae","Ipomoea","megapotamica","Choisy","CONVOLVULACEAE Ipomoea megapotamica Choisy","540917","Splink","SP",,"2524","Native","Bronze","High","Parque Estadual Furnas do Bom Jesus"
"PARQUE ESTADUAL FURNAS DO BOM JESUS","Angiosperms","Convolvulaceae","Ipomoea","procumbens","Mart. ex Choisy","CONVOLVULACEAE Ipomoea procumbens Mart. ex Choisy","172320","GBIF","SPF","Sasaki, D.","949","Native","Ouro","High","Parque Estadual das Furnas do Bom Jesus"
"PARQUE ESTADUAL FURNAS DO BOM JESUS","Angiosperms","Convolvulaceae","Ipomoea","procurrens","Meisn.","CONVOLVULACEAE Ipomoea procurrens Meisn.","184049","GBIF","UEC","Pastore, M.","233","Native","Ouro","High","Parque Estadual das Furnas do Bom Jesus, Trilha do Chalé. S20°09'04"""", W47°16'36"""", 998m.s.m."
"PARQUE ESTADUAL FURNAS DO BOM JESUS","Angiosperms","Convolvulaceae","Ipomoea","quamoclit","L.","CONVOLVULACEAE Ipomoea quamoclit L.","540903","Splink","SP",,"2510","Native","Bronze","High","Parque Estadual Furnas do Bom Jesus"
"PARQUE ESTADUAL FURNAS DO BOM JESUS","Angiosperms","Convolvulaceae","Ipomoea","saopaulista","O'Donell","CONVOLVULACEAE Ipomoea saopaulista O'Donell","SPSF00027404","Splink","SPSF",,"534","Native","Latão","High","Parque Estadual Furnas do Bom Jesus."
"PARQUE ESTADUAL FURNAS DO BOM JESUS","Angiosperms","Convolvulaceae","Ipomoea","sidifolia","Schrad.","CONVOLVULACEAE Ipomoea sidifolia Schrad.","49885","GBIF","HUEFS","Ferreira, W.M.","841","Native","Ouro","High","Parque Estadual das Furnas do Bom Jesus."
"PARQUE ESTADUAL FURNAS DO BOM JESUS","Angiosperms","Convolvulaceae","Ipomoea","triloba","L.","CONVOLVULACEAE Ipomoea triloba L.","540907","Splink","SP",,"2514","Native","Bronze","High","Parque Estadual Furnas do Bom Jesus"
"PARQUE ESTADUAL FURNAS DO BOM JESUS","Angiosperms","Convolvulaceae","Ipomoea","virgata","Meisn.","CONVOLVULACEAE Ipomoea virgata Meisn.","172325","GBIF","SPF","Sasaki, D.","87","Native","Ouro","High","Parque Estadual das Furnas do Bom Jesus"
"PARQUE ESTADUAL FURNAS DO BOM JESUS","Angiosperms","Convolvulaceae","Jacquemontia","blanchetii","Moric.","CONVOLVULACEAE Jacquemontia blanchetii Moric.","540702","Splink","SP",,"36","Native","Bronze","High","Parque Estadual Furnas do Bom Jesus, perto do Capão Redondo, caminho para a Furna"
"PARQUE ESTADUAL FURNAS DO BOM JESUS","Angiosperms","Convolvulaceae","Jacquemontia","selloi","(Meisn.) Hallier f.","CONVOLVULACEAE Jacquemontia selloi (Meisn.) Hallier f.","172326","GBIF","SPF","Sasaki, D.","817","Native","Ouro","High","Parque Estadual das Furnas do Bom Jesus"
"PARQUE ESTADUAL FURNAS DO BOM JESUS","Angiosperms","Convolvulaceae","Jacquemontia","spiciflora","(Choisy) Hallier f.","CONVOLVULACEAE Jacquemontia spiciflora (Choisy) Hallier f.","446939","GBIF","SP","Pastore, M.","237","Native","Ouro","High","parque estadual das furnas do bom jesus"
"PARQUE ESTADUAL FURNAS DO BOM JESUS","Angiosperms","Convolvulaceae","Jacquemontia","velutina","Choisy","CONVOLVULACEAE Jacquemontia velutina Choisy","279214","Splink","SP",,"799","Native","Bronze","High","Parque Estadual Furnas do Bom Jesus"
"PARQUE ESTADUAL FURNAS DO BOM JESUS","Angiosperms","Convolvulaceae","Turbina","cordata","(Choisy) D.F.Austin & Staples","CONVOLVULACEAE Turbina cordata (Choisy) D.F.Austin & Staples","540701","Splink","SP",,"35","Native","Bronze","High","Parque Estadual Furnas do Bom Jesus, Núcleo Vassununga"
"PARQUE ESTADUAL FURNAS DO BOM JESUS",,"Convolvulaceae","Turbina","corymbosa|Ipomoea","(L.) Raf.|Schrad.","CONVOLVULACEAE Turbina corymbosa (L.) Raf.|Ipomoea sidifolia Schrad.","540700","Splink","SP",,"34",,"Bronze","High","Parque Estadual Furnas do Bom Jesus, Núcleo Sinhá"
"PARQUE ESTADUAL FURNAS DO BOM JESUS","Angiosperms","Cordiaceae","Cordia","americana","(L.) Gottschling & J.S.Mill.","CORDIACEAE Cordia americana (L.) Gottschling & J.S.Mill.","23738","GBIF","SPSF","Macedo, E.E.","87A","Native","Bronze","High","Parque Estadual das Furnas do Bom Jesus."
"PARQUE ESTADUAL FURNAS DO BOM JESUS","Angiosperms","Cordiaceae","Cordia","corymbosa","G.Don","CORDIACEAE Cordia corymbosa G.Don","SPSF00036677","Splink","SPSF",,"148",,"Ouro","High","Parque Estadual das Furnas do Bom Jesus"
"PARQUE ESTADUAL FURNAS DO BOM JESUS","Angiosperms","Cordiaceae","Cordia","trichotoma","(Vell.) Arráb. ex Steud.","CORDIACEAE Cordia trichotoma (Vell.) Arráb. ex Steud.","287152","GBIF","MBM","Custodio Filho, L.","501","Native","Bronze","High","Parque Estadual das Furnas do Bom Jesus."
"PARQUE ESTADUAL FURNAS DO BOM JESUS","Angiosperms","Costaceae","Costus","spicatus","(Jacq.) Sw.","COSTACEAE Costus spicatus (Jacq.) Sw.","SPSF00022145","Splink","SPSF",,"260","Unknown","Latão","High","Parque Estadual Furnas do Bom Jesus."
"PARQUE ESTADUAL FURNAS DO BOM JESUS","Angiosperms","Cucurbitaceae","Cayaponia","espelina","(Silva Manso) Cogn.","CUCURBITACEAE Cayaponia espelina (Silva Manso) Cogn.","SPSF00036762","Splink","SPSF",,"548","Native","Ouro","High","Parque Estadual Furnas do Bom Jesus"
"PARQUE ESTADUAL FURNAS DO BOM JESUS","Angiosperms","Cucurbitaceae","Melothria","campestris","(Naudin) H. Schaef. & S.S. Renner","CUCURBITACEAE Melothria campestris (Naudin) H. Schaef. & S.S. Renner","446699","GBIF","SP","Francener, A.","1288","Native","Bronze","High","Parque Estadual Furnas do Bom Jesus, Trilha do Chalé"
"PARQUE ESTADUAL FURNAS DO BOM JESUS","Angiosperms","Cucurbitaceae","Momordica","charantia","L.","CUCURBITACEAE Momordica charantia L.","173864","GBIF","SPF","Junqueira, A.B.","20","Naturalized","Ouro","High","Parque Estadual das Furnas do Bom Jesus"
"PARQUE ESTADUAL FURNAS DO BOM JESUS","Angiosperms","Cucurbitaceae","Wilbrandia","hibiscoides","Silva Manso","CUCURBITACEAE Wilbrandia hibiscoides Silva Manso","173860","GBIF","SPF","Junqueira, A.B.","7","Native","Ouro","High","Parque Estadual das Furnas do Bom Jesus"
"PARQUE ESTADUAL FURNAS DO BOM JESUS","Angiosperms","Cunoniaceae","Lamanonia","ternata","Vell.","CUNONIACEAE Lamanonia ternata Vell.","SPSF00027387","Splink","SPSF",,"553","Native","Latão","High","Parque Estadual Furnas do Bom Jesus."
"PARQUE ESTADUAL FURNAS DO BOM JESUS","Angiosperms","Cyperaceae","Bulbostylis","capillaris","(L.) C.B.Clarke","CYPERACEAE Bulbostylis capillaris (L.) C.B.Clarke","172334","GBIF","SPF","Sasaki, D.","805","Native","Ouro","High","Parque Estadual das Furnas do Bom Jesus"
"PARQUE ESTADUAL FURNAS DO BOM JESUS","Angiosperms","Cyperaceae","Bulbostylis","fendleri","C.B.Clarke","CYPERACEAE Bulbostylis fendleri C.B.Clarke","SPSF00036771","Splink","SPSF",,"422","Native","Ouro","High","Parque Estadual das Furnas do Bom Jesus"
"PARQUE ESTADUAL FURNAS DO BOM JESUS","Angiosperms","Cyperaceae","Bulbostylis","jacobinae","(Steud.) Lindm.","CYPERACEAE Bulbostylis jacobinae (Steud.) Lindm.","172339","GBIF","SPF","Sasaki, D.","984","Native","Ouro","High","Parque Estadual das Furnas do Bom Jesus"
"PARQUE ESTADUAL FURNAS DO BOM JESUS","Angiosperms","Cyperaceae","Bulbostylis","junciformis","(Kunth) C.B.Clarke","CYPERACEAE Bulbostylis junciformis (Kunth) C.B.Clarke","SPSF00036772","Splink","SPSF",,"412","Native","Ouro","High","Parque Estadual das Furnas do Bom Jesus"
"PARQUE ESTADUAL FURNAS DO BOM JESUS","Angiosperms","Cyperaceae","Bulbostylis","scabra","(J.Presl & C.Presl) C.B.Clarke","CYPERACEAE Bulbostylis scabra (J.Presl & C.Presl) C.B.Clarke","SPSF00023127","Splink","SPSF",,"221","Native","Latão","High","Parque Estadual Furnas do Bom Jesus."
"PARQUE ESTADUAL FURNAS DO BOM JESUS","Angiosperms","Cyperaceae","Bulbostylis","sphaerocephala","(Boeckeler) C.B.Clarke","CYPERACEAE Bulbostylis sphaerocephala (Boeckeler) C.B.Clarke","172351","GBIF","SPF","Sasaki, D.","269","Native","Ouro","High","Parque Estadual das Furnas do Bom Jesus"
"PARQUE ESTADUAL FURNAS DO BOM JESUS","Angiosperms","Cyperaceae","Bulbostylis","vestita","(Kunth) C.B.Clarke","CYPERACEAE Bulbostylis vestita (Kunth) C.B.Clarke","172353","GBIF","SPF","Sasaki, D.","881","Native","Ouro","High","Parque Estadual das Furnas do Bom Jesus"
"PARQUE ESTADUAL FURNAS DO BOM JESUS","Angiosperms","Cyperaceae","Cyperus","andreanus","Maury","CYPERACEAE Cyperus andreanus Maury","SPSF00022141","Splink","SPSF",,"298","Native","Latão","High","Parque Estadual Furnas do Bom Jesus."
"PARQUE ESTADUAL FURNAS DO BOM JESUS","Angiosperms","Cyperaceae","Cyperus","capillifolius","A.Rich.","CYPERACEAE Cyperus capillifolius A.Rich.","172356","GBIF","SPF","Sasaki, D.","282","Native","Ouro","High","Parque Estadual das Furnas do Bom Jesus"
"PARQUE ESTADUAL FURNAS DO BOM JESUS","Angiosperms","Cyperaceae","Cyperus","subsquarrosus","(Muhl.) Bauters","CYPERACEAE Cyperus subsquarrosus (Muhl.) Bauters","97711","GBIF","UEC","Marcondes-Ferreira, W.","829","Native","Bronze","High","Parque Estadual das Furnas do Bom Jesus, Nas bordas das vertentes. Campo sujo."
"PARQUE ESTADUAL FURNAS DO BOM JESUS","Angiosperms","Cyperaceae","Rhynchospora","marisculus","Lindl. & Nees","CYPERACEAE Rhynchospora marisculus Lindl. & Nees","SPSF00038449","Splink","SPSF",,,"Native","Bronze","High","Parque Estadual Furnas do Bom Jesus."
"PARQUE ESTADUAL FURNAS DO BOM JESUS","Angiosperms","Cyperaceae","Rhynchospora","nervosa","(Vahl) Boeckeler","CYPERACEAE Rhynchospora nervosa (Vahl) Boeckeler","23126","GBIF","SPSF","Macedo, E.E.","186","Native","Bronze","High","Parque Estadual Furnas do Bom Jesus."
"PARQUE ESTADUAL FURNAS DO BOM JESUS","Angiosperms","Cyperaceae","Rhynchospora","patuligluma","C.B.Clarke ex Lindm.","CYPERACEAE Rhynchospora patuligluma C.B.Clarke ex Lindm.","36714","GBIF","SPSF","Sasaki, D.","880","Native","Ouro","High","Parque Estadual das Furnas do Bom Jesus"
"PARQUE ESTADUAL FURNAS DO BOM JESUS","Angiosperms","Cyperaceae","Scleria","verticillata","Muhl. ex Willd.","CYPERACEAE Scleria verticillata Muhl. ex Willd.","SPF00172370","GBIF","SPF","Sasaki, D.","1037","Unknown","Bronze","High","Parque Estadual das Furnas do Bom Jesus"
"PARQUE ESTADUAL FURNAS DO BOM JESUS","Angiosperms","Dilleniaceae","Curatella","americana","L.","DILLENIACEAE Curatella americana L.","172381","GBIF","SPF","Sasaki, D.","701","Native","Bronze","High","Parque Estadual das Furnas do Bom Jesus"
"PARQUE ESTADUAL FURNAS DO BOM JESUS","Angiosperms","Dilleniaceae","Davilla","elliptica","A.St.-Hil.","DILLENIACEAE Davilla elliptica A.St.-Hil.","172382","GBIF","SPF","Sasaki, D.","109","Native","Ouro","High","Parque Estadual das Furnas do Bom Jesus"
"PARQUE ESTADUAL FURNAS DO BOM JESUS","Angiosperms","Dilleniaceae","Davilla","rugosa","Poir.","DILLENIACEAE Davilla rugosa Poir.","22312","GBIF","SPSF","Macedo, E.E.",,"Native","Bronze","High","Parque Estadual Furnas do Bom Jesus"
"PARQUE ESTADUAL FURNAS DO BOM JESUS","Angiosperms","Dioscoreaceae","Dioscorea",,"L.","DIOSCOREACEAE Dioscorea L.","SPSF00027427","Splink","SPSF",,"529",,"Latão","High","Parque Estadual Furnas do Bom Jesus."
"PARQUE ESTADUAL FURNAS DO BOM JESUS","Angiosperms","Droseraceae","Drosera","communis","A.St.-Hil.","DROSERACEAE Drosera communis A.St.-Hil.","179969","GBIF","SPF","Rivadavia, F.","2182","Native","Ouro","High","Parque Estadual das Furnas do Bom Jesus"
"PARQUE ESTADUAL FURNAS DO BOM JESUS","Angiosperms","Droseraceae","Drosera","lutescens","(A.St.Hil.) Gonella, Rivadavia & A.Fleischm.","DROSERACEAE Drosera lutescens (A.St.Hil.) Gonella, Rivadavia & A.Fleischm.","172386","GBIF","SPF","Sasaki, D.","1022","Native","Bronze","High","Parque Estadual das Furnas do Bom Jesus"
"PARQUE ESTADUAL FURNAS DO BOM JESUS","Angiosperms","Droseraceae","Drosera","montana","A.St.-Hil.","DROSERACEAE Drosera montana A.St.-Hil.","172385","GBIF","SPF","Sasaki, D.","433","Native","Ouro","High","Parque Estadual das Furnas do Bom Jesus"
"PARQUE ESTADUAL FURNAS DO BOM JESUS","Ferns and Lycophytes","Dryopteridaceae","Polystichum","platyphyllum","(Willd.) C.Presl","DRYOPTERIDACEAE Polystichum platyphyllum (Willd.) C.Presl","SPSF00022143","Splink","SPSF",,"288","Native","Bronze","High","Parque Estadual das Furnas do Bom Jesus."
"PARQUE ESTADUAL FURNAS DO BOM JESUS","Angiosperms","Ebenaceae","Diospyros","lasiocalyx","(Mart.) B.Walln.","EBENACEAE Diospyros lasiocalyx (Mart.) B.Walln.","23100","GBIF","SPSF","Macedo, E.E.","319","Native","Bronze","High","Parque Estadual Furnas do Bom Jesus"
"PARQUE ESTADUAL FURNAS DO BOM JESUS","Ferns and Lycophytes","Equisetaceae","Equisetum","giganteum","L.","EQUISETACEAE Equisetum giganteum L.","CEN00114632","GBIF","CEN","Junqueira, A.B.","23","Native","Ouro","High","Parque Estadual das Furnas do Bom Jesus, núcleo Chapadão. Margem do córrego Pedregulho, próximo à antiga fazenda abandonada."
"PARQUE ESTADUAL FURNAS DO BOM JESUS","Angiosperms","Eriocaulaceae","Syngonanthus","nitens","Ruhland","ERIOCAULACEAE Syngonanthus nitens Ruhland","82037","GBIF","HUEFS","Sasaki, D.","110","Native","Ouro","High","Parque Estadual das Furnas do Bom Jesus."
"PARQUE ESTADUAL FURNAS DO BOM JESUS","Angiosperms","Erythroxylaceae","Erythroxylum","campestre","A.St.-Hil.","ERYTHROXYLACEAE Erythroxylum campestre A.St.-Hil.","172392","GBIF","SPF","Sasaki, D.","678","Native","Ouro","High","Parque Estadual das Furnas do Bom Jesus"
"PARQUE ESTADUAL FURNAS DO BOM JESUS","Angiosperms","Erythroxylaceae","Erythroxylum","cuneifolium","(Mart.) O.E.Schulz","ERYTHROXYLACEAE Erythroxylum cuneifolium (Mart.) O.E.Schulz","23324","GBIF","SPSF","Macedo, E.E.","269","Native","Bronze","High","Parque Estadual Furnas do Bom Jesus."
"PARQUE ESTADUAL FURNAS DO BOM JESUS","Angiosperms","Erythroxylaceae","Erythroxylum","daphnites","Mart.","ERYTHROXYLACEAE Erythroxylum daphnites Mart.","SPSF00023335","Splink","SPSF",,"283","Native","Bronze","High","Parque Estadual Furnas do Bom Jesus."
"PARQUE ESTADUAL FURNAS DO BOM JESUS","Angiosperms","Erythroxylaceae","Erythroxylum","deciduum","A.St.-Hil.","ERYTHROXYLACEAE Erythroxylum deciduum A.St.-Hil.","20813","GBIF","BOTU","Marcondes, W.B.R.F.","372","Native","Ouro","High","Parque Estadual das Furnas do Bom Jesus"
"PARQUE ESTADUAL FURNAS DO BOM JESUS","Angiosperms","Erythroxylaceae","Erythroxylum","pelleterianum","A.St.-Hil.","ERYTHROXYLACEAE Erythroxylum pelleterianum A.St.-Hil.","25890","GBIF","SPSF","Macedo, E.E.","410","Native","Bronze","High","Parque Estadual das Furnas do Bom Jesus."
"PARQUE ESTADUAL FURNAS DO BOM JESUS","Angiosperms","Erythroxylaceae","Erythroxylum","suberosum","A.St.-Hil.","ERYTHROXYLACEAE Erythroxylum suberosum A.St.-Hil.","172396","GBIF","SPF","Sasaki, D.","759","Native","Ouro","High","Parque Estadual das Furnas do Bom Jesus"
"PARQUE ESTADUAL FURNAS DO BOM JESUS","Angiosperms","Erythroxylaceae","Erythroxylum","subracemosum","Turcz.","ERYTHROXYLACEAE Erythroxylum subracemosum Turcz.","20424","GBIF","BOTU","Guillaumon, J.R.B.C.I.H.D.","16073","Native","Ouro","High","Parque Estadual de Furnas de Bom Jesus"
"PARQUE ESTADUAL FURNAS DO BOM JESUS","Angiosperms","Euphorbiaceae","Acalypha","communis","Müll.Arg.","EUPHORBIACEAE Acalypha communis Müll.Arg.","23080","GBIF","SPSF","Macedo, E.E.","201","Native","Ouro","High","Parque Estadual Furnas do Bom Jesus."
"PARQUE ESTADUAL FURNAS DO BOM JESUS","Angiosperms","Euphorbiaceae","Croton","antisyphiliticus","Mart.","EUPHORBIACEAE Croton antisyphiliticus Mart.","173874","GBIF","SPF","Junqueira, A.B.","160","Native","Ouro","High","Parque Estadual das Furnas do Bom Jesus, Estrada próxima à sede do parque, em direção à trilha da Cachoeira do Chalé."
"PARQUE ESTADUAL FURNAS DO BOM JESUS","Angiosperms","Euphorbiaceae","Croton","floribundus","Spreng.","EUPHORBIACEAE Croton floribundus Spreng.","SORO013131","Splink","SORO",,,"Native","Latão","High","Parque Estadual Furnas do Bom Jesus"
"PARQUE ESTADUAL FURNAS DO BOM JESUS","Angiosperms","Euphorbiaceae","Croton","glandulosus","L.","EUPHORBIACEAE Croton glandulosus L.","447115","GBIF","SP","Pastore, M.","248","Native","Ouro","High","Parque Estadual Furnas do Bom Jesus, Cerrado. Capão Redondo."
"PARQUE ESTADUAL FURNAS DO BOM JESUS","Angiosperms","Euphorbiaceae","Croton","grandivelus","Baill.","EUPHORBIACEAE Croton grandivelus Baill.","SPSF00036740","Splink","SPSF",,"928","Native","Ouro","High","Parque Estadual das Furnas do Bom Jesus, Cerrado em encosta próxima ao encontro dos córregos Pedregulho e Bom Jesus."
"PARQUE ESTADUAL FURNAS DO BOM JESUS","Angiosperms","Euphorbiaceae","Croton","hirtus","L'Hér.","EUPHORBIACEAE Croton hirtus L'Hér.","SPSF00018020","Splink","SPSF",,,"Native","Bronze","High","Parque Estadual das Furnas do Bom Jesus."
"PARQUE ESTADUAL FURNAS DO BOM JESUS","Angiosperms","Euphorbiaceae","Croton","sclerocalyx","(Didr.) Müll.Arg.","EUPHORBIACEAE Croton sclerocalyx (Didr.) Müll.Arg.","367385","GBIF","SP","Caruzo, M.B.R.","43","Native","Ouro","High","Parque Estadual Furnas do Bom Jesus, Encosta perto dos córregos Pedregulho e Bom Jesus. Cerrado"
"PARQUE ESTADUAL FURNAS DO BOM JESUS","Angiosperms","Euphorbiaceae","Euphorbia","foliolosa","Boiss.","EUPHORBIACEAE Euphorbia foliolosa Boiss.","SPSF00022061","Splink","SPSF",,"150","Native","Ouro","High","Parque Estadual Furnas do Bom Jesus."
"PARQUE ESTADUAL FURNAS DO BOM JESUS","Angiosperms","Euphorbiaceae","Euphorbia","hirta","L.","EUPHORBIACEAE Euphorbia hirta L.","447100","GBIF","SP","Francener, A.","1306","Native","Ouro","High","Parque Estadual Furnas do Bom Jesus, Núcleo Mimoso, em borda de floresta estacional alterada, próximo a uma pastagem."
"PARQUE ESTADUAL FURNAS DO BOM JESUS","Angiosperms","Euphorbiaceae","Euphorbia","hyssopifolia","L.","EUPHORBIACEAE Euphorbia hyssopifolia L.","447102","GBIF","SP","Pastore, M.","254","Native","Ouro","High","Parque Estadual Furnas do Bom Jesus, Cerrado. Próximo à area de pasto da fazenda"
"PARQUE ESTADUAL FURNAS DO BOM JESUS","Angiosperms","Euphorbiaceae","Euphorbia","potentilloides","Boiss.","EUPHORBIACEAE Euphorbia potentilloides Boiss.","447098","GBIF","SP","Francener, A.","1304","Native","Ouro","High","Parque Estadual Furnas do Bom Jesus, Núcleo Capão Redondo, em Cerrado bastante alterado, na margem de uma pequena estrada."
"PARQUE ESTADUAL FURNAS DO BOM JESUS","Angiosperms","Euphorbiaceae","Euphorbia","setosa","(Boiss.) Müll.Arg.","EUPHORBIACEAE Euphorbia setosa (Boiss.) Müll.Arg.","173872","GBIF","SPF","Junqueira, A.B.","158","Native","Ouro","High","Parque Estadual Furnas do Bom Jesus, Trilha da Cachoeira do Chalé, lado direito da trilha, próximo à sede administrativa. Cerrado com afloramento rochoso"
"PARQUE ESTADUAL FURNAS DO BOM JESUS","Angiosperms","Euphorbiaceae","Gymnanthes","schottiana","Müll.Arg.","EUPHORBIACEAE Gymnanthes schottiana Müll.Arg.","37192","GBIF","SPSF","Guerin, N.","60","Native","Bronze","Low","P.E.F.B.J. - Pedra Grande"
"PARQUE ESTADUAL FURNAS DO BOM JESUS","Angiosperms","Euphorbiaceae","Manihot","esculenta","Crantz","EUPHORBIACEAE Manihot esculenta Crantz","178758","GBIF","HUEFS","Junqueira, A.B.","185","Native","Ouro","High","Propriedade do Sr. Euclides Brentini, vizinha ao Parque Estadual das Furnas do Bom Jesus. Quintal da casa."
"PARQUE ESTADUAL FURNAS DO BOM JESUS","Angiosperms","Euphorbiaceae","Manihot","fruticulosa","(Pax) D.J.Rogers & Appan","EUPHORBIACEAE Manihot fruticulosa (Pax) D.J.Rogers & Appan","162325","GBIF","SPF","Sasaki, D.","754","Native","Bronze","High","Parque Estadual das Furnas do Bom Jesus"
"PARQUE ESTADUAL FURNAS DO BOM JESUS","Angiosperms","Euphorbiaceae","Manihot","gracilis","Pohl","EUPHORBIACEAE Manihot gracilis Pohl","296601","GBIF","SP","Guillaumon, J.R.","20","Native","Latão","High","Parque Estadual Furnas do Bom Jesus, N·cleo Santa Luzia, Sede.&nf;Cerrado em formação."
"PARQUE ESTADUAL FURNAS DO BOM JESUS","Angiosperms","Euphorbiaceae","Manihot","pentaphylla","Pohl","EUPHORBIACEAE Manihot pentaphylla Pohl","SPSF00016080","Splink","SPSF",,,"Native","Latão","High","Parque Estadual Furnas do Bom Jesus."
"PARQUE ESTADUAL FURNAS DO BOM JESUS","Angiosperms","Euphorbiaceae","Microstachys","bidentata","(Mart.) F.Dietr.","EUPHORBIACEAE Microstachys bidentata (Mart.) F.Dietr.","SPSF00036719","Splink","SPSF",,"904","Native","Ouro","High","Parque Estadual das Furnas do Bom Jesus"
"PARQUE ESTADUAL FURNAS DO BOM JESUS","Angiosperms","Euphorbiaceae","Microstachys","serrulata","(Mart.) F.Dietr","EUPHORBIACEAE Microstachys serrulata (Mart.) F.Dietr","45679","GBIF","VIC","P, C.A.F.M.","1284","Native","Bronze","High","Parque Estadual das Furnas de Bom Jesus., Próximo a Trilha do Chalé em cerrado sensu strictu pedregoso."
"PARQUE ESTADUAL FURNAS DO BOM JESUS","Angiosperms","Euphorbiaceae","Sapium","glandulosum","(L.) Morong","EUPHORBIACEAE Sapium glandulosum (L.) Morong","23071","GBIF","SPSF","Macedo, E.E.","242","Native","Latão","High","Parque Estadual Furnas do Bom Jesus."
"PARQUE ESTADUAL FURNAS DO BOM JESUS","Angiosperms","Fabaceae","Anadenanthera","peregrina","(L.) Speg.","FABACEAE Anadenanthera peregrina (L.) Speg.","173903","GBIF","SPF","Junqueira, A.B.","45","Native","Ouro","High","Parque Estadual das Furnas do Bom Jesus"
"PARQUE ESTADUAL FURNAS DO BOM JESUS","Angiosperms","Fabaceae","Ancistrotropis","peduncularis","(Fawc. & Rendle) A.Delgado","FABACEAE Ancistrotropis peduncularis (Fawc. & Rendle) A.Delgado","184461","GBIF","UEC","Sasaki, D.","970","Native","Ouro","High","Parque Estadual das Furnas do Bom Jesus"
"PARQUE ESTADUAL FURNAS DO BOM JESUS","Angiosperms","Fabaceae","Bauhinia","holophylla","(Bong.) Steud.","FABACEAE Bauhinia holophylla (Bong.) Steud.","SPSF00023555","Splink","SPSF",,,"Native","Prata","High","Parque Estadual das Furnas do Bom Jesus - Núcleo Santa Luzia."
"PARQUE ESTADUAL FURNAS DO BOM JESUS","Angiosperms","Fabaceae","Bauhinia","longifolia","(Bong.) Steud.","FABACEAE Bauhinia longifolia (Bong.) Steud.","SORO013485","Splink","SORO",,"91 A","Native","Latão","High","Parque Estadual Furnas do Bom Jesus."
"PARQUE ESTADUAL FURNAS DO BOM JESUS","Angiosperms","Fabaceae","Bauhinia","rufa","(Bong.) Steud.","FABACEAE Bauhinia rufa (Bong.) Steud.","161585","GBIF","SPF","Sasaki, D.","840","Native","Ouro","High","Parque Estadual das Furnas do Bom Jesus"
"PARQUE ESTADUAL FURNAS DO BOM JESUS","Angiosperms","Fabaceae","Bauhinia","ungulata","L.","FABACEAE Bauhinia ungulata L.","802","GBIF","SPFR","Marcondes-Ferreira, W.","378","Native","Ouro","High","Parque Estadual das Furnas do Bom Jesus"
"PARQUE ESTADUAL FURNAS DO BOM JESUS","Angiosperms","Fabaceae","Betencourtia","scarlatina","(Mart. ex Benth.) L.P.Queiroz","FABACEAE Betencourtia scarlatina (Mart. ex Benth.) L.P.Queiroz","161591","GBIF","SPF","Sasaki, D.","818","Native","Ouro","High","Parque Estadual das Furnas do Bom Jesus"
"PARQUE ESTADUAL FURNAS DO BOM JESUS","Angiosperms","Fabaceae","Bionia","coriacea","(Nees & Mart.) Benth.","FABACEAE Bionia coriacea (Nees & Mart.) Benth.","161595","GBIF","SPF","Sasaki, D.","627","Native","Ouro","High","Parque Estadual das Furnas do Bom Jesus"
"PARQUE ESTADUAL FURNAS DO BOM JESUS","Angiosperms","Fabaceae","Bowdichia","virgilioides","Kunth","FABACEAE Bowdichia virgilioides Kunth","SPSF00017983","Splink","SPSF",,"137","Native","Latão","High","Parque Estadual Furnas do Bom Jesus."
"PARQUE ESTADUAL FURNAS DO BOM JESUS","Angiosperms","Fabaceae","Calliandra","dysantha","Benth.","FABACEAE Calliandra dysantha Benth.","25917","GBIF","SPSF","Macedo, E.E.","1201","Native","Prata","High","Parque Estadual Furnas do Bom Jesus."
"PARQUE ESTADUAL FURNAS DO BOM JESUS","Angiosperms","Fabaceae","Calliandra","foliolosa","Benth.","FABACEAE Calliandra foliolosa Benth.","23365","GBIF","SPSF","Macedo, E.E.","720","Native","Latão","High","Parque Estadual Furnas do Bom Jesus."
"PARQUE ESTADUAL FURNAS DO BOM JESUS","Angiosperms","Fabaceae","Calopogonium","caeruleum","(Benth.) C.Wright","FABACEAE Calopogonium caeruleum (Benth.) C.Wright","SPSF00022062","Splink","SPSF",,"147","Native","Ouro","High","Parque Estadual Furnas do Bom Jesus."
"PARQUE ESTADUAL FURNAS DO BOM JESUS","Angiosperms","Fabaceae","Canavalia","picta","Mart. ex Benth.","FABACEAE Canavalia picta Mart. ex Benth.","SPSF00027339","Splink","SPSF",,"504","Native","Ouro","High","Parque Estadual Furnas do Bom Jesus."
"PARQUE ESTADUAL FURNAS DO BOM JESUS","Angiosperms","Fabaceae","Cassia",,"L.","FABACEAE Cassia L.","792","GBIF","SPFR","Marcondes-Ferreira, W.","343",,"Bronze","High","Parque Estadual das Furnas do Bom Jesus"
"PARQUE ESTADUAL FURNAS DO BOM JESUS","Angiosperms","Fabaceae","Centrosema","angustifolium","(Kunth) Benth.","FABACEAE Centrosema angustifolium (Kunth) Benth.","172620","GBIF","SPF","Sasaki, D.","141","Native","Ouro","High","Parque Estadual das Furnas do Bom Jesus"
"PARQUE ESTADUAL FURNAS DO BOM JESUS","Angiosperms","Fabaceae","Centrosema","arenarium","Benth.","FABACEAE Centrosema arenarium Benth.","SPSF00032319","Splink","SPSF",,"357","Native","Bronze","High","Parque Estadual das Furnas do Bom Jesus."
"PARQUE ESTADUAL FURNAS DO BOM JESUS","Angiosperms","Fabaceae","Centrosema","virginianum","(L.) Benth.","FABACEAE Centrosema virginianum (L.) Benth.","285715","GBIF","SP","Ferreira, W.M.","854","Native","Ouro","High","Parque Estadual Furnas do Bom Jesus"
"PARQUE ESTADUAL FURNAS DO BOM JESUS","Angiosperms","Fabaceae","Cerradicola","decumbens","(Benth.) L.P.Queiroz","FABACEAE Cerradicola decumbens (Benth.) L.P.Queiroz","172628","GBIF","SPF","Sasaki, D.","950","Native","Ouro","High","Parque Estadual das Furnas do Bom Jesus"
"PARQUE ESTADUAL FURNAS DO BOM JESUS","Angiosperms","Fabaceae","Chamaecrista","basifolia","(Vogel) H.S.Irwin & Barneby","FABACEAE Chamaecrista basifolia (Vogel) H.S.Irwin & Barneby","172566","GBIF","SPF","Sasaki, D.","493","Native","Bronze","High","Parque Estadual das Furnas do Bom Jesus, Encosta próxima ao encontro dos córregos Pedregulho e Bom Jesus. Solo areno-pedregoso com afloramentos rochosos."
"PARQUE ESTADUAL FURNAS DO BOM JESUS","Angiosperms","Fabaceae","Chamaecrista","cathartica","(Mart.) H.S.Irwin & Barneby","FABACEAE Chamaecrista cathartica (Mart.) H.S.Irwin & Barneby","SPSF00022281","Splink","SPSF",,"204","Native","Ouro","High","Parque Estadual Furnas do Bom Jesus."
"PARQUE ESTADUAL FURNAS DO BOM JESUS","Angiosperms","Fabaceae","Chamaecrista","desvauxii","(Kunth ex Vogel) H.S.Irwin & Barneby","FABACEAE Chamaecrista desvauxii var. langsdorffii (Kunth ex Vogel) H.S.Irwin & Barneby","24122","GBIF","CGMS","Macedo, E.E.",,"Native","Prata","High","Parque Estadual das Furnas do Bom Jesus, núcleo Sta Luzia."
"PARQUE ESTADUAL FURNAS DO BOM JESUS","Angiosperms","Fabaceae","Chamaecrista","flexuosa","(L.) Greene","FABACEAE Chamaecrista flexuosa (L.) Greene","23479","GBIF","SPSF","Macedo, E.E.","60A","Native","Ouro","High","Parque Estadual das Furnas do Bom Jesus."
"PARQUE ESTADUAL FURNAS DO BOM JESUS","Angiosperms","Fabaceae","Chamaecrista","rotundifolia","(Pers.) Greene","FABACEAE Chamaecrista rotundifolia (Pers.) Greene","172579","GBIF","SPF","Sasaki, D.","1040","Native","Ouro","High","Parque Estadual das Furnas do Bom Jesus"
"PARQUE ESTADUAL FURNAS DO BOM JESUS","Angiosperms","Fabaceae","Chamaecrista","setosa","(Vogel) H.S.Irwin & Barneby","FABACEAE Chamaecrista setosa (Vogel) H.S.Irwin & Barneby","172580","GBIF","SPF","Sasaki, D.","498","Native","Ouro","High","Parque Estadual das Furnas do Bom Jesus"
"PARQUE ESTADUAL FURNAS DO BOM JESUS","Angiosperms","Fabaceae","Clitoria","densiflora","(Benth.) Benth.","FABACEAE Clitoria densiflora (Benth.) Benth.","22366","GBIF","SPSF","Macedo, E.E.","263","Native","Ouro","High","Parque Estadual Furnas do Bom Jesus"
"PARQUE ESTADUAL FURNAS DO BOM JESUS","Angiosperms","Fabaceae","Clitoria","guianensis","(Aubl.) Benth.","FABACEAE Clitoria guianensis (Aubl.) Benth.","172621","GBIF","SPF","Sasaki, D.","915","Native","Ouro","High","Parque Estadual das Furnas do Bom Jesus"
"PARQUE ESTADUAL FURNAS DO BOM JESUS","Angiosperms","Fabaceae","Crotalaria","balansae","Micheli","FABACEAE Crotalaria balansae Micheli","541364","Splink","SP",,"2621","Native","Bronze","High","Parque Estadual Furnas do Bom Jesus, Capão Redondo, Neca Preto"
"PARQUE ESTADUAL FURNAS DO BOM JESUS","Angiosperms","Fabaceae","Crotalaria","martiana","Benth.","FABACEAE Crotalaria martiana Benth.","SPSF00022065","Splink","SPSF",,"139","Native","Prata","High","Parque Estadual Furnas do Bom Jesus."
"PARQUE ESTADUAL FURNAS DO BOM JESUS","Angiosperms","Fabaceae","Crotalaria","maypurensis","Kunth","FABACEAE Crotalaria maypurensis Kunth","161596","GBIF","SPF","Sasaki, D.","142","Native","Ouro","High","Parque Estadual das Furnas do Bom Jesus, Próximo a sede, abaixo da estrada de terra."
"PARQUE ESTADUAL FURNAS DO BOM JESUS","Angiosperms","Fabaceae","Crotalaria","micans","Link","FABACEAE Crotalaria micans Link","SPSF00027390","Splink","SPSF",,"548","Native","Latão","High","Parque Estadual Furnas do Bom Jesus."
"PARQUE ESTADUAL FURNAS DO BOM JESUS","Angiosperms","Fabaceae","Crotalaria","stipularia","Desv.","FABACEAE Crotalaria stipularia Desv.","SPSF00021782","Splink","SPSF",,"840","Native","Bronze","High","Parque Estadual das Furnas do Bom Jesus."
"PARQUE ESTADUAL FURNAS DO BOM JESUS","Angiosperms","Fabaceae","Crotalaria","unifoliolata","Benth.","FABACEAE Crotalaria unifoliolata Benth.","SPSF00018017","Splink","SPSF",,,"Native","Bronze","High","Parque Estadual Furnas do Bom Jesus."
"PARQUE ESTADUAL FURNAS DO BOM JESUS","Angiosperms","Fabaceae","Crotalaria","velutina","Benth.","FABACEAE Crotalaria velutina Benth.","172622","GBIF","SPF","Sasaki, D.","287","Native","Ouro","High","Parque Estadual das Furnas do Bom Jesus, Campo sujo próximo à sede, abaixo da estrada de terra."
"PARQUE ESTADUAL FURNAS DO BOM JESUS","Angiosperms","Fabaceae","Ctenodon","brevipes","(Benth.) D.B.O.S.Cardoso, P.L.R.Moraes & H.C.Lima","FABACEAE Ctenodon brevipes (Benth.) D.B.O.S.Cardoso, P.L.R.Moraes & H.C.Lima","UEC150516","Splink","UEC",,"830","Native","Ouro","High","Parque Estadual das Furnas do Bom Jesus"
"PARQUE ESTADUAL FURNAS DO BOM JESUS","Angiosperms","Fabaceae","Ctenodon","falcatus","(Poir.) D.B.O.S.Cardoso, P.L.R.Moraes & H.C.Lima","FABACEAE Ctenodon falcatus (Poir.) D.B.O.S.Cardoso, P.L.R.Moraes & H.C.Lima","370191","GBIF","SP","Sasaki, D.","802","Native","Ouro","High","Parque Estadual Furnas do Bom Jesus, Cerrado em encosta próxima ao encontro dos córregos Pedregulho e Bom Jesus, solo areno-pedregoso com afloramentos rochosos"
"PARQUE ESTADUAL FURNAS DO BOM JESUS","Angiosperms","Fabaceae","Ctenodon","paniculatus","(Willd. ex Vogel) D.B.O.S.Cardoso, P.L.R.Moraes & H.C.Lima","FABACEAE Ctenodon paniculatus (Willd. ex Vogel) D.B.O.S.Cardoso, P.L.R.Moraes & H.C.Lima","SPSF00036716","Splink","SPSF",,"139","Native","Ouro","High","Parque Estadual das Furnas do Bom Jesus"
"PARQUE ESTADUAL FURNAS DO BOM JESUS","Angiosperms","Fabaceae","Dalbergia","miscolobium","Benth.","FABACEAE Dalbergia miscolobium Benth.","SPSF00027422","Splink","SPSF",,"647","Native","Latão","High","Parque Estadual Furnas do Bom Jesus."
"PARQUE ESTADUAL FURNAS DO BOM JESUS","Angiosperms","Fabaceae","Desmodium","barbatum","(L.) Benth.","FABACEAE Desmodium barbatum (L.) Benth.","SPSF00038439","Splink","SPSF",,,"Native","Ouro","High","Parque Estadual Furnas do Bom Jesus."
"PARQUE ESTADUAL FURNAS DO BOM JESUS","Angiosperms","Fabaceae","Desmodium","incanum","(Sw.) DC.","FABACEAE Desmodium incanum (Sw.) DC.","SPSF00018005","Splink","SPSF",,,"Naturalized","Ouro","High","Parque Estadual Furnas do Bom Jesus."
"PARQUE ESTADUAL FURNAS DO BOM JESUS","Angiosperms","Fabaceae","Desmodium","pachyrhizum","Vogel","FABACEAE Desmodium pachyrhizum Vogel","184457","GBIF","UEC","Sasaki, D.","972","Native","Ouro","High","Parque estadual de Furnas do Bom Jesus. Próxima ao encontro dos córregosPedregulho e Bom Jesus."
"PARQUE ESTADUAL FURNAS DO BOM JESUS","Angiosperms","Fabaceae","Desmodium","subsecundum","Vogel","FABACEAE Desmodium subsecundum Vogel","18705","GBIF","HRCB","Ferreira, W.M.","846","Native","Ouro","High","Parque Estadual Furnas do Bom Jesus, Vertente das furnas com vegetação de mata"
"PARQUE ESTADUAL FURNAS DO BOM JESUS","Angiosperms","Fabaceae","Desmodium","tortuosum","(Sw.) DC.","FABACEAE Desmodium tortuosum (Sw.) DC.","SPSF00027293","Splink","SPSF",,"500","Native","Prata","High","Parque Estadual Furnas do Bom Jesus."
"PARQUE ESTADUAL FURNAS DO BOM JESUS","Angiosperms","Fabaceae","Dimorphandra","mollis","Benth.","FABACEAE Dimorphandra mollis Benth.","SPSF00036724","Splink","SPSF",,"136","Native","Ouro","High","Parque Estadual das Furnas do Bom Jesus"
"PARQUE ESTADUAL FURNAS DO BOM JESUS","Angiosperms","Fabaceae","Eriosema","crinitum","(Kunth) G.Don","FABACEAE Eriosema crinitum var. crinitum (Kunth) G.Don","161593","GBIF","SPF","Sasaki, D.","773","Native","Bronze","High","Parque Estadual das Furnas do Bom Jesus. Campo sujo próximo à sede, abaixo da estrada de terra."
"PARQUE ESTADUAL FURNAS DO BOM JESUS","Angiosperms","Fabaceae","Eriosema","longifolium","Benth.","FABACEAE Eriosema longifolium Benth.","22278","GBIF","SPSF","Macedo, E.E.","196","Native","Bronze","Low","P.E.Furnas do Jesus."
"PARQUE ESTADUAL FURNAS DO BOM JESUS","Angiosperms","Fabaceae","Harpalyce","brasiliana","Benth.","FABACEAE Harpalyce brasiliana Benth.","SPSF00017962","Splink","SPSF",,"104","Native","Ouro","High","Parque Estadual das Furnas do Bom Jesus."
"PARQUE ESTADUAL FURNAS DO BOM JESUS","Angiosperms","Fabaceae","Hymenaea","courbaril","L.","FABACEAE Hymenaea courbaril L.","SPSF00017993","Splink","SPSF",,"141","Native","Latão","High","Parque Estadual Furnas do Bom Jesus."
"PARQUE ESTADUAL FURNAS DO BOM JESUS","Angiosperms","Fabaceae","Hymenaea","stigonocarpa","Mart. ex Hayne","FABACEAE Hymenaea stigonocarpa Mart. ex Hayne","MBM171575","Splink","MBM",,"141","Native","Bronze","High","Parque Estadual das Furnas do Bom Jesus."
"PARQUE ESTADUAL FURNAS DO BOM JESUS","Angiosperms","Fabaceae","Indigofera","lespedezioides","Kunth","FABACEAE Indigofera lespedezioides Kunth","97196","GBIF","SPF","Marcondes-Ferreira, W.","857","Native","Ouro","High","Parque Estadual das Furnas do Bom Jesus"
"PARQUE ESTADUAL FURNAS DO BOM JESUS","Angiosperms","Fabaceae","Indigofera","suffruticosa","Mill.","FABACEAE Indigofera suffruticosa Mill.","SPSF00016590","Splink","SPSF",,,"Native","Latão","High","Parque Estadual Furnas do Bom Jesus."
"PARQUE ESTADUAL FURNAS DO BOM JESUS","Angiosperms","Fabaceae","Indigofera","truxillensis","Kunth","FABACEAE Indigofera truxillensis Kunth","SPSF00021783","Splink","SPSF",,"830","Native","Prata","High","Parque Estadual das Furnas do Bom Jesus."
"PARQUE ESTADUAL FURNAS DO BOM JESUS","Angiosperms","Fabaceae","Inga","marginata","Willd.","FABACEAE Inga marginata Willd.","790","GBIF","SPFR","Marcondes-Ferreira, W.","352","Native","Bronze","High","Parque Estadual das Furnas do Bom Jesus"
"PARQUE ESTADUAL FURNAS DO BOM JESUS","Angiosperms","Fabaceae","Inga","vera","Willd.","FABACEAE Inga vera Willd.","21774","GBIF","SPSF","Macedo, E.E.","103B","Native","Bronze","High","Parque Estadual das Furnas do Bom Jesus."
"PARQUE ESTADUAL FURNAS DO BOM JESUS","Angiosperms","Fabaceae","Leptolobium","dasycarpum","Vogel","FABACEAE Leptolobium dasycarpum Vogel","SPSF00036747","Splink","SPSF",,"897","Native","Ouro","High","Parque Estadual das Furnas do Bom Jesus"
"PARQUE ESTADUAL FURNAS DO BOM JESUS","Angiosperms","Fabaceae","Leptolobium","elegans","Vogel","FABACEAE Leptolobium elegans Vogel","SPSF00032289","Splink","SPSF",,"240","Native","Latão","High","Parque Estadual Furnas do Bom Jesus."
"PARQUE ESTADUAL FURNAS DO BOM JESUS","Angiosperms","Fabaceae","Machaerium","aculeatum","Raddi","FABACEAE Machaerium aculeatum Raddi","SPSF00016082","Splink","SPSF",,,"Native","Latão","High","Parque Estadual Furnas do Bom Jesus."
"PARQUE ESTADUAL FURNAS DO BOM JESUS","Angiosperms","Fabaceae","Machaerium","acutifolium","Vogel","FABACEAE Machaerium acutifolium Vogel","SPSF00036751","Splink","SPSF",,"1061","Native","Ouro","High","Parque Estadual das Furnas do Bom Jesus"
"PARQUE ESTADUAL FURNAS DO BOM JESUS","Angiosperms","Fabaceae","Machaerium","brasiliense","Vogel","FABACEAE Machaerium brasiliense Vogel","22345","GBIF","SPSF","Macedo, E.E.","97","Native","Ouro","High","Parque Estadual Furnas do Bom Jesus."
"PARQUE ESTADUAL FURNAS DO BOM JESUS","Angiosperms","Fabaceae","Machaerium","opacum","Vogel","FABACEAE Machaerium opacum Vogel","SPSF00016567","Splink","SPSF",,,"Native","Latão","High","Parque Estadual Furnas do Bom Jesus."
"PARQUE ESTADUAL FURNAS DO BOM JESUS","Angiosperms","Fabaceae","Machaerium","villosum","Vogel","FABACEAE Machaerium villosum Vogel","33422","GBIF","FUEL","Macedo, E.E.","273","Native","Prata","High","Parque Estadual das Furnas do Bom Jesus"
"PARQUE ESTADUAL FURNAS DO BOM JESUS","Angiosperms","Fabaceae","Macroptilium","atropurpureum","(Sessé & Moc. ex DC.) Urb.","FABACEAE Macroptilium atropurpureum (Sessé & Moc. ex DC.) Urb.","SPSF00022057","Splink","SPSF",,"74","Naturalized","Bronze","High","Parque Estadual Furnas do Bom Jesus."
"PARQUE ESTADUAL FURNAS DO BOM JESUS","Angiosperms","Fabaceae","Mimosa","digitata","Benth.","FABACEAE Mimosa digitata Benth.","SPSF00036707","Splink","SPSF",,"901","Native","Ouro","High","Parque Estadual das Furnas do Bom Jesus"
"PARQUE ESTADUAL FURNAS DO BOM JESUS","Angiosperms","Fabaceae","Mimosa","distans","Benth.","FABACEAE Mimosa distans Benth.","184566","GBIF","UEC","Sasaki, D.","893","Native","Ouro","High","parque estadual das furnas do bom jesus. Próximo ao encontro dos corregos Pedregulho e Bom jesus."
"PARQUE ESTADUAL FURNAS DO BOM JESUS","Angiosperms","Fabaceae","Mimosa","dolens","Vell.","FABACEAE Mimosa dolens Vell.","SPSF00037898","Splink","SPSF",,"s/n","Native","Ouro","High","Parque Estadual de Furnas do Bom Jesus."
"PARQUE ESTADUAL FURNAS DO BOM JESUS","Angiosperms","Fabaceae","Mimosa","gracilis","Benth.","FABACEAE Mimosa gracilis Benth.","SPSF00036662","Splink","SPSF",,"946","Native","Ouro","High","Parque Estadual das Furnas do Bom Jesus"
"PARQUE ESTADUAL FURNAS DO BOM JESUS","Angiosperms","Fabaceae","Mimosa","radula","Benth.","FABACEAE Mimosa radula Benth.","184571","GBIF","UEC","Sasaki, D.","279","Native","Ouro","High","Parque Estadual das Furnas do Bom Jesus."
"PARQUE ESTADUAL FURNAS DO BOM JESUS","Angiosperms","Fabaceae","Mimosa","setosa","Benth.","FABACEAE Mimosa setosa Benth.","184572","GBIF","UEC","Sasaki, D.","585","Native","Ouro","High","Parque Estadual das Furnas do Bom Jesus"
"PARQUE ESTADUAL FURNAS DO BOM JESUS","Angiosperms","Fabaceae","Mimosa","xanthocentra","Mart.","FABACEAE Mimosa xanthocentra Mart.","RB00164742","GBIF","RB","Macedo, E.E.","86","Native","Ouro","High","P.E. DAS FURNAS DO BOM JESUS, PRÓXIMO DA CACHOEIRA DO CHALÉ."
"PARQUE ESTADUAL FURNAS DO BOM JESUS","Angiosperms","Fabaceae","Piptadenia","gonoacantha","(Mart.) J.F.Macbr.","FABACEAE Piptadenia gonoacantha (Mart.) J.F.Macbr.","SPSF00017984","Splink","SPSF",,"149","Native","Ouro","High","Parque Estadual Furnas do Bom Jesus."
"PARQUE ESTADUAL FURNAS DO BOM JESUS","Angiosperms","Fabaceae","Plathymenia","reticulata","Benth.","FABACEAE Plathymenia reticulata Benth.","SPSF00036663","Splink","SPSF",,"438","Native","Ouro","High","Parque Estadual das Furnas do Bom Jesus"
"PARQUE ESTADUAL FURNAS DO BOM JESUS","Angiosperms","Fabaceae","Platypodium","elegans","Vogel","FABACEAE Platypodium elegans Vogel","23396","GBIF","SPSF","Macedo, E.E.",,"Native","Prata","High","Parque Estadual das Furnas do Bom Jesus"
"PARQUE ESTADUAL FURNAS DO BOM JESUS","Angiosperms","Fabaceae","Poiretia","latifolia","Vogel","FABACEAE Poiretia latifolia Vogel","172630","GBIF","SPF","Sasaki, D.","968","Native","Ouro","High","Parque Estadual das Furnas do Bom Jesus"
"PARQUE ESTADUAL FURNAS DO BOM JESUS","Angiosperms","Fabaceae","Pterodon","pubescens","(Benth.) Benth.","FABACEAE Pterodon pubescens (Benth.) Benth.","SPSF00036748","Splink","SPSF",,"702","Native","Ouro","High","Parque Estadual das Furnas do Bom Jesus"
"PARQUE ESTADUAL FURNAS DO BOM JESUS","Angiosperms","Fabaceae","Senegalia","polyphylla","(DC.) Britton & Rose","FABACEAE Senegalia polyphylla (DC.) Britton & Rose","259878","GBIF","MBM","Macedo, E.E.","144","Native","Ouro","High","P. E. Furnas do Bom Jesus,em fundo de vale."
"PARQUE ESTADUAL FURNAS DO BOM JESUS","Angiosperms","Fabaceae","Senna","hirsuta","(L.) H.S.Irwin & Barneby","FABACEAE Senna hirsuta (L.) H.S.Irwin & Barneby","309977","GBIF","SP","Ferreira, W.M.","855","Native","Ouro","High","Parque Estadual Furnas do Bom Jesus, Vertente das furnas com vegetação de mata"
"PARQUE ESTADUAL FURNAS DO BOM JESUS","Angiosperms","Fabaceae","Senna","obtusifolia","(L.) H.S.Irwin & Barneby","FABACEAE Senna obtusifolia (L.) H.S.Irwin & Barneby","SPSF00017965","Splink","SPSF",,"125","Native","Ouro","High","Parque Estadual Furnas do Bom Jesus."
"PARQUE ESTADUAL FURNAS DO BOM JESUS","Angiosperms","Fabaceae","Senna","occidentalis","(L.) Link","FABACEAE Senna occidentalis (L.) Link","UEC107778","Splink","UEC",,"143","Native","Ouro","High","Parque Estadual das Furnas do Bom Jesus"
"PARQUE ESTADUAL FURNAS DO BOM JESUS","Angiosperms","Fabaceae","Senna","pendula","(Humb.& Bonpl.ex Willd.) H.S.Irwin & Barneby","FABACEAE Senna pendula (Humb.& Bonpl.ex Willd.) H.S.Irwin & Barneby","172584","GBIF","SPF","Sasaki, D.","929","Native","Ouro","High","Parque Estadual das Furnas do Bom Jesus"
"PARQUE ESTADUAL FURNAS DO BOM JESUS","Angiosperms","Fabaceae","Senna","pilifera","(Vogel) H.S.Irwin & Barneby","FABACEAE Senna pilifera (Vogel) H.S.Irwin & Barneby","161587","GBIF","SPF","Sasaki, D.","890","Native","Ouro","High","Parque Estadual das Furnas do Bom Jesus"
"PARQUE ESTADUAL FURNAS DO BOM JESUS","Angiosperms","Fabaceae","Senna","rugosa","(G.Don) H.S.Irwin & Barneby","FABACEAE Senna rugosa (G.Don) H.S.Irwin & Barneby","SPSF00036727","Splink","SPSF",,"1020","Native","Ouro","High","Parque Estadual das Furnas do Bom Jesus"
"PARQUE ESTADUAL FURNAS DO BOM JESUS","Angiosperms","Fabaceae","Senna","silvestris","(Vell.) H.S.Irwin & Barneby","FABACEAE Senna silvestris (Vell.) H.S.Irwin & Barneby","SPSF00027429","Splink","SPSF",,"517","Native","Latão","High","Parque Estadual Furnas do Bom Jesus."
"PARQUE ESTADUAL FURNAS DO BOM JESUS","Angiosperms","Fabaceae","Stryphnodendron","adstringens","(Mart.) Coville","FABACEAE Stryphnodendron adstringens (Mart.) Coville","173905","GBIF","SPF","Junqueira, A.B.","39","Native","Ouro","High","Parque Estadual das Furnas do Bom Jesus"
"PARQUE ESTADUAL FURNAS DO BOM JESUS","Angiosperms","Fabaceae","Stryphnodendron","rotundifolium","Mart.","FABACEAE Stryphnodendron rotundifolium Mart.","SPSF00010854","Splink","SPSF",,"900","Native","Bronze","High","Parque Estadual das Furnas do Bom Jesus - Núcleo Santa Luzia."
"PARQUE ESTADUAL FURNAS DO BOM JESUS","Angiosperms","Fabaceae","Stylosanthes","acuminata","M.B.Ferreira & Sousa Costa","FABACEAE Stylosanthes acuminata M.B.Ferreira & Sousa Costa","SPSF00012305","Splink","SPSF",,"530","Native","Latão","High","Parque Estadual das Furnas do Bom Jesus - Núcleo Santa Luzia."
"PARQUE ESTADUAL FURNAS DO BOM JESUS","Angiosperms","Fabaceae","Stylosanthes","guianensis","(Aubl.) Sw.","FABACEAE Stylosanthes guianensis (Aubl.) Sw.","SPSF00036746","Splink","SPSF",,"447","Native","Ouro","High","Parque Estadual das Furnas do Bom Jesus"
"PARQUE ESTADUAL FURNAS DO BOM JESUS","Angiosperms","Fabaceae","Stylosanthes","viscosa","(L.) Sw.","FABACEAE Stylosanthes viscosa (L.) Sw.","184458","GBIF","UEC","Sasaki, D.","157","Native","Ouro","High","Parque Estadual das Furnas do Bom Jesus"
"PARQUE ESTADUAL FURNAS DO BOM JESUS","Angiosperms","Fabaceae","Tamarindus","indica","L.","FABACEAE Tamarindus indica L.","172585","GBIF","SPF","Sasaki, D.","134","Cultivated","Ouro","High","Parque Estadual das Furnas do Bom Jesus"
"PARQUE ESTADUAL FURNAS DO BOM JESUS","Angiosperms","Fabaceae","Tephrosia","purpurea","(DC.) Brummitt","FABACEAE Tephrosia purpurea subsp. leptostachya (DC.) Brummitt","SPSF00036749","Splink","SPSF",,"511","Unknown","Ouro","High","Parque Estadual das Furnas do Bom Jesus"
"PARQUE ESTADUAL FURNAS DO BOM JESUS","Angiosperms","Fabaceae","Vatairea","macrocarpa","(Benth.) Ducke","FABACEAE Vatairea macrocarpa (Benth.) Ducke","184453","GBIF","UEC","Sasaki, D.","711","Native","Ouro","High","Parque Estadual das Furnas do Bom Jesus"
"PARQUE ESTADUAL FURNAS DO BOM JESUS","Angiosperms","Fabaceae","Zornia","cryptantha","Arechav.","FABACEAE Zornia cryptantha Arechav.","309861","GBIF","SP","Ferreira, W.M.","803","Native","Bronze","High","Parque Estadual das Furnas do Bom Jesus"
"PARQUE ESTADUAL FURNAS DO BOM JESUS","Angiosperms","Fabaceae","Zornia","latifolia","Sm.","FABACEAE Zornia latifolia Sm.","285743","GBIF","SP","Ferreira, W.M.","852","Native","Ouro","High","Parque Estadual Furnas do Bom Jesus"
"PARQUE ESTADUAL FURNAS DO BOM JESUS","Angiosperms","Fabaceae","Zornia","reticulata","Sm.","FABACEAE Zornia reticulata Sm.","2376","GBIF","SPFR","Marcondes-Ferreira, W.","803","Native","Bronze","High","Parque Estadual das Furnas do Bom Jesus"
"PARQUE ESTADUAL FURNAS DO BOM JESUS","Angiosperms","Gentianaceae","Calolisianthus","speciosus","(Cham. & Schltdl.) Gilg","GENTIANACEAE Calolisianthus speciosus (Cham. & Schltdl.) Gilg","SPSF00038440","Splink","SPSF",,,"Native","Ouro","High","Parque Estadual das Furnas do Bom Jesus."
"PARQUE ESTADUAL FURNAS DO BOM JESUS","Angiosperms","Gentianaceae","Chelonanthus","alatus","(Aubl.) Pulle","GENTIANACEAE Chelonanthus alatus (Aubl.) Pulle","SPSF00027401","Splink","SPSF",,"530","Native","Latão","High","Parque Estadual Furnas do Bom Jesus."
"PARQUE ESTADUAL FURNAS DO BOM JESUS","Angiosperms","Gentianaceae","Curtia","tenella","(Mart.) Cham.","GENTIANACEAE Curtia tenella (Mart.) Cham.","172425","GBIF","SPF","Sasaki, D.","409","Native","Bronze","High","Parque Estadual das Furnas do Bom Jesus, Cerrado em encosta próxima ao encontro dos córregos Pedregulho e Bom Jesus."
"PARQUE ESTADUAL FURNAS DO BOM JESUS","Angiosperms","Gentianaceae","Deianira","chiquitana","Herzog","GENTIANACEAE Deianira chiquitana Herzog","541367","Splink","SP",,"2624","Native","Bronze","High","Parque Estadual Furnas do Bom Jesus"
"PARQUE ESTADUAL FURNAS DO BOM JESUS","Angiosperms","Gentianaceae","Deianira","erubescens","Cham. & Schltdl.","GENTIANACEAE Deianira erubescens Cham. & Schltdl.","SPSF00027367","Splink","SPSF",,"515","Native","Latão","High","Parque Estadual Furnas do Bom Jesus."
"PARQUE ESTADUAL FURNAS DO BOM JESUS","Angiosperms","Gentianaceae","Deianira","nervosa","Cham. & Schltdl.","GENTIANACEAE Deianira nervosa Cham. & Schltdl.","RB00113138","GBIF","RB","Sasaki, D.","458","Native","Ouro","High","Parque Estadual das Furnas do Bom Jesus"
"PARQUE ESTADUAL FURNAS DO BOM JESUS","Angiosperms","Gentianaceae","Deianira","pallescens","Cham. & Schltdl.","GENTIANACEAE Deianira pallescens Cham. & Schltdl.","SPF00172430","Splink","SPF",,"460","Native","Bronze","High","Parque Estadual das Furnas do Bom Jesus"
"PARQUE ESTADUAL FURNAS DO BOM JESUS","Angiosperms","Gesneriaceae","Sinningia","canescens","(Mart.) Wiehler","GESNERIACEAE Sinningia canescens (Mart.) Wiehler","22302","GBIF","SPSF","Macedo, E.E.",,"Native","Bronze","High","Parque Estadual Furnas do Bom Jesus"
"PARQUE ESTADUAL FURNAS DO BOM JESUS","Angiosperms","Gesneriaceae","Sinningia","elatior","(Kunth) Chautems","GESNERIACEAE Sinningia elatior (Kunth) Chautems","SPSF00036770","Splink","SPSF",,"979","Native","Ouro","High","Parque Estadual das Furnas do Bom Jesus"
"PARQUE ESTADUAL FURNAS DO BOM JESUS","Angiosperms","Gesneriaceae","Sinningia","piresiana","(Hoehne) Chautems","GESNERIACEAE Sinningia piresiana (Hoehne) Chautems","SPSF00032154","Splink","SPSF",,"275","Native","Ouro","High","Parque Estadual Furnas do Bom Jesus."
"PARQUE ESTADUAL FURNAS DO BOM JESUS","Angiosperms","Hippocrateaceae",,,"R.Br.","HIPPOCRATEACEAE Celastraceae R.Br.","23382","GBIF","SPSF","Macedo, E.E.",,,"Latão","High","Parque Estadual Furnas do Bom Jesus"
"PARQUE ESTADUAL FURNAS DO BOM JESUS","Angiosperms","Iridaceae","Cipura","paludosa","Aubl.","IRIDACEAE Cipura paludosa Aubl.","384623","GBIF","SP","Sasaki, D.","82","Native","Ouro","High","Parque Estadual Furnas do Bom Jesus, Próximo à sede"
"PARQUE ESTADUAL FURNAS DO BOM JESUS","Angiosperms","Iridaceae","Pseudotrimezia","juncifolia","(Klatt) Lovo & A.Gil","IRIDACEAE Pseudotrimezia juncifolia (Klatt) Lovo & A.Gil","SPSF00036722","Splink","SPSF",,"762","Native","Bronze","High","Parque Estadual Furnas do Bom Jesus."
"PARQUE ESTADUAL FURNAS DO BOM JESUS","Angiosperms","Iridaceae","Sisyrinchium","vaginatum","Spreng.","IRIDACEAE Sisyrinchium vaginatum Spreng.","RB00532962","GBIF","RB","Sasaki, D.","389","Native","Ouro","High","Parque estadual das Furnas do Bom Jesus. Cerrado em encosta próxima ao encontro doscórregos Pedregulho e Bom Jesus."
"PARQUE ESTADUAL FURNAS DO BOM JESUS","Angiosperms","Iridaceae","Trimezia","lutea","(Klatt) Foster","IRIDACEAE Trimezia lutea (Klatt) Foster","453829","GBIF","SP","Francener, A.","1295","Native","Bronze","High","Parque Estadual Furnas do Bom Jesus, Núcleo Chapadão"
"PARQUE ESTADUAL FURNAS DO BOM JESUS","Angiosperms","Lacistemataceae","Lacistema","hasslerianum","Chodat","LACISTEMATACEAE Lacistema hasslerianum Chodat","SPSF00017972","Splink","SPSF",,"138","Native","Ouro","High","Parque Estadual Furnas do Bom Jesus."
"PARQUE ESTADUAL FURNAS DO BOM JESUS","Angiosperms","Lamiaceae","Aegiphila","integrifolia","(Jacq.) Moldenke","LAMIACEAE Aegiphila integrifolia (Jacq.) Moldenke","23334","GBIF","SPSF","Macedo, E.E.","281","Native","Latão","High","Parque Estadual Furnas do Bom Jesus."
"PARQUE ESTADUAL FURNAS DO BOM JESUS","Angiosperms","Lamiaceae","Aegiphila","verticillata","Vell.","LAMIACEAE Aegiphila verticillata Vell.","SPSF00017957","Splink","SPSF",,"111B","Native","Bronze","High","Parque Estadual das Furnas do Bom Jesus - Núcleo Santa Luzia."
"PARQUE ESTADUAL FURNAS DO BOM JESUS","Angiosperms","Lamiaceae","Cantinoa","carpinifolia","(Benth.) Harley & J.F.B.Pastore","LAMIACEAE Cantinoa carpinifolia (Benth.) Harley & J.F.B.Pastore","172543","GBIF","SPF","Sasaki, D.","640","Native","Ouro","High","Parque Estadual das Furnas do Bom Jesus"
"PARQUE ESTADUAL FURNAS DO BOM JESUS","Angiosperms","Lamiaceae","Cantinoa","plectranthoides","(Benth.) Harley & J.F.B.Pastore","LAMIACEAE Cantinoa plectranthoides (Benth.) Harley & J.F.B.Pastore","23327","GBIF","SPSF","Macedo, E.E.","298","Native","Bronze","High","Parque Estadual Furnas do Bom Jesus."
"PARQUE ESTADUAL FURNAS DO BOM JESUS","Angiosperms","Lamiaceae","Cyanocephalus","rugosus","(Benth.) Harley & J.F.B.Pastore","LAMIACEAE Cyanocephalus rugosus (Benth.) Harley & J.F.B.Pastore","172549","GBIF","SPF","Sasaki, D.","612","Native","Ouro","High","Parque Estadual das Furnas do Bom Jesus"
"PARQUE ESTADUAL FURNAS DO BOM JESUS","Angiosperms","Lamiaceae","Eriope","crassipes","Benth.","LAMIACEAE Eriope crassipes Benth.","172534","GBIF","SPF","Sasaki, D.","814","Native","Ouro","High","Parque Estadual das Furnas do Bom Jesus, Cerrado de encosta próxima ao encontro dos córregos Pedregulho e Bom Jesus. Solo areno-pedregoso com afloramentos rochosos."
"PARQUE ESTADUAL FURNAS DO BOM JESUS","Angiosperms","Lamiaceae","Gymneia","virgata","(Benth.) Harley & J.F.B.Pastore","LAMIACEAE Gymneia virgata (Benth.) Harley & J.F.B.Pastore","172555","GBIF","SPF","Sasaki, D.","961","Native","Ouro","High","Parque Estadual das Furnas do Bom Jesus"
"PARQUE ESTADUAL FURNAS DO BOM JESUS","Angiosperms","Lamiaceae","Hypenia","reticulata","(Mart. ex Benth.) Harley","LAMIACEAE Hypenia reticulata (Mart. ex Benth.) Harley","172536","GBIF","SPF","Sasaki, D.","507","Native","Ouro","High","Parque Estadual das Furnas do Bom Jesus"
"PARQUE ESTADUAL FURNAS DO BOM JESUS","Angiosperms","Lamiaceae","Hyptidendron","canum","(Pohl ex Benth.) Harley","LAMIACEAE Hyptidendron canum (Pohl ex Benth.) Harley","SPSF00036764","Splink","SPSF",,"628","Native","Ouro","High","Parque Estadual das Furnas do Bom Jesus"
"PARQUE ESTADUAL FURNAS DO BOM JESUS","Angiosperms","Lamiaceae","Hyptis","alpestris","A.St.-Hil. ex Benth.","LAMIACEAE Hyptis alpestris A.St.-Hil. ex Benth.","164505","GBIF","HUEFS","Macedo, E.E.","37845","Native","Ouro","High","Parque Estadual das Furnas do Bom Jesus"
"PARQUE ESTADUAL FURNAS DO BOM JESUS","Angiosperms","Lamiaceae","Hyptis","campestris","Harley & J.F.B.Pastore","LAMIACEAE Hyptis campestris Harley & J.F.B.Pastore","SPSF00009239","Splink","SPSF",,,"Native","Prata","High","Parque Estadual das Furnas do Bom Jesus - Núcleo Santa Luzia."
"PARQUE ESTADUAL FURNAS DO BOM JESUS","Angiosperms","Lamiaceae","Hyptis","lantanifolia","Poit.","LAMIACEAE Hyptis lantanifolia Poit.","172544","GBIF","SPF","Sasaki, D.","117","Native","Ouro","High","Parque Estadual das Furnas do Bom Jesus"
"PARQUE ESTADUAL FURNAS DO BOM JESUS","Angiosperms","Lamiaceae","Hyptis","lutescens","Pohl ex Benth.","LAMIACEAE Hyptis lutescens Pohl ex Benth.","SPSF00036765","Splink","SPSF",,"977","Native","Ouro","High","Parque Estadual das Furnas do Bom Jesus. Cerrado em encosta próxima ao encontro dos corregos Pedregulhos e Bom Jesus."
"PARQUE ESTADUAL FURNAS DO BOM JESUS","Angiosperms","Lamiaceae","Hyptis","marrubioides","Epling","LAMIACEAE Hyptis marrubioides Epling","CESJ051826","Splink","CESJ",,"s.n.","Native","Ouro","High","Parque Estadual das Furnas do Bom Jesus, Núcleo de Santa Luzia. 20º13' S, 47º26' W."
"PARQUE ESTADUAL FURNAS DO BOM JESUS","Angiosperms","Lamiaceae","Hyptis","recurvata","Poit.","LAMIACEAE Hyptis recurvata Poit.","SPSF00021775","Splink","SPSF",,"102A","Native","Bronze","High","Parque Estadual Furnas do Bom Jesus."
"PARQUE ESTADUAL FURNAS DO BOM JESUS","Angiosperms","Lamiaceae","Hyptis","sericea","Benth.","LAMIACEAE Hyptis sericea Benth.","SPSF00036742","Splink","SPSF",,"407","Native","Ouro","High","Parque Estadual das Furnas do Bom Jesus"
"PARQUE ESTADUAL FURNAS DO BOM JESUS","Angiosperms","Lamiaceae","Leonotis","nepetifolia","(L.) R.Br.","LAMIACEAE Leonotis nepetifolia (L.) R.Br.","SPSF00022155","Splink","SPSF",,"168","Naturalized","Latão","High","Parque Estadual Furnas do Bom Jesus."
"PARQUE ESTADUAL FURNAS DO BOM JESUS","Angiosperms","Lamiaceae","Leonurus","japonicus","Houtt.","LAMIACEAE Leonurus japonicus Houtt.","33218","GBIF","FUEL","Macedo, E.E.","260","Naturalized","Prata","High","Parque Estadual Furnas do Bom Jesus."
"PARQUE ESTADUAL FURNAS DO BOM JESUS","Angiosperms","Lamiaceae","Mesosphaerum","suaveolens","(L.) Kuntze","LAMIACEAE Mesosphaerum suaveolens (L.) Kuntze","HJBOP0001811","Splink","HJBOP",,"1725","Native","Latão","High","Parque Estadual Furnas do Bom Jesus."
"PARQUE ESTADUAL FURNAS DO BOM JESUS","Angiosperms","Lamiaceae","Ocimum","gratissimum","L.","LAMIACEAE Ocimum gratissimum L.","RB00485825","GBIF","RB","Junqueira, A.B.","191","Naturalized","Ouro","High","Parque Estadual das Furnas do Bom Jesus, núcleo Chapadão."
"PARQUE ESTADUAL FURNAS DO BOM JESUS","Angiosperms","Lamiaceae","Rhabdocaulon","denudatum","(Benth.) Epling","LAMIACEAE Rhabdocaulon denudatum (Benth.) Epling","SPSF00036733","Splink","SPSF",,"178","Native","Ouro","High","Parque Estadual das Furnas do Bom Jesus"
"PARQUE ESTADUAL FURNAS DO BOM JESUS","Angiosperms","Lamiaceae","Salvia","minarum","Briq.","LAMIACEAE Salvia minarum Briq.","172562","GBIF","SPF","Sasaki, D.","404","Native","Ouro","High","Parque Estadual das Furnas do Bom Jesus"
"PARQUE ESTADUAL FURNAS DO BOM JESUS","Angiosperms","Lamiaceae","Salvia","secunda","Benth.","LAMIACEAE Salvia secunda Benth.","299311B","Splink","SP",,"856","Native","Bronze","High","Parque Estadual das Furnas do Bom Jesus"
"PARQUE ESTADUAL FURNAS DO BOM JESUS","Angiosperms","Lamiaceae","Salvia","tomentella","Pohl","LAMIACEAE Salvia tomentella Pohl","SPSF00036721","Splink","SPSF",,"107","Native","Ouro","High","Parque Estadual das Furnas do Bom Jesus"
"PARQUE ESTADUAL FURNAS DO BOM JESUS","Angiosperms","Lamiaceae","Vitex","polygama","Cham.","LAMIACEAE Vitex polygama Cham.","22342","GBIF","SPSF","Macedo, E.E.","92","Native","Bronze","High","Parque Estadual das Furnas do Bom Jesus, 20º13' S, 47º26' W"
"PARQUE ESTADUAL FURNAS DO BOM JESUS","Angiosperms","Lauraceae","Cassytha","filiformis","L.","LAURACEAE Cassytha filiformis L.","172565","GBIF","SPF","Sasaki, D.","907","Native","Bronze","High","Parque Estadual das Furnas do Bom Jesus"
"PARQUE ESTADUAL FURNAS DO BOM JESUS","Angiosperms","Lauraceae","Nectandra","grandiflora","Nees & Mart","LAURACEAE Nectandra grandiflora Nees & Mart","37182","GBIF","SPSF","Guerin, N.","50","Native","Ouro","Low","P.E.F.B.J. Núcleo Chapadão"
"PARQUE ESTADUAL FURNAS DO BOM JESUS","Angiosperms","Lauraceae","Nectandra","megapotamica","(Spreng.) Mez","LAURACEAE Nectandra megapotamica (Spreng.) Mez","35052","GBIF","SPSF","Guillaumon, J.R.",,"Native","Ouro","High","Parque Estadual Furnas do Bom Jesus"
"PARQUE ESTADUAL FURNAS DO BOM JESUS","Angiosperms","Lauraceae","Nectandra","oppositifolia","Nees & Mart.","LAURACEAE Nectandra oppositifolia Nees & Mart.","SPSF00021770","Splink","SPSF",,"49","Native","Latão","High","Parque Estadual Furnas do Bom Jesus."
"PARQUE ESTADUAL FURNAS DO BOM JESUS","Angiosperms","Lauraceae","Ocotea","pulchella","(Nees & Mart.) Mez","LAURACEAE Ocotea pulchella (Nees & Mart.) Mez","31967","GBIF","SPSF","Macedo, E.E.","193","Native","Latão","High","Parque Estadual Furnas do Bom Jesus."
"PARQUE ESTADUAL FURNAS DO BOM JESUS","Angiosperms","Lentibulariaceae","Genlisea","filiformis","A.St.-Hil.","LENTIBULARIACEAE Genlisea filiformis A.St.-Hil.","172644","GBIF","SPF","Sasaki, D.","168","Native","Ouro","High","Parque Estadual das Furnas do Bom Jesus"
"PARQUE ESTADUAL FURNAS DO BOM JESUS","Angiosperms","Lentibulariaceae","Utricularia","amethystina","Salzm. ex A.St.-Hil. & Girard","LENTIBULARIACEAE Utricularia amethystina Salzm. ex A.St.-Hil. & Girard","180132","GBIF","SPF","Rivadavia, F.","2181","Native","Bronze","High","Beirando o Parque Estadual Furnas do Bom Jesus"
"PARQUE ESTADUAL FURNAS DO BOM JESUS","Angiosperms","Lentibulariaceae","Utricularia","nana","A.St.-Hil. & Girard","LENTIBULARIACEAE Utricularia nana A.St.-Hil. & Girard","180182","GBIF","SPF","Rivadavia, F.","2179","Native","Ouro","High","Parque Estadual das Furnas do Bom Jesus"
"PARQUE ESTADUAL FURNAS DO BOM JESUS","Angiosperms","Lentibulariaceae","Utricularia","nervosa","Weber ex Benj.","LENTIBULARIACEAE Utricularia nervosa Weber ex Benj.","180208","GBIF","SPF","Rivadavia, F.","2180","Native","Ouro","High","Parque Estadual das Furnas do Bom Jesus"
"PARQUE ESTADUAL FURNAS DO BOM JESUS","Angiosperms","Loranthaceae","Psittacanthus","robustus","(Mart.) Mart.","LORANTHACEAE Psittacanthus robustus (Mart.) Mart.","541356","Splink","SP",,"2613","Native","Bronze","High","Parque Estadual Furnas do Bom Jesus, Capão Redondo, Neca Preto"
"PARQUE ESTADUAL FURNAS DO BOM JESUS","Angiosperms","Loranthaceae","Struthanthus","polyanthus","(Mart.) Mart.","LORANTHACEAE Struthanthus polyanthus (Mart.) Mart.","SPSF00036769","Splink","SPSF",,"1060","Native","Ouro","High","Parque Estadual das Furnas do Bom Jesus"
"PARQUE ESTADUAL FURNAS DO BOM JESUS","Ferns and Lycophytes","Lycopodiaceae","Palhinhaea","camporum","(B. Øllg. & P.G. Windisch) Holub","LYCOPODIACEAE Palhinhaea camporum (B. Øllg. & P.G. Windisch) Holub","SPSF00017960","Splink","SPSF",,,"Native","Bronze","High","Parque Estadual das Furnas do Bom Jesus."
"PARQUE ESTADUAL FURNAS DO BOM JESUS","Ferns and Lycophytes","Lygodiaceae","Lygodium","venustum","Sw.","LYGODIACEAE Lygodium venustum Sw.","SPSF00021803","Splink","SPSF",,"3A","Native","Bronze","High","Parque Estadual Furnas do Bom Jesus."
"PARQUE ESTADUAL FURNAS DO BOM JESUS","Angiosperms","Lythraceae","Cuphea","carthagenensis","(Jacq.) J.F.Macbr.","LYTHRACEAE Cuphea carthagenensis (Jacq.) J.F.Macbr.","SPSF00027412","Splink","SPSF",,"541","Native","Prata","High","Parque Estadual Furnas do Bom Jesus."
"PARQUE ESTADUAL FURNAS DO BOM JESUS","Angiosperms","Lythraceae","Cuphea","linarioides","Cham. & Schltdl.","LYTHRACEAE Cuphea linarioides Cham. & Schltdl.","51416","GBIF","CEN","Sasaki, D.","774","Native","Ouro","High","Parque Estadual das Furnas do Bom Jesus. Campo sujo próximo à sede, abaixo da estrada de terra."
"PARQUE ESTADUAL FURNAS DO BOM JESUS","Angiosperms","Lythraceae","Cuphea","lutescens","Pohl ex Koehne","LYTHRACEAE Cuphea lutescens Pohl ex Koehne","SPSF00036701","Splink","SPSF",,"870","Native","Ouro","High","Parque Estadual das Furnas do Bom Jesus. Cerrado em encosta próxima ao encontro dos córregos Pedregulho e Bom Jesus."
"PARQUE ESTADUAL FURNAS DO BOM JESUS","Angiosperms","Lythraceae","Cuphea","thymoides","Cham. & Schltdl.","LYTHRACEAE Cuphea thymoides Cham. & Schltdl.","SPSF00036702","Splink","SPSF",,"392","Native","Ouro","High","Parque Estadual das Furnas do Bom Jesus. Cerrado em encosta próxima ao encontro dos córregos Pedregulho e Bom Jesus."
"PARQUE ESTADUAL FURNAS DO BOM JESUS","Angiosperms","Lythraceae","Diplusodon","ovatus","Pohl","LYTHRACEAE Diplusodon ovatus Pohl","SPSF00036699","Splink","SPSF",,"546","Native","Ouro","High","Parque Estadual Furnas do Bom Jesus."
"PARQUE ESTADUAL FURNAS DO BOM JESUS","Angiosperms","Lythraceae","Diplusodon","sessiliflorus","Koehne","LYTHRACEAE Diplusodon sessiliflorus Koehne","58812","GBIF","SPSF","Campos, B.H.","345","Native","Prata","High","Parque Estadual das Furnas do Bom Jesus"
"PARQUE ESTADUAL FURNAS DO BOM JESUS","Angiosperms","Lythraceae","Diplusodon","villosissimus","Pohl","LYTHRACEAE Diplusodon villosissimus Pohl","SPSF00036689","Splink","SPSF",,"306","Native","Ouro","High","Parque Estadual das Furnas do Bom Jesus. Campo sujo próximo à sede, abaixo da estrada de terra."
"PARQUE ESTADUAL FURNAS DO BOM JESUS","Angiosperms","Lythraceae","Diplusodon","virgatus","Pohl","LYTHRACEAE Diplusodon virgatus Pohl","SPSF00036700","Splink","SPSF",,"425","Native","Ouro","High","Parque Estadual Furnas do Bom Jesus, encosta próximo ao encontro dos córregos Pedregulho e Bom Jesus"
"PARQUE ESTADUAL FURNAS DO BOM JESUS","Angiosperms","Lythraceae","Lafoensia","pacari","A.St.-Hil.","LYTHRACEAE Lafoensia pacari A.St.-Hil.","172680","GBIF","SPF","Sasaki, D.","254","Native","Ouro","High","Parque Estadual das Furnas do Bom Jesus"
"PARQUE ESTADUAL FURNAS DO BOM JESUS","Angiosperms","Magnoliaceae","Magnolia","ovata","(A.St.-Hil.) Spreng.","MAGNOLIACEAE Magnolia ovata (A.St.-Hil.) Spreng.","SPSF00016065","Splink","SPSF",,"s/n","Native","Bronze","High","Parque Estadual Furnas do Bom Jesus."
"PARQUE ESTADUAL FURNAS DO BOM JESUS","Angiosperms","Malpighiaceae","Banisteriopsis","argyrophylla","(A.Juss.) B.Gates","MALPIGHIACEAE Banisteriopsis argyrophylla (A.Juss.) B.Gates","SP120927","Splink","SP",,"52","Native","Ouro","High","Parque Estadual Furnas do Bom Jesus, Cerrado próximo à sede, abaixo da estrada de terra"
"PARQUE ESTADUAL FURNAS DO BOM JESUS","Angiosperms","Malpighiaceae","Banisteriopsis","campestris","(A.Juss.) Little","MALPIGHIACEAE Banisteriopsis campestris (A.Juss.) Little","446702","GBIF","SP","Francener, A.","1280","Native","Ouro","High","Parque Estadual Furnas do Bom Jesus, Trilha do Chalé"
"PARQUE ESTADUAL FURNAS DO BOM JESUS","Angiosperms","Malpighiaceae","Banisteriopsis","laevifolia","(A.Juss.) B.Gates","MALPIGHIACEAE Banisteriopsis laevifolia (A.Juss.) B.Gates","SPSF00016093","Splink","SPSF",,,"Native","Ouro","High","Parque Estadual Furnas do Bom Jesus."
"PARQUE ESTADUAL FURNAS DO BOM JESUS","Angiosperms","Malpighiaceae","Banisteriopsis","megaphylla","(A.Juss.) B.Gates","MALPIGHIACEAE Banisteriopsis megaphylla (A.Juss.) B.Gates","49538","GBIF","CGMS","Francener, A.","1301","Native","Ouro","High","Parque Estadual das Furnas do Bom Jesus, no núcleo Chapadão."
"PARQUE ESTADUAL FURNAS DO BOM JESUS","Angiosperms","Malpighiaceae","Banisteriopsis","oxyclada","(A.Juss.) B.Gates","MALPIGHIACEAE Banisteriopsis oxyclada (A.Juss.) B.Gates","SPSF00027391","Splink","SPSF",,"532","Native","Ouro","High","Parque Estadual Furnas do Bom Jesus."
"PARQUE ESTADUAL FURNAS DO BOM JESUS","Angiosperms","Malpighiaceae","Banisteriopsis","stellaris","(Griseb.) B.Gates","MALPIGHIACEAE Banisteriopsis stellaris (Griseb.) B.Gates","SPSF00036691","Splink","SPSF",,"430","Native","Ouro","High","Parque Estadual das Furnas do Bom Jesus, Cerrado em encosta próxima ao encontro dos córregos Pedregulho e Bom Jesus. Solo areno-pedregoso com afloramentos rochosos."
"PARQUE ESTADUAL FURNAS DO BOM JESUS","Angiosperms","Malpighiaceae","Banisteriopsis","variabilis","B.Gates","MALPIGHIACEAE Banisteriopsis variabilis B.Gates","SORO013887","Splink","SORO",,"29 B","Native","Latão","High","Parque Estadual Furnas do Bom Jesus."
"PARQUE ESTADUAL FURNAS DO BOM JESUS","Angiosperms","Malpighiaceae","Bunchosia","armeniaca","(Cav.) DC.","MALPIGHIACEAE Bunchosia armeniaca (Cav.) DC.","173910","GBIF","SPF","Junqueira, A.B.","154","Native","Ouro","High","Propriedade do Sr. Euclides Brentini, vizinha ao Parque Estadual das Furnas do Bom Jesus. Quintal da casa."
"PARQUE ESTADUAL FURNAS DO BOM JESUS","Angiosperms","Malpighiaceae","Byrsonima","clausseniana","A.Juss.","MALPIGHIACEAE Byrsonima clausseniana A.Juss.","36624","GBIF","SPSF","Sasaki, D.","873","Native","Ouro","High","Parque Estadual Furnas do Bom Jesus"
"PARQUE ESTADUAL FURNAS DO BOM JESUS","Angiosperms","Malpighiaceae","Byrsonima","coccolobifolia","Kunth","MALPIGHIACEAE Byrsonima coccolobifolia Kunth","172697","GBIF","SPF","Sasaki, D.","1064","Native","Ouro","High","Parque Estadual das Furnas do Bom Jesus, Campo sujo próximo à sede, abaixo da estrada de terra. solo areno-pedregoso."
"PARQUE ESTADUAL FURNAS DO BOM JESUS","Angiosperms","Malpighiaceae","Byrsonima","crassifolia","(L.) Kunth","MALPIGHIACEAE Byrsonima crassifolia (L.) Kunth","173912","GBIF","SPF","Junqueira, A.B.","156","Native","Ouro","High","Parque Estadual das Furnas do Bom Jesus, Cerrado. Estrada próximo à sede do parque, em direção à trilha da cachoeira do chalé."
"PARQUE ESTADUAL FURNAS DO BOM JESUS","Angiosperms","Malpighiaceae","Byrsonima","guilleminiana","A.Juss.","MALPIGHIACEAE Byrsonima guilleminiana A.Juss.","23176","GBIF","SPSF","Macedo, E.E.","25A","Native","Ouro","High","Parque Estadual das Furnas do Bom Jesus."
"PARQUE ESTADUAL FURNAS DO BOM JESUS","Angiosperms","Malpighiaceae","Byrsonima","intermedia","A.Juss.","MALPIGHIACEAE Byrsonima intermedia A.Juss.","172700","GBIF","SPF","Sasaki, D.","280","Native","Ouro","High","Parque Estadual das Furnas do Bom Jesus, Campo sujo próximo à sede, abaixo da estrada de terra. solo areno-pedregoso."
"PARQUE ESTADUAL FURNAS DO BOM JESUS","Angiosperms","Malpighiaceae","Byrsonima","pachyphylla","A.Juss.","MALPIGHIACEAE Byrsonima pachyphylla A.Juss.","SPSF00036604","Splink","SPSF",,"449","Native","Ouro","High","Parque Estadual Furnas do Bom Jesus"
"PARQUE ESTADUAL FURNAS DO BOM JESUS","Angiosperms","Malpighiaceae","Byrsonima","paulista","A.Juss.","MALPIGHIACEAE Byrsonima paulista A.Juss.","369552","GBIF","SP","Sebastiani, R.","48","Native","Ouro","High","Parque Estadual Furnas do Bom Jesus"
"PARQUE ESTADUAL FURNAS DO BOM JESUS","Angiosperms","Malpighiaceae","Byrsonima","rigida","A.Juss.","MALPIGHIACEAE Byrsonima rigida A.Juss.","446700","GBIF","SP","Francener, A.","1286","Native","Ouro","High","Parque Estadual Furnas do Bom Jesus, Trilha do Chalé"
"PARQUE ESTADUAL FURNAS DO BOM JESUS","Angiosperms","Malpighiaceae","Byrsonima","verbascifolia","(L.) DC.","MALPIGHIACEAE Byrsonima verbascifolia (L.) DC.","36603","GBIF","SPSF","Sasaki, D.","595a","Native","Ouro","High","Parque Estadual Furnas do Bom Jesus"
"PARQUE ESTADUAL FURNAS DO BOM JESUS","Angiosperms","Malpighiaceae","Camarea","affinis","A.St.-Hil.","MALPIGHIACEAE Camarea affinis A.St.-Hil.","446704","GBIF","SP","Francener, A.","1277","Native","Ouro","High","Parque Estadual Furnas do Bom Jesus, Trilha do Chalé"
"PARQUE ESTADUAL FURNAS DO BOM JESUS","Angiosperms","Malpighiaceae","Camarea","ericoides","A.St.-Hil.","MALPIGHIACEAE Camarea ericoides A.St.-Hil.","172710","GBIF","SPF","Sasaki, D.","758","Native","Ouro","High","Parque Estadual das Furnas do Bom Jesus, Campo sujo próximo à sede, abaixo da estrada de terra. Solo arenoso-pedregoso."
"PARQUE ESTADUAL FURNAS DO BOM JESUS","Angiosperms","Malpighiaceae","Diplopterys","pubipetala","(A.Juss.) W.R.Anderson & C.C.Davis","MALPIGHIACEAE Diplopterys pubipetala (A.Juss.) W.R.Anderson & C.C.Davis","172687","GBIF","SPF","Sasaki, D.","677","Native","Ouro","High","Parque Estadual das Furnas do Bom Jesus, Cerrado em encosta próxima ao encontro dos córregos Pedregulho e Bom Jesus. Solo areno-pedregoso com afloramentos rochosos."
"PARQUE ESTADUAL FURNAS DO BOM JESUS","Angiosperms","Malpighiaceae","Galphimia","australis","Chodat","MALPIGHIACEAE Galphimia australis Chodat","172719","GBIF","SPF","Sasaki, D.","868","Native","Ouro","High","Parque Estadual das Furnas do Bom Jesus, Cerrado em encosta próxima ao encontro dos córregos Pedregulho e Bom Jesus. Solo areno-pedregoso com afloramentos rochosos."
"PARQUE ESTADUAL FURNAS DO BOM JESUS","Angiosperms","Malpighiaceae","Galphimia","brasiliensis","(L.) A.Juss.","MALPIGHIACEAE Galphimia brasiliensis (L.) A.Juss.","172718","GBIF","SPF","Sasaki, D.","800","Native","Ouro","High","Parque Estadual das Furnas do Bom Jesus, Cerrado em encosta próxima ao encontro dos córregos Pedregulho e Bom Jesus. Solo areno-pedregoso com afloramentos rochosos."
"PARQUE ESTADUAL FURNAS DO BOM JESUS","Angiosperms","Malpighiaceae","Glicophyllum","chamaecerasifolium","(A.Juss.) R.F.Almeida","MALPIGHIACEAE Glicophyllum chamaecerasifolium (A.Juss.) R.F.Almeida","172735","GBIF","SPF","Sasaki, D.","706","Native","Ouro","High","Parque Estadual das Furnas do Bom Jesus, Cerrado em encosta próxima ao encontro dos córregos Pedregulho e Bom Jesus. Solo areno-pedregoso com afloramentos rochosos."
"PARQUE ESTADUAL FURNAS DO BOM JESUS","Angiosperms","Malpighiaceae","Glicophyllum","paludosum","(A.Juss.) R.F.Almeida","MALPIGHIACEAE Glicophyllum paludosum (A.Juss.) R.F.Almeida","172734","GBIF","SPF","Sasaki, D.","687","Native","Ouro","High","Parque Estadual das Furnas do Bom Jesus, Campo sujo próximo à sede, abaixo da estrada de terra. solo areno-pedregoso."
"PARQUE ESTADUAL FURNAS DO BOM JESUS","Angiosperms","Malpighiaceae","Glicophyllum","salicifolium","(A.Juss.) R.F.Almeida","MALPIGHIACEAE Glicophyllum salicifolium (A.Juss.) R.F.Almeida","23337","GBIF","SPSF","Macedo, E.E.","290","Native","Latão","High","Parque Estadual Furnas do Bom Jesus."
"PARQUE ESTADUAL FURNAS DO BOM JESUS","Angiosperms","Malpighiaceae","Heteropterys","argyrophaea","A.Juss.","MALPIGHIACEAE Heteropterys argyrophaea A.Juss.","22294","GBIF","SPSF","Macedo, E.E.","254","Native","Ouro","High","Parque Estadual das Furnas do Bom Jesus."
"PARQUE ESTADUAL FURNAS DO BOM JESUS","Angiosperms","Malpighiaceae","Heteropterys","campestris","A.Juss.","MALPIGHIACEAE Heteropterys campestris A.Juss.","SPSF00036683","Splink","SPSF",,"248","Native","Ouro","High","Parque Estadual das Furnas do Bom Jesus, Campo sujo próximo à sede, abaixo da estrada de terra. Solo arenoso-pedregoso."
"PARQUE ESTADUAL FURNAS DO BOM JESUS","Angiosperms","Malpighiaceae","Heteropterys","dumetorum","(Griseb.) Nied.","MALPIGHIACEAE Heteropterys dumetorum (Griseb.) Nied.","23089","GBIF","SPSF","Macedo, E.E.","232","Native","Ouro","High","Parque Estadual Furnas do Bom Jesus."
"PARQUE ESTADUAL FURNAS DO BOM JESUS","Angiosperms","Malpighiaceae","Heteropterys","nervosa","A.Juss.","MALPIGHIACEAE Heteropterys nervosa A.Juss.","22343","GBIF","SPSF","Macedo, E.E.","93","Native","Ouro","High","Parque Estadual Furnas do Bom Jesus."
"PARQUE ESTADUAL FURNAS DO BOM JESUS","Angiosperms","Malpighiaceae","Heteropterys","rhopalifolia","A.Juss.","MALPIGHIACEAE Heteropterys rhopalifolia A.Juss.","173914","GBIF","SPF","Junqueira, A.B.","35","Native","Ouro","High","Parque Estadual das Furnas do Bom Jesus, Cerrado. Estrada próximo à sede do parque, em direção à trilha da cachoeira do chalé."
"PARQUE ESTADUAL FURNAS DO BOM JESUS","Angiosperms","Malpighiaceae","Heteropterys","tomentosa","A.Juss.","MALPIGHIACEAE Heteropterys tomentosa A.Juss.","SPSF00036655","Splink","SPSF",,"500","Native","Ouro","High","Parque Estadual das Furnas do Bom Jesus, Cerrado em encosta próxima ao encontro dos córregos Pedregulho e Bom Jesus. Solo areno-pedregoso com afloramentos rochosos."
"PARQUE ESTADUAL FURNAS DO BOM JESUS","Angiosperms","Malpighiaceae","Heteropterys","umbellata","A.Juss.","MALPIGHIACEAE Heteropterys umbellata A.Juss.","22307","GBIF","SPSF","Macedo, E.E.","159","Native","Latão","High","Parque Estadual Furnas do Bom Jesus."
"PARQUE ESTADUAL FURNAS DO BOM JESUS","Angiosperms","Malpighiaceae","Mascagnia","cordifolia","(A.Juss.) Griseb.","MALPIGHIACEAE Mascagnia cordifolia (A.Juss.) Griseb.","22316","GBIF","SPSF","Macedo, E.E.","1111","Native","Bronze","High","Parque Estadual das Furnas do Bom Jesus."
"PARQUE ESTADUAL FURNAS DO BOM JESUS","Angiosperms","Malpighiaceae","Peixotoa","reticulata","Griseb.","MALPIGHIACEAE Peixotoa reticulata Griseb.","SPSF00038441","Splink","SPSF",,,"Native","Ouro","High","Parque Estadual Furnas do Bom Jesus."
"PARQUE ESTADUAL FURNAS DO BOM JESUS","Angiosperms","Malpighiaceae","Pterandra","pyroidea","A.Juss.","MALPIGHIACEAE Pterandra pyroidea A.Juss.","SPSF00036686","Splink","SPSF",,"686","Native","Ouro","High","Parque Estadual das Furnas do Bom Jesus, Campo sujo próximo à sede, abaixo da estrada de terra. solo areno-pedregoso."
"PARQUE ESTADUAL FURNAS DO BOM JESUS","Angiosperms","Malvaceae","Byttneria","sagittifolia","A. St.-Hil.","MALVACEAE Byttneria sagittifolia A. St.-Hil.","SPSF00036694","Splink","SPSF",,"969","Native","Ouro","High","Parque Estadual das Furnas do Bom Jesus"
"PARQUE ESTADUAL FURNAS DO BOM JESUS","Angiosperms","Malvaceae","Callianthe","macrantha","(A.St.-Hil.) Donnell","MALVACEAE Callianthe macrantha (A.St.-Hil.) Donnell","SPSF00037159","Splink","SPSF",,"27","Native","Bronze","Low","P.E.F.B.J. Núcleo Chapadão."
"PARQUE ESTADUAL FURNAS DO BOM JESUS","Angiosperms","Malvaceae","Corchorus","hirtus","L.","MALVACEAE Corchorus hirtus L.","HPL011366","Splink","HPL",,"87","Native","Bronze","High","Coletado no Parque Estadual das Furnas do Bom Jesus, próximo da Cachoeira do Chalé."
"PARQUE ESTADUAL FURNAS DO BOM JESUS","Angiosperms","Malvaceae","Gossypium","barbadense","L.","MALVACEAE Gossypium barbadense L.","173916","GBIF","SPF","Junqueira, A.B.","148","Naturalized","Ouro","High","Sede da propriedade do Sr. Antonio Zuza de Oliveira e Silvania Aparecida Polo de Oliveira, vizinha ao Parque Estadual das Furnas do Bom Jesus. Alto das furnas, próximo à cachoeira grande. Quintal da casa."
"PARQUE ESTADUAL FURNAS DO BOM JESUS","Angiosperms","Malvaceae","Guazuma","ulmifolia","Lam.","MALVACEAE Guazuma ulmifolia Lam.","SPSF00017992","Splink","SPSF",,"140","Native","Ouro","High","Parque Estadual Furnas do Bom Jesus."
"PARQUE ESTADUAL FURNAS DO BOM JESUS","Angiosperms","Malvaceae","Helicteres","brevispira","A.St.-Hil.","MALVACEAE Helicteres brevispira A.St.-Hil.","23181","GBIF","SPSF","Macedo, E.E.",,"Native","Prata","High","Parque Estadual das Furnas do Bom Jesus"
"PARQUE ESTADUAL FURNAS DO BOM JESUS","Angiosperms","Malvaceae","Helicteres","sacarolha","A.St.-Hil., Juss. & Cambess.","MALVACEAE Helicteres sacarolha A.St.-Hil., Juss. & Cambess.","SPSF00036693","Splink","SPSF",,"439","Native","Ouro","High","Parque Estadual das Furnas do Bom Jesus"
"PARQUE ESTADUAL FURNAS DO BOM JESUS","Angiosperms","Malvaceae","Herissantia","nemoralis","(A.St.-Hil.) Brizicky","MALVACEAE Herissantia nemoralis (A.St.-Hil.) Brizicky","SPSF00022085","Splink","SPSF",,"123","Native","Ouro","High","Parque Estadual Furnas do Bom Jesus."
"PARQUE ESTADUAL FURNAS DO BOM JESUS","Angiosperms","Malvaceae","Hibiscus","sabdariffa","L.","MALVACEAE Hibiscus sabdariffa L.","173917","GBIF","SPF","Junqueira, A.B.","54","Naturalized","Ouro","High","Propriedade do Sr. Euclides Brentini, vizinha ao Parque Estadual das Furnas do Bom Jesus. Quintal da casa."
"PARQUE ESTADUAL FURNAS DO BOM JESUS","Angiosperms","Malvaceae","Krapovickasia","macrodon","(A.DC.) Fryxell","MALVACEAE Krapovickasia macrodon (A.DC.) Fryxell","172736","GBIF","SPF","Sasaki, D.","842","Native","Ouro","High","Parque Estadual das Furnas do Bom Jesus"
"PARQUE ESTADUAL FURNAS DO BOM JESUS","Angiosperms","Malvaceae","Luehea","candicans","Mart.","MALVACEAE Luehea candicans Mart.","172957","GBIF","SPF","Sasaki, D.","829","Native","Ouro","High","Parque Estadual Furnas do Bom Jesus, próximo ao encontro dos córregos Pedregulho e Bom Jesus"
"PARQUE ESTADUAL FURNAS DO BOM JESUS","Angiosperms","Malvaceae","Luehea","divaricata","Mart.","MALVACEAE Luehea divaricata Mart.","SPSF00036695","Splink","SPSF",,"672","Native","Ouro","High","Parque Estadual das Furnas do Bom Jesus"
"PARQUE ESTADUAL FURNAS DO BOM JESUS","Angiosperms","Malvaceae","Luehea","grandiflora","Mart.","MALVACEAE Luehea grandiflora Mart.","172959","GBIF","SPF","Sasaki, D.","502","Native","Ouro","High","Parque Estadual Furnas do Bom Jesus, encosta próxima ao encontro dos córregos Pedregulho e Bom Jesus"
"PARQUE ESTADUAL FURNAS DO BOM JESUS","Angiosperms","Malvaceae","Melochia","pilosa","(Mill.) Fawc. & Rendle","MALVACEAE Melochia pilosa (Mill.) Fawc. & Rendle","172955","GBIF","SPF","Sasaki, D.","428","Native","Ouro","High","Parque Estadual das Furnas do Bom Jesus"
"PARQUE ESTADUAL FURNAS DO BOM JESUS","Angiosperms","Malvaceae","Pavonia","malacophylla","(Link & Otto) Garcke","MALVACEAE Pavonia malacophylla (Link & Otto) Garcke","SPSF00027393","Splink","SPSF",,"536","Native","Latão","High","Parque Estadual Furnas do Bom Jesus."
"PARQUE ESTADUAL FURNAS DO BOM JESUS","Angiosperms","Malvaceae","Pavonia","sagittata","A.St.-Hil.","MALVACEAE Pavonia sagittata A.St.-Hil.","23097","GBIF","SPSF","Macedo, E.E.","220","Native","Latão","High","Parque Estadual Furnas do Bom Jesus."
"PARQUE ESTADUAL FURNAS DO BOM JESUS","Angiosperms","Malvaceae","Peltaea","edouardii","(Hochr.) Krapov. & Cristóbal","MALVACEAE Peltaea edouardii (Hochr.) Krapov. & Cristóbal","172738","GBIF","SPF","Sasaki, D.","912","Native","Ouro","High","Parque Estadual das Furnas do Bom Jesus"
"PARQUE ESTADUAL FURNAS DO BOM JESUS","Angiosperms","Malvaceae","Peltaea","obsita","(Mart. ex Colla) Krapov. & Cristóbal","MALVACEAE Peltaea obsita (Mart. ex Colla) Krapov. & Cristóbal","SPSF00027392","Splink","SPSF",,"535","Native","Latão","High","Parque Estadual Furnas do Bom Jesus."
"PARQUE ESTADUAL FURNAS DO BOM JESUS","Angiosperms","Malvaceae","Peltaea","polymorpha","(A.St.-Hil.) Krapov. & Cristóbal","MALVACEAE Peltaea polymorpha (A.St.-Hil.) Krapov. & Cristóbal","162319","GBIF","SPF","Sasaki, D.","832","Native","Ouro","High","Parque Estadual das Furnas do Bom Jesus, Campo sujo próximo à sede, abaixo da estrada de terra."
"PARQUE ESTADUAL FURNAS DO BOM JESUS","Angiosperms","Malvaceae","Peltaea","speciosa","(Kunth) Standl.","MALVACEAE Peltaea speciosa (Kunth) Standl.","172741","GBIF","SPF","Sasaki, D.","947","Native","Ouro","High","Parque Estadual das Furnas do Bom Jesus"
"PARQUE ESTADUAL FURNAS DO BOM JESUS","Angiosperms","Malvaceae","Pseudobombax","marginatum","(A.St.-Hil., Juss. & Cambess.) A.Robyns","MALVACEAE Pseudobombax marginatum (A.St.-Hil., Juss. & Cambess.) A.Robyns","382701","GBIF","SP","Sasaki, D.","985","Native","Ouro","High","Parque Estadual Furnas do Bom Jesus, Encosta próxima ao encontro dos córregos Pedregulho e Bom Jesus"
"PARQUE ESTADUAL FURNAS DO BOM JESUS","Angiosperms","Malvaceae","Pseudobombax","tomentosum","(Mart.) A.Robyns","MALVACEAE Pseudobombax tomentosum (Mart.) A.Robyns","372080","GBIF","SP","Duarte, M.C.","57","Native","Ouro","High","Parque Estadual Furnas do Bom Jesus"
"PARQUE ESTADUAL FURNAS DO BOM JESUS","Angiosperms","Malvaceae","Sida","cerradoensis","Krapov.","MALVACEAE Sida cerradoensis Krapov.","162318","GBIF","SPF","Sasaki, D.","154","Native","Ouro","High","Parque Estadual das Furnas do Bom Jesus"
"PARQUE ESTADUAL FURNAS DO BOM JESUS","Angiosperms","Malvaceae","Sida","linifolia","Cav.","MALVACEAE Sida linifolia Cav.","172742","GBIF","SPF","Sasaki, D.","957","Native","Ouro","High","Parque Estadual das Furnas do Bom Jesus, Campo sujo próximo à sede, abaixo da estrada de terra."
"PARQUE ESTADUAL FURNAS DO BOM JESUS","Angiosperms","Malvaceae","Triumfetta",,"L.","MALVACEAE Triumfetta L.","541351","Splink","SP",,"2608",,"Latão","High","Parque Estadual Furnas do Bom Jesus, Capão Redondo, descida das furnas"
"PARQUE ESTADUAL FURNAS DO BOM JESUS","Angiosperms","Malvaceae","Urena","lobata","L.","MALVACEAE Urena lobata L.","SPSF00022086","Splink","SPSF",,"70a","Native","Latão","High","Parque Estadual Furnas do Bom Jesus."
"PARQUE ESTADUAL FURNAS DO BOM JESUS","Angiosperms","Malvaceae","Waltheria","communis","A.St.-Hil.","MALVACEAE Waltheria communis A.St.-Hil.","23082","GBIF","SPSF","Macedo, E.E.","205","Native","Latão","High","Parque Estadual Furnas do Bom Jesus."
"PARQUE ESTADUAL FURNAS DO BOM JESUS","Angiosperms","Malvaceae","Waltheria","indica","L.","MALVACEAE Waltheria indica L.","SPSF00009245","Splink","SPSF",,,"Native","Bronze","High","Parque Estadual das Furnas do Bom Jesus - Núcleo Santa Luzia."
"PARQUE ESTADUAL FURNAS DO BOM JESUS","Angiosperms","Melastomataceae","Acisanthera","alsinaefolia","(Mart. & Schrank ex DC.) Triana","MELASTOMATACEAE Acisanthera alsinaefolia (Mart. & Schrank ex DC.) Triana","172746","GBIF","SPF","Sasaki, D.","1024","Native","Ouro","High","Parque Estadual das Furnas do Bom Jesus"
"PARQUE ESTADUAL FURNAS DO BOM JESUS","Angiosperms","Melastomataceae","Acisanthera","variabilis","(DC.) Triana","MELASTOMATACEAE Acisanthera variabilis (DC.) Triana","106478","GBIF","UEC","Matsumoto, K.","53","Native","Bronze","High","Parque Estadual Furnas do Bom Jesus."
"PARQUE ESTADUAL FURNAS DO BOM JESUS","Angiosperms","Melastomataceae","Cambessedesia","hilariana","(Kunth) DC.","MELASTOMATACEAE Cambessedesia hilariana (Kunth) DC.","172749","GBIF","SPF","Sasaki, D.","401","Native","Ouro","High","Parque Estadual das Furnas do Bom Jesus"
"PARQUE ESTADUAL FURNAS DO BOM JESUS","Angiosperms","Melastomataceae","Chaetogastra","gracilis","(Bonpl.) DC.","MELASTOMATACEAE Chaetogastra gracilis (Bonpl.) DC.","SPSF00038038","Splink","SPSF",,,"Native","Bronze","High","Parque Estadual Furnas do Bom Jesus."
"PARQUE ESTADUAL FURNAS DO BOM JESUS","Angiosperms","Melastomataceae","Chaetogastra","herbacea","(DC.) P.J.F.Guim. & Michelang.","MELASTOMATACEAE Chaetogastra herbacea (DC.) P.J.F.Guim. & Michelang.","170830","GBIF","UEC","Marcondes-Ferreira, W.","864","Native","Ouro","High","Parque Estadual das Furnas do Bom Jesus. Vertente das furnas com vegetação de mata."
"PARQUE ESTADUAL FURNAS DO BOM JESUS","Angiosperms","Melastomataceae","Leandra","aurea","(Cham.) Cogn.","MELASTOMATACEAE Leandra aurea (Cham.) Cogn.","SPSF00021776","Splink","SPSF",,"100B","Native","Ouro","High","Parque Estadual Furnas do Bom Jesus."
"PARQUE ESTADUAL FURNAS DO BOM JESUS","Angiosperms","Melastomataceae","Leandra","polystachya","(Naudin) Cogn.","MELASTOMATACEAE Leandra polystachya (Naudin) Cogn.","172759","GBIF","SPF","Sasaki, D.","709","Native","Ouro","High","Parque Estadual das Furnas do Bom Jesus"
"PARQUE ESTADUAL FURNAS DO BOM JESUS","Angiosperms","Melastomataceae","Macairea","radula","(Bonpl.) DC.","MELASTOMATACEAE Macairea radula (Bonpl.) DC.","SPSF00036754","Splink","SPSF",,"545","Native","Ouro","High","Parque Estadual Furnas do Bom Jesus."
"PARQUE ESTADUAL FURNAS DO BOM JESUS","Angiosperms","Melastomataceae","Miconia","albicans","(Sw.) Steud.","MELASTOMATACEAE Miconia albicans (Sw.) Steud.","SPSF00036756","Splink","SPSF",,"703","Native","Ouro","High","Parque Estadual das Furnas do Bom Jesus. Cerrado em encosta próxima ao encontro dos córregos Pedregulho e Bom Jesus. Solo areno-pedregoso com afloramentos rochosos."
"PARQUE ESTADUAL FURNAS DO BOM JESUS","Angiosperms","Melastomataceae","Miconia","collatata","Wurdack","MELASTOMATACEAE Miconia collatata Wurdack","73106","GBIF","UPCB","Guerin, N.","69","Native","Ouro","Low","P.E.F.B.J. - Pedra Grande"
"PARQUE ESTADUAL FURNAS DO BOM JESUS","Angiosperms","Melastomataceae","Miconia","elegans","Cogn.","MELASTOMATACEAE Miconia elegans Cogn.","22334","GBIF","SPSF","Macedo, E.E.","53","Native","Latão","High","Parque Estadual Furnas do Bom Jesus."
"PARQUE ESTADUAL FURNAS DO BOM JESUS","Angiosperms","Melastomataceae","Miconia","ibaguensis","(Bonpl.) Triana","MELASTOMATACEAE Miconia ibaguensis (Bonpl.) Triana","SPSF00037294","Splink","SPSF",,"81","Native","Ouro","Low","P.E.F.B.J. Núcleo Neca Pedro, cerrado SS (Sad 69, Zona 23K)."
"PARQUE ESTADUAL FURNAS DO BOM JESUS","Angiosperms","Melastomataceae","Miconia","latecrenata","(DC.) Naudin","MELASTOMATACEAE Miconia latecrenata (DC.) Naudin","SORO013550","Splink","SORO",,"68","Native","Latão","High","Parque Estadual Furnas do Bom Jesus."
"PARQUE ESTADUAL FURNAS DO BOM JESUS","Angiosperms","Melastomataceae","Miconia","lepidota","DC.","MELASTOMATACEAE Miconia lepidota DC.","SORO013494","Splink","SORO",,"41","Native","Latão","High","Parque Estadual Furnas do Bom Jesus."
"PARQUE ESTADUAL FURNAS DO BOM JESUS","Angiosperms","Melastomataceae","Miconia","leucocarpa","DC.","MELASTOMATACEAE Miconia leucocarpa DC.","37373","GBIF","SPSF","Polisel, R.T.","175","Native","Ouro","Low","P.E.F.B.J. Núcleo Chapadão"
"PARQUE ESTADUAL FURNAS DO BOM JESUS","Angiosperms","Melastomataceae","Miconia","minutiflora","(Bonpl.) DC.","MELASTOMATACEAE Miconia minutiflora (Bonpl.) DC.","SPSF00024358","Splink","SPSF",,,"Native","Ouro","High","Parque Estadual das Furnas do Bom Jesus - Núcleo Santa Luzia."
"PARQUE ESTADUAL FURNAS DO BOM JESUS","Angiosperms","Melastomataceae","Miconia","stenostachya","DC.","MELASTOMATACEAE Miconia stenostachya DC.","SPSF00010733","Splink","SPSF",,"1100A","Native","Ouro","High","Parque Estadual das Furnas do Bom Jesus."
"PARQUE ESTADUAL FURNAS DO BOM JESUS","Angiosperms","Melastomataceae","Miconia","theaezans","(Bonpl.) Cogn.","MELASTOMATACEAE Miconia theaezans (Bonpl.) Cogn.","22276","GBIF","SPSF","Macedo, E.E.","192","Native","Latão","High","Parque Estadual Furnas do Bom Jesus."
"PARQUE ESTADUAL FURNAS DO BOM JESUS","Angiosperms","Melastomataceae","Microlicia","euphorbioides","Mart.","MELASTOMATACEAE Microlicia euphorbioides Mart.","172778","GBIF","SPF","Sasaki, D.","418","Native","Ouro","High","Parque Estadual das Furnas do Bom Jesus"
"PARQUE ESTADUAL FURNAS DO BOM JESUS","Angiosperms","Melastomataceae","Microlicia","hirsuta","(DC.) R.Romero, Versiane & Woodgyer","MELASTOMATACEAE Microlicia hirsuta (DC.) R.Romero, Versiane & Woodgyer","172779","GBIF","SPF","Sasaki, D.","1025","Native","Ouro","High","Parque Estadual das Furnas do Bom Jesus"
"PARQUE ESTADUAL FURNAS DO BOM JESUS","Angiosperms","Melastomataceae","Microlicia","minima","Markgr.","MELASTOMATACEAE Microlicia minima Markgr.","184565","GBIF","UEC","Sasaki, D.","958","Native","Latão","High","parque estadual das furnas do bom jesus. campo sujo proximo a sede, abaixo da estrada de terra"
"PARQUE ESTADUAL FURNAS DO BOM JESUS","Angiosperms","Melastomataceae","Microlicia","polystemma","Naudin","MELASTOMATACEAE Microlicia polystemma Naudin","172781","GBIF","SPF","Sasaki, D.","86","Native","Ouro","High","Parque Estadual das Furnas do Bom Jesus"
"PARQUE ESTADUAL FURNAS DO BOM JESUS","Angiosperms","Melastomataceae","Pleroma","candolleanum","(Mart. ex DC.) Triana","MELASTOMATACEAE Pleroma candolleanum (Mart. ex DC.) Triana","SPSF00018023","Splink","SPSF",,,"Native","Bronze","High","Parque Estadual Furnas do Bom Jesus."
"PARQUE ESTADUAL FURNAS DO BOM JESUS","Angiosperms","Melastomataceae","Pleroma","granulosum","(Desr.) D. Don","MELASTOMATACEAE Pleroma granulosum (Desr.) D. Don","HFC004980","Splink","HFC",,"258","Native","Prata","High","Parque Estadual Furnas do Bom Jesus."
"PARQUE ESTADUAL FURNAS DO BOM JESUS","Angiosperms","Melastomataceae","Pleroma","heteromallum","(D.Don) D.Don","MELASTOMATACEAE Pleroma heteromallum (D.Don) D.Don","38493","GBIF","HUFU","Sasaki, D.","414","Native","Ouro","High","Parque Estadual das Furnas do Bom Jesus"
"PARQUE ESTADUAL FURNAS DO BOM JESUS","Angiosperms","Melastomataceae","Pleroma","stenocarpum","(Schrank et Mart. ex DC.) Triana","MELASTOMATACEAE Pleroma stenocarpum (Schrank et Mart. ex DC.) Triana","SPSF00017952","Splink","SPSF",,"118","Native","Bronze","High","Parque Estadual Furnas do Bom Jesus."
"PARQUE ESTADUAL FURNAS DO BOM JESUS","Angiosperms","Melastomataceae","Pleroma","villosissimum","Triana","MELASTOMATACEAE Pleroma villosissimum Triana","99881","GBIF","SPF","Marcondes-Ferreira, W.","840","Native","Bronze","High","Parque Estadual Furnas do Bom Jesus"
"PARQUE ESTADUAL FURNAS DO BOM JESUS","Angiosperms","Melastomataceae","Pterolepis","repanda","(DC.) Triana","MELASTOMATACEAE Pterolepis repanda (DC.) Triana","172785","GBIF","SPF","Sasaki, D.","97","Native","Ouro","High","Parque Estadual das Furnas do Bom Jesus"
"PARQUE ESTADUAL FURNAS DO BOM JESUS","Angiosperms","Melastomataceae","Rhynchanthera","cordata","DC.","MELASTOMATACEAE Rhynchanthera cordata DC.","SPSF00010847","Splink","SPSF",,,"Native","Ouro","High","Parque Estadual das Furnas do Bom Jesus."
"PARQUE ESTADUAL FURNAS DO BOM JESUS","Angiosperms","Melastomataceae","Rhynchanthera","dichotoma","(Desr.) DC.","MELASTOMATACEAE Rhynchanthera dichotoma (Desr.) DC.","84458","GBIF","UEC","Marcondes-Ferreira, W.","844","Native","Ouro","High","Parque Estadual Furnas do Bom Jesus"
"PARQUE ESTADUAL FURNAS DO BOM JESUS","Angiosperms","Melastomataceae","Siphanthera","cordata","Pohl ex DC.","MELASTOMATACEAE Siphanthera cordata Pohl ex DC.","172787","GBIF","SPF","Sasaki, D.","1026","Native","Ouro","High","Parque Estadual das Furnas do Bom Jesus"
"PARQUE ESTADUAL FURNAS DO BOM JESUS","Angiosperms","Melastomataceae","Tibouchina",,"Aubl.","MELASTOMATACEAE Tibouchina Aubl.","17898","GBIF","SPFR","Marcondes-Ferreira, W.","350",,"Bronze","High","Parque Estadual das Furnas de Bom Jesus"
"PARQUE ESTADUAL FURNAS DO BOM JESUS","Angiosperms","Melastomataceae","Trembleya","parviflora","(D.Don) Cogn.","MELASTOMATACEAE Trembleya parviflora (D.Don) Cogn.","SPSF00038037","Splink","SPSF",,,"Native","Prata","High","Parque Estadual Furnas do Bom Jesus."
"PARQUE ESTADUAL FURNAS DO BOM JESUS","Angiosperms","Melastomataceae","Trembleya","phlogiformis","Mart. & Schrank ex DC.","MELASTOMATACEAE Trembleya phlogiformis Mart. & Schrank ex DC.","SPSF00027338","Splink","SPSF",,"502","Native","Ouro","High","Parque Estadual Furnas do Bom Jesus."
"PARQUE ESTADUAL FURNAS DO BOM JESUS","Angiosperms","Meliaceae","Cedrela","fissilis","Vell.","MELIACEAE Cedrela fissilis Vell.","SPSF00027361","Splink","SPSF",,"520","Native","Latão","High","Parque Estadual Furnas do Bom Jesus."
"PARQUE ESTADUAL FURNAS DO BOM JESUS","Angiosperms","Meliaceae","Guarea","guidonia","(L.) Sleumer","MELIACEAE Guarea guidonia (L.) Sleumer","SPSF00021798","Splink","SPSF",,"54","Native","Latão","High","Parque Estadual Furnas do Bom Jesus."
"PARQUE ESTADUAL FURNAS DO BOM JESUS","Angiosperms","Meliaceae","Guarea","kunthiana","A.Juss.","MELIACEAE Guarea kunthiana A.Juss.","219322","GBIF","SPF","Junqueira, A.B.","113","Native","Ouro","High","Parque Estadual das Furnas do Bom Jesus, Trilha nas margens do córrego Bom Jesus, próximo à sede do parque."
"PARQUE ESTADUAL FURNAS DO BOM JESUS","Angiosperms","Meliaceae","Trichilia","clausseni","C.DC.","MELIACEAE Trichilia clausseni C.DC.","25720","GBIF","SPSF","Macedo, E.E.","277","Native","Ouro","High","Parque Estadual das Furnas do Bom Jesus."
"PARQUE ESTADUAL FURNAS DO BOM JESUS","Angiosperms","Meliaceae","Trichilia","elegans","A.Juss.","MELIACEAE Trichilia elegans subsp. elegans A.Juss.","22356","GBIF","SPSF","Macedo, E.E.","98","Native","Latão","High","Parque Estadual Furnas do Bom Jesus."
"PARQUE ESTADUAL FURNAS DO BOM JESUS","Angiosperms","Menispermaceae","Cissampelos","ovalifolia","DC.","MENISPERMACEAE Cissampelos ovalifolia DC.","172801","GBIF","SPF","Sasaki, D.","860","Native","Ouro","High","Parque Estadual das Furnas do Bom Jesus"
"PARQUE ESTADUAL FURNAS DO BOM JESUS","Angiosperms","Menispermaceae","Odontocarya",,"Miers","MENISPERMACEAE Odontocarya Miers","22297","GBIF","SPSF","Macedo, E.E.","256",,"Latão","High","Parque Estadual Furnas do Bom Jesus."
"PARQUE ESTADUAL FURNAS DO BOM JESUS","Angiosperms","Moraceae","Brosimum","gaudichaudii","Trécul","MORACEAE Brosimum gaudichaudii Trécul","172802","GBIF","SPF","Sasaki, D.","838","Native","Bronze","High","Parque Estadual das Furnas do Bom Jesus, Campo sujo próximo à sede, abaixo da estrada de terra. Solo areno-pedregoso."
"PARQUE ESTADUAL FURNAS DO BOM JESUS","Angiosperms","Moraceae","Ficus","guaranitica","Chodat","MORACEAE Ficus guaranitica Chodat","23361","GBIF","SPSF","Macedo, E.E.","760","Native","Prata","High","Parque Estadual das Furnas do Bom Jesus."
"PARQUE ESTADUAL FURNAS DO BOM JESUS","Angiosperms","Moraceae","Ficus","insipida","Willd.","MORACEAE Ficus insipida Willd.","SPSF00016566","Splink","SPSF",,,"Native","Latão","High","Parque Estadual Furnas do Bom Jesus."
"PARQUE ESTADUAL FURNAS DO BOM JESUS","Angiosperms","Moraceae","Ficus","trigona","L.f.","MORACEAE Ficus trigona L.f.","SPSF00027355","Splink","SPSF",,"543","Native","Latão","High","Parque Estadual Furnas do Bom Jesus."
"PARQUE ESTADUAL FURNAS DO BOM JESUS","Angiosperms","Moraceae","Maclura","tinctoria","(L.) D.Don ex Steud.","MORACEAE Maclura tinctoria (L.) D.Don ex Steud.","23358","GBIF","SPSF","Macedo, E.E.",,"Native","Prata","High","Parque Estadual das Furnas do Bom Jesus"
"PARQUE ESTADUAL FURNAS DO BOM JESUS","Angiosperms","Myristicaceae","Virola","sebifera","Aubl.","MYRISTICACEAE Virola sebifera Aubl.","207682","GBIF","MBM","Guillanoum, J.R.","s.n.","Native","Prata","High","Parque Estadual de Furnas do Bom Jesus."
"PARQUE ESTADUAL FURNAS DO BOM JESUS","Angiosperms","Myrtaceae","Campomanesia","adamantium","(Cambess.) O.Berg","MYRTACEAE Campomanesia adamantium (Cambess.) O.Berg","9885","GBIF","SPSF","Macedo, E.E.",,"Native","Ouro","High","Parque Estadual das Furnas do Bom Jesus"
"PARQUE ESTADUAL FURNAS DO BOM JESUS","Angiosperms","Myrtaceae","Campomanesia","pubescens","(Mart. ex DC.) O.Berg","MYRTACEAE Campomanesia pubescens (Mart. ex DC.) O.Berg","SPSF00019280","Splink","SPSF",,"163","Native","Ouro","High","Parque Estadual das Furnas do Bom Jesus - Núcleo Santa Luzia."
"PARQUE ESTADUAL FURNAS DO BOM JESUS","Angiosperms","Myrtaceae","Eugenia","acutata","Miq.","MYRTACEAE Eugenia acutata Miq.","23487","GBIF","SPSF","Macedo, E.E.","276","Native","Ouro","High","Parque Estadual Furnas do Bom Jesus."
"PARQUE ESTADUAL FURNAS DO BOM JESUS","Angiosperms","Myrtaceae","Eugenia","bacopari","D.Legrand","MYRTACEAE Eugenia bacopari D.Legrand","22364","GBIF","SPSF","Macedo, E.E.","265","Native","Ouro","High","Parque Estadual das Furnas do Bom Jesus. Parque Estadual das Furnas do Bom Jesus"
"PARQUE ESTADUAL FURNAS DO BOM JESUS","Angiosperms","Myrtaceae","Eugenia","dysenterica","(Mart.) DC.","MYRTACEAE Eugenia dysenterica (Mart.) DC.","22328","GBIF","SPSF","Macedo, E.E.","144","Native","Ouro","High","Parque Estadual Furnas do Bom Jesus."
"PARQUE ESTADUAL FURNAS DO BOM JESUS","Angiosperms","Myrtaceae","Eugenia","florida","DC.","MYRTACEAE Eugenia florida DC.","SPSF00023330","Splink","SPSF",,"306","Native","Ouro","High","Parque Estadual Furnas do Bom Jesus."
"PARQUE ESTADUAL FURNAS DO BOM JESUS","Angiosperms","Myrtaceae","Eugenia","hiemalis","Cambess.","MYRTACEAE Eugenia hiemalis Cambess.","SPSF00019271","Splink","SPSF",,"162","Native","Ouro","High","Parque Estadual Furnas do Bom Jesus."
"PARQUE ESTADUAL FURNAS DO BOM JESUS","Angiosperms","Myrtaceae","Eugenia","livida","O.Berg","MYRTACEAE Eugenia livida O.Berg","172807","GBIF","SPF","Sasaki, D.","592","Native","Ouro","High","Parque Estadual das Furnas do Bom Jesus"
"PARQUE ESTADUAL FURNAS DO BOM JESUS","Angiosperms","Myrtaceae","Eugenia","puberula","Nied.","MYRTACEAE Eugenia puberula Nied.","22305","GBIF","SPSF","Macedo, E.E.",,"Native","Bronze","High","Parque Estadual Furnas do Bom Jesus"
"PARQUE ESTADUAL FURNAS DO BOM JESUS","Angiosperms","Myrtaceae","Eugenia","punicifolia","(Kunth) DC.","MYRTACEAE Eugenia punicifolia (Kunth) DC.","SPSF00022077","Splink","SPSF",,"77","Native","Ouro","High","Parque Estadual Furnas do Bom Jesus."
"PARQUE ESTADUAL FURNAS DO BOM JESUS","Angiosperms","Myrtaceae","Myrcia","bella","Cambess.","MYRTACEAE Myrcia bella Cambess.","23427","GBIF","SPSF","Macedo, E.E.",,"Native","Ouro","High","Parque Estadual das Furnas do Bom Jesus"
"PARQUE ESTADUAL FURNAS DO BOM JESUS",,"Myrtaceae","Myrcia","nivea|Myrcia","Cambess.|(Aubl.) DC.","MYRTACEAE Myrcia nivea Cambess.|Myrcia tomentosa (Aubl.) DC.","SPSF00019282","Splink","SPSF",,"166",,"Ouro","High","Parque Estadual das Furnas do Bom Jesus - Núcleo Santa Luzia."
"PARQUE ESTADUAL FURNAS DO BOM JESUS","Angiosperms","Myrtaceae","Myrcia","pubipetala","Miq.","MYRTACEAE Myrcia pubipetala Miq.","25889","GBIF","SPSF","Macedo, E.E.",,"Native","Bronze","High","Parque Estadual Furnas do Bom Jesus"
"PARQUE ESTADUAL FURNAS DO BOM JESUS","Angiosperms","Myrtaceae","Myrcia","splendens","(Sw.) DC.","MYRTACEAE Myrcia splendens (Sw.) DC.","172813","GBIF","SPF","Sasaki, D.","865","Native","Ouro","High","Parque Estadual das Furnas do Bom Jesus"
"PARQUE ESTADUAL FURNAS DO BOM JESUS","Angiosperms","Myrtaceae","Myrcia","tomentosa","(Aubl.) DC.","MYRTACEAE Myrcia tomentosa (Aubl.) DC.","172817","GBIF","SPF","Sasaki, D.","692","Native","Ouro","High","Parque Estadual das Furnas do Bom Jesus"
"PARQUE ESTADUAL FURNAS DO BOM JESUS","Angiosperms","Myrtaceae","Myrcia","uberavensis","O.Berg","MYRTACEAE Myrcia uberavensis O.Berg","SPSF00036741","Splink","SPSF",,"699","Native","Ouro","High","Parque Estadual das Furnas do Bom Jesus. Cerrado em encosta próxima ao encontro dos córregos Pedregulho e Bom Jesus."
"PARQUE ESTADUAL FURNAS DO BOM JESUS","Angiosperms","Myrtaceae","Myrcia","variabilis","DC.","MYRTACEAE Myrcia variabilis DC.","172828","GBIF","SPF","Sasaki, D.","891a","Native","Ouro","High","Parque Estadual das Furnas do Bom Jesus"
"PARQUE ESTADUAL FURNAS DO BOM JESUS","Angiosperms","Myrtaceae","Psidium","cattleyanum","Sabine","MYRTACEAE Psidium cattleyanum Sabine","SPSF00022365","Splink","SPSF",,"264","Native","Ouro","High","Parque Estadual Furnas do Bom Jesus."
"PARQUE ESTADUAL FURNAS DO BOM JESUS","Angiosperms","Myrtaceae","Psidium","firmum","O.Berg","MYRTACEAE Psidium firmum O.Berg","172829","GBIF","SPF","Sasaki, D.","1053","Native","Ouro","High","Parque Estadual das Furnas do Bom Jesus"
"PARQUE ESTADUAL FURNAS DO BOM JESUS","Angiosperms","Myrtaceae","Psidium","grandifolium","Mart. ex DC.","MYRTACEAE Psidium grandifolium Mart. ex DC.","SPSF00018002","Splink","SPSF",,"38A","Native","Ouro","High","Parque Estadual Furnas do Bom Jesus."
"PARQUE ESTADUAL FURNAS DO BOM JESUS","Angiosperms","Myrtaceae","Psidium","guajava","L.","MYRTACEAE Psidium guajava L.","173930","GBIF","SPF","Junqueira, A.B.","9","Naturalized","Ouro","High","Parque Estadual das Furnas do Bom Jesus"
"PARQUE ESTADUAL FURNAS DO BOM JESUS","Angiosperms","Myrtaceae","Psidium","guineense","Sw.","MYRTACEAE Psidium guineense Sw.","SPSF00036755","Splink","SPSF",,"857","Native","Ouro","High","Parque Estadual das Furnas do Bom Jesus"
"PARQUE ESTADUAL FURNAS DO BOM JESUS","Angiosperms","Myrtaceae","Psidium","rufum","Mart. ex DC.","MYRTACEAE Psidium rufum Mart. ex DC.","SPSF00023338","Splink","SPSF",,"294","Native","Ouro","High","Parque Estadual Furnas do Bom Jesus."
"PARQUE ESTADUAL FURNAS DO BOM JESUS","Angiosperms","Myrtaceae","Siphoneugena","guilfoyleiana","Proença","MYRTACEAE Siphoneugena guilfoyleiana Proença","19276","GBIF","SPSF","Macedo, E.E.",,"Native","Bronze","High","Parque Estadual Furnas do Bom Jesus"
"PARQUE ESTADUAL FURNAS DO BOM JESUS","Angiosperms","Myrtaceae","Syzygium","jambos","(L.) Alston","MYRTACEAE Syzygium jambos (L.) Alston",,"GBIF",,,,"Naturalized","Latão","Low",
"PARQUE ESTADUAL FURNAS DO BOM JESUS","Angiosperms","Nyctaginaceae","Guapira","hirsuta","(Choisy) Lundell","NYCTAGINACEAE Guapira hirsuta (Choisy) Lundell","22279","GBIF","SPSF","Macedo, E.E.","1197","Native","Bronze","High","Parque Estadual Furnas do Bom Jesus"
"PARQUE ESTADUAL FURNAS DO BOM JESUS","Angiosperms","Nyctaginaceae","Guapira","noxia","(Netto) Lundell","NYCTAGINACEAE Guapira noxia (Netto) Lundell","23108","GBIF","SPSF","Macedo, E.E.","176","Native","Prata","High","Parque Estadual Furnas do Bom Jesus"
"PARQUE ESTADUAL FURNAS DO BOM JESUS","Angiosperms","Nyctaginaceae","Guapira","opposita","(Vell.) Reitz","NYCTAGINACEAE Guapira opposita (Vell.) Reitz","22301","GBIF","SPSF","Macedo, E.E.","101A","Native","Ouro","High","Parque Estadual das Furnas do Bom Jesus."
"PARQUE ESTADUAL FURNAS DO BOM JESUS","Angiosperms","Nyctaginaceae","Neea","hermaphrodita","S.Moore","NYCTAGINACEAE Neea hermaphrodita S.Moore","22323","GBIF","SPSF","Macedo, E.E.","1340","Native","Prata","High","Parque Estadual das Furnas do Bom Jesus"
"PARQUE ESTADUAL FURNAS DO BOM JESUS","Angiosperms","Nyctaginaceae","Neea","theifera","Oerst.","NYCTAGINACEAE Neea theifera Oerst.","RB00356434","GBIF","RB","Sasaki, D.","826","Native","Ouro","High","Parque Estadual das Furnas do Bom Jesus, cerrado em encosta próxima ao encontro dos córregos Pedregulho e Bom Jesus. Parque Estadual das Furnas do Bom Jesus"
"PARQUE ESTADUAL FURNAS DO BOM JESUS","Angiosperms","Ochnaceae","Ouratea","nana","(A.St.-Hil.) Engl.","OCHNACEAE Ouratea nana (A.St.-Hil.) Engl.","23428","GBIF","SPSF","Macedo, E.E.",,"Native","Bronze","High","Parque Estadual das Furnas do Bom Jesus"
"PARQUE ESTADUAL FURNAS DO BOM JESUS","Angiosperms","Ochnaceae","Ouratea","spectabilis","(Mart.) Engl.","OCHNACEAE Ouratea spectabilis (Mart.) Engl.","SPF00172840","Splink","SPF",,"694","Native","Ouro","High","Parque Estadual das Furnas do Bom Jesus"
"PARQUE ESTADUAL FURNAS DO BOM JESUS","Angiosperms","Ochnaceae","Sauvagesia","racemosa","A.St.-Hil.","OCHNACEAE Sauvagesia racemosa A.St.-Hil.","SPSF00038315","Splink","SPSF",,,"Native","Bronze","High","Parque Estadual Furnas do Bom Jesus."
"PARQUE ESTADUAL FURNAS DO BOM JESUS","Angiosperms","Olacaceae",,,"Juss. ex R.Br.","OLACACEAE Olacaceae Juss. ex R.Br.","173592","GBIF","SPF","Junqueira, A.B.","13",,"Ouro","High","Parque Estadual das Furnas do Bom Jesus"
"PARQUE ESTADUAL FURNAS DO BOM JESUS","Angiosperms","Onagraceae","Ludwigia","laruotteana","(Cambess.) H.Hara","ONAGRACEAE Ludwigia laruotteana (Cambess.) H.Hara","SPF00172843","Splink","SPF",,"626","Native","Bronze","High","Parque Estadual das Furnas do Bom Jesus"
"PARQUE ESTADUAL FURNAS DO BOM JESUS","Angiosperms","Onagraceae","Ludwigia","nervosa","(Poir.) H.Hara","ONAGRACEAE Ludwigia nervosa (Poir.) H.Hara","SPSF00017977","Splink","SPSF",,"120","Native","Latão","High","Parque Estadual Furnas do Bom Jesus."
"PARQUE ESTADUAL FURNAS DO BOM JESUS","Angiosperms","Opiliaceae","Agonandra","brasiliensis","Miers ex Benth. & Hook.f.","OPILIACEAE Agonandra brasiliensis Miers ex Benth. & Hook.f.","219330","GBIF","SPF","Junqueira, A.B.","118","Native","Bronze","High","Fazenda do Sr. Antônio Polo e Silvana Polo, no entorno do Parque Estadual das Furnas do Bom Jesus. Floresta secundária próxima à sede da fazenda."
"PARQUE ESTADUAL FURNAS DO BOM JESUS","Angiosperms","Orchidaceae","Cleistes","montana","Gardner","ORCHIDACEAE Cleistes montana Gardner","SPSF00017974","Splink","SPSF",,"116","Native","Bronze","High","Parque Estadual Furnas do Bom Jesus."
"PARQUE ESTADUAL FURNAS DO BOM JESUS","Angiosperms","Orchidaceae","Epidendrum","densiflorum","Hook.","ORCHIDACEAE Epidendrum densiflorum Hook.","23469","GBIF","SPSF","Macedo, E.E.","103","Native","Ouro","High","Parque Estadual das Furnas do Bom Jesus."
"PARQUE ESTADUAL FURNAS DO BOM JESUS","Angiosperms","Orchidaceae","Epidendrum","pseudodifforme","Hoehne & Schltr.","ORCHIDACEAE Epidendrum pseudodifforme Hoehne & Schltr.","473728","GBIF","SP","Francener, A.","1292","Native","Ouro","High","Parque Estadual Furnas do Bom Jesus, Trilha do Mirante, próxima a ponte que cruza o córrego"
"PARQUE ESTADUAL FURNAS DO BOM JESUS","Angiosperms","Orchidaceae","Epistephium","sclerophyllum","Lindl.","ORCHIDACEAE Epistephium sclerophyllum Lindl.","SPSF00038686","Splink","SPSF",,,"Native","Ouro","High","Parque Estadual das Furnas do Bom Jesus - Núcleo Santa Luzia."
"PARQUE ESTADUAL FURNAS DO BOM JESUS","Angiosperms","Orchidaceae","Epistephium","williamsii","Hook.f.","ORCHIDACEAE Epistephium williamsii Hook.f.","SPSF00036676","Splink","SPSF",,"301","Native","Ouro","High","Parque Estadual Furnas do Bom Jesus."
"PARQUE ESTADUAL FURNAS DO BOM JESUS","Angiosperms","Orchidaceae","Habenaria","hamata","Barb.Rodr.","ORCHIDACEAE Habenaria hamata Barb.Rodr.","473727","GBIF","SP","Francener, A.","1293","Native","Bronze","High","Parque Estadual Furnas do Bom Jesus, Trilha do Malco"
"PARQUE ESTADUAL FURNAS DO BOM JESUS","Angiosperms","Orchidaceae","Habenaria","petalodes","Lindl.","ORCHIDACEAE Habenaria petalodes Lindl.","SPSF00027385","Splink","SPSF",,"510","Native","Ouro","High","Parque Estadual Furnas do Bom Jesus."
"PARQUE ESTADUAL FURNAS DO BOM JESUS","Angiosperms","Orchidaceae","Habenaria","schwackei","Barb.Rodr.","ORCHIDACEAE Habenaria schwackei Barb.Rodr.","SPSF00032320","Splink","SPSF",,"313","Native","Ouro","High","Parque Estadual Furnas do Bom Jesus."
"PARQUE ESTADUAL FURNAS DO BOM JESUS","Angiosperms","Orchidaceae","Koellensteinia","tricolor","(Lindl.) Rchb.f.","ORCHIDACEAE Koellensteinia tricolor (Lindl.) Rchb.f.","473726","GBIF","SP","Francener, A.","1309","Native","Bronze","High","Parque Estadual Furnas do Bom Jesus, Núcleo Mimoso"
"PARQUE ESTADUAL FURNAS DO BOM JESUS","Angiosperms","Orchidaceae","Octomeria","warmingii","Rchb.f.","ORCHIDACEAE Octomeria warmingii Rchb.f.","SPSF00036758","Splink","SPSF",,"382","Native","Latão","High","Parque Estadual Furnas do Bom Jesus."
"PARQUE ESTADUAL FURNAS DO BOM JESUS","Angiosperms","Orchidaceae","Trichocentrum","pumilum","(Lindl.) M.W.Chase & N.H.Williams","ORCHIDACEAE Trichocentrum pumilum (Lindl.) M.W.Chase & N.H.Williams","23123","GBIF","SPSF","Macedo, E.E.","230","Native","Latão","High","Parque Estadual Furnas do Bom Jesus."
"PARQUE ESTADUAL FURNAS DO BOM JESUS","Angiosperms","Orobanchaceae","Buchnera","lavandulacea","Cham. & Schltdl.","OROBANCHACEAE Buchnera lavandulacea Cham. & Schltdl.","172941","GBIF","SPF","Sasaki, D.","582","Native","Ouro","High","Parque Estadual das Furnas do Bom Jesus"
"PARQUE ESTADUAL FURNAS DO BOM JESUS","Angiosperms","Oxalidaceae","Oxalis","hirsutissima","Mart. & Zucc.","OXALIDACEAE Oxalis hirsutissima Mart. & Zucc.","367381","GBIF","SP","Caruzo, M.B.R.","39","Native","Ouro","High","Parque Estadual Furnas do Bom Jesus"
"PARQUE ESTADUAL FURNAS DO BOM JESUS","Angiosperms","Oxalidaceae","Oxalis","latifolia","Kunth","OXALIDACEAE Oxalis latifolia Kunth","22354","GBIF","SPSF","Macedo, E.E.","1060","Naturalized","Latão","High","Parque Estadual Furnas do Bom Jesus."
"PARQUE ESTADUAL FURNAS DO BOM JESUS","Angiosperms","Oxalidaceae","Oxalis","physocalyx","Zucc. ex Progel","OXALIDACEAE Oxalis physocalyx Zucc. ex Progel","SPSF00036696","Splink","SPSF",,"448","Native","Ouro","High","Parque Estadual das Furnas do Bom Jesus"
"PARQUE ESTADUAL FURNAS DO BOM JESUS","Angiosperms","Passifloraceae","Passiflora","clathrata","Mast.","PASSIFLORACEAE Passiflora clathrata Mast.","172859","GBIF","SPF","Sasaki, D.","858","Native","Ouro","High","Parque Estadual das Furnas do Bom Jesus"
"PARQUE ESTADUAL FURNAS DO BOM JESUS","Angiosperms","Peraceae","Pera","glabrata","(Schott) Baill.","PERACEAE Pera glabrata (Schott) Baill.","296602","GBIF","SP","Macedo, E.E.","123","Native","Prata","High","Parque Estadual Furnas do Bom Jesus."
"PARQUE ESTADUAL FURNAS DO BOM JESUS","Angiosperms","Phyllanthaceae","Phyllanthus","acuminatus","Vahl","PHYLLANTHACEAE Phyllanthus acuminatus Vahl","22293","GBIF","SPSF","Macedo, E.E.","250","Native","Latão","High","Parque Estadual Furnas do Bom Jesus."
"PARQUE ESTADUAL FURNAS DO BOM JESUS","Angiosperms","Phyllanthaceae","Phyllanthus","orbiculatus","Rich.","PHYLLANTHACEAE Phyllanthus orbiculatus Rich.","SPSF00036768","Splink","SPSF",,"432","Native","Ouro","High","Parque Estadual das Furnas do Bom Jesus, Cerrado em encosta próxima ao encontro dos Córregos Pedregulho e Bom Jesus. Solo areno-pedregoso com afloramentos rochosos."
"PARQUE ESTADUAL FURNAS DO BOM JESUS","Angiosperms","Phyllanthaceae","Phyllanthus","tenellus","Roxb.","PHYLLANTHACEAE Phyllanthus tenellus Roxb.","385041","GBIF","SP","Junqueira, A.B.","66","Native","Ouro","High","Propriedade do Sr. Euclides Brentini, vizinha ao Parque Estadual das Furnas de Bom Jesus, quintal da casa"
"PARQUE ESTADUAL FURNAS DO BOM JESUS","Angiosperms","Picramniaceae","Picramnia","glazioviana","Engl.","PICRAMNIACEAE Picramnia glazioviana Engl.","SPSF00027405","Splink","SPSF",,"531","Native","Bronze","High","Parque Estadual Furnas do Bom Jesus."
"PARQUE ESTADUAL FURNAS DO BOM JESUS","Angiosperms","Piperaceae","Peperomia","glazioui","C.DC.","PIPERACEAE Peperomia glazioui C.DC.","22295","GBIF","SPSF","Macedo, E.E.","91","Native","Ouro","High","Parque Estadual das Furnas do Bom Jesus."
"PARQUE ESTADUAL FURNAS DO BOM JESUS","Angiosperms","Piperaceae","Peperomia","pereskiaefolia","(Jacq.) Kunth","PIPERACEAE Peperomia pereskiaefolia (Jacq.) Kunth","173937","GBIF","SPF","Junqueira, A.B.","111","Native","Ouro","High","Parque Estadual das Furnas do Bom Jesus, Alto da cachoeira dos macacos, próximo ao mirante."
"PARQUE ESTADUAL FURNAS DO BOM JESUS","Angiosperms","Piperaceae","Piper","aduncum","L.","PIPERACEAE Piper aduncum L.","23474","GBIF","SPSF","Macedo, E.E.","770","Native","Prata","High","Parque Estadual das Furnas do Bom Jesus."
"PARQUE ESTADUAL FURNAS DO BOM JESUS","Angiosperms","Piperaceae","Piper","arboreum","Aubl.","PIPERACEAE Piper arboreum Aubl.","SPSF00016066","Splink","SPSF",,,"Native","Ouro","High","Parque Estadual das Furnas do Bom Jesus."
"PARQUE ESTADUAL FURNAS DO BOM JESUS","Angiosperms","Piperaceae","Piper","claussenianum","(Miq.) C.DC.","PIPERACEAE Piper claussenianum (Miq.) C.DC.","541352","Splink","SP",,"2609","Native","Bronze","High","Parque Estadual Furnas do Bom Jesus, Capão Redondo"
"PARQUE ESTADUAL FURNAS DO BOM JESUS","Angiosperms","Piperaceae","Piper","fuligineum","Kunth","PIPERACEAE Piper fuligineum Kunth","23328","GBIF","SPSF","Macedo, E.E.","301","Native","Bronze","High","Parque Estadual das Furnas do Bom Jesus."
"PARQUE ESTADUAL FURNAS DO BOM JESUS","Angiosperms","Piperaceae","Piper","umbellatum","L.","PIPERACEAE Piper umbellatum L.","173940","GBIF","SPF","Junqueira, A.B.","151","Native","Ouro","High","Propriedade vizinha ao Parque Estadual das Furnas do Bom Jesus. Quintal da casa."
"PARQUE ESTADUAL FURNAS DO BOM JESUS","Angiosperms","Plantaginaceae","Plantago","major","L.","PLANTAGINACEAE Plantago major L.","23120","GBIF","SPSF","Macedo, E.E.","232-A","Naturalized","Latão","High","Parque Estadual Furnas do Bom Jesus"
"PARQUE ESTADUAL FURNAS DO BOM JESUS","Angiosperms","Poaceae","Andropogon","carinatus","Nees","POACEAE Andropogon carinatus Nees","SPF00172439","GBIF","SPF","Sasaki, D.","598","Native","Ouro","High","Parque Estadual das Furnas do Bom Jesus"
"PARQUE ESTADUAL FURNAS DO BOM JESUS","Angiosperms","Poaceae","Andropogon","leucostachyus","Kunth","POACEAE Andropogon leucostachyus Kunth","172440","GBIF","SPF","Sasaki, D.","128","Native","Ouro","High","Parque Estadual das Furnas do Bom Jesus"
"PARQUE ESTADUAL FURNAS DO BOM JESUS","Angiosperms","Poaceae","Andropogon","virgatus","Desv.","POACEAE Andropogon virgatus Desv.","172471","GBIF","SPF","Sasaki, D.","265","Native","Ouro","High","Parque Estadual das Furnas do Bom Jesus"
"PARQUE ESTADUAL FURNAS DO BOM JESUS","Angiosperms","Poaceae","Anthaenantia","lanata","(Kunth) Benth.","POACEAE Anthaenantia lanata (Kunth) Benth.","172475","GBIF","SPF","Sasaki, D.","833","Native","Ouro","High","Parque Estadual das Furnas do Bom Jesus"
"PARQUE ESTADUAL FURNAS DO BOM JESUS","Angiosperms","Poaceae","Aristida","riparia","Trin.","POACEAE Aristida riparia Trin.","SPFR009302","Splink","SPFR",,"315","Native","Ouro","High","Parque Estadual das Furnas do Bom Jesus"
"PARQUE ESTADUAL FURNAS DO BOM JESUS","Angiosperms","Poaceae","Arthropogon","villosus","Nees","POACEAE Arthropogon villosus Nees","172447","GBIF","SPF","Sasaki, D.","1054","Native","Ouro","High","Parque Estadual das Furnas do Bom Jesus"
"PARQUE ESTADUAL FURNAS DO BOM JESUS","Angiosperms","Poaceae","Axonopus","aureus","P. Beauv.","POACEAE Axonopus aureus P. Beauv.","36626","GBIF","SPSF","Sasaki, D.","307","Native","Ouro","High","Parque Estadual das Furnas do Bom Jesus"
"PARQUE ESTADUAL FURNAS DO BOM JESUS","Angiosperms","Poaceae","Axonopus","brasiliensis","(Spreng.) Kuhlm.","POACEAE Axonopus brasiliensis (Spreng.) Kuhlm.","172453","GBIF","SPF","Sasaki, D.","755","Native","Ouro","High","Parque Estadual das Furnas do Bom Jesus"
"PARQUE ESTADUAL FURNAS DO BOM JESUS","Angiosperms","Poaceae","Cenchrus","purpureus","(Schumach.) Morrone","POACEAE Cenchrus purpureus (Schumach.) Morrone","132039928","GBIF","Observations","Dalvamatos",,"Naturalized","Bronze","High","Parque Estadual Furnas do Bom Jesus - Av. Orestes Quércia, km 0,7 s/n Centro - Pedregulho, SP, 14470-000, Brasil"
"PARQUE ESTADUAL FURNAS DO BOM JESUS","Angiosperms","Poaceae","Coix","lacryma-jobi","L.","POACEAE Coix lacryma-jobi L.","173881","GBIF","SPF","Junqueira, A.B.","21","Naturalized","Ouro","High","Parque Estadual das Furnas do Bom Jesus, Núcleo Chapadão. Margem do córrego Pedregulho, próximo à antiga fazenda abandonada."
"PARQUE ESTADUAL FURNAS DO BOM JESUS","Angiosperms","Poaceae","Ctenium","cirrosum","(Nees) Kunth","POACEAE Ctenium cirrosum (Nees) Kunth","SPFR009207","Splink","SPFR",,"298","Native","Ouro","High","Parque Estadual Furnas do Bom Jesus, Campo sujo próximo à sede, abaixo da estrada de terra"
"PARQUE ESTADUAL FURNAS DO BOM JESUS","Angiosperms","Poaceae","Echinolaena","inflexa","(Poir.) Chase","POACEAE Echinolaena inflexa (Poir.) Chase","36628","GBIF","SPSF","Sasaki, D.","314","Native","Ouro","High","Parque Estadual Furnas do Bom Jesus"
"PARQUE ESTADUAL FURNAS DO BOM JESUS","Angiosperms","Poaceae","Eragrostis","polytricha","Nees","POACEAE Eragrostis polytricha Nees","SPSF00036684","Splink","SPSF",,"450","Native","Ouro","High","Parque Estadual das Furnas do Bom Jesus"
"PARQUE ESTADUAL FURNAS DO BOM JESUS","Angiosperms","Poaceae","Eragrostis","solida","Nees","POACEAE Eragrostis solida Nees","137792","Splink","ICN",,"s.n.","Native","Ouro","High","Parque Estadual Furnas do Bom Jesus"
"PARQUE ESTADUAL FURNAS DO BOM JESUS","Angiosperms","Poaceae","Hyparrhenia","bracteata","(Humb. & Bonpl. ex Willd.) Stapf","POACEAE Hyparrhenia bracteata (Humb. & Bonpl. ex Willd.) Stapf","36620","GBIF","SPSF","Sasaki, D.","499","Native","Ouro","High","Parque Estadual Furnas do Bom Jesus"
"PARQUE ESTADUAL FURNAS DO BOM JESUS","Angiosperms","Poaceae","Hyparrhenia","rufa","(Nees) Stapf","POACEAE Hyparrhenia rufa (Nees) Stapf","SPFR009102","Splink","SPFR",,"8","Naturalized","Ouro","High","Parque Estadual das Furnas do Bom Jesus, Núcleo Chapadão."
"PARQUE ESTADUAL FURNAS DO BOM JESUS","Angiosperms","Poaceae","Ichnanthus","inconstans","(Trin. ex Nees) Döll","POACEAE Ichnanthus inconstans (Trin. ex Nees) Döll","SPFR009305","Splink","SPFR",,"440","Native","Ouro","High","Parque Estadual Furnas do Bom Jesus"
"PARQUE ESTADUAL FURNAS DO BOM JESUS","Angiosperms","Poaceae","Loudetiopsis","chrysothrix","(Nees) Conert","POACEAE Loudetiopsis chrysothrix (Nees) Conert","SPSF00036692","Splink","SPSF",,"406","Native","Ouro","High","Parque Estadual das Furnas do Bom Jesus"
"PARQUE ESTADUAL FURNAS DO BOM JESUS","Angiosperms","Poaceae","Melinis","minutiflora","P.Beauv.","POACEAE Melinis minutiflora P.Beauv.","172480","GBIF","SPF","Sasaki, D.","504","Naturalized","Ouro","High","Parque Estadual das Furnas do Bom Jesus"
"PARQUE ESTADUAL FURNAS DO BOM JESUS","Angiosperms","Poaceae","Melinis","repens","(Willd.) Zizka","POACEAE Melinis repens (Willd.) Zizka","172502","GBIF","SPF","Sasaki, D.","131","Naturalized","Ouro","High","Parque Estadual das Furnas do Bom Jesus"
"PARQUE ESTADUAL FURNAS DO BOM JESUS","Angiosperms","Poaceae","Oedochloa","procurrens","(Nees ex Trin.) C.Silva & R.P.Oliveira","POACEAE Oedochloa procurrens (Nees ex Trin.) C.Silva & R.P.Oliveira","36630","GBIF","SPSF","Sasaki, D.","844","Native","Ouro","High","Parque Estadual Furnas do Bom Jesus"
"PARQUE ESTADUAL FURNAS DO BOM JESUS","Angiosperms","Poaceae","Panicum","olyroides","Kunth","POACEAE Panicum olyroides Kunth","172486","GBIF","SPF","Sasaki, D.","398","Native","Ouro","High","Parque Estadual das Furnas do Bom Jesus"
"PARQUE ESTADUAL FURNAS DO BOM JESUS","Angiosperms","Poaceae","Panicum","quadriglume","(Döll) Hitchc.","POACEAE Panicum quadriglume (Döll) Hitchc.","172487","GBIF","SPF","Sasaki, D.","501","Native","Ouro","High","Parque Estadual das Furnas do Bom Jesus"
"PARQUE ESTADUAL FURNAS DO BOM JESUS","Angiosperms","Poaceae","Paspalum","erianthum","Nees ex Trin.","POACEAE Paspalum erianthum Nees ex Trin.","172488","GBIF","SPF","Sasaki, D.","835","Native","Ouro","High","Parque Estadual das Furnas do Bom Jesus"
"PARQUE ESTADUAL FURNAS DO BOM JESUS","Angiosperms","Poaceae","Paspalum","eucomum","Nees ex Trin.","POACEAE Paspalum eucomum Nees ex Trin.","172489","GBIF","SPF","Sasaki, D.","296","Native","Ouro","High","Parque Estadual das Furnas do Bom Jesus"
"PARQUE ESTADUAL FURNAS DO BOM JESUS","Angiosperms","Poaceae","Paspalum","gardnerianum","Nees","POACEAE Paspalum gardnerianum Nees","58194","GBIF","CEN","Sasaki, D.","284","Native","Ouro","High","Parque Estadual das Furnas do Bom Jesus. Campo sujo próximo à sede, abaixo da estrada de terra."
"PARQUE ESTADUAL FURNAS DO BOM JESUS","Angiosperms","Poaceae","Paspalum","pilosum","Lam.","POACEAE Paspalum pilosum Lam.","172498","GBIF","SPF","Sasaki, D.","s.n.","Native","Bronze","High","Parque Estadual das Furnas do Bom Jesus"
"PARQUE ESTADUAL FURNAS DO BOM JESUS","Angiosperms","Poaceae","Paspalum","polyphyllum","Nees","POACEAE Paspalum polyphyllum Nees","172500","GBIF","SPF","Sasaki, D.","445","Native","Ouro","High","Parque Estadual das Furnas do Bom Jesus"
"PARQUE ESTADUAL FURNAS DO BOM JESUS","Angiosperms","Poaceae","Paspalum","rupium","Renvoize","POACEAE Paspalum rupium Renvoize","58814","GBIF","SPSF","Campos, B.H.","356","Native","Bronze","High","Parque Estadual das Furnas do Bom Jesus"
"PARQUE ESTADUAL FURNAS DO BOM JESUS","Angiosperms","Poaceae","Paspalum","stellatum","Humb. & Bonpl. ex Flüggé","POACEAE Paspalum stellatum Humb. & Bonpl. ex Flüggé","36631","GBIF","SPSF","Sasaki, D.","459","Native","Ouro","High","Parque Estadual Furnas do Bom Jesus"
"PARQUE ESTADUAL FURNAS DO BOM JESUS","Angiosperms","Poaceae","Schizachyrium","condensatum","(Kunth) Nees","POACEAE Schizachyrium condensatum (Kunth) Nees","SPSF00036619","Splink","SPSF",,"456","Native","Ouro","High","Parque Estadual das Furnas do Bom Jesus"
"PARQUE ESTADUAL FURNAS DO BOM JESUS","Angiosperms","Poaceae","Schizachyrium","sanguineum","(Retz.) Alston","POACEAE Schizachyrium sanguineum (Retz.) Alston","62362","GBIF","CEN","Sasaki, D.","600","Native","Ouro","High","Parque Estadual das Furnas do Bom Jesus. Campo sujo próximo à sede. abaixo da estrada de terra."
"PARQUE ESTADUAL FURNAS DO BOM JESUS","Angiosperms","Poaceae","Setaria","sulcata","Raddi","POACEAE Setaria sulcata Raddi","289862","GBIF","SP","Ferreira, W.M.","s.n.","Native","Latão","High","Parque Estadual das Furnas do Bom Jesus. Vertente das furnas com vegetação de mata."
"PARQUE ESTADUAL FURNAS DO BOM JESUS","Angiosperms","Poaceae","Setaria","vulpiseta","(Lam.) Roem. & Schult.","POACEAE Setaria vulpiseta (Lam.) Roem. & Schult.","110916","Splink","ICN",,"860","Native","Bronze","High","Parque Estadual das Furnas do Bom Jesus"
"PARQUE ESTADUAL FURNAS DO BOM JESUS","Angiosperms","Poaceae","Sorghastrum",,"Nash","POACEAE Sorghastrum Nash","172509","GBIF","SPF","Sasaki, D.","952",,"Ouro","High","Parque Estadual das Furnas do Bom Jesus"
"PARQUE ESTADUAL FURNAS DO BOM JESUS","Angiosperms","Polygalaceae","Asemeia","hebeclada","(DC.) J.F.B.Pastore & J.R.Abbott","POLYGALACEAE Asemeia hebeclada (DC.) J.F.B.Pastore & J.R.Abbott","RB00430977","GBIF","RB","Marcondes-Ferreira, W.","836","Native","Ouro","High","Parque Estadual Furnas do Bom Jesus"
"PARQUE ESTADUAL FURNAS DO BOM JESUS","Angiosperms","Polygalaceae","Asemeia","rhodoptera","(Mart. ex A.W.Benn.) J.F.B.Pastore & J.R.Abbott","POLYGALACEAE Asemeia rhodoptera (Mart. ex A.W.Benn.) J.F.B.Pastore & J.R.Abbott","SPF00172866","GBIF","SPF","Sasaki, D.","505","Native","Ouro","High","Parque Estadual das Furnas do Bom Jesus"
"PARQUE ESTADUAL FURNAS DO BOM JESUS","Angiosperms","Polygalaceae","Bredemeyera","floribunda","Willd.","POLYGALACEAE Bredemeyera floribunda Willd.","SPSF00027395","Splink","SPSF",,"562","Native","Bronze","High","Parque Estadual Furnas do Bom Jesus."
"PARQUE ESTADUAL FURNAS DO BOM JESUS","Angiosperms","Polygalaceae","Monnina","richardiana","A.St.-Hil. & Moq.","POLYGALACEAE Monnina richardiana A.St.-Hil. & Moq.","23316","GBIF","SPSF","Macedo, E.E.","296","Native","Bronze","High","Parque Estadual Furnas do Bom Jesus."
"PARQUE ESTADUAL FURNAS DO BOM JESUS","Angiosperms","Polygalaceae","Senega","galioides","(Poir.) J.F.B.Pastore","POLYGALACEAE Senega galioides (Poir.) J.F.B.Pastore","SPF00172876","GBIF","SPF","Sasaki, D.","981","Native","Ouro","High","Parque Estadual das Furnas do Bom Jesus"
"PARQUE ESTADUAL FURNAS DO BOM JESUS","Angiosperms","Polygalaceae","Senega","longicaulis","(Kunth) J.F.B.Pastore","POLYGALACEAE Senega longicaulis (Kunth) J.F.B.Pastore","SPSF00036704","Splink","SPSF",,"286","Native","Ouro","High","Parque Estadual Furnas do Bom Jesus"
"PARQUE ESTADUAL FURNAS DO BOM JESUS","Angiosperms","Polygalaceae","Senega","molluginifolia","(A.St.-Hil. & Moq.) J.F.B.Pastore","POLYGALACEAE Senega molluginifolia (A.St.-Hil. & Moq.) J.F.B.Pastore","SPSF00036706","Splink","SPSF",,"953","Native","Ouro","High","Parque Estadual das Furnas do Bom Jesus"
"PARQUE ESTADUAL FURNAS DO BOM JESUS","Angiosperms","Polygalaceae","Senega","nudicaulis","(A.W.Benn.) J.F.B.Pastore","POLYGALACEAE Senega nudicaulis (A.W.Benn.) J.F.B.Pastore","SPSF00036703","Splink","SPSF",,"573","Native","Ouro","High","Parque Estadual das Furnas do Bom Jesus"
"PARQUE ESTADUAL FURNAS DO BOM JESUS","Angiosperms","Polygalaceae","Senega","poaya","(Mart.) J.F.B.Pastore","POLYGALACEAE Senega poaya (Mart.) J.F.B.Pastore","37896","GBIF","SPSF","Macedo, E.E.",,"Native","Bronze","High","Parque Estadual das Furnas do Bom Jesus - Núcleo Santa Luzia"
"PARQUE ESTADUAL FURNAS DO BOM JESUS","Angiosperms","Polygalaceae","Senega","tamariscea","(Mart. ex A.W.Benn.) J.F.B.Pastore","POLYGALACEAE Senega tamariscea (Mart. ex A.W.Benn.) J.F.B.Pastore","172884","GBIF","SPF","Sasaki, D.","1062","Native","Bronze","High","Parque Estadual das Furnas do Bom Jesus"
"PARQUE ESTADUAL FURNAS DO BOM JESUS","Angiosperms","Polygonaceae","Polygonum","hydropiperoides","Michx.","POLYGONACEAE Polygonum hydropiperoides Michx.","SPF00173942","Splink","SPF",,"22","Native","Bronze","High","Parque Estadual das Furnas do Bom Jesus"
"PARQUE ESTADUAL FURNAS DO BOM JESUS","Ferns and Lycophytes","Polypodiaceae","Campyloneurum",,"C.Presl","POLYPODIACEAE Campyloneurum C.Presl","219323","GBIF","SPF","Junqueira, A.B.","110",,"Latão","High","Parque Estadual das Furnas do Bom Jesus, Trilha nas margens do córrego Bom Jesus, próximo à sede do parque."
"PARQUE ESTADUAL FURNAS DO BOM JESUS","Angiosperms","Primulaceae","Geissanthus","ambiguus","(Mart.) G.Agostini","PRIMULACEAE Geissanthus ambiguus (Mart.) G.Agostini","SPSF00027428","Splink","SPSF",,"518","Native","Ouro","High","Parque Estadual Furnas do Bom Jesus."
"PARQUE ESTADUAL FURNAS DO BOM JESUS","Angiosperms","Primulaceae","Myrsine","guianensis","(Aubl.) Kuntze","PRIMULACEAE Myrsine guianensis (Aubl.) Kuntze","SPSF00036685","Splink","SPSF",,"760","Native","Ouro","High","Parque Estadual das Furnas do Bom Jesus"
"PARQUE ESTADUAL FURNAS DO BOM JESUS","Angiosperms","Primulaceae","Myrsine","leuconeura","Mart.","PRIMULACEAE Myrsine leuconeura Mart.","SPSF00021800","Splink","SPSF",,,"Native","Latão","High","Parque Estadual Furnas do Bom Jesus."
"PARQUE ESTADUAL FURNAS DO BOM JESUS","Angiosperms","Primulaceae","Myrsine","monticola","Mart.","PRIMULACEAE Myrsine monticola Mart.","RB00417634","GBIF","RB","Junqueira, A.B.","176","Native","Ouro","High","Parque Estadual das Furnas do Bom Jesus"
"PARQUE ESTADUAL FURNAS DO BOM JESUS","Angiosperms","Proteaceae","Roupala","montana","Aubl.","PROTEACEAE Roupala montana var. montana Aubl.","SPSF00017970","Splink","SPSF",,"135","Native","Ouro","High","Parque Estadual Furnas do Bom Jesus, trilha do Núcleo de Santa Luzia"
"PARQUE ESTADUAL FURNAS DO BOM JESUS","Ferns and Lycophytes","Pteridaceae","Adiantopsis","radiata","(L.) Fée","PTERIDACEAE Adiantopsis radiata (L.) Fée","SP0384738","Splink","SP",,"173","Native","Bronze","High","Parque Estadual Furnas do Bom Jesus"
"PARQUE ESTADUAL FURNAS DO BOM JESUS","Ferns and Lycophytes","Pteridaceae","Adiantum","raddianum","C.Presl","PTERIDACEAE Adiantum raddianum C.Presl","SPSF00021809","Splink","SPSF",,"111A","Native","Bronze","High","Parque Estadual das Furnas do Bom Jesus."
"PARQUE ESTADUAL FURNAS DO BOM JESUS","Angiosperms","Rhamnaceae","Crumenaria","choretroides","Mart. ex Reissek","RHAMNACEAE Crumenaria choretroides Mart. ex Reissek","SPF00172887","Splink","SPF",,"809","Native","Bronze","High","Parque Estadual das Furnas do Bom Jesus"
"PARQUE ESTADUAL FURNAS DO BOM JESUS","Angiosperms","Rhamnaceae","Rhamnidium","elaeocarpum","Reissek","RHAMNACEAE Rhamnidium elaeocarpum Reissek","SPSF00019278","Splink","SPSF",,,"Native","Ouro","High","Parque Estadual das Furnas do Bom Jesus."
"PARQUE ESTADUAL FURNAS DO BOM JESUS","Angiosperms","Rosaceae","Armeniaca",,"Scop.","ROSACEAE Armeniaca Scop.","RB00417468","GBIF","RB","Junqueira, A.B.","184",,"Ouro","High","Do Sr. Euclides Brentini, vizinha ao Parque Estadual das Furnas do Bom Jesus. Quintal da casa. Parque Estadual das Furnas do Bom Jesus"
"PARQUE ESTADUAL FURNAS DO BOM JESUS","Angiosperms","Rosaceae","Prunus","myrtifolia","(L.) Urb.","ROSACEAE Prunus myrtifolia (L.) Urb.","23101","GBIF","SPSF","Macedo, E.E.","321","Native","Latão","High","Parque Estadual Furnas do Bom Jesus."
"PARQUE ESTADUAL FURNAS DO BOM JESUS",,"Rosaceae|Asteraceae","Agrimonia|Eupatorium",,"L.","ROSACEAE|ASTERACEAE Agrimonia L.|Eupatorium L.","SPSF00010732","Splink","SPSF",,"34A",,"Latão","High","Parque Estadual das Furnas do Bom Jesus - Núcleo Santa Luzia."
"PARQUE ESTADUAL FURNAS DO BOM JESUS","Angiosperms","Rubiaceae","Alibertia","edulis","(Rich.) A.Rich.","RUBIACEAE Alibertia edulis (Rich.) A.Rich.","SORO013145","Splink","SORO",,"45","Native","Latão","High","Parque Estadual Furnas do Bom Jesus"
"PARQUE ESTADUAL FURNAS DO BOM JESUS","Angiosperms","Rubiaceae","Bathysa","australis","(A.St.-Hil.) K.Schum.","RUBIACEAE Bathysa australis (A.St.-Hil.) K.Schum.","SPSF00016538","Splink","SPSF",,,"Native","Latão","High","Parque Estadual Furnas do Bom Jesus."
"PARQUE ESTADUAL FURNAS DO BOM JESUS","Angiosperms","Rubiaceae","Borreria","multiflora","(DC.) Bacigalupo & E.L.Cabral","RUBIACEAE Borreria multiflora (DC.) Bacigalupo & E.L.Cabral","SPSF00022059","Splink","SPSF",,"76","Native","Bronze","High","Parque Estadual Furnas do Bom Jesus."
"PARQUE ESTADUAL FURNAS DO BOM JESUS","Angiosperms","Rubiaceae","Borreria","poaya","(A.St.-Hil.) DC.","RUBIACEAE Borreria poaya (A.St.-Hil.) DC.","172891","GBIF","SPF","Sasaki, D.","603","Native","Ouro","High","Parque Estadual das Furnas do Bom Jesus"
"PARQUE ESTADUAL FURNAS DO BOM JESUS","Angiosperms","Rubiaceae","Borreria","tenella","(Kunth) Cham. & Schltdl.","RUBIACEAE Borreria tenella (Kunth) Cham. & Schltdl.","172898","GBIF","SPF","Sasaki, D.","292","Native","Ouro","High","Parque Estadual Furnas do Bom Jesus, Campo sujo próximo a sede, abaixo da estrada de terra, solo areno-pedregoso"
"PARQUE ESTADUAL FURNAS DO BOM JESUS","Angiosperms","Rubiaceae","Borreria","warmingii","K.Schum.","RUBIACEAE Borreria warmingii K.Schum.","172903","GBIF","SPF","Sasaki, D.","943","Native","Ouro","High","Parque Estadual Furnas do Bom Jesus, Cerrado em encosta próxima ao encontro dos córregos Pedregulho e Bom Jesus, solo areno-pedregoso com afloramentos rochosos"
"PARQUE ESTADUAL FURNAS DO BOM JESUS","Angiosperms","Rubiaceae","Chiococca","alba","(L.) Hitchc.","RUBIACEAE Chiococca alba (L.) Hitchc.","23103","GBIF","SPSF","Macedo, E.E.","324","Native","Bronze","High","Parque Estadual Furnas do Bom Jesus."
"PARQUE ESTADUAL FURNAS DO BOM JESUS","Angiosperms","Rubiaceae","Coccocypselum","aureum","(Spreng.) Cham. & Schltdl.","RUBIACEAE Coccocypselum aureum (Spreng.) Cham. & Schltdl.","23078","GBIF","SPSF","Macedo, E.E.","191","Native","Latão","High","Parque Estadual Furnas do Bom Jesus."
"PARQUE ESTADUAL FURNAS DO BOM JESUS","Angiosperms","Rubiaceae","Coccocypselum","lanceolatum","(Ruiz & Pav.) Pers.","RUBIACEAE Coccocypselum lanceolatum (Ruiz & Pav.) Pers.","172905","GBIF","SPF","Sasaki, D.","1038","Native","Ouro","High","Parque Estadual das Furnas do Bom Jesus"
"PARQUE ESTADUAL FURNAS DO BOM JESUS","Angiosperms","Rubiaceae","Cordiera","elliptica","(Cham.) Kuntze","RUBIACEAE Cordiera elliptica (Cham.) Kuntze","23190","GBIF","SPSF","Macedo, E.E.","15","Native","Bronze","High","Parque Estadual Furnas do Bom Jesus."
"PARQUE ESTADUAL FURNAS DO BOM JESUS","Angiosperms","Rubiaceae","Cordiera","macrophylla","(K.Schum.) Kuntze","RUBIACEAE Cordiera macrophylla (K.Schum.) Kuntze","25892","GBIF","SPSF","Macedo, E.E.",,"Native","Bronze","High","Parque Estadual das Furnas do Bom Jesus"
"PARQUE ESTADUAL FURNAS DO BOM JESUS","Angiosperms","Rubiaceae","Cordiera","obtusa","(K.Schum.) Kuntze","RUBIACEAE Cordiera obtusa (K.Schum.) Kuntze","173947","GBIF","SPF","Junqueira, A.B.","46","Native","Ouro","Low",
"PARQUE ESTADUAL FURNAS DO BOM JESUS","Angiosperms","Rubiaceae","Cordiera","sessilis","(Vell.) Kuntze","RUBIACEAE Cordiera sessilis (Vell.) Kuntze","22311","GBIF","SPSF","Macedo, E.E.",,"Native","Bronze","High","Parque Estadual das Furnas do Bom Jesus"
"PARQUE ESTADUAL FURNAS DO BOM JESUS","Angiosperms","Rubiaceae","Coussarea","hydrangeifolia","(Benth.) Müll.Arg.","RUBIACEAE Coussarea hydrangeifolia (Benth.) Müll.Arg.","25891","GBIF","SPSF","Macedo, E.E.","421","Native","Bronze","High","Parque Estadual das Furnas do Bom Jesus."
"PARQUE ESTADUAL FURNAS DO BOM JESUS","Angiosperms","Rubiaceae","Declieuxia","fruticosa","(Willd. ex Roem. & Schult.) Kuntze","RUBIACEAE Declieuxia fruticosa (Willd. ex Roem. & Schult.) Kuntze","172908","GBIF","SPF","Sasaki, D.","423","Native","Ouro","High","Parque Estadual das Furnas do Bom Jesus"
"PARQUE ESTADUAL FURNAS DO BOM JESUS","Angiosperms","Rubiaceae","Declieuxia","oenanthoides","Mart. & Zucc. ex Schult. & Schult.f.","RUBIACEAE Declieuxia oenanthoides Mart. & Zucc. ex Schult. & Schult.f.","300087","GBIF","SP","Ferreira, W.M.","810","Native","Bronze","High","Parque Estadual Furnas do Bom Jesus"
"PARQUE ESTADUAL FURNAS DO BOM JESUS","Angiosperms","Rubiaceae","Faramea","latifolia","(Cham. & Schltdl.) DC.","RUBIACEAE Faramea latifolia (Cham. & Schltdl.) DC.","23360","GBIF","SPSF","Macedo, E.E.",,"Native","Bronze","High","Parque Estadual das Furnas do Bom Jesus"
"PARQUE ESTADUAL FURNAS DO BOM JESUS","Angiosperms","Rubiaceae","Galianthe","grandifolia","E.L.Cabral","RUBIACEAE Galianthe grandifolia E.L.Cabral","SPSF00036757","Splink","SPSF",,"932","Native","Ouro","High","Parque Estadual das Furnas do Bom Jesus"
"PARQUE ESTADUAL FURNAS DO BOM JESUS","Angiosperms","Rubiaceae","Genipa","americana","L.","RUBIACEAE Genipa americana L.","173948","GBIF","SPF","Junqueira, A.B.","19","Native","Ouro","High","Parque Estadual das Furnas do Bom Jesus"
"PARQUE ESTADUAL FURNAS DO BOM JESUS","Angiosperms","Rubiaceae","Guettarda","pohliana","Müll.Arg.","RUBIACEAE Guettarda pohliana Müll.Arg.","SPSF00022054","Splink","SPSF",,"146","Native","Bronze","High","Parque Estadual Furnas do Bom Jesus."
"PARQUE ESTADUAL FURNAS DO BOM JESUS","Angiosperms","Rubiaceae","Guettarda","viburnoides","Cham. & Schltdl.","RUBIACEAE Guettarda viburnoides Cham. & Schltdl.","SPSF00036660","Splink","SPSF",,"836","Native","Ouro","High","Parque Estadual das Furnas do Bom Jesus"
"PARQUE ESTADUAL FURNAS DO BOM JESUS","Angiosperms","Rubiaceae","Hamelia","patens","Jacq.","RUBIACEAE Hamelia patens Jacq.","25719","GBIF","SPSF","Macedo, E.E.","320","Native","Latão","High","Parque Estadual Furnas do Bom Jesus."
"PARQUE ESTADUAL FURNAS DO BOM JESUS","Angiosperms","Rubiaceae","Hexasepalum","radula","(Willd.) Delprete & J.H.Kirkbr.","RUBIACEAE Hexasepalum radula (Willd.) Delprete & J.H.Kirkbr.","22287","GBIF","SPSF","Macedo, E.E.","177","Native","Latão","High","Parque Estadual Furnas do Bom Jesus."
"PARQUE ESTADUAL FURNAS DO BOM JESUS","Angiosperms","Rubiaceae","Ixora","venulosa","Benth.","RUBIACEAE Ixora venulosa Benth.","HFC004947","Splink","HFC",,"266","Native","Prata","High","Parque Estadual Furnas do Bom Jesus."
"PARQUE ESTADUAL FURNAS DO BOM JESUS","Angiosperms","Rubiaceae","Manettia","cordifolia","Mart.","RUBIACEAE Manettia cordifolia Mart.","295968","GBIF","SP","Ferreira, W.M.","850","Native","Bronze","High","Parque Estadual Furnas do Bom Jesus"
"PARQUE ESTADUAL FURNAS DO BOM JESUS","Angiosperms","Rubiaceae","Mitracarpus","frigidus","(Willd. ex Roem. & Schult.) K.Schum.","RUBIACEAE Mitracarpus frigidus (Willd. ex Roem. & Schult.) K.Schum.","SPSF00036600","Splink","SPSF",,"294","Native","Ouro","High","Parque Estadual das Furnas do Bom Jesus"
"PARQUE ESTADUAL FURNAS DO BOM JESUS","Angiosperms","Rubiaceae","Palicourea","coriacea","(Cham.) K.Schum.","RUBIACEAE Palicourea coriacea (Cham.) K.Schum.","172922","GBIF","SPF","Sasaki, D.","775","Native","Ouro","High","Parque Estadual das Furnas do Bom Jesus"
"PARQUE ESTADUAL FURNAS DO BOM JESUS","Angiosperms","Rubiaceae","Palicourea","rigida","Kunth","RUBIACEAE Palicourea rigida Kunth","SPSF00036659","Splink","SPSF",,"861","Native","Ouro","High","Parque Estadual das Furnas do Bom Jesus"
"PARQUE ESTADUAL FURNAS DO BOM JESUS","Angiosperms","Rubiaceae","Psychotria","carthagenensis","Jacq.","RUBIACEAE Psychotria carthagenensis Jacq.","SPSF00021804","Splink","SPSF",,,"Native","Bronze","High","Parque Estadual Furnas do Bom Jesus."
"PARQUE ESTADUAL FURNAS DO BOM JESUS","Angiosperms","Rubiaceae","Rudgea","viburnoides","(Cham.) Benth.","RUBIACEAE Rudgea viburnoides (Cham.) Benth.","173951","GBIF","SPF","Junqueira, A.B.","189","Native","Ouro","High","Parque Estadual das Furnas do Bom Jesus, núcleo Chapadão."
"PARQUE ESTADUAL FURNAS DO BOM JESUS","Angiosperms","Rubiaceae","Sabicea","brasiliensis","Wernham","RUBIACEAE Sabicea brasiliensis Wernham","SPSF00036658","Splink","SPSF",,"114","Native","Ouro","High","Parque Estadual das Furnas do Bom Jesus"
"PARQUE ESTADUAL FURNAS DO BOM JESUS","Angiosperms","Rubiaceae","Simira","alba","(Mart.) Delprete, Margalho & Groppo","RUBIACEAE Simira alba (Mart.) Delprete, Margalho & Groppo","SPSF00023317","Splink","SPSF",,"297","Native","Bronze","High","Parque Estadual Furnas do Bom Jesus."
"PARQUE ESTADUAL FURNAS DO BOM JESUS","Angiosperms","Rubiaceae","Sipanea","hispida","Benth. ex Wernham","RUBIACEAE Sipanea hispida Benth. ex Wernham","UEC118209","Splink","UEC",,"807","Native","Ouro","High","Parque Estadual das Furnas do Bom Jesus"
"PARQUE ESTADUAL FURNAS DO BOM JESUS","Angiosperms","Rubiaceae","Tocoyena","formosa","(Cham. & Schltdl.) K.Schum.","RUBIACEAE Tocoyena formosa (Cham. & Schltdl.) K.Schum.","SPSF00021811","Splink","SPSF",,"1500","Native","Prata","High","Parque Estadual das Furnas do Bom Jesus."
"PARQUE ESTADUAL FURNAS DO BOM JESUS","Angiosperms","Rutaceae","Citrus","medica","L.","RUTACEAE Citrus medica L.","173957","GBIF","SPF","Junqueira, A.B.","183","Cultivated","Ouro","High","Propriedade do Sr. Euclides Brentini, vizinha ao Parque Estadual das Furnas do Bom Jesus. Quintal da casa."
"PARQUE ESTADUAL FURNAS DO BOM JESUS","Angiosperms","Rutaceae","Pilocarpus","pauciflorus","A.St.-Hil.","RUTACEAE Pilocarpus pauciflorus A.St.-Hil.","22367","GBIF","SPSF","Macedo, E.E.","262-A","Native","Latão","High","Parque Estadual Furnas do Bom Jesus."
"PARQUE ESTADUAL FURNAS DO BOM JESUS","Angiosperms","Rutaceae","Pilocarpus","spicatus","A.St.-Hil.","RUTACEAE Pilocarpus spicatus A.St.-Hil.","256481","GBIF","MBM","Macedo, E.E.","133","Native","Ouro","High","Parque Estadual das Furnas do Bom Jesus."
"PARQUE ESTADUAL FURNAS DO BOM JESUS","Angiosperms","Rutaceae","Zanthoxylum","rhoifolium","Lam.","RUTACEAE Zanthoxylum rhoifolium Lam.","173959","GBIF","SPF","Junqueira, A.B.","138","Native","Ouro","High","Propriedade do Sr. Euclides Brentini, vizinha ao Parque Estadual das Furnas do Bom Jesus."
"PARQUE ESTADUAL FURNAS DO BOM JESUS","Angiosperms","Salicaceae","Casearia","rupestris","Eichler","SALICACEAE Casearia rupestris Eichler","SPSF00017988","Splink","SPSF",,"145","Native","Ouro","High","Parque Estadual Furnas do Bom Jesus."
"PARQUE ESTADUAL FURNAS DO BOM JESUS","Angiosperms","Salicaceae","Casearia","sylvestris","Sw.","SALICACEAE Casearia sylvestris Sw.","HJBOP0000177","Splink","HJBOP",,"1","Native","Ouro","High","Parque Estadual das Furnas de Bom Jesus."
"PARQUE ESTADUAL FURNAS DO BOM JESUS","Angiosperms","Salicaceae","Prockia","crucis","P.Browne ex L.","SALICACEAE Prockia crucis P.Browne ex L.","23735","GBIF","SPSF","Macedo, E.E.","100A","Native","Latão","High","Parque Estadual Furnas do Bom Jesus."
"PARQUE ESTADUAL FURNAS DO BOM JESUS","Angiosperms","Santalaceae","Phoradendron","crassifolium","(Pohl ex DC.) Eichler","SANTALACEAE Phoradendron crassifolium (Pohl ex DC.) Eichler","085551","GBIF","UEC","Marcondes-Ferreira, W.","863","Native","Ouro","High","Parque Estadual das Furnas do Bom Jesus. Vertente das furnas com vegetação de mata."
"PARQUE ESTADUAL FURNAS DO BOM JESUS","Angiosperms","Sapindaceae","Allophylus","edulis","(A.St.-Hil. et al.) Hieron. ex Niederl.","SAPINDACEAE Allophylus edulis (A.St.-Hil. et al.) Hieron. ex Niederl.","22329","GBIF","SPSF","Macedo, E.E.","140A","Native","Bronze","High","Parque Estadual Furnas do Bom Jesus."
"PARQUE ESTADUAL FURNAS DO BOM JESUS","Angiosperms","Sapindaceae","Cupania","vernalis","Cambess.","SAPINDACEAE Cupania vernalis Cambess.","SPSF00021785","Splink","SPSF",,"740","Native","Bronze","High","Parque Estadual das Furnas do Bom Jesus."
"PARQUE ESTADUAL FURNAS DO BOM JESUS","Angiosperms","Sapindaceae","Paullinia","meliifolia","Juss.","SAPINDACEAE Paullinia meliifolia Juss.","23073","GBIF","SPSF","Macedo, E.E.","257","Native","Ouro","High","Parque Estadual Furnas do Bom Jesus."
"PARQUE ESTADUAL FURNAS DO BOM JESUS","Angiosperms","Sapindaceae","Paullinia","spicata","Benth.","SAPINDACEAE Paullinia spicata Benth.","22273","GBIF","SPSF","Macedo, E.E.","96","Native","Latão","High","Parque Estadual Furnas do Bom Jesus."
"PARQUE ESTADUAL FURNAS DO BOM JESUS","Angiosperms","Sapindaceae","Serjania","erecta","Radlk.","SAPINDACEAE Serjania erecta Radlk.","SPSF00016592","Splink","SPSF",,,"Native","Latão","High","Parque Estadual Furnas do Bom Jesus."
"PARQUE ESTADUAL FURNAS DO BOM JESUS","Angiosperms","Sapindaceae","Serjania","lethalis","A.St.-Hil.","SAPINDACEAE Serjania lethalis A.St.-Hil.","SORO013490","Splink","SORO",,"46","Native","Latão","High","Parque Estadual Furnas do Bom Jesus."
"PARQUE ESTADUAL FURNAS DO BOM JESUS","Angiosperms","Sapindaceae","Serjania","reticulata","Cambess.","SAPINDACEAE Serjania reticulata Cambess.","172937","GBIF","SPF","Sasaki, D.","974","Native","Ouro","High","Parque Estadual das Furnas do Bom Jesus"
"PARQUE ESTADUAL FURNAS DO BOM JESUS","Angiosperms","Sapotaceae","Pouteria","ramiflora","(Mart.) Radlk.","SAPOTACEAE Pouteria ramiflora (Mart.) Radlk.","9060","GBIF","SPSF","Macedo, E.E.","286","Native","Prata","High","Parque Estadual Furnas do Bom Jesus."
"PARQUE ESTADUAL FURNAS DO BOM JESUS","Angiosperms","Scrophulariaceae","Buddleja","stachyoides","Cham. & Schltdl.","SCROPHULARIACEAE Buddleja stachyoides Cham. & Schltdl.","22076","GBIF","SPSF","Guillaumon, J.R.","78","Native","Bronze","High","Parque Estadual Furnas do Bom Jesus."
"PARQUE ESTADUAL FURNAS DO BOM JESUS","Ferns and Lycophytes","Selaginellaceae","Selaginella","marginata","(Humb. & Bonpl. ex Willd.) Spring","SELAGINELLACEAE Selaginella marginata (Humb. & Bonpl. ex Willd.) Spring","SPSF00021797","Splink","SPSF",,"104A","Native","Bronze","High","Parque Estadual Furnas do Bom Jesus."
"PARQUE ESTADUAL FURNAS DO BOM JESUS","Angiosperms","Siparunaceae","Siparuna","brasiliensis","(Spreng.) A.DC.","SIPARUNACEAE Siparuna brasiliensis (Spreng.) A.DC.","SPSF00016072","Splink","SPSF",,,"Native","Bronze","High","Parque Estadual Furnas do Bom Jesus."
"PARQUE ESTADUAL FURNAS DO BOM JESUS","Angiosperms","Siparunaceae","Siparuna","guianensis","Aubl.","SIPARUNACEAE Siparuna guianensis Aubl.","SPSF00027348","Splink","SPSF",,"549","Native","Latão","High","Parque Estadual Furnas do Bom Jesus."
"PARQUE ESTADUAL FURNAS DO BOM JESUS","Angiosperms","Smilacaceae","Smilax","campestris","Griseb.","SMILACACEAE Smilax campestris Griseb.","23092","GBIF","SPSF","Macedo, E.E.","251","Native","Ouro","High","Parque Estadual das Furnas do Bom Jesus.."
"PARQUE ESTADUAL FURNAS DO BOM JESUS","Angiosperms","Smilacaceae","Smilax","goyazana","A.DC.","SMILACACEAE Smilax goyazana A.DC.","SPSF00009236","Splink","SPSF",,"29","Native","Bronze","High","Parque Estadual das Furnas do Bom Jesus - Núcleo Santa Luzia."
"PARQUE ESTADUAL FURNAS DO BOM JESUS","Angiosperms","Solanaceae","Cestrum","pedicellatum","Sendtn.","SOLANACEAE Cestrum pedicellatum Sendtn.","SPF00164258","Splink","SPF",,"597","Native","Ouro","High","Parque Estadual das Furnas do Bom Jesus"
"PARQUE ESTADUAL FURNAS DO BOM JESUS","Angiosperms","Solanaceae","Cestrum","schlechtendalii","G.Don","SOLANACEAE Cestrum schlechtendalii G.Don","23366","GBIF","SPSF","Macedo, E.E.",,"Native","Bronze","High","Parque Estadual das Furnas do Bom Jesus"
"PARQUE ESTADUAL FURNAS DO BOM JESUS","Angiosperms","Solanaceae","Cestrum","strigilatum","Ruiz & Pav.","SOLANACEAE Cestrum strigilatum Ruiz & Pav.","SPSF00021805","Splink","SPSF",,,"Native","Bronze","High","Parque Estadual Furnas do Bom Jesus."
"PARQUE ESTADUAL FURNAS DO BOM JESUS","Angiosperms","Solanaceae","Datura","stramonium","L.","SOLANACEAE Datura stramonium L.","HPL011367","Splink","HPL",,"261","Naturalized","Bronze","High","Coletado no Parque Estadual das Furnas do Bom Jesus."
"PARQUE ESTADUAL FURNAS DO BOM JESUS","Angiosperms","Solanaceae","Nicotiana","tabacum","L.","SOLANACEAE Nicotiana tabacum L.","SPFR009167","Splink","SPFR",,"58","Naturalized","Bronze","High","Propriedade do Sr. Euclides Brentini, vizinha ao Parque Estadual das Furnas do Bom Jesus"
"PARQUE ESTADUAL FURNAS DO BOM JESUS","Angiosperms","Solanaceae","Solanum","asperolanatum","Ruiz & Pav.","SOLANACEAE Solanum asperolanatum Ruiz & Pav.","SPFR009163","Splink","SPFR",,"53","Unknown","Bronze","High","Propriedade do Sr. Euclides Brentini, vizinha ao Parque Estadual das Furnas do Bom Jesus"
"PARQUE ESTADUAL FURNAS DO BOM JESUS","Angiosperms","Solanaceae","Solanum","granulosoleprosum","Dunal","SOLANACEAE Solanum granulosoleprosum Dunal","SPSF00027359","Splink","SPSF",,"523","Native","Ouro","High","Parque Estadual Furnas do Bom Jesus."
"PARQUE ESTADUAL FURNAS DO BOM JESUS","Angiosperms","Solanaceae","Solanum","lycocarpum","A.St.-Hil.","SOLANACEAE Solanum lycocarpum A.St.-Hil.","SPF00172947","Splink","SPF",,"92","Native","Ouro","High","Parque Estadual das Furnas do Bom Jesus"
"PARQUE ESTADUAL FURNAS DO BOM JESUS","Angiosperms","Solanaceae","Solanum","palinacanthum","Dunal","SOLANACEAE Solanum palinacanthum Dunal","SPSF00011052","Splink","SPSF",,"1170","Native","Bronze","High","Parque Estadual das Furnas do Bom Jesus."
"PARQUE ESTADUAL FURNAS DO BOM JESUS","Angiosperms","Solanaceae","Solanum","paniculatum","L.","SOLANACEAE Solanum paniculatum L.","23095","GBIF","SPSF","Macedo, E.E.","263A","Native","Prata","High","Parque Estadual das Furnas do Bom Jesus"
"PARQUE ESTADUAL FURNAS DO BOM JESUS","Angiosperms","Solanaceae","Solanum","scuticum","M.Nee","SOLANACEAE Solanum scuticum M.Nee","SPSF00021806","Splink","SPSF",,"23A","Native","Ouro","High","Parque Estadual das Furnas do Bom Jesus."
"PARQUE ESTADUAL FURNAS DO BOM JESUS","Angiosperms","Solanaceae","Solanum","sisymbriifolium","Lam.","SOLANACEAE Solanum sisymbriifolium Lam.","9986","GBIF","SPSF","Macedo, E.E.",,"Native","Bronze","High","Parque Estadual das Furnas do Bom Jesus"
"PARQUE ESTADUAL FURNAS DO BOM JESUS","Angiosperms","Solanaceae","Solanum","variabile","Mart.","SOLANACEAE Solanum variabile Mart.","23364","GBIF","SPSF","Macedo, E.E.","73","Native","Prata","High","Parque Estadual Furnas do Bom Jesus"
"PARQUE ESTADUAL FURNAS DO BOM JESUS","Angiosperms","Styracaceae","Styrax","camporum","Pohl","STYRACACEAE Styrax camporum Pohl","SPSF00022063","Splink","SPSF",,"145","Native","Ouro","High","Parque Estadual das Furnas do Bom Jesus."
"PARQUE ESTADUAL FURNAS DO BOM JESUS","Angiosperms","Styracaceae","Styrax","ferrugineus","Nees & Mart.","STYRACACEAE Styrax ferrugineus Nees & Mart.","SPSF00023556","Splink","SPSF",,"18","Native","Ouro","High","Parque Estadual das Furnas do Bom Jesus."
"PARQUE ESTADUAL FURNAS DO BOM JESUS","Angiosperms","Symplocaceae","Symplocos","falcata","Brand","SYMPLOCACEAE Symplocos falcata Brand","37844","GBIF","SPSF","Macedo, E.E.",,"Native","Bronze","Low","P.E.Furnas do Bom Jesus"
"PARQUE ESTADUAL FURNAS DO BOM JESUS","Angiosperms","Symplocaceae","Symplocos","nitens","(Pohl) Benth.","SYMPLOCACEAE Symplocos nitens (Pohl) Benth.","37378","GBIF","SPSF","Polisel, R.T.","180","Native","Ouro","High","Parque Estadual das Furnas do Bom Jesus"
"PARQUE ESTADUAL FURNAS DO BOM JESUS","Angiosperms","Talinaceae","Talinum","paniculatum","(Jacq.) Gaertn.","TALINACEAE Talinum paniculatum (Jacq.) Gaertn.","23093","GBIF","SPSF","Macedo, E.E.","253","Native","Ouro","High","Parque Estadual das Furnas do Bom Jesus"
"PARQUE ESTADUAL FURNAS DO BOM JESUS","Angiosperms","Turneraceae","Piriqueta","aurea","(Cambess.) Urb.","TURNERACEAE Piriqueta aurea (Cambess.) Urb.","172962","GBIF","SPF","Sasaki, D.","910","Native","Ouro","High","Parque Estadual das Furnas do Bom Jesus, Cerrado em encosta próxima ao encontro dos córregos Pedregulho e Bom Jesus."
"PARQUE ESTADUAL FURNAS DO BOM JESUS","Angiosperms","Turneraceae","Piriqueta","cistoides","(L.) Griseb.","TURNERACEAE Piriqueta cistoides (L.) Griseb.","23087","GBIF","SPSF","Macedo, E.E.","223","Native","Bronze","High","Parque Estadual Furnas do Bom Jesus."
"PARQUE ESTADUAL FURNAS DO BOM JESUS","Angiosperms","Turneraceae","Turnera","oblongifolia","Cambess.","TURNERACEAE Turnera oblongifolia var. oblongifolia Cambess.","23067","GBIF","SPSF","Macedo, E.E.","238","Native","Ouro","High","Parque Estadual Furnas do Bom Jesus."
"PARQUE ESTADUAL FURNAS DO BOM JESUS","Angiosperms","Urticaceae","Cecropia","pachystachya","Trécul","URTICACEAE Cecropia pachystachya Trécul","10914","GBIF","SPSF","Macedo, E.E.","325","Native","Ouro","High","Parque Estadual Furnas do Bom Jesus."
"PARQUE ESTADUAL FURNAS DO BOM JESUS","Angiosperms","Urticaceae","Phenax","angustifolius","(Kunth) Wedd.","URTICACEAE Phenax angustifolius (Kunth) Wedd.","7977","Splink","CTBS",,"193","Native","Ouro","High","Parque Estadual Furnas do Bom Jesus, Núcleo Chapadão"
"PARQUE ESTADUAL FURNAS DO BOM JESUS","Angiosperms","Urticaceae","Urera","baccifera","(L.) Gaudich. ex Wedd.","URTICACEAE Urera baccifera (L.) Gaudich. ex Wedd.","173977","GBIF","SPF","Junqueira, A.B.","197","Native","Ouro","High","Parque Estadual das Furnas do Bom Jesus, Parque Estadual das Furnas do Bom Jesus, núcleo Chapadão. Beira da estrada, descendo em direção à antiga fazenda abandonada."
"PARQUE ESTADUAL FURNAS DO BOM JESUS","Angiosperms","Velloziaceae","Vellozia","glauca","Pohl","VELLOZIACEAE Vellozia glauca Pohl","370589","GBIF","SP","Mello-Silva, R.","1948","Native","Ouro","High","Parque Estadual das Furnas do Bom Jesus. Furnas"
"PARQUE ESTADUAL FURNAS DO BOM JESUS","Angiosperms","Verbenaceae","Aloysia","gratissima","(Gillies & Hook.) Tronc.","VERBENACEAE Aloysia gratissima (Gillies & Hook.) Tronc.","CESJ051827","Splink","CESJ",,"79","Native","Ouro","High","Parque Estadual das Furnas do Bom Jesus, Região de Santa Luzia, próximo a porteira."
"PARQUE ESTADUAL FURNAS DO BOM JESUS","Angiosperms","Verbenaceae","Lantana","camara","L.","VERBENACEAE Lantana camara L.","289687","Splink","SP",,"831","Naturalized","Ouro","High","Parque Estadual Furnas do Bom Jesus"
"PARQUE ESTADUAL FURNAS DO BOM JESUS","Angiosperms","Verbenaceae","Lantana","canescens","Kunth","VERBENACEAE Lantana canescens Kunth","51829","GBIF","CESJ","Macedo, E.E.","105","Native","Ouro","High","Parque Estadual das Furnas do Bom Jesus, 20º13' S, 47º26' W"
"PARQUE ESTADUAL FURNAS DO BOM JESUS","Angiosperms","Verbenaceae","Lantana","glaziovii","Moldenke","VERBENACEAE Lantana glaziovii Moldenke","SPF00160251","Splink","SPF",,"763","Native","Bronze","High","Parque Estadual das Furnas do Bom Jesus"
"PARQUE ESTADUAL FURNAS DO BOM JESUS","Angiosperms","Verbenaceae","Lantana","horrida","Kunth","VERBENACEAE Lantana horrida Kunth","SPSF00022044","Splink","SPSF",,"154","Unknown","Latão","Low","P.E.Furnas do Bom Jesus, Neca Pedro II."
"PARQUE ESTADUAL FURNAS DO BOM JESUS","Angiosperms","Verbenaceae","Lantana","trifolia","L.","VERBENACEAE Lantana trifolia L.","SPSF00016089","Splink","SPSF",,,"Native","Latão","High","Parque Estadual Furnas do Bom Jesus."
"PARQUE ESTADUAL FURNAS DO BOM JESUS","Angiosperms","Verbenaceae","Lippia","lasiocalycina","Cham.","VERBENACEAE Lippia lasiocalycina Cham.","CESJ051768","Splink","CESJ",,"226","Native","Ouro","High","Parque Estadual Furnas do Bom Jesus, 20º13' S, 47º26' W."
"PARQUE ESTADUAL FURNAS DO BOM JESUS","Angiosperms","Verbenaceae","Lippia","lupulina","Cham.","VERBENACEAE Lippia lupulina Cham.","476918","Splink","SP",,"300","Native","Ouro","High","Parque Estadual Furnas do Bom Jesus, próximo à Fazenda do Marzola"
"PARQUE ESTADUAL FURNAS DO BOM JESUS","Angiosperms","Verbenaceae","Lippia","origanoides","Kunth","VERBENACEAE Lippia origanoides Kunth","CESJ051766","Splink","CESJ",,"202","Native","Ouro","High","Parque Estadual das Furnas do Bom Jesus, 20º13' s, 47º26' W."
"PARQUE ESTADUAL FURNAS DO BOM JESUS","Angiosperms","Verbenaceae","Lippia","primulina","S.Moore","VERBENACEAE Lippia primulina S.Moore","SPSF00016569","Splink","SPSF",,"s/n","Native","Ouro","High","Parque Estadual Furnas do Bom Jesus."
"PARQUE ESTADUAL FURNAS DO BOM JESUS","Angiosperms","Verbenaceae","Lippia","sericea","Cham.","VERBENACEAE Lippia sericea Cham.","370223","Splink","SP",,"289","Native","Ouro","High","Parque Estadual Furnas do Bom Jesus"
"PARQUE ESTADUAL FURNAS DO BOM JESUS","Angiosperms","Verbenaceae","Lippia","stachyoides","Cham.","VERBENACEAE Lippia stachyoides Cham.","SPF00160246","Splink","SPF",,"151","Native","Bronze","High","Parque Estadual das Furnas do Bom Jesus"
"PARQUE ESTADUAL FURNAS DO BOM JESUS","Angiosperms","Verbenaceae","Stachytarpheta","gesnerioides","Cham.","VERBENACEAE Stachytarpheta gesnerioides Cham.","172990","GBIF","SPF","Sasaki, D.","930","Native","Ouro","High","Parque Estadual das Furnas do Bom Jesus"
"PARQUE ESTADUAL FURNAS DO BOM JESUS","Angiosperms","Vitaceae","Cissus","erosa","Rich.","VITACEAE Cissus erosa Rich.","SPSF00036682","Splink","SPSF",,"113","Native","Ouro","High","Parque Estadual Furnas do Bom Jesus"
"PARQUE ESTADUAL FURNAS DO BOM JESUS","Angiosperms","Vitaceae","Cissus","verticillata","(L.) Nicolson & C.E.Jarvis","VITACEAE Cissus verticillata (L.) Nicolson & C.E.Jarvis","SPSF00032321","Splink","SPSF",,"309","Native","Latão","High","Parque Estadual Furnas do Bom Jesus."
"PARQUE ESTADUAL FURNAS DO BOM JESUS","Angiosperms","Vochysiaceae","Qualea","grandiflora","Mart.","VOCHYSIACEAE Qualea grandiflora Mart.","135574","GBIF","UEC","Sasaki, D.","576","Native","Ouro","High","Parque Estadual das Furnas do Bom Jesus"
"PARQUE ESTADUAL FURNAS DO BOM JESUS","Angiosperms","Vochysiaceae","Qualea","multiflora","Mart.","VOCHYSIACEAE Qualea multiflora Mart.","SPSF00023552","Splink","SPSF",,"10A","Native","Ouro","High","Parque Estadual das Furnas do Bom Jesus - Núcleo Santa Luzia."
"PARQUE ESTADUAL FURNAS DO BOM JESUS","Angiosperms","Vochysiaceae","Qualea","parviflora","Mart.","VOCHYSIACEAE Qualea parviflora Mart.","23104","GBIF","SPSF","Macedo, E.E.","158","Native","Ouro","High","Parque Estadual das Furnas de Bom Jesus , Solo arenoso."
"PARQUE ESTADUAL FURNAS DO BOM JESUS","Angiosperms","Vochysiaceae","Salvertia","convallariodora","A.St.-Hil.","VOCHYSIACEAE Salvertia convallariodora A.St.-Hil.","SPSF00027421","Splink","SPSF",,"507","Native","Ouro","High","Parque Estadual Furnas do Bom Jesus."
"PARQUE ESTADUAL FURNAS DO BOM JESUS","Angiosperms","Vochysiaceae","Vochysia","cinnamomea","Pohl","VOCHYSIACEAE Vochysia cinnamomea Pohl","173002","GBIF","SPF","Sasaki, D.","94","Native","Ouro","High","Parque Estadual das Furnas do Bom Jesus"
"PARQUE ESTADUAL FURNAS DO BOM JESUS","Angiosperms","Vochysiaceae","Vochysia","rufa","Mart.","VOCHYSIACEAE Vochysia rufa Mart.","36623","GBIF","SPSF","Sasaki, D.","416","Native","Ouro","High","Parque Estadual Furnas do Bom Jesus"
"PARQUE ESTADUAL FURNAS DO BOM JESUS","Angiosperms","Vochysiaceae","Vochysia","tucanorum","Mart.","VOCHYSIACEAE Vochysia tucanorum Mart.","11060","GBIF","SPSF","Macedo, E.E.","1130","Native","Prata","High","Parque Estadual das Furnas do Bom Jesus."
"PARQUE ESTADUAL FURNAS DO BOM JESUS","Angiosperms","Xyridaceae","Xyris",,"Gronov. ex L.","XYRIDACEAE Xyris Gronov. ex L.","SPSF00038258","Splink","SPSF",,,,"Latão","High","Parque Estadual Furnas do Bom Jesus."
"PARQUE ESTADUAL FURNAS DO BOM JESUS","Angiosperms","Zingiberaceae","Hedychium","coronarium","J.Koenig","ZINGIBERACEAE Hedychium coronarium J.Koenig","131618672","GBIF","Observations","Wdawson",,"Naturalized","Bronze","High","Parque Estadual Furnas do Bom Jesus - Av. Orestes Quércia, km 0,7 s/n Centro - Pedregulho, SP, 14470-000, Brazil"
