"UC","Grupos","Família","Gênero","Espécie","Autor","Táxon_completo","Barcode","BD_Origem","Herbário","Coletor","Número_da_Coleta","Origem_FFBr","ConfiançaID","ConfiançaLoc","Imagens","Localidade"
"PARQUE ESTADUAL MORRO DO DIABO","Angiosperms","Acanthaceae","Clistax","brasiliensis","Mart.","ACANTHACEAE Clistax brasiliensis Mart.","UEC063962","Splink","UEC",,"s.n.","Native","Ouro","High",,"Parque Estadual Morro do Diabo Trilha Morro do Diabo."
"PARQUE ESTADUAL MORRO DO DIABO","Angiosperms","Acanthaceae","Justicia","brasiliana","Roth","ACANTHACEAE Justicia brasiliana Roth","151452","Splink","SP",,"433","Native","Ouro","High",,"Morro do Diabo"
"PARQUE ESTADUAL MORRO DO DIABO","Angiosperms","Acanthaceae","Justicia","cydoniifolia","(Nees) Lindau","ACANTHACEAE Justicia cydoniifolia (Nees) Lindau","SPSF00012287","Splink","SPSF",,"18420","Native","Ouro","High",,"Reserva Florestal do Morro do Diabo."
"PARQUE ESTADUAL MORRO DO DIABO","Angiosperms","Acanthaceae","Mendoncia","velloziana","Mart.","ACANTHACEAE Mendoncia velloziana Mart.","113869","GBIF","SPF","Rodrigues, V.S.","41","Native","Ouro","High","https://images.cria.org.br/viewer/SPF00113869","Parque Estadual Morro do Diabo"
"PARQUE ESTADUAL MORRO DO DIABO","Angiosperms","Acanthaceae","Ruellia","brevifolia","(Pohl) C.Ezcurra","ACANTHACEAE Ruellia brevifolia (Pohl) C.Ezcurra","55346","GBIF","HUFU","Oliveira, R.S.","39","Native","Ouro","High","https://images.cria.org.br/viewer/HUFU00000294","Parque Estadual do Morro do Diabo"
"PARQUE ESTADUAL MORRO DO DIABO","Angiosperms","Alismataceae","Sagittaria","montevidensis","Cham. & Schltdl.","ALISMATACEAE Sagittaria montevidensis subsp. montevidensis Cham. & Schltdl.","96195","GBIF","UEC","Faria, A.D.","97723","Native","Bronze","High","https://images.cria.org.br/viewer/UEC090211","Reserva Florestal do Morro do Diabo. Instituto Florestal."
"PARQUE ESTADUAL MORRO DO DIABO","Angiosperms","Amaranthaceae","Alternanthera","lanceolata","(Benth.) Schinz","AMARANTHACEAE Alternanthera lanceolata (Benth.) Schinz","79715","GBIF","UEC","Fortes, A.M.T.","27","Native","Bronze","High",,"Parque Estadual Morro do Diabo."
"PARQUE ESTADUAL MORRO DO DIABO","Angiosperms","Amaranthaceae","Alternanthera","puberula","D.Dietr.","AMARANTHACEAE Alternanthera puberula D.Dietr.","84143","GBIF","UEC","Daniel, H.","s.n.","Native","Bronze","High",,"Parque Estadual do Morro do Diabo"
"PARQUE ESTADUAL MORRO DO DIABO","Angiosperms","Amaranthaceae","Iresine",,"P.Browne","AMARANTHACEAE Iresine P.Browne","151470","GBIF","SP","Silva, J.S.","451",,"Latão","High",,"Morro do Diabo, a 25 km W de Teodoro Sampaio"
"PARQUE ESTADUAL MORRO DO DIABO","Angiosperms","Anacardiaceae","Anacardium","humile","A.St.-Hil.","ANACARDIACEAE Anacardium humile A.St.-Hil.","251370","GBIF","SP","Romaniuc Neto, S.","1210","Native","Ouro","High",,"Morro do Diabo"
"PARQUE ESTADUAL MORRO DO DIABO","Angiosperms","Anacardiaceae","Astronium","graveolens","Jacq.","ANACARDIACEAE Astronium graveolens Jacq.","RB00039437","GBIF","RB","Leite, P.F.","54","Native","Ouro","High","jbrj-public-img.s3-sa-east-1.amazonaws.com/JPG/rb/0/3/94/37/00039437.jpg","Município de Teodora Sampaio, 8 Km da sede da Reserva para oeste. Parque Estadual Morro do Diabo"
"PARQUE ESTADUAL MORRO DO DIABO","Angiosperms","Anacardiaceae","Tapirira","guianensis","Aubl.","ANACARDIACEAE Tapirira guianensis Aubl.","45131","GBIF","UEC","Tamashiro, J.Y.","18852","Native","Ouro","High","https://images.cria.org.br/viewer/UEC077234","Reserva do Morro do Diabo"
"PARQUE ESTADUAL MORRO DO DIABO","Ferns and Lycophytes","Anemiaceae","Anemia","ferruginea","Humb. & Bonpl. ex Kunth","ANEMIACEAE Anemia ferruginea Humb. & Bonpl. ex Kunth","SPSF00018836","Splink","SPSF",,"1576","Native","Bronze","High",,"Região do Pontal Paranapanema, Parque Estadual Morro do Diabo, cerca 30 km da Sede pela trilha, Córrego 7 de Setembro ou Rio da Onça ou Angelim"
"PARQUE ESTADUAL MORRO DO DIABO","Ferns and Lycophytes","Anemiaceae","Anemia","phyllitidis","(L.) Sw.","ANEMIACEAE Anemia phyllitidis (L.) Sw.","SPSF00018849","Splink","SPSF",,"1563","Native","Ouro","High",,"Parque Estadual Morro do Diabo."
"PARQUE ESTADUAL MORRO DO DIABO","Angiosperms","Annonaceae","Annona",,"L.","ANNONACEAE Annona L.","276112","GBIF","SP","Aguiar, O.T.","549",,"Latão","High","https://images.cria.org.br/viewer/SP010257","Parque Estadual Morro do Diabo, Morro, trilha da subida"
"PARQUE ESTADUAL MORRO DO DIABO","Angiosperms","Annonaceae","Duguetia","lanceolata","A.St.-Hil.","ANNONACEAE Duguetia lanceolata A.St.-Hil.","ICN00027762","Splink","ICN",,"201","Native","Ouro","High",,"Parque estadual do Morro do Diabo"
"PARQUE ESTADUAL MORRO DO DIABO","Angiosperms","Apocynaceae","Asclepias","curassavica","L.","APOCYNACEAE Asclepias curassavica L.","FUEL029414","Splink","FUEL",,"17","Native","Prata","High",,"Parque Estadual Morro do Diabo"
"PARQUE ESTADUAL MORRO DO DIABO","Angiosperms","Apocynaceae","Aspidosperma","cylindrocarpon","Müll.Arg.","APOCYNACEAE Aspidosperma cylindrocarpon Müll.Arg.","327105","GBIF","SP","Baitello, J.B.","171","Native","Ouro","High",,"Parque Estadual Morro do Diabo"
"PARQUE ESTADUAL MORRO DO DIABO","Angiosperms","Apocynaceae","Aspidosperma","polyneuron","Müll.Arg.","APOCYNACEAE Aspidosperma polyneuron Müll.Arg.","44083","GBIF","UEC","Tamashiro, J.Y.","18779","Native","Ouro","High","https://images.cria.org.br/viewer/UEC109188","Reserva do Morro do Diabo."
"PARQUE ESTADUAL MORRO DO DIABO","Angiosperms","Apocynaceae","Calotropis","procera","(Aiton) W.T.Aiton","APOCYNACEAE Calotropis procera (Aiton) W.T.Aiton","SPF00211777","Splink","SPF",,"3632","Naturalized","Bronze","Low",,
"PARQUE ESTADUAL MORRO DO DIABO","Angiosperms","Apocynaceae","Forsteronia","cordata","(Müll.Arg.) Woodson","APOCYNACEAE Forsteronia cordata (Müll.Arg.) Woodson","SPF00211784","Splink","SPF",,"3644","Native","Bronze","High",,"Parque Estadual Morro do Diabo"
"PARQUE ESTADUAL MORRO DO DIABO","Angiosperms","Apocynaceae","Orthosia","urceolata","E.Fourn.","APOCYNACEAE Orthosia urceolata E.Fourn.","276927","GBIF","SP","Esteves, R.L.","110","Native","Bronze","High",,"Parque Estadual Morro do Diabo, Região do Caldeirão"
"PARQUE ESTADUAL MORRO DO DIABO","Angiosperms","Apocynaceae","Prestonia","tomentosa","R.Br.","APOCYNACEAE Prestonia tomentosa R.Br.","45004","GBIF","UEC","Tamashiro, J.Y.","18832","Native","Bronze","High","https://images.cria.org.br/viewer/UEC178691","Reserva do Morro do Diabo."
"PARQUE ESTADUAL MORRO DO DIABO","Angiosperms","Apocynaceae","Rhodocalyx","riedelii","(Müll.Arg.) J.F.Morales & M.E.Endress","APOCYNACEAE Rhodocalyx riedelii (Müll.Arg.) J.F.Morales & M.E.Endress","69307","GBIF","UEC","Aguiar, O.T.","552","Native","Bronze","High","https://images.cria.org.br/viewer/UEC178674","Parque Estadual Morro do Diabo, Topo do morro, na mata"
"PARQUE ESTADUAL MORRO DO DIABO","Angiosperms","Apocynaceae","Ruehssia","altissima","(Jacq.) F.Esp.Santo & Rapini","APOCYNACEAE Ruehssia altissima (Jacq.) F.Esp.Santo & Rapini","214427","GBIF","SPF","Ceccantini, G.C.T.","3668","Native","Bronze","High",,"Parque Estadual Morro do Diabo"
"PARQUE ESTADUAL MORRO DO DIABO","Angiosperms","Apocynaceae","Tabernaemontana","catharinensis","A.DC.","APOCYNACEAE Tabernaemontana catharinensis A.DC.","277745","Splink","SP",,"3075","Native","Ouro","High",,"Parque Estadual Morro do Diabo, Apesal, próximo ao aeroporto"
"PARQUE ESTADUAL MORRO DO DIABO","Angiosperms","Apocynaceae","Tabernaemontana","hystrix","Steud.","APOCYNACEAE Tabernaemontana hystrix Steud.","SPF00097150","Splink","SPF",,"1307","Native","Prata","High",,"Parque Estadual Morro do Diabo, Estrada do 7000, ao longo do caminho."
"PARQUE ESTADUAL MORRO DO DIABO","Angiosperms","Apocynaceae","Vailia","picta","(Vahl) Morillo","APOCYNACEAE Vailia picta (Vahl) Morillo","HB000014203","Splink","HB",,"570","Native","Bronze","High",,"Parque Estadual do Morro do Diabo, estrada do 7000, margem do caminho"
"PARQUE ESTADUAL MORRO DO DIABO","Angiosperms","Aquifoliaceae","Ilex","brasiliensis","(Spreng.) Loes.","AQUIFOLIACEAE Ilex brasiliensis (Spreng.) Loes.","39498","GBIF","FUEL","Faria, H.H.","266","Native","Bronze","High",,"Parque Estadual do Morro do Diabo, região do estreito"
"PARQUE ESTADUAL MORRO DO DIABO","Angiosperms","Aquifoliaceae","Ilex","brevicuspis","Reissek","AQUIFOLIACEAE Ilex brevicuspis Reissek","112350","GBIF","SPF","Fonseca, E.C.","s.n.","Native","Ouro","High","https://images.cria.org.br/viewer/SPF00112350","Parque Estadual Morro do Diabo"
"PARQUE ESTADUAL MORRO DO DIABO","Angiosperms","Aquifoliaceae","Ilex","paraguariensis","A.St.-Hil.","AQUIFOLIACEAE Ilex paraguariensis A.St.-Hil.","SPSF00017857","Splink","SPSF",,"720","Native","Ouro","High",,"Parque Estadual Morro do Diabo"
"PARQUE ESTADUAL MORRO DO DIABO","Angiosperms","Araceae","Thaumatophyllum","bipinnatifidum","(Schott ex Endl.) Sakur., Calazans & Mayo","ARACEAE Thaumatophyllum bipinnatifidum (Schott ex Endl.) Sakur., Calazans & Mayo","109100132","GBIF","Observations","Martins, P.H.",,"Native","Bronze","High",,"Parque Estadual do Morro do Diabo - Viscenal Rubens Carlos Herling , 028, Km 11 Morro do Diabo - Teodoro Sampaio, SP, 19280-000, Brasil"
"PARQUE ESTADUAL MORRO DO DIABO",,"Araceae|Rubiaceae","Zantedeschia|Richardia",,"Spreng.|L.","ARACEAE|RUBIACEAE Zantedeschia Spreng.|Richardia L.","SP062385","Splink","SP-BRYOPHYTA",,"2164",,"Latão","High",,"Morro do Diabo"
"PARQUE ESTADUAL MORRO DO DIABO","Angiosperms","Araliaceae","Dendropanax","cuneatus","(DC.) Decne. & Planch.","ARALIACEAE Dendropanax cuneatus (DC.) Decne. & Planch.","SPSF00017283","Splink","SPSF",,"115","Native","Ouro","High",,"Parque Estadual do Morro do Diabo, na margem do ribeirão do Estreito"
"PARQUE ESTADUAL MORRO DO DIABO","Angiosperms","Araliaceae","Didymopanax","calvus","(Cham.) Decne. & Planch.","ARALIACEAE Didymopanax calvus (Cham.) Decne. & Planch.","85761","GBIF","UEC","Aguiar, O.T.","480","Native","Ouro","High",,"Parque Estadual do Morro do Diabo"
"PARQUE ESTADUAL MORRO DO DIABO","Angiosperms","Araliaceae","Didymopanax","morototoni","(Aubl.) Decne. & Planch.","ARALIACEAE Didymopanax morototoni (Aubl.) Decne. & Planch.","SPSF00013594","Splink","SPSF",,"365","Native","Ouro","High",,"Parque Estadual Morro do Diabo. Região de Pinus."
"PARQUE ESTADUAL MORRO DO DIABO","Angiosperms","Araliaceae","Didymopanax","vinosus","(Cham. & Schltdl.) Marchal","ARALIACEAE Didymopanax vinosus (Cham. & Schltdl.) Marchal","SPSF00017348","Splink","SPSF",,"684","Native","Ouro","High",,"Parque Estadual do Morro do Diabo, estrada do Estreito"
"PARQUE ESTADUAL MORRO DO DIABO","Angiosperms","Arecaceae","Allagoptera","leucocalyx","(Drude) Kuntze","ARECACEAE Allagoptera leucocalyx (Drude) Kuntze","SPSF00008653","Splink","SPSF",,"s/n","Native","Ouro","High",,"Reserva do Morro do Diabo."
"PARQUE ESTADUAL MORRO DO DIABO","Angiosperms","Arecaceae","Geonoma","pohliana","Mart.","ARECACEAE Geonoma pohliana Mart.","288599","GBIF","SP","Esteves, R.L.","111","Native","Bronze","High",,"Parque Estadual Morro do Diabo, Região do Caldeirão"
"PARQUE ESTADUAL MORRO DO DIABO","Angiosperms","Aristolochiaceae","Aristolochia","trilobata","L.","ARISTOLOCHIACEAE Aristolochia trilobata L.","140166","GBIF","UEC","Singer, R.B.","s.n.","Native","Bronze","High","https://images.cria.org.br/viewer/UEC036614","Parque Estadual Morro do Diabo"
"PARQUE ESTADUAL MORRO DO DIABO","Ferns and Lycophytes","Aspleniaceae","Asplenium","auritum","Sw.","ASPLENIACEAE Asplenium auritum Sw.","SPSF00018965","Splink","SPSF",,"1574","Native","Ouro","High",,"morro do diabo."
"PARQUE ESTADUAL MORRO DO DIABO","Ferns and Lycophytes","Aspleniaceae","Asplenium","claussenii","Hieron.","ASPLENIACEAE Asplenium claussenii Hieron.","SPSF00018877","Splink","SPSF",,"1520","Native","Ouro","High",,"morro do diabo."
"PARQUE ESTADUAL MORRO DO DIABO","Ferns and Lycophytes","Aspleniaceae","Asplenium","flabellulatum","Kunze","ASPLENIACEAE Asplenium flabellulatum Kunze","SPSF00018953","Splink","SPSF",,"1629","Native","Ouro","High",,"morro do diabo."
"PARQUE ESTADUAL MORRO DO DIABO","Ferns and Lycophytes","Aspleniaceae","Asplenium","otites","Link","ASPLENIACEAE Asplenium otites Link","14508","GBIF","FUEL","Soares-Silva, L.H.","s.n.","Native","Bronze","High",,"Parque Estadual Morro do Diabo"
"PARQUE ESTADUAL MORRO DO DIABO","Ferns and Lycophytes","Aspleniaceae","Asplenium","serratum","L.","ASPLENIACEAE Asplenium serratum L.","NY02240824","GBIF","NY","Lopes, E.A.","2708","Native","Ouro","High","jbrj-public.s3-sa-east-1.amazonaws.com/fsi/server?type=image&source=DZI/newyork/ny_/2/24/8/24/ny_02240824.dzi","Parque Estadual do Morro do Diabo. Rodovia Arlindo Beril, ca. 13.5 km da cidade."
"PARQUE ESTADUAL MORRO DO DIABO","Ferns and Lycophytes","Aspleniaceae","Asplenium","stuebelianum","Hieron.","ASPLENIACEAE Asplenium stuebelianum Hieron.","SPSF00018958","Splink","SPSF",,"1546","Native","Ouro","High",,"morro do diabo."
"PARQUE ESTADUAL MORRO DO DIABO","Ferns and Lycophytes","Aspleniaceae","Hymenasplenium","triquetrum","(N. Murak. & R.C. Moran) L. Regalado & Prada","ASPLENIACEAE Hymenasplenium triquetrum (N. Murak. & R.C. Moran) L. Regalado & Prada","11142","GBIF","SJRP","Pietrobom-Silva, M.R.","1597","Native","Bronze","High","https://images.cria.org.br/viewer/SJRP00014161","Região do Pontal do Paranapanema, Parque Estadual Morro do Diabo, ca. 17 km da cidade, Rodovia SP 613/Teodoro Sampaio-Rosana, cerca 5 km da Rodovia pela Trilha, Córrego Caldeirão."
"PARQUE ESTADUAL MORRO DO DIABO","Angiosperms","Asteraceae","Austroeupatorium","inulaefolium","(Kunth) R.M.King & H.Rob.","ASTERACEAE Austroeupatorium inulaefolium (Kunth) R.M.King & H.Rob.","278638","GBIF","SP","Esteves, R.L.","92","Native","Bronze","High",,"Parque Estadual Morro do Diabo, Estrada do 7.000"
"PARQUE ESTADUAL MORRO DO DIABO","Angiosperms","Asteraceae","Baccharis","dracunculifolia","DC.","ASTERACEAE Baccharis dracunculifolia DC.","SPSF00027138","Splink","SPSF",,"206","Native","Ouro","High",,"Parque Estadual do Morro do Diabo."
"PARQUE ESTADUAL MORRO DO DIABO","Angiosperms","Asteraceae","Baccharis","punctulata","DC.","ASTERACEAE Baccharis punctulata DC.","55323","GBIF","HUFU","Oliveira, R.S.","15","Native","Ouro","High","https://images.cria.org.br/viewer/HUFU00042105","Parque Estadual do Morro do Diabo"
"PARQUE ESTADUAL MORRO DO DIABO","Angiosperms","Asteraceae","Baccharis","trinervis","Pers.","ASTERACEAE Baccharis trinervis Pers.","SPSF00012228","Splink","SPSF",,"18426","Native","Ouro","High",,"Parque Estadual do Morro do Diabo."
"PARQUE ESTADUAL MORRO DO DIABO","Angiosperms","Asteraceae","Bidens","pilosa","L.","ASTERACEAE Bidens pilosa L.","PMSP007669","GBIF","PMSP","Esteves, R.",,"Naturalized","Bronze","High","jbrj-public.s3.amazonaws.com/fsi/server?type=image&source=DZI/pmsp/pmsp/0/0/76/69/pmsp00007669.dzi","Parque Estadual do Morro do Diabo, estrada Porto Angelim."
"PARQUE ESTADUAL MORRO DO DIABO","Angiosperms","Asteraceae","Chaptalia","nutans","(L.) Pol.","ASTERACEAE Chaptalia nutans (L.) Pol.","14418","GBIF","FUEL","Sanches, A.C.","s.n.","Native","Ouro","High",,"Parque Estadual Morro do Diabo"
"PARQUE ESTADUAL MORRO DO DIABO","Angiosperms","Asteraceae","Chromolaena","squalida","(DC.) R.M.King & H.Rob.","ASTERACEAE Chromolaena squalida (DC.) R.M.King & H.Rob.","278857","GBIF","SP","Pastore, J.A.","527","Native","Bronze","High",,"Parque Estadual Morro do Diabo, Estrada do Estreito"
"PARQUE ESTADUAL MORRO DO DIABO","Angiosperms","Asteraceae","Chrysolaena","cognata","(Less.) Dematt.","ASTERACEAE Chrysolaena cognata (Less.) Dematt.","277830","GBIF","SP","Kirizawa, M.","3142","Native","Bronze","High",,"Parque Estadual do Morro do Diabo, Rodovia Arlindo Beril, ca. 6 km da cidade; beira da rodovia"
"PARQUE ESTADUAL MORRO DO DIABO","Angiosperms","Asteraceae","Critonia","megaphylla","(Baker) R.M.King & H.Rob.","ASTERACEAE Critonia megaphylla (Baker) R.M.King & H.Rob.","SPSF00012242","Splink","SPSF",,"18410","Native","Ouro","High",,"Reserva Florestal do Morro do Diabo"
"PARQUE ESTADUAL MORRO DO DIABO","Angiosperms","Asteraceae","Dasyphyllum","brasiliense","(Spreng.) Cabrera","ASTERACEAE Dasyphyllum brasiliense (Spreng.) Cabrera","SPSF00012232","Splink","SPSF",,"18423","Native","Ouro","High",,"Reserva Florestal do Morro do Diabo"
"PARQUE ESTADUAL MORRO DO DIABO","Angiosperms","Asteraceae","Eclipta","prostrata","(L.) L.","ASTERACEAE Eclipta prostrata (L.) L.","67043","GBIF","IPA","Baitello, J.B.","s.n.","Native","Ouro","High",,"Parque Estadual do Morro do Diabo, Córrego da Onça."
"PARQUE ESTADUAL MORRO DO DIABO","Angiosperms","Asteraceae","Elephantopus",,"L.","ASTERACEAE Elephantopus L.","278621","GBIF","SP","Baitello, J.B.","682",,"Latão","High",,"Parque Estadual Morro do Diabo, Região do Caldeirão"
"PARQUE ESTADUAL MORRO DO DIABO","Angiosperms","Asteraceae","Emilia","fosbergii","Nicolson","ASTERACEAE Emilia fosbergii Nicolson","14305","GBIF","FUEL","Henrique, L.","s.n.","Naturalized","Ouro","High",,"Parque Estadual Morro do Diabo"
"PARQUE ESTADUAL MORRO DO DIABO","Angiosperms","Asteraceae","Erechtites",,"Raf.","ASTERACEAE Erechtites Raf.","163400","GBIF","UEC","Aona, L.Y.S.","97/250",,"Latão","High","https://images.cria.org.br/viewer/UEC068530","Beira do Rio Paranapiacaba, caminho em direção a sede do Parque Estadual Morro do Diabo."
"PARQUE ESTADUAL MORRO DO DIABO","Angiosperms","Asteraceae","Eupatorium",,"L.","ASTERACEAE Eupatorium L.","14303","GBIF","FUEL","Foloni, J.D.S.","s.n.",,"Latão","High",,"Parque Estadual Morro do Diabo"
"PARQUE ESTADUAL MORRO DO DIABO","Angiosperms","Asteraceae","Lepidaploa","chamissonis","(Less.) H.Rob.","ASTERACEAE Lepidaploa chamissonis (Less.) H.Rob.","55341","GBIF","HUFU","Oliveira, R.S.","34","Native","Ouro","High","https://images.cria.org.br/viewer/HUFU00046807","Parque Estadual do Morro do Diabo"
"PARQUE ESTADUAL MORRO DO DIABO","Angiosperms","Asteraceae","Lepidaploa","salzmannii","(DC.) H.Rob.","ASTERACEAE Lepidaploa salzmannii (DC.) H.Rob.","79720","GBIF","UEC","Almeida, F.S.","29","Native","Bronze","High","https://images.cria.org.br/viewer/UEC134030","Parque Estadual do Morro do Diabo. Trilha do Morro do Diabo."
"PARQUE ESTADUAL MORRO DO DIABO","Angiosperms","Asteraceae","Mikania","cordifolia","(L.f.) Willd.","ASTERACEAE Mikania cordifolia (L.f.) Willd.","SPSF00012245","Splink","SPSF",,"18414","Native","Latão","High",,"Reserva Florestal do Morro do Diabo."
"PARQUE ESTADUAL MORRO DO DIABO","Angiosperms","Asteraceae","Mikania","lindleyana","DC.","ASTERACEAE Mikania lindleyana DC.","122806","GBIF","UB","Leitao Filho, H.F.","18414","Native","Bronze","High",,"Reserva Florestal do Morro do Diabo."
"PARQUE ESTADUAL MORRO DO DIABO","Angiosperms","Asteraceae","Mikania","micrantha","Kunth","ASTERACEAE Mikania micrantha Kunth","ICN00061963","Splink","ICN",,"s.n.","Native","Ouro","High",,"Parque Estadual Morro do Diabo,Trilha do Morro"
"PARQUE ESTADUAL MORRO DO DIABO","Angiosperms","Asteraceae","Moquiniastrum","polymorphum","(Less.) G. Sancho","ASTERACEAE Moquiniastrum polymorphum (Less.) G. Sancho","SPSF00012222","Splink","SPSF",,"18826","Native","Ouro","High",,"Reserva do Morro do Diabo"
"PARQUE ESTADUAL MORRO DO DIABO","Angiosperms","Asteraceae","Orthopappus","angustifolius","(Sw.) Gleason","ASTERACEAE Orthopappus angustifolius (Sw.) Gleason","SPSF00017862","Splink","SPSF",,"725","Native","Bronze","High",,"Parque Estadual do Morro do Diabo."
"PARQUE ESTADUAL MORRO DO DIABO","Angiosperms","Asteraceae","Piptocarpha","axillaris","(Less.) Baker","ASTERACEAE Piptocarpha axillaris (Less.) Baker","77517","GBIF","UEC","Casa, G.D.","00000","Native","Ouro","High","https://images.cria.org.br/viewer/UEC162053","Brasil, SP, Teodoro Sampaio.Trilha do Morro;Parque Estadual Morro do Diabo."
"PARQUE ESTADUAL MORRO DO DIABO","Angiosperms","Asteraceae","Piptocarpha","sellowii","(Sch.Bip.) Baker","ASTERACEAE Piptocarpha sellowii (Sch.Bip.) Baker","76766","GBIF","UEC","Kolb, R.M.","000","Native","Bronze","High","https://images.cria.org.br/viewer/UEC113183","Parque Estadual Morro do Diabo, Trilha Morro do Diabo."
"PARQUE ESTADUAL MORRO DO DIABO","Angiosperms","Asteraceae","Porophyllum","ruderale","(Jacq.) Cass.","ASTERACEAE Porophyllum ruderale (Jacq.) Cass.","PMSP007568","GBIF","PMSP","Kirizawa, M.","3017","Native","Ouro","High","jbrj-public.s3.amazonaws.com/fsi/server?type=image&source=DZI/pmsp/pmsp/0/0/75/68/pmsp00007568.dzi","Parque Estadual do Morro do Diabo, picada 7001. Grande parte em bom estado de preservação, sub-bosque fechado, beira da trilha."
"PARQUE ESTADUAL MORRO DO DIABO","Angiosperms","Asteraceae","Praxelis","grandiflora","(DC.) Sch.Bip.","ASTERACEAE Praxelis grandiflora (DC.) Sch.Bip.","14340","GBIF","FUEL","Almeida, F.S.","40","Native","Ouro","High",,"Parque Estadual Morro do Diabo"
"PARQUE ESTADUAL MORRO DO DIABO","Angiosperms","Asteraceae","Tagetes","minuta","L.","ASTERACEAE Tagetes minuta L.","84088","GBIF","UEC","Armando, D.","13","Naturalized","Ouro","High","https://images.cria.org.br/viewer/UEC129421","Parque Estadual Morro do Diabo"
"PARQUE ESTADUAL MORRO DO DIABO","Angiosperms","Asteraceae","Urolepis","hecatantha","(DC.) R.M.King & H.Rob.","ASTERACEAE Urolepis hecatantha (DC.) R.M.King & H.Rob.","43284","GBIF","UEC","Leitao Filho, H.F.","18417","Native","Ouro","High","https://images.cria.org.br/viewer/UEC130637","Reserva florestal do Morro do Diabo."
"PARQUE ESTADUAL MORRO DO DIABO","Angiosperms","Asteraceae","Vernonanthura","petiolaris","(DC.) H.Rob.","ASTERACEAE Vernonanthura petiolaris (DC.) H.Rob.","43283","GBIF","UEC","Leitao Filho, H.F.","18416","Native","Ouro","High","https://images.cria.org.br/viewer/UEC136851","Reserva Florestal do Morro do Diabo."
"PARQUE ESTADUAL MORRO DO DIABO","Angiosperms","Asteraceae","Vernonia",,"Schreb.","ASTERACEAE Vernonia Schreb.","14304","GBIF","FUEL","Henrique, L.","s.n.",,"Latão","High",,"Parque Estadual Morro do Diabo"
"PARQUE ESTADUAL MORRO DO DIABO","Ferns and Lycophytes","Athyriaceae","Diplazium","cristatum","(Desr.) Alston","ATHYRIACEAE Diplazium cristatum (Desr.) Alston","18837","GBIF","SPSF","Silva, M.R.","1575","Native","Ouro","High",,"Região do Pontal do Paranapanema, Parque Estadual Morro do Diabo, ca. 30 km da Sede pela trilha, Córrego 7 de Setembro ou Rio da Onça ou Angelim."
"PARQUE ESTADUAL MORRO DO DIABO","Ferns and Lycophytes","Athyriaceae","Diplazium","expansum","Willd.","ATHYRIACEAE Diplazium expansum Willd.","18900","GBIF","SPSF","Silva, M.R.","1622","Unknown","Ouro","High",,"Parque Estadual do Morro do Diabo."
"PARQUE ESTADUAL MORRO DO DIABO","Ferns and Lycophytes","Athyriaceae","Diplazium","mattogrossense","A.Samp.","ATHYRIACEAE Diplazium mattogrossense A.Samp.","RB00788178","GBIF","RB","Lopes, E.A.","2710","Native","Bronze","High","jbrj-public-img.s3-sa-east-1.amazonaws.com/JPG/rb/0/78/81/78/00788178.jpg","Parque Estadual do Morro do Diabo"
"PARQUE ESTADUAL MORRO DO DIABO","Angiosperms","Begoniaceae","Begonia","subvillosa","Klotzsch","BEGONIACEAE Begonia subvillosa Klotzsch","277821","GBIF","SP","Kirizawa, M.","3151","Native","Ouro","High",,"Parque Estadual Morro do Diabo, Rodovia Arlindo Beril, ca 8km da cidade. Trilha para o Morro do Diabo"
"PARQUE ESTADUAL MORRO DO DIABO","Angiosperms","Berberidaceae","Berberis",,"L.","BERBERIDACEAE Berberis L.","46349","GBIF","IAC","Chagas, F.","1699",,"Bronze","High",,"Parque Estadual Morro do Diabo, próximo a sede"
"PARQUE ESTADUAL MORRO DO DIABO","Angiosperms","Bignoniaceae","Adenocalymma","bracteatum","(Cham.) DC.","BIGNONIACEAE Adenocalymma bracteatum (Cham.) DC.","211781","GBIF","SPF","Ceccantini, G.C.T.","3641","Native","Ouro","High","https://images.cria.org.br/viewer/SPF00211781","Parque Estadual Morro do Diabo"
"PARQUE ESTADUAL MORRO DO DIABO","Angiosperms","Bignoniaceae","Adenocalymma","marginatum","(Cham.) DC.","BIGNONIACEAE Adenocalymma marginatum (Cham.) DC.","44086","GBIF","UEC","Tamashiro, J.Y.","18782","Native","Ouro","High","https://images.cria.org.br/viewer/UEC139389","Reserva do Morro do Diabo"
"PARQUE ESTADUAL MORRO DO DIABO","Angiosperms","Bignoniaceae","Adenocalymma","paulistarum","Bureau & K.Schum.","BIGNONIACEAE Adenocalymma paulistarum Bureau & K.Schum.","SPSF00012234","Splink","SPSF",,"18412","Native","Ouro","High",,"Reserva Florestal do Morro do Diabo"
"PARQUE ESTADUAL MORRO DO DIABO","Angiosperms","Bignoniaceae","Amphilophium","paniculatum","(L.) Kunth","BIGNONIACEAE Amphilophium paniculatum (L.) Kunth","SPSF00021207","Splink","SPSF",,"144","Native","Ouro","High",,"Parque Estadual Morro do Diabo, Região do sítio Murum."
"PARQUE ESTADUAL MORRO DO DIABO","Angiosperms","Bignoniaceae","Anemopaegma","chamberlaynii","(Sims) Bureau & K.Schum.","BIGNONIACEAE Anemopaegma chamberlaynii (Sims) Bureau & K.Schum.","SPSF00017323","Splink","SPSF",,"491","Native","Ouro","High",,"Parque Estadual Morro do Diabo, Estrada do Estreito, mata degradada com a presença de mandacarús."
"PARQUE ESTADUAL MORRO DO DIABO","Angiosperms","Bignoniaceae","Cuspidaria","lateriflora","(Mart.) DC.","BIGNONIACEAE Cuspidaria lateriflora (Mart.) DC.","211783","GBIF","SPF","Ceccantini, G.C.T.","3643","Native","Ouro","High","https://images.cria.org.br/viewer/SPF00211783","Parque Estadual Morro do Diabo"
"PARQUE ESTADUAL MORRO DO DIABO","Angiosperms","Bignoniaceae","Dolichandra","quadrivalvis","(Jacq.) L.G.Lohmann","BIGNONIACEAE Dolichandra quadrivalvis (Jacq.) L.G.Lohmann","45142","GBIF","UEC","Tamashiro, J.Y.","18838","Native","Bronze","High","https://images.cria.org.br/viewer/UEC078430","Reserva do Morro do Diabo."
"PARQUE ESTADUAL MORRO DO DIABO","Angiosperms","Bignoniaceae","Dolichandra","unguis-cati","(L.) L.G.Lohmann","BIGNONIACEAE Dolichandra unguis-cati (L.) L.G.Lohmann","151448","GBIF","SP","Silva, J.S.","429","Native","Ouro","High","https://images.cria.org.br/viewer/SP058575","Parque Estadual Morro do Diabo, Morro do Diabo, ca 25 km W da cidade de Teodoro Sampaio."
"PARQUE ESTADUAL MORRO DO DIABO","Angiosperms","Bignoniaceae","Fridericia","chica","(Bonpl.) L.G.Lohmann","BIGNONIACEAE Fridericia chica (Bonpl.) L.G.Lohmann","SPSF00017903","Splink","SPSF",,"1325","Native","Ouro","High",,"Parque Estadual Morro do Diabo, Topo do Morro."
"PARQUE ESTADUAL MORRO DO DIABO","Angiosperms","Bignoniaceae","Fridericia","conjugata","(Vell.) L.G.Lohmann","BIGNONIACEAE Fridericia conjugata (Vell.) L.G.Lohmann","214419","GBIF","SPF","Ceccantini, G.C.T.","3648a","Native","Bronze","High",,"Parque Estadual Morro do Diabo"
"PARQUE ESTADUAL MORRO DO DIABO","Angiosperms","Bignoniaceae","Fridericia","florida","(DC.) L.G.Lohmann","BIGNONIACEAE Fridericia florida (DC.) L.G.Lohmann","373570","GBIF","SP","Caruzo, M.B.R.","86","Native","Bronze","High",,"Parque Estadual Morro do Diabo, Estrada de Engenheiro Bráulio, proximo a antida estrada de ferro."
"PARQUE ESTADUAL MORRO DO DIABO","Angiosperms","Bignoniaceae","Handroanthus","heptaphyllus","(Vell.) Mattos","BIGNONIACEAE Handroanthus heptaphyllus (Vell.) Mattos","SPSF00010402","Splink","SPSF",,"190","Native","Ouro","High",,"Parque Estadual do Morro do Diabo."
"PARQUE ESTADUAL MORRO DO DIABO","Angiosperms","Bignoniaceae","Handroanthus","impetiginosus","(Mart. ex DC.) Mattos","BIGNONIACEAE Handroanthus impetiginosus (Mart. ex DC.) Mattos","277658","GBIF","SP","Pastore, J.A.","506","Native","Bronze","High",,"Parque Estadual Morro do Diabo, Estrada do Estreito"
"PARQUE ESTADUAL MORRO DO DIABO","Angiosperms","Bignoniaceae","Handroanthus","umbellatus","(Sond.) Mattos","BIGNONIACEAE Handroanthus umbellatus (Sond.) Mattos","1048532","GBIF","MO","Pickel, D.B.","s.n.(SPSF10572)","Native","Ouro","High",,"Parque Estadual do Morro do Diabo, Mpio. Teodoro Sampaio, Instituto Florestal."
"PARQUE ESTADUAL MORRO DO DIABO","Angiosperms","Bignoniaceae","Jacaranda","caroba","(Vell.) DC.","BIGNONIACEAE Jacaranda caroba (Vell.) DC.","43282","GBIF","UEC","Leitao Filho, H.F.","18424","Native","Bronze","High","https://images.cria.org.br/viewer/UEC140032","Reserva Florestal do Morro do Diabo"
"PARQUE ESTADUAL MORRO DO DIABO","Angiosperms","Bignoniaceae","Mansoa","difficilis","(Cham.) Bureau & K.Schum.","BIGNONIACEAE Mansoa difficilis (Cham.) Bureau & K.Schum.","40548","GBIF","FUEL","Baitello, J.B.","103","Native","Ouro","High",,"Parque Estadual Morro do Diabo"
"PARQUE ESTADUAL MORRO DO DIABO","Angiosperms","Bignoniaceae","Mansoa","glaziovii","Bureau & K.Schum.","BIGNONIACEAE Mansoa glaziovii Bureau & K.Schum.","SPSF00012275","Splink","SPSF",,"18421","Native","Ouro","High",,"Reserva Florestal do Morro do Diabo"
"PARQUE ESTADUAL MORRO DO DIABO","Angiosperms","Bignoniaceae","Pyrostegia","venusta","(Ker Gawl.) Miers","BIGNONIACEAE Pyrostegia venusta (Ker Gawl.) Miers","SPSF00021224","Splink","SPSF",,"80","Native","Ouro","High",,"Parque Estadual do Morro do Diabo."
"PARQUE ESTADUAL MORRO DO DIABO","Angiosperms","Bignoniaceae","Stizophyllum","riparium","(Kunth) Sandwith","BIGNONIACEAE Stizophyllum riparium (Kunth) Sandwith","USw43381","GBIF","US","Acevedo-Rodriguez, P.","16841","Native","Bronze","High","https://collections.nmnh.si.edu/media/?i=13075431; 13075430","Municipio Teodoro Sampaio; Parque Estadual Morro do Diabo."
"PARQUE ESTADUAL MORRO DO DIABO","Angiosperms","Bignoniaceae","Tabebuia",,"Gomes ex DC.","BIGNONIACEAE Tabebuia Gomes ex DC.","11670","Splink","SINBIOTA",,,,"Latão","Low",,"_"
"PARQUE ESTADUAL MORRO DO DIABO","Angiosperms","Bignoniaceae","Tynanthus","cognatus","(Cham.) Miers","BIGNONIACEAE Tynanthus cognatus (Cham.) Miers","SPSF00012292","Splink","SPSF",,"18789","Native","Ouro","High",,"Reserva do Morro do Diabo"
"PARQUE ESTADUAL MORRO DO DIABO","Angiosperms","Bignoniaceae","Zeyheria","tuberculosa","(Vell.) Bureau ex Verl.","BIGNONIACEAE Zeyheria tuberculosa (Vell.) Bureau ex Verl.","HRB00021855","Splink","HRB",,"160","Native","Ouro","High",,"Parque Estadual do Morro do Diabo."
"PARQUE ESTADUAL MORRO DO DIABO","Ferns and Lycophytes","Blechnaceae","Blechnum","occidentale","L.","BLECHNACEAE Blechnum occidentale L.","SJRP00014558","GBIF","SJRP","Pietrobom-Silva, M.R.","1515","Native","Ouro","High","jbrj-public.s3-sa-east-1.amazonaws.com/fsi/server?type=image&source=DZI/sjrp/sjrp/0/1/45/58/sjrp00014558.dzi","morro do diabo."
"PARQUE ESTADUAL MORRO DO DIABO","Ferns and Lycophytes","Blechnaceae","Blechnum","polypodioides","Raddi","BLECHNACEAE Blechnum polypodioides Raddi","MBM197734","Splink","MBM",,"1564","Native","Ouro","High",,"Parque Estadual Morro do Diabo."
"PARQUE ESTADUAL MORRO DO DIABO","Ferns and Lycophytes","Blechnaceae","Neoblechnum","brasiliense","(Desv.) Gasper & V.A.O. Dittrich","BLECHNACEAE Neoblechnum brasiliense (Desv.) Gasper & V.A.O. Dittrich","SJRP00014362","GBIF","SJRP","Pietrobom-Silva, M.R.","1621","Native","Ouro","High","jbrj-public.s3-sa-east-1.amazonaws.com/fsi/server?type=image&source=DZI/sjrp/sjrp/0/1/43/62/sjrp00014362.dzi","morro do diabo."
"PARQUE ESTADUAL MORRO DO DIABO","Ferns and Lycophytes","Blechnaceae","Salpichlaena","volubilis","(Kaulf.) J.Sm.","BLECHNACEAE Salpichlaena volubilis (Kaulf.) J.Sm.","SJRP00014761","Reflora","SJRP","Pietrobom-Silva, M.R.","1618","Native","Ouro","High",,"morro do diabo."
"PARQUE ESTADUAL MORRO DO DIABO","Angiosperms","Boraginaceae",,,"Juss.","BORAGINACEAE Boraginaceae Juss.","FUEL035116","Splink","FUEL",,"22",,"Latão","High",,"Parque Estadual Morro do Diabo"
"PARQUE ESTADUAL MORRO DO DIABO","Angiosperms","Bromeliaceae","Acanthostachys","strobilacea","(Schult. & Schult.f.) Klotzsch","BROMELIACEAE Acanthostachys strobilacea (Schult. & Schult.f.) Klotzsch","11983","GBIF","FUEL","Casa, G.D.","s.n.","Native","Prata","High",,"Parque Estadual Morro do Diabo, Trilha do Morro"
"PARQUE ESTADUAL MORRO DO DIABO","Angiosperms","Bromeliaceae","Aechmea","distichantha","Lem.","BROMELIACEAE Aechmea distichantha Lem.","233281018","GBIF","Observations","Fercravo",,"Native","Bronze","High",,"Parque Estadual Morro do Diabo, Teodoro Sampaio, SP, BR"
"PARQUE ESTADUAL MORRO DO DIABO","Angiosperms","Bromeliaceae","Pseudananas","sagenarius","(Arruda) Camargo","BROMELIACEAE Pseudananas sagenarius (Arruda) Camargo","SP050977","Splink","SP",,"113","Native","Ouro","High",,"Parque Estadual Morro do Diabo, Região do Caldeirão."
"PARQUE ESTADUAL MORRO DO DIABO","Angiosperms","Burseraceae","Protium",,"Burm.f.","BURSERACEAE Protium Burm.f.","HUFU00006955","GBIF","HUFU","Oliveira, R.S.","17",,"Ouro","High","jbrj-public.s3-sa-east-1.amazonaws.com/fsi/server?type=image&source=DZI/hufu/hufu/0/0/69/55/hufu00006955.dzi","Parque Estadual do Morro do Diabo"
"PARQUE ESTADUAL MORRO DO DIABO","Angiosperms","Cactaceae","Cereus","hildmannianus","K.Schum.","CACTACEAE Cereus hildmannianus K.Schum.","278204","GBIF","SP","Aguiar, O.T.","553","Native","Ouro","High",,"Parque Estadual Morro do Diabo"
"PARQUE ESTADUAL MORRO DO DIABO","Angiosperms","Cactaceae","Lepismium","cruciforme","(Vell.) Miq.","CACTACEAE Lepismium cruciforme (Vell.) Miq.","277699","GBIF","SP","Kirizawa, M.","3166","Native","Ouro","High",,"Parque Estadual Morro do Diabo, rodovia Arlindo Beril, ca. 13,5 km da cidade, Mina da serra"
"PARQUE ESTADUAL MORRO DO DIABO","Angiosperms","Campanulaceae","Siphocampylus",,"Pohl","CAMPANULACEAE Siphocampylus Pohl","PEL0001849","Splink","PEL",,"525",,"Latão","High",,"Parque Estadual do Morro do Diabo, estrada do Estreito."
"PARQUE ESTADUAL MORRO DO DIABO","Angiosperms","Cannabaceae","Celtis","boliviensis","Planch.","CANNABACEAE Celtis boliviensis Planch.","277824","GBIF","SP","Kirizawa, M.","3148","Native","Bronze","High",,"Parque Estadual Morro do Diabo"
"PARQUE ESTADUAL MORRO DO DIABO","Angiosperms","Cannabaceae","Celtis","brasiliensis","(Gardner) Planch.","CANNABACEAE Celtis brasiliensis (Gardner) Planch.","33978","Splink","IAC",,"3148","Native","Bronze","High",,"Parque Estadual Morro do Diabo"
"PARQUE ESTADUAL MORRO DO DIABO","Angiosperms","Cannabaceae","Celtis","diffusa","Planch.","CANNABACEAE Celtis diffusa Planch.","298817","Splink","SP",,"540","Native","Bronze","High",,"Parque Estadual Morro do Diabo, estrada do Porto Angelim"
"PARQUE ESTADUAL MORRO DO DIABO","Angiosperms","Cannabaceae","Celtis","spinosa","Spreng.","CANNABACEAE Celtis spinosa Spreng.","HRCB019640","Splink","HRCB",,"743","Native","Ouro","High",,"Parque Estadual do Morro do Diabo trilha da subida"
"PARQUE ESTADUAL MORRO DO DIABO","Angiosperms","Cannabaceae","Trema","micranthum","(L.) Blume","CANNABACEAE Trema micranthum (L.) Blume","SPF00148259","Splink","SPF",,"440","Native","Ouro","High",,"Parque Estadual Morro do Diabo, Morro do Diabo, 25 km de Teodoro Sampaio."
"PARQUE ESTADUAL MORRO DO DIABO","Angiosperms","Cannaceae","Canna",,"L.","CANNACEAE Canna L.","RB00706519","GBIF","RB","Vieira, M.C.W.","797",,"Ouro","High","jbrj-public-img.s3-sa-east-1.amazonaws.com/JPG/rb/0/70/65/19/00706519.jpg","Reserva do Morro do Diabo."
"PARQUE ESTADUAL MORRO DO DIABO","Angiosperms","Capparaceae","Capparidastrum","frondosum","(Jacq.) Cornejo & Iltis","CAPPARACEAE Capparidastrum frondosum (Jacq.) Cornejo & Iltis","278313","GBIF","SP","Aguiar, O.T.","467","Native","Bronze","High",,"Parque Estadual Morro do Diabo, região da Mina da Serra"
"PARQUE ESTADUAL MORRO DO DIABO","Angiosperms","Capparaceae","Monilicarpa","brasiliana","(Banks ex DC.) Cornejo & Iltis","CAPPARACEAE Monilicarpa brasiliana (Banks ex DC.) Cornejo & Iltis","87336","GBIF","UEC","Franco, G.A.D.C.","1303","Native","Ouro","High","https://images.cria.org.br/viewer/UEC064939","Parque Estadual do Morro do Diabo, região da Mina da Serra."
"PARQUE ESTADUAL MORRO DO DIABO","Angiosperms","Caricaceae","Jacaratia","spinosa","(Aubl.) A.DC.","CARICACEAE Jacaratia spinosa (Aubl.) A.DC.","111862","GBIF","SPF","Pastore, J.A.","581","Native","Ouro","High","https://images.cria.org.br/viewer/SPF00111862","Parque Estadual Morro do Diabo"
"PARQUE ESTADUAL MORRO DO DIABO","Angiosperms","Celastraceae","Hippocratea","volubilis","L.","CELASTRACEAE Hippocratea volubilis L.","SPSF00012298","Splink","SPSF",,"18849","Native","Ouro","High",,"Reserva do Morro do Diabo"
"PARQUE ESTADUAL MORRO DO DIABO","Angiosperms","Celastraceae","Maytenus",,"Molina","CELASTRACEAE Maytenus Molina","RB00996388","GBIF","RB","Colletta, G.D.","1595",,"Ouro","High","jbrj-public-img.s3-sa-east-1.amazonaws.com/JPG/rb/0/99/63/88/00996388.jpg","Parque Estadual Morro do Diabo"
"PARQUE ESTADUAL MORRO DO DIABO","Angiosperms","Clusiaceae","Garcinia","gardneriana","(Planch. & Triana) Zappi","CLUSIACEAE Garcinia gardneriana (Planch. & Triana) Zappi","SPSF00010563","Splink","SPSF",,"181","Native","Latão","High",,"Parque Estadual Morro do Diabo"
"PARQUE ESTADUAL MORRO DO DIABO","Angiosperms","Combretaceae","Terminalia","glabrescens","Mart.","COMBRETACEAE Terminalia glabrescens Mart.","254261","GBIF","SP","Chiea, S.A.C.","650","Native","Ouro","High","https://images.cria.org.br/viewer/SP024218","Morro do Diabo"
"PARQUE ESTADUAL MORRO DO DIABO","Angiosperms","Commelinaceae","Commelina","benghalensis","L.","COMMELINACEAE Commelina benghalensis L.","FUEL023289","Splink","FUEL",,"41","Naturalized","Bronze","High",,"Parque Estadual Morro do Diabo"
"PARQUE ESTADUAL MORRO DO DIABO","Angiosperms","Commelinaceae","Commelina","obliqua","Vahl","COMMELINACEAE Commelina obliqua Vahl","278456","GBIF","SP","Pastore, J.A.","534","Native","Ouro","High",,"Parque Estadual Morro do Diabo, Estrada do Estreito"
"PARQUE ESTADUAL MORRO DO DIABO","Angiosperms","Commelinaceae","Dichorisandra","hexandra","(Aubl.) C.B.Clarke","COMMELINACEAE Dichorisandra hexandra (Aubl.) C.B.Clarke","69240","GBIF","IPA","Pastora, J.A.","150","Native","Bronze","High",,"Parque Estadual do Morro do Diabo, Instituto Florestal, picada 90 à direita do 'Angelim'."
"PARQUE ESTADUAL MORRO DO DIABO","Angiosperms","Commelinaceae","Gibasis","geniculata","(Jacq.) Rohweder","COMMELINACEAE Gibasis geniculata (Jacq.) Rohweder","33026","GBIF","UFP","Kirizawa, M.","3150","Native","Ouro","High",,"Parque Estadual Morro do Diabo, Rodov. Arlindo Beril, ca. 8 km da cidade. Trilha para o Morro do Diabo"
"PARQUE ESTADUAL MORRO DO DIABO","Angiosperms","Commelinaceae","Tradescantia","zanonia","(L.) Sw.","COMMELINACEAE Tradescantia zanonia (L.) Sw.","79711","GBIF","UEC","Alueses, L.M.T.","14","Native","Ouro","High","https://images.cria.org.br/viewer/UEC057403","Parque Estadual Morro do Diabo"
"PARQUE ESTADUAL MORRO DO DIABO","Angiosperms","Convolvulaceae","Evolvulus","latifolius","Ker Gawl.","CONVOLVULACEAE Evolvulus latifolius Ker Gawl.","279267","GBIF","SP","Aguiar, O.T.","487","Native","Ouro","High",,"Parque Estadual do Morro do Diabo. Estrada do 7000."
"PARQUE ESTADUAL MORRO DO DIABO","Angiosperms","Convolvulaceae","Ipomoea","cairica","(L.) Sweet","CONVOLVULACEAE Ipomoea cairica (L.) Sweet","14421","GBIF","FUEL","Sanches, A.C.","s.n.","Native","Ouro","High",,"Parque Estadual Morro do Diabo, Trilha do Mirante"
"PARQUE ESTADUAL MORRO DO DIABO","Angiosperms","Convolvulaceae","Jacquemontia","ferruginea","Choisy","CONVOLVULACEAE Jacquemontia ferruginea Choisy","279223","Splink","SP",,"464","Native","Bronze","High",,"Parque Estadual Morro do Diabo, estrada do Estreito"
"PARQUE ESTADUAL MORRO DO DIABO","Angiosperms","Cordiaceae","Cordia","americana","(L.) Gottschling & J.S.Mill.","CORDIACEAE Cordia americana (L.) Gottschling & J.S.Mill.","SPSF00023295","Splink","SPSF",,"245","Native","Ouro","High",,"Parque Estadual Morro do Diabo"
"PARQUE ESTADUAL MORRO DO DIABO","Angiosperms","Cordiaceae","Cordia","ecalyculata","Vell.","CORDIACEAE Cordia ecalyculata Vell.","SPSF00017292","Splink","SPSF",,"666","Native","Ouro","High",,"Parque Estadual Morro do Diabo."
"PARQUE ESTADUAL MORRO DO DIABO","Angiosperms","Cordiaceae","Cordia","trichotoma","(Vell.) Arráb. ex Steud.","CORDIACEAE Cordia trichotoma (Vell.) Arráb. ex Steud.","SPSF00017313","Splink","SPSF",,"469","Native","Ouro","High",,"Parque Estadual do Morro do diabo, estrada do 7000, solo arenoso, vermelho - amarelo, mata seca- cerrdão."
"PARQUE ESTADUAL MORRO DO DIABO","Angiosperms","Cucurbitaceae","Psiguria","ternata","(M.Roem.) C.Jeffrey","CUCURBITACEAE Psiguria ternata (M.Roem.) C.Jeffrey","211786","GBIF","SPF","Ceccantini, G.C.T.","3650","Native","Ouro","High","https://images.cria.org.br/viewer/SPF00211786","Parque Estadual Morro do Diabo"
"PARQUE ESTADUAL MORRO DO DIABO","Ferns and Lycophytes","Cyatheaceae","Cyathea","atrovirens","(Langsd. & Fisch.) Domin","CYATHEACEAE Cyathea atrovirens (Langsd. & Fisch.) Domin","30095","GBIF","CESJ","Fernandes, I.","1344","Native","Ouro","High",,"Parque estadual Morro do Diabo, ao longo da trilha para o caudeirão."
"PARQUE ESTADUAL MORRO DO DIABO","Ferns and Lycophytes","Cyatheaceae","Cyathea","delgadii","Pohl. ex Sternb.","CYATHEACEAE Cyathea delgadii Pohl. ex Sternb.","SPSF00018902","Splink","SPSF",,"1620","Native","Ouro","High",,"Parque Estadual Morro do Diabo."
"PARQUE ESTADUAL MORRO DO DIABO","Ferns and Lycophytes","Cyatheaceae","Cyathea","pungens","(Willd.) Domin","CYATHEACEAE Cyathea pungens (Willd.) Domin","30094","GBIF","CESJ","Fernandes, I.","1347","Native","Ouro","High",,"Parque Estadual Morro do Diabo, no Caldeirão."
"PARQUE ESTADUAL MORRO DO DIABO","Angiosperms","Cyperaceae","Cyperus","compressus","L.","CYPERACEAE Cyperus compressus L.","PACA118931","Splink","PACA",,"34","Native","Ouro","High",,"Parque Estadual Morro do Diabo, Trilha do Morro do Diabo."
"PARQUE ESTADUAL MORRO DO DIABO","Angiosperms","Cyperaceae","Eleocharis","filiculmis","Kunth","CYPERACEAE Eleocharis filiculmis Kunth","K001175450","GBIF","K","Faria, A.D.","97/726","Native","Ouro","High","jbrj-public.s3-sa-east-1.amazonaws.com/fsi/server?type=image&source=DZI/kew/k/0/11/75/45/0/k001175450.dzi","Margens do Rio Paranapiacaba, Reserva do Morro do Diabo."
"PARQUE ESTADUAL MORRO DO DIABO","Ferns and Lycophytes","Dennstaedtiaceae","Dennstaedtia","cicutaria","(Sw.) T.Moore","DENNSTAEDTIACEAE Dennstaedtia cicutaria (Sw.) T.Moore","SPSF00018847","Splink","SPSF",,"1566","Native","Ouro","High",,"Região do Pontal do Paranapanema, Parque Estadual Morro Do Diabo, ca. 30 km da Sede pela trilha, Córrego 7 de Setembro ou Rio da Onça ou Angelim. Mata Latifoliada Mesófila Tropical Seca semidecídua."
"PARQUE ESTADUAL MORRO DO DIABO","Ferns and Lycophytes","Dennstaedtiaceae","Pteridium","esculentum","(Kaulf.) Thomson","DENNSTAEDTIACEAE Pteridium esculentum subsp. arachnoideum (Kaulf.) Thomson","SPSF00018863","Splink","SPSF",,"1524","Native","Ouro","High",,"morro do diabo"
"PARQUE ESTADUAL MORRO DO DIABO","Ferns and Lycophytes","Didymochlaenaceae","Didymochlaena","pulcherrima","(Raddi) Herter","DIDYMOCHLAENACEAE Didymochlaena pulcherrima (Raddi) Herter","3314433","GBIF","MO","Silva, M.R.","1579","Native","Latão","High",,"Mun. Teodoro Sampaio, so Pontal do Paranapanema. Parque Estadual Morro Do Diabo, ca. 30 km da Sede pela trilha, Córrego 7 de Setembro ou Rio da Onca ou Angelim. Mata Latifoliada Mesófila Tropical Seca semidecídua."
"PARQUE ESTADUAL MORRO DO DIABO","Ferns and Lycophytes","Didymochlaenaceae","Didymochlaena","truncatula","(Sw.) J.Sm.","DIDYMOCHLAENACEAE Didymochlaena truncatula (Sw.) J.Sm.","18833","GBIF","SPSF","Silva, M.R.","1579","Unknown","Bronze","High",,"Mun. Teodoro Sampaio, so Pontal do Paranapanema. Parque Estadual Morro Do Diabo, ca. 30 km da Sede pela trilha, Córrego 7 de Setembro ou Rio da Onca ou Angelim. Mata Latifoliada Mesófila Tropical Seca semidecídua."
"PARQUE ESTADUAL MORRO DO DIABO","Angiosperms","Dilleniaceae","Davilla",,"Vand.","DILLENIACEAE Davilla Vand.","SPSF00017865","Splink","SPSF",,"729",,"Latão","High",,"Parque Estadual do Morro do Diabo, estrada do 7000, na margem do caminho"
"PARQUE ESTADUAL MORRO DO DIABO","Angiosperms","Dilleniaceae","Doliocarpus","dentatus","(Aubl.) Standl.","DILLENIACEAE Doliocarpus dentatus (Aubl.) Standl.","SPSF00017333","Splink","SPSF",,"497","Native","Bronze","High",,"Parque Estadual do Morro do Diabo, estrada do 7000, solo arenoso vermelho/amarelo"
"PARQUE ESTADUAL MORRO DO DIABO","Angiosperms","Dilleniaceae","Tetracera","oblongata","DC.","DILLENIACEAE Tetracera oblongata DC.","13823","GBIF","SPFR","Baitello, J.B.","729","Native","Bronze","High","https://images.cria.org.br/viewer/SPFR013823","Parque Estadual do Morro do Diabo, estrada do 7000, na margem do caminho"
"PARQUE ESTADUAL MORRO DO DIABO","Angiosperms","Dioscoreaceae","Dioscorea","glandulosa","(Klotzsch ex Griseb.) Kunth","DIOSCOREACEAE Dioscorea glandulosa (Klotzsch ex Griseb.) Kunth","151458","GBIF","SP","Silva, J.S.","439","Native","Bronze","High",,"Morro do Diabo, 25 km W de Teodoro Sampaio"
"PARQUE ESTADUAL MORRO DO DIABO","Ferns and Lycophytes","Dryopteridaceae","Ctenitis","submarginalis","(Langsd. & Fisch.) Ching","DRYOPTERIDACEAE Ctenitis submarginalis (Langsd. & Fisch.) Ching","18841","GBIF","SPSF","Silva, M.R.","1560","Native","Ouro","High",,"parque Est. Morro do Diabo."
"PARQUE ESTADUAL MORRO DO DIABO","Ferns and Lycophytes","Dryopteridaceae","Cyclodium","meniscioides","(Willd.) C.Presl","DRYOPTERIDACEAE Cyclodium meniscioides (Willd.) C.Presl","SPSF00027062","Splink","SPSF",,"4721","Native","Ouro","High",,"morro do diabo."
"PARQUE ESTADUAL MORRO DO DIABO","Ferns and Lycophytes","Dryopteridaceae","Parapolystichum","effusum","(Sw.) Ching","DRYOPTERIDACEAE Parapolystichum effusum (Sw.) Ching","3287588","GBIF","MO","Silva","1652","Native","Bronze","High",,"Mu;nic. Teodoro Sampaio, Regiao do Pontal do Paranapanema, parque estadual Morro do Diabo, margem do Rio Paranpanema, proximidades da desmbocadura do Corrego Agua da Onca."
"PARQUE ESTADUAL MORRO DO DIABO","Ferns and Lycophytes","Dryopteridaceae","Polybotrya","goyazensis","Brade","DRYOPTERIDACEAE Polybotrya goyazensis Brade","SJRP00015573","GBIF","SJRP","Windisch, P.G.","4725","Native","Ouro","High","jbrj-public.s3-sa-east-1.amazonaws.com/fsi/server?type=image&source=DZI/sjrp/sjrp/0/1/55/73/sjrp00015573.dzi","morro do diabo."
"PARQUE ESTADUAL MORRO DO DIABO","Ferns and Lycophytes","Dryopteridaceae","Polystichum","platyphyllum","(Willd.) C.Presl","DRYOPTERIDACEAE Polystichum platyphyllum (Willd.) C.Presl","18830","GBIF","SPSF","Silva, M.R.","1582","Native","Ouro","High",,"Parque Estadual do Morro do Diabo."
"PARQUE ESTADUAL MORRO DO DIABO","Angiosperms","Elaeocarpaceae","Sloanea","guianensis","(Aubl.) Benth.","ELAEOCARPACEAE Sloanea guianensis (Aubl.) Benth.","59692","GBIF","UEC","Aguiar, O.T.","162","Native","Bronze","High","https://images.cria.org.br/viewer/UEC077776","Parque Estadual do Morro do Diabo."
"PARQUE ESTADUAL MORRO DO DIABO","Ferns and Lycophytes","Equisetaceae","Equisetum","giganteum","L.","EQUISETACEAE Equisetum giganteum L.","18870","GBIF","SPSF","Silva, M.R.","1607","Native","Ouro","High",,"morro do diabo."
"PARQUE ESTADUAL MORRO DO DIABO","Angiosperms","Erythroxylaceae","Erythroxylum","anguifugum","Mart.","ERYTHROXYLACEAE Erythroxylum anguifugum Mart.","HBR0049922","Splink","HBR",,"56","Native","Ouro","High",,"Reserva Florestal Morro do Diabo - Sul."
"PARQUE ESTADUAL MORRO DO DIABO","Angiosperms","Euphorbiaceae","Acalypha","digynostachya","Baill.","EUPHORBIACEAE Acalypha digynostachya Baill.","SPSF00012293","Splink","SPSF",,"18795","Native","Ouro","High",,"Reserva do Morro do Diabo"
"PARQUE ESTADUAL MORRO DO DIABO","Angiosperms","Euphorbiaceae","Actinostemon","concepcionis","(Chodat & Hassl.) Hochr.","EUPHORBIACEAE Actinostemon concepcionis (Chodat & Hassl.) Hochr.","SPSF00021230","Splink","SPSF",,"81","Native","Ouro","High",,"Parque Estadual Morro do Diabo"
"PARQUE ESTADUAL MORRO DO DIABO","Angiosperms","Euphorbiaceae","Actinostemon","concolor","(Spreng.) Müll.Arg.","EUPHORBIACEAE Actinostemon concolor (Spreng.) Müll.Arg.","SPSF00020543","Splink","SPSF",,"27","Native","Ouro","High",,"Parque Estadual Morro do Diabo, Trilha do Morro do Diabo."
"PARQUE ESTADUAL MORRO DO DIABO","Angiosperms","Euphorbiaceae","Actinostemon","klotzschii","(Didr.) Pax","EUPHORBIACEAE Actinostemon klotzschii (Didr.) Pax","51428","GBIF","PEUFR","Faria, H.H.","38","Native","Bronze","High",,"Parque Estadual do Morro do Diabo."
"PARQUE ESTADUAL MORRO DO DIABO","Angiosperms","Euphorbiaceae","Alchornea","glandulosa","(Casar.) Secco","EUPHORBIACEAE Alchornea glandulosa subsp. iricurana (Casar.) Secco","SPSF00012214","Splink","SPSF",,"18490","Native","Ouro","High",,"Reserva Florestal do Morro do Diabo."
"PARQUE ESTADUAL MORRO DO DIABO","Angiosperms","Euphorbiaceae","Bia","alienata","Didr.","EUPHORBIACEAE Bia alienata Didr.","SPSF00017836","Splink","SPSF",,"567","Native","Ouro","High",,"Parque Estadual Morro do Diabo, Estrada do 7000, na margem do caminho"
"PARQUE ESTADUAL MORRO DO DIABO","Angiosperms","Euphorbiaceae","Croton","floribundus","Spreng.","EUPHORBIACEAE Croton floribundus Spreng.","SPSF00017870","Splink","SPSF",,"735","Native","Ouro","High",,"Parque Estadual Morro do Diabo, Região do Porto Angelim."
"PARQUE ESTADUAL MORRO DO DIABO","Angiosperms","Euphorbiaceae","Croton","rottlerifolius","Baill.","EUPHORBIACEAE Croton rottlerifolius Baill.","SPSF00017901","Splink","SPSF",,"1322","Native","Ouro","High",,"Parque Estadual Morro do Diabo"
"PARQUE ESTADUAL MORRO DO DIABO","Angiosperms","Euphorbiaceae","Croton","tricolor","Klotzsch ex Baill.","EUPHORBIACEAE Croton tricolor Klotzsch ex Baill.","40021","GBIF","ALCB","Caruzo, M.B.R.","85","Native","Ouro","High",,"Parque Estadual Morro do Diabo"
"PARQUE ESTADUAL MORRO DO DIABO","Angiosperms","Euphorbiaceae","Croton","urucurana","Baill.","EUPHORBIACEAE Croton urucurana Baill.","234575","GBIF","SP","Albernaz, A.L.K.M.","s.n.","Native","Ouro","High","https://images.cria.org.br/viewer/SP0234575","Parque Estadual Morro do Diabo, região de Tolosa"
"PARQUE ESTADUAL MORRO DO DIABO","Angiosperms","Euphorbiaceae","Dalechampia","stipulacea","Müll.Arg.","EUPHORBIACEAE Dalechampia stipulacea Müll.Arg.","SPSF00012279","Splink","SPSF",,"18801","Native","Ouro","High",,"Reserva Morro do Diabo"
"PARQUE ESTADUAL MORRO DO DIABO","Angiosperms","Euphorbiaceae","Euphorbia","hirta","L.","EUPHORBIACEAE Euphorbia hirta L.","447104","GBIF","SP","Pastore, M.","269","Native","Ouro","High","https://images.cria.org.br/viewer/SP0447104","Parque Estadual Morro do Diabo, Próximo à hospedaria"
"PARQUE ESTADUAL MORRO DO DIABO","Angiosperms","Euphorbiaceae","Gymnanthes","klotzschiana","Müll.Arg.","EUPHORBIACEAE Gymnanthes klotzschiana Müll.Arg.","299976","GBIF","SP","Salmazi, L.B.","s.n.","Native","Ouro","High","https://images.cria.org.br/viewer/SP0299976","Parque Estadual Morro do Diabo, Trilha do Morro do Diabo"
"PARQUE ESTADUAL MORRO DO DIABO","Angiosperms","Euphorbiaceae","Mabea","fistulifera","Mart.","EUPHORBIACEAE Mabea fistulifera Mart.","HUFU00006580","GBIF","HUFU","Oliveira, R.S.","26","Native","Ouro","High","jbrj-public.s3-sa-east-1.amazonaws.com/fsi/server?type=image&source=DZI/hufu/hufu/0/0/65/80/hufu00006580.dzi","Parque Estadual do Morro do Diabo"
"PARQUE ESTADUAL MORRO DO DIABO","Angiosperms","Euphorbiaceae","Philyra","brasiliensis","Klotzsch","EUPHORBIACEAE Philyra brasiliensis Klotzsch","123831","GBIF","UB","Leitao Filho, H.F.","18413","Native","Ouro","High",,"Reserva Florestal do Morro do Diabo."
"PARQUE ESTADUAL MORRO DO DIABO","Angiosperms","Euphorbiaceae","Sebastiania",,"Spreng.","EUPHORBIACEAE Sebastiania Spreng.","UEC189361","Splink","UEC",,"14412s.n.",,"Latão","High",,"Parque estadual Morro do Diabo. Trilha do Morro do Diabo"
"PARQUE ESTADUAL MORRO DO DIABO","Angiosperms","Euphorbiaceae","Tragia",,"L.","EUPHORBIACEAE Tragia L.","447114","GBIF","SP","Pastore, M.","266",,"Latão","High","https://images.cria.org.br/viewer/SP0447114","Parque Estadual Morro do Diabo, Beira da estrada que dá acesso a portaria"
"PARQUE ESTADUAL MORRO DO DIABO","Angiosperms","Fabaceae","Albizia","edwallii","(Hoehne) Barneby & J.W.Grimes","FABACEAE Albizia edwallii (Hoehne) Barneby & J.W.Grimes","142842","GBIF","UEC","Silva","01700",,"Latão","High",,"Parque Estadual Morro do Diabo"
"PARQUE ESTADUAL MORRO DO DIABO","Angiosperms","Fabaceae","Albizia","niopoides","(Spruce ex Benth.) Burkart","FABACEAE Albizia niopoides var. niopoides (Spruce ex Benth.) Burkart","SPSF00017345","Splink","SPSF",,"518",,"Ouro","High",,"Parque Estadual Morro do Diabo, Região do Porto Angelim"
"PARQUE ESTADUAL MORRO DO DIABO","Angiosperms","Fabaceae","Anadenanthera","colubrina","(Griseb.) Altschul","FABACEAE Anadenanthera colubrina var. cebil (Griseb.) Altschul","HRB00021856","Splink","HRB",,"161","Native","Ouro","High",,"RESERVA FLORESTAL MORRO DO DIABO."
"PARQUE ESTADUAL MORRO DO DIABO","Angiosperms","Fabaceae","Anadenanthera","peregrina","(Benth.) Altschul","FABACEAE Anadenanthera peregrina var. falcata (Benth.) Altschul","11671","Splink","SINBIOTA",,,"Native","Latão","Low",,"_"
"PARQUE ESTADUAL MORRO DO DIABO","Angiosperms","Fabaceae","Bauhinia","ungulata","L.","FABACEAE Bauhinia ungulata L.","SPSF00023296","Splink","SPSF",,"274","Native","Ouro","High",,"Parque Estadual do Morro do Diabo, área da FEPASA, próximo da Estação Engenheiro Bráulio."
"PARQUE ESTADUAL MORRO DO DIABO","Angiosperms","Fabaceae","Cajanus","cajan","(L.) Huth","FABACEAE Cajanus cajan (L.) Huth","14309","GBIF","FUEL","Artem, L.","s.n.","Naturalized","Ouro","High",,"Parque Estadual Morro do Diabo"
"PARQUE ESTADUAL MORRO DO DIABO","Angiosperms","Fabaceae","Calliandra","foliolosa","Benth.","FABACEAE Calliandra foliolosa Benth.","310412","GBIF","SP","Pastore, J.A.","582","Native","Bronze","High",,"Parque Estadual Morro do Diabo, Trilha da subida, mata natural"
"PARQUE ESTADUAL MORRO DO DIABO","Angiosperms","Fabaceae","Cassia","ferruginea","(Schrad.) Schrad. ex DC.","FABACEAE Cassia ferruginea (Schrad.) Schrad. ex DC.","HFC005169","Splink","HFC",,"212","Native","Ouro","High",,"Parque Estadual do Morro do Diabo, à esquerda de Angelim."
"PARQUE ESTADUAL MORRO DO DIABO","Angiosperms","Fabaceae","Centrosema",,"(DC.) Benth.","FABACEAE Centrosema (DC.) Benth.","55334","GBIF","HUFU","Oliveira, R.S.","27",,"Ouro","High","https://images.cria.org.br/viewer/HUFU00007943","Parque Estadual do Morro do Diabo"
"PARQUE ESTADUAL MORRO DO DIABO","Angiosperms","Fabaceae","Copaifera","langsdorffii","Desf.","FABACEAE Copaifera langsdorffii Desf.","HRB00020657","Splink","HRB",,"54","Native","Ouro","High",,"Reserva Florestal Morro do Diabo."
"PARQUE ESTADUAL MORRO DO DIABO","Angiosperms","Fabaceae","Dahlstedtia","muehlbergiana","(Hassl.) M.J.Silva & A.M.G.Azevedo","FABACEAE Dahlstedtia muehlbergiana (Hassl.) M.J.Silva & A.M.G.Azevedo","SPSF00023285","Splink","SPSF",,"251","Native","Ouro","High",,"Parque Estadual Morro do Diabo, Na sede"
"PARQUE ESTADUAL MORRO DO DIABO","Angiosperms","Fabaceae","Dalbergia","frutescens","(Vell.) Britton","FABACEAE Dalbergia frutescens (Vell.) Britton","RB01052033","GBIF","RB","Colletta, G.D.","1576","Native","Ouro","High","jbrj-public-img.s3-sa-east-1.amazonaws.com/JPG/rb/1/5/20/33/01052033.jpg","Parque Estadual Morro do Diabo"
"PARQUE ESTADUAL MORRO DO DIABO","Angiosperms","Fabaceae","Dipteryx","alata","Vogel","FABACEAE Dipteryx alata Vogel","129189","GBIF","ESA","Colletta, G.D.","1605","Native","Bronze","High",,"Parque Estadual Morro do Diabo"
"PARQUE ESTADUAL MORRO DO DIABO","Angiosperms","Fabaceae","Enterolobium","contortisiliquum","(Vell.) Morong","FABACEAE Enterolobium contortisiliquum (Vell.) Morong","SPSF00011338","Splink","SPSF",,"153","Native","Ouro","High",,"RESERVA FLORESTAL MORRO DO DIABO."
"PARQUE ESTADUAL MORRO DO DIABO","Angiosperms","Fabaceae","Erythrina","falcata","Benth.","FABACEAE Erythrina falcata Benth.","SPSF00009437","Splink","SPSF",,"148","Native","Ouro","High",,"R.E.Morro do Diabo."
"PARQUE ESTADUAL MORRO DO DIABO","Angiosperms","Fabaceae","Holocalyx","balansae","Micheli","FABACEAE Holocalyx balansae Micheli","SPSF00007857","Splink","SPSF",,"2","Native","Ouro","High",,"Morro do Diabo"
"PARQUE ESTADUAL MORRO DO DIABO","Angiosperms","Fabaceae","Hymenaea","courbaril","L.","FABACEAE Hymenaea courbaril L.","SPSF00017267","Splink","SPSF",,"85","Native","Ouro","High",,"Parque Estadual Morro do Diabo, Estrada do 7000, solo arenoso, vermelho-amarelo, mata seca, cerradão"
"PARQUE ESTADUAL MORRO DO DIABO","Angiosperms","Fabaceae","Inga","marginata","Willd.","FABACEAE Inga marginata Willd.","SPSF00011312","Splink","SPSF",,"217","Native","Ouro","High",,"Parque Estadual do Morro do Diabo, a direita do Angalim"
"PARQUE ESTADUAL MORRO DO DIABO","Angiosperms","Fabaceae","Inga","vera","(DC.) T.D.Penn.","FABACEAE Inga vera subsp. affinis (DC.) T.D.Penn.","SPSF00009441","Splink","SPSF",,"152","Native","Ouro","High",,"Morro do Diabo"
"PARQUE ESTADUAL MORRO DO DIABO","Angiosperms","Fabaceae","Lonchocarpus","cultratus","(Vell.) A.M.G.Azevedo & H.C.Lima","FABACEAE Lonchocarpus cultratus (Vell.) A.M.G.Azevedo & H.C.Lima","SPSF00010315","Splink","SPSF",,"167","Native","Ouro","High",,"Parque Estadual do Morro do Diabo. Folha: SF-22-Y-B. Coordenada calculada."
"PARQUE ESTADUAL MORRO DO DIABO","Angiosperms","Fabaceae","Lonchocarpus","pluvialis","Rusby","FABACEAE Lonchocarpus pluvialis Rusby","SPSF00009540","Splink","SPSF",,"151","Native","Ouro","High",,"Parque Estadual do Morro do Diabo, à direita do Angelim."
"PARQUE ESTADUAL MORRO DO DIABO","Angiosperms","Fabaceae","Machaerium","aculeatum","Raddi","FABACEAE Machaerium aculeatum Raddi","SPSF00021208","Splink","SPSF",,"147","Native","Latão","High",,"Parque Estadual do Morro do Diabo, divisa com a região do alemão."
"PARQUE ESTADUAL MORRO DO DIABO","Angiosperms","Fabaceae","Machaerium","acutifolium","Vogel","FABACEAE Machaerium acutifolium Vogel","SPSF00017833","Splink","SPSF",,"564","Native","Ouro","High",,"Parque Estadual Morro do Diabo"
"PARQUE ESTADUAL MORRO DO DIABO","Angiosperms","Fabaceae","Machaerium","brasiliense","Vogel","FABACEAE Machaerium brasiliense Vogel","SPSF00017911","Splink","SPSF",,"529","Native","Ouro","High",,"Parque Estadual do Morro do Diabo, região da Mina da Serra, a margem da rodovia."
"PARQUE ESTADUAL MORRO DO DIABO","Angiosperms","Fabaceae","Machaerium","hirtum","(Vell.) Stellfeld","FABACEAE Machaerium hirtum (Vell.) Stellfeld","86615","GBIF","UEC","Kirizawa, M.","3144","Native","Ouro","High","https://images.cria.org.br/viewer/UEC183435","Parque Estadual do Morro do Diabo. Rodovovia Arlindo Beril, ca. 6km da cidade."
"PARQUE ESTADUAL MORRO DO DIABO","Angiosperms","Fabaceae","Machaerium","nyctitans","(Vell.) Benth.","FABACEAE Machaerium nyctitans (Vell.) Benth.","11794","GBIF","FUEL","Chagas, F.","1696","Native","Ouro","High",,"Parque Est. Morro do Diabo; próx. vértice geodésic, próx. vértice geodésico Morro do Diabo"
"PARQUE ESTADUAL MORRO DO DIABO","Angiosperms","Fabaceae","Machaerium","stipitatum","Vogel","FABACEAE Machaerium stipitatum Vogel","202821","GBIF","UEC","Pastore, J.F.B.","507","Native","Ouro","High","https://images.cria.org.br/viewer/UEC170562","Parque Estadual Morro do Diabo, região de Porto Angelim, solo vermelho-amarelo, fase arenosa"
"PARQUE ESTADUAL MORRO DO DIABO","Angiosperms","Fabaceae","Macroptilium",,"(Benth.) Urb.","FABACEAE Macroptilium (Benth.) Urb.","97570","GBIF","UEC","Kirizawa, M.","3164",,"Bronze","High","https://images.cria.org.br/viewer/UEC054048","Parque Estadual do Morro do Diabo, Rodovia Arlindo Beril, ca. 15 Km da cidade. Margem do rio Cachoeira do &nf;Estreito."
"PARQUE ESTADUAL MORRO DO DIABO","Angiosperms","Fabaceae","Muellera","fluvialis","(Lindm.) Burkart","FABACEAE Muellera fluvialis (Lindm.) Burkart","SPSF00012216","Splink","SPSF",,"18486","Native","Ouro","High",,"Reserva Florestal do Morro do Diabo"
"PARQUE ESTADUAL MORRO DO DIABO","Angiosperms","Fabaceae","Myroxylon","balsamum","(L.) Harms","FABACEAE Myroxylon balsamum (L.) Harms","51834","GBIF","UEC","Albernaz, A.L.K.M.","s.n.","Native","Latão","High","https://images.cria.org.br/viewer/UEC166443","Parque Estadual Morro do Diabo, Tolosa."
"PARQUE ESTADUAL MORRO DO DIABO","Angiosperms","Fabaceae","Parapiptadenia","rigida","(Benth.) Brenan","FABACEAE Parapiptadenia rigida (Benth.) Brenan","SPSF00017324","Splink","SPSF",,"482","Native","Ouro","High",,"Parque Estadual Morro do Diabo"
"PARQUE ESTADUAL MORRO DO DIABO","Angiosperms","Fabaceae","Peltophorum","dubium","(Spreng.) Taub.","FABACEAE Peltophorum dubium (Spreng.) Taub.","SPSF00040618","Splink","SPSF",,"12","Native","Ouro","High",,"Morro do Diabo."
"PARQUE ESTADUAL MORRO DO DIABO","Angiosperms","Fabaceae","Platypodium","elegans","Vogel","FABACEAE Platypodium elegans Vogel","SPSF00011294","Splink","SPSF",,"211","Native","Ouro","High",,"Parque Est. do Morro do Diabo, estr. do 7000."
"PARQUE ESTADUAL MORRO DO DIABO","Angiosperms","Fabaceae","Poecilanthe","parviflora","Benth.","FABACEAE Poecilanthe parviflora Benth.","178399","GBIF","HUEFS","Albernaz, A.L.K.M.","spsf11550","Native","Ouro","High","https://images.cria.org.br/viewer/HUEFS0178399","Parque Estadual do Morro do Diabo, regiao de Tolosa, próximo da sede."
"PARQUE ESTADUAL MORRO DO DIABO","Angiosperms","Fabaceae","Pterodon","emarginatus","Vogel","FABACEAE Pterodon emarginatus Vogel","HFC004896","Splink","HFC",,"107","Native","Prata","High",,"Parque Estadual do Morro do Diabo."
"PARQUE ESTADUAL MORRO DO DIABO","Angiosperms","Fabaceae","Pterodon","pubescens","(Benth.) Benth.","FABACEAE Pterodon pubescens (Benth.) Benth.","41014","GBIF","UEC","Baitello, J.B.","192","Native","Bronze","High",,"Parque Estadual do Morro do Diabo"
"PARQUE ESTADUAL MORRO DO DIABO","Angiosperms","Fabaceae","Pterogyne","nitens","Tul.","FABACEAE Pterogyne nitens Tul.","107573","GBIF","SPF","Kirizawa, M.","3163","Native","Ouro","High","https://images.cria.org.br/viewer/SPF00107573","Parque Estadual Morro do Diabo, Rodovia Arlindo Beril, ca. 15km da cidade, margem do rio Cachoeira do Estreito"
"PARQUE ESTADUAL MORRO DO DIABO","Angiosperms","Fabaceae","Senegalia","loretensis","(J.F.Macbr.) Seigler & Ebinger","FABACEAE Senegalia loretensis (J.F.Macbr.) Seigler & Ebinger","RB00938460","GBIF","RB","Colletta, G.D.","1597","Native","Ouro","High","jbrj-public-img.s3-sa-east-1.amazonaws.com/JPG/rb/0/93/84/60/00938460.jpg","Parque Estadual Morro do Diabo"
"PARQUE ESTADUAL MORRO DO DIABO","Angiosperms","Fabaceae","Senegalia","polyphylla","(DC.) Britton & Rose","FABACEAE Senegalia polyphylla (DC.) Britton & Rose","SPSF00017286","Splink","SPSF",,"94","Native","Ouro","High",,"Parque Estadual do Morro do Diabo., Estrada do 7000."
"PARQUE ESTADUAL MORRO DO DIABO","Angiosperms","Fabaceae","Senegalia","tenuifolia","(L.) Britton & Rose","FABACEAE Senegalia tenuifolia (L.) Britton & Rose","309829","GBIF","SP","Pastore, J.A.","530","Native","Bronze","High","https://images.cria.org.br/viewer/SP025131","Parque Estadual Morro do Diabo, Estrada do estreito, solo arenoso"
"PARQUE ESTADUAL MORRO DO DIABO","Angiosperms","Fabaceae","Senegalia","tucumanensis","(Griseb.) Seigler & Ebinger","FABACEAE Senegalia tucumanensis (Griseb.) Seigler & Ebinger","SPSF00012208","Splink","SPSF",,"18808","Native","Ouro","High",,"Reserva do Morro do Diabo."
"PARQUE ESTADUAL MORRO DO DIABO","Angiosperms","Fabaceae","Senegalia","velutina","(DC.) Seigler & Ebinger","FABACEAE Senegalia velutina (DC.) Seigler & Ebinger","UEC080870","Splink","UEC",,"s.n.","Native","Ouro","High",,"Brasil, São Paulo, Teodoro Sampaio, Parque Estadual Morro do Diabo."
"PARQUE ESTADUAL MORRO DO DIABO","Angiosperms","Fabaceae","Senna","macranthera","(DC. ex Collad.) H.S.Irwin & Barneby","FABACEAE Senna macranthera (DC. ex Collad.) H.S.Irwin & Barneby","SPSF00017329","Splink","SPSF",,"511","Native","Ouro","High",,"Parque Estadual Morro do Diabo, Estrada do 7000, mata seca, solo arenoso, vermelho-amarelo, cerradão"
"PARQUE ESTADUAL MORRO DO DIABO","Angiosperms","Fabaceae","Senna","rugosa","(G.Don) H.S.Irwin & Barneby","FABACEAE Senna rugosa (G.Don) H.S.Irwin & Barneby","SPSF00021988","Splink","SPSF",,"117","Native","Ouro","High",,"Parque Estadual do Morro do Diabo."
"PARQUE ESTADUAL MORRO DO DIABO","Angiosperms","Fabaceae","Stylosanthes","capitata","Vogel","FABACEAE Stylosanthes capitata Vogel","43161","Splink","PAMG",,"3086","Native","Bronze","High",,"Parque Estadual do Morro do Diabo, cerca de 4 Km do aeroporto"
"PARQUE ESTADUAL MORRO DO DIABO","Angiosperms","Haloragaceae","Myriophyllum","aquaticum","(Vell.) Verdc.","HALORAGACEAE Myriophyllum aquaticum (Vell.) Verdc.","95484","GBIF","UEC","Aona, L.Y.S.","97247","Native","Bronze","High","https://images.cria.org.br/viewer/UEC092703","Beira do Rio Paranapiacaba, próximo a entrada da sede do Parque Estadual Morro do Diabo."
"PARQUE ESTADUAL MORRO DO DIABO","Angiosperms","Heliconiaceae","Heliconia","psittacorum","L.f.","HELICONIACEAE Heliconia psittacorum L.f.","84674","GBIF","UEC","Franco, G.A.D.C.","1301","Native","Bronze","High","https://images.cria.org.br/viewer/UEC012321","Parque Estadual do Morro do Diabo, Estrada do Caldeirão."
"PARQUE ESTADUAL MORRO DO DIABO","Angiosperms","Heliotropiaceae","Heliotropium","transalpinum","Vell.","HELIOTROPIACEAE Heliotropium transalpinum Vell.","SPSF00017842","Splink","SPSF",,"574","Native","Ouro","High",,"Parque Estadual Morro do Diabo."
"PARQUE ESTADUAL MORRO DO DIABO","Ferns and Lycophytes","Hymenophyllaceae","Didymoglossum","hymenoides","(Hedw.) Desv.","HYMENOPHYLLACEAE Didymoglossum hymenoides (Hedw.) Desv.","100179425","GBIF","MO","Silva, M.R.P.","1554","Native","Bronze","High",,"Munic. Teodoro Sampaio. Região do Pontal do Paranapanema, Parque Estadual Morro do Diabo, ca. 30 km da Sede pela trilha, Corrego 7 de Setembro ou Rio da Onça ou Angelim."
"PARQUE ESTADUAL MORRO DO DIABO","Ferns and Lycophytes","Hymenophyllaceae","Didymoglossum","krausii","(Hook. & Grev.) C. Presl","HYMENOPHYLLACEAE Didymoglossum krausii (Hook. & Grev.) C. Presl","SPSF00018850","Splink","SPSF",,"1554","Native","Ouro","High",,"Região do Pontal do Paranapanema, Parque Estadual Morro do Diabo, Córrego 7 de Setembro ou Rio da Onça ou Angelim."
"PARQUE ESTADUAL MORRO DO DIABO","Ferns and Lycophytes","Hymenophyllaceae","Polyphlebium","diaphanum","(Kunth) Ebihara & Dubuisson","HYMENOPHYLLACEAE Polyphlebium diaphanum (Kunth) Ebihara & Dubuisson","189341","GBIF","BHCB","Seidinger, L.C.","176","Native","Latão","High",,"Parque Estadual do Morro do Diabo, à margem direito do Córrego da Taquara, acesso pela Trilha da Taquara."
"PARQUE ESTADUAL MORRO DO DIABO","Ferns and Lycophytes","Hymenophyllaceae","Trichomanes","cristatum","Kaulf.","HYMENOPHYLLACEAE Trichomanes cristatum Kaulf.","SPSF00027063","Splink","SPSF",,"4726","Native","Ouro","High",,"Pontal do Paranapanema, reserva florestal do Morro do Diabo, Rio Paranapanema, área a ser inundada pela construção de barragem da Hidroelétrica de Rosana."
"PARQUE ESTADUAL MORRO DO DIABO","Ferns and Lycophytes","Hymenophyllaceae","Trichomanes","polypodioides","L.","HYMENOPHYLLACEAE Trichomanes polypodioides L.","11179","GBIF","SJRP","Pietrobom-Silva, M.R.","1542","Native","Ouro","High",,"morro do diabo."
"PARQUE ESTADUAL MORRO DO DIABO","Angiosperms","Lacistemataceae","Lacistema","hasslerianum","Chodat","LACISTEMATACEAE Lacistema hasslerianum Chodat","SPSF00017299","Splink","SPSF",,"662","Native","Ouro","High",,"Parque Estadual Morro do Diabo, estrada 7000"
"PARQUE ESTADUAL MORRO DO DIABO","Angiosperms","Lacistemataceae","Lacistema","lucidum","Schnizl.","LACISTEMATACEAE Lacistema lucidum Schnizl.","SPSF00021227","Splink","SPSF",,"91","Native","Ouro","High",,"Parque Estadual do Morro do Diabo."
"PARQUE ESTADUAL MORRO DO DIABO","Angiosperms","Lamiaceae","Aegiphila","integrifolia","(Jacq.) Moldenke","LAMIACEAE Aegiphila integrifolia (Jacq.) Moldenke","HRCB019445","Splink","HRCB",,"538","Native","Ouro","High",,"Parque Estadual Morro do Diabo, Estrada do 7000, na margem do caminho"
"PARQUE ESTADUAL MORRO DO DIABO","Angiosperms","Lamiaceae","Condea","floribunda","(Briq. ex Micheli) Harley & J.F.B.Pastore","LAMIACEAE Condea floribunda (Briq. ex Micheli) Harley & J.F.B.Pastore","14490","GBIF","FUEL","Chesini, A.C.","15","Native","Bronze","High",,"Parque Estadual Morro do Diabo"
"PARQUE ESTADUAL MORRO DO DIABO","Angiosperms","Lamiaceae","Gymneia",,"(Benth.) Harley & J.F.B.Pastore","LAMIACEAE Gymneia (Benth.) Harley & J.F.B.Pastore","SPSF00017830","Splink","SPSF",,"561",,"Latão","High",,"Parque Estadual Morro do Diabo"
"PARQUE ESTADUAL MORRO DO DIABO","Angiosperms","Lamiaceae","Hyptis",,"Jacq.","LAMIACEAE Hyptis Jacq.","87127","GBIF","UEC","Pastore, J.A.","561",,"Latão","High","https://images.cria.org.br/viewer/UEC048996","Parque Estadual Morro do Diabo"
"PARQUE ESTADUAL MORRO DO DIABO","Angiosperms","Lamiaceae","Leonurus","japonicus","Houtt.","LAMIACEAE Leonurus japonicus Houtt.","SPSF00017843","Splink","SPSF",,"575","Naturalized","Ouro","High",,"Parque Estadual Morro do Diabo"
"PARQUE ESTADUAL MORRO DO DIABO","Angiosperms","Lamiaceae","Leonurus","sibiricus","L.","LAMIACEAE Leonurus sibiricus L.","87126","GBIF","UEC","Pastore, J.A.","575","Unknown","Prata","High","https://images.cria.org.br/viewer/UEC034094","Parque Estadual do Morro do Diabo, estrada do Porto Angelim, ao longo do caminho."
"PARQUE ESTADUAL MORRO DO DIABO","Angiosperms","Lauraceae","Endlicheria","paniculata","(Spreng.) J.F.Macbr.","LAURACEAE Endlicheria paniculata (Spreng.) J.F.Macbr.","SPSF00020557","Splink","SPSF",,"3","Native","Ouro","High",,"Parque Estadual Morro do Diabo"
"PARQUE ESTADUAL MORRO DO DIABO","Angiosperms","Lauraceae","Nectandra","cuspidata","Nees","LAURACEAE Nectandra cuspidata Nees","SPSF00024642","Splink","SPSF",,"435","Native","Ouro","High",,"Morro do Diabo."
"PARQUE ESTADUAL MORRO DO DIABO","Angiosperms","Lauraceae","Nectandra","megapotamica","(Spreng.) Mez","LAURACEAE Nectandra megapotamica (Spreng.) Mez","SPSF00017922","Splink","SPSF",,"548","Native","Ouro","High",,"Parque Estadual Morro do Diabo, Trilha da subida, mata natural"
"PARQUE ESTADUAL MORRO DO DIABO","Angiosperms","Lauraceae","Ocotea","catharinensis","Mez","LAURACEAE Ocotea catharinensis Mez","SPSF00019984","Splink","SPSF",,"3156","Native","Ouro","High",,"Parque Estadual Morro do Diabo, Rodovia Arlindo Beril, ca. 8 km da cidade. Trilha para o Morro do Diabo."
"PARQUE ESTADUAL MORRO DO DIABO","Angiosperms","Lauraceae","Ocotea","corymbosa","(Meisn.) Mez","LAURACEAE Ocotea corymbosa (Meisn.) Mez","SPSF00017923","Splink","SPSF",,"550","Native","Ouro","High",,"Parque Estadual do Morro do Diabo, trilha da subida."
"PARQUE ESTADUAL MORRO DO DIABO","Angiosperms","Lauraceae","Ocotea","diospyrifolia","(Meisn.) Mez","LAURACEAE Ocotea diospyrifolia (Meisn.) Mez","MBM223769","Splink","MBM",,"18810","Native","Ouro","High",,"Reserva do Morro do Diabo."
"PARQUE ESTADUAL MORRO DO DIABO","Angiosperms","Lauraceae","Ocotea","indecora","(Schott) Mez","LAURACEAE Ocotea indecora (Schott) Mez","SPSF00012255","Splink","SPSF",,"18864","Native","Ouro","High",,"Reserva Morro do Diabo."
"PARQUE ESTADUAL MORRO DO DIABO","Angiosperms","Lauraceae","Ocotea","prolifera","(Nees & Mart.) Mez","LAURACEAE Ocotea prolifera (Nees & Mart.) Mez","SPSF00009731","Splink","SPSF",,"175","Native","Ouro","High",,"Parque Estadual do Morro do Diabo."
"PARQUE ESTADUAL MORRO DO DIABO","Angiosperms","Lauraceae","Ocotea","silvestris","Vattimo-Gil","LAURACEAE Ocotea silvestris Vattimo-Gil","254118","GBIF","MBM","Aguiar, O.T.","s.n.","Native","Ouro","High","https://images.cria.org.br/viewer/MBM254118","Parque Estadual do Morro do Diabo."
"PARQUE ESTADUAL MORRO DO DIABO","Angiosperms","Lauraceae","Ocotea","velloziana","(Meisn.) Mez","LAURACEAE Ocotea velloziana (Meisn.) Mez","129193","GBIF","ESA","Colletta, G.D.","1609","Native","Ouro","High",,"Parque Estadual Morro do Diabo"
"PARQUE ESTADUAL MORRO DO DIABO","Angiosperms","Lecythidaceae","Cariniana",,"Casar.","LECYTHIDACEAE Cariniana Casar.","3645","GBIF","SPFw","Locosselli, G.M.K.","95",,"Latão","High",,"Parque Estadual Morro do Diabo"
"PARQUE ESTADUAL MORRO DO DIABO","Ferns and Lycophytes","Lindsaeaceae","Lindsaea","portoricensis","Desv.","LINDSAEACEAE Lindsaea portoricensis Desv.","SPSF00018859","Splink","SPSF",,"1537","Native","Ouro","High",,"região do Pontal do Paranapanema, PARQUE ESTADUAL MORRO DO DIABO."
"PARQUE ESTADUAL MORRO DO DIABO","Ferns and Lycophytes","Lindsaeaceae","Lindsaea","quadrangularis","Raddi","LINDSAEACEAE Lindsaea quadrangularis Raddi","SPSF00027068","Splink","SPSF",,"4718","Native","Ouro","High",,"Pontal do Paranapanema, Reserva Florestal do Morro do Diabo."
"PARQUE ESTADUAL MORRO DO DIABO","Angiosperms","Loganiaceae","Spigelia","scabra","Cham. & Schltdl.","LOGANIACEAE Spigelia scabra Cham. & Schltdl.","K001062186","GBIF","K","Esteves, R.","86","Native","Ouro","High","jbrj-public.s3-sa-east-1.amazonaws.com/fsi/server?type=image&source=DZI/kew/k/0/10/62/18/6/k001062186.dzi","Parque Estadual Morro do Diabo, Porto Angelim, córrego da Onça"
"PARQUE ESTADUAL MORRO DO DIABO","Ferns and Lycophytes","Lycopodiaceae","Palhinhaea","camporum","(B. Øllg. & P.G. Windisch) Holub","LYCOPODIACEAE Palhinhaea camporum (B. Øllg. & P.G. Windisch) Holub","SJRP00016782","GBIF","SJRP","Honda, R.T.","12","Native","Ouro","High","jbrj-public.s3-sa-east-1.amazonaws.com/fsi/server?type=image&source=DZI/sjrp/sjrp/0/1/67/82/sjrp00016782.dzi","morro do diabo."
"PARQUE ESTADUAL MORRO DO DIABO","Angiosperms","Lythraceae","Cuphea","melvilla","Lindl.","LYTHRACEAE Cuphea melvilla Lindl.","CEN00023475","GBIF","CEN","Salmazi, L.B.","s/n","Native","Ouro","High","jbrj-public.s3.amazonaws.com/fsi/server?type=image&source=DZI/cen/cen/0/2/34/75/cen00023475.dzi","Parque Estadual Morro do Diabo. Trilha Morro do Diabo."
"PARQUE ESTADUAL MORRO DO DIABO","Angiosperms","Magnoliaceae","Magnolia","ovata","(A.St.-Hil.) Spreng.","MAGNOLIACEAE Magnolia ovata (A.St.-Hil.) Spreng.","SPSF00011314","Splink","SPSF",,"208","Native","Ouro","High",,"Parque Estadual do Morro do Diabo."
"PARQUE ESTADUAL MORRO DO DIABO","Angiosperms","Malpighiaceae","Alicia","anisopetala","(A.Juss.) W.R.Anderson","MALPIGHIACEAE Alicia anisopetala (A.Juss.) W.R.Anderson","211778","GBIF","SPF","Ceccantini, G.C.T.","3638","Native","Ouro","High","https://images.cria.org.br/viewer/SPF00211778","Parque Estadual Morro do Diabo"
"PARQUE ESTADUAL MORRO DO DIABO","Angiosperms","Malpighiaceae","Banisteriopsis","argyrophylla","(A.Juss.) B.Gates","MALPIGHIACEAE Banisteriopsis argyrophylla (A.Juss.) B.Gates","9767","GBIF","SPFR","Gaglianone, M.C.",,"Native","Ouro","High",,"Parque Estadual do Morro do Diabo"
"PARQUE ESTADUAL MORRO DO DIABO","Angiosperms","Malpighiaceae","Banisteriopsis","muricata","(Cav.) Cuatrec.","MALPIGHIACEAE Banisteriopsis muricata (Cav.) Cuatrec.","14315","GBIF","FUEL","Artem, L.","s.n.","Native","Ouro","High",,"Parque Estadual Morro do Diabo"
"PARQUE ESTADUAL MORRO DO DIABO","Angiosperms","Malpighiaceae","Byrsonima","intermedia","A.Juss.","MALPIGHIACEAE Byrsonima intermedia A.Juss.","SPSF00017828","Splink","SPSF",,"559","Native","Ouro","High",,"Parque Estadual do Morro do Diabo. estra"
"PARQUE ESTADUAL MORRO DO DIABO","Angiosperms","Malpighiaceae","Carolus","chlorocarpus","(A.Juss.) W.R.Anderson","MALPIGHIACEAE Carolus chlorocarpus (A.Juss.) W.R.Anderson","SPSF00017826","Splink","SPSF",,"557","Native","Ouro","High",,"Parque Estadual do Morro do Diabo, Estra"
"PARQUE ESTADUAL MORRO DO DIABO","Angiosperms","Malpighiaceae","Diplopterys","pubipetala","(A.Juss.) W.R.Anderson & C.C.Davis","MALPIGHIACEAE Diplopterys pubipetala (A.Juss.) W.R.Anderson & C.C.Davis","45140","GBIF","UEC","Tamashiro, J.Y.","18836","Native","Ouro","High","https://images.cria.org.br/viewer/UEC166680","Reserva do Morro do Diabo."
"PARQUE ESTADUAL MORRO DO DIABO","Angiosperms","Malpighiaceae","Heteropterys","argyrophaea","A.Juss.","MALPIGHIACEAE Heteropterys argyrophaea A.Juss.","SPSF00033206","Splink","SPSF",,"434","Native","Ouro","High",,"Morro do Diabo, 25km W de Teodoro Sampaio"
"PARQUE ESTADUAL MORRO DO DIABO","Angiosperms","Malpighiaceae","Mascagnia","cordifolia","(A.Juss.) Griseb.","MALPIGHIACEAE Mascagnia cordifolia (A.Juss.) Griseb.","45021","GBIF","UEC","Tamashiro, J.Y.","18819","Native","Ouro","High",,"Morro do Diabo"
"PARQUE ESTADUAL MORRO DO DIABO","Angiosperms","Malpighiaceae","Niedenzuella","acutifolia","(Cav.) W.R.Anderson","MALPIGHIACEAE Niedenzuella acutifolia (Cav.) W.R.Anderson","124055","GBIF","CEPEC","Gaglianone, M.C.",,"Native","Ouro","High",,"Parque Estadual do Morro do Diabo."
"PARQUE ESTADUAL MORRO DO DIABO","Angiosperms","Malpighiaceae","Niedenzuella","multiglandulosa","(A.Juss.) W.R.Anderson","MALPIGHIACEAE Niedenzuella multiglandulosa (A.Juss.) W.R.Anderson","SPSF00017310","Splink","SPSF",,"488","Native","Ouro","High",,"Parque Estadual do Morro do Diabo. estra"
"PARQUE ESTADUAL MORRO DO DIABO","Angiosperms","Malpighiaceae","Tetrapterys",,"Cav.","MALPIGHIACEAE Tetrapterys Cav.","34854","GBIF","SJRP","Monzoli, J.V.L.","299",,"Latão","High","https://images.cria.org.br/viewer/SJRP00025850","Parque Estadual Morro do Diabo, início da Trilha Barreiro da Anta"
"PARQUE ESTADUAL MORRO DO DIABO","Angiosperms","Malvaceae","Bastardiopsis","densiflora","(Hook. & Arn.) Hassl.","MALVACEAE Bastardiopsis densiflora (Hook. & Arn.) Hassl.","SPSF00010392","Splink","SPSF",,"175","Native","Ouro","High",,"Parque Estadual Morro do Diabo, Área de inundação a 250m do Rio Paranapanema"
"PARQUE ESTADUAL MORRO DO DIABO","Angiosperms","Malvaceae","Byttneria","catalpifolia","(A.St.-Hil.) Cristóbal","MALVACEAE Byttneria catalpifolia subsp. sidifolia (A.St.-Hil.) Cristóbal","277718","GBIF","SP","Kirizawa, M.","3103","Native","Ouro","High",,"Parque Estadual do Morro do Diabo. Picada 7001"
"PARQUE ESTADUAL MORRO DO DIABO","Angiosperms","Malvaceae","Ceiba","pubiflora","(A.St.-Hil.) K.Schum.","MALVACEAE Ceiba pubiflora (A.St.-Hil.) K.Schum.","66819","GBIF","UEC","Durigan, G.","s.n.","Native","Ouro","High","https://images.cria.org.br/viewer/UEC021279","Parque Estadual, Morro do Diabo."
"PARQUE ESTADUAL MORRO DO DIABO","Angiosperms","Malvaceae","Guazuma","ulmifolia","Lam.","MALVACEAE Guazuma ulmifolia Lam.","24802","GBIF","SJRP","Romaniuc Neto, S.","1213","Native","Ouro","High","https://images.cria.org.br/viewer/SJRP00006759","morro do diabo."
"PARQUE ESTADUAL MORRO DO DIABO","Angiosperms","Malvaceae","Luehea","candicans","Mart.","MALVACEAE Luehea candicans Mart.","SPSF00017832","Splink","SPSF",,"563","Native","Ouro","High",,"Parque Estadual Morro do Diabo, região do sapazal"
"PARQUE ESTADUAL MORRO DO DIABO","Angiosperms","Malvaceae","Luehea","divaricata","Mart.","MALVACEAE Luehea divaricata Mart.","SPSF00017287","Splink","SPSF",,"95","Native","Ouro","High",,"Parque Estadual Morro do Diabo"
"PARQUE ESTADUAL MORRO DO DIABO","Angiosperms","Malvaceae","Luehea","grandiflora","Mart.","MALVACEAE Luehea grandiflora Mart.","55344","GBIF","HUFU","Oliveira, R.S.","36","Native","Latão","High","https://images.cria.org.br/viewer/HUFU00015177","Parque Estadual do Morro do Diabo"
"PARQUE ESTADUAL MORRO DO DIABO","Angiosperms","Malvaceae","Pavonia","sepium","A.St.-Hil.","MALVACEAE Pavonia sepium A.St.-Hil.","277696","GBIF","SP","Kirizawa, M.","3169","Native","Ouro","High",,"Parque Estadual Morro do Diabo, rodovia Arlindo Beril, ca. 13,5 km da cidade"
"PARQUE ESTADUAL MORRO DO DIABO","Angiosperms","Malvaceae","Pseudobombax","longiflorum","(Mart.) A.Robyns","MALVACEAE Pseudobombax longiflorum (Mart.) A.Robyns","129196","GBIF","ESA","Colletta, G.D.","1612","Native","Ouro","High",,"Parque Estadual Morro do Diabo"
"PARQUE ESTADUAL MORRO DO DIABO","Angiosperms","Malvaceae","Sida","viarum","A.St.-Hil.","MALVACEAE Sida viarum A.St.-Hil.","277736","GBIF","SP","Kirizawa, M.","3084","Native","Ouro","High",,"Parque Estadual Morro do Diabo"
"PARQUE ESTADUAL MORRO DO DIABO","Angiosperms","Malvaceae","Triumfetta","bartramia","L.","MALVACEAE Triumfetta bartramia L.","79701","GBIF","UEC","Fortes, A.M.T.","44","Native","Ouro","High",,"Parque Estadual Morro do Diabo"
"PARQUE ESTADUAL MORRO DO DIABO","Angiosperms","Malvaceae","Waltheria","indica","L.","MALVACEAE Waltheria indica L.","SPSF00017319","Splink","SPSF",,"486","Native","Ouro","High",,"Parque Estadual do Morro do Diabo"
"PARQUE ESTADUAL MORRO DO DIABO","Angiosperms","Malvaceae","Waltheria","martii","Colla","MALVACEAE Waltheria martii Colla","77531","GBIF","UEC","Catarino, L.","s.n.","Native","Latão","High","https://images.cria.org.br/viewer/UEC157921","Parque Estadual Morro do Diabo, Trilha do Morro."
"PARQUE ESTADUAL MORRO DO DIABO","Angiosperms","Melastomataceae","Chaetogastra","herbacea","(DC.) P.J.F.Guim. & Michelang.","MELASTOMATACEAE Chaetogastra herbacea (DC.) P.J.F.Guim. & Michelang.","84103","GBIF","UEC","Ishikawa, N.K.","s.n.","Native","Ouro","High","https://images.cria.org.br/viewer/UEC033029","Parque estadual Morro do Diabo, trilha Morro do Diabo."
"PARQUE ESTADUAL MORRO DO DIABO","Angiosperms","Melastomataceae","Clidemia","hirta","(L.) D.Don","MELASTOMATACEAE Clidemia hirta (L.) D.Don","55339","GBIF","HUFU","Oliveira, R.S.","29","Native","Ouro","High","https://images.cria.org.br/viewer/HUFU00060142","Parque Estadual do Morro do Diabo"
"PARQUE ESTADUAL MORRO DO DIABO","Angiosperms","Melastomataceae","Leandra","purpurascens","(DC.) Cogn.","MELASTOMATACEAE Leandra purpurascens (DC.) Cogn.","RB01037565","GBIF","RB","Aguiar, O.T.","493","Native","Ouro","High","jbrj-public-img.s3-sa-east-1.amazonaws.com/JPG/rb/1/3/75/65/01037565.jpg","Parque Estadual Morro do Diabo, Estrada do estreito"
"PARQUE ESTADUAL MORRO DO DIABO","Angiosperms","Melastomataceae","Miconia","affinis","DC.","MELASTOMATACEAE Miconia affinis DC.","MG206251","GBIF","MG","Martuscelli, P.","208","Native","Ouro","High",,"Morro do Diabo"
"PARQUE ESTADUAL MORRO DO DIABO","Angiosperms","Melastomataceae","Miconia","chamissois","Naudin","MELASTOMATACEAE Miconia chamissois Naudin","SPSF00017341","Splink","SPSF",,"494","Native","Ouro","High",,"Parque Estadual do Morro do Diabo, estrada do estreito, mata seca, degradada, presença dde mandacarus."
"PARQUE ESTADUAL MORRO DO DIABO","Angiosperms","Melastomataceae","Miconia","cinerascens","Miq.","MELASTOMATACEAE Miconia cinerascens Miq.","SPSF00017318","Splink","SPSF",,"463","Native","Ouro","High",,"Parque Estadual Morro do Diabo, Entrada do Estreito"
"PARQUE ESTADUAL MORRO DO DIABO","Angiosperms","Melastomataceae","Miconia","collatata","Wurdack","MELASTOMATACEAE Miconia collatata Wurdack","SPSF00010320","Splink","SPSF",,"170","Native","Ouro","High",,"Parque Estadual do Morro do Diabo. Próximo ao piquete 21 da picada 119, subosque, área de inundação"
"PARQUE ESTADUAL MORRO DO DIABO","Angiosperms","Melastomataceae","Miconia","discolor","DC.","MELASTOMATACEAE Miconia discolor DC.","14316","GBIF","FUEL","Henrique, L.","s.n.","Native","Ouro","High",,"Parque Estadual Morro do Diabo"
"PARQUE ESTADUAL MORRO DO DIABO","Angiosperms","Melastomataceae","Miconia","lepidota","DC.","MELASTOMATACEAE Miconia lepidota DC.","SPSF00021914","Splink","SPSF",,"100","Native","Ouro","High",,"Parque estadual do Morro do Diabo."
"PARQUE ESTADUAL MORRO DO DIABO","Angiosperms","Melastomataceae","Miconia","minutiflora","(Bonpl.) DC.","MELASTOMATACEAE Miconia minutiflora (Bonpl.) DC.","ESAL000011198","Splink","ESAL",,"170","Native","Bronze","High",,"Parque Estadual do Morro do Diabo"
"PARQUE ESTADUAL MORRO DO DIABO","Angiosperms","Melastomataceae","Miconia","nervosa","(Sm.) Triana","MELASTOMATACEAE Miconia nervosa (Sm.) Triana","SPSF00017271","Splink","SPSF",,"91","Native","Ouro","High",,"Parque Estadual Morro do Diabo"
"PARQUE ESTADUAL MORRO DO DIABO","Angiosperms","Melastomataceae","Miconia","paucidens","DC.","MELASTOMATACEAE Miconia paucidens DC.","MBM194016","Splink","MBM",,"200","Native","Ouro","High",,"Parque Estadual do Morro do Diabo."
"PARQUE ESTADUAL MORRO DO DIABO","Angiosperms","Melastomataceae","Miconia","pusilliflora","(DC.) Naudin","MELASTOMATACEAE Miconia pusilliflora (DC.) Naudin","SPSF00017264","Splink","SPSF",,"102","Native","Ouro","High",,"Parque Estadual do Morro do Diabo - Mina, Barranco do Córrego."
"PARQUE ESTADUAL MORRO DO DIABO","Angiosperms","Melastomataceae","Ossaea",,"DC.","MELASTOMATACEAE Ossaea DC.","59349","GBIF","FLOR","Baitello, J.B.","687",,"Latão","High",,"Parque Estadual Morro do Diabo, Estrada do Estreito"
"PARQUE ESTADUAL MORRO DO DIABO","Angiosperms","Meliaceae","Cabralea","canjerana","(Vell.) Mart.","MELIACEAE Cabralea canjerana subsp. canjerana (Vell.) Mart.","SPSF00017290","Splink","SPSF",,"659","Native","Ouro","High",,"Parque Estadual Morro do Diabo"
"PARQUE ESTADUAL MORRO DO DIABO","Angiosperms","Meliaceae","Cedrela","fissilis","Vell.","MELIACEAE Cedrela fissilis Vell.","SPSF00010319","Splink","SPSF",,"169","Native","Ouro","High",,"Parque Estadual Morro do Diabo, Próximo aos piquetes 5 e 6 da picada 119, na área de inundação"
"PARQUE ESTADUAL MORRO DO DIABO","Angiosperms","Meliaceae","Cedrela","odorata","L.","MELIACEAE Cedrela odorata L.","SPSF00017288","Splink","SPSF",,"114","Native","Ouro","High",,"Parque Estadual Morro do Diabo, Região do Estreito, área de brejo nas margens do rio"
"PARQUE ESTADUAL MORRO DO DIABO","Angiosperms","Meliaceae","Guarea","guidonia","(L.) Sleumer","MELIACEAE Guarea guidonia (L.) Sleumer","MBM199273","Splink","MBM",,"308","Native","Ouro","High",,"Parque Estadual do Morro do Diabo."
"PARQUE ESTADUAL MORRO DO DIABO","Angiosperms","Meliaceae","Guarea","macrophylla","(A.Juss.) T.D.Penn.","MELIACEAE Guarea macrophylla subsp. spiciflora (A.Juss.) T.D.Penn.","SPSF00017349","Splink","SPSF",,"673","Native","Ouro","High",,"Parque Estadual Morro do Diabo"
"PARQUE ESTADUAL MORRO DO DIABO","Angiosperms","Meliaceae","Trichilia","catigua","A.Juss.","MELIACEAE Trichilia catigua A.Juss.","SPSF00020661","Splink","SPSF",,"3106","Native","Ouro","High",,"Parque Estadual Morro do Diabo, Picada 7001"
"PARQUE ESTADUAL MORRO DO DIABO","Angiosperms","Meliaceae","Trichilia","elegans","A.Juss.","MELIACEAE Trichilia elegans subsp. elegans A.Juss.","SPSF00020635","Splink","SPSF",,"3105","Native","Ouro","High",,"Parque Estadual Morro do Diabo"
"PARQUE ESTADUAL MORRO DO DIABO","Angiosperms","Meliaceae","Trichilia","pallida","Sw.","MELIACEAE Trichilia pallida Sw.","SPSF00020648","Splink","SPSF",,"3095","Native","Ouro","High",,"Parque Estadual Morro do Diabo, Picada 7001"
"PARQUE ESTADUAL MORRO DO DIABO","Angiosperms","Monimiaceae","Mollinedia","clavigera","Tul.","MONIMIACEAE Mollinedia clavigera Tul.","RBR00007472","Splink","RBR",,"3165","Native","Ouro","High",,"Parque Estadual Morro do Diabo, Rodovia Arlindo Beril, ca. 13.5km da cidade. Mina da Serra."
"PARQUE ESTADUAL MORRO DO DIABO","Angiosperms","Moraceae","Ficus","citrifolia","Mill.","MORACEAE Ficus citrifolia Mill.","2420","GBIF","HURB","Tamashiro, J.Y.",,"Native","Ouro","High","https://images.cria.org.br/viewer/HURB000002420","ResErva do Morro do Diabo."
"PARQUE ESTADUAL MORRO DO DIABO","Angiosperms","Moraceae","Ficus","crocata","(Miq.) Miq.","MORACEAE Ficus crocata (Miq.) Miq.","RB00587990","GBIF","RB","Coelho, L.F.M.","18","Native","Ouro","High","jbrj-public-img.s3-sa-east-1.amazonaws.com/JPG/rb/0/58/79/90/00587990.jpg","Parque Estadual do Morro do Diabo. (datum Córrego Alegre), a norte da SP-613 na altura do Km 15."
"PARQUE ESTADUAL MORRO DO DIABO","Angiosperms","Moraceae","Ficus","eximia","Schott","MORACEAE Ficus eximia Schott","RB00588000","GBIF","RB","Coelho, L.F.M.","29","Native","Ouro","High","jbrj-public-img.s3-sa-east-1.amazonaws.com/JPG/rb/0/58/80/0/00588000.jpg","Parque Estadual do Morro do Diabo, (datum Córrego Alegre), Trilha das Perobeiras a menos de 100m do início."
"PARQUE ESTADUAL MORRO DO DIABO","Angiosperms","Moraceae","Ficus","guaranitica","Chodat","MORACEAE Ficus guaranitica Chodat","SPSF00017279","Splink","SPSF",,"84","Native","Ouro","High",,"Parque Estadual Morro do Diabo, região do Porto Angelim, solo vermelho-amarelo, fase arenosa."
"PARQUE ESTADUAL MORRO DO DIABO","Angiosperms","Moraceae","Ficus","luschnathiana","(Miq.) Miq.","MORACEAE Ficus luschnathiana (Miq.) Miq.","RB00587988","GBIF","RB","Coelho, L.F.M.","42","Native","Ouro","High","jbrj-public-img.s3-sa-east-1.amazonaws.com/JPG/rb/0/58/79/88/00587988.jpg","Parque Estadual do Morro do Diabo. Trilha da Perobeiras a menos de 100m do início."
"PARQUE ESTADUAL MORRO DO DIABO","Angiosperms","Moraceae","Ficus","obtusifolia","Kunth","MORACEAE Ficus obtusifolia Kunth","185246","GBIF","SPF","Pereira, R.A.S.","155","Native","Ouro","High","https://images.cria.org.br/viewer/SPF00185246","Próximo ao NNW do Parque Estadual do Morro do Diabo (Corr. Alegr.), na margem de uma estrada de terra de uma fazenda de cana."
"PARQUE ESTADUAL MORRO DO DIABO","Angiosperms","Moraceae","Ficus","pertusa","L.f.","MORACEAE Ficus pertusa L.f.","2451611","GBIF","Bioversity","Pereira, R.A.S.","548675","Native","Latão","Low",,"Brasil. So Paulo. Teodoro Sampaio. Topo do Morro do Diabo, (Corre. Alegre.), chegada da trilha de visitao."
"PARQUE ESTADUAL MORRO DO DIABO","Angiosperms","Moraceae","Maclura","tinctoria","(L.) D.Don ex Steud.","MORACEAE Maclura tinctoria (L.) D.Don ex Steud.","254739","GBIF","SP","Albernaz, A.L.K.M.","s.n.","Native","Bronze","High",,"Parque Estadual Morro do Diabo"
"PARQUE ESTADUAL MORRO DO DIABO","Angiosperms","Moraceae","Sorocea","bonplandii","(Baill.) W.C.Burger et al.","MORACEAE Sorocea bonplandii (Baill.) W.C.Burger et al.","SPSF00011337","Splink","SPSF",,"157","Native","Ouro","High",,"Reserva Florestal Morro do Diabo."
"PARQUE ESTADUAL MORRO DO DIABO","Angiosperms","Myrtaceae","Campomanesia","guaviroba","(DC.) Kiaersk.","MYRTACEAE Campomanesia guaviroba (DC.) Kiaersk.","SPSF00017897","Splink","SPSF",,"1316","Native","Ouro","High",,"Parque Estadual Morro do Diabo, Estrada do 7000, na beira da mata"
"PARQUE ESTADUAL MORRO DO DIABO","Angiosperms","Myrtaceae","Campomanesia","guazumifolia","(Cambess.) O.Berg","MYRTACEAE Campomanesia guazumifolia (Cambess.) O.Berg","003158","GBIF","HUFABC","Dias, A.C.","s.n.","Native","Ouro","High",,"Parque Estadual Morro do Diabo"
"PARQUE ESTADUAL MORRO DO DIABO","Angiosperms","Myrtaceae","Campomanesia","xanthocarpa","(Mart.) O.Berg","MYRTACEAE Campomanesia xanthocarpa (Mart.) O.Berg","SPSF00023283","Splink","SPSF",,"244","Native","Ouro","High",,"Parque Estadual Morro do Diabo, Na sede"
"PARQUE ESTADUAL MORRO DO DIABO","Angiosperms","Myrtaceae","Eugenia","florida","DC.","MYRTACEAE Eugenia florida DC.","45596","GBIF","SPF","Aguiar, O.T.","s.n.","Native","Ouro","High","https://images.cria.org.br/viewer/SPF00045596","Parque Estadual Morro do Diabo"
"PARQUE ESTADUAL MORRO DO DIABO","Angiosperms","Myrtaceae","Eugenia","gracillima","Kiaersk.","MYRTACEAE Eugenia gracillima Kiaersk.","212466","Splink","ICN",,"727","Native","Ouro","High",,"Parque Estadual do Morro do Diabo, estrada 7000, ao longo do caminho."
"PARQUE ESTADUAL MORRO DO DIABO","Angiosperms","Myrtaceae","Eugenia","hiemalis","Cambess.","MYRTACEAE Eugenia hiemalis Cambess.","212464","Splink","ICN",,"3104","Native","Ouro","High",,"Parque Estadual do Morro do Diabo. Picada 7001"
"PARQUE ESTADUAL MORRO DO DIABO","Angiosperms","Myrtaceae","Eugenia","ligustrina","(Sw.) Willd.","MYRTACEAE Eugenia ligustrina (Sw.) Willd.","SPSF00034672","Splink","SPSF",,"1212","Native","Ouro","High",,"Parque Estadual do Morro do Diabo."
"PARQUE ESTADUAL MORRO DO DIABO","Angiosperms","Myrtaceae","Eugenia","longipedunculata","Nied.","MYRTACEAE Eugenia longipedunculata Nied.","K001021399","GBIF","K","Artem, L.","14321","Native","Ouro","High","jbrj-public.s3-sa-east-1.amazonaws.com/fsi/server?type=image&source=DZI/kew/k/0/10/21/39/9/k001021399.dzi","Parque Estadual Morro do Diabo."
"PARQUE ESTADUAL MORRO DO DIABO","Angiosperms","Myrtaceae","Eugenia","neoverrucosa","Sobral","MYRTACEAE Eugenia neoverrucosa Sobral","SPSF00017880","Splink","SPSF",,"747","Native","Ouro","High",,"Parque Estadual do Morro do Diabo, na sede, em arboreto natural."
"PARQUE ESTADUAL MORRO DO DIABO","Angiosperms","Myrtaceae","Eugenia","paracatuana","O.Berg","MYRTACEAE Eugenia paracatuana O.Berg","SPSF00010579","Splink","SPSF",,"185","Native","Ouro","High",,"Parque Estadual do Morro do Diabo."
"PARQUE ESTADUAL MORRO DO DIABO","Angiosperms","Myrtaceae","Eugenia","pluriflora","DC.","MYRTACEAE Eugenia pluriflora DC.","SPSF00017337","Splink","SPSF",,"505","Native","Ouro","High",,"Parque Estadual Morro do Diabo, Estrada do Estreito, mata seca, degradada, presença de mandacarús"
"PARQUE ESTADUAL MORRO DO DIABO","Angiosperms","Myrtaceae","Eugenia","pyriformis","Cambess.","MYRTACEAE Eugenia pyriformis Cambess.","SPSF00021212","Splink","SPSF",,"151","Native","Ouro","High",,"Parque Estadual do Morro do Diabo. sede."
"PARQUE ESTADUAL MORRO DO DIABO","Angiosperms","Myrtaceae","Eugenia","ramboi","D.Legrand","MYRTACEAE Eugenia ramboi D.Legrand","SPSF00011297","Splink","SPSF",,"212","Native","Ouro","High",,"Parque Estadual do Morro do Diabo."
"PARQUE ESTADUAL MORRO DO DIABO","Angiosperms","Myrtaceae","Eugenia","repanda","O.Berg","MYRTACEAE Eugenia repanda O.Berg","14403","GBIF","FUEL","Kolb, R.M.","s.n.","Native","Ouro","High",,"Parque Estadual Morro do Diabo"
"PARQUE ESTADUAL MORRO DO DIABO","Angiosperms","Myrtaceae","Eugenia","speciosa","Cambess.","MYRTACEAE Eugenia speciosa Cambess.","SPSF00017827","Splink","SPSF",,"558","Native","Ouro","High",,"Parque Estadual Morro do Diabo, Estrada do Caldeirão, ma margem do caminho"
"PARQUE ESTADUAL MORRO DO DIABO","Angiosperms","Myrtaceae","Eugenia","subterminalis","DC.","MYRTACEAE Eugenia subterminalis DC.","SPSF00017866","Splink","SPSF",,"730","Native","Ouro","High",,"Parque Estadual Morro do Diabo, Estrada do 7000, na margem do caminho"
"PARQUE ESTADUAL MORRO DO DIABO","Angiosperms","Myrtaceae","Eugenia","uniflora","L.","MYRTACEAE Eugenia uniflora L.","SPSF00012277","Splink","SPSF",,"18799","Native","Ouro","High",,"Reserva do Morro do Diabo."
"PARQUE ESTADUAL MORRO DO DIABO","Angiosperms","Myrtaceae","Myrcia","bella","Cambess.","MYRTACEAE Myrcia bella Cambess.","169222","GBIF","MBM","Fonseca, E.C.","s.n.","Native","Ouro","High","https://images.cria.org.br/viewer/MBM169222","Parque Estadual do Morro do Diabo."
"PARQUE ESTADUAL MORRO DO DIABO","Angiosperms","Myrtaceae","Myrcia","glomerata","(Cambess.) G.P.Burton & E.Lucas","MYRTACEAE Myrcia glomerata (Cambess.) G.P.Burton & E.Lucas","SPSF00011300","Splink","SPSF",,"213","Native","Ouro","High",,"Parque Estadual Morro do Diabo"
"PARQUE ESTADUAL MORRO DO DIABO","Angiosperms","Myrtaceae","Myrcia","guianensis","(Aubl.) DC.","MYRTACEAE Myrcia guianensis (Aubl.) DC.","HUEM000024014","Splink","HUEM",,"s.n.","Native","Ouro","High",,"Parque Estadual do Morro do Diabo"
"PARQUE ESTADUAL MORRO DO DIABO","Angiosperms","Myrtaceae","Myrcia","multiflora","(Lam.) DC.","MYRTACEAE Myrcia multiflora (Lam.) DC.","SPSF00017908","Splink","SPSF",,"525","Native","Ouro","High",,"Parque Estadual Morro do Diabo"
"PARQUE ESTADUAL MORRO DO DIABO","Angiosperms","Myrtaceae","Myrcia","splendens","(Sw.) DC.","MYRTACEAE Myrcia splendens (Sw.) DC.","SPSF00017886","Splink","SPSF",,"1302","Native","Ouro","High",,"Parque Estadual Morro do Diabo"
"PARQUE ESTADUAL MORRO DO DIABO","Angiosperms","Myrtaceae","Myrciaria","cuspidata","O.Berg","MYRTACEAE Myrciaria cuspidata O.Berg","SPSF00017829","Splink","SPSF",,"560","Native","Ouro","High",,"Parque Estadual Morro do Diabo"
"PARQUE ESTADUAL MORRO DO DIABO","Angiosperms","Myrtaceae","Myrciaria","delicatula","(DC.) O.Berg","MYRTACEAE Myrciaria delicatula (DC.) O.Berg","46630","GBIF","SPF","Dias, A.C.","s.n.","Native","Ouro","High",,"Parque Estadual Morro do Diabo"
"PARQUE ESTADUAL MORRO DO DIABO","Angiosperms","Myrtaceae","Myrciaria","floribunda","(H.West ex Willd.) O.Berg","MYRTACEAE Myrciaria floribunda (H.West ex Willd.) O.Berg","UEC112556","Splink","UEC",,"492","Native","Ouro","High",,"Parque Estadual do Morro do Diabo."
"PARQUE ESTADUAL MORRO DO DIABO","Angiosperms","Myrtaceae","Plinia","rivularis","(Cambess.) Rotman","MYRTACEAE Plinia rivularis (Cambess.) Rotman","119333","Splink","ICN",,"658","Native","Ouro","High",,"Parque Estadual Morro do Diabo"
"PARQUE ESTADUAL MORRO DO DIABO","Angiosperms","Myrtaceae","Psidium","oligospermum","Mart. ex DC.","MYRTACEAE Psidium oligospermum Mart. ex DC.","HRB00020937","Splink","HRB",,"55","Native","Ouro","High",,"Morro do Diabo, a 10 km da sede, para oeste."
"PARQUE ESTADUAL MORRO DO DIABO","Angiosperms","Myrtaceae","Psidium","sartorianum","(O.Berg) Nied.","MYRTACEAE Psidium sartorianum (O.Berg) Nied.","SPSF00010323","Splink","SPSF",,"171","Native","Ouro","High",,"Parque Estadual do Morro do Diabo, Região do Agelim, área da fitossociologia."
"PARQUE ESTADUAL MORRO DO DIABO","Angiosperms","Nyctaginaceae","Bougainvillea","arborea","Glaz.","NYCTAGINACEAE Bougainvillea arborea Glaz.","75595","GBIF","UPCB","Baitello, J.B.","200",,"Ouro","High","https://images.cria.org.br/viewer/UPCB0035457","Parque Estadual do Morro do Diabo, região próxima à Sede, em arboreto natural."
"PARQUE ESTADUAL MORRO DO DIABO","Angiosperms","Nyctaginaceae","Bougainvillea","glabra","Choisy","NYCTAGINACEAE Bougainvillea glabra Choisy","IAN184364","GBIF","IAN","Lucca, A.L.T.","s.n.","Native","Ouro","High","jbrj-public.s3-sa-east-1.amazonaws.com/fsi/server?type=image&source=DZI/ian/ian/0/18/43/64/ian00184364.dzi","Morro do Diabo."
"PARQUE ESTADUAL MORRO DO DIABO","Angiosperms","Nyctaginaceae","Guapira","hirsuta","(Choisy) Lundell","NYCTAGINACEAE Guapira hirsuta (Choisy) Lundell","290192","Splink","SP",,"1305","Native","Prata","High",,"Parque Estadual Morro do Diabo, estrada do 7000"
"PARQUE ESTADUAL MORRO DO DIABO","Angiosperms","Nyctaginaceae","Guapira","opposita","(Vell.) Reitz","NYCTAGINACEAE Guapira opposita (Vell.) Reitz","75060","GBIF","SPF","Fonseca, E.C.","s.n.","Native","Ouro","High","https://images.cria.org.br/viewer/SPF00075060","Parque Estadual Morro do Diabo"
"PARQUE ESTADUAL MORRO DO DIABO","Angiosperms","Nyctaginaceae","Pisonia","aculeata","L.","NYCTAGINACEAE Pisonia aculeata L.","RB00962514","GBIF","RB","Colletta, G.D.","1592","Native","Ouro","High","jbrj-public-img.s3-sa-east-1.amazonaws.com/JPG/rb/0/96/25/14/00962514.jpg","Parque Estadual Morro do Diabo."
"PARQUE ESTADUAL MORRO DO DIABO","Angiosperms","Ochnaceae","Ouratea","castaneifolia","(DC.) Engl.","OCHNACEAE Ouratea castaneifolia (DC.) Engl.","145859","GBIF","UEC","Pastore, J.F.B.","s.n.","Native","Ouro","High",,"Parque Estadual do Morro do Diabo"
"PARQUE ESTADUAL MORRO DO DIABO","Angiosperms","Ochnaceae","Ouratea","multiflora","(Pohl) Engl.","OCHNACEAE Ouratea multiflora (Pohl) Engl.","SPSF00017311","Splink","SPSF",,"490","Native","Bronze","High",,"Parque Estadual do Morro do Diabo."
"PARQUE ESTADUAL MORRO DO DIABO","Angiosperms","Onagraceae","Ludwigia","nervosa","(Poir.) H.Hara","ONAGRACEAE Ludwigia nervosa (Poir.) H.Hara","28441","GBIF","FUEL","Kirizawa, M.","3159","Native","Ouro","High",,"Parque Estadual Morro do Diabo, rodovia Arlindo Beril, ca. 25 km da cidade, margem do rio Cacheoria do Estreito"
"PARQUE ESTADUAL MORRO DO DIABO","Angiosperms","Onagraceae","Ludwigia","sericea","(Cambess.) H.Hara","ONAGRACEAE Ludwigia sericea (Cambess.) H.Hara","FUEL007325","Splink","FUEL",,"14","Native","Ouro","High",,"Parque Estadual Morro do Diabo, Trilha do Morro do Diabo."
"PARQUE ESTADUAL MORRO DO DIABO","Angiosperms","Opiliaceae","Agonandra","brasiliensis","Miers ex Benth. & Hook.f.","OPILIACEAE Agonandra brasiliensis subsp. brasiliensis Miers ex Benth. & Hook.f.","97144","GBIF","SPF","Pastore, J.A.","573","Native","Bronze","High","https://images.cria.org.br/viewer/SPF00097144","Parque Estadual Morro do Diabo"
"PARQUE ESTADUAL MORRO DO DIABO","Angiosperms","Orchidaceae","Acianthera","exarticulata","(Barb.Rodr.) Pridgeon & M.W.Chase","ORCHIDACEAE Acianthera exarticulata (Barb.Rodr.) Pridgeon & M.W.Chase","315494","GBIF","SP","Martuscelli, P.","s.n.","Native","Bronze","High",,"Parque Estadual Morro do Diabo"
"PARQUE ESTADUAL MORRO DO DIABO","Angiosperms","Orchidaceae","Acianthera","pubescens","(Lindl.) Pridgeon & M.W.Chase","ORCHIDACEAE Acianthera pubescens (Lindl.) Pridgeon & M.W.Chase","315037","GBIF","SP","Martuscelli, P.","s.n.","Native","Bronze","High",,"Parque Estadual Morro do Diabo"
"PARQUE ESTADUAL MORRO DO DIABO","Angiosperms","Orchidaceae","Acianthera","saundersiana","(Rchb.f.) Pridgeon & M.W.Chase","ORCHIDACEAE Acianthera saundersiana (Rchb.f.) Pridgeon & M.W.Chase","315032","GBIF","SP","Martuscelli, P.","s.n.","Native","Bronze","High",,"Parque Estadual Morro do Diabo"
"PARQUE ESTADUAL MORRO DO DIABO","Angiosperms","Orchidaceae","Acianthera","wageneriana","(Klotzsch) Pridgeon & M.W.Chase","ORCHIDACEAE Acianthera wageneriana (Klotzsch) Pridgeon & M.W.Chase","315488","GBIF","SP","Martuscelli, P.","s.n.","Native","Bronze","High",,"Parque Estadual Morro do Diabo"
"PARQUE ESTADUAL MORRO DO DIABO","Angiosperms","Orchidaceae","Anathallis","obovata","(Lindl.) Pridgeon & M.W.Chase","ORCHIDACEAE Anathallis obovata (Lindl.) Pridgeon & M.W.Chase","315035","GBIF","SP","Martuscelli, P.","s.n.","Native","Bronze","High",,"Parque Estadual Morro do Diabo"
"PARQUE ESTADUAL MORRO DO DIABO","Angiosperms","Orchidaceae","Bulbophyllum","perii","Schltr.","ORCHIDACEAE Bulbophyllum perii Schltr.","31194","GBIF","HUEM","Teixeira, W.F.","01","Native","Bronze","High",,"Parque Estadual do Morro do Diabo., Trilha do Aceiro."
"PARQUE ESTADUAL MORRO DO DIABO","Angiosperms","Orchidaceae","Capanemia","micromera","Barb.Rodr.","ORCHIDACEAE Capanemia micromera Barb.Rodr.","288485","GBIF","SP","Pastore, J.A.","503","Native","Ouro","High",,"Parque Estadual Morro do Diabo, Região do Caldeirão"
"PARQUE ESTADUAL MORRO DO DIABO","Angiosperms","Orchidaceae","Catasetum","fimbriatum","(C.Morren) Lindl.","ORCHIDACEAE Catasetum fimbriatum (C.Morren) Lindl.","139216","GBIF","UEC","Singer, R.B.","97/121","Native","Bronze","High","https://images.cria.org.br/viewer/UEC064644","Parque Estadual Morro do Diabo"
"PARQUE ESTADUAL MORRO DO DIABO","Angiosperms","Orchidaceae","Cyclopogon","congestus","(Vell.) Hoehne","ORCHIDACEAE Cyclopogon congestus (Vell.) Hoehne","327253","GBIF","SP","Martuscelli, P.","251","Native","Bronze","High",,"Parque Estadual Morro do Diabo"
"PARQUE ESTADUAL MORRO DO DIABO","Angiosperms","Orchidaceae","Cyclopogon","warmingii","(Rchb.f.) Schltr.","ORCHIDACEAE Cyclopogon warmingii (Rchb.f.) Schltr.","315469","GBIF","SP","Martuscelli, P.","s.n.","Native","Bronze","High",,"Parque Estadual Morro do Diabo"
"PARQUE ESTADUAL MORRO DO DIABO","Angiosperms","Orchidaceae","Dryadella","aviceps","(Rchb.f.) Luer","ORCHIDACEAE Dryadella aviceps (Rchb.f.) Luer","315484","GBIF","SP","Martuscelli, P.","s.n.","Native","Bronze","High",,"Parque Estadual Morro do Diabo"
"PARQUE ESTADUAL MORRO DO DIABO","Angiosperms","Orchidaceae","Encyclia",,"Hook.","ORCHIDACEAE Encyclia Hook.","SP0315485","Splink","SP",,"s.n.",,"Latão","High",,"Parque Estadual Morro do Diabo"
"PARQUE ESTADUAL MORRO DO DIABO","Angiosperms","Orchidaceae","Epidendrum","paniculatum","Ruiz & Pav.","ORCHIDACEAE Epidendrum paniculatum Ruiz & Pav.","SPSF00017309","Splink","SPSF",,"472","Unknown","Ouro","High",,"Parque Estadual Morro do Diabo, Córrego da Onça"
"PARQUE ESTADUAL MORRO DO DIABO","Angiosperms","Orchidaceae","Epidendrum","rigidum","Jacq.","ORCHIDACEAE Epidendrum rigidum Jacq.","315040","GBIF","SP","Martuscelli, P.","s.n.","Native","Bronze","High",,"Parque Estadual Morro do Diabo, Reserva Estadual do Morro do Diabo"
"PARQUE ESTADUAL MORRO DO DIABO","Angiosperms","Orchidaceae","Galeandra","beyrichii","Rchb.f.","ORCHIDACEAE Galeandra beyrichii Rchb.f.","84497867","GBIF","Observations","Sabino, G.P.",,"Native","Bronze","High",,"Parque Estadual do Morro do Diabo"
"PARQUE ESTADUAL MORRO DO DIABO","Angiosperms","Orchidaceae","Ionopsis","utricularioides","(Sw.) Lindl.","ORCHIDACEAE Ionopsis utricularioides (Sw.) Lindl.","315476","GBIF","SP","Martuscelli, P.","s.n.","Native","Bronze","High",,"Parque Estadual Morro do Diabo"
"PARQUE ESTADUAL MORRO DO DIABO","Angiosperms","Orchidaceae","Leptotes","unicolor","Barb.Rodr.","ORCHIDACEAE Leptotes unicolor Barb.Rodr.","291223","GBIF","SP","Baitello, J.B.","660","Native","Bronze","High",,"Parque Estadual Morro do Diabo, Região do Caldeirão"
"PARQUE ESTADUAL MORRO DO DIABO","Angiosperms","Orchidaceae","Macradenia","paraensis","Barb.Rodr.","ORCHIDACEAE Macradenia paraensis Barb.Rodr.","315042","GBIF","SP","Martuscelli, P.","s.n.","Native","Bronze","High",,"Parque Estadual Morro do Diabo"
"PARQUE ESTADUAL MORRO DO DIABO","Angiosperms","Orchidaceae","Maxillaria","chrysantha","Barb.Rodr.","ORCHIDACEAE Maxillaria chrysantha Barb.Rodr.","390448","GBIF","SP","Pinheiro, F.","401","Native","Ouro","High",,"Morro do Diabo, Cultivada no Orquidário do Instituto de Botânica sob n° 14245"
"PARQUE ESTADUAL MORRO DO DIABO","Angiosperms","Orchidaceae","Maxillaria","phoenicanthera","Barb.Rodr.","ORCHIDACEAE Maxillaria phoenicanthera Barb.Rodr.","ESA123028","GBIF","ESA","Martuscelli, P.N.",,"Native","Ouro","High","jbrj-public.s3-sa-east-1.amazonaws.com/fsi/server?type=image&source=DZI/esa/esa/0/12/30/28/esa00123028.dzi","Morro do Diabo (cultivado no Orquidário do Instituto de Botânica de São Paulo, sob registro nº 14243)"
"PARQUE ESTADUAL MORRO DO DIABO","Angiosperms","Orchidaceae","Maxillaria","picta","Hook.","ORCHIDACEAE Maxillaria picta Hook.","388188","GBIF","SP","Pinheiro, F.","288","Native","Bronze","High",,"Morro do Diabo"
"PARQUE ESTADUAL MORRO DO DIABO","Angiosperms","Orchidaceae","Maxillaria","porphyrostele","Rchb.f.","ORCHIDACEAE Maxillaria porphyrostele Rchb.f.","315491","GBIF","SP","Martuscelli, P.","s.n.","Native","Bronze","High",,"Parque Estadual Morro do Diabo"
"PARQUE ESTADUAL MORRO DO DIABO","Angiosperms","Orchidaceae","Octomeria","gracilis","Lodd. ex Lindl.","ORCHIDACEAE Octomeria gracilis Lodd. ex Lindl.","491492","GBIF","SP","Martuscelli, P.","s.n.","Native","Bronze","High",,"Morro do Diabo, Planta em cultivo na coleção viva do Orquidário sob nº 14300"
"PARQUE ESTADUAL MORRO DO DIABO","Angiosperms","Orchidaceae","Octomeria","grandiflora","Lindl.","ORCHIDACEAE Octomeria grandiflora Lindl.","315499","GBIF","SP","Martuscelli, P.","s.n.","Native","Bronze","High",,"Parque Estadual Morro do Diabo"
"PARQUE ESTADUAL MORRO DO DIABO","Angiosperms","Orchidaceae","Octomeria","tricolor","Rchb.f.","ORCHIDACEAE Octomeria tricolor Rchb.f.","SPSF00041333","Splink","SPSF",,"85","Native","Bronze","High",,"Parque Estadual do Morro do Diabo."
"PARQUE ESTADUAL MORRO DO DIABO","Angiosperms","Orchidaceae","Oeceoclades","maculata","(Lindl.) Lindl.","ORCHIDACEAE Oeceoclades maculata (Lindl.) Lindl.","277705","GBIF","SP","Kirizawa, M.","3160","Naturalized","Ouro","High",,"Parque Estadual Morro do Diabo, Rodovia Arlindo Beril, ca. 25 km da cidade. Margem do rio Cachoeira do Estreito"
"PARQUE ESTADUAL MORRO DO DIABO","Angiosperms","Orchidaceae","Ornithocephalus","bicornis","Lindl.","ORCHIDACEAE Ornithocephalus bicornis Lindl.","315039","GBIF","SP","Martuscelli, P.","s.n.","Native","Bronze","High",,"Parque Estadual Morro do Diabo"
"PARQUE ESTADUAL MORRO DO DIABO","Angiosperms","Orchidaceae","Pabstiella","tripterantha","(Rchb.f.) F.Barros","ORCHIDACEAE Pabstiella tripterantha (Rchb.f.) F.Barros","315036","GBIF","SP","Martuscelli, P.","s.n.","Native","Ouro","High",,"Parque Estadual Morro do Diabo"
"PARQUE ESTADUAL MORRO DO DIABO","Angiosperms","Orchidaceae","Pleurothallis",,"R.Br.","ORCHIDACEAE Pleurothallis R.Br.","315486","GBIF","SP","Martuscelli, P.","s.n.",,"Latão","High",,"Parque Estadual Morro do Diabo"
"PARQUE ESTADUAL MORRO DO DIABO","Angiosperms","Orchidaceae","Rodriguezia","decora","(Lem.) Rchb.f.","ORCHIDACEAE Rodriguezia decora (Lem.) Rchb.f.","327279","GBIF","SP","Martuscelli, P.","231","Native","Bronze","High",,"Parque Estadual Morro do Diabo"
"PARQUE ESTADUAL MORRO DO DIABO","Angiosperms","Orchidaceae","Sauroglossum",,"Lindl.","ORCHIDACEAE Sauroglossum Lindl.","315480","GBIF","SP","Martuscelli, P.","s.n.",,"Latão","High",,"Parque Estadual Morro do Diabo"
"PARQUE ESTADUAL MORRO DO DIABO","Angiosperms","Orchidaceae","Zygopetalum","maxillare","Lodd.","ORCHIDACEAE Zygopetalum maxillare Lodd.","UEC001718","Splink","UEC",,"98/112","Native","Bronze","High",,"Parque Estadual Morro do Diabo"
"PARQUE ESTADUAL MORRO DO DIABO","Angiosperms","Orchidaceae","Zygostates","alleniana","Kraenzl.","ORCHIDACEAE Zygostates alleniana Kraenzl.","315477","GBIF","SP","Martuscelli, P.","s.n.","Native","Bronze","High",,"Parque Estadual Morro do Diabo"
"PARQUE ESTADUAL MORRO DO DIABO","Ferns and Lycophytes","Osmundaceae","Osmundastrum","cinnamomeum","(L.) C.Presl","OSMUNDACEAE Osmundastrum cinnamomeum (L.) C.Presl","197785","GBIF","MBM","Silva, M.R.P.","3131","Native","Ouro","High","https://images.cria.org.br/viewer/MBM197785","Parque Estadual do Morro do Diabo."
"PARQUE ESTADUAL MORRO DO DIABO","Angiosperms","Oxalidaceae","Oxalis","rhombeo-ovata","A.St.-Hil.","OXALIDACEAE Oxalis rhombeo-ovata A.St.-Hil.","SPSF00017296","Splink","SPSF",,"664","Native","Ouro","High",,"Parque Estadual Morro do Diabo"
"PARQUE ESTADUAL MORRO DO DIABO","Angiosperms","Oxalidaceae","Oxalis","triangularis","A.St.-Hil.","OXALIDACEAE Oxalis triangularis A.St.-Hil.","P05580290","GBIF","P","Windisch, P.",,"Native","Latão","High",,"Reserva Florestal do Morro do Diabo. Mata 50 m margens do Rio Paranapanema"
"PARQUE ESTADUAL MORRO DO DIABO","Angiosperms","Passifloraceae","Passiflora","alata","Curtis","PASSIFLORACEAE Passiflora alata Curtis","32586","GBIF","IAC","Kirizawa, M.","3085","Native","Ouro","High",,"Parque Estadual do Morro do Diabo."
"PARQUE ESTADUAL MORRO DO DIABO","Angiosperms","Passifloraceae","Passiflora","tricuspis","Mast.","PASSIFLORACEAE Passiflora tricuspis Mast.","100545110","Splink","MO-DUPLICATES",,"535","Native","Ouro","High",,"Parque Estadual Morro do Diabo, estrada do 7000"
"PARQUE ESTADUAL MORRO DO DIABO","Angiosperms","Peraceae","Pera","glabrata","(Schott) Baill.","PERACEAE Pera glabrata (Schott) Baill.","85748","Splink","UEC",,"101","Native","Ouro","High",,"Parque Estadual do Morro do Diabo, Estrada do 7000, mata seca, solo arenoso, vermelho-amarelo. Cerradão"
"PARQUE ESTADUAL MORRO DO DIABO","Angiosperms","Phyllanthaceae","Savia","dictyocarpa","Müll.Arg.","PHYLLANTHACEAE Savia dictyocarpa Müll.Arg.","HBR0049921","Splink","HBR",,"58","Native","Ouro","High",,"Reserva Florestal Morro do Diabo - Sul. Folha SF.22-Y-B. Ponto 22."
"PARQUE ESTADUAL MORRO DO DIABO","Angiosperms","Phytolaccaceae","Gallesia","integrifolia","(Spreng.) Harms","PHYTOLACCACEAE Gallesia integrifolia (Spreng.) Harms","SPSF00010318","Splink","SPSF",,"170","Native","Ouro","High",,"Folha Cartográfica SF-22-Y-B Coordenada Calculada. Parque Estadual do Morro do Diabo."
"PARQUE ESTADUAL MORRO DO DIABO","Angiosperms","Phytolaccaceae","Phytolacca",,"L.","PHYTOLACCACEAE Phytolacca L.","129156","GBIF","ESA","Colletta, G.D.","1572",,"Latão","High",,"Parque Estadual Morro do Diabo"
"PARQUE ESTADUAL MORRO DO DIABO","Angiosperms","Phytolaccaceae","Rivina","humilis","L.","PHYTOLACCACEAE Rivina humilis L.","275963","GBIF","SP","Pastore, J.A.","579","Naturalized","Bronze","High",,"Parque Estadual Morro do Diabo"
"PARQUE ESTADUAL MORRO DO DIABO","Angiosperms","Phytolaccaceae","Seguieria","aculeata","Jacq.","PHYTOLACCACEAE Seguieria aculeata Jacq.","562","Splink","MACK",,"146","Native","Prata","High",,"Parque Estadual do Morro do Diabo, divisa com a região de Pedro Bil"
"PARQUE ESTADUAL MORRO DO DIABO","Angiosperms","Phytolaccaceae","Seguieria","americana","L.","PHYTOLACCACEAE Seguieria americana L.","211790","GBIF","SPF","Ceccantini, G.C.T.","3664","Native","Ouro","High","https://images.cria.org.br/viewer/SPF00211790","Parque Estadual Morro do Diabo"
"PARQUE ESTADUAL MORRO DO DIABO","Angiosperms","Picramniaceae","Picramnia","ramiflora","Planch.","PICRAMNIACEAE Picramnia ramiflora Planch.","MBM256489","Splink","MBM",,"221","Native","Ouro","High",,"Parque Estadual do Morro do Diabo."
"PARQUE ESTADUAL MORRO DO DIABO","Angiosperms","Picramniaceae","Picramnia","sellowii","Planch.","PICRAMNIACEAE Picramnia sellowii Planch.","43371","GBIF","UEC","Leitao Filho, H.F.","18485","Native","Ouro","High","https://images.cria.org.br/viewer/UEC081544","Reserva Florestal do Morro do Diabo."
"PARQUE ESTADUAL MORRO DO DIABO","Angiosperms","Piperaceae","Peperomia","blanda","(Jacq.) Kunth","PIPERACEAE Peperomia blanda var. blanda (Jacq.) Kunth","14451","GBIF","FUEL","Devide, C.S.","37","Native","Ouro","High",,"Parque Estadual Morro do Diabo, Trilha do Morro do Diabo"
"PARQUE ESTADUAL MORRO DO DIABO","Angiosperms","Piperaceae","Peperomia","elongata","Kunth","PIPERACEAE Peperomia elongata Kunth","RB01331189","GBIF","RB","Seidinger, L.C.","171","Native","Ouro","High","jbrj-public-img.s3-sa-east-1.amazonaws.com/JPG/rb/1/33/11/89/01331189.jpg","Parque Estadual do Morro do Diabo, margem direito do Córrego da Taquara, acesso pela Trilha da Taquara"
"PARQUE ESTADUAL MORRO DO DIABO","Angiosperms","Piperaceae","Peperomia","pereskiaefolia","(Jacq.) Kunth","PIPERACEAE Peperomia pereskiaefolia (Jacq.) Kunth","254052","GBIF","SP","Chiea, S.C.","644","Native","Bronze","High",,"Morro do Diabo"
"PARQUE ESTADUAL MORRO DO DIABO","Angiosperms","Piperaceae","Peperomia","rotundifolia","(L.) Kunth","PIPERACEAE Peperomia rotundifolia (L.) Kunth","RB01331193","GBIF","RB","Seidinger, L.C.","34","Native","Ouro","High","jbrj-public-img.s3-sa-east-1.amazonaws.com/JPG/rb/1/33/11/93/01331193.jpg","Parque Estadual do Morro do Diabo, margem direita do Córrego da Onça, acesso pela Trilha do Angelim"
"PARQUE ESTADUAL MORRO DO DIABO","Angiosperms","Piperaceae","Peperomia","trinervis","Ruiz & Pav.","PIPERACEAE Peperomia trinervis Ruiz & Pav.","RB00274772","GBIF","RB","Rodrigues, V.S.","00039","Native","Ouro","High","jbrj-public-img.s3-sa-east-1.amazonaws.com/JPG/rb/0/27/47/72/00274772.jpg","Parque Estadual Morro do Diabo. Parque Estadual Morro do Diabo"
"PARQUE ESTADUAL MORRO DO DIABO","Angiosperms","Piperaceae","Peperomia","urocarpa","Fisch. & C.A.Mey.","PIPERACEAE Peperomia urocarpa Fisch. & C.A.Mey.","RB00274975","GBIF","RB","Baitello, J.B.","667","Native","Ouro","High","jbrj-public-img.s3-sa-east-1.amazonaws.com/JPG/rb/0/27/49/75/00274975.jpg","Parque Estadual Morro do Diabo, Córrego da Onça. Sobre tronco caído."
"PARQUE ESTADUAL MORRO DO DIABO","Angiosperms","Piperaceae","Piper","amalago","L.","PIPERACEAE Piper amalago L.","SPSF00017918","Splink","SPSF",,"539","Native","Ouro","High",,"Parque Estadual do Morro do Diabo."
"PARQUE ESTADUAL MORRO DO DIABO","Angiosperms","Piperaceae","Piper","arboreum","Aubl.","PIPERACEAE Piper arboreum var. arboreum Aubl.","14324","GBIF","FUEL","Foloni, J.D.S.","s.n.","Native","Ouro","High",,"Parque Estadual Morro do Diabo, trilha do mirante"
"PARQUE ESTADUAL MORRO DO DIABO","Angiosperms","Piperaceae","Piper","arboreum","Yunck.","PIPERACEAE Piper arboreum var. hirtellum Yunck.","288898","GBIF","SP","Aguiar, O.T.","465","Native","Ouro","High",,"Parque Estadual Morro do Diabo, Estrada do Estreito."
"PARQUE ESTADUAL MORRO DO DIABO","Angiosperms","Piperaceae","Piper","glabratum","Kunth","PIPERACEAE Piper glabratum Kunth","14435","GBIF","FUEL","Sanches, A.C.","s.n.","Native","Ouro","High",,"Parque Estadual Morro do Diabo"
"PARQUE ESTADUAL MORRO DO DIABO","Angiosperms","Piperaceae","Piper","grazielae","Carv.-Silva & E.F.Guim.","PIPERACEAE Piper grazielae Carv.-Silva & E.F.Guim.","358956","GBIF","SP","Kato, M.J.","96","Native","Ouro","High",,"Parque Estadual Morro do Diabo"
"PARQUE ESTADUAL MORRO DO DIABO","Angiosperms","Piperaceae","Piper","hispidum","Sw.","PIPERACEAE Piper hispidum Sw.","SPSF00017896","Splink","SPSF",,"1315","Native","Ouro","High",,"Parque Estadual do Morro do Diabo, Região do Porto Angelim, na margem do caminho."
"PARQUE ESTADUAL MORRO DO DIABO","Angiosperms","Piperaceae","Piper","ovatum","Vahl","PIPERACEAE Piper ovatum Vahl","RB00304345","GBIF","RB","Pastore, J.A.","512","Native","Ouro","High","jbrj-public-img.s3-sa-east-1.amazonaws.com/JPG/rb/0/30/43/45/00304345.jpg","Parque Estadual Morro do Diabo, Mina Serra"
"PARQUE ESTADUAL MORRO DO DIABO","Angiosperms","Plantaginaceae","Scoparia","dulcis","L.","PLANTAGINACEAE Scoparia dulcis L.","203478","GBIF","UEC","Franco, G.A.D.C.","1297","Native","Ouro","High","https://images.cria.org.br/viewer/UEC082849","Parque Estadual Morro do Diabo"
"PARQUE ESTADUAL MORRO DO DIABO","Angiosperms","Poaceae","Lasiacis","ligulata","Hitchc. & Chase","POACEAE Lasiacis ligulata Hitchc. & Chase","14326","GBIF","FUEL","Artem, L.","s.n.","Native","Ouro","High",,"Parque Estadual Morro do Diabo"
"PARQUE ESTADUAL MORRO DO DIABO","Angiosperms","Poaceae","Merostachys","riedeliana","Rupr. ex Döll","POACEAE Merostachys riedeliana Rupr. ex Döll","277713","GBIF","SP","Kirizawa, M.","3099","Native","Bronze","High","https://images.cria.org.br/viewer/SP034603","Parque Estadual Morro do Diabo, Picada 7001."
"PARQUE ESTADUAL MORRO DO DIABO","Angiosperms","Poaceae","Olyra","ciliatifolia","Raddi","POACEAE Olyra ciliatifolia Raddi","87320","GBIF","UEC","Franco, G.A.D.C.","1320","Native","Ouro","High","https://images.cria.org.br/viewer/UEC070422","Parque Estadual Morro do Diabo, No sopé do morro, na borda da mata"
"PARQUE ESTADUAL MORRO DO DIABO","Angiosperms","Poaceae","Olyra","latifolia","L.","POACEAE Olyra latifolia L.","43360","GBIF","UEC","Leitao Filho, H.F.","18415","Native","Bronze","High","https://images.cria.org.br/viewer/UEC063992","Reserva Florestal do Morro do Diabo, Em mata."
"PARQUE ESTADUAL MORRO DO DIABO","Angiosperms","Poaceae","Pharus","lappulaceus","Aubl.","POACEAE Pharus lappulaceus Aubl.","289867","GBIF","SP","Pastore, J.A.","556","Native","Bronze","High",,"Parque Estadual Morro do Diabo, Região do Caldeirão."
"PARQUE ESTADUAL MORRO DO DIABO","Angiosperms","Poaceae","Setaria","sulcata","Raddi","POACEAE Setaria sulcata Raddi","110921","Splink","ICN",,"3101","Native","Bronze","High",,"Parque Estadual Morro do Diabo"
"PARQUE ESTADUAL MORRO DO DIABO","Angiosperms","Poaceae","Taquara","micrantha","(Kunth) I.L.C.Oliveira & R.P.Oliveira","POACEAE Taquara micrantha (Kunth) I.L.C.Oliveira & R.P.Oliveira","85750","Splink","UEC",,"536","Native","Ouro","High",,"Parque Estadual do Morro do Diabo, Estrada do 7000, ao longo do caminho."
"PARQUE ESTADUAL MORRO DO DIABO","Angiosperms","Polygalaceae","Acanthocladus","brasiliensis","(A.St.-Hil. & Moq.) Klotzsch ex Hassk.","POLYGALACEAE Acanthocladus brasiliensis (A.St.-Hil. & Moq.) Klotzsch ex Hassk.","RB00318812","GBIF","RB","Esteves, R.","107","Native","Ouro","High","jbrj-public-img.s3-sa-east-1.amazonaws.com/JPG/rb/0/31/88/12/00318812.jpg","Parque Estadual Morro do Diabo, estrada do estreito"
"PARQUE ESTADUAL MORRO DO DIABO","Angiosperms","Polygalaceae","Securidaca",,"L.","POLYGALACEAE Securidaca L.","100820","GBIF","UEC","Faria, A.D.","97/680",,"Bronze","High","https://images.cria.org.br/viewer/UEC022900","Reserva Florestal do Morro do Diabo. Interior de mata."
"PARQUE ESTADUAL MORRO DO DIABO","Angiosperms","Polygonaceae","Ruprechtia","laxiflora","Meisn.","POLYGONACEAE Ruprechtia laxiflora Meisn.","82298","GBIF","SPF","Baitello, J.B.","157A","Native","Ouro","High","https://images.cria.org.br/viewer/SPF00082298","Parque Estadual Morro do Diabo"
"PARQUE ESTADUAL MORRO DO DIABO","Angiosperms","Polygonaceae","Triplaris","americana","L.","POLYGONACEAE Triplaris americana L.","HUEFS0206374","Splink","HUEFS",,"18489","Native","Ouro","High",,"Reserva Florestal do Morro do Diabo."
"PARQUE ESTADUAL MORRO DO DIABO","Ferns and Lycophytes","Polypodiaceae","Campyloneurum","crispum","Fée","POLYPODIACEAE Campyloneurum crispum Fée","UPCB0006471","GBIF","UPCB","Soares",,"Native","Bronze","High","jbrj-public.s3.amazonaws.com/fsi/server?type=image&source=DZI/upcb/upcb/0/0/64/71/upcb00006471.dzi","Parque Estadual Morro do Diabo."
"PARQUE ESTADUAL MORRO DO DIABO","Ferns and Lycophytes","Polypodiaceae","Campyloneurum","phyllitidis","(L.) C.Presl","POLYPODIACEAE Campyloneurum phyllitidis (L.) C.Presl","SPSF00018829","Splink","SPSF",,"1583","Native","Ouro","High",,"Região do Pontal do Paranapanema, Parque Estadual Morro do Diabo, ca. 30 km da Sede pela trilha, Córrego 7 de Setembro ou Rio da Onça ou Angelim."
"PARQUE ESTADUAL MORRO DO DIABO","Ferns and Lycophytes","Polypodiaceae","Campyloneurum","rigidum","Sm.","POLYPODIACEAE Campyloneurum rigidum Sm.","18946","GBIF","SPSF","Silva, M.R.","1688","Native","Ouro","High",,"morro do diabo."
"PARQUE ESTADUAL MORRO DO DIABO","Ferns and Lycophytes","Polypodiaceae","Microgramma","lindbergii","(Mett.) de la Sota","POLYPODIACEAE Microgramma lindbergii (Mett.) de la Sota","SPSF00027061","Splink","SPSF",,"4244","Native","Ouro","High",,"reserva florestal do morro do diabo."
"PARQUE ESTADUAL MORRO DO DIABO","Ferns and Lycophytes","Polypodiaceae","Microgramma","squamulosa","(Kaulf.) de la Sota","POLYPODIACEAE Microgramma squamulosa (Kaulf.) de la Sota","SPSF00018827","Splink","SPSF",,"1587","Native","Ouro","High",,"morro do diabo."
"PARQUE ESTADUAL MORRO DO DIABO","Ferns and Lycophytes","Polypodiaceae","Microgramma","vacciniifolia","(Langsd. & Fisch.) Copel.","POLYPODIACEAE Microgramma vacciniifolia (Langsd. & Fisch.) Copel.","14502","GBIF","FUEL","Soares-Silva, L.H.","s.n.","Native","Bronze","High",,"Parque Estadual Morro do Diabo"
"PARQUE ESTADUAL MORRO DO DIABO","Ferns and Lycophytes","Polypodiaceae","Niphidium","crassifolium","(L.) Lellinger","POLYPODIACEAE Niphidium crassifolium (L.) Lellinger","SPSF00027069","Splink","SPSF",,"4289","Native","Ouro","High",,"morro do diabo."
"PARQUE ESTADUAL MORRO DO DIABO","Ferns and Lycophytes","Polypodiaceae","Pecluma","filicula","(Kaulf.) M.G.Price","POLYPODIACEAE Pecluma filicula (Kaulf.) M.G.Price","SPSF00018844","Splink","SPSF",,"1556","Native","Ouro","High",,"morro do diabo."
"PARQUE ESTADUAL MORRO DO DIABO","Ferns and Lycophytes","Polypodiaceae","Pecluma","paradiseae","(Langsd. & Fisch.) M.G.Price","POLYPODIACEAE Pecluma paradiseae (Langsd. & Fisch.) M.G.Price","113838","GBIF","PACA","Windisch, P.G.","4716","Native","Bronze","High",,"Pontal do paranapanema, reserva florestal do Morro do Diabo, Rio paranapanema, área a ser inumdada pala construção da barragem da Hidroelétrica de Rosana."
"PARQUE ESTADUAL MORRO DO DIABO","Ferns and Lycophytes","Polypodiaceae","Pleopeltis","angusta","Humb. & Bonpl. ex Willd.","POLYPODIACEAE Pleopeltis angusta Humb. & Bonpl. ex Willd.","SPSF00018826","Splink","SPSF",,"1588","Unknown","Ouro","High",,"Região do Pontal do Paranapanema, PARQUE ESTADUAL MORRO DO DIABO, CA. de 30 km da Sede pela trilha, Córrego 7 de Setembro ou Rio da Onça ou Angelim."
"PARQUE ESTADUAL MORRO DO DIABO","Ferns and Lycophytes","Polypodiaceae","Pleopeltis","minima","(Bory) J. Prado & R.Y. Hirai","POLYPODIACEAE Pleopeltis minima (Bory) J. Prado & R.Y. Hirai","2925592","GBIF","MO","Silva, M.R.","1511","Native","Bronze","High",,"Munic. Teodoro Sampaio. Região do Pontal do Paranapanema, Parque Estadual Morro do Diabo, ca. 15 km da Cidade, Rodovia SP-613/Teodoro Sampaio-Rosana, Morro do Diabo. Mata latifoliada mesófila tropical seca semidecídua"
"PARQUE ESTADUAL MORRO DO DIABO","Ferns and Lycophytes","Polypodiaceae","Pleopeltis","pleopeltifolia","(Raddi) Alston","POLYPODIACEAE Pleopeltis pleopeltifolia (Raddi) Alston","RB00788152","GBIF","RB","Lopes, E.A.","2705","Native","Ouro","High","jbrj-public-img.s3-sa-east-1.amazonaws.com/JPG/rb/0/78/81/52/00788152.jpg","Parque Estadual do Morro do Diabo. Rodovia Arlindo Beril, ca. 13,5km da cidade.."
"PARQUE ESTADUAL MORRO DO DIABO","Ferns and Lycophytes","Polypodiaceae","Pleopeltis","polypodioides","(L.) Andrews & Windham","POLYPODIACEAE Pleopeltis polypodioides (L.) Andrews & Windham","SPSF00018886","Splink","SPSF",,"1511","Unknown","Ouro","High",,"morro do diabo."
"PARQUE ESTADUAL MORRO DO DIABO","Ferns and Lycophytes","Polypodiaceae","Serpocaulon","latipes","(Langsd. & Fisch.) A.R. Sm.","POLYPODIACEAE Serpocaulon latipes (Langsd. & Fisch.) A.R. Sm.","14503","GBIF","FUEL","Soares-Silva, L.H.","s.n.","Native","Bronze","High",,"Parque Estadual Morro do Diabo"
"PARQUE ESTADUAL MORRO DO DIABO","Angiosperms","Pontederiaceae","Pontederia","cordata","L.","PONTEDERIACEAE Pontederia cordata L.","14327","GBIF","FUEL","Foloni, J.D.S.","s.n.","Native","Prata","High",,"Parque Estadual Morro do Diabo"
"PARQUE ESTADUAL MORRO DO DIABO","Angiosperms","Primulaceae","Clavija","nutans","(Vell.) B.Ståhl","PRIMULACEAE Clavija nutans (Vell.) B.Ståhl","RB00999604","GBIF","RB","Colletta, G.D.","1580","Native","Ouro","High","jbrj-public-img.s3-sa-east-1.amazonaws.com/JPG/rb/0/99/96/4/00999604.jpg","Parque Estadual Morro do Diabo"
"PARQUE ESTADUAL MORRO DO DIABO","Angiosperms","Primulaceae","Myrsine","balansae","(Mez) Otegui","PRIMULACEAE Myrsine balansae (Mez) Otegui","SPSF00034676","Splink","SPSF",,"646","Native","Ouro","High",,"Morro do Diabo"
"PARQUE ESTADUAL MORRO DO DIABO","Angiosperms","Primulaceae","Myrsine","gardneriana","A.DC.","PRIMULACEAE Myrsine gardneriana A.DC.","SPSF00023284","Splink","SPSF",,"249","Native","Ouro","High",,"Parque Estadual Morro do Diabo"
"PARQUE ESTADUAL MORRO DO DIABO","Angiosperms","Primulaceae","Myrsine","umbellata","Mart.","PRIMULACEAE Myrsine umbellata Mart.","SPSF00017293","Splink","SPSF",,"685","Native","Ouro","High",,"Parque Estadual do Morro do Diabo, estrada do Estreito"
"PARQUE ESTADUAL MORRO DO DIABO","Angiosperms","Proteaceae","Roupala","montana","(Klotzsch) K.S.Edwards","PROTEACEAE Roupala montana var. brasiliensis (Klotzsch) K.S.Edwards","84101","GBIF","UEC","Chesini, A.C.","25","Native","Ouro","High","https://images.cria.org.br/viewer/UEC171384","Parque Estadual Morro do Diabo"
"PARQUE ESTADUAL MORRO DO DIABO","Ferns and Lycophytes","Pteridaceae","Adiantopsis","chlorophylla","(Sw.) Fée","PTERIDACEAE Adiantopsis chlorophylla (Sw.) Fée","18835","GBIF","SPSF","Silva, M.R.","1577","Native","Ouro","High",,"Região do Pontal do Paranapanema, Parque Estadual Morro do Diabo, cerca de 30 Km da Sede pela trilha, Córrego 7 de Setembro ou Rio da Onça ou Angelim"
"PARQUE ESTADUAL MORRO DO DIABO","Ferns and Lycophytes","Pteridaceae","Adiantopsis","radiata","(L.) Fée","PTERIDACEAE Adiantopsis radiata (L.) Fée","SP0286121","Splink","SP",,"2706","Native","Ouro","High",,"Parque Estadual do Morro do Diabo, Rodovia Arlindo Beril, ca. 13,5 km da cidade. Mina da serra"
"PARQUE ESTADUAL MORRO DO DIABO","Ferns and Lycophytes","Pteridaceae","Adiantum","latifolium","Lam.","PTERIDACEAE Adiantum latifolium Lam.","SPSF00018838","Splink","SPSF",,"1569","Native","Ouro","High",,"Região do pontal do Paranapanema, Parque Estadual Morro do Diabo, cerca 30 km da sede pela trilha, córrego 7 de setembro ou rio da Onça ou Angelim"
"PARQUE ESTADUAL MORRO DO DIABO","Ferns and Lycophytes","Pteridaceae","Doryopteris","concolor","(Langsd. & Fisch.) Kuhn & Decken","PTERIDACEAE Doryopteris concolor (Langsd. & Fisch.) Kuhn & Decken","SPSF00018840","Splink","SPSF",,"1561","Native","Ouro","High",,"Região do Pontal do Paranapanema, Parque Estadual Morro do Diabo, ca. 30 Km da Sede pela trilha, Córrego 7 de Setembro ou Rio da Onça ou Angelim."
"PARQUE ESTADUAL MORRO DO DIABO","Ferns and Lycophytes","Pteridaceae","Doryopteris","nobilis","(T.Moore) J. Sm. ex C. Chr.","PTERIDACEAE Doryopteris nobilis (T.Moore) J. Sm. ex C. Chr.","SJRP00018566","GBIF","SJRP","Pietrobom-Silva, M.R.","1539A","Native","Ouro","High","jbrj-public.s3-sa-east-1.amazonaws.com/fsi/server?type=image&source=DZI/sjrp/sjrp/0/1/85/66/sjrp00018566.dzi","parque Est. Morro do Diabo."
"PARQUE ESTADUAL MORRO DO DIABO","Ferns and Lycophytes","Pteridaceae","Doryopteris","pentagona","Pic. Serm.","PTERIDACEAE Doryopteris pentagona Pic. Serm.","14501","GBIF","FUEL","Soares-Silva, L.H.","s.n.","Native","Bronze","High",,"Parque Estadual Morro do Diabo"
"PARQUE ESTADUAL MORRO DO DIABO","Ferns and Lycophytes","Pteridaceae","Hemionitis","tomentosa","(Lam.) Raddi","PTERIDACEAE Hemionitis tomentosa (Lam.) Raddi","SPSF00018948","Splink","SPSF",,"1664","Native","Ouro","High",,"morro do diabo."
"PARQUE ESTADUAL MORRO DO DIABO","Ferns and Lycophytes","Pteridaceae","Pityrogramma","calomelanos","(L.) Link","PTERIDACEAE Pityrogramma calomelanos (L.) Link","SPSF00027066","Splink","SPSF",,"4722","Native","Ouro","High",,"morro do diabo."
"PARQUE ESTADUAL MORRO DO DIABO","Ferns and Lycophytes","Pteridaceae","Pityrogramma","trifoliata","(L.) R.M.Tryon","PTERIDACEAE Pityrogramma trifoliata (L.) R.M.Tryon","SPSF00018926","Splink","SPSF",,"1658","Native","Ouro","High",,"TEODORO SAMPÁIO,. Região do Pontal do Paranapanema, Parque Estadual Morro do Diabo, Trilha do Lago Verde, proximidades de Sede."
"PARQUE ESTADUAL MORRO DO DIABO","Ferns and Lycophytes","Pteridaceae","Pteris","brasiliensis","Raddi","PTERIDACEAE Pteris brasiliensis Raddi","14510","GBIF","FUEL","Soares-Silva, L.H.","s.n.","Native","Bronze","High",,"Parque Estadual Morro do Diabo"
"PARQUE ESTADUAL MORRO DO DIABO","Ferns and Lycophytes","Pteridaceae","Pteris","denticulata","Sw.","PTERIDACEAE Pteris denticulata Sw.","3364423","GBIF","MO","Silva","1568","Native","Bronze","High",,"Munic. Teodoro Sampáio, Região do Pontal do Paranapanema. Parque Estadual Morro Do Diabo, Ca. 30 km da Sede pela trilha, Córrego 7 de Setembro ou Rio da Onça ou Angelim."
"PARQUE ESTADUAL MORRO DO DIABO","Ferns and Lycophytes","Pteridaceae","Pteris","quadriaurita","Retz.","PTERIDACEAE Pteris quadriaurita Retz.","3362907","GBIF","MO","Silva","1560","Native","Bronze","High",,"Munic. Teodoro Sampaio, Regiao do Pontal do Paranapanema. Parque estadual morro do diabo, ca. 30 km. da Sede pela trilha, Córrego 7 de Setembro ou Rio da Onca ou Angelim."
"PARQUE ESTADUAL MORRO DO DIABO","Ferns and Lycophytes","Pteridaceae","Vittaria","graminifolia","Kaulf.","PTERIDACEAE Vittaria graminifolia Kaulf.","11004","GBIF","SJRP","Parque., M.R.P.-S.A.F.","1553","Native","Ouro","High",,"região do pontal do Paranapanema, Parque Estadual Morro do Diabo, ca 30km da sede pela trilha, Córrego 7 de Setembro ou Rio da Onça ou Angelim"
"PARQUE ESTADUAL MORRO DO DIABO","Angiosperms","Rhamnaceae","Colubrina","glandulosa","(M.C.Johnst.) Borhidi","RHAMNACEAE Colubrina glandulosa subsp. reitzii (M.C.Johnst.) Borhidi","44979","GBIF","UEC","Tamashiro, J.Y.","18867","Native","Ouro","High","https://images.cria.org.br/viewer/UEC171740","Reserva do Morro do Diabo"
"PARQUE ESTADUAL MORRO DO DIABO","Angiosperms","Rhamnaceae","Gouania","latifolia","Reissek","RHAMNACEAE Gouania latifolia Reissek","76954","GBIF","UEC","Ishikawa, N.K.","s.n.","Native","Prata","High","https://images.cria.org.br/viewer/UEC151293","Parque Estadual Morro do Diabo, Trilha do Morro do Diabo"
"PARQUE ESTADUAL MORRO DO DIABO","Angiosperms","Rhamnaceae","Gouania","polygama","(Jacq.) Urb.","RHAMNACEAE Gouania polygama (Jacq.) Urb.","299323A","Splink","SP",,"517","Native","Bronze","High",,"Parque Estadual Morro do Diabo, estrada do Porto Angelim"
"PARQUE ESTADUAL MORRO DO DIABO","Angiosperms","Rhamnaceae","Gouania","ulmifolia","Hook. & Arn.","RHAMNACEAE Gouania ulmifolia Hook. & Arn.","PACA085257","Splink","PACA",,"11","Native","Bronze","High",,"Parque Estadual Morro do Diabo"
"PARQUE ESTADUAL MORRO DO DIABO","Angiosperms","Rosaceae","Prunus","myrtifolia","(L.) Urb.","ROSACEAE Prunus myrtifolia (L.) Urb.","186617","GBIF","UEC","Colletta, G.D.","1586","Native","Ouro","High","https://images.cria.org.br/viewer/UEC117451","Parque Estadual Morro do Diabo"
"PARQUE ESTADUAL MORRO DO DIABO",,"Rosaceae|Asteraceae","Agrimonia|Eupatorium",,"L.","ROSACEAE|ASTERACEAE Agrimonia L.|Eupatorium L.","IPA0067028","Splink","IPA",,"527",,"Latão","High",,"Parque Estadual do Morro do diabo, estrada do estreito, área degradada, com presença de ""mandacaru""."
"PARQUE ESTADUAL MORRO DO DIABO","Angiosperms","Rubiaceae","Coccocypselum","lanceolatum","(Ruiz & Pav.) Pers.","RUBIACEAE Coccocypselum lanceolatum (Ruiz & Pav.) Pers.","277820","GBIF","SP","Kirizawa, M.","3152","Native","Bronze","High",,"Parque Estadual Morro do Diabo, Rodovia Arlindo Beril, ca. 8 km da cidade, trilha para o Morro do Diabo"
"PARQUE ESTADUAL MORRO DO DIABO","Angiosperms","Rubiaceae","Coussarea","contracta","(Walp.) Müll.Arg.","RUBIACEAE Coussarea contracta var. contracta (Walp.) Müll.Arg.","SPSF00017304","Splink","SPSF",,"678","Native","Ouro","High",,"Parque Estadual Morro do Diabo"
"PARQUE ESTADUAL MORRO DO DIABO","Angiosperms","Rubiaceae","Coussarea","contracta","Müll.Arg.","RUBIACEAE Coussarea contracta var. panicularis Müll.Arg.","RB00337946","GBIF","RB","Fonseca, E.C.",,"Native","Ouro","High","jbrj-public-img.s3-sa-east-1.amazonaws.com/JPG/rb/0/33/79/46/00337946.jpg","Parque Estadual do Morro do Diabo."
"PARQUE ESTADUAL MORRO DO DIABO","Angiosperms","Rubiaceae","Coussarea","hydrangeifolia","(Benth.) Müll.Arg.","RUBIACEAE Coussarea hydrangeifolia (Benth.) Müll.Arg.","42343","GBIF","IAC","Durigan, G.","s/nº","Native","Prata","High",,"Parque Estadual Morro do Diabo"
"PARQUE ESTADUAL MORRO DO DIABO","Angiosperms","Rubiaceae","Coussarea","platyphylla","Müll.Arg.","RUBIACEAE Coussarea platyphylla Müll.Arg.","SPSF00017839","Splink","SPSF",,"571","Native","Ouro","High",,"Parque Estadual Morro do Diabo"
"PARQUE ESTADUAL MORRO DO DIABO","Angiosperms","Rubiaceae","Eumachia","cephalantha","(Müll. Arg.) Delprete & J.H. Kirkbr.","RUBIACEAE Eumachia cephalantha (Müll. Arg.) Delprete & J.H. Kirkbr.","300821","GBIF","SP","Pastore, J.A.","532","Native","Bronze","High",,"Parque Estadual Morro do Diabo, Região do Caldeirão"
"PARQUE ESTADUAL MORRO DO DIABO","Angiosperms","Rubiaceae","Eumachia","chaenotricha","(DC.) C.M. Taylor & Razafim.","RUBIACEAE Eumachia chaenotricha (DC.) C.M. Taylor & Razafim.","SPSF00017853","Splink","SPSF",,"716","Native","Ouro","High",,"Parque Estadual Morro do Diabo, Região do Caldeirão, na mata"
"PARQUE ESTADUAL MORRO DO DIABO","Angiosperms","Rubiaceae","Geophila","repens","(L.) I.M.Johnst.","RUBIACEAE Geophila repens (L.) I.M.Johnst.","38282","GBIF","IAC","Kirizawa, M.","3167","Native","Ouro","High",,"Parque Estadual do Morro do Diabo,rodovia Arlindo Beril, ca. 13,5 Km da cidade, mina da serra"
"PARQUE ESTADUAL MORRO DO DIABO","Angiosperms","Rubiaceae","Hamelia","patens","Jacq.","RUBIACEAE Hamelia patens Jacq.","SPSF00017305","Splink","SPSF",,"665","Native","Ouro","High",,"Parque Estadual Morro do Diabo"
"PARQUE ESTADUAL MORRO DO DIABO","Angiosperms","Rubiaceae","Ixora","venulosa","Benth.","RUBIACEAE Ixora venulosa Benth.","SPSF00017295","Splink","SPSF",,"681","Native","Ouro","High",,"Parque Estadual do Morro do Diabo, região da MIna da Serra."
"PARQUE ESTADUAL MORRO DO DIABO","Angiosperms","Rubiaceae","Manettia","cordifolia","Mart.","RUBIACEAE Manettia cordifolia Mart.","SPSF00017921","Splink","SPSF",,"547","Native","Bronze","High",,"Parque Estadual do Morro do Diabo"
"PARQUE ESTADUAL MORRO DO DIABO","Angiosperms","Rubiaceae","Manettia","paraguariensis","Chodat","RUBIACEAE Manettia paraguariensis Chodat","SPSF00017336","Splink","SPSF",,"509","Native","Bronze","High",,"Parque Estadual Morro do Diabo, Região do Porto Angelim, córrego da onça"
"PARQUE ESTADUAL MORRO DO DIABO","Angiosperms","Rubiaceae","Palicourea","blanchetiana","Schltdl.","RUBIACEAE Palicourea blanchetiana Schltdl.","211789","GBIF","SPF","Ceccantini, G.C.T.","3658","Native","Ouro","High","https://images.cria.org.br/viewer/SPF00211789","Parque Estadual Morro do Diabo"
"PARQUE ESTADUAL MORRO DO DIABO","Angiosperms","Rubiaceae","Palicourea","brevicollis","(Müll.Arg.) C.M.Taylor","RUBIACEAE Palicourea brevicollis (Müll.Arg.) C.M.Taylor","3190495","GBIF","MO","Franco","1295","Native","Ouro","High",,"Parque Estadual do Morro do Diabo, região do caldeirão, na mata"
"PARQUE ESTADUAL MORRO DO DIABO","Angiosperms","Rubiaceae","Palicourea","croceoides","Ham.","RUBIACEAE Palicourea croceoides Ham.","SPSF00017845","Splink","SPSF",,"577","Native","Ouro","High",,"Mun. Teodoro Sampaio, parque Estadual do Morro do Diabo, estrada do 7000, na margen do caminho."
"PARQUE ESTADUAL MORRO DO DIABO","Angiosperms","Rubiaceae","Palicourea","deflexa","(DC.) Borhidi","RUBIACEAE Palicourea deflexa (DC.) Borhidi","SPSF00017315","Splink","SPSF",,"497","Native","Ouro","High",,"parque estadual do morro do diabo, região do caldeirão, solo arenoso"
"PARQUE ESTADUAL MORRO DO DIABO","Angiosperms","Rubiaceae","Palicourea","hoffmannseggiana","(Roem. & Schult.) Borhidi","RUBIACEAE Palicourea hoffmannseggiana (Roem. & Schult.) Borhidi","SPSF00017300","Splink","SPSF",,"671","Native","Ouro","High",,"Parque Estadual Morro do Diabo"
"PARQUE ESTADUAL MORRO DO DIABO","Angiosperms","Rubiaceae","Palicourea","swartziana","Borhidi","RUBIACEAE Palicourea swartziana Borhidi","14376","GBIF","FUEL","Rodrigues, V.S.","s.n.","Native","Bronze","High",,"Parque Estadual Morro do Diabo"
"PARQUE ESTADUAL MORRO DO DIABO","Angiosperms","Rubiaceae","Psychotria","capillacea","(Müll.Arg.) Standl.","RUBIACEAE Psychotria capillacea (Müll.Arg.) Standl.","UEC117142","Splink","UEC",,"675","Native","Ouro","High",,"parque estadual morro do diabo, estrada do porto angelim"
"PARQUE ESTADUAL MORRO DO DIABO","Angiosperms","Rubiaceae","Psychotria","carthagenensis","Jacq.","RUBIACEAE Psychotria carthagenensis Jacq.","SPSF00017861","Splink","SPSF",,"724","Native","Ouro","High",,"Parque Estadual do Morro do Diabo, Região da Mina da Serra, na mata."
"PARQUE ESTADUAL MORRO DO DIABO","Angiosperms","Rubiaceae","Psychotria","leiocarpa","Cham. & Schltdl.","RUBIACEAE Psychotria leiocarpa Cham. & Schltdl.","SPSF00017270","Splink","SPSF",,"77","Native","Ouro","High",,"Parque Estadual do Morro do Diabo, região do Caldeirão."
"PARQUE ESTADUAL MORRO DO DIABO","Angiosperms","Rubiaceae","Psychotria","warmingii","Müll.Arg.","RUBIACEAE Psychotria warmingii Müll.Arg.","SPSF00017824","Splink","SPSF",,"554","Native","Ouro","High",,"parque Estadual do Morro do Diabo, região do caldeirão, na mata"
"PARQUE ESTADUAL MORRO DO DIABO","Angiosperms","Rubiaceae","Randia","armata","(Sw.) DC.","RUBIACEAE Randia armata (Sw.) DC.","14328","GBIF","FUEL","Foloni, J.D.S.","s.n.","Native","Latão","High",,"Parque Estadual Morro do Diabo"
"PARQUE ESTADUAL MORRO DO DIABO","Angiosperms","Rubiaceae","Randia","calycina","Cham.","RUBIACEAE Randia calycina Cham.","SPSF00017326","Splink","SPSF",,"468","Native","Ouro","High",,"Parque Estadual Morro do Diabo"
"PARQUE ESTADUAL MORRO DO DIABO","Angiosperms","Rubiaceae","Randia","ferox","(Cham. & Schltdl.) DC.","RUBIACEAE Randia ferox (Cham. & Schltdl.) DC.","32643","GBIF","UPCB","Cenciareli, R.",,"Native","Bronze","High","https://images.cria.org.br/viewer/UPCB0040994","Trilha da Lagoa Verde, parque Estadual Morro do Diabo."
"PARQUE ESTADUAL MORRO DO DIABO","Angiosperms","Rubiaceae","Rudgea","jasminoides","(Cham.) Müll.Arg.","RUBIACEAE Rudgea jasminoides (Cham.) Müll.Arg.","85472","GBIF","UEC","Pastore, J.F.B.","515","Native","Ouro","High",,"Parque Estadual do Morro do Diabo, região da Mina da Serra, solo arenoso, interior da mata."
"PARQUE ESTADUAL MORRO DO DIABO","Angiosperms","Rubiaceae","Rudgea","minor","(Cham.) Standl.","RUBIACEAE Rudgea minor (Cham.) Standl.","RB01184328","GBIF","RB","Colletta, G.D.","1608","Native","Ouro","High","jbrj-public-img.s3-sa-east-1.amazonaws.com/JPG/rb/1/18/43/28/01184328.jpg","Parque Estadual Morro do Diabo"
"PARQUE ESTADUAL MORRO DO DIABO","Angiosperms","Rutaceae","Balfourodendron","riedelianum","(Engl.) Engl.","RUTACEAE Balfourodendron riedelianum (Engl.) Engl.","SPSF00017303","Splink","SPSF",,"679","Native","Ouro","High",,"Parque Estadual Morro do Diabo"
"PARQUE ESTADUAL MORRO DO DIABO","Angiosperms","Rutaceae","Esenbeckia","febrifuga","(A.St.-Hil.) A. Juss. ex Mart.","RUTACEAE Esenbeckia febrifuga (A.St.-Hil.) A. Juss. ex Mart.","SPSF00017855","Splink","SPSF",,"718","Native","Ouro","High",,"Parque Estadual Morro do Diabo"
"PARQUE ESTADUAL MORRO DO DIABO","Angiosperms","Rutaceae","Esenbeckia","grandiflora","Mart.","RUTACEAE Esenbeckia grandiflora subsp. grandiflora Mart.","SPSF00012249","Splink","SPSF",,"18791","Native","Ouro","High",,"Reserva do Morro do Diabo."
"PARQUE ESTADUAL MORRO DO DIABO","Angiosperms","Rutaceae","Esenbeckia","grandiflora","Mart.","RUTACEAE Esenbeckia grandiflora var. grandiflora Mart.","UEC049847","Splink","UEC",,"18488","Native","Latão","High",,"Reserva Florestal do Morro do Diabo"
"PARQUE ESTADUAL MORRO DO DIABO","Angiosperms","Rutaceae","Galipea","jasminiflora","(A.St.-Hil.) Engl.","RUTACEAE Galipea jasminiflora (A.St.-Hil.) Engl.","RB00939521","GBIF","RB","Colletta, G.D.","1599","Native","Ouro","High","jbrj-public-img.s3-sa-east-1.amazonaws.com/JPG/rb/0/93/95/21/00939521.jpg","Parque Estadual Morro do Diabo"
"PARQUE ESTADUAL MORRO DO DIABO","Angiosperms","Rutaceae","Helietta","apiculata","Benth.","RUTACEAE Helietta apiculata Benth.","SPSF00017881","Splink","SPSF",,"1294","Native","Ouro","High",,"Parque Estadual do Morro do Diabo, entrada para a região do caldeirão."
"PARQUE ESTADUAL MORRO DO DIABO","Angiosperms","Rutaceae","Metrodorea","nigra","A.St.-Hil.","RUTACEAE Metrodorea nigra A.St.-Hil.","SPSF00017280","Splink","SPSF",,"87","Native","Ouro","High",,"Parque Estadual Morro do Diabo"
"PARQUE ESTADUAL MORRO DO DIABO","Angiosperms","Rutaceae","Pilocarpus","pauciflorus","A.St.-Hil.","RUTACEAE Pilocarpus pauciflorus subsp. pauciflorus A.St.-Hil.","SPSF00009521","Splink","SPSF",,"147","Native","Ouro","High",,"Parque Estadual Morro do Diabo"
"PARQUE ESTADUAL MORRO DO DIABO","Angiosperms","Rutaceae","Pilocarpus","pennatifolius","Lem.","RUTACEAE Pilocarpus pennatifolius var. pennatifolius Lem.","SPSF00021917","Splink","SPSF",,"108","Native","Ouro","High",,"Parque Estadual Morro do Diabo"
"PARQUE ESTADUAL MORRO DO DIABO","Angiosperms","Rutaceae","Pilocarpus","spicatus","A.St.-Hil.","RUTACEAE Pilocarpus spicatus var. spicatus A.St.-Hil.","MBM135135","Splink","MBM",,"147","Native","Ouro","High",,"Parque Estadual do Morro do Diabo."
"PARQUE ESTADUAL MORRO DO DIABO","Angiosperms","Rutaceae","Zanthoxylum","caribaeum","(A.St.-Hil. & Tul.) Reynel","RUTACEAE Zanthoxylum caribaeum subsp. rugosum (A.St.-Hil. & Tul.) Reynel","MBM140683","Splink","MBM",,"158","Native","Ouro","High",,"Morro do Diabo."
"PARQUE ESTADUAL MORRO DO DIABO","Angiosperms","Rutaceae","Zanthoxylum","fagara","(L.) Sarg.","RUTACEAE Zanthoxylum fagara (L.) Sarg.","SPSF00010566","Splink","SPSF",,"198","Native","Ouro","High",,"Parque Estadual Morro do Diabo, Instituto Florestal, próximo ao córrego da onça."
"PARQUE ESTADUAL MORRO DO DIABO","Angiosperms","Rutaceae","Zanthoxylum","rhoifolium","Lam.","RUTACEAE Zanthoxylum rhoifolium Lam.","40781","GBIF","SPF","Pastore, J.A.","s.n.","Native","Ouro","High","https://images.cria.org.br/viewer/SPF00040781","Parque Estadual Morro do Diabo, Instituto Florestal. Pcada maior, piquete 2066."
"PARQUE ESTADUAL MORRO DO DIABO","Angiosperms","Rutaceae","Zanthoxylum","riedelianum","Engl.","RUTACEAE Zanthoxylum riedelianum subsp. riedelianum Engl.","SPSF00012215","Splink","SPSF",,"18484","Native","Ouro","High",,"Reserva Florestal do Morro do Diabo."
"PARQUE ESTADUAL MORRO DO DIABO","Angiosperms","Salicaceae","Casearia","aculeata","Jacq.","SALICACEAE Casearia aculeata Jacq.","SPSF00017869","Splink","SPSF",,"734","Native","Ouro","High",,"Parque Estadual do Morro do Diabo, estrada do Porto Angelim"
"PARQUE ESTADUAL MORRO DO DIABO","Angiosperms","Salicaceae","Casearia","gossypiosperma","Briq.","SALICACEAE Casearia gossypiosperma Briq.","SPSF00011329","Splink","SPSF",,"158","Native","Ouro","High",,"Folha SF 22-YB. Ponto 81.. Reserva Florestal Morro do Diabo"
"PARQUE ESTADUAL MORRO DO DIABO","Angiosperms","Salicaceae","Casearia","sylvestris","Sw.","SALICACEAE Casearia sylvestris Sw.","55321","GBIF","HUFU","Oliveira, R.S.","13","Native","Ouro","High","https://images.cria.org.br/viewer/HUFU00024488","Parque Estadual do Morro do Diabo"
"PARQUE ESTADUAL MORRO DO DIABO","Angiosperms","Salicaceae","Prockia","crucis","P.Browne ex L.","SALICACEAE Prockia crucis P.Browne ex L.","46294","GBIF","IAC","Fonseca, E.L.","s/nº","Native","Bronze","High",,"Parque Estadual Morro do Diabo, região do Córrego da Onça"
"PARQUE ESTADUAL MORRO DO DIABO","Ferns and Lycophytes","Salviniaceae","Azolla","caroliniana","Willd.","SALVINIACEAE Azolla caroliniana Willd.","11171","GBIF","SJRP","Pietrobom-Silva, M.R.","3464A","Native","Ouro","High","https://images.cria.org.br/viewer/SJRP00019425","Região do Pontal do Paranapanema, Parque Estadual do Morro do Diabo, trilha do Lago Verde, proximidades da Sede"
"PARQUE ESTADUAL MORRO DO DIABO","Ferns and Lycophytes","Salviniaceae","Salvinia","auriculata","Aubl.","SALVINIACEAE Salvinia auriculata Aubl.","SPSF00018945","Splink","SPSF",,"1693","Native","Latão","High",,"morro do diabo"
"PARQUE ESTADUAL MORRO DO DIABO","Angiosperms","Santalaceae","Phoradendron",,"Nutt.","SANTALACEAE Phoradendron Nutt.","211791","GBIF","SPF","Ceccantini, G.C.T.","3667",,"Ouro","High","https://images.cria.org.br/viewer/SPF00211791","Parque Estadual Morro do Diabo"
"PARQUE ESTADUAL MORRO DO DIABO","Angiosperms","Sapindaceae","Allophylus","edulis","(A.St.-Hil. et al.) Hieron. ex Niederl.","SAPINDACEAE Allophylus edulis (A.St.-Hil. et al.) Hieron. ex Niederl.","RBR00015476","Splink","RBR",,"s.n.","Native","Ouro","High",,"Parque Estadual do Morro do Diabo"
"PARQUE ESTADUAL MORRO DO DIABO","Angiosperms","Sapindaceae","Allophylus","guaraniticus","(A. St.-Hil.) Radlk.","SAPINDACEAE Allophylus guaraniticus (A. St.-Hil.) Radlk.","SPSF00009504","Splink","SPSF",,"125","Native","Ouro","High",,"Parque estadual morro do diabo, Área degradada, à esquerda do porto angelim. Arvoreta, frutos amarelos ou avermelhados."
"PARQUE ESTADUAL MORRO DO DIABO","Angiosperms","Sapindaceae","Allophylus","semidentatus","(Miq.) Radlk.","SAPINDACEAE Allophylus semidentatus (Miq.) Radlk.","SPSF00012260","Splink","SPSF",,"18854","Native","Ouro","High",,"Reserva do Morro do Diabo"
"PARQUE ESTADUAL MORRO DO DIABO","Angiosperms","Sapindaceae","Cupania","tenuivalvis","Radlk.","SAPINDACEAE Cupania tenuivalvis Radlk.","SPSF00017297","Splink","SPSF",,"692","Native","Ouro","High",,"Parque Estadual Morro do Diabo"
"PARQUE ESTADUAL MORRO DO DIABO","Angiosperms","Sapindaceae","Cupania","vernalis","Cambess.","SAPINDACEAE Cupania vernalis Cambess.","SPSF00017272","Splink","SPSF",,"93","Native","Ouro","High",,"Parque Estadual Morro do Diabo, Estrada do 7000."
"PARQUE ESTADUAL MORRO DO DIABO","Angiosperms","Sapindaceae","Cupania","zanthoxyloides","Radlk.","SAPINDACEAE Cupania zanthoxyloides Radlk.","SPSF00017339","Splink","SPSF",,"504","Native","Ouro","High",,"Parque Estadual Morro do Diabo"
"PARQUE ESTADUAL MORRO DO DIABO","Angiosperms","Sapindaceae","Diatenopteryx","sorbifolia","Radlk.","SAPINDACEAE Diatenopteryx sorbifolia Radlk.","SPSF00007858","Splink","SPSF",,"1","Native","Ouro","High",,"Morro do Diabo"
"PARQUE ESTADUAL MORRO DO DIABO","Angiosperms","Sapindaceae","Matayba","cristae","Reitz","SAPINDACEAE Matayba cristae Reitz","301444","GBIF","SP","Esteves, R.L.","106","Native","Prata","High","https://images.cria.org.br/viewer/SP046195","Parque Estadual Morro do Diabo, Estrada do Estreito."
"PARQUE ESTADUAL MORRO DO DIABO","Angiosperms","Sapindaceae","Matayba","elaeagnoides","Radlk.","SAPINDACEAE Matayba elaeagnoides Radlk.","SPSF00017877","Splink","SPSF",,"744","Native","Ouro","High",,"Parque Estadual do Morro do Diabo, Trilha da subida."
"PARQUE ESTADUAL MORRO DO DIABO","Angiosperms","Sapindaceae","Paullinia","pinnata","L.","SAPINDACEAE Paullinia pinnata L.","USw43407","GBIF","US","Acevedo-Rodriguez, P.","16855","Native","Ouro","High","https://collections.nmnh.si.edu/media/?i=13075517; 13075512","Municipio Teodoro Sampaio; Parque Estadual Morro do Diabo. Trail west of entrance to Morro do Diabo"
"PARQUE ESTADUAL MORRO DO DIABO","Angiosperms","Sapindaceae","Serjania","caracasana","(Jacq.) Willd.","SAPINDACEAE Serjania caracasana (Jacq.) Willd.","RBR00032318","Splink","RBR",,"23","Native","Ouro","High",,"Parque Estadual Morro do Diabo"
"PARQUE ESTADUAL MORRO DO DIABO","Angiosperms","Sapindaceae","Serjania","fuscifolia","Radlk.","SAPINDACEAE Serjania fuscifolia Radlk.","RBR00032319","Splink","RBR",,"46","Native","Ouro","High",,"Parque Estadual Morro do Diabo"
"PARQUE ESTADUAL MORRO DO DIABO","Angiosperms","Sapindaceae","Serjania","hebecarpa","Benth.","SAPINDACEAE Serjania hebecarpa Benth.","SPSF00013588","Splink","SPSF",,"310","Native","Ouro","High",,"Parque Estadual do Morro do Diabo, estrada do 7000"
"PARQUE ESTADUAL MORRO DO DIABO","Angiosperms","Sapindaceae","Serjania","laruotteana","Cambess.","SAPINDACEAE Serjania laruotteana Cambess.","RBR00038018","Splink","RBR",,"3642","Native","Ouro","High",,"Parque Estadual Morro do Diabo"
"PARQUE ESTADUAL MORRO DO DIABO","Angiosperms","Sapindaceae","Serjania","meridionalis","Cambess.","SAPINDACEAE Serjania meridionalis Cambess.","RBR00032602","Splink","RBR",,"s.n.","Native","Ouro","High",,"Parque estadual morro do diabo"
"PARQUE ESTADUAL MORRO DO DIABO","Angiosperms","Sapindaceae","Serjania","reticulata","Cambess.","SAPINDACEAE Serjania reticulata Cambess.","SPSF00017338","Splink","SPSF",,"526","Native","Ouro","High",,"Parque Estadual do Morro do Diabo,estrada do estreito."
"PARQUE ESTADUAL MORRO DO DIABO","Angiosperms","Sapindaceae","Thinouia","mucronata","Radlk.","SAPINDACEAE Thinouia mucronata Radlk.","SPSF00017327","Splink","SPSF",,"514","Native","Ouro","High",,"Parque Estadual Morro do Diabo"
"PARQUE ESTADUAL MORRO DO DIABO","Angiosperms","Sapindaceae","Thinouia","ventricosa","Radlk.","SAPINDACEAE Thinouia ventricosa Radlk.","USw43544","GBIF","US","Acevedo-Rodriguez, P.","16835","Native","Ouro","High","https://collections.nmnh.si.edu/media/?i=13075400; 13075401","Municipio Teodoro Sampaio; Parque Estadual Morro do Diabo."
"PARQUE ESTADUAL MORRO DO DIABO","Angiosperms","Sapindaceae","Urvillea","laevis","Radlk.","SAPINDACEAE Urvillea laevis Radlk.","77532","GBIF","UEC","Catarino, L.","s.n.","Native","Ouro","High","https://images.cria.org.br/viewer/UEC054303","Parque Estadual Morro do Diabo, trilha do Morro na borda da mata."
"PARQUE ESTADUAL MORRO DO DIABO","Angiosperms","Sapotaceae","Chloroluma","gonocarpa","(Mart. & Eichler ex Miq.) Baill. ex Aubrév.","SAPOTACEAE Chloroluma gonocarpa (Mart. & Eichler ex Miq.) Baill. ex Aubrév.","SPSF00017335","Splink","SPSF",,"508","Native","Ouro","High",,"Parque Estadual Morro do Diabo, região do Porto Angelim, córrego da Onça"
"PARQUE ESTADUAL MORRO DO DIABO","Angiosperms","Sapotaceae","Chrysophyllum",,"L.","SAPOTACEAE Chrysophyllum L.","RB00940501","GBIF","RB","Coletta, G.D.","1578",,"Ouro","High","jbrj-public-img.s3-sa-east-1.amazonaws.com/JPG/rb/0/94/5/1/00940501.jpg","Parque Estadual Morro do Diabo"
"PARQUE ESTADUAL MORRO DO DIABO","Angiosperms","Sapotaceae","Manilkara","zapota","(L.) P.Royen","SAPOTACEAE Manilkara zapota (L.) P.Royen","RB00940519","GBIF","RB","Coletta, G.D.","1598","Cultivated","Ouro","High","jbrj-public-img.s3-sa-east-1.amazonaws.com/JPG/rb/0/94/5/19/00940519.jpg","Parque Estadual Morro do Diabo"
"PARQUE ESTADUAL MORRO DO DIABO","Angiosperms","Sapotaceae","Pouteria","gardneri","(Mart. & Miq.) Baehni","SAPOTACEAE Pouteria gardneri (Mart. & Miq.) Baehni","312771","GBIF","SP","Pastore, J.A.","569","Native","Bronze","High",,"Parque Estadual do Morro do Diabo, estrada do 7000, na margem do caminho."
"PARQUE ESTADUAL MORRO DO DIABO","Angiosperms","Schoepfiaceae","Schoepfia","brasiliensis","A.DC.","SCHOEPFIACEAE Schoepfia brasiliensis A.DC.","SPSF00010312","Splink","SPSF",,"185","Native","Latão","High",,"Parque Estadual Morro do Diabo"
"PARQUE ESTADUAL MORRO DO DIABO","Ferns and Lycophytes","Selaginellaceae","Selaginella","muscosa","Spring","SELAGINELLACEAE Selaginella muscosa Spring","3382225","GBIF","MO","Silva, M.R.","1555","Native","Bronze","High",,"Mun. Teodoro Sampáio. Região do Pontal do Paranapanema, Parque Estadual Morro do Diabo, Ca. 30 km da Sede pela trilha, Córrego 7 de Setembro ou Rio da Onça ou Angelim."
"PARQUE ESTADUAL MORRO DO DIABO","Ferns and Lycophytes","Selaginellaceae","Selaginella","sulcata","(Desv. ex Poir.) Spring","SELAGINELLACEAE Selaginella sulcata (Desv. ex Poir.) Spring","SPSF00027057","Splink","SPSF",,"4279","Native","Ouro","High",,"morro do diabo"
"PARQUE ESTADUAL MORRO DO DIABO","Angiosperms","Siparunaceae","Siparuna","guianensis","Aubl.","SIPARUNACEAE Siparuna guianensis Aubl.","299109A","GBIF","SP","Aguiar, O.T.","489","Native","Ouro","High",,"Parque Estadual Morro do Diabo, Estrada do 7000."
"PARQUE ESTADUAL MORRO DO DIABO","Angiosperms","Smilacaceae","Smilax","campestris","Griseb.","SMILACACEAE Smilax campestris Griseb.","RB00632477","GBIF","RB","Esteves, R.","109","Native","Ouro","High","jbrj-public-img.s3-sa-east-1.amazonaws.com/JPG/rb/0/63/24/77/00632477.jpg","Parque Estadual Morro do Diabo, Entrada do estreito"
"PARQUE ESTADUAL MORRO DO DIABO","Angiosperms","Smilacaceae","Smilax","fluminensis","Steud.","SMILACACEAE Smilax fluminensis Steud.","SPSF00012288","Splink","SPSF",,"18835","Native","Ouro","High",,"Reserva do Morro do Diabo"
"PARQUE ESTADUAL MORRO DO DIABO","Angiosperms","Solanaceae","Cestrum","intermedium","Sendtn.","SOLANACEAE Cestrum intermedium Sendtn.","SP115374","Splink","SP",,"89","Native","Ouro","High",,"Parque Estadual Morro do Diabo, Córrego da Onça"
"PARQUE ESTADUAL MORRO DO DIABO","Angiosperms","Solanaceae","Cestrum","strigilatum","Ruiz & Pav.","SOLANACEAE Cestrum strigilatum Ruiz & Pav.","SP115544","Splink","SP",,"742","Native","Ouro","High",,"Parque Estadual Morro do Diabo, Trilha da subida"
"PARQUE ESTADUAL MORRO DO DIABO","Angiosperms","Solanaceae","Solanum","americanum","Mill.","SOLANACEAE Solanum americanum Mill.","14456","GBIF","FUEL","Chesini, A.C.","s.n.","Native","Ouro","High",,"Parque Estadual Morro do Diabo"
"PARQUE ESTADUAL MORRO DO DIABO","Angiosperms","Solanaceae","Solanum","caavurana","Vell.","SOLANACEAE Solanum caavurana Vell.","SPF00211792","Splink","SPF",,"3669","Native","Ouro","High",,"Parque Estadual Morro do Diabo"
"PARQUE ESTADUAL MORRO DO DIABO","Angiosperms","Solanaceae","Solanum","granulosoleprosum","Dunal","SOLANACEAE Solanum granulosoleprosum Dunal","277747","GBIF","SP","Kirizawa, M.","3073","Native","Ouro","High","https://images.cria.org.br/viewer/SP116439","Parque Estadual do Morro do Diabo, Sapesal, próximo ao aeroporto."
"PARQUE ESTADUAL MORRO DO DIABO","Angiosperms","Strombosiaceae","Tetrastylidium","grandifolium","(Baill.) Sleumer","STROMBOSIACEAE Tetrastylidium grandifolium (Baill.) Sleumer","MBM153230","Splink","MBM",,"185","Native","Bronze","High",,"Parque Estadual do Morro do Diabo."
"PARQUE ESTADUAL MORRO DO DIABO","Ferns and Lycophytes","Thelypteridaceae","Amauropelta","decurtata","(Link) Salino & T.E.Almeida","THELYPTERIDACEAE Amauropelta decurtata (Link) Salino & T.E.Almeida","3383243","GBIF","MO","Silva, M.R.","1541","Native","Latão","High",,"Parque estadual morro do diabo, ca. 14km da cidade. Rodovia sp. Mata latifoliaada mesofila tropical seca semidecidua."
"PARQUE ESTADUAL MORRO DO DIABO","Ferns and Lycophytes","Thelypteridaceae","Amauropelta","retusa","(Sw.) Pic.Serm.","THELYPTERIDACEAE Amauropelta retusa (Sw.) Pic.Serm.","168776","GBIF","BHCB","Lopes, E.A.","2704","Native","Latão","High",,"Parque Estadual do Morro do Diabo, Rodovia Arlindo Beril, ca. 25km da cidade. Margem do Rio Cachoeira do Estreito."
"PARQUE ESTADUAL MORRO DO DIABO","Ferns and Lycophytes","Thelypteridaceae","Christella","dentata","(Forssk.) Brownsey & Jermy","THELYPTERIDACEAE Christella dentata (Forssk.) Brownsey & Jermy","10991","GBIF","SJRP","Ponce, M.M.","1657","Naturalized","Ouro","High",,"TEODORO SAMPÁIO,. Região do Pontal do Paranapanema, Parque Estadual Morro do Diabo, Margem do Rio Paranapanema, proximidades da desembocadura do córrego da Onãa."
"PARQUE ESTADUAL MORRO DO DIABO","Ferns and Lycophytes","Thelypteridaceae","Cyclosorus","interruptus","(Willd.) H. Ito","THELYPTERIDACEAE Cyclosorus interruptus (Willd.) H. Ito","SPSF00018924","Splink","SPSF",,"1656","Native","Ouro","High",,"morro do diabo."
"PARQUE ESTADUAL MORRO DO DIABO","Ferns and Lycophytes","Thelypteridaceae","Goniopteris","lugubris","(Mett.) Brade","THELYPTERIDACEAE Goniopteris lugubris (Mett.) Brade","43454","GBIF","BHCB","Pietrobom-Silva, M.R.","1541","Native","Ouro","High",,"Parque Estadual Morro do Diabo, Mata Latifoliada Mesófila Tropical Seca Semidecídua"
"PARQUE ESTADUAL MORRO DO DIABO","Ferns and Lycophytes","Thelypteridaceae","Goniopteris","scabra","(C.Presl) Brade","THELYPTERIDACEAE Goniopteris scabra (C.Presl) Brade","05020","GBIF","SJRP","Windisch, P.G.","4253","Native","Ouro","High",,"morro do diabo."
"PARQUE ESTADUAL MORRO DO DIABO","Ferns and Lycophytes","Thelypteridaceae","Goniopteris","tetragona","(Sw.) C. Presl","THELYPTERIDACEAE Goniopteris tetragona (Sw.) C. Presl","21793","GBIF","SJRP","Windisch, P.G.","4241","Native","Ouro","High",,"morro do diabo."
"PARQUE ESTADUAL MORRO DO DIABO","Ferns and Lycophytes","Thelypteridaceae","Macrothelypteris","torresiana","(Gaudich.) Ching","THELYPTERIDACEAE Macrothelypteris torresiana (Gaudich.) Ching","SPSF00018828","Splink","SPSF",,"1586","Naturalized","Ouro","High",,"morro do diabo."
"PARQUE ESTADUAL MORRO DO DIABO","Ferns and Lycophytes","Thelypteridaceae","Meniscium","serratum","Cav.","THELYPTERIDACEAE Meniscium serratum Cav.","3386904","GBIF","MO","Silva, M.R.","1635","Native","Bronze","High",,"Munic. Teodoro Sampaio, Regiao do Pontal do Paranapanema, Parque estadual morro do diabo, Ilhota do Tolosa, margen direita do Rio Paranapanema."
"PARQUE ESTADUAL MORRO DO DIABO","Angiosperms","Trigoniaceae","Trigonia","nivea","(Warm.) Miguel & E.F.Guim.","TRIGONIACEAE Trigonia nivea var. candida (Warm.) Miguel & E.F.Guim.","11977","GBIF","FUEL","Cenciareli, R.A.","s.n.","Native","Ouro","High",,"Parque Estadual Morro do Diabo, Trilha do Morro, Pq. Estadual Morro do Diabo"
"PARQUE ESTADUAL MORRO DO DIABO","Angiosperms","Trigoniaceae","Trigonia","nivea","Cambess.","TRIGONIACEAE Trigonia nivea var. nivea Cambess.","14443","GBIF","FUEL","Sanches, A.C.","s.n.","Native","Ouro","High",,"Parque Estadual Morro do Diabo"
"PARQUE ESTADUAL MORRO DO DIABO","Angiosperms","Trigoniaceae","Trigonia","nivea","Cambess.","TRIGONIACEAE Trigonia nivea var. pubescens Cambess.","SPSF00020544","Splink","SPSF",,"32","Native","Ouro","High",,"Parque Estadual Morro do Diabo"
"PARQUE ESTADUAL MORRO DO DIABO","Angiosperms","Trigoniaceae","Trigonia","paniculata","Warm.","TRIGONIACEAE Trigonia paniculata Warm.","97130","GBIF","SPF","Franco, G.A.D.C.","1318","Native","Prata","High","https://images.cria.org.br/viewer/SPF00097130","Parque Estadual Morro do Diabo"
"PARQUE ESTADUAL MORRO DO DIABO","Angiosperms","Typhaceae","Typha","latifolia","L.","TYPHACEAE Typha latifolia L.","95995","GBIF","UEC","Faria, A.D.","97/698","Native","Bronze","High","https://images.cria.org.br/viewer/UEC000987","Reserva do Morro do Diabo, Instituto florestal. Brejo."
"PARQUE ESTADUAL MORRO DO DIABO","Angiosperms","Urticaceae","Cecropia","pachystachya","Trécul","URTICACEAE Cecropia pachystachya Trécul","SPSF00012294","Splink","SPSF",,"18844","Native","Ouro","High",,"Reserva do Morro do Diabo"
"PARQUE ESTADUAL MORRO DO DIABO","Angiosperms","Verbenaceae","Aloysia","virgata","(Ruiz & Pav.) Juss.","VERBENACEAE Aloysia virgata (Ruiz & Pav.) Juss.","CESJ036569","Splink","CESJ",,"1210","Native","Ouro","High",,"Morro do Diabo"
"PARQUE ESTADUAL MORRO DO DIABO","Angiosperms","Verbenaceae","Lippia","brasiliensis","(Link) T.R.S.Silva","VERBENACEAE Lippia brasiliensis (Link) T.R.S.Silva","277724","Splink","SP",,"3096","Native","Ouro","High",,"Parque Estadual Morro do Diabo, Picada 7001"
"PARQUE ESTADUAL MORRO DO DIABO","Angiosperms","Verbenaceae","Stachytarpheta","cayennensis","(Rich.) Vahl","VERBENACEAE Stachytarpheta cayennensis (Rich.) Vahl","288777","Splink","SP",,"1313","Native","Bronze","High",,"Parque Estadual Morro do Diabo, estrada do Porto Angelim"
"PARQUE ESTADUAL MORRO DO DIABO","Angiosperms","Violaceae","Pombalia","bigibbosa","(A.St.-Hil.) Paula-Souza","VIOLACEAE Pombalia bigibbosa (A.St.-Hil.) Paula-Souza","43855","GBIF","UPCB","Godoi, J.V.","86","Native","Ouro","High","https://images.cria.org.br/viewer/UPCB0058371","Morro do Diabo."
"PARQUE ESTADUAL MORRO DO DIABO","Angiosperms","Violaceae","Pombalia","communis","(A.St.-Hil.) Paula-Souza","VIOLACEAE Pombalia communis (A.St.-Hil.) Paula-Souza","45119","GBIF","UEC","Tamashiro, J.Y.","18840","Native","Ouro","High",,"Reserva do Morro do Diabo"
"PARQUE ESTADUAL MORRO DO DIABO","Angiosperms","Vitaceae","Cissus","sulcicaulis","(Baker) Planch.","VITACEAE Cissus sulcicaulis (Baker) Planch.","34751","GBIF","BHCB","Baitello, J.B.","732","Native","Ouro","High",,"Parque Estadual do Morro do Diabo, Estrada do 7000."
"PARQUE ESTADUAL MORRO DO DIABO","Angiosperms","Vitaceae","Clematicissus","pruinata","(Weinm.) C. A. Zanotti & A. M. Panizza","VITACEAE Clematicissus pruinata (Weinm.) C. A. Zanotti & A. M. Panizza","SPSF00012254","Splink","SPSF",,"18853","Native","Ouro","High",,"Parque Estadual do Morro do Diabo."
"PARQUE ESTADUAL MORRO DO DIABO","Angiosperms","Vochysiaceae","Vochysia","tucanorum","Mart.","VOCHYSIACEAE Vochysia tucanorum Mart.","HRCB018584","Splink","HRCB",,"519","Native","Ouro","High",,"Parque Estadual do Morro do Diabo, Estrada do 7000, solo arenoso vermelho-amarelo, mata seca/cerrado."
