"type","bibliographicCitation","collectionID","datasetID","institutionCode","collectionCode","datasetName","basisOfRecord","catalogNumber","recordNumber","recordedBy","occurrenceRemarks","eventDate","year","month","day","verbatimEventDate","habitat","fieldNotes","country","countryCode","stateProvince","county","municipality","locality","verbatimLocality","verbatimElevation","decimalLatitude","decimalLongitude","coordinatePrecision","verbatimLatitude","verbatimLongitude","typeStatus","identifiedBy","dateIdentified","identificationRemarks","scientificName","class","order","family","genus","taxonRank","scientificNameAuthorship","taxonomicStatus","latitude","longitude","acceptedScientificName","dayIdentified","monthIdentified","yearIdentified","verbatimScientificName","species","taxonID","geodeticDatum","associatedMedia","virtualDuplicates","duplicates","barcode","downloadedFrom","collectionCode.new","collectionObs","recordedBy.new","recordNumber.new","year.new","identifiedBy.new","yearIdentified.new","recordedBy.aux","last.name","identifiedBy.aux","country.new","stateProvince.new","municipality.new","locality.new","locality.scrap","resol.orig","loc","loc.correct","latitude.gazetteer","longitude.gazetteer","resolution.gazetteer","recordID","scientificName.new","scientificNameAuthorship.new","scientificNameStatus","suggestedFamily","suggestedName","suggestedAuthorship","taxon.rank","tax.notes","id","accepted.tax.name","accepted.tax.authorship","scientificNameFull","genus.new","family.new","loc.correct.admin","country.correct","stateProvince.correct","municipality.correct","locality.correct","source.loc","coord.check","decimalLatitude.new","decimalLongitude.new","origin.coord","precision.coord","tax.check","species.new","loc.check","geo.check","cult.check","out.check","dist.check","dist.check.obs","numTombo","dup.ID","dup.numb","dup.prop","ref.spec.tax","ref.spec.geo","ref.spec.loc","selectionCategory","confidenceLocality","Nome_UC"
,,,,"ESA","ESA",,"MATERIAL_CITATION",,,"M. Magenta & P. S. P. Sampaio & J. M. Santos",,"2013-04-16","2013","4","16",,,,"Brazil","BR","Sao Paulo",,"Guaruja","Serra do Guararu, loteamento Ipiranga",,,,,,,,"ISOTYPE",,,,"Myrcia guarujana Sobral, Magenta & Caliari","Magnoliopsida","Myrtales","Myrtaceae","Myrcia","species","Sobral, Magenta & Caliari 2016","ACCEPTED",,,"Myrcia guarujana Sobral, Magenta & Caliari",,,,"Myrcia guarujana Sobral, Magenta & Caliari 2016","Myrcia guarujana","CF7235716D45444212FD2574FB67F1A2.taxon",,,,,,"GBIF","ESA",,"Magenta, M.",,"2013",,,"Sampaio, P.S.P.; Santos, J.M.","Magenta",,"brazil","sao paulo","guaruja","serra do guararu",,"locality","brazil_sao paulo_guaruja_serra guararu","brazil_sao paulo_guaruja_guararu",-23.889851,-46.158741,"locality",757953,"Myrcia guarujana","Sobral, Magenta & Caliari","name_w_authors","Myrtaceae","Myrcia guarujana","Sobral, Magenta & Caliari","species","name accepted","bfo-604829",,,"Myrcia guarujana Sobral, Magenta & Caliari","Myrcia","Myrtaceae","brazil_sao paulo_guaruja","Brazil","São Paulo","Guarujá",,"ibge",TRUE,-23.889851,-46.158741,"coord_gazet","seconds","high","Myrcia guarujana","ok_same_resolution","ok_locality_gazet",,,"ok_dist","full_name_match","ESA_NA",,"cc","cc",,,,"coord_gazet","Medium","ÁREA DE PROTEÇÃO AMBIENTAL MUNICIPAL DA SERRA DO GUARARU"
,,"https://specieslink.net/col/437",,"UNISANTA","HUSC",,"PRESERVED_SPECIMEN","8024","17","Guandalini, R.",,"2012-01-20","2012","1","20",,,,"Brasil","BR","São Paulo",,"Guarujá","Serra do Guararu, condomínio Iporanga.",,,,,,,,,"Sampaio, P.S.P.","2014-02-01",,"Alternanthera brasiliana (L.) Kuntze","Magnoliopsida","Caryophyllales","Amaranthaceae","Alternanthera","species","(L.) Kuntze","ACCEPTED",,,"Alternanthera brasiliana (L.) Kuntze",,,,"Alternanthera brasiliana","Alternanthera brasiliana",,"WGS84",,,,,"GBIF","HUSC",,"Guandalini, R.","17","2012","Giaretta, A.","2016",,"Guandalini",,"brazil","sao paulo","guaruja","serra do guararu",,"locality","brazil_sao paulo_guaruja_serra guararu","brazil_sao paulo_guaruja_guararu",-23.889851,-46.158741,"locality",185208,"Eugenia prasina","O.Berg","name_w_authors","Amaranthaceae","Alternanthera brasiliana","(L.) Kuntze","species","name accepted","bfo-10507",,,"Eugenia prasina O.Berg","Eugenia","Myrtaceae","brazil_sao paulo_guaruja","Brazil","São Paulo","Guarujá",,"ibge",TRUE,-23.889851,-46.158741,"coord_gazet","seconds","high","Eugenia prasina","ok_same_resolution","ok_locality_gazet",,FALSE,"no_cannot_check","full_name_match","HUSC_8024","HUSC_11062|HUSC_8024|HUSC_8035","1","0.25","HUSC_11062","HUSC_8035","HUSC_8035","coord_gazet","Medium","ÁREA DE PROTEÇÃO AMBIENTAL MUNICIPAL DA SERRA DO GUARARU"
,,"https://specieslink.net/col/419",,"UFRB","HURB",,"PRESERVED_SPECIMEN","9749","40","Costa, D.",,"2012-01-10","2012","1","10",,,,"Brasil","BR","São Paulo",,"Guarujá","Serra do Guararu.",,,,,,,,,"L.Y.S. Aona","2015-10-01",,"Tripogandra diuretica (Mart.) Handlos","Liliopsida","Commelinales","Commelinaceae","Callisia","species","(Mart.) Handlos","SYNONYM",,,"Callisia diuretica (Mart.) Christenh. & Byng",,,,"Tripogandra diuretica","Callisia diuretica",,"WGS84",,,,,"GBIF","HURB",,"Costa, D.","40","2012","Aona, L.Y.S.","2015",,"Costa",,"brazil","sao paulo","guaruja","serra do guararu",,"locality","brazil_sao paulo_guaruja_serra guararu","brazil_sao paulo_guaruja_guararu",-23.889851,-46.158741,"locality",182960,"Tripogandra diuretica","(Mart.) Handlos","name_w_authors","Commelinaceae","Tripogandra diuretica","(Mart.) Handlos","species","name accepted","bfo-16925",,,"Tripogandra diuretica (Mart.) Handlos","Tripogandra","Commelinaceae","brazil_sao paulo_guaruja","Brazil","São Paulo","Guarujá",,"ibge",TRUE,-23.889851,-46.158741,"coord_gazet","seconds","high","Tripogandra diuretica","ok_same_resolution","ok_locality_gazet",,FALSE,"ok_dist","full_name_match","HURB_9749","HURB_9749|HUSC_10904","2","0.5","HURB_9749","HURB_9749","HURB_9749","coord_gazet","Medium","ÁREA DE PROTEÇÃO AMBIENTAL MUNICIPAL DA SERRA DO GUARARU"
,,"https://specieslink.net/col/437",,"UNISANTA","HUSC",,"PRESERVED_SPECIMEN","11758","27","A. Carminatto; R. Lazarini, B Isidro",,"2012-03-22","2012","3","22",,,,"Brasil","BR","São Paulo",,"Guarujá","Serra do Guararu, condomínio Iporanga, área B, parcela 13, indivíduo 833.",,,,,,,,,"E. A. Anunciação","2015-08-01",,"Rustia formosa (Cham. & Schltdl. ex DC.) Klotzsch","Magnoliopsida","Gentianales","Rubiaceae","Rustia","species","(Cham. & Schltdl.) Klotzsch","ACCEPTED",,,"Rustia formosa (Cham. & Schltdl. ex DC.) Klotzsch",,,,"Rustia formosa","Rustia formosa",,"WGS84",,,,,"GBIF","HUSC",,"Carminatto, A.","27","2012","Anunciacao, E.A.","2015","Lazarini, B.I.R.","Carminatto",,"brazil","sao paulo","guaruja","serra do guararu",,"locality","brazil_sao paulo_guaruja_serra guararu","brazil_sao paulo_guaruja_guararu",-23.889851,-46.158741,"locality",268644,"Rustia formosa","(Cham. & Schltdl.) Klotzsch","name_w_authors","Rubiaceae","Rustia formosa","(Cham. & Schltdl.) Klotzsch","species","author misspelled","bfo-14275",,,"Rustia formosa (Cham. & Schltdl.) Klotzsch","Rustia","Rubiaceae","brazil_sao paulo_guaruja","Brazil","São Paulo","Guarujá",,"ibge",TRUE,-23.889851,-46.158741,"coord_gazet","seconds","high","Rustia formosa","ok_same_resolution","ok_locality_gazet",,FALSE,"ok_dist","full_name_match","HUSC_11758",,"0","0",,,,"coord_gazet","Medium","ÁREA DE PROTEÇÃO AMBIENTAL MUNICIPAL DA SERRA DO GUARARU"
,,"https://specieslink.net/col/437",,"UNISANTA","HUSC",,"PRESERVED_SPECIMEN","11736","05","A. Santos; F. Santos, B Isidro,",,"2012-01-10","2012","1","10",,,,"Brasil","BR","São Paulo",,"Guarujá","Serra do Guararu, condomínio Iporanga, área B, parcela 17.",,,,,,,,,"E. A. Anunciação","2015-08-01",,"Psychotria nemorosa Gardner","Magnoliopsida","Gentianales","Rubiaceae","Psychotria","species","Gardner","ACCEPTED",,,"Psychotria nemorosa Gardner",,,,"Psychotria nemorosa","Psychotria nemorosa",,"WGS84",,,,,"GBIF","HUSC",,"Santos, A.","05","2012","Anunciacao, E.A.","2015","Santos, B.I.F.","Santos",,"brazil","sao paulo","guaruja","serra do guararu","serra do guararu","locality","brazil_sao paulo_guaruja","brazil_sao paulo_guaruja_guararu",-23.889851,-46.158741,"locality",268633,"Psychotria nemorosa","Gardner","name_w_authors","Rubiaceae","Psychotria nemorosa","Gardner","species","name accepted","bfo-14199",,,"Psychotria nemorosa Gardner","Psychotria","Rubiaceae","brazil_sao paulo_guaruja","Brazil","São Paulo","Guarujá",,"ibge",TRUE,-23.889851,-46.158741,"coord_gazet","seconds","high","Psychotria nemorosa","ok_same_resolution","ok_locality_gazet",,FALSE,"ok_dist","full_name_match","HUSC_11736","[HUSC_11736|HUSC_11783]","1","0.25","HUSC_11736","HUSC_11783","HUSC_11783","coord_gazet","Medium","ÁREA DE PROTEÇÃO AMBIENTAL MUNICIPAL DA SERRA DO GUARARU"
,,"https://specieslink.net/col/437",,"UNISANTA","HUSC",,"PRESERVED_SPECIMEN","10943","21","Isidro, B.; Carminatto, A.; Guandalini, R.; Magenta, M.A.G.",,"2012-05-24","2012","5","24",,,,"Brasil","BR","São Paulo",,"Guarujá","Serra do Guararu, condomínio Iporanga,área B.",,,,,,,,,"Nadruz, M.","2015-10-01",,"Philodendron ochrostemon Schott","Liliopsida","Alismatales","Araceae","Philodendron","species","Schott","ACCEPTED",,,"Philodendron ochrostemon Schott",,,,"Philodendron ochrostemon","Philodendron ochrostemon",,"WGS84",,,,,"GBIF","HUSC",,"Isidro, B.","21","2012","Nadruz, M.","2015","Carminatto, A.; Guandalini, R.; Magenta, M.A.G.","Isidro",,"brazil","sao paulo","guaruja","serra do guararu",,"locality","brazil_sao paulo_guaruja_serra guararu","brazil_sao paulo_guaruja_guararu",-23.889851,-46.158741,"locality",185265,"Philodendron oblongum","(Vell.) Kunth","name_w_authors","Araceae","Philodendron oblongum","(Vell.) Kunth","species","replaced synonym","bfo-33887","Philodendron oblongum","(Vell.) Kunth","Philodendron oblongum (Vell.) Kunth","Philodendron","Araceae","brazil_sao paulo_guaruja","Brazil","São Paulo","Guarujá",,"ibge",TRUE,-23.889851,-46.158741,"coord_gazet","seconds","high","Philodendron oblongum","ok_same_resolution","ok_locality_gazet",,FALSE,"ok_dist","full_name_match","HUSC_10943",,"0","0",,,,"coord_gazet","Medium","ÁREA DE PROTEÇÃO AMBIENTAL MUNICIPAL DA SERRA DO GUARARU"
,,"https://specieslink.net/col/437",,"UNISANTA","HUSC",,"PRESERVED_SPECIMEN","10927","30","Isidro, B.; et al.",,"2012-05-24","2012","5","24",,,,"Brasil","BR","São Paulo",,"Guarujá","Serra do Guararu, condomínio Iporanga,área B. Forófito 920.",,,,,,,,,"Nadruz, M.","2015-10-01",,"Anthurium sellowianum Kunth","Liliopsida","Alismatales","Araceae","Anthurium","species","Kunth.","ACCEPTED",,,"Anthurium sellowianum Kunth",,,,"Anthurium sellowianum","Anthurium sellowianum",,"WGS84",,,,,"GBIF","HUSC",,"Isidro, B.","30","2012","Nadruz, M.","2015",,"Isidro",,"brazil","sao paulo","guaruja","serra do guararu",,"locality","brazil_sao paulo_guaruja_serra guararu","brazil_sao paulo_guaruja_guararu",-23.889851,-46.158741,"locality",185232,"Anthurium sellowianum","Kunth","name_w_authors","Araceae","Anthurium sellowianum","Kunth","species","name accepted","bfo-4972",,,"Anthurium sellowianum Kunth","Anthurium","Araceae","brazil_sao paulo_guaruja","Brazil","São Paulo","Guarujá",,"ibge",TRUE,-23.889851,-46.158741,"coord_gazet","seconds","high","Anthurium sellowianum","ok_same_resolution","ok_locality_gazet",,FALSE,"ok_dist","full_name_match","HUSC_10927",,"0","0",,,,"coord_gazet","Medium","ÁREA DE PROTEÇÃO AMBIENTAL MUNICIPAL DA SERRA DO GUARARU"
,,"https://specieslink.net/col/437",,"UNISANTA","HUSC",,"PRESERVED_SPECIMEN","10926","23","Isidro, B.; et al.",,"2012-05-24","2012","5","24",,,,"Brasil","BR","São Paulo",,"Guarujá","Serra do Guararu, condomínio Iporanga,área B. Forófito 741.",,,,,,,,,"Nadruz, M.","2015-10-01",,"Anthurium scandens (Aubl.) Engl.","Liliopsida","Alismatales","Araceae","Anthurium","species","(Aubl.) G. Don","ACCEPTED",,,"Anthurium scandens (Aubl.) Engl.",,,,"Anthurium scandens","Anthurium scandens",,"WGS84",,,,,"GBIF","HUSC",,"Isidro, B.","23","2012","Nadruz, M.","2015",,"Isidro",,"brazil","sao paulo","guaruja","serra do guararu",,"locality","brazil_sao paulo_guaruja_serra guararu","brazil_sao paulo_guaruja_guararu",-23.889851,-46.158741,"locality",185226,"Anthurium scandens","(Aubl.) Engl.","name_w_authors","Araceae","Anthurium scandens","(Aubl.) Engl.","species","name accepted","bfo-4971",,,"Anthurium scandens (Aubl.) Engl.","Anthurium","Araceae","brazil_sao paulo_guaruja","Brazil","São Paulo","Guarujá",,"ibge",TRUE,-23.889851,-46.158741,"coord_gazet","seconds","high","Anthurium scandens","ok_same_resolution","ok_locality_gazet",,FALSE,"ok_dist","full_name_match","HUSC_10926",,"0","0",,,,"coord_gazet","Medium","ÁREA DE PROTEÇÃO AMBIENTAL MUNICIPAL DA SERRA DO GUARARU"
,,"https://specieslink.net/col/437",,"UNISANTA","HUSC",,"PRESERVED_SPECIMEN","10924","1","Isidro, B.; Goldoni, R.",,"2012-02-29","2012","2","29",,,,"Brasil","BR","São Paulo",,"Guarujá","Serra do Guararu, condomínio Iporanga,área C.",,,,,,,,,"Nadruz, M.","2015-10-01",,"Anthurium pentaphyllum Kunth","Liliopsida","Alismatales","Araceae","Anthurium","species","Kunt.","SYNONYM",,,"Anthurium palmatum (L.) Schott",,,,"Anthurium pentaphyllum","Anthurium palmatum",,"WGS84",,,,,"GBIF","HUSC",,"Isidro, B.","1","2012","Nadruz, M.","2015","Goldoni, R.","Isidro",,"brazil","sao paulo","guaruja","serra do guararu",,"locality","brazil_sao paulo_guaruja_serra guararu","brazil_sao paulo_guaruja_guararu",-23.889851,-46.158741,"locality",185238,"Anthurium pentaphyllum","(Aubl.) G.Don","name_w_authors","Araceae","Anthurium pentaphyllum","(Aubl.) G.Don","species","author misspelled","bfo-4965",,,"Anthurium pentaphyllum (Aubl.) G.Don","Anthurium","Araceae","brazil_sao paulo_guaruja","Brazil","São Paulo","Guarujá",,"ibge",TRUE,-23.889851,-46.158741,"coord_gazet","seconds","high","Anthurium pentaphyllum","ok_same_resolution","ok_locality_gazet",,FALSE,"ok_dist","full_name_match","HUSC_10924","[HUSC_10924|HUSC_10942]","1","0.25","HUSC_10924","HUSC_10942","HUSC_10942","coord_gazet","Medium","ÁREA DE PROTEÇÃO AMBIENTAL MUNICIPAL DA SERRA DO GUARARU"
,,"https://specieslink.net/col/437",,"UNISANTA","HUSC",,"PRESERVED_SPECIMEN","10921","24","Isidro, B.; et al.",,"2012-05-24","2012","5","24",,,,"Brasil","BR","São Paulo",,"Guarujá","Serra do Guararu, condomínio Iporanga,área B.",,,,,,,,,"Nadruz, M.","2015-10-01",,"Anthurium langsdorffii Schott","Liliopsida","Alismatales","Araceae","Anthurium","species","Schott","ACCEPTED",,,"Anthurium langsdorffii Schott",,,,"Anthurium langsdorffii","Anthurium langsdorffii",,"WGS84",,,,,"GBIF","HUSC",,"Isidro, B.","24","2012","Nadruz, M.","2015",,"Isidro",,"brazil","sao paulo","guaruja","serra do guararu",,"locality","brazil_sao paulo_guaruja_serra guararu","brazil_sao paulo_guaruja_guararu",-23.889851,-46.158741,"locality",185239,"Anthurium langsdorffii","Schott","name_w_authors","Araceae","Anthurium langsdorffii","Schott","species","name accepted","bfo-4942",,,"Anthurium langsdorffii Schott","Anthurium","Araceae","brazil_sao paulo_guaruja","Brazil","São Paulo","Guarujá",,"ibge",TRUE,-23.889851,-46.158741,"coord_gazet","seconds","high","Anthurium langsdorffii","ok_same_resolution","ok_locality_gazet",,FALSE,"ok_dist","full_name_match","HUSC_10921",,"0","0",,,,"coord_gazet","Medium","ÁREA DE PROTEÇÃO AMBIENTAL MUNICIPAL DA SERRA DO GUARARU"
,,"https://specieslink.net/col/437",,"UNISANTA","HUSC",,"PRESERVED_SPECIMEN","11605","08","D. Costa; G. Martins",,,,,,,,,"Brasil","BR","São Paulo",,"Guarujá","Serra do Guararu, condomínio Iporanga. Área B.",,,,,,,,,"P. Sampaio","2011-09-01",,"Nematanthus fritschii Hoehne","Magnoliopsida","Lamiales","Gesneriaceae","Nematanthus","species","Hoehne.","ACCEPTED",,,"Nematanthus fritschii Hoehne",,,,"Nematanthus fritschii","Nematanthus fritschii",,"WGS84",,,,,"GBIF","HUSC",,"Costa, D.","08",,"Sampaio, P.","2011","Martins, G.","Costa",,"brazil","sao paulo","guaruja","serra do guararu",,"locality","brazil_sao paulo_guaruja_serra guararu","brazil_sao paulo_guaruja_guararu",-23.889851,-46.158741,"locality",268525,"Nematanthus fritschii","Hoehne","name_w_authors","Gesneriaceae","Nematanthus fritschii","Hoehne","species","name accepted","bfo-7851",,,"Nematanthus fritschii Hoehne","Nematanthus","Gesneriaceae","brazil_sao paulo_guaruja","Brazil","São Paulo","Guarujá",,"ibge",TRUE,-23.889851,-46.158741,"coord_gazet","seconds","low","Nematanthus fritschii","ok_same_resolution","ok_locality_gazet",,FALSE,"ok_dist","full_name_match","HUSC_11605",,"0","0",,,,"coord_gazet","Medium","ÁREA DE PROTEÇÃO AMBIENTAL MUNICIPAL DA SERRA DO GUARARU"
,,"https://specieslink.net/col/437",,"UNISANTA","HUSC",,"PRESERVED_SPECIMEN","8105","888","P.S.P Sampaio",,"2014-02-14","2014","2","14",,,,"Brasil","BR","São Paulo",,"Guarujá","Serra do Guararu, condomínio Iporanga, trilha de educação ambiental próximo a área A.",,,,,,,,,"P.S.P Sampaio","2014-02-01",,"Zanthoxylum rhoifolium Lam.","Magnoliopsida","Sapindales","Rutaceae","Zanthoxylum","species","Lam.","ACCEPTED",,,"Zanthoxylum rhoifolium Lam.",,,,"Zanthoxylum rhoifolium","Zanthoxylum rhoifolium",,"WGS84",,,,,"GBIF","HUSC",,"Sampaio, P.S.P.","888","2014","Sampaio, P.S.P.","2014",,"Sampaio",,"brazil","sao paulo","guaruja","serra do guararu",,"locality","brazil_sao paulo_guaruja_serra guararu","brazil_sao paulo_guaruja_guararu",-23.889851,-46.158741,"locality",268470,"Zanthoxylum rhoifolium","Lam.","name_w_authors","Rutaceae","Zanthoxylum rhoifolium","Lam.","species","name accepted","bfo-1162",,,"Zanthoxylum rhoifolium Lam.","Zanthoxylum","Rutaceae","brazil_sao paulo_guaruja","Brazil","São Paulo","Guarujá",,"ibge",TRUE,-23.889851,-46.158741,"coord_gazet","seconds","low","Zanthoxylum rhoifolium","ok_same_resolution","ok_locality_gazet",,FALSE,"ok_dist","full_name_match","HUSC_8105",,"0","0",,,,"coord_gazet","Medium","ÁREA DE PROTEÇÃO AMBIENTAL MUNICIPAL DA SERRA DO GUARARU"
,,"https://specieslink.net/col/437",,"UNISANTA","HUSC",,"PRESERVED_SPECIMEN","8298","923","Sampaio, P.S.P.; Prudêncio, R.X.A.; Rezende, V.I.; Ancona, M.C.",,"2014-09-18","2014","9","18",,,,"Brasil","BR","São Paulo",,"Guarujá","Serra do Guararu, condomínio Iporanga, próximo a cachoeira quedesagua na praia Iporanga",,,,,,,,,"Sampaio, P.S.P.","2014-10-01",,"Varronia curassavica Jacq.","Magnoliopsida","Boraginales","Cordiaceae","Varronia","species","Jacq.","ACCEPTED",,,"Varronia curassavica Jacq.",,,,"Varronia curassavica","Varronia curassavica",,"WGS84",,,,,"GBIF","HUSC",,"Sampaio, P.S.P.","923","2014","Sampaio, P.S.P.","2014","Prudencio, R.X.A.; Rezende, V.I.; Ancona, M.C.","Sampaio",,"brazil","sao paulo","guaruja","serra do guararu",,"locality","brazil_sao paulo_guaruja_serra guararu","brazil_sao paulo_guaruja_guararu",-23.889851,-46.158741,"locality",161060,"Varronia curassavica","Jacq.","name_w_authors","Cordiaceae","Varronia curassavica","Jacq.","species","name accepted","bfo-105435",,,"Varronia curassavica Jacq.","Varronia","Cordiaceae","brazil_sao paulo_guaruja","Brazil","São Paulo","Guarujá",,"ibge",TRUE,-23.889851,-46.158741,"coord_gazet","seconds","low","Varronia curassavica","ok_same_resolution","ok_locality_gazet",,FALSE,"ok_dist","full_name_match","HUSC_8298",,"0","0",,,,"coord_gazet","Medium","ÁREA DE PROTEÇÃO AMBIENTAL MUNICIPAL DA SERRA DO GUARARU"
,,"https://specieslink.net/col/437",,"UNISANTA","HUSC",,"PRESERVED_SPECIMEN","8103","883","P.S.P Sampaio",,"2014-02-14","2014","2","14",,,,"Brasil","BR","São Paulo",,"Guarujá","Serra do Guararu, condomínio Iporanga, trilha de educação ambiental próximo a área A.",,,,,,,,,"P.S.P Sampaio","2014-02-01",,"Solanum torvum Sw.","Magnoliopsida","Solanales","Solanaceae","Solanum","species","Sw.","ACCEPTED",,,"Solanum torvum Sw.",,,,"Solanum torvum","Solanum torvum",,"WGS84",,,,,"GBIF","HUSC",,"Sampaio, P.S.P.","883","2014","Sampaio, P.S.P.","2014",,"Sampaio",,"brazil","sao paulo","guaruja","serra do guararu",,"locality","brazil_sao paulo_guaruja_serra guararu","brazil_sao paulo_guaruja_guararu",-23.889851,-46.158741,"locality",268467,"Solanum torvum","Sw.","name_w_authors","Solanaceae","Solanum torvum","Sw.","species","name accepted","bfo-14877",,,"Solanum torvum Sw.","Solanum","Solanaceae","brazil_sao paulo_guaruja","Brazil","São Paulo","Guarujá",,"ibge",TRUE,-23.889851,-46.158741,"coord_gazet","seconds","low","Solanum torvum","ok_same_resolution","ok_locality_gazet",,FALSE,"ok_dist","full_name_match","HUSC_8103","HUSC_8102|HUSC_8103","1","0.25","HUSC_8102","HUSC_8102","HUSC_8102","coord_gazet","Medium","ÁREA DE PROTEÇÃO AMBIENTAL MUNICIPAL DA SERRA DO GUARARU"
,,"https://specieslink.net/col/437",,"UNISANTA","HUSC",,"PRESERVED_SPECIMEN","8300","925","Sampaio, P.S.P.; Prudêncio, R.X.A.; Rezende, V.I.; Ancona, M.C.",,"2014-09-18","2014","9","18",,,,"Brasil","BR","São Paulo",,"Guarujá","Serra do Guararu, condomínio Iporanga, trilha Iporanga",,,,,,,,,"Sampaio, P.S.P.","2014-10-01",,"Rhipsalis oblonga Loefgr.","Magnoliopsida","Caryophyllales","Cactaceae","Rhipsalis","species","Loefgr.","ACCEPTED",,,"Rhipsalis oblonga Loefgr.",,,,"Rhipsalis oblonga","Rhipsalis oblonga",,"WGS84",,,,,"GBIF","HUSC",,"Sampaio, P.S.P.","925","2014","Sampaio, P.S.P.","2014","Prudencio, R.X.A.; Rezende, V.I.; Ancona, M.C.","Sampaio",,"brazil","sao paulo","guaruja","serra do guararu",,"locality","brazil_sao paulo_guaruja_serra guararu","brazil_sao paulo_guaruja_guararu",-23.889851,-46.158741,"locality",161074,"Rhipsalis oblonga","Loefgr.","name_w_authors","Cactaceae","Rhipsalis oblonga","Loefgr.","species","name accepted","bfo-1713",,,"Rhipsalis oblonga Loefgr.","Rhipsalis","Cactaceae","brazil_sao paulo_guaruja","Brazil","São Paulo","Guarujá",,"ibge",TRUE,-23.889851,-46.158741,"coord_gazet","seconds","low","Rhipsalis oblonga","ok_same_resolution","ok_locality_gazet",,FALSE,"ok_dist","full_name_match","HUSC_8300",,"0","0",,,,"coord_gazet","Medium","ÁREA DE PROTEÇÃO AMBIENTAL MUNICIPAL DA SERRA DO GUARARU"
,,"https://specieslink.net/col/437",,"UNISANTA","HUSC",,"PRESERVED_SPECIMEN","8002","887","M.Magenta; F. Giordano",,"2014-01-21","2014","1","21",,,,"Brasil","BR","São Paulo",,"Guarujá","Serra do Guararu, condomínio Iporanga, área A.",,,,,,,,,"P.S.P Sampaio","2014-01-01",,"Psychotria leiocarpa Cham. & Schltdl.","Magnoliopsida","Gentianales","Rubiaceae","Psychotria","species","Cham. & Schltdl.","ACCEPTED",,,"Psychotria leiocarpa Cham. & Schltdl.",,,,"Psychotria leiocarpa","Psychotria leiocarpa",,"WGS84",,,,,"GBIF","HUSC",,"Magenta, M.","887","2014","Sampaio, P.S.P.","2014","Giordano, F.","Magenta",,"brazil","sao paulo","guaruja","serra do guararu",,"locality","brazil_sao paulo_guaruja_serra guararu","brazil_sao paulo_guaruja_guararu",-23.889851,-46.158741,"locality",268415,"Psychotria leiocarpa","Cham. & Schltdl.","name_w_authors","Rubiaceae","Psychotria leiocarpa","Cham. & Schltdl.","species","name accepted","bfo-14188",,,"Psychotria leiocarpa Cham. & Schltdl.","Psychotria","Rubiaceae","brazil_sao paulo_guaruja","Brazil","São Paulo","Guarujá",,"ibge",TRUE,-23.889851,-46.158741,"coord_gazet","seconds","low","Psychotria leiocarpa","ok_same_resolution","ok_locality_gazet",,FALSE,"ok_dist","full_name_match","HUSC_8002","[HUSC_8002|HUSC_8099]","1","0.25","HUSC_8002","HUSC_8002","HUSC_8002","coord_gazet","Medium","ÁREA DE PROTEÇÃO AMBIENTAL MUNICIPAL DA SERRA DO GUARARU"
,,"https://specieslink.net/col/437",,"UNISANTA","HUSC",,"PRESERVED_SPECIMEN","8299","924","Sampaio, P.S.P.; Prudêncio, R.X.A.; Rezende, V.I.; Ancona, M.C.",,"2014-09-18","2014","9","18",,,,"Brasil","BR","São Paulo",,"Guarujá","Serra do Guararu, condomínio Iporanga, estacionamento que dá acesso a cachoeira e praia",,,,,,,,,"Sampaio, P.S.P.","2014-10-01",,"Prunus myrtifolia (L.) Urb.","Magnoliopsida","Rosales","Rosaceae","Prunus","species","(L.) Urb.","ACCEPTED",,,"Prunus myrtifolia (L.) Urb.",,,,"Prunus myrtifolia","Prunus myrtifolia",,"WGS84",,,,,"GBIF","HUSC",,"Sampaio, P.S.P.","924","2014","Sampaio, P.S.P.","2014","Prudencio, R.X.A.; Rezende, V.I.; Ancona, M.C.","Sampaio",,"brazil","sao paulo","guaruja","serra do guararu",,"locality","brazil_sao paulo_guaruja_serra guararu","brazil_sao paulo_guaruja_guararu",-23.889851,-46.158741,"locality",161085,"Prunus myrtifolia","(L.) Urb.","name_w_authors","Rosaceae","Prunus myrtifolia","(L.) Urb.","species","name accepted","bfo-26058",,,"Prunus myrtifolia (L.) Urb.","Prunus","Rosaceae","brazil_sao paulo_guaruja","Brazil","São Paulo","Guarujá",,"ibge",TRUE,-23.889851,-46.158741,"coord_gazet","seconds","low","Prunus myrtifolia","ok_same_resolution","ok_locality_gazet",,FALSE,"ok_dist","full_name_match","HUSC_8299",,"0","0",,,,"coord_gazet","Medium","ÁREA DE PROTEÇÃO AMBIENTAL MUNICIPAL DA SERRA DO GUARARU"
,,"https://specieslink.net/col/437",,"UNISANTA","HUSC",,"PRESERVED_SPECIMEN","8297","922","Sampaio, P.S.P.; Prudêncio, R.X.A.; Rezende, V.I.; Ancona, M.C.",,"2014-09-18","2014","9","18",,,,"Brasil","BR","São Paulo",,"Guarujá","Serra do Guararu, condomínio Iporanga, próximo a cachoeira quedesagua na praia Iporanga",,,,,,,,,"Sampaio, P.S.P.","2014-10-01",,"Myrsine guianensis (Aubl.) Kuntze","Magnoliopsida","Ericales","Primulaceae","Myrsine","species","(Aubl.) Kuntze.","ACCEPTED",,,"Myrsine guianensis (Aubl.) Kuntze",,,,"Myrsine guianensis","Myrsine guianensis",,"WGS84",,,,,"GBIF","HUSC",,"Sampaio, P.S.P.","922","2014","Sampaio, P.S.P.","2014","Prudencio, R.X.A.; Rezende, V.I.; Ancona, M.C.","Sampaio",,"brazil","sao paulo","guaruja","serra do guararu",,"locality","brazil_sao paulo_guaruja_serra guararu","brazil_sao paulo_guaruja_guararu",-23.889851,-46.158741,"locality",161073,"Myrsine guianensis","(Aubl.) Kuntze","name_w_authors","Primulaceae","Myrsine guianensis","(Aubl.) Kuntze","species","name accepted","bfo-10232",,,"Myrsine guianensis (Aubl.) Kuntze","Myrsine","Primulaceae","brazil_sao paulo_guaruja","Brazil","São Paulo","Guarujá",,"ibge",TRUE,-23.889851,-46.158741,"coord_gazet","seconds","low","Myrsine guianensis","ok_same_resolution","ok_locality_gazet",,FALSE,"ok_dist","full_name_match","HUSC_8297",,"0","0",,,,"coord_gazet","Medium","ÁREA DE PROTEÇÃO AMBIENTAL MUNICIPAL DA SERRA DO GUARARU"
,,"https://specieslink.net/col/437",,"UNISANTA","HUSC",,"PRESERVED_SPECIMEN","8302","927","Sampaio, P.S.P.; Prudêncio, R.X.A.; Rezende, V.I.; Ancona, M.C.",,"2014-09-18","2014","9","18",,,,"Brasil","BR","São Paulo",,"Guarujá","Serra do Guararu, condomínio Iporanga, trilha Iporanga",,,,,,,,,"Sampaio, P.S.P.","2014-10-01",,"Guapira opposita (Vell.) Reitz","Magnoliopsida","Caryophyllales","Nyctaginaceae","Guapira","species","(Vell.) Reitz","ACCEPTED",,,"Guapira opposita (Vell.) Reitz",,,,"Guapira opposita","Guapira opposita",,"WGS84",,,,,"GBIF","HUSC",,"Sampaio, P.S.P.","927","2014","Sampaio, P.S.P.","2014","Prudencio, R.X.A.; Rezende, V.I.; Ancona, M.C.","Sampaio",,"brazil","sao paulo","guaruja","serra do guararu",,"locality","brazil_sao paulo_guaruja_serra guararu","brazil_sao paulo_guaruja_guararu",-23.889851,-46.158741,"locality",161065,"Guapira opposita","(Vell.) Reitz","name_w_authors","Nyctaginaceae","Guapira opposita","(Vell.) Reitz","species","name accepted","bfo-10913",,,"Guapira opposita (Vell.) Reitz","Guapira","Nyctaginaceae","brazil_sao paulo_guaruja","Brazil","São Paulo","Guarujá",,"ibge",TRUE,-23.889851,-46.158741,"coord_gazet","seconds","low","Guapira opposita","ok_same_resolution","ok_locality_gazet",,FALSE,"ok_dist","full_name_match","HUSC_8302",,"0","0",,,,"coord_gazet","Medium","ÁREA DE PROTEÇÃO AMBIENTAL MUNICIPAL DA SERRA DO GUARARU"
,,"https://specieslink.net/col/437",,"UNISANTA","HUSC",,"PRESERVED_SPECIMEN","8303","928","Sampaio, P.S.P.; Prudêncio, R.X.A.; Rezende, V.I.; Ancona, M.C.",,"2014-09-18","2014","9","18",,,,"Brasil","BR","São Paulo",,"Guarujá","Serra do Guararu, condomínio Iporanga, trilha Iporanga",,,,,,,,,"Sampaio, P.S.P.","2014-10-01",,"Calathea eichleri Petersen","Liliopsida","Zingiberales","Marantaceae","Goeppertia","species","(Petersen) Borchs. & S.Suárez","SYNONYM",,,"Goeppertia eichleri (Petersen) Borchs. & S.Suárez",,,,"Calathea eichleri","Goeppertia eichleri",,"WGS84",,,,,"GBIF","HUSC",,"Sampaio, P.S.P.","928","2014","Sampaio, P.S.P.","2014","Prudencio, R.X.A.; Rezende, V.I.; Ancona, M.C.","Sampaio",,"brazil","sao paulo","guaruja","serra do guararu",,"locality","brazil_sao paulo_guaruja_serra guararu","brazil_sao paulo_guaruja_guararu",-23.889851,-46.158741,"locality",161083,"Goeppertia eichleri","(Petersen) Borchs. & S.Suárez","name_w_authors","Marantaceae","Goeppertia eichleri","(Petersen) Borchs. & S.Suárez","species","replaced synonym","bfo-138788","Goeppertia eichleri","(Petersen) Borchs. & S.Suárez","Goeppertia eichleri (Petersen) Borchs. & S.Suárez","Goeppertia","Marantaceae","brazil_sao paulo_guaruja","Brazil","São Paulo","Guarujá",,"ibge",TRUE,-23.889851,-46.158741,"coord_gazet","seconds","low","Goeppertia eichleri","ok_same_resolution","ok_locality_gazet",,FALSE,"ok_dist","full_name_match","HUSC_8303",,"0","0",,,,"coord_gazet","Medium","ÁREA DE PROTEÇÃO AMBIENTAL MUNICIPAL DA SERRA DO GUARARU"
,,"https://specieslink.net/col/437",,"UNISANTA","HUSC",,"PRESERVED_SPECIMEN","8671","908","P.S.P Sampaio",,"2014-04-03","2014","4","3",,,,"Brasil","BR","São Paulo",,"Guarujá","Serra do Guararu, condomínio Iporanga, trilha de educação ambiental.",,,,,,,,,"P.S.P Sampaio","2014-05-01",,"Geophila repens (L.) I.M.Johnst.","Magnoliopsida","Gentianales","Rubiaceae","Geophila","species","(L.) I.M.Johnst.","ACCEPTED",,,"Geophila repens (L.) I.M.Johnst.",,,,"Geophila repens","Geophila repens",,"WGS84",,,,,"GBIF","HUSC",,"Sampaio, P.S.P.","908","2014","Sampaio, P.S.P.","2014",,"Sampaio",,"brazil","sao paulo","guaruja","serra do guararu",,"locality","brazil_sao paulo_guaruja_serra guararu","brazil_sao paulo_guaruja_guararu",-23.889851,-46.158741,"locality",161297,"Geophila repens","(L.) I.M.Johnst.","name_w_authors","Rubiaceae","Geophila repens","(L.) I.M.Johnst.","species","name accepted","bfo-14049",,,"Geophila repens (L.) I.M.Johnst.","Geophila","Rubiaceae","brazil_sao paulo_guaruja","Brazil","São Paulo","Guarujá",,"ibge",TRUE,-23.889851,-46.158741,"coord_gazet","seconds","low","Geophila repens","ok_same_resolution","ok_locality_gazet",,FALSE,"ok_dist","full_name_match","HUSC_8671",,"0","0",,,,"coord_gazet","Medium","ÁREA DE PROTEÇÃO AMBIENTAL MUNICIPAL DA SERRA DO GUARARU"
,,"https://specieslink.net/col/437",,"UNISANTA","HUSC",,"PRESERVED_SPECIMEN","8102","883","P.S.P Sampaio",,"2014-02-14","2014","2","14",,,,"Brasil","BR","São Paulo",,"Guarujá","Serra do Guararu, condomínio Iporanga, trilha de educação ambiental próximo a área A.",,,,,,,,,"P.S.P Sampaio","2014-02-01",,"Eumachia cymuligera (Müll.Arg.) C.M.Taylor & Razafim.","Magnoliopsida","Gentianales","Rubiaceae","Eumachia","species","(Müll. Arg.) C.M. Taylor & Razafim.","ACCEPTED",,,"Eumachia cymuligera (Müll.Arg.) C.M.Taylor & Razafim.",,,,"Eumachia cymuligera","Eumachia cymuligera",,"WGS84",,,,,"GBIF","HUSC",,"Sampaio, P.S.P.","883","2014","Sampaio, P.S.P.","2014",,"Sampaio",,"brazil","sao paulo","guaruja","serra do guararu",,"locality","brazil_sao paulo_guaruja_serra guararu","brazil_sao paulo_guaruja_guararu",-23.889851,-46.158741,"locality",268453,"Eumachia cymuligera","(Müll. Arg.) C.M. Taylor & Razafim.","name_w_authors","Rubiaceae","Eumachia cymuligera","(Müll. Arg.) C.M. Taylor & Razafim.","species","name accepted","bfo-604577",,,"Eumachia cymuligera (Müll. Arg.) C.M. Taylor & Razafim.","Eumachia","Rubiaceae","brazil_sao paulo_guaruja","Brazil","São Paulo","Guarujá",,"ibge",TRUE,-23.889851,-46.158741,"coord_gazet","seconds","low","Eumachia cymuligera","ok_same_resolution","ok_locality_gazet",,FALSE,"ok_dist","full_name_match","HUSC_8102","HUSC_8102|HUSC_8103","1","0.25","HUSC_8102","HUSC_8102","HUSC_8102","coord_gazet","Medium","ÁREA DE PROTEÇÃO AMBIENTAL MUNICIPAL DA SERRA DO GUARARU"
,,"https://specieslink.net/col/437",,"UNISANTA","HUSC",,"PRESERVED_SPECIMEN","8005","885","M.Magenta; F. Giordano",,"2014-01-21","2014","1","21",,,,"Brasil","BR","São Paulo",,"Guarujá","Serra do Guararu, condomínio Iporanga, área C, parcela 19, árvore 1087.",,,,,,,,,"M.Magenta; R. Guandalini","2014-06-01",,"Epidendrum strobiliferum Rchb.f.","Liliopsida","Asparagales","Orchidaceae","Epidendrum","species","Rchb.f.","ACCEPTED",,,"Epidendrum strobiliferum Rchb.f.",,,,"Epidendrum strobiliferum","Epidendrum strobiliferum",,"WGS84",,,,,"GBIF","HUSC",,"Magenta, M.","885","2014","Magenta, M.","2014","Giordano, F.","Magenta","Guandalini, R.","brazil","sao paulo","guaruja","serra do guararu",,"locality","brazil_sao paulo_guaruja_serra guararu","brazil_sao paulo_guaruja_guararu",-23.889851,-46.158741,"locality",268421,"Epidendrum strobiliferum","Rchb.f.","name_w_authors","Orchidaceae","Epidendrum strobiliferum","Rchb.f.","species","name accepted","bfo-11574",,,"Epidendrum strobiliferum Rchb.f.","Epidendrum","Orchidaceae","brazil_sao paulo_guaruja","Brazil","São Paulo","Guarujá",,"ibge",TRUE,-23.889851,-46.158741,"coord_gazet","seconds","low","Epidendrum strobiliferum","ok_same_resolution","ok_locality_gazet",,FALSE,"ok_dist","full_name_match","HUSC_8005",,"0","0",,,,"coord_gazet","Medium","ÁREA DE PROTEÇÃO AMBIENTAL MUNICIPAL DA SERRA DO GUARARU"
,,"https://specieslink.net/col/437",,"UNISANTA","HUSC",,"PRESERVED_SPECIMEN","8004","886","M.Magenta; Giordano, F.",,"2014-01-21","2014","1","21",,,,"Brasil","BR","São Paulo",,"Guarujá","Serra do Guararu, condomínio Iporanga. Área A.",,,,,,,,,"M.Magenta","2014-01-01",,"Cissampelos andromorpha DC.","Magnoliopsida","Ranunculales","Menispermaceae","Cissampelos","species","DC.","ACCEPTED",,,"Cissampelos andromorpha DC.",,,,"Cissampelos andromorpha","Cissampelos andromorpha",,"WGS84",,,,,"GBIF","HUSC",,"Magenta, M.","886","2014","Magenta, M.","2014","Giordano; F.","Magenta",,"brazil","sao paulo","guaruja","serra do guararu",,"locality","brazil_sao paulo_guaruja_serra guararu","brazil_sao paulo_guaruja_guararu",-23.889851,-46.158741,"locality",268418,"Cissampelos andromorpha","DC.","name_w_authors","Menispermaceae","Cissampelos andromorpha","DC.","species","name accepted","bfo-10029",,,"Cissampelos andromorpha DC.","Cissampelos","Menispermaceae","brazil_sao paulo_guaruja","Brazil","São Paulo","Guarujá",,"ibge",TRUE,-23.889851,-46.158741,"coord_gazet","seconds","low","Cissampelos andromorpha","ok_same_resolution","ok_locality_gazet",,FALSE,"ok_dist","full_name_match","HUSC_8004",,"0","0",,,,"coord_gazet","Medium","ÁREA DE PROTEÇÃO AMBIENTAL MUNICIPAL DA SERRA DO GUARARU"
,,"https://specieslink.net/col/437",,"UNISANTA","HUSC",,"PRESERVED_SPECIMEN","8104","886","P.S.P Sampaio",,"2014-02-14","2014","2","14",,,,"Brasil","BR","São Paulo",,"Guarujá","Serra do Guararu, condomínio Iporanga, trilha de educação ambiental próximo a área A.",,,,,,,,,"P.S.P Sampaio","2014-02-01",,"Chrysophyllum flexuosum Mart.","Magnoliopsida","Ericales","Sapotaceae","Chrysophyllum","species","Mart.","ACCEPTED",,,"Chrysophyllum flexuosum Mart.",,,,"Chrysophyllum flexuosum","Chrysophyllum flexuosum",,"WGS84",,,,,"GBIF","HUSC",,"Sampaio, P.S.P.","886","2014","Sampaio, P.S.P.","2014",,"Sampaio",,"brazil","sao paulo","guaruja","serra do guararu",,"locality","brazil_sao paulo_guaruja_serra guararu","brazil_sao paulo_guaruja_guararu",-23.889851,-46.158741,"locality",268484,"Chrysophyllum flexuosum","Mart.","name_w_authors","Sapotaceae","Chrysophyllum flexuosum","Mart.","species","name accepted","bfo-14456",,,"Chrysophyllum flexuosum Mart.","Chrysophyllum","Sapotaceae","brazil_sao paulo_guaruja","Brazil","São Paulo","Guarujá",,"ibge",TRUE,-23.889851,-46.158741,"coord_gazet","seconds","low","Chrysophyllum flexuosum","ok_same_resolution","ok_locality_gazet",,FALSE,"ok_dist","full_name_match","HUSC_8104",,"0","0",,,,"coord_gazet","Medium","ÁREA DE PROTEÇÃO AMBIENTAL MUNICIPAL DA SERRA DO GUARARU"
,,"https://specieslink.net/col/437",,"UNISANTA","HUSC",,"PRESERVED_SPECIMEN","8097","889","P. Sampaio",,"2014-02-14","2014","2","14",,,,"Brasil","BR","São Paulo",,"Guarujá","Serra do Guararu, condomínio Iporanga; trilha de educação ambiental próximo a área A.",,,,,,,,,"P. Sampaio","2014-02-01",,"Barnebya dispar (Griseb.) W.R.Anderson & B.Gates","Magnoliopsida","Malpighiales","Malpighiaceae","Barnebya","species","(Griseb.) W.R.Anderson & B.Gates","ACCEPTED",,,"Barnebya dispar (Griseb.) W.R.Anderson & B.Gates",,,,"Barnebya dispar","Barnebya dispar",,"WGS84",,,,,"GBIF","HUSC",,"Sampaio, P.","889","2014","Sampaio, P.","2014",,"Sampaio",,"brazil","sao paulo","guaruja","serra do guararu",,"locality","brazil_sao paulo_guaruja_serra guararu","brazil_sao paulo_guaruja_guararu",-23.889851,-46.158741,"locality",268472,"Barnebya dispar","(Griseb.) W.R.Anderson & B.Gates","name_w_authors","Malpighiaceae","Barnebya dispar","(Griseb.) W.R.Anderson & B.Gates","species","name accepted","bfo-8817",,,"Barnebya dispar (Griseb.) W.R.Anderson & B.Gates","Barnebya","Malpighiaceae","brazil_sao paulo_guaruja","Brazil","São Paulo","Guarujá",,"ibge",TRUE,-23.889851,-46.158741,"coord_gazet","seconds","low","Barnebya dispar","ok_same_resolution","ok_locality_gazet",,FALSE,"ok_dist","full_name_match","HUSC_8097",,"0","0",,,,"coord_gazet","Medium","ÁREA DE PROTEÇÃO AMBIENTAL MUNICIPAL DA SERRA DO GUARARU"
,,"https://specieslink.net/col/437",,"UNISANTA","HUSC",,"PRESERVED_SPECIMEN","8071","852","Sampaio, P.S.P.; Bezerra, L.F.S.",,"2013-09-12","2013","9","12",,,,"Brasil","BR","São Paulo",,"Guarujá","Serra do Guararu, condomínio Iporanga, trilha das conchas- São Pedro.",,,,,,,,,"U.G. Fernandes","2018-12-01",,"Ruellia solitaria Vell.","Magnoliopsida","Lamiales","Acanthaceae","Ruellia","species","Vell.","ACCEPTED",,,"Ruellia solitaria Vell.",,,,"Ruellia solitaria","Ruellia solitaria",,"WGS84","https://images.cria.org.br/viewer/HUSC008071_01",,,,"GBIF","HUSC",,"Sampaio, P.S.P.","852","2013","Fernandes, U.G.","2018","Bezerra, L.F.S.","Sampaio",,"brazil","sao paulo","guaruja","serra do guararu",,"locality","brazil_sao paulo_guaruja_serra guararu","brazil_sao paulo_guaruja_guararu",-23.889851,-46.158741,"locality",185209,"Ruellia solitaria","Vell.","name_w_authors","Acanthaceae","Ruellia solitaria","Vell.","species","name accepted","bfo-4212",,,"Ruellia solitaria Vell.","Ruellia","Acanthaceae","brazil_sao paulo_guaruja","Brazil","São Paulo","Guarujá",,"ibge",TRUE,-23.889851,-46.158741,"coord_gazet","seconds","low","Ruellia solitaria","ok_same_resolution","ok_locality_gazet",,FALSE,"ok_dist","full_name_match","HUSC_8071",,"0","0",,,,"coord_gazet","Medium","ÁREA DE PROTEÇÃO AMBIENTAL MUNICIPAL DA SERRA DO GUARARU"
,,"https://specieslink.net/col/437",,"UNISANTA","HUSC",,"PRESERVED_SPECIMEN","8079","854","P.S.P Sampaio; L.F.S. Bezerra",,"2013-09-12","2013","9","12",,,,"Brasil","BR","São Paulo",,"Guarujá","Serra do Guararu, condomínio Iporanga, trilha praia das conchas - São Pedro.",,,,,,,,,"M.Magenta; P.S.P Sampaio","2015-11-01",,"Daphnopsis racemosa Griseb.","Magnoliopsida","Malvales","Thymelaeaceae","Daphnopsis","species","Griseb.","ACCEPTED",,,"Daphnopsis racemosa Griseb.",,,,"Daphnopsis racemosa","Daphnopsis racemosa",,"WGS84",,,,,"GBIF","HUSC",,"Sampaio, P.S.P.","854","2013","Magenta, M.","2015","Bezerra, L.F.S.","Sampaio","Sampaio, P.S.P.","brazil","sao paulo","guaruja","serra do guararu",,"locality","brazil_sao paulo_guaruja_serra guararu","brazil_sao paulo_guaruja_guararu",-23.889851,-46.158741,"locality",268443,"Daphnopsis racemosa","Griseb.","name_w_authors","Thymelaeaceae","Daphnopsis racemosa","Griseb.","species","name accepted","bfo-14947",,,"Daphnopsis racemosa Griseb.","Daphnopsis","Thymelaeaceae","brazil_sao paulo_guaruja","Brazil","São Paulo","Guarujá",,"ibge",TRUE,-23.889851,-46.158741,"coord_gazet","seconds","low","Daphnopsis racemosa","ok_same_resolution","ok_locality_gazet",,FALSE,"ok_dist","full_name_match","HUSC_8079",,"0","0",,,,"coord_gazet","Medium","ÁREA DE PROTEÇÃO AMBIENTAL MUNICIPAL DA SERRA DO GUARARU"
,,"https://specieslink.net/col/437",,"UNISANTA","HUSC",,"PRESERVED_SPECIMEN","8086","01","A. Cavalieri",,"2013-02-25","2013","2","25",,,,"Brasil","BR","São Paulo",,"Guarujá","Serra do Guararu, condomínio Iporanga.",,,,,,,,,"P.S.P Sampaio","2014-02-01",,"Vriesea ensiformis (Vell.) Beer","Liliopsida","Poales","Bromeliaceae","Vriesea","species","(Vell.) Beer","ACCEPTED",,,"Vriesea ensiformis (Vell.) Beer",,,,"Vriesea ensiformis","Vriesea ensiformis",,"WGS84",,,,,"GBIF","HUSC",,"Cavalieri, A.","01","2013","Sampaio, P.S.P.","2014",,"Cavalieri",,"brazil","sao paulo","guaruja","serra do guararu",,"locality","brazil_sao paulo_guaruja_serra guararu","brazil_sao paulo_guaruja_guararu",-23.889851,-46.158741,"locality",268477,"Vriesea ensiformis","(Vell.) Beer","name_w_authors","Bromeliaceae","Vriesea ensiformis","(Vell.) Beer","species","name accepted","bfo-6457",,,"Vriesea ensiformis (Vell.) Beer","Vriesea","Bromeliaceae","brazil_sao paulo_guaruja","Brazil","São Paulo","Guarujá",,"ibge",TRUE,-23.889851,-46.158741,"coord_gazet","seconds","low","Vriesea ensiformis","ok_same_resolution","ok_locality_gazet",,FALSE,"ok_dist","full_name_match","HUSC_8086",,"0","0",,,,"coord_gazet","Medium","ÁREA DE PROTEÇÃO AMBIENTAL MUNICIPAL DA SERRA DO GUARARU"
,,"https://specieslink.net/col/437",,"UNISANTA","HUSC",,"PRESERVED_SPECIMEN","8060","869","P.S.P Sampaio",,"2013-10-24","2013","10","24",,,,"Brasil","BR","São Paulo",,"Guarujá","Serra do Guararu, condomínio Iporanga. Trilha de educação ambiental próximo a área A.",,,,,,,,,"P.S.P Sampaio","2014-02-01",,"Sorocea hilarii Gaudich.","Magnoliopsida","Rosales","Moraceae","Sorocea","species","Gaudich.","ACCEPTED",,,"Sorocea hilarii Gaudich.",,,,"Sorocea hilarii","Sorocea hilarii",,"WGS84",,,,,"GBIF","HUSC",,"Sampaio, P.S.P.","869","2013","Sampaio, P.S.P.","2014",,"Sampaio",,"brazil","sao paulo","guaruja","serra do guararu",,"locality","brazil_sao paulo_guaruja_serra guararu","brazil_sao paulo_guaruja_guararu",-23.889851,-46.158741,"locality",268448,"Sorocea hilarii","Gaudich.","name_w_authors","Moraceae","Sorocea hilarii","Gaudich.","species","name accepted","bfo-10193",,,"Sorocea hilarii Gaudich.","Sorocea","Moraceae","brazil_sao paulo_guaruja","Brazil","São Paulo","Guarujá",,"ibge",TRUE,-23.889851,-46.158741,"coord_gazet","seconds","low","Sorocea hilarii","ok_same_resolution","ok_locality_gazet",,FALSE,"ok_dist","full_name_match","HUSC_8060",,"0","0",,,,"coord_gazet","Medium","ÁREA DE PROTEÇÃO AMBIENTAL MUNICIPAL DA SERRA DO GUARARU"
,,"https://specieslink.net/col/437",,"UNISANTA","HUSC",,"PRESERVED_SPECIMEN","8059","871","P.S.P Sampaio",,"2013-10-24","2013","10","24",,,,"Brasil","BR","São Paulo",,"Guarujá","Serra do Guararu, condomínio Iporanga; trilha de educação ambiental próximo a área A.",,,,,,,,,"P.S.P Sampaio","2014-02-01",,"Pleurostachys urvillei Brongn.","Liliopsida","Poales","Cyperaceae","Rhynchospora","species","Brongn.","SYNONYM",,,"Pleurostachys ulei Boeckeler",,,,"Pleurostachys urvillei","Pleurostachys ulei",,"WGS84",,,,,"GBIF","HUSC",,"Sampaio, P.S.P.","871","2013","Sampaio, P.S.P.","2014",,"Sampaio",,"brazil","sao paulo","guaruja","serra do guararu",,"locality","brazil_sao paulo_guaruja_serra guararu","brazil_sao paulo_guaruja_guararu",-23.889851,-46.158741,"locality",268458,"Rhynchospora scalaris","L.B.Sm.","name_w_authors","Cyperaceae","Rhynchospora scalaris","L.B.Sm.","species","replaced synonym","bfo-51821","Rhynchospora scalaris","L.B.Sm.","Rhynchospora scalaris L.B.Sm.","Rhynchospora","Cyperaceae","brazil_sao paulo_guaruja","Brazil","São Paulo","Guarujá",,"ibge",TRUE,-23.889851,-46.158741,"coord_gazet","seconds","low","Rhynchospora scalaris","ok_same_resolution","ok_locality_gazet",,FALSE,"ok_dist","full_name_match","HUSC_8059",,"0","0",,,,"coord_gazet","Medium","ÁREA DE PROTEÇÃO AMBIENTAL MUNICIPAL DA SERRA DO GUARARU"
,,"https://specieslink.net/col/437",,"UNISANTA","HUSC",,"PRESERVED_SPECIMEN","8058","868","P.S.P Sampaio",,"2013-10-24","2013","10","24",,,,"Brasil","BR","São Paulo",,"Guarujá","Serra do Guararu, condomínio Iporanga, trilha de educação ambiental próximo a área A.",,,,,,,,,"P.S.P Sampaio","2014-06-01",,"Piper setebarraense E.F.Guim. & L.H.P.Costa","Magnoliopsida","Piperales","Piperaceae","Piper","species","E.F.Guim. & L.H.P.Costa","ACCEPTED",,,"Piper setebarraense E.F.Guim. & L.H.P.Costa",,,,"Piper setebarraense","Piper setebarraense",,"WGS84",,,,,"GBIF","HUSC",,"Sampaio, P.S.P.","868","2013","Sampaio, P.S.P.","2014",,"Sampaio",,"brazil","sao paulo","guaruja","serra do guararu",,"locality","brazil_sao paulo_guaruja_serra guararu","brazil_sao paulo_guaruja_guararu",-23.889851,-46.158741,"locality",268455,"Piper setebarraense","E.F.Guim. & L.H.P.Costa","name_w_authors","Piperaceae","Piper setebarraense","E.F.Guim. & L.H.P.Costa","species","name accepted","bfo-12849",,,"Piper setebarraense E.F.Guim. & L.H.P.Costa","Piper","Piperaceae","brazil_sao paulo_guaruja","Brazil","São Paulo","Guarujá",,"ibge",TRUE,-23.889851,-46.158741,"coord_gazet","seconds","low","Piper setebarraense","ok_same_resolution","ok_locality_gazet",,FALSE,"ok_dist","full_name_match","HUSC_8058",,"0","0",,,,"coord_gazet","Medium","ÁREA DE PROTEÇÃO AMBIENTAL MUNICIPAL DA SERRA DO GUARARU"
,,"https://specieslink.net/col/437",,"UNISANTA","HUSC",,"PRESERVED_SPECIMEN","8083","846","P. Sampaio; L. F. S. Bezerra",,"2013-09-12","2013","9","12",,,,"Brasil","BR","São Paulo",,"Guarujá","Serra do Guararu, condomínio Iporanga, trilha praia das conchas - São Pedro.",,,,,,,,,"P. Sampaio","2014-03-01",,"Mikania laevigata Sch.Bip. ex Baker","Magnoliopsida","Asterales","Asteraceae","Mikania","species","Sch.Bip. ex Baker","ACCEPTED",,,"Mikania laevigata Sch.Bip. ex Baker",,,,"Mikania laevigata","Mikania laevigata",,"WGS84",,,,,"GBIF","HUSC",,"Sampaio, P.","846","2013","Sampaio, P.","2014","Bezerra, L.F.S.","Sampaio",,"brazil","sao paulo","guaruja","serra do guararu",,"locality","brazil_sao paulo_guaruja_serra guararu","brazil_sao paulo_guaruja_guararu",-23.889851,-46.158741,"locality",268466,"Mikania laevigata","Sch.Bip. ex Baker","name_w_authors","Asteraceae","Mikania laevigata","Sch.Bip. ex Baker","species","name accepted","bfo-5388",,,"Mikania laevigata Sch.Bip. ex Baker","Mikania","Asteraceae","brazil_sao paulo_guaruja","Brazil","São Paulo","Guarujá",,"ibge",TRUE,-23.889851,-46.158741,"coord_gazet","seconds","low","Mikania laevigata","ok_same_resolution","ok_locality_gazet",,FALSE,"ok_dist","full_name_match","HUSC_8083",,"0","0",,,,"coord_gazet","Medium","ÁREA DE PROTEÇÃO AMBIENTAL MUNICIPAL DA SERRA DO GUARARU"
,,"https://specieslink.net/col/437",,"UNISANTA","HUSC",,"PRESERVED_SPECIMEN","8090","896","P.S.P Sampaio",,"2013-11-21","2013","11","21",,,,"Brasil","BR","São Paulo",,"Guarujá","Serra do Guararu, condomínio Iporanga.",,,,,,,,,"P.S.P Sampaio","2014-02-01",,"Matayba guianensis Aubl.","Magnoliopsida","Sapindales","Sapindaceae","Matayba","species","Aubl.","ACCEPTED",,,"Matayba guianensis Aubl.",,,,"Matayba guianensis","Matayba guianensis",,"WGS84",,,,,"GBIF","HUSC",,"Sampaio, P.S.P.","896","2013","Sampaio, P.S.P.","2014",,"Sampaio",,"brazil","sao paulo","guaruja","serra do guararu",,"locality","brazil_sao paulo_guaruja_serra guararu","brazil_sao paulo_guaruja_guararu",-23.889851,-46.158741,"locality",268459,"Matayba guianensis","Aubl.","name_w_authors","Sapindaceae","Matayba guianensis","Aubl.","species","name accepted","bfo-20909",,,"Matayba guianensis Aubl.","Matayba","Sapindaceae","brazil_sao paulo_guaruja","Brazil","São Paulo","Guarujá",,"ibge",TRUE,-23.889851,-46.158741,"coord_gazet","seconds","low","Matayba guianensis","ok_same_resolution","ok_locality_gazet",,FALSE,"ok_dist","full_name_match","HUSC_8090",,"0","0",,,,"coord_gazet","Medium","ÁREA DE PROTEÇÃO AMBIENTAL MUNICIPAL DA SERRA DO GUARARU"
,,"https://specieslink.net/col/437",,"UNISANTA","HUSC",,"PRESERVED_SPECIMEN","8057","867","Sampaio, P.S.P.",,"2013-10-24","2013","10","24",,,,"Brasil","BR","São Paulo",,"Guarujá","Serra do Guararu, condomínio Iporanga; trilha de educação ambiental próximo a área A.",,,,,,,,,"Sampaio, P.S.P.","2014-02-01",,"Herpetacanthus rubiginosus Nees","Magnoliopsida","Lamiales","Acanthaceae","Herpetacanthus","species","Nees","ACCEPTED",,,"Herpetacanthus rubiginosus Nees",,,,"Herpetacanthus rubiginosus","Herpetacanthus rubiginosus",,"WGS84","https://images.cria.org.br/viewer/HUSC008057_01",,,,"GBIF","HUSC",,"Sampaio, P.S.P.","867","2013","Sampaio, P.S.P.","2014",,"Sampaio",,"brazil","sao paulo","guaruja","serra do guararu",,"locality","brazil_sao paulo_guaruja_serra guararu","brazil_sao paulo_guaruja_guararu",-23.889851,-46.158741,"locality",185210,"Herpetacanthus rubiginosus","Nees","name_w_authors","Acanthaceae","Herpetacanthus rubiginosus","Nees","species","name accepted","bfo-4134",,,"Herpetacanthus rubiginosus Nees","Herpetacanthus","Acanthaceae","brazil_sao paulo_guaruja","Brazil","São Paulo","Guarujá",,"ibge",TRUE,-23.889851,-46.158741,"coord_gazet","seconds","low","Herpetacanthus rubiginosus","ok_same_resolution","ok_locality_gazet",,FALSE,"ok_dist","full_name_match","HUSC_8057",,"0","0",,,,"coord_gazet","Medium","ÁREA DE PROTEÇÃO AMBIENTAL MUNICIPAL DA SERRA DO GUARARU"
,,"https://specieslink.net/col/437",,"UNISANTA","HUSC",,"PRESERVED_SPECIMEN","8062","873","P. Sampaio",,"2013-10-24","2013","10","24",,,,"Brasil","BR","São Paulo",,"Guarujá","Serra do Guararu, condomínio Iporanga, trilha de educação ambiental próximo a área A.",,,,,,,,,"P. Sampaio","2014-02-01",,"Begonia bidentata Raddi","Magnoliopsida","Cucurbitales","Begoniaceae","Begonia","species","Raddi","ACCEPTED",,,"Begonia bidentata Raddi",,,,"Begonia bidentata","Begonia bidentata",,"WGS84",,,,,"GBIF","HUSC",,"Sampaio, P.","873","2013","Sampaio, P.","2014",,"Sampaio",,"brazil","sao paulo","guaruja","serra do guararu",,"locality","brazil_sao paulo_guaruja_serra guararu","brazil_sao paulo_guaruja_guararu",-23.889851,-46.158741,"locality",268471,"Begonia bidentata","Raddi","name_w_authors","Begoniaceae","Begonia bidentata","Raddi","species","name accepted","bfo-5578",,,"Begonia bidentata Raddi","Begonia","Begoniaceae","brazil_sao paulo_guaruja","Brazil","São Paulo","Guarujá",,"ibge",TRUE,-23.889851,-46.158741,"coord_gazet","seconds","low","Begonia bidentata","ok_same_resolution","ok_locality_gazet",,FALSE,"ok_dist","full_name_match","HUSC_8062",,"0","0",,,,"coord_gazet","Medium","ÁREA DE PROTEÇÃO AMBIENTAL MUNICIPAL DA SERRA DO GUARARU"
,,"https://specieslink.net/col/437",,"UNISANTA","HUSC",,"PRESERVED_SPECIMEN","8082","847","P.S.P Sampaio; L. F. S. Bezerra",,"2013-09-12","2013","9","12",,,,"Brasil","BR","São Paulo",,"Guarujá","Serra do Guararu, condomínio Iporanga, trilha praia das conchas - São Pedro.",,,,,,,,,"P.S.P Sampaio","2013-09-01",,"Thoracocarpus bissectus (Vell.) Harling","Liliopsida","Pandanales","Cyclanthaceae","Thoracocarpus","species","(Vell.) Harling","ACCEPTED",,,"Thoracocarpus bissectus (Vell.) Harling",,,,"Thoracocarpus bissectus","Thoracocarpus bissectus",,"WGS84",,,,,"GBIF","HUSC",,"Sampaio, P.S.P.","847","2013","Sampaio, P.S.P.","2013","Bezerra, L.F.S.","Sampaio",,"brazil","sao paulo","guaruja","serra do guararu",,"locality","brazil_sao paulo_guaruja_serra guararu","brazil_sao paulo_guaruja_guararu",-23.889851,-46.158741,"locality",268474,"Thoracocarpus bissectus","(Vell.) Harling","name_w_authors","Cyclanthaceae","Thoracocarpus bissectus","(Vell.) Harling","species","name accepted","bfo-7143",,,"Thoracocarpus bissectus (Vell.) Harling","Thoracocarpus","Cyclanthaceae","brazil_sao paulo_guaruja","Brazil","São Paulo","Guarujá",,"ibge",TRUE,-23.889851,-46.158741,"coord_gazet","seconds","low","Thoracocarpus bissectus","ok_same_resolution","ok_locality_gazet",,FALSE,"ok_dist","full_name_match","HUSC_8082",,"0","0",,,,"coord_gazet","Medium","ÁREA DE PROTEÇÃO AMBIENTAL MUNICIPAL DA SERRA DO GUARARU"
,,"https://specieslink.net/col/437",,"UNISANTA","HUSC",,"PRESERVED_SPECIMEN","11741","212","D. Costa; A. Cavallieri, R Guandali",,"2013-02-25","2013","2","25",,,,"Brasil","BR","São Paulo",,"Guarujá","Serra do Guararu, condomínio Iporanga, área C, Parcela 21, Plaqueta 1158.",,,,,,,,,"D. Costa","2013-02-01",,"Psychotria nuda (Cham. & Schltdl.) Wawra","Magnoliopsida","Gentianales","Rubiaceae","Psychotria","species","(Cham. & Schltdl.) Wawra","ACCEPTED",,,"Psychotria nuda (Cham. & Schltdl.) Wawra",,,,"Psychotria nuda","Psychotria nuda",,"WGS84",,,,,"GBIF","HUSC",,"Costa, D.","212","2013","Costa, D.","2013","Cavallieri, R.G.A.","Costa",,"brazil","sao paulo","guaruja","serra do guararu",,"locality","brazil_sao paulo_guaruja_serra guararu","brazil_sao paulo_guaruja_guararu",-23.889851,-46.158741,"locality",268620,"Psychotria nuda","(Cham. & Schltdl.) Wawra","name_w_authors","Rubiaceae","Psychotria nuda","(Cham. & Schltdl.) Wawra","species","name accepted","bfo-14201",,,"Psychotria nuda (Cham. & Schltdl.) Wawra","Psychotria","Rubiaceae","brazil_sao paulo_guaruja","Brazil","São Paulo","Guarujá",,"ibge",TRUE,-23.889851,-46.158741,"coord_gazet","seconds","low","Psychotria nuda","ok_same_resolution","ok_locality_gazet",,FALSE,"ok_dist","full_name_match","HUSC_11741",,"0","0",,,,"coord_gazet","Medium","ÁREA DE PROTEÇÃO AMBIENTAL MUNICIPAL DA SERRA DO GUARARU"
,,"https://specieslink.net/col/437",,"UNISANTA","HUSC",,"PRESERVED_SPECIMEN","8076","850","P.S.P Sampaio; L. F. S. Bezerra",,"2013-09-12","2013","9","12",,,,"Brasil","BR","São Paulo",,"Guarujá","Serra do Guararu, condomínio Iporanga, trilha das conchas - São Pedro.",,,,,,,,,"P.S.P Sampaio","2013-09-01",,"Tibouchina pulchra (Cham.) Cogn.","Magnoliopsida","Myrtales","Melastomataceae","Pleroma","species","Cogn.","SYNONYM",,,"Pleroma raddianum (DC.) Gardner",,,,"Tibouchina pulchra","Pleroma raddianum",,"WGS84",,,,,"GBIF","HUSC",,"Sampaio, P.S.P.","850","2013","Sampaio, P.S.P.","2013","Bezerra, L.F.S.","Sampaio",,"brazil","sao paulo","guaruja","serra do guararu",,"locality","brazil_sao paulo_guaruja_serra guararu","brazil_sao paulo_guaruja_guararu",-23.889851,-46.158741,"locality",268433,"Pleroma raddianum","(DC.) Gardner","name_w_authors","Melastomataceae","Pleroma raddianum","(DC.) Gardner","species","author misspelled|replaced synonym","bfo-603046","Pleroma raddianum","(DC.) Gardner","Pleroma raddianum (DC.) Gardner","Pleroma","Melastomataceae","brazil_sao paulo_guaruja","Brazil","São Paulo","Guarujá",,"ibge",TRUE,-23.889851,-46.158741,"coord_gazet","seconds","low","Pleroma raddianum","ok_same_resolution","ok_locality_gazet",,FALSE,"ok_dist","full_name_match","HUSC_8076",,"0","0",,,,"coord_gazet","Medium","ÁREA DE PROTEÇÃO AMBIENTAL MUNICIPAL DA SERRA DO GUARARU"
,,"https://specieslink.net/col/437",,"UNISANTA","HUSC",,"PRESERVED_SPECIMEN","8081","849","P. Sampaio; L. F. S. Bezerra",,"2013-09-12","2013","9","12",,,,"Brasil","BR","São Paulo",,"Guarujá","Serra do Guararu, condomínio Iporanga, trilha praia das conchas - São Pedro.",,,,,,,,,"P. Sampaio","2013-09-01",,"Piptocarpha leprosa (Less.) Baker","Magnoliopsida","Asterales","Asteraceae","Piptocarpha","species","(Less.) Baker","ACCEPTED",,,"Piptocarpha leprosa (Less.) Baker",,,,"Piptocarpha leprosa","Piptocarpha leprosa",,"WGS84",,,,,"GBIF","HUSC",,"Sampaio, P.","849","2013","Sampaio, P.","2013","Bezerra, L.F.S.","Sampaio",,"brazil","sao paulo","guaruja","serra do guararu",,"locality","brazil_sao paulo_guaruja_serra guararu","brazil_sao paulo_guaruja_guararu",-23.889851,-46.158741,"locality",268461,"Piptocarpha leprosa","(Less.) Baker","name_w_authors","Asteraceae","Piptocarpha leprosa","(Less.) Baker","species","name accepted","bfo-5477",,,"Piptocarpha leprosa (Less.) Baker","Piptocarpha","Asteraceae","brazil_sao paulo_guaruja","Brazil","São Paulo","Guarujá",,"ibge",TRUE,-23.889851,-46.158741,"coord_gazet","seconds","low","Piptocarpha leprosa","ok_same_resolution","ok_locality_gazet",,FALSE,"ok_dist","full_name_match","HUSC_8081",,"0","0",,,,"coord_gazet","Medium","ÁREA DE PROTEÇÃO AMBIENTAL MUNICIPAL DA SERRA DO GUARARU"
,,"https://specieslink.net/col/437",,"UNISANTA","HUSC",,"PRESERVED_SPECIMEN","8070","857","P.S.P Sampaio; L. F. S. Bezerra",,"2013-09-12","2013","9","12",,,,"Brasil","BR","São Paulo",,"Guarujá","Serra do Guararu, condomínio Iporanga, trilha praia das conchas - São Pedro.",,,,,,,,,"P.S.P Sampaio","2013-09-01",,"Ipomoea cairica (L.) Sweet","Magnoliopsida","Solanales","Convolvulaceae","Ipomoea","species","(L.) Sweet","ACCEPTED",,,"Ipomoea cairica (L.) Sweet",,,,"Ipomoea cairica","Ipomoea cairica",,"WGS84",,,,,"GBIF","HUSC",,"Sampaio, P.S.P.","857","2013","Sampaio, P.S.P.","2013","Bezerra, L.F.S.","Sampaio",,"brazil","sao paulo","guaruja","serra do guararu",,"locality","brazil_sao paulo_guaruja_serra guararu","brazil_sao paulo_guaruja_guararu",-23.889851,-46.158741,"locality",268452,"Ipomoea cairica","(L.) Sweet","name_w_authors","Convolvulaceae","Ipomoea cairica","(L.) Sweet","species","name accepted","bfo-7030",,,"Ipomoea cairica (L.) Sweet","Ipomoea","Convolvulaceae","brazil_sao paulo_guaruja","Brazil","São Paulo","Guarujá",,"ibge",TRUE,-23.889851,-46.158741,"coord_gazet","seconds","low","Ipomoea cairica","ok_same_resolution","ok_locality_gazet",,FALSE,"ok_dist","full_name_match","HUSC_8070",,"0","0",,,,"coord_gazet","Medium","ÁREA DE PROTEÇÃO AMBIENTAL MUNICIPAL DA SERRA DO GUARARU"
,,"https://specieslink.net/col/437",,"UNISANTA","HUSC",,"PRESERVED_SPECIMEN","8068","860","Sampaio, P.S.P.; Bezerra, L.F.S.",,"2013-09-12","2013","9","12",,,,"Brasil","BR","São Paulo",,"Guarujá","Serra do Guararu, condomínio Iporanga,trilha praia das conchas-são pedro.",,,,,,,,,"Sampaio, P.S.P.","2013-09-01",,"Hydrocotyle bonariensis Comm. ex Lam.","Magnoliopsida","Apiales","Araliaceae","Hydrocotyle","species","Lam.","ACCEPTED",,,"Hydrocotyle bonariensis Comm. ex Lam.",,,,"Hydrocotyle bonariensis","Hydrocotyle bonariensis",,"WGS84",,,,,"GBIF","HUSC",,"Sampaio, P.S.P.","860","2013","Sampaio, P.S.P.","2013","Bezerra, L.F.S.","Sampaio",,"brazil","sao paulo","guaruja","serra do guararu",,"locality","brazil_sao paulo_guaruja_serra guararu","brazil_sao paulo_guaruja_guararu",-23.889851,-46.158741,"locality",185214,"Hydrocotyle bonariensis","Lam.","name_w_authors","Araliaceae","Hydrocotyle bonariensis","Lam.","species","author misspelled","bfo-5115",,,"Hydrocotyle bonariensis Lam.","Hydrocotyle","Araliaceae","brazil_sao paulo_guaruja","Brazil","São Paulo","Guarujá",,"ibge",TRUE,-23.889851,-46.158741,"coord_gazet","seconds","low","Hydrocotyle bonariensis","ok_same_resolution","ok_locality_gazet",,FALSE,"ok_dist","full_name_match","HUSC_8068",,"0","0",,,,"coord_gazet","Medium","ÁREA DE PROTEÇÃO AMBIENTAL MUNICIPAL DA SERRA DO GUARARU"
,,"https://specieslink.net/col/437",,"UNISANTA","HUSC",,"PRESERVED_SPECIMEN","8072","859","P.S.P Sampaio; L.F.S. Bezerra",,"2013-09-12","2013","9","12",,,,"Brasil","BR","São Paulo",,"Guarujá","Serra do Guararu, condomínio Iporanga, trilha praia das conchas - São Pedro.",,,,,,,,,"P.S.P Sampaio","2013-09-01",,"Diodella radula (Willd. ex Roem. & Schult.) Bacigalupo & E.L.Cabral, 2005","Magnoliopsida","Gentianales","Rubiaceae","Hexasepalum","species","(Willd. ex Roem. & Schult.) Bacigalupo & Cabral","SYNONYM",,,"Hexasepalum radulum (Willd.) Delprete & J.H.Kirkbr.",,,,"Diodella radula","Hexasepalum radulum",,"WGS84",,,,,"GBIF","HUSC",,"Sampaio, P.S.P.","859","2013","Sampaio, P.S.P.","2013","Bezerra, L.F.S.","Sampaio",,"brazil","sao paulo","guaruja","serra do guararu",,"locality","brazil_sao paulo_guaruja_serra guararu","brazil_sao paulo_guaruja_guararu",-23.889851,-46.158741,"locality",268451,"Hexasepalum radula","(Willd.) Delprete & J.H.Kirkbr.","name_w_authors","Rubiaceae","Hexasepalum radula","(Willd.) Delprete & J.H.Kirkbr.","species","author misspelled|replaced synonym","bfo-603112","Hexasepalum radula","(Willd.) Delprete & J.H.Kirkbr.","Hexasepalum radula (Willd.) Delprete & J.H.Kirkbr.","Hexasepalum","Rubiaceae","brazil_sao paulo_guaruja","Brazil","São Paulo","Guarujá",,"ibge",TRUE,-23.889851,-46.158741,"coord_gazet","seconds","low","Hexasepalum radula","ok_same_resolution","ok_locality_gazet",,FALSE,"ok_dist","full_name_match","HUSC_8072",,"0","0",,,,"coord_gazet","Medium","ÁREA DE PROTEÇÃO AMBIENTAL MUNICIPAL DA SERRA DO GUARARU"
,,"https://specieslink.net/col/437",,"UNISANTA","HUSC",,"PRESERVED_SPECIMEN","8055","839","P. Sampaio; et al.",,"2013-08-22","2013","8","22",,,,"Brasil","BR","São Paulo",,"Guarujá","Serra do Guararu, condomínio Iporanga, trilha Iporanga.",,,,,,,,,"P. Sampaio","2013-08-01",,"Heliconia farinosa Raddi","Liliopsida","Zingiberales","Heliconiaceae","Heliconia","species","Raddi","ACCEPTED",,,"Heliconia farinosa Raddi",,,,"Heliconia farinosa","Heliconia farinosa",,"WGS84",,,,,"GBIF","HUSC",,"Sampaio, P.","839","2013","Sampaio, P.","2013",,"Sampaio",,"brazil","sao paulo","guaruja","serra do guararu",,"locality","brazil_sao paulo_guaruja_serra guararu","brazil_sao paulo_guaruja_guararu",-23.889851,-46.158741,"locality",268446,"Heliconia farinosa","Raddi","name_w_authors","Heliconiaceae","Heliconia farinosa","Raddi","species","name accepted","bfo-7958",,,"Heliconia farinosa Raddi","Heliconia","Heliconiaceae","brazil_sao paulo_guaruja","Brazil","São Paulo","Guarujá",,"ibge",TRUE,-23.889851,-46.158741,"coord_gazet","seconds","low","Heliconia farinosa","ok_same_resolution","ok_locality_gazet",,FALSE,"ok_dist","full_name_match","HUSC_8055",,"0","0",,,,"coord_gazet","Medium","ÁREA DE PROTEÇÃO AMBIENTAL MUNICIPAL DA SERRA DO GUARARU"
,,"https://specieslink.net/col/437",,"UNISANTA","HUSC",,"PRESERVED_SPECIMEN","10919","210","Almeida-Costa, D.G.; Cavallieri, A.; Guandalini, R.",,"2013-02-25","2013","2","25",,,,"Brasil","BR","São Paulo",,"Guarujá","Serra do Guararu, condomínio Iporanga, prox. a área C.",,,,,,,,,"Almeida-Costa, D.G.","2013-10-01",,"Guatteria australis A.St.-Hil.","Magnoliopsida","Magnoliales","Annonaceae","Guatteria","species","A.St.-Hil.","ACCEPTED",,,"Guatteria australis A.St.-Hil.",,,,"Guatteria australis","Guatteria australis",,"WGS84",,,,,"GBIF","HUSC",,"Almeida-Costa, D.G.","210","2013","Almeida-Costa, D.G.","2013","Cavallieri, A.; Guandalini, R.","Almeida-Costa",,"brazil","sao paulo","guaruja","serra do guararu",,"locality","brazil_sao paulo_guaruja_serra guararu","brazil_sao paulo_guaruja_guararu",-23.889851,-46.158741,"locality",185229,"Guatteria australis","A.St.-Hil.","name_w_authors","Annonaceae","Guatteria australis","A.St.-Hil.","species","name accepted","bfo-110377",,,"Guatteria australis A.St.-Hil.","Guatteria","Annonaceae","brazil_sao paulo_guaruja","Brazil","São Paulo","Guarujá",,"ibge",TRUE,-23.889851,-46.158741,"coord_gazet","seconds","low","Guatteria australis","ok_same_resolution","ok_locality_gazet",,FALSE,"ok_dist","full_name_match","HUSC_10919",,"0","0",,,,"coord_gazet","Medium","ÁREA DE PROTEÇÃO AMBIENTAL MUNICIPAL DA SERRA DO GUARARU"
,,"https://specieslink.net/col/437",,"UNISANTA","HUSC",,"PRESERVED_SPECIMEN","8052","840","Sampaio, P.S.P.; Hideki, H.; Justo, R.",,"2013-08-22","2013","8","22",,,,"Brasil","BR","São Paulo",,"Guarujá","Serra do Guararu, condomínio Iporanga, área B.",,,,,,,,,"Sampaio, P.S.P.","2013-08-01",,"Geonoma pauciflora Mart.","Liliopsida","Arecales","Arecaceae","Geonoma","species","Mart.","ACCEPTED",,,"Geonoma pauciflora Mart.",,,,"Geonoma pauciflora","Geonoma pauciflora",,"WGS84",,,,,"GBIF","HUSC",,"Sampaio, P.S.P.","840","2013","Sampaio, P.S.P.","2013","Hideki, H.; Justo, R.","Sampaio",,"brazil","sao paulo","guaruja","serra do guararu",,"locality","brazil_sao paulo_guaruja_serra guararu","brazil_sao paulo_guaruja_guararu",-23.889851,-46.158741,"locality",185211,"Geonoma pauciflora","Mart.","name_w_authors","Arecaceae","Geonoma pauciflora","Mart.","species","name accepted","bfo-15719",,,"Geonoma pauciflora Mart.","Geonoma","Arecaceae","brazil_sao paulo_guaruja","Brazil","São Paulo","Guarujá",,"ibge",TRUE,-23.889851,-46.158741,"coord_gazet","seconds","low","Geonoma pauciflora","ok_same_resolution","ok_locality_gazet",,FALSE,"bad_dist","full_name_match","HUSC_8052",,"0","0",,,,"coord_gazet","Medium","ÁREA DE PROTEÇÃO AMBIENTAL MUNICIPAL DA SERRA DO GUARARU"
,,"https://specieslink.net/col/437",,"UNISANTA","HUSC",,"PRESERVED_SPECIMEN","8053","843","Sampaio, P.S.P.; Hideki, H.; Justo, R.",,"2013-08-22","2013","8","22",,,,"Brasil","BR","São Paulo",,"Guarujá","Serra do Guararu, condomínio Iporanga, trilha Iporanga.",,,,,,,,,"Sampaio, P.S.P.","2013-08-01",,"Dendropanax exilis (Toledo) S.L.Jung","Magnoliopsida","Apiales","Araliaceae","Dendropanax","species","(Toledo) S.L. Jung.","ACCEPTED",,,"Dendropanax exilis (Toledo) S.L.Jung",,,,"Dendropanax exilis","Dendropanax exilis",,"WGS84",,,,,"GBIF","HUSC",,"Sampaio, P.S.P.","843","2013","Sampaio, P.S.P.","2013","Hideki, H.; Justo, R.","Sampaio",,"brazil","sao paulo","guaruja","serra do guararu",,"locality","brazil_sao paulo_guaruja_serra guararu","brazil_sao paulo_guaruja_guararu",-23.889851,-46.158741,"locality",185217,"Dendropanax exilis","(Toledo) S.L.Jung","name_w_authors","Araliaceae","Dendropanax exilis","(Toledo) S.L.Jung","species","name accepted","bfo-5107",,,"Dendropanax exilis (Toledo) S.L.Jung","Dendropanax","Araliaceae","brazil_sao paulo_guaruja","Brazil","São Paulo","Guarujá",,"ibge",TRUE,-23.889851,-46.158741,"coord_gazet","seconds","low","Dendropanax exilis","ok_same_resolution","ok_locality_gazet",,FALSE,"ok_dist","full_name_match","HUSC_8053",,"0","0",,,,"coord_gazet","Medium","ÁREA DE PROTEÇÃO AMBIENTAL MUNICIPAL DA SERRA DO GUARARU"
,,"https://specieslink.net/col/437",,"UNISANTA","HUSC",,"PRESERVED_SPECIMEN","8077","856","P. Sampaio; L. F. S. Bezerra",,"2013-09-12","2013","9","12",,,,"Brasil","BR","São Paulo",,"Guarujá","Serra do Guararu, condomínio Iporanga, trilha praia das conchas - São Pedro.",,,,,,,,,"P. Sampaio","2013-09-01",,"Dalbergia ecastaphyllum (L.) Taub.","Magnoliopsida","Fabales","Fabaceae","Dalbergia","species","(L.) Taub.","ACCEPTED",,,"Dalbergia ecastaphyllum (L.) Taub.",,,,"Dalbergia ecastaphyllum","Dalbergia ecastaphyllum",,"WGS84",,,,,"GBIF","HUSC",,"Sampaio, P.","856","2013","Sampaio, P.","2013","Bezerra, L.F.S.","Sampaio",,"brazil","sao paulo","guaruja","serra do guararu",,"locality","brazil_sao paulo_guaruja_serra guararu","brazil_sao paulo_guaruja_guararu",-23.889851,-46.158741,"locality",268468,"Dalbergia ecastaphyllum","(L.) Taub.","name_w_authors","Fabaceae","Dalbergia ecastaphyllum","(L.) Taub.","species","name accepted","bfo-83014",,,"Dalbergia ecastaphyllum (L.) Taub.","Dalbergia","Fabaceae","brazil_sao paulo_guaruja","Brazil","São Paulo","Guarujá",,"ibge",TRUE,-23.889851,-46.158741,"coord_gazet","seconds","low","Dalbergia ecastaphyllum","ok_same_resolution","ok_locality_gazet",,FALSE,"ok_dist","full_name_match","HUSC_8077",,"0","0",,,,"coord_gazet","Medium","ÁREA DE PROTEÇÃO AMBIENTAL MUNICIPAL DA SERRA DO GUARARU"
,,"https://specieslink.net/col/437",,"UNISANTA","HUSC",,"PRESERVED_SPECIMEN","8075","855","P.S.P Sampaio; L. F. S. Bezerra",,"2013-09-12","2013","9","12",,,,"Brasil","BR","São Paulo",,"Guarujá","Serra do Guararu, condomínio Iporanga, trilha praia das conchas - São Pedro",,,,,,,,,"P.S.P Sampaio","2013-09-01",,"Cyperus pedunculatus (R.Br.) J.Kern","Liliopsida","Poales","Cyperaceae","Cyperus","species","(R.Br.) J.Kern","ACCEPTED",,,"Cyperus pedunculatus (R.Br.) J.Kern",,,,"Cyperus pedunculatus","Cyperus pedunculatus",,"WGS84",,,,,"GBIF","HUSC",,"Sampaio, P.S.P.","855","2013","Sampaio, P.S.P.","2013","Bezerra, L.F.S.","Sampaio",,"brazil","sao paulo","guaruja","serra do guararu",,"locality","brazil_sao paulo_guaruja_serra guararu","brazil_sao paulo_guaruja_guararu",-23.889851,-46.158741,"locality",268450,"Cyperus pedunculatus","(R.Br.) J.Kern","name_w_authors","Cyperaceae","Cyperus pedunculatus","(R.Br.) J.Kern","species","name accepted","bfo-604970",,,"Cyperus pedunculatus (R.Br.) J.Kern","Cyperus","Cyperaceae","brazil_sao paulo_guaruja","Brazil","São Paulo","Guarujá",,"ibge",TRUE,-23.889851,-46.158741,"coord_gazet","seconds","low","Cyperus pedunculatus","ok_same_resolution","ok_locality_gazet",,FALSE,"ok_dist","full_name_match","HUSC_8075",,"0","0",,,,"coord_gazet","Medium","ÁREA DE PROTEÇÃO AMBIENTAL MUNICIPAL DA SERRA DO GUARARU"
,,"https://specieslink.net/col/437",,"UNISANTA","HUSC",,"PRESERVED_SPECIMEN","8074","853","P.S.P Sampaio; L.F.S. Bezerra",,"2013-09-12","2013","9","12",,,,"Brasil","BR","São Paulo",,"Guarujá","Serra do Guararu, condomínio Iporanga, trilha praia das conchas - São Pedro.",,,,,,,,,"P.S.P Sampaio","2013-09-01",,"Coccocypselum cordifolium Nees & Mart.","Magnoliopsida","Gentianales","Rubiaceae","Coccocypselum","species","Nees & Mart.","ACCEPTED",,,"Coccocypselum cordifolium Nees & Mart.",,,,"Coccocypselum cordifolium","Coccocypselum cordifolium",,"WGS84",,,,,"GBIF","HUSC",,"Sampaio, P.S.P.","853","2013","Sampaio, P.S.P.","2013","Bezerra, L.F.S.","Sampaio",,"brazil","sao paulo","guaruja","serra do guararu",,"locality","brazil_sao paulo_guaruja_serra guararu","brazil_sao paulo_guaruja_guararu",-23.889851,-46.158741,"locality",268445,"Coccocypselum cordifolium","Nees & Mart.","name_w_authors","Rubiaceae","Coccocypselum cordifolium","Nees & Mart.","species","name accepted","bfo-13881",,,"Coccocypselum cordifolium Nees & Mart.","Coccocypselum","Rubiaceae","brazil_sao paulo_guaruja","Brazil","São Paulo","Guarujá",,"ibge",TRUE,-23.889851,-46.158741,"coord_gazet","seconds","low","Coccocypselum cordifolium","ok_same_resolution","ok_locality_gazet",,FALSE,"ok_dist","full_name_match","HUSC_8074",,"0","0",,,,"coord_gazet","Medium","ÁREA DE PROTEÇÃO AMBIENTAL MUNICIPAL DA SERRA DO GUARARU"
,,"https://specieslink.net/col/437",,"UNISANTA","HUSC",,"PRESERVED_SPECIMEN","8054","844","P.S.P Sampaio; H. Hideki, R Justo",,"2013-08-22","2013","8","22",,,,"Brasil","BR","São Paulo",,"Guarujá","Serra do Guararu, condomínio Iporanga, trilha Iporanga.",,,,,,,,,"P.S.P Sampaio","2013-08-01",,"Bertolonia mosenii Cogn.","Magnoliopsida","Myrtales","Melastomataceae","Bertolonia","species","Cogn.","ACCEPTED",,,"Bertolonia mosenii Cogn.",,,,"Bertolonia mosenii","Bertolonia mosenii",,"WGS84",,,,,"GBIF","HUSC",,"Sampaio, P.S.P.","844","2013","Sampaio, P.S.P.","2013","Hideki, R.J.H.","Sampaio",,"brazil","sao paulo","guaruja","serra do guararu",,"locality","brazil_sao paulo_guaruja_serra guararu","brazil_sao paulo_guaruja_guararu",-23.889851,-46.158741,"locality",268442,"Bertolonia mosenii","Cogn.","name_w_authors","Melastomataceae","Bertolonia mosenii","Cogn.","species","name accepted","bfo-9424",,,"Bertolonia mosenii Cogn.","Bertolonia","Melastomataceae","brazil_sao paulo_guaruja","Brazil","São Paulo","Guarujá",,"ibge",TRUE,-23.889851,-46.158741,"coord_gazet","seconds","low","Bertolonia mosenii","ok_same_resolution","ok_locality_gazet",,FALSE,"ok_dist","full_name_match","HUSC_8054",,"0","0",,,,"coord_gazet","Medium","ÁREA DE PROTEÇÃO AMBIENTAL MUNICIPAL DA SERRA DO GUARARU"
,,"https://specieslink.net/col/437",,"UNISANTA","HUSC",,"PRESERVED_SPECIMEN","11787","206","D. Costa; A. Cavallieri",,"2013-02-22","2013","2","22",,,,"Brasil","BR","São Paulo",,"Guarujá","Serra do Guararu, condomínio Iporanga, área C.",,,,,,,,,"D. Costa","2013-03-01",,"Allophylus edulis (A.St.-Hil., A.Juss. & Cambess.) Radlk.","Magnoliopsida","Sapindales","Sapindaceae","Allophylus","species","(A.St.-Hil., A.Juss. & Cambess.) Radlk.","SYNONYM",,,"Allophylus edulis (A.St.-Hil., Cambess. & A.Juss.) Radlk. ex Warm.",,,,"Allophylus edulis","Allophylus edulis",,"WGS84",,,,,"GBIF","HUSC",,"Costa, D.","206","2013","Costa, D.","2013","Cavallieri, A.","Costa",,"brazil","sao paulo","guaruja","serra do guararu",,"locality","brazil_sao paulo_guaruja_serra guararu","brazil_sao paulo_guaruja_guararu",-23.889851,-46.158741,"locality",268662,"Allophylus edulis","(A.St.-Hil. et al.) Hieron. ex Niederl.","name_w_authors","Sapindaceae","Allophylus edulis","(A.St.-Hil. et al.) Hieron. ex Niederl.","species","author misspelled","bfo-20873",,,"Allophylus edulis (A.St.-Hil. et al.) Hieron. ex Niederl.","Allophylus","Sapindaceae","brazil_sao paulo_guaruja","Brazil","São Paulo","Guarujá",,"ibge",TRUE,-23.889851,-46.158741,"coord_gazet","seconds","low","Allophylus edulis","ok_same_resolution","ok_locality_gazet",,FALSE,"ok_dist","full_name_match","HUSC_11787",,"0","0",,,,"coord_gazet","Medium","ÁREA DE PROTEÇÃO AMBIENTAL MUNICIPAL DA SERRA DO GUARARU"
,,"https://specieslink.net/col/437",,"UNISANTA","HUSC",,"PRESERVED_SPECIMEN","8111","20","Santos, A.; Santos, F.; Freitas, J.; Catarino, J.",,"2012-03-21","2012","3","21",,,,"Brasil","BR","São Paulo",,"Guarujá","Serra do Guararu, condomínio Iporanga, prox. a área C.",,,,,,,,,"et al.; Santos, A.",,,"Xylopia langsdorfiana A.St.-Hil. & Tul.","Magnoliopsida","Magnoliales","Annonaceae","Xylopia","species","St.Hilaire & Tulasne","ACCEPTED",,,"Xylopia langsdorfiana A.St.-Hil. & Tul.",,,,"Xylopia langsdorfiana","Xylopia langsdorfiana",,"WGS84",,,,,"GBIF","HUSC",,"Santos, A.","20","2012","Al., E.",,"Santos, F.; Freitas, J.; Catarino, J.","Santos","Santos, A.","brazil","sao paulo","guaruja","serra do guararu",,"locality","brazil_sao paulo_guaruja_serra guararu","brazil_sao paulo_guaruja_guararu",-23.889851,-46.158741,"locality",185219,"Xylopia langsdorffiana","A.St.-Hil. & Tul.","name_w_authors","Annonaceae","Xylopia langsdorffiana","A.St.-Hil. & Tul.","species","replaced orth. variant","bfo-110573","Xylopia langsdorffiana","A.St.-Hil. & Tul.","Xylopia langsdorffiana A.St.-Hil. & Tul.","Xylopia","Annonaceae","brazil_sao paulo_guaruja","Brazil","São Paulo","Guarujá",,"ibge",TRUE,-23.889851,-46.158741,"coord_gazet","seconds","low","Xylopia langsdorffiana","ok_same_resolution","ok_locality_gazet",,FALSE,"ok_dist","canonical_name_match","HUSC_8111",,"0","0",,,,"coord_gazet","Medium","ÁREA DE PROTEÇÃO AMBIENTAL MUNICIPAL DA SERRA DO GUARARU"
,,"https://specieslink.net/col/437",,"UNISANTA","HUSC",,"PRESERVED_SPECIMEN","8121","40","A. Santos; F. Santos",,"2012-07-26","2012","7","26",,,,"Brasil","BR","São Paulo",,"Guarujá","Serra do Guararu, condomínio Iporanga, Área C, parcela 24.",,,,,,,,,"P. Sampaio; A. Santos",,,"Swartzia langsdorffii Raddi","Magnoliopsida","Fabales","Fabaceae","Swartzia","species","Raddi","ACCEPTED",,,"Swartzia langsdorffii Raddi",,,,"Swartzia langsdorffii","Swartzia langsdorffii",,"WGS84",,,,,"GBIF","HUSC",,"Santos, A.","40","2012","Sampaio, P.",,"Santos, F.","Santos","Santos, A.","brazil","sao paulo","guaruja","serra do guararu",,"locality","brazil_sao paulo_guaruja_serra guararu","brazil_sao paulo_guaruja_guararu",-23.889851,-46.158741,"locality",268482,"Swartzia langsdorffii","Raddi","name_w_authors","Fabaceae","Swartzia langsdorffii","Raddi","species","name accepted","bfo-19178",,,"Swartzia langsdorffii Raddi","Swartzia","Fabaceae","brazil_sao paulo_guaruja","Brazil","São Paulo","Guarujá",,"ibge",TRUE,-23.889851,-46.158741,"coord_gazet","seconds","low","Swartzia langsdorffii","ok_same_resolution","ok_locality_gazet",,FALSE,"ok_dist","full_name_match","HUSC_8121",,"0","0",,,,"coord_gazet","Medium","ÁREA DE PROTEÇÃO AMBIENTAL MUNICIPAL DA SERRA DO GUARARU"
,,"https://specieslink.net/col/437",,"UNISANTA","HUSC",,"PRESERVED_SPECIMEN","11686","19","A. Santos; F. Santos, J Freitas,",,"2012-03-21","2012","3","21",,,,"Brasil","BR","São Paulo",,"Guarujá","Serra do Guararu, condomínio Iporanga, área C, parcela 19.",,,,,,,,,"P.S.P Sampaio; A. Santos",,,"Pseudobombax grandiflorum (Cav.) A.Robyns","Magnoliopsida","Malvales","Malvaceae","Pseudobombax","species","(Cav.) A.Robyns","ACCEPTED",,,"Pseudobombax grandiflorum (Cav.) A.Robyns",,,,"Pseudobombax grandiflorum","Pseudobombax grandiflorum",,"WGS84",,,,,"GBIF","HUSC",,"Santos, A.","19","2012","Sampaio, P.S.P.",,"Santos, J.F.F.","Santos","Santos, A.","brazil","sao paulo","guaruja","serra do guararu",,"locality","brazil_sao paulo_guaruja_serra guararu","brazil_sao paulo_guaruja_guararu",-23.889851,-46.158741,"locality",268578,"Pseudobombax grandiflorum","(Cav.) A.Robyns","name_w_authors","Malvaceae","Pseudobombax grandiflorum","(Cav.) A.Robyns","species","name accepted","bfo-9195",,,"Pseudobombax grandiflorum (Cav.) A.Robyns","Pseudobombax","Malvaceae","brazil_sao paulo_guaruja","Brazil","São Paulo","Guarujá",,"ibge",TRUE,-23.889851,-46.158741,"coord_gazet","seconds","low","Pseudobombax grandiflorum","ok_same_resolution","ok_locality_gazet",,FALSE,"ok_dist","full_name_match","HUSC_11686",,"0","0",,,,"coord_gazet","Medium","ÁREA DE PROTEÇÃO AMBIENTAL MUNICIPAL DA SERRA DO GUARARU"
,,"https://specieslink.net/col/437",,"UNISANTA","HUSC",,"PRESERVED_SPECIMEN","11701","08","A. Carminatto",,"2012-03-08","2012","3","8",,,,"Brasil","BR","São Paulo",,"Guarujá","Serra do Guararu, condomínio Iporanga, área C, parcela 19, indivíduo 1085.",,,,,,,,,"A. Carminatto; P.S.P Sampaio",,,"Ouratea parviflora (DC.) Baill.","Magnoliopsida","Malpighiales","Ochnaceae","Ouratea","species","(A.DC.) Baill.","ACCEPTED",,,"Ouratea parviflora (DC.) Baill.",,,,"Ouratea parviflora","Ouratea parviflora",,"WGS84",,,,,"GBIF","HUSC",,"Carminatto, A.","08","2012","Carminatto, A.",,,"Carminatto","Sampaio, P.S.P.","brazil","sao paulo","guaruja","serra do guararu",,"locality","brazil_sao paulo_guaruja_serra guararu","brazil_sao paulo_guaruja_guararu",-23.889851,-46.158741,"locality",268626,"Ouratea parviflora","(A.DC.) Baill.","name_w_authors","Ochnaceae","Ouratea parviflora","(A.DC.) Baill.","species","author misspelled","bfo-31716",,,"Ouratea parviflora (A.DC.) Baill.","Ouratea","Ochnaceae","brazil_sao paulo_guaruja","Brazil","São Paulo","Guarujá",,"ibge",TRUE,-23.889851,-46.158741,"coord_gazet","seconds","low","Ouratea parviflora","ok_same_resolution","ok_locality_gazet",,FALSE,"ok_dist","full_name_match","HUSC_11701",,"cc","cc",,,,"coord_gazet","Medium","ÁREA DE PROTEÇÃO AMBIENTAL MUNICIPAL DA SERRA DO GUARARU"
,,"https://specieslink.net/col/437",,"UNISANTA","HUSC",,"PRESERVED_SPECIMEN","11677","56","A. Santos",,"2012-09-17","2012","9","17",,,,"Brasil","BR","São Paulo",,"Guarujá","Serra do Guararu, condomínio Iporanga.",,,,,,,,,"P.S.P Sampaio; A. Santos",,,"Myrcia grandiflora (O.Berg) D.Legrand, 1967","Magnoliopsida","Myrtales","Myrtaceae","Myrcia","species","(Cambess.) Mattos & D.Legrand","DOUBTFUL",,,"Myrcia grandiflora (O.Berg) D.Legrand, 1967",,,,"Myrcia grandifolia","Myrcia grandiflora",,"WGS84",,,,,"GBIF","HUSC",,"Santos, A.","56","2012","Sampaio, P.S.P.",,,"Santos","Santos, A.","brazil","sao paulo","guaruja","serra do guararu",,"locality","brazil_sao paulo_guaruja_serra guararu","brazil_sao paulo_guaruja_guararu",-23.889851,-46.158741,"locality",268584,"Myrcia pubipetala","Miq.","name_w_authors","Myrtaceae","Myrcia pubipetala","Miq.","species","author misspelled|replaced synonym","bfo-10743","Myrcia pubipetala","Miq.","Myrcia pubipetala Miq.","Myrcia","Myrtaceae","brazil_sao paulo_guaruja","Brazil","São Paulo","Guarujá",,"ibge",TRUE,-23.889851,-46.158741,"coord_gazet","seconds","low","Myrcia pubipetala","ok_same_resolution","ok_locality_gazet",,FALSE,"ok_dist","full_name_match","HUSC_11677",,"0","0",,,,"coord_gazet","Medium","ÁREA DE PROTEÇÃO AMBIENTAL MUNICIPAL DA SERRA DO GUARARU"
,,"https://specieslink.net/col/437",,"UNISANTA","HUSC",,"PRESERVED_SPECIMEN","11674","29","A. Santos; F. Santos",,"2012-05-07","2012","5","7",,,,"Brasil","BR","São Paulo",,"Guarujá","Serra do Guararu, condomínio Iporanga, área C, parcela 19.",,,,,,,,,"P.S.P Sampaio; A. Santos",,,"Gomidesia grandifolia (Cambess.) Mattos & D.Legrand","Magnoliopsida","Myrtales","Myrtaceae","Myrcia","species","(Cambess.) Mattos & D.Legrand","SYNONYM",,,"Myrcia grandifolia Cambess.",,,,"Gomidesia grandifolia","Myrcia grandifolia",,"WGS84",,,,,"GBIF","HUSC",,"Santos, A.","29","2012","Sampaio, P.S.P.",,"Santos, F.","Santos","Santos, A.","brazil","sao paulo","guaruja","serra do guararu",,"locality","brazil_sao paulo_guaruja_serra guararu","brazil_sao paulo_guaruja_guararu",-23.889851,-46.158741,"locality",268596,"Myrcia grandifolia","Cambess.","name_w_authors","Myrtaceae","Myrcia grandifolia","Cambess.","species","replaced synonym","bfo-10698","Myrcia grandifolia","Cambess.","Myrcia grandifolia Cambess.","Myrcia","Myrtaceae","brazil_sao paulo_guaruja","Brazil","São Paulo","Guarujá",,"ibge",TRUE,-23.889851,-46.158741,"coord_gazet","seconds","low","Myrcia grandifolia","ok_same_resolution","ok_locality_gazet",,FALSE,"ok_dist","full_name_match","HUSC_11674",,"0","0",,,,"coord_gazet","Medium","ÁREA DE PROTEÇÃO AMBIENTAL MUNICIPAL DA SERRA DO GUARARU"
,,"https://specieslink.net/col/437",,"UNISANTA","HUSC",,"PRESERVED_SPECIMEN","8114","27, 47 e 49","A. Santos; F. Santos",,"2012-03-29","2012","3","29",,,,"Brasil","BR","São Paulo",,"Guarujá","Serra do Guararu, condomínio Iporanga, área C parcelas 19, 22 e 24.",,,,,,,,,"P. Sampaio; A. Santos",,,"Jacaranda puberula Cham.","Magnoliopsida","Lamiales","Bignoniaceae","Jacaranda","species","Cham.","ACCEPTED",,,"Jacaranda puberula Cham.",,,,"Jacaranda puberula","Jacaranda puberula",,"WGS84",,,,,"GBIF","HUSC",,"Santos, A.","27,47-e-49","2012","Sampaio, P.",,"Santos, F.","Santos","Santos, A.","brazil","sao paulo","guaruja","serra do guararu",,"locality","brazil_sao paulo_guaruja_serra guararu","brazil_sao paulo_guaruja_guararu",-23.889851,-46.158741,"locality",268494,"Jacaranda puberula","Cham.","name_w_authors","Bignoniaceae","Jacaranda puberula","Cham.","species","name accepted","bfo-114174",,,"Jacaranda puberula Cham.","Jacaranda","Bignoniaceae","brazil_sao paulo_guaruja","Brazil","São Paulo","Guarujá",,"ibge",TRUE,-23.889851,-46.158741,"coord_gazet","seconds","low","Jacaranda puberula","ok_same_resolution","ok_locality_gazet",,FALSE,"ok_dist","full_name_match","HUSC_8114",,"0","0",,,,"coord_gazet","Medium","ÁREA DE PROTEÇÃO AMBIENTAL MUNICIPAL DA SERRA DO GUARARU"
,,"https://specieslink.net/col/437",,"UNISANTA","HUSC",,"PRESERVED_SPECIMEN","8120","26","A. Santos; F. Santos",,"2012-03-21","2012","3","21",,,,"Brasil","BR","São Paulo",,"Guarujá","Serra do Guararu, condomínio Iporanga, Área C, parcela 20.",,,,,,,,,"P. Sampaio; A. Santos",,,"Inga sessilis Mart.","Magnoliopsida","Fabales","Fabaceae","Inga","species","(Vell.) Mart.","ACCEPTED",,,"Inga sessilis Mart.",,,,"Inga cf. sessilis","Inga sessilis",,"WGS84",,,,,"GBIF","HUSC",,"Santos, A.","26","2012","Sampaio, P.",,"Santos, F.","Santos","Santos, A.","brazil","sao paulo","guaruja","serra do guararu",,"locality","brazil_sao paulo_guaruja_serra guararu","brazil_sao paulo_guaruja_guararu",-23.889851,-46.158741,"locality",268490,"Inga sessilis","(Vell.) Mart.","name_w_authors","Fabaceae","Inga sessilis","(Vell.) Mart.","species","author misspelled","bfo-83263",,,"Inga sessilis (Vell.) Mart.","Inga","Fabaceae","brazil_sao paulo_guaruja","Brazil","São Paulo","Guarujá",,"ibge",TRUE,-23.889851,-46.158741,"coord_gazet","seconds","low","Inga sessilis","ok_same_resolution","ok_locality_gazet",,FALSE,"ok_dist","full_name_match","HUSC_8120",,"0","0",,,,"coord_gazet","Medium","ÁREA DE PROTEÇÃO AMBIENTAL MUNICIPAL DA SERRA DO GUARARU"
,,"https://specieslink.net/col/437",,"UNISANTA","HUSC",,"PRESERVED_SPECIMEN","11768","38","A. Santos; F. Santos",,"2012-07-19","2012","7","19",,,,"Brasil","BR","São Paulo",,"Guarujá","Serra do Guararu, condomínio Iporanga, área B.",,,,,,,,,"P.S.P Sampaio",,,"Faramea tetragona Müll.Arg.","Magnoliopsida","Gentianales","Rubiaceae","Faramea","species","Müll.Arg.","ACCEPTED",,,"Faramea tetragona Müll.Arg.",,,,"Faramea tetragona","Faramea tetragona",,"WGS84",,,,,"GBIF","HUSC",,"Santos, A.","38","2012","Sampaio, P.S.P.",,"Santos, F.","Santos",,"brazil","sao paulo","guaruja","serra do guararu",,"locality","brazil_sao paulo_guaruja_serra guararu","brazil_sao paulo_guaruja_guararu",-23.889851,-46.158741,"locality",268673,"Faramea tetragona","Müll.Arg.","name_w_authors","Rubiaceae","Faramea tetragona","Müll.Arg.","species","name accepted","bfo-13993",,,"Faramea tetragona Müll.Arg.","Faramea","Rubiaceae","brazil_sao paulo_guaruja","Brazil","São Paulo","Guarujá",,"ibge",TRUE,-23.889851,-46.158741,"coord_gazet","seconds","low","Faramea tetragona","ok_same_resolution","ok_locality_gazet",,FALSE,"ok_dist","full_name_match","HUSC_11768",,"0","0",,,,"coord_gazet","Medium","ÁREA DE PROTEÇÃO AMBIENTAL MUNICIPAL DA SERRA DO GUARARU"
,,"https://specieslink.net/col/437",,"UNISANTA","HUSC",,"PRESERVED_SPECIMEN","10956","143","Costa, D.; Martins, G.",,"2012-05-12","2012","5","12",,,,"Brasil","BR","São Paulo",,"Guarujá","Serra do Guararu, condomínio Iporanga, área B.",,,,,,,,,"Costa, D.",,,"Euterpe edulis Mart.","Liliopsida","Arecales","Arecaceae","Euterpe","species","Mart.","ACCEPTED",,,"Euterpe edulis Mart.",,,,"Euterpe edulis","Euterpe edulis",,"WGS84",,,,,"GBIF","HUSC",,"Costa, D.","143","2012","Costa, D.",,"Martins, G.","Costa",,"brazil","sao paulo","guaruja","serra do guararu",,"locality","brazil_sao paulo_guaruja_serra guararu","brazil_sao paulo_guaruja_guararu",-23.889851,-46.158741,"locality",185259,"Euterpe edulis","Mart.","name_w_authors","Arecaceae","Euterpe edulis","Mart.","species","name accepted","bfo-15712",,,"Euterpe edulis Mart.","Euterpe","Arecaceae","brazil_sao paulo_guaruja","Brazil","São Paulo","Guarujá",,"ibge",TRUE,-23.889851,-46.158741,"coord_gazet","seconds","low","Euterpe edulis","ok_same_resolution","ok_locality_gazet",,FALSE,"ok_dist","full_name_match","HUSC_10956",,"0","0",,,,"coord_gazet","Medium","ÁREA DE PROTEÇÃO AMBIENTAL MUNICIPAL DA SERRA DO GUARARU"
,,"https://specieslink.net/col/437",,"UNISANTA","HUSC",,"PRESERVED_SPECIMEN","11685","43","A. Santos; F. Santos",,"2012-07-26","2012","7","26",,,,"Brasil","BR","São Paulo",,"Guarujá","Serra do Guararu, condomínio Iporanga, área C, parcela 25.",,,,,,,,,"P.S.P Sampaio; A. Santos",,,"Eriotheca pentaphylla (Vell.) A.Robyns","Magnoliopsida","Malvales","Malvaceae","Eriotheca","species","(Vell.) A.Robyns","ACCEPTED",,,"Eriotheca pentaphylla (Vell.) A.Robyns",,,,"Eriotheca pentaphylla","Eriotheca pentaphylla",,"WGS84",,,,,"GBIF","HUSC",,"Santos, A.","43","2012","Sampaio, P.S.P.",,"Santos, F.","Santos","Santos, A.","brazil","sao paulo","guaruja","serra do guararu",,"locality","brazil_sao paulo_guaruja_serra guararu","brazil_sao paulo_guaruja_guararu",-23.889851,-46.158741,"locality",268606,"Eriotheca pentaphylla","(Vell.) A.Robyns","name_w_authors","Malvaceae","Eriotheca pentaphylla","(Vell.) A.Robyns","species","name accepted","bfo-9053",,,"Eriotheca pentaphylla (Vell.) A.Robyns","Eriotheca","Malvaceae","brazil_sao paulo_guaruja","Brazil","São Paulo","Guarujá",,"ibge",TRUE,-23.889851,-46.158741,"coord_gazet","seconds","low","Eriotheca pentaphylla","ok_same_resolution","ok_locality_gazet",,FALSE,"ok_dist","full_name_match","HUSC_11685",,"0","0",,,,"coord_gazet","Medium","ÁREA DE PROTEÇÃO AMBIENTAL MUNICIPAL DA SERRA DO GUARARU"
,,"https://specieslink.net/col/437",,"UNISANTA","HUSC",,"PRESERVED_SPECIMEN","8117","32","A. Santos; F. Santos",,"2012-04-17","2012","4","17",,,,"Brasil","BR","São Paulo",,"Guarujá","Serra do Guararu, condomínio Iporanga, Área C, parcela 21.",,,,,,,,,"P. Sampaio; A. Santos",,,"Dalbergia frutescens (Vell.) Britton","Magnoliopsida","Fabales","Fabaceae","Dalbergia","species","(Vell.) Britton","ACCEPTED",,,"Dalbergia frutescens (Vell.) Britton",,,,"Dalbergia frutescens","Dalbergia frutescens",,"WGS84",,,,,"GBIF","HUSC",,"Santos, A.","32","2012","Sampaio, P.",,"Santos, F.","Santos","Santos, A.","brazil","sao paulo","guaruja","serra do guararu",,"locality","brazil_sao paulo_guaruja_serra guararu","brazil_sao paulo_guaruja_guararu",-23.889851,-46.158741,"locality",268493,"Dalbergia frutescens","(Vell.) Britton","name_w_authors","Fabaceae","Dalbergia frutescens","(Vell.) Britton","species","name accepted","bfo-22909",,,"Dalbergia frutescens (Vell.) Britton","Dalbergia","Fabaceae","brazil_sao paulo_guaruja","Brazil","São Paulo","Guarujá",,"ibge",TRUE,-23.889851,-46.158741,"coord_gazet","seconds","low","Dalbergia frutescens","ok_same_resolution","ok_locality_gazet",,FALSE,"ok_dist","full_name_match","HUSC_8117",,"0","0",,,,"coord_gazet","Medium","ÁREA DE PROTEÇÃO AMBIENTAL MUNICIPAL DA SERRA DO GUARARU"
,,"https://specieslink.net/col/437",,"UNISANTA","HUSC",,"PRESERVED_SPECIMEN","8115","48","A. Santos; F. Santos",,"2012-08-24","2012","8","24",,,,"Brasil","BR","São Paulo",,"Guarujá","Serra do Guararu, condomínio Iporanga, área C, parcela 24.",,,,,,,,,"P.S.P Sampaio; A. Santos",,,"Alchornea triplinervia (Spreng.) Müll.Arg.","Magnoliopsida","Malpighiales","Euphorbiaceae","Alchornea","species","(Spreng.) Müll.Arg.","ACCEPTED",,,"Alchornea triplinervia (Spreng.) Müll.Arg.",,,,"Alchornea triplinervia","Alchornea triplinervia",,"WGS84",,,,,"GBIF","HUSC",,"Santos, A.","48","2012","Sampaio, P.S.P.",,"Santos, F.","Santos","Santos, A.","brazil","sao paulo","guaruja","serra do guararu",,"locality","brazil_sao paulo_guaruja_serra guararu","brazil_sao paulo_guaruja_guararu",-23.889851,-46.158741,"locality",268488,"Alchornea triplinervia","(Spreng.) Müll.Arg.","name_w_authors","Euphorbiaceae","Alchornea triplinervia","(Spreng.) Müll.Arg.","species","name accepted","bfo-17458",,,"Alchornea triplinervia (Spreng.) Müll.Arg.","Alchornea","Euphorbiaceae","brazil_sao paulo_guaruja","Brazil","São Paulo","Guarujá",,"ibge",TRUE,-23.889851,-46.158741,"coord_gazet","seconds","low","Alchornea triplinervia","ok_same_resolution","ok_locality_gazet",,FALSE,"ok_dist","full_name_match","HUSC_8115",,"0","0",,,,"coord_gazet","Medium","ÁREA DE PROTEÇÃO AMBIENTAL MUNICIPAL DA SERRA DO GUARARU"
,,"https://specieslink.net/col/437",,"UNISANTA","HUSC",,"PRESERVED_SPECIMEN","11688","28","A. Santos; F. Santos",,"2012-05-07","2012","5","7",,,,"Brasil","BR","São Paulo",,"Guarujá","Serra do Guararu, condomínio Iporanga, área C, parcela 24.",,,,,,,,,"M.Magenta",,,"Mollinedia Ruiz & Pav.","Magnoliopsida","Laurales","Monimiaceae","Mollinedia","genus",,"ACCEPTED",,,"Mollinedia Ruiz & Pav.",,,,"Mollinedia",,,"WGS84",,,,,"GBIF","HUSC",,"Santos, A.","28","2012","Magenta, M.",,"Santos, F.","Santos",,"brazil","sao paulo","guaruja","serra do guararu",,"locality","brazil_sao paulo_guaruja_serra guararu","brazil_sao paulo_guaruja_guararu",-23.889851,-46.158741,"locality",1615862,"Mollinedia","Ruiz & Pav.","name_w_authors","Monimiaceae","Mollinedia","Ruiz & Pav.","genus","name accepted","bfo-10070",,,"Mollinedia Ruiz & Pav.","Mollinedia","Monimiaceae","brazil_sao paulo_guaruja","Brazil","São Paulo","Guarujá",,"ibge",TRUE,-23.889851,-46.158741,"coord_gazet","seconds","low",,"ok_same_resolution","ok_locality_gazet",,FALSE,"no_cannot_check","full_name_match","HUSC_11688",,"0","0",,,,"coord_gazet","Medium","ÁREA DE PROTEÇÃO AMBIENTAL MUNICIPAL DA SERRA DO GUARARU"
,,"https://specieslink.net/col/437",,"UNISANTA","HUSC",,"PRESERVED_SPECIMEN","8113","46","Santos, A.; Santos, F.",,"2012-08-04","2012","8","4",,,,"Brasil","BR","São Paulo",,"Guarujá","Serra do Guararu, condomínio Iporanga, área C.",,,,,,,,,"et al.; Santos, A.",,,"Ilex L.L.","Magnoliopsida","Aquifoliales","Aquifoliaceae","Ilex","genus",,"ACCEPTED",,,"Ilex L.L.",,,,"Ilex",,,"WGS84",,,,,"GBIF","HUSC",,"Santos, A.","46","2012","Al., E.",,"Santos, F.","Santos","Santos, A.","brazil","sao paulo","guaruja","serra do guararu",,"locality","brazil_sao paulo_guaruja_serra guararu","brazil_sao paulo_guaruja_guararu",-23.889851,-46.158741,"locality",1608337,"Ilex","L.","name_w_authors","Aquifoliaceae","Ilex","L.","genus","author misspelled","bfo-4878",,,"Ilex L.","Ilex","Aquifoliaceae","brazil_sao paulo_guaruja","Brazil","São Paulo","Guarujá",,"ibge",TRUE,-23.889851,-46.158741,"coord_gazet","seconds","low",,"ok_same_resolution","ok_locality_gazet",,FALSE,"no_cannot_check","full_name_match","HUSC_8113",,"0","0",,,,"coord_gazet","Medium","ÁREA DE PROTEÇÃO AMBIENTAL MUNICIPAL DA SERRA DO GUARARU"
,,"https://specieslink.net/col/437",,"UNISANTA","HUSC",,"PRESERVED_SPECIMEN","11611","37","A. Carminatto; M. Magenta",,"2012-08-09","2012","8","9",,,,"Brasil","BR","São Paulo",,"Guarujá","Serra do Guararu, condomínio Iporanga, Área C, parcela 21.",,,,,,,,,"M. Magenta","2015-07-01",,"Zygia selloi (Benth.) L.Rico","Magnoliopsida","Fabales","Fabaceae","Zygia","species","(Benth.)","ACCEPTED",,,"Zygia selloi (Benth.) L.Rico",,,,"Zygia selloi","Zygia selloi",,"WGS84",,,,,"GBIF","HUSC",,"Carminatto, A.","37","2012","Magenta, M.","2015","Magenta, M.","Carminatto",,"brazil","sao paulo","guaruja","serra do guararu",,"locality","brazil_sao paulo_guaruja_serra guararu","brazil_sao paulo_guaruja_guararu",-23.889851,-46.158741,"locality",268539,"Zygia selloi","(Benth.) L.Rico","name_w_authors","Fabaceae","Zygia selloi","(Benth.) L.Rico","species","name accepted","bfo-83891",,,"Zygia selloi (Benth.) L.Rico","Zygia","Fabaceae","brazil_sao paulo_guaruja","Brazil","São Paulo","Guarujá",,"ibge",TRUE,-23.889851,-46.158741,"coord_gazet","seconds","low","Zygia selloi","ok_same_resolution","ok_locality_gazet",,FALSE,"ok_dist","full_name_match","HUSC_11611",,"0","0",,,,"coord_gazet","Medium","ÁREA DE PROTEÇÃO AMBIENTAL MUNICIPAL DA SERRA DO GUARARU"
,,"https://specieslink.net/col/437",,"UNISANTA","HUSC",,"PRESERVED_SPECIMEN","8085","891","P.S.P Sampaio",,"2012-03-21","2012","3","21",,,,"Brasil","BR","São Paulo",,"Guarujá","Serra do Guararu, condomínio Iporanga. Área C parcela 21.",,,,,,,,,"P.S.P Sampaio","2014-02-01",,"Vriesea rodigasiana É.Morren","Liliopsida","Poales","Bromeliaceae","Vriesea","species","E.Morren","ACCEPTED",,,"Vriesea rodigasiana É.Morren",,,,"Vriesea rodigasiana","Vriesea rodigasiana",,"WGS84",,,,,"GBIF","HUSC",,"Sampaio, P.S.P.","891","2012","Sampaio, P.S.P.","2014",,"Sampaio",,"brazil","sao paulo","guaruja","serra do guararu",,"locality","brazil_sao paulo_guaruja_serra guararu","brazil_sao paulo_guaruja_guararu",-23.889851,-46.158741,"locality",268478,"Vriesea rodigasiana","É.Morren","possibly_ok","Bromeliaceae","Vriesea rodigasiana","É.Morren","species","author misspelled","bfo-6547",,,"Vriesea rodigasiana É.Morren","Vriesea","Bromeliaceae","brazil_sao paulo_guaruja","Brazil","São Paulo","Guarujá",,"ibge",TRUE,-23.889851,-46.158741,"coord_gazet","seconds","low","Vriesea rodigasiana","ok_same_resolution","ok_locality_gazet",,FALSE,"ok_dist","full_name_match","HUSC_8085",,"0","0",,,,"coord_gazet","Medium","ÁREA DE PROTEÇÃO AMBIENTAL MUNICIPAL DA SERRA DO GUARARU"
,,"https://specieslink.net/col/437",,"UNISANTA","HUSC",,"PRESERVED_SPECIMEN","8028","15","R. Guandalini",,"2012-01-20","2012","1","20",,,,"Brasil","BR","São Paulo",,"Guarujá","Serra do Guararu, condomínio Iporanga.",,,,,,,,,"P.S.P Sampaio","2014-02-01",,"Trema micranthum (L.) Blume","Magnoliopsida","Rosales","Cannabaceae","Trema","species","(L.) Blume","ACCEPTED",,,"Trema micranthum (L.) Blume",,,,"Trema micrantha","Trema micranthum",,"WGS84",,,,,"GBIF","HUSC",,"Guandalini, R.","15","2012","Sampaio, P.S.P.","2014",,"Guandalini",,"brazil","sao paulo","guaruja","serra do guararu",,"locality","brazil_sao paulo_guaruja_serra guararu","brazil_sao paulo_guaruja_guararu",-23.889851,-46.158741,"locality",268436,"Trema micranthum","(L.) Blume","name_w_authors","Cannabaceae","Trema micranthum","(L.) Blume","species","name accepted","bfo-106894",,,"Trema micranthum (L.) Blume","Trema","Cannabaceae","brazil_sao paulo_guaruja","Brazil","São Paulo","Guarujá",,"ibge",TRUE,-23.889851,-46.158741,"coord_gazet","seconds","low","Trema micranthum","ok_same_resolution","ok_locality_gazet",,FALSE,"ok_dist","full_name_match","HUSC_8028","HUSC_8028|HUSC_8030","1","0.25","HUSC_8028","HUSC_8028","HUSC_8028","coord_gazet","Medium","ÁREA DE PROTEÇÃO AMBIENTAL MUNICIPAL DA SERRA DO GUARARU"
,,"https://specieslink.net/col/437",,"UNISANTA","HUSC",,"PRESERVED_SPECIMEN","8106","250","D. Costa; G. Martins",,"2012-07-06","2012","7","6",,,,"Brasil","BR","São Paulo",,"Guarujá","Serra do Guararu, condomínio Iporanga, área B.",,,,,,,,,"P. Sampaio","2014-03-01",,"Stromanthe tonckat (Aubl.) Eichler","Liliopsida","Zingiberales","Marantaceae","Stromanthe","species","(Aubl.) Eichler","ACCEPTED",,,"Stromanthe tonckat (Aubl.) Eichler",,,,"Stromanthe tonckat","Stromanthe tonckat",,"WGS84",,,,,"GBIF","HUSC",,"Costa, D.","250","2012","Sampaio, P.","2014","Martins, G.","Costa",,"brazil","sao paulo","guaruja","serra do guararu",,"locality","brazil_sao paulo_guaruja_serra guararu","brazil_sao paulo_guaruja_guararu",-23.889851,-46.158741,"locality",268481,"Stromanthe tonckat","(Aubl.) Eichler","name_w_authors","Marantaceae","Stromanthe tonckat","(Aubl.) Eichler","species","name accepted","bfo-9385",,,"Stromanthe tonckat (Aubl.) Eichler","Stromanthe","Marantaceae","brazil_sao paulo_guaruja","Brazil","São Paulo","Guarujá",,"ibge",TRUE,-23.889851,-46.158741,"coord_gazet","seconds","low","Stromanthe tonckat","ok_same_resolution","ok_locality_gazet",,FALSE,"ok_dist","full_name_match","HUSC_8106",,"0","0",,,,"coord_gazet","Medium","ÁREA DE PROTEÇÃO AMBIENTAL MUNICIPAL DA SERRA DO GUARARU"
,,"https://specieslink.net/col/437",,"UNISANTA","HUSC",,"PRESERVED_SPECIMEN","8039","13","R. Guandalini",,"2012-03-13","2012","3","13",,,,"Brasil","BR","São Paulo",,"Guarujá","Serra do Guararu, condomínio Iporanga.",,,,,,,,,"P.S.P Sampaio","2014-02-01",,"Solanum stipulatum Vell.","Magnoliopsida","Solanales","Solanaceae","Solanum","species","Vell.","ACCEPTED",,,"Solanum stipulatum Vell.",,,,"Solanum stipulatum","Solanum stipulatum",,"WGS84",,,,,"GBIF","HUSC",,"Guandalini, R.","13","2012","Sampaio, P.S.P.","2014",,"Guandalini",,"brazil","sao paulo","guaruja","serra do guararu",,"locality","brazil_sao paulo_guaruja_serra guararu","brazil_sao paulo_guaruja_guararu",-23.889851,-46.158741,"locality",268440,"Solanum stipulatum","Vell.","name_w_authors","Solanaceae","Solanum stipulatum","Vell.","species","name accepted","bfo-14866",,,"Solanum stipulatum Vell.","Solanum","Solanaceae","brazil_sao paulo_guaruja","Brazil","São Paulo","Guarujá",,"ibge",TRUE,-23.889851,-46.158741,"coord_gazet","seconds","low","Solanum stipulatum","ok_same_resolution","ok_locality_gazet",,FALSE,"ok_dist","full_name_match","HUSC_8039",,"0","0",,,,"coord_gazet","Medium","ÁREA DE PROTEÇÃO AMBIENTAL MUNICIPAL DA SERRA DO GUARARU"
,,"https://specieslink.net/col/437",,"UNISANTA","HUSC",,"PRESERVED_SPECIMEN","8021","37","R. Guandalini",,"2012-08-17","2012","8","17",,,,"Brasil","BR","São Paulo",,"Guarujá","Serra do Guararu, condomínio Iporanga, área B, parcela 13.",,,,,,,,,"M.Magenta; R. Guandalini","2014-06-01",,"Rodriguezia venusta (Lindl.) Rchb.f.","Liliopsida","Asparagales","Orchidaceae","Rodriguezia","species","Rchb.f.","SYNONYM",,,"Rodriguezia bracteata (Vell.) Hoehne",,,,"Rodriguezia venusta","Rodriguezia bracteata",,"WGS84",,,,,"GBIF","HUSC",,"Guandalini, R.","37","2012","Magenta, M.","2014",,"Guandalini","Guandalini, R.","brazil","sao paulo","guaruja","serra do guararu",,"locality","brazil_sao paulo_guaruja_serra guararu","brazil_sao paulo_guaruja_guararu",-23.889851,-46.158741,"locality",268427,"Rodriguezia venusta","Rchb.f.","possibly_ok","Orchidaceae","Rodriguezia venusta","Rchb.f.","species","name accepted","bfo-12169",,,"Rodriguezia venusta Rchb.f.","Rodriguezia","Orchidaceae","brazil_sao paulo_guaruja","Brazil","São Paulo","Guarujá",,"ibge",TRUE,-23.889851,-46.158741,"coord_gazet","seconds","low","Rodriguezia venusta","ok_same_resolution","ok_locality_gazet",,FALSE,"ok_dist","full_name_match","HUSC_8021",,"0","0",,,,"coord_gazet","Medium","ÁREA DE PROTEÇÃO AMBIENTAL MUNICIPAL DA SERRA DO GUARARU"
,,"https://specieslink.net/col/437",,"UNISANTA","HUSC",,"PRESERVED_SPECIMEN","8065","899","P.S.P Sampaio",,"2012-03-08","2012","3","8",,,,"Brasil","BR","São Paulo",,"Guarujá","Serra do Guararu, condomínio Iporanga.",,,,,,,,,"P.S.P Sampaio","2014-02-01",,"Racinaea spiculosa (Griseb.) M.A.Spencer & L.B.Sm.","Liliopsida","Poales","Bromeliaceae","Racinaea","species","(Griseb.) M.A.Spencer & L.B.Sm.","ACCEPTED",,,"Racinaea spiculosa (Griseb.) M.A.Spencer & L.B.Sm.",,,,"Racinaea spiculosa","Racinaea spiculosa",,"WGS84",,,,,"GBIF","HUSC",,"Sampaio, P.S.P.","899","2012","Sampaio, P.S.P.","2014",,"Sampaio",,"brazil","sao paulo","guaruja","serra do guararu",,"locality","brazil_sao paulo_guaruja_serra guararu","brazil_sao paulo_guaruja_guararu",-23.889851,-46.158741,"locality",268469,"Racinaea spiculosa","(Griseb.) M.A.Spencer & L.B.Sm.","name_w_authors","Bromeliaceae","Racinaea spiculosa","(Griseb.) M.A.Spencer & L.B.Sm.","species","name accepted","bfo-6355",,,"Racinaea spiculosa (Griseb.) M.A.Spencer & L.B.Sm.","Racinaea","Bromeliaceae","brazil_sao paulo_guaruja","Brazil","São Paulo","Guarujá",,"ibge",TRUE,-23.889851,-46.158741,"coord_gazet","seconds","low","Racinaea spiculosa","ok_same_resolution","ok_locality_gazet",,FALSE,"ok_dist","full_name_match","HUSC_8065",,"0","0",,,,"coord_gazet","Medium","ÁREA DE PROTEÇÃO AMBIENTAL MUNICIPAL DA SERRA DO GUARARU"
,,"https://specieslink.net/col/437",,"UNISANTA","HUSC",,"PRESERVED_SPECIMEN","8088","893","P.S.P Sampaio",,"2012-08-11","2012","8","11",,,,"Brasil","BR","São Paulo",,"Guarujá","Serra do Guararu, condomínio Iporanga.",,,,,,,,,"P.S.P Sampaio","2014-02-01",,"Quesnelia arvensis (Vell.) Mez","Liliopsida","Poales","Bromeliaceae","Quesnelia","species","(Vell.) Mez","ACCEPTED",,,"Quesnelia arvensis (Vell.) Mez",,,,"Quesnelia arvensis","Quesnelia arvensis",,"WGS84",,,,,"GBIF","HUSC",,"Sampaio, P.S.P.","893","2012","Sampaio, P.S.P.","2014",,"Sampaio",,"brazil","sao paulo","guaruja","serra do guararu",,"locality","brazil_sao paulo_guaruja_serra guararu","brazil_sao paulo_guaruja_guararu",-23.889851,-46.158741,"locality",268486,"Quesnelia arvensis","(Vell.) Mez","name_w_authors","Bromeliaceae","Quesnelia arvensis","(Vell.) Mez","species","name accepted","bfo-6336",,,"Quesnelia arvensis (Vell.) Mez","Quesnelia","Bromeliaceae","brazil_sao paulo_guaruja","Brazil","São Paulo","Guarujá",,"ibge",TRUE,-23.889851,-46.158741,"coord_gazet","seconds","low","Quesnelia arvensis","ok_same_resolution","ok_locality_gazet",,FALSE,"ok_dist","full_name_match","HUSC_8088",,"0","0",,,,"coord_gazet","Medium","ÁREA DE PROTEÇÃO AMBIENTAL MUNICIPAL DA SERRA DO GUARARU"
,,"https://specieslink.net/col/437",,"UNISANTA","HUSC",,"PRESERVED_SPECIMEN","8130","s.n.","Cavalieri, A.; Magenta, M.A.G.",,"2012-08-22","2012","8","22",,,,"Brasil","BR","São Paulo",,"Guarujá","Serra do Guararu, condomínio Iporanga,área C. Árvore 1198",,,,,,,,,"Magenta, M.A.G.","2014-04-01",,"Philodendron cordatum Kunth ex Schott","Liliopsida","Alismatales","Araceae","Philodendron","species","Kunth ex Schott","ACCEPTED",,,"Philodendron cordatum Kunth ex Schott",,,,"Philodendron cordatum","Philodendron cordatum",,"WGS84",,,,,"GBIF","HUSC",,"Cavalieri, A.",,"2012","Magenta, M.A.G.","2014","Magenta, M.A.G.","Cavalieri",,"brazil","sao paulo","guaruja","serra do guararu",,"locality","brazil_sao paulo_guaruja_serra guararu","brazil_sao paulo_guaruja_guararu",-23.889851,-46.158741,"locality",185218,"Philodendron cordatum","Kunth ex Schott","name_w_authors","Araceae","Philodendron cordatum","Kunth ex Schott","species","name accepted","bfo-5029",,,"Philodendron cordatum Kunth ex Schott","Philodendron","Araceae","brazil_sao paulo_guaruja","Brazil","São Paulo","Guarujá",,"ibge",TRUE,-23.889851,-46.158741,"coord_gazet","seconds","low","Philodendron cordatum","ok_same_resolution","ok_locality_gazet",,FALSE,"ok_dist","full_name_match","HUSC_8130",,"cc","cc",,,,"coord_gazet","Medium","ÁREA DE PROTEÇÃO AMBIENTAL MUNICIPAL DA SERRA DO GUARARU"
,,"https://specieslink.net/col/437",,"UNISANTA","HUSC",,"PRESERVED_SPECIMEN","11711","07","B. Isidro; R. Gondoni, A Carminat",,"2012-03-22","2012","3","22",,,,"Brasil","BR","São Paulo",,"Guarujá","Serra do Guararu, condomínio Iporanga, área B, parcela 17, próximo ao indivíduo 974.",,,,,,,,,"P.S.P Sampaio","2014-06-01",,"Passiflora truncata Regel","Magnoliopsida","Malpighiales","Passifloraceae","Passiflora","species","Regel","ACCEPTED",,,"Passiflora truncata Regel",,,,"Passiflora truncata","Passiflora truncata",,"WGS84",,,,,"GBIF","HUSC",,"Isidro, B.","07","2012","Sampaio, P.S.P.","2014","Gondoni, A.C.R.","Isidro",,"brazil","sao paulo","guaruja","serra do guararu",,"locality","brazil_sao paulo_guaruja_serra guararu","brazil_sao paulo_guaruja_guararu",-23.889851,-46.158741,"locality",268650,"Passiflora truncata","Regel","name_w_authors","Passifloraceae","Passiflora truncata","Regel","species","name accepted","bfo-12569",,,"Passiflora truncata Regel","Passiflora","Passifloraceae","brazil_sao paulo_guaruja","Brazil","São Paulo","Guarujá",,"ibge",TRUE,-23.889851,-46.158741,"coord_gazet","seconds","low","Passiflora truncata","ok_same_resolution","ok_locality_gazet",,FALSE,"ok_dist","full_name_match","HUSC_11711",,"0","0",,,,"coord_gazet","Medium","ÁREA DE PROTEÇÃO AMBIENTAL MUNICIPAL DA SERRA DO GUARARU"
,,"https://specieslink.net/col/437",,"UNISANTA","HUSC",,"PRESERVED_SPECIMEN","8064","898","P.S.P Sampaio",,"2012-03-08","2012","3","8",,,,"Brasil","BR","São Paulo",,"Guarujá","Serra do Guararu, condomínio Iporanga.",,,,,,,,,"P.S.P Sampaio","2014-02-01",,"Nidularium procerum Lindm.","Liliopsida","Poales","Bromeliaceae","Nidularium","species","Lindm.","ACCEPTED",,,"Nidularium procerum Lindm.",,,,"Nidularium procerum","Nidularium procerum",,"WGS84",,,,,"GBIF","HUSC",,"Sampaio, P.S.P.","898","2012","Sampaio, P.S.P.","2014",,"Sampaio",,"brazil","sao paulo","guaruja","serra do guararu",,"locality","brazil_sao paulo_guaruja_serra guararu","brazil_sao paulo_guaruja_guararu",-23.889851,-46.158741,"locality",268465,"Nidularium procerum","Lindm.","name_w_authors","Bromeliaceae","Nidularium procerum","Lindm.","species","name accepted","bfo-6265",,,"Nidularium procerum Lindm.","Nidularium","Bromeliaceae","brazil_sao paulo_guaruja","Brazil","São Paulo","Guarujá",,"ibge",TRUE,-23.889851,-46.158741,"coord_gazet","seconds","low","Nidularium procerum","ok_same_resolution","ok_locality_gazet",,FALSE,"ok_dist","full_name_match","HUSC_8064",,"0","0",,,,"coord_gazet","Medium","ÁREA DE PROTEÇÃO AMBIENTAL MUNICIPAL DA SERRA DO GUARARU"
,,"https://specieslink.net/col/437",,"UNISANTA","HUSC",,"PRESERVED_SPECIMEN","8091","895","P.S.P Sampaio",,"2012-03-08","2012","3","8",,,,"Brasil","BR","São Paulo",,"Guarujá","Serra do Guararu, condomínio Iporanga.",,,,,,,,,"P.S.P Sampaio","2014-02-01",,"Nidularium innocentii Lem.","Liliopsida","Poales","Bromeliaceae","Nidularium","species","Lem.","ACCEPTED",,,"Nidularium innocentii Lem.",,,,"Nidularium innocentii","Nidularium innocentii",,"WGS84",,,,,"GBIF","HUSC",,"Sampaio, P.S.P.","895","2012","Sampaio, P.S.P.","2014",,"Sampaio",,"brazil","sao paulo","guaruja","serra do guararu",,"locality","brazil_sao paulo_guaruja_serra guararu","brazil_sao paulo_guaruja_guararu",-23.889851,-46.158741,"locality",268483,"Nidularium innocentii","Lem.","name_w_authors","Bromeliaceae","Nidularium innocentii","Lem.","species","name accepted","bfo-6253",,,"Nidularium innocentii Lem.","Nidularium","Bromeliaceae","brazil_sao paulo_guaruja","Brazil","São Paulo","Guarujá",,"ibge",TRUE,-23.889851,-46.158741,"coord_gazet","seconds","low","Nidularium innocentii","ok_same_resolution","ok_locality_gazet",,FALSE,"ok_dist","full_name_match","HUSC_8091",,"0","0",,,,"coord_gazet","Medium","ÁREA DE PROTEÇÃO AMBIENTAL MUNICIPAL DA SERRA DO GUARARU"
,,"https://specieslink.net/col/437",,"UNISANTA","HUSC",,"PRESERVED_SPECIMEN","8030","15","R. Guandalini",,"2012-03-13","2012","3","13",,,,"Brasil","BR","São Paulo",,"Guarujá","Serra do Guararu, condomínio Iporanga.",,,,,,,,,"P. Sampaio","2014-02-01",,"Nematanthus fissus (Vell.) L.E.Skog","Magnoliopsida","Lamiales","Gesneriaceae","Nematanthus","species","(Vell.) L. Skog","ACCEPTED",,,"Nematanthus fissus (Vell.) L.E.Skog",,,,"Nematanthus fissus","Nematanthus fissus",,"WGS84",,,,,"GBIF","HUSC",,"Guandalini, R.","15","2012","Sampaio, P.","2014",,"Guandalini",,"brazil","sao paulo","guaruja","serra do guararu",,"locality","brazil_sao paulo_guaruja_serra guararu","brazil_sao paulo_guaruja_guararu",-23.889851,-46.158741,"locality",268439,"Nematanthus fissus","(Vell.) L.E.Skog","name_w_authors","Gesneriaceae","Nematanthus fissus","(Vell.) L.E.Skog","species","name accepted","bfo-7848",,,"Nematanthus fissus (Vell.) L.E.Skog","Nematanthus","Gesneriaceae","brazil_sao paulo_guaruja","Brazil","São Paulo","Guarujá",,"ibge",TRUE,-23.889851,-46.158741,"coord_gazet","seconds","low","Nematanthus fissus","ok_same_resolution","ok_locality_gazet",,FALSE,"ok_dist","full_name_match","HUSC_8030","HUSC_8028|HUSC_8030","1","0.25","HUSC_8028","HUSC_8028","HUSC_8028","coord_gazet","Medium","ÁREA DE PROTEÇÃO AMBIENTAL MUNICIPAL DA SERRA DO GUARARU"
,,"https://specieslink.net/col/437",,"UNISANTA","HUSC",,"PRESERVED_SPECIMEN","11661","115","D. Costa; B. Isidro",,"2012-07-27","2012","7","27",,,,"Brasil","BR","São Paulo",,"Guarujá","Serra do Guararu, condomínio Iporanga, área B.",,,,,,,,,"M.Magenta; P.S.P Sampaio","2014-06-01",,"Miconia pusilliflora (DC.) Naudin","Magnoliopsida","Myrtales","Melastomataceae","Miconia","species","(DC.) Naudin","ACCEPTED",,,"Miconia pusilliflora (DC.) Naudin",,,,"Miconia pusilliflora","Miconia pusilliflora",,"WGS84",,,,,"GBIF","HUSC",,"Costa, D.","115","2012","Magenta, M.","2014","Isidro, B.","Costa","Sampaio, P.S.P.","brazil","sao paulo","guaruja","serra do guararu",,"locality","brazil_sao paulo_guaruja_serra guararu","brazil_sao paulo_guaruja_guararu",-23.889851,-46.158741,"locality",268565,"Miconia pusilliflora","(DC.) Naudin","name_w_authors","Melastomataceae","Miconia pusilliflora","(DC.) Naudin","species","name accepted","bfo-9754",,,"Miconia pusilliflora (DC.) Naudin","Miconia","Melastomataceae","brazil_sao paulo_guaruja","Brazil","São Paulo","Guarujá",,"ibge",TRUE,-23.889851,-46.158741,"coord_gazet","seconds","low","Miconia pusilliflora","ok_same_resolution","ok_locality_gazet",,FALSE,"ok_dist","full_name_match","HUSC_11661",,"0","0",,,,"coord_gazet","Medium","ÁREA DE PROTEÇÃO AMBIENTAL MUNICIPAL DA SERRA DO GUARARU"
,,"https://specieslink.net/col/437",,"UNISANTA","HUSC",,"PRESERVED_SPECIMEN","8019","142","D. Costa; B. Isidro",,"2012-07-27","2012","7","27",,,,"Brasil","BR","São Paulo",,"Guarujá","Serra do Guararu, condomínio Iporanga, área B.",,,,,,,,,"M.Magenta; R. Guandalini","2014-06-01",,"Maxillaria bradei Schltr. ex Hoehne","Liliopsida","Asparagales","Orchidaceae","Maxillaria","species","Schltr. ex Hoehne","ACCEPTED",,,"Maxillaria bradei Schltr. ex Hoehne",,,,"Maxillaria bradei","Maxillaria bradei",,"WGS84",,,,,"GBIF","HUSC",,"Costa, D.","142","2012","Magenta, M.","2014","Isidro, B.","Costa","Guandalini, R.","brazil","sao paulo","guaruja","serra do guararu",,"locality","brazil_sao paulo_guaruja_serra guararu","brazil_sao paulo_guaruja_guararu",-23.889851,-46.158741,"locality",268422,"Maxillaria bradei","Schltr. ex Hoehne","name_w_authors","Orchidaceae","Maxillaria bradei","Schltr. ex Hoehne","species","name accepted","bfo-11829",,,"Maxillaria bradei Schltr. ex Hoehne","Maxillaria","Orchidaceae","brazil_sao paulo_guaruja","Brazil","São Paulo","Guarujá",,"ibge",TRUE,-23.889851,-46.158741,"coord_gazet","seconds","low","Maxillaria bradei","ok_same_resolution","ok_locality_gazet",,FALSE,"ok_dist","full_name_match","HUSC_8019",,"0","0",,,,"coord_gazet","Medium","ÁREA DE PROTEÇÃO AMBIENTAL MUNICIPAL DA SERRA DO GUARARU"
,,"https://specieslink.net/col/437",,"UNISANTA","HUSC",,"PRESERVED_SPECIMEN","8084","890","P. Sampaio",,"2012-05-17","2012","5","17",,,,"Brasil","BR","São Paulo",,"Guarujá","Serra do Guararu, condomínio Iporanga.",,,,,,,,,"P. Sampaio","2014-02-01",,"Inga marginata Willd.","Magnoliopsida","Fabales","Fabaceae","Inga","species","Willd.","ACCEPTED",,,"Inga marginata Willd.",,,,"Inga marginata","Inga marginata",,"WGS84",,,,,"GBIF","HUSC",,"Sampaio, P.","890","2012","Sampaio, P.","2014",,"Sampaio",,"brazil","sao paulo","guaruja","serra do guararu",,"locality","brazil_sao paulo_guaruja_serra guararu","brazil_sao paulo_guaruja_guararu",-23.889851,-46.158741,"locality",268476,"Inga marginata","Willd.","name_w_authors","Fabaceae","Inga marginata","Willd.","species","name accepted","bfo-23012",,,"Inga marginata Willd.","Inga","Fabaceae","brazil_sao paulo_guaruja","Brazil","São Paulo","Guarujá",,"ibge",TRUE,-23.889851,-46.158741,"coord_gazet","seconds","low","Inga marginata","ok_same_resolution","ok_locality_gazet",,FALSE,"ok_dist","full_name_match","HUSC_8084",,"0","0",,,,"coord_gazet","Medium","ÁREA DE PROTEÇÃO AMBIENTAL MUNICIPAL DA SERRA DO GUARARU"
,,"https://specieslink.net/col/437",,"UNISANTA","HUSC",,"PRESERVED_SPECIMEN","8010","36","R. Guandalini",,"2012-08-17","2012","8","17",,,,"Brasil","BR","São Paulo",,"Guarujá","Serra do Guararu, condomínio Iporanga, área B.",,,,,,,,,"M.Magenta","2014-05-01",,"Gomesa flexuosa (G.Lodd.) M.W.Chase & N.H.Williams","Liliopsida","Asparagales","Orchidaceae","Gomesa","species","(Lodd.) M.W.Chase & N.H.Williams","ACCEPTED",,,"Gomesa flexuosa (G.Lodd.) M.W.Chase & N.H.Williams",,,,"Gomesa flexuosa","Gomesa flexuosa",,"WGS84",,,,,"GBIF","HUSC",,"Guandalini, R.","36","2012","Magenta, M.","2014",,"Guandalini",,"brazil","sao paulo","guaruja","serra do guararu",,"locality","brazil_sao paulo_guaruja_serra guararu","brazil_sao paulo_guaruja_guararu",-23.889851,-46.158741,"locality",268420,"Gomesa flexuosa","(Lodd.) M.W.Chase & N.H.Williams","name_w_authors","Orchidaceae","Gomesa flexuosa","(Lodd.) M.W.Chase & N.H.Williams","species","author misspelled","bfo-122053",,,"Gomesa flexuosa (Lodd.) M.W.Chase & N.H.Williams","Gomesa","Orchidaceae","brazil_sao paulo_guaruja","Brazil","São Paulo","Guarujá",,"ibge",TRUE,-23.889851,-46.158741,"coord_gazet","seconds","low","Gomesa flexuosa","ok_same_resolution","ok_locality_gazet",,FALSE,"ok_dist","full_name_match","HUSC_8010",,"0","0",,,,"coord_gazet","Medium","ÁREA DE PROTEÇÃO AMBIENTAL MUNICIPAL DA SERRA DO GUARARU"
,,"https://specieslink.net/col/437",,"UNISANTA","HUSC",,"PRESERVED_SPECIMEN","8029","20","R. Guandalini",,"2012-03-13","2012","3","13",,,,"Brasil","BR","São Paulo",,"Guarujá","Serra do Guararu, condomínio Iporanga.",,,,,,,,,"P. Sampaio","2014-02-01",,"Erythrina speciosa Andrews","Magnoliopsida","Fabales","Fabaceae","Erythrina","species","Andrews","ACCEPTED",,,"Erythrina speciosa Andrews",,,,"Erythrina speciosa","Erythrina speciosa",,"WGS84",,,,,"GBIF","HUSC",,"Guandalini, R.","20","2012","Sampaio, P.","2014",,"Guandalini",,"brazil","sao paulo","guaruja","serra do guararu",,"locality","brazil_sao paulo_guaruja_serra guararu","brazil_sao paulo_guaruja_guararu",-23.889851,-46.158741,"locality",268435,"Erythrina speciosa","Andrews","name_w_authors","Fabaceae","Erythrina speciosa","Andrews","species","name accepted","bfo-29677",,,"Erythrina speciosa Andrews","Erythrina","Fabaceae","brazil_sao paulo_guaruja","Brazil","São Paulo","Guarujá",,"ibge",TRUE,-23.889851,-46.158741,"coord_gazet","seconds","low","Erythrina speciosa","ok_same_resolution","ok_locality_gazet",,FALSE,"ok_dist","full_name_match","HUSC_8029",,"0","0",,,,"coord_gazet","Medium","ÁREA DE PROTEÇÃO AMBIENTAL MUNICIPAL DA SERRA DO GUARARU"
,,"https://specieslink.net/col/437",,"UNISANTA","HUSC",,"PRESERVED_SPECIMEN","8015","27","F. Marchi",,"2012-03-08","2012","3","8",,,,"Brasil","BR","São Paulo",,"Guarujá","Serra do Guararu, condomínio Iporanga, área C.",,,,,,,,,"P.S.P Sampaio; R. Guandalini","2014-06-01",,"Epidendrum proligerum Barb.Rodr.","Liliopsida","Asparagales","Orchidaceae","Epidendrum","species","Barb.Rodr.","ACCEPTED",,,"Epidendrum proligerum Barb.Rodr.",,,,"Epidendrum proligerum","Epidendrum proligerum",,"WGS84",,,,,"GBIF","HUSC",,"Marchi, F.","27","2012","Sampaio, P.S.P.","2014",,"Marchi","Guandalini, R.","brazil","sao paulo","guaruja","serra do guararu",,"locality","brazil_sao paulo_guaruja_serra guararu","brazil_sao paulo_guaruja_guararu",-23.889851,-46.158741,"locality",268430,"Epidendrum proligerum","Barb.Rodr.","name_w_authors","Orchidaceae","Epidendrum proligerum","Barb.Rodr.","species","name accepted","bfo-11564",,,"Epidendrum proligerum Barb.Rodr.","Epidendrum","Orchidaceae","brazil_sao paulo_guaruja","Brazil","São Paulo","Guarujá",,"ibge",TRUE,-23.889851,-46.158741,"coord_gazet","seconds","low","Epidendrum proligerum","ok_same_resolution","ok_locality_gazet",,FALSE,"ok_dist","full_name_match","HUSC_8015",,"0","0",,,,"coord_gazet","Medium","ÁREA DE PROTEÇÃO AMBIENTAL MUNICIPAL DA SERRA DO GUARARU"
,,"https://specieslink.net/col/437",,"UNISANTA","HUSC",,"PRESERVED_SPECIMEN","8018","26","R. Guandalini",,"2012-03-22","2012","3","22",,,,"Brasil","BR","São Paulo",,"Guarujá","Serra do Guararu, condomínio Iporanga, área C.",,,,,,,,,"M.Magenta; R. Guandalini","2014-05-01",,"Epidendrum hololeucum Barb.Rodr.","Liliopsida","Asparagales","Orchidaceae","Epidendrum","species","Barb.Rodr.","ACCEPTED",,,"Epidendrum hololeucum Barb.Rodr.",,,,"Epidendrum hololeucum","Epidendrum hololeucum",,"WGS84",,,,,"GBIF","HUSC",,"Guandalini, R.","26","2012","Magenta, M.","2014",,"Guandalini","Guandalini, R.","brazil","sao paulo","guaruja","serra do guararu",,"locality","brazil_sao paulo_guaruja_serra guararu","brazil_sao paulo_guaruja_guararu",-23.889851,-46.158741,"locality",268424,"Epidendrum geniculatum","Barb.Rodr.","name_w_authors","Orchidaceae","Epidendrum geniculatum","Barb.Rodr.","species","replaced synonym","bfo-11541","Epidendrum geniculatum","Barb.Rodr.","Epidendrum geniculatum Barb.Rodr.","Epidendrum","Orchidaceae","brazil_sao paulo_guaruja","Brazil","São Paulo","Guarujá",,"ibge",TRUE,-23.889851,-46.158741,"coord_gazet","seconds","low","Epidendrum geniculatum","ok_same_resolution","ok_locality_gazet",,FALSE,"ok_dist","full_name_match","HUSC_8018","[HUSC_8012|HUSC_8018]","1","0.25","HUSC_8012","HUSC_8012","HUSC_8012","coord_gazet","Medium","ÁREA DE PROTEÇÃO AMBIENTAL MUNICIPAL DA SERRA DO GUARARU"
,,"https://specieslink.net/col/437",,"UNISANTA","HUSC",,"PRESERVED_SPECIMEN","11849","31","A. Carminatto; M.Magenta",,"2012-08-09","2012","8","9",,,,"Brasil","BR","São Paulo",,"Guarujá","Serra do Guararu, condomínio Iporanga, área C, parcela 19, indivíduo 1091.",,,,,,,,,"M.Magenta; P.S.P Sampaio","2014-11-01",,"Daphnopsis schwackeana Taub.","Magnoliopsida","Malvales","Thymelaeaceae","Daphnopsis","species","Taub.","ACCEPTED",,,"Daphnopsis schwackeana Taub.",,,,"Daphnopsis schwackeana","Daphnopsis schwackeana",,"WGS84",,,,,"GBIF","HUSC",,"Carminatto, A.","31","2012","Magenta, M.","2014","Magenta, M.","Carminatto","Sampaio, P.S.P.","brazil","sao paulo","guaruja","serra do guararu",,"locality","brazil_sao paulo_guaruja_serra guararu","brazil_sao paulo_guaruja_guararu",-23.889851,-46.158741,"locality",268695,"Daphnopsis schwackeana","Taub.","name_w_authors","Thymelaeaceae","Daphnopsis schwackeana","Taub.","species","name accepted","bfo-14948",,,"Daphnopsis schwackeana Taub.","Daphnopsis","Thymelaeaceae","brazil_sao paulo_guaruja","Brazil","São Paulo","Guarujá",,"ibge",TRUE,-23.889851,-46.158741,"coord_gazet","seconds","low","Daphnopsis schwackeana","ok_same_resolution","ok_locality_gazet",,FALSE,"ok_dist","full_name_match","HUSC_11849",,"0","0",,,,"coord_gazet","Medium","ÁREA DE PROTEÇÃO AMBIENTAL MUNICIPAL DA SERRA DO GUARARU"
,,"https://specieslink.net/col/437",,"UNISANTA","HUSC",,"PRESERVED_SPECIMEN","8093","897","P.S.P Sampaio",,"2012-03-08","2012","3","8",,,,"Brasil","BR","São Paulo",,"Guarujá","Serra do Guararu, condomínio Iporanga.",,,,,,,,,"P.S.P Sampaio","2014-02-01",,"Canistropsis billbergioides (Schult. & Schult.f.) Leme","Liliopsida","Poales","Bromeliaceae","Canistropsis","species","(Schult. & Schult.f.) Leme","ACCEPTED",,,"Canistropsis billbergioides (Schult. & Schult.f.) Leme",,,,"Canistropsis billbergioides","Canistropsis billbergioides",,"WGS84",,,,,"GBIF","HUSC",,"Sampaio, P.S.P.","897","2012","Sampaio, P.S.P.","2014",,"Sampaio",,"brazil","sao paulo","guaruja","serra do guararu",,"locality","brazil_sao paulo_guaruja_serra guararu","brazil_sao paulo_guaruja_guararu",-23.889851,-46.158741,"locality",268463,"Canistropsis billbergioides","(Schult. & Schult.f.) Leme","name_w_authors","Bromeliaceae","Canistropsis billbergioides","(Schult. & Schult.f.) Leme","species","name accepted","bfo-5964",,,"Canistropsis billbergioides (Schult. & Schult.f.) Leme","Canistropsis","Bromeliaceae","brazil_sao paulo_guaruja","Brazil","São Paulo","Guarujá",,"ibge",TRUE,-23.889851,-46.158741,"coord_gazet","seconds","low","Canistropsis billbergioides","ok_same_resolution","ok_locality_gazet",,FALSE,"ok_dist","full_name_match","HUSC_8093",,"0","0",,,,"coord_gazet","Medium","ÁREA DE PROTEÇÃO AMBIENTAL MUNICIPAL DA SERRA DO GUARARU"
,,"https://specieslink.net/col/437",,"UNISANTA","HUSC",,"PRESERVED_SPECIMEN","8034","24","R. Guandalini",,"2012-03-13","2012","3","13",,,,"Brasil","BR","São Paulo",,"Guarujá","Serra do Guararu, condomínio Iporanga.",,,,,,,,,"P.S.P Sampaio","2014-02-01",,"Cabralea canjerana (Vell.) Mart.","Magnoliopsida","Sapindales","Meliaceae","Cabralea","species","(Vell.) Mart.","ACCEPTED",,,"Cabralea canjerana (Vell.) Mart.",,,,"Cabralea canjerana","Cabralea canjerana",,"WGS84",,,,,"GBIF","HUSC",,"Guandalini, R.","24","2012","Sampaio, P.S.P.","2014",,"Guandalini",,"brazil","sao paulo","guaruja","serra do guararu",,"locality","brazil_sao paulo_guaruja_serra guararu","brazil_sao paulo_guaruja_guararu",-23.889851,-46.158741,"locality",268437,"Cabralea canjerana","(Vell.) Mart.","name_w_authors","Meliaceae","Cabralea canjerana","(Vell.) Mart.","species","name accepted","bfo-9988",,,"Cabralea canjerana (Vell.) Mart.","Cabralea","Meliaceae","brazil_sao paulo_guaruja","Brazil","São Paulo","Guarujá",,"ibge",TRUE,-23.889851,-46.158741,"coord_gazet","seconds","low","Cabralea canjerana","ok_same_resolution","ok_locality_gazet",,FALSE,"ok_dist","full_name_match","HUSC_8034",,"0","0",,,,"coord_gazet","Medium","ÁREA DE PROTEÇÃO AMBIENTAL MUNICIPAL DA SERRA DO GUARARU"
,,"https://specieslink.net/col/437",,"UNISANTA","HUSC",,"PRESERVED_SPECIMEN","8025","19","Guandalini, R.",,"2012-03-13","2012","3","13",,,,"Brasil","BR","São Paulo",,"Guarujá","Serra do Guararu, condomínio Iporanga, prox. a área C.",,,,,,,,,"Sampaio, P.S.P.","2014-02-01",,"Rollinia sericea (R.E.Fr.) R.E.Fr.","Magnoliopsida","Magnoliales","Annonaceae","Annona","species","(R.E. Fr.) R.E. Fr.","SYNONYM",,,"Annona neosericea H.Rainer",,,,"Rollinia sericea","Annona neosericea",,"WGS84",,,,,"GBIF","HUSC",,"Guandalini, R.","19","2012","Sampaio, P.S.P.","2014",,"Guandalini",,"brazil","sao paulo","guaruja","serra do guararu",,"locality","brazil_sao paulo_guaruja_serra guararu","brazil_sao paulo_guaruja_guararu",-23.889851,-46.158741,"locality",185215,"Annona dolabripetala","Raddi","name_w_authors","Annonaceae","Annona dolabripetala","Raddi","species","replaced synonym","bfo-110241","Annona dolabripetala","Raddi","Annona dolabripetala Raddi","Annona","Annonaceae","brazil_sao paulo_guaruja","Brazil","São Paulo","Guarujá",,"ibge",TRUE,-23.889851,-46.158741,"coord_gazet","seconds","low","Annona dolabripetala","ok_same_resolution","ok_locality_gazet",,FALSE,"ok_dist","full_name_match","HUSC_8025",,"0","0",,,,"coord_gazet","Medium","ÁREA DE PROTEÇÃO AMBIENTAL MUNICIPAL DA SERRA DO GUARARU"
,,"https://specieslink.net/col/437",,"UNISANTA","HUSC",,"PRESERVED_SPECIMEN","8092","25","Fabiana Marchi",,"2012-03-08","2012","3","8",,,,"Brasil","BR","São Paulo",,"Guarujá","Serra do Guararu, condomínio Iporanga.",,,,,,,,,"P.S.P Sampaio","2014-02-01",,"Aechmea nudicaulis (L.) Griseb.","Liliopsida","Poales","Bromeliaceae","Aechmea","species","(L.) Griseb.","ACCEPTED",,,"Aechmea nudicaulis (L.) Griseb.",,,,"Aechmea nudicaulis","Aechmea nudicaulis",,"WGS84",,,,,"GBIF","HUSC",,"Marchi, F.","25","2012","Sampaio, P.S.P.","2014",,"Marchi",,"brazil","sao paulo","guaruja","serra do guararu",,"locality","brazil_sao paulo_guaruja_serra guararu","brazil_sao paulo_guaruja_guararu",-23.889851,-46.158741,"locality",268475,"Aechmea nudicaulis","(L.) Griseb.","name_w_authors","Bromeliaceae","Aechmea nudicaulis","(L.) Griseb.","species","name accepted","bfo-5847",,,"Aechmea nudicaulis (L.) Griseb.","Aechmea","Bromeliaceae","brazil_sao paulo_guaruja","Brazil","São Paulo","Guarujá",,"ibge",TRUE,-23.889851,-46.158741,"coord_gazet","seconds","low","Aechmea nudicaulis","ok_same_resolution","ok_locality_gazet",,FALSE,"ok_dist","full_name_match","HUSC_8092",,"0","0",,,,"coord_gazet","Medium","ÁREA DE PROTEÇÃO AMBIENTAL MUNICIPAL DA SERRA DO GUARARU"
,,"https://specieslink.net/col/437",,"UNISANTA","HUSC",,"PRESERVED_SPECIMEN","8007","5B","Bianca",,"2012-07-27","2012","7","27",,,,"Brasil","BR","São Paulo",,"Guarujá","Serra do Guararu, condomínio Iporanga.",,,,,,,,,"M.Magenta; R. Guandalini","2014-03-01",,"Acianthera hygrophila (Barb.Rodr.) Pridgeon & M.W.Chase","Liliopsida","Asparagales","Orchidaceae","Acianthera","species","(Barb.Rodr.) Pridgeon & M.W.Chase","ACCEPTED",,,"Acianthera hygrophila (Barb.Rodr.) Pridgeon & M.W.Chase",,,,"Acianthera hygrophila","Acianthera hygrophila",,"WGS84",,,,,"GBIF","HUSC",,"Bianca","5-B","2012","Magenta, M.","2014",,"Bianca","Guandalini, R.","brazil","sao paulo","guaruja","serra do guararu",,"locality","brazil_sao paulo_guaruja_serra guararu","brazil_sao paulo_guaruja_guararu",-23.889851,-46.158741,"locality",268417,"Acianthera hygrophila","(Barb.Rodr.) Pridgeon & M.W.Chase","name_w_authors","Orchidaceae","Acianthera hygrophila","(Barb.Rodr.) Pridgeon & M.W.Chase","species","name accepted","bfo-11017",,,"Acianthera hygrophila (Barb.Rodr.) Pridgeon & M.W.Chase","Acianthera","Orchidaceae","brazil_sao paulo_guaruja","Brazil","São Paulo","Guarujá",,"ibge",TRUE,-23.889851,-46.158741,"coord_gazet","seconds","low","Acianthera hygrophila","ok_same_resolution","ok_locality_gazet",,FALSE,"ok_dist","full_name_match","HUSC_8007",,"0","0",,,,"coord_gazet","Medium","ÁREA DE PROTEÇÃO AMBIENTAL MUNICIPAL DA SERRA DO GUARARU"
,,"https://specieslink.net/col/437",,"UNISANTA","HUSC",,"PRESERVED_SPECIMEN","8020","33","R. Guandalini",,"2012-03-22","2012","3","22",,,,"Brasil","BR","São Paulo",,"Guarujá","Serra do Guararu, condomínio Iporanga, área C, parcela 19.",,,,,,,,,"M.Magenta; R. Guandalini","2014-06-01",,"Scaphyglottis Poepp. & Endl.","Liliopsida","Asparagales","Orchidaceae","Scaphyglottis","genus",,"ACCEPTED",,,"Scaphyglottis Poepp. & Endl.",,,,"Scaphyglottis",,,"WGS84",,,,,"GBIF","HUSC",,"Guandalini, R.","33","2012","Magenta, M.","2014",,"Guandalini","Guandalini, R.","brazil","sao paulo","guaruja","serra do guararu",,"locality","brazil_sao paulo_guaruja_serra guararu","brazil_sao paulo_guaruja_guararu",-23.889851,-46.158741,"locality",1615854,"Scaphyglottis","Poepp. & Endl.","name_w_authors","Orchidaceae","Scaphyglottis","Poepp. & Endl.","genus","name accepted","bfo-12207",,,"Scaphyglottis Poepp. & Endl.","Scaphyglottis","Orchidaceae","brazil_sao paulo_guaruja","Brazil","São Paulo","Guarujá",,"ibge",TRUE,-23.889851,-46.158741,"coord_gazet","seconds","low",,"ok_same_resolution","ok_locality_gazet",,FALSE,"no_cannot_check","full_name_match","HUSC_8020","HUSC_8013|HUSC_8020","1","0.25","HUSC_8013","HUSC_8013","HUSC_8013","coord_gazet","Medium","ÁREA DE PROTEÇÃO AMBIENTAL MUNICIPAL DA SERRA DO GUARARU"
,,"https://specieslink.net/col/437",,"UNISANTA","HUSC",,"PRESERVED_SPECIMEN","11753","82","D. Costa; R. Guandalini",,"2012-03-13","2012","3","13",,,,"Brasil","BR","São Paulo",,"Guarujá","Serra do Guararu, condomínio Iporanga, área B.",,,,,,,,,"M.Magenta; P.S.P Sampaio","2013-08-01",,"Rudgea coriacea (Spreng.) K.Schum.","Magnoliopsida","Gentianales","Rubiaceae","Rudgea","species","(Spreng.) K. Schum.","ACCEPTED",,,"Rudgea coriacea (Spreng.) K.Schum.",,,,"Rudgea coriacea","Rudgea coriacea",,"WGS84",,,,,"GBIF","HUSC",,"Costa, D.","82","2012","Magenta, M.","2013","Guandalini, R.","Costa","Sampaio, P.S.P.","brazil","sao paulo","guaruja","serra do guararu",,"locality","brazil_sao paulo_guaruja_serra guararu","brazil_sao paulo_guaruja_guararu",-23.889851,-46.158741,"locality",268624,"Rudgea coriacea","(Spreng.) K.Schum.","name_w_authors","Rubiaceae","Rudgea coriacea","(Spreng.) K.Schum.","species","name accepted","bfo-14247",,,"Rudgea coriacea (Spreng.) K.Schum.","Rudgea","Rubiaceae","brazil_sao paulo_guaruja","Brazil","São Paulo","Guarujá",,"ibge",TRUE,-23.889851,-46.158741,"coord_gazet","seconds","low","Rudgea coriacea","ok_same_resolution","ok_locality_gazet",,FALSE,"ok_dist","full_name_match","HUSC_11753",,"0","0",,,,"coord_gazet","Medium","ÁREA DE PROTEÇÃO AMBIENTAL MUNICIPAL DA SERRA DO GUARARU"
,,"https://specieslink.net/col/437",,"UNISANTA","HUSC",,"PRESERVED_SPECIMEN","10948","25","Isidro, B.; Carminatto, A.; Guandalini, R.; Magenta, M.A.G.",,"2012-05-24","2012","5","24",,,,"Brasil","BR","São Paulo",,"Guarujá","Serra do Guararu, condomínio Iporanga,área B. Forófito 829.",,,,,,,,,"Isidro, B.; et al.","2013-04-01",,"Rhodospatha latifolia Poepp.","Liliopsida","Alismatales","Araceae","Rhodospatha","species","Poepp.","ACCEPTED",,,"Rhodospatha latifolia Poepp.",,,,"Rhodospatha latifolia","Rhodospatha latifolia",,"WGS84",,,,,"GBIF","HUSC",,"Isidro, B.","25","2012","Isidro, B.","2013","Carminatto, A.; Guandalini, R.; Magenta, M.A.G.","Isidro",,"brazil","sao paulo","guaruja","serra do guararu",,"locality","brazil_sao paulo_guaruja_serra guararu","brazil_sao paulo_guaruja_guararu",-23.889851,-46.158741,"locality",185271,"Rhodospatha latifolia","Poepp.","name_w_authors","Araceae","Rhodospatha latifolia","Poepp.","species","name accepted","bfo-5072",,,"Rhodospatha latifolia Poepp.","Rhodospatha","Araceae","brazil_sao paulo_guaruja","Brazil","São Paulo","Guarujá",,"ibge",TRUE,-23.889851,-46.158741,"coord_gazet","seconds","low","Rhodospatha latifolia","ok_same_resolution","ok_locality_gazet",,FALSE,"ok_dist","full_name_match","HUSC_10948",,"0","0",,,,"coord_gazet","Medium","ÁREA DE PROTEÇÃO AMBIENTAL MUNICIPAL DA SERRA DO GUARARU"
,,"https://specieslink.net/col/437",,"UNISANTA","HUSC",,"PRESERVED_SPECIMEN","11657","91","D. Costa; G. Martins",,"2012-05-12","2012","5","12",,,,"Brasil","BR","São Paulo",,"Guarujá","Serra do Guararu, condomínio Iporanga, área B, parcela 14.",,,,,,,,,"P.S.P Sampaio","2013-08-01",,"Miconia cubatanensis Hoehne","Magnoliopsida","Myrtales","Melastomataceae","Miconia","species","Hoehne","ACCEPTED",,,"Miconia cubatanensis Hoehne",,,,"Miconia cubatanensis","Miconia cubatanensis",,"WGS84",,,,,"GBIF","HUSC",,"Costa, D.","91","2012","Sampaio, P.S.P.","2013","Martins, G.","Costa",,"brazil","sao paulo","guaruja","serra do guararu",,"locality","brazil_sao paulo_guaruja_serra guararu","brazil_sao paulo_guaruja_guararu",-23.889851,-46.158741,"locality",268585,"Miconia cubatanensis","Hoehne","name_w_authors","Melastomataceae","Miconia cubatanensis","Hoehne","species","name accepted","bfo-9691",,,"Miconia cubatanensis Hoehne","Miconia","Melastomataceae","brazil_sao paulo_guaruja","Brazil","São Paulo","Guarujá",,"ibge",TRUE,-23.889851,-46.158741,"coord_gazet","seconds","low","Miconia cubatanensis","ok_same_resolution","ok_locality_gazet",,FALSE,"ok_dist","full_name_match","HUSC_11657",,"0","0",,,,"coord_gazet","Medium","ÁREA DE PROTEÇÃO AMBIENTAL MUNICIPAL DA SERRA DO GUARARU"
,,"https://specieslink.net/col/437",,"UNISANTA","HUSC",,"PRESERVED_SPECIMEN","10994","144","D. Costa; et al.",,"2012-09-13","2012","9","13",,,,"Brasil","BR","São Paulo",,"Guarujá","Serra do Guararu, condomínio Iporanga, área A.",,,,,,,,,"P. Sampaio","2013-10-01",,"Begonia lanceolata Vell.","Magnoliopsida","Cucurbitales","Begoniaceae","Begonia","species","Vell.","ACCEPTED",,,"Begonia lanceolata Vell.",,,,"Begonia lanceolata","Begonia lanceolata",,"WGS84",,,,,"GBIF","HUSC",,"Costa, D.","144","2012","Sampaio, P.","2013",,"Costa",,"brazil","sao paulo","guaruja","serra do guararu",,"locality","brazil_sao paulo_guaruja_serra guararu","brazil_sao paulo_guaruja_guararu",-23.889851,-46.158741,"locality",268511,"Begonia lanceolata","Vell.","name_w_authors","Begoniaceae","Begonia lanceolata","Vell.","species","name accepted","bfo-5651",,,"Begonia lanceolata Vell.","Begonia","Begoniaceae","brazil_sao paulo_guaruja","Brazil","São Paulo","Guarujá",,"ibge",TRUE,-23.889851,-46.158741,"coord_gazet","seconds","low","Begonia lanceolata","ok_same_resolution","ok_locality_gazet",,FALSE,"ok_dist","full_name_match","HUSC_10994",,"0","0",,,,"coord_gazet","Medium","ÁREA DE PROTEÇÃO AMBIENTAL MUNICIPAL DA SERRA DO GUARARU"
,,"https://specieslink.net/col/437",,"UNISANTA","HUSC",,"PRESERVED_SPECIMEN","11628","45","D. Costa; Erika",,"2012-01-20","2012","1","20",,,,"Brasil","BR","São Paulo",,"Guarujá","Serra do Guararu, condomínio Iporanga, península, área manguezal, conhecida como rabo do Dragão.",,,,,,,,,"P.S.P Sampaio","2012-03-01",,"Tetracera sellowiana Schltdl.","Magnoliopsida","Dilleniales","Dilleniaceae","Tetracera","species","Schl.","ACCEPTED",,,"Tetracera sellowiana Schltdl.",,,,"Tetracera sellowiana","Tetracera sellowiana",,"WGS84",,,,,"GBIF","HUSC",,"Costa, D.","45","2012","Sampaio, P.S.P.","2012","Erika","Costa",,"brazil","sao paulo","guaruja","serra do guararu",,"locality","brazil_sao paulo_guaruja_serra guararu","brazil_sao paulo_guaruja_guararu",-23.889851,-46.158741,"locality",268534,"Tetracera sellowiana","Schltdl.","name_w_authors","Dilleniaceae","Tetracera sellowiana","Schltdl.","species","name accepted","bfo-7371",,,"Tetracera sellowiana Schltdl.","Tetracera","Dilleniaceae","brazil_sao paulo_guaruja","Brazil","São Paulo","Guarujá",,"ibge",TRUE,-23.889851,-46.158741,"coord_gazet","seconds","low","Tetracera sellowiana","ok_same_resolution","ok_locality_gazet",,FALSE,"ok_dist","full_name_match","HUSC_11628",,"0","0",,,,"coord_gazet","Medium","ÁREA DE PROTEÇÃO AMBIENTAL MUNICIPAL DA SERRA DO GUARARU"
,,"https://specieslink.net/col/437",,"UNISANTA","HUSC",,"PRESERVED_SPECIMEN","10964","96","Costa, D.; Martins, G.",,"2012-05-12","2012","5","12",,,,"Brasil","BR","São Paulo",,"Guarujá","Serra do Guararu, condomínio Iporanga, área B.",,,,,,,,,"Costa, D.","2012-05-01",,"Syagrus pseudococos (Raddi) Glassman","Liliopsida","Arecales","Arecaceae","Syagrus","species","(Raddi) Glassman","ACCEPTED",,,"Syagrus pseudococos (Raddi) Glassman",,,,"Syagrus pseudococos","Syagrus pseudococos",,"WGS84",,,,,"GBIF","HUSC",,"Costa, D.","96","2012","Costa, D.","2012","Martins, G.","Costa",,"brazil","sao paulo","guaruja","serra do guararu",,"locality","brazil_sao paulo_guaruja_serra guararu","brazil_sao paulo_guaruja_guararu",-23.889851,-46.158741,"locality",185270,"Syagrus pseudococos","(Raddi) Glassman","name_w_authors","Arecaceae","Syagrus pseudococos","(Raddi) Glassman","species","name accepted","bfo-34083",,,"Syagrus pseudococos (Raddi) Glassman","Syagrus","Arecaceae","brazil_sao paulo_guaruja","Brazil","São Paulo","Guarujá",,"ibge",TRUE,-23.889851,-46.158741,"coord_gazet","seconds","low","Syagrus pseudococos","ok_same_resolution","ok_locality_gazet",,FALSE,"ok_dist","full_name_match","HUSC_10964",,"0","0",,,,"coord_gazet","Medium","ÁREA DE PROTEÇÃO AMBIENTAL MUNICIPAL DA SERRA DO GUARARU"
,,"https://specieslink.net/col/437",,"UNISANTA","HUSC",,"PRESERVED_SPECIMEN","11589","48","D. Costa; Erika",,"2012-01-20","2012","1","20",,,,"Brasil","BR","São Paulo",,"Guarujá","Serra do Guararu, condomínio Iporanga, península, área manguezal, conhecida como rabo do Dragão.",,,,,,,,,"P. Sampaio","2012-03-01",,"Stigmaphyllon ciliatum (Lam.) A.Juss.","Magnoliopsida","Malpighiales","Malpighiaceae","Stigmaphyllon","species","(Lam.) A.Juss.","ACCEPTED",,,"Stigmaphyllon ciliatum (Lam.) A.Juss.",,,,"Stigmaphyllon ciliatum","Stigmaphyllon ciliatum",,"WGS84",,,,,"GBIF","HUSC",,"Costa, D.","48","2012","Sampaio, P.","2012","Erika","Costa",,"brazil","sao paulo","guaruja","serra do guararu",,"locality","brazil_sao paulo_guaruja_serra guararu","brazil_sao paulo_guaruja_guararu",-23.889851,-46.158741,"locality",268520,"Stigmaphyllon ciliatum","(Lam.) A.Juss.","name_w_authors","Malpighiaceae","Stigmaphyllon ciliatum","(Lam.) A.Juss.","species","name accepted","bfo-8951",,,"Stigmaphyllon ciliatum (Lam.) A.Juss.","Stigmaphyllon","Malpighiaceae","brazil_sao paulo_guaruja","Brazil","São Paulo","Guarujá",,"ibge",TRUE,-23.889851,-46.158741,"coord_gazet","seconds","low","Stigmaphyllon ciliatum","ok_same_resolution","ok_locality_gazet",,FALSE,"ok_dist","full_name_match","HUSC_11589",,"0","0",,,,"coord_gazet","Medium","ÁREA DE PROTEÇÃO AMBIENTAL MUNICIPAL DA SERRA DO GUARARU"
,,"https://specieslink.net/col/437",,"UNISANTA","HUSC",,"PRESERVED_SPECIMEN","11609","52","D. Costa; Erika",,"2012-01-20","2012","1","20",,,,"Brasil","BR","São Paulo",,"Guarujá","Serra do Guararu, condomínio Iporanga, península, área manguezal, conhecida como rabo do Dragão.",,,,,,,,,"D. Costa","2012-02-01",,"Sophora tomentosa L.","Magnoliopsida","Fabales","Fabaceae","Sophora","species","L.","ACCEPTED",,,"Sophora tomentosa L.",,,,"Sophora tomentosa","Sophora tomentosa",,"WGS84",,,,,"GBIF","HUSC",,"Costa, D.","52","2012","Costa, D.","2012","Erika","Costa",,"brazil","sao paulo","guaruja","serra do guararu",,"locality","brazil_sao paulo_guaruja_serra guararu","brazil_sao paulo_guaruja_guararu",-23.889851,-46.158741,"locality",268513,"Sophora tomentosa","L.","name_w_authors","Fabaceae","Sophora tomentosa","L.","species","name accepted","bfo-19129",,,"Sophora tomentosa L.","Sophora","Fabaceae","brazil_sao paulo_guaruja","Brazil","São Paulo","Guarujá",,"ibge",TRUE,-23.889851,-46.158741,"coord_gazet","seconds","low","Sophora tomentosa","ok_same_resolution","ok_locality_gazet",,FALSE,"ok_dist","full_name_match","HUSC_11609",,"0","0",,,,"coord_gazet","Medium","ÁREA DE PROTEÇÃO AMBIENTAL MUNICIPAL DA SERRA DO GUARARU"
,,"https://specieslink.net/col/437",,"UNISANTA","HUSC",,"PRESERVED_SPECIMEN","11645","19","A. Carminatto; A. Costa, R Lazarini",,"2012-03-22","2012","3","22",,,,"Brasil","BR","São Paulo",,"Guarujá","Serra do Guararu, condomínio Iporanga. Área B, parcela 14, indivíduo 821.",,,,,,,,,"P.S.P Sampaio","2012-05-01",,"Clidemia blepharodes DC.","Magnoliopsida","Myrtales","Melastomataceae","Miconia","species","DC.","SYNONYM",,,"Miconia blepharodes (DC.) R.Goldenb.",,,,"Clidemia blepharodes","Miconia blepharodes",,"WGS84",,,,,"GBIF","HUSC",,"Carminatto, A.","19","2012","Sampaio, P.S.P.","2012","Costa, R.L.A.","Carminatto",,"brazil","sao paulo","guaruja","serra do guararu",,"locality","brazil_sao paulo_guaruja_serra guararu","brazil_sao paulo_guaruja_guararu",-23.889851,-46.158741,"locality",268590,"Pleiochiton blepharodes","(DC.) Reginato et al.","name_w_authors","Melastomataceae","Pleiochiton blepharodes","(DC.) Reginato et al.","species","replaced synonym","bfo-117217","Pleiochiton blepharodes","(DC.) Reginato et al.","Pleiochiton blepharodes (DC.) Reginato et al.","Pleiochiton","Melastomataceae","brazil_sao paulo_guaruja","Brazil","São Paulo","Guarujá",,"ibge",TRUE,-23.889851,-46.158741,"coord_gazet","seconds","low","Pleiochiton blepharodes","ok_same_resolution","ok_locality_gazet",,FALSE,"ok_dist","full_name_match","HUSC_11645",,"0","0",,,,"coord_gazet","Medium","ÁREA DE PROTEÇÃO AMBIENTAL MUNICIPAL DA SERRA DO GUARARU"
,,"https://specieslink.net/col/437",,"UNISANTA","HUSC",,"PRESERVED_SPECIMEN","11844","44","D. Costa; Erika",,"2012-01-20","2012","1","20",,,,"Brasil","BR","São Paulo",,"Guarujá","Serra do Guararu, condomínio Iporanga, península, área manguezal, conhecida como rabo do Dragão.",,,,,,,,,"P.S.P Sampaio","2012-03-01",,"Phoradendron piperoides (Kunth) Trel.","Magnoliopsida","Santalales","Viscaceae","Phoradendron","species","(Kunth) Trel.","ACCEPTED",,,"Phoradendron piperoides (Kunth) Trel.",,,,"Phoradendron piperoides","Phoradendron piperoides",,"WGS84",,,,,"GBIF","HUSC",,"Costa, D.","44","2012","Sampaio, P.S.P.","2012","Erika","Costa",,"brazil","sao paulo","guaruja","serra do guararu",,"locality","brazil_sao paulo_guaruja_serra guararu","brazil_sao paulo_guaruja_guararu",-23.889851,-46.158741,"locality",268707,"Phoradendron piperoides","(Kunth) Trel.","name_w_authors","Santalaceae","Phoradendron piperoides","(Kunth) Trel.","species","name accepted","bfo-14443",,,"Phoradendron piperoides (Kunth) Trel.","Phoradendron","Santalaceae","brazil_sao paulo_guaruja","Brazil","São Paulo","Guarujá",,"ibge",TRUE,-23.889851,-46.158741,"coord_gazet","seconds","low","Phoradendron piperoides","ok_same_resolution","ok_locality_gazet",,FALSE,"ok_dist","full_name_match","HUSC_11844",,"0","0",,,,"coord_gazet","Medium","ÁREA DE PROTEÇÃO AMBIENTAL MUNICIPAL DA SERRA DO GUARARU"
,,"https://specieslink.net/col/437",,"UNISANTA","HUSC",,"PRESERVED_SPECIMEN","11715","05","B. Isidro; M.Magenta, R Gondoni",,"2012-02-29","2012","2","29",,,,"Brasil","BR","São Paulo",,"Guarujá","Serra do Guararu, condomínio Iporanga, área C, próximo ao indivíduo 1166.",,,,,,,,,"M.Magenta","2012-03-01",,"Peperomia glabella (Sw.) A.Dietr.","Magnoliopsida","Piperales","Piperaceae","Peperomia","species","(S.w) A. Dietr.","ACCEPTED",,,"Peperomia glabella (Sw.) A.Dietr.",,,,"Peperomia glabella","Peperomia glabella",,"WGS84",,,,,"GBIF","HUSC",,"Isidro, B.","05","2012","Magenta, M.","2012","Magenta, R.G.M.","Isidro",,"brazil","sao paulo","guaruja","serra do guararu",,"locality","brazil_sao paulo_guaruja_serra guararu","brazil_sao paulo_guaruja_guararu",-23.889851,-46.158741,"locality",268631,"Peperomia glabella","(Sw.) A.Dietr.","name_w_authors","Piperaceae","Peperomia glabella","(Sw.) A.Dietr.","species","name accepted","bfo-12653",,,"Peperomia glabella (Sw.) A.Dietr.","Peperomia","Piperaceae","brazil_sao paulo_guaruja","Brazil","São Paulo","Guarujá",,"ibge",TRUE,-23.889851,-46.158741,"coord_gazet","seconds","low","Peperomia glabella","ok_same_resolution","ok_locality_gazet",,FALSE,"ok_dist","full_name_match","HUSC_11715",,"0","0",,,,"coord_gazet","Medium","ÁREA DE PROTEÇÃO AMBIENTAL MUNICIPAL DA SERRA DO GUARARU"
,,"https://specieslink.net/col/437",,"UNISANTA","HUSC",,"PRESERVED_SPECIMEN","11734","249","D. Costa; G. Martins",,"2012-07-06","2012","7","6",,,,"Brasil","BR","São Paulo",,"Guarujá","Serra do Guararu, condomínio Iporanga, área B.",,,,,,,,,"D. Costa","2012-07-01",,"Palicourea deflexa (DC.) Borhidi","Magnoliopsida","Gentianales","Rubiaceae","Palicourea","species","(DC.) Borhidi","ACCEPTED",,,"Palicourea deflexa (DC.) Borhidi",,,,"Palicourea deflexa","Palicourea deflexa",,"WGS84",,,,,"GBIF","HUSC",,"Costa, D.","249","2012","Costa, D.","2012","Martins, G.","Costa",,"brazil","sao paulo","guaruja","serra do guararu",,"locality","brazil_sao paulo_guaruja_serra guararu","brazil_sao paulo_guaruja_guararu",-23.889851,-46.158741,"locality",268667,"Palicourea deflexa","(DC.) Borhidi","name_w_authors","Rubiaceae","Palicourea deflexa","(DC.) Borhidi","species","name accepted","bfo-612307",,,"Palicourea deflexa (DC.) Borhidi","Palicourea","Rubiaceae","brazil_sao paulo_guaruja","Brazil","São Paulo","Guarujá",,"ibge",TRUE,-23.889851,-46.158741,"coord_gazet","seconds","low","Palicourea deflexa","ok_same_resolution","ok_locality_gazet",,FALSE,"ok_dist","full_name_match","HUSC_11734",,"0","0",,,,"coord_gazet","Medium","ÁREA DE PROTEÇÃO AMBIENTAL MUNICIPAL DA SERRA DO GUARARU"
,,"https://specieslink.net/col/437",,"UNISANTA","HUSC",,"PRESERVED_SPECIMEN","11664","777","M.Magenta; R. Gandalini, B Isidro",,"2012-02-29","2012","2","29",,,,"Brasil","BR","São Paulo",,"Guarujá","Serra do Guararu, condomínio Iporanga, área C, fora da parcela.",,,,,,,,,"M.Magenta; P.S.P Sampaio","2012-03-01",,"Ossaea sanguinea Cogn.","Magnoliopsida","Myrtales","Melastomataceae","Miconia","species","Cogn.","SYNONYM",,,"Miconia secunsanguinea Ocampo & Almeda",,,,"Ossaea sanguinea","Miconia secunsanguinea",,"WGS84",,,,,"GBIF","HUSC",,"Magenta, M.","777","2012","Magenta, M.","2012","Gandalini, B.I.R.","Magenta","Sampaio, P.S.P.","brazil","sao paulo","guaruja","serra do guararu",,"locality","brazil_sao paulo_guaruja_serra guararu","brazil_sao paulo_guaruja_guararu",-23.889851,-46.158741,"locality",268549,"Ossaea sanguinea","Cogn.","name_w_authors","Melastomataceae","Ossaea sanguinea","Cogn.","species","name accepted","bfo-9840",,,"Ossaea sanguinea Cogn.","Ossaea","Melastomataceae","brazil_sao paulo_guaruja","Brazil","São Paulo","Guarujá",,"ibge",TRUE,-23.889851,-46.158741,"coord_gazet","seconds","low","Ossaea sanguinea","ok_same_resolution","ok_locality_gazet",,FALSE,"ok_dist","full_name_match","HUSC_11664",,"0","0",,,,"coord_gazet","Medium","ÁREA DE PROTEÇÃO AMBIENTAL MUNICIPAL DA SERRA DO GUARARU"
,,"https://specieslink.net/col/437",,"UNISANTA","HUSC",,"PRESERVED_SPECIMEN","11670","22","A. Carminatto; R. Lazarini, D Gomes",,"2012-03-22","2012","3","22",,,,"Brasil","BR","São Paulo",,"Guarujá","Serra do Guararu, condomínio Iporanga, área B, parcela 14.",,,,,,,,,"P.S.P Sampaio","2012-02-01",,"Gomidesia spectabilis (DC.) O.Berg","Magnoliopsida","Myrtales","Myrtaceae","Myrcia","species","(DC.) O.Berg","SYNONYM",,,"Myrcia spectabilis DC.",,,,"Gomidesia spectabilis","Myrcia spectabilis",,"WGS84",,,,,"GBIF","HUSC",,"Carminatto, A.","22","2012","Sampaio, P.S.P.","2012","Lazarini, D.G.R.","Carminatto",,"brazil","sao paulo","guaruja","serra do guararu",,"locality","brazil_sao paulo_guaruja_serra guararu","brazil_sao paulo_guaruja_guararu",-23.889851,-46.158741,"locality",268550,"Myrcia spectabilis","DC.","name_w_authors","Myrtaceae","Myrcia spectabilis","DC.","species","replaced synonym","bfo-10758","Myrcia spectabilis","DC.","Myrcia spectabilis DC.","Myrcia","Myrtaceae","brazil_sao paulo_guaruja","Brazil","São Paulo","Guarujá",,"ibge",TRUE,-23.889851,-46.158741,"coord_gazet","seconds","low","Myrcia spectabilis","ok_same_resolution","ok_locality_gazet",,FALSE,"ok_dist","full_name_match","HUSC_11670",,"0","0",,,,"coord_gazet","Medium","ÁREA DE PROTEÇÃO AMBIENTAL MUNICIPAL DA SERRA DO GUARARU"
,,"https://specieslink.net/col/437",,"UNISANTA","HUSC",,"PRESERVED_SPECIMEN","11690","41","D. Costa; F. Giordano, R Lazarini",,"2012-01-10","2012","1","10",,,,"Brasil","BR","São Paulo",,"Guarujá","Serra do Guararu, condomínio Iporanga, na entrada do condomínio.",,,,,,,,,"D. Costa; A. Santos","2012-12-01",,"Muntingia calabura L.","Magnoliopsida","Malvales","Muntingiaceae","Muntingia","species","L.","ACCEPTED",,,"Muntingia calabura L.",,,,"Muntingia calabura","Muntingia calabura",,"WGS84",,,,,"GBIF","HUSC",,"Costa, D.","41","2012","Costa, D.","2012","Giordano, R.L.F.","Costa","Santos, A.","brazil","sao paulo","guaruja","serra do guararu",,"locality","brazil_sao paulo_guaruja_serra guararu","brazil_sao paulo_guaruja_guararu",-23.889851,-46.158741,"locality",268601,"Muntingia calabura","L.","name_w_authors","Muntingiaceae","Muntingia calabura","L.","species","name accepted","bfo-23939",,,"Muntingia calabura L.","Muntingia","Muntingiaceae","brazil_sao paulo_guaruja","Brazil","São Paulo","Guarujá",,"ibge",TRUE,-23.889851,-46.158741,"coord_gazet","seconds","low","Muntingia calabura","ok_same_resolution","ok_locality_gazet",,FALSE,"bad_dist","full_name_match","HUSC_11690",,"0","0",,,,"coord_gazet","Medium","ÁREA DE PROTEÇÃO AMBIENTAL MUNICIPAL DA SERRA DO GUARARU"
,,"https://specieslink.net/col/437",,"UNISANTA","HUSC",,"PRESERVED_SPECIMEN","11653","08","B. Isidro; et al.",,"2012-03-22","2012","3","22",,,,"Brasil","BR","São Paulo",,"Guarujá","Serra do Guararu, condomínio Iporanga, área B, parcela 17, próximo ao indivíduo 974.",,,,,,,,,"P.S.P Sampaio; B. Isidro","2012-01-01",,"Leandra dasytricha (A.Gray) Cogn.","Magnoliopsida","Myrtales","Melastomataceae","Miconia","species","(A. Gray) Cogn.","SYNONYM",,,"Miconia dasytricha (A.Gray) R.Goldenb.",,,,"Leandra dasytricha","Miconia dasytricha",,"WGS84",,,,,"GBIF","HUSC",,"Isidro, B.","08","2012","Sampaio, P.S.P.","2012",,"Isidro","Isidro, B.","brazil","sao paulo","guaruja","serra do guararu",,"locality","brazil_sao paulo_guaruja_serra guararu","brazil_sao paulo_guaruja_guararu",-23.889851,-46.158741,"locality",268572,"Leandra variabilis","Raddi","name_w_authors","Melastomataceae","Leandra variabilis","Raddi","species","replaced synonym","bfo-9638","Leandra variabilis","Raddi","Leandra variabilis Raddi","Leandra","Melastomataceae","brazil_sao paulo_guaruja","Brazil","São Paulo","Guarujá",,"ibge",TRUE,-23.889851,-46.158741,"coord_gazet","seconds","low","Leandra variabilis","ok_same_resolution","ok_locality_gazet",,FALSE,"ok_dist","full_name_match","HUSC_11653",,"0","0",,,,"coord_gazet","Medium","ÁREA DE PROTEÇÃO AMBIENTAL MUNICIPAL DA SERRA DO GUARARU"
,,"https://specieslink.net/col/437",,"UNISANTA","HUSC",,"PRESERVED_SPECIMEN","11614","51","D. Costa; Erika",,"2012-01-20","2012","1","20",,,,"Brasil","BR","São Paulo",,"Guarujá","Serra do Guararu, condomínio Iporanga, península, área manguezal, conhecida como rabo do Dragão.",,,,,,,,,"D. Costa","2012-02-01",,"Laguncularia racemosa (L.) C.F.Gaertn.","Magnoliopsida","Myrtales","Combretaceae","Laguncularia","species","(L.) C.F.Gaertn.","ACCEPTED",,,"Laguncularia racemosa (L.) C.F.Gaertn.",,,,"Laguncularia racemosa","Laguncularia racemosa",,"WGS84",,,,,"GBIF","HUSC",,"Costa, D.","51","2012","Costa, D.","2012","Erika","Costa",,"brazil","sao paulo","guaruja","serra do guararu",,"locality","brazil_sao paulo_guaruja_serra guararu","brazil_sao paulo_guaruja_guararu",-23.889851,-46.158741,"locality",268519,"Laguncularia racemosa","(L.) C.F.Gaertn.","name_w_authors","Combretaceae","Laguncularia racemosa","(L.) C.F.Gaertn.","species","name accepted","bfo-6912",,,"Laguncularia racemosa (L.) C.F.Gaertn.","Laguncularia","Combretaceae","brazil_sao paulo_guaruja","Brazil","São Paulo","Guarujá",,"ibge",TRUE,-23.889851,-46.158741,"coord_gazet","seconds","low","Laguncularia racemosa","ok_same_resolution","ok_locality_gazet",,FALSE,"ok_dist","full_name_match","HUSC_11614",,"0","0",,,,"coord_gazet","Medium","ÁREA DE PROTEÇÃO AMBIENTAL MUNICIPAL DA SERRA DO GUARARU"
,,"https://specieslink.net/col/437",,"UNISANTA","HUSC",,"PRESERVED_SPECIMEN","11773","134","D. Costa; B. Isidro",,"2012-07-27","2012","7","27",,,,"Brasil","BR","São Paulo",,"Guarujá","Serra do Guararu, condomínio Iporanga, área B, parcela 19, indivíduo 1024.",,,,,,,,,"P.S.P Sampaio","2012-12-01",,"Ixora gardneriana Benth.","Magnoliopsida","Gentianales","Rubiaceae","Ixora","species","Benth.","ACCEPTED",,,"Ixora gardneriana Benth.",,,,"Ixora gardneriana","Ixora gardneriana",,"WGS84",,,,,"GBIF","HUSC",,"Costa, D.","134","2012","Sampaio, P.S.P.","2012","Isidro, B.","Costa",,"brazil","sao paulo","guaruja","serra do guararu",,"locality","brazil_sao paulo_guaruja_serra guararu","brazil_sao paulo_guaruja_guararu",-23.889851,-46.158741,"locality",268691,"Ixora gardneriana","Benth.","name_w_authors","Rubiaceae","Ixora gardneriana","Benth.","species","name accepted","bfo-14080",,,"Ixora gardneriana Benth.","Ixora","Rubiaceae","brazil_sao paulo_guaruja","Brazil","São Paulo","Guarujá",,"ibge",TRUE,-23.889851,-46.158741,"coord_gazet","seconds","low","Ixora gardneriana","ok_same_resolution","ok_locality_gazet",,FALSE,"ok_dist","full_name_match","HUSC_11773",,"0","0",,,,"coord_gazet","Medium","ÁREA DE PROTEÇÃO AMBIENTAL MUNICIPAL DA SERRA DO GUARARU"
,,"https://specieslink.net/col/437",,"UNISANTA","HUSC",,"PRESERVED_SPECIMEN","8119","34","A. Santos; F. Santos",,"2012-05-17","2012","5","17",,,,"Brasil","BR","São Paulo",,"Guarujá","Serra do Guararu, condomínio Iporanga, Área C, parcela 21.",,,,,,,,,"P. Sampaio","2012-05-01",,"Hymenolobium janeirense Kuhlm.","Magnoliopsida","Fabales","Fabaceae","Hymenolobium","species","Kuhlm.","ACCEPTED",,,"Hymenolobium janeirense Kuhlm.",,,,"Hymenolobium janeirense","Hymenolobium janeirense",,"WGS84",,,,,"GBIF","HUSC",,"Santos, A.","34","2012","Sampaio, P.","2012","Santos, F.","Santos",,"brazil","sao paulo","guaruja","serra do guararu",,"locality","brazil_sao paulo_guaruja_serra guararu","brazil_sao paulo_guaruja_guararu",-23.889851,-46.158741,"locality",268491,"Hymenolobium janeirense","Kuhlm.","name_w_authors","Fabaceae","Hymenolobium janeirense","Kuhlm.","species","name accepted","bfo-79084",,,"Hymenolobium janeirense Kuhlm.","Hymenolobium","Fabaceae","brazil_sao paulo_guaruja","Brazil","São Paulo","Guarujá",,"ibge",TRUE,-23.889851,-46.158741,"coord_gazet","seconds","low","Hymenolobium janeirense","ok_same_resolution","ok_locality_gazet",,FALSE,"ok_dist","full_name_match","HUSC_8119",,"0","0",,,,"coord_gazet","Medium","ÁREA DE PROTEÇÃO AMBIENTAL MUNICIPAL DA SERRA DO GUARARU"
,,"https://specieslink.net/col/437",,"UNISANTA","HUSC",,"PRESERVED_SPECIMEN","11613","20","A. Carminatto; et al.",,"2012-03-22","2012","3","22",,,,"Brasil","BR","São Paulo",,"Guarujá","Serra do Guararu, condomínio Iporanga, área B, ao lado da parcela 14.",,,,,,,,,"P.S.P Sampaio","2012-02-01",,"Hippocratea volubilis L.","Magnoliopsida","Celastrales","Celastraceae","Hippocratea","species","L.","ACCEPTED",,,"Hippocratea volubilis L.",,,,"Hippocratea volubilis","Hippocratea volubilis",,"WGS84",,,,,"GBIF","HUSC",,"Carminatto, A.","20","2012","Sampaio, P.S.P.","2012",,"Carminatto",,"brazil","sao paulo","guaruja","serra do guararu",,"locality","brazil_sao paulo_guaruja_serra guararu","brazil_sao paulo_guaruja_guararu",-23.889851,-46.158741,"locality",268516,"Hippocratea volubilis","L.","name_w_authors","Celastraceae","Hippocratea volubilis","L.","species","name accepted","bfo-6745",,,"Hippocratea volubilis L.","Hippocratea","Celastraceae","brazil_sao paulo_guaruja","Brazil","São Paulo","Guarujá",,"ibge",TRUE,-23.889851,-46.158741,"coord_gazet","seconds","low","Hippocratea volubilis","ok_same_resolution","ok_locality_gazet",,FALSE,"ok_dist","full_name_match","HUSC_11613",,"0","0",,,,"coord_gazet","Medium","ÁREA DE PROTEÇÃO AMBIENTAL MUNICIPAL DA SERRA DO GUARARU"
,,"https://specieslink.net/col/437",,"UNISANTA","HUSC",,"PRESERVED_SPECIMEN","11588","47","D. Costa; Erika",,"2012-01-20","2012","1","20",,,,"Brasil","BR","São Paulo",,"Guarujá","Serra do Guararu, condomínio Iporanga, península, área manguezal, conhecida como rabo do Dragão.",,,,,,,,,"P. Sampaio","2012-03-01",,"Heteropterys aenea Griseb.","Magnoliopsida","Malpighiales","Malpighiaceae","Heteropterys","species","Griseb.","ACCEPTED",,,"Heteropterys aenea Griseb.",,,,"Heteropterys aenea","Heteropterys aenea",,"WGS84",,,,,"GBIF","HUSC",,"Costa, D.","47","2012","Sampaio, P.","2012","Erika","Costa",,"brazil","sao paulo","guaruja","serra do guararu",,"locality","brazil_sao paulo_guaruja_serra guararu","brazil_sao paulo_guaruja_guararu",-23.889851,-46.158741,"locality",268553,"Heteropterys aenea","Griseb.","name_w_authors","Malpighiaceae","Heteropterys aenea","Griseb.","species","name accepted","bfo-19441",,,"Heteropterys aenea Griseb.","Heteropterys","Malpighiaceae","brazil_sao paulo_guaruja","Brazil","São Paulo","Guarujá",,"ibge",TRUE,-23.889851,-46.158741,"coord_gazet","seconds","low","Heteropterys aenea","ok_same_resolution","ok_locality_gazet",,FALSE,"ok_dist","full_name_match","HUSC_11588",,"0","0",,,,"coord_gazet","Medium","ÁREA DE PROTEÇÃO AMBIENTAL MUNICIPAL DA SERRA DO GUARARU"
,,"https://specieslink.net/col/437",,"UNISANTA","HUSC",,"PRESERVED_SPECIMEN","11630","46","A. Carminatto; M.Magenta",,"2012-08-09","2012","8","9",,,,"Brasil","BR","São Paulo",,"Guarujá","Serra do Guararu, condomínio Iporanga, área C, parcela 27, indivíduo 1389.",,,,,,,,,"D. Costa; A. Santos","2012-12-01",,"Guarea macrophylla M.Vahl","Magnoliopsida","Sapindales","Meliaceae","Guarea","species","Vahl.","ACCEPTED",,,"Guarea macrophylla M.Vahl",,,,"Guarea macrophylla","Guarea macrophylla",,"WGS84",,,,,"GBIF","HUSC",,"Carminatto, A.","46","2012","Costa, D.","2012","Magenta, M.","Carminatto","Santos, A.","brazil","sao paulo","guaruja","serra do guararu",,"locality","brazil_sao paulo_guaruja_serra guararu","brazil_sao paulo_guaruja_guararu",-23.889851,-46.158741,"locality",268531,"Guarea macrophylla","Vahl","name_w_authors","Meliaceae","Guarea macrophylla","Vahl","species","author misspelled","bfo-9997",,,"Guarea macrophylla Vahl","Guarea","Meliaceae","brazil_sao paulo_guaruja","Brazil","São Paulo","Guarujá",,"ibge",TRUE,-23.889851,-46.158741,"coord_gazet","seconds","low","Guarea macrophylla","ok_same_resolution","ok_locality_gazet",,FALSE,"ok_dist","full_name_match","HUSC_11630",,"0","0",,,,"coord_gazet","Medium","ÁREA DE PROTEÇÃO AMBIENTAL MUNICIPAL DA SERRA DO GUARARU"
,,"https://specieslink.net/col/437",,"UNISANTA","HUSC",,"PRESERVED_SPECIMEN","10961","94","Costa, D.; Martins, G.",,"2012-05-12","2012","5","12",,,,"Brasil","BR","São Paulo",,"Guarujá","Serra do Guararu, condomínio Iporanga, área B.",,,,,,,,,"Costa, D.","2012-01-01",,"Geonoma gamiova Barb.Rodr.","Liliopsida","Arecales","Arecaceae","Geonoma","species","Barb.Rodr.","SYNONYM",,,"Geonoma elegans Mart.",,,,"Geonoma gamiova","Geonoma elegans",,"WGS84",,,,,"GBIF","HUSC",,"Costa, D.","94","2012","Costa, D.","2012","Martins, G.","Costa",,"brazil","sao paulo","guaruja","serra do guararu",,"locality","brazil_sao paulo_guaruja_serra guararu","brazil_sao paulo_guaruja_guararu",-23.889851,-46.158741,"locality",185263,"Geonoma gamiova","Barb.Rodr.","name_w_authors","Arecaceae","Geonoma gamiova","Barb.Rodr.","species","name accepted","bfo-34045",,,"Geonoma gamiova Barb.Rodr.","Geonoma","Arecaceae","brazil_sao paulo_guaruja","Brazil","São Paulo","Guarujá",,"ibge",TRUE,-23.889851,-46.158741,"coord_gazet","seconds","low","Geonoma gamiova","ok_same_resolution","ok_locality_gazet",,FALSE,"ok_dist","full_name_match","HUSC_10961",,"0","0",,,,"coord_gazet","Medium","ÁREA DE PROTEÇÃO AMBIENTAL MUNICIPAL DA SERRA DO GUARARU"
,,"https://specieslink.net/col/437",,"UNISANTA","HUSC",,"PRESERVED_SPECIMEN","10957","84","Costa, D.; Gondoni, R.",,"2012-03-13","2012","3","13",,,,"Brasil","BR","São Paulo",,"Guarujá","Serra do Guararu, condomínio Iporanga, área B.",,,,,,,,,"Costa, D.","2012-03-01",,"Geonoma elegans Mart.","Liliopsida","Arecales","Arecaceae","Geonoma","species","Mart.","ACCEPTED",,,"Geonoma elegans Mart.",,,,"Geonoma elegans","Geonoma elegans",,"WGS84",,,,,"GBIF","HUSC",,"Costa, D.","84","2012","Costa, D.","2012","Gondoni, R.","Costa",,"brazil","sao paulo","guaruja","serra do guararu",,"locality","brazil_sao paulo_guaruja_serra guararu","brazil_sao paulo_guaruja_guararu",-23.889851,-46.158741,"locality",185269,"Geonoma elegans","Mart.","name_w_authors","Arecaceae","Geonoma elegans","Mart.","species","name accepted","bfo-44301",,,"Geonoma elegans Mart.","Geonoma","Arecaceae","brazil_sao paulo_guaruja","Brazil","São Paulo","Guarujá",,"ibge",TRUE,-23.889851,-46.158741,"coord_gazet","seconds","low","Geonoma elegans","ok_same_resolution","ok_locality_gazet",,FALSE,"ok_dist","full_name_match","HUSC_10957",,"0","0",,,,"coord_gazet","Medium","ÁREA DE PROTEÇÃO AMBIENTAL MUNICIPAL DA SERRA DO GUARARU"
,,"https://specieslink.net/col/437",,"UNISANTA","HUSC",,"PRESERVED_SPECIMEN","11636","55","D. Costa; A. Santos, A Carminat",,"2012-02-02","2012","2","2",,,,"Brasil","BR","São Paulo",,"Guarujá","Serra do Guararu, condomínio Iporanga. Área C.",,,,,,,,,"D. Costa","2012-02-01",,"Dorstenia hirta Desv.","Magnoliopsida","Rosales","Moraceae","Dorstenia","species","Desv.","ACCEPTED",,,"Dorstenia hirta Desv.",,,,"Dorstenia hirta","Dorstenia hirta",,"WGS84",,,,,"GBIF","HUSC",,"Costa, D.","55","2012","Costa, D.","2012","Santos, A.C.A.","Costa",,"brazil","sao paulo","guaruja","serra do guararu",,"locality","brazil_sao paulo_guaruja_serra guararu","brazil_sao paulo_guaruja_guararu",-23.889851,-46.158741,"locality",268567,"Dorstenia hirta","Desv.","name_w_authors","Moraceae","Dorstenia hirta","Desv.","species","name accepted","bfo-10129",,,"Dorstenia hirta Desv.","Dorstenia","Moraceae","brazil_sao paulo_guaruja","Brazil","São Paulo","Guarujá",,"ibge",TRUE,-23.889851,-46.158741,"coord_gazet","seconds","low","Dorstenia hirta","ok_same_resolution","ok_locality_gazet",,FALSE,"ok_dist","full_name_match","HUSC_11636",,"0","0",,,,"coord_gazet","Medium","ÁREA DE PROTEÇÃO AMBIENTAL MUNICIPAL DA SERRA DO GUARARU"
,,"https://specieslink.net/col/437",,"UNISANTA","HUSC",,"PRESERVED_SPECIMEN","11616","37","D. Costa; et al.",,"2012-01-10","2012","1","10",,,,"Brasil","BR","São Paulo",,"Guarujá","Serra do Guararu, condomínio Iporanga, área C, próximo da parcela 21.",,,,,,,,,"P.S.P Sampaio","2012-08-01",,"Dichorisandra pubescens Mart.","Liliopsida","Commelinales","Commelinaceae","Dichorisandra","species","Mart.","ACCEPTED",,,"Dichorisandra pubescens Mart.",,,,"Dichorisandra pubescens","Dichorisandra pubescens",,"WGS84",,,,,"GBIF","HUSC",,"Costa, D.","37","2012","Sampaio, P.S.P.","2012",,"Costa",,"brazil","sao paulo","guaruja","serra do guararu",,"locality","brazil_sao paulo_guaruja_serra guararu","brazil_sao paulo_guaruja_guararu",-23.889851,-46.158741,"locality",268527,"Dichorisandra pubescens","Mart. ex Schult. f.","name_w_authors","Commelinaceae","Dichorisandra pubescens","Mart. ex Schult. f.","species","author misspelled","bfo-6937",,,"Dichorisandra pubescens Mart. ex Schult. f.","Dichorisandra","Commelinaceae","brazil_sao paulo_guaruja","Brazil","São Paulo","Guarujá",,"ibge",TRUE,-23.889851,-46.158741,"coord_gazet","seconds","low","Dichorisandra pubescens","ok_same_resolution","ok_locality_gazet",,FALSE,"ok_dist","full_name_match","HUSC_11616",,"0","0",,,,"coord_gazet","Medium","ÁREA DE PROTEÇÃO AMBIENTAL MUNICIPAL DA SERRA DO GUARARU"
,,"https://specieslink.net/col/437",,"UNISANTA","HUSC",,"PRESERVED_SPECIMEN","11709","11","B. Isidro; R. Gondoni",,"2012-03-22","2012","3","22",,,,"Brasil","BR","São Paulo",,"Guarujá","Serra do Guararu, condomínio Iporanga, área B, forófito 821.",,,,,,,,,"P.S.P Sampaio","2012-01-01",,"Dichaea pendula (Aubl.) Cogn.","Liliopsida","Asparagales","Orchidaceae","Dichaea","species","(Aubl.) Cogn.","ACCEPTED",,,"Dichaea pendula (Aubl.) Cogn.",,,,"Dichaea pendula","Dichaea pendula",,"WGS84",,,,,"GBIF","HUSC",,"Isidro, B.","11","2012","Sampaio, P.S.P.","2012","Gondoni, R.","Isidro",,"brazil","sao paulo","guaruja","serra do guararu",,"locality","brazil_sao paulo_guaruja_serra guararu","brazil_sao paulo_guaruja_guararu",-23.889851,-46.158741,"locality",268658,"Dichaea pendula","(Aubl.) Cogn.","name_w_authors","Orchidaceae","Dichaea pendula","(Aubl.) Cogn.","species","name accepted","bfo-11465",,,"Dichaea pendula (Aubl.) Cogn.","Dichaea","Orchidaceae","brazil_sao paulo_guaruja","Brazil","São Paulo","Guarujá",,"ibge",TRUE,-23.889851,-46.158741,"coord_gazet","seconds","low","Dichaea pendula","ok_same_resolution","ok_locality_gazet",,FALSE,"ok_dist","full_name_match","HUSC_11709","[HUSC_10936|HUSC_11709]","1","0.25","HUSC_11709","HUSC_11709","HUSC_11709","coord_gazet","Medium","ÁREA DE PROTEÇÃO AMBIENTAL MUNICIPAL DA SERRA DO GUARARU"
,,"https://specieslink.net/col/437",,"UNISANTA","HUSC",,"PRESERVED_SPECIMEN","11599","02","R. Lazarini; et al.",,"2012-02-17","2012","2","17",,,,"Brasil","BR","São Paulo",,"Guarujá","Serra do Guararu, condomínio Iporanga, área C.",,,,,,,,,"P. Sampaio; R. Lazarini","2012-03-01",,"Codonanthe devosiana Lem.","Magnoliopsida","Lamiales","Gesneriaceae","Codonanthe","species","Lem.","ACCEPTED",,,"Codonanthe devosiana Lem.",,,,"Codonanthe devosiana","Codonanthe devosiana",,"WGS84",,,,,"GBIF","HUSC",,"Lazarini, R.","02","2012","Sampaio, P.","2012",,"Lazarini","Lazarini, R.","brazil","sao paulo","guaruja","serra do guararu",,"locality","brazil_sao paulo_guaruja_serra guararu","brazil_sao paulo_guaruja_guararu",-23.889851,-46.158741,"locality",268523,"Codonanthe devosiana","Lem.","name_w_authors","Gesneriaceae","Codonanthe devosiana","Lem.","species","name accepted","bfo-7825",,,"Codonanthe devosiana Lem.","Codonanthe","Gesneriaceae","brazil_sao paulo_guaruja","Brazil","São Paulo","Guarujá",,"ibge",TRUE,-23.889851,-46.158741,"coord_gazet","seconds","low","Codonanthe devosiana","ok_same_resolution","ok_locality_gazet",,FALSE,"ok_dist","full_name_match","HUSC_11599","[HUSC_10997|HUSC_11599]","1","0.25","HUSC_10997","HUSC_10997","HUSC_10997","coord_gazet","Medium","ÁREA DE PROTEÇÃO AMBIENTAL MUNICIPAL DA SERRA DO GUARARU"
,,"https://specieslink.net/col/437",,"UNISANTA","HUSC",,"PRESERVED_SPECIMEN","8009","23","R. Guandalini",,"2012-03-13","2012","3","13",,,,"Brasil","BR","São Paulo",,"Guarujá","Serra do Guararu, condomínio Iporanga, área B.",,,,,,,,,"M.Magenta","2012-01-01",,"Cirrhaea dependens (Lodd.) Loudon","Liliopsida","Asparagales","Orchidaceae","Cirrhaea","species","(Lodd.) Loudon","SYNONYM",,,"Cirrhaea dependens (G.Lodd.) G.Don",,,,"Cirrhaea dependens","Cirrhaea dependens",,"WGS84",,,,,"GBIF","HUSC",,"Guandalini, R.","23","2012","Magenta, M.","2012",,"Guandalini",,"brazil","sao paulo","guaruja","serra do guararu",,"locality","brazil_sao paulo_guaruja_serra guararu","brazil_sao paulo_guaruja_guararu",-23.889851,-46.158741,"locality",268431,"Cirrhaea dependens","(Lodd.) Loudon","name_w_authors","Orchidaceae","Cirrhaea dependens","(Lodd.) Loudon","species","name accepted","bfo-11362",,,"Cirrhaea dependens (Lodd.) Loudon","Cirrhaea","Orchidaceae","brazil_sao paulo_guaruja","Brazil","São Paulo","Guarujá",,"ibge",TRUE,-23.889851,-46.158741,"coord_gazet","seconds","low","Cirrhaea dependens","ok_same_resolution","ok_locality_gazet",,FALSE,"ok_dist","full_name_match","HUSC_8009",,"0","0",,,,"coord_gazet","Medium","ÁREA DE PROTEÇÃO AMBIENTAL MUNICIPAL DA SERRA DO GUARARU"
,,"https://specieslink.net/col/437",,"UNISANTA","HUSC",,"PRESERVED_SPECIMEN","11000","18","A. Santos; et al.",,"2012-02-29","2012","2","29",,,,"Brasil","BR","São Paulo",,"Guarujá","Serra do Guararu, condomínio Iporanga, área C, parcela 22.",,,,,,,,,"P.S.P Sampaio; A. Carminato","2012-03-01",,"Nidularium burchellii (Baker) Mez","Liliopsida","Poales","Bromeliaceae","Canistropsis","species","(Baker) Mez","SYNONYM",,,"Canistropsis burchellii (Baker) Leme",,,,"Nidularium burchellii","Canistropsis burchellii",,"WGS84",,,,,"GBIF","HUSC",,"Santos, A.","18","2012","Sampaio, P.S.P.","2012",,"Santos","Carminato, A.","brazil","sao paulo","guaruja","serra do guararu",,"locality","brazil_sao paulo_guaruja_serra guararu","brazil_sao paulo_guaruja_guararu",-23.889851,-46.158741,"locality",268502,"Canistropsis burchellii","(Baker) Leme","name_w_authors","Bromeliaceae","Canistropsis burchellii","(Baker) Leme","species","replaced synonym","bfo-5965","Canistropsis burchellii","(Baker) Leme","Canistropsis burchellii (Baker) Leme","Canistropsis","Bromeliaceae","brazil_sao paulo_guaruja","Brazil","São Paulo","Guarujá",,"ibge",TRUE,-23.889851,-46.158741,"coord_gazet","seconds","low","Canistropsis burchellii","ok_same_resolution","ok_locality_gazet",,FALSE,"ok_dist","full_name_match","HUSC_11000",,"0","0",,,,"coord_gazet","Medium","ÁREA DE PROTEÇÃO AMBIENTAL MUNICIPAL DA SERRA DO GUARARU"
,,"https://specieslink.net/col/437",,"UNISANTA","HUSC",,"PRESERVED_SPECIMEN","8006","21","R. Guandalini",,"2012-03-13","2012","3","13",,,,"Brasil","BR","São Paulo",,"Guarujá","Serra do Guararu, condomínio Iporanga, área B.",,,,,,,,,"M.Magenta","2012-01-01",,"Campylocentrum micranthum (Lindl.) Rolfe","Liliopsida","Asparagales","Orchidaceae","Campylocentrum","species","(Lindl.) Rolfe","ACCEPTED",,,"Campylocentrum micranthum (Lindl.) Rolfe",,,,"Campylocentrum micranthum","Campylocentrum micranthum",,"WGS84",,,,,"GBIF","HUSC",,"Guandalini, R.","21","2012","Magenta, M.","2012",,"Guandalini",,"brazil","sao paulo","guaruja","serra do guararu",,"locality","brazil_sao paulo_guaruja_serra guararu","brazil_sao paulo_guaruja_guararu",-23.889851,-46.158741,"locality",268423,"Campylocentrum micranthum","(Lindl.) Rolfe","name_w_authors","Orchidaceae","Campylocentrum micranthum","(Lindl.) Rolfe","species","name accepted","bfo-11279",,,"Campylocentrum micranthum (Lindl.) Rolfe","Campylocentrum","Orchidaceae","brazil_sao paulo_guaruja","Brazil","São Paulo","Guarujá",,"ibge",TRUE,-23.889851,-46.158741,"coord_gazet","seconds","low","Campylocentrum micranthum","ok_same_resolution","ok_locality_gazet",,FALSE,"bad_dist","full_name_match","HUSC_8006",,"0","0",,,,"coord_gazet","Medium","ÁREA DE PROTEÇÃO AMBIENTAL MUNICIPAL DA SERRA DO GUARARU"
,,"https://specieslink.net/col/437",,"UNISANTA","HUSC",,"PRESERVED_SPECIMEN","11682","773","M.Magenta; R. Gandalini, B Isidro",,"2012-02-29","2012","2","29",,,,"Brasil","BR","São Paulo",,"Guarujá","Serra do Guararu, condomínio Iporanga, área C, parcela 23, ao lado da árvore.",,,,,,,,,"A. Carminatto; M.Magenta","2012-08-01",,"Blepharocalyx salicifolius (Kunth) O.Berg","Magnoliopsida","Myrtales","Myrtaceae","Blepharocalyx","species","(Kunth) O.Berg","ACCEPTED",,,"Blepharocalyx salicifolius (Kunth) O.Berg",,,,"Blepharocalyx salicifolius","Blepharocalyx salicifolius",,"WGS84",,,,,"GBIF","HUSC",,"Magenta, M.","773","2012","Carminatto, A.","2012","Gandalini, B.I.R.","Magenta","Magenta, M.","brazil","sao paulo","guaruja","serra do guararu",,"locality","brazil_sao paulo_guaruja_serra guararu","brazil_sao paulo_guaruja_guararu",-23.889851,-46.158741,"locality",268568,"Blepharocalyx salicifolius","(Kunth) O.Berg","name_w_authors","Myrtaceae","Blepharocalyx salicifolius","(Kunth) O.Berg","species","name accepted","bfo-10262",,,"Blepharocalyx salicifolius (Kunth) O.Berg","Blepharocalyx","Myrtaceae","brazil_sao paulo_guaruja","Brazil","São Paulo","Guarujá",,"ibge",TRUE,-23.889851,-46.158741,"coord_gazet","seconds","low","Blepharocalyx salicifolius","ok_same_resolution","ok_locality_gazet",,FALSE,"ok_dist","full_name_match","HUSC_11682",,"0","0",,,,"coord_gazet","Medium","ÁREA DE PROTEÇÃO AMBIENTAL MUNICIPAL DA SERRA DO GUARARU"
,,"https://specieslink.net/col/437",,"UNISANTA","HUSC",,"PRESERVED_SPECIMEN","11596","820","P. Sampaio",,"2012-08-22","2012","8","22",,,,"Brasil","BR","São Paulo",,"Guarujá","Serra do Guararu, condomínio Iporanga.",,,,,,,,,"P. Sampaio","2012-08-01",,"Besleria selloana Klotzsch & Hanst.","Magnoliopsida","Lamiales","Gesneriaceae","Besleria","species","Klotzsch & Hanst.","ACCEPTED",,,"Besleria selloana Klotzsch & Hanst.",,,,"Besleria selloana","Besleria selloana",,"WGS84",,,,,"GBIF","HUSC",,"Sampaio, P.","820","2012","Sampaio, P.","2012",,"Sampaio",,"brazil","sao paulo","guaruja","serra do guararu",,"locality","brazil_sao paulo_guaruja_serra guararu","brazil_sao paulo_guaruja_guararu",-23.889851,-46.158741,"locality",268570,"Besleria selloana","Klotzsch & Hanst.","name_w_authors","Gesneriaceae","Besleria selloana","Klotzsch & Hanst.","species","name accepted","bfo-7820",,,"Besleria selloana Klotzsch & Hanst.","Besleria","Gesneriaceae","brazil_sao paulo_guaruja","Brazil","São Paulo","Guarujá",,"ibge",TRUE,-23.889851,-46.158741,"coord_gazet","seconds","low","Besleria selloana","ok_same_resolution","ok_locality_gazet",,FALSE,"ok_dist","full_name_match","HUSC_11596",,"0","0",,,,"coord_gazet","Medium","ÁREA DE PROTEÇÃO AMBIENTAL MUNICIPAL DA SERRA DO GUARARU"
,,"https://specieslink.net/col/437",,"UNISANTA","HUSC",,"PRESERVED_SPECIMEN","10922","22","Isidro, B.; et al.",,"2012-05-24","2012","5","24",,,,"Brasil","BR","São Paulo",,"Guarujá","Serra do Guararu, condomínio Iporanga,área B.",,,,,,,,,"Magenta, M.A.G.","2012-06-01",,"Anthurium comtum Schott","Liliopsida","Alismatales","Araceae","Anthurium","species","Schott","ACCEPTED",,,"Anthurium comtum Schott",,,,"Anthurium comtum","Anthurium comtum",,"WGS84",,,,,"GBIF","HUSC",,"Isidro, B.","22","2012","Magenta, M.A.G.","2012",,"Isidro",,"brazil","sao paulo","guaruja","serra do guararu",,"locality","brazil_sao paulo_guaruja_serra guararu","brazil_sao paulo_guaruja_guararu",-23.889851,-46.158741,"locality",185221,"Anthurium comtum","Schott","name_w_authors","Araceae","Anthurium comtum","Schott","species","name accepted","bfo-4924",,,"Anthurium comtum Schott","Anthurium","Araceae","brazil_sao paulo_guaruja","Brazil","São Paulo","Guarujá",,"ibge",TRUE,-23.889851,-46.158741,"coord_gazet","seconds","low","Anthurium comtum","ok_same_resolution","ok_locality_gazet",,FALSE,"ok_dist","full_name_match","HUSC_10922",,"0","0",,,,"coord_gazet","Medium","ÁREA DE PROTEÇÃO AMBIENTAL MUNICIPAL DA SERRA DO GUARARU"
,,"https://specieslink.net/col/437",,"UNISANTA","HUSC",,"PRESERVED_SPECIMEN","10916","49","Costa, D.; Erika",,"2012-01-20","2012","1","20",,,,"Brasil","BR","São Paulo",,"Guarujá","Serra do Guararu, condomínio Iporanga, península, área manguezal.",,,,,,,,,"Costa, D.","2012-02-01",,"Annona glabra L.","Magnoliopsida","Magnoliales","Annonaceae","Annona","species","L.","ACCEPTED",,,"Annona glabra L.",,,,"Annona glabra","Annona glabra",,"WGS84",,,,,"GBIF","HUSC",,"Costa, D.","49","2012","Costa, D.","2012","Erika","Costa",,"brazil","sao paulo","guaruja","serra do guararu",,"locality","brazil_sao paulo_guaruja_serra guararu","brazil_sao paulo_guaruja_guararu",-23.889851,-46.158741,"locality",185228,"Annona glabra","L.","name_w_authors","Annonaceae","Annona glabra","L.","species","name accepted","bfo-117159",,,"Annona glabra L.","Annona","Annonaceae","brazil_sao paulo_guaruja","Brazil","São Paulo","Guarujá",,"ibge",TRUE,-23.889851,-46.158741,"coord_gazet","seconds","low","Annona glabra","ok_same_resolution","ok_locality_gazet",,FALSE,"ok_dist","full_name_match","HUSC_10916",,"0","0",,,,"coord_gazet","Medium","ÁREA DE PROTEÇÃO AMBIENTAL MUNICIPAL DA SERRA DO GUARARU"
,,"https://specieslink.net/col/437",,"UNISANTA","HUSC",,"PRESERVED_SPECIMEN","11697","760","M.Magenta; et al.",,"2011-10-06","2011","10","6",,,,"Brasil","BR","São Paulo",,"Guarujá","Serra do Guararu, loteamento Iporanga, área A. Parcela 5.",,,,,,,,,"P.S.P Sampaio; D. Gomes",,,"Guapira nitida (Mart. ex J.A.Schmidt) Lundell","Magnoliopsida","Caryophyllales","Nyctaginaceae","Guapira","species","(Schmidt) Lundell","ACCEPTED",,,"Guapira nitida (Mart. ex J.A.Schmidt) Lundell",,,,"Guapira nitida","Guapira nitida",,"WGS84",,,,,"GBIF","HUSC",,"Magenta, M.","760","2011","Sampaio, P.S.P.",,,"Magenta","Gomes, D.","brazil","sao paulo","guaruja","serra do guararu",,"locality","brazil_sao paulo_guaruja_serra guararu","brazil_sao paulo_guaruja_guararu",-23.889851,-46.158741,"locality",268621,"Guapira nitida","(Mart. ex J.A.Schmidt) Lundell","name_w_authors","Nyctaginaceae","Guapira nitida","(Mart. ex J.A.Schmidt) Lundell","species","name accepted","bfo-10911",,,"Guapira nitida (Mart. ex J.A.Schmidt) Lundell","Guapira","Nyctaginaceae","brazil_sao paulo_guaruja","Brazil","São Paulo","Guarujá",,"ibge",TRUE,-23.889851,-46.158741,"coord_gazet","seconds","low","Guapira nitida","ok_same_resolution","ok_locality_gazet",,FALSE,"ok_dist","full_name_match","HUSC_11697",,"0","0",,,,"coord_gazet","Medium","ÁREA DE PROTEÇÃO AMBIENTAL MUNICIPAL DA SERRA DO GUARARU"
,,"https://specieslink.net/col/437",,"UNISANTA","HUSC",,"PRESERVED_SPECIMEN","11594","01","A. Carminatto; et al.",,"2011-12-13","2011","12","13",,,,"Brasil","BR","São Paulo",,"Guarujá","Serra do Guararu, condomínio Iporanga, área C.",,,,,,,,,"Chukr, N.S.","2020-12-01",,"Neomarica candida (Hassl.) Sprague","Liliopsida","Asparagales","Iridaceae","Trimezia","species","(Hassl.) Sprague","SYNONYM",,,"Trimezia candida (Hassl.) Ravenna",,,,"Neomarica candida","Trimezia candida",,"WGS84",,,,,"GBIF","HUSC",,"Carminatto, A.","01","2011","Chukr, N.S.","2020",,"Carminatto",,"brazil","sao paulo","guaruja","serra do guararu",,"locality","brazil_sao paulo_guaruja_serra guararu","brazil_sao paulo_guaruja_guararu",-23.889851,-46.158741,"locality",268521,"Neomarica candida","(Hassl.) Sprague","name_w_authors","Iridaceae","Neomarica candida","(Hassl.) Sprague","species","name accepted","bfo-36349",,,"Neomarica candida (Hassl.) Sprague","Neomarica","Iridaceae","brazil_sao paulo_guaruja","Brazil","São Paulo","Guarujá",,"ibge",TRUE,-23.889851,-46.158741,"coord_gazet","seconds","low","Neomarica candida","ok_same_resolution","ok_locality_gazet",,FALSE,"ok_dist","full_name_match","HUSC_11594",,"0","0",,,,"coord_gazet","Medium","ÁREA DE PROTEÇÃO AMBIENTAL MUNICIPAL DA SERRA DO GUARARU"
,,"https://specieslink.net/col/437",,"UNISANTA","HUSC",,"PRESERVED_SPECIMEN","10903","03","G. V. Martins; D. Costa",,"2011-11-03","2011","11","3",,,,"Brasil","BR","São Paulo",,"Guarujá","Serra do Guararu, condomínio Iporanga, área B.",,,,,,,,,"L. Aona","2015-10-01",,"Dichorisandra paranaensis D.Maia, Cervi & Tardivo","Liliopsida","Commelinales","Commelinaceae","Dichorisandra","species","D.Maia et al.","ACCEPTED",,,"Dichorisandra paranaensis D.Maia, Cervi & Tardivo",,,,"Dichorisandra paranaensis","Dichorisandra paranaensis",,"WGS84",,,,,"GBIF","HUSC",,"Martins, G.V.","03","2011","Aona, L.","2015","Costa, D.","Martins",,"brazil","sao paulo","guaruja","serra do guararu",,"locality","brazil_sao paulo_guaruja_serra guararu","brazil_sao paulo_guaruja_guararu",-23.889851,-46.158741,"locality",268495,"Dichorisandra paranaensis","D.Maia Cervi & Tardivo","name_w_authors","Commelinaceae","Dichorisandra paranaensis","D.Maia Cervi & Tardivo","species","author misspelled","bfo-117414",,,"Dichorisandra paranaensis D.Maia Cervi & Tardivo","Dichorisandra","Commelinaceae","brazil_sao paulo_guaruja","Brazil","São Paulo","Guarujá",,"ibge",TRUE,-23.889851,-46.158741,"coord_gazet","seconds","low","Dichorisandra paranaensis","ok_same_resolution","ok_locality_gazet",,FALSE,"ok_dist","full_name_match","HUSC_10903",,"0","0",,,,"coord_gazet","Medium","ÁREA DE PROTEÇÃO AMBIENTAL MUNICIPAL DA SERRA DO GUARARU"
,,"https://specieslink.net/col/437",,"UNISANTA","HUSC",,"PRESERVED_SPECIMEN","8067","12","Fabiana Marchi",,"2011-10-27","2011","10","27",,,,"Brasil","BR","São Paulo",,"Guarujá","Serra do Guararu, condomínio Iporanga. Área C parcela 21.",,,,,,,,,"P.S.P Sampaio","2014-02-01",,"Vriesea heterostachys (Baker) L.B.Sm.","Liliopsida","Poales","Bromeliaceae","Vriesea","species","(Baker) L.B.Sm.","ACCEPTED",,,"Vriesea heterostachys (Baker) L.B.Sm.",,,,"Vriesea heterostachys","Vriesea heterostachys",,"WGS84",,,,,"GBIF","HUSC",,"Marchi, F.","12","2011","Sampaio, P.S.P.","2014",,"Marchi",,"brazil","sao paulo","guaruja","serra do guararu",,"locality","brazil_sao paulo_guaruja_serra guararu","brazil_sao paulo_guaruja_guararu",-23.889851,-46.158741,"locality",268457,"Vriesea heterostachys","(Baker) L.B.Sm.","name_w_authors","Bromeliaceae","Vriesea heterostachys","(Baker) L.B.Sm.","species","name accepted","bfo-6479",,,"Vriesea heterostachys (Baker) L.B.Sm.","Vriesea","Bromeliaceae","brazil_sao paulo_guaruja","Brazil","São Paulo","Guarujá",,"ibge",TRUE,-23.889851,-46.158741,"coord_gazet","seconds","low","Vriesea heterostachys","ok_same_resolution","ok_locality_gazet",,FALSE,"ok_dist","full_name_match","HUSC_8067",,"0","0",,,,"coord_gazet","Medium","ÁREA DE PROTEÇÃO AMBIENTAL MUNICIPAL DA SERRA DO GUARARU"
,,"https://specieslink.net/col/437",,"UNISANTA","HUSC",,"PRESERVED_SPECIMEN","8038","s.n.","R. Guandalini",,"2011-12-15","2011","12","15",,,,"Brasil","BR","São Paulo",,"Guarujá","Serra do Guararu, condomínio Iporanga.",,,,,,,,,"P.S.P Sampaio","2014-02-01",,"Serjania piscatoria Radlk.","Magnoliopsida","Sapindales","Sapindaceae","Serjania","species","Radlk.","ACCEPTED",,,"Serjania piscatoria Radlk.",,,,"Serjania piscatoria","Serjania piscatoria",,"WGS84",,,,,"GBIF","HUSC",,"Guandalini, R.",,"2011","Sampaio, P.S.P.","2014",,"Guandalini",,"brazil","sao paulo","guaruja","serra do guararu",,"locality","brazil_sao paulo_guaruja_serra guararu","brazil_sao paulo_guaruja_guararu",-23.889851,-46.158741,"locality",268441,"Serjania piscatoria","Radlk.","name_w_authors","Sapindaceae","Serjania piscatoria","Radlk.","species","name accepted","bfo-20975",,,"Serjania piscatoria Radlk.","Serjania","Sapindaceae","brazil_sao paulo_guaruja","Brazil","São Paulo","Guarujá",,"ibge",TRUE,-23.889851,-46.158741,"coord_gazet","seconds","low","Serjania piscatoria","ok_same_resolution","ok_locality_gazet",,FALSE,"ok_dist","full_name_match","HUSC_8038",,"cc","cc",,,,"coord_gazet","Medium","ÁREA DE PROTEÇÃO AMBIENTAL MUNICIPAL DA SERRA DO GUARARU"
,,"https://specieslink.net/col/437",,"UNISANTA","HUSC",,"PRESERVED_SPECIMEN","8037","s.n.","R. Guandalini",,"2011-11-10","2011","11","10",,,,"Brasil","BR","São Paulo",,"Guarujá","Serra do Guararu, condomínio Iporanga.",,,,,,,,,"P.S.P Sampaio","2014-02-01",,"Metrodorea nigra A.St.-Hil.","Magnoliopsida","Sapindales","Rutaceae","Metrodorea","species","St. Hil.","ACCEPTED",,,"Metrodorea nigra A.St.-Hil.",,,,"Metrodorea nigra","Metrodorea nigra",,"WGS84",,,,,"GBIF","HUSC",,"Guandalini, R.",,"2011","Sampaio, P.S.P.","2014",,"Guandalini",,"brazil","sao paulo","guaruja","serra do guararu",,"locality","brazil_sao paulo_guaruja_serra guararu","brazil_sao paulo_guaruja_guararu",-23.889851,-46.158741,"locality",268444,"Metrodorea nigra","A.St.-Hil.","name_w_authors","Rutaceae","Metrodorea nigra","A.St.-Hil.","species","name accepted","bfo-819",,,"Metrodorea nigra A.St.-Hil.","Metrodorea","Rutaceae","brazil_sao paulo_guaruja","Brazil","São Paulo","Guarujá",,"ibge",TRUE,-23.889851,-46.158741,"coord_gazet","seconds","low","Metrodorea nigra","ok_same_resolution","ok_locality_gazet",,FALSE,"ok_dist","full_name_match","HUSC_8037",,"cc","cc",,,,"coord_gazet","Medium","ÁREA DE PROTEÇÃO AMBIENTAL MUNICIPAL DA SERRA DO GUARARU"
,,"https://specieslink.net/col/437",,"UNISANTA","HUSC",,"PRESERVED_SPECIMEN","8027","02","R. Guandalini",,"2011-10-27","2011","10","27",,,,"Brasil","BR","São Paulo",,"Guarujá","Serra do Guararu, condomínio Iporanga.",,,,,,,,,"P. Sampaio","2014-02-01",,"Begonia radicans Vell.","Magnoliopsida","Cucurbitales","Begoniaceae","Begonia","species","Vell.","ACCEPTED",,,"Begonia radicans Vell.",,,,"Begonia radicans","Begonia radicans",,"WGS84",,,,,"GBIF","HUSC",,"Guandalini, R.","02","2011","Sampaio, P.","2014",,"Guandalini",,"brazil","sao paulo","guaruja","serra do guararu",,"locality","brazil_sao paulo_guaruja_serra guararu","brazil_sao paulo_guaruja_guararu",-23.889851,-46.158741,"locality",268429,"Begonia radicans","Vell.","name_w_authors","Begoniaceae","Begonia radicans","Vell.","species","name accepted","bfo-5701",,,"Begonia radicans Vell.","Begonia","Begoniaceae","brazil_sao paulo_guaruja","Brazil","São Paulo","Guarujá",,"ibge",TRUE,-23.889851,-46.158741,"coord_gazet","seconds","low","Begonia radicans","ok_same_resolution","ok_locality_gazet",,FALSE,"ok_dist","full_name_match","HUSC_8027",,"0","0",,,,"coord_gazet","Medium","ÁREA DE PROTEÇÃO AMBIENTAL MUNICIPAL DA SERRA DO GUARARU"
,,"https://specieslink.net/col/437",,"UNISANTA","HUSC",,"PRESERVED_SPECIMEN","11681","736","M.Magenta; et al.",,"2011-06-16","2011","6","16",,,,"Brasil","BR","São Paulo",,"Guarujá","Serra do Guararu, condomínio Iporanga, área B (captação).",,,,,,,,,"M.Magenta; Martins","2012-08-01",,"Eugenia monosperma Vell.","Magnoliopsida","Myrtales","Myrtaceae","Eugenia","species","Vell.","ACCEPTED",,,"Eugenia monosperma Vell.",,,,"Eugenia monosperma","Eugenia monosperma",,"WGS84",,,,,"GBIF","HUSC",,"Magenta, M.","736","2011","Magenta, M.","2012",,"Magenta","Martins","brazil","sao paulo","guaruja","serra do guararu",,"locality","brazil_sao paulo_guaruja_serra guararu","brazil_sao paulo_guaruja_guararu",-23.889851,-46.158741,"locality",268623,"Eugenia monosperma","Vell.","name_w_authors","Myrtaceae","Eugenia monosperma","Vell.","species","name accepted","bfo-10461",,,"Eugenia monosperma Vell.","Eugenia","Myrtaceae","brazil_sao paulo_guaruja","Brazil","São Paulo","Guarujá",,"ibge",TRUE,-23.889851,-46.158741,"coord_gazet","seconds","low","Eugenia monosperma","ok_same_resolution","ok_locality_gazet",,FALSE,"ok_dist","full_name_match","HUSC_11681",,"0","0",,,,"coord_gazet","Medium","ÁREA DE PROTEÇÃO AMBIENTAL MUNICIPAL DA SERRA DO GUARARU"
,,"https://specieslink.net/col/437",,"UNISANTA","HUSC",,"PRESERVED_SPECIMEN","11627","15","G. Martins; et al.",,"2011-12-15","2011","12","15",,,,"Brasil","BR","São Paulo",,"Guarujá","Serra do Guararu, condomínio Iporanga, próximo da área A.",,,,,,,,,"P.S.P Sampaio","2012-02-01",,"Dalechampia leandrii Baill.","Magnoliopsida","Malpighiales","Euphorbiaceae","Dalechampia","species","Baill.","ACCEPTED",,,"Dalechampia leandrii Baill.",,,,"Dalechampia leandrii","Dalechampia leandrii",,"WGS84",,,,,"GBIF","HUSC",,"Martins, G.","15","2011","Sampaio, P.S.P.","2012",,"Martins",,"brazil","sao paulo","guaruja","serra do guararu",,"locality","brazil_sao paulo_guaruja_serra guararu","brazil_sao paulo_guaruja_guararu",-23.889851,-46.158741,"locality",268555,"Dalechampia leandrii","Baill.","name_w_authors","Euphorbiaceae","Dalechampia leandrii","Baill.","species","name accepted","bfo-35996",,,"Dalechampia leandrii Baill.","Dalechampia","Euphorbiaceae","brazil_sao paulo_guaruja","Brazil","São Paulo","Guarujá",,"ibge",TRUE,-23.889851,-46.158741,"coord_gazet","seconds","low","Dalechampia leandrii","ok_same_resolution","ok_locality_gazet",,FALSE,"ok_dist","full_name_match","HUSC_11627",,"0","0",,,,"coord_gazet","Medium","ÁREA DE PROTEÇÃO AMBIENTAL MUNICIPAL DA SERRA DO GUARARU"
,,"https://specieslink.net/col/437",,"UNISANTA","HUSC",,"PRESERVED_SPECIMEN","11851","06","R. Guandalini; G. Martins",,"2011-12-15","2011","12","15",,,,"Brasil","BR","São Paulo",,"Guarujá","Serra do Guararu, condomínio Iporanga.",,,,,,,,,"P.S.P Sampaio","2012-08-01",,"Boehmeria caudata Sw.","Magnoliopsida","Rosales","Urticaceae","Boehmeria","species","Sw.","ACCEPTED",,,"Boehmeria caudata Sw.",,,,"Boehmeria caudata","Boehmeria caudata",,"WGS84",,,,,"GBIF","HUSC",,"Guandalini, R.","06","2011","Sampaio, P.S.P.","2012","Martins, G.","Guandalini",,"brazil","sao paulo","guaruja","serra do guararu",,"locality","brazil_sao paulo_guaruja_serra guararu","brazil_sao paulo_guaruja_guararu",-23.889851,-46.158741,"locality",268692,"Boehmeria caudata","Sw.","name_w_authors","Urticaceae","Boehmeria caudata","Sw.","species","name accepted","bfo-15035",,,"Boehmeria caudata Sw.","Boehmeria","Urticaceae","brazil_sao paulo_guaruja","Brazil","São Paulo","Guarujá",,"ibge",TRUE,-23.889851,-46.158741,"coord_gazet","seconds","low","Boehmeria caudata","ok_same_resolution","ok_locality_gazet",,FALSE,"ok_dist","full_name_match","HUSC_11851",,"0","0",,,,"coord_gazet","Medium","ÁREA DE PROTEÇÃO AMBIENTAL MUNICIPAL DA SERRA DO GUARARU"
,,"https://specieslink.net/col/437",,"UNISANTA","HUSC",,"PRESERVED_SPECIMEN","11593","10","G. Martins; et al.",,"2011-12-15","2011","12","15",,,,"Brasil","BR","São Paulo",,"Guarujá","Serra do Guararu, condomínio Iporanga, linha amarela, próximo a área A.",,,,,,,,,"P. Sampaio","2012-08-01",,"Aegiphila integrifolia (Jacq.) Moldenke","Magnoliopsida","Lamiales","Lamiaceae","Aegiphila","species","(Jacq.) Moldenke","SYNONYM",,,"Aegiphila integrifolia (Jacq.) B.D.Jacks.",,,,"Aegiphila integrifolia","Aegiphila integrifolia",,"WGS84",,,,,"GBIF","HUSC",,"Martins, G.","10","2011","Sampaio, P.","2012",,"Martins",,"brazil","sao paulo","guaruja","serra do guararu",,"locality","brazil_sao paulo_guaruja_serra guararu","brazil_sao paulo_guaruja_guararu",-23.889851,-46.158741,"locality",268581,"Aegiphila integrifolia","(Jacq.) Moldenke","name_w_authors","Lamiaceae","Aegiphila integrifolia","(Jacq.) Moldenke","species","name accepted","bfo-23320",,,"Aegiphila integrifolia (Jacq.) Moldenke","Aegiphila","Lamiaceae","brazil_sao paulo_guaruja","Brazil","São Paulo","Guarujá",,"ibge",TRUE,-23.889851,-46.158741,"coord_gazet","seconds","low","Aegiphila integrifolia","ok_same_resolution","ok_locality_gazet",,FALSE,"ok_dist","full_name_match","HUSC_11593",,"0","0",,,,"coord_gazet","Medium","ÁREA DE PROTEÇÃO AMBIENTAL MUNICIPAL DA SERRA DO GUARARU"
,,"https://specieslink.net/col/437",,"UNISANTA","HUSC",,"PRESERVED_SPECIMEN","11626","766","M.Magenta; et al.",,"2011-12-08","2011","12","8",,,,"Brasil","BR","São Paulo",,"Guarujá","Serra do Guararu, condomínio Iporanga, área B.",,,,,,,,,"P.S.P Sampaio","2012-02-01",,"Actinostemon concolor (Spreng.) Müll.Arg.","Magnoliopsida","Malpighiales","Euphorbiaceae","Actinostemon","species","(Spreng.) Müll.Arg.","ACCEPTED",,,"Actinostemon concolor (Spreng.) Müll.Arg.",,,,"Actinostemon concolor","Actinostemon concolor",,"WGS84",,,,,"GBIF","HUSC",,"Magenta, M.","766","2011","Sampaio, P.S.P.","2012",,"Magenta",,"brazil","sao paulo","guaruja","serra do guararu",,"locality","brazil_sao paulo_guaruja_serra guararu","brazil_sao paulo_guaruja_guararu",-23.889851,-46.158741,"locality",268532,"Actinostemon concolor","(Spreng.) Müll.Arg.","name_w_authors","Euphorbiaceae","Actinostemon concolor","(Spreng.) Müll.Arg.","species","name accepted","bfo-17448",,,"Actinostemon concolor (Spreng.) Müll.Arg.","Actinostemon","Euphorbiaceae","brazil_sao paulo_guaruja","Brazil","São Paulo","Guarujá",,"ibge",TRUE,-23.889851,-46.158741,"coord_gazet","seconds","low","Actinostemon concolor","ok_same_resolution","ok_locality_gazet",,FALSE,"ok_dist","full_name_match","HUSC_11626",,"0","0",,,,"coord_gazet","Medium","ÁREA DE PROTEÇÃO AMBIENTAL MUNICIPAL DA SERRA DO GUARARU"
,,"https://specieslink.net/col/437",,"UNISANTA","HUSC",,"PRESERVED_SPECIMEN","10399","53","Roveri, R.; Peres, N.",,"2011-01-14","2011","1","14",,,,"Brasil","BR","São Paulo",,"Guarujá","Serra do Guararu, Vila Prainha Branca.",,,,,,,,,"Sampaio, P.S.P.; Roveri, R.","2011-08-01",,"Zea mays L.","Liliopsida","Poales","Poaceae","Zea","species","L.","ACCEPTED",,,"Zea mays L.",,,,"Zea mays","Zea mays",,"WGS84",,,,,"GBIF","HUSC",,"Roveri, R.","53","2011","Sampaio, P.S.P.","2011","Peres, N.","Roveri","Roveri, R.","brazil","sao paulo","guaruja","serra do guararu",,"locality","brazil_sao paulo_guaruja_serra guararu","brazil_sao paulo_guaruja_guararu",-23.889851,-46.158741,"locality",161571,"Zea mays","L.","name_w_authors","Poaceae","Zea mays","L.","species","name accepted","bfo-87094",,,"Zea mays L.","Zea","Poaceae","brazil_sao paulo_guaruja","Brazil","São Paulo","Guarujá",,"ibge",TRUE,-23.889851,-46.158741,"coord_gazet","seconds","low","Zea mays","ok_same_resolution","ok_locality_gazet",,FALSE,"ok_dist","full_name_match","HUSC_10399","HUSC_10399|HUSC_12086","1","0.25","HUSC_12086","HUSC_10399","HUSC_10399","coord_gazet","Medium","ÁREA DE PROTEÇÃO AMBIENTAL MUNICIPAL DA SERRA DO GUARARU"
,,"https://specieslink.net/col/437",,"UNISANTA","HUSC",,"PRESERVED_SPECIMEN","8810","08","F. Santos; et al.",,"2011-10-27","2011","10","27",,,,"Brasil","BR","São Paulo",,"Guarujá","Serra do Guararu, condomínio Iporanga. Área B, parcela 11.",,,,,,,,,"P.S.P Sampaio","2011-11-01",,"Vriesea simplex (Vell.) Beer","Liliopsida","Poales","Bromeliaceae","Vriesea","species","(Vell.) Beer","ACCEPTED",,,"Vriesea simplex (Vell.) Beer",,,,"Vriesea simplex","Vriesea simplex",,"WGS84",,,,,"GBIF","HUSC",,"Santos, F.","08","2011","Sampaio, P.S.P.","2011",,"Santos",,"brazil","sao paulo","guaruja","serra do guararu",,"locality","brazil_sao paulo_guaruja_serra guararu","brazil_sao paulo_guaruja_guararu",-23.889851,-46.158741,"locality",161364,"Vriesea simplex","(Vell.) Beer","name_w_authors","Bromeliaceae","Vriesea simplex","(Vell.) Beer","species","name accepted","bfo-6562",,,"Vriesea simplex (Vell.) Beer","Vriesea","Bromeliaceae","brazil_sao paulo_guaruja","Brazil","São Paulo","Guarujá",,"ibge",TRUE,-23.889851,-46.158741,"coord_gazet","seconds","low","Vriesea simplex","ok_same_resolution","ok_locality_gazet",,FALSE,"ok_dist","full_name_match","HUSC_8810",,"0","0",,,,"coord_gazet","Medium","ÁREA DE PROTEÇÃO AMBIENTAL MUNICIPAL DA SERRA DO GUARARU"
,,"https://specieslink.net/col/437",,"UNISANTA","HUSC",,"PRESERVED_SPECIMEN","10533","118","Roveri, R.; Peres, N.",,"2011-01-27","2011","1","27",,,,"Brasil","BR","São Paulo",,"Guarujá","Serra do Guararu, Vila Prainha Branca.",,,,,,,,,"Roveri, R.; et al.","2011-07-01",,"Urera baccifera (L.) Gaudich.","Magnoliopsida","Rosales","Urticaceae","Urera","species","(L.) Gaudich. ex Weed","ACCEPTED",,,"Urera baccifera (L.) Gaudich.",,,,"Urera baccifera","Urera baccifera",,"WGS84",,,,,"GBIF","HUSC",,"Roveri, R.","118","2011","Roveri, R.","2011","Peres, N.","Roveri",,"brazil","sao paulo","guaruja","serra do guararu",,"locality","brazil_sao paulo_guaruja_serra guararu","brazil_sao paulo_guaruja_guararu",-23.889851,-46.158741,"locality",183380,"Urera baccifera","(L.) Gaudich. ex Wedd.","name_w_authors","Urticaceae","Urera baccifera","(L.) Gaudich. ex Wedd.","species","author misspelled","bfo-15076",,,"Urera baccifera (L.) Gaudich. ex Wedd.","Urera","Urticaceae","brazil_sao paulo_guaruja","Brazil","São Paulo","Guarujá",,"ibge",TRUE,-23.889851,-46.158741,"coord_gazet","seconds","low","Urera baccifera","ok_same_resolution","ok_locality_gazet",,FALSE,"ok_dist","full_name_match","HUSC_10533",,"0","0",,,,"coord_gazet","Medium","ÁREA DE PROTEÇÃO AMBIENTAL MUNICIPAL DA SERRA DO GUARARU"
,,"https://specieslink.net/col/437",,"UNISANTA","HUSC",,"PRESERVED_SPECIMEN","11622","739","M.Magenta; et al.",,"2011-06-16","2011","6","16",,,,"Brasil","BR","São Paulo",,"Guarujá","Serra do Guararu, condomínio Iporanga, área C.",,,,,,,,,"M.Magenta; P.S.P Sampaio","2011-06-01",,"Tonina fluviatilis Aubl.","Liliopsida","Poales","Eriocaulaceae","Paepalanthus","species","Aubl.","SYNONYM",,,"Paepalanthus fluviatilis (Aubl.) Christenh. & Byng",,,,"Tonina fluviatilis","Paepalanthus fluviatilis",,"WGS84",,,,,"GBIF","HUSC",,"Magenta, M.","739","2011","Magenta, M.","2011",,"Magenta","Sampaio, P.S.P.","brazil","sao paulo","guaruja","serra do guararu",,"locality","brazil_sao paulo_guaruja_serra guararu","brazil_sao paulo_guaruja_guararu",-23.889851,-46.158741,"locality",268533,"Tonina fluviatilis","Aubl.","name_w_authors","Eriocaulaceae","Tonina fluviatilis","Aubl.","species","name accepted","bfo-7679",,,"Tonina fluviatilis Aubl.","Tonina","Eriocaulaceae","brazil_sao paulo_guaruja","Brazil","São Paulo","Guarujá",,"ibge",TRUE,-23.889851,-46.158741,"coord_gazet","seconds","low","Tonina fluviatilis","ok_same_resolution","ok_locality_gazet",,FALSE,"ok_dist","full_name_match","HUSC_11622",,"0","0",,,,"coord_gazet","Medium","ÁREA DE PROTEÇÃO AMBIENTAL MUNICIPAL DA SERRA DO GUARARU"
,,"https://specieslink.net/col/437",,"UNISANTA","HUSC",,"PRESERVED_SPECIMEN","10621","7","Roveri, R.; Peres, N.",,"2011-01-12","2011","1","12",,,,"Brasil","BR","São Paulo",,"Guarujá","Serra do Guararu, Vila Prainha Branca.",,,,,,,,,"Sampaio, P.S.P.; Roveri, R.","2011-07-01",,"Stachytarpheta cayennensis (Rich.) Vahl","Magnoliopsida","Lamiales","Verbenaceae","Stachytarpheta","species","(Rich.) Vahl","ACCEPTED",,,"Stachytarpheta cayennensis (Rich.) Vahl",,,,"Stachytarpheta cayennensis","Stachytarpheta cayennensis",,"WGS84",,,,,"GBIF","HUSC",,"Roveri, R.","7","2011","Sampaio, P.S.P.","2011","Peres, N.","Roveri","Roveri, R.","brazil","sao paulo","guaruja","serra do guararu",,"locality","brazil_sao paulo_guaruja_serra guararu","brazil_sao paulo_guaruja_guararu",-23.889851,-46.158741,"locality",183403,"Stachytarpheta cayennensis","(Rich.) Vahl","name_w_authors","Verbenaceae","Stachytarpheta cayennensis","(Rich.) Vahl","species","name accepted","bfo-21466",,,"Stachytarpheta cayennensis (Rich.) Vahl","Stachytarpheta","Verbenaceae","brazil_sao paulo_guaruja","Brazil","São Paulo","Guarujá",,"ibge",TRUE,-23.889851,-46.158741,"coord_gazet","seconds","low","Stachytarpheta cayennensis","ok_same_resolution","ok_locality_gazet",,FALSE,"ok_dist","full_name_match","HUSC_10621",,"0","0",,,,"coord_gazet","Medium","ÁREA DE PROTEÇÃO AMBIENTAL MUNICIPAL DA SERRA DO GUARARU"
,,"https://specieslink.net/col/437",,"UNISANTA","HUSC",,"PRESERVED_SPECIMEN","10514","57","Roveri, R.; Peres, N.",,"2011-01-16","2011","1","16",,,,"Brasil","BR","São Paulo",,"Guarujá","Serra do Guararu, Vila Prainha Branca",,,,,,,,,"Roveri, R.","2011-07-01",,"Solanum aculeatissimum Jacq.","Magnoliopsida","Solanales","Solanaceae","Solanum","species","Jacq.","ACCEPTED",,,"Solanum aculeatissimum Jacq.",,,,"Solanum aculeatissimum","Solanum aculeatissimum",,"WGS84",,,,,"GBIF","HUSC",,"Roveri, R.","57","2011","Roveri, R.","2011","Peres, N.","Roveri",,"brazil","sao paulo","guaruja","serra do guararu",,"locality","brazil_sao paulo_guaruja_serra guararu","brazil_sao paulo_guaruja_guararu",-23.889851,-46.158741,"locality",183402,"Solanum aculeatissimum","Jacq.","name_w_authors","Solanaceae","Solanum aculeatissimum","Jacq.","species","name accepted","bfo-14718",,,"Solanum aculeatissimum Jacq.","Solanum","Solanaceae","brazil_sao paulo_guaruja","Brazil","São Paulo","Guarujá",,"ibge",TRUE,-23.889851,-46.158741,"coord_gazet","seconds","low","Solanum aculeatissimum","ok_same_resolution","ok_locality_gazet",,FALSE,"ok_dist","full_name_match","HUSC_10514","HUSC_10514|HUSC_12090","1","0.25","HUSC_12090","HUSC_10514","HUSC_10514","coord_gazet","Medium","ÁREA DE PROTEÇÃO AMBIENTAL MUNICIPAL DA SERRA DO GUARARU"
,,"https://specieslink.net/col/437",,"UNISANTA","HUSC",,"PRESERVED_SPECIMEN","8897","83","Roveri, R.; Peres, N.",,"2011-01-24","2011","1","24",,,,"Brasil","BR","São Paulo",,"Guarujá","Serra do Guararú, Vila Prainha Branca",,,,,,,,,"Sampaio, P.S.P.; Roveri, R.","2011-07-01",,"Sida rhombifolia L.","Magnoliopsida","Malvales","Malvaceae","Sida","species","L.","ACCEPTED",,,"Sida rhombifolia L.",,,,"Sida rhombifolia","Sida rhombifolia",,"WGS84",,,,,"GBIF","HUSC",,"Roveri, R.","83","2011","Sampaio, P.S.P.","2011","Peres, N.","Roveri","Roveri, R.","brazil","sao paulo","guaruja","serra do guararu",,"locality","brazil_sao paulo_guaruja_serra guararu","brazil_sao paulo_guaruja_guararu",-23.889851,-46.158741,"locality",161385,"Sida rhombifolia","L.","name_w_authors","Malvaceae","Sida rhombifolia","L.","species","name accepted","bfo-9234",,,"Sida rhombifolia L.","Sida","Malvaceae","brazil_sao paulo_guaruja","Brazil","São Paulo","Guarujá",,"ibge",TRUE,-23.889851,-46.158741,"coord_gazet","seconds","low","Sida rhombifolia","ok_same_resolution","ok_locality_gazet",,FALSE,"ok_dist","full_name_match","HUSC_8897",,"0","0",,,,"coord_gazet","Medium","ÁREA DE PROTEÇÃO AMBIENTAL MUNICIPAL DA SERRA DO GUARARU"
,,"https://specieslink.net/col/437",,"UNISANTA","HUSC",,"PRESERVED_SPECIMEN","8273","129","Roveri, R.; Peres, N.",,"2011-07-15","2011","7","15",,,,"Brasil","BR","São Paulo",,"Guarujá","Serra do Guararu, Vila Prainha Branca.",,,,,,,,,"Sampaio, P.S.P.; Roveri, R.","2011-07-01",,"Polygala cyparissias A.St.-Hil.","Magnoliopsida","Fabales","Polygalaceae","Polygala","species","A. St. -Hil. & Moq.","ACCEPTED",,,"Polygala cyparissias A.St.-Hil.",,,,"Polygala cyparissias","Polygala cyparissias",,"WGS84",,,,,"GBIF","HUSC",,"Roveri, R.","129","2011","Sampaio, P.S.P.","2011","Peres, N.","Roveri","Roveri, R.","brazil","sao paulo","guaruja","serra do guararu",,"locality","brazil_sao paulo_guaruja_serra guararu","brazil_sao paulo_guaruja_guararu",-23.889851,-46.158741,"locality",161044,"Senega cyparissias","(A. St.-Hil. & Moq.) J.F.B.Pastore & Agust. Martinez","name_w_authors","Polygalaceae","Senega cyparissias","(A. St.-Hil. & Moq.) J.F.B.Pastore & Agust. Martinez","species","author misspelled|replaced synonym","bfo-624960","Senega cyparissias","(A. St.-Hil. & Moq.) J.F.B.Pastore & Agust. Martinez","Senega cyparissias (A. St.-Hil. & Moq.) J.F.B.Pastore & Agust. Martinez","Senega","Polygalaceae","brazil_sao paulo_guaruja","Brazil","São Paulo","Guarujá",,"ibge",TRUE,-23.889851,-46.158741,"coord_gazet","seconds","low","Senega cyparissias","ok_same_resolution","ok_locality_gazet",,FALSE,"ok_dist","full_name_match","HUSC_8273",,"0","0",,,,"coord_gazet","Medium","ÁREA DE PROTEÇÃO AMBIENTAL MUNICIPAL DA SERRA DO GUARARU"
,,"https://specieslink.net/col/437",,"UNISANTA","HUSC",,"PRESERVED_SPECIMEN","10915","811","Sampaio, P.S.P.; et al.",,"2011-06-30","2011","6","30",,,,"Brasil","BR","São Paulo",,"Guarujá","Serra do Guararu. Condomínio Iporanga. Área C.",,,,,,,,,"Magenta, M.A.G.; et al.","2011-06-01",,"Schinus terebinthifolia Raddi","Magnoliopsida","Sapindales","Anacardiaceae","Schinus","species","Raddi","ACCEPTED",,,"Schinus terebinthifolia Raddi",,,,"Schinus terebinthifolia","Schinus terebinthifolia",,"WGS84",,,,,"GBIF","HUSC",,"Sampaio, P.S.P.","811","2011","Magenta, M.A.G.","2011",,"Sampaio",,"brazil","sao paulo","guaruja","serra do guararu",,"locality","brazil_sao paulo_guaruja_serra guararu","brazil_sao paulo_guaruja_guararu",-23.889851,-46.158741,"locality",185233,"Schinus terebinthifolia","Raddi","name_w_authors","Anacardiaceae","Schinus terebinthifolia","Raddi","species","name accepted","bfo-15471",,,"Schinus terebinthifolia Raddi","Schinus","Anacardiaceae","brazil_sao paulo_guaruja","Brazil","São Paulo","Guarujá",,"ibge",TRUE,-23.889851,-46.158741,"coord_gazet","seconds","low","Schinus terebinthifolia","ok_same_resolution","ok_locality_gazet",,FALSE,"ok_dist","full_name_match","HUSC_10915",,"0","0",,,,"coord_gazet","Medium","ÁREA DE PROTEÇÃO AMBIENTAL MUNICIPAL DA SERRA DO GUARARU"
,,"https://specieslink.net/col/437",,"UNISANTA","HUSC",,"PRESERVED_SPECIMEN","10506","75","Roveri, R.; Peres, N.",,"2011-01-24","2011","1","24",,,,"Brasil","BR","São Paulo",,"Guarujá","Serra do Guararu. Vila Prainha Branca.",,,,,,,,,"Roveri, R.","2011-07-01",,"Pouteria caimito (Ruiz & Pav.) Radlk.","Magnoliopsida","Ericales","Sapotaceae","Pouteria","species","(Ruiz & Pav.) Radlk.","ACCEPTED",,,"Pouteria caimito (Ruiz & Pav.) Radlk.",,,,"Pouteria caimito","Pouteria caimito",,"WGS84",,,,,"GBIF","HUSC",,"Roveri, R.","75","2011","Roveri, R.","2011","Peres, N.","Roveri",,"brazil","sao paulo","guaruja","serra do guararu",,"locality","brazil_sao paulo_guaruja_serra guararu","brazil_sao paulo_guaruja_guararu",-23.889851,-46.158741,"locality",183389,"Pouteria caimito","(Ruiz & Pav.) Radlk.","name_w_authors","Sapotaceae","Pouteria caimito","(Ruiz & Pav.) Radlk.","species","name accepted","bfo-14499",,,"Pouteria caimito (Ruiz & Pav.) Radlk.","Pouteria","Sapotaceae","brazil_sao paulo_guaruja","Brazil","São Paulo","Guarujá",,"ibge",TRUE,-23.889851,-46.158741,"coord_gazet","seconds","low","Pouteria caimito","ok_same_resolution","ok_locality_gazet",,FALSE,"ok_dist","full_name_match","HUSC_10506",,"0","0",,,,"coord_gazet","Medium","ÁREA DE PROTEÇÃO AMBIENTAL MUNICIPAL DA SERRA DO GUARARU"
,,"https://specieslink.net/col/437",,"UNISANTA","HUSC",,"PRESERVED_SPECIMEN","10218","8","Roveri, R.; Peres, N.",,"2011-01-12","2011","1","12",,,,"Brasil","BR","São Paulo",,"Guarujá","Serra do Guararu, Vila Prainha Branca.",,,,,,,,,"Sampaio, P.S.P.; Roveri, R.","2011-07-01",,"Piper umbellatum L.","Magnoliopsida","Piperales","Piperaceae","Piper","species","L.","ACCEPTED",,,"Piper umbellatum L.",,,,"Piper umbellatum","Piper umbellatum",,"WGS84",,,,,"GBIF","HUSC",,"Roveri, R.","8","2011","Sampaio, P.S.P.","2011","Peres, N.","Roveri","Roveri, R.","brazil","sao paulo","guaruja","serra do guararu",,"locality","brazil_sao paulo_guaruja_serra guararu","brazil_sao paulo_guaruja_guararu",-23.889851,-46.158741,"locality",161552,"Piper umbellatum","L.","name_w_authors","Piperaceae","Piper umbellatum","L.","species","name accepted","bfo-12863",,,"Piper umbellatum L.","Piper","Piperaceae","brazil_sao paulo_guaruja","Brazil","São Paulo","Guarujá",,"ibge",TRUE,-23.889851,-46.158741,"coord_gazet","seconds","low","Piper umbellatum","ok_same_resolution","ok_locality_gazet",,FALSE,"ok_dist","full_name_match","HUSC_10218",,"0","0",,,,"coord_gazet","Medium","ÁREA DE PROTEÇÃO AMBIENTAL MUNICIPAL DA SERRA DO GUARARU"
,,"https://specieslink.net/col/437",,"UNISANTA","HUSC",,"PRESERVED_SPECIMEN","11714","18","D. Costa; G. Martins",,"2011-10-19","2011","10","19",,,,"Brasil","BR","São Paulo",,"Guarujá","Serra do Guararu, condomínio Iporanga.",,,,,,,,,"P.S.P Sampaio","2011-10-01",,"Piper gaudichaudianum Kunth","Magnoliopsida","Piperales","Piperaceae","Piper","species","Kunth","DOUBTFUL",,,"Piper gaudichaudianum Kunth",,,,"Piper gaudichaudianum","Piper gaudichaudianum",,"WGS84",,,,,"GBIF","HUSC",,"Costa, D.","18","2011","Sampaio, P.S.P.","2011","Martins, G.","Costa",,"brazil","sao paulo","guaruja","serra do guararu",,"locality","brazil_sao paulo_guaruja_serra guararu","brazil_sao paulo_guaruja_guararu",-23.889851,-46.158741,"locality",268607,"Piper gaudichaudianum","Kunth","name_w_authors","Piperaceae","Piper gaudichaudianum","Kunth","species","name accepted","bfo-12780",,,"Piper gaudichaudianum Kunth","Piper","Piperaceae","brazil_sao paulo_guaruja","Brazil","São Paulo","Guarujá",,"ibge",TRUE,-23.889851,-46.158741,"coord_gazet","seconds","low","Piper gaudichaudianum","ok_same_resolution","ok_locality_gazet",,FALSE,"ok_dist","full_name_match","HUSC_11714",,"0","0",,,,"coord_gazet","Medium","ÁREA DE PROTEÇÃO AMBIENTAL MUNICIPAL DA SERRA DO GUARARU"
,,"https://specieslink.net/col/437",,"UNISANTA","HUSC",,"PRESERVED_SPECIMEN","11608","12","R. Guandalini; et al.",,"2011-12-15","2011","12","15",,,,"Brasil","BR","São Paulo",,"Guarujá","Serra do Guararu, condomínio Iporanga.",,,,,,,,,"P. Sampaio; M. Magenta","2011-12-01",,"Mucuna urens (L.) Medik.","Magnoliopsida","Fabales","Fabaceae","Mucuna","species","(L.) Medik.","ACCEPTED",,,"Mucuna urens (L.) Medik.",,,,"Mucuna urens","Mucuna urens",,"WGS84",,,,,"GBIF","HUSC",,"Guandalini, R.","12","2011","Sampaio, P.","2011",,"Guandalini","Magenta, M.","brazil","sao paulo","guaruja","serra do guararu",,"locality","brazil_sao paulo_guaruja_serra guararu","brazil_sao paulo_guaruja_guararu",-23.889851,-46.158741,"locality",268529,"Mucuna urens","(L.) Medik.","name_w_authors","Fabaceae","Mucuna urens","(L.) Medik.","species","name accepted","bfo-83489",,,"Mucuna urens (L.) Medik.","Mucuna","Fabaceae","brazil_sao paulo_guaruja","Brazil","São Paulo","Guarujá",,"ibge",TRUE,-23.889851,-46.158741,"coord_gazet","seconds","low","Mucuna urens","ok_same_resolution","ok_locality_gazet",,FALSE,"ok_dist","full_name_match","HUSC_11608",,"0","0",,,,"coord_gazet","Medium","ÁREA DE PROTEÇÃO AMBIENTAL MUNICIPAL DA SERRA DO GUARARU"
,,"https://specieslink.net/col/437",,"UNISANTA","HUSC",,"PRESERVED_SPECIMEN","12082","49","R. Roveri; N.S. Peres",,"2011-01","2011","1",,,,,"Brasil","BR","São Paulo",,"Guarujá","Serra do Guararú, Vila Prainha Branca",,,"-23.869722","-46.869722",,,,,"P.S.P Sampaio","2011-01-01",,"Morus nigra L.","Magnoliopsida","Rosales","Moraceae","Morus","species","L.","ACCEPTED",,,"Morus nigra L.",,,,"Morus nigra","Morus nigra",,"WGS84",,,,,"GBIF","HUSC",,"Roveri, R.","49","2011","Sampaio, P.S.P.","2011","Peres, N.S.","Roveri",,"brazil","sao paulo","guaruja","serra do guararu",,"locality","brazil_sao paulo_guaruja","brazil_sao paulo_guaruja_guararu",-23.889851,-46.158741,"locality",292587,"Morus nigra","L.","name_w_authors","Moraceae","Morus nigra","L.","species","name accepted","bfo-618318",,,"Morus nigra L.","Morus","Moraceae","brazil_sao paulo_guaruja","Brazil","São Paulo","Guarujá",,"ibge",TRUE,-23.889851,-46.158741,"coord_gazet","seconds","low","Morus nigra","ok_same_resolution","ok_locality_gazet",,FALSE,"ok_dist","full_name_match","HUSC_12082","HUSC_12082|HUSC_8892","2","0.5","HUSC_12082","HUSC_8892","HUSC_8892","coord_gazet","Medium","ÁREA DE PROTEÇÃO AMBIENTAL MUNICIPAL DA SERRA DO GUARARU"
,,"https://specieslink.net/col/437",,"UNISANTA","HUSC",,"PRESERVED_SPECIMEN","11660","812","P.S.P Sampaio; et al.",,"2011-06-30","2011","6","30",,,,"Brasil","BR","São Paulo",,"Guarujá","Serra do Guararu, condomínio Iporanga, área C.",,,,,,,,,"M.Magenta; P.S.P Sampaio","2011-06-01",,"Miconia prasina (Sw.) DC.","Magnoliopsida","Myrtales","Melastomataceae","Miconia","species","(Sw.) DC.","ACCEPTED",,,"Miconia prasina (Sw.) DC.",,,,"Miconia prasina","Miconia prasina",,"WGS84",,,,,"GBIF","HUSC",,"Sampaio, P.S.P.","812","2011","Magenta, M.","2011",,"Sampaio","Sampaio, P.S.P.","brazil","sao paulo","guaruja","serra do guararu",,"locality","brazil_sao paulo_guaruja_serra guararu","brazil_sao paulo_guaruja_guararu",-23.889851,-46.158741,"locality",268619,"Miconia prasina","(Sw.) DC.","name_w_authors","Melastomataceae","Miconia prasina","(Sw.) DC.","species","name accepted","bfo-9750",,,"Miconia prasina (Sw.) DC.","Miconia","Melastomataceae","brazil_sao paulo_guaruja","Brazil","São Paulo","Guarujá",,"ibge",TRUE,-23.889851,-46.158741,"coord_gazet","seconds","low","Miconia prasina","ok_same_resolution","ok_locality_gazet",,FALSE,"ok_dist","full_name_match","HUSC_11660",,"0","0",,,,"coord_gazet","Medium","ÁREA DE PROTEÇÃO AMBIENTAL MUNICIPAL DA SERRA DO GUARARU"
,,"https://specieslink.net/col/437",,"UNISANTA","HUSC",,"PRESERVED_SPECIMEN","11658","05","R. Guandalini; G. Martins",,"2011-12-15","2011","12","15",,,,"Brasil","BR","São Paulo",,"Guarujá","Serra do Guararu, condomínio Iporanga.",,,,,,,,,"M.Magenta; P.S.P Sampaio","2011-12-01",,"Miconia flammea Casar.","Magnoliopsida","Myrtales","Melastomataceae","Miconia","species","Casar.","ACCEPTED",,,"Miconia flammea Casar.",,,,"Miconia flammea","Miconia flammea",,"WGS84",,,,,"GBIF","HUSC",,"Guandalini, R.","05","2011","Magenta, M.","2011","Martins, G.","Guandalini","Sampaio, P.S.P.","brazil","sao paulo","guaruja","serra do guararu",,"locality","brazil_sao paulo_guaruja_serra guararu","brazil_sao paulo_guaruja_guararu",-23.889851,-46.158741,"locality",268604,"Miconia flammea","Casar.","name_w_authors","Melastomataceae","Miconia flammea","Casar.","species","name accepted","bfo-9704",,,"Miconia flammea Casar.","Miconia","Melastomataceae","brazil_sao paulo_guaruja","Brazil","São Paulo","Guarujá",,"ibge",TRUE,-23.889851,-46.158741,"coord_gazet","seconds","low","Miconia flammea","ok_same_resolution","ok_locality_gazet",,FALSE,"ok_dist","full_name_match","HUSC_11658","[HUSC_11658|HUSC_11667]","1","0.25","HUSC_11667","HUSC_11667","HUSC_11667","coord_gazet","Medium","ÁREA DE PROTEÇÃO AMBIENTAL MUNICIPAL DA SERRA DO GUARARU"
,,"https://specieslink.net/col/437",,"UNISANTA","HUSC",,"PRESERVED_SPECIMEN","12057","24","R. Roveri; N.S. Peres",,"2011-01","2011","1",,,,,"Brasil","BR","São Paulo",,"Guarujá","Serra do Guararu, condomínio Iporanga, área B, próximo da parcela 11.",,,"-23.869722","-46.869722",,,,,"P.S.P Sampaio","2011-01-01",,"Manihot esculenta Crantz","Magnoliopsida","Malpighiales","Euphorbiaceae","Manihot","species","Crantz","ACCEPTED",,,"Manihot esculenta Crantz",,,,"Manihot esculenta","Manihot esculenta",,"WGS84",,,,,"GBIF","HUSC",,"Roveri, R.","24","2011","Sampaio, P.S.P.","2011","Peres, N.S.","Roveri",,"brazil","sao paulo","guaruja","serra do guararu",,"locality","brazil_sao paulo_guaruja","brazil_sao paulo_guaruja_guararu",-23.889851,-46.158741,"locality",292595,"Manihot esculenta","Crantz","name_w_authors","Euphorbiaceae","Manihot esculenta","Crantz","species","name accepted","bfo-17600",,,"Manihot esculenta Crantz","Manihot","Euphorbiaceae","brazil_sao paulo_guaruja","Brazil","São Paulo","Guarujá",,"ibge",TRUE,-23.889851,-46.158741,"coord_gazet","seconds","low","Manihot esculenta","ok_same_resolution","ok_locality_gazet",,FALSE,"ok_dist","full_name_match","HUSC_12057","HUSC_10914|HUSC_11625|HUSC_12057","1","0.25","HUSC_11625","HUSC_11625","HUSC_11625","coord_gazet","Medium","ÁREA DE PROTEÇÃO AMBIENTAL MUNICIPAL DA SERRA DO GUARARU"
,,"https://specieslink.net/col/437",,"UNISANTA","HUSC",,"PRESERVED_SPECIMEN","12051","18","R. Roveri; N.S. Peres",,"2011-01","2011","1",,,,,"Brasil","BR","São Paulo",,"Guarujá","Serra do Guararu, Vila Prainha Branca",,,"-23.869722","-46.869722",,,,,"P.S.P Sampaio","2011-01-01",,"Mammea americana L.","Magnoliopsida","Malpighiales","Calophyllaceae","Mammea","species","L.","ACCEPTED",,,"Mammea americana L.",,,,"Mammea americana","Mammea americana",,"WGS84",,,,,"GBIF","HUSC",,"Roveri, R.","18","2011","Sampaio, P.S.P.","2011","Peres, N.S.","Roveri",,"brazil","sao paulo","guaruja","serra do guararu",,"locality","brazil_sao paulo_guaruja","brazil_sao paulo_guaruja_guararu",-23.889851,-46.158741,"locality",292563,"Mammea americana","L.","name_w_authors","Clusiaceae","Mammea americana","L.","species","name accepted","bfo-81850",,,"Mammea americana L.","Mammea","Clusiaceae","brazil_sao paulo_guaruja","Brazil","São Paulo","Guarujá",,"ibge",TRUE,-23.889851,-46.158741,"coord_gazet","seconds","low","Mammea americana","ok_same_resolution","ok_locality_gazet",,,"bad_dist","full_name_match","HUSC_12051","HUSC_12051|HUSC_8480","2","0.5","HUSC_12051","HUSC_8480","HUSC_8480","coord_gazet","Medium","ÁREA DE PROTEÇÃO AMBIENTAL MUNICIPAL DA SERRA DO GUARARU"
,,"https://specieslink.net/col/437",,"UNISANTA","HUSC",,"PRESERVED_SPECIMEN","8892","49","Roveri, R.; Peres, N.",,"2011-01-14","2011","1","14",,,,"Brasil","BR","São Paulo",,"Guarujá","Serra do Guararú, Vila Prainha Branca",,,,,,,,,"Sampaio, P.S.P.; Roveri, R.","2011-07-01",,"Malvaviscus arboreus Cav.","Magnoliopsida","Malvales","Malvaceae","Malvaviscus","species","Cav.","ACCEPTED",,,"Malvaviscus arboreus Cav.",,,,"Malvaviscus arboreus","Malvaviscus arboreus",,"WGS84",,,,,"GBIF","HUSC",,"Roveri, R.","49","2011","Sampaio, P.S.P.","2011","Peres, N.","Roveri","Roveri, R.","brazil","sao paulo","guaruja","serra do guararu",,"locality","brazil_sao paulo_guaruja_serra guararu","brazil_sao paulo_guaruja_guararu",-23.889851,-46.158741,"locality",161376,"Malvaviscus arboreus","Dill. ex Cav.","name_w_authors","Malvaceae","Malvaviscus arboreus","Dill. ex Cav.","species","author misspelled","bfo-84950",,,"Malvaviscus arboreus Dill. ex Cav.","Malvaviscus","Malvaceae","brazil_sao paulo_guaruja","Brazil","São Paulo","Guarujá",,"ibge",TRUE,-23.889851,-46.158741,"coord_gazet","seconds","low","Malvaviscus arboreus","ok_same_resolution","ok_locality_gazet",,FALSE,"ok_dist","full_name_match","HUSC_8892","HUSC_12082|HUSC_8892","1","0.25","HUSC_12082","HUSC_8892","HUSC_8892","coord_gazet","Medium","ÁREA DE PROTEÇÃO AMBIENTAL MUNICIPAL DA SERRA DO GUARARU"
,,"https://specieslink.net/col/437",,"UNISANTA","HUSC",,"PRESERVED_SPECIMEN","11620","802","P.S.P Sampaio; et al.",,"2011-05-17","2011","5","17",,,,"Brasil","BR","São Paulo",,"Guarujá","Serra do Guararu, condomínio Iporanga, área A, (rua 1 entre rua 14 e 22).",,,,,,,,,"M.Magenta; P.S.P Sampaio","2011-05-01",,"Hypolytrum schraderianum Nees","Liliopsida","Poales","Cyperaceae","Hypolytrum","species","Nees","ACCEPTED",,,"Hypolytrum schraderianum Nees",,,,"Hypolytrum schraderianum","Hypolytrum schraderianum",,"WGS84",,,,,"GBIF","HUSC",,"Sampaio, P.S.P.","802","2011","Magenta, M.","2011",,"Sampaio","Sampaio, P.S.P.","brazil","sao paulo","guaruja","serra do guararu",,"locality","brazil_sao paulo_guaruja_serra guararu","brazil_sao paulo_guaruja_guararu",-23.889851,-46.158741,"locality",268518,"Hypolytrum schraderianum","Nees","name_w_authors","Cyperaceae","Hypolytrum schraderianum","Nees","species","name accepted","bfo-7220",,,"Hypolytrum schraderianum Nees","Hypolytrum","Cyperaceae","brazil_sao paulo_guaruja","Brazil","São Paulo","Guarujá",,"ibge",TRUE,-23.889851,-46.158741,"coord_gazet","seconds","low","Hypolytrum schraderianum","ok_same_resolution","ok_locality_gazet",,FALSE,"ok_dist","full_name_match","HUSC_11620",,"0","0",,,,"coord_gazet","Medium","ÁREA DE PROTEÇÃO AMBIENTAL MUNICIPAL DA SERRA DO GUARARU"
,,"https://specieslink.net/col/437",,"UNISANTA","HUSC",,"PRESERVED_SPECIMEN","8309","3","Roveri, R.; Peres, N.",,"2011-01-12","2011","1","12",,,,"Brasil","BR","São Paulo",,"Guarujá","Serra do Guararu, Vila da Praia Branca",,,,,,,,,"Sampaio, P.S.P.; Roveri, R.","2011-07-01",,"Eryngium foetidum L.","Magnoliopsida","Apiales","Apiaceae","Eryngium","species","L.","ACCEPTED",,,"Eryngium foetidum L.",,,,"Eryngium foetidum","Eryngium foetidum",,"WGS84",,,,,"GBIF","HUSC",,"Roveri, R.","3","2011","Sampaio, P.S.P.","2011","Peres, N.","Roveri","Roveri, R.","brazil","sao paulo","guaruja","serra do guararu",,"locality","brazil_sao paulo_guaruja_serra guararu","brazil_sao paulo_guaruja_guararu",-23.889851,-46.158741,"locality",161058,"Eryngium foetidum","L.","name_w_authors","Apiaceae","Eryngium foetidum","L.","species","name accepted","bfo-15529",,,"Eryngium foetidum L.","Eryngium","Apiaceae","brazil_sao paulo_guaruja","Brazil","São Paulo","Guarujá",,"ibge",TRUE,-23.889851,-46.158741,"coord_gazet","seconds","low","Eryngium foetidum","ok_same_resolution","ok_locality_gazet",,FALSE,"bad_dist","full_name_match","HUSC_8309",,"0","0",,,,"coord_gazet","Medium","ÁREA DE PROTEÇÃO AMBIENTAL MUNICIPAL DA SERRA DO GUARARU"
,,"https://specieslink.net/col/437",,"UNISANTA","HUSC",,"PRESERVED_SPECIMEN","11592","03","D. Costa; et al.",,"2011-07-28","2011","7","28",,,,"Brasil","BR","São Paulo",,"Guarujá","Serra do Guararu, condomínio Iporanga, área A (rua 1 entre rua 14 e 22).",,,,,,,,,"M. Magenta","2011-07-01",,"Endlicheria paniculata (Spreng.) J.F.Macbr.","Magnoliopsida","Laurales","Lauraceae","Endlicheria","species","(Spreng.) J.F. Macbride","ACCEPTED",,,"Endlicheria paniculata (Spreng.) J.F.Macbr.",,,,"Endlicheria paniculata","Endlicheria paniculata",,"WGS84",,,,,"GBIF","HUSC",,"Costa, D.","03","2011","Magenta, M.","2011",,"Costa",,"brazil","sao paulo","guaruja","serra do guararu",,"locality","brazil_sao paulo_guaruja_serra guararu","brazil_sao paulo_guaruja_guararu",-23.889851,-46.158741,"locality",268557,"Endlicheria paniculata","(Spreng.) J.F.Macbr.","name_w_authors","Lauraceae","Endlicheria paniculata","(Spreng.) J.F.Macbr.","species","name accepted","bfo-8417",,,"Endlicheria paniculata (Spreng.) J.F.Macbr.","Endlicheria","Lauraceae","brazil_sao paulo_guaruja","Brazil","São Paulo","Guarujá",,"ibge",TRUE,-23.889851,-46.158741,"coord_gazet","seconds","low","Endlicheria paniculata","ok_same_resolution","ok_locality_gazet",,FALSE,"ok_dist","full_name_match","HUSC_11592","HUSC_11592|HUSC_11695","1","0.25","HUSC_11592","HUSC_11592","HUSC_11592","coord_gazet","Medium","ÁREA DE PROTEÇÃO AMBIENTAL MUNICIPAL DA SERRA DO GUARARU"
,,"https://specieslink.net/col/437",,"UNISANTA","HUSC",,"PRESERVED_SPECIMEN","11765","737","M.Magenta; et al.",,"2011-06-16","2011","6","16",,,,"Brasil","BR","São Paulo",,"Guarujá","Serra do Guararu, condomínio Iporanga, área B (captação).",,,,,,,,,"M.Magenta; P.S.P Sampaio","2011-06-01",,"Emmeorhiza umbellata (Spreng.) K.Schum.","Magnoliopsida","Gentianales","Rubiaceae","Emmeorhiza","species","(Spreng.) K. Schum.","ACCEPTED",,,"Emmeorhiza umbellata (Spreng.) K.Schum.",,,,"Emmeorhiza umbellata","Emmeorhiza umbellata",,"WGS84",,,,,"GBIF","HUSC",,"Magenta, M.","737","2011","Magenta, M.","2011",,"Magenta","Sampaio, P.S.P.","brazil","sao paulo","guaruja","serra do guararu",,"locality","brazil_sao paulo_guaruja_serra guararu","brazil_sao paulo_guaruja_guararu",-23.889851,-46.158741,"locality",268684,"Emmeorhiza umbellata","(Spreng.) K.Schum.","name_w_authors","Rubiaceae","Emmeorhiza umbellata","(Spreng.) K.Schum.","species","name accepted","bfo-13938",,,"Emmeorhiza umbellata (Spreng.) K.Schum.","Emmeorhiza","Rubiaceae","brazil_sao paulo_guaruja","Brazil","São Paulo","Guarujá",,"ibge",TRUE,-23.889851,-46.158741,"coord_gazet","seconds","low","Emmeorhiza umbellata","ok_same_resolution","ok_locality_gazet",,FALSE,"ok_dist","full_name_match","HUSC_11765",,"0","0",,,,"coord_gazet","Medium","ÁREA DE PROTEÇÃO AMBIENTAL MUNICIPAL DA SERRA DO GUARARU"
,,"https://specieslink.net/col/437",,"UNISANTA","HUSC",,"PRESERVED_SPECIMEN","11590","733","M. Magenta; et al.",,"2011-05-17","2011","5","17",,,,"Brasil","BR","São Paulo",,"Guarujá","Serra do Guararu, condomínio Iporanga.",,,,,,,,,"P. Sampaio; M. Magenta","2011-05-01",,"Cryptocarya moschata Nees & Mart.","Magnoliopsida","Laurales","Lauraceae","Cryptocarya","species","Nees & Mart.","ACCEPTED",,,"Cryptocarya moschata Nees & Mart.",,,,"Cryptocarya moschata","Cryptocarya moschata",,"WGS84",,,,,"GBIF","HUSC",,"Magenta, M.","733","2011","Sampaio, P.","2011",,"Magenta","Magenta, M.","brazil","sao paulo","guaruja","serra do guararu",,"locality","brazil_sao paulo_guaruja_serra guararu","brazil_sao paulo_guaruja_guararu",-23.889851,-46.158741,"locality",268542,"Cryptocarya moschata","Nees & Mart.","name_w_authors","Lauraceae","Cryptocarya moschata","Nees & Mart.","species","name accepted","bfo-8408",,,"Cryptocarya moschata Nees & Mart.","Cryptocarya","Lauraceae","brazil_sao paulo_guaruja","Brazil","São Paulo","Guarujá",,"ibge",TRUE,-23.889851,-46.158741,"coord_gazet","seconds","low","Cryptocarya moschata","ok_same_resolution","ok_locality_gazet",,FALSE,"ok_dist","full_name_match","HUSC_11590",,"0","0",,,,"coord_gazet","Medium","ÁREA DE PROTEÇÃO AMBIENTAL MUNICIPAL DA SERRA DO GUARARU"
,,"https://specieslink.net/col/437",,"UNISANTA","HUSC",,"PRESERVED_SPECIMEN","8561","65","Roveri, R.; Peres, N.",,"2011-01-20","2011","1","20",,,,"Brasil","BR","São Paulo",,"Guarujá","Serra do Guararu, Vila Prainha Branca",,,,,,,,,"Sampaio, P.S.P.; Roveri, R.","2011-07-01",,"Costus spicatus (Jacq.) Sw.","Liliopsida","Zingiberales","Costaceae","Costus","species","(Jacq.) Sw.","ACCEPTED",,,"Costus spicatus (Jacq.) Sw.",,,,"Costus spicatus","Costus spicatus",,"WGS84",,,,,"GBIF","HUSC",,"Roveri, R.","65","2011","Sampaio, P.S.P.","2011","Peres, N.","Roveri","Roveri, R.","brazil","sao paulo","guaruja","serra do guararu",,"locality","brazil_sao paulo_guaruja_serra guararu","brazil_sao paulo_guaruja_guararu",-23.889851,-46.158741,"locality",161241,"Costus spicatus","(Jacq.) Sw.","name_w_authors","Costaceae","Costus spicatus","(Jacq.) Sw.","species","name accepted","bfo-127758",,,"Costus spicatus (Jacq.) Sw.","Costus","Costaceae","brazil_sao paulo_guaruja","Brazil","São Paulo","Guarujá",,"ibge",TRUE,-23.889851,-46.158741,"coord_gazet","seconds","low","Costus spicatus","ok_same_resolution","ok_locality_gazet",,FALSE,"no_cannot_check","full_name_match","HUSC_8561","HUSC_12098|HUSC_8561","1","0.25","HUSC_8561","HUSC_8561","HUSC_8561","coord_gazet","Medium","ÁREA DE PROTEÇÃO AMBIENTAL MUNICIPAL DA SERRA DO GUARARU"
,,"https://specieslink.net/col/437",,"UNISANTA","HUSC",,"PRESERVED_SPECIMEN","12096","63","R. Roveri; N.S. Peres",,"2011-01","2011","1",,,,,"Brasil","BR","São Paulo",,"Guarujá","Serra do Guararu, Vila Prainha Branca",,,"-23.869722","-46.869722",,,,,"P.S.P Sampaio","2011-01-01",,"Citrus ×aurantium L.","Magnoliopsida","Sapindales","Rutaceae","Citrus","species","L.","ACCEPTED",,,"Citrus ×aurantium L.",,,,"Citrus x aurantium","Citrus aurantium",,"WGS84",,,,,"GBIF","HUSC",,"Roveri, R.","63","2011","Sampaio, P.S.P.","2011","Peres, N.S.","Roveri",,"brazil","sao paulo","guaruja","serra do guararu",,"locality","brazil_sao paulo_guaruja","brazil_sao paulo_guaruja_guararu",-23.889851,-46.158741,"locality",292602,"Citrus ×aurantium","L.","hybrid|name_w_authors","Rutaceae","Citrus ×aurantium","L.","species","name accepted","bfo-409",,,"Citrus ×aurantium L.","Citrus","Rutaceae","brazil_sao paulo_guaruja","Brazil","São Paulo","Guarujá",,"ibge",TRUE,-23.889851,-46.158741,"coord_gazet","seconds","low",,"ok_same_resolution","ok_locality_gazet",,FALSE,"ok_dist","full_name_match","HUSC_12096","HUSC_12096|HUSC_8481","2","0.5","HUSC_12096","HUSC_8481","HUSC_8481","coord_gazet","Medium","ÁREA DE PROTEÇÃO AMBIENTAL MUNICIPAL DA SERRA DO GUARARU"
,,"https://specieslink.net/col/437",,"UNISANTA","HUSC",,"PRESERVED_SPECIMEN","11607","8","R. Guandalini; et al.",,"2011-12-15","2011","12","15",,,,"Brasil","BR","São Paulo",,"Guarujá","Serra do Guararu, condomínio Iporanga. &nf;.",,,,,,,,,"P. Sampaio; M. Magenta","2011-12-01",,"Centrosema virginianum (L.) Benth.","Magnoliopsida","Fabales","Fabaceae","Centrosema","species","(L.) Benth.","ACCEPTED",,,"Centrosema virginianum (L.) Benth.",,,,"Centrosema virginianum","Centrosema virginianum",,"WGS84",,,,,"GBIF","HUSC",,"Guandalini, R.","8","2011","Sampaio, P.","2011",,"Guandalini","Magenta, M.","brazil","sao paulo","guaruja","serra do guararu",,"locality","brazil_sao paulo_guaruja_serra guararu","brazil_sao paulo_guaruja_guararu",-23.889851,-46.158741,"locality",268536,"Centrosema virginianum","(L.) Benth.","name_w_authors","Fabaceae","Centrosema virginianum","(L.) Benth.","species","name accepted","bfo-82879",,,"Centrosema virginianum (L.) Benth.","Centrosema","Fabaceae","brazil_sao paulo_guaruja","Brazil","São Paulo","Guarujá",,"ibge",TRUE,-23.889851,-46.158741,"coord_gazet","seconds","low","Centrosema virginianum","ok_same_resolution","ok_locality_gazet",,FALSE,"ok_dist","full_name_match","HUSC_11607",,"0","0",,,,"coord_gazet","Medium","ÁREA DE PROTEÇÃO AMBIENTAL MUNICIPAL DA SERRA DO GUARARU"
,,"https://specieslink.net/col/437",,"UNISANTA","HUSC",,"PRESERVED_SPECIMEN","8383","126","Roveri, R.; Peres, N.",,"2011-07-12","2011","7","12",,,,"Brasil","BR","São Paulo",,"Guarujá","Serra do Guararu, Vila da Prainha Branca",,,,,,,,,"Sampaio, P.S.P.; Roveri, R.","2011-07-01",,"Centratherum punctatum Cass.","Magnoliopsida","Asterales","Asteraceae","Centratherum","species","Cass.","ACCEPTED",,,"Centratherum punctatum Cass.",,,,"Centratherum punctatum","Centratherum punctatum",,"WGS84",,,,,"GBIF","HUSC",,"Roveri, R.","126","2011","Sampaio, P.S.P.","2011","Peres, N.","Roveri","Roveri, R.","brazil","sao paulo","guaruja","serra do guararu",,"locality","brazil_sao paulo_guaruja_serra guararu","brazil_sao paulo_guaruja_guararu",-23.889851,-46.158741,"locality",161136,"Centratherum punctatum","Cass.","name_w_authors","Asteraceae","Centratherum punctatum","Cass.","species","name accepted","bfo-16046",,,"Centratherum punctatum Cass.","Centratherum","Asteraceae","brazil_sao paulo_guaruja","Brazil","São Paulo","Guarujá",,"ibge",TRUE,-23.889851,-46.158741,"coord_gazet","seconds","low","Centratherum punctatum","ok_same_resolution","ok_locality_gazet",,FALSE,"ok_dist","full_name_match","HUSC_8383",,"0","0",,,,"coord_gazet","Medium","ÁREA DE PROTEÇÃO AMBIENTAL MUNICIPAL DA SERRA DO GUARARU"
,,"https://specieslink.net/col/437",,"UNISANTA","HUSC",,"PRESERVED_SPECIMEN","10508","87","Roveri, R.; Peres, N.",,"2011-01-26","2011","1","26",,,,"Brasil","BR","São Paulo",,"Guarujá","Serra do Guararu, Vila Prainha Branca.",,,,,,,,,"Roveri, R.; et al.","2011-07-01",,"Capsicum chinense Jacq.","Magnoliopsida","Solanales","Solanaceae","Capsicum","species","Jacq.","ACCEPTED",,,"Capsicum chinense Jacq.",,,,"Capsicum chinense","Capsicum chinense",,"WGS84",,,,,"GBIF","HUSC",,"Roveri, R.","87","2011","Roveri, R.","2011","Peres, N.","Roveri",,"brazil","sao paulo","guaruja","serra do guararu",,"locality","brazil_sao paulo_guaruja_serra guararu","brazil_sao paulo_guaruja_guararu",-23.889851,-46.158741,"locality",183357,"Capsicum chinense","Jacq.","name_w_authors","Solanaceae","Capsicum chinense","Jacq.","species","name accepted","bfo-88046",,,"Capsicum chinense Jacq.","Capsicum","Solanaceae","brazil_sao paulo_guaruja","Brazil","São Paulo","Guarujá",,"ibge",TRUE,-23.889851,-46.158741,"coord_gazet","seconds","low","Capsicum chinense","ok_same_resolution","ok_locality_gazet",,FALSE,"ok_dist","full_name_match","HUSC_10508",,"0","0",,,,"coord_gazet","Medium","ÁREA DE PROTEÇÃO AMBIENTAL MUNICIPAL DA SERRA DO GUARARU"
,,"https://specieslink.net/col/437",,"UNISANTA","HUSC",,"PRESERVED_SPECIMEN","10507","86","Roveri, R.; Peres, N.",,"2011-01-26","2011","1","26",,,,"Brasil","BR","São Paulo",,"Guarujá","Serra do Guararu, Vila Prainha Branca.",,,,,,,,,"Roveri, R.; et al.","2011-07-01",,"Capsicum baccatum L.","Magnoliopsida","Solanales","Solanaceae","Capsicum","species","L.","ACCEPTED",,,"Capsicum baccatum L.",,,,"Capsicum baccatum","Capsicum baccatum",,"WGS84",,,,,"GBIF","HUSC",,"Roveri, R.","86","2011","Roveri, R.","2011","Peres, N.","Roveri",,"brazil","sao paulo","guaruja","serra do guararu",,"locality","brazil_sao paulo_guaruja_serra guararu","brazil_sao paulo_guaruja_guararu",-23.889851,-46.158741,"locality",183347,"Capsicum baccatum","L.","name_w_authors","Solanaceae","Capsicum baccatum","L.","species","name accepted","bfo-14623",,,"Capsicum baccatum L.","Capsicum","Solanaceae","brazil_sao paulo_guaruja","Brazil","São Paulo","Guarujá",,"ibge",TRUE,-23.889851,-46.158741,"coord_gazet","seconds","low","Capsicum baccatum","ok_same_resolution","ok_locality_gazet",,FALSE,"ok_dist","full_name_match","HUSC_10507",,"0","0",,,,"coord_gazet","Medium","ÁREA DE PROTEÇÃO AMBIENTAL MUNICIPAL DA SERRA DO GUARARU"
,,"https://specieslink.net/col/437",,"UNISANTA","HUSC",,"PRESERVED_SPECIMEN","10914","24","Costa, D.; Martins, G.; Carminatto, A.",,"2011-12-08","2011","12","8",,,,"Brasil","BR","São Paulo",,"Guarujá","Serra do Guararu, condomínio Iporanga, área B, próximo da parcela 11.",,,,,,,,,"Sampaio, P.S.P.; Costa, D.","2011-12-01",,"Bomarea edulis (Tussac) Herb.","Liliopsida","Liliales","Alstroemeriaceae","Bomarea","species","(Tussac) Herb.","ACCEPTED",,,"Bomarea edulis (Tussac) Herb.",,,,"Bomarea edulis","Bomarea edulis",,"WGS84",,,,,"GBIF","HUSC",,"Costa, D.","24","2011","Sampaio, P.S.P.","2011","Martins, G.; Carminatto, A.","Costa","Costa, D.","brazil","sao paulo","guaruja","serra do guararu",,"locality","brazil_sao paulo_guaruja_serra guararu","brazil_sao paulo_guaruja_guararu",-23.889851,-46.158741,"locality",185234,"Bomarea edulis","(Tussac) Herb.","name_w_authors","Alstroemeriaceae","Bomarea edulis","(Tussac) Herb.","species","name accepted","bfo-4300",,,"Bomarea edulis (Tussac) Herb.","Bomarea","Alstroemeriaceae","brazil_sao paulo_guaruja","Brazil","São Paulo","Guarujá",,"ibge",TRUE,-23.889851,-46.158741,"coord_gazet","seconds","low","Bomarea edulis","ok_same_resolution","ok_locality_gazet",,FALSE,"ok_dist","full_name_match","HUSC_10914","HUSC_10914|HUSC_11625|HUSC_12057","1","0.25","HUSC_11625","HUSC_11625","HUSC_11625","coord_gazet","Medium","ÁREA DE PROTEÇÃO AMBIENTAL MUNICIPAL DA SERRA DO GUARARU"
,,"https://specieslink.net/col/437",,"UNISANTA","HUSC",,"PRESERVED_SPECIMEN","8480","18","Roveri, R.; Peres, N.",,"2011-01-12","2011","1","12",,,,"Brasil","BR","São Paulo",,"Guarujá","Serra do Guararu, Vila Prainha Branca",,,,,,,,,"Sampaio, P.S.P.; Roveri, R.","2011-07-01",,"Bixa orellana L.","Magnoliopsida","Malvales","Bixaceae","Bixa","species","L.","ACCEPTED",,,"Bixa orellana L.",,,,"Bixa orellana","Bixa orellana",,"WGS84",,,,,"GBIF","HUSC",,"Roveri, R.","18","2011","Sampaio, P.S.P.","2011","Peres, N.","Roveri","Roveri, R.","brazil","sao paulo","guaruja","serra do guararu",,"locality","brazil_sao paulo_guaruja_serra guararu","brazil_sao paulo_guaruja_guararu",-23.889851,-46.158741,"locality",161176,"Bixa orellana","L.","name_w_authors","Bixaceae","Bixa orellana","L.","species","name accepted","bfo-5745",,,"Bixa orellana L.","Bixa","Bixaceae","brazil_sao paulo_guaruja","Brazil","São Paulo","Guarujá",,"ibge",TRUE,-23.889851,-46.158741,"coord_gazet","seconds","low","Bixa orellana","ok_same_resolution","ok_locality_gazet",,FALSE,"ok_dist","full_name_match","HUSC_8480","HUSC_12051|HUSC_8480","1","0.25","HUSC_12051","HUSC_8480","HUSC_8480","coord_gazet","Medium","ÁREA DE PROTEÇÃO AMBIENTAL MUNICIPAL DA SERRA DO GUARARU"
,,"https://specieslink.net/col/437",,"UNISANTA","HUSC",,"PRESERVED_SPECIMEN","10910","729","Magenta, M.A.G.; Santos, A.; Martins, G.; Santos, F.",,"2011-05-25","2011","5","25",,,,"Brasil","BR","São Paulo",,"Guarujá","Serra do Guararu, Condomínio Iporanga, área B.",,,,,,,,,"Magenta, M.A.G.; et al.","2011-05-01",,"Aphelandra prismatica (Vell.) Hiern","Magnoliopsida","Lamiales","Acanthaceae","Aphelandra","species","(Vell.) Hiern","ACCEPTED",,,"Aphelandra prismatica (Vell.) Hiern",,,,"Aphelandra prismatica","Aphelandra prismatica",,"WGS84","https://images.cria.org.br/viewer/HUSC010910_01",,,,"GBIF","HUSC",,"Magenta, M.A.G.","729","2011","Magenta, M.A.G.","2011","Santos, A.; Martins, G.; Santos, F.","Magenta",,"brazil","sao paulo","guaruja","serra do guararu",,"locality","brazil_sao paulo_guaruja_serra guararu","brazil_sao paulo_guaruja_guararu",-23.889851,-46.158741,"locality",185222,"Aphelandra prismatica","(Vell.) Hiern","name_w_authors","Acanthaceae","Aphelandra prismatica","(Vell.) Hiern","species","name accepted","bfo-4108",,,"Aphelandra prismatica (Vell.) Hiern","Aphelandra","Acanthaceae","brazil_sao paulo_guaruja","Brazil","São Paulo","Guarujá",,"ibge",TRUE,-23.889851,-46.158741,"coord_gazet","seconds","low","Aphelandra prismatica","ok_same_resolution","ok_locality_gazet",,FALSE,"ok_dist","full_name_match","HUSC_10910",,"0","0",,,,"coord_gazet","Medium","ÁREA DE PROTEÇÃO AMBIENTAL MUNICIPAL DA SERRA DO GUARARU"
,,"https://specieslink.net/col/437",,"UNISANTA","HUSC",,"PRESERVED_SPECIMEN","8305","107","Roveri, R.; Peres, N.",,"2011-01-27","2011","1","27",,,,"Brasil","BR","São Paulo",,"Guarujá","serra do guararu, Prainha Branca.",,,,,,,,,"Roveri, R.","2011-01-27",,"Rollinia mucosa (Jacq.) Baill.","Magnoliopsida","Magnoliales","Annonaceae","Annona","species","(Jacq.) Baill.","SYNONYM",,,"Annona mucosa Jacq.",,,,"Rollinia mucosa","Annona mucosa",,"WGS84",,,,,"GBIF","HUSC",,"Roveri, R.","107","2011","Roveri, R.","2011","Peres, N.","Roveri",,"brazil","sao paulo","guaruja","serra do guararu",,"locality","brazil_sao paulo_guaruja_serra guararu","brazil_sao paulo_guaruja_guararu",-23.889851,-46.158741,"locality",161064,"Annona mucosa","Jacq.","name_w_authors","Annonaceae","Annona mucosa","Jacq.","species","replaced synonym","bfo-110252","Annona mucosa","Jacq.","Annona mucosa Jacq.","Annona","Annonaceae","brazil_sao paulo_guaruja","Brazil","São Paulo","Guarujá",,"ibge",TRUE,-23.889851,-46.158741,"coord_gazet","seconds","low","Annona mucosa","ok_same_resolution","ok_locality_gazet",,FALSE,"ok_dist","full_name_match","HUSC_8305",,"0","0",,,,"coord_gazet","Medium","ÁREA DE PROTEÇÃO AMBIENTAL MUNICIPAL DA SERRA DO GUARARU"
,,"https://specieslink.net/col/437",,"UNISANTA","HUSC",,"PRESERVED_SPECIMEN","8352","128","Roveri, R.; Peres, N.",,"2011-07-12","2011","7","12",,,,"Brasil","BR","São Paulo",,"Guarujá","Serra do Guararu, Vila Da Prainha Branca",,,,,,,,,"Sampaio, P.S.P.; Roveri, R.","2011-07-01",,"Ageratum conyzoides L.","Magnoliopsida","Asterales","Asteraceae","Ageratum","species","(L.) L.","ACCEPTED",,,"Ageratum conyzoides L.",,,,"Ageratum conyzoides","Ageratum conyzoides",,"WGS84",,,,,"GBIF","HUSC",,"Roveri, R.","128","2011","Sampaio, P.S.P.","2011","Peres, N.","Roveri","Roveri, R.","brazil","sao paulo","guaruja","serra do guararu",,"locality","brazil_sao paulo_guaruja_serra guararu","brazil_sao paulo_guaruja_guararu",-23.889851,-46.158741,"locality",161133,"Ageratum conyzoides","L.","name_w_authors","Asteraceae","Ageratum conyzoides","L.","species","name accepted","bfo-15934",,,"Ageratum conyzoides L.","Ageratum","Asteraceae","brazil_sao paulo_guaruja","Brazil","São Paulo","Guarujá",,"ibge",TRUE,-23.889851,-46.158741,"coord_gazet","seconds","low","Ageratum conyzoides","ok_same_resolution","ok_locality_gazet",,FALSE,"ok_dist","full_name_match","HUSC_8352",,"0","0",,,,"coord_gazet","Medium","ÁREA DE PROTEÇÃO AMBIENTAL MUNICIPAL DA SERRA DO GUARARU"
,,"https://specieslink.net/col/437",,"UNISANTA","HUSC",,"PRESERVED_SPECIMEN","12086","53","R. Roveri; N.S. Peres",,"2011-01","2011","1",,,,,"Brasil","BR","São Paulo",,"Guarujá","Serra do Guararu, Vila Prainha Branca.",,,"-23.869722","-46.869722",,,,,"P.S.P Sampaio","2011-01-01",,"Adiantum capillus-veneris L.","Polypodiopsida","Polypodiales","Pteridaceae","Adiantum","species","L.","ACCEPTED",,,"Adiantum capillus-veneris L.",,,,"Adiantum capillus-veneris","Adiantum capillus-veneris",,"WGS84",,,,,"GBIF","HUSC",,"Roveri, R.","53","2011","Sampaio, P.S.P.","2011","Peres, N.S.","Roveri",,"brazil","sao paulo","guaruja","serra do guararu",,"locality","brazil_sao paulo_guaruja","brazil_sao paulo_guaruja_guararu",-23.889851,-46.158741,"locality",292557,"Adiantum capillus-veneris","L.","name_w_authors","Pteridaceae","Adiantum capillus-veneris","L.","species","name accepted","bfo-137576",,,"Adiantum capillus-veneris L.","Adiantum","Pteridaceae","brazil_sao paulo_guaruja","Brazil","São Paulo","Guarujá",,"ibge",TRUE,-23.889851,-46.158741,"coord_gazet","seconds","low","Adiantum capillus-veneris","ok_same_resolution","ok_locality_gazet",,FALSE,"bad_dist","full_name_match","HUSC_12086","HUSC_10399|HUSC_12086","2","0.5","HUSC_12086","HUSC_10399","HUSC_10399","coord_gazet","Medium","ÁREA DE PROTEÇÃO AMBIENTAL MUNICIPAL DA SERRA DO GUARARU"
,,"https://specieslink.net/col/437",,"UNISANTA","HUSC",,"PRESERVED_SPECIMEN","11721","10","R. Guandalini; D. Costa, G Martins",,"2011-12-15","2011","12","15",,,,"Brasil","BR","São Paulo",,"Guarujá","Serra do Guararu, condomínio Iporanga.",,,,,,,,,"M.Magenta; P.S.P Sampaio","2011-12-01",,"Rubus L.","Magnoliopsida","Rosales","Rosaceae","Rubus","genus",,"ACCEPTED",,,"Rubus L.",,,,"Rubus",,,"WGS84",,,,,"GBIF","HUSC",,"Guandalini, R.","10","2011","Magenta, M.","2011","Costa, G.M.D.","Guandalini","Sampaio, P.S.P.","brazil","sao paulo","guaruja","serra do guararu",,"locality","brazil_sao paulo_guaruja_serra guararu","brazil_sao paulo_guaruja_guararu",-23.889851,-46.158741,"locality",1615868,"Rubus","L.","name_w_authors","Rosaceae","Rubus","L.","genus","name accepted","bfo-20678",,,"Rubus L.","Rubus","Rosaceae","brazil_sao paulo_guaruja","Brazil","São Paulo","Guarujá",,"ibge",TRUE,-23.889851,-46.158741,"coord_gazet","seconds","low",,"ok_same_resolution","ok_locality_gazet",,FALSE,"no_cannot_check","full_name_match","HUSC_11721",,"0","0",,,,"coord_gazet","Medium","ÁREA DE PROTEÇÃO AMBIENTAL MUNICIPAL DA SERRA DO GUARARU"
,,"https://specieslink.net/col/437",,"UNISANTA","HUSC",,"PRESERVED_SPECIMEN","12090","57","R. Roveri; N.S. Peres",,"2011-01","2011","1",,,,,"Brasil","BR","São Paulo",,"Guarujá","Serra do Guararu, Vila Prainha Branca",,,"-23.869722","-46.869722",,,,,"P.S.P Sampaio","2011-01-01",,"Bambusa Schreb.","Liliopsida","Poales","Poaceae","Bambusa","genus",,"ACCEPTED",,,"Bambusa Schreb.",,,,"Bambusa",,,"WGS84",,,,,"GBIF","HUSC",,"Roveri, R.","57","2011","Sampaio, P.S.P.","2011","Peres, N.S.","Roveri",,"brazil","sao paulo","guaruja","serra do guararu",,"locality","brazil_sao paulo_guaruja","brazil_sao paulo_guaruja_guararu",-23.889851,-46.158741,"locality",1618284,"Bambusa","Schreb.","name_w_authors","Poaceae","Bambusa","Schreb.","genus","name accepted","bfo-86781",,,"Bambusa Schreb.","Bambusa","Poaceae","brazil_sao paulo_guaruja","Brazil","São Paulo","Guarujá",,"ibge",TRUE,-23.889851,-46.158741,"coord_gazet","seconds","low",,"ok_same_resolution","ok_locality_gazet",,FALSE,"no_cannot_check","full_name_match","HUSC_12090","HUSC_10514|HUSC_12090","2","0.5","HUSC_12090","HUSC_10514","HUSC_10514","coord_gazet","Medium","ÁREA DE PROTEÇÃO AMBIENTAL MUNICIPAL DA SERRA DO GUARARU"
,,"https://specieslink.net/col/437",,"UNISANTA","HUSC",,"PRESERVED_SPECIMEN","9064","13","Rezende, V.I.; Ancona, M. .C.",,"2015-01-21","2015","1","21",,,,"Brasil","BR","São Paulo",,"Guaruja","Serra do Guararu, Condomínio Iporanga, na trilha do Iporanga.",,,,,,,,,,,,"Lepidopilidium","Bryopsida","Hookeriales","Pilotrichaceae","Lepidopilidium","genus","(Müll.Hal.) Broth.","ACCEPTED",,,"Lepidopilidium (Müll.Hal.) Broth.",,,,"Lepidopilidium (Müll.Hal.) Broth.",,,"WGS84",,,,,"GBIF","HUSC",,"Rezende, V.I.","13","2015",,,"Ancona, M.C.","Rezende",,"brazil","sao paulo","guaruja","serra do guararu",,"locality","brazil_sao paulo_guaruja_serra guararu","brazil_sao paulo_guaruja_guararu",-23.889851,-46.158741,"locality",1836457,"Lepidopilidium","(Müll.Hal.) Broth.","name_w_authors",,"Lepidopilidium","(Müll.Hal.) Broth.","genus","not found",,,,"Lepidopilidium (Müll.Hal.) Broth.","Lepidopilidium","Brassicaceae","brazil_sao paulo_guaruja","Brazil","São Paulo","Guarujá",,"ibge",TRUE,-23.889851,-46.158741,"coord_gazet","seconds","unknown",,"ok_same_resolution","ok_locality_gazet",,,"no_cannot_check","no_match","HUSC_9064",,"0","0",,,,"coord_gazet","Medium","ÁREA DE PROTEÇÃO AMBIENTAL MUNICIPAL DA SERRA DO GUARARU"
,,"https://specieslink.net/col/437",,"UNISANTA","HUSC",,"PRESERVED_SPECIMEN","7659","208","Almeida-Costa, D.G.; Cavallieri, A.",,"2013-02-22","2013","2","22",,,,"Brasil","BR","São Paulo",,"Guarujá","Serra do Guararu, Condomínio Iporanga, área C. Parc. 21",,,,,,,,,,,,"Pleopeltis Humb. & Bonpl. ex Willd.","Polypodiopsida","Polypodiales","Polypodiaceae","Pleopeltis","genus",,"ACCEPTED",,,"Pleopeltis Humb. & Bonpl. ex Willd.",,,,"Pleopeltis",,,"WGS84",,,,,"GBIF","HUSC",,"Almeida-Costa, D.G.","208","2013",,,"Cavallieri, A.","Almeida-Costa",,"brazil","sao paulo","guaruja","serra do guararu",,"locality","brazil_sao paulo_guaruja_serra guararu","brazil_sao paulo_guaruja_guararu",-23.889851,-46.158741,"locality",1606792,"Pleopeltis","Humb.","indet","Polypodiaceae","Pleopeltis","Humb.","genus","name accepted","bfo-91721",,,"Pleopeltis Humb.","Pleopeltis","Polypodiaceae","brazil_sao paulo_guaruja","Brazil","São Paulo","Guarujá",,"ibge",TRUE,-23.889851,-46.158741,"coord_gazet","seconds","unknown",,"ok_same_resolution","ok_locality_gazet",,FALSE,"no_cannot_check","full_name_match","HUSC_7659",,"0","0",,,,"coord_gazet","Medium","ÁREA DE PROTEÇÃO AMBIENTAL MUNICIPAL DA SERRA DO GUARARU"
,,"https://specieslink.net/col/437",,"UNISANTA","HUSC",,"PRESERVED_SPECIMEN","8073","858","P.S.P Sampaio; L. F. S. Bezerra",,"2013-09-12","2013","9","12",,,,"Brasil","BR","São Paulo",,"Guarujá","Serra do Guararu, condomínio Iporanga, trilha praia das conchas - São Pedro.",,,,,,,,,,,,"Cucurbitaceae","Magnoliopsida","Cucurbitales","Cucurbitaceae",,"family",,"ACCEPTED",,,"Cucurbitaceae",,,,,,,"WGS84",,,,,"GBIF","HUSC",,"Sampaio, P.S.P.","858","2013",,,"Bezerra, L.F.S.","Sampaio",,"brazil","sao paulo","guaruja","serra do guararu",,"locality","brazil_sao paulo_guaruja_serra guararu","brazil_sao paulo_guaruja_guararu",-23.889851,-46.158741,"locality",1763997,"Cucurbitaceae","A.Juss.","family_as_genus","Cucurbitaceae","Cucurbitaceae","A.Juss.","family","name accepted","bfo-17036",,,"Cucurbitaceae A.Juss.",,"Cucurbitaceae","brazil_sao paulo_guaruja","Brazil","São Paulo","Guarujá",,"ibge",TRUE,-23.889851,-46.158741,"coord_gazet","seconds","unknown",,"ok_same_resolution","ok_locality_gazet",,FALSE,"no_cannot_check","full_name_match","HUSC_8073",,"0","0",,,,"coord_gazet","Medium","ÁREA DE PROTEÇÃO AMBIENTAL MUNICIPAL DA SERRA DO GUARARU"
,,"https://specieslink.net/col/437",,"UNISANTA","HUSC",,"PRESERVED_SPECIMEN","11712","06","A. Cavalieri; M.Magenta",,"2012-08-22","2012","8","22",,,,"Brasil","BR","São Paulo",,"Guarujá","Serra do Guararu, condomínio Iporanga, área C, árvore 1198.",,,,,,,,,,,,"Peperomia corcovadensis Gardner","Magnoliopsida","Piperales","Piperaceae","Peperomia","species","Gardn.","ACCEPTED",,,"Peperomia corcovadensis Gardner",,,,"Peperomia corcovadensis","Peperomia corcovadensis",,"WGS84",,,,,"GBIF","HUSC",,"Cavalieri, A.","06","2012",,,"Magenta, M.","Cavalieri",,"brazil","sao paulo","guaruja","serra do guararu",,"locality","brazil_sao paulo_guaruja_serra guararu","brazil_sao paulo_guaruja_guararu",-23.889851,-46.158741,"locality",268605,"Peperomia corcovadensis","Gardner","name_w_authors","Piperaceae","Peperomia corcovadensis","Gardner","species","name accepted","bfo-12636",,,"Peperomia corcovadensis Gardner","Peperomia","Piperaceae","brazil_sao paulo_guaruja","Brazil","São Paulo","Guarujá",,"ibge",TRUE,-23.889851,-46.158741,"coord_gazet","seconds","unknown","Peperomia corcovadensis","ok_same_resolution","ok_locality_gazet",,FALSE,"ok_dist","full_name_match","HUSC_11712",,"0","0",,,,"coord_gazet","Medium","ÁREA DE PROTEÇÃO AMBIENTAL MUNICIPAL DA SERRA DO GUARARU"
,,"https://specieslink.net/col/437",,"UNISANTA","HUSC",,"PRESERVED_SPECIMEN","11659","23","A. Carminatto; R. Lazarini, D Costa",,"2012-03-22","2012","3","22",,,,"Brasil","BR","São Paulo",,"Guarujá","Serra do Guararu, condomínio Iporanga, área B, parcela 16, indivíduo 1023.",,,,,,,,,,,,"Miconia fasciculata Gardner","Magnoliopsida","Myrtales","Melastomataceae","Miconia","species","Gardner","ACCEPTED",,,"Miconia fasciculata Gardner",,,,"Miconia fasciculata","Miconia fasciculata",,"WGS84",,,,,"GBIF","HUSC",,"Carminatto, A.","23","2012",,,"Lazarini, D.C.R.","Carminatto",,"brazil","sao paulo","guaruja","serra do guararu",,"locality","brazil_sao paulo_guaruja_serra guararu","brazil_sao paulo_guaruja_guararu",-23.889851,-46.158741,"locality",268598,"Miconia fasciculata","Gardner","name_w_authors","Melastomataceae","Miconia fasciculata","Gardner","species","name accepted","bfo-9703",,,"Miconia fasciculata Gardner","Miconia","Melastomataceae","brazil_sao paulo_guaruja","Brazil","São Paulo","Guarujá",,"ibge",TRUE,-23.889851,-46.158741,"coord_gazet","seconds","unknown","Miconia fasciculata","ok_same_resolution","ok_locality_gazet",,FALSE,"ok_dist","full_name_match","HUSC_11659",,"0","0",,,,"coord_gazet","Medium","ÁREA DE PROTEÇÃO AMBIENTAL MUNICIPAL DA SERRA DO GUARARU"
,,"https://specieslink.net/col/437",,"UNISANTA","HUSC",,"PRESERVED_SPECIMEN","11621","09","B. Isidro; et al.",,"2012-03-22","2012","3","22",,,,"Brasil","BR","São Paulo",,"Guarujá","Serra do Guararu, condomínio Iporanga, área B, próximo ao indivíduo 672.",,,,,,,,,,,,"Sloanea L.","Magnoliopsida","Oxalidales","Elaeocarpaceae","Sloanea","genus",,"ACCEPTED",,,"Sloanea L.",,,,"Sloanea",,,"WGS84",,,,,"GBIF","HUSC",,"Isidro, B.","09","2012",,,,"Isidro",,"brazil","sao paulo","guaruja","serra do guararu",,"locality","brazil_sao paulo_guaruja_serra guararu","brazil_sao paulo_guaruja_guararu",-23.889851,-46.158741,"locality",1615859,"Sloanea","L.","name_w_authors","Elaeocarpaceae","Sloanea","L.","genus","name accepted","bfo-7445",,,"Sloanea L.","Sloanea","Elaeocarpaceae","brazil_sao paulo_guaruja","Brazil","São Paulo","Guarujá",,"ibge",TRUE,-23.889851,-46.158741,"coord_gazet","seconds","unknown",,"ok_same_resolution","ok_locality_gazet",,FALSE,"no_cannot_check","full_name_match","HUSC_11621",,"0","0",,,,"coord_gazet","Medium","ÁREA DE PROTEÇÃO AMBIENTAL MUNICIPAL DA SERRA DO GUARARU"
,,"https://specieslink.net/col/437",,"UNISANTA","HUSC",,"PRESERVED_SPECIMEN","11774","135","D. Costa; B. Isidro",,"2012-07-27","2012","7","27",,,,"Brasil","BR","São Paulo",,"Guarujá","Serra do Guararu, condomínio Iporanga, área B, parcela 19.",,,,,,,,,,"2015-01-01",,"Alibertia A.Rich. ex DC.","Magnoliopsida","Gentianales","Rubiaceae","Alibertia","genus",,"ACCEPTED",,,"Alibertia A.Rich. ex DC.",,,,"Alibertia",,,"WGS84",,,,,"GBIF","HUSC",,"Costa, D.","135","2012",,"2015","Isidro, B.","Costa",,"brazil","sao paulo","guaruja","serra do guararu",,"locality","brazil_sao paulo_guaruja_serra guararu","brazil_sao paulo_guaruja_guararu",-23.889851,-46.158741,"locality",1615866,"Alibertia","A.Rich. ex DC.","name_w_authors","Rubiaceae","Alibertia","A.Rich. ex DC.","genus","name accepted","bfo-13822",,,"Alibertia A.Rich. ex DC.","Alibertia","Rubiaceae","brazil_sao paulo_guaruja","Brazil","São Paulo","Guarujá",,"ibge",TRUE,-23.889851,-46.158741,"coord_gazet","seconds","unknown",,"ok_same_resolution","ok_locality_gazet",,FALSE,"no_cannot_check","full_name_match","HUSC_11774",,"0","0",,,,"coord_gazet","Medium","ÁREA DE PROTEÇÃO AMBIENTAL MUNICIPAL DA SERRA DO GUARARU"
,,"https://specieslink.net/col/437",,"UNISANTA","HUSC",,"PRESERVED_SPECIMEN","10955","23","Costa, D.; Martins, G.; Carminatto, A.; Lazarini, R.",,"2011-11-10","2011","11","10",,,,"Brasil","BR","São Paulo",,"Guarujá","Serra do Guararu, condomínio Iporanga, área B.",,,,,,,,,,,,"Astrocaryum aculeatissimum (Schott) Burret","Liliopsida","Arecales","Arecaceae","Astrocaryum","species","(Schott) Burret","ACCEPTED",,,"Astrocaryum aculeatissimum (Schott) Burret",,,,"Astrocaryum aculeatissimum","Astrocaryum aculeatissimum",,"WGS84",,,,,"GBIF","HUSC",,"Costa, D.","23","2011",,,"Martins, G.; Carminatto, A.; Lazarini, R.","Costa",,"brazil","sao paulo","guaruja","serra do guararu",,"locality","brazil_sao paulo_guaruja_serra guararu","brazil_sao paulo_guaruja_guararu",-23.889851,-46.158741,"locality",185250,"Astrocaryum aculeatissimum","(Schott) Burret","name_w_authors","Arecaceae","Astrocaryum aculeatissimum","(Schott) Burret","species","name accepted","bfo-15671",,,"Astrocaryum aculeatissimum (Schott) Burret","Astrocaryum","Arecaceae","brazil_sao paulo_guaruja","Brazil","São Paulo","Guarujá",,"ibge",TRUE,-23.889851,-46.158741,"coord_gazet","seconds","unknown","Astrocaryum aculeatissimum","ok_same_resolution","ok_locality_gazet",,FALSE,"ok_dist","full_name_match","HUSC_10955",,"0","0",,,,"coord_gazet","Medium","ÁREA DE PROTEÇÃO AMBIENTAL MUNICIPAL DA SERRA DO GUARARU"
,,"https://specieslink.net/col/437",,"UNISANTA","HUSC",,"PRESERVED_SPECIMEN","11843","19","D. Costa; G. Martins",,"2011-10-19","2011","10","19",,,,"Brasil","BR","São Paulo",,"Guarujá","Serra do Guararu, condomínio Iporanga.",,,,,,,,,,,,"Casearia Jacq.","Magnoliopsida","Malpighiales","Salicaceae","Casearia","genus",,"ACCEPTED",,,"Casearia Jacq.",,,,"Casearia",,,"WGS84",,,,,"GBIF","HUSC",,"Costa, D.","19","2011",,,"Martins, G.","Costa",,"brazil","sao paulo","guaruja","serra do guararu",,"locality","brazil_sao paulo_guaruja_serra guararu","brazil_sao paulo_guaruja_guararu",-23.889851,-46.158741,"locality",1615872,"Casearia","Jacq.","name_w_authors","Salicaceae","Casearia","Jacq.","genus","name accepted","bfo-14361",,,"Casearia Jacq.","Casearia","Salicaceae","brazil_sao paulo_guaruja","Brazil","São Paulo","Guarujá",,"ibge",TRUE,-23.889851,-46.158741,"coord_gazet","seconds","unknown",,"ok_same_resolution","ok_locality_gazet",,FALSE,"no_cannot_check","full_name_match","HUSC_11843",,"0","0",,,,"coord_gazet","Medium","ÁREA DE PROTEÇÃO AMBIENTAL MUNICIPAL DA SERRA DO GUARARU"
,,,,"iNaturalist","Observations","iNaturalist research-grade observations","HUMAN_OBSERVATION","106260925",,"Franciele",,"2021-12-26T10:27","2021","12","26","2021/12/26 10:27 AM -0300",,,"BR","BR","São Paulo",,,"Guarujá - SP, Brasil","Guarujá - SP, Brasil",,"-23.860844","-46.142606",,,,,"Dave Skinner","2022-02-07 13:05:09",,"Costus spiralis (Jacq.) Roscoe","Liliopsida","Zingiberales","Costaceae","Costus","species",,"ACCEPTED",,,"Costus spiralis (Jacq.) Roscoe",,,,"Costus spiralis","Costus spiralis","465976","EPSG:4326",,,,,"GBIF","Observations","code not found","Franciele",,"2021","Skinner, D.","2022",,"Franciele",,"brazil","sao paulo","guaruja","guaruja",,"locality","brazil_sao paulo_guaruja","brazil_sao paulo_guaruja",-23.95239062,-46.23454988,"county",672668,"Costus spiralis","(Jacq.) Roscoe","name_w_authors","Costaceae","Costus spiralis","(Jacq.) Roscoe","species","name accepted","bfo-110658",,,"Costus spiralis (Jacq.) Roscoe","Costus","Costaceae","brazil_sao paulo_guaruja","Brazil","São Paulo","Guarujá",,"ibge",TRUE,-23.860844,-46.142606,"coord_original","miliseconds","high","Costus spiralis","check_local.2municip.","ok_county",,FALSE,"ok_dist","full_name_match","Observations_106260925",,"cc","cc",,,,"coord_original","Low","ÁREA DE PROTEÇÃO AMBIENTAL MUNICIPAL DA SERRA DO GUARARU"
,,,,"IB USP","OBIS_BR",,,"26754",,,,,"1986","1","28",,,,"Brasil",,"São Paulo","Guaruja","Guaruja","Praia do Iporanga",,,"-23.9019","-46.1533",,,,,"Y. Ugadim",,,"Padina boergesenii",,,"Dictyotaceae","Padina",,,,"-23.9019","-46.1533",,,,,"Padina boergesenii","boergesenii",,,,,,,"Splink","OBIS_BR","code not found",,,"1986","Ugadim, Y.",,,,,"brazil","sao paulo","guaruja","praia do iporanga",,"locality","brazil_sao paulo_guaruja","brazil_sao paulo_guaruja",-23.95239062,-46.23454988,"county",1905729,"Padina boergesenii",,"possibly_ok",,"Padina boergesenii",,"species","not found",,,,"Padina boergesenii","Padina",,"brazil_sao paulo_guaruja","Brazil","São Paulo","Guarujá",,"ibge",TRUE,-23.9019,-46.1533,"coord_original","miliseconds","low","Padina boergesenii","check_local.2municip.","ok_county",,FALSE,"no_cannot_check","no_match","OBIS_BR_26754",,"cc","cc",,,,"coord_original","Low","ÁREA DE PROTEÇÃO AMBIENTAL MUNICIPAL DA SERRA DO GUARARU"
,,,,"IB USP","OBIS_BR",,,"28293",,,,,"1986","1","28",,,,"Brasil",,"São Paulo","Guaruja","Guaruja","Praia do Iporanga",,,"-23.9019","-46.1533",,,,,"Y. Ugadim",,,"Caulerpa fastigiata",,,"Caulerpaceae","Caulerpa",,,,"-23.9019","-46.1533",,,,,"Caulerpa fastigiata","fastigiata",,,,,,,"Splink","OBIS_BR","code not found",,,"1986","Ugadim, Y.",,,,,"brazil","sao paulo","guaruja","praia do iporanga",,"locality","brazil_sao paulo_guaruja","brazil_sao paulo_guaruja",-23.95239062,-46.23454988,"county",1905092,"Caulerpa fastigiata",,"possibly_ok",,"Caulerpa fastigiata",,"species","not found",,,,"Caulerpa fastigiata","Caulerpa","Orchidaceae","brazil_sao paulo_guaruja","Brazil","São Paulo","Guarujá",,"ibge",TRUE,-23.9019,-46.1533,"coord_original","miliseconds","low","Caulerpa fastigiata","check_local.2municip.","ok_county",,FALSE,"no_cannot_check","no_match","OBIS_BR_28293",,"cc","cc",,,,"coord_original","Low","ÁREA DE PROTEÇÃO AMBIENTAL MUNICIPAL DA SERRA DO GUARARU"
,,,,"IB USP","OBIS_BR",,,"7920",,,"<nO>Sargassum cymosum var nanum E. de Paula & E. C. Oliveira</nO>",,"1976","9","10",,,"<nO>Sargassum cymosum var nanum E. de Paula & E. C. Oliveira</nO>","Brasil",,"São Paulo","Guaruja","Guaruja","Praia do Iporanga",,,"-23.9019","-46.1533",,,,,"E. de Paula and E. C. Oliveira",,,"Sargassum cymosum",,,"Sargassaceae","Sargassum",,,,"-23.9019","-46.1533",,,,,"Sargassum cymosum","cymosum",,,,,,,"Splink","OBIS_BR","code not found",,,"1976","Paula, E.",,,,"Oliveira, E.C.","brazil","sao paulo","guaruja","praia do iporanga",,"locality","brazil_sao paulo_guaruja","brazil_sao paulo_guaruja",-23.95239062,-46.23454988,"county",1901098,"Sargassum cymosum",,"possibly_ok",,"Sargassum cymosum",,"species","not found",,,,"Sargassum cymosum","Sargassum",,"brazil_sao paulo_guaruja","Brazil","São Paulo","Guarujá",,"ibge",TRUE,-23.9019,-46.1533,"coord_original","miliseconds","low","Sargassum cymosum","check_local.2municip.","ok_county",,FALSE,"no_cannot_check","no_match","OBIS_BR_7920",,"cc","cc",,,,"coord_original","Low","ÁREA DE PROTEÇÃO AMBIENTAL MUNICIPAL DA SERRA DO GUARARU"
,,,,"IB USP","OBIS_BR",,,"8572",,,"<nO>Synonym for Ulva linza Linnaeus</nO>",,"1976","9","10",,,"<nO>Synonym for Ulva linza Linnaeus</nO>","Brasil",,"São Paulo","Guaruja","Guaruja","Praia do Iporanga",,,"-23.9019","-46.1533",,,,,"A.I. Kanagawa",,,"Enteromorpha linza",,,"Ulvaceae","Enteromorpha",,,,"-23.9019","-46.1533",,,,,"Enteromorpha linza","linza",,,,,,,"Splink","OBIS_BR","code not found",,,"1976","Kanagawa, A.I.",,,,,"brazil","sao paulo","guaruja","praia do iporanga",,"locality","brazil_sao paulo_guaruja","brazil_sao paulo_guaruja",-23.95239062,-46.23454988,"county",1905263,"Enteromorpha linza",,"possibly_ok",,"Enteromorpha linza",,"species","not found",,,,"Enteromorpha linza","Enteromorpha","Polypodiaceae","brazil_sao paulo_guaruja","Brazil","São Paulo","Guarujá",,"ibge",TRUE,-23.9019,-46.1533,"coord_original","miliseconds","low","Enteromorpha linza","check_local.2municip.","ok_county",,FALSE,"no_cannot_check","no_match","OBIS_BR_8572",,"cc","cc",,,,"coord_original","Low","ÁREA DE PROTEÇÃO AMBIENTAL MUNICIPAL DA SERRA DO GUARARU"
,,,,"IB USP","OBIS_BR",,,"8618",,,,,"1976","8","25",,,,"Brasil",,"São Paulo","Guaruja","Guaruja","Praia do Pereque",,,"-23.9342","-46.1867",,,,,"A.I. Kanagawa",,,"Enteromorpha lingulata",,,"Ulvaceae","Enteromorpha",,,,"-23.9342","-46.1867",,,,,"Enteromorpha lingulata","lingulata",,,,,,,"Splink","OBIS_BR","code not found",,,"1976","Kanagawa, A.I.",,,,,"brazil","sao paulo","guaruja","praia do pereque",,"locality","brazil_sao paulo_guaruja","brazil_sao paulo_guaruja",-23.95239062,-46.23454988,"county",1901056,"Enteromorpha lingulata",,"possibly_ok",,"Enteromorpha lingulata",,"species","not found",,,,"Enteromorpha lingulata","Enteromorpha","Polypodiaceae","brazil_sao paulo_guaruja","Brazil","São Paulo","Guarujá",,"ibge",TRUE,-23.9342,-46.1867,"coord_original","miliseconds","low","Enteromorpha lingulata","check_local.2municip.","ok_county",,FALSE,"no_cannot_check","no_match","OBIS_BR_8618",,"cc","cc",,,,"coord_original","Low","ÁREA DE PROTEÇÃO AMBIENTAL MUNICIPAL DA SERRA DO GUARARU"
,,,,"IB USP","OBIS_BR",,,"8792",,,"<nO>Synonym for Ulva flexuosa Wulfen</nO>",,"1976","8","25",,,"<nO>Synonym for Ulva flexuosa Wulfen</nO>","Brasil",,"São Paulo","Guaruja","Guaruja","Praia do Pereque",,,"-23.9342","-46.1867",,,,,"A.I. Kanagawa",,,"Enteromorpha flexuosa",,,"Ulvaceae","Enteromorpha",,,,"-23.9342","-46.1867",,,,,"Enteromorpha flexuosa","flexuosa",,,,,,,"Splink","OBIS_BR","code not found",,,"1976","Kanagawa, A.I.",,,,,"brazil","sao paulo","guaruja","praia do pereque",,"locality","brazil_sao paulo_guaruja","brazil_sao paulo_guaruja",-23.95239062,-46.23454988,"county",1901046,"Enteromorpha flexuosa",,"possibly_ok",,"Enteromorpha flexuosa",,"species","not found",,,,"Enteromorpha flexuosa","Enteromorpha","Polypodiaceae","brazil_sao paulo_guaruja","Brazil","São Paulo","Guarujá",,"ibge",TRUE,-23.9342,-46.1867,"coord_original","miliseconds","low","Enteromorpha flexuosa","check_local.2municip.","ok_county",,FALSE,"no_cannot_check","no_match","OBIS_BR_8792",,"cc","cc",,,,"coord_original","Low","ÁREA DE PROTEÇÃO AMBIENTAL MUNICIPAL DA SERRA DO GUARARU"
,,,,"IB USP","OBIS_BR",,,"8563",,,"<nO>Synonym for Ulva clathrata (Roth) C. Agardh 1811</nO>",,"1976","8","25",,,"<nO>Synonym for Ulva clathrata (Roth) C. Agardh 1811</nO>","Brasil",,"São Paulo","Guaruja","Guaruja","Praia do Pereque",,,"-23.9342","-46.1867",,,,,"A.I. Kanagawa",,,"Enteromorpha clathrata",,,"Ulvaceae","Enteromorpha",,,,"-23.9342","-46.1867",,,,,"Enteromorpha clathrata","clathrata",,,,,,,"Splink","OBIS_BR","code not found",,,"1976","Kanagawa, A.I.",,,,,"brazil","sao paulo","guaruja","praia do pereque",,"locality","brazil_sao paulo_guaruja","brazil_sao paulo_guaruja",-23.95239062,-46.23454988,"county",1901032,"Enteromorpha clathrata",,"possibly_ok",,"Enteromorpha clathrata",,"species","not found",,,,"Enteromorpha clathrata","Enteromorpha","Polypodiaceae","brazil_sao paulo_guaruja","Brazil","São Paulo","Guarujá",,"ibge",TRUE,-23.9342,-46.1867,"coord_original","miliseconds","low","Enteromorpha clathrata","check_local.2municip.","ok_county",,FALSE,"no_cannot_check","no_match","OBIS_BR_8563",,"cc","cc",,,,"coord_original","Low","ÁREA DE PROTEÇÃO AMBIENTAL MUNICIPAL DA SERRA DO GUARARU"
,,,,"iNaturalist","Observations","iNaturalist research-grade observations","HUMAN_OBSERVATION","253458491",,"Leandro França Vilaça",,"2024-03-16T21:23","2024","3","16","2024/03/16 21:23",,,"BR","BR","São Paulo",,,"Cidade Jardim Tom, Guarujá - SP, Brasil","Cidade Jardim Tom, Guarujá - SP, Brasil",,"-23.891789","-46.180694",,,,,"Leandro França Vilaça","2024-11-29 00:26:27",,"Brillantaisia lamium (Nees) Benth.","Magnoliopsida","Lamiales","Acanthaceae","Brillantaisia","species",,"ACCEPTED",,,"Brillantaisia lamium (Nees) Benth.",,,,"Brillantaisia lamium","Brillantaisia lamium","189925","EPSG:4326",,,,,"GBIF","Observations","code not found","Vilaca, L.F.",,"2024","Vilaca, L.F.","2024",,"Vilaca",,"brazil","sao paulo","cidade jardim tom","cidade jardim tom",,"locality","brazil_sao paulo_cidade jardim tom","brazil_sao paulo",-22.2584562,-48.7420254,"state",757999,"Brillantaisia lamium","(Nees) Benth.","name_w_authors","Acanthaceae","Brillantaisia lamium","(Nees) Benth.","species","name accepted","bfo-605025",,,"Brillantaisia lamium (Nees) Benth.","Brillantaisia","Acanthaceae","brazil_sao paulo","Brazil","São Paulo",,,"gadm",TRUE,-23.891789,-46.180694,"coord_original","miliseconds","low","Brillantaisia lamium","check_local.2state","ok_state",,FALSE,"ok_dist","full_name_match","Observations_253458491",,"cc","cc",,,,"coord_original","Low","ÁREA DE PROTEÇÃO AMBIENTAL MUNICIPAL DA SERRA DO GUARARU"
,,,,"iNaturalist","Observations","iNaturalist research-grade observations","HUMAN_OBSERVATION","194148740",,"irmi",,"2023-08-04T14:00","2023","8","4","2023/08/04 14:00",,,"BR","BR","São Paulo",,,"Guarujá - São Paulo, Brasilien","Guarujá - São Paulo, Brasilien",,"-23.862016","-46.131253",,,,,"Steven Kurniawidjaja","2024-04-19 22:33:07",,"Paradisanthus micranthus (Barb.Rodr.) Schltr.","Liliopsida","Asparagales","Orchidaceae","Paradisanthus","species",,"SYNONYM",,,"Paradisanthus bahiensis Rchb.f.",,,,"Paradisanthus micranthus","Paradisanthus bahiensis","628738","EPSG:4326",,,,,"GBIF","Observations","code not found","Irmi",,"2023","Kurniawidjaja, S.","2024",,"Irmi",,"brazil","sao paulo","guaruja","guaruja",,"locality","brazil_sao paulo_guaruja","brazil_sao paulo_guaruja",-23.95239062,-46.23454988,"county",20071,"Paradisanthus bahiensis subsp. micranthus","(Rchb.f.) Meneguzzo","name_w_authors","Orchidaceae","Paradisanthus bahiensis subsp. micranthus","(Rchb.f.) Meneguzzo","subspecies","replaced synonym","bfo-620989","Paradisanthus bahiensis subsp. micranthus","(Rchb.f.) Meneguzzo","Paradisanthus bahiensis subsp. micranthus (Rchb.f.) Meneguzzo","Paradisanthus","Orchidaceae","brazil_sao paulo_guaruja","Brazil","São Paulo","Guarujá",,"ibge",TRUE,-23.862016,-46.131253,"coord_original","miliseconds","low","Paradisanthus bahiensis","check_local.2municip.","ok_county",,FALSE,"ok_dist","full_name_match","Observations_194148740",,"cc","cc",,,,"coord_original","Low","ÁREA DE PROTEÇÃO AMBIENTAL MUNICIPAL DA SERRA DO GUARARU"
,,,,"iNaturalist","Observations","iNaturalist research-grade observations","HUMAN_OBSERVATION","194148732",,"irmi",,"2023-08-04T12:39","2023","8","4","2023/08/04 12:39",,,"BR","BR","São Paulo",,,"Guarujá - São Paulo, Brasilien","Guarujá - São Paulo, Brasilien",,"-23.857611","-46.127624",,,,,"Cauê Ricci","2024-01-03 12:33:43",,"Euphorbia hirta L.","Magnoliopsida","Malpighiales","Euphorbiaceae","Euphorbia","species",,"ACCEPTED",,,"Euphorbia hirta L.",,,,"Euphorbia hirta","Euphorbia hirta","131560","EPSG:4326",,,,,"GBIF","Observations","code not found","Irmi",,"2023","Ricci, C.","2024",,"Irmi",,"brazil","sao paulo","guaruja","guaruja",,"locality","brazil_sao paulo_guaruja","brazil_sao paulo_guaruja",-23.95239062,-46.23454988,"county",666756,"Euphorbia hirta","L.","name_w_authors","Euphorbiaceae","Euphorbia hirta","L.","species","name accepted","bfo-22700",,,"Euphorbia hirta L.","Euphorbia","Euphorbiaceae","brazil_sao paulo_guaruja","Brazil","São Paulo","Guarujá",,"ibge",TRUE,-23.857611,-46.127624,"coord_original","miliseconds","low","Euphorbia hirta","check_local.2municip.","ok_county",,FALSE,"ok_dist","full_name_match","Observations_194148732",,"cc","cc",,,,"coord_original","Low","ÁREA DE PROTEÇÃO AMBIENTAL MUNICIPAL DA SERRA DO GUARARU"
,,,,"iNaturalist","Observations","iNaturalist research-grade observations","HUMAN_OBSERVATION","194148725",,"irmi",,"2023-08-04T12:10","2023","8","4","2023/08/04 12:10",,,"BR","BR","São Paulo",,,"Guarujá - São Paulo, Brasilien","Guarujá - São Paulo, Brasilien",,"-23.857725","-46.131189",,,,,"薛映月","2023-12-17 01:51:33",,"Monstera adansonii subsp. klotzschiana (Schott) Mayo & I.M.Andrade","Liliopsida","Alismatales","Araceae","Monstera","subspecies",,"ACCEPTED",,,"Monstera adansonii subsp. klotzschiana (Schott) Mayo & I.M.Andrade",,,,"Monstera adansonii klotzschiana","Monstera adansonii","952715","EPSG:4326",,,,,"GBIF","Observations","code not found","Irmi",,"2023","薛映月","2023",,"Irmi",,"brazil","sao paulo","guaruja","guaruja",,"locality","brazil_sao paulo_guaruja","brazil_sao paulo_guaruja",-23.95239062,-46.23454988,"county",20029,"Monstera adansonii subsp. klotzschiana","(Schott) Mayo & I.M. Andrade","subspecies|name_w_authors","Araceae","Monstera adansonii subsp. klotzschiana","(Schott) Mayo & I.M. Andrade","subspecies","name accepted","bfo-602850",,,"Monstera adansonii subsp. klotzschiana (Schott) Mayo & I.M. Andrade","Monstera","Araceae","brazil_sao paulo_guaruja","Brazil","São Paulo","Guarujá",,"ibge",TRUE,-23.857725,-46.131189,"coord_original","miliseconds","low","Monstera adansonii","check_local.2municip.","ok_county",,FALSE,"ok_dist","full_name_match","Observations_194148725",,"cc","cc",,,,"coord_original","Low","ÁREA DE PROTEÇÃO AMBIENTAL MUNICIPAL DA SERRA DO GUARARU"
,,,,"iNaturalist","Observations","iNaturalist research-grade observations","HUMAN_OBSERVATION","194148735",,"irmi",,"2023-08-04T13:29","2023","8","4","2023/08/04 13:29",,,"BR","BR","São Paulo",,,"Guarujá - São Paulo, Brasilien","Guarujá - São Paulo, Brasilien",,"-23.85922","-46.128285",,,,,"irmi","2023-12-16 23:58:06",,"Solanum capsicoides All.","Magnoliopsida","Solanales","Solanaceae","Solanum","species",,"ACCEPTED",,,"Solanum capsicoides All.",,,,"Solanum capsicoides","Solanum capsicoides","169055","EPSG:4326",,,,,"GBIF","Observations","code not found","Irmi",,"2023","Irmi","2023",,"Irmi",,"brazil","sao paulo","guaruja","guaruja",,"locality","brazil_sao paulo_guaruja","brazil_sao paulo_guaruja",-23.95239062,-46.23454988,"county",665328,"Solanum capsicoides","All.","name_w_authors","Solanaceae","Solanum capsicoides","All.","species","name accepted","bfo-14742",,,"Solanum capsicoides All.","Solanum","Solanaceae","brazil_sao paulo_guaruja","Brazil","São Paulo","Guarujá",,"ibge",TRUE,-23.85922,-46.128285,"coord_original","miliseconds","low","Solanum capsicoides","check_local.2municip.","ok_county",,FALSE,"ok_dist","full_name_match","Observations_194148735",,"cc","cc",,,,"coord_original","Low","ÁREA DE PROTEÇÃO AMBIENTAL MUNICIPAL DA SERRA DO GUARARU"
,,,,"iNaturalist","Observations","iNaturalist research-grade observations","HUMAN_OBSERVATION","194148749",,"irmi",,"2023-08-04T14:20","2023","8","4","2023/08/04 14:20",,,"BR","BR","São Paulo",,,"Guarujá - São Paulo, Brasilien","Guarujá - São Paulo, Brasilien",,"-23.8662","-46.136016",,,,,"vitordematos12","2023-12-17 11:56:58",,"Mimusops coriacea (A.DC.) Miq.","Magnoliopsida","Ericales","Sapotaceae","Mimusops","species",,"ACCEPTED",,,"Mimusops coriacea (A.DC.) Miq.",,,,"Mimusops coriacea","Mimusops coriacea","518178","EPSG:4326",,,,,"GBIF","Observations","code not found","Irmi",,"2023","Vitordematos","2023",,"Irmi",,"brazil","sao paulo","guaruja","guaruja",,"locality","brazil_sao paulo_guaruja","brazil_sao paulo_guaruja",-23.95239062,-46.23454988,"county",665262,"Mimusops coriacea","(A.DC.) Miq.","name_w_authors","Sapotaceae","Mimusops coriacea","(A.DC.) Miq.","species","name accepted","bfo-130133",,,"Mimusops coriacea (A.DC.) Miq.","Mimusops","Sapotaceae","brazil_sao paulo_guaruja","Brazil","São Paulo","Guarujá",,"ibge",TRUE,-23.8662,-46.136016,"coord_original","miliseconds","low","Mimusops coriacea","check_local.2municip.","ok_county",,FALSE,"ok_dist","full_name_match","Observations_194148749",,"cc","cc",,,,"coord_original","Low","ÁREA DE PROTEÇÃO AMBIENTAL MUNICIPAL DA SERRA DO GUARARU"
,,,,"iNaturalist","Observations","iNaturalist research-grade observations","HUMAN_OBSERVATION","194148727",,"irmi",,"2023-08-04T12:28","2023","8","4","2023/08/04 12:28",,,"BR","BR","São Paulo",,,"Guarujá - São Paulo, Brasilien","Guarujá - São Paulo, Brasilien",,"-23.857209","-46.129235",,,,,"Kai-Philipp Schablewski","2023-12-17 00:39:22",,"Hippobroma longiflora (L.) G.Don","Magnoliopsida","Asterales","Campanulaceae","Hippobroma","species",,"ACCEPTED",,,"Hippobroma longiflora (L.) G.Don",,,,"Hippobroma longiflora","Hippobroma longiflora","154827","EPSG:4326",,,,,"GBIF","Observations","code not found","Irmi",,"2023","Schablewski, K.-P.","2023",,"Irmi",,"brazil","sao paulo","guaruja","guaruja",,"locality","brazil_sao paulo_guaruja","brazil_sao paulo_guaruja",-23.95239062,-46.23454988,"county",665259,"Hippobroma longiflora","(L.) G.Don","name_w_authors","Campanulaceae","Hippobroma longiflora","(L.) G.Don","species","name accepted","bfo-16685",,,"Hippobroma longiflora (L.) G.Don","Hippobroma","Campanulaceae","brazil_sao paulo_guaruja","Brazil","São Paulo","Guarujá",,"ibge",TRUE,-23.857209,-46.129235,"coord_original","miliseconds","low","Hippobroma longiflora","check_local.2municip.","ok_county",,FALSE,"ok_dist","full_name_match","Observations_194148727",,"cc","cc",,,,"coord_original","Low","ÁREA DE PROTEÇÃO AMBIENTAL MUNICIPAL DA SERRA DO GUARARU"
,,,,"iNaturalist","Observations","iNaturalist research-grade observations","HUMAN_OBSERVATION","176662018",,"mgreilhuber",,"2023-08-04T12:34:40","2023","8","4","2023-08-04 12:34:40",,,"BR","BR","São Paulo",,,"Guarujá, SP, Brasilien","Guarujá, SP, Brasilien",,"-23.859592","-46.136017",,,,,"mgreilhuber","2023-08-04 20:46:02",,"Carica papaya L.","Magnoliopsida","Brassicales","Caricaceae","Carica","species",,"ACCEPTED",,,"Carica papaya L.",,,,"Carica papaya","Carica papaya","62811","EPSG:4326",,,,,"GBIF","Observations","code not found","Mgreilhuber",,"2023","Mgreilhuber","2023",,"Mgreilhuber",,"brazil","sao paulo","guaruja","guaruja",,"locality","brazil_sao paulo_guaruja","brazil_sao paulo_guaruja",-23.95239062,-46.23454988,"county",653725,"Carica papaya","L.","name_w_authors","Caricaceae","Carica papaya","L.","species","name accepted","bfo-22405",,,"Carica papaya L.","Carica","Caricaceae","brazil_sao paulo_guaruja","Brazil","São Paulo","Guarujá",,"ibge",TRUE,-23.859592,-46.136017,"coord_original","miliseconds","low","Carica papaya","check_local.2municip.","ok_county",,FALSE,"ok_dist","full_name_match","Observations_176662018",,"cc","cc",,,,"coord_original","Low","ÁREA DE PROTEÇÃO AMBIENTAL MUNICIPAL DA SERRA DO GUARARU"
,,,,"iNaturalist","Observations","iNaturalist research-grade observations","HUMAN_OBSERVATION","116882730",,"lucs23",,"2022-05-13T14:33","2022","5","13","2022/05/13 2:33 PM",,,"BR","BR","São Paulo",,,"Guarujá - SP, Brasil","Guarujá - SP, Brasil",,"-23.906897","-46.153366",,,,,"lucs23","2022-05-13 21:02:17",,"Thunbergia erecta (Benth.) T.Anderson","Magnoliopsida","Lamiales","Acanthaceae","Thunbergia","species",,"ACCEPTED",,,"Thunbergia erecta (Benth.) T.Anderson",,,,"Thunbergia erecta","Thunbergia erecta","169741","EPSG:4326",,,,,"GBIF","Observations","code not found","Lucs",,"2022","Lucs","2022",,"Lucs",,"brazil","sao paulo","guaruja","guaruja",,"locality","brazil_sao paulo_guaruja","brazil_sao paulo_guaruja",-23.95239062,-46.23454988,"county",586004,"Thunbergia erecta","(Benth.) T.Anderson","name_w_authors","Acanthaceae","Thunbergia erecta","(Benth.) T.Anderson","species","name accepted","bfo-605565",,,"Thunbergia erecta (Benth.) T.Anderson","Thunbergia","Acanthaceae","brazil_sao paulo_guaruja","Brazil","São Paulo","Guarujá",,"ibge",TRUE,-23.906897,-46.153366,"coord_original","miliseconds","low","Thunbergia erecta","check_local.2municip.","ok_county",,FALSE,"ok_dist","full_name_match","Observations_116882730",,"cc","cc",,,,"coord_original","Low","ÁREA DE PROTEÇÃO AMBIENTAL MUNICIPAL DA SERRA DO GUARARU"
,,,,"iNaturalist","Observations","iNaturalist research-grade observations","HUMAN_OBSERVATION","116882742",,"lucs23",,"2022-05-13T14:43","2022","5","13","2022/05/13 2:43 PM",,,"BR","BR","São Paulo",,,"Guarujá - SP, Brasil","Guarujá - SP, Brasil",,"-23.906936","-46.152721",,,,,"nosignallock","2022-05-14 08:15:04",,"Syngonium podophyllum Schott","Liliopsida","Alismatales","Araceae","Syngonium","species",,"ACCEPTED",,,"Syngonium podophyllum Schott",,,,"Syngonium podophyllum","Syngonium podophyllum","143208","EPSG:4326",,,,,"GBIF","Observations","code not found","Lucs",,"2022","Nosignallock","2022",,"Lucs",,"brazil","sao paulo","guaruja","guaruja",,"locality","brazil_sao paulo_guaruja","brazil_sao paulo_guaruja",-23.95239062,-46.23454988,"county",583828,"Syngonium podophyllum","Schott","name_w_authors","Araceae","Syngonium podophyllum","Schott","species","name accepted","bfo-5081",,,"Syngonium podophyllum Schott","Syngonium","Araceae","brazil_sao paulo_guaruja","Brazil","São Paulo","Guarujá",,"ibge",TRUE,-23.906936,-46.152721,"coord_original","miliseconds","low","Syngonium podophyllum","check_local.2municip.","ok_county",,FALSE,"ok_dist","full_name_match","Observations_116882742",,"cc","cc",,,,"coord_original","Low","ÁREA DE PROTEÇÃO AMBIENTAL MUNICIPAL DA SERRA DO GUARARU"
,,,,"iNaturalist","Observations","iNaturalist research-grade observations","HUMAN_OBSERVATION","116882744",,"lucs23",,"2022-05-13T14:50","2022","5","13","2022/05/13 2:50 PM",,,"BR","BR","São Paulo",,,"Guarujá - SP, Brasil","Guarujá - SP, Brasil",,"-23.905848","-46.149062",,,,,"Vinicius Bueno","2022-05-15 01:29:06",,"Sphagneticola trilobata (L.) Pruski","Magnoliopsida","Asterales","Asteraceae","Sphagneticola","species",,"ACCEPTED",,,"Sphagneticola trilobata (L.) Pruski",,,,"Sphagneticola trilobata","Sphagneticola trilobata","246102","EPSG:4326",,,,,"GBIF","Observations","code not found","Lucs",,"2022","Bueno, V.","2022",,"Lucs",,"brazil","sao paulo","guaruja","guaruja",,"locality","brazil_sao paulo_guaruja","brazil_sao paulo_guaruja",-23.95239062,-46.23454988,"county",583863,"Sphagneticola trilobata","(L.) Pruski","name_w_authors","Asteraceae","Sphagneticola trilobata","(L.) Pruski","species","name accepted","bfo-16304",,,"Sphagneticola trilobata (L.) Pruski","Sphagneticola","Asteraceae","brazil_sao paulo_guaruja","Brazil","São Paulo","Guarujá",,"ibge",TRUE,-23.905848,-46.149062,"coord_original","miliseconds","low","Sphagneticola trilobata","check_local.2municip.","ok_county",,FALSE,"ok_dist","full_name_match","Observations_116882744",,"cc","cc",,,,"coord_original","Low","ÁREA DE PROTEÇÃO AMBIENTAL MUNICIPAL DA SERRA DO GUARARU"
,,,,"iNaturalist","Observations","iNaturalist research-grade observations","HUMAN_OBSERVATION","116882760",,"lucs23",,"2022-05-13T16:04","2022","5","13","2022/05/13 4:04 PM",,,"BR","BR","São Paulo",,,"Guarujá - SP, Brasil","Guarujá - SP, Brasil",,"-23.900253","-46.154464",,,,,"nosignallock","2022-05-14 08:14:28",,"Spathiphyllum cannifolium (Dryand. ex Sims) Schott","Liliopsida","Alismatales","Araceae","Spathiphyllum","species",,"ACCEPTED",,,"Spathiphyllum cannifolium (Dryand. ex Sims) Schott",,,,"Spathiphyllum cannifolium","Spathiphyllum cannifolium","344985","EPSG:4326",,,,,"GBIF","Observations","code not found","Lucs",,"2022","Nosignallock","2022",,"Lucs",,"brazil","sao paulo","guaruja","guaruja",,"locality","brazil_sao paulo_guaruja","brazil_sao paulo_guaruja",-23.95239062,-46.23454988,"county",583862,"Spathiphyllum cannifolium","(Dryand. ex Sims) Schott","name_w_authors","Araceae","Spathiphyllum cannifolium","(Dryand. ex Sims) Schott","species","name accepted","bfo-33917",,,"Spathiphyllum cannifolium (Dryand. ex Sims) Schott","Spathiphyllum","Araceae","brazil_sao paulo_guaruja","Brazil","São Paulo","Guarujá",,"ibge",TRUE,-23.900253,-46.154464,"coord_original","miliseconds","low","Spathiphyllum cannifolium","check_local.2municip.","ok_county",,FALSE,"ok_dist","full_name_match","Observations_116882760",,"cc","cc",,,,"coord_original","Low","ÁREA DE PROTEÇÃO AMBIENTAL MUNICIPAL DA SERRA DO GUARARU"
,,,,"iNaturalist","Observations","iNaturalist research-grade observations","HUMAN_OBSERVATION","116882748",,"lucs23",,"2022-05-13T14:55","2022","5","13","2022/05/13 2:55 PM",,,"BR","BR","São Paulo",,,"Guarujá - SP, Brasil","Guarujá - SP, Brasil",,"-23.90598","-46.149302",,,,,"lucs23","2022-05-13 21:02:20",,"Pilea cadierei Gagnep. & Guillaumin","Magnoliopsida","Rosales","Urticaceae","Pilea","species",,"ACCEPTED",,,"Pilea cadierei Gagnep. & Guillaumin",,,,"Pilea cadierei","Pilea cadierei","278679","EPSG:4326",,,,,"GBIF","Observations","code not found","Lucs",,"2022","Lucs","2022",,"Lucs",,"brazil","sao paulo","guaruja","guaruja",,"locality","brazil_sao paulo_guaruja","brazil_sao paulo_guaruja",-23.95239062,-46.23454988,"county",583850,"Pilea cadierei","Gagnep. & Guillaumin","name_w_authors","Urticaceae","Pilea cadierei","Gagnep. & Guillaumin","species","name accepted","bfo-88220",,,"Pilea cadierei Gagnep. & Guillaumin","Pilea","Urticaceae","brazil_sao paulo_guaruja","Brazil","São Paulo","Guarujá",,"ibge",TRUE,-23.90598,-46.149302,"coord_original","miliseconds","low","Pilea cadierei","check_local.2municip.","ok_county",,FALSE,"ok_dist","full_name_match","Observations_116882748",,"cc","cc",,,,"coord_original","Low","ÁREA DE PROTEÇÃO AMBIENTAL MUNICIPAL DA SERRA DO GUARARU"
,,,,"iNaturalist","Observations","iNaturalist research-grade observations","HUMAN_OBSERVATION","116882731",,"lucs23",,"2022-05-13T14:33","2022","5","13","2022/05/13 2:33 PM",,,"BR","BR","São Paulo",,,"Guarujá - SP, Brasil","Guarujá - SP, Brasil",,"-23.906879","-46.153293",,,,,"lucs23","2022-05-13 21:02:17",,"Impatiens walleriana Hook.fil.","Magnoliopsida","Ericales","Balsaminaceae","Impatiens","species",,"ACCEPTED",,,"Impatiens walleriana Hook.fil.",,,,"Impatiens walleriana","Impatiens walleriana","68185","EPSG:4326",,,,,"GBIF","Observations","code not found","Lucs",,"2022","Lucs","2022",,"Lucs",,"brazil","sao paulo","guaruja","guaruja",,"locality","brazil_sao paulo_guaruja","brazil_sao paulo_guaruja",-23.95239062,-46.23454988,"county",583833,"Impatiens walleriana","Hook.f.","name_w_authors","Balsaminaceae","Impatiens walleriana","Hook.f.","species","author misspelled","bfo-130841",,,"Impatiens walleriana Hook.f.","Impatiens","Balsaminaceae","brazil_sao paulo_guaruja","Brazil","São Paulo","Guarujá",,"ibge",TRUE,-23.906879,-46.153293,"coord_original","miliseconds","low","Impatiens walleriana","check_local.2municip.","ok_county",,FALSE,"ok_dist","full_name_match","Observations_116882731",,"cc","cc",,,,"coord_original","Low","ÁREA DE PROTEÇÃO AMBIENTAL MUNICIPAL DA SERRA DO GUARARU"
,,,,"iNaturalist","Observations","iNaturalist research-grade observations","HUMAN_OBSERVATION","116882732",,"lucs23",,"2022-05-13T14:32","2022","5","13","2022/05/13 2:32 PM",,,"BR","BR","São Paulo",,,"Guarujá - SP, Brasil","Guarujá - SP, Brasil",,"-23.906952","-46.153641",,,,,"lucs23","2022-05-13 21:02:17",,"Alpinia purpurata (Vieill.) K.Schum.","Liliopsida","Zingiberales","Zingiberaceae","Alpinia","species",,"ACCEPTED",,,"Alpinia purpurata (Vieill.) K.Schum.",,,,"Alpinia purpurata","Alpinia purpurata","154466","EPSG:4326",,,,,"GBIF","Observations","code not found","Lucs",,"2022","Lucs","2022",,"Lucs",,"brazil","sao paulo","guaruja","guaruja",,"locality","brazil_sao paulo_guaruja","brazil_sao paulo_guaruja",-23.95239062,-46.23454988,"county",591579,"Alpinia purpurata","(Vieill.) K.Schum.","name_w_authors","Zingiberaceae","Alpinia purpurata","(Vieill.) K.Schum.","species","name accepted","bfo-110702",,,"Alpinia purpurata (Vieill.) K.Schum.","Alpinia","Zingiberaceae","brazil_sao paulo_guaruja","Brazil","São Paulo","Guarujá",,"ibge",TRUE,-23.906952,-46.153641,"coord_original","miliseconds","low","Alpinia purpurata","check_local.2municip.","ok_county",,FALSE,"ok_dist","full_name_match","Observations_116882732",,"cc","cc",,,,"coord_original","Low","ÁREA DE PROTEÇÃO AMBIENTAL MUNICIPAL DA SERRA DO GUARARU"
,,,,"iNaturalist","Observations","iNaturalist research-grade observations","HUMAN_OBSERVATION","116882752",,"lucs23",,"2022-05-13T15:08","2022","5","13","2022/05/13 3:08 PM",,,"BR","BR","São Paulo",,,"Guarujá - SP, Brasil","Guarujá - SP, Brasil",,"-23.906754","-46.151019",,,,,"inatural156","2022-09-14 11:31:18",,"Allamanda blanchetii A.DC.","Magnoliopsida","Gentianales","Apocynaceae","Allamanda","species",,"ACCEPTED",,,"Allamanda blanchetii A.DC.",,,,"Allamanda blanchetii","Allamanda blanchetii","338131","EPSG:4326",,,,,"GBIF","Observations","code not found","Lucs",,"2022","Inatural","2022",,"Lucs",,"brazil","sao paulo","guaruja","guaruja",,"locality","brazil_sao paulo_guaruja","brazil_sao paulo_guaruja",-23.95239062,-46.23454988,"county",591595,"Allamanda blanchetii","A.DC.","name_w_authors","Apocynaceae","Allamanda blanchetii","A.DC.","species","name accepted","bfo-15539",,,"Allamanda blanchetii A.DC.","Allamanda","Apocynaceae","brazil_sao paulo_guaruja","Brazil","São Paulo","Guarujá",,"ibge",TRUE,-23.906754,-46.151019,"coord_original","miliseconds","low","Allamanda blanchetii","check_local.2municip.","ok_county",,FALSE,"bad_dist","full_name_match","Observations_116882752",,"cc","cc",,,,"coord_original","Low","ÁREA DE PROTEÇÃO AMBIENTAL MUNICIPAL DA SERRA DO GUARARU"
,,,,"iNaturalist","Observations","iNaturalist research-grade observations","HUMAN_OBSERVATION","69463581",,"Patrícia Hanate",,"2021-02-10T13:18:29","2021","2","10","2021-02-10 1:18:29 PM GMT-03:00",,,"BR","BR","São Paulo",,,"Praia de São Pedro","Praia de São Pedro",,"-23.907513","-46.163558",,,,,"lucianotbpp","2021-02-13 13:23:06",,"Hibiscus tiliaceus var. pernambucensis","Magnoliopsida","Malvales","Malvaceae","Talipariti","variety","(Bertol.) I.M.Johnst.","SYNONYM",,,"Talipariti pernambucense (Arruda) Bovini",,,,"Hibiscus tiliaceus var. pernambucensis (Bertol.) I.M.Johnst.","Talipariti pernambucense","785818","EPSG:4326",,,,,"GBIF","Observations","code not found","Hanate, P.",,"2021","Lucianotbpp","2021",,"Hanate",,"brazil","sao paulo","praia de sao pedro","praia de sao pedro",,"locality","brazil_sao paulo_praia sao pedro","brazil_sao paulo",-22.2584562,-48.7420254,"state",580829,"Talipariti tiliaceum","(L.) Fryxell","possibly_ok","Malvaceae","Talipariti tiliaceum","(L.) Fryxell","species","author misspelled|replaced synonym","bfo-9256",,,"Talipariti tiliaceum (L.) Fryxell","Talipariti","Malvaceae","brazil_sao paulo","Brazil","São Paulo",,,"gadm",TRUE,-23.907513,-46.163558,"coord_original","miliseconds","low","Talipariti tiliaceum","check_local.2state","shore",,FALSE,"no_cannot_check","full_name_match","Observations_69463581",,"cc","cc",,,,"coord_original","Low","ÁREA DE PROTEÇÃO AMBIENTAL MUNICIPAL DA SERRA DO GUARARU"
,,,,"iNaturalist","Observations","iNaturalist research-grade observations","HUMAN_OBSERVATION","69434367",,"Juliana Gatti Pereira Rodrigues",,"2020-01-22T14:22","2020","1","22","2020/01/22 2:22 PM -0300",,,"BR","BR","São Paulo",,,"Guarujá - State of São Paulo, Brazil","Guarujá - State of São Paulo, Brazil",,"-23.903764","-46.160158",,,,,"Guillaume Delaitre","2023-05-04 22:03:18",,"Couroupita guianensis Aubl.","Magnoliopsida","Ericales","Lecythidaceae","Couroupita","species",,"ACCEPTED",,,"Couroupita guianensis Aubl.",,,,"Couroupita guianensis","Couroupita guianensis","48163","EPSG:4326",,,,,"GBIF","Observations","code not found","Rodrigues, J.G.P.",,"2020","Delaitre, G.","2023",,"Rodrigues",,"brazil","sao paulo","guaruja","guaruja",,"locality","brazil_sao paulo_guaruja","brazil_sao paulo_guaruja",-23.95239062,-46.23454988,"county",649036,"Couroupita guianensis","Aubl.","name_w_authors","Lecythidaceae","Couroupita guianensis","Aubl.","species","name accepted","bfo-17964",,,"Couroupita guianensis Aubl.","Couroupita","Lecythidaceae","brazil_sao paulo_guaruja","Brazil","São Paulo","Guarujá",,"ibge",TRUE,-23.903764,-46.160158,"coord_original","miliseconds","low","Couroupita guianensis","check_local.2municip.","ok_county",,FALSE,"bad_dist","full_name_match","Observations_69434367",,"cc","cc",,,,"coord_original","Low","ÁREA DE PROTEÇÃO AMBIENTAL MUNICIPAL DA SERRA DO GUARARU"
,,,,"iNaturalist","Observations","iNaturalist research-grade observations","HUMAN_OBSERVATION","40006671",,"Edgard Lopes",,"2019-12-27T12:03","2019","12","27","2019/12/27 12:03 PM -0200",,,"BR","BR","São Paulo",,,"Guarujá - SP, Brasil","Guarujá - SP, Brasil",,"-23.863511","-46.136745",,,,,"Víctor de Paiva","2024-03-07 11:49:31",,"Trimezia martinicensis (Jacq.) Herb.","Liliopsida","Asparagales","Iridaceae","Trimezia","species",,"ACCEPTED",,,"Trimezia martinicensis (Jacq.) Herb.",,,,"Trimezia martinicensis","Trimezia martinicensis","52397","EPSG:4326",,,,,"GBIF","Observations","code not found","Lopes, E.",,"2019","Paiva, V.","2024",,"Lopes",,"brazil","sao paulo","guaruja","guaruja",,"locality","brazil_sao paulo_guaruja","brazil_sao paulo_guaruja",-23.95239062,-46.23454988,"county",672737,"Trimezia martinicensis","(Jacq.) Herb.","name_w_authors","Iridaceae","Trimezia martinicensis","(Jacq.) Herb.","species","name accepted","bfo-8079",,,"Trimezia martinicensis (Jacq.) Herb.","Trimezia","Iridaceae","brazil_sao paulo_guaruja","Brazil","São Paulo","Guarujá",,"ibge",TRUE,-23.863511,-46.136745,"coord_original","miliseconds","low","Trimezia martinicensis","check_local.2municip.","ok_county",,FALSE,"ok_dist","full_name_match","Observations_40006671",,"cc","cc",,,,"coord_original","Low","ÁREA DE PROTEÇÃO AMBIENTAL MUNICIPAL DA SERRA DO GUARARU"
,,,,"iNaturalist","Observations","iNaturalist research-grade observations","HUMAN_OBSERVATION","40006971",,"Edgard Lopes",,"2019-12-27T12:22","2019","12","27","2019/12/27 12:22 PM -0200",,,"BR","BR","São Paulo",,,"Guarujá - SP, Brasil","Guarujá - SP, Brasil",,"-23.863511","-46.136745",,,,,"Magenta, M.A.G.","2021-04-26 01:47:06",,"Pseudogynoxys chenopodioides (Kunth) Cabrera","Magnoliopsida","Asterales","Asteraceae","Pseudogynoxys","species",,"ACCEPTED",,,"Pseudogynoxys chenopodioides (Kunth) Cabrera",,,,"Pseudogynoxys chenopodioides","Pseudogynoxys chenopodioides","156463","EPSG:4326",,,,,"GBIF","Observations","code not found","Lopes, E.",,"2019","Magenta, M.A.G.","2021",,"Lopes",,"brazil","sao paulo","guaruja","guaruja",,"locality","brazil_sao paulo_guaruja","brazil_sao paulo_guaruja",-23.95239062,-46.23454988,"county",573958,"Pseudogynoxys chenopodioides","(Kunth) Cabrera","name_w_authors","Asteraceae","Pseudogynoxys chenopodioides","(Kunth) Cabrera","species","name accepted","bfo-102404",,,"Pseudogynoxys chenopodioides (Kunth) Cabrera","Pseudogynoxys","Asteraceae","brazil_sao paulo_guaruja","Brazil","São Paulo","Guarujá",,"ibge",TRUE,-23.863511,-46.136745,"coord_original","miliseconds","low","Pseudogynoxys chenopodioides","check_local.2municip.","ok_county",,FALSE,"ok_dist","full_name_match","Observations_40006971",,"cc","cc",,,,"coord_original","Low","ÁREA DE PROTEÇÃO AMBIENTAL MUNICIPAL DA SERRA DO GUARARU"
,,,,"iNaturalist","Observations","iNaturalist research-grade observations","HUMAN_OBSERVATION","40006914",,"Edgard Lopes",,"2019-12-27T12:20","2019","12","27","2019/12/27 12:20 PM -0200",,,"BR","BR","São Paulo",,,"Guarujá - SP, Brasil","Guarujá - SP, Brasil",,"-23.863511","-46.136745",,,,,"Kai-Philipp Schablewski","2020-03-15 13:43:47","https://www.researchgate.net/figure/a-Racinaea-aerisincola-habit-b-Tillandsia-polystachia-habit-c-T-stricta_fig4_282610640 https://www.researchgate.net/figure/Tillandsioideae-subfamily-species-a-Racinaea-aerisincola-b-Tillandsia-gardneri-c-T_fig2_262616169 https://plantidtools.fieldmuseum.org/en/rrc/catalogue/325162","Racinaea aeris-incola (Mez) M.A.Spencer & L.B.Sm.","Liliopsida","Poales","Bromeliaceae","Racinaea","species",,"ACCEPTED",,,"Racinaea aeris-incola (Mez) M.A.Spencer & L.B.Sm.",,,,"Racinaea aeris-incola","Racinaea aeris-incola","847396","EPSG:4326",,,,,"GBIF","Observations","code not found","Lopes, E.",,"2019","Schablewski, K.-P.","2020",,"Lopes",,"brazil","sao paulo","guaruja","guaruja",,"locality","brazil_sao paulo_guaruja","brazil_sao paulo_guaruja",-23.95239062,-46.23454988,"county",442555,"Racinaea aerisincola","(Mez) M.A.Spencer & L.B.Sm.","name_w_authors","Bromeliaceae","Racinaea aerisincola","(Mez) M.A.Spencer & L.B.Sm.","species","name misspelled","bfo-6353",,,"Racinaea aerisincola (Mez) M.A.Spencer & L.B.Sm.","Racinaea","Bromeliaceae","brazil_sao paulo_guaruja","Brazil","São Paulo","Guarujá",,"ibge",TRUE,-23.863511,-46.136745,"coord_original","miliseconds","low","Racinaea aerisincola","check_local.2municip.","ok_county",,FALSE,"ok_dist","full_name_match","Observations_40006914",,"cc","cc",,,,"coord_original","Low","ÁREA DE PROTEÇÃO AMBIENTAL MUNICIPAL DA SERRA DO GUARARU"
,,,,"iNaturalist","Observations","iNaturalist research-grade observations","HUMAN_OBSERVATION","40006879",,"Edgard Lopes",,"2019-12-27T12:17","2019","12","27","2019/12/27 12:17 PM -0200",,,"BR","BR","São Paulo",,,"Guarujá - SP, Brasil","Guarujá - SP, Brasil",,"-23.863511","-46.136745",,,,,"Kai-Philipp Schablewski","2020-03-15 13:14:49",,"Hibiscus schizopetalus","Magnoliopsida","Malvales","Malvaceae","Hibiscus","species","(Dyer) Hook.fil.","ACCEPTED",,,"Hibiscus schizopetalus (Dyer) Hook.fil.",,,,"Hibiscus schizopetalus (Dyer) Hook.fil.","Hibiscus schizopetalus","62877","EPSG:4326",,,,,"GBIF","Observations","code not found","Lopes, E.",,"2019","Schablewski, K.-P.","2020",,"Lopes",,"brazil","sao paulo","guaruja","guaruja",,"locality","brazil_sao paulo_guaruja","brazil_sao paulo_guaruja",-23.95239062,-46.23454988,"county",442561,"Hibiscus schizopetalus","(Dyer) Hook.f.","name_w_authors","Malvaceae","Hibiscus schizopetalus","(Dyer) Hook.f.","species","author misspelled|check not resolved","bfo-638921",,,"Hibiscus schizopetalus (Dyer) Hook.f.","Hibiscus","Malvaceae","brazil_sao paulo_guaruja","Brazil","São Paulo","Guarujá",,"ibge",TRUE,-23.863511,-46.136745,"coord_original","miliseconds","low","Hibiscus schizopetalus","check_local.2municip.","ok_county",,FALSE,"no_cannot_check","full_name_match","Observations_40006879",,"cc","cc",,,,"coord_original","Low","ÁREA DE PROTEÇÃO AMBIENTAL MUNICIPAL DA SERRA DO GUARARU"
,,,,"iNaturalist","Observations","iNaturalist research-grade observations","HUMAN_OBSERVATION","40006959",,"Edgard Lopes",,"2019-12-27T12:21","2019","12","27","2019/12/27 12:21 PM -0200",,,"BR","BR","São Paulo",,,"Guarujá - SP, Brasil","Guarujá - SP, Brasil",,"-23.863511","-46.136745",,,,,"Edgard Lopes","2020-03-15 03:04:58",,"Dracaena fragrans (L.) Ker Gawl.","Liliopsida","Asparagales","Asparagaceae","Dracaena","species",,"ACCEPTED",,,"Dracaena fragrans (L.) Ker Gawl.",,,,"Dracaena fragrans","Dracaena fragrans","126515","EPSG:4326",,,,,"GBIF","Observations","code not found","Lopes, E.",,"2019","Lopes, E.","2020",,"Lopes",,"brazil","sao paulo","guaruja","guaruja",,"locality","brazil_sao paulo_guaruja","brazil_sao paulo_guaruja",-23.95239062,-46.23454988,"county",442559,"Dracaena fragrans","(L.) Ker Gawl.","name_w_authors","Asparagaceae","Dracaena fragrans","(L.) Ker Gawl.","species","name accepted","bfo-609371",,,"Dracaena fragrans (L.) Ker Gawl.","Dracaena","Asparagaceae","brazil_sao paulo_guaruja","Brazil","São Paulo","Guarujá",,"ibge",TRUE,-23.863511,-46.136745,"coord_original","miliseconds","low","Dracaena fragrans","check_local.2municip.","ok_county",,FALSE,"ok_dist","full_name_match","Observations_40006959",,"cc","cc",,,,"coord_original","Low","ÁREA DE PROTEÇÃO AMBIENTAL MUNICIPAL DA SERRA DO GUARARU"
,,,,"iNaturalist","Observations","iNaturalist research-grade observations","HUMAN_OBSERVATION","40006952",,"Edgard Lopes",,"2019-12-27T12:20","2019","12","27","2019/12/27 12:20 PM -0200",,,"BR","BR","São Paulo",,,"Guarujá - SP, Brasil","Guarujá - SP, Brasil",,"-23.863511","-46.136745",,,,,"Edgard Lopes","2020-03-15 03:04:42",,"Dieffenbachia seguine (Jacq.) Schott","Liliopsida","Alismatales","Araceae","Dieffenbachia","species",,"ACCEPTED",,,"Dieffenbachia seguine (Jacq.) Schott",,,,"Dieffenbachia seguine","Dieffenbachia seguine","206266","EPSG:4326",,,,,"GBIF","Observations","code not found","Lopes, E.",,"2019","Lopes, E.","2020",,"Lopes",,"brazil","sao paulo","guaruja","guaruja",,"locality","brazil_sao paulo_guaruja","brazil_sao paulo_guaruja",-23.95239062,-46.23454988,"county",446588,"Dieffenbachia seguine","(Jacq.) Schott","name_w_authors","Araceae","Dieffenbachia seguine","(Jacq.) Schott","species","name accepted","bfo-25178",,,"Dieffenbachia seguine (Jacq.) Schott","Dieffenbachia","Araceae","brazil_sao paulo_guaruja","Brazil","São Paulo","Guarujá",,"ibge",TRUE,-23.863511,-46.136745,"coord_original","miliseconds","low","Dieffenbachia seguine","check_local.2municip.","ok_county",,FALSE,"bad_dist","full_name_match","Observations_40006952",,"cc","cc",,,,"coord_original","Low","ÁREA DE PROTEÇÃO AMBIENTAL MUNICIPAL DA SERRA DO GUARARU"
,,,,"iNaturalist","Observations","iNaturalist research-grade observations","HUMAN_OBSERVATION","40006603",,"Edgard Lopes",,"2019-12-27T11:55","2019","12","27","2019/12/27 11:55 AM -0200",,,"BR","BR","São Paulo",,,"Guarujá - SP, Brasil","Guarujá - SP, Brasil",,"-23.863511","-46.136745",,,,,"Edgard Lopes","2020-04-19 18:20:51",,"Dahlstedtia pinnata (Benth.) Malme","Magnoliopsida","Fabales","Fabaceae","Dahlstedtia","species",,"ACCEPTED",,,"Dahlstedtia pinnata (Benth.) Malme",,,,"Dahlstedtia pinnata","Dahlstedtia pinnata","900060","EPSG:4326",,,,,"GBIF","Observations","code not found","Lopes, E.",,"2019","Lopes, E.","2020",,"Lopes",,"brazil","sao paulo","guaruja","guaruja",,"locality","brazil_sao paulo_guaruja","brazil_sao paulo_guaruja",-23.95239062,-46.23454988,"county",574637,"Dahlstedtia pinnata","(Benth.) Malme","name_w_authors","Fabaceae","Dahlstedtia pinnata","(Benth.) Malme","species","name accepted","bfo-101063",,,"Dahlstedtia pinnata (Benth.) Malme","Dahlstedtia","Fabaceae","brazil_sao paulo_guaruja","Brazil","São Paulo","Guarujá",,"ibge",TRUE,-23.863511,-46.136745,"coord_original","miliseconds","low","Dahlstedtia pinnata","check_local.2municip.","ok_county",,FALSE,"ok_dist","full_name_match","Observations_40006603",,"cc","cc",,,,"coord_original","Low","ÁREA DE PROTEÇÃO AMBIENTAL MUNICIPAL DA SERRA DO GUARARU"
,,,,"iNaturalist","Observations","iNaturalist research-grade observations","HUMAN_OBSERVATION","40006734",,"Edgard Lopes",,"2019-12-27T12:06","2019","12","27","2019/12/27 12:06 PM -0200",,,"BR","BR","São Paulo",,,"Guarujá - SP, Brasil","Guarujá - SP, Brasil",,"-23.863511","-46.136745",,,,,"Edgard Lopes","2020-04-19 18:33:39",,"Bathysa australis (A.St.-Hil.) K.Schum.","Magnoliopsida","Gentianales","Rubiaceae","Bathysa","species",,"ACCEPTED",,,"Bathysa australis (A.St.-Hil.) K.Schum.",,,,"Bathysa australis","Bathysa australis","804834","EPSG:4326",,,,,"GBIF","Observations","code not found","Lopes, E.",,"2019","Lopes, E.","2020",,"Lopes",,"brazil","sao paulo","guaruja","guaruja",,"locality","brazil_sao paulo_guaruja","brazil_sao paulo_guaruja",-23.95239062,-46.23454988,"county",588061,"Bathysa australis","(A.St.-Hil.) K.Schum.","name_w_authors","Rubiaceae","Bathysa australis","(A.St.-Hil.) K.Schum.","species","name accepted","bfo-13835",,,"Bathysa australis (A.St.-Hil.) K.Schum.","Bathysa","Rubiaceae","brazil_sao paulo_guaruja","Brazil","São Paulo","Guarujá",,"ibge",TRUE,-23.863511,-46.136745,"coord_original","miliseconds","low","Bathysa australis","check_local.2municip.","ok_county",,FALSE,"ok_dist","full_name_match","Observations_40006734",,"cc","cc",,,,"coord_original","Low","ÁREA DE PROTEÇÃO AMBIENTAL MUNICIPAL DA SERRA DO GUARARU"
,,,,"iNaturalist","Observations","iNaturalist research-grade observations","HUMAN_OBSERVATION","40006694",,"Edgard Lopes",,"2019-12-27T12:04","2019","12","27","2019/12/27 12:04 PM -0200",,,"BR","BR","São Paulo",,,"Guarujá - SP, Brasil","Guarujá - SP, Brasil",,"-23.863511","-46.136745",,,,,"Edgard Lopes","2020-03-15 02:58:16",,"Artocarpus heterophyllus Lam.","Magnoliopsida","Rosales","Moraceae","Artocarpus","species",,"ACCEPTED",,,"Artocarpus heterophyllus Lam.",,,,"Artocarpus heterophyllus","Artocarpus heterophyllus","123003","EPSG:4326",,,,,"GBIF","Observations","code not found","Lopes, E.",,"2019","Lopes, E.","2020",,"Lopes",,"brazil","sao paulo","guaruja","guaruja",,"locality","brazil_sao paulo_guaruja","brazil_sao paulo_guaruja",-23.95239062,-46.23454988,"county",446007,"Artocarpus heterophyllus","Lam.","name_w_authors","Moraceae","Artocarpus heterophyllus","Lam.","species","name accepted","bfo-85712",,,"Artocarpus heterophyllus Lam.","Artocarpus","Moraceae","brazil_sao paulo_guaruja","Brazil","São Paulo","Guarujá",,"ibge",TRUE,-23.863511,-46.136745,"coord_original","miliseconds","low","Artocarpus heterophyllus","check_local.2municip.","ok_county",,FALSE,"ok_dist","full_name_match","Observations_40006694",,"cc","cc",,,,"coord_original","Low","ÁREA DE PROTEÇÃO AMBIENTAL MUNICIPAL DA SERRA DO GUARARU"
,,"https://specieslink.net/col/437",,"UNISANTA","HUSC",,"PRESERVED_SPECIMEN","9564","3","I. Ballarini; M.A.G. Magenta",,"2017-08-16","2017","8","16",,,,"Brasil","BR","São Paulo",,"Guaruja","Loteamento Iporanga - Serra do Guararu",,,"-23.888561","-46.171631",,,,,"R.X.A. Prudêncio","2017-08-18",,"Radula mammosa Spruce","Jungermanniopsida","Porellales","Radulaceae","Radula","species","Spruce","ACCEPTED",,,"Radula mammosa Spruce",,,,"Radula mammosa Spruce","Radula mammosa",,"WGS84",,,,,"GBIF","HUSC",,"Ballarini, I.","3","2017","Prudencio, R.X.A.","2017","Magenta, M.A.G.","Ballarini",,"brazil","sao paulo","guaruja","serra do guararu","loteamento iporanga","locality","brazil_sao paulo_guaruja_serra guararu","brazil_sao paulo_guaruja_guararu",-23.889851,-46.158741,"locality",1836458,"Radula mammosa","Spruce","name_w_authors",,"Radula mammosa","Spruce","species","not found",,,,"Radula mammosa Spruce","Radula",,"brazil_sao paulo_guaruja","Brazil","São Paulo","Guarujá",,"ibge",TRUE,-23.888561,-46.171631,"coord_original","miliseconds","low","Radula mammosa","ok_same_resolution","ok_county",,,"no_cannot_check","no_match","HUSC_9564",,"0","0",,,,"coord_original","Low","ÁREA DE PROTEÇÃO AMBIENTAL MUNICIPAL DA SERRA DO GUARARU"
"Collection",,,,"PNFM","IRAI","IRAI - Herbário do Parque da Ciência Newton Freire Maia","PRESERVED_SPECIMEN","7446","2682","Ristow, R.",,"2013-03-02","2013","3","2",,,,"Brasil","BR","São Paulo",,"Guarujá","Prainha Branca",,,"-23.863639","-46.137194",,"-46.137194","-23.863639",,"Peralta, D.F.","2013-04-01",,"Symphyogyna podophylla","Jungermanniopsida","Pallaviciniales","Pallaviciniaceae","Symphyogyna","species","(Thunb.) Mont. & Nees","ACCEPTED",,,"Symphyogyna podophylla (Thunb.) Mont. & Nees",,,,"Symphyogyna podophylla (Thunb.) Mont. & Nees","Symphyogyna podophylla",,,,,,,"GBIF","IRAI",,"Ristow, R.","2682","2013","Peralta, D.F.","2013",,"Ristow",,"brazil","sao paulo","guaruja","prainha branca",,"locality","brazil_sao paulo_guaruja","brazil_sao paulo_guaruja",-23.95239062,-46.23454988,"county",1826433,"Symphyogyna podophylla","(Thunb.) Mont. & Nees","name_w_authors",,"Symphyogyna podophylla","(Thunb.) Mont. & Nees","species","not found",,,,"Symphyogyna podophylla (Thunb.) Mont. & Nees","Symphyogyna","Clusiaceae","brazil_sao paulo_guaruja","Brazil","São Paulo","Guarujá",,"ibge",TRUE,-23.863639,-46.137194,"coord_original","miliseconds","low","Symphyogyna podophylla","check_local.2municip.","ok_county",,FALSE,"no_cannot_check","no_match","IRAI_7446",,"0","0",,,,"coord_original","Low","ÁREA DE PROTEÇÃO AMBIENTAL MUNICIPAL DA SERRA DO GUARARU"
"Collection",,,,"PNFM","IRAI","IRAI - Herbário do Parque da Ciência Newton Freire Maia","PRESERVED_SPECIMEN","7447","2683","Ristow, R.",,"2013-03-02","2013","3","2",,,,"Brasil","BR","São Paulo",,"Guarujá","Prainha Branca",,,"-23.863639","-46.137194",,"-46.137194","-23.863639",,"Peralta, D.F.","2013-04-01",,"Neesioscyphus homophyllus (Nees) Grolle","Jungermanniopsida","Jungermanniales","Balantiopsidaceae","Neesioscyphus","species","(Nees) Grolle","ACCEPTED",,,"Neesioscyphus homophyllus (Nees) Grolle",,,,"Neesioscyphus homophyllus (Nees) Grolle","Neesioscyphus homophyllus",,,,,,,"GBIF","IRAI",,"Ristow, R.","2683","2013","Peralta, D.F.","2013",,"Ristow",,"brazil","sao paulo","guaruja","prainha branca",,"locality","brazil_sao paulo_guaruja","brazil_sao paulo_guaruja",-23.95239062,-46.23454988,"county",1826422,"Neesioscyphus homophyllus","(Nees) Grolle","name_w_authors",,"Neesioscyphus homophyllus","(Nees) Grolle","species","not found",,,,"Neesioscyphus homophyllus (Nees) Grolle","Neesioscyphus",,"brazil_sao paulo_guaruja","Brazil","São Paulo","Guarujá",,"ibge",TRUE,-23.863639,-46.137194,"coord_original","miliseconds","low","Neesioscyphus homophyllus","check_local.2municip.","ok_county",,,"no_cannot_check","no_match","IRAI_7447",,"0","0",,,,"coord_original","Low","ÁREA DE PROTEÇÃO AMBIENTAL MUNICIPAL DA SERRA DO GUARARU"
"Collection",,,,"PNFM","IRAI","IRAI - Herbário do Parque da Ciência Newton Freire Maia","PRESERVED_SPECIMEN","7448","2684","Ristow, R.",,"2013-03-02","2013","3","2",,,,"Brasil","BR","São Paulo",,"Guarujá","Prainha Branca",,,"-23.863639","-46.137194",,"-46.137194","-23.863639",,"Peralta, D.F.","2013-04-01",,"Meteoridium remotifolium","Bryopsida","Hypnales","Brachytheciaceae","Meteoridium","species","(Müll.Hal.) Manuel","ACCEPTED",,,"Meteoridium remotifolium (Müll.Hal.) Manuel",,,,"Meteoridium remotifolium (Müll.Hal.) Manuel","Meteoridium remotifolium",,,,,,,"GBIF","IRAI",,"Ristow, R.","2684","2013","Peralta, D.F.","2013",,"Ristow",,"brazil","sao paulo","guaruja","prainha branca",,"locality","brazil_sao paulo_guaruja","brazil_sao paulo_guaruja",-23.95239062,-46.23454988,"county",1826432,"Meteoridium remotifolium","(Müll.Hal.) Manuel","name_w_authors",,"Meteoridium remotifolium","(Müll.Hal.) Manuel","species","not found",,,,"Meteoridium remotifolium (Müll.Hal.) Manuel","Meteoridium",,"brazil_sao paulo_guaruja","Brazil","São Paulo","Guarujá",,"ibge",TRUE,-23.863639,-46.137194,"coord_original","miliseconds","low","Meteoridium remotifolium","check_local.2municip.","ok_county",,FALSE,"no_cannot_check","no_match","IRAI_7448",,"0","0",,,,"coord_original","Low","ÁREA DE PROTEÇÃO AMBIENTAL MUNICIPAL DA SERRA DO GUARARU"
,,"https://specieslink.net/col/437",,"UNISANTA","HUSC",,"PRESERVED_SPECIMEN","11679","131","D. Costa; R. Gondoni, G Martins",,"2012-08-17","2012","8","17",,,,"Brasil","BR","São Paulo",,"Guarujá","Serra do Guararu, condomínio Iporanga, área B, fora das parcelas.",,,"-23.884831","-46.151633",,,,,"P.S.P Sampaio","2012-09-01",,"Eugenia oblongata O.Berg","Magnoliopsida","Myrtales","Myrtaceae","Eugenia","species","O.Berg","ACCEPTED",,,"Eugenia oblongata O.Berg",,,,"Eugenia oblongata","Eugenia oblongata",,"WGS84",,,,,"GBIF","HUSC",,"Costa, D.","131","2012","Sampaio, P.S.P.","2012","Gondoni, G.M.R.","Costa",,"brazil","sao paulo","guaruja","serra do guararu",,"locality","brazil_sao paulo_guaruja_serra guararu","brazil_sao paulo_guaruja_guararu",-23.889851,-46.158741,"locality",268580,"Eugenia disperma","Vell.","name_w_authors","Myrtaceae","Eugenia disperma","Vell.","species","replaced synonym","bfo-10385","Eugenia disperma","Vell.","Eugenia disperma Vell.","Eugenia","Myrtaceae","brazil_sao paulo_guaruja","Brazil","São Paulo","Guarujá",,"ibge",TRUE,-23.884831,-46.151633,"coord_original","miliseconds","low","Eugenia disperma","ok_same_resolution","ok_county",,FALSE,"ok_dist","full_name_match","HUSC_11679","HUSC_11679[virtual]","1","0.25","HUSC_11679","HUSC_11679","HUSC_11679","coord_original","Low","ÁREA DE PROTEÇÃO AMBIENTAL MUNICIPAL DA SERRA DO GUARARU"
,,"https://specieslink.net/col/31",,"IPA/SP","SP-ALGAE",,"PRESERVED_SPECIMEN","371927",,"N.S.Yokoya",,"2002-08-22","2002","8","22",,,,"Brasil","BR","São Paulo",,"Guarujá","Praia de Tijucopava",,,"-23.910833","-46.176667",,,,,"Coto,A.C.S.P.",,,"Pringsheimiella scutata (Reinke) Höhn. ex Marchew.","Ulvophyceae","Ulvales","Ulvellaceae","Ulvella","species","(Reinke) Marchewianka","SYNONYM",,,"Ulvella scutata (Reinke) R.Nielsen et al.",,,,"Pringsheimiella scutata (Reinke) Höhn. ex Marchew.","Ulvella scutata",,"WGS84",,,,,"GBIF","SP-ALGAE","code not found","Yokoya, N.S.",,"2002","Coto, A.C.S.P.",,,"Yokoya",,"brazil","sao paulo","guaruja","praia de tijucopava",,"locality","brazil_sao paulo_guaruja","brazil_sao paulo_guaruja",-23.95239062,-46.23454988,"county",1840551,"Pringsheimiella scutata","(Reinke) Höhn. ex Marchew.","name_w_authors",,"Pringsheimiella scutata","(Reinke) Höhn. ex Marchew.","species","not found",,,,"Pringsheimiella scutata (Reinke) Höhn. ex Marchew.","Pringsheimiella",,"brazil_sao paulo_guaruja","Brazil","São Paulo","Guarujá",,"ibge",TRUE,-23.910833,-46.176667,"coord_original","seconds","low","Pringsheimiella scutata","check_local.2municip.","ok_county",,,"no_cannot_check","no_match","SP-ALGAE_371927",,"cc","cc",,,,"coord_original","Low","ÁREA DE PROTEÇÃO AMBIENTAL MUNICIPAL DA SERRA DO GUARARU"
,,"https://specieslink.net/col/31",,"IPA/SP","SP-ALGAE",,"PRESERVED_SPECIMEN","371811",,"N.S.Yokoya",,"2002-08-23","2002","8","23",,,,"Brasil","BR","São Paulo",,"Guarujá","Praia de Tijucopava",,,"-23.909167","-46.168611",,,,,"Coto,A.C.S.P.",,,"Bryopsis plumosa","Ulvophyceae","Bryopsidales","Bryopsidaceae","Bryopsis","species","(Huds.) C.Agardh","ACCEPTED",,,"Bryopsis plumosa (Huds.) C.Agardh",,,,"Bryopsis plumosa (Huds.) C.Agardh","Bryopsis plumosa",,"WGS84",,,,,"GBIF","SP-ALGAE","code not found","Yokoya, N.S.",,"2002","Coto, A.C.S.P.",,,"Yokoya",,"brazil","sao paulo","guaruja","praia de tijucopava",,"locality","brazil_sao paulo_guaruja","brazil_sao paulo_guaruja",-23.95239062,-46.23454988,"county",1840429,"Bryopsis plumosa","(Huds.) C.Agardh","name_w_authors",,"Bryopsis plumosa","(Huds.) C.Agardh","species","not found",,,,"Bryopsis plumosa (Huds.) C.Agardh","Bryopsis",,"brazil_sao paulo_guaruja","Brazil","São Paulo","Guarujá",,"ibge",TRUE,-23.909167,-46.168611,"coord_original","seconds","low","Bryopsis plumosa","check_local.2municip.","ok_county",,FALSE,"no_cannot_check","no_match","SP-ALGAE_371811",,"cc","cc",,,,"coord_original","Low","ÁREA DE PROTEÇÃO AMBIENTAL MUNICIPAL DA SERRA DO GUARARU"
,,"https://specieslink.net/col/31",,"IPA/SP","SP-ALGAE",,"PRESERVED_SPECIMEN","371892",,"N.S.Yokoya",,"2001-08-23","2001","8","23",,,,"Brasil","BR","São Paulo",,"Guarujá","Praia de Tijucopava",,,"-23.910833","-46.176667",,,,,"Coto,A.C.S.P.",,,"Rhizoclonium riparium","Ulvophyceae","Cladophorales","Cladophoraceae","Rhizoclonium","species","(Roth) Harvey","ACCEPTED",,,"Rhizoclonium riparium (Roth) Harvey",,,,"Rhizoclonium riparium (Roth) Harvey","Rhizoclonium riparium",,"WGS84",,,,,"GBIF","SP-ALGAE","code not found","Yokoya, N.S.",,"2001","Coto, A.C.S.P.",,,"Yokoya",,"brazil","sao paulo","guaruja","praia de tijucopava",,"locality","brazil_sao paulo_guaruja","brazil_sao paulo_guaruja",-23.95239062,-46.23454988,"county",1840532,"Rhizoclonium riparium","(Roth) Harvey","name_w_authors",,"Rhizoclonium riparium","(Roth) Harvey","species","not found",,,,"Rhizoclonium riparium (Roth) Harvey","Rhizoclonium",,"brazil_sao paulo_guaruja","Brazil","São Paulo","Guarujá",,"ibge",TRUE,-23.910833,-46.176667,"coord_original","seconds","low","Rhizoclonium riparium","check_local.2municip.","ok_county",,FALSE,"no_cannot_check","no_match","SP-ALGAE_371892",,"cc","cc",,,,"coord_original","Low","ÁREA DE PROTEÇÃO AMBIENTAL MUNICIPAL DA SERRA DO GUARARU"
,,"https://specieslink.net/col/31",,"IPA/SP","SP-ALGAE",,"PRESERVED_SPECIMEN","371893",,"N.S.Yokoya",,"2001-08-23","2001","8","23",,,,"Brasil","BR","São Paulo",,"Guarujá","Praia de Tijucopava",,,"-23.910833","-46.176667",,,,,"Coto,A.C.S.P.",,,"Pseudorhizoclonium africanum (Kützing) Boedeker","Ulvophyceae","Cladophorales","Cladophoraceae","Pseudorhizoclonium","species","(Kützing) Boedeker","ACCEPTED",,,"Pseudorhizoclonium africanum (Kützing) Boedeker",,,,"Pseudorhizoclonium africanum (Kützing) Boedeker","Pseudorhizoclonium africanum",,"WGS84",,,,,"GBIF","SP-ALGAE","code not found","Yokoya, N.S.",,"2001","Coto, A.C.S.P.",,,"Yokoya",,"brazil","sao paulo","guaruja","praia de tijucopava",,"locality","brazil_sao paulo_guaruja","brazil_sao paulo_guaruja",-23.95239062,-46.23454988,"county",1840540,"Pseudorhizoclonium africanum","(Kützing) Boedeker","name_w_authors",,"Pseudorhizoclonium africanum","(Kützing) Boedeker","species","not found",,,,"Pseudorhizoclonium africanum (Kützing) Boedeker","Pseudorhizoclonium",,"brazil_sao paulo_guaruja","Brazil","São Paulo","Guarujá",,"ibge",TRUE,-23.910833,-46.176667,"coord_original","seconds","low","Pseudorhizoclonium africanum","check_local.2municip.","ok_county",,,"no_cannot_check","no_match","SP-ALGAE_371893",,"cc","cc",,,,"coord_original","Low","ÁREA DE PROTEÇÃO AMBIENTAL MUNICIPAL DA SERRA DO GUARARU"
,,"https://specieslink.net/col/31",,"IPA/SP","SP-ALGAE",,"PRESERVED_SPECIMEN","336554",,"S.M.P.B. Guimarães, M.T. Fujii, N.S. Yokoya, E.M. Plastino & J. Domingos",,"2001-10-14","2001","10","14",,,,"Brasil","BR","São Paulo",,"Guarujá","Praia de Tijucopava",,,"-23.912778","-46.168889",,,,,"D.S. Bacci",,,"Gayliella dawsonii (A.B.Joly) Barros-Barreto & F.P.Gomes","Florideophyceae","Ceramiales","Ceramiaceae","Gayliella","species","(A.B.Joly) Barros-Barreto & F.P.Gomes","ACCEPTED",,,"Gayliella dawsonii (A.B.Joly) Barros-Barreto & F.P.Gomes",,,,"Gayliella dawsonii (A.B.Joly) Barros-Barreto & F.P.Gomes","Gayliella dawsonii",,"WGS84",,,,,"GBIF","SP-ALGAE","code not found","Guimaraes, S.M.P.B.",,"2001","Bacci, D.S.",,"Fujii, M.T.; Yokoya, N.S.; Plastino, E.M.; Domingos, J.","Guimaraes",,"brazil","sao paulo","guaruja","praia de tijucopava",,"locality","brazil_sao paulo_guaruja","brazil_sao paulo_guaruja",-23.95239062,-46.23454988,"county",1839442,"Gayliella dawsonii","(A.B.Joly) Barros-Barreto & F.P.Gomes","name_w_authors",,"Gayliella dawsonii","(A.B.Joly) Barros-Barreto & F.P.Gomes","species","not found",,,,"Gayliella dawsonii (A.B.Joly) Barros-Barreto & F.P.Gomes","Gayliella",,"brazil_sao paulo_guaruja","Brazil","São Paulo","Guarujá",,"ibge",TRUE,-23.912778,-46.168889,"coord_original","seconds","low","Gayliella dawsonii","check_local.2municip.","ok_county",,,"no_cannot_check","no_match","SP-ALGAE_336554",,"cc","cc",,,,"coord_original","Low","ÁREA DE PROTEÇÃO AMBIENTAL MUNICIPAL DA SERRA DO GUARARU"
,,"https://specieslink.net/col/31",,"IPA/SP","SP-ALGAE",,"PRESERVED_SPECIMEN","336594",,"D.P. Santos, S.M.P.B. Guimarães & J. Domingos",,"2001-10-14","2001","10","14",,,,"Brasil","BR","São Paulo",,"Guarujá","Praia de Tijucopava",,,"-23.913056","-46.168889",,,,,"D.S. Bacci",,,"Centroceras clavulatum","Florideophyceae","Ceramiales","Ceramiaceae","Centroceras","species","(C.Agardh) Mont.","ACCEPTED",,,"Centroceras clavulatum (C.Agardh) Mont.",,,,"Centroceras clavulatum (C.Agardh) Mont.","Centroceras clavulatum",,"WGS84",,,,,"GBIF","SP-ALGAE","code not found","Santos, D.P.",,"2001","Bacci, D.S.",,"Guimaraes, S.M.P.B.; Domingos, J.","Santos",,"brazil","sao paulo","guaruja","praia de tijucopava",,"locality","brazil_sao paulo_guaruja","brazil_sao paulo_guaruja",-23.95239062,-46.23454988,"county",1839465,"Centroceras clavulatum","(C.Agardh) Mont.","name_w_authors",,"Centroceras clavulatum","(C.Agardh) Mont.","species","not found",,,,"Centroceras clavulatum (C.Agardh) Mont.","Centroceras","Fabaceae","brazil_sao paulo_guaruja","Brazil","São Paulo","Guarujá",,"ibge",TRUE,-23.913056,-46.168889,"coord_original","seconds","low","Centroceras clavulatum","check_local.2municip.","ok_county",,FALSE,"no_cannot_check","no_match","SP-ALGAE_336594",,"cc","cc",,,,"coord_original","Low","ÁREA DE PROTEÇÃO AMBIENTAL MUNICIPAL DA SERRA DO GUARARU"
"PhysicalObject","http://www.tropicos.org/Specimen/90226198","http://biocol.org/urn:lsid:biocol.org:col:15859",,"MO","Tropicos","Tropicos","PRESERVED_SPECIMEN","90226198","15063","Alfons Schäfer-Verwimp;Inge Verwimp",,"1991-11-22","1991","11","22",,,,"Brazil","BR","São Paulo",,,"Litoral, Ilha de Santo Amaro, Mangrove-Vegetation am Kanal von Bertioga.",,,"-23.86666","-46.15",,,,,"A. S.-V",,,"Frullania vitalii","Jungermanniopsida","Porellales","Frullaniaceae","Frullania","species","Yuzawa & S.Hatt.","ACCEPTED",,,"Frullania vitalii Yuzawa & S.Hatt.",,,,"Frullania vitalii Yuzawa & S.Hatt.","Frullania vitalii","35207134",,,,,,"GBIF","MO",,"Schafer-Verwimp, A.","15063","1991","-V, A.S.",,"Verwimp, I.","Schafer-Verwimp",,"brazil","sao paulo","litoral","litoral",,"locality","brazil_sao paulo_litoral","brazil_sao paulo",-22.2584562,-48.7420254,"state",1832045,"Frullania vitalii","Yuzawa & S.Hatt.","name_w_authors",,"Frullania vitalii","Yuzawa & S.Hatt.","species","not found",,,,"Frullania vitalii Yuzawa & S.Hatt.","Frullania",,"brazil_sao paulo","Brazil","São Paulo",,,"gadm",TRUE,-23.86666,-46.15,"coord_original","miliseconds","low","Frullania vitalii","check_local.2state","ok_state",,FALSE,"no_cannot_check","no_match","MO_90226198",,"0","0",,,,"coord_original","Low","ÁREA DE PROTEÇÃO AMBIENTAL MUNICIPAL DA SERRA DO GUARARU"
,,,,"IB USP","OBIS_BR",,,"26730",,,"<nO>Synonym for Pterocladiella capillacea (S.G. Gmelin) Santelices and Hommersand</nO>",,"1986","1","28",,,"<nO>Synonym for Pterocladiella capillacea (S.G. Gmelin) Santelices and Hommersand</nO>","Brasil",,"São Paulo","Guaruja","Guaruja","Praia do Iporanga",,,"-23.9019","-46.1533",,,,,,,,"Pterocladia capillacea",,,"Gelidiaceae","Pterocladia",,,,"-23.9019","-46.1533",,,,,"Pterocladia capillacea","capillacea",,,,,,,"Splink","OBIS_BR","code not found",,,"1986",,,,,,"brazil","sao paulo","guaruja","praia do iporanga",,"locality","brazil_sao paulo_guaruja","brazil_sao paulo_guaruja",-23.95239062,-46.23454988,"county",1901256,"Pterocladia capillacea",,"possibly_ok",,"Pterocladia capillacea",,"species","not found",,,,"Pterocladia capillacea","Pterocladia",,"brazil_sao paulo_guaruja","Brazil","São Paulo","Guarujá",,"ibge",TRUE,-23.9019,-46.1533,"coord_original","miliseconds","unknown","Pterocladia capillacea","check_local.2municip.","ok_county",,FALSE,"no_cannot_check","no_match","OBIS_BR_26730",,"cc","cc",,,,"coord_original","Low","ÁREA DE PROTEÇÃO AMBIENTAL MUNICIPAL DA SERRA DO GUARARU"
,,,,"IB USP","OBIS_BR",,,"27232",,,,,"1986","1","28",,,,"Brasil",,"São Paulo","Guaruja","Guaruja","Praia do Iporanga",,,"-23.9019","-46.1533",,,,,,,,"Hypnea nigrescens",,,"Hypneaceae","Hypnea",,,,"-23.9019","-46.1533",,,,,"Hypnea nigrescens","nigrescens",,,,,,,"Splink","OBIS_BR","code not found",,,"1986",,,,,,"brazil","sao paulo","guaruja","praia do iporanga",,"locality","brazil_sao paulo_guaruja","brazil_sao paulo_guaruja",-23.95239062,-46.23454988,"county",1905465,"Hypnea nigrescens",,"possibly_ok",,"Hypnea nigrescens",,"species","not found",,,,"Hypnea nigrescens","Hypnea","Lamiaceae","brazil_sao paulo_guaruja","Brazil","São Paulo","Guarujá",,"ibge",TRUE,-23.9019,-46.1533,"coord_original","miliseconds","unknown","Hypnea nigrescens","check_local.2municip.","ok_county",,FALSE,"no_cannot_check","no_match","OBIS_BR_27232",,"cc","cc",,,,"coord_original","Low","ÁREA DE PROTEÇÃO AMBIENTAL MUNICIPAL DA SERRA DO GUARARU"
,,,,"IB USP","OBIS_BR",,,"28313",,,,,"1986","1","28",,,,"Brasil",,"São Paulo","Guaruja","Guaruja","Praia do Iporanga",,,"-23.9019","-46.1533",,,,,,,,"Chaetomorpha antennina",,,"Cladophoraceae","Chaetomorpha",,,,"-23.9019","-46.1533",,,,,"Chaetomorpha antennina","antennina",,,,,,,"Splink","OBIS_BR","code not found",,,"1986",,,,,,"brazil","sao paulo","guaruja","praia do iporanga",,"locality","brazil_sao paulo_guaruja","brazil_sao paulo_guaruja",-23.95239062,-46.23454988,"county",1908239,"Chaetomorpha antennina",,"possibly_ok",,"Chaetomorpha antennina",,"species","not found",,,,"Chaetomorpha antennina","Chaetomorpha","Apocynaceae","brazil_sao paulo_guaruja","Brazil","São Paulo","Guarujá",,"ibge",TRUE,-23.9019,-46.1533,"coord_original","miliseconds","unknown","Chaetomorpha antennina","check_local.2municip.","ok_county",,FALSE,"no_cannot_check","no_match","OBIS_BR_28313",,"cc","cc",,,,"coord_original","Low","ÁREA DE PROTEÇÃO AMBIENTAL MUNICIPAL DA SERRA DO GUARARU"
,,,,"IB USP","OBIS_BR",,,"26719",,,,,"1986","1","28",,,,"Brasil",,"São Paulo","Guaruja","Guaruja","Praia do Iporanga",,,"-23.9019","-46.1533",,,,,,,,"Bryothamnion seaforthii",,,"Rhodomelaceae","Bryothamnion",,,,"-23.9019","-46.1533",,,,,"Bryothamnion seaforthii","seaforthii",,,,,,,"Splink","OBIS_BR","code not found",,,"1986",,,,,,"brazil","sao paulo","guaruja","praia do iporanga",,"locality","brazil_sao paulo_guaruja","brazil_sao paulo_guaruja",-23.95239062,-46.23454988,"county",1905660,"Bryothamnion seaforthii",,"possibly_ok",,"Bryothamnion seaforthii",,"species","not found",,,,"Bryothamnion seaforthii","Bryothamnion",,"brazil_sao paulo_guaruja","Brazil","São Paulo","Guarujá",,"ibge",TRUE,-23.9019,-46.1533,"coord_original","miliseconds","unknown","Bryothamnion seaforthii","check_local.2municip.","ok_county",,FALSE,"no_cannot_check","no_match","OBIS_BR_26719",,"cc","cc",,,,"coord_original","Low","ÁREA DE PROTEÇÃO AMBIENTAL MUNICIPAL DA SERRA DO GUARARU"
,,,,"IB USP","OBIS_BR",,,"28373",,,,,"1986","1","28",,,,"Brasil",,"São Paulo","Guaruja","Guaruja","Praia do Iporanga",,,"-23.9019","-46.1533",,,,,,,,"Ulva",,,"Ulvaceae","Ulva",,,,"-23.9019","-46.1533",,,,,,,,,,,,,"Splink","OBIS_BR","code not found",,,"1986",,,,,,"brazil","sao paulo","guaruja","praia do iporanga",,"locality","brazil_sao paulo_guaruja","brazil_sao paulo_guaruja",-23.95239062,-46.23454988,"county",1697957,"Carex","L.","indet","Cyperaceae","Carex","L.","genus","replaced synonym","bfo-7161","Carex","L.","Carex L.","Carex","Cyperaceae","brazil_sao paulo_guaruja","Brazil","São Paulo","Guarujá",,"ibge",TRUE,-23.9019,-46.1533,"coord_original","miliseconds","unknown",,"check_local.2municip.","ok_county",,FALSE,"no_cannot_check","full_name_match","OBIS_BR_28373",,"cc","cc",,,,"coord_original","Low","ÁREA DE PROTEÇÃO AMBIENTAL MUNICIPAL DA SERRA DO GUARARU"
,,,,,,,"HUMAN_OBSERVATION",,,,,"2022-06-14T15:39:33.800Z","2022","6","14",,,,"BR","BR",,,,,,,"-23.89386","-46.15152",,,,,,,,"Psidium guajava L.","Magnoliopsida","Myrtales","Myrtaceae","Psidium","species","L.","ACCEPTED",,,"Psidium guajava L.",,,,"Psidium guajava L.","Psidium guajava",,"WGS84",,,,,"GBIF",,"cannot check",,,"2022",,,,,,"brazil",,,,,"country","brazil","brazil",-10.74257447,-53.08032013,"country",643228,"Psidium guajava","L.","name_w_authors","Myrtaceae","Psidium guajava","L.","species","name accepted","bfo-24034",,,"Psidium guajava L.","Psidium","Myrtaceae","brazil","Brazil",,,,"gadm",TRUE,-23.89386,-46.15152,"coord_original","miliseconds","unknown","Psidium guajava","ok_same_resolution","ok_country",,FALSE,"no_cannot_check","full_name_match",,,"cc","cc",,,,"coord_original","Low","ÁREA DE PROTEÇÃO AMBIENTAL MUNICIPAL DA SERRA DO GUARARU"
,,,,,,,"HUMAN_OBSERVATION",,,,,"2022-01-10T13:53:23.256Z","2022","1","10",,,,"BR","BR",,,,,,,"-23.891504","-46.179844",,,,,,,,"Hedychium coronarium J.Koenig","Liliopsida","Zingiberales","Zingiberaceae","Hedychium","species","J.Koenig","ACCEPTED",,,"Hedychium coronarium J.Koenig",,,,"Hedychium coronarium J.Koenig","Hedychium coronarium",,"WGS84",,,,,"GBIF",,"cannot check",,,"2022",,,,,,"brazil",,,,,"country","brazil","brazil",-10.74257447,-53.08032013,"country",595514,"Hedychium coronarium","J.Koenig","name_w_authors","Zingiberaceae","Hedychium coronarium","J.Koenig","species","name accepted","bfo-110705",,,"Hedychium coronarium J.Koenig","Hedychium","Zingiberaceae","brazil","Brazil",,,,"gadm",TRUE,-23.891504,-46.179844,"coord_original","miliseconds","unknown","Hedychium coronarium","ok_same_resolution","ok_country",,FALSE,"no_cannot_check","full_name_match",,,"cc","cc",,,,"coord_original","Low","ÁREA DE PROTEÇÃO AMBIENTAL MUNICIPAL DA SERRA DO GUARARU"
,,,,,,,"HUMAN_OBSERVATION",,,,,"2021-12-09T16:58:40Z","2021","12","9",,,,"BR","BR",,,,,,,"-23.890367","-46.172181",,,,,,,,"Tillandsia usneoides (L.) L.","Liliopsida","Poales","Bromeliaceae","Tillandsia","species","(L.) L.","ACCEPTED",,,"Tillandsia usneoides (L.) L.",,,,"Tillandsia usneoides (L.) L.","Tillandsia usneoides",,"WGS84",,,,,"GBIF",,"cannot check",,,"2021",,,,,,"brazil",,,,,"country","brazil","brazil",-10.74257447,-53.08032013,"country",597272,"Tillandsia usneoides","(L.) L.","name_w_authors","Bromeliaceae","Tillandsia usneoides","(L.) L.","species","name accepted","bfo-6412",,,"Tillandsia usneoides (L.) L.","Tillandsia","Bromeliaceae","brazil","Brazil",,,,"gadm",TRUE,-23.890367,-46.172181,"coord_original","miliseconds","unknown","Tillandsia usneoides","ok_same_resolution","ok_country",,FALSE,"no_cannot_check","full_name_match",,,"cc","cc",,,,"coord_original","Low","ÁREA DE PROTEÇÃO AMBIENTAL MUNICIPAL DA SERRA DO GUARARU"
,,,,,,,"HUMAN_OBSERVATION",,,,,"2021-04-24T14:29:45.349Z","2021","4","24",,,,"BR","BR",,,,,,,"-23.902071","-46.155794",,,,,,,,"Caladium bicolor (Aiton) Vent.","Liliopsida","Alismatales","Araceae","Caladium","species","(Aiton) Vent.","ACCEPTED",,,"Caladium bicolor (Aiton) Vent.",,,,"Caladium bicolor (Aiton) Vent.","Caladium bicolor",,"WGS84",,,,,"GBIF",,"cannot check",,,"2021",,,,,,"brazil",,,,,"country","brazil","brazil",-10.74257447,-53.08032013,"country",597785,"Caladium bicolor","(Aiton) Vent.","name_w_authors","Araceae","Caladium bicolor","(Aiton) Vent.","species","name accepted","bfo-4995",,,"Caladium bicolor (Aiton) Vent.","Caladium","Araceae","brazil","Brazil",,,,"gadm",TRUE,-23.902071,-46.155794,"coord_original","miliseconds","unknown","Caladium bicolor","ok_same_resolution","ok_country",,FALSE,"no_cannot_check","full_name_match",,,"cc","cc",,,,"coord_original","Low","ÁREA DE PROTEÇÃO AMBIENTAL MUNICIPAL DA SERRA DO GUARARU"
,,,,,,,"HUMAN_OBSERVATION",,,,,"2021-11-08T22:29:36.888Z","2021","11","8",,,,"BR","BR",,,,,,,"-23.902539","-46.160305",,,,,,,,"Caesalpinia pulcherrima (L.) Sw.","Magnoliopsida","Fabales","Fabaceae","Caesalpinia","species","(L.) Sw.","ACCEPTED",,,"Caesalpinia pulcherrima (L.) Sw.",,,,"Caesalpinia pulcherrima (L.) Sw.","Caesalpinia pulcherrima",,"WGS84",,,,,"GBIF",,"cannot check",,,"2021",,,,,,"brazil",,,,,"country","brazil","brazil",-10.74257447,-53.08032013,"country",599868,"Caesalpinia pulcherrima","(L.) Sw.","name_w_authors","Fabaceae","Caesalpinia pulcherrima","(L.) Sw.","species","name accepted","bfo-22844",,,"Caesalpinia pulcherrima (L.) Sw.","Caesalpinia","Fabaceae","brazil","Brazil",,,,"gadm",TRUE,-23.902539,-46.160305,"coord_original","miliseconds","unknown","Caesalpinia pulcherrima","ok_same_resolution","ok_country",,FALSE,"no_cannot_check","full_name_match",,,"cc","cc",,,,"coord_original","Low","ÁREA DE PROTEÇÃO AMBIENTAL MUNICIPAL DA SERRA DO GUARARU"
,,,,"JBRJ","RB","RB - Rio de Janeiro Botanical Garden Herbarium Collection","PRESERVED_SPECIMEN","RB01142699","1531","L.J.T. Cardoso; L.P. Mauad",,"2015-10-29","2015","10","29",,,,"Brasil","BR","São Paulo",,"Guarujá","trilha para a Ermida de Santo Antônio do Guaibê, próximo ao mar do canal de Bertioga. Floresta Ombrófila Densa submontana.",,,"-23.857778","-46.130833",,"23º51´28´´","46º7´51´´W",,,"2016-09-01",,"Goeppertia reginae (J.M.A.Braga) Borchs. & S.Suárez","Liliopsida","Zingiberales","Marantaceae","Goeppertia","species","(J.M.A.Braga) Borchs. & S.Suárez","ACCEPTED",,,"Goeppertia reginae (J.M.A.Braga) Borchs. & S.Suárez",,,,"Goeppertia reginae (J.M.A.Braga) Borchs. & S.Suárez","Goeppertia reginae",,,,,,,"GBIF","RB",,"Cardoso, L.J.T.","1531","2015",,"2016","Mauad, L.P.","Cardoso",,"brazil","sao paulo","guaruja","trilha para a ermida de santo antonio do guaibe",,"locality","brazil_sao paulo_guaruja","brazil_sao paulo_guaruja",-23.95239062,-46.23454988,"county",233054,"Goeppertia reginae","(J.M.A.Braga) Borchs. & S.Suárez","name_w_authors","Marantaceae","Goeppertia reginae","(J.M.A.Braga) Borchs. & S.Suárez","species","name accepted","bfo-139168",,,"Goeppertia reginae (J.M.A.Braga) Borchs. & S.Suárez","Goeppertia","Marantaceae","brazil_sao paulo_guaruja","Brazil","São Paulo","Guarujá",,"ibge",TRUE,-23.857778,-46.130833,"coord_original","seconds","unknown","Goeppertia reginae","check_local.2municip.","ok_county",,,"bad_dist","full_name_match","RB_1142699","RB_1142699[virtual]","3","0.75","RB_1142699","RB_1142699","RB_1142699","coord_original","Low","ÁREA DE PROTEÇÃO AMBIENTAL MUNICIPAL DA SERRA DO GUARARU"
,,,,"SMF","FR",,"PRESERVED_SPECIMEN","FR-0235286",,,,"1991-11-22","1991","11","22",,,,"Brazil","BR",,,,"SAO PAULO. LITORAL, ILHA DE SANTO AMARO, am Kanal von BERTIOGA",,,"-23.866667","-46.15",,,,,,,,"Drepanolejeunea mosenii","Jungermanniopsida","Porellales","Lejeuneaceae","Drepanolejeunea","species","(Steph.) Bischl.","ACCEPTED",,,"Drepanolejeunea mosenii (Steph.) Bischl.",,,,"Drepanolejeunea mosenii (Steph.) Bischl.","Drepanolejeunea mosenii",,,,,,,"GBIF","FR","code partially found",,,"1991",,,,,,"brazil",,"sao paulo","sao paulo",,"country","brazil_NA_sao paulo","brazil_sao paulo_sao paulo",-23.65041685,-46.64802516,"county",1862264,"Drepanolejeunea mosenii","(Steph.) Bischl.","name_w_authors",,"Drepanolejeunea mosenii","(Steph.) Bischl.","species","not found",,,,"Drepanolejeunea mosenii (Steph.) Bischl.","Drepanolejeunea",,"brazil_sao paulo_sao paulo","Brazil","São Paulo","São Paulo",,"ibge",TRUE,-23.866667,-46.15,"coord_original","minutes","unknown","Drepanolejeunea mosenii","ok_country2municip.","ok_state",,FALSE,"no_cannot_check","no_match","FR_235286",,"cc","cc",,,,"coord_original","Low","ÁREA DE PROTEÇÃO AMBIENTAL MUNICIPAL DA SERRA DO GUARARU"
,,,,"SMF","FR",,"PRESERVED_SPECIMEN","FR-0231737",,,,"1991-11-22","1991","11","22",,,,"Brazil","BR",,,,"LITORAL, ILHA DE SANTO AMARO, Mangrove-Vegetation am Kanal von BERTIOGA",,,"-23.866667","-46.15",,,,,,,,"Cheilolejeunea rigidula","Jungermanniopsida","Porellales","Lejeuneaceae","Cheilolejeunea","species","(Nees ex Mont.) R.M.Schust.","ACCEPTED",,,"Cheilolejeunea rigidula (Nees ex Mont.) R.M.Schust.",,,,"Cheilolejeunea rigidula (Nees ex Mont.) R.M.Schust.","Cheilolejeunea rigidula",,,,,,,"GBIF","FR","code partially found",,,"1991",,,,,,"brazil",,"litoral","litoral",,"country","brazil","brazil",-10.74257447,-53.08032013,"country",1862326,"Cheilolejeunea rigidula","(Nees ex Mont.) R.M.Schust.","name_w_authors",,"Cheilolejeunea rigidula","(Nees ex Mont.) R.M.Schust.","species","not found",,,,"Cheilolejeunea rigidula (Nees ex Mont.) R.M.Schust.","Cheilolejeunea",,"brazil","Brazil",,,,"gadm",TRUE,-23.866667,-46.15,"coord_original","minutes","unknown","Cheilolejeunea rigidula","ok_same_resolution","ok_country",,FALSE,"no_cannot_check","no_match","FR_231737",,"cc","cc",,,,"coord_original","Low","ÁREA DE PROTEÇÃO AMBIENTAL MUNICIPAL DA SERRA DO GUARARU"
