"type","bibliographicCitation","collectionID","datasetID","institutionCode","collectionCode","datasetName","basisOfRecord","catalogNumber","recordNumber","recordedBy","occurrenceRemarks","eventDate","year","month","day","verbatimEventDate","habitat","fieldNotes","country","countryCode","stateProvince","county","municipality","locality","verbatimLocality","verbatimElevation","decimalLatitude","decimalLongitude","coordinatePrecision","verbatimLatitude","verbatimLongitude","typeStatus","identifiedBy","dateIdentified","identificationRemarks","scientificName","class","order","family","genus","taxonRank","scientificNameAuthorship","taxonomicStatus","latitude","longitude","acceptedScientificName","dayIdentified","monthIdentified","yearIdentified","verbatimScientificName","species","taxonID","geodeticDatum","associatedMedia","virtualDuplicates","duplicates","barcode","downloadedFrom","collectionCode.new","collectionObs","recordedBy.new","recordNumber.new","year.new","identifiedBy.new","yearIdentified.new","recordedBy.aux","last.name","identifiedBy.aux","country.new","stateProvince.new","municipality.new","locality.new","locality.scrap","resol.orig","loc","loc.correct","latitude.gazetteer","longitude.gazetteer","resolution.gazetteer","recordID","scientificName.new","scientificNameAuthorship.new","scientificNameStatus","suggestedFamily","suggestedName","suggestedAuthorship","taxon.rank","tax.notes","id","accepted.tax.name","accepted.tax.authorship","scientificNameFull","genus.new","family.new","loc.correct.admin","country.correct","stateProvince.correct","municipality.correct","locality.correct","source.loc","coord.check","decimalLatitude.new","decimalLongitude.new","origin.coord","precision.coord","tax.check","species.new","loc.check","geo.check","cult.check","out.check","dist.check","dist.check.obs","numTombo","dup.ID","dup.numb","dup.prop","ref.spec.tax","ref.spec.geo","ref.spec.loc","selectionCategory","confidenceLocality","Nome_UC"
,,,,,"MO-DUPLICATES",,"PRESERVED_SPECIMEN","103309741","377",,,,"2021","12","14",,,,"Brasil",,"São Paulo",,"São José do Barreiro","Trilha ao lado direito da foz da Cachoeira Santo Izidro. Sobre árvore, à margem do rio. Parque Nacional da Serra da Bocaina",,,"-22.7347222","-44.6163888",,,,,"V. Lino","2021-NA-NA",,"Cochlidium serrulatum",,,"Polypodiaceae","Cochlidium",,,,"-22.7347222","-44.6163888",,,,"2021",,"serrulatum",,,,,,,"Splink","MO-DUPLICATES","code not found",,"377","2021","Lino, V.","2021",,,,"brazil","sao paulo","sao jose do barreiro","parque nacional da serra da bocaina","sao jose do barreiro","locality","brazil_sao paulo_sao jose barreiro_parque nacional serra bocaina","brazil_sao paulo_sao jose barreiro_parque nacional serra bocaina",-22.74484201,-44.61460885,"locality",1044953,"Cochlidium serrulatum","(Sw.) L.E.Bishop","possibly_ok","Polypodiaceae","Cochlidium serrulatum","(Sw.) L.E.Bishop","species","name accepted","bfo-91599",,,"Cochlidium serrulatum (Sw.) L.E.Bishop","Cochlidium","Polypodiaceae","brazil_sao paulo_sao jose barreiro","Brazil","São Paulo","São José do Barreiro",,"ibge",TRUE,-22.734722,-44.616389,"coord_original","seconds","high","Cochlidium serrulatum","ok_same_resolution","ok_county",,FALSE,"ok_dist","full_name_match","MO-DUPLICATES_103309741","MO_103309735|MO_103309739|MO-DUPLICATES_103309736|MO-DUPLICATES_103309741|RB_1451012|Tropicos_103309736|Tropicos_103309741|UPCB_103841|UPCB_52431","1","0.25","UPCB_52431","RB_1451012","RB_1451012","plantr_exact","High","PARQUE NACIONAL SERRA DA BOCAINA"
,,,,"FJBPC","AFR",,"PRESERVED_SPECIMEN","7668","3514",,"<nO>Erva terrestre. Pouco comum. Em final de floração. Bráctea verde claro, ovário verde; sépalas, pétalas e labelo verde a verde claro, margem das sépalas ligeiramente esbranquiçada.; Em campo limpo seco. Área não queimada. Habitat: Campo limpo seco Habito: Erva</nO>",,"2018","2","02",,,"<nO>Erva terrestre. Pouco comum. Em final de floração. Bráctea verde claro, ovário verde; sépalas, pétalas e labelo verde a verde claro, margem das sépalas ligeiramente esbranquiçada.; Em campo limpo seco. Área não queimada. Habitat: Campo limpo seco Habito: Erva</nO>","Brasil",,"São Paulo","São José do Barreiro","São José do Barreiro","Parque Nacional da Serra da Bocaina, Triha para o Pico da Bacia",,,"-22.7247223","-44.6069444",,"22º43'29''S","44º36'25''W",,"Batista, J.A.N.","2018-2-   2",,"Habenaria ciliatisepala",,,"Orchidaceae","Habenaria",,,,"-22.7247223","-44.6069444",,"2","2","2018",,"ciliatisepala",,"WGS84",,,,"AFR08580","Splink","AFR",,,"3514","2018",,,,,,"brazil","sao paulo","sao jose do barreiro","parque nacional da serra da bocaina",,"locality","brazil_sao paulo_sao jose barreiro_parque nacional serra bocaina","brazil_sao paulo_sao jose barreiro_parque nacional serra bocaina",-22.74484201,-44.61460885,"locality",1027995,"Habenaria ciliatisepala","J.A.N.Bat. & Bianch.","possibly_ok","Orchidaceae","Habenaria ciliatisepala","J.A.N.Bat. & Bianch.","species","name accepted","bfo-118432",,,"Habenaria ciliatisepala J.A.N.Bat. & Bianch.","Habenaria","Orchidaceae","brazil_sao paulo_sao jose barreiro","Brazil","São Paulo","São José do Barreiro",,"ibge",TRUE,-22.724722,-44.606944,"coord_original","seconds","high","Habenaria ciliatisepala","ok_same_resolution","ok_county",,FALSE,"bad_dist","full_name_match","AFR_7668","AFR_7668|BHCB_195287|CEN_113064","1","0.25","CEN_113064","BHCB_195287","BHCB_195287","plantr_exact","High","PARQUE NACIONAL SERRA DA BOCAINA"
,,,,"UFES","CAP",,"PRESERVED_SPECIMEN","7665","1316",,"<nO>Formações campestres graminóides e áreas de pastagem alterada. Heliófila; ramos e pecíolos verdes e castanhos; folhas verdes discolores, cartáceas, face adaxial brilhosa; flores solitárias ou inflorescência com tríades, com ramos verdes; flores com hipanto e cálice verdes com tricomas alvos, brilhosos; sepálas verdes-claras, caducas; estames de dois tamanhos, filetes e prolongamento do conectivo róseo-lilases, anteras lilases-esmaecidas, apêndice do conectivo nos maiores lilases e nos menores alvos; estilete rosa-pálido com ápice esverdeado; fruto jovem verde com ápice vinoso e tricomas alvo. Habitat: Floresta Ombrófila Alto-Montanha alterada Habito: Árvore</nO>",,"2014","6","02",,,"<nO>Formações campestres graminóides e áreas de pastagem alterada. Heliófila; ramos e pecíolos verdes e castanhos; folhas verdes discolores, cartáceas, face adaxial brilhosa; flores solitárias ou inflorescência com tríades, com ramos verdes; flores com hipanto e cálice verdes com tricomas alvos, brilhosos; sepálas verdes-claras, caducas; estames de dois tamanhos, filetes e prolongamento do conectivo róseo-lilases, anteras lilases-esmaecidas, apêndice do conectivo nos maiores lilases e nos menores alvos; estilete rosa-pálido com ápice esverdeado; fruto jovem verde com ápice vinoso e tricomas alvo. Habitat: Floresta Ombrófila Alto-Montanha alterada Habito: Árvore</nO>","Brasil",,"São Paulo","São José do Barreiro","São José do Barreiro","Zona de Amortecimento, na beira da estrada entre a sede do PARNA Serra da Bocaina e a pousada Campos da Bocaina.",,,"-22.6988889","-44.6294445",,"22º41'56''S","44º37'46''W",,"J.F.A. Baumgratz","2020-NA-NA",,"Pleroma sellowianum",,,"Melastomataceae","Pleroma",,,,"-22.6988889","-44.6294445",,,,"2020",,"sellowianum",,,,,,"CAP007665","Splink","CAP",,,"1316","2014","Baumgratz, J.F.A.",,,,,"brazil","sao paulo","sao jose do barreiro","na beira da estrada entre a sede do parna serra da bocaina e a pousada campos da bocaina","zona de amortecimento","locality","brazil_sao paulo_sao jose barreiro","brazil_sao paulo_sao jose barreiro",-22.74888367,-44.58687717,"county",811322,"Pleroma sellowianum","(Cham.) P.J.F.Guim. & Michelang.","possibly_ok","Melastomataceae","Pleroma sellowianum","(Cham.) P.J.F.Guim. & Michelang.","species","name accepted","bfo-612277",,,"Pleroma sellowianum (Cham.) P.J.F.Guim. & Michelang.","Pleroma","Melastomataceae","brazil_sao paulo_sao jose barreiro","Brazil","São Paulo","São José do Barreiro",,"ibge",TRUE,-22.698889,-44.629444,"coord_original","seconds","high","Pleroma sellowianum","check_local.2municip.","ok_county",,FALSE,"ok_dist","full_name_match","CAP_7665","BHCB_208477|CAP_7665|JPB_68675|MBML_54530|RB_854772","1","0.25","RB_854772","RB_854772","RB_854772","plantr_exact","High","PARQUE NACIONAL SERRA DA BOCAINA"
,,,,"UFVJM","DIAM",,"PRESERVED_SPECIMEN","8249","1925",,"<nO>Arbusto 1.7m alt., flores passadas, frutos verdes a avermelhados</nO>",,"2014","2","17",,,"<nO>Arbusto 1.7m alt., flores passadas, frutos verdes a avermelhados</nO>","Brasil",,"São Paulo","São José do Barreiro","São José do Barreiro","Parque Nacional da Serra da Bocaina",,,"-22.744722","-44.613056",,"22°44'41""S","44°36'47""W",,"B.S. Amorim","2014-02-NA",,"Myrcia hartwegiana",,,"Myrtaceae","Myrcia",,,,"-22.744722","-44.613056",,,"02","2014",,"hartwegiana",,,,,,,"Splink","DIAM",,,"1925","2014","Amorim, B.S.",,,,,"brazil","sao paulo","sao jose do barreiro","parque nacional da serra da bocaina","sao jose do barreiro","locality","brazil_sao paulo_sao jose barreiro","brazil_sao paulo_sao jose barreiro_parque nacional serra bocaina",-22.74484201,-44.61460885,"locality",857658,"Myrcia hartwegiana","(O.Berg) Kiaersk.","possibly_ok","Myrtaceae","Myrcia hartwegiana","(O.Berg) Kiaersk.","species","name accepted","bfo-10700",,,"Myrcia hartwegiana (O.Berg) Kiaersk.","Myrcia","Myrtaceae","brazil_sao paulo_sao jose barreiro","Brazil","São Paulo","São José do Barreiro",,"ibge",TRUE,-22.744722,-44.610278,"coord_original","seconds","high","Myrcia hartwegiana","ok_same_resolution","ok_county",,FALSE,"ok_dist","full_name_match","DIAM_8249","BHCB_201551|DIAM_8249|DIAM_8943|UFRN_26360","1","0.25","UFRN_26360","UFRN_26360","BHCB_201551","plantr_exact","High","PARQUE NACIONAL SERRA DA BOCAINA"
,,,,"UFRRJ","RBR",,"PRESERVED_SPECIMEN","44964","1317",,"<nO>Arvoreta cerca de 3,5 metros de altura, esciófila; ramos, pecíolo, face abaxial das folhas e inflorescências com indumento pardacento, nervuras acródroma ferrugíneas; ramos pardacentos a castanho-escuros, achatados, angulosos para ápice; folhas discolores, face adaxial verde, face abaxial pardacenta; frutos jovens verdes, maduros roxos-nigrescentes.</nO>",,"2014","6","03",,,"<nO>Arvoreta cerca de 3,5 metros de altura, esciófila; ramos, pecíolo, face abaxial das folhas e inflorescências com indumento pardacento, nervuras acródroma ferrugíneas; ramos pardacentos a castanho-escuros, achatados, angulosos para ápice; folhas discolores, face adaxial verde, face abaxial pardacenta; frutos jovens verdes, maduros roxos-nigrescentes.</nO>","Brasil",,"São Paulo","São José do Barreiro","São José do Barreiro","Na zona de Amortecimento do PARNA Serra da Bocaina, na trilha que se inicia próxima a Pousada Campos da Bocaina em direção a Pedra da Bacia (ou pedra Alta), antes do mirante.",,,"-22.7225","-44.6130556",,"22º43'21''S","44º36'47''W",,"J.F.A. Baumgratz","2018-NA-NA",,"Miconia flammea",,,"Melastomataceae","Miconia",,,,"-22.7225","-44.6130556",,,,"2018",,"flammea",,,,,,"RBR00044964","Splink","RBR",,,"1317","2014","Baumgratz, J.F.A.",,,,,"brazil","sao paulo","sao jose do barreiro","na zona de amortecimento do parna serra da bocaina",,"locality","brazil_sao paulo_sao jose barreiro","brazil_sao paulo_sao jose barreiro",-22.74888367,-44.58687717,"county",1264940,"Miconia flammea","Casar.","possibly_ok","Melastomataceae","Miconia flammea","Casar.","species","name accepted","bfo-9704",,,"Miconia flammea Casar.","Miconia","Melastomataceae","brazil_sao paulo_sao jose barreiro","Brazil","São Paulo","São José do Barreiro",,"ibge",TRUE,-22.7225,-44.613056,"coord_original","seconds","high","Miconia flammea","check_local.2municip.","ok_county",,FALSE,"ok_dist","full_name_match","RBR_44964","K_1872353|RB_854773|RBR_44964","1","0.25","RB_854773","RB_854773","RB_854773","plantr_exact","High","PARQUE NACIONAL SERRA DA BOCAINA"
,,,,"K","K",,"PRESERVED_SPECIMEN","K001385269","3999",,"<nO><ll>occurrenceremarks:</ll> RB 614245</nO>",,"2014","6","4",,,"<nO><ll>occurrenceremarks:</ll> RB 614245</nO>","Brazil",,"São Paulo","São José do Barreiro","São José do Barreiro Mun.","Parque Nacional da Serra da Bocaina, estrada da trilha do ouro. 1470m.",,,"-22.751111","-44.622222",,,,,,,,"Callianthe latipetala",,,"Malvaceae","Callianthe",,,,"-22.751111","-44.622222",,,,,,"latipetala",,,,,,"K001385269","Splink","K",,,"3999","2014",,,,,,"brazil","sao paulo","sao jose do barreiro","parque nacional da serra da bocaina, estrada da trilha do ouro","sao jose do barreiro","locality","brazil_sao paulo_sao jose barreiro","brazil_sao paulo_sao jose barreiro",-22.74888367,-44.58687717,"county",990941,"Callianthe latipetala","(G.L.Esteves & Krapov.) Donnell","possibly_ok","Malvaceae","Callianthe latipetala","(G.L.Esteves & Krapov.) Donnell","species","name accepted","bfo-134819",,,"Callianthe latipetala (G.L.Esteves & Krapov.) Donnell","Callianthe","Malvaceae","brazil_sao paulo_sao jose barreiro","Brazil","São Paulo","São José do Barreiro",,"ibge",TRUE,-22.751111,-44.622222,"coord_original","seconds","high","Callianthe latipetala","check_local.2municip.","ok_county",,FALSE,"ok_dist","full_name_match","K_1385269","K_1385269|NY_2703780|RB_915270","1","0.25","NY_2703780","NY_2703780","NY_2703780","plantr_exact","High","PARQUE NACIONAL SERRA DA BOCAINA"
,,,,"UFVJM","DIAM",,"PRESERVED_SPECIMEN","8248","1934",,"<nO>Arvoreta 3m alt., botões florais</nO>",,"2014","2","18",,,"<nO>Arvoreta 3m alt., botões florais</nO>","Brasil",,"São Paulo","São José do Barreiro","São José do Barreiro","Parque Nacional da Serra da Bocaina, Trilha Cachoeira Santo Isidoro.",,,"-22.744722","-44.613056",,"22°44'41""S","44°36'47""W",,,,,"Eugenia",,,"Myrtaceae","Eugenia",,,,"-22.744722","-44.613056",,,,,,,,,,,,,"Splink","DIAM",,,"1934","2014","Valdemarin, K.S.","2025",,,,"brazil","sao paulo","sao jose do barreiro","parque nacional da serra da bocaina","sao jose do barreiro","locality","brazil_sao paulo_sao jose barreiro","brazil_sao paulo_sao jose barreiro_parque nacional serra bocaina",-22.74484201,-44.61460885,"locality",1686087,"Myrceugenia ovalifolia","(O.Berg) Landrum","possibly_ok","Myrtaceae","Eugenia","L.","species","name accepted","bfo-10650",,,"Myrceugenia ovalifolia (O.Berg) Landrum","Myrceugenia","Myrtaceae","brazil_sao paulo_sao jose barreiro","Brazil","São Paulo","São José do Barreiro",,"ibge",TRUE,-22.744722,-44.613056,"coord_original","seconds","high","Myrceugenia ovalifolia","ok_same_resolution","ok_county",,FALSE,"no_cannot_check","full_name_match","DIAM_8248","BHCB_201554|DIAM_8248|UFP_76950|UFRN_26357","1","0.25","UFP_76950","UFRN_26357","BHCB_201554","plantr_exact","High","PARQUE NACIONAL SERRA DA BOCAINA"
,,,,"UFPB","JPB",,"PRESERVED_SPECIMEN","61767","3991",,"<nO>; DESC: Arbusto apoiante, ciófilo ca. 3m. Folhas membranáceas, evemente discolores. Botões verde e corola alva com guia de néctar vinoso. Estames amarelos.</nO>",,"2014","6","03",,,"<nO>; DESC: Arbusto apoiante, ciófilo ca. 3m. Folhas membranáceas, evemente discolores. Botões verde e corola alva com guia de néctar vinoso. Estames amarelos.</nO>","Brasil",,"São Paulo","São José do Bereiro","São José do Bereiro","Parque Nacional da Serra da Bocaina, trilha que sai da pousada ""Campos da Bocaina"" até a Pedra Alta, remasnescente de mata.",,,"-22.723889","-44.607778",,"-22.723889","-44.607778",,"M.F.Agra;","2018-05-NA",,"Solanum megalochiton",,,"Solanaceae","Solanum",,,,"-22.723889","-44.607778",,,"05","2018",,"megalochiton",,,,,,"JPB0061767","Splink","JPB",,,"3991","2014","Agra, M.F.","2018",,,,"brazil","sao paulo","sao jose do bereiro","parque nacional da serra da bocaina",,"locality","brazil_sao paulo_sao jose bereiro","brazil_sao paulo",-22.2584562,-48.7420254,"state",1257154,"Solanum didymum","Dunal","possibly_ok","Solanaceae","Solanum didymum","Dunal","species","replaced synonym","bfo-88088","Solanum didymum","Dunal","Solanum didymum Dunal","Solanum","Solanaceae","brazil_sao paulo","Brazil","São Paulo",,,"gadm",TRUE,-22.723889,-44.607778,"coord_original","seconds","high","Solanum didymum","check_local.2state","ok_state",,FALSE,"ok_dist","full_name_match","JPB_61767",,"cc","cc",,,,"plantr_exact","High","PARQUE NACIONAL SERRA DA BOCAINA"
,,,,"UNESP-RC","HRCB",,"PRESERVED_SPECIMEN","84131","1319",,"<nO>Árvore ca. 7 m alt., fruteiscência cinéreo-escura, frutos jovens verdes, maduros alaranjados Habitat: Floresta Ombrófila Alto Montana</nO>",,"2014","6","3",,,"<nO>Árvore ca. 7 m alt., fruteiscência cinéreo-escura, frutos jovens verdes, maduros alaranjados Habitat: Floresta Ombrófila Alto Montana</nO>","Brasil",,"São Paulo","São José do Barreiro","São José do Barreiro","Na zona de amortecimento do PARNA Serra do Bocaina, na trilha que se inicia proxima a pousada Campos de Bocaina em direção a Pedra da Bacia (ou pedra Alta), antes do mirante.",,,"-22.7225","-44.613056",,"22o43'21""S","44o36'47""W",,"J.F.A.Baumgratz","2018-10-NA",,"Miconia shepherdii",,,"Melastomataceae","Miconia",,,,"-22.7225","-44.613056",,,"10","2018",,"shepherdii",,"WGS84",,,,"HRCB084131","Splink","HRCB",,,"1319","2014","Baumgratz, J.F.A.","2018",,,,"brazil","sao paulo","sao jose do barreiro","na zona de amortecimento do parna serra do bocaina",,"municipality","brazil_sao paulo_sao jose barreiro","brazil_sao paulo_sao jose barreiro",-22.74888367,-44.58687717,"county",827855,"Miconia shepherdii","R.Goldenb. & Reginato","name_w_authors","Melastomataceae","Miconia shepherdii","R.Goldenb. & Reginato","species","name accepted","bfo-9767",,,"Miconia shepherdii R.Goldenb. & Reginato","Miconia","Melastomataceae","brazil_sao paulo_sao jose barreiro","Brazil","São Paulo","São José do Barreiro",,"ibge",TRUE,-22.7225,-44.613056,"coord_original","seconds","high","Miconia shepherdii","check_local.2municip.","ok_county",,FALSE,"ok_dist","full_name_match","HRCB_84131","HRCB_84131|RB_854776|UPCB_41137|UPCB_93782","1","0.25","RB_854776","UPCB_93782","UPCB_93782","plantr_exact","High","PARQUE NACIONAL SERRA DA BOCAINA"
,,,,"K","K",,"PRESERVED_SPECIMEN","K005937751","3994",,,,"2014","6","4",,,,"Brasil",,"São Paulo","São José do Barreiro","São José do Barreiro","São José do Barreiro. Parque Nacional da Serra da Bocaina",,,"-22.738611","-44.602222",,,,,,,,"Myrsine coriacea",,,"Primulaceae","Myrsine",,,,"-22.738611","-44.602222",,,,,,"coriacea",,,,,,"K005937751","Splink","K",,,"3994","2014","Freitas, M.F.","2015",,,,"brazil","sao paulo","sao jose do barreiro","parque nacional da serra da bocaina","sao jose do barreiro","locality","brazil_sao paulo_sao jose barreiro_parque nacional serra bocaina","brazil_sao paulo_sao jose barreiro_parque nacional serra bocaina",-22.74484201,-44.61460885,"locality",990543,"Myrsine coriacea","(Sw.) R.Br. ex Roem. & Schult.","possibly_ok","Primulaceae","Myrsine coriacea","(Sw.) R.Br. ex Roem. & Schult.","species","name accepted","bfo-10228",,,"Myrsine coriacea (Sw.) R.Br. ex Roem. & Schult.","Myrsine","Primulaceae","brazil_sao paulo_sao jose barreiro","Brazil","São Paulo","São José do Barreiro",,"ibge",TRUE,-22.738611,-44.602222,"coord_original","seconds","high","Myrsine coriacea","ok_same_resolution","ok_county",,FALSE,"ok_dist","full_name_match","K_5937751","K_5937751|RB_941146","1","0.25","RB_941146","RB_941146","K_5937751","plantr_exact","High","PARQUE NACIONAL SERRA DA BOCAINA"
,,,,"INPA","INPA",,"PRESERVED_SPECIMEN","282472","1366",,"<nO>Na zona de Amortecimento do Parque Nacional da Serra da Bocaina. Mata Ombrófila Densa. Crescendo na entrada da estrada para Pousada Campos da Bocaina, logo após sair da Trilha do Ouro, na borda de Mata Ombrófila Densa Alto-Montana alte</nO>",,"2014","6","04",,,"<nO>Na zona de Amortecimento do Parque Nacional da Serra da Bocaina. Mata Ombrófila Densa. Crescendo na entrada da estrada para Pousada Campos da Bocaina, logo após sair da Trilha do Ouro, na borda de Mata Ombrófila Densa Alto-Montana alte</nO>","Brasil",,"São Paulo","São José do Barreiro","São José do Barreiro","Parque Nacional da Serra da Bocaina",,,"-22.72138889","-44.625",,"-22.7213888900","-44.6250000000",,"Baumgratz, JFA","2014-07-NA",,"Miconia cinerascens cinerascens",,,"Melastomataceae","Miconia",,,,"-22.72138889","-44.625",,,"07","2014","Miconia cinerascens cinerascens","cinerascens",,,,,,"INPA0282472","Splink","INPA",,,"1366","2014","Baumgratz, J.F.A.","2014",,,,"brazil","sao paulo","sao jose do barreiro","parque nacional da serra da bocaina",,"locality","brazil_sao paulo_sao jose barreiro","brazil_sao paulo_sao jose barreiro_parque nacional serra bocaina",-22.74484201,-44.61460885,"locality",9865,"Miconia cinerascens var. cinerascens","Miq.","variety","Melastomataceae","Miconia cinerascens var. cinerascens","Miq.","variety","name accepted","bfo-109117",,,"Miconia cinerascens var. cinerascens Miq.","Miconia","Melastomataceae","brazil_sao paulo_sao jose barreiro","Brazil","São Paulo","São José do Barreiro",,"ibge",TRUE,-22.721389,-44.625,"coord_original","seconds","high","Miconia cinerascens","ok_same_resolution","ok_county",,FALSE,"ok_dist","full_name_match","INPA_282472","INPA_282472|K_1872352|RB_860562|UFG_66805|UFP_85328","1","0.25","RB_860562","RB_860562","UFG_66805","plantr_exact","High","PARQUE NACIONAL SERRA DA BOCAINA"
,,,,"UFRRJ","RBR",,"PRESERVED_SPECIMEN","44963","1374",,"<nO>Arvoreta cerca de 1,7 metros dealturta, esciófila; ramos e pecíolos verdes; folhas verdes discolores; frutos jovens verdes, maduros roxos-nigrescentes.</nO>",,"2014","6","05",,,"<nO>Arvoreta cerca de 1,7 metros dealturta, esciófila; ramos e pecíolos verdes; folhas verdes discolores; frutos jovens verdes, maduros roxos-nigrescentes.</nO>","Brasil",,"São Paulo","São José do Barreiro","São José do Barreiro","Parque Nacional da Serra da Bocaina",,,"-22.7736111","-44.6033333",,"22º46'25''S","44º36'12''W",,"J.F.A. Baumgratz","2014-7-NA",,"Miconia tristis tristis",,,"Melastomataceae","Miconia",,,,"-22.7736111","-44.6033333",,,"7","2014","Miconia tristis tristis","tristis",,,,,,"RBR00044963","Splink","RBR",,,"1374","2014","Baumgratz, J.F.A.","2014",,,,"brazil","sao paulo","sao jose do barreiro","parque nacional da serra da bocaina",,"municipality","brazil_sao paulo_sao jose barreiro","brazil_sao paulo_sao jose barreiro_parque nacional serra bocaina",-22.74484201,-44.61460885,"locality",1180916,"Miconia tristis","Spring","subspecies","Melastomataceae","Miconia tristis","Spring","species","replaced synonym","bfo-9776",,,"Miconia tristis Spring","Miconia","Melastomataceae","brazil_sao paulo_sao jose barreiro","Brazil","São Paulo","São José do Barreiro",,"ibge",TRUE,-22.773611,-44.603333,"coord_original","seconds","high","Miconia tristis","ok_same_resolution","ok_county",,FALSE,"ok_dist","full_name_match","RBR_44963","RB_860618|RBR_44963|UFG_66804|UFG_66809|UFP_85322","1","0.25","RB_860618","RB_860618","UFP_85322","plantr_exact","High","PARQUE NACIONAL SERRA DA BOCAINA"
,,,,"UFPE","UFP",,"PRESERVED_SPECIMEN","76195","1920",,"<nO>Trepadeira escandante, flores roxas.</nO>",,"2014","2","16",,,"<nO>Trepadeira escandante, flores roxas.</nO>","Brasil",,"São Paulo","São José do Barreiro","São José do Barreiro","PARNA Serra da Bocaina, Floresta Atlântica Borda da mata.",,,"-22.639999","-44.57","30784","-22450.8333","-44371.1667",,"M.T.Buril","2014-02-NA",,"Jacquemontia ferruginea",,,"Convolvulaceae","Jacquemontia",,,,"-22.639999","-44.57",,,"02","2014",,"ferruginea",,,,,,"UFP076195","Splink","UFP",,,"1920","2014","Buril, M.T.","2014",,,,"brazil","sao paulo","sao jose do barreiro","parna serra da bocaina",,"locality","brazil_sao paulo_sao jose barreiro","brazil_sao paulo_sao jose barreiro",-22.74888367,-44.58687717,"county",981866,"Jacquemontia ferruginea","Choisy","possibly_ok","Convolvulaceae","Jacquemontia ferruginea","Choisy","species","name accepted","bfo-7077",,,"Jacquemontia ferruginea Choisy","Jacquemontia","Convolvulaceae","brazil_sao paulo_sao jose barreiro","Brazil","São Paulo","São José do Barreiro",,"ibge",TRUE,-22.639999,-44.57,"coord_original","miliseconds","high","Jacquemontia ferruginea","check_local.2municip.","ok_county",,FALSE,"ok_dist","full_name_match","UFP_76195",,"0","0",,,,"plantr_exact","High","PARQUE NACIONAL SERRA DA BOCAINA"
,,,,"FZB-BH","CVJBFZB",,"LIVING_SPECIMEN","2591","AGRA7386",,"<nO>254</nO>",,"2011","5","04",,,"<nO>254</nO>","Brasil",,"São Paulo","São José do Barreiro","São José do Barreiro","Parque Nacional Serra da Bocaina. Main road through park from entrance at alojamento to Fazenda Das Posses.",,,"-22.6399993896484","-44.5699996948242","30784","22°45'25,72","44°36'46,8",,"Leandro L. Giacomin",,,"Solanum rufescens",,,"Solanaceae","Solanum",,,,"-22.6399993896484","-44.5699996948242",,,,,"Solanum rufescens","rufescens",,,,,,,"Splink","CVJBFZB","not in IH",,"AGRA7386","2011","Giacomin, L.L.",,,,,"brazil","sao paulo","sao jose do barreiro","parque nacional serra da bocaina, main road through park from entrance at alojamento to fazenda das posses","parque nacional serra da bocaina","locality","brazil_sao paulo_sao jose barreiro","brazil_sao paulo_sao jose barreiro",-22.74888367,-44.58687717,"county",821268,"Solanum rufescens","Sendtn.","possibly_ok","Solanaceae","Solanum rufescens","Sendtn.","species","+1 name, but 1 accepted","bfo-14846","Solanum rufescens","Sendtn.","Solanum rufescens Sendtn.","Solanum","Solanaceae","brazil_sao paulo_sao jose barreiro","Brazil","São Paulo","São José do Barreiro",,"ibge",TRUE,-22.6399993896484,-44.5699996948242,"coord_original","miliseconds","high","Solanum rufescens","check_local.2municip.","ok_county",,FALSE,"ok_dist","full_name_match","CVJBFZB_2591",,"cc","cc",,,,"plantr_exact","High","PARQUE NACIONAL SERRA DA BOCAINA"
,,,,"UFRRJ","RBR",,"PRESERVED_SPECIMEN","36074","1170",,,,"2011","10","6",,,,"Brasil",,"São Paulo","São José do Barreiro","São José do Barreiro","Trilha da cachoira São Isidro. Floresta Ombrófila Densa Altomontana, em encosta na margem do rio que forma a cachoeira São Isidro (afluente do rio Mambucaba). Parque Nacional da Serra da Bocaina, Lageado;",,,"-22.639999","-44.57","30784","0","0",,,,,"Leandra aurea",,,"Melastomataceae","Leandra",,,,"-22.639999","-44.57",,,,,,"aurea",,,,,,"RBR00036074","Splink","RBR",,,"1170","2011",,,,,,"brazil","sao paulo","sao jose do barreiro","parque nacional da serra da bocaina",,"locality","brazil_sao paulo_sao jose barreiro_parque nacional serra bocaina","brazil_sao paulo_sao jose barreiro_parque nacional serra bocaina",-22.74484201,-44.61460885,"locality",1264896,"Leandra aurea","(Cham.) Cogn.","possibly_ok","Melastomataceae","Leandra aurea","(Cham.) Cogn.","species","name accepted","bfo-9506",,,"Leandra aurea (Cham.) Cogn.","Leandra","Melastomataceae","brazil_sao paulo_sao jose barreiro","Brazil","São Paulo","São José do Barreiro",,"ibge",TRUE,-22.88,-44.614444,"coord_original","seconds","high","Leandra aurea","ok_same_resolution","ok_county",,FALSE,"ok_dist","full_name_match","RBR_36074","FLOR_47775|RB_673416|RBR_36074","1","0.25",,"RB_673416","RB_673416","plantr_exact","High","PARQUE NACIONAL SERRA DA BOCAINA"
,,,,"UFRRJ","RBR",,"PRESERVED_SPECIMEN","36072","1169",,,,"2011","10","6",,,,"Brasil",,"São Paulo","São José do Barreiro","São José do Barreiro","Parque Nacional da Serra da Bocaina, Lageado; Trilha da cachoira São Isidro, em encosta na margem do rio que forma a cachoeira São Isidro (afluente do rio Mambucaba).",,,"-22.639999","-44.57","30784","0","0",,,,,"Behuria parvifolia",,,"Melastomataceae","Behuria",,,,"-22.639999","-44.57",,,,,,"parvifolia",,"WGS84",,,,"RBR00036072","Splink","RBR",,,"1169","2011",,,,,,"brazil","sao paulo","sao jose do barreiro","parque nacional da serra da bocaina",,"locality","brazil_sao paulo_sao jose barreiro_parque nacional serra bocaina","brazil_sao paulo_sao jose barreiro_parque nacional serra bocaina",-22.74484201,-44.61460885,"locality",1181176,"Huberia minutifolia","Bochorny & R.Goldenb.","possibly_ok","Melastomataceae","Huberia minutifolia","Bochorny & R.Goldenb.","species","replaced synonym","bfo-616505","Huberia minutifolia","Bochorny & R.Goldenb.","Huberia minutifolia Bochorny & R.Goldenb.","Huberia","Melastomataceae","brazil_sao paulo_sao jose barreiro","Brazil","São Paulo","São José do Barreiro",,"ibge",TRUE,-22.7475,-44.615,"coord_original","miliseconds","high","Huberia minutifolia","ok_same_resolution","ok_county",,FALSE,"ok_dist","full_name_match","RBR_36072","FLOR_62932|RB_673415|RBR_36072","1","0.25",,"FLOR_62932","FLOR_62932","plantr_exact","High","PARQUE NACIONAL SERRA DA BOCAINA"
,,,,"UFRGS","ICN",,"PRESERVED_SPECIMEN","190927","7383",,"<nO>Doação BHCB 152793. Material prensado em álcool.</nO>",,"2011","5","04",,,"<nO>Doação BHCB 152793. Material prensado em álcool.</nO>","Brasil",,"São Paulo","São José do Barreiro","São José do Barreiro","Parque Nacional Serra da Bocaina, estrada principal do parque na entrada do alojamento passando pela Fazenda das Posses",,,"-22.785278","-44.604167",,"-22.785278","-44.604167",,"Vignoli-Silva, M","2012-04-  19",,"Cestrum strictum",,,"Solanaceae","Cestrum",,,,"-22.785278","-44.604167",,"19","04","2012",,"strictum",,,,,,"ICN00033937","Splink","ICN",,,"7383","2011","Vignoli-Silva, M.","2012",,,,"brazil","sao paulo","sao jose do barreiro","parque nacional serra da bocaina, estrada principal do parque na entrada do alojamento passando pela fazenda das posses","parque nacional serra da bocaina","locality","brazil_sao paulo_sao jose barreiro","brazil_sao paulo_sao jose barreiro",-22.74888367,-44.58687717,"county",1143498,"Cestrum strictum","Schott ex Sendtn.","possibly_ok","Solanaceae","Cestrum strictum","Schott ex Sendtn.","species","name accepted","bfo-14651",,,"Cestrum strictum Schott ex Sendtn.","Cestrum","Solanaceae","brazil_sao paulo_sao jose barreiro","Brazil","São Paulo","São José do Barreiro",,"ibge",TRUE,-22.785278,-44.604167,"coord_original","seconds","high","Cestrum strictum","check_local.2municip.","ok_county",,FALSE,"ok_dist","full_name_match","ICN_190927",,"cc","cc",,,,"plantr_exact","High","PARQUE NACIONAL SERRA DA BOCAINA"
,,,,"FZB-BH","CVJBFZB",,"LIVING_SPECIMEN","2710","Giacomin7382",,"<nO>254</nO>",,"2011","5","04",,,"<nO>254</nO>","Brasil",,"São Paulo","São José do Barreiro","São José do Barreiro","Parque Nacional Serra da Bocaina",,,"-22.6399993896484","-44.5699996948242","30784","22°47'05''","44°36'16''",,"Agra, M.F.; Bohs, L.; Giacomin, L. L.","2011-05-   4",,"Solanum pseudocapsicum",,,"Solanaceae","Solanum",,,,"-22.6399993896484","-44.5699996948242",,"4","05","2011",,"pseudocapsicum",,,,,,,"Splink","CVJBFZB","not in IH",,"Giacomin7382","2011","Agra, M.F.","2011",,,"Bohs, L.; Giacomin, L.L.","brazil","sao paulo","sao jose do barreiro","parque nacional serra da bocaina",,"locality","brazil_sao paulo_sao jose barreiro_parque nacional serra bocaina","brazil_sao paulo_sao jose barreiro_parque nacional serra bocaina",-22.74484201,-44.61460885,"locality",817993,"Solanum pseudocapsicum","L.","possibly_ok","Solanaceae","Solanum pseudocapsicum","L.","species","name accepted","bfo-14834",,,"Solanum pseudocapsicum L.","Solanum","Solanaceae","brazil_sao paulo_sao jose barreiro","Brazil","São Paulo","São José do Barreiro",,"ibge",TRUE,-22.6399993896484,-44.5699996948242,"coord_original","miliseconds","high","Solanum pseudocapsicum","ok_same_resolution","ok_county",,FALSE,"ok_dist","full_name_match","CVJBFZB_2710",,"cc","cc",,,,"plantr_exact","High","PARQUE NACIONAL SERRA DA BOCAINA"
,,,,"FZB-BH","CVJBFZB",,"LIVING_SPECIMEN","2585","AGRA7381",,"<nO>254</nO>",,"2011","5","04",,,"<nO>254</nO>","Brasil",,"São Paulo","São José do Barreiro","São José do Barreiro","Parque Nacional Serra da Bocaina. Main road through park from entrance at alojamento past Fazenda Das Posses. Turnoff on trail to Fazenda do Simeon.",,,"-22.6399993896484","-44.5699996948242","30784","22º47'04,76""","44º36'15,82""",,"Bohs, L.","2011-05-NA",,"Solanum melissarum",,,"Solanaceae","Solanum",,,,"-22.6399993896484","-44.5699996948242",,,"05","2011",,"melissarum",,,,,,,"Splink","CVJBFZB","not in IH",,"AGRA7381","2011","Bohs, L.","2011",,,,"brazil","sao paulo","sao jose do barreiro","parque nacional serra da bocaina, main road through park from entrance at alojamento past fazenda das posses, turnoff on trail to fazenda do simeon","parque nacional serra da bocaina","locality","brazil_sao paulo_sao jose barreiro","brazil_sao paulo_sao jose barreiro",-22.74888367,-44.58687717,"county",817992,"Solanum melissarum","Bohs","possibly_ok","Solanaceae","Solanum melissarum","Bohs","species","name accepted","bfo-14811",,,"Solanum melissarum Bohs","Solanum","Solanaceae","brazil_sao paulo_sao jose barreiro","Brazil","São Paulo","São José do Barreiro",,"ibge",TRUE,-22.6399993896484,-44.5699996948242,"coord_original","miliseconds","high","Solanum melissarum","check_local.2municip.","ok_county",,FALSE,"ok_dist","full_name_match","CVJBFZB_2585",,"cc","cc",,,,"plantr_exact","High","PARQUE NACIONAL SERRA DA BOCAINA"
,,,,"FZB-BH","CVJBFZB",,"LIVING_SPECIMEN","2588","AGRA7385",,"<nO>254</nO>",,"2011","5","04",,,"<nO>254</nO>","Brasil",,"São Paulo","São José do Barreiro","São José do Barreiro","Parque Nacional Serra da Bocaina. Main road through park from entrance at alojamento to Fazenda Das Posses.",,,"-22.6399993896484","-44.5699996948242","30784","22º45'05,52""","44º37'19,49""",,"Bohs, L.","2011-05-NA",,"Solanum latiflorum",,,"Solanaceae","Solanum",,,,"-22.6399993896484","-44.5699996948242",,,"05","2011",,"latiflorum",,,,,,,"Splink","CVJBFZB","not in IH",,"AGRA7385","2011","Bohs, L.","2011",,,,"brazil","sao paulo","sao jose do barreiro","parque nacional serra da bocaina, main road through park from entrance at alojamento to fazenda das posses","parque nacional serra da bocaina","locality","brazil_sao paulo_sao jose barreiro","brazil_sao paulo_sao jose barreiro",-22.74888367,-44.58687717,"county",817991,"Solanum latiflorum","Bohs","possibly_ok","Solanaceae","Solanum latiflorum","Bohs","species","name accepted","bfo-14799",,,"Solanum latiflorum Bohs","Solanum","Solanaceae","brazil_sao paulo_sao jose barreiro","Brazil","São Paulo","São José do Barreiro",,"ibge",TRUE,-22.6399993896484,-44.5699996948242,"coord_original","miliseconds","high","Solanum latiflorum","check_local.2municip.","ok_county",,FALSE,"ok_dist","full_name_match","CVJBFZB_2588",,"cc","cc",,,,"plantr_exact","High","PARQUE NACIONAL SERRA DA BOCAINA"
,,,,"MBM","MBM",,"PRESERVED_SPECIMEN","339527","4331",,"<nO>Terrestre, às margens da estrada. Floresta Atlântica</nO>",,"2008","1","7",,,"<nO>Terrestre, às margens da estrada. Floresta Atlântica</nO>","Brasil",,"São Paulo","Silveiras","Silveiras","Estrada do parque Nacional da Serra da Bocaina para Campos Novos.",,,"-22.66","-44.849998","26704",,,,"Dittrich, V.A.O.","2023-7-NA",,"Lomaridium plumieri",,,"Blechnaceae","Lomaridium",,,,"-22.66","-44.849998",,,"7","2023",,"plumieri",,,,,,"MBM339527","Splink","MBM",,,"4331","2008","Dittrich, V.A.O.","2023",,,,"brazil","sao paulo","silveiras","estrada do parque nacional da serra da bocaina para campos novos",,"locality","brazil_sao paulo_silveiras","brazil_sao paulo_silveiras",-22.73445083,-44.8407973,"county",1316042,"Lomaridium plumieri","(Desv.) C. Presl","possibly_ok","Blechnaceae","Lomaridium plumieri","(Desv.) C. Presl","species","name accepted","bfo-603503",,,"Lomaridium plumieri (Desv.) C. Presl","Lomaridium","Blechnaceae","brazil_sao paulo_silveiras","Brazil","São Paulo","Silveiras",,"ibge",TRUE,-22.66,-44.849998,"coord_original","miliseconds","high","Lomaridium plumieri","check_local.2municip.","ok_county",,FALSE,"ok_dist","full_name_match","MBM_339527",,"cc","cc",,,,"plantr_exact","High","PARQUE NACIONAL SERRA DA BOCAINA"
,,,,"MBM","MBM",,"PRESERVED_SPECIMEN","339485","4288",,"<nO>Terrestre. Floresta Atlântica.</nO>",,"2008","1","6",,,"<nO>Terrestre. Floresta Atlântica.</nO>","Brasil",,"São Paulo","São José do Barreiro","São José do Barreiro","Parque Nacional da serra da Bocaina, Cachoeira São Izidro",,,"-22.7419444","-44.6166667",,"22º44'31''S","44º37'W",,"Dittrich, V.A.O.","2023-7-NA",,"Lomaria spannagelii",,,"Blechnaceae","Lomaria",,,,"-22.7419444","-44.6166667",,,"7","2023",,"spannagelii",,,,,,"MBM339485","Splink","MBM",,,"4288","2008","Dittrich, V.A.O.","2023",,,,"brazil","sao paulo","sao jose do barreiro","parque nacional da serra da bocaina",,"locality","brazil_sao paulo_sao jose barreiro_parque nacional serra bocaina","brazil_sao paulo_sao jose barreiro_parque nacional serra bocaina",-22.74484201,-44.61460885,"locality",1316040,"Lomaria spannagelii","(Rosenst.) Gasper & V.A.O. Dittrich","possibly_ok","Blechnaceae","Lomaria spannagelii","(Rosenst.) Gasper & V.A.O. Dittrich","species","name accepted","bfo-602591",,,"Lomaria spannagelii (Rosenst.) Gasper & V.A.O. Dittrich","Lomaria","Blechnaceae","brazil_sao paulo_sao jose barreiro","Brazil","São Paulo","São José do Barreiro",,"ibge",TRUE,-22.7419444,-44.6166667,"coord_original","miliseconds","high","Lomaria spannagelii","ok_same_resolution","ok_county",,FALSE,"ok_dist","full_name_match","MBM_339485",,"cc","cc",,,,"plantr_exact","High","PARQUE NACIONAL SERRA DA BOCAINA"
,,,,"MBM","MBM",,"PRESERVED_SPECIMEN","339483","4287",,"<nO>Rupícola, Floresta Atlântica; Rupícola.</nO>",,"2008","1","6",,,"<nO>Rupícola, Floresta Atlântica; Rupícola.</nO>","Brasil",,"São Paulo","São José do Barreiro","São José do Barreiro","Parque Nacional da Serra da Bocaina, Cachoeira São Izidro.",,,"-22.639999","-44.57","30784","-22.741944","-44.616667",,"Dittrich, VAO","2020-3-NA",,"Parablechnum cordatum",,,"Blechnaceae","Parablechnum",,,,"-22.639999","-44.57",,,"3","2020",,"cordatum",,,,,,"MBM339483","Splink","MBM",,,"4287","2008","Dittrich, V.A.O.","2020",,,,"brazil","sao paulo","sao jose do barreiro","parque nacional da serra da bocaina",,"locality","brazil_sao paulo_sao jose barreiro_parque nacional serra bocaina","brazil_sao paulo_sao jose barreiro_parque nacional serra bocaina",-22.74484201,-44.61460885,"locality",1043750,"Parablechnum cordatum","(Desv.) Gasper & Salino","possibly_ok","Blechnaceae","Parablechnum cordatum","(Desv.) Gasper & Salino","species","name accepted","bfo-602583",,,"Parablechnum cordatum (Desv.) Gasper & Salino","Parablechnum","Blechnaceae","brazil_sao paulo_sao jose barreiro","Brazil","São Paulo","São José do Barreiro",,"ibge",TRUE,-22.639999,-44.57,"coord_original","miliseconds","high","Parablechnum cordatum","ok_same_resolution","ok_county",,FALSE,"ok_dist","full_name_match","MBM_339483",,"cc","cc",,,,"plantr_exact","High","PARQUE NACIONAL SERRA DA BOCAINA"
,,,,"UFMG","BHCB-SL",,"PRESERVED_SPECIMEN","186516","4324",,"<nO>Terrestre; Sobre barranco. Floresta Atlântica</nO>",,"2008","1","7",,,"<nO>Terrestre; Sobre barranco. Floresta Atlântica</nO>","Brasil",,"São Paulo","Silveiras","Silveiras","Estrada do Parque Nacional da Serra da Bocaina para Campos Novos.",,,"-22.66","-44.849998","26704","0","0",,,"0-0-   0",,"Sticherus",,,"Gleicheniaceae","Sticherus",,,,"-22.66","-44.849998",,"0","0","0",,,,,,,,"BHCB186516","Splink","BHCB",,,"4324","2008","Lima, L.V.","2017",,,,"brazil","sao paulo","silveiras","estrada do parque nacional da serra da bocaina para campos novos",,"locality","brazil_sao paulo_silveiras","brazil_sao paulo_silveiras",-22.73445083,-44.8407973,"county",1730664,"Sticherus pruinosus","(Mart.) Ching","name_w_authors","Gleicheniaceae","Sticherus","C.Presl","species","name accepted","bfo-135131",,,"Sticherus pruinosus (Mart.) Ching","Sticherus","Gleicheniaceae","brazil_sao paulo_silveiras","Brazil","São Paulo","Silveiras",,"ibge",TRUE,-22.66,-44.849998,"coord_original","miliseconds","high","Sticherus pruinosus","check_local.2municip.","ok_county",,FALSE,"no_cannot_check","full_name_match","BHCB_186516","BHCB_186516|UPCB_5052|UPCB_61126","1","0.25","UPCB_61126","UPCB_61126","UPCB_61126","plantr_exact","High","PARQUE NACIONAL SERRA DA BOCAINA"
,,,,"USP","SPF",,"PRESERVED_SPECIMEN","145083","928",,"<nO>Trepadeira na beira da estrada. Flores vináceas.</nO>",,"2001","4","13",,,"<nO>Trepadeira na beira da estrada. Flores vináceas.</nO>","Brasil",,"São Paulo","São José do Barreiro","São José do Barreiro","Parque Nacional da Serra da Bocaina, Entre o portão do IBAMA e o Rio Mambucaba.",,,"-22.639999","-44.57","30784","0","0",,"Rapini, A","2009-NA-NA",,"Orthosia scoparia",,,"Apocynaceae","Orthosia",,,,"-22.639999","-44.57",,,,"2009",,"scoparia",,,,,,"SPF00145083","Splink","SPF",,,"928","2001","Rapini, A.","2009",,,,"brazil","sao paulo","sao jose do barreiro","parque nacional da serra da bocaina",,"locality","brazil_sao paulo_sao jose barreiro_parque nacional serra bocaina","brazil_sao paulo_sao jose barreiro_parque nacional serra bocaina",-22.74484201,-44.61460885,"locality",955795,"Orthosia scoparia","(Nutt.) Liede & Meve","possibly_ok","Apocynaceae","Orthosia scoparia","(Nutt.) Liede & Meve","species","name accepted","bfo-4737",,,"Orthosia scoparia (Nutt.) Liede & Meve","Orthosia","Apocynaceae","brazil_sao paulo_sao jose barreiro","Brazil","São Paulo","São José do Barreiro",,"ibge",TRUE,-22.639999,-44.57,"coord_original","miliseconds","high","Orthosia scoparia","ok_same_resolution","ok_county",,FALSE,"ok_dist","full_name_match","SPF_145083",,"cc","cc",,,,"plantr_exact","High","PARQUE NACIONAL SERRA DA BOCAINA"
,,,,"USP","SPF",,"PRESERVED_SPECIMEN","145082","927",,"<nO>Trepadeira na beira da estrada. Flores alvo-esverdeadas.</nO>",,"2001","4","13",,,"<nO>Trepadeira na beira da estrada. Flores alvo-esverdeadas.</nO>","Brasil",,"São Paulo","São José do Barreiro","São José do Barreiro","Parque Nacional da Serra da Bocaina, Entre o portão do IBAMA e o Rio Mambucaba.",,,"-22.639999","-44.57","30784","0","0",,"Rapini, A","2008-NA-NA",,"Peplonia organensis",,,"Apocynaceae","Peplonia",,,,"-22.639999","-44.57",,,,"2008",,"organensis",,,,,,"SPF00145082","Splink","SPF",,,"927","2001","Rapini, A.","2008",,,,"brazil","sao paulo","sao jose do barreiro","parque nacional da serra da bocaina",,"locality","brazil_sao paulo_sao jose barreiro_parque nacional serra bocaina","brazil_sao paulo_sao jose barreiro_parque nacional serra bocaina",-22.74484201,-44.61460885,"locality",919688,"Peplonia organensis","(E.Fourn.) Fontella & Rapini","possibly_ok","Apocynaceae","Peplonia organensis","(E.Fourn.) Fontella & Rapini","species","name accepted","bfo-4818",,,"Peplonia organensis (E.Fourn.) Fontella & Rapini","Peplonia","Apocynaceae","brazil_sao paulo_sao jose barreiro","Brazil","São Paulo","São José do Barreiro",,"ibge",TRUE,-22.639999,-44.57,"coord_original","miliseconds","high","Peplonia organensis","ok_same_resolution","ok_county",,FALSE,"ok_dist","full_name_match","SPF_145082",,"cc","cc",,,,"plantr_exact","High","PARQUE NACIONAL SERRA DA BOCAINA"
,,,,"USP","SPF",,"PRESERVED_SPECIMEN","145086","930",,"<nO>Trepadeira em vegetação aberta, perturbada. Lacínias da corola verdes abaxialmente, esverdeadas adaxialmente, corona e apêndice do ginostégio alvos.</nO>",,"2001","4","13",,,"<nO>Trepadeira em vegetação aberta, perturbada. Lacínias da corola verdes abaxialmente, esverdeadas adaxialmente, corona e apêndice do ginostégio alvos.</nO>","Brasil",,"São Paulo","São José do Barreiro","São José do Barreiro","Parque Nacional da Serra da Bocaina, Entre o portão do IBAMA e o Rio Mambucaba.",,,"-22.639999","-44.57","30784","0","0",,"Rapini, A","2001-04-NA",,"Oxypetalum sublanatum",,,"Apocynaceae","Oxypetalum",,,,"-22.639999","-44.57",,,"04","2001",,"sublanatum",,,,,,"SPF00145086","Splink","SPF",,,"930","2001","Rapini, A.","2001",,,,"brazil","sao paulo","sao jose do barreiro","parque nacional da serra da bocaina",,"locality","brazil_sao paulo_sao jose barreiro_parque nacional serra bocaina","brazil_sao paulo_sao jose barreiro_parque nacional serra bocaina",-22.74484201,-44.61460885,"locality",844163,"Oxypetalum sublanatum","Malme","possibly_ok","Apocynaceae","Oxypetalum sublanatum","Malme","species","name accepted","bfo-4805",,,"Oxypetalum sublanatum Malme","Oxypetalum","Apocynaceae","brazil_sao paulo_sao jose barreiro","Brazil","São Paulo","São José do Barreiro",,"ibge",TRUE,-22.639999,-44.57,"coord_original","miliseconds","high","Oxypetalum sublanatum","ok_same_resolution","ok_county",,FALSE,"ok_dist","full_name_match","SPF_145086",,"cc","cc",,,,"plantr_exact","High","PARQUE NACIONAL SERRA DA BOCAINA"
,,,,"UFRRJ","RBR",,"PRESERVED_SPECIMEN","7651","1960",,"<nO>Arvoreta, casca grossa co fissura longitudionais. Frutos imaturos verdes.</nO>",,"1994","7","18",,,"<nO>Arvoreta, casca grossa co fissura longitudionais. Frutos imaturos verdes.</nO>","Brasil",,"São Paulo","São José do Barreiro","São José do Barreiro","Parque Nacional da Serra da Bocaina.",,,"-22.639999","-44.57","30784","0","0",,"A.L. Peixoto","1997-5-NA",,"Mollinedia triflora",,,"Monimiaceae","Mollinedia",,,,"-22.639999","-44.57",,,"5","1997",,"triflora",,,,,,"RBR00007651","Splink","RBR",,,"1960","1994","Determinador, S.",,,,,"brazil","sao paulo","sao jose do barreiro","parque nacional da serra da bocaina",,"locality","brazil_sao paulo_sao jose barreiro","brazil_sao paulo_sao jose barreiro_parque nacional serra bocaina",-22.74484201,-44.61460885,"locality",1265004,"Mollinedia triflora","(Spreng.) Tul.","possibly_ok","Monimiaceae","Mollinedia triflora","(Spreng.) Tul.","species","name accepted","bfo-10104",,,"Mollinedia triflora (Spreng.) Tul.","Mollinedia","Monimiaceae","brazil_sao paulo_sao jose barreiro","Brazil","São Paulo","São José do Barreiro",,"ibge",TRUE,-22.639999,-44.57,"coord_original","miliseconds","high","Mollinedia triflora","ok_same_resolution","ok_county",,FALSE,"ok_dist","full_name_match","RBR_7651","PMSP_7099|RBR_7651|SP_298974|UEC_85868","1","0.25","PMSP_7099","RBR_7651","PMSP_7099","plantr_exact","High","PARQUE NACIONAL SERRA DA BOCAINA"
,,,,"UFMG","BHCB",,"PRESERVED_SPECIMEN","133527","1576",,"<nO>Arvoreta delicada, 3.0m alt. Flores voltadas para baixo, corola alva com o centro esverdeado.</nO>",,"1994","7","18",,,"<nO>Arvoreta delicada, 3.0m alt. Flores voltadas para baixo, corola alva com o centro esverdeado.</nO>","Brasil",,"São Paulo","São José do Barreiro","São José do Barreiro","Parque Nacional da Serra da Bocaina, Sitio do Sr. Sebastião Arantes - Grotão de mata úmida, provavelmente remanescente.",,,"-22.639999","-44.57","30784","0","0",,"Stehmann, JR","2019-8-   2",,"Athenaea fasciculata",,,"Solanaceae","Athenaea",,,,"-22.639999","-44.57",,"2","8","2019",,"fasciculata",,,,,,"BHCB026388","Splink","BHCB",,,"1576","1994","Stehmann, J.R.","2019",,,,"brazil","sao paulo","sao jose do barreiro","parque nacional da serra da bocaina",,"locality","brazil_sao paulo_sao jose barreiro_parque nacional serra bocaina","brazil_sao paulo_sao jose barreiro_parque nacional serra bocaina",-22.74484201,-44.61460885,"locality",1208827,"Athenaea fasciculata","(Vell.) I.M.C. Rodrigues & Stehmann","possibly_ok","Solanaceae","Athenaea fasciculata","(Vell.) I.M.C. Rodrigues & Stehmann","species","name accepted","bfo-606397",,,"Athenaea fasciculata (Vell.) I.M.C. Rodrigues & Stehmann","Athenaea","Solanaceae","brazil_sao paulo_sao jose barreiro","Brazil","São Paulo","São José do Barreiro",,"ibge",TRUE,-22.639999,-44.57,"coord_original","miliseconds","high","Athenaea fasciculata","ok_same_resolution","ok_county",,FALSE,"ok_dist","full_name_match","BHCB_133527",,"cc","cc",,,,"plantr_exact","High","PARQUE NACIONAL SERRA DA BOCAINA"
,,,,"USP","SPF",,"PRESERVED_SPECIMEN","112409","1553",,,,"1994","7","16",,,,"Brasil",,"São Paulo","São José do Barreiro","São José do Barreiro","Parque Nacional da Serra da Bocaina",,,"-22.639999","-44.57","30784","0","0",,"Silva, TRS","2004-08-NA",,"Lantana fucata",,,"Verbenaceae","Lantana",,,,"-22.639999","-44.57",,,"08","2004",,"fucata",,,,,,"SPF00112409","Splink","SPF",,,"1553","1994","Silva, T.R.S.","2004",,,,"brazil","sao paulo","sao jose do barreiro","parque nacional da serra da bocaina",,"locality","brazil_sao paulo_sao jose barreiro_parque nacional serra bocaina","brazil_sao paulo_sao jose barreiro_parque nacional serra bocaina",-22.74484201,-44.61460885,"locality",851178,"Lantana fucata","Lindl.","possibly_ok","Verbenaceae","Lantana fucata","Lindl.","species","name accepted","bfo-15166",,,"Lantana fucata Lindl.","Lantana","Verbenaceae","brazil_sao paulo_sao jose barreiro","Brazil","São Paulo","São José do Barreiro",,"ibge",TRUE,-22.639999,-44.57,"coord_original","miliseconds","high","Lantana fucata","ok_same_resolution","ok_county",,FALSE,"ok_dist","full_name_match","SPF_112409",,"cc","cc",,,,"plantr_exact","High","PARQUE NACIONAL SERRA DA BOCAINA"
,,,,"UNICAMP","UEC",,"PRESERVED_SPECIMEN","85867","1984",,"<nO>Arvoreta ca. 8,0m alt. Capoeira próxima ao Mambucaba. Fruto poliespérmico, sementes com embrião mircióide, verde acizentado.; Rio dos Veados.</nO>",,"1994","7","19",,,"<nO>Arvoreta ca. 8,0m alt. Capoeira próxima ao Mambucaba. Fruto poliespérmico, sementes com embrião mircióide, verde acizentado.; Rio dos Veados.</nO>","Brasil",,"São Paulo","São José do Barreiro","São José do Barreiro","Parque Nacional da Serra da Bocaina, Caminho em direção a Cachoeira do Veado, rio dos Veados",,,"-22.639999","-44.57","30784","0","0",,"Sobral, M","2003-NA-NA",,"Myrcia pubipetala",,,"Myrtaceae","Myrcia",,,,"-22.639999","-44.57",,,,"2003",,"pubipetala",,,,,,"UEC104535","Splink","UEC",,,"1984","1994","Sobral, M.","2003",,,,"brazil","sao paulo","sao jose do barreiro","parque nacional da serra da bocaina",,"locality","brazil_sao paulo_sao jose barreiro","brazil_sao paulo_sao jose barreiro_parque nacional serra bocaina",-22.74484201,-44.61460885,"locality",895704,"Myrcia pubipetala","Miq.","possibly_ok","Myrtaceae","Myrcia pubipetala","Miq.","species","name accepted","bfo-10743",,,"Myrcia pubipetala Miq.","Myrcia","Myrtaceae","brazil_sao paulo_sao jose barreiro","Brazil","São Paulo","São José do Barreiro",,"ibge",TRUE,-22.639999,-44.57,"coord_original","miliseconds","high","Myrcia pubipetala","ok_same_resolution","ok_county",,FALSE,"ok_dist","full_name_match","UEC_85867","BHCB_113301|SP_306983|UEC_85867","1","0.25","SP_306983","UEC_85867","SP_306983","plantr_exact","High","PARQUE NACIONAL SERRA DA BOCAINA"
,,,,"UFRPE","PEUFR",,"PRESERVED_SPECIMEN","21992","1950A",,"<nO>Árvore ca. 8 - 10m de alt.; casca com fissuras longitudinais não muito profundas; frutos marrom-claro; coordenadas geográficas do município.</nO>",,"1994","7","17",,,"<nO>Árvore ca. 8 - 10m de alt.; casca com fissuras longitudinais não muito profundas; frutos marrom-claro; coordenadas geográficas do município.</nO>","Brasil",,"São Paulo","São José do Barreiro","São José do Barreiro","Parque Nacional da Serra da Bocaina",,,"-22.645278","-44.577778",,"22°38'43""S","44°34'40""W",,"C.S. Zickel","1996-1-  23",,"Lamanonia ternata",,,"Cunoniacea","Lamanonia",,,,"-22.645278","-44.577778",,"23","1","1996",,"ternata",,,,,,,"Splink","PEUFR",,,"1950-A","1994","Pirani, J.R.","1995",,,,"brazil","sao paulo","sao jose do barreiro","parque nacional da serra da bocaina",,"locality","brazil_sao paulo_sao jose barreiro","brazil_sao paulo_sao jose barreiro_parque nacional serra bocaina",-22.74484201,-44.61460885,"locality",818836,"Lamanonia ternata","Vell.","possibly_ok","Cunoniaceae","Lamanonia ternata","Vell.","species","name accepted","bfo-7124",,,"Lamanonia ternata Vell.","Lamanonia","Cunoniaceae","brazil_sao paulo_sao jose barreiro","Brazil","São Paulo","São José do Barreiro",,"ibge",TRUE,-22.639999,-44.57,"coord_original","miliseconds","high","Lamanonia ternata","ok_same_resolution","ok_county",,FALSE,"ok_dist","full_name_match","PEUFR_21992","PEUFR_21992|SP_279348|SPF_95811|UEC_85883","1","0.25","SPF_95811","SPF_95811","SPF_95811","plantr_exact","High","PARQUE NACIONAL SERRA DA BOCAINA"
,,,,"MBM","MBM",,"PRESERVED_SPECIMEN","425609","9839",,"<nO>Escandente, crescendo sobre árvores até 5m de altura, na margem de rio; folhas discolores. inflorescência com espigas castanho-esverdeadas. Frequente.</nO>",,"1984","2","28",,,"<nO>Escandente, crescendo sobre árvores até 5m de altura, na margem de rio; folhas discolores. inflorescência com espigas castanho-esverdeadas. Frequente.</nO>","Brasil",,"São Paulo","Bananal","Bananal","Parque Nacional da Serra da Bocaina, Marco 22, margens Rio Bonito.",,,"-22.68","-44.32","26795",,,,"Clark, LG","2018-3-  12",,"Chusquea ibiramae",,,"Poaceae","Chusquea",,,,"-22.68","-44.32",,"12","3","2018",,"ibiramae",,,,,,"MBM425609","Splink","MBM",,,"9839","1984","Clark, L.G.","2018",,,,"brazil","sao paulo","bananal","parque nacional da serra da bocaina",,"locality","brazil_sao paulo_bananal","brazil_sao paulo_bananal",-22.73353405,-44.33438939,"county",1314789,"Chusquea ibiramae","McClure & L.B.Sm.","possibly_ok","Poaceae","Chusquea ibiramae","McClure & L.B.Sm.","species","name accepted","bfo-13101",,,"Chusquea ibiramae McClure & L.B.Sm.","Chusquea","Poaceae","brazil_sao paulo_bananal","Brazil","São Paulo","Bananal",,"ibge",TRUE,-22.68,-44.32,"coord_original","miliseconds","high","Chusquea ibiramae","check_local.2municip.","ok_county",,FALSE,"ok_dist","full_name_match","MBM_425609",,"cc","cc",,,,"plantr_exact","High","PARQUE NACIONAL SERRA DA BOCAINA"
,,,,"UNESP-IBB","BOTU",,"PRESERVED_SPECIMEN","40250","4664",,,,"1978","6","23",,,,"Brasil",,"São Paulo","Bananal","Bananal","Parque Nacional da Serra da Bocaina, próxima ao marco 22",,,"-22.68","-44.32","26795",,,,"Garcia, F.C.P.","2002-05-NA",,"Inga virescens",,,"Fabaceae","Inga",,,,"-22.68","-44.32",,,"05","2002",,"virescens",,,,,,"BOTU040250","Splink","BOTU",,,"4664","1978","Garcia, F.C.P.","2002",,,,"brazil","sao paulo","bananal","parque nacional da serra da bocaina",,"locality","brazil_sao paulo_bananal","brazil_sao paulo_bananal",-22.73353405,-44.33438939,"county",1153325,"Inga virescens","Benth.","possibly_ok","Fabaceae","Inga virescens","Benth.","species","name accepted","bfo-23041",,,"Inga virescens Benth.","Inga","Fabaceae","brazil_sao paulo_bananal","Brazil","São Paulo","Bananal",,"ibge",TRUE,-22.68,-44.32,"coord_original","miliseconds","high","Inga virescens","check_local.2municip.","ok_county",,FALSE,"ok_dist","full_name_match","BOTU_40250",,"cc","cc",,,,"plantr_exact","High","PARQUE NACIONAL SERRA DA BOCAINA"
,,,,"CEPLAC","CEPEC",,"PRESERVED_SPECIMEN","30853","21",,,,"1977","3","24",,,,"Brasil",,"São Paulo","BANANAL","BANANAL","Parque Nacional de Serra da Bocaina, ""Seda Moderna"".",,,"-22.6800003051758","-44.3199996948242","26795","0S0'0""","0W0'0""",,"A. Chautems",,,"Nematanthus crassifolius",,,"Gesneriaceae","Nematanthus",,,,"-22.6800003051758","-44.3199996948242",,,,,,"crassifolius",,,,,,,"Splink","CEPEC",,,"21","1977","Chautems, A.",,,,,"brazil","sao paulo","bananal","parque nacional de serra da bocaina",,"locality","brazil_sao paulo_bananal","brazil_sao paulo_bananal",-22.73353405,-44.33438939,"county",815935,"Nematanthus crassifolius","(Schott) Wiehler","possibly_ok","Gesneriaceae","Nematanthus crassifolius","(Schott) Wiehler","species","name accepted","bfo-7847",,,"Nematanthus crassifolius (Schott) Wiehler","Nematanthus","Gesneriaceae","brazil_sao paulo_bananal","Brazil","São Paulo","Bananal",,"ibge",TRUE,-22.6800003051758,-44.3199996948242,"coord_original","miliseconds","high","Nematanthus crassifolius","check_local.2municip.","ok_county",,FALSE,"ok_dist","full_name_match","CEPEC_30853",,"cc","cc",,,,"plantr_exact","High","PARQUE NACIONAL SERRA DA BOCAINA"
,,,,"CEPLAC","CEPEC",,"PRESERVED_SPECIMEN","30851","22",,,,"1977","3","24",,,,"Brasil",,"São Paulo","BANANAL","BANANAL","Parque Nacional da Serra da Bocaina. Seda Moderna.",,,"-22.6800003051758","-44.3199996948242","26795","0S0'0""","0W0'0""",,"A. Chautems",,,"Nematanthus brasiliensis",,,"Gesneriaceae","Nematanthus",,,,"-22.6800003051758","-44.3199996948242",,,,,,"brasiliensis",,,,,,,"Splink","CEPEC",,,"22","1977","Chautems, A.",,,,,"brazil","sao paulo","bananal","parque nacional da serra da bocaina",,"locality","brazil_sao paulo_bananal","brazil_sao paulo_bananal",-22.73353405,-44.33438939,"county",815934,"Nematanthus brasiliensis","(Vell.) Chautems","possibly_ok","Gesneriaceae","Nematanthus brasiliensis","(Vell.) Chautems","species","name accepted","bfo-7845",,,"Nematanthus brasiliensis (Vell.) Chautems","Nematanthus","Gesneriaceae","brazil_sao paulo_bananal","Brazil","São Paulo","Bananal",,"ibge",TRUE,-22.6800003051758,-44.3199996948242,"coord_original","miliseconds","high","Nematanthus brasiliensis","check_local.2municip.","ok_county",,FALSE,"ok_dist","full_name_match","CEPEC_30851",,"cc","cc",,,,"plantr_exact","High","PARQUE NACIONAL SERRA DA BOCAINA"
,,,,"UERJ","HB",,"PRESERVED_SPECIMEN","49081","3023",,"<nO>Habito: Árvore</nO>",,"1968","5","7",,,"<nO>Habito: Árvore</nO>","Brasil",,"São Paulo","São José do Barreiro","São José do Barreiro","Reserva Florestal de Bocaina. Parque Nacional da Serra da Bocaina",,,"-22.639999","-44.57","30784",,,,"G.M. Barroso","1968-5-NA",,"Vernonanthura westiniana",,,"Asteraceae","Vernonanthura",,,,"-22.639999","-44.57",,,"5","1968",,"westiniana",,,,,,"HB000015257","Splink","HB",,,"3023","1968","Barroso, G.M.",,,,,"brazil","sao paulo","sao jose do barreiro","reserva florestal de bocaina, parque nacional da serra da bocaina","reserva florestal de bocaina","locality","brazil_sao paulo_sao jose barreiro","brazil_sao paulo_sao jose barreiro",-22.74888367,-44.58687717,"county",1177749,"Vernonanthura westiniana","(Less.) H.Rob.","possibly_ok","Asteraceae","Vernonanthura westiniana","(Less.) H.Rob.","species","name accepted","bfo-27464",,,"Vernonanthura westiniana (Less.) H.Rob.","Vernonanthura","Asteraceae","brazil_sao paulo_sao jose barreiro","Brazil","São Paulo","São José do Barreiro",,"ibge",TRUE,-22.639999,-44.57,"coord_original","miliseconds","high","Vernonanthura westiniana","check_local.2municip.","ok_county",,FALSE,"ok_dist","full_name_match","HB_49081","HB_15257|HB_49081","1","0.25","HB_15257","HB_49081","HB_49081","plantr_exact","High","PARQUE NACIONAL SERRA DA BOCAINA"
,,,,"UFPR","UPCB",,"PRESERVED_SPECIMEN","112898","2879",,"<nO>Epifita, umbrófila Descrição do Ambiente: Crescendo em mata úmida.</nO>",,"1968","5","5",,,"<nO>Epifita, umbrófila Descrição do Ambiente: Crescendo em mata úmida.</nO>","Brasil",,"São Paulo","São Paulo","São Paulo","Parque Nacional da Serra da Bocaina",,,"-23.540001","-46.630001","53584",,,,"Assis, F.C.","2012-2-NA",,"Pecluma pectinatiformis",,,"Polypodiaceae","Pecluma",,,,"-23.540001","-46.630001",,,"2","2012",,"pectinatiformis",,,,,,"UPCB0089452","Splink","UPCB",,,"2879","1968","Assis, F.C.","2012",,,,"brazil","sao paulo","sao paulo","parque nacional da serra da bocaina",,"locality","brazil_sao paulo_sao paulo","brazil_sao paulo_sao paulo",-23.65041685,-46.64802516,"county",814631,"Pecluma pectinatiformis","(Lindm.) M.G.Price","possibly_ok","Polypodiaceae","Pecluma pectinatiformis","(Lindm.) M.G.Price","species","name accepted","bfo-91707",,,"Pecluma pectinatiformis (Lindm.) M.G.Price","Pecluma","Polypodiaceae","brazil_sao paulo_sao paulo","Brazil","São Paulo","São Paulo",,"ibge",TRUE,-23.540001,-46.630001,"coord_original","miliseconds","high","Pecluma pectinatiformis","check_local.2municip.","ok_county",,FALSE,"ok_dist","full_name_match","UPCB_112898","RB_682781|UPCB_112898","1","0.25","RB_682781","UPCB_112898","UPCB_112898","plantr_exact","High","PARQUE NACIONAL SERRA DA BOCAINA"
,,"https://specieslink.net/col/204",,"UEFS","HUEFS",,"PRESERVED_SPECIMEN","262177","1219","Lima, J.I.de",,,,,,,,,"Brasil","BR","São Paulo",,"São José do Barreiro","Subida para o Parque Nacional da Serra da Bocaina.",,,,,,,,,"A.C.S.Oliveira","2022-04-01",,"Collaea speciosa (Loisel.) DC.","Magnoliopsida","Fabales","Fabaceae","Collaea","species","(Loisel.) DC.","ACCEPTED",,,"Collaea speciosa (Loisel.) DC.",,,,"Collaea speciosa","Collaea speciosa",,,"https://images.cria.org.br/viewer/HUEFS0262177",,,,"GBIF","HUEFS",,"Lima, J.I.","1219",,"Administrador","2022",,"Lima",,"brazil","sao paulo","sao jose do barreiro","subida para o parque nacional da serra da bocaina",,"locality","brazil_sao paulo_sao jose barreiro","brazil_sao paulo_sao jose barreiro",-22.74888367,-44.58687717,"county",687607,"Collaea speciosa","(Loisel.) DC.","name_w_authors","Fabaceae","Collaea speciosa","(Loisel.) DC.","species","name accepted","bfo-29551",,,"Collaea speciosa (Loisel.) DC.","Collaea","Fabaceae","brazil_sao paulo_sao jose barreiro","Brazil","São Paulo","São José do Barreiro",,"ibge",TRUE,-22.639999,-44.57,"coord_original","miliseconds","high","Collaea speciosa","check_local.2municip.","ok_county",,FALSE,"no_cannot_check","full_name_match","HUEFS_262177","HUEFS_262177|RB_177226|RBR_57077","1","0.25","RB_177226","RBR_57077","RBR_57077","plantr_exact","High","PARQUE NACIONAL SERRA DA BOCAINA"
,,,,"JBRJ","RB","RB - Rio de Janeiro Botanical Garden Herbarium Collection","PRESERVED_SPECIMEN","RB01457764","1552","C.Mynssen; V.Lino",,"2021-12-14","2021","12","14",,,,"Brasil","BR","São Paulo",,"São José do Barreiro","Trilha a partir da estrada para a Cacheira das Posses. Parque Nacional da Serra da Bocaina",,,"-22.755278","-44.624167",,"22º45´19´´","44º37´27´´W",,,,,"Polyphlebium angustatum (Carmich.) Ebihara & Dubuisson","Polypodiopsida","Hymenophyllales","Hymenophyllaceae","Polyphlebium","species","(Carmich.) Ebihara & Dubuisson","ACCEPTED",,,"Polyphlebium angustatum (Carmich.) Ebihara & Dubuisson",,,,"Polyphlebium angustatum (Carmich.) Ebihara & Dubuisson","Polyphlebium angustatum",,,"jbrj-public-img.s3-sa-east-1.amazonaws.com/JPG/rb/1/45/77/64/01457764.jpg",,,,"GBIF","RB",,"Mynssen, C.","1552","2021",,,"Lino, V.","Mynssen",,"brazil","sao paulo","sao jose do barreiro","trilha a partir da estrada para a cacheira das posses, parque nacional da serra da bocaina","trilha a partir da estrada para a cacheira das posses","locality","brazil_sao paulo_sao jose barreiro","brazil_sao paulo_sao jose barreiro",-22.74888367,-44.58687717,"county",581964,"Polyphlebium angustatum","(Carmich.) Ebihara & Dubuisson","name_w_authors","Hymenophyllaceae","Polyphlebium angustatum","(Carmich.) Ebihara & Dubuisson","species","name accepted","bfo-91225",,,"Polyphlebium angustatum (Carmich.) Ebihara & Dubuisson","Polyphlebium","Hymenophyllaceae","brazil_sao paulo_sao jose barreiro","Brazil","São Paulo","São José do Barreiro",,"ibge",TRUE,-22.755278,-44.624167,"coord_original","seconds","high","Polyphlebium angustatum","check_local.2municip.","ok_county",,FALSE,"ok_dist","full_name_match","RB_1457764","RB_1457764[virtual]","4","1",,"RB_1457764","RB_1457764","plantr_exact","High","PARQUE NACIONAL SERRA DA BOCAINA"
,,,,"JBRJ","RB","RB - Rio de Janeiro Botanical Garden Herbarium Collection","PRESERVED_SPECIMEN","RB01457755","1549","C.Mynssen; V.Lino",,"2021-12-14","2021","12","14",,,,"Brasil","BR","São Paulo",,"São José do Barreiro","Trilha para a Cacheira Santo Izidro. Parque Nacional da Serra da Bocaina",,,"-22.748055","-44.616111",,"22º44´53´´","44º36´58´´W",,,,,"Diplazium leptocarpon Fée","Polypodiopsida","Polypodiales","Athyriaceae","Diplazium","species","Fée","ACCEPTED",,,"Diplazium leptocarpon Fée",,,,"Diplazium leptocarpon Fée","Diplazium leptocarpon",,,"jbrj-public-img.s3-sa-east-1.amazonaws.com/JPG/rb/1/45/77/55/01457755.jpg|jbrj-public-img.s3-sa-east-1.amazonaws.com/JPG/rb/1/45/77/55/01457755-1.jpg",,,,"GBIF","RB",,"Mynssen, C.","1549","2021",,,"Lino, V.","Mynssen",,"brazil","sao paulo","sao jose do barreiro","parque nacional da serra da bocaina","trilha para a cacheira santo izidro","locality","brazil_sao paulo_sao jose barreiro_parque nacional serra bocaina","brazil_sao paulo_sao jose barreiro_parque nacional serra bocaina",-22.74484201,-44.61460885,"locality",581983,"Diplazium leptocarpon","Fée","name_w_authors","Athyriaceae","Diplazium leptocarpon","Fée","species","name accepted","bfo-92320",,,"Diplazium leptocarpon Fée","Diplazium","Athyriaceae","brazil_sao paulo_sao jose barreiro","Brazil","São Paulo","São José do Barreiro",,"ibge",TRUE,-22.748055,-44.616111,"coord_original","seconds","high","Diplazium leptocarpon","ok_same_resolution","ok_county",,FALSE,"ok_dist","full_name_match","RB_1457755","RB_1457755[virtual]","4","1",,"RB_1457755","RB_1457755","plantr_exact","High","PARQUE NACIONAL SERRA DA BOCAINA"
,,,,"JBRJ","RB","RB - Rio de Janeiro Botanical Garden Herbarium Collection","PRESERVED_SPECIMEN","RB01456024","410","V. Lino; C. Mynssen",,"2021-12-15","2021","12","15",,,,"Brasil","BR","São Paulo",,"Areias","Trilha para o Pico do Tira Chapéu. Sobre árvore na trilha. Parque Nacional da Serra da Bocaina",,,"-22.764444","-44.658611",,"22º45´52´´","44º39´31´´W",,,,,"Vittaria J.E.Sm.","Polypodiopsida","Polypodiales","Pteridaceae","Vittaria","genus",,"ACCEPTED",,,"Vittaria J.E.Sm.",,,,"Vittaria",,,,"jbrj-public-img.s3-sa-east-1.amazonaws.com/JPG/rb/1/45/60/24/01456024.jpg",,,,"GBIF","RB",,"Lino, V.","410","2021",,,"Mynssen, C.","Lino",,"brazil","sao paulo","areias","parque nacional da serra da bocaina","trilha para o pico do tira chapeu","locality","brazil_sao paulo_areias","brazil_sao paulo_areias",-22.67280379,-44.7121924,"county",1649499,"Vittaria","Sm.","name_w_authors","Pteridaceae","Vittaria","Sm.","genus","author misspelled","bfo-92016",,,"Vittaria Sm.","Vittaria","Pteridaceae","brazil_sao paulo_areias","Brazil","São Paulo","Areias",,"ibge",TRUE,-22.764444,-44.658611,"coord_original","seconds","high",,"check_local.2municip.","ok_county",,FALSE,"no_cannot_check","full_name_match","RB_1456024","RB_1456024[virtual]","4","1",,"RB_1456024","RB_1456024","plantr_exact","High","PARQUE NACIONAL SERRA DA BOCAINA"
,,,,"JBRJ","RB","RB - Rio de Janeiro Botanical Garden Herbarium Collection","PRESERVED_SPECIMEN","RB01457761","1554","C.Mynssen; V.Lino",,"2021-12-15","2021","12","15",,,,"Brasil","BR","São Paulo",,"São José do Barreiro","Trilha a partir da estrada para a Cacheira das Posses. Parque Nacional da Serra da Bocaina",,,"-22.745555","-44.639444",,"22º44´44´´","44º38´22´´W",,,,,"Peltaea (J.Presl) Standl.","Magnoliopsida","Malvales","Malvaceae","Peltaea","genus",,"ACCEPTED",,,"Peltaea (J.Presl) Standl.",,,,"Peltaea",,,,"jbrj-public-img.s3-sa-east-1.amazonaws.com/JPG/rb/1/45/77/61/01457761.jpg",,,,"GBIF","RB",,"Mynssen, C.","1554","2021",,,"Lino, V.","Mynssen",,"brazil","sao paulo","sao jose do barreiro","trilha a partir da estrada para a cacheira das posses, parque nacional da serra da bocaina","trilha a partir da estrada para a cacheira das posses","locality","brazil_sao paulo_sao jose barreiro","brazil_sao paulo_sao jose barreiro",-22.74888367,-44.58687717,"county",1649625,"Peltaea","(C.Presl) Standl.","name_w_authors","Malvaceae","Peltaea","(C.Presl) Standl.","genus","author misspelled","bfo-9184",,,"Peltaea (C.Presl) Standl.","Peltaea","Malvaceae","brazil_sao paulo_sao jose barreiro","Brazil","São Paulo","São José do Barreiro",,"ibge",TRUE,-22.745555,-44.639444,"coord_original","seconds","high",,"check_local.2municip.","ok_county",,FALSE,"no_cannot_check","full_name_match","RB_1457761","RB_1457761[virtual]","4","1",,"RB_1457761","RB_1457761","plantr_exact","High","PARQUE NACIONAL SERRA DA BOCAINA"
,,,,"JBRJ","RB","RB - Rio de Janeiro Botanical Garden Herbarium Collection","PRESERVED_SPECIMEN","RB01450957","379","V. Lino; C. Mynssen",,"2021-12-14","2021","12","14",,,,"Brasil","BR","São Paulo",,"São José do Barreiro","Trilha ao lado direito da foz da Cachoeira Santo Izidro. Próximo ao barranco da margem do rio. Parque Nacional da Serra da Bocaina",,,"-22.734722","-44.616389",,"22º44´5´´","44º36´59´´W",,,,,"Mitracarpus Zucc.","Magnoliopsida","Gentianales","Rubiaceae","Mitracarpus","genus",,"ACCEPTED",,,"Mitracarpus Zucc.",,,,"Mitracarpus",,,,,,,,"GBIF","RB",,"Lino, V.","379","2021",,,"Mynssen, C.","Lino",,"brazil","sao paulo","sao jose do barreiro","parque nacional da serra da bocaina","trilha ao lado direito da foz da cachoeira santo izidro","locality","brazil_sao paulo_sao jose barreiro_parque nacional serra bocaina","brazil_sao paulo_sao jose barreiro_parque nacional serra bocaina",-22.74484201,-44.61460885,"locality",1649419,"Mitracarpus","Zucc. ex Schult. & Schult.f.","name_w_authors","Rubiaceae","Mitracarpus","Zucc. ex Schult. & Schult.f.","genus","author misspelled","bfo-14117",,,"Mitracarpus Zucc. ex Schult. & Schult.f.","Mitracarpus","Rubiaceae","brazil_sao paulo_sao jose barreiro","Brazil","São Paulo","São José do Barreiro",,"ibge",TRUE,-22.734722,-44.616389,"coord_original","seconds","high",,"ok_same_resolution","ok_county",,FALSE,"no_cannot_check","full_name_match","RB_1450957","RB_1450957[virtual]","4","1",,"RB_1450957","RB_1450957","plantr_exact","High","PARQUE NACIONAL SERRA DA BOCAINA"
,,,,"JBRJ","RB","RB - Rio de Janeiro Botanical Garden Herbarium Collection","PRESERVED_SPECIMEN","RB01450961","402","V. Lino; C. Mynssen",,"2021-12-15","2021","12","15",,,,"Brasil","BR","São Paulo",,"São José do Barreiro","Trilha para o Pico do Tira Chapéu. No solo, no campo aberto, após primeira mata. Parque Nacional da Serra da Bocaina",,,"-22.745555","-44.639444",,"22º44´44´´","44º38´22´´W",,,,,"Doryopteris J.Sm.","Polypodiopsida","Polypodiales","Pteridaceae","Doryopteris","genus",,"ACCEPTED",,,"Doryopteris J.Sm.",,,,"Doryopteris",,,,"jbrj-public-img.s3-sa-east-1.amazonaws.com/JPG/rb/1/45/9/61/01450961.jpg",,,,"GBIF","RB",,"Lino, V.","402","2021",,,"Mynssen, C.","Lino",,"brazil","sao paulo","sao jose do barreiro","parque nacional da serra da bocaina","trilha para o pico do tira chapeu","locality","brazil_sao paulo_sao jose barreiro_parque nacional serra bocaina","brazil_sao paulo_sao jose barreiro_parque nacional serra bocaina",-22.74484201,-44.61460885,"locality",1649418,"Doryopteris","J. Sm.","name_w_authors","Pteridaceae","Doryopteris","J. Sm.","genus","name accepted","bfo-91895",,,"Doryopteris J. Sm.","Doryopteris","Pteridaceae","brazil_sao paulo_sao jose barreiro","Brazil","São Paulo","São José do Barreiro",,"ibge",TRUE,-22.745555,-44.639444,"coord_original","seconds","high",,"ok_same_resolution","ok_county",,FALSE,"no_cannot_check","full_name_match","RB_1450961","RB_1450961[virtual]","4","1",,"RB_1450961","RB_1450961","plantr_exact","High","PARQUE NACIONAL SERRA DA BOCAINA"
,,,,"JBRJ","RB","RB - Rio de Janeiro Botanical Garden Herbarium Collection","PRESERVED_SPECIMEN","RB01473156","381","V. Lino; C. Mynssen",,"2021-12-14","2021","12","14",,,,"Brasil","BR","São Paulo",,"São José do Barreiro","Em barranco lateral (de rocha e barro) da trilha para a Cachoeira Santo Izidro. Parque Nacional da Serra da Bocaina",,,"-22.748055","-44.616111",,"22º44´53´´","44º36´58´´W",,"Alejandra Vasco","2024-10-30",,"Elaphoglossum burchellii (Baker) C.Chr.","Polypodiopsida","Polypodiales","Dryopteridaceae","Elaphoglossum","species","(Baker) C.Chr.","ACCEPTED",,,"Elaphoglossum burchellii (Baker) C.Chr.",,,,"Elaphoglossum burchellii (Baker) C.Chr.","Elaphoglossum burchellii",,,"jbrj-public-img.s3-sa-east-1.amazonaws.com/JPG/rb/1/47/31/56/01473156.jpg",,,,"GBIF","RB",,"Lino, V.","381","2021","Vasco, A.","2024","Mynssen, C.","Lino",,"brazil","sao paulo","sao jose do barreiro","parque nacional da serra da bocaina","em barranco lateral","locality","brazil_sao paulo_sao jose barreiro_parque nacional serra bocaina","brazil_sao paulo_sao jose barreiro_parque nacional serra bocaina",-22.74484201,-44.61460885,"locality",639269,"Elaphoglossum burchellii","(Baker) C.Chr.","name_w_authors","Dryopteridaceae","Elaphoglossum burchellii","(Baker) C.Chr.","species","name accepted","bfo-91015",,,"Elaphoglossum burchellii (Baker) C.Chr.","Elaphoglossum","Dryopteridaceae","brazil_sao paulo_sao jose barreiro","Brazil","São Paulo","São José do Barreiro",,"ibge",TRUE,-22.748055,-44.616111,"coord_original","seconds","high","Elaphoglossum burchellii","ok_same_resolution","ok_county",,FALSE,"ok_dist","full_name_match","RB_1473156","RB_1473156[virtual]","4","1","RB_1473156","RB_1473156","RB_1473156","plantr_exact","High","PARQUE NACIONAL SERRA DA BOCAINA"
,,,,"JBRJ","RB","RB - Rio de Janeiro Botanical Garden Herbarium Collection","PRESERVED_SPECIMEN","RB01450958","380","V. Lino; C. Mynssen",,"2021-12-14","2021","12","14",,,,"Brasil","BR","São Paulo",,"São José do Barreiro","Trilha ao lado direito da foz da Cachoeira Santo Izidro. Próximo ao barranco da margem do rio. Parque Nacional da Serra da Bocaina",,,"-22.734722","-44.616389",,"22º44´5´´","44º36´59´´W",,"Mario Gomes","2023-02-07",,"Palicourea quadrifolia (Rudge) DC.","Magnoliopsida","Gentianales","Rubiaceae","Palicourea","species","(Rudge) DC.","ACCEPTED",,,"Palicourea quadrifolia (Rudge) DC.",,,,"Palicourea quadrifolia (Rudge) DC.","Palicourea quadrifolia",,,,,,,"GBIF","RB",,"Lino, V.","380","2021","Gomes, M.","2023","Mynssen, C.","Lino",,"brazil","sao paulo","sao jose do barreiro","parque nacional da serra da bocaina","trilha ao lado direito da foz da cachoeira santo izidro","locality","brazil_sao paulo_sao jose barreiro_parque nacional serra bocaina","brazil_sao paulo_sao jose barreiro_parque nacional serra bocaina",-22.74484201,-44.61460885,"locality",579665,"Palicourea quadrifolia","(Rudge) DC.","name_w_authors","Rubiaceae","Palicourea quadrifolia","(Rudge) DC.","species","name accepted","bfo-24513",,,"Palicourea quadrifolia (Rudge) DC.","Palicourea","Rubiaceae","brazil_sao paulo_sao jose barreiro","Brazil","São Paulo","São José do Barreiro",,"ibge",TRUE,-22.734722,-44.616389,"coord_original","seconds","high","Palicourea quadrifolia","ok_same_resolution","ok_county",,,"bad_dist","full_name_match","RB_1450958","RB_1450958[virtual]","4","1","RB_1450958","RB_1450958","RB_1450958","plantr_exact","High","PARQUE NACIONAL SERRA DA BOCAINA"
,,,,"JBRJ","RB","RB - Rio de Janeiro Botanical Garden Herbarium Collection","PRESERVED_SPECIMEN","RB01456026","419","V. Lino; C. Mynssen",,"2021-12-16","2021","12","16",,,,"Brasil","BR","São Paulo",,"São José do Barreiro","Em barranco na Estrada para a Pousada Conde D´eu. Parque Nacional da Serra da Bocaina",,,"-22.723056","-44.630278",,"22º43´23´´","44º37´49´´W",,"V. Lino","2022-03-02",,"Tryonia myriophylla (Sw.) Schuettp., J.Prado & A.T.Cochran","Polypodiopsida","Polypodiales","Pteridaceae","Tryonia","species","(Sw.) Schuettp., J.Prado & A.T.Cochran","ACCEPTED",,,"Tryonia myriophylla (Sw.) Schuettp., J.Prado & A.T.Cochran",,,,"Tryonia myriophylla (Sw.) Schuettp., J.Prado & A.T.Cochran","Tryonia myriophylla",,,"jbrj-public-img.s3-sa-east-1.amazonaws.com/JPG/rb/1/45/60/26/01456026-1.jpg|jbrj-public-img.s3-sa-east-1.amazonaws.com/JPG/rb/1/45/60/26/01456026.jpg",,,,"GBIF","RB",,"Lino, V.","419","2021","Lino, V.","2022","Mynssen, C.","Lino",,"brazil","sao paulo","sao jose do barreiro","em barranco na estrada para a pousada conde d´eu, parque nacional da serra da bocaina","em barranco na estrada para a pousada conde d´eu","locality","brazil_sao paulo_sao jose barreiro","brazil_sao paulo_sao jose barreiro",-22.74888367,-44.58687717,"county",580723,"Tryonia myriophylla","(Sw.) Schuettp., J.Prado & A.T.Cochran","name_w_authors","Pteridaceae","Tryonia myriophylla","(Sw.) Schuettp., J.Prado & A.T.Cochran","species","name accepted","bfo-130513",,,"Tryonia myriophylla (Sw.) Schuettp., J.Prado & A.T.Cochran","Tryonia","Pteridaceae","brazil_sao paulo_sao jose barreiro","Brazil","São Paulo","São José do Barreiro",,"ibge",TRUE,-22.723056,-44.630278,"coord_original","seconds","high","Tryonia myriophylla","check_local.2municip.","ok_county",,FALSE,"ok_dist","full_name_match","RB_1456026","RB_1456026[virtual]","4","1","RB_1456026","RB_1456026","RB_1456026","plantr_exact","High","PARQUE NACIONAL SERRA DA BOCAINA"
,,,,"JBRJ","RB","RB - Rio de Janeiro Botanical Garden Herbarium Collection","PRESERVED_SPECIMEN","RB01456025","375","V. Lino; C. Mynssen",,"2021-12-14","2021","12","14",,,,"Brasil","BR","São Paulo",,"São José do Barreiro","Trilha ao lado direito da foz da Cachoeira Santo Izidro. Sobre Alsophila, à margem do rio. Parque Nacional da Serra da Bocaina",,,"-22.711389","-44.650556",,"22º42´41´´","44º39´2´´W",,"V. Lino","2022-02-24",,"Asplenium jucundum Fée","Polypodiopsida","Polypodiales","Aspleniaceae","Asplenium","species","Fée","SYNONYM",,,"Asplenium harpeodes var. jucundum (Fée) Hieron.",,,,"Asplenium jucundum Fée","Asplenium harpeodes",,,"jbrj-public-img.s3-sa-east-1.amazonaws.com/JPG/rb/1/45/60/25/01456025.jpg",,,,"GBIF","RB",,"Lino, V.","375","2021","Lino, V.","2022","Mynssen, C.","Lino",,"brazil","sao paulo","sao jose do barreiro","parque nacional da serra da bocaina","trilha ao lado direito da foz da cachoeira santo izidro","locality","brazil_sao paulo_sao jose barreiro_parque nacional serra bocaina","brazil_sao paulo_sao jose barreiro_parque nacional serra bocaina",-22.74484201,-44.61460885,"locality",580714,"Asplenium jucundum","Fée","name_w_authors","Aspleniaceae","Asplenium jucundum","Fée","species","name accepted","bfo-125576",,,"Asplenium jucundum Fée","Asplenium","Aspleniaceae","brazil_sao paulo_sao jose barreiro","Brazil","São Paulo","São José do Barreiro",,"ibge",TRUE,-22.711389,-44.650556,"coord_original","seconds","high","Asplenium jucundum","ok_same_resolution","ok_county",,FALSE,"ok_dist","full_name_match","RB_1456025","RB_1456025[virtual]","4","1","RB_1456025","RB_1456025","RB_1456025","plantr_exact","High","PARQUE NACIONAL SERRA DA BOCAINA"
,,,,"JBRJ","RB","RB - Rio de Janeiro Botanical Garden Herbarium Collection","PRESERVED_SPECIMEN","RB01458546","414","V. Lino; C. Mynssen",,"2021-12-16","2021","12","16",,,,"Brasil","BR","São Paulo",,"São José do Barreiro","No interior da mata, na Estrada para a Pousada Conde D´eu. Parque Nacional da Serra da Bocaina",,,"-22.723056","-44.630556",,"22º43´23´´","44º37´50´´W",,"V. Lino","2022-03-31",,"Asplenium harpeodes Kunze","Polypodiopsida","Polypodiales","Aspleniaceae","Asplenium","species","Kunze","ACCEPTED",,,"Asplenium harpeodes Kunze",,,,"Asplenium harpeodes Kunze","Asplenium harpeodes",,,"jbrj-public-img.s3-sa-east-1.amazonaws.com/JPG/rb/1/45/85/46/01458546.jpg",,,,"GBIF","RB",,"Lino, V.","414","2021","Lino, V.","2022","Mynssen, C.","Lino",,"brazil","sao paulo","sao jose do barreiro","na estrada para a pousada conde d´eu, parque nacional da serra da bocaina","no interior da mata","locality","brazil_sao paulo_sao jose barreiro","brazil_sao paulo_sao jose barreiro",-22.74888367,-44.58687717,"county",581982,"Asplenium harpeodes","Kunze","name_w_authors","Aspleniaceae","Asplenium harpeodes","Kunze","species","name accepted","bfo-90718",,,"Asplenium harpeodes Kunze","Asplenium","Aspleniaceae","brazil_sao paulo_sao jose barreiro","Brazil","São Paulo","São José do Barreiro",,"ibge",TRUE,-22.723056,-44.630556,"coord_original","seconds","high","Asplenium harpeodes","check_local.2municip.","ok_county",,FALSE,"ok_dist","full_name_match","RB_1458546","RB_1458546|UPCB_101514|UPCB_50674","4","1","RB_1458546","RB_1458546","RB_1458546","plantr_exact","High","PARQUE NACIONAL SERRA DA BOCAINA"
,,,,"JBRJ","RB","RB - Rio de Janeiro Botanical Garden Herbarium Collection","PRESERVED_SPECIMEN","RB01450998","395","V. Lino; C. Mynssen",,"2021-12-14","2021","12","14",,,,"Brasil","BR","São Paulo",,"São José do Barreiro","Na beira da trilha, início da Trilha que leva à ""Mata de Dicksonias"". Parque Nacional da Serra da Bocaina",,,"-22.753889","-44.618889",,"22º45´14´´","44º37´8´´W",,"V. Lino","2021-12-22",,"Polystichum platylepis Fée","Polypodiopsida","Polypodiales","Dryopteridaceae","Polystichum","species","Fée","ACCEPTED",,,"Polystichum platylepis Fée",,,,"Polystichum platylepis Fée","Polystichum platylepis",,,"jbrj-public-img.s3-sa-east-1.amazonaws.com/JPG/rb/1/45/9/98/01450998-2.jpg|jbrj-public-img.s3-sa-east-1.amazonaws.com/JPG/rb/1/45/9/98/01450998-1.jpg|jbrj-public-img.s3-sa-east-1.amazonaws.com/JPG/rb/1/45/9/98/01450998.jpg",,,,"GBIF","RB",,"Lino, V.","395","2021","Lino, V.","2021","Mynssen, C.","Lino",,"brazil","sao paulo","sao jose do barreiro","parque nacional da serra da bocaina","na beira da trilha","locality","brazil_sao paulo_sao jose barreiro_parque nacional serra bocaina","brazil_sao paulo_sao jose barreiro_parque nacional serra bocaina",-22.74484201,-44.61460885,"locality",579661,"Polystichum platylepis","Fée","name_w_authors","Dryopteridaceae","Polystichum platylepis","Fée","species","name accepted","bfo-116261",,,"Polystichum platylepis Fée","Polystichum","Dryopteridaceae","brazil_sao paulo_sao jose barreiro","Brazil","São Paulo","São José do Barreiro",,"ibge",TRUE,-22.753889,-44.618889,"coord_original","seconds","high","Polystichum platylepis","ok_same_resolution","ok_county",,FALSE,"ok_dist","full_name_match","RB_1450998","FCAB_8346|RB_1450998","4","1","RB_1450998","RB_1450998","RB_1450998","plantr_exact","High","PARQUE NACIONAL SERRA DA BOCAINA"
,,,,"JBRJ","RB","RB - Rio de Janeiro Botanical Garden Herbarium Collection","PRESERVED_SPECIMEN","RB01450999","390","V. Lino; C. Mynssen",,"2021-12-14","2021","12","14",,,,"Brasil","BR","São Paulo",,"São José do Barreiro","No solo no interior da mata. Trilha que leva à ""Mata de Dicksonias"". Parque Nacional da Serra da Bocaina",,,"-22.755278","-44.624167",,"22º45´19´´","44º37´27´´W",,"V. Lino","2021-12-14",,"Asplenium uniseriale Raddi","Polypodiopsida","Polypodiales","Aspleniaceae","Asplenium","species","Raddi","ACCEPTED",,,"Asplenium uniseriale Raddi",,,,"Asplenium uniseriale Raddi","Asplenium uniseriale",,,"jbrj-public-img.s3-sa-east-1.amazonaws.com/JPG/rb/1/45/9/99/01450999-1.jpg|jbrj-public-img.s3-sa-east-1.amazonaws.com/JPG/rb/1/45/9/99/01450999.jpg",,,,"GBIF","RB",,"Lino, V.","390","2021","Lino, V.","2021","Mynssen, C.","Lino",,"brazil","sao paulo","sao jose do barreiro","parque nacional da serra da bocaina","no solo no interior da mata","locality","brazil_sao paulo_sao jose barreiro_parque nacional serra bocaina","brazil_sao paulo_sao jose barreiro_parque nacional serra bocaina",-22.74484201,-44.61460885,"locality",579682,"Asplenium uniseriale","Raddi","name_w_authors","Aspleniaceae","Asplenium uniseriale","Raddi","species","name accepted","bfo-90758",,,"Asplenium uniseriale Raddi","Asplenium","Aspleniaceae","brazil_sao paulo_sao jose barreiro","Brazil","São Paulo","São José do Barreiro",,"ibge",TRUE,-22.755278,-44.624167,"coord_original","seconds","high","Asplenium uniseriale","ok_same_resolution","ok_county",,FALSE,"ok_dist","full_name_match","RB_1450999","RB_1450999[virtual]","4","1","RB_1450999","RB_1450999","RB_1450999","plantr_exact","High","PARQUE NACIONAL SERRA DA BOCAINA"
,,,,"JBRJ","RB","RB - Rio de Janeiro Botanical Garden Herbarium Collection","PRESERVED_SPECIMEN","RB01454655","383","V. Lino; C. Mynssen",,"2021-12-14","2021","12","14",,,,"Brasil","BR","São Paulo",,"São José do Barreiro","Mata antes da descida da trilha para a Cachoeira Santo Izidro. Sobre Cyatheaceae. Parque Nacional da Serra da Bocaina",,,"-22.748055","-44.616111",,"22º44´53´´","44º36´58´´W",,"V. Lino","2021-12-14",,"Asplenium scandicinum Kaulf.","Polypodiopsida","Polypodiales","Aspleniaceae","Asplenium","species","Kaulf.","ACCEPTED",,,"Asplenium scandicinum Kaulf.",,,,"Asplenium scandicinum Kaulf.","Asplenium scandicinum",,,,,,,"GBIF","RB",,"Lino, V.","383","2021","Lino, V.","2021","Mynssen, C.","Lino",,"brazil","sao paulo","sao jose do barreiro","mata antes da descida da trilha para a cachoeira santo izidro, parque nacional da serra da bocaina","mata antes da descida da trilha para a cachoeira santo izidro","locality","brazil_sao paulo_sao jose barreiro","brazil_sao paulo_sao jose barreiro",-22.74888367,-44.58687717,"county",580726,"Asplenium scandicinum","Kaulf.","name_w_authors","Aspleniaceae","Asplenium scandicinum","Kaulf.","species","name accepted","bfo-90768",,,"Asplenium scandicinum Kaulf.","Asplenium","Aspleniaceae","brazil_sao paulo_sao jose barreiro","Brazil","São Paulo","São José do Barreiro",,"ibge",TRUE,-22.748055,-44.616111,"coord_original","seconds","high","Asplenium scandicinum","check_local.2municip.","ok_county",,FALSE,"ok_dist","full_name_match","RB_1454655","RB_1454655[virtual]","4","1","RB_1454655","RB_1454655","RB_1454655","plantr_exact","High","PARQUE NACIONAL SERRA DA BOCAINA"
,,,,"JBRJ","RB","RB - Rio de Janeiro Botanical Garden Herbarium Collection","PRESERVED_SPECIMEN","RB01454656","386","V. Lino; C. Mynssen",,"2021-12-14","2021","12","14",,,,"Brasil","BR","São Paulo",,"São José do Barreiro","No solo, no interior da mata antes da descida da trilha para a Cachoeira Santo Izidro. Parque Nacional da Serra da Bocaina",,,"-22.748055","-44.616111",,"22º44´53´´","44º36´58´´W",,"V. Lino","2021-12-14",,"Asplenium pseudonitidum Raddi","Polypodiopsida","Polypodiales","Aspleniaceae","Asplenium","species","Raddi","ACCEPTED",,,"Asplenium pseudonitidum Raddi",,,,"Asplenium pseudonitidum Raddi","Asplenium pseudonitidum",,,,,,,"GBIF","RB",,"Lino, V.","386","2021","Lino, V.","2021","Mynssen, C.","Lino",,"brazil","sao paulo","sao jose do barreiro","parque nacional da serra da bocaina","no solo","locality","brazil_sao paulo_sao jose barreiro_parque nacional serra bocaina","brazil_sao paulo_sao jose barreiro_parque nacional serra bocaina",-22.74484201,-44.61460885,"locality",580717,"Asplenium pseudonitidum","Raddi","name_w_authors","Aspleniaceae","Asplenium pseudonitidum","Raddi","species","name accepted","bfo-90745",,,"Asplenium pseudonitidum Raddi","Asplenium","Aspleniaceae","brazil_sao paulo_sao jose barreiro","Brazil","São Paulo","São José do Barreiro",,"ibge",TRUE,-22.748055,-44.616111,"coord_original","seconds","high","Asplenium pseudonitidum","ok_same_resolution","ok_county",,FALSE,"ok_dist","full_name_match","RB_1454656","RB_1454656[virtual]","4","1","RB_1454656","RB_1454656","RB_1454656","plantr_exact","High","PARQUE NACIONAL SERRA DA BOCAINA"
,,,,"JBRJ","RB","RB - Rio de Janeiro Botanical Garden Herbarium Collection","PRESERVED_SPECIMEN","RB01451000","392","V. Lino; C. Mynssen",,"2021-12-14","2021","12","14",,,,"Brasil","BR","São Paulo",,"São José do Barreiro","Na beira da trilha, após ""Mata de Dicksonias"". Parque Nacional da Serra da Bocaina",,,"-22.756944","-44.624167",,"22º45´25´´","44º37´27´´W",,"V. Lino","2021-12-14",,"Asplenium kunzeanum Klotzsch ex Rosenst.","Polypodiopsida","Polypodiales","Aspleniaceae","Asplenium","species","Klotzsch ex Rosenst.","ACCEPTED",,,"Asplenium kunzeanum Klotzsch ex Rosenst.",,,,"Asplenium kunzeanum Klotzsch ex Rosenst.","Asplenium kunzeanum",,,"jbrj-public-img.s3-sa-east-1.amazonaws.com/JPG/rb/1/45/10/0/01451000.jpg",,,,"GBIF","RB",,"Lino, V.","392","2021","Lino, V.","2021","Mynssen, C.","Lino",,"brazil","sao paulo","sao jose do barreiro","parque nacional da serra da bocaina","na beira da trilha","locality","brazil_sao paulo_sao jose barreiro_parque nacional serra bocaina","brazil_sao paulo_sao jose barreiro_parque nacional serra bocaina",-22.74484201,-44.61460885,"locality",579675,"Asplenium kunzeanum","Klotzsch ex Rosenst.","name_w_authors","Aspleniaceae","Asplenium kunzeanum","Klotzsch ex Rosenst.","species","name accepted","bfo-90723",,,"Asplenium kunzeanum Klotzsch ex Rosenst.","Asplenium","Aspleniaceae","brazil_sao paulo_sao jose barreiro","Brazil","São Paulo","São José do Barreiro",,"ibge",TRUE,-22.756944,-44.624167,"coord_original","seconds","high","Asplenium kunzeanum","ok_same_resolution","ok_county",,FALSE,"ok_dist","full_name_match","RB_1451000","RB_1451000[virtual]","4","1","RB_1451000","RB_1451000","RB_1451000","plantr_exact","High","PARQUE NACIONAL SERRA DA BOCAINA"
,,,,"JBRJ","RB","RB - Rio de Janeiro Botanical Garden Herbarium Collection","PRESERVED_SPECIMEN","RB01451005","413","V. Lino; C. Mynssen",,"2021-12-16","2021","12","16",,,,"Brasil","BR","São Paulo",,"São José do Barreiro","Sobre árvore na beira da Estrada para a Pousada Conde D´eu. Parque Nacional da Serra da Bocaina",,,"-22.723333","-44.631667",,"22º43´24´´","44º37´54´´W",,"V. Lino","2021-12-16",,"Asplenium incurvatum Fée","Polypodiopsida","Polypodiales","Aspleniaceae","Asplenium","species","Fée","SYNONYM",,,"Asplenium serra var. incurvatum (Fée) Christ",,,,"Asplenium incurvatum Fée","Asplenium serra",,,"jbrj-public-img.s3-sa-east-1.amazonaws.com/JPG/rb/1/45/10/5/01451005.jpg",,,,"GBIF","RB",,"Lino, V.","413","2021","Lino, V.","2021","Mynssen, C.","Lino",,"brazil","sao paulo","sao jose do barreiro","sobre arvore na beira da estrada para a pousada conde d´eu, parque nacional da serra da bocaina","sobre arvore na beira da estrada para a pousada conde d´eu","locality","brazil_sao paulo_sao jose barreiro","brazil_sao paulo_sao jose barreiro",-22.74888367,-44.58687717,"county",579662,"Asplenium incurvatum","Fée","name_w_authors","Aspleniaceae","Asplenium incurvatum","Fée","species","name accepted","bfo-90721",,,"Asplenium incurvatum Fée","Asplenium","Aspleniaceae","brazil_sao paulo_sao jose barreiro","Brazil","São Paulo","São José do Barreiro",,"ibge",TRUE,-22.723333,-44.631667,"coord_original","seconds","high","Asplenium incurvatum","check_local.2municip.","ok_county",,FALSE,"ok_dist","full_name_match","RB_1451005","RB_1451005|UPCB_101155|UPCB_50739","4","1","RB_1451005","RB_1451005","RB_1451005","plantr_exact","High","PARQUE NACIONAL SERRA DA BOCAINA"
,,,,"JBRJ","RB","RB - Rio de Janeiro Botanical Garden Herbarium Collection","PRESERVED_SPECIMEN","RB01451001","385","V. Lino; C. Mynssen",,"2021-12-14","2021","12","14",,,,"Brasil","BR","São Paulo",,"São José do Barreiro","Mata antes da descida da trilha para a Cachoeira Santo Izidro. Em árvore. Parque Nacional da Serra da Bocaina",,,"-22.748055","-44.616111",,"22º44´53´´","44º36´58´´W",,"V. Lino","2021-12-14",,"Asplenium auritum Sw.","Polypodiopsida","Polypodiales","Aspleniaceae","Asplenium","species","Sw.","ACCEPTED",,,"Asplenium auritum Sw.",,,,"Asplenium auritum Sw.","Asplenium auritum",,,"jbrj-public-img.s3-sa-east-1.amazonaws.com/JPG/rb/1/45/10/1/01451001.jpg",,,,"GBIF","RB",,"Lino, V.","385","2021","Lino, V.","2021","Mynssen, C.","Lino",,"brazil","sao paulo","sao jose do barreiro","mata antes da descida da trilha para a cachoeira santo izidro, parque nacional da serra da bocaina","mata antes da descida da trilha para a cachoeira santo izidro","locality","brazil_sao paulo_sao jose barreiro","brazil_sao paulo_sao jose barreiro",-22.74888367,-44.58687717,"county",579666,"Asplenium auritum","Sw.","name_w_authors","Aspleniaceae","Asplenium auritum","Sw.","species","name accepted","bfo-90679",,,"Asplenium auritum Sw.","Asplenium","Aspleniaceae","brazil_sao paulo_sao jose barreiro","Brazil","São Paulo","São José do Barreiro",,"ibge",TRUE,-22.748055,-44.616111,"coord_original","seconds","high","Asplenium auritum","check_local.2municip.","ok_county",,FALSE,"ok_dist","full_name_match","RB_1451001","RB_1451001[virtual]","4","1","RB_1451001","RB_1451001","RB_1451001","plantr_exact","High","PARQUE NACIONAL SERRA DA BOCAINA"
,,,,"JBRJ","RB","RB - Rio de Janeiro Botanical Garden Herbarium Collection","PRESERVED_SPECIMEN","RB01450997","393","V. Lino; C. Mynssen",,"2021-12-14","2021","12","14",,,,"Brasil","BR","São Paulo",,"São José do Barreiro","Na beira da trilha, após ""Mata de Dicksonias"". Parque Nacional da Serra da Bocaina",,,"-22.756944","-44.624167",,"22º45´25´´","44º37´27´´W",,"J. Külkamp","2021-12-22",,"Acalypha gracilis Spreng.","Magnoliopsida","Malpighiales","Euphorbiaceae","Acalypha","species","Spreng.","ACCEPTED",,,"Acalypha gracilis Spreng.",,,,"Acalypha gracilis Spreng.","Acalypha gracilis",,,"jbrj-public-img.s3-sa-east-1.amazonaws.com/JPG/rb/1/45/9/97/01450997.jpg",,,,"GBIF","RB",,"Lino, V.","393","2021","Kulkamp, J.","2021","Mynssen, C.","Lino",,"brazil","sao paulo","sao jose do barreiro","parque nacional da serra da bocaina","na beira da trilha","locality","brazil_sao paulo_sao jose barreiro_parque nacional serra bocaina","brazil_sao paulo_sao jose barreiro_parque nacional serra bocaina",-22.74484201,-44.61460885,"locality",579679,"Acalypha gracilis","Spreng.","name_w_authors","Euphorbiaceae","Acalypha gracilis","Spreng.","species","name accepted","bfo-29142",,,"Acalypha gracilis Spreng.","Acalypha","Euphorbiaceae","brazil_sao paulo_sao jose barreiro","Brazil","São Paulo","São José do Barreiro",,"ibge",TRUE,-22.756944,-44.624167,"coord_original","seconds","high","Acalypha gracilis","ok_same_resolution","ok_county",,FALSE,"ok_dist","full_name_match","RB_1450997","RB_1450997[virtual]","4","1","RB_1450997","RB_1450997","RB_1450997","plantr_exact","High","PARQUE NACIONAL SERRA DA BOCAINA"
,"Herbário Virtual REFLORA Disponível em: http://herbariovirtualreflora.jbrj.gov.br/reflora/herbarioVirtual/ConsultaPublicoHVUC/ConsultaPublicoHVUC.do?idTestemunho=5575365",,,"CEN","CEN",,"PRESERVED_SPECIMEN","CEN00113060","3503","João Aguiar Nogueira Batista",,"2018-02-01","2018","2","1","2018-02-01",,,"Brasil","BR","São Paulo",,"São José do Barreiro","Parque Nacional da Serra da Bocaina, Trilha do Ouro",,,,,,,,,"L. B. Bianchetti",,,"Maxillaria barbosae Loefgr.","Liliopsida","Asparagales","Orchidaceae","Maxillaria","species","Loefgr.","ACCEPTED",,,"Maxillaria barbosae Loefgr.",,,,"Maxillaria barbosae Loefgr.","Maxillaria barbosae",,"WGS84","jbrj-public.s3.amazonaws.com/fsi/server?type=image&source=DZI/cen/cen/0/11/30/60/cen00113060.dzi",,,,"GBIF","CEN",,"Batista, J.A.N.","3503","2018","Bianchetti, L.B.",,,"Batista",,"brazil","sao paulo","sao jose do barreiro","parque nacional da serra da bocaina",,"locality","brazil_sao paulo_sao jose barreiro_parque nacional serra bocaina","brazil_sao paulo_sao jose barreiro_parque nacional serra bocaina",-22.74484201,-44.61460885,"locality",563787,"Maxillaria barbosae","Loefgr.","name_w_authors","Orchidaceae","Maxillaria barbosae","Loefgr.","species","name accepted","bfo-20105",,,"Maxillaria barbosae Loefgr.","Maxillaria","Orchidaceae","brazil_sao paulo_sao jose barreiro","Brazil","São Paulo","São José do Barreiro",,"ibge",TRUE,-22.742222,-44.616111,"coord_original","seconds","high","Maxillaria barbosae","ok_same_resolution","ok_county",,FALSE,"ok_dist","full_name_match","CEN_113060","BHCB_195276|CEN_113060","4","1","CEN_113060","BHCB_195276","BHCB_195276","plantr_exact","High","PARQUE NACIONAL SERRA DA BOCAINA"
,"Herbário Virtual REFLORA Disponível em: http://herbariovirtualreflora.jbrj.gov.br/reflora/herbarioVirtual/ConsultaPublicoHVUC/ConsultaPublicoHVUC.do?idTestemunho=5575370",,,"CEN","CEN",,"PRESERVED_SPECIMEN","CEN00113065","3515","João Aguiar Nogueira Batista",,"2018-02-02","2018","2","2","2018-02-02",,,"Brasil","BR","São Paulo",,"São José do Barreiro","Parque Nacional da Serra da Bocaina, Triha para o Pico da Bacia",,,,,,,,,"J. A. N. Batista",,,"Habenaria guilleminii Rchb.f.","Liliopsida","Asparagales","Orchidaceae","Habenaria","species","Rchb.f.","ACCEPTED",,,"Habenaria guilleminii Rchb.f.",,,,"Habenaria guilleminii Rchb.f.","Habenaria guilleminii",,"WGS84","jbrj-public.s3.amazonaws.com/fsi/server?type=image&source=DZI/cen/cen/0/11/30/65/cen00113065.dzi",,,,"GBIF","CEN",,"Batista, J.A.N.","3515","2018","Batista, J.A.N.",,,"Batista",,"brazil","sao paulo","sao jose do barreiro","parque nacional da serra da bocaina",,"locality","brazil_sao paulo_sao jose barreiro_parque nacional serra bocaina","brazil_sao paulo_sao jose barreiro_parque nacional serra bocaina",-22.74484201,-44.61460885,"locality",563807,"Habenaria guilleminii","Rchb.f.","name_w_authors","Orchidaceae","Habenaria guilleminii","Rchb.f.","species","name accepted","bfo-31897",,,"Habenaria guilleminii Rchb.f.","Habenaria","Orchidaceae","brazil_sao paulo_sao jose barreiro","Brazil","São Paulo","São José do Barreiro",,"ibge",TRUE,-22.724722,-44.606944,"coord_original","seconds","high","Habenaria guilleminii","ok_same_resolution","ok_county",,FALSE,"ok_dist","full_name_match","CEN_113065","BHCB_195288|CEN_113065","3","0.75","CEN_113065","BHCB_195288","BHCB_195288","plantr_exact","High","PARQUE NACIONAL SERRA DA BOCAINA"
,"Herbário Virtual REFLORA Disponível em: http://herbariovirtualreflora.jbrj.gov.br/reflora/herbarioVirtual/ConsultaPublicoHVUC/ConsultaPublicoHVUC.do?idTestemunho=5575371",,,"CEN","CEN",,"PRESERVED_SPECIMEN","CEN00113066","3516","João Aguiar Nogueira Batista",,"2018-02-02","2018","2","2","2018-02-02",,,"Brasil","BR","São Paulo",,"São José do Barreiro","Parque Nacional da Serra da Bocaina, Triha para o Pico da Bacia",,,,,,,,,"J. A. N. Batista",,,"Habenaria alpestris Cogn.","Liliopsida","Asparagales","Orchidaceae","Habenaria","species","Cogn.","ACCEPTED",,,"Habenaria alpestris Cogn.",,,,"Habenaria alpestris Cogn.","Habenaria alpestris",,"WGS84","jbrj-public.s3.amazonaws.com/fsi/server?type=image&source=DZI/cen/cen/0/11/30/66/cen00113066.dzi",,,,"GBIF","CEN",,"Batista, J.A.N.","3516","2018","Batista, J.A.N.",,,"Batista",,"brazil","sao paulo","sao jose do barreiro","parque nacional da serra da bocaina",,"locality","brazil_sao paulo_sao jose barreiro_parque nacional serra bocaina","brazil_sao paulo_sao jose barreiro_parque nacional serra bocaina",-22.74484201,-44.61460885,"locality",563808,"Habenaria alpestris","Cogn.","name_w_authors","Orchidaceae","Habenaria alpestris","Cogn.","species","name accepted","bfo-11641",,,"Habenaria alpestris Cogn.","Habenaria","Orchidaceae","brazil_sao paulo_sao jose barreiro","Brazil","São Paulo","São José do Barreiro",,"ibge",TRUE,-22.724722,-44.599444,"coord_original","seconds","high","Habenaria alpestris","ok_same_resolution","ok_county",,FALSE,"ok_dist","full_name_match","CEN_113066","BHCB_195289|CEN_113066","3","0.75","CEN_113066","BHCB_195289","BHCB_195289","plantr_exact","High","PARQUE NACIONAL SERRA DA BOCAINA"
,,,,"JBRJ","RB","RB - Rio de Janeiro Botanical Garden Herbarium Collection","PRESERVED_SPECIMEN","RB01399283","4355","F.Gonzatti; D.Peralta e O.Britto","Solo arenoso em área alterada","2018-04-29","2018","4","29",,,"Solo arenoso em área alterada","Brasil","BR","São Paulo",,"São José do Barreiro","Parque Nacional da Serra da Bocaina.",,,"-22.733889","-44.616667",,"22º44´2´´","44º37´0´´W",,"J.Külkamp",,,"Euphorbia peperomioides Boiss.","Magnoliopsida","Malpighiales","Euphorbiaceae","Euphorbia","species","Boiss.","ACCEPTED",,,"Euphorbia peperomioides Boiss.",,,,"Euphorbia peperomioides Boiss.","Euphorbia peperomioides",,,"jbrj-public-img.s3-sa-east-1.amazonaws.com/JPG/rb/1/39/92/83/01399283.jpg",,,,"GBIF","RB",,"Gonzatti, F.","4355","2018","Kulkamp, J.",,"Peralta, D.; Britto, O.","Gonzatti",,"brazil","sao paulo","sao jose do barreiro","parque nacional da serra da bocaina",,"locality","brazil_sao paulo_sao jose barreiro_parque nacional serra bocaina","brazil_sao paulo_sao jose barreiro_parque nacional serra bocaina",-22.74484201,-44.61460885,"locality",293515,"Euphorbia peperomioides","Boiss.","name_w_authors","Euphorbiaceae","Euphorbia peperomioides","Boiss.","species","name accepted","bfo-29269",,,"Euphorbia peperomioides Boiss.","Euphorbia","Euphorbiaceae","brazil_sao paulo_sao jose barreiro","Brazil","São Paulo","São José do Barreiro",,"ibge",TRUE,-22.7338889,-44.6166667,"coord_original","miliseconds","high","Euphorbia peperomioides","ok_same_resolution","ok_county",,FALSE,"ok_dist","full_name_match","RB_1399283","HUCS_47643a|RB_1399283","4","1","RB_1399283","RB_1399283","RB_1399283","plantr_exact","High","PARQUE NACIONAL SERRA DA BOCAINA"
,"Herbário Virtual REFLORA Disponível em: http://herbariovirtualreflora.jbrj.gov.br/reflora/herbarioVirtual/ConsultaPublicoHVUC/ConsultaPublicoHVUC.do?idTestemunho=5575374",,,"CEN","CEN",,"PRESERVED_SPECIMEN","CEN00113069","3528","João Aguiar Nogueira Batista",,"2018-02-02","2018","2","2","2018-02-02",,,"Brasil","BR","São Paulo",,"São José do Barreiro","Parque Nacional da Serra da Bocaina, Triha para o Pico da Bacia",,,,,,,,,"J. A. N. Batista",,,"Anathallis rubens (Lindl.) Pridgeon & M.W.Chase","Liliopsida","Asparagales","Orchidaceae","Stelis","species","(Lindl.) Pridgeon & M.W.Chase","SYNONYM",,,"Stelis montserratii (Porsch) Karremans",,,,"Anathallis rubens (Lindl.) Pridgeon & M.W.Chase","Stelis montserratii",,"WGS84","jbrj-public.s3.amazonaws.com/fsi/server?type=image&source=DZI/cen/cen/0/11/30/69/cen00113069.dzi",,,,"GBIF","CEN",,"Batista, J.A.N.","3528","2018","Batista, J.A.N.",,,"Batista",,"brazil","sao paulo","sao jose do barreiro","parque nacional da serra da bocaina",,"locality","brazil_sao paulo_sao jose barreiro_parque nacional serra bocaina","brazil_sao paulo_sao jose barreiro_parque nacional serra bocaina",-22.74484201,-44.61460885,"locality",563803,"Anathallis rubens","(Lindl.) Pridgeon & M.W.Chase","name_w_authors","Orchidaceae","Anathallis rubens","(Lindl.) Pridgeon & M.W.Chase","species","name accepted","bfo-11118",,,"Anathallis rubens (Lindl.) Pridgeon & M.W.Chase","Anathallis","Orchidaceae","brazil_sao paulo_sao jose barreiro","Brazil","São Paulo","São José do Barreiro",,"ibge",TRUE,-22.725556,-44.609167,"coord_original","seconds","high","Anathallis rubens","ok_same_resolution","ok_county",,FALSE,"ok_dist","full_name_match","CEN_113069","BHCB_195301|CEN_113069","3","0.75","CEN_113069","BHCB_195301","BHCB_195301","plantr_exact","High","PARQUE NACIONAL SERRA DA BOCAINA"
,"Herbário Virtual REFLORA Disponível em: http://herbariovirtualreflora.jbrj.gov.br/reflora/herbarioVirtual/ConsultaPublicoHVUC/ConsultaPublicoHVUC.do?idTestemunho=5575362",,,"CEN","CEN",,"PRESERVED_SPECIMEN","CEN00113057","3505","João Aguiar Nogueira Batista",,"2018-02-01","2018","2","1","2018-02-01",,,"Brasil","BR","São Paulo",,"São José do Barreiro","Parque Nacional da Serra da Bocaina, Trilha do Ouro",,,,,,,,,,,,"Acianthera limae (Porto & Brade) Pridgeon & M.W.Chase","Liliopsida","Asparagales","Orchidaceae","Acianthera","species","(Porto & Brade) Pridgeon & M.W.Chase","ACCEPTED",,,"Acianthera limae (Porto & Brade) Pridgeon & M.W.Chase",,,,"Acianthera limae (Porto & Brade) Pridgeon & M.W.Chase","Acianthera limae",,"WGS84","jbrj-public.s3.amazonaws.com/fsi/server?type=image&source=DZI/cen/cen/0/11/30/57/cen00113057.dzi",,,,"GBIF","CEN",,"Batista, J.A.N.","3505","2018",,,,"Batista",,"brazil","sao paulo","sao jose do barreiro","parque nacional da serra da bocaina",,"locality","brazil_sao paulo_sao jose barreiro_parque nacional serra bocaina","brazil_sao paulo_sao jose barreiro_parque nacional serra bocaina",-22.74484201,-44.61460885,"locality",563786,"Acianthera limae","(Porto & Brade) Pridgeon & M.W.Chase","name_w_authors","Orchidaceae","Acianthera limae","(Porto & Brade) Pridgeon & M.W.Chase","species","name accepted","bfo-11024",,,"Acianthera limae (Porto & Brade) Pridgeon & M.W.Chase","Acianthera","Orchidaceae","brazil_sao paulo_sao jose barreiro","Brazil","São Paulo","São José do Barreiro",,"ibge",TRUE,-22.744444,-44.615556,"coord_original","seconds","high","Acianthera limae","ok_same_resolution","ok_county",,,"bad_dist","full_name_match","CEN_113057","BHCB_195278|CEN_113057","4","1","CEN_113057","BHCB_195278","BHCB_195278","plantr_exact","High","PARQUE NACIONAL SERRA DA BOCAINA"
,"Herbário Virtual REFLORA Disponível em: http://herbariovirtualreflora.jbrj.gov.br/reflora/herbarioVirtual/ConsultaPublicoHVUC/ConsultaPublicoHVUC.do?idTestemunho=5575367",,,"CEN","CEN",,"PRESERVED_SPECIMEN","CEN00113062","3508","João Aguiar Nogueira Batista",,"2018-02-01","2018","2","1","2018-02-01",,,"Brasil","BR","São Paulo",,"São José do Barreiro","Parque Nacional da Serra da Bocaina, Trilha do Ouro",,,,,,,,,,,,"Dryadella Luer","Liliopsida","Asparagales","Orchidaceae","Dryadella","genus",,"ACCEPTED",,,"Dryadella Luer",,,,"Dryadella",,,"WGS84","jbrj-public.s3.amazonaws.com/fsi/server?type=image&source=DZI/cen/cen/0/11/30/62/cen00113062.dzi",,,,"GBIF","CEN",,"Batista, J.A.N.","3508","2018",,,,"Batista",,"brazil","sao paulo","sao jose do barreiro","parque nacional da serra da bocaina",,"locality","brazil_sao paulo_sao jose barreiro_parque nacional serra bocaina","brazil_sao paulo_sao jose barreiro_parque nacional serra bocaina",-22.74484201,-44.61460885,"locality",1647574,"Dryadella","Luer","name_w_authors","Orchidaceae","Dryadella","Luer","genus","name accepted","bfo-11471",,,"Dryadella Luer","Dryadella","Orchidaceae","brazil_sao paulo_sao jose barreiro","Brazil","São Paulo","São José do Barreiro",,"ibge",TRUE,-22.752222,-44.619167,"coord_original","seconds","high",,"ok_same_resolution","ok_county",,FALSE,"no_cannot_check","full_name_match","CEN_113062","BHCB_195281|CEN_113062","4","1",,"BHCB_195281","BHCB_195281","plantr_exact","High","PARQUE NACIONAL SERRA DA BOCAINA"
,,"https://specieslink.net/col/220",,"UFMG","BHCB",,"PRESERVED_SPECIMEN","195296","3523","Batista, JAN; Cruz-Lustre, GM",,"2018-02-02","2018","2","2",,,,"Brasil","BR","São Paulo",,"São José do Barreiro","Parque Nacional da Serra da Bocaina, Triha para o Pico da Bacia",,,"-22.713611","-44.586944",,,,,,"2024-06-01",,"Malaxis jaraguae (Hoehne & Schltr.) Pabst","Liliopsida","Asparagales","Orchidaceae","Malaxis","species","(Hoehne & Schltr.) Pabst","ACCEPTED",,,"Malaxis jaraguae (Hoehne & Schltr.) Pabst",,,,"Malaxis jaraguae","Malaxis jaraguae",,"WGS84","https://images.cria.org.br/viewer/BHCB195296",,,,"GBIF","BHCB",,"Batista, J.A.N.","3523","2018",,"2024","Cruz-Lustre, G.M.","Batista",,"brazil","sao paulo","sao jose do barreiro","parque nacional da serra da bocaina",,"locality","brazil_sao paulo_sao jose barreiro_parque nacional serra bocaina","brazil_sao paulo_sao jose barreiro_parque nacional serra bocaina",-22.74484201,-44.61460885,"locality",571937,"Malaxis jaraguae","(Hoehne & Schltr.) Pabst","name_w_authors","Orchidaceae","Malaxis jaraguae","(Hoehne & Schltr.) Pabst","species","name accepted","bfo-11817",,,"Malaxis jaraguae (Hoehne & Schltr.) Pabst","Malaxis","Orchidaceae","brazil_sao paulo_sao jose barreiro","Brazil","São Paulo","São José do Barreiro",,"ibge",TRUE,-22.713611,-44.586944,"coord_original","seconds","high","Malaxis jaraguae","ok_same_resolution","ok_county",,FALSE,"ok_dist","full_name_match","BHCB_195296","BHCB_195296[virtual]","1","0.25","BHCB_195296","BHCB_195296","BHCB_195296","plantr_exact","High","PARQUE NACIONAL SERRA DA BOCAINA"
,,"https://specieslink.net/col/220",,"UFMG","BHCB",,"PRESERVED_SPECIMEN","195283","3510","Batista, JAN; Cruz-Lustre, GM",,"2018-02-01","2018","2","1",,,,"Brasil","BR","São Paulo",,"São José do Barreiro","Parque Nacional da Serra da Bocaina, Trilha do Ouro",,,"-22.752222","-44.619167",,,,,,"2021-03-04",,"Pabstiella pleurothalloides (Cogn.) Luer","Liliopsida","Asparagales","Orchidaceae","Pabstiella","species","Cogn. & Luer","ACCEPTED",,,"Pabstiella pleurothalloides (Cogn.) Luer",,,,"Pabstiella pleurothalloides","Pabstiella pleurothalloides",,"WGS84",,,,,"GBIF","BHCB",,"Batista, J.A.N.","3510","2018",,"2021","Cruz-Lustre, G.M.","Batista",,"brazil","sao paulo","sao jose do barreiro","parque nacional da serra da bocaina",,"locality","brazil_sao paulo_sao jose barreiro_parque nacional serra bocaina","brazil_sao paulo_sao jose barreiro_parque nacional serra bocaina",-22.74484201,-44.61460885,"locality",571955,"Pabstiella pleurothalloides","(Cogn.) Luer","name_w_authors","Orchidaceae","Pabstiella pleurothalloides","(Cogn.) Luer","species","name accepted","bfo-68484",,,"Pabstiella pleurothalloides (Cogn.) Luer","Pabstiella","Orchidaceae","brazil_sao paulo_sao jose barreiro","Brazil","São Paulo","São José do Barreiro",,"ibge",TRUE,-22.752222,-44.619167,"coord_original","seconds","high","Pabstiella pleurothalloides","ok_same_resolution","ok_county",,FALSE,"ok_dist","full_name_match","BHCB_195283","BHCB_195283[virtual]","1","0.25","BHCB_195283","BHCB_195283","BHCB_195283","plantr_exact","High","PARQUE NACIONAL SERRA DA BOCAINA"
,,"https://specieslink.net/col/220",,"UFMG","BHCB",,"PRESERVED_SPECIMEN","195284","3511","Batista, JAN; Cruz-Lustre, GM",,"2018-02-01","2018","2","1",,,,"Brasil","BR","São Paulo",,"São José do Barreiro","Parque Nacional da Serra da Bocaina, Trilha do Ouro",,,"-22.752222","-44.619167",,,,,,"2021-03-04",,"Pabstiella matinhensis (Hoehne) Luer","Liliopsida","Asparagales","Orchidaceae","Pabstiella","species","(Hoehne) & Luer","ACCEPTED",,,"Pabstiella matinhensis (Hoehne) Luer",,,,"Pabstiella matinhensis","Pabstiella matinhensis",,"WGS84",,,,,"GBIF","BHCB",,"Batista, J.A.N.","3511","2018",,"2021","Cruz-Lustre, G.M.","Batista",,"brazil","sao paulo","sao jose do barreiro","parque nacional da serra da bocaina",,"locality","brazil_sao paulo_sao jose barreiro_parque nacional serra bocaina","brazil_sao paulo_sao jose barreiro_parque nacional serra bocaina",-22.74484201,-44.61460885,"locality",571959,"Pabstiella matinhensis","(Hoehne) Luer","name_w_authors","Orchidaceae","Pabstiella matinhensis","(Hoehne) Luer","species","name accepted","bfo-68477",,,"Pabstiella matinhensis (Hoehne) Luer","Pabstiella","Orchidaceae","brazil_sao paulo_sao jose barreiro","Brazil","São Paulo","São José do Barreiro",,"ibge",TRUE,-22.752222,-44.619167,"coord_original","seconds","high","Pabstiella matinhensis","ok_same_resolution","ok_county",,FALSE,"bad_dist","full_name_match","BHCB_195284","BHCB_195284[virtual]","1","0.25","BHCB_195284","BHCB_195284","BHCB_195284","plantr_exact","High","PARQUE NACIONAL SERRA DA BOCAINA"
,,"https://specieslink.net/col/220",,"UFMG","BHCB",,"PRESERVED_SPECIMEN","195282","3509","Batista, JAN; Cruz-Lustre, GM",,"2018-02-01","2018","2","1",,,,"Brasil","BR","São Paulo",,"São José do Barreiro","Parque Nacional da Serra da Bocaina, Trilha do Ouro",,,"-22.752222","-44.619167",,,,,,"2021-03-04",,"Octomeria rubrifolia Barb.Rodr.","Liliopsida","Asparagales","Orchidaceae","Octomeria","species","Barb.Rodr.","ACCEPTED",,,"Octomeria rubrifolia Barb.Rodr.",,,,"Octomeria rubrifolia","Octomeria rubrifolia",,"WGS84",,,,,"GBIF","BHCB",,"Batista, J.A.N.","3509","2018",,"2021","Cruz-Lustre, G.M.","Batista",,"brazil","sao paulo","sao jose do barreiro","parque nacional da serra da bocaina",,"locality","brazil_sao paulo_sao jose barreiro_parque nacional serra bocaina","brazil_sao paulo_sao jose barreiro_parque nacional serra bocaina",-22.74484201,-44.61460885,"locality",571930,"Octomeria rubrifolia","Barb.Rodr.","name_w_authors","Orchidaceae","Octomeria rubrifolia","Barb.Rodr.","species","name accepted","bfo-11930",,,"Octomeria rubrifolia Barb.Rodr.","Octomeria","Orchidaceae","brazil_sao paulo_sao jose barreiro","Brazil","São Paulo","São José do Barreiro",,"ibge",TRUE,-22.752222,-44.619167,"coord_original","seconds","high","Octomeria rubrifolia","ok_same_resolution","ok_county",,,"bad_dist","full_name_match","BHCB_195282","BHCB_195282[virtual]","1","0.25","BHCB_195282","BHCB_195282","BHCB_195282","plantr_exact","High","PARQUE NACIONAL SERRA DA BOCAINA"
,,"https://specieslink.net/col/301",,"UCS","HUCS",,"PRESERVED_SPECIMEN","51277","4393","Gonzatti, F; Peralta, D; Britto, O",,"2018-04-30","2018","4","30",,,,"Brasil","BR","São Paulo",,"São José do Barreiro","Parque Nacional da Serra de Bocaina",,,"-22.733889","-44.616639",,,,,"Roncen, BP","2020-11-01",,"Declieuxia cordigera var. angustifolia Müll.Arg.","Magnoliopsida","Gentianales","Rubiaceae","Declieuxia","variety","Müll. Arg.","ACCEPTED",,,"Declieuxia cordigera var. angustifolia Müll.Arg.",,,,"Declieuxia cordigera angustifolia","Declieuxia cordigera",,"WGS84",,,,,"GBIF","HUCS",,"Gonzatti, F.","4393","2018","Roncen, B.","2020","Peralta, D.; Britto, O.","Gonzatti",,"brazil","sao paulo","sao jose do barreiro","parque nacional da serra de bocaina",,"locality","brazil_sao paulo_sao jose barreiro_parque nacional serra bocaina","brazil_sao paulo_sao jose barreiro_parque nacional serra bocaina",-22.74484201,-44.61460885,"locality",7916,"Declieuxia cordigera","Mart. & Zucc. ex Schult. & Schult.f.","name_w_authors","Rubiaceae","Declieuxia cordigera var. angustifolia","Müll.Arg.","species","name accepted","bfo-13918",,,"Declieuxia cordigera Mart. & Zucc. ex Schult. & Schult.f.","Declieuxia","Rubiaceae","brazil_sao paulo_sao jose barreiro","Brazil","São Paulo","São José do Barreiro",,"ibge",TRUE,-22.733889,-44.616639,"coord_original","seconds","high","Declieuxia cordigera","ok_same_resolution","ok_county",,FALSE,"ok_dist","full_name_match","HUCS_51277","CEPEC_157856|HUCS_51277|RB_1460514","3","0.75","RB_1460514","HUCS_51277","HUCS_51277","plantr_exact","High","PARQUE NACIONAL SERRA DA BOCAINA"
,,"https://specieslink.net/col/220",,"UFMG","BHCB",,"PRESERVED_SPECIMEN","195277","3504","Batista, JAN; Cruz-Lustre, GM",,"2018-02-01","2018","2","1",,,,"Brasil","BR","São Paulo",,"São José do Barreiro","Parque Nacional da Serra da Bocaina, Trilha do Ouro",,,"-22.742222","-44.616111",,,,,,"2019-02-01",,"Christensonella echinophyta (Barb.Rodr.) Szlach., Mytnik, Górniak & Smiszek","Liliopsida","Asparagales","Orchidaceae","Maxillaria","species","(Barb.Rodr.) Szlach., Mytnik, Górniak & Smiszek","SYNONYM",,,"Maxillaria echinophyta Barb.Rodr.",,,,"Christensonella echinophyta","Maxillaria echinophyta",,"WGS84",,,,,"GBIF","BHCB",,"Batista, J.A.N.","3504","2018",,"2019","Cruz-Lustre, G.M.","Batista",,"brazil","sao paulo","sao jose do barreiro","parque nacional da serra da bocaina",,"locality","brazil_sao paulo_sao jose barreiro_parque nacional serra bocaina","brazil_sao paulo_sao jose barreiro_parque nacional serra bocaina",-22.74484201,-44.61460885,"locality",571932,"Maxillaria echinophyta","Barb.Rodr.","name_w_authors","Orchidaceae","Maxillaria echinophyta","Barb.Rodr.","species","author misspelled|replaced synonym","bfo-37785","Maxillaria echinophyta","Barb.Rodr.","Maxillaria echinophyta Barb.Rodr.","Maxillaria","Orchidaceae","brazil_sao paulo_sao jose barreiro","Brazil","São Paulo","São José do Barreiro",,"ibge",TRUE,-22.742222,-44.616111,"coord_original","seconds","high","Maxillaria echinophyta","ok_same_resolution","ok_county",,FALSE,"bad_dist","full_name_match","BHCB_195277","BHCB_195277|CEN_113061","4","1","BHCB_195277","BHCB_195277","BHCB_195277","plantr_exact","High","PARQUE NACIONAL SERRA DA BOCAINA"
,,"https://specieslink.net/col/301",,"UCS","HUCS",,"PRESERVED_SPECIMEN","50676","4412","Gonzatti, F; Peralta, DF; Britto, O",,"2018-05-01","2018","5","1",,,,"Brasil","BR","São Paulo",,"São José do Barreiro","Parque Nacional da Serra da Bocaina. Trilha para o rio (banheiros do PN) e trilha para o arroio.",,,"-22.733889","-44.616639",,,,,"Gonzatti, F","2019-01-01",,"Hymenophyllum asplenioides (Sw.) Sw.","Polypodiopsida","Hymenophyllales","Hymenophyllaceae","Hymenophyllum","species","(Sw.) Sw.","ACCEPTED",,,"Hymenophyllum asplenioides (Sw.) Sw.",,,,"Hymenophyllum asplenioides","Hymenophyllum asplenioides",,"WGS84","https://images.cria.org.br/viewer/HUCS002380",,,,"GBIF","HUCS",,"Gonzatti, F.","4412","2018","Gonzatti, F.","2019","Peralta, D.F.; Britto, O.","Gonzatti",,"brazil","sao paulo","sao jose do barreiro","parque nacional da serra da bocaina",,"locality","brazil_sao paulo_sao jose barreiro_parque nacional serra bocaina","brazil_sao paulo_sao jose barreiro_parque nacional serra bocaina",-22.74484201,-44.61460885,"locality",441786,"Hymenophyllum asplenioides","(Sw.) Sw.","name_w_authors","Hymenophyllaceae","Hymenophyllum asplenioides","(Sw.) Sw.","species","name accepted","bfo-91197",,,"Hymenophyllum asplenioides (Sw.) Sw.","Hymenophyllum","Hymenophyllaceae","brazil_sao paulo_sao jose barreiro","Brazil","São Paulo","São José do Barreiro",,"ibge",TRUE,-22.733889,-44.616639,"coord_original","seconds","high","Hymenophyllum asplenioides","ok_same_resolution","ok_county",,FALSE,"ok_dist","full_name_match","HUCS_50676","CESJ_75362|FURB_74089|HUCS_50676|MBML_55007","4","1","FURB_74089","HUCS_50676","HUCS_50676","plantr_exact","High","PARQUE NACIONAL SERRA DA BOCAINA"
,,"https://specieslink.net/col/220",,"UFMG","BHCB",,"PRESERVED_SPECIMEN","195298","3525","Batista, JAN; Cruz-Lustre, GM",,"2018-03-13","2018","3","13",,,,"Brasil","BR","São Paulo",,"São José do Barreiro","Parque Nacional da Serra da Bocaina, Triha para o Pico da Bacia",,,"-22.713611","-44.586944",,,,,,"2018-02-02",,"Prescottia lancifolia Lindl.","Liliopsida","Asparagales","Orchidaceae","Prescottia","species","Lindl.","ACCEPTED",,,"Prescottia lancifolia Lindl.",,,,"Prescottia lancifolia","Prescottia lancifolia",,"WGS84",,,,,"GBIF","BHCB",,"Batista, J.A.N.","3525","2018",,"2018","Cruz-Lustre, G.M.","Batista",,"brazil","sao paulo","sao jose do barreiro","parque nacional da serra da bocaina",,"locality","brazil_sao paulo_sao jose barreiro_parque nacional serra bocaina","brazil_sao paulo_sao jose barreiro_parque nacional serra bocaina",-22.74484201,-44.61460885,"locality",571953,"Prescottia lancifolia","Lindl.","name_w_authors","Orchidaceae","Prescottia lancifolia","Lindl.","species","name accepted","bfo-12081",,,"Prescottia lancifolia Lindl.","Prescottia","Orchidaceae","brazil_sao paulo_sao jose barreiro","Brazil","São Paulo","São José do Barreiro",,"ibge",TRUE,-22.713611,-44.586944,"coord_original","seconds","high","Prescottia lancifolia","ok_same_resolution","ok_county",,FALSE,"ok_dist","full_name_match","BHCB_195298","BHCB_195298[virtual]","1","0.25","BHCB_195298","BHCB_195298","BHCB_195298","plantr_exact","High","PARQUE NACIONAL SERRA DA BOCAINA"
,"Herbário Virtual REFLORA Disponível em: http://herbariovirtualreflora.jbrj.gov.br/reflora/herbarioVirtual/ConsultaPublicoHVUC/ConsultaPublicoHVUC.do?idTestemunho=5575373",,,"CEN","CEN",,"PRESERVED_SPECIMEN","CEN00113068","3520","João Aguiar Nogueira Batista",,"2018-02-02","2018","2","2","2018-02-02",,,"Brasil","BR","São Paulo",,"São José do Barreiro","Parque Nacional da Serra da Bocaina, Triha para o Pico da Bacia",,,,,,,,,"T. F. Santos",,,"Liparis vexillifera (Lex.) Cogn.","Liliopsida","Asparagales","Orchidaceae","Liparis","species","(La Llave & Lex.) Cogn.","ACCEPTED",,,"Liparis vexillifera (Lex.) Cogn.",,,,"Liparis vexillifera (La Llave & Lex.) Cogn.","Liparis vexillifera",,"WGS84","jbrj-public.s3.amazonaws.com/fsi/server?type=image&source=DZI/cen/cen/0/11/30/68/cen00113068.dzi",,,,"GBIF","CEN",,"Batista, J.A.N.","3520","2018",,"2018",,"Batista",,"brazil","sao paulo","sao jose do barreiro","parque nacional da serra da bocaina",,"locality","brazil_sao paulo_sao jose barreiro_parque nacional serra bocaina","brazil_sao paulo_sao jose barreiro_parque nacional serra bocaina",-22.74484201,-44.61460885,"locality",563804,"Liparis vexillifera","(Lex.) Cogn.","name_w_authors","Orchidaceae","Liparis vexillifera","(Lex.) Cogn.","species","name accepted","bfo-11798",,,"Liparis vexillifera (Lex.) Cogn.","Liparis","Orchidaceae","brazil_sao paulo_sao jose barreiro","Brazil","São Paulo","São José do Barreiro",,"ibge",TRUE,-22.714167,-44.594167,"coord_original","seconds","high","Liparis vexillifera","ok_same_resolution","ok_county",,FALSE,"ok_dist","canonical_name_match","CEN_113068","BHCB_195293|CEN_113068","4","1","BHCB_195293","BHCB_195293","BHCB_195293","plantr_exact","High","PARQUE NACIONAL SERRA DA BOCAINA"
,,"https://specieslink.net/col/220",,"UFMG","BHCB",,"PRESERVED_SPECIMEN","195290","3517","Batista, JAN; Cruz-Lustre, GM",,"2018-02-02","2018","2","2",,,,"Brasil","BR","São Paulo",,"São José do Barreiro","Parque Nacional da Serra da Bocaina, Triha para o Pico da Bacia",,,"-22.72","-44.598056",,,,,,"2018-02-02",,"Habenaria subviridis Hoehne & Schltr.","Liliopsida","Asparagales","Orchidaceae","Habenaria","species","Hoehne","ACCEPTED",,,"Habenaria subviridis Hoehne & Schltr.",,,,"Habenaria subviridis","Habenaria subviridis",,"WGS84",,,,,"GBIF","BHCB",,"Batista, J.A.N.","3517","2018",,"2018","Cruz-Lustre, G.M.","Batista",,"brazil","sao paulo","sao jose do barreiro","parque nacional da serra da bocaina",,"locality","brazil_sao paulo_sao jose barreiro_parque nacional serra bocaina","brazil_sao paulo_sao jose barreiro_parque nacional serra bocaina",-22.74484201,-44.61460885,"locality",571962,"Habenaria subviridis","Hoehne & Schltr.","name_w_authors","Orchidaceae","Habenaria subviridis","Hoehne & Schltr.","species","name accepted","bfo-25913",,,"Habenaria subviridis Hoehne & Schltr.","Habenaria","Orchidaceae","brazil_sao paulo_sao jose barreiro","Brazil","São Paulo","São José do Barreiro",,"ibge",TRUE,-22.72,-44.598056,"coord_original","miliseconds","high","Habenaria subviridis","ok_same_resolution","ok_county",,FALSE,"ok_dist","full_name_match","BHCB_195290","BHCB_195290[virtual]","1","0.25","BHCB_195290","BHCB_195290","BHCB_195290","plantr_exact","High","PARQUE NACIONAL SERRA DA BOCAINA"
,,"https://specieslink.net/col/220",,"UFMG","BHCB",,"PRESERVED_SPECIMEN","195294","3521","Batista, JAN; Cruz-Lustre, GM",,"2018-02-02","2018","2","2",,,,"Brasil","BR","São Paulo",,"São José do Barreiro","Parque Nacional da Serra da Bocaina, Triha para o Pico da Bacia",,,"-22.713611","-44.586944",,,,,,"2018-02-02",,"Habenaria nemorosa Barb.Rodr.","Liliopsida","Asparagales","Orchidaceae","Habenaria","species","Barb.Rodr.","ACCEPTED",,,"Habenaria nemorosa Barb.Rodr.",,,,"Habenaria nemorosa","Habenaria nemorosa",,"WGS84",,,,,"GBIF","BHCB",,"Batista, J.A.N.","3521","2018",,"2018","Cruz-Lustre, G.M.","Batista",,"brazil","sao paulo","sao jose do barreiro","parque nacional da serra da bocaina",,"locality","brazil_sao paulo_sao jose barreiro_parque nacional serra bocaina","brazil_sao paulo_sao jose barreiro_parque nacional serra bocaina",-22.74484201,-44.61460885,"locality",571941,"Habenaria nemorosa","Barb.Rodr.","name_w_authors","Orchidaceae","Habenaria nemorosa","Barb.Rodr.","species","name accepted","bfo-37673",,,"Habenaria nemorosa Barb.Rodr.","Habenaria","Orchidaceae","brazil_sao paulo_sao jose barreiro","Brazil","São Paulo","São José do Barreiro",,"ibge",TRUE,-22.713611,-44.586944,"coord_original","seconds","high","Habenaria nemorosa","ok_same_resolution","ok_county",,,"ok_dist","full_name_match","BHCB_195294","BHCB_195294[virtual]","1","0.25","BHCB_195294","BHCB_195294","BHCB_195294","plantr_exact","High","PARQUE NACIONAL SERRA DA BOCAINA"
,,"https://specieslink.net/col/220",,"UFMG","BHCB",,"PRESERVED_SPECIMEN","195295","3522","Batista, JAN; Cruz-Lustre, GM",,"2018-02-02","2018","2","2",,,,"Brasil","BR","São Paulo",,"São José do Barreiro","Parque Nacional da Serra da Bocaina, Triha para o Pico da Bacia",,,"-22.709167","-44.581389",,,,,,"2018-02-02",,"Habenaria ernesti-ulei Hoehne","Liliopsida","Asparagales","Orchidaceae","Habenaria","species","Hoehne","ACCEPTED",,,"Habenaria ernesti-ulei Hoehne",,,,"Habenaria ernesti-ulei","Habenaria ernesti-ulei",,"WGS84",,,,,"GBIF","BHCB",,"Batista, J.A.N.","3522","2018",,"2018","Cruz-Lustre, G.M.","Batista",,"brazil","sao paulo","sao jose do barreiro","parque nacional da serra da bocaina",,"locality","brazil_sao paulo_sao jose barreiro_parque nacional serra bocaina","brazil_sao paulo_sao jose barreiro_parque nacional serra bocaina",-22.74484201,-44.61460885,"locality",571933,"Habenaria ernesti-ulei","Hoehne","name_w_authors","Orchidaceae","Habenaria ernesti-ulei","Hoehne","species","name accepted","bfo-37660",,,"Habenaria ernesti-ulei Hoehne","Habenaria","Orchidaceae","brazil_sao paulo_sao jose barreiro","Brazil","São Paulo","São José do Barreiro",,"ibge",TRUE,-22.709167,-44.581389,"coord_original","seconds","high","Habenaria ernesti-ulei","ok_same_resolution","ok_county",,,"ok_dist","full_name_match","BHCB_195295","BHCB_195295[virtual]","1","0.25","BHCB_195295","BHCB_195295","BHCB_195295","plantr_exact","High","PARQUE NACIONAL SERRA DA BOCAINA"
,,"https://specieslink.net/col/220",,"UFMG","BHCB",,"PRESERVED_SPECIMEN","195286","3513","Batista, JAN; Cruz-Lustre, GM",,"2018-02-01","2018","2","1",,,,"Brasil","BR","São Paulo",,"São José do Barreiro","Parque Nacional da Serra da Bocaina, Trilha do Ouro",,,"-22.752222","-44.619167",,,,,,"2018-02-01",,"Eurystyles actinosophila (Barb.Rodr.) Schltr.","Liliopsida","Asparagales","Orchidaceae","Eurystyles","species","(Barb.Rodr.) Schltr.","ACCEPTED",,,"Eurystyles actinosophila (Barb.Rodr.) Schltr.",,,,"Eurystyles actinosophila","Eurystyles actinosophila",,"WGS84",,,,,"GBIF","BHCB",,"Batista, J.A.N.","3513","2018",,"2018","Cruz-Lustre, G.M.","Batista",,"brazil","sao paulo","sao jose do barreiro","parque nacional da serra da bocaina",,"locality","brazil_sao paulo_sao jose barreiro_parque nacional serra bocaina","brazil_sao paulo_sao jose barreiro_parque nacional serra bocaina",-22.74484201,-44.61460885,"locality",571969,"Eurystyles actinosophila","(Barb.Rodr.) Schltr.","name_w_authors","Orchidaceae","Eurystyles actinosophila","(Barb.Rodr.) Schltr.","species","name accepted","bfo-11591",,,"Eurystyles actinosophila (Barb.Rodr.) Schltr.","Eurystyles","Orchidaceae","brazil_sao paulo_sao jose barreiro","Brazil","São Paulo","São José do Barreiro",,"ibge",TRUE,-22.752222,-44.619167,"coord_original","seconds","high","Eurystyles actinosophila","ok_same_resolution","ok_county",,FALSE,"ok_dist","full_name_match","BHCB_195286","BHCB_195286[virtual]","1","0.25","BHCB_195286","BHCB_195286","BHCB_195286","plantr_exact","High","PARQUE NACIONAL SERRA DA BOCAINA"
,,,,"JBRJ","RB","RB - Rio de Janeiro Botanical Garden Herbarium Collection","PRESERVED_SPECIMEN","RB01399304","4390","F.Gonzatti; D.Peralta e O.Britto","Vale úmido. Formação campestre. Borda de mata","2018-04-30","2018","4","30",,,"Vale úmido. Formação campestre. Borda de mata","Brasil","BR","São Paulo",,"São José do Barreiro","Parque Nacional da Serra da Bocaina",,,"-22.733889","-44.616667",,"22º44´2´´","44º37´0´´W",,"J.Külkamp","2018-06-20",,"Euphorbia chrysophylla (Klotzsch & Garcke) Klotzsch ex Boiss.","Magnoliopsida","Malpighiales","Euphorbiaceae","Euphorbia","species","(Klotzsch & Garcke) Boiss.","ACCEPTED",,,"Euphorbia chrysophylla (Klotzsch & Garcke) Klotzsch ex Boiss.",,,,"Euphorbia chrysophylla (Klotzsch & Garcke) Boiss.","Euphorbia chrysophylla",,"WGS84","jbrj-public-img.s3-sa-east-1.amazonaws.com/JPG/rb/1/39/93/4/01399304.jpg",,,,"GBIF","RB",,"Gonzatti, F.","4390","2018","Kulkamp, J.","2018","Peralta, D.; Britto, O.","Gonzatti",,"brazil","sao paulo","sao jose do barreiro","parque nacional da serra da bocaina",,"locality","brazil_sao paulo_sao jose barreiro_parque nacional serra bocaina","brazil_sao paulo_sao jose barreiro_parque nacional serra bocaina",-22.74484201,-44.61460885,"locality",317061,"Euphorbia chrysophylla","(Klotzsch & Garcke) Boiss.","name_w_authors","Euphorbiaceae","Euphorbia chrysophylla","(Klotzsch & Garcke) Boiss.","species","author misspelled","bfo-29265",,,"Euphorbia chrysophylla (Klotzsch & Garcke) Boiss.","Euphorbia","Euphorbiaceae","brazil_sao paulo_sao jose barreiro","Brazil","São Paulo","São José do Barreiro",,"ibge",TRUE,-22.733889,-44.616639,"coord_original","seconds","high","Euphorbia chrysophylla","ok_same_resolution","ok_county",,FALSE,"ok_dist","full_name_match","RB_1399304","HUCS_47648a|MBM_429993|RB_1399304","4","1","MBM_429993","HUCS_47648a","RB_1399304","plantr_exact","High","PARQUE NACIONAL SERRA DA BOCAINA"
,,"https://specieslink.net/col/220",,"UFMG","BHCB",,"PRESERVED_SPECIMEN","198340","3501a","Batista, JAN; Lustre, GMC",,"2018-02-01","2018","2","1",,,,"Brasil","BR","São Paulo",,"São José do Barreiro","Parque Nacional da Serra da Bocaina, Estrada para o Parque.",,,"-22.698333","-44.629722",,,,,,"2018-02-01",,"Epidendrum secundum Jacq.","Liliopsida","Asparagales","Orchidaceae","Epidendrum","species","Jacq.","ACCEPTED",,,"Epidendrum secundum Jacq.",,,,"Epidendrum secundum","Epidendrum secundum",,"WGS84","https://images.cria.org.br/viewer/BHCB198340",,,,"GBIF","BHCB",,"Batista, J.A.N.","3501-A","2018",,"2018","Lustre, G.M.C.","Batista",,"brazil","sao paulo","sao jose do barreiro","parque nacional da serra da bocaina, estrada para o parque","parque nacional da serra da bocaina","locality","brazil_sao paulo_sao jose barreiro","brazil_sao paulo_sao jose barreiro",-22.74888367,-44.58687717,"county",652281,"Epidendrum secundum","Jacq.","name_w_authors","Orchidaceae","Epidendrum secundum","Jacq.","species","name accepted","bfo-11573",,,"Epidendrum secundum Jacq.","Epidendrum","Orchidaceae","brazil_sao paulo_sao jose barreiro","Brazil","São Paulo","São José do Barreiro",,"ibge",TRUE,-22.698333,-44.629722,"coord_original","seconds","high","Epidendrum secundum","check_local.2municip.","ok_county",,FALSE,"ok_dist","full_name_match","BHCB_198340","BHCB_198340[virtual]","1","0.25","BHCB_198340","BHCB_198340","BHCB_198340","plantr_exact","High","PARQUE NACIONAL SERRA DA BOCAINA"
,"Herbário Virtual REFLORA Disponível em: http://herbariovirtualreflora.jbrj.gov.br/reflora/herbarioVirtual/ConsultaPublicoHVUC/ConsultaPublicoHVUC.do?idTestemunho=5575363",,,"CEN","CEN",,"PRESERVED_SPECIMEN","CEN00113058","3501","João Aguiar Nogueira Batista",,"2018-02-01","2018","2","1","2018-02-01",,,"Brasil","BR","São Paulo",,"São José do Barreiro","Parque Nacional da Serra da Bocaina, Estrada para o parque.",,,,,,,,,"J. A. N. Batista",,,"Cleistes gracilis Schltr.","Liliopsida","Asparagales","Orchidaceae","Cleistes","species","(Barb.Rodr.) Schltr.","SYNONYM",,,"Cleistes rodriguesii (Cogn.) Campacci",,,,"Cleistes gracilis (Barb.Rodr.) Schltr.","Cleistes rodriguesii",,"WGS84","jbrj-public.s3.amazonaws.com/fsi/server?type=image&source=DZI/cen/cen/0/11/30/58/cen00113058.dzi",,,,"GBIF","CEN",,"Batista, J.A.N.","3501","2018",,"2018",,"Batista",,"brazil","sao paulo","sao jose do barreiro","parque nacional da serra da bocaina, estrada para o parque","parque nacional da serra da bocaina","locality","brazil_sao paulo_sao jose barreiro","brazil_sao paulo_sao jose barreiro",-22.74888367,-44.58687717,"county",563785,"Cleistes rodriguesii","(Cogn.) Campacci","name_w_authors","Orchidaceae","Cleistes rodriguesii","(Cogn.) Campacci","species","replaced synonym","bfo-37420","Cleistes rodriguesii","(Cogn.) Campacci","Cleistes rodriguesii (Cogn.) Campacci","Cleistes","Orchidaceae","brazil_sao paulo_sao jose barreiro","Brazil","São Paulo","São José do Barreiro",,"ibge",TRUE,-22.698333,-44.629722,"coord_original","seconds","high","Cleistes rodriguesii","check_local.2municip.","ok_county",,FALSE,"ok_dist","full_name_match","CEN_113058","BHCB_195274|CEN_113058","4","1","BHCB_195274","BHCB_195274","BHCB_195274","plantr_exact","High","PARQUE NACIONAL SERRA DA BOCAINA"
,,"https://specieslink.net/col/220",,"UFMG","BHCB",,"PRESERVED_SPECIMEN","195300","3527","Batista, JAN; Cruz-Lustre, GM",,"2018-02-02","2018","2","2",,,,"Brasil","BR","São Paulo",,"São José do Barreiro","Parque Nacional da Serra da Bocaina, Triha para o Pico da Bacia",,,"-22.725556","-44.609167",,,,,,"2018-02-02",,"Cattleya coccinea Lindl.","Liliopsida","Asparagales","Orchidaceae","Cattleya","species","Lindl.","ACCEPTED",,,"Cattleya coccinea Lindl.",,,,"Cattleya coccinea","Cattleya coccinea",,"WGS84",,,,,"GBIF","BHCB",,"Batista, J.A.N.","3527","2018",,"2018","Cruz-Lustre, G.M.","Batista",,"brazil","sao paulo","sao jose do barreiro","parque nacional da serra da bocaina",,"locality","brazil_sao paulo_sao jose barreiro_parque nacional serra bocaina","brazil_sao paulo_sao jose barreiro_parque nacional serra bocaina",-22.74484201,-44.61460885,"locality",571945,"Cattleya coccinea","Lindl.","name_w_authors","Orchidaceae","Cattleya coccinea","Lindl.","species","name accepted","bfo-65076",,,"Cattleya coccinea Lindl.","Cattleya","Orchidaceae","brazil_sao paulo_sao jose barreiro","Brazil","São Paulo","São José do Barreiro",,"ibge",TRUE,-22.725556,-44.609167,"coord_original","seconds","high","Cattleya coccinea","ok_same_resolution","ok_county",,FALSE,"ok_dist","full_name_match","BHCB_195300","BHCB_195300[virtual]","1","0.25","BHCB_195300","BHCB_195300","BHCB_195300","plantr_exact","High","PARQUE NACIONAL SERRA DA BOCAINA"
,,,,"CORD","CORD",,"PRESERVED_SPECIMEN","CORD00087788","5026 - bis","Barboza, G. E.;Deanna, R.",,"2018-04-04","2018","4","4","04/04/2018",,,"Brasil","BR","São Paulo",,,"Munic. São José do Barreiro, Parque Nacional Serra do Bocaina, en la trilha du Ouro rumbo hacia la cachoeira San Isidro",,"1519","-22.741389","-44.616111",,,,,"Barboza, G. E.","2018-01-01",,"Capsicum villosum Sendtn.","Magnoliopsida","Solanales","Solanaceae","Capsicum","species",,"ACCEPTED",,,"Capsicum villosum Sendtn.",,,,"Capsicum villosum Sendtn.","Capsicum villosum",,"WGS84",,,,,"GBIF","CORD",,"Barboza, G.E.","5026-bis","2018","Barboza, G.E.","2018","Deanna, R.","Barboza",,"brazil","sao paulo","munic","parque nacional serra do bocaina","munic","locality","brazil_sao paulo_munic","brazil_sao paulo",-22.2584562,-48.7420254,"state",331615,"Capsicum villosum","Sendtn.","name_w_authors","Solanaceae","Capsicum villosum","Sendtn.","species","name accepted","bfo-14634",,,"Capsicum villosum Sendtn.","Capsicum","Solanaceae","brazil_sao paulo","Brazil","São Paulo",,,"gadm",TRUE,-22.741389,-44.616111,"coord_original","seconds","high","Capsicum villosum","check_local.2state","ok_state",,FALSE,"ok_dist","full_name_match","CORD_87788",,"0","0",,,,"plantr_exact","High","PARQUE NACIONAL SERRA DA BOCAINA"
,,"https://specieslink.net/col/220",,"UFMG","BHCB",,"PRESERVED_SPECIMEN","190214","6472","Stehmann, JR; Barboza, G; Deanna, R",,"2018-04-04","2018","4","4",,,,"Brasil","BR","São Paulo",,"São José do Barreiro","De São José do Barreiro para o Parque Nacional da Serra da Bocaina",,,"-22.672944","-44.614833",,,,,,"2018-04-04",,"Capsicum hunzikerianum Barboza & Bianch.","Magnoliopsida","Solanales","Solanaceae","Capsicum","species","Barboza & Bianch.","ACCEPTED",,,"Capsicum hunzikerianum Barboza & Bianch.",,,,"Capsicum hunzikerianum","Capsicum hunzikerianum",,"WGS84",,,,,"GBIF","BHCB",,"Stehmann, J.R.","6472","2018",,"2018","Barboza, G.; Deanna, R.","Stehmann",,"brazil","sao paulo","sao jose do barreiro","de sao jose do barreiro para o parque nacional da serra da bocaina",,"locality","brazil_sao paulo_sao jose barreiro","brazil_sao paulo_sao jose barreiro",-22.74888367,-44.58687717,"county",287902,"Capsicum hunzikerianum","Barboza & Bianch.","name_w_authors","Solanaceae","Capsicum hunzikerianum","Barboza & Bianch.","species","name accepted","bfo-14628",,,"Capsicum hunzikerianum Barboza & Bianch.","Capsicum","Solanaceae","brazil_sao paulo_sao jose barreiro","Brazil","São Paulo","São José do Barreiro",,"ibge",TRUE,-22.672944,-44.614833,"coord_original","miliseconds","high","Capsicum hunzikerianum","check_local.2municip.","ok_county",,FALSE,"ok_dist","full_name_match","BHCB_190214",,"0","0",,,,"plantr_exact","High","PARQUE NACIONAL SERRA DA BOCAINA"
,,"https://specieslink.net/col/220",,"UFMG","BHCB",,"PRESERVED_SPECIMEN","195297","3524","Batista, JAN; Cruz-Lustre, GM",,"2018-02-02","2018","2","2",,,,"Brasil","BR","São Paulo",,"São José do Barreiro","Parque Nacional da Serra da Bocaina, Triha para o Pico da Bacia",,,"-22.713611","-44.586944",,,,,,"2018-02-02",,"Scuticaria hadwenii (Lindl.) Planch.","Liliopsida","Asparagales","Orchidaceae","Scuticaria","species","(Lindl.) Planch.","ACCEPTED",,,"Scuticaria hadwenii (Lindl.) Planch.",,,,"Scuticaria hadwenii","Scuticaria hadwenii",,"WGS84",,,,,"GBIF","BHCB",,"Batista, J.A.N.","3524","2018",,"2018","Cruz-Lustre, G.M.","Batista",,"brazil","sao paulo","sao jose do barreiro","parque nacional da serra da bocaina",,"locality","brazil_sao paulo_sao jose barreiro_parque nacional serra bocaina","brazil_sao paulo_sao jose barreiro_parque nacional serra bocaina",-22.74484201,-44.61460885,"locality",571948,"Bifrenaria hadwenii","Lindl. & Paxton","name_w_authors","Orchidaceae","Bifrenaria hadwenii","Lindl. & Paxton","species","author misspelled|replaced synonym","bfo-64583","Bifrenaria hadwenii","Lindl. & Paxton","Bifrenaria hadwenii Lindl. & Paxton","Bifrenaria","Orchidaceae","brazil_sao paulo_sao jose barreiro","Brazil","São Paulo","São José do Barreiro",,"ibge",TRUE,-22.713611,-44.586944,"coord_original","seconds","high","Bifrenaria hadwenii","ok_same_resolution","ok_county",,FALSE,"ok_dist","full_name_match","BHCB_195297","BHCB_195297[virtual]","1","0.25","BHCB_195297","BHCB_195297","BHCB_195297","plantr_exact","High","PARQUE NACIONAL SERRA DA BOCAINA"
,"Herbário Virtual REFLORA Disponível em: http://herbariovirtualreflora.jbrj.gov.br/reflora/herbarioVirtual/ConsultaPublicoHVUC/ConsultaPublicoHVUC.do?idTestemunho=6328591",,,"R","R",,"PRESERVED_SPECIMEN","R010085639","709","Manhães, V.C.;Kessous, I.,Uribbe, F.P",,"2017-06-09","2017","6","9","2017-06-09",,,"Brasil","BR","São Paulo",,"Bananal","PARNA Serra da Bocaína. Trilha do Frade. Parque Nacional da Serra da Bocaina",,,,,,,,,"Manhães, V.C.",,,"Tillandsia stricta Sol.","Liliopsida","Poales","Bromeliaceae","Tillandsia","species","Sol.","DOUBTFUL",,,"Tillandsia stricta Sol.",,,,"Tillandsia stricta Sol.","Tillandsia stricta",,,"jbrj-public.s3-sa-east-1.amazonaws.com/fsi/server?type=image&source=DZI/herbariumr/r/1/0/85/63/9/r010085639.dzi",,,,"GBIF","R",,"Manhaes, V.C.","709","2017",,,"Kessous, I.; Uribbe, F.P.","Manhaes",,"brazil","sao paulo","bananal","parna serra da bocaina, parque nacional da serra da bocaina","parna serra da bocaina","locality","brazil_sao paulo_bananal","brazil_sao paulo_bananal",-22.73353405,-44.33438939,"county",678284,"Tillandsia stricta","Sol.","name_w_authors","Bromeliaceae","Tillandsia stricta","Sol.","species","name accepted","bfo-6407",,,"Tillandsia stricta Sol.","Tillandsia","Bromeliaceae","brazil_sao paulo_bananal","Brazil","São Paulo","Bananal",,"ibge",TRUE,-22.73353405,-44.33438939,"coord_gazet","seconds_centroid","high","Tillandsia stricta","check_local.2municip.","ok_county_gazet",,FALSE,"ok_dist","full_name_match","R_10085639","R_10085639[virtual]","1","0.25",,"R_10085639","R_10085639","plantr_exact","High","PARQUE NACIONAL SERRA DA BOCAINA"
,"Herbário Virtual REFLORA Disponível em: http://herbariovirtualreflora.jbrj.gov.br/reflora/herbarioVirtual/ConsultaPublicoHVUC/ConsultaPublicoHVUC.do?idTestemunho=6434344",,,"R","R",,"PRESERVED_SPECIMEN","R010084951","663","Manhães, V.C.;Kessous, I.,Uribbe, F.P",,"2017-06-08","2017","6","8","2017-06-08",,,"Brasil","BR","São Paulo",,"Bananal","PARNA Serra da Bocaína. Trilha para cahoeira do Bracuí. Parque Nacional da Serra da Bocaina",,,,,,,,,"Carrijo, T.T.",,,"Myrsine umbellata Mart.","Magnoliopsida","Ericales","Primulaceae","Myrsine","species","Mart.","ACCEPTED",,,"Myrsine umbellata Mart.",,,,"Myrsine umbellata Mart.","Myrsine umbellata",,,"jbrj-public.s3-sa-east-1.amazonaws.com/fsi/server?type=image&source=DZI/herbariumr/r/1/0/84/95/1/r010084951.dzi",,,,"GBIF","R",,"Manhaes, V.C.","663","2017",,,"Kessous, I.; Uribbe, F.P.","Manhaes",,"brazil","sao paulo","bananal","parna serra da bocaina, parque nacional da serra da bocaina","parna serra da bocaina","locality","brazil_sao paulo_bananal","brazil_sao paulo_bananal",-22.73353405,-44.33438939,"county",678631,"Myrsine umbellata","Mart.","name_w_authors","Primulaceae","Myrsine umbellata","Mart.","species","name accepted","bfo-10242",,,"Myrsine umbellata Mart.","Myrsine","Primulaceae","brazil_sao paulo_bananal","Brazil","São Paulo","Bananal",,"ibge",TRUE,-22.73353405,-44.33438939,"coord_gazet","seconds_centroid","high","Myrsine umbellata","check_local.2municip.","ok_county_gazet",,FALSE,"ok_dist","full_name_match","R_10084951","R_10084951|R_245096","1","0.25",,"R_10084951","R_10084951","plantr_exact","High","PARQUE NACIONAL SERRA DA BOCAINA"
,"Herbário Virtual REFLORA Disponível em: http://herbariovirtualreflora.jbrj.gov.br/reflora/herbarioVirtual/ConsultaPublicoHVUC/ConsultaPublicoHVUC.do?idTestemunho=6328598",,,"R","R",,"PRESERVED_SPECIMEN","R010085605","708","Manhães, V.C.;Kessous, I.,Uribbe, F.P",,"2017-06-09","2017","6","9","2017-06-09",,,"Brasil","BR","São Paulo",,"Bananal","PARNA Serra da Bocaína. Trilha do Frade. Parque Nacional da Serra da Bocaina",,,,,,,,,"Manhães, V.C.",,,"Aechmea nudicaulis (L.) Griseb.","Liliopsida","Poales","Bromeliaceae","Aechmea","species","(L.) Griseb.","ACCEPTED",,,"Aechmea nudicaulis (L.) Griseb.",,,,"Aechmea nudicaulis (L.) Griseb.","Aechmea nudicaulis",,,"jbrj-public.s3-sa-east-1.amazonaws.com/fsi/server?type=image&source=DZI/herbariumr/r/1/0/85/60/5/r010085605.dzi",,,,"GBIF","R",,"Manhaes, V.C.","708","2017",,,"Kessous, I.; Uribbe, F.P.","Manhaes",,"brazil","sao paulo","bananal","parna serra da bocaina, parque nacional da serra da bocaina","parna serra da bocaina","locality","brazil_sao paulo_bananal","brazil_sao paulo_bananal",-22.73353405,-44.33438939,"county",678282,"Aechmea nudicaulis","(L.) Griseb.","name_w_authors","Bromeliaceae","Aechmea nudicaulis","(L.) Griseb.","species","name accepted","bfo-5847",,,"Aechmea nudicaulis (L.) Griseb.","Aechmea","Bromeliaceae","brazil_sao paulo_bananal","Brazil","São Paulo","Bananal",,"ibge",TRUE,-22.73353405,-44.33438939,"coord_gazet","seconds_centroid","high","Aechmea nudicaulis","check_local.2municip.","ok_county_gazet",,FALSE,"ok_dist","full_name_match","R_10085605","R_10085605[virtual]","1","0.25",,"R_10085605","R_10085605","plantr_exact","High","PARQUE NACIONAL SERRA DA BOCAINA"
,"Herbário Virtual REFLORA Disponível em: http://herbariovirtualreflora.jbrj.gov.br/reflora/herbarioVirtual/ConsultaPublicoHVUC/ConsultaPublicoHVUC.do?idTestemunho=6434367",,,"R","R",,"PRESERVED_SPECIMEN","R010084993","686","Manhães, V.C.;Kessous, I.,Uribbe, F.P",,"2017-06-08","2017","6","8","2017-06-08",,,"Brasil","BR","São Paulo",,"Bananal","PARNA Serra da Bocaína. Trilha para cahoeira do Bracuí. Parque Nacional da Serra da Bocaina",,,,,,,,,,,,"Bignoniaceae","Magnoliopsida","Lamiales","Bignoniaceae",,"family",,"ACCEPTED",,,"Bignoniaceae",,,,,,,,"jbrj-public.s3-sa-east-1.amazonaws.com/fsi/server?type=image&source=DZI/herbariumr/r/1/0/84/99/3/r010084993.dzi",,,,"GBIF","R",,"Manhaes, V.C.","686","2017",,,"Kessous, I.; Uribbe, F.P.","Manhaes",,"brazil","sao paulo","bananal","parna serra da bocaina, parque nacional da serra da bocaina","parna serra da bocaina","locality","brazil_sao paulo_bananal","brazil_sao paulo_bananal",-22.73353405,-44.33438939,"county",1772124,"Bignoniaceae","Juss.","family_as_genus","Bignoniaceae","Bignoniaceae","Juss.","family","name accepted","bfo-112305",,,"Bignoniaceae Juss.",,"Bignoniaceae","brazil_sao paulo_bananal","Brazil","São Paulo","Bananal",,"ibge",TRUE,-22.73353405,-44.33438939,"coord_gazet","seconds_centroid","high",,"check_local.2municip.","ok_county_gazet",,FALSE,"no_cannot_check","full_name_match","R_10084993","R_10084993[virtual]","1","0.25",,"R_10084993","R_10084993","plantr_exact","High","PARQUE NACIONAL SERRA DA BOCAINA"
,,,,"R","R",,"PRESERVED_SPECIMEN","R010085619","697","Manhães, V.C.","Epífita pouco abundante. Folhas verdes, espata e espádice verde.",,"2017","6","09",,,"Epífita pouco abundante. Folhas verdes, espata e espádice verde.","Brasil",,"São Paulo",,"Bananal","PARNA Serra da Bocaína. Trilha do Frade. Parque Nacional da Serra da Bocaina",,,,,,,,"não","Temponi & Hentz","08/07/2025",,"Anthurium langsdorffii Schott",,,"Araceae","Anthurium","species","Schott",,,,,,,,"ARACEAE Anthurium langsdorffii Schott","langsdorffii",,,,,"R 245130",,"Reflora","R",,"Manhaes, V.C.","697","2017","Temponi","2025",,"Manhaes","Hentz","brazil","sao paulo","bananal","parna serra da bocaina, parque nacional da serra da bocaina","parna serra da bocaina","locality","brazil_sao paulo_bananal","brazil_sao paulo_bananal",-22.73353405,-44.33438939,"county",1497089,"Anthurium langsdorffii","Schott","name_w_authors","Araceae","Anthurium langsdorffii","Schott","species","name accepted","bfo-4942",,,"Anthurium langsdorffii Schott","Anthurium","Araceae","brazil_sao paulo_bananal","Brazil","São Paulo","Bananal",,"ibge",TRUE,-22.73353405,-44.33438939,"coord_gazet","seconds_centroid","high","Anthurium langsdorffii","check_local.2municip.","ok_county_gazet",,FALSE,"ok_dist","full_name_match","R_10085619",,"0","0",,,,"plantr_exact","High","PARQUE NACIONAL SERRA DA BOCAINA"
,"Herbário Virtual REFLORA Disponível em: http://herbariovirtualreflora.jbrj.gov.br/reflora/herbarioVirtual/ConsultaPublicoHVUC/ConsultaPublicoHVUC.do?idTestemunho=4584176",,,"UNIP","UNIP",,"PRESERVED_SPECIMEN","UNIP08059","3545","Paciencia, M.;Estrella, A.,Paciencia, F.A.P.,Peres, B.A.,Zuppi, R.A.",,"2017-01-12","2017","1","12","2017-1-12",,,"Brasil","BR","São Paulo",,"Cunha","Sítio da Lua. Zona rural de Cunha, arredores do PARNA Serra da Bocaina. Área aberta.",,,"-23.084444","-44.93",,,,,"Paciencia, M.",,,"Psidium rufum Mart. ex DC.","Magnoliopsida","Myrtales","Myrtaceae","Psidium","species","Mart. ex DC.","ACCEPTED",,,"Psidium rufum Mart. ex DC.",,,,"Psidium rufum Mart. ex DC.","Psidium rufum",,,"jbrj-public.s3-sa-east-1.amazonaws.com/fsi/server?type=image&source=DZI/unip/unip/0/0/80/59/unip00008059.dzi",,,,"GBIF","UNIP",,"Paciencia, M.","3545","2017","Paciencia, M.","2017","Estrella, A.; Paciencia, F.A.P.; Peres, B.A.; Zuppi, R.A.","Paciencia",,"brazil","sao paulo","cunha","sitio da lua, arredores do parna serra da bocaina","sitio da lua","locality","brazil_sao paulo_cunha","brazil_sao paulo_cunha",-23.05263382,-44.94193944,"county",500377,"Psidium rufum","Mart. ex DC.","name_w_authors","Myrtaceae","Psidium rufum","Mart. ex DC.","species","name accepted","bfo-10883",,,"Psidium rufum Mart. ex DC.","Psidium","Myrtaceae","brazil_sao paulo_cunha","Brazil","São Paulo","Cunha",,"ibge",TRUE,-23.084444,-44.93,"coord_original","seconds","high","Psidium rufum","check_local.2municip.","ok_county",,FALSE,"ok_dist","full_name_match","UNIP_8059","UNIP_8059[virtual]","4","1","UNIP_8059","UNIP_8059","UNIP_8059","plantr_exact","High","PARQUE NACIONAL SERRA DA BOCAINA"
,"Herbário Virtual REFLORA Disponível em: http://herbariovirtualreflora.jbrj.gov.br/reflora/herbarioVirtual/ConsultaPublicoHVUC/ConsultaPublicoHVUC.do?idTestemunho=4584161",,,"UNIP","UNIP",,"PRESERVED_SPECIMEN","UNIP08046","3540","Paciencia, M.;Estrella, A.,Paciencia, F.A.P.,Peres, B.A.,Zuppi, R.A.",,"2017-01-12","2017","1","12","2017-1-12",,,"Brasil","BR","São Paulo",,"Cunha","Sítio da Lua. Zona rural de Cunha, arredores do PARNA Serra da Bocaina. Área aberta.",,,"-23.084444","-44.93",,,,,"Paciencia, M.",,,"Myrcia splendens (Sw.) DC.","Magnoliopsida","Myrtales","Myrtaceae","Myrcia","species","(Sw.) DC.","ACCEPTED",,,"Myrcia splendens (Sw.) DC.",,,,"Myrcia splendens (Sw.) DC.","Myrcia splendens",,,"jbrj-public.s3-sa-east-1.amazonaws.com/fsi/server?type=image&source=DZI/unip/unip/0/0/80/46/unip00008046.dzi",,,,"GBIF","UNIP",,"Paciencia, M.","3540","2017","Paciencia, M.","2017","Estrella, A.; Paciencia, F.A.P.; Peres, B.A.; Zuppi, R.A.","Paciencia",,"brazil","sao paulo","cunha","sitio da lua, arredores do parna serra da bocaina","sitio da lua","locality","brazil_sao paulo_cunha","brazil_sao paulo_cunha",-23.05263382,-44.94193944,"county",500380,"Myrcia splendens","(Sw.) DC.","name_w_authors","Myrtaceae","Myrcia splendens","(Sw.) DC.","species","name accepted","bfo-10759",,,"Myrcia splendens (Sw.) DC.","Myrcia","Myrtaceae","brazil_sao paulo_cunha","Brazil","São Paulo","Cunha",,"ibge",TRUE,-23.084444,-44.93,"coord_original","seconds","high","Myrcia splendens","check_local.2municip.","ok_county",,FALSE,"ok_dist","full_name_match","UNIP_8046","UNIP_8046[virtual]","4","1","UNIP_8046","UNIP_8046","UNIP_8046","plantr_exact","High","PARQUE NACIONAL SERRA DA BOCAINA"
,"Herbário Virtual REFLORA Disponível em: http://herbariovirtualreflora.jbrj.gov.br/reflora/herbarioVirtual/ConsultaPublicoHVUC/ConsultaPublicoHVUC.do?idTestemunho=4584165",,,"UNIP","UNIP",,"PRESERVED_SPECIMEN","UNIP08050","3544","Paciencia, M.;Estrella, A.,Paciencia, F.A.P.,Peres, B.A.,Zuppi, R.A.",,"2017-01-12","2017","1","12","2017-1-12",,,"Brasil","BR","São Paulo",,"Cunha","Sítio da Lua. Zona rural de Cunha, arredores do PARNA Serra da Bocaina. Área aberta.",,,"-23.084444","-44.93",,,,,"Paciencia, M.",,,"Moquiniastrum polymorphum (Less.) G.Sancho","Magnoliopsida","Asterales","Asteraceae","Cabrera","species","(Less.) G. Sancho","ACCEPTED",,,"Moquiniastrum polymorphum (Less.) G.Sancho",,,,"Moquiniastrum polymorphum (Less.) G. Sancho","Moquiniastrum polymorphum",,,"jbrj-public.s3-sa-east-1.amazonaws.com/fsi/server?type=image&source=DZI/unip/unip/0/0/80/50/unip00008050.dzi",,,,"GBIF","UNIP",,"Paciencia, M.","3544","2017","Paciencia, M.","2017","Estrella, A.; Paciencia, F.A.P.; Peres, B.A.; Zuppi, R.A.","Paciencia",,"brazil","sao paulo","cunha","sitio da lua, arredores do parna serra da bocaina","sitio da lua","locality","brazil_sao paulo_cunha","brazil_sao paulo_cunha",-23.05263382,-44.94193944,"county",500382,"Moquiniastrum polymorphum","(Less.) G. Sancho","name_w_authors","Asteraceae","Moquiniastrum polymorphum","(Less.) G. Sancho","species","name accepted","bfo-130869",,,"Moquiniastrum polymorphum (Less.) G. Sancho","Moquiniastrum","Asteraceae","brazil_sao paulo_cunha","Brazil","São Paulo","Cunha",,"ibge",TRUE,-23.084444,-44.93,"coord_original","seconds","high","Moquiniastrum polymorphum","check_local.2municip.","ok_county",,FALSE,"ok_dist","full_name_match","UNIP_8050","UNIP_8050[virtual]","4","1","UNIP_8050","UNIP_8050","UNIP_8050","plantr_exact","High","PARQUE NACIONAL SERRA DA BOCAINA"
,"Herbário Virtual REFLORA Disponível em: http://herbariovirtualreflora.jbrj.gov.br/reflora/herbarioVirtual/ConsultaPublicoHVUC/ConsultaPublicoHVUC.do?idTestemunho=4584164",,,"UNIP","UNIP",,"PRESERVED_SPECIMEN","UNIP08049","3543","Paciencia, M.;Estrella, A.,Paciencia, F.A.P.,Peres, B.A.,Zuppi, R.A.",,"2017-01-12","2017","1","12","2017-1-12",,,"Brasil","BR","São Paulo",,"Cunha","Sítio da Lua. Zona rural de Cunha, arredores do PARNA Serra da Bocaina. Área aberta.",,,"-23.084444","-44.93",,,,,"Mellado, B.F.","2017-02-24",,"Miconia ligustroides (DC.) Naudin","Magnoliopsida","Myrtales","Melastomataceae","Miconia","species","(DC.) Naudin","ACCEPTED",,,"Miconia ligustroides (DC.) Naudin",,,,"Miconia ligustroides (DC.) Naudin","Miconia ligustroides",,,"jbrj-public.s3-sa-east-1.amazonaws.com/fsi/server?type=image&source=DZI/unip/unip/0/0/80/49/unip00008049.dzi",,,,"GBIF","UNIP",,"Paciencia, M.","3543","2017","Mellado, B.F.","2017","Estrella, A.; Paciencia, F.A.P.; Peres, B.A.; Zuppi, R.A.","Paciencia",,"brazil","sao paulo","cunha","sitio da lua, arredores do parna serra da bocaina","sitio da lua","locality","brazil_sao paulo_cunha","brazil_sao paulo_cunha",-23.05263382,-44.94193944,"county",500385,"Miconia ligustroides","(DC.) Naudin","name_w_authors","Melastomataceae","Miconia ligustroides","(DC.) Naudin","species","name accepted","bfo-9726",,,"Miconia ligustroides (DC.) Naudin","Miconia","Melastomataceae","brazil_sao paulo_cunha","Brazil","São Paulo","Cunha",,"ibge",TRUE,-23.084444,-44.93,"coord_original","seconds","high","Miconia ligustroides","check_local.2municip.","ok_county",,FALSE,"ok_dist","full_name_match","UNIP_8049","UNIP_8049[virtual]","4","1","UNIP_8049","UNIP_8049","UNIP_8049","plantr_exact","High","PARQUE NACIONAL SERRA DA BOCAINA"
,"Herbário Virtual REFLORA Disponível em: http://herbariovirtualreflora.jbrj.gov.br/reflora/herbarioVirtual/ConsultaPublicoHVUC/ConsultaPublicoHVUC.do?idTestemunho=4584168",,,"UNIP","UNIP",,"PRESERVED_SPECIMEN","UNIP08053","3548","Paciencia, M.;Estrella, A.,Paciencia, F.A.P.,Peres, B.A.,Zuppi, R.A.",,"2017-01-12","2017","1","12","2017-1-12",,,"Brasil","BR","São Paulo",,"Cunha","Sítio da Lua. Zona rural de Cunha, arredores do PARNA Serra da Bocaina. Área aberta.",,,"-23.084444","-44.93",,,,,"Mellado, B.F.; Paciencia, M.","2017-02-20",,"Daphnopsis brasiliensis Mart. & Zucc.","Magnoliopsida","Malvales","Thymelaeaceae","Daphnopsis","species","Mart.","ACCEPTED",,,"Daphnopsis brasiliensis Mart. & Zucc.",,,,"Daphnopsis brasiliensis Mart.","Daphnopsis brasiliensis",,,"imagens4.jbrj.gov.br/fsi/server?type=image&source=u/unip/output_092017_II_jpg/UNIP 08053.JPG",,,,"GBIF","UNIP",,"Paciencia, M.","3548","2017","Mellado, B.F.","2017","Estrella, A.; Paciencia, F.A.P.; Peres, B.A.; Zuppi, R.A.","Paciencia","Paciencia, M.","brazil","sao paulo","cunha","sitio da lua, arredores do parna serra da bocaina","sitio da lua","locality","brazil_sao paulo_cunha","brazil_sao paulo_cunha",-23.05263382,-44.94193944,"county",500381,"Daphnopsis brasiliensis","Mart.","name_w_authors","Thymelaeaceae","Daphnopsis brasiliensis","Mart.","species","author misspelled","bfo-14942",,,"Daphnopsis brasiliensis Mart.","Daphnopsis","Thymelaeaceae","brazil_sao paulo_cunha","Brazil","São Paulo","Cunha",,"ibge",TRUE,-23.084444,-44.93,"coord_original","seconds","high","Daphnopsis brasiliensis","check_local.2municip.","ok_county",,FALSE,"ok_dist","full_name_match","UNIP_8053","UNIP_8053[virtual]","4","1","UNIP_8053","UNIP_8053","UNIP_8053","plantr_exact","High","PARQUE NACIONAL SERRA DA BOCAINA"
,"Herbário Virtual REFLORA Disponível em: http://herbariovirtualreflora.jbrj.gov.br/reflora/herbarioVirtual/ConsultaPublicoHVUC/ConsultaPublicoHVUC.do?idTestemunho=4584162",,,"UNIP","UNIP",,"PRESERVED_SPECIMEN","UNIP08047","3541","Paciencia, M.;Estrella, A.,Paciencia, F.A.P.,Peres, B.A.,Zuppi, R.A.",,"2017-01-12","2017","1","12","2017-1-12",,,"Brasil","BR","São Paulo",,"Cunha","Sítio da Lua. Zona rural de Cunha, arredores do PARNA Serra da Bocaina. Área aberta.",,,"-23.084444","-44.93",,,,,"Paciencia, M.",,,"Byrsonima intermedia A.Juss.","Magnoliopsida","Malpighiales","Malpighiaceae","Byrsonima","species","A.Juss.","ACCEPTED",,,"Byrsonima intermedia A.Juss.",,,,"Byrsonima intermedia A.Juss.","Byrsonima intermedia",,,"jbrj-public.s3-sa-east-1.amazonaws.com/fsi/server?type=image&source=DZI/unip/unip/0/0/80/47/unip00008047.dzi",,,,"GBIF","UNIP",,"Paciencia, M.","3541","2017","Paciencia, M.","2017","Estrella, A.; Paciencia, F.A.P.; Peres, B.A.; Zuppi, R.A.","Paciencia",,"brazil","sao paulo","cunha","sitio da lua, arredores do parna serra da bocaina","sitio da lua","locality","brazil_sao paulo_cunha","brazil_sao paulo_cunha",-23.05263382,-44.94193944,"county",500384,"Byrsonima intermedia","A.Juss.","name_w_authors","Malpighiaceae","Byrsonima intermedia","A.Juss.","species","name accepted","bfo-8835",,,"Byrsonima intermedia A.Juss.","Byrsonima","Malpighiaceae","brazil_sao paulo_cunha","Brazil","São Paulo","Cunha",,"ibge",TRUE,-23.084444,-44.93,"coord_original","seconds","high","Byrsonima intermedia","check_local.2municip.","ok_county",,FALSE,"ok_dist","full_name_match","UNIP_8047","UNIP_8047[virtual]","4","1","UNIP_8047","UNIP_8047","UNIP_8047","plantr_exact","High","PARQUE NACIONAL SERRA DA BOCAINA"
,"Herbário Virtual REFLORA Disponível em: http://herbariovirtualreflora.jbrj.gov.br/reflora/herbarioVirtual/ConsultaPublicoHVUC/ConsultaPublicoHVUC.do?idTestemunho=4584154",,,"UNIP","UNIP",,"PRESERVED_SPECIMEN","UNIP08051","3546","Paciencia, M.;Estrella, A.,Paciencia, F.A.P.,Peres, B.A.,Zuppi, R.A.",,"2017-01-12","2017","1","12","2017-1-12",,,"Brasil","BR","São Paulo",,"Cunha","Sítio da Lua. Zona rural de Cunha, arredores do PARNA Serra da Bocaina. Área aberta.",,,"-23.084444","-44.93",,,,,"Paciencia, M.; Mellado, B.F.","2017-02-20",,"Annona dolabripetala Raddi","Magnoliopsida","Magnoliales","Annonaceae","Annona","species","Raddi","ACCEPTED",,,"Annona dolabripetala Raddi",,,,"Annona dolabripetala Raddi","Annona dolabripetala",,,"jbrj-public.s3-sa-east-1.amazonaws.com/fsi/server?type=image&source=DZI/unip/unip/0/0/80/51/unip00008051.dzi",,,,"GBIF","UNIP",,"Paciencia, M.","3546","2017","Paciencia, M.","2017","Estrella, A.; Paciencia, F.A.P.; Peres, B.A.; Zuppi, R.A.","Paciencia","Mellado, B.F.","brazil","sao paulo","cunha","sitio da lua, arredores do parna serra da bocaina","sitio da lua","locality","brazil_sao paulo_cunha","brazil_sao paulo_cunha",-23.05263382,-44.94193944,"county",500387,"Annona dolabripetala","Raddi","name_w_authors","Annonaceae","Annona dolabripetala","Raddi","species","name accepted","bfo-110241",,,"Annona dolabripetala Raddi","Annona","Annonaceae","brazil_sao paulo_cunha","Brazil","São Paulo","Cunha",,"ibge",TRUE,-23.084444,-44.93,"coord_original","seconds","high","Annona dolabripetala","check_local.2municip.","ok_county",,FALSE,"ok_dist","full_name_match","UNIP_8051","UNIP_8051[virtual]","1","0.25","UNIP_8051","UNIP_8051","UNIP_8051","plantr_exact","High","PARQUE NACIONAL SERRA DA BOCAINA"
,"Herbário Virtual REFLORA Disponível em: http://herbariovirtualreflora.jbrj.gov.br/reflora/herbarioVirtual/ConsultaPublicoHVUC/ConsultaPublicoHVUC.do?idTestemunho=6716501",,,"R","R",,"PRESERVED_SPECIMEN","R010071552","61a","Picanço, W.L.;Trovó, M.L.O.",,"2016-07-23","2016","7","23","2016-7-23",,,"Brasil","BR","São Paulo",,"Areias","Estrada de São José do Barreiro para o Bairro dos Macacos, após a Casa de Pedra Parque Nacional da Serra da Bocaina",,,"-22.741111","-44.696944",,,,,"Picanço, W.L.",,,"Polygala glochidata Kunth","Magnoliopsida","Fabales","Polygalaceae","Polygala","species","Kunth","SYNONYM",,,"Senega glochidata (Kunth) J.F.B.Pastore",,,,"Polygala glochidata Kunth","Senega glochidata",,,"jbrj-public.s3-sa-east-1.amazonaws.com/fsi/server?type=image&source=DZI/herbariumr/r/1/0/71/55/2/r010071552.dzi",,,,"GBIF","R",,"Picanco, W.L.","61-A","2016","Picanco, W.L.","2016","Trovo, M.L.O.","Picanco",,"brazil","sao paulo","areias","estrada de sao jose do barreiro para o bairro dos macacos, apos a casa de pedra parque nacional da serra da bocaina","estrada de sao jose do barreiro para o bairro dos macacos","locality","brazil_sao paulo_areias","brazil_sao paulo_areias",-22.67280379,-44.7121924,"county",762003,"Senega glochidata","(Kunth) J.F.B.Pastore","name_w_authors","Polygalaceae","Senega glochidata","(Kunth) J.F.B.Pastore","species","replaced synonym","bfo-625019","Senega glochidata","(Kunth) J.F.B.Pastore","Senega glochidata (Kunth) J.F.B.Pastore","Senega","Polygalaceae","brazil_sao paulo_areias","Brazil","São Paulo","Areias",,"ibge",TRUE,-22.741111,-44.696944,"coord_original","seconds","high","Senega glochidata","check_local.2municip.","ok_county",,FALSE,"ok_dist","full_name_match","R_10071552","R_10071552[virtual]","4","1","R_10071552","R_10071552","R_10071552","plantr_exact","High","PARQUE NACIONAL SERRA DA BOCAINA"
,"Herbário Virtual REFLORA Disponível em: http://herbariovirtualreflora.jbrj.gov.br/reflora/herbarioVirtual/ConsultaPublicoHVUC/ConsultaPublicoHVUC.do?idTestemunho=6716505",,,"R","R",,"PRESERVED_SPECIMEN","R010071560","61b","Picanço, W.L.;Trovó, M.L.O.",,"2016-07-23","2016","7","23","2016-7-23",,,"Brasil","BR","São Paulo",,"Areias","Estrada de São José do Barreiro para o Bairro dos Macacos, após a Casa de Pedra Parque Nacional da Serra da Bocaina",,,"-22.741111","-44.696944",,,,,"Picanço, W.L.",,,"Polygala brasiliensis L.","Magnoliopsida","Fabales","Polygalaceae","Polygala","species","L.","ACCEPTED",,,"Polygala brasiliensis L.",,,,"Polygala brasiliensis L.","Polygala brasiliensis",,,"jbrj-public.s3-sa-east-1.amazonaws.com/fsi/server?type=image&source=DZI/herbariumr/r/1/0/71/56/0/r010071560.dzi",,,,"GBIF","R",,"Picanco, W.L.","61-B","2016","Picanco, W.L.","2016","Trovo, M.L.O.","Picanco",,"brazil","sao paulo","areias","estrada de sao jose do barreiro para o bairro dos macacos, apos a casa de pedra parque nacional da serra da bocaina","estrada de sao jose do barreiro para o bairro dos macacos","locality","brazil_sao paulo_areias","brazil_sao paulo_areias",-22.67280379,-44.7121924,"county",761999,"Senega brasiliensis","(L.) J.F.B.Pastore","name_w_authors","Polygalaceae","Senega brasiliensis","(L.) J.F.B.Pastore","species","replaced synonym","bfo-624998","Senega brasiliensis","(L.) J.F.B.Pastore","Senega brasiliensis (L.) J.F.B.Pastore","Senega","Polygalaceae","brazil_sao paulo_areias","Brazil","São Paulo","Areias",,"ibge",TRUE,-22.741111,-44.696944,"coord_original","seconds","high","Senega brasiliensis","check_local.2municip.","ok_county",,FALSE,"ok_dist","full_name_match","R_10071560","R_10071560[virtual]","4","1","R_10071560","R_10071560","R_10071560","plantr_exact","High","PARQUE NACIONAL SERRA DA BOCAINA"
,"Herbário Virtual REFLORA Disponível em: http://herbariovirtualreflora.jbrj.gov.br/reflora/herbarioVirtual/ConsultaPublicoHVUC/ConsultaPublicoHVUC.do?idTestemunho=6716503",,,"R","R",,"PRESERVED_SPECIMEN","R010071557","65","Picanço, W.L.;Trovó, M.L.O.",,"2016-07-23","2016","7","23","2016-7-23",,,"Brasil","BR","São Paulo",,"Areias","Estrada de São José do Barreiro para o Bairro dos Macacos, após a Casa de Pedra Parque Nacional da Serra da Bocaina",,,"-22.740833","-44.695278",,,,,"Picanço, W.L.","2016-07-23",,"Senecio oleosus Vell.","Magnoliopsida","Asterales","Asteraceae","Senecio","species","Vell.","ACCEPTED",,,"Senecio oleosus Vell.",,,,"Senecio oleosus Vell.","Senecio oleosus",,,"jbrj-public.s3-sa-east-1.amazonaws.com/fsi/server?type=image&source=DZI/herbariumr/r/1/0/71/55/7/r010071557.dzi",,,,"GBIF","R",,"Picanco, W.L.","65","2016","Picanco, W.L.","2016","Trovo, M.L.O.","Picanco",,"brazil","sao paulo","areias","estrada de sao jose do barreiro para o bairro dos macacos, apos a casa de pedra parque nacional da serra da bocaina","estrada de sao jose do barreiro para o bairro dos macacos","locality","brazil_sao paulo_areias","brazil_sao paulo_areias",-22.67280379,-44.7121924,"county",762001,"Senecio oleosus","Vell.","name_w_authors","Asteraceae","Senecio oleosus","Vell.","species","name accepted","bfo-115806",,,"Senecio oleosus Vell.","Senecio","Asteraceae","brazil_sao paulo_areias","Brazil","São Paulo","Areias",,"ibge",TRUE,-22.740833,-44.695278,"coord_original","seconds","high","Senecio oleosus","check_local.2municip.","ok_county",,FALSE,"ok_dist","full_name_match","R_10071557","R_10071557[virtual]","4","1","R_10071557","R_10071557","R_10071557","plantr_exact","High","PARQUE NACIONAL SERRA DA BOCAINA"
,"Herbário Virtual REFLORA Disponível em: http://herbariovirtualreflora.jbrj.gov.br/reflora/herbarioVirtual/ConsultaPublicoHVUC/ConsultaPublicoHVUC.do?idTestemunho=6716506",,,"R","R",,"PRESERVED_SPECIMEN","R010071562","67","Picanço, W.L.;Trovó, M.L.O.",,"2016-07-23","2016","7","23","2016-7-23",,,"Brasil","BR","São Paulo",,"São José do Barreiro","Estrada de São José do Barreiro para o Bairro dos Macacos, após a Casa de Pedra. Morro da Antena Parque Nacional da Serra da Bocaina",,,"-22.740278","-44.664444",,,,,"Picanço, W.L.",,,"Praxelis grandiflora (DC.) Sch.Bip.","Magnoliopsida","Asterales","Asteraceae","Praxelis","species","(DC.) Sch.Bip.","ACCEPTED",,,"Praxelis grandiflora (DC.) Sch.Bip.",,,,"Praxelis grandiflora (DC.) Sch.Bip.","Praxelis grandiflora",,,"jbrj-public.s3-sa-east-1.amazonaws.com/fsi/server?type=image&source=DZI/herbariumr/r/1/0/71/56/2/r010071562.dzi",,,,"GBIF","R",,"Picanco, W.L.","67","2016","Picanco, W.L.","2016","Trovo, M.L.O.","Picanco",,"brazil","sao paulo","sao jose do barreiro","estrada de sao jose do barreiro para o bairro dos macacos, morro da antena parque nacional da serra da bocaina","estrada de sao jose do barreiro para o bairro dos macacos","locality","brazil_sao paulo_sao jose barreiro","brazil_sao paulo_sao jose barreiro",-22.74888367,-44.58687717,"county",762000,"Praxelis grandiflora","(DC.) Sch.Bip.","name_w_authors","Asteraceae","Praxelis grandiflora","(DC.) Sch.Bip.","species","name accepted","bfo-27331",,,"Praxelis grandiflora (DC.) Sch.Bip.","Praxelis","Asteraceae","brazil_sao paulo_sao jose barreiro","Brazil","São Paulo","São José do Barreiro",,"ibge",TRUE,-22.740278,-44.664444,"coord_original","seconds","high","Praxelis grandiflora","check_local.2municip.","ok_state",,FALSE,"ok_dist","full_name_match","R_10071562","R_10071562|R_234438","4","1","R_10071562","R_10071562","R_10071562","plantr_exact","High","PARQUE NACIONAL SERRA DA BOCAINA"
,"Herbário Virtual REFLORA Disponível em: http://herbariovirtualreflora.jbrj.gov.br/reflora/herbarioVirtual/ConsultaPublicoHVUC/ConsultaPublicoHVUC.do?idTestemunho=6716507",,,"R","R",,"PRESERVED_SPECIMEN","R010071563","66","Picanço, W.L.;Trovó, M.L.O.",,"2016-07-23","2016","7","23","2016-7-23",,,"Brasil","BR","São Paulo",,"São José do Barreiro","Estrada de São José do Barreiro para o Bairro dos Macacos, após a Casa de Pedra. Morro da Antena Parque Nacional da Serra da Bocaina",,,"-22.740278","-44.664444",,,,,"Picanço, W.L.",,,"Lessingianthus roseus (Mart. ex DC.) H.Rob.","Magnoliopsida","Asterales","Asteraceae","Lessingianthus","species","(Mart. ex DC.) H.Rob.","ACCEPTED",,,"Lessingianthus roseus (Mart. ex DC.) H.Rob.",,,,"Lessingianthus roseus (Mart. ex DC.) H.Rob.","Lessingianthus roseus",,,"jbrj-public.s3-sa-east-1.amazonaws.com/fsi/server?type=image&source=DZI/herbariumr/r/1/0/71/56/3/r010071563.dzi",,,,"GBIF","R",,"Picanco, W.L.","66","2016","Picanco, W.L.","2016","Trovo, M.L.O.","Picanco",,"brazil","sao paulo","sao jose do barreiro","estrada de sao jose do barreiro para o bairro dos macacos, morro da antena parque nacional da serra da bocaina","estrada de sao jose do barreiro para o bairro dos macacos","locality","brazil_sao paulo_sao jose barreiro","brazil_sao paulo_sao jose barreiro",-22.74888367,-44.58687717,"county",761998,"Lessingianthus roseus","(Mart. ex DC.) H.Rob.","name_w_authors","Asteraceae","Lessingianthus roseus","(Mart. ex DC.) H.Rob.","species","name accepted","bfo-27221",,,"Lessingianthus roseus (Mart. ex DC.) H.Rob.","Lessingianthus","Asteraceae","brazil_sao paulo_sao jose barreiro","Brazil","São Paulo","São José do Barreiro",,"ibge",TRUE,-22.740278,-44.664444,"coord_original","seconds","high","Lessingianthus roseus","check_local.2municip.","ok_state",,FALSE,"ok_dist","full_name_match","R_10071563","R_10071563[virtual]","4","1","R_10071563","R_10071563","R_10071563","plantr_exact","High","PARQUE NACIONAL SERRA DA BOCAINA"
,"Herbário Virtual REFLORA Disponível em: http://herbariovirtualreflora.jbrj.gov.br/reflora/herbarioVirtual/ConsultaPublicoHVUC/ConsultaPublicoHVUC.do?idTestemunho=3240287",,,"HUFU","HUFU",,"PRESERVED_SPECIMEN","HUFU00046269","s.n.","Assis, M.V.;Assis, MV","Árvore.","2015-04-07","2015","4","7","07/04/2015",,"Árvore.","Brasil","BR","São Paulo",,"São José do Barreiro","Parque Nacional da Serra da Bocaina; Próximo ao fim da trilha, São José do Barreiro.",,,,,,,,,"Nakajima, JN",,,"Grazielia intermedia (DC.) R.M.King & H.Rob.","Magnoliopsida","Asterales","Asteraceae","Grazielia","species","(DC.) R.M.King & H.Rob.","ACCEPTED",,,"Grazielia intermedia (DC.) R.M.King & H.Rob.",,,,"Grazielia intermedia (DC.) R.M.King & H.Rob.","Grazielia intermedia",,,"jbrj-public.s3-sa-east-1.amazonaws.com/fsi/server?type=image&source=DZI/hufu/hufu/0/4/62/69/hufu00046269.dzi",,,,"GBIF","HUFU",,"Assis, M.V.",,"2015","Nakajima, J.N.",,"Assis, M.V.","Assis",,"brazil","sao paulo","sao jose do barreiro","parque nacional da serra da bocaina",,"locality","brazil_sao paulo_sao jose barreiro_parque nacional serra bocaina","brazil_sao paulo_sao jose barreiro_parque nacional serra bocaina",-22.74484201,-44.61460885,"locality",502743,"Grazielia intermedia","(DC.) R.M.King & H.Rob.","name_w_authors","Asteraceae","Grazielia intermedia","(DC.) R.M.King & H.Rob.","species","name accepted","bfo-27080",,,"Grazielia intermedia (DC.) R.M.King & H.Rob.","Grazielia","Asteraceae","brazil_sao paulo_sao jose barreiro","Brazil","São Paulo","São José do Barreiro",,"ibge",TRUE,-22.74484201,-44.61460885,"coord_gazet","seconds","high","Grazielia intermedia","ok_same_resolution","ok_locality_gazet",,FALSE,"ok_dist","full_name_match","HUFU_46269",,"cc","cc",,,,"plantr_exact","High","PARQUE NACIONAL SERRA DA BOCAINA"
,,,,"R","R",,"PRESERVED_SPECIMEN","R010044078","228","Kessous, I.M.","Lâminas verdes, bainha alvacenta. Brácteas primárias vermelhas. Habito: Epífita.",,"2015","5","06",,,"Lâminas verdes, bainha alvacenta. Brácteas primárias vermelhas. Habito: Epífita.","Brasil",,"São Paulo",,"Bananal","Parque Nacional da Serra da Bocaina, Trilha para cachoeira do Bracuí.",,,,,,,,"não","Sem determinador",,,"ndeterminado",,,,,,,,,,,,,,"ndeterminado",,,,,,"R 233030",,"Reflora","R",,"Kessous, I.M.","228","2015","Determinador, S.",,,"Kessous",,"brazil","sao paulo","bananal","parque nacional da serra da bocaina",,"locality","brazil_sao paulo_bananal","brazil_sao paulo_bananal",-22.73353405,-44.33438939,"county",1929859,"Ndeterminado",,"name_w_wrong_case|indet",,"Ndeterminado",,"genus","not found",,,,"Ndeterminado","Ndeterminado",,"brazil_sao paulo_bananal","Brazil","São Paulo","Bananal",,"ibge",TRUE,-22.73353405,-44.33438939,"coord_gazet","seconds_centroid","high",,"check_local.2municip.","ok_county_gazet",,FALSE,"no_cannot_check","no_match","R_10044078",,"cc","cc",,,,"plantr_exact","High","PARQUE NACIONAL SERRA DA BOCAINA"
,,,,"JBRJ","RB","RB - Rio de Janeiro Botanical Garden Herbarium Collection","PRESERVED_SPECIMEN","RB00856662","2853","M. Nadruz; J.F. Baumgratz et M. Bovini","Mata Pertubada em estágio de regeneração.","2014-06-05","2014","6","5",,,"Mata Pertubada em estágio de regeneração.","Brasil","BR","São Paulo",,"São Paulo","Estrada trilha do ouro. Parque Nacional Serra da Bocaina",,,"-22.7525","-44.622222",,"22º45´9´´","44º37´20´´W",,"R.F.ALMEIDA",,,"Tetrapterys phlomoides (Spreng.) Nied.","Magnoliopsida","Malpighiales","Malpighiaceae","Tetrapterys","species","(Spreng.) Nied.","ACCEPTED",,,"Tetrapterys phlomoides (Spreng.) Nied.",,,,"Tetrapterys phlomoides (Spreng.) Nied.","Tetrapterys phlomoides",,,"jbrj-public-img.s3-sa-east-1.amazonaws.com/JPG/rb/0/85/66/62/00856662.jpg",,,,"GBIF","RB",,"Nadruz, M.","2853","2014",,,"Baumgratz, J.F.; Bovini, M.","Nadruz",,"brazil","sao paulo","sao paulo","estrada trilha do ouro, parque nacional serra da bocaina","estrada trilha do ouro","locality","brazil_sao paulo_sao paulo","brazil_sao paulo_sao paulo",-23.65041685,-46.64802516,"county",257150,"Tetrapterys phlomoides","(Spreng.) Nied.","name_w_authors","Malpighiaceae","Tetrapterys phlomoides","(Spreng.) Nied.","species","name accepted","bfo-8971",,,"Tetrapterys phlomoides (Spreng.) Nied.","Tetrapterys","Malpighiaceae","brazil_sao paulo_sao paulo","Brazil","São Paulo","São Paulo",,"ibge",TRUE,-22.7525,-44.622222,"coord_original","seconds","high","Tetrapterys phlomoides","check_local.2municip.","ok_state",,FALSE,"ok_dist","full_name_match","RB_856662","RB_856662[virtual]","1","0.25",,"RB_856662","RB_856662","plantr_exact","High","PARQUE NACIONAL SERRA DA BOCAINA"
,,,,"JBRJ","RB","RB - Rio de Janeiro Botanical Garden Herbarium Collection","PRESERVED_SPECIMEN","RB00858585","1337","J.F.A. Baumgratz; M. Bovini et M. Nadruz","Floresta Ombrófila Alto-Montana alterada.","2014-06-03","2014","6","3",,,"Floresta Ombrófila Alto-Montana alterada.","Brasil","BR","São Paulo",,"São José do Barreiro","Zona de Amortecimento do PARNA Serra da Bocaina, na trilha que se inicia próxima a Pousada Campos da Bocaina em direção a Pedra da Bacia (ou pedra Alta), antes do mirante.",,,"-22.723889","-44.607778",,"22º43´26´´","44º36´28´´W",,"J.F.A. Baumgratz",,,"Pleroma minutiflorum (Cogn.) P.J.F.Guim. & Michelang.","Magnoliopsida","Myrtales","Melastomataceae","Pleroma","species","(Cogn.) P.J.F.Guim. & Michelang.","ACCEPTED",,,"Pleroma minutiflorum (Cogn.) P.J.F.Guim. & Michelang.",,,,"Pleroma minutiflorum (Cogn.) P.J.F.Guim. & Michelang.","Pleroma minutiflorum",,,"jbrj-public-img.s3-sa-east-1.amazonaws.com/JPG/rb/0/85/85/85/00858585.jpg",,,,"GBIF","RB",,"Baumgratz, J.F.A.","1337","2014","Baumgratz, J.F.A.",,"Bovini, M.; Nadruz, M.","Baumgratz",,"brazil","sao paulo","sao jose do barreiro","zona de amortecimento do parna serra da bocaina",,"locality","brazil_sao paulo_sao jose barreiro","brazil_sao paulo_sao jose barreiro",-22.74888367,-44.58687717,"county",257381,"Pleroma minutiflorum","(Cogn.) P.J.F.Guim. & Michelang.","name_w_authors","Melastomataceae","Pleroma minutiflorum","(Cogn.) P.J.F.Guim. & Michelang.","species","name accepted","bfo-612253",,,"Pleroma minutiflorum (Cogn.) P.J.F.Guim. & Michelang.","Pleroma","Melastomataceae","brazil_sao paulo_sao jose barreiro","Brazil","São Paulo","São José do Barreiro",,"ibge",TRUE,-22.723889,-44.607778,"coord_original","seconds","high","Pleroma minutiflorum","check_local.2municip.","ok_county",,FALSE,"ok_dist","full_name_match","RB_858585","RB_858585|RBR_56076","4","1","RB_858585","RB_858585","RB_858585","plantr_exact","High","PARQUE NACIONAL SERRA DA BOCAINA"
,,,,"JBRJ","RB","RB - Rio de Janeiro Botanical Garden Herbarium Collection","PRESERVED_SPECIMEN","RB00858369","1325","J.F.A. Baumgratz; M. Bovini et M. Nadruz","Floresta Ombrófila Montana e Alto-Montana alteradas, em formação campestre graminóide com arbustos e subarbustos esparsos, sobre latossolo amarelado.","2014-06-03","2014","6","3",,,"Floresta Ombrófila Montana e Alto-Montana alteradas, em formação campestre graminóide com arbustos e subarbustos esparsos, sobre latossolo amarelado.","Brasil","BR","São Paulo",,"São José do Barreiro","Na Zona de Amortecimento do PARNA Serra da Bocaina, na trilha que se inicia próxima a Pousada Campos da Bocaina em direção a Pedra da Bacia (ou pedra Alta), antes do mirante.",,,"-22.723333","-44.610278",,"22º43´24´´","44º36´37´´W",,"J.F.A. Baumgratz",,,"Pleroma martiusianum (DC.) P.J.F.Guim. & Michelang.","Magnoliopsida","Myrtales","Melastomataceae","Pleroma","species","(DC.) P.J.F.Guim. &Michelang.","ACCEPTED",,,"Pleroma martiusianum (DC.) P.J.F.Guim. & Michelang.",,,,"Pleroma martiusianum (DC.) P.J.F.Guim. &Michelang.","Pleroma martiusianum",,,"jbrj-public-img.s3-sa-east-1.amazonaws.com/JPG/rb/0/85/83/69/00858369.jpg",,,,"GBIF","RB",,"Baumgratz, J.F.A.","1325","2014","Baumgratz, J.F.A.",,"Bovini, M.; Nadruz, M.","Baumgratz",,"brazil","sao paulo","sao jose do barreiro","na zona de amortecimento do parna serra da bocaina",,"locality","brazil_sao paulo_sao jose barreiro","brazil_sao paulo_sao jose barreiro",-22.74888367,-44.58687717,"county",257362,"Pleroma martiusianum","(DC.) P.J.F.Guim. &Michelang.","name_w_authors","Melastomataceae","Pleroma martiusianum","(DC.) P.J.F.Guim. &Michelang.","species","name accepted","bfo-606938",,,"Pleroma martiusianum (DC.) P.J.F.Guim. &Michelang.","Pleroma","Melastomataceae","brazil_sao paulo_sao jose barreiro","Brazil","São Paulo","São José do Barreiro",,"ibge",TRUE,-22.723333,-44.610278,"coord_original","seconds","high","Pleroma martiusianum","check_local.2municip.","ok_county",,FALSE,"ok_dist","full_name_match","RB_858369","RB_858369|RBR_56634","4","1","RB_858369","RB_858369","RB_858369","plantr_exact","High","PARQUE NACIONAL SERRA DA BOCAINA"
,,,,"JBRJ","RB","RB - Rio de Janeiro Botanical Garden Herbarium Collection","PRESERVED_SPECIMEN","RB00858424","1329","J.F.A. Baumgratz; M. Bovini et M. Nadruz","Floresta Ombrófila Montana e Alto-Montana alteradas, em formação campestre graminóide com arbustos e subarbustos esparsos, sobre latossolo amarelado.","2014-06-03","2014","6","3",,,"Floresta Ombrófila Montana e Alto-Montana alteradas, em formação campestre graminóide com arbustos e subarbustos esparsos, sobre latossolo amarelado.","Brasil","BR","São Paulo",,"São José do Barreiro","Zona de Amortecimento do PARNA Serra da Bocaina, na trilha que se inicia próxima a Pousada Campos da Bocaina em direção a Pedra da Bacia (ou pedra Alta), antes do mirante.",,,"-22.723056","-44.61",,"22º43´23´´","44º36´36´´W",,"J.F.A. Baumgratz",,,"Pleroma frigidulum (DC.) Triana","Magnoliopsida","Myrtales","Melastomataceae","Pleroma","species","(Schrank et Mart. ex DC.) Triana","SYNONYM",,,"Pleroma martiusianum (DC.) P.J.F.Guim. & Michelang.",,,,"Pleroma frigidulum (Schrank et Mart. ex DC.) Triana","Pleroma martiusianum",,,"jbrj-public-img.s3-sa-east-1.amazonaws.com/JPG/rb/0/85/84/24/00858424.jpg",,,,"GBIF","RB",,"Baumgratz, J.F.A.","1329","2014",,,"Bovini, M.; Nadruz, M.","Baumgratz",,"brazil","sao paulo","sao jose do barreiro","zona de amortecimento do parna serra da bocaina",,"locality","brazil_sao paulo_sao jose barreiro","brazil_sao paulo_sao jose barreiro",-22.74888367,-44.58687717,"county",257357,"Pleroma frigidulum","(Schrank et Mart. ex DC.) Triana","name_w_authors","Melastomataceae","Pleroma frigidulum","(Schrank et Mart. ex DC.) Triana","species","author misspelled","bfo-603032",,,"Pleroma frigidulum (Schrank et Mart. ex DC.) Triana","Pleroma","Melastomataceae","brazil_sao paulo_sao jose barreiro","Brazil","São Paulo","São José do Barreiro",,"ibge",TRUE,-22.723056,-44.61,"coord_original","seconds","high","Pleroma frigidulum","check_local.2municip.","ok_county",,FALSE,"ok_dist","full_name_match","RB_858424","RB_858424[virtual]","4","1",,"RB_858424","RB_858424","plantr_exact","High","PARQUE NACIONAL SERRA DA BOCAINA"
,,"https://specieslink.net/col/441",,"UFV","VIC",,"PRESERVED_SPECIMEN","48428","1314","Baumgratz, J.F.A.; et al.",,"2014-06-02","2014","6","2",,,,"Brasil","BR","São Paulo",,"São José do Barreiro","Zona de Amortecimento, na beira da estrada entre a sede do PARNA Serra da Bocaina e a pousada Campos da Bocaina.",,,,,,,,,,,,"Pleroma fothergillii (Schrank & Mart. ex DC.) Triana","Magnoliopsida","Myrtales","Melastomataceae","Pleroma","species","(Schrank et Mat. ex DC) Triana","ACCEPTED",,,"Pleroma fothergillii (Schrank & Mart. ex DC.) Triana",,,,"Pleroma fothergillii","Pleroma fothergillii",,,"https://images.cria.org.br/viewer/VIC048428",,,,"GBIF","VIC",,"Baumgratz, J.F.A.","1314","2014",,,,"Baumgratz",,"brazil","sao paulo","sao jose do barreiro","na beira da estrada entre a sede do parna serra da bocaina e a pousada campos da bocaina","zona de amortecimento","locality","brazil_sao paulo_sao jose barreiro","brazil_sao paulo_sao jose barreiro",-22.74888367,-44.58687717,"county",774926,"Pleroma fothergillii","(Schrank et Mart. ex DC.) Triana","name_w_authors","Melastomataceae","Pleroma fothergillii","(Schrank et Mart. ex DC.) Triana","species","author misspelled","bfo-603030",,,"Pleroma fothergillii (Schrank et Mart. ex DC.) Triana","Pleroma","Melastomataceae","brazil_sao paulo_sao jose barreiro","Brazil","São Paulo","São José do Barreiro",,"ibge",TRUE,-22.698889,-44.629444,"coord_original","seconds","high","Pleroma fothergillii","check_local.2municip.","ok_county",,FALSE,"ok_dist","full_name_match","VIC_48428","K_1516439|RB_854768|RB_K001516439|VIC_48428","3","0.75",,"RB_854768","RB_854768","plantr_exact","High","PARQUE NACIONAL SERRA DA BOCAINA"
,,,,"JBRJ","RB","RB - Rio de Janeiro Botanical Garden Herbarium Collection","PRESERVED_SPECIMEN","RB00854768","1314","J.F.A. Baumgratz; M. Bovini et M. Nadruz","Floresta Ombrófila Alto-Montana alterada, além de formações campestres graminóides e áreas de pastagens.","2014-06-02","2014","6","2",,,"Floresta Ombrófila Alto-Montana alterada, além de formações campestres graminóides e áreas de pastagens.","Brasil","BR","São Paulo",,"São José do Barreiro","Zona de Amortecimento, na beira da estrada entre a sede do PARNA Serra da Bocaina e a pousada Campos da Bocaina.",,,"-22.698889","-44.629444",,"22º41´56´´","44º37´46´´W",,"J.F.A. Baumgratz",,,"Pleroma fothergillae (DC.) Triana","Magnoliopsida","Myrtales","Melastomataceae","Pleroma","species","(Schrank et Mart. ex DC.) Triana","ACCEPTED",,,"Pleroma fothergillae (DC.) Triana",,,,"Pleroma fothergillae (DC.) Triana","Pleroma fothergillae",,,"jbrj-public-img.s3-sa-east-1.amazonaws.com/JPG/rb/0/85/47/68/00854768.jpg",,,,"GBIF","RB",,"Baumgratz, J.F.A.","1314","2014","Baumgratz, J.F.A.",,"Bovini, M.; Nadruz, M.","Baumgratz",,"brazil","sao paulo","sao jose do barreiro","na beira da estrada entre a sede do parna serra da bocaina e a pousada campos da bocaina","zona de amortecimento","locality","brazil_sao paulo_sao jose barreiro","brazil_sao paulo_sao jose barreiro",-22.74888367,-44.58687717,"county",1834488,"Pleroma fothergillae","(DC.) Triana","name_w_authors",,"Pleroma fothergillae","(DC.) Triana","species","not found",,,,"Pleroma fothergillae (DC.) Triana","Pleroma","Melastomataceae","brazil_sao paulo_sao jose barreiro","Brazil","São Paulo","São José do Barreiro",,"ibge",TRUE,-22.698889,-44.629444,"coord_original","seconds","high","Pleroma fothergillae","check_local.2municip.","ok_county",,FALSE,"no_cannot_check","no_match","RB_854768","K_1516439|RB_854768|RB_K001516439|VIC_48428","4","1",,"RB_854768","RB_854768","plantr_exact","High","PARQUE NACIONAL SERRA DA BOCAINA"
,,,,"JBRJ","RB","RB - Rio de Janeiro Botanical Garden Herbarium Collection","PRESERVED_SPECIMEN","RB00858583","1336","J.F.A. Baumgratz; M. Bovini et M. Nadruz","Floresta Ombrófila Montana e Alto-Montana alteradas, além de formações campestres graminóides e áreas de pastagens.","2014-06-03","2014","6","3",,,"Floresta Ombrófila Montana e Alto-Montana alteradas, além de formações campestres graminóides e áreas de pastagens.","Brasil","BR","São Paulo",,"São José do Barreiro","Zona de Amortecimento do PARNA Serra da Bocaina, na trilha que se inicia próxima a Pousada Campos da Bocaina em direção a Pedra da Bacia (ou pedra Alta), antes do mirante.",,,"-22.723889","-44.607778",,"22º43´26´´","44º36´28´´W",,"J.F.A. Baumgratz",,,"Pleroma echinatum Gardner","Magnoliopsida","Myrtales","Melastomataceae","Pleroma","species","Gardner","ACCEPTED",,,"Pleroma echinatum Gardner",,,,"Pleroma echinatum Gardner","Pleroma echinatum",,,"jbrj-public-img.s3-sa-east-1.amazonaws.com/JPG/rb/0/85/85/83/00858583.jpg",,,,"GBIF","RB",,"Baumgratz, J.F.A.","1336","2014",,,"Bovini, M.; Nadruz, M.","Baumgratz",,"brazil","sao paulo","sao jose do barreiro","zona de amortecimento do parna serra da bocaina",,"locality","brazil_sao paulo_sao jose barreiro","brazil_sao paulo_sao jose barreiro",-22.74888367,-44.58687717,"county",257382,"Pleroma echinatum","Gardner","name_w_authors","Melastomataceae","Pleroma echinatum","Gardner","species","name accepted","bfo-602865",,,"Pleroma echinatum Gardner","Pleroma","Melastomataceae","brazil_sao paulo_sao jose barreiro","Brazil","São Paulo","São José do Barreiro",,"ibge",TRUE,-22.723889,-44.607778,"coord_original","seconds","high","Pleroma echinatum","check_local.2municip.","ok_county",,FALSE,"ok_dist","full_name_match","RB_858583","RB_858583[virtual]","3","0.75",,"RB_858583","RB_858583","plantr_exact","High","PARQUE NACIONAL SERRA DA BOCAINA"
,,"https://specieslink.net/col/155",,"UFPE","UFP",,"PRESERVED_SPECIMEN","76141","1938","Amorim, BS; Araújo, D; Marcusso, GM",,"2014-02-18","2014","2","18",,,,"Brasil","BR","São Paulo",,"São José do Barreiro","Parque Nacional Serra da Bocaina, Trilha Cachoeira Santo Isidoro, borda da cachoeira.",,,"-22.744722","-44.613056",,,,,"Amorim, BS","2014-02-01",,"Myrciaria tenella (DC.) O.Berg","Magnoliopsida","Myrtales","Myrtaceae","Myrciaria","species","(DC.) O. Berg","ACCEPTED",,,"Myrciaria tenella (DC.) O.Berg",,,,"Myrciaria tenela","Myrciaria tenella",,,,,,,"GBIF","UFP",,"Amorim, B.S.","1938","2014","Amorim, B.S.",,"Araujo, D.; Marcusso, G.M.","Amorim",,"brazil","sao paulo","sao jose do barreiro","parque nacional serra da bocaina",,"locality","brazil_sao paulo_sao jose barreiro_parque nacional serra bocaina","brazil_sao paulo_sao jose barreiro_parque nacional serra bocaina",-22.74484201,-44.61460885,"locality",211869,"Myrciaria tenella","(DC.) O.Berg","name_w_authors","Myrtaceae","Myrciaria tenella","(DC.) O.Berg","species","name accepted","bfo-10802",,,"Myrciaria tenella (DC.) O.Berg","Myrciaria","Myrtaceae","brazil_sao paulo_sao jose barreiro","Brazil","São Paulo","São José do Barreiro",,"ibge",TRUE,-22.744722,-44.613056,"coord_original","seconds","high","Myrciaria tenella","ok_same_resolution","ok_county",,FALSE,"ok_dist","full_name_match","UFP_76141","RB_1348472|SAMES_11564|UFP_76141","4","1","SAMES_11564","SAMES_11564","UFP_76141","plantr_exact","High","PARQUE NACIONAL SERRA DA BOCAINA"
,,,,"JBRJ","RB","RB - Rio de Janeiro Botanical Garden Herbarium Collection","PRESERVED_SPECIMEN","RB00860581","1368","J.F.A. Baumgratz; M.G. Bovini et M. Nadruz","Estrada Trilha do Ouro, em formação de Floresta Ombrófila Densa Montana alterada.","2014-06-05","2014","6","5",,,"Estrada Trilha do Ouro, em formação de Floresta Ombrófila Densa Montana alterada.","Brasil","BR","Sp",,"São José do Barreiro","Parque Nacional da Serra da Bocaina",,,"-22.753889","-44.620556",,"22º45´14´´","44º37´14´´W",,"J.F.A. Baumgratz","2014-07-01",,"Miconia racemifera (DC.) Triana","Magnoliopsida","Myrtales","Melastomataceae","Miconia","species","(DC.) Triana","ACCEPTED",,,"Miconia racemifera (DC.) Triana",,,,"Miconia racemifera (DC.) Triana","Miconia racemifera",,,"jbrj-public-img.s3-sa-east-1.amazonaws.com/JPG/rb/0/86/5/81/00860581.jpg",,,,"GBIF","RB",,"Baumgratz, J.F.A.","1368","2014","Baumgratz, J.F.A.",,"Bovini, M.G.; Nadruz, M.","Baumgratz",,"brazil","sao paulo","sao jose do barreiro","parque nacional da serra da bocaina",,"municipality","brazil_sao paulo_sao jose barreiro","brazil_sao paulo_sao jose barreiro_parque nacional serra bocaina",-22.74484201,-44.61460885,"locality",257569,"Miconia racemifera","(DC.) Triana","name_w_authors","Melastomataceae","Miconia racemifera","(DC.) Triana","species","name accepted","bfo-9757",,,"Miconia racemifera (DC.) Triana","Miconia","Melastomataceae","brazil_sao paulo_sao jose barreiro","Brazil","São Paulo","São José do Barreiro",,"ibge",TRUE,-22.753889,-44.620556,"coord_original","seconds","high","Miconia racemifera","ok_same_resolution","ok_county",,FALSE,"ok_dist","full_name_match","RB_860581","MBM_425766|PACA_118719|RB_860581|UFG_66808","4","1","MBM_425766","MBM_425766","PACA_118719","plantr_exact","High","PARQUE NACIONAL SERRA DA BOCAINA"
,,,,"JBRJ","RB","RB - Rio de Janeiro Botanical Garden Herbarium Collection","PRESERVED_SPECIMEN","RB00854775","1320","J.F.A. Baumgratz; M.G. Bovini et M. Nadruz","Floresta Ombrófila Alto-Montana alterada, além de formações campestres graminóides e áreas de pastagens.","2014-06-03","2014","6","3",,,"Floresta Ombrófila Alto-Montana alterada, além de formações campestres graminóides e áreas de pastagens.","Brazil","BR",,,"São José do Barreiro","Na zona de Amortecimento do PARNA Serra da Bocaina, na trilha que se inicia próxima a Pousada Campos da Bocaina em direção a Pedra da Bacia (ou pedra Alta), antes do mirante.",,,"-22.723056","-44.6125",,"22º43´23´´","44º36´45´´W",,"J.F.A. Baumgratz","2014-06-09",,"Miconia pusilliflora (DC.) Naudin","Magnoliopsida","Myrtales","Melastomataceae","Miconia","species","(DC.) Naudin","ACCEPTED",,,"Miconia pusilliflora (DC.) Naudin",,,,"Miconia pusilliflora (DC.) Naudin","Miconia pusilliflora",,,"jbrj-public-img.s3-sa-east-1.amazonaws.com/JPG/rb/0/85/47/75/00854775.jpg",,,,"GBIF","RB",,"Baumgratz, J.F.A.","1320","2014",,,"Bovini, M.G.; Nadruz, M.","Baumgratz",,"brazil",,"sao jose do barreiro","na zona de amortecimento do parna serra da bocaina",,"locality","brazil_sao paulo_sao jose barreiro","brazil_sao paulo_sao jose barreiro",-22.74888367,-44.58687717,"county",256939,"Miconia pusilliflora","(DC.) Naudin","name_w_authors","Melastomataceae","Miconia pusilliflora","(DC.) Naudin","species","name accepted","bfo-9754",,,"Miconia pusilliflora (DC.) Naudin","Miconia","Melastomataceae","brazil_sao paulo_sao jose barreiro","Brazil","São Paulo","São José do Barreiro",,"ibge",TRUE,-22.723056,-44.6125,"coord_original","seconds","high","Miconia pusilliflora","ok_country2municip.","ok_county",,FALSE,"ok_dist","full_name_match","RB_854775","K_1872337|RB_854775","4","1","K_1872337","K_1872337","K_1872337","plantr_exact","High","PARQUE NACIONAL SERRA DA BOCAINA"
,,,,"JBRJ","RB","RB - Rio de Janeiro Botanical Garden Herbarium Collection","PRESERVED_SPECIMEN","RB00854778","1322","J.F.A. Baumgratz; M. Bovini et M. Nadruz","Floresta Ombrófila Alto-Montana Alterada, além de formações campestres graminóides e áreas de pastagens.","2014-06-03","2014","6","3",,,"Floresta Ombrófila Alto-Montana Alterada, além de formações campestres graminóides e áreas de pastagens.","Brasil","BR","São Paulo",,"São José do Barreiro","Parque Nacional Serra da Bocaína",,,"-22.723056","-44.6125",,"22º43´23´´","44º36´45´´W",,"J.F.A. Baumgratz",,,"Leandra carassana (DC.) Cogn.","Magnoliopsida","Myrtales","Melastomataceae","Miconia","species","(DC.) Cogn.","SYNONYM",,,"Miconia sublanata (Cogn.) R.Goldenb.",,,,"Leandra carassana (DC.) Cogn.","Miconia sublanata",,,"jbrj-public-img.s3-sa-east-1.amazonaws.com/JPG/rb/0/85/47/78/00854778.jpg",,,,"GBIF","RB",,"Baumgratz, J.F.A.","1322","2014","Baumgratz, J.F.A.",,"Bovini, M.; Nadruz, M.","Baumgratz",,"brazil","sao paulo","sao jose do barreiro","parque nacional serra da bocaina",,"locality","brazil_sao paulo_sao jose barreiro","brazil_sao paulo_sao jose barreiro_parque nacional serra bocaina",-22.74484201,-44.61460885,"locality",256928,"Leandra carassana","(DC.) Cogn.","name_w_authors","Melastomataceae","Leandra carassana","(DC.) Cogn.","species","name accepted","bfo-9515",,,"Leandra carassana (DC.) Cogn.","Leandra","Melastomataceae","brazil_sao paulo_sao jose barreiro","Brazil","São Paulo","São José do Barreiro",,"ibge",TRUE,-22.723056,-44.6125,"coord_original","seconds","high","Leandra carassana","ok_same_resolution","ok_county",,FALSE,"ok_dist","full_name_match","RB_854778","RB_854778|UFG_71895","3","0.75","RB_854778","RB_854778","UFG_71895","locality_exact","High","PARQUE NACIONAL SERRA DA BOCAINA"
,,,,"JBRJ","RB","RB - Rio de Janeiro Botanical Garden Herbarium Collection","PRESERVED_SPECIMEN","RB00860524","1363","J.F.A. Baumgratz; M. Bovini et M. Nadruz","Crescendo na entrada da estrada para Pousada Campos da Bocaina, logo após sair da Trilha do Ouro, na borda de uma área de pastagem.","2014-06-04","2014","6","4",,,"Crescendo na entrada da estrada para Pousada Campos da Bocaina, logo após sair da Trilha do Ouro, na borda de uma área de pastagem.","Brasil","BR","São Paulo",,"São José do Barreiro","Na Zona de Amortecimento do Parque Nacional da Serra da Bocaina.",,,"-22.721389","-44.625",,"22º43´17´´","44º37´30´´W",,"R.Pasifico","2022-08-01",,"Lavoisiera pulchella Champ.","Magnoliopsida","Myrtales","Melastomataceae","Microlicia","species","Cham.","SYNONYM",,,"Microlicia australis (Naudin) Versiane & R.Romero",,,,"Lavoisiera pulchella Cham.","Microlicia australis",,,"jbrj-public-img.s3-sa-east-1.amazonaws.com/JPG/rb/0/86/5/24/00860524.jpg",,,,"GBIF","RB",,"Baumgratz, J.F.A.","1363","2014","Baumgratz, J.F.A.",,"Bovini, M.; Nadruz, M.","Baumgratz",,"brazil","sao paulo","sao jose do barreiro","na zona de amortecimento do parque nacional da serra da bocaina",,"locality","brazil_sao paulo_sao jose barreiro","brazil_sao paulo_sao jose barreiro",-22.74888367,-44.58687717,"county",257553,"Lavoisiera pulchella","Cham.","name_w_authors","Melastomataceae","Lavoisiera pulchella","Cham.","species","author misspelled","bfo-9495",,,"Lavoisiera pulchella Cham.","Lavoisiera","Melastomataceae","brazil_sao paulo_sao jose barreiro","Brazil","São Paulo","São José do Barreiro",,"ibge",TRUE,-22.721389,-44.625,"coord_original","seconds","high","Lavoisiera pulchella","check_local.2municip.","ok_county",,FALSE,"ok_dist","full_name_match","RB_860524","HUEFS_237526|RB_860524|RBR_46318","4","1","RBR_46318","RBR_46318","RBR_46318","plantr_exact","High","PARQUE NACIONAL SERRA DA BOCAINA"
,,,,"JBRJ","RB","RB - Rio de Janeiro Botanical Garden Herbarium Collection","PRESERVED_SPECIMEN","RB00858416","1328","J.F.A. Baumgratz; M. Bovini et M. Nadruz","Floresta Ombrófila Montana e Alto-Montana alteradas, em formação campestre graminóide com  arbustos e subarbustos esparsos, sobre latossolo amarelado.","2014-06-03","2014","6","3",,,"Floresta Ombrófila Montana e Alto-Montana alteradas, em formação campestre graminóide com  arbustos e subarbustos esparsos, sobre latossolo amarelado.","Brasil","BR","São Paulo",,"São José do Barreiro","Zona de Amortecimento do PARNA Serra da Bocaina, na trilha que se inicia próxima a Pousada Campos da Bocaina em direção a Pedra da Bacia (ou pedra Alta), antes do mirante.",,,"-22.723056","-44.61",,"22º43´23´´","44º36´36´´W",,"J.F.A. Baumgratz",,,"Chaetogastra minor (Cogn.) P.J.F.Guim. & Michelang.","Magnoliopsida","Myrtales","Melastomataceae","Chaetogastra","species","(Cogn.) P.J.F.Guim. & Michelang.","ACCEPTED",,,"Chaetogastra minor (Cogn.) P.J.F.Guim. & Michelang.",,,,"Chaetogastra minor (Cogn.) P.J.F.Guim. & Michelang.","Chaetogastra minor",,,"jbrj-public-img.s3-sa-east-1.amazonaws.com/JPG/rb/0/85/84/16/00858416.jpg",,,,"GBIF","RB",,"Baumgratz, J.F.A.","1328","2014",,,"Bovini, M.; Nadruz, M.","Baumgratz",,"brazil","sao paulo","sao jose do barreiro","zona de amortecimento do parna serra da bocaina",,"locality","brazil_sao paulo_sao jose barreiro","brazil_sao paulo_sao jose barreiro",-22.74888367,-44.58687717,"county",257365,"Chaetogastra minor","(Cogn.) P.J.F.Guim. & Michelang.","name_w_authors","Melastomataceae","Chaetogastra minor","(Cogn.) P.J.F.Guim. & Michelang.","species","name accepted","bfo-612625",,,"Chaetogastra minor (Cogn.) P.J.F.Guim. & Michelang.","Chaetogastra","Melastomataceae","brazil_sao paulo_sao jose barreiro","Brazil","São Paulo","São José do Barreiro",,"ibge",TRUE,-22.723056,-44.61,"coord_original","seconds","high","Chaetogastra minor","check_local.2municip.","ok_county",,FALSE,"ok_dist","full_name_match","RB_858416","RB_858416[virtual]","4","1",,"RB_858416","RB_858416","plantr_exact","High","PARQUE NACIONAL SERRA DA BOCAINA"
,,,,"JBRJ","RB","RB - Rio de Janeiro Botanical Garden Herbarium Collection","PRESERVED_SPECIMEN","RB00854448","2824","M Nadruz; JF Baumgratz & M Bovini","Mata alterada em estágio avançado de regeneração","2014-06-03","2014","6","3",,,"Mata alterada em estágio avançado de regeneração","Brasil","BR","São Paulo",,"São José do Barreiro","Picada que liga a Pousada Campos da Bocaina a Pedra Alta (Bacia). PARNA Serra da Bocaina",,,"-22.722778","-44.612778",,"22º43´22´´","44º36´46´´W",,"R.F.ALMEIDA",,,"Banisteriopsis membranifolia (A.Juss.) B.Gates","Magnoliopsida","Malpighiales","Malpighiaceae","Banisteriopsis","species","(A.Juss.) B.Gates","ACCEPTED",,,"Banisteriopsis membranifolia (A.Juss.) B.Gates",,,,"Banisteriopsis membranifolia (A.Juss.) B.Gates","Banisteriopsis membranifolia",,,"jbrj-public-img.s3-sa-east-1.amazonaws.com/JPG/rb/0/85/44/48/00854448.jpg",,,,"GBIF","RB",,"Nadruz, M.","2824","2014","R.f.almeida",,"Baumgratz, J.F.; Bovini, M.","Nadruz",,"brazil","sao paulo","sao jose do barreiro","parna serra da bocaina","picada que liga a pousada campos da bocaina a pedra alta","locality","brazil_sao paulo_sao jose barreiro","brazil_sao paulo_sao jose barreiro",-22.74888367,-44.58687717,"county",256893,"Banisteriopsis membranifolia","(A.Juss.) B.Gates","name_w_authors","Malpighiaceae","Banisteriopsis membranifolia","(A.Juss.) B.Gates","species","name accepted","bfo-8807",,,"Banisteriopsis membranifolia (A.Juss.) B.Gates","Banisteriopsis","Malpighiaceae","brazil_sao paulo_sao jose barreiro","Brazil","São Paulo","São José do Barreiro",,"ibge",TRUE,-22.722778,-44.612778,"coord_original","seconds","high","Banisteriopsis membranifolia","check_local.2municip.","ok_county",,FALSE,"ok_dist","full_name_match","RB_854448","RB_854448|UB_219016","1","0.25","RB_854448","RB_854448","RB_854448","plantr_exact","High","PARQUE NACIONAL SERRA DA BOCAINA"
,,,,"JBRJ","RB","RB - Rio de Janeiro Botanical Garden Herbarium Collection","PRESERVED_SPECIMEN","RB00858581","1334","J.F.A. Baumgratz; M. Bovini et M. Nadruz","Floresta Ombrófila Densa Alto-Montana, além de formações campestres graminóides e áreas de pastagens.","2014-06-03","2014","6","3",,,"Floresta Ombrófila Densa Alto-Montana, além de formações campestres graminóides e áreas de pastagens.","Brasil","BR","São Paulo",,"São Paulo","Mun. São José do Barreiro, na Zona de Amortecimento do PARNA Serra da Bocaina, na trilha que se inicia próxima a Pousada Campos da Bocaina em direção a Pedra da Bacia (ou pedra Alta), antes do mirante.",,,"-22.723889","-44.607778",,"22º43´26´´","44º36´28´´W",,,,,"Cranichis Sw.","Liliopsida","Asparagales","Orchidaceae","Cranichis","genus",,"ACCEPTED",,,"Cranichis Sw.",,,,"Cranichis",,,,"jbrj-public-img.s3-sa-east-1.amazonaws.com/JPG/rb/0/85/85/81/00858581.jpg",,,,"GBIF","RB",,"Baumgratz, J.F.A.","1334","2014",,,"Bovini, M.; Nadruz, M.","Baumgratz",,"brazil","sao paulo","sao paulo","na zona de amortecimento do parna serra da bocaina","municipio de sao jose do barreiro","locality","brazil_sao paulo_sao paulo","brazil_sao paulo_sao paulo",-23.65041685,-46.64802516,"county",1614690,"Cranichis","Sw.","name_w_authors","Orchidaceae","Cranichis","Sw.","genus","name accepted","bfo-11405",,,"Cranichis Sw.","Cranichis","Orchidaceae","brazil_sao paulo_sao paulo","Brazil","São Paulo","São Paulo",,"ibge",TRUE,-22.723889,-44.607778,"coord_original","seconds","high",,"check_local.2municip.","ok_state",,FALSE,"no_cannot_check","full_name_match","RB_858581","RB_858581[virtual]","4","1",,"RB_858581","RB_858581","plantr_exact","High","PARQUE NACIONAL SERRA DA BOCAINA"
,,"https://specieslink.net/col/220",,"UFMG","BHCB",,"PRESERVED_SPECIMEN","201583","1923","Amorim, BS; Araujo, D; Marcusso, GM",,"2014-02-16","2014","2","16",,,,"Brasil","BR","São Paulo",,"São José do Barreiro","Parque Nacional da Serra da Bocaina",,,"-22.751389","-44.618611",,,,,,"2021-09-04",,"Myrceugenia myrcioides (Cambessèdes) O.Berg","Magnoliopsida","Myrtales","Myrtaceae","Myrceugenia","species","(Cambess.) O.Berg","ACCEPTED",,,"Myrceugenia myrcioides (Cambessèdes) O.Berg",,,,"Myrceugenia myrcioides","Myrceugenia myrcioides",,,"https://images.cria.org.br/viewer/BHCB201583",,,,"GBIF","BHCB",,"Amorim, B.S.","1923","2014","Valdemarin, K.S.","2025","Araujo, D.; Marcusso, G.M.","Amorim",,"brazil","sao paulo","sao jose do barreiro","parque nacional da serra da bocaina",,"locality","brazil_sao paulo_sao jose barreiro_parque nacional serra bocaina","brazil_sao paulo_sao jose barreiro_parque nacional serra bocaina",-22.74484201,-44.61460885,"locality",439124,"Myrceugenia myrcioides","(Cambess.) O.Berg","possibly_ok","Myrtaceae","Myrceugenia myrcioides","(Cambess.) O.Berg","species","author misspelled","bfo-10648",,,"Myrceugenia myrcioides (Cambess.) O.Berg","Myrceugenia","Myrtaceae","brazil_sao paulo_sao jose barreiro","Brazil","São Paulo","São José do Barreiro",,"ibge",TRUE,-22.751389,-44.618611,"coord_original","seconds","high","Myrceugenia myrcioides","ok_same_resolution","ok_county",,FALSE,"ok_dist","full_name_match","BHCB_201583","BHCB_201583|UFP_76951|UFRN_26355","3","0.75","UFP_76951","UFRN_26355","BHCB_201583","plantr_exact","High","PARQUE NACIONAL SERRA DA BOCAINA"
,,,,"JBRJ","RB","RB - Rio de Janeiro Botanical Garden Herbarium Collection","PRESERVED_SPECIMEN","RB00856747","2852","M. Nadruz; J.F. Baumgratz & M. Bovini","Mata antropizada e secundária em regeneração","2014-06-05","2014","6","5",,,"Mata antropizada e secundária em regeneração","Brasil","BR","São Paulo",,"São José do Barreiro","Estrada Trilha do Ouro. Parque Nacional Serra da Bocaina",,,"-22.758889","-44.612778",,"22º45´32´´","44º36´46´´W",,,,,"Dalbergia L.f.","Magnoliopsida","Fabales","Fabaceae","Dalbergia","genus",,"ACCEPTED",,,"Dalbergia L.f.",,,,"Dalbergia",,,,"jbrj-public-img.s3-sa-east-1.amazonaws.com/JPG/rb/0/85/67/47/00856747.jpg",,,,"GBIF","RB",,"Nadruz, M.","2852","2014","Administrador","2022","Baumgratz, J.F.; Bovini, M.","Nadruz",,"brazil","sao paulo","sao jose do barreiro","estrada trilha do ouro, parque nacional serra da bocaina","estrada trilha do ouro","locality","brazil_sao paulo_sao jose barreiro","brazil_sao paulo_sao jose barreiro",-22.74888367,-44.58687717,"county",1614663,"Dalbergia","L.f.","name_w_authors","Fabaceae","Dalbergia","L.f.","genus","name accepted","bfo-22908",,,"Dalbergia L.f.","Dalbergia","Fabaceae","brazil_sao paulo_sao jose barreiro","Brazil","São Paulo","São José do Barreiro",,"ibge",TRUE,-22.758889,-44.612778,"coord_original","seconds","high",,"check_local.2municip.","ok_county",,FALSE,"no_cannot_check","full_name_match","RB_856747","RB_856747[virtual]","1","0.25","RB_856747","RB_856747","RB_856747","plantr_exact","High","PARQUE NACIONAL SERRA DA BOCAINA"
,,,,"JBRJ","RB","RB - Rio de Janeiro Botanical Garden Herbarium Collection","PRESERVED_SPECIMEN","RB00941130","3890","M.G.Bovini; J.F.Baumgratz et M.Nadruz",,"2014-06-03","2014","6","3",,,,"Brasil","BR","São Paulo",,"São José do Barreiro","Parque Nacional da Serra da Bocaina, Trilha que sai da Pousada ´Campos da Bocaina´ até a Pedra Alta.",,,,,,,,,"C.Mynssen","2015-02-01",,"Rumohra adiantiformis (G.Forst.) Ching","Polypodiopsida","Polypodiales","Dryopteridaceae","Rumohra","species","(G.Forst.) Ching","ACCEPTED",,,"Rumohra adiantiformis (G.Forst.) Ching",,,,"Rumohra adiantiformis (G.Forst.) Ching","Rumohra adiantiformis",,,"jbrj-public-img.s3-sa-east-1.amazonaws.com/JPG/rb/0/94/11/30/00941130.jpg",,,,"GBIF","RB",,"Bovini, M.G.","3890","2014","Labiak, P.","2021","Baumgratz, J.F.; Nadruz, M.","Bovini",,"brazil","sao paulo","sao jose do barreiro","parque nacional da serra da bocaina",,"locality","brazil_sao paulo_sao jose barreiro_parque nacional serra bocaina","brazil_sao paulo_sao jose barreiro_parque nacional serra bocaina",-22.74484201,-44.61460885,"locality",258464,"Arachniodes denticulata","(Sw.) Ching","name_w_authors","Dryopteridaceae","Rumohra adiantiformis","(G.Forst.) Ching","species","name accepted","bfo-90952",,,"Arachniodes denticulata (Sw.) Ching","Arachniodes","Dryopteridaceae","brazil_sao paulo_sao jose barreiro","Brazil","São Paulo","São José do Barreiro",,"ibge",TRUE,-22.639999,-44.57,"coord_original","miliseconds","high","Arachniodes denticulata","ok_same_resolution","ok_county",,FALSE,"ok_dist","full_name_match","RB_941130","MBM_425501|RB_941130","4","1","MBM_425501","MBM_425501","MBM_425501","plantr_exact","High","PARQUE NACIONAL SERRA DA BOCAINA"
,,,,"JBRJ","RB","RB - Rio de Janeiro Botanical Garden Herbarium Collection","PRESERVED_SPECIMEN","RB00941149","3995","M.G.Bovini; J.F.Baumgratz et M.Nadruz",,"2014-06-04","2014","6","4",,,,"Brasil","BR","São Paulo",,"São José do Barreiro","Parque Nacional da Serra da Bocaina, estrada para a trilha do ouro, logo após a guarita de entrada do Parque.",,,"-22.738611","-44.602222",,"22º44´19´´","44º36´8´´W",,"D.P.Voht","2019-08-01",,"Piptocarpha regnellii (Sch.Bip.) Cabrera","Magnoliopsida","Asterales","Asteraceae","Piptocarpha","species","(Sch.Bip.) Cabrera","ACCEPTED",,,"Piptocarpha regnellii (Sch.Bip.) Cabrera",,,,"Piptocarpha regnellii (Sch.Bip.) Cabrera","Piptocarpha regnellii",,,"jbrj-public-img.s3-sa-east-1.amazonaws.com/JPG/rb/0/94/11/49/00941149.jpg",,,,"GBIF","RB",,"Bovini, M.G.","3995","2014","Voht, D.P.","2019","Baumgratz, J.F.; Nadruz, M.","Bovini",,"brazil","sao paulo","sao jose do barreiro","parque nacional da serra da bocaina, estrada para a trilha do ouro, logo apos a guarita de entrada do parque","parque nacional da serra da bocaina","locality","brazil_sao paulo_sao jose barreiro","brazil_sao paulo_sao jose barreiro",-22.74888367,-44.58687717,"county",258463,"Piptocarpha regnellii","(Sch.Bip.) Cabrera","name_w_authors","Asteraceae","Piptocarpha regnellii","(Sch.Bip.) Cabrera","species","name accepted","bfo-5488",,,"Piptocarpha regnellii (Sch.Bip.) Cabrera","Piptocarpha","Asteraceae","brazil_sao paulo_sao jose barreiro","Brazil","São Paulo","São José do Barreiro",,"ibge",TRUE,-22.738611,-44.602222,"coord_original","seconds","high","Piptocarpha regnellii","check_local.2municip.","ok_county",,FALSE,"ok_dist","full_name_match","RB_941149","MBM_404973|RB_941149","4","1","RB_941149","RB_941149","RB_941149","plantr_exact","High","PARQUE NACIONAL SERRA DA BOCAINA"
,,,,"JBRJ","RB","RB - Rio de Janeiro Botanical Garden Herbarium Collection","PRESERVED_SPECIMEN","RB00856740","2844","M. Nadruz; J.F.A. Baumgratz & M.G. Bovini","Mata antropizada e secundária em regeneração","2014-06-05","2014","6","5",,,"Mata antropizada e secundária em regeneração","Brasil","BR","São Paulo",,"São José do Barreiro","Estrada trilha do ouro. Parque Nacional da Serra da Bocaina",,,"-22.756944","-44.614722",,"22º45´25´´","44º36´53´´W",,"M. Nadruz","2014-06-05",,"Inga sessilis Mart.","Magnoliopsida","Fabales","Fabaceae","Inga","species","(Vell.) Mart.","ACCEPTED",,,"Inga sessilis Mart.",,,,"Inga cf. sessilis (Vell.) Mart.","Inga sessilis",,,"jbrj-public-img.s3-sa-east-1.amazonaws.com/JPG/rb/0/85/67/40/00856740.jpg",,,,"GBIF","RB",,"Nadruz, M.","2844","2014","Administrador","2019","Baumgratz, J.F.A.; Bovini, M.G.","Nadruz",,"brazil","sao paulo","sao jose do barreiro","estrada trilha do ouro, parque nacional da serra da bocaina","estrada trilha do ouro","locality","brazil_sao paulo_sao jose barreiro","brazil_sao paulo_sao jose barreiro",-22.74888367,-44.58687717,"county",257197,"Inga sessilis","(Vell.) Mart.","name_w_authors","Fabaceae","Inga sessilis","(Vell.) Mart.","species","author misspelled","bfo-83263",,,"Inga sessilis (Vell.) Mart.","Inga","Fabaceae","brazil_sao paulo_sao jose barreiro","Brazil","São Paulo","São José do Barreiro",,"ibge",TRUE,-22.756944,-44.614722,"coord_original","seconds","high","Inga sessilis","check_local.2municip.","ok_county",,FALSE,"ok_dist","full_name_match","RB_856740","BOTU_40127|RB_856740","1","0.25","RB_856740","RB_856740","RB_856740","plantr_exact","High","PARQUE NACIONAL SERRA DA BOCAINA"
,,,,"JBRJ","RB","RB - Rio de Janeiro Botanical Garden Herbarium Collection","PRESERVED_SPECIMEN","RB00854774","1318","J.F.A. Baumgratz; M.G. Bovini et M. Nadruz","Floresta Ombrófila Alto-Montana alterada, além de formações campestres graminóides e áreas de pastagens.","2014-06-03","2014","6","3",,,"Floresta Ombrófila Alto-Montana alterada, além de formações campestres graminóides e áreas de pastagens.","Brasil","BR","São Paulo",,"São José do Barreiro","Na zona de Amortecimento do PARNA Serra da Bocaina, na trilha que se inicia próxima a Pousada Campos da Bocaina em direção a Pedra da Bacia (ou pedra Alta), antes do mirante.",,,"-22.7225","-44.613056",,"22º43´21´´","44º36´47´´W",,"Mario Gomes","2018-10-23",,"Psychotria stachyoides Benth.","Magnoliopsida","Gentianales","Rubiaceae","Psychotria","species","Benth.","ACCEPTED",,,"Psychotria stachyoides Benth.",,,,"Psychotria stachyoides Benth.","Psychotria stachyoides",,,"jbrj-public-img.s3-sa-east-1.amazonaws.com/JPG/rb/0/85/47/74/00854774.jpg",,,,"GBIF","RB",,"Baumgratz, J.F.A.","1318","2014","Gomes, M.","2018","Bovini, M.G.; Nadruz, M.","Baumgratz",,"brazil","sao paulo","sao jose do barreiro","na zona de amortecimento do parna serra da bocaina",,"locality","brazil_sao paulo_sao jose barreiro","brazil_sao paulo_sao jose barreiro",-22.74888367,-44.58687717,"county",256927,"Psychotria stachyoides","Benth.","name_w_authors","Rubiaceae","Psychotria stachyoides","Benth.","species","name accepted","bfo-14218",,,"Psychotria stachyoides Benth.","Psychotria","Rubiaceae","brazil_sao paulo_sao jose barreiro","Brazil","São Paulo","São José do Barreiro",,"ibge",TRUE,-22.7225,-44.613056,"coord_original","seconds","high","Psychotria stachyoides","check_local.2municip.","ok_county",,FALSE,"ok_dist","full_name_match","RB_854774","RB_854774[virtual]","4","1","RB_854774","RB_854774","RB_854774","plantr_exact","High","PARQUE NACIONAL SERRA DA BOCAINA"
,,,,"JBRJ","RB","RB - Rio de Janeiro Botanical Garden Herbarium Collection","PRESERVED_SPECIMEN","RB01348485","1933","B.S. Amorim; D. Araújo; G.M. Marcusso","Floresta Atlântica","2014-02-18","2014","2","18",,,"Floresta Atlântica","Brasil","BR","São Paulo",,"São José do Barreiro","PARNA Serra da Bocaina, Trilha Cachoeira Santo Isidoro",,,"-22.744722","-44.613056",,"22º44´41´´","44º36´47´´W",,"D.F. Lima","2018-08-01",,"Myrcia selloi (Spreng.) N.Silveira","Magnoliopsida","Myrtales","Myrtaceae","Myrcia","species","(Spreng.) N.Silveira","ACCEPTED",,,"Myrcia selloi (Spreng.) N.Silveira",,,,"Myrcia selloi (Spreng.) N.Silveira","Myrcia selloi",,,"jbrj-public-img.s3-sa-east-1.amazonaws.com/JPG/rb/1/34/84/85/01348485.jpg",,,,"GBIF","RB",,"Amorim, B.S.","1933","2014","Lima, D.F.","2018","Araujo, D.; Marcusso, G.M.","Amorim",,"brazil","sao paulo","sao jose do barreiro","parna serra da bocaina",,"locality","brazil_sao paulo_sao jose barreiro","brazil_sao paulo_sao jose barreiro",-22.74888367,-44.58687717,"county",272504,"Myrcia selloi","(Spreng.) N.Silveira","name_w_authors","Myrtaceae","Myrcia selloi","(Spreng.) N.Silveira","species","name accepted","bfo-10756",,,"Myrcia selloi (Spreng.) N.Silveira","Myrcia","Myrtaceae","brazil_sao paulo_sao jose barreiro","Brazil","São Paulo","São José do Barreiro",,"ibge",TRUE,-22.744722,-44.613056,"coord_original","seconds","high","Myrcia selloi","check_local.2municip.","ok_county",,FALSE,"ok_dist","full_name_match","RB_1348485","RB_1348485|UFP_76194","4","1","RB_1348485","RB_1348485","RB_1348485","plantr_exact","High","PARQUE NACIONAL SERRA DA BOCAINA"
,,,,"JBRJ","RB","RB - Rio de Janeiro Botanical Garden Herbarium Collection","PRESERVED_SPECIMEN","RB00941154","3996","M.G.Bovini; J.F.Baumgratz et M.Nadruz",,"2014-06-04","2014","6","4",,,,"Brasil","BR","São Paulo",,"São José do Barreiro","Parque Nacional da Serra da Bocaina, estrada para a trilha do ouro, logo após a guarita de entrada do Parque. Cachoeira São Isidro.",,,"-22.914167","-44.615278",,"22º54´51´´","44º36´55´´W",,"M.Gomes","2018-07-28",,"Galium nigroramosum (Ehrend.) Dempster","Magnoliopsida","Gentianales","Rubiaceae","Galium","species","(Ehrend.) Dempster","ACCEPTED",,,"Galium nigroramosum (Ehrend.) Dempster",,,,"Galium nigroramosum (Ehrend.) Dempster","Galium nigroramosum",,,"jbrj-public-img.s3-sa-east-1.amazonaws.com/JPG/rb/0/94/11/54/00941154.jpg",,,,"GBIF","RB",,"Bovini, M.G.","3996","2014","Gomes, M.","2018","Baumgratz, J.F.; Nadruz, M.","Bovini",,"brazil","sao paulo","sao jose do barreiro","parque nacional da serra da bocaina, estrada para a trilha do ouro, logo apos a guarita de entrada do parque","parque nacional da serra da bocaina","locality","brazil_sao paulo_sao jose barreiro","brazil_sao paulo_sao jose barreiro",-22.74888367,-44.58687717,"county",258466,"Galium nigroramosum","(Ehrend.) Dempster","name_w_authors","Rubiaceae","Galium nigroramosum","(Ehrend.) Dempster","species","name accepted","bfo-14036",,,"Galium nigroramosum (Ehrend.) Dempster","Galium","Rubiaceae","brazil_sao paulo_sao jose barreiro","Brazil","São Paulo","São José do Barreiro",,"ibge",TRUE,-22.914167,-44.615278,"coord_original","seconds","high","Galium nigroramosum","check_local.2municip.","ok_country",,FALSE,"ok_dist","full_name_match","RB_941154","RB_941154|VIC_45818","4","1","RB_941154","RB_941154","RB_941154","plantr_exact","High","PARQUE NACIONAL SERRA DA BOCAINA"
,,,,"JBRJ","RB","RB - Rio de Janeiro Botanical Garden Herbarium Collection","PRESERVED_SPECIMEN","RB00856660","2850","M. Nadruz; J.F. Baumgratz et M. Bovini","Mata Pertubada em estágio de regeneração.","2014-06-05","2014","6","5",,,"Mata Pertubada em estágio de regeneração.","Brasil","BR","São Paulo",,"São Paulo","Estrada trilha do ouro. Parque Nacional Serra da Bocaina",,,"-22.687222","-44.620833",,"22º41´14´´","44º37´15´´W",,"P.ACEVEDO","2017-08-23",,"Paullinia carpopodea Cambess.","Magnoliopsida","Sapindales","Sapindaceae","Paullinia","species","Cambess.","ACCEPTED",,,"Paullinia carpopodea Cambess.",,,,"Paullinia carpopodea Cambess.","Paullinia carpopodea",,,"jbrj-public-img.s3-sa-east-1.amazonaws.com/JPG/rb/0/85/66/60/00856660.jpg",,,,"GBIF","RB",,"Nadruz, M.","2850","2014","P.acevedo","2017","Baumgratz, J.F.; Bovini, M.","Nadruz",,"brazil","sao paulo","sao paulo","estrada trilha do ouro, parque nacional serra da bocaina","estrada trilha do ouro","locality","brazil_sao paulo_sao paulo","brazil_sao paulo_sao paulo",-23.65041685,-46.64802516,"county",257166,"Paullinia carpopoda","Cambess.","name_w_authors","Sapindaceae","Paullinia carpopoda","Cambess.","species","replaced orth. variant","bfo-20915","Paullinia carpopoda","Cambess.","Paullinia carpopoda Cambess.","Paullinia","Sapindaceae","brazil_sao paulo_sao paulo","Brazil","São Paulo","São Paulo",,"ibge",TRUE,-22.687222,-44.620833,"coord_original","seconds","high","Paullinia carpopoda","check_local.2municip.","ok_state",,FALSE,"ok_dist","full_name_match","RB_856660","RB_856660[virtual]","1","0.25","RB_856660","RB_856660","RB_856660","plantr_exact","High","PARQUE NACIONAL SERRA DA BOCAINA"
,,,,"JBRJ","RB","RB - Rio de Janeiro Botanical Garden Herbarium Collection","PRESERVED_SPECIMEN","RB00855911","2830","M. Nadruz; J.F. Baumgratz et M. Bovini","Mata perturbada em estágio de regeneração","2014-06-04","2014","6","4",,,"Mata perturbada em estágio de regeneração","Brasil","BR","São Paulo",,"São José do Barreiro","Estrada trilha do ouro. Parque Nacional Serra da Bocaina",,,"-22.746667","-44.616389",,"22º44´48´´","44º36´59´´W",,"I.CORDEIRO","2016-11-01",,"Clethra scabra Pers.","Magnoliopsida","Ericales","Clethraceae","Clethra","species","Pers.","ACCEPTED",,,"Clethra scabra Pers.",,,,"Clethra scabra Pers.","Clethra scabra",,,"jbrj-public-img.s3-sa-east-1.amazonaws.com/JPG/rb/0/85/59/11/00855911.jpg",,,,"GBIF","RB",,"Nadruz, M.","2830","2014","I.cordeiro","2016","Baumgratz, J.F.; Bovini, M.","Nadruz",,"brazil","sao paulo","sao jose do barreiro","estrada trilha do ouro, parque nacional serra da bocaina","estrada trilha do ouro","locality","brazil_sao paulo_sao jose barreiro","brazil_sao paulo_sao jose barreiro",-22.74888367,-44.58687717,"county",257023,"Clethra scabra","Pers.","name_w_authors","Clethraceae","Clethra scabra","Pers.","species","name accepted","bfo-6824",,,"Clethra scabra Pers.","Clethra","Clethraceae","brazil_sao paulo_sao jose barreiro","Brazil","São Paulo","São José do Barreiro",,"ibge",TRUE,-22.746667,-44.616389,"coord_original","seconds","high","Clethra scabra","check_local.2municip.","ok_county",,FALSE,"ok_dist","full_name_match","RB_855911","RB_855911[virtual]","1","0.25","RB_855911","RB_855911","RB_855911","plantr_exact","High","PARQUE NACIONAL SERRA DA BOCAINA"
,,,,"JBRJ","RB","RB - Rio de Janeiro Botanical Garden Herbarium Collection","PRESERVED_SPECIMEN","RB00856650","2848","M. Nadruz; J.F. Baumgratz et M. Bovini","Mata Pertubada em estágio de regeneração.","2014-06-05","2014","6","5",,,"Mata Pertubada em estágio de regeneração.","Brasil","BR","São Paulo",,"São Paulo","Estrada trilha do ouro. Parque Nacional Serra da Bocaina",,,"-22.754167","-44.620833",,"22º45´15´´","44º37´15´´W",,,"2016-09-01",,"Prunus L.","Magnoliopsida","Rosales","Rosaceae","Prunus","genus",,"ACCEPTED",,,"Prunus L.",,,,"Prunus",,,,"jbrj-public-img.s3-sa-east-1.amazonaws.com/JPG/rb/0/85/66/50/00856650-1.jpg|jbrj-public-img.s3-sa-east-1.amazonaws.com/JPG/rb/0/85/66/50/00856650.jpg",,,,"GBIF","RB",,"Nadruz, M.","2848","2014","Determinador, S.","2016","Baumgratz, J.F.; Bovini, M.","Nadruz",,"brazil","sao paulo","sao paulo","estrada trilha do ouro, parque nacional serra da bocaina","estrada trilha do ouro","locality","brazil_sao paulo_sao paulo","brazil_sao paulo_sao paulo",-23.65041685,-46.64802516,"county",1614661,"Prunus","L.","name_w_authors","Rosaceae","Prunus","L.","genus","name accepted","bfo-26057",,,"Prunus L.","Prunus","Rosaceae","brazil_sao paulo_sao paulo","Brazil","São Paulo","São Paulo",,"ibge",TRUE,-22.754167,-44.620833,"coord_original","seconds","high",,"check_local.2municip.","ok_state",,FALSE,"no_cannot_check","full_name_match","RB_856650","RB_856650[virtual]","1","0.25","RB_856650","RB_856650","RB_856650","plantr_exact","High","PARQUE NACIONAL SERRA DA BOCAINA"
,,,,"JBRJ","RB","RB - Rio de Janeiro Botanical Garden Herbarium Collection","PRESERVED_SPECIMEN","RB00854703","2826","M. Nadruz; J.F. Baumgratz & M. Bovini","Mata alterada em estágio avançado de regeneração.","2014-06-03","2014","6","3",,,"Mata alterada em estágio avançado de regeneração.","Brasil","BR","São Paulo",,"São José do Barreiro","Picada que liga a pousada Campos da Bocaina a Pedra Alta (Mirante). PARNA Serra da Bocaina",,,"-22.723611","-44.611667",,"22º43´25´´","44º36´42´´W",,"J.R. Stehmann","2015-03-03",,"Solanum cinnamomeum Sendtn.","Magnoliopsida","Solanales","Solanaceae","Solanum","species","Sendtn.","ACCEPTED",,,"Solanum cinnamomeum Sendtn.",,,,"Solanum cinnamomeum Sendtn.","Solanum cinnamomeum",,,"jbrj-public-img.s3-sa-east-1.amazonaws.com/JPG/rb/0/85/47/3/00854703.jpg",,,,"GBIF","RB",,"Nadruz, M.","2826","2014","Stehmann, J.R.","2015","Baumgratz, J.F.; Bovini, M.","Nadruz",,"brazil","sao paulo","sao jose do barreiro","parna serra da bocaina","picada que liga a pousada campos da bocaina a pedra alta","locality","brazil_sao paulo_sao jose barreiro","brazil_sao paulo_sao jose barreiro",-22.74888367,-44.58687717,"county",256910,"Solanum cinnamomeum","Sendtn.","name_w_authors","Solanaceae","Solanum cinnamomeum","Sendtn.","species","name accepted","bfo-14748",,,"Solanum cinnamomeum Sendtn.","Solanum","Solanaceae","brazil_sao paulo_sao jose barreiro","Brazil","São Paulo","São José do Barreiro",,"ibge",TRUE,-22.723611,-44.611667,"coord_original","seconds","high","Solanum cinnamomeum","check_local.2municip.","ok_county",,FALSE,"ok_dist","full_name_match","RB_854703",,"cc","cc",,,,"plantr_exact","High","PARQUE NACIONAL SERRA DA BOCAINA"
,,,,"JBRJ","RB","RB - Rio de Janeiro Botanical Garden Herbarium Collection","PRESERVED_SPECIMEN","RB00941142","3993","M.G.Bovini; J.F.Baumgratz et M.Nadruz",,"2014-06-04","2014","6","4",,,,"Brazil","BR","São Paulo",,"São José do Barreiro Mun.","Parque Nacional da Serra da Bocaina, estrada para a trilha do ouro, logo após a guarita de entrada do Parque.",,,"-22.738611","-44.602222",,"22º44´19´´","44º36´8´´W",,"M.F.Freitas","2015-03-01",,"Myrsine lineata (Mez) Imkhan.","Magnoliopsida","Ericales","Primulaceae","Myrsine","species","(Mez) Imkhan.","ACCEPTED",,,"Myrsine lineata (Mez) Imkhan.",,,,"Myrsine lineata (Mez) Imkhan.","Myrsine lineata",,,"jbrj-public-img.s3-sa-east-1.amazonaws.com/JPG/rb/0/94/11/42/00941142.jpg",,,,"GBIF","RB",,"Bovini, M.G.","3993","2014","Freitas, M.F.","2015","Baumgratz, J.F.; Nadruz, M.","Bovini",,"brazil","sao paulo","sao jose do barreiro","parque nacional da serra da bocaina, estrada para a trilha do ouro, logo apos a guarita de entrada do parque","parque nacional da serra da bocaina","locality","brazil_sao paulo_sao jose barreiro","brazil_sao paulo_sao jose barreiro",-22.74888367,-44.58687717,"county",258460,"Myrsine lineata","(Mez) Imkhan.","name_w_authors","Primulaceae","Myrsine lineata","(Mez) Imkhan.","species","name accepted","bfo-10235",,,"Myrsine lineata (Mez) Imkhan.","Myrsine","Primulaceae","brazil_sao paulo_sao jose barreiro","Brazil","São Paulo","São José do Barreiro",,"ibge",TRUE,-22.738611,-44.602222,"coord_original","seconds","high","Myrsine lineata","check_local.2municip.","ok_county",,FALSE,"ok_dist","full_name_match","RB_941142","K_5937959|NY_3060698|RB_941142","4","1","RB_941142","NY_3060698","NY_3060698","plantr_exact","High","PARQUE NACIONAL SERRA DA BOCAINA"
,,,,"JBRJ","RB","RB - Rio de Janeiro Botanical Garden Herbarium Collection","PRESERVED_SPECIMEN","RB00854764","1313","J.F.A. Baumgratz; M. Bovini et M. Nadruz","Floresta Ombrófila Alto-Montana alterada, além de formações campestres graminóides e áreas de pastagens.","2014-06-02","2014","6","2",,,"Floresta Ombrófila Alto-Montana alterada, além de formações campestres graminóides e áreas de pastagens.","Brasil","BR","São Paulo",,"São José do Barreiro","Zona de Amortecimento, na beira da estrada entre a sede do PARNA Serra da Bocaina e a pousada Campos da Bocaina.",,,"-22.698889","-44.629444",,"22º41´56´´","44º37´46´´W",,"J.F.A. Baumgratz","2014-06-09",,"Trembleya parviflora (D.Don) Cogn.","Magnoliopsida","Myrtales","Melastomataceae","Microlicia","species","(D.Don) Cogn.","SYNONYM",,,"Microlicia parviflora (D.Don) Versiane & R.Romero",,,,"Trembleya parviflora (D.Don) Cogn.","Microlicia parviflora",,,"jbrj-public-img.s3-sa-east-1.amazonaws.com/JPG/rb/0/85/47/64/00854764.jpg",,,,"GBIF","RB",,"Baumgratz, J.F.A.","1313","2014","Baumgratz, J.F.A.","2014","Bovini, M.; Nadruz, M.","Baumgratz",,"brazil","sao paulo","sao jose do barreiro","na beira da estrada entre a sede do parna serra da bocaina e a pousada campos da bocaina","zona de amortecimento","locality","brazil_sao paulo_sao jose barreiro","brazil_sao paulo_sao jose barreiro",-22.74888367,-44.58687717,"county",256915,"Trembleya parviflora","(D.Don) Cogn.","name_w_authors","Melastomataceae","Trembleya parviflora","(D.Don) Cogn.","species","name accepted","bfo-9983",,,"Trembleya parviflora (D.Don) Cogn.","Trembleya","Melastomataceae","brazil_sao paulo_sao jose barreiro","Brazil","São Paulo","São José do Barreiro",,"ibge",TRUE,-22.698889,-44.629444,"coord_original","seconds","high","Trembleya parviflora","check_local.2municip.","ok_county",,FALSE,"ok_dist","full_name_match","RB_854764","RB_854764[virtual]","4","1","RB_854764","RB_854764","RB_854764","plantr_exact","High","PARQUE NACIONAL SERRA DA BOCAINA"
,,,,"JBRJ","RB","RB - Rio de Janeiro Botanical Garden Herbarium Collection","PRESERVED_SPECIMEN","RB00855912","2831","M. Nadruz; J.F. Baumgratz et M. Bovini","Mata Pertubada em estágio de regeneração.","2014-06-04","2014","6","4",,,"Mata Pertubada em estágio de regeneração.","Brasil","BR","São Paulo",,"São José do Barreiro","Estrada da trilha do Ouro. Parque Nacional Serra da Bocaina",,,"-22.747222","-44.616667",,"22º44´50´´","44º37´0´´W",,"M. Nadruz","2014-06-04",,"Roupala montana Aubl.","Magnoliopsida","Proteales","Proteaceae","Roupala","species","Aubl.","ACCEPTED",,,"Roupala montana Aubl.",,,,"Roupala cf. montana Aubl.","Roupala montana",,,"jbrj-public-img.s3-sa-east-1.amazonaws.com/JPG/rb/0/85/59/12/00855912.jpg",,,,"GBIF","RB",,"Nadruz, M.","2831","2014","Nadruz, M.","2014","Baumgratz, J.F.; Bovini, M.","Nadruz",,"brazil","sao paulo","sao jose do barreiro","estrada da trilha do ouro, parque nacional serra da bocaina","estrada da trilha do ouro","locality","brazil_sao paulo_sao jose barreiro","brazil_sao paulo_sao jose barreiro",-22.74888367,-44.58687717,"county",257028,"Roupala montana","Aubl.","name_w_authors","Proteaceae","Roupala montana","Aubl.","species","name accepted","bfo-13799",,,"Roupala montana Aubl.","Roupala","Proteaceae","brazil_sao paulo_sao jose barreiro","Brazil","São Paulo","São José do Barreiro",,"ibge",TRUE,-22.7472222,-44.6166667,"coord_original","miliseconds","high","Roupala montana","check_local.2municip.","ok_county",,FALSE,"ok_dist","full_name_match","RB_855912","RB_855912[virtual]","1","0.25","RB_855912","RB_855912","RB_855912","plantr_exact","High","PARQUE NACIONAL SERRA DA BOCAINA"
,,,,"JBRJ","RB","RB - Rio de Janeiro Botanical Garden Herbarium Collection","PRESERVED_SPECIMEN","RB00856622","2843","M. Nadruz; J.F. Baumgratz et M. Bovini",,"2014-06-05","2014","6","5",,,,"Brasil","BR","São Paulo",,"São Paulo","Estrada trilha do ouro. Parque Nacional Serra da Bocaina",,,"-22.754167","-44.619444",,"22º45´15´´","44º37´10´´W",,"M. Nadruz","2014-06-05",,"Nectandra oppositifolia Nees & Mart. ex Nees","Magnoliopsida","Laurales","Lauraceae","Nectandra","species","Nees & Mart.","ACCEPTED",,,"Nectandra oppositifolia Nees & Mart. ex Nees",,,,"Nectandra oppositifolia Nees & Mart.","Nectandra oppositifolia",,,"jbrj-public-img.s3-sa-east-1.amazonaws.com/JPG/rb/0/85/66/22/00856622.jpg",,,,"GBIF","RB",,"Nadruz, M.","2843","2014","Nadruz, M.","2014","Baumgratz, J.F.; Bovini, M.","Nadruz",,"brazil","sao paulo","sao paulo","estrada trilha do ouro, parque nacional serra da bocaina","estrada trilha do ouro","locality","brazil_sao paulo_sao paulo","brazil_sao paulo_sao paulo",-23.65041685,-46.64802516,"county",257140,"Nectandra oppositifolia","Nees & Mart.","name_w_authors","Lauraceae","Nectandra oppositifolia","Nees & Mart.","species","author misspelled","bfo-8434",,,"Nectandra oppositifolia Nees & Mart.","Nectandra","Lauraceae","brazil_sao paulo_sao paulo","Brazil","São Paulo","São Paulo",,"ibge",TRUE,-22.754167,-44.619444,"coord_original","seconds","high","Nectandra oppositifolia","check_local.2municip.","ok_state",,FALSE,"ok_dist","full_name_match","RB_856622","RB_856622[virtual]","1","0.25","RB_856622","RB_856622","RB_856622","plantr_exact","High","PARQUE NACIONAL SERRA DA BOCAINA"
,,,,"JBRJ","RB","RB - Rio de Janeiro Botanical Garden Herbarium Collection","PRESERVED_SPECIMEN","RB00858558","1331","J.F.A. Baumgratz; M.G. Bovini et M. Nadruz","Floresta Ombrófila Montana e Alto-Montana alteradas, em formação campestre graminóide com arbustos e subarbustos esparsos, sobre latossolo amarelado.","2014-06-03","2014","6","3",,,"Floresta Ombrófila Montana e Alto-Montana alteradas, em formação campestre graminóide com arbustos e subarbustos esparsos, sobre latossolo amarelado.","Brasil","BR","São Paulo",,"São José do Barreiro","Na zona de Amortecimento do PARNA Serra da Bocaina, na trilha que se inicia próxima a Pousada Campos da Bocaina em direção a Pedra da Bacia (ou pedra Alta), antes do mirante.",,,"-22.723056","-44.609444",,"22º43´23´´","44º36´34´´W",,"J.F.A. Baumgratz","2014-07-01",,"Microlicia isophylla DC.","Magnoliopsida","Myrtales","Melastomataceae","Microlicia","species","DC.","ACCEPTED",,,"Microlicia isophylla DC.",,,,"Microlicia isophylla DC.","Microlicia isophylla",,,"jbrj-public-img.s3-sa-east-1.amazonaws.com/JPG/rb/0/85/85/58/00858558.jpg",,,,"GBIF","RB",,"Baumgratz, J.F.A.","1331","2014","Baumgratz, J.F.A.","2014","Bovini, M.G.; Nadruz, M.","Baumgratz",,"brazil","sao paulo","sao jose do barreiro","na zona de amortecimento do parna serra da bocaina",,"locality","brazil_sao paulo_sao jose barreiro","brazil_sao paulo_sao jose barreiro",-22.74888367,-44.58687717,"county",257375,"Microlicia isophylla","DC.","name_w_authors","Melastomataceae","Microlicia isophylla","DC.","species","name accepted","bfo-9800",,,"Microlicia isophylla DC.","Microlicia","Melastomataceae","brazil_sao paulo_sao jose barreiro","Brazil","São Paulo","São José do Barreiro",,"ibge",TRUE,-22.723056,-44.609444,"coord_original","seconds","high","Microlicia isophylla","check_local.2municip.","ok_county",,FALSE,"ok_dist","full_name_match","RB_858558","HUFU_77643|RB_858558","4","1","RB_858558","RB_858558","RB_858558","plantr_exact","High","PARQUE NACIONAL SERRA DA BOCAINA"
,,,,"JBRJ","RB","RB - Rio de Janeiro Botanical Garden Herbarium Collection","PRESERVED_SPECIMEN","RB00856661","2851","M. Nadruz; J.F. Baumgratz et M. Bovini","Mata Pertubada em estágio de regeneração.","2014-06-05","2014","6","5",,,"Mata Pertubada em estágio de regeneração.","Brasil","BR","São Paulo",,"São Paulo","Estrada trilha do ouro. Parque Nacional Serra da Bocaina",,,"-22.7825","-44.603889",,"22º46´57´´","44º36´14´´W",,"M. Nadruz","2014-06-05",,"Manettia cordifolia Mart.","Magnoliopsida","Gentianales","Rubiaceae","Manettia","species","Mart.","ACCEPTED",,,"Manettia cordifolia Mart.",,,,"Manettia cf. cordifolia Mart.","Manettia cordifolia",,,"jbrj-public-img.s3-sa-east-1.amazonaws.com/JPG/rb/0/85/66/61/00856661.jpg",,,,"GBIF","RB",,"Nadruz, M.","2851","2014","Nadruz, M.","2014","Baumgratz, J.F.; Bovini, M.","Nadruz",,"brazil","sao paulo","sao paulo","estrada trilha do ouro, parque nacional serra da bocaina","estrada trilha do ouro","locality","brazil_sao paulo_sao paulo","brazil_sao paulo_sao paulo",-23.65041685,-46.64802516,"county",257155,"Manettia cordifolia","Mart.","name_w_authors","Rubiaceae","Manettia cordifolia","Mart.","species","name accepted","bfo-14098",,,"Manettia cordifolia Mart.","Manettia","Rubiaceae","brazil_sao paulo_sao paulo","Brazil","São Paulo","São Paulo",,"ibge",TRUE,-22.7825,-44.603889,"coord_original","seconds","high","Manettia cordifolia","check_local.2municip.","ok_state",,FALSE,"ok_dist","full_name_match","RB_856661","RB_856661[virtual]","1","0.25","RB_856661","RB_856661","RB_856661","plantr_exact","High","PARQUE NACIONAL SERRA DA BOCAINA"
,,,,"JBRJ","RB","RB - Rio de Janeiro Botanical Garden Herbarium Collection","PRESERVED_SPECIMEN","RB00855975","2841","M. Nadruz; J.F.A. Baumgratz et M.G. Bovini","Mata Pertubada em estágio de regeneração.","2014-06-04","2014","6","4",,,"Mata Pertubada em estágio de regeneração.","Brasil","BR","São Paulo",,"São Paulo","Estrada trilha do ouro. Parque Nacional Serra da Bocaina",,,"-22.751389","-47.622222",,"22º45´5´´","47º37´20´´W",,"M. Nadruz","2014-06-04",,"Manettia congestoides Wernham","Magnoliopsida","Gentianales","Rubiaceae","Manettia","species","Wernham","ACCEPTED",,,"Manettia congestoides Wernham",,,,"Manettia congestoides Wernham","Manettia congestoides",,,"jbrj-public-img.s3-sa-east-1.amazonaws.com/JPG/rb/0/85/59/75/00855975.jpg",,,,"GBIF","RB",,"Nadruz, M.","2841","2014","Nadruz, M.","2014","Baumgratz, J.F.A.; Bovini, M.G.","Nadruz",,"brazil","sao paulo","sao paulo","estrada trilha do ouro, parque nacional serra da bocaina","estrada trilha do ouro","locality","brazil_sao paulo_sao paulo","brazil_sao paulo_sao paulo",-23.65041685,-46.64802516,"county",257026,"Manettia congestoides","Wernham","name_w_authors","Rubiaceae","Manettia congestoides","Wernham","species","name accepted","bfo-73215",,,"Manettia congestoides Wernham","Manettia","Rubiaceae","brazil_sao paulo_sao paulo","Brazil","São Paulo","São Paulo",,"ibge",TRUE,-22.751389,-47.622222,"coord_original","seconds","high","Manettia congestoides","check_local.2municip.","ok_state",,FALSE,"ok_dist","full_name_match","RB_855975","RB_855975[virtual]","1","0.25","RB_855975","RB_855975","RB_855975","plantr_exact","High","PARQUE NACIONAL SERRA DA BOCAINA"
,,,,"JBRJ","RB","RB - Rio de Janeiro Botanical Garden Herbarium Collection","PRESERVED_SPECIMEN","RB00858599","1339","J.F.A. Baumgratz; M. Bovini et M. Nadruz","Formação campestre graminóide com arbustos e subarbustos esparsos, sobre latossolo amarelado.","2014-06-03","2014","6","3",,,"Formação campestre graminóide com arbustos e subarbustos esparsos, sobre latossolo amarelado.","Brasil","BR","São Paulo",,"São José do Barreiro","Na Zona de Amortecimento do PARNA Serra da Bocaina, na trilha que se inicia próxima a Pousada Campos da Bocaina em direção a Pedra da Bacia (ou pedra Alta), antes do mirante.",,,"-22.723611","-44.609722",,"22º43´25´´","44º36´35´´W",,"J.F.A. Baumgratz","2014-07-01",,"Leandra eichleri Cogn.","Magnoliopsida","Myrtales","Melastomataceae","Miconia","species","Cogn.","SYNONYM",,,"Miconia leaeichleri R.Goldenb.",,,,"Leandra eichleri Cogn.","Miconia leaeichleri",,,"jbrj-public-img.s3-sa-east-1.amazonaws.com/JPG/rb/0/85/85/99/00858599.jpg",,,,"GBIF","RB",,"Baumgratz, J.F.A.","1339","2014","Baumgratz, J.F.A.","2014","Bovini, M.; Nadruz, M.","Baumgratz",,"brazil","sao paulo","sao jose do barreiro","na zona de amortecimento do parna serra da bocaina",,"locality","brazil_sao paulo_sao jose barreiro","brazil_sao paulo_sao jose barreiro",-22.74888367,-44.58687717,"county",257373,"Leandra eichleri","Cogn.","name_w_authors","Melastomataceae","Leandra eichleri","Cogn.","species","name accepted","bfo-9533",,,"Leandra eichleri Cogn.","Leandra","Melastomataceae","brazil_sao paulo_sao jose barreiro","Brazil","São Paulo","São José do Barreiro",,"ibge",TRUE,-22.723611,-44.609722,"coord_original","seconds","high","Leandra eichleri","check_local.2municip.","ok_county",,FALSE,"ok_dist","full_name_match","RB_858599","RB_858599[virtual]","4","1","RB_858599","RB_858599","RB_858599","plantr_exact","High","PARQUE NACIONAL SERRA DA BOCAINA"
,,,,"JBRJ","RB","RB - Rio de Janeiro Botanical Garden Herbarium Collection","PRESERVED_SPECIMEN","RB00855961","2839","M. Nadruz; J.F. Baumgratz et M. Bovini","Mata Pertubada em estágio de regeneração.","2014-06-04","2014","6","4",,,"Mata Pertubada em estágio de regeneração.","Brasil","BR","São Paulo",,"São Paulo","Estrada trilha do ouro. Parque Nacional Serra da Bocaina",,,"-22.751111","-44.622222",,"22º45´4´´","44º37´20´´W",,"M. Nadruz","2014-06-04",,"Justicia sellowiana Profice","Magnoliopsida","Lamiales","Acanthaceae","Justicia","species","Profice","ACCEPTED",,,"Justicia sellowiana Profice",,,,"Justicia sellowiana Profice","Justicia sellowiana",,,"jbrj-public-img.s3-sa-east-1.amazonaws.com/JPG/rb/0/85/59/61/00855961.jpg",,,,"GBIF","RB",,"Nadruz, M.","2839","2014","Nadruz, M.","2014","Baumgratz, J.F.; Bovini, M.","Nadruz",,"brazil","sao paulo","sao paulo","estrada trilha do ouro, parque nacional serra da bocaina","estrada trilha do ouro","locality","brazil_sao paulo_sao paulo","brazil_sao paulo_sao paulo",-23.65041685,-46.64802516,"county",257029,"Justicia sellowiana","Profice","name_w_authors","Acanthaceae","Justicia sellowiana","Profice","species","name accepted","bfo-26236",,,"Justicia sellowiana Profice","Justicia","Acanthaceae","brazil_sao paulo_sao paulo","Brazil","São Paulo","São Paulo",,"ibge",TRUE,-22.751111,-44.622222,"coord_original","seconds","high","Justicia sellowiana","check_local.2municip.","ok_state",,FALSE,"ok_dist","full_name_match","RB_855961","RB_855961[virtual]","1","0.25","RB_855961","RB_855961","RB_855961","plantr_exact","High","PARQUE NACIONAL SERRA DA BOCAINA"
,,,,"JBRJ","RB","RB - Rio de Janeiro Botanical Garden Herbarium Collection","PRESERVED_SPECIMEN","RB00855914","2833","M. Nadruz; J.F. Baumgratz et M. Bovini","Mata Pertubada em estágio de regeneração.","2014-06-04","2014","6","4",,,"Mata Pertubada em estágio de regeneração.","Brasil","BR","São Paulo",,"São Paulo","Estrada trilha do ouro. Parque Nacional Serra da Bocaina",,,"-22.7475","-44.615278",,"22º44´51´´","44º36´55´´W",,"M. Nadruz","2014-06-04",,"Gaylussacia brasiliensis (Spreng.) Meisn.","Magnoliopsida","Ericales","Ericaceae","Gaylussacia","species","(Spreng.) Meisn.","ACCEPTED",,,"Gaylussacia brasiliensis (Spreng.) Meisn.",,,,"Gaylussacia cf. brasiliensis (Spreng.) Meisn.","Gaylussacia brasiliensis",,,"jbrj-public-img.s3-sa-east-1.amazonaws.com/JPG/rb/0/85/59/14/00855914.jpg",,,,"GBIF","RB",,"Nadruz, M.","2833","2014","Nadruz, M.","2014","Baumgratz, J.F.; Bovini, M.","Nadruz",,"brazil","sao paulo","sao paulo","estrada trilha do ouro, parque nacional serra da bocaina","estrada trilha do ouro","locality","brazil_sao paulo_sao paulo","brazil_sao paulo_sao paulo",-23.65041685,-46.64802516,"county",257035,"Gaylussacia brasiliensis","(Spreng.) Meisn.","name_w_authors","Ericaceae","Gaylussacia brasiliensis","(Spreng.) Meisn.","species","name accepted","bfo-7483",,,"Gaylussacia brasiliensis (Spreng.) Meisn.","Gaylussacia","Ericaceae","brazil_sao paulo_sao paulo","Brazil","São Paulo","São Paulo",,"ibge",TRUE,-22.7475,-44.615278,"coord_original","seconds","high","Gaylussacia brasiliensis","check_local.2municip.","ok_state",,FALSE,"ok_dist","full_name_match","RB_855914","RB_855914[virtual]","1","0.25","RB_855914","RB_855914","RB_855914","plantr_exact","High","PARQUE NACIONAL SERRA DA BOCAINA"
,,,,"JBRJ","RB","RB - Rio de Janeiro Botanical Garden Herbarium Collection","PRESERVED_SPECIMEN","RB00856642","2847","M. Nadruz; J.F. Baumgratz et M. Bovini","Mata Pertubada em estágio de regeneração.","2014-06-05","2014","6","5",,,"Mata Pertubada em estágio de regeneração.","Brasil","BR","São Paulo",,"São Paulo","Estrada trilha do ouro. Parque Nacional Serra da Bocaina",,,"-22.753889","-44.618889",,"22º45´14´´","44º37´8´´W",,"A. M. Teles","2014-06-01",,"Dasyphyllum spinescens (Less.) Cabrera","Magnoliopsida","Asterales","Asteraceae","Dasyphyllum","species","(Less.) Cabrera","ACCEPTED",,,"Dasyphyllum spinescens (Less.) Cabrera",,,,"Dasyphyllum spinescens (Less.) Cabrera","Dasyphyllum spinescens",,,"jbrj-public-img.s3-sa-east-1.amazonaws.com/JPG/rb/0/85/66/42/00856642.jpg",,,,"GBIF","RB",,"Nadruz, M.","2847","2014","Teles, A.M.","2014","Baumgratz, J.F.; Bovini, M.","Nadruz",,"brazil","sao paulo","sao paulo","estrada trilha do ouro, parque nacional serra da bocaina","estrada trilha do ouro","locality","brazil_sao paulo_sao paulo","brazil_sao paulo_sao paulo",-23.65041685,-46.64802516,"county",257152,"Dasyphyllum spinescens","(Less.) Cabrera","name_w_authors","Asteraceae","Dasyphyllum spinescens","(Less.) Cabrera","species","name accepted","bfo-5303",,,"Dasyphyllum spinescens (Less.) Cabrera","Dasyphyllum","Asteraceae","brazil_sao paulo_sao paulo","Brazil","São Paulo","São Paulo",,"ibge",TRUE,-22.753889,-44.618889,"coord_original","seconds","high","Dasyphyllum spinescens","check_local.2municip.","ok_state",,FALSE,"ok_dist","full_name_match","RB_856642","RB_856642[virtual]","1","0.25","RB_856642","RB_856642","RB_856642","plantr_exact","High","PARQUE NACIONAL SERRA DA BOCAINA"
,,,,"JBRJ","RB","RB - Rio de Janeiro Botanical Garden Herbarium Collection","PRESERVED_SPECIMEN","RB00853638","2822","M Nadruz; JF Baumgratz & M Bovini","Mata alterada em estágio avançado de regeneração","2014-06-03","2014","6","3",,,"Mata alterada em estágio avançado de regeneração","Brasil","BR","São Paulo",,"São José do Barreiro","Picada que liga a Pousada Campos da Bocaina a Pedra Alta (Bacia) . PARNA Serra da Bocaina",,,"-22.722778","-44.612778",,"22º43´22´´","44º36´46´´W",,"M. Nadruz","2014-06-03",,"Anthurium minarum Sakur. & Mayo","Liliopsida","Alismatales","Araceae","Anthurium","species","Sakur. & Mayo","ACCEPTED",,,"Anthurium minarum Sakur. & Mayo",,,,"Anthurium minarum Sakur. & Mayo","Anthurium minarum",,,"jbrj-public-img.s3-sa-east-1.amazonaws.com/JPG/rb/0/85/36/38/00853638.jpg",,,,"GBIF","RB",,"Nadruz, M.","2822","2014","Nadruz, M.","2014","Baumgratz, J.F.; Bovini, M.","Nadruz",,"brazil","sao paulo","sao jose do barreiro","parna serra da bocaina","picada que liga a pousada campos da bocaina a pedra alta","locality","brazil_sao paulo_sao jose barreiro","brazil_sao paulo_sao jose barreiro",-22.74888367,-44.58687717,"county",256816,"Anthurium minarum","Sakur. & Mayo","name_w_authors","Araceae","Anthurium minarum","Sakur. & Mayo","species","name accepted","bfo-4958",,,"Anthurium minarum Sakur. & Mayo","Anthurium","Araceae","brazil_sao paulo_sao jose barreiro","Brazil","São Paulo","São José do Barreiro",,"ibge",TRUE,-22.722778,-44.612778,"coord_original","seconds","high","Anthurium minarum","check_local.2municip.","ok_county",,FALSE,"ok_dist","full_name_match","RB_853638","RB_853638[virtual]","1","0.25","RB_853638","RB_853638","RB_853638","plantr_exact","High","PARQUE NACIONAL SERRA DA BOCAINA"
,,,,"JBRJ","RB","RB - Rio de Janeiro Botanical Garden Herbarium Collection","PRESERVED_SPECIMEN","RB00853639","2823","M Nadruz; J.F. Baumgratz & M. Bovini","Floresta úmida","2014-06-03","2014","6","3",,,"Floresta úmida","Brasil","BR","São Paulo",,"São José do Barreiro","Picada que liga a Pousada Campos da Bocaina a Pedra Alta (bacia). PARNA Serra da Bocaina",,,,,,,,,"M Nadruz","2014-06-03",,"Anthurium lucioi Nadruz","Liliopsida","Alismatales","Araceae","Anthurium","species","Nadruz","ACCEPTED",,,"Anthurium lucioi Nadruz",,,,"Anthurium lucioi Nadruz","Anthurium lucioi",,,"jbrj-public-img.s3-sa-east-1.amazonaws.com/JPG/rb/0/85/36/39/00853639.jpg",,,,"GBIF","RB",,"Nadruz, M.","2823","2014","Nadruz, M.","2014","Baumgratz, J.F.; Bovini, M.","Nadruz",,"brazil","sao paulo","sao jose do barreiro","parna serra da bocaina","picada que liga a pousada campos da bocaina a pedra alta","locality","brazil_sao paulo_sao jose barreiro","brazil_sao paulo_sao jose barreiro",-22.74888367,-44.58687717,"county",256817,"Anthurium lucioi","Nadruz","name_w_authors","Araceae","Anthurium lucioi","Nadruz","species","name accepted","bfo-4951",,,"Anthurium lucioi Nadruz","Anthurium","Araceae","brazil_sao paulo_sao jose barreiro","Brazil","São Paulo","São José do Barreiro",,"ibge",TRUE,-22.74888367,-44.58687717,"coord_gazet","seconds_centroid","high","Anthurium lucioi","check_local.2municip.","ok_county_gazet",,FALSE,"ok_dist","full_name_match","RB_853639","RB_853639[virtual]","1","0.25","RB_853639","RB_853639","RB_853639","plantr_exact","High","PARQUE NACIONAL SERRA DA BOCAINA"
,,,,"JBRJ","RB","RB - Rio de Janeiro Botanical Garden Herbarium Collection","PRESERVED_SPECIMEN","RB00858692","1346","J.F.A. Baumgratz; M. Bovini et M. Nadruz","Em formação de Floresta Ombrófila Densa Montana alterada.","2014-06-04","2014","6","4",,,"Em formação de Floresta Ombrófila Densa Montana alterada.","Brasil","BR","São Paulo",,"São Paulo","Mun. São José do Barreiro, Parque Nacional da Serra da Bocaina, estrada Trilha do Ouro. Parque Nacional da Serra da Bocaina",,,"-22.747222","-44.616389",,"22º44´50´´","44º36´59´´W",,"J.F.A. Baumgratz","2014-07-01",,"Oncidium Sw.","Liliopsida","Asparagales","Orchidaceae","Oncidium","genus",,"ACCEPTED",,,"Oncidium Sw.",,,,"Oncidium",,,,"jbrj-public-img.s3-sa-east-1.amazonaws.com/JPG/rb/0/85/86/92/00858692.jpg",,,,"GBIF","RB",,"Baumgratz, J.F.A.","1346","2014","Baumgratz, J.F.A.","2014","Bovini, M.; Nadruz, M.","Baumgratz",,"brazil","sao paulo","sao paulo","parque nacional da serra da bocaina, estrada trilha do ouro","municipio de sao jose do barreiro","locality","brazil_sao paulo_sao paulo","brazil_sao paulo_sao paulo",-23.65041685,-46.64802516,"county",1614693,"Oncidium","Sw.","name_w_authors","Orchidaceae","Oncidium","Sw.","genus","name accepted","bfo-11943",,,"Oncidium Sw.","Oncidium","Orchidaceae","brazil_sao paulo_sao paulo","Brazil","São Paulo","São Paulo",,"ibge",TRUE,-22.747222,-44.616389,"coord_original","seconds","high",,"check_local.2municip.","ok_state",,FALSE,"no_cannot_check","full_name_match","RB_858692","RB_858692[virtual]","4","1","RB_858692","RB_858692","RB_858692","plantr_exact","High","PARQUE NACIONAL SERRA DA BOCAINA"
,,,,"RB","RB",,"PRESERVED_SPECIMEN","RB00856656","2849","M. Nadruz","Lâmina foliar membranacea; pedunculo, pedicelo e cálice esverdeados, corola avermelhada, anteras amareladas.",,"2014","6","05",,,"Lâmina foliar membranacea; pedunculo, pedicelo e cálice esverdeados, corola avermelhada, anteras amareladas.","Brasil",,"São Paulo",,"São Paulo","Estrada trilha do ouro. Parque Nacional Serra da Bocaina",,"1366","22º 45' 15"""" S","44º 37' 10"""" W",,"22º 45' 15"""" S","44º 37' 10"""" W","não","M. Nadruz","05/06/2014",,"Justicia",,,"Acanthaceae","Justicia","genus",,,,,,,,,"Justicia",,,,,,"RB 598701",,"Reflora","RB",,"Nadruz, M.","2849","2014","Nadruz, M.","2014",,"Nadruz",,"brazil","sao paulo","sao paulo","estrada trilha do ouro, parque nacional serra da bocaina","estrada trilha do ouro","locality","brazil_sao paulo_sao paulo","brazil_sao paulo_sao paulo",-23.65041685,-46.64802516,"county",1751808,"Justicia|Gonzalagunia","L.|Ruiz & Pav.","indet","Acanthaceae|Rubiaceae","Justicia|Gonzalagunia","L.|Ruiz & Pav.","genus","check +1 name|replaced synonym","bfo-4137|bfo-14050","Justicia|Gonzalagunia","L.|Ruiz & Pav.","Justicia L.|Gonzalagunia Ruiz & Pav.","Justicia|Gonzalagunia","Acanthaceae|Rubiaceae","brazil_sao paulo_sao paulo","Brazil","São Paulo","São Paulo",,"ibge",FALSE,-22.7541666666667,-44.6194444444444,"coord_original","miliseconds","high",,"check_local.2municip.","ok_state",,FALSE,"no_cannot_check","no_match","RB_856656",,"0","0",,,,"plantr_exact","High","PARQUE NACIONAL SERRA DA BOCAINA"
,,"https://specieslink.net/col/7",,"USP-IB","SPF",,"PRESERVED_SPECIMEN","214709","3987A","Ceccantini, GCT",,"2013-10-23","2013","10","23",,,,"Brasil","BR","São Paulo",,,"Serra da Bocaina, Estrada para o Parque Nacional da Serra da Bocaina. Alto da Serra.",,,,,,,,,,"2013-10-22",,"Tripodanthus acutifolius (Ruiz & Pav.) Tiegh.","Magnoliopsida","Santalales","Loranthaceae","Tripodanthus","species","(Ruiz & Pav.) Tiegh.","ACCEPTED",,,"Tripodanthus acutifolius (Ruiz & Pav.) Tiegh.",,,,"Tripodanthus acutifolius","Tripodanthus acutifolius",,"WGS84","https://images.cria.org.br/viewer/SPF00214709",,,,"GBIF","SPF",,"Ceccantini, G.C.T.","3987-A","2013","Determinador, S.","22/10/13",,"Ceccantini",,"brazil","sao paulo","serra da bocaina","serra da bocaina, estrada para o parque nacional da serra da bocaina","serra da bocaina","locality","brazil_sao paulo_serra bocaina","brazil_sao paulo",-22.2584562,-48.7420254,"state",184991,"Tripodanthus acutifolius","(Ruiz & Pav.) Tiegh.","name_w_authors","Loranthaceae","Tripodanthus acutifolius","(Ruiz & Pav.) Tiegh.","species","name accepted","bfo-8725",,,"Tripodanthus acutifolius (Ruiz & Pav.) Tiegh.","Tripodanthus","Loranthaceae","brazil_sao paulo","Brazil","São Paulo",,,"gadm",TRUE,-22.2584562,-48.7420254,"coord_gazet","seconds_centroid","high","Tripodanthus acutifolius","check_local.2state","ok_state_gazet",,FALSE,"ok_dist","full_name_match","SPF_214709","SPF_214709[virtual]","1","0.25","SPF_214709","SPF_214709","SPF_214709","plantr_exact","High","PARQUE NACIONAL SERRA DA BOCAINA"
,,"https://specieslink.net/col/16",,"UNESP-FCA","BOTU",,"PRESERVED_SPECIMEN","31054","226","Pastore, M.",,"2013-11-12","2013","11","12",,,,"Brasil","BR","São Paulo",,"São José do Barreiro","Parque Nacional da Serra da Bocaina",,,,,,,,,"Pastore, M.",,,"Jacquemontia cataractae Krapov.","Magnoliopsida","Solanales","Convolvulaceae","Jacquemontia","species","Krapov.","ACCEPTED",,,"Jacquemontia cataractae Krapov.",,,,"Jacquemontia cataractae","Jacquemontia cataractae",,"WGS84","https://images.cria.org.br/viewer/BOTU031054",,,,"GBIF","BOTU",,"Pastore, M.","226","2013","Determinador, S.",,,"Pastore",,"brazil","sao paulo","sao jose do barreiro","parque nacional da serra da bocaina","parque nacional da serra da bocaina","locality","brazil_sao paulo_sao jose barreiro","brazil_sao paulo_sao jose barreiro_parque nacional serra bocaina",-22.74484201,-44.61460885,"locality",63333,"Jacquemontia cataractae","Krapov.","name_w_authors","Convolvulaceae","Jacquemontia cataractae","Krapov.","species","name accepted","bfo-139253",,,"Jacquemontia cataractae Krapov.","Jacquemontia","Convolvulaceae","brazil_sao paulo_sao jose barreiro","Brazil","São Paulo","São José do Barreiro",,"ibge",TRUE,-22.645,-44.5778,"coord_original","miliseconds","high","Jacquemontia cataractae","ok_same_resolution","ok_county",,FALSE,"ok_dist","full_name_match","BOTU_31054","BOTU_31054|IAC_56065|PMSP_15673|SJRP_31677|SJRP_3700|SP_446941","4","1","SJRP_3700","IAC_56065","IAC_56065","plantr_exact","High","PARQUE NACIONAL SERRA DA BOCAINA"
,"Herbário Virtual REFLORA Disponível em: http://herbariovirtualreflora.jbrj.gov.br/reflora/herbarioVirtual/ConsultaPublicoHVUC/ConsultaPublicoHVUC.do?idTestemunho=5457613",,,"R","R",,"PRESERVED_SPECIMEN","R010011015","63","F.B. Santos;L.C. Moreira",,"2013-10-23","2013","10","23","2013-10-23",,,"Brasil","BR","São Paulo",,"São Paulo","Parque Nacional da Serra da Bocaina. Trilha do Tira Chapéu",,,,,,,,,,,,"Gaylussacia chamissonis Meisn.","Magnoliopsida","Ericales","Ericaceae","Gaylussacia","species","Meisn.","ACCEPTED",,,"Gaylussacia chamissonis Meisn.",,,,"Gaylussacia chamissonis Meisn.","Gaylussacia chamissonis",,,"jbrj-public.s3-sa-east-1.amazonaws.com/fsi/server?type=image&source=DZI/herbariumr/r/1/0/11/1/5/r010011015.dzi",,,,"GBIF","R",,"Santos, F.B.","63","2013",,,"Moreira, L.C.","Santos",,"brazil","sao paulo","sao paulo","parque nacional da serra da bocaina",,"locality","brazil_sao paulo_sao paulo","brazil_sao paulo_sao paulo",-23.65041685,-46.64802516,"county",663644,"Gaylussacia chamissonis","Meisn.","name_w_authors","Ericaceae","Gaylussacia chamissonis","Meisn.","species","name accepted","bfo-7486",,,"Gaylussacia chamissonis Meisn.","Gaylussacia","Ericaceae","brazil_sao paulo_sao paulo","Brazil","São Paulo","São Paulo",,"ibge",TRUE,-23.65041685,-46.64802516,"coord_gazet","seconds_centroid","high","Gaylussacia chamissonis","check_local.2municip.","ok_county_gazet",,TRUE,"ok_dist","full_name_match","R_10011015","R_10011015[virtual]","4","1",,"R_10011015","R_10011015","plantr_exact","High","PARQUE NACIONAL SERRA DA BOCAINA"
,,"https://specieslink.net/col/1",,"IPA/SP","SP",,"PRESERVED_SPECIMEN","447159","79","Silva, OLM; Pastore, M; Simão Bianchini, R; Bianchini, S",,"2013-01-21","2013","1","21",,,,"Brasil","BR","São Paulo",,"São José do Barreiro","Parque Nacional da Bocaina, Estrada Francisca Mendes Ribeiro, cerca de 5 Km após a sede administrativa do Parque Nacional da Serra da Bocaina. Crescendo na borda da floresta",,,,,,,,,,,,"Manihot Mill.","Magnoliopsida","Malpighiales","Euphorbiaceae","Manihot","genus",,"ACCEPTED",,,"Manihot Mill.",,,,"Manihot",,,,"https://images.cria.org.br/viewer/SP0447159",,,,"GBIF","SP","code partially found","Silva, O.L.M.","79","2013",,,"Pastore, M.; Bianchini, R.S.; Bianchini, S.","Silva",,"brazil","sao paulo","sao jose do barreiro","parque nacional da bocaina, estrada francisca mendes ribeiro, cerca de 5 km apos a sede administrativa do parque nacional da serra da bocaina","parque nacional da bocaina","locality","brazil_sao paulo_sao jose barreiro","brazil_sao paulo_sao jose barreiro",-22.74888367,-44.58687717,"county",1627906,"Manihot","Mill.","name_w_authors","Euphorbiaceae","Manihot","Mill.","genus","name accepted","bfo-17591",,,"Manihot Mill.","Manihot","Euphorbiaceae","brazil_sao paulo_sao jose barreiro","Brazil","São Paulo","São José do Barreiro",,"ibge",TRUE,-22.639999,-44.57,"coord_original","miliseconds","high",,"check_local.2municip.","ok_county",,FALSE,"no_cannot_check","full_name_match","SP_447159","SP_447159[virtual]","1","0.25",,"SP_447159","SP_447159","plantr_exact","High","PARQUE NACIONAL SERRA DA BOCAINA"
,,"https://specieslink.net/col/7",,"USP-IB","SPF",,"PRESERVED_SPECIMEN","214710","3994","Ceccantini, GCT",,"2013-10-24","2013","10","24",,,,"Brasil","BR","São Paulo",,,"Serra da Bocaina, Estrada para o Parque Nacional da Serra da Bocaina. Alto da Serra.",,,,,,,,,"Pirani, JR","2014-01-01",,"Griselinia ruscifolia (Clos) Taub.","Magnoliopsida","Apiales","Griseliniaceae","Griselinia","species","(Clos) Taub.","SYNONYM",,,"Griselinia ruscifolia (Clos) Ball",,,,"Griselinia ruscifolia","Griselinia ruscifolia",,"WGS84","https://images.cria.org.br/viewer/SPF00214710",,,,"GBIF","SPF",,"Ceccantini, G.C.T.","3994","2013","Pirani, J.R.","2014",,"Ceccantini",,"brazil","sao paulo","serra da bocaina","serra da bocaina, estrada para o parque nacional da serra da bocaina","serra da bocaina","locality","brazil_sao paulo_serra bocaina","brazil_sao paulo",-22.2584562,-48.7420254,"state",184994,"Griselinia ruscifolia","(Clos) Ball","name_w_authors","Griseliniaceae","Griselinia ruscifolia","(Clos) Ball","species","author misspelled","bfo-7950",,,"Griselinia ruscifolia (Clos) Ball","Griselinia","Griseliniaceae","brazil_sao paulo","Brazil","São Paulo",,,"gadm",TRUE,-22.2584562,-48.7420254,"coord_gazet","seconds_centroid","high","Griselinia ruscifolia","check_local.2state","ok_state_gazet",,FALSE,"ok_dist","full_name_match","SPF_214710","SPF_214710[virtual]","1","0.25","SPF_214710","SPF_214710","SPF_214710","plantr_exact","High","PARQUE NACIONAL SERRA DA BOCAINA"
,,"https://specieslink.net/col/45",,"UFPR","UPCB",,"PRESERVED_SPECIMEN","75414","708","Pereira, J.B.S.; Labiak, P.H.;Reginato, M.",,"2013-02-07","2013","2","7",,,,"Brasil","BR","São Paulo",,"São José do Barreiro","Parque Nacional da Serra da Bocaina",,,"-22.781667","-44.610833",,,,,"Pereira, J.B.S.","2013-03-02",,"Phlegmariurus nudus (Christ ex Nessel & Hoehne) B.Øllg.","Lycopodiopsida","Lycopodiales","Lycopodiaceae","Phlegmariurus","species","(Nessel) B.Øllg.","ACCEPTED",,,"Phlegmariurus nudus (Christ ex Nessel & Hoehne) B.Øllg.",,,,"Phlegmariurus nudus","Phlegmariurus nudus",,,,,,,"GBIF","UPCB",,"Pereira, J.B.S.","708","2013","Pereira, J.B.S.","2013","Labiak, P.H.; Reginato, M.","Pereira",,"brazil","sao paulo","sao jose do barreiro","parque nacional da serra da bocaina",,"locality","brazil_sao paulo_sao jose barreiro_parque nacional serra bocaina","brazil_sao paulo_sao jose barreiro_parque nacional serra bocaina",-22.74484201,-44.61460885,"locality",40061,"Phlegmariurus nudus","(Nessel) B.Øllg.","name_w_authors","Lycopodiaceae","Phlegmariurus nudus","(Nessel) B.Øllg.","species","author misspelled","bfo-128523",,,"Phlegmariurus nudus (Nessel) B.Øllg.","Phlegmariurus","Lycopodiaceae","brazil_sao paulo_sao jose barreiro","Brazil","São Paulo","São José do Barreiro",,"ibge",TRUE,-22.781667,-44.610833,"coord_original","seconds","high","Phlegmariurus nudus","ok_same_resolution","ok_county",,FALSE,"ok_dist","full_name_match","UPCB_75414","UPCB_51713|UPCB_75414","4","1","UPCB_51713","UPCB_51713","UPCB_51713","plantr_exact","High","PARQUE NACIONAL SERRA DA BOCAINA"
,,"https://specieslink.net/col/45",,"UFPR","UPCB",,"PRESERVED_SPECIMEN","75413","709","Pereira, J.B.S.; Labiak, P.H.;Reginato, M.",,"2013-02-07","2013","2","7",,,,"Brasil","BR","São Paulo",,"São José do Barreiro","Parque Nacional da Serra da Bocaina",,,"-22.781667","-44.610833",,,,,"Pereira, J.B.S.","2013-03-02",,"Marattia raddii Desv.","Polypodiopsida","Marattiales","Marattiaceae","Eupodium","species","Desv.","SYNONYM",,,"Eupodium cicutifolium (Kaulf.) Lehtonen",,,,"Marattia raddii","Eupodium cicutifolium",,,,,,,"GBIF","UPCB",,"Pereira, J.B.S.","709","2013","Pereira, J.B.S.","2013","Labiak, P.H.; Reginato, M.","Pereira",,"brazil","sao paulo","sao jose do barreiro","parque nacional da serra da bocaina",,"locality","brazil_sao paulo_sao jose barreiro_parque nacional serra bocaina","brazil_sao paulo_sao jose barreiro_parque nacional serra bocaina",-22.74484201,-44.61460885,"locality",40062,"Marattia cicutifolia","Kaulf.","name_w_authors","Marattiaceae","Marattia cicutifolia","Kaulf.","species","replaced synonym","bfo-111569","Marattia cicutifolia","Kaulf.","Marattia cicutifolia Kaulf.","Marattia","Marattiaceae","brazil_sao paulo_sao jose barreiro","Brazil","São Paulo","São José do Barreiro",,"ibge",TRUE,-22.781667,-44.610833,"coord_original","seconds","high","Marattia cicutifolia","ok_same_resolution","ok_county",,FALSE,"ok_dist","full_name_match","UPCB_75413","UPCB_51740|UPCB_75413","4","1","UPCB_51740","UPCB_51740","UPCB_51740","plantr_exact","High","PARQUE NACIONAL SERRA DA BOCAINA"
,,"https://specieslink.net/col/1",,"IPA/SP","SP",,"PRESERVED_SPECIMEN","447146","64","Silva, OLM; Pastore, M; Simão Bianchini, R; Bianchini, S",,"2013-01-18","2013","1","18",,,,"Brasil","BR","São Paulo",,"São José do Barreiro","Arredores da praça central, próxima à sede do Parque Nacional da Serra da Bocaina. Crescendo entre ladrilhos das ruas.",,,"-22.645828","-44.577885",,,,,"Silva, OLM","2013-01-18",,"Euphorbia thymifolia L.","Magnoliopsida","Malpighiales","Euphorbiaceae","Euphorbia","species","L.","ACCEPTED",,,"Euphorbia thymifolia L.",,,,"Euphorbia thymifolia","Euphorbia thymifolia",,"WGS84","https://images.cria.org.br/viewer/SP0447146",,,,"GBIF","SP","code partially found","Silva, O.L.M.","64","2013","Silva, O.L.M.","2013","Pastore, M.; Bianchini, R.S.; Bianchini, S.","Silva",,"brazil","sao paulo","sao jose do barreiro","proxima a sede do parque nacional da serra da bocaina","arredores da praca central","locality","brazil_sao paulo_sao jose barreiro","brazil_sao paulo_sao jose barreiro",-22.74888367,-44.58687717,"county",416661,"Euphorbia thymifolia","L.","name_w_authors","Euphorbiaceae","Euphorbia thymifolia","L.","species","name accepted","bfo-25522",,,"Euphorbia thymifolia L.","Euphorbia","Euphorbiaceae","brazil_sao paulo_sao jose barreiro","Brazil","São Paulo","São José do Barreiro",,"ibge",TRUE,-22.645828,-44.577885,"coord_original","miliseconds","high","Euphorbia thymifolia","check_local.2municip.","ok_county",,FALSE,"ok_dist","full_name_match","SP_447146","SP_447146[virtual]","1","0.25","SP_447146","SP_447146","SP_447146","plantr_exact","High","PARQUE NACIONAL SERRA DA BOCAINA"
,,"https://specieslink.net/col/1",,"IPA/SP","SP",,"PRESERVED_SPECIMEN","447154","74","Silva, OLM; Pastore, M; Simão Bianchini, R; Bianchini, S",,"2013-01-21","2013","1","21",,,,"Brasil","BR","São Paulo",,"São José do Barreiro","Próximo à sede administrativa do Parque Nacional da Serra da Bocaina. Crescendo em vegetação perturbada, próxima a um monte de areia.",,,"-22.646153","-44.578799",,,,,"Silva, OLM","2013-01-21",,"Euphorbia hyssopifolia L.","Magnoliopsida","Malpighiales","Euphorbiaceae","Euphorbia","species","L.","ACCEPTED",,,"Euphorbia hyssopifolia L.",,,,"Euphorbia hyssopifolia","Euphorbia hyssopifolia",,"WGS84","https://images.cria.org.br/viewer/SP0447154",,,,"GBIF","SP","code partially found","Silva, O.L.M.","74","2013","Silva, O.L.M.","2013","Pastore, M.; Bianchini, R.S.; Bianchini, S.","Silva",,"brazil","sao paulo","sao jose do barreiro","proximo a sede administrativa do parque nacional da serra da bocaina",,"locality","brazil_sao paulo_sao jose barreiro","brazil_sao paulo_sao jose barreiro",-22.74888367,-44.58687717,"county",416725,"Euphorbia hyssopifolia","L.","name_w_authors","Euphorbiaceae","Euphorbia hyssopifolia","L.","species","name accepted","bfo-25518",,,"Euphorbia hyssopifolia L.","Euphorbia","Euphorbiaceae","brazil_sao paulo_sao jose barreiro","Brazil","São Paulo","São José do Barreiro",,"ibge",TRUE,-22.646153,-44.578799,"coord_original","miliseconds","high","Euphorbia hyssopifolia","check_local.2municip.","ok_county",,FALSE,"ok_dist","full_name_match","SP_447154","SP_447154[virtual]","1","0.25","SP_447154","SP_447154","SP_447154","plantr_exact","High","PARQUE NACIONAL SERRA DA BOCAINA"
,,"https://specieslink.net/col/1",,"IPA/SP","SP",,"PRESERVED_SPECIMEN","447155","75","Silva, OLM; Pastore, M; Simão Bianchini, R; Bianchini, S",,"2013-01-21","2013","1","21",,,,"Brasil","BR","São Paulo",,"São José do Barreiro","Próximo à sede administrativa do Parque Nacional da Serra da Bocaina. Crescendo em vegetação peturbada, próximo a caminho de água.",,,"-22.646153","-44.578799",,,,,"Silva, OLM","2013-01-21",,"Euphorbia heterophylla L.","Magnoliopsida","Malpighiales","Euphorbiaceae","Euphorbia","species","L.","ACCEPTED",,,"Euphorbia heterophylla L.",,,,"Euphorbia heterophylla","Euphorbia heterophylla",,"WGS84","https://images.cria.org.br/viewer/SP0447155",,,,"GBIF","SP","code partially found","Silva, O.L.M.","75","2013","Silva, O.L.M.","2013","Pastore, M.; Bianchini, R.S.; Bianchini, S.","Silva",,"brazil","sao paulo","sao jose do barreiro","proximo a sede administrativa do parque nacional da serra da bocaina",,"locality","brazil_sao paulo_sao jose barreiro","brazil_sao paulo_sao jose barreiro",-22.74888367,-44.58687717,"county",416925,"Euphorbia heterophylla","L.","name_w_authors","Euphorbiaceae","Euphorbia heterophylla","L.","species","name accepted","bfo-17569",,,"Euphorbia heterophylla L.","Euphorbia","Euphorbiaceae","brazil_sao paulo_sao jose barreiro","Brazil","São Paulo","São José do Barreiro",,"ibge",TRUE,-22.646153,-44.578799,"coord_original","miliseconds","high","Euphorbia heterophylla","check_local.2municip.","ok_county",,FALSE,"ok_dist","full_name_match","SP_447155","SP_447155[virtual]","1","0.25","SP_447155","SP_447155","SP_447155","plantr_exact","High","PARQUE NACIONAL SERRA DA BOCAINA"
,,"https://specieslink.net/col/189",,"MN","R",,"PRESERVED_SPECIMEN","228622","119","Costa, L.M.",,"2013-10-23","2013","10","23",,,,"Brasil","BR","São Paulo",,"São José do Barreiro","Parque Nacional da Serra da Bocaina. Trilha para o Tira Chapéu.",,,,,,,,,"Costa, L.M.","2013-10-23",,"Calydorea campestris (Klatt) Baker","Liliopsida","Asparagales","Iridaceae","Calydorea","species","(Klatt) Baker","ACCEPTED",,,"Calydorea campestris (Klatt) Baker",,,,"Calydorea campestris","Calydorea campestris",,,"https://images.cria.org.br/viewer/R010009437",,,,"GBIF","R",,"Costa, L.M.","119","2013","L.m.costa","2013",,"Costa",,"brazil","sao paulo","sao jose do barreiro","parque nacional da serra da bocaina",,"locality","brazil_sao paulo_sao jose barreiro_parque nacional serra bocaina","brazil_sao paulo_sao jose barreiro_parque nacional serra bocaina",-22.74484201,-44.61460885,"locality",443580,"Calydorea campestris","(Klatt) Baker","name_w_authors","Iridaceae","Calydorea campestris","(Klatt) Baker","species","name accepted","bfo-8041",,,"Calydorea campestris (Klatt) Baker","Calydorea","Iridaceae","brazil_sao paulo_sao jose barreiro","Brazil","São Paulo","São José do Barreiro",,"ibge",TRUE,-22.738611,-44.641111,"coord_original","seconds","high","Calydorea campestris","ok_same_resolution","ok_county",,FALSE,"ok_dist","full_name_match","R_228622","R_10009437|R_228622","4","1","R_10009437","R_10009437","R_10009437","plantr_exact","High","PARQUE NACIONAL SERRA DA BOCAINA"
,,,,"JBRJ","RB","RB - Rio de Janeiro Botanical Garden Herbarium Collection","PRESERVED_SPECIMEN","RB00673419","1173","J.F.A. Baumgratz; C. Mynssen, F.M. Pinheiro, T. Meneguzzo & R. Ribeiro","Floresta Ombrófila Densa Alto-Montana, alterada","2011-10-06","2011","10","6",,,"Floresta Ombrófila Densa Alto-Montana, alterada","Brasil","BR","São Paulo",,"São José do Barreiro","Lageado. Na margem da estrada (rodovia Francisca Mendes Ribeiro SP-221). Parque Nacional da Serra da Bocaina",,,"-22.7325","-44.619444",,"22º43´57´´","44º37´10´´W",,"J.F.A. Baumgratz, D.S.P. Silva & A.S. Vaz",,,"Symplocos falcata Brand","Magnoliopsida","Ericales","Symplocaceae","Symplocos","species","Brand","ACCEPTED",,,"Symplocos falcata Brand",,,,"Symplocos falcata Brand","Symplocos falcata",,,"jbrj-public-img.s3-sa-east-1.amazonaws.com/JPG/rb/0/67/34/19/00673419.jpg",,,,"GBIF","RB",,"Baumgratz, J.F.A.","1173","2011","Baumgratz, J.F.A.",,"Mynssen, C.; Pinheiro, F.M.; Meneguzzo, T.; Ribeiro, R.","Baumgratz","Silva, D.S.P.; Vaz, A.S.","brazil","sao paulo","sao jose do barreiro","na margem da estrada, rodovia francisca mendes ribeiro sp-221, parque nacional da serra da bocaina","lageado","locality","brazil_sao paulo_sao jose barreiro","brazil_sao paulo_sao jose barreiro",-22.74888367,-44.58687717,"county",252104,"Symplocos falcata","Brand","name_w_authors","Symplocaceae","Symplocos falcata","Brand","species","name accepted","bfo-14902",,,"Symplocos falcata Brand","Symplocos","Symplocaceae","brazil_sao paulo_sao jose barreiro","Brazil","São Paulo","São José do Barreiro",,"ibge",TRUE,-22.7325,-44.619444,"coord_original","seconds","high","Symplocos falcata","check_local.2municip.","ok_county",,FALSE,"ok_dist","full_name_match","RB_673419","HUEFS_261495|RB_673419|RBR_57577","4","1","RB_673419","RB_673419","RB_673419","plantr_exact","High","PARQUE NACIONAL SERRA DA BOCAINA"
,,"https://specieslink.net/col/220",,"UFMG","BHCB",,"PRESERVED_SPECIMEN","152771","7358","Agra, MF; Bohs, LA; Giacomin, LL; Giudicelli, GC; Jorge, TB",,"2011-05-02","2011","5","2",,,,"Brasil","BR","São Paulo",,"São José do Barreiro","Parque Nacional da Serra da Bocaina, Outskirts of the park. Road from park administrative headquarters at São José do Barreiro to alojamento at entrance to park.",,,"-22.674167","-44.614722",,,,,,,,"Solanum campaniforme Roem. & Schult.","Magnoliopsida","Solanales","Solanaceae","Solanum","species","Roem. & Schult.","ACCEPTED",,,"Solanum campaniforme Roem. & Schult.",,,,"Solanum campaniforme","Solanum campaniforme",,"WGS84",,,,,"GBIF","BHCB",,"Agra, M.F.","7358","2011",,,"Bohs, L.A.; Giacomin, L.L.; Giudicelli, G.C.; Jorge, T.B.","Agra",,"brazil","sao paulo","sao jose do barreiro","parque nacional da serra da bocaina, outskirts of the park, road from park administrative headquarters at sao jose do barreiro to alojamento at entrance to park","parque nacional da serra da bocaina","locality","brazil_sao paulo_sao jose barreiro","brazil_sao paulo_sao jose barreiro",-22.74888367,-44.58687717,"county",66076,"Solanum campaniforme","Roem. & Schult.","name_w_authors","Solanaceae","Solanum campaniforme","Roem. & Schult.","species","name accepted","bfo-14741",,,"Solanum campaniforme Roem. & Schult.","Solanum","Solanaceae","brazil_sao paulo_sao jose barreiro","Brazil","São Paulo","São José do Barreiro",,"ibge",TRUE,-22.674167,-44.614722,"coord_original","seconds","high","Solanum campaniforme","check_local.2municip.","ok_county",,FALSE,"ok_dist","full_name_match","BHCB_152771",,"0","0",,,,"plantr_exact","High","PARQUE NACIONAL SERRA DA BOCAINA"
,,,,"JBRJ","RB","RB - Rio de Janeiro Botanical Garden Herbarium Collection","PRESERVED_SPECIMEN","RB00673627","1274","C.Mynssen; J.F. Baumgratz, F. Pinheiro, T.E.C. Meneguzzo & R. Ribeiro",,"2011-10-05","2011","10","5",,,,"Brasil","BR","São Paulo",,"São José do Barreiro","Parque Nacional da Serra da Bocaina, picada para o Morro do Tira Chapéu, mata nebular.",,,"-22.746389","-44.633333",,"22º44´47´´","44º38´W",,"C. Mynssen",,,"Pleopeltis pleopeltidis (Fée) de la Sota","Polypodiopsida","Polypodiales","Polypodiaceae","Pleopeltis","species","(Fée) de la Sota","ACCEPTED",,,"Pleopeltis pleopeltidis (Fée) de la Sota",,,,"Pleopeltis pleopeltidis (Fée) de la Sota","Pleopeltis pleopeltidis",,,"jbrj-public-img.s3-sa-east-1.amazonaws.com/JPG/rb/0/67/36/27/00673627.jpg",,,,"GBIF","RB",,"Mynssen, C.","1274","2011",,,"Baumgratz, J.F.; Pinheiro, F.; Meneguzzo, T.E.C.; Ribeiro, R.","Mynssen",,"brazil","sao paulo","sao jose do barreiro","parque nacional da serra da bocaina",,"locality","brazil_sao paulo_sao jose barreiro_parque nacional serra bocaina","brazil_sao paulo_sao jose barreiro_parque nacional serra bocaina",-22.74484201,-44.61460885,"locality",252124,"Pleopeltis pleopeltidis","(Fée) de la Sota","name_w_authors","Polypodiaceae","Pleopeltis pleopeltidis","(Fée) de la Sota","species","name accepted","bfo-111502",,,"Pleopeltis pleopeltidis (Fée) de la Sota","Pleopeltis","Polypodiaceae","brazil_sao paulo_sao jose barreiro","Brazil","São Paulo","São José do Barreiro",,"ibge",TRUE,-22.7463889,-44.6333333,"coord_original","miliseconds","high","Pleopeltis pleopeltidis","ok_same_resolution","ok_county",,FALSE,"ok_dist","full_name_match","RB_673627","RB_673627[virtual]","4","1",,"RB_673627","RB_673627","plantr_exact","High","PARQUE NACIONAL SERRA DA BOCAINA"
,,,,"JBRJ","RB","RB - Rio de Janeiro Botanical Garden Herbarium Collection","PRESERVED_SPECIMEN","RB00686778","82","F. M. Pinheiro; J.F. Baumgratz, C.Mynssen, T. Meneguzzo, R. Ribeiro",,"2011-10-04","2011","10","4",,,,"Brasil","BR","São Paulo",,"São José do Barreiro","Parque Nacional da Serra da Bocaina.",,,"-22.785555","-44.601667",,"22º47´8´´","44º36´6´´W",,"DMONTEIRO",,,"Peperomia glabella (Sw.) A.Dietr.","Magnoliopsida","Piperales","Piperaceae","Peperomia","species","(Sw.) A.Dietr.","ACCEPTED",,,"Peperomia glabella (Sw.) A.Dietr.",,,,"Peperomia glabella (Sw.) A.Dietr.","Peperomia glabella",,,"jbrj-public-img.s3-sa-east-1.amazonaws.com/JPG/rb/0/68/67/78/00686778.jpg",,,,"GBIF","RB",,"Pinheiro, F.M.","82","2011",,,"Baumgratz, J.F.; Mynssen, C.; Meneguzzo, T.; Ribeiro, R.","Pinheiro",,"brazil","sao paulo","sao jose do barreiro","parque nacional da serra da bocaina",,"locality","brazil_sao paulo_sao jose barreiro_parque nacional serra bocaina","brazil_sao paulo_sao jose barreiro_parque nacional serra bocaina",-22.74484201,-44.61460885,"locality",252660,"Peperomia glabella","(Sw.) A.Dietr.","name_w_authors","Piperaceae","Peperomia glabella","(Sw.) A.Dietr.","species","name accepted","bfo-12653",,,"Peperomia glabella (Sw.) A.Dietr.","Peperomia","Piperaceae","brazil_sao paulo_sao jose barreiro","Brazil","São Paulo","São José do Barreiro",,"ibge",TRUE,-22.785555,-44.601667,"coord_original","seconds","high","Peperomia glabella","ok_same_resolution","ok_county",,FALSE,"ok_dist","full_name_match","RB_686778","RB_686778[virtual]","4","1",,"RB_686778","RB_686778","plantr_exact","High","PARQUE NACIONAL SERRA DA BOCAINA"
,,,,"JBRJ","RB","RB - Rio de Janeiro Botanical Garden Herbarium Collection","PRESERVED_SPECIMEN","RB00673633","1279","C.Mynssen; J.F. Baumgratz, F. Pinheiro, T.E.C. Meneguzzo & R. Ribeiro",,"2011-10-05","2011","10","5",,,,"Brasil","BR","São Paulo",,"São José do Barreiro","Parque Nacional da Serra da Bocaina, picada para o Morro do Tira Chapéu, mata nebular.",,,"-22.757778","-44.651667",,"22º45´28´´","44º39´6´´W",,"R.Y. Hirai et J. Prado",,,"Moranopteris achilleifolia (Kaulf.) R.Y.Hirai & J.Prado","Polypodiopsida","Polypodiales","Polypodiaceae","Moranopteris","species","(Kaulf.) R.Y. Hirai & J. Prado","ACCEPTED",,,"Moranopteris achilleifolia (Kaulf.) R.Y.Hirai & J.Prado",,,,"Moranopteris achilleifolia (Kaulf.) R.Y. Hirai & J. Prado","Moranopteris achilleifolia",,,"jbrj-public-img.s3-sa-east-1.amazonaws.com/JPG/rb/0/67/36/33/00673633.jpg",,,,"GBIF","RB",,"Mynssen, C.","1279","2011",,,"Baumgratz, J.F.; Pinheiro, F.; Meneguzzo, T.E.C.; Ribeiro, R.","Mynssen","Prado, J.","brazil","sao paulo","sao jose do barreiro","parque nacional da serra da bocaina",,"locality","brazil_sao paulo_sao jose barreiro_parque nacional serra bocaina","brazil_sao paulo_sao jose barreiro_parque nacional serra bocaina",-22.74484201,-44.61460885,"locality",252120,"Moranopteris achilleifolia","(Kaulf.) R.Y. Hirai & J. Prado","name_w_authors","Polypodiaceae","Moranopteris achilleifolia","(Kaulf.) R.Y. Hirai & J. Prado","species","name accepted","bfo-91675",,,"Moranopteris achilleifolia (Kaulf.) R.Y. Hirai & J. Prado","Moranopteris","Polypodiaceae","brazil_sao paulo_sao jose barreiro","Brazil","São Paulo","São José do Barreiro",,"ibge",TRUE,-22.757778,-44.651667,"coord_original","seconds","high","Moranopteris achilleifolia","ok_same_resolution","ok_county",,FALSE,"ok_dist","full_name_match","RB_673633","RB_673633[virtual]","4","1",,"RB_673633","RB_673633","plantr_exact","High","PARQUE NACIONAL SERRA DA BOCAINA"
,,,,"JBRJ","RB","RB - Rio de Janeiro Botanical Garden Herbarium Collection","PRESERVED_SPECIMEN","RB00673604","1256","C.Mynssen; J.F. Baumgratz, F. Pinheiro, T.E.C. Meneguzzo & R. Ribeiro",,"2011-10-04","2011","10","4",,,,"Brasil","BR","São Paulo",,"São José do Barreiro","Parque Nacional da Serra da Bocaina, estrada após rio que cruza a estrada pincipal.",,,"-22.74","-44.616944",,"22º44´24´´","44º37´1´´W",,,,,"Microgramma squamulosa (Kaulf.) de la Sota","Polypodiopsida","Polypodiales","Polypodiaceae","Microgramma","species","(Kaulf.) de la Sota","ACCEPTED",,,"Microgramma squamulosa (Kaulf.) de la Sota",,,,"Microgramma squamulosa (Kaulf.) de la Sota","Microgramma squamulosa",,,"jbrj-public-img.s3-sa-east-1.amazonaws.com/JPG/rb/0/67/36/4/00673604.jpg",,,,"GBIF","RB",,"Mynssen, C.","1256","2011",,,"Baumgratz, J.F.; Pinheiro, F.; Meneguzzo, T.E.C.; Ribeiro, R.","Mynssen",,"brazil","sao paulo","sao jose do barreiro","parque nacional da serra da bocaina, estrada apos rio que cruza a estrada pincipal","parque nacional da serra da bocaina","locality","brazil_sao paulo_sao jose barreiro","brazil_sao paulo_sao jose barreiro",-22.74888367,-44.58687717,"county",252121,"Microgramma squamulosa","(Kaulf.) de la Sota","name_w_authors","Polypodiaceae","Microgramma squamulosa","(Kaulf.) de la Sota","species","name accepted","bfo-91669",,,"Microgramma squamulosa (Kaulf.) de la Sota","Microgramma","Polypodiaceae","brazil_sao paulo_sao jose barreiro","Brazil","São Paulo","São José do Barreiro",,"ibge",TRUE,-22.74,-44.616944,"coord_original","seconds","high","Microgramma squamulosa","check_local.2municip.","ok_county",,FALSE,"ok_dist","full_name_match","RB_673604","RB_673604[virtual]","4","1",,"RB_673604","RB_673604","plantr_exact","High","PARQUE NACIONAL SERRA DA BOCAINA"
,,,,"JBRJ","RB","RB - Rio de Janeiro Botanical Garden Herbarium Collection","PRESERVED_SPECIMEN","RB00686799","100","F. M. Pinheiro; J.F. Baumgratz, C.Mynssen, T. Meneguzzo, R. Ribeiro",,"2011-10-06","2011","10","6",,,,"Brasil","BR","São Paulo",,"São José do Barreiro","Parque Nacional da Serra da Bocaina. Beira da estrada.",,,"-22.766944","-44.608889",,"22º46´1´´","44º36´32´´W",,"R.GOLDENBERG",,,"Miconia laevigata (L.) D.Don","Magnoliopsida","Myrtales","Melastomataceae","Miconia","species","(L.) D.Don","SYNONYM",,,"Miconia laevigata (L.) DC.",,,,"Miconia laevigata (L.) D.Don","Miconia laevigata",,,"jbrj-public-img.s3-sa-east-1.amazonaws.com/JPG/rb/0/68/67/99/00686799.jpg",,,,"GBIF","RB",,"Pinheiro, F.M.","100","2011",,,"Baumgratz, J.F.; Mynssen, C.; Meneguzzo, T.; Ribeiro, R.","Pinheiro",,"brazil","sao paulo","sao jose do barreiro","parque nacional da serra da bocaina, beira da estrada","parque nacional da serra da bocaina","locality","brazil_sao paulo_sao jose barreiro","brazil_sao paulo_sao jose barreiro",-22.74888367,-44.58687717,"county",252659,"Miconia laevigata","(L.) D.Don","name_w_authors","Melastomataceae","Miconia laevigata","(L.) D.Don","species","name accepted","bfo-581938",,,"Miconia laevigata (L.) D.Don","Miconia","Melastomataceae","brazil_sao paulo_sao jose barreiro","Brazil","São Paulo","São José do Barreiro",,"ibge",TRUE,-22.766944,-44.608889,"coord_original","seconds","high","Miconia laevigata","check_local.2municip.","ok_county",,,"bad_dist","full_name_match","RB_686799","RB_686799[virtual]","4","1",,"RB_686799","RB_686799","plantr_exact","High","PARQUE NACIONAL SERRA DA BOCAINA"
,,,,"JBRJ","RB","RB - Rio de Janeiro Botanical Garden Herbarium Collection","PRESERVED_SPECIMEN","RB00673635","1281","C.Mynssen; J.F. Baumgratz, F. Pinheiro, T.E.C. Meneguzzo & R. Ribeiro",,"2011-10-05","2011","10","5",,,,"Brasil","BR","São Paulo",,"São José do Barreiro","Parque Nacional da Serra da Bocaina, picada para o Morro do Tira Chapéu, mata nebular.",,,"-22.757778","-44.651667",,"22º45´28´´","44º39´6´´W",,"R.Y. Hirai et J. Prado",,,"Leucotrichum organense (Gardner) Labiak","Polypodiopsida","Polypodiales","Polypodiaceae","Leucotrichum","species","(Gardner) Labiak","ACCEPTED",,,"Leucotrichum organense (Gardner) Labiak",,,,"Leucotrichum organense (Gardner) Labiak","Leucotrichum organense",,,"jbrj-public-img.s3-sa-east-1.amazonaws.com/JPG/rb/0/67/36/35/00673635.jpg",,,,"GBIF","RB",,"Mynssen, C.","1281","2011",,,"Baumgratz, J.F.; Pinheiro, F.; Meneguzzo, T.E.C.; Ribeiro, R.","Mynssen","Prado, J.","brazil","sao paulo","sao jose do barreiro","parque nacional da serra da bocaina",,"locality","brazil_sao paulo_sao jose barreiro_parque nacional serra bocaina","brazil_sao paulo_sao jose barreiro_parque nacional serra bocaina",-22.74484201,-44.61460885,"locality",252138,"Leucotrichum organense","(Gardner) Labiak","name_w_authors","Polypodiaceae","Leucotrichum organense","(Gardner) Labiak","species","name accepted","bfo-128914",,,"Leucotrichum organense (Gardner) Labiak","Leucotrichum","Polypodiaceae","brazil_sao paulo_sao jose barreiro","Brazil","São Paulo","São José do Barreiro",,"ibge",TRUE,-22.757778,-44.651667,"coord_original","seconds","high","Leucotrichum organense","ok_same_resolution","ok_county",,FALSE,"ok_dist","full_name_match","RB_673635","RB_673635[virtual]","4","1",,"RB_673635","RB_673635","plantr_exact","High","PARQUE NACIONAL SERRA DA BOCAINA"
,,,,"JBRJ","RB","RB - Rio de Janeiro Botanical Garden Herbarium Collection","PRESERVED_SPECIMEN","RB00673426","1179","J.F.A. Baumgratz; C. Mynssen, F.M. Pinheiro, T. Meneguzzo & R. Ribeiro",,"2011-10-06","2011","10","6",,,,"Brasil","BR","São Paulo",,"São José do Barreiro","na margem da estrada, na direção Pousada Campos da Bocaina para S. J. Barreiro;. no barranco na margem da estrada, vegetação degrada. Parque Nacional da Serra da Bocaina; Lageado; Zona de amortecimento;",,,"-22.406389","-44.374167",,"22º24´23´´","44º22´27´´W",,,,,"Leandra umbellata DC.","Magnoliopsida","Myrtales","Melastomataceae","Miconia","species","DC.","SYNONYM",,,"Miconia leaumbellata R.Goldenb.",,,,"Leandra umbellata DC.","Miconia leaumbellata",,,,,,,"GBIF","RB",,"Baumgratz, J.F.A.","1179","2011",,,"Mynssen, C.; Pinheiro, F.M.; Meneguzzo, T.; Ribeiro, R.","Baumgratz",,"brazil","sao paulo","sao jose do barreiro","na margem da estrada, no barranco na margem da estrada, parque nacional da serra da bocaina","na margem da estrada","locality","brazil_sao paulo_sao jose barreiro","brazil_sao paulo_sao jose barreiro",-22.74888367,-44.58687717,"county",252103,"Leandra umbellata","DC.","name_w_authors","Melastomataceae","Leandra umbellata","DC.","species","name accepted","bfo-9635",,,"Leandra umbellata DC.","Leandra","Melastomataceae","brazil_sao paulo_sao jose barreiro","Brazil","São Paulo","São José do Barreiro",,"ibge",TRUE,-22.406389,-44.374167,"coord_original","seconds","high","Leandra umbellata","check_local.2municip.","ok_country",,FALSE,"ok_dist","full_name_match","RB_673426","RB_673426[virtual]","4","1",,"RB_673426","RB_673426","plantr_exact","High","PARQUE NACIONAL SERRA DA BOCAINA"
,,,,"JBRJ","RB","RB - Rio de Janeiro Botanical Garden Herbarium Collection","PRESERVED_SPECIMEN","RB00686806","107","F. M. Pinheiro; J.F. Baumgratz, C.Mynssen, T. Meneguzzo, R. Ribeiro",,"2011-10-06","2011","10","6",,,,"Brasil","BR","São Paulo",,"São José do Barreiro","Parque Nacional da Serra da Bocaina. Beira da estrada.",,,"-22.759444","-44.613056",,"22º45´34´´","44º36´47´´W",,"R.GOLDENBERG",,,"Leandra regnellii (Triana) Cogn.","Magnoliopsida","Myrtales","Melastomataceae","Miconia","species","(Triana) Cogn.","SYNONYM",,,"Miconia alterninervia (Cogn.) R.Goldenb.",,,,"Leandra regnellii (Triana) Cogn.","Miconia alterninervia",,,"jbrj-public-img.s3-sa-east-1.amazonaws.com/JPG/rb/0/68/68/6/00686806.jpg",,,,"GBIF","RB",,"Pinheiro, F.M.","107","2011",,,"Baumgratz, J.F.; Mynssen, C.; Meneguzzo, T.; Ribeiro, R.","Pinheiro",,"brazil","sao paulo","sao jose do barreiro","parque nacional da serra da bocaina, beira da estrada","parque nacional da serra da bocaina","locality","brazil_sao paulo_sao jose barreiro","brazil_sao paulo_sao jose barreiro",-22.74888367,-44.58687717,"county",252670,"Leandra regnellii","(Triana) Cogn.","name_w_authors","Melastomataceae","Leandra regnellii","(Triana) Cogn.","species","name accepted","bfo-9604",,,"Leandra regnellii (Triana) Cogn.","Leandra","Melastomataceae","brazil_sao paulo_sao jose barreiro","Brazil","São Paulo","São José do Barreiro",,"ibge",TRUE,-22.759444,-44.613056,"coord_original","seconds","high","Leandra regnellii","check_local.2municip.","ok_county",,FALSE,"ok_dist","full_name_match","RB_686806","RB_686806[virtual]","4","1",,"RB_686806","RB_686806","plantr_exact","High","PARQUE NACIONAL SERRA DA BOCAINA"
,,,,"JBRJ","RB","RB - Rio de Janeiro Botanical Garden Herbarium Collection","PRESERVED_SPECIMEN","RB00686783","87","F. M. Pinheiro; J.F. Baumgratz, C.Mynssen, T. Meneguzzo, R. Ribeiro",,"2011-10-05","2011","10","5",,,,"Brasil","BR","São Paulo",,"São José do Barreiro","Parque Nacional da Serra da Bocaina. Trilha Tira Chapéu.",,,"-22.747222","-44.64",,"22º44´50´´","44º38´24´´W",,,,,"Leandra polystachya (Naudin) Cogn.","Magnoliopsida","Myrtales","Melastomataceae","Miconia","species","(Naudin) Cogn.","SYNONYM",,,"Miconia polystachya (Naudin) R.Goldenb.",,,,"Leandra polystachya (Naudin) Cogn.","Miconia polystachya",,,"jbrj-public-img.s3-sa-east-1.amazonaws.com/JPG/rb/0/68/67/83/00686783.jpg",,,,"GBIF","RB",,"Pinheiro, F.M.","87","2011",,,"Baumgratz, J.F.; Mynssen, C.; Meneguzzo, T.; Ribeiro, R.","Pinheiro",,"brazil","sao paulo","sao jose do barreiro","parque nacional da serra da bocaina",,"locality","brazil_sao paulo_sao jose barreiro_parque nacional serra bocaina","brazil_sao paulo_sao jose barreiro_parque nacional serra bocaina",-22.74484201,-44.61460885,"locality",252662,"Leandra polystachya","(Naudin) Cogn.","name_w_authors","Melastomataceae","Leandra polystachya","(Naudin) Cogn.","species","name accepted","bfo-9596",,,"Leandra polystachya (Naudin) Cogn.","Leandra","Melastomataceae","brazil_sao paulo_sao jose barreiro","Brazil","São Paulo","São José do Barreiro",,"ibge",TRUE,-22.747222,-44.64,"coord_original","seconds","high","Leandra polystachya","ok_same_resolution","ok_county",,FALSE,"ok_dist","full_name_match","RB_686783","RB_686783[virtual]","4","1",,"RB_686783","RB_686783","plantr_exact","High","PARQUE NACIONAL SERRA DA BOCAINA"
,,,,"JBRJ","RB","RB - Rio de Janeiro Botanical Garden Herbarium Collection","PRESERVED_SPECIMEN","RB00673427","1180","J.F.A. Baumgratz; C. Mynssen, F.M. Pinheiro, T. Meneguzzo & R. Ribeiro",,"2011-10-06","2011","10","6",,,,"Brasil","BR","São Paulo",,"São José do Barreiro","na margem da estrada, na direção Pousada Campos da Bocaina para S. J. Barreiro;. no barranco na margem da estrada, vegetação degrada. Parque Nacional da Serra da Bocaina; Lageado; Zona de amortecimento;",,,"-22.406667","-44.374167",,"22º24´24´´","44º22´27´´W",,,,,"Leandra nianga (DC.) Cogn.","Magnoliopsida","Myrtales","Melastomataceae","Miconia","species","(DC.) Cogn.","SYNONYM",,,"Miconia nianga (DC.) R.Goldenb.",,,,"Leandra nianga (DC.) Cogn.","Miconia nianga",,,,,,,"GBIF","RB",,"Baumgratz, J.F.A.","1180","2011",,,"Mynssen, C.; Pinheiro, F.M.; Meneguzzo, T.; Ribeiro, R.","Baumgratz",,"brazil","sao paulo","sao jose do barreiro","na margem da estrada, no barranco na margem da estrada, parque nacional da serra da bocaina","na margem da estrada","locality","brazil_sao paulo_sao jose barreiro","brazil_sao paulo_sao jose barreiro",-22.74888367,-44.58687717,"county",252102,"Leandra nianga","(DC.) Cogn.","name_w_authors","Melastomataceae","Leandra nianga","(DC.) Cogn.","species","name accepted","bfo-9583",,,"Leandra nianga (DC.) Cogn.","Leandra","Melastomataceae","brazil_sao paulo_sao jose barreiro","Brazil","São Paulo","São José do Barreiro",,"ibge",TRUE,-22.406667,-44.374167,"coord_original","seconds","high","Leandra nianga","check_local.2municip.","ok_country",,FALSE,"ok_dist","full_name_match","RB_673427","RB_673427[virtual]","4","1",,"RB_673427","RB_673427","plantr_exact","High","PARQUE NACIONAL SERRA DA BOCAINA"
,,,,"JBRJ","RB","RB - Rio de Janeiro Botanical Garden Herbarium Collection","PRESERVED_SPECIMEN","RB00686800","101","F. M. Pinheiro; J.F. Baumgratz, C.Mynssen, T. Meneguzzo, R. Ribeiro",,"2011-10-06","2011","10","6",,,,"Brasil","BR","São Paulo",,"São José do Barreiro","Parque Nacional da Serra da Bocaina. Beira da estrada.",,,"-22.793055","-44.608889",,"22º47´35´´","44º36´32´´W",,,,,"Leandra multiplinervis (Naudin) Cogn.","Magnoliopsida","Myrtales","Melastomataceae","Miconia","species","(Naudin) Cogn.","SYNONYM",,,"Miconia oocarpa (A.Gray) R.Goldenb.",,,,"Leandra multiplinervis (Naudin) Cogn.","Miconia oocarpa",,,"jbrj-public-img.s3-sa-east-1.amazonaws.com/JPG/rb/0/68/68/0/00686800.jpg",,,,"GBIF","RB",,"Pinheiro, F.M.","101","2011",,,"Baumgratz, J.F.; Mynssen, C.; Meneguzzo, T.; Ribeiro, R.","Pinheiro",,"brazil","sao paulo","sao jose do barreiro","parque nacional da serra da bocaina, beira da estrada","parque nacional da serra da bocaina","locality","brazil_sao paulo_sao jose barreiro","brazil_sao paulo_sao jose barreiro",-22.74888367,-44.58687717,"county",252687,"Leandra multiplinervis","(Naudin) Cogn.","name_w_authors","Melastomataceae","Leandra multiplinervis","(Naudin) Cogn.","species","name accepted","bfo-9578",,,"Leandra multiplinervis (Naudin) Cogn.","Leandra","Melastomataceae","brazil_sao paulo_sao jose barreiro","Brazil","São Paulo","São José do Barreiro",,"ibge",TRUE,-22.793055,-44.608889,"coord_original","seconds","high","Leandra multiplinervis","check_local.2municip.","ok_county",,FALSE,"ok_dist","full_name_match","RB_686800","RB_686800[virtual]","4","1",,"RB_686800","RB_686800","plantr_exact","High","PARQUE NACIONAL SERRA DA BOCAINA"
,,,,"JBRJ","RB","RB - Rio de Janeiro Botanical Garden Herbarium Collection","PRESERVED_SPECIMEN","RB00673417","1171","J.F.A. Baumgratz; C. Mynssen, F.M. Pinheiro, T. Meneguzzo & R. Ribeiro",,"2011-10-06","2011","10","6",,,,"Brasil","BR","São Paulo",,"São José do Barreiro","no começo da trilha da cachoira São Isidro. Floresta Ombrófila Densa Alto-Montana, alterada, na margem da estrada, na entrada para a cachoeira São Isidro. Parque Nacional da Serra da Bocaina; Lageado;",,,"-22.872778","-44.616667",,"22º44´502´´","44º37´0´´W",,,,,"Leandra gracilis Cogn.","Magnoliopsida","Myrtales","Melastomataceae","Miconia","species","Cogn.","SYNONYM",,,"Miconia leagracilis R.Goldenb.",,,,"Leandra gracilis Cogn.","Miconia leagracilis",,,"jbrj-public-img.s3-sa-east-1.amazonaws.com/JPG/rb/0/67/34/17/00673417.jpg",,,,"GBIF","RB",,"Baumgratz, J.F.A.","1171","2011",,,"Mynssen, C.; Pinheiro, F.M.; Meneguzzo, T.; Ribeiro, R.","Baumgratz",,"brazil","sao paulo","sao jose do barreiro","na margem da estrada, parque nacional da serra da bocaina","no comeco da trilha da cachoira sao isidro","locality","brazil_sao paulo_sao jose barreiro","brazil_sao paulo_sao jose barreiro",-22.74888367,-44.58687717,"county",252105,"Leandra gracilis","Cogn.","name_w_authors","Melastomataceae","Leandra gracilis","Cogn.","species","name accepted","bfo-9547",,,"Leandra gracilis Cogn.","Leandra","Melastomataceae","brazil_sao paulo_sao jose barreiro","Brazil","São Paulo","São José do Barreiro",,"ibge",TRUE,-22.8727777,-44.6166667,"coord_original","miliseconds","high","Leandra gracilis","check_local.2municip.","ok_county",,FALSE,"ok_dist","full_name_match","RB_673417","FLOR_62933|RB_673417","4","1",,"RB_673417","RB_673417","plantr_exact","High","PARQUE NACIONAL SERRA DA BOCAINA"
,,,,"JBRJ","RB","RB - Rio de Janeiro Botanical Garden Herbarium Collection","PRESERVED_SPECIMEN","RB00673644","1289","C.Mynssen; J.F. Baumgratz, F. Pinheiro, T.E.C. Meneguzzo & R. Ribeiro",,"2011-10-06","2011","10","6",,,,"Brasil","BR","São Paulo",,"São José do Barreiro","Parque Nacional da Serra da Bocaina, estrada para pousada dos Veados.",,,"-22.766667","-44.608611",,"22º46´0´´","44º36´31´´W",,,,,"Eupodium kaulfussii (J.Sm.) J.Sm.","Polypodiopsida","Marattiales","Marattiaceae","Eupodium","species","(J.Sm.) J.Sm.","SYNONYM",,,"Eupodium kaulfussii (J.Sm.) Hook.",,,,"Eupodium kaulfussii (J.Sm.) J.Sm.","Eupodium kaulfussii",,,"jbrj-public-img.s3-sa-east-1.amazonaws.com/JPG/rb/0/67/36/44/00673644.jpg",,,,"GBIF","RB",,"Mynssen, C.","1289","2011",,,"Baumgratz, J.F.; Pinheiro, F.; Meneguzzo, T.E.C.; Ribeiro, R.","Mynssen",,"brazil","sao paulo","sao jose do barreiro","parque nacional da serra da bocaina, estrada para pousada dos veados","parque nacional da serra da bocaina","locality","brazil_sao paulo_sao jose barreiro","brazil_sao paulo_sao jose barreiro",-22.74888367,-44.58687717,"county",252137,"Eupodium kaulfussii","(J.Sm.) J.Sm.","name_w_authors","Marattiaceae","Eupodium kaulfussii","(J.Sm.) J.Sm.","species","name accepted","bfo-91499",,,"Eupodium kaulfussii (J.Sm.) J.Sm.","Eupodium","Marattiaceae","brazil_sao paulo_sao jose barreiro","Brazil","São Paulo","São José do Barreiro",,"ibge",TRUE,-22.7666667,-44.6086111,"coord_original","miliseconds","high","Eupodium kaulfussii","check_local.2municip.","ok_county",,FALSE,"ok_dist","full_name_match","RB_673644","NY_2724106|RB_673644","4","1",,"RB_673644","RB_673644","plantr_exact","High","PARQUE NACIONAL SERRA DA BOCAINA"
,,,,"JBRJ","RB","RB - Rio de Janeiro Botanical Garden Herbarium Collection","PRESERVED_SPECIMEN","RB00673643","1288","C.Mynssen; J.F. Baumgratz, F. Pinheiro, T.E.C. Meneguzzo & R. Ribeiro",,"2011-10-06","2011","10","6",,,,"Brasil","BR","São Paulo",,"São José do Barreiro","Parque Nacional da Serra da Bocaina, estrada para pousada dos Veados.",,,"-22.766667","-44.608611",,"22º46´0´´","44º36´31´´W",,"C. Mynssen",,,"Diplazium rostratum Fée","Polypodiopsida","Polypodiales","Athyriaceae","Diplazium","species","Fée","ACCEPTED",,,"Diplazium rostratum Fée",,,,"Diplazium rostratum Fée","Diplazium rostratum",,,"jbrj-public-img.s3-sa-east-1.amazonaws.com/JPG/rb/0/67/36/43/00673643.jpg",,,,"GBIF","RB",,"Mynssen, C.","1288","2011",,,"Baumgratz, J.F.; Pinheiro, F.; Meneguzzo, T.E.C.; Ribeiro, R.","Mynssen",,"brazil","sao paulo","sao jose do barreiro","parque nacional da serra da bocaina, estrada para pousada dos veados","parque nacional da serra da bocaina","locality","brazil_sao paulo_sao jose barreiro","brazil_sao paulo_sao jose barreiro",-22.74888367,-44.58687717,"county",252131,"Diplazium rostratum","Fée","name_w_authors","Athyriaceae","Diplazium rostratum","Fée","species","name accepted","bfo-108545",,,"Diplazium rostratum Fée","Diplazium","Athyriaceae","brazil_sao paulo_sao jose barreiro","Brazil","São Paulo","São José do Barreiro",,"ibge",TRUE,-22.7666667,-44.6086111,"coord_original","miliseconds","high","Diplazium rostratum","check_local.2municip.","ok_county",,FALSE,"ok_dist","full_name_match","RB_673643","RB_673643[virtual]","4","1",,"RB_673643","RB_673643","plantr_exact","High","PARQUE NACIONAL SERRA DA BOCAINA"
,,,,"JBRJ","RB","RB - Rio de Janeiro Botanical Garden Herbarium Collection","PRESERVED_SPECIMEN","RB00673618","1268","C.Mynssen; J.F. Baumgratz, F. Pinheiro, T.E.C. Meneguzzo & R. Ribeiro",,"2011-10-04","2011","10","4",,,,"Brasil","BR","São Paulo",,"São José do Barreiro","Parque Nacional da Serra da Bocaina, estrada após rio que cruza a estrada pincipal.",,,"-22.789722","-44.583333",,"22º47´23´´","44º35´W",,,,,"Diplazium lindbergii (Mett.) Christ","Polypodiopsida","Polypodiales","Athyriaceae","Diplazium","species","(Mett.) Christ","ACCEPTED",,,"Diplazium lindbergii (Mett.) Christ",,,,"Diplazium lindbergii (Mett.) Christ","Diplazium lindbergii",,,"jbrj-public-img.s3-sa-east-1.amazonaws.com/JPG/rb/0/67/36/18/00673618.jpg|jbrj-public-img.s3-sa-east-1.amazonaws.com/JPG/rb/0/67/36/18/00673618-1.jpg|jbrj-public-img.s3-sa-east-1.amazonaws.com/JPG/rb/0/67/36/18/00673618-2.jpg",,,,"GBIF","RB",,"Mynssen, C.","1268","2011",,,"Baumgratz, J.F.; Pinheiro, F.; Meneguzzo, T.E.C.; Ribeiro, R.","Mynssen",,"brazil","sao paulo","sao jose do barreiro","parque nacional da serra da bocaina, estrada apos rio que cruza a estrada pincipal","parque nacional da serra da bocaina","locality","brazil_sao paulo_sao jose barreiro","brazil_sao paulo_sao jose barreiro",-22.74888367,-44.58687717,"county",252133,"Diplazium lindbergii","(Mett.) Christ","name_w_authors","Athyriaceae","Diplazium lindbergii","(Mett.) Christ","species","name accepted","bfo-92321",,,"Diplazium lindbergii (Mett.) Christ","Diplazium","Athyriaceae","brazil_sao paulo_sao jose barreiro","Brazil","São Paulo","São José do Barreiro",,"ibge",TRUE,-22.7897222,-44.5833333,"coord_original","miliseconds","high","Diplazium lindbergii","check_local.2municip.","ok_county",,FALSE,"ok_dist","full_name_match","RB_673618","NY_2724087|RB_673618","4","1",,"RB_673618","RB_673618","plantr_exact","High","PARQUE NACIONAL SERRA DA BOCAINA"
,,,,"JBRJ","RB","RB - Rio de Janeiro Botanical Garden Herbarium Collection","PRESERVED_SPECIMEN","RB00673600","1252","C.Mynssen; J.F. Baumgratz, F. Pinheiro, T.E.C. Meneguzzo & R. Ribeiro",,"2011-10-04","2011","10","4",,,,"Brasil","BR","São Paulo",,"São José do Barreiro","Parque Nacional da Serra da Bocaina, estrada após guarita de acesso.",,,"-22.74","-44.616944",,"22º44´24´´","44º37´1´´W",,"C.Mynssen",,,"Gleichenia nervosa (Kaulf.) Spreng.","Polypodiopsida","Gleicheniales","Gleicheniaceae","Dicranopteris","species","(Kaulf.) Spreng.","SYNONYM",,,"Dicranopteris nervosa (Kaulf.) Maxon",,,,"Gleichenia nervosa (Kaulf.) Spreng.","Dicranopteris nervosa",,,"jbrj-public-img.s3-sa-east-1.amazonaws.com/JPG/rb/0/67/36/0/00673600.jpg",,,,"GBIF","RB",,"Mynssen, C.","1252","2011","Mynssen, C.",,"Baumgratz, J.F.; Pinheiro, F.; Meneguzzo, T.E.C.; Ribeiro, R.","Mynssen",,"brazil","sao paulo","sao jose do barreiro","parque nacional da serra da bocaina, estrada apos guarita de acesso","parque nacional da serra da bocaina","locality","brazil_sao paulo_sao jose barreiro","brazil_sao paulo_sao jose barreiro",-22.74888367,-44.58687717,"county",252110,"Dicranopteris nervosa","(Kaulf.) Maxon","name_w_authors","Gleicheniaceae","Dicranopteris nervosa","(Kaulf.) Maxon","species","replaced synonym","bfo-91162","Dicranopteris nervosa","(Kaulf.) Maxon","Dicranopteris nervosa (Kaulf.) Maxon","Dicranopteris","Gleicheniaceae","brazil_sao paulo_sao jose barreiro","Brazil","São Paulo","São José do Barreiro",,"ibge",TRUE,-22.74,-44.616944,"coord_original","seconds","high","Dicranopteris nervosa","check_local.2municip.","ok_county",,FALSE,"ok_dist","full_name_match","RB_673600","BHCB_186954|RB_673600","4","1","RB_673600","RB_673600","RB_673600","plantr_exact","High","PARQUE NACIONAL SERRA DA BOCAINA"
,,,,"JBRJ","RB","RB - Rio de Janeiro Botanical Garden Herbarium Collection","PRESERVED_SPECIMEN","RB00673634","1280","C.Mynssen; J.F. Baumgratz, F. Pinheiro, T.E.C. Meneguzzo & R. Ribeiro",,"2011-10-05","2011","10","5",,,,"Brasil","BR","São Paulo",,"São José do Barreiro","Parque Nacional da Serra da Bocaina, picada para o Morro do Tira Chapéu, mata nebular.",,,"-22.757778","-44.651667",,"22º45´28´´","44º39´6´´W",,"C.Mynssen",,,"Cochlidium pumilum Massee ex C.Chr.","Polypodiopsida","Polypodiales","Polypodiaceae","Cochlidium","species","C.Chr.","ACCEPTED",,,"Cochlidium pumilum Massee ex C.Chr.",,,,"Cochlidium pumilum C.Chr.","Cochlidium pumilum",,,"jbrj-public-img.s3-sa-east-1.amazonaws.com/JPG/rb/0/67/36/34/00673634.jpg",,,,"GBIF","RB",,"Mynssen, C.","1280","2011",,,"Baumgratz, J.F.; Pinheiro, F.; Meneguzzo, T.E.C.; Ribeiro, R.","Mynssen",,"brazil","sao paulo","sao jose do barreiro","parque nacional da serra da bocaina",,"locality","brazil_sao paulo_sao jose barreiro_parque nacional serra bocaina","brazil_sao paulo_sao jose barreiro_parque nacional serra bocaina",-22.74484201,-44.61460885,"locality",252143,"Cochlidium pumilum","C.Chr.","name_w_authors","Polypodiaceae","Cochlidium pumilum","C.Chr.","species","author misspelled","bfo-91595",,,"Cochlidium pumilum C.Chr.","Cochlidium","Polypodiaceae","brazil_sao paulo_sao jose barreiro","Brazil","São Paulo","São José do Barreiro",,"ibge",TRUE,-22.757778,-44.651667,"coord_original","seconds","high","Cochlidium pumilum","ok_same_resolution","ok_county",,,"bad_dist","full_name_match","RB_673634","RB_673634[virtual]","4","1",,"RB_673634","RB_673634","plantr_exact","High","PARQUE NACIONAL SERRA DA BOCAINA"
,,"https://specieslink.net/col/220",,"UFMG","BHCB",,"PRESERVED_SPECIMEN","152773","7360","Agra, MF; Bohs, LA; Giacomin, LL; Giudicelli, GC; Jorge, TB",,"2011-05-02","2011","5","2",,,,"Brasil","BR","São Paulo",,"São José do Barreiro","Parque Nacional da Serra da Bocaina, Arredores do parque. Estrada a partir da sede administrativa do parque em São João do Barreiro para o alojamento na entrada do parque",,,"-22.687222","-44.631944",,,,,,,,"Capsicum mirabile Mart.","Magnoliopsida","Solanales","Solanaceae","Capsicum","species","Mart.","ACCEPTED",,,"Capsicum mirabile Mart.",,,,"Capsicum mirabile","Capsicum mirabile",,"WGS84",,,,,"GBIF","BHCB",,"Agra, M.F.","7360","2011",,,"Bohs, L.A.; Giacomin, L.L.; Giudicelli, G.C.; Jorge, T.B.","Agra",,"brazil","sao paulo","sao jose do barreiro","parque nacional da serra da bocaina, arredores do parque, estrada a partir da sede administrativa do parque em sao joao do barreiro para o alojamento na entrada do parque","parque nacional da serra da bocaina","locality","brazil_sao paulo_sao jose barreiro","brazil_sao paulo_sao jose barreiro",-22.74888367,-44.58687717,"county",66078,"Capsicum mirabile","Mart.","name_w_authors","Solanaceae","Capsicum mirabile","Mart.","species","name accepted","bfo-14629",,,"Capsicum mirabile Mart.","Capsicum","Solanaceae","brazil_sao paulo_sao jose barreiro","Brazil","São Paulo","São José do Barreiro",,"ibge",TRUE,-22.687222,-44.631944,"coord_original","seconds","high","Capsicum mirabile","check_local.2municip.","ok_county",,FALSE,"ok_dist","full_name_match","BHCB_152773",,"0","0",,,,"plantr_exact","High","PARQUE NACIONAL SERRA DA BOCAINA"
,,,,"JBRJ","RB","RB - Rio de Janeiro Botanical Garden Herbarium Collection","PRESERVED_SPECIMEN","RB00686776","80","F. M. Pinheiro; J.F. Baumgratz, C.Mynssen, T. Meneguzzo, R. Ribeiro",,"2011-10-04","2011","10","4",,,,"Brasil","BR","São Paulo",,"São José do Barreiro","Parque Nacional da Serra da Bocaina.",,,"-22.785555","-44.603611",,"22º47´8´´","44º36´13´´W",,,,,"Tibouchina Aubl.","Magnoliopsida","Myrtales","Melastomataceae","Tibouchina","genus",,"ACCEPTED",,,"Tibouchina Aubl.",,,,"Tibouchina",,,,"jbrj-public-img.s3-sa-east-1.amazonaws.com/JPG/rb/0/68/67/76/00686776.jpg",,,,"GBIF","RB",,"Pinheiro, F.M.","80","2011",,,"Baumgratz, J.F.; Mynssen, C.; Meneguzzo, T.; Ribeiro, R.","Pinheiro",,"brazil","sao paulo","sao jose do barreiro","parque nacional da serra da bocaina",,"locality","brazil_sao paulo_sao jose barreiro_parque nacional serra bocaina","brazil_sao paulo_sao jose barreiro_parque nacional serra bocaina",-22.74484201,-44.61460885,"locality",1614262,"Tibouchina","Aubl.","name_w_authors","Melastomataceae","Tibouchina","Aubl.","genus","name accepted","bfo-9876",,,"Tibouchina Aubl.","Tibouchina","Melastomataceae","brazil_sao paulo_sao jose barreiro","Brazil","São Paulo","São José do Barreiro",,"ibge",TRUE,-22.785555,-44.603611,"coord_original","seconds","high",,"ok_same_resolution","ok_county",,FALSE,"no_cannot_check","full_name_match","RB_686776","RB_686776[virtual]","3","0.75",,"RB_686776","RB_686776","plantr_exact","High","PARQUE NACIONAL SERRA DA BOCAINA"
,,,,"JBRJ","RB","RB - Rio de Janeiro Botanical Garden Herbarium Collection","PRESERVED_SPECIMEN","RB00673632","1278","C.Mynssen; J.F. Baumgratz, F. Pinheiro, T.E.C. Meneguzzo & R. Ribeiro",,"2011-10-05","2011","10","5",,,,"Brasil","BR","São Paulo",,"São José do Barreiro","Parque Nacional da Serra da Bocaina, picada para o Morro do Tira Chapéu, mata nebular.",,,"-22.757778","-44.651667",,"22º45´28´´","44º39´6´´W",,,,,"Radiovittaria (Benedict) E.H.Crane","Polypodiopsida","Polypodiales","Pteridaceae","Radiovittaria","genus",,"ACCEPTED",,,"Radiovittaria (Benedict) E.H.Crane",,,,"Radiovittaria",,,,"jbrj-public-img.s3-sa-east-1.amazonaws.com/JPG/rb/0/67/36/32/00673632.jpg",,,,"GBIF","RB",,"Mynssen, C.","1278","2011",,,"Baumgratz, J.F.; Pinheiro, F.; Meneguzzo, T.E.C.; Ribeiro, R.","Mynssen",,"brazil","sao paulo","sao jose do barreiro","parque nacional da serra da bocaina",,"locality","brazil_sao paulo_sao jose barreiro_parque nacional serra bocaina","brazil_sao paulo_sao jose barreiro_parque nacional serra bocaina",-22.74484201,-44.61460885,"locality",1614218,"Radiovittaria","(Benedict) E.H.Crane","name_w_authors","Pteridaceae","Radiovittaria","(Benedict) E.H.Crane","genus","name accepted","bfo-92010",,,"Radiovittaria (Benedict) E.H.Crane","Radiovittaria","Pteridaceae","brazil_sao paulo_sao jose barreiro","Brazil","São Paulo","São José do Barreiro",,"ibge",TRUE,-22.757778,-44.651667,"coord_original","seconds","high",,"ok_same_resolution","ok_county",,,"no_cannot_check","full_name_match","RB_673632","RB_673632[virtual]","4","1",,"RB_673632","RB_673632","plantr_exact","High","PARQUE NACIONAL SERRA DA BOCAINA"
,,,,"JBRJ","RB","RB - Rio de Janeiro Botanical Garden Herbarium Collection","PRESERVED_SPECIMEN","RB00673428","1181","J.F.A. Baumgratz; C. Mynssen, F.M. Pinheiro, T. Meneguzzo & R. Ribeiro",,"2011-10-06","2011","10","6",,,,"Brasil","BR","São Paulo",,"São José do Barreiro","na margem da estrada, na direção Pousada Campos da Bocaina para S. J. Barreiro;. no barranco na margem da estrada, vegetação degrada. Parque Nacional da Serra da Bocaina; Lageado; Zona de amortecimento;",,,"-22.403333","-44.356667",,"22º24´12´´","44º21´24´´W",,,,,"Clidemia D.Don","Magnoliopsida","Myrtales","Melastomataceae","Miconia","genus",,"SYNONYM",,,"Miconia Ruiz & Pav.",,,,"Clidemia",,,,,,,,"GBIF","RB",,"Baumgratz, J.F.A.","1181","2011",,,"Mynssen, C.; Pinheiro, F.M.; Meneguzzo, T.; Ribeiro, R.","Baumgratz",,"brazil","sao paulo","sao jose do barreiro","na margem da estrada, no barranco na margem da estrada, parque nacional da serra da bocaina","na margem da estrada","locality","brazil_sao paulo_sao jose barreiro","brazil_sao paulo_sao jose barreiro",-22.74888367,-44.58687717,"county",1614212,"Clidemia","D.Don","name_w_authors","Melastomataceae","Clidemia","D.Don","genus","name accepted","bfo-9442",,,"Clidemia D.Don","Clidemia","Melastomataceae","brazil_sao paulo_sao jose barreiro","Brazil","São Paulo","São José do Barreiro",,"ibge",TRUE,-22.403333,-44.356667,"coord_original","seconds","high",,"check_local.2municip.","ok_country",,FALSE,"no_cannot_check","full_name_match","RB_673428","RB_673428[virtual]","4","1",,"RB_673428","RB_673428","plantr_exact","High","PARQUE NACIONAL SERRA DA BOCAINA"
,,,,"JBRJ","RB","RB - Rio de Janeiro Botanical Garden Herbarium Collection","PRESERVED_SPECIMEN","RB00673639","1285","C.Mynssen; J.F. Baumgratz, F. Pinheiro, T.E.C. Meneguzzo & R. Ribeiro",,"2011-10-05","2011","10","5",,,,"Brasil","BR","São Paulo",,"São José do Barreiro","Parque Nacional da Serra da Bocaina, picada para o Morro do Tira Chapéu, campo de altitude.",,,"-22.764444","-44.658889",,"22º45´52´´","44º39´32´´W",,"V.C. Souza","2023-06-28",,"Esterhazya macrodonta (Cham.) Benth.","Magnoliopsida","Lamiales","Orobanchaceae","Esterhazya","species","(Cham.) Benth.","ACCEPTED",,,"Esterhazya macrodonta (Cham.) Benth.",,,,"Esterhazya macrodonta (Cham.) Benth.","Esterhazya macrodonta",,,"jbrj-public-img.s3-sa-east-1.amazonaws.com/JPG/rb/0/67/36/39/00673639.jpg",,,,"GBIF","RB",,"Mynssen, C.","1285","2011","Souza, V.C.","2023","Baumgratz, J.F.; Pinheiro, F.; Meneguzzo, T.E.C.; Ribeiro, R.","Mynssen",,"brazil","sao paulo","sao jose do barreiro","parque nacional da serra da bocaina",,"locality","brazil_sao paulo_sao jose barreiro_parque nacional serra bocaina","brazil_sao paulo_sao jose barreiro_parque nacional serra bocaina",-22.74484201,-44.61460885,"locality",252139,"Esterhazya macrodonta","(Cham.) Benth.","name_w_authors","Orobanchaceae","Esterhazya macrodonta","(Cham.) Benth.","species","name accepted","bfo-12427",,,"Esterhazya macrodonta (Cham.) Benth.","Esterhazya","Orobanchaceae","brazil_sao paulo_sao jose barreiro","Brazil","São Paulo","São José do Barreiro",,"ibge",TRUE,-22.764444,-44.658889,"coord_original","seconds","high","Esterhazya macrodonta","ok_same_resolution","ok_state",,FALSE,"ok_dist","full_name_match","RB_673639","RB_673639[virtual]","4","1","RB_673639","RB_673639","RB_673639","plantr_exact","High","PARQUE NACIONAL SERRA DA BOCAINA"
,,,,"JBRJ","RB","RB - Rio de Janeiro Botanical Garden Herbarium Collection","PRESERVED_SPECIMEN","RB00673631","1277","C.Mynssen; J.F. Baumgratz, F. Pinheiro, T.E.C. Meneguzzo & R. Ribeiro",,"2011-10-05","2011","10","5",,,,"Brasil","BR","São Paulo",,"São José do Barreiro","Parque Nacional da Serra da Bocaina, picada para o Morro do Tira Chapéu, campo de altitude.",,,"-22.75","-44.816667",,"22º45´0´´","44º49´W",,"Smith-Braga","2022-04-12",,"Lytoneuron itatiaiense (Fée) Yesilyurt","Polypodiopsida","Polypodiales","Pteridaceae","Lytoneuron","species","(Fée) Yesilyurt","ACCEPTED",,,"Lytoneuron itatiaiense (Fée) Yesilyurt",,,,"Lytoneuron itatiaiense (Fée) Yesilyurt","Lytoneuron itatiaiense",,,"jbrj-public-img.s3-sa-east-1.amazonaws.com/JPG/rb/0/67/36/31/00673631.jpg",,,,"GBIF","RB",,"Mynssen, C.","1277","2011","Smith-Braga","2022","Baumgratz, J.F.; Pinheiro, F.; Meneguzzo, T.E.C.; Ribeiro, R.","Mynssen",,"brazil","sao paulo","sao jose do barreiro","parque nacional da serra da bocaina",,"locality","brazil_sao paulo_sao jose barreiro_parque nacional serra bocaina","brazil_sao paulo_sao jose barreiro_parque nacional serra bocaina",-22.74484201,-44.61460885,"locality",252135,"Lytoneuron itatiaiense","(Fée) Yesilyurt","name_w_authors","Pteridaceae","Lytoneuron itatiaiense","(Fée) Yesilyurt","species","name accepted","bfo-605280",,,"Lytoneuron itatiaiense (Fée) Yesilyurt","Lytoneuron","Pteridaceae","brazil_sao paulo_sao jose barreiro","Brazil","São Paulo","São José do Barreiro",,"ibge",TRUE,-22.75,-44.8166667,"coord_original","miliseconds","high","Lytoneuron itatiaiense","ok_same_resolution","ok_state",,FALSE,"ok_dist","full_name_match","RB_673631","RB_673631[virtual]","4","1","RB_673631","RB_673631","RB_673631","plantr_exact","High","PARQUE NACIONAL SERRA DA BOCAINA"
,,,,"JBRJ","RB","RB - Rio de Janeiro Botanical Garden Herbarium Collection","PRESERVED_SPECIMEN","RB00673611","1262","C.Mynssen; J.F. Baumgratz, F. Pinheiro, T.E.C. Meneguzzo & R. Ribeiro",,"2011-10-04","2011","10","4",,,,"Brasil","BR","São Paulo",,"São José do Barreiro","Parque Nacional da Serra da Bocaina, estrada após rio que cruza a estrada pincipal.",,,"-22.751944","-45.616667",,"22º45´7´´","45º37´W",,"N.T.L.Pena","2022-04-12",,"Dennstaedtia cornuta (Kaulf.) Mett.","Polypodiopsida","Polypodiales","Dennstaedtiaceae","Dennstaedtia","species","(Kaulf.) Mett.","ACCEPTED",,,"Dennstaedtia cornuta (Kaulf.) Mett.",,,,"Dennstaedtia cornuta (Kaulf.) Mett.","Dennstaedtia cornuta",,,"jbrj-public-img.s3-sa-east-1.amazonaws.com/JPG/rb/0/67/36/11/00673611.jpg",,,,"GBIF","RB",,"Mynssen, C.","1262","2011","Pena, N.T.L.","2022","Baumgratz, J.F.; Pinheiro, F.; Meneguzzo, T.E.C.; Ribeiro, R.","Mynssen",,"brazil","sao paulo","sao jose do barreiro","parque nacional da serra da bocaina, estrada apos rio que cruza a estrada pincipal","parque nacional da serra da bocaina","locality","brazil_sao paulo_sao jose barreiro","brazil_sao paulo_sao jose barreiro",-22.74888367,-44.58687717,"county",252122,"Dennstaedtia cornuta","(Kaulf.) Mett.","name_w_authors","Dennstaedtiaceae","Dennstaedtia cornuta","(Kaulf.) Mett.","species","name accepted","bfo-604968",,,"Dennstaedtia cornuta (Kaulf.) Mett.","Dennstaedtia","Dennstaedtiaceae","brazil_sao paulo_sao jose barreiro","Brazil","São Paulo","São José do Barreiro",,"ibge",TRUE,-22.7519444,-45.6166667,"coord_original","miliseconds","high","Dennstaedtia cornuta","check_local.2municip.","ok_state",,FALSE,"ok_dist","full_name_match","RB_673611","RB_673611[virtual]","4","1","RB_673611","RB_673611","RB_673611","plantr_exact","High","PARQUE NACIONAL SERRA DA BOCAINA"
,,"https://specieslink.net/col/220",,"UFMG","BHCB",,"PRESERVED_SPECIMEN","152764","7352","Agra, MF; Bohs, LA; Giacomin, LL; Giudicelli, GC; Jorge, TB",,"2011-05-02","2011","5","2",,,,"Brasil","BR","São Paulo",,"São José do Barreiro","Outskirts of Parque Nacional Serra da Bocaina. Road from park administrative headquarters at São José do Barreiro to alojamento at entrance to park",,,"-22.659444","-44.583611",,,,,,"2022-11-01",,"Capsicum rabenii Sendtn.","Magnoliopsida","Solanales","Solanaceae","Capsicum","species","Sendtn.","ACCEPTED",,,"Capsicum rabenii Sendtn.",,,,"Capsicum rabenii","Capsicum rabenii",,"WGS84",,,,,"GBIF","BHCB",,"Agra, M.F.","7352","2011",,"2022","Bohs, L.A.; Giacomin, L.L.; Giudicelli, G.C.; Jorge, T.B.","Agra",,"brazil","sao paulo","sao jose do barreiro","outskirts of parque nacional serra da bocaina, road from park administrative headquarters at sao jose do barreiro to alojamento at entrance to park","outskirts of parque nacional serra da bocaina","locality","brazil_sao paulo_sao jose barreiro","brazil_sao paulo_sao jose barreiro",-22.74888367,-44.58687717,"county",66089,"Capsicum rabenii","Sendtn.","name_w_authors","Solanaceae","Capsicum rabenii","Sendtn.","species","name accepted","bfo-600425",,,"Capsicum rabenii Sendtn.","Capsicum","Solanaceae","brazil_sao paulo_sao jose barreiro","Brazil","São Paulo","São José do Barreiro",,"ibge",TRUE,-22.659444,-44.583611,"coord_original","seconds","high","Capsicum rabenii","check_local.2municip.","ok_county",,FALSE,"no_cannot_check","full_name_match","BHCB_152764",,"0","0",,,,"plantr_exact","High","PARQUE NACIONAL SERRA DA BOCAINA"
,,"https://specieslink.net/col/220",,"UFMG","BHCB",,"PRESERVED_SPECIMEN","152765","7353","Agra, MF; Giacomin, LL; Guidicelli, GC; Jorge, TB",,"2011-05-02","2011","5","2",,,,"Brasil","BR","São Paulo",,"São José do Barreiro","Parque Nacional da Serra da Bocaina, Outskirts of parque. Road from park admnistrative headquarters at São José do Barreiro to alojamento at entrance to park.",,,"-22.659444","-44.583611",,,,,,"2020-12-28",,"Physalis pubescens L.","Magnoliopsida","Solanales","Solanaceae","Physalis","species","L.","ACCEPTED",,,"Physalis pubescens L.",,,,"Physalis pubescens","Physalis pubescens",,"WGS84",,,,,"GBIF","BHCB",,"Agra, M.F.","7353","2011",,"2020","Giacomin, L.L.; Guidicelli, G.C.; Jorge, T.B.","Agra",,"brazil","sao paulo","sao jose do barreiro","parque nacional da serra da bocaina, outskirts of parque, road from park admnistrative headquarters at sao jose do barreiro to alojamento at entrance to park","parque nacional da serra da bocaina","locality","brazil_sao paulo_sao jose barreiro","brazil_sao paulo_sao jose barreiro",-22.74888367,-44.58687717,"county",569279,"Physalis pubescens","L.","name_w_authors","Solanaceae","Physalis pubescens","L.","species","name accepted","bfo-14700",,,"Physalis pubescens L.","Physalis","Solanaceae","brazil_sao paulo_sao jose barreiro","Brazil","São Paulo","São José do Barreiro",,"ibge",TRUE,-22.659444,-44.583611,"coord_original","seconds","high","Physalis pubescens","check_local.2municip.","ok_county",,FALSE,"ok_dist","full_name_match","BHCB_152765",,"0","0",,,,"plantr_exact","High","PARQUE NACIONAL SERRA DA BOCAINA"
,,"https://specieslink.net/col/220",,"UFMG","BHCB",,"PRESERVED_SPECIMEN","152789","7379","Agra, MF; Bohs, LA; Giacomin, LL; Giudicelli, GC; Jorge, TB",,"2011-05-04","2011","5","4",,,,"Brasil","BR","São Paulo",,"São José do Barreiro","Parque Nacional da Serra da Bocaina, Main road through park from entrance at alojamento just turn off to Cachoeira das Posses.",,,"-22.775","-44.603889",,,,,,"2019-08-02",,"Athenaea anonacea Sendtn.","Magnoliopsida","Solanales","Solanaceae","Athenaea","species","Sendtn.","ACCEPTED",,,"Athenaea anonacea Sendtn.",,,,"Athenaea anonacea","Athenaea anonacea",,"WGS84","https://images.cria.org.br/viewer/BHCB026428",,,,"GBIF","BHCB",,"Agra, M.F.","7379","2011",,"2019","Bohs, L.A.; Giacomin, L.L.; Giudicelli, G.C.; Jorge, T.B.","Agra",,"brazil","sao paulo","sao jose do barreiro","parque nacional da serra da bocaina, main road through park from entrance at alojamento just turn off to cachoeira das posses","parque nacional da serra da bocaina","locality","brazil_sao paulo_sao jose barreiro","brazil_sao paulo_sao jose barreiro",-22.74888367,-44.58687717,"county",66075,"Athenaea anonacea","Sendtn.","name_w_authors","Solanaceae","Athenaea anonacea","Sendtn.","species","name accepted","bfo-111232",,,"Athenaea anonacea Sendtn.","Athenaea","Solanaceae","brazil_sao paulo_sao jose barreiro","Brazil","São Paulo","São José do Barreiro",,"ibge",TRUE,-22.775,-44.603889,"coord_original","seconds","high","Athenaea anonacea","check_local.2municip.","ok_county",,FALSE,"ok_dist","full_name_match","BHCB_152789",,"0","0",,,,"plantr_exact","High","PARQUE NACIONAL SERRA DA BOCAINA"
,,"https://specieslink.net/col/220",,"UFMG","BHCB",,"PRESERVED_SPECIMEN","152772","7359","Agra, MF; Bohs, LA; Giacomin, LL; Giudicelli, GC; Jorge, TB",,"2011-05-02","2011","5","2",,,,"Brasil","BR","São Paulo",,"São José do Barreiro","Parque Nacional da Serra da Bocaina, Road from park administrative headquarters at São José do Barreiro to alojamento at entrance to park",,,"-22.684444","-44.633056",,,,,,"2018-03-01",,"Solanum hexandrum Vell.","Magnoliopsida","Solanales","Solanaceae","Solanum","species","Vell.","ACCEPTED",,,"Solanum hexandrum Vell.",,,,"Solanum hexandrum","Solanum hexandrum",,"WGS84","https://images.cria.org.br/viewer/BHCB002583",,,,"GBIF","BHCB",,"Agra, M.F.","7359","2011",,"2018","Bohs, L.A.; Giacomin, L.L.; Giudicelli, G.C.; Jorge, T.B.","Agra",,"brazil","sao paulo","sao jose do barreiro","parque nacional da serra da bocaina, road from park administrative headquarters at sao jose do barreiro to alojamento at entrance to park","parque nacional da serra da bocaina","locality","brazil_sao paulo_sao jose barreiro","brazil_sao paulo_sao jose barreiro",-22.74888367,-44.58687717,"county",66092,"Solanum hexandrum","Vell.","name_w_authors","Solanaceae","Solanum hexandrum","Vell.","species","name accepted","bfo-14779",,,"Solanum hexandrum Vell.","Solanum","Solanaceae","brazil_sao paulo_sao jose barreiro","Brazil","São Paulo","São José do Barreiro",,"ibge",TRUE,-22.684444,-44.633056,"coord_original","seconds","high","Solanum hexandrum","check_local.2municip.","ok_county",,FALSE,"ok_dist","full_name_match","BHCB_152772",,"0","0",,,,"plantr_exact","High","PARQUE NACIONAL SERRA DA BOCAINA"
,,,,"JBRJ","RB","RB - Rio de Janeiro Botanical Garden Herbarium Collection","PRESERVED_SPECIMEN","RB00673602","1254","C.Mynssen; J.F. Baumgratz, F. Pinheiro, T.E.C. Meneguzzo & R. Ribeiro",,"2011-10-04","2011","10","4",,,,"Brasil","BR","São Paulo",,"São José do Barreiro","Parque Nacional da Serra da Bocaina, estrada após guarita de acesso.",,,"-22.74","-44.616944",,"22º44´24´´","44º37´1´´W",,"F. Gonzatti","2018-01-16",,"Hymenophyllum polyanthos (Sw.) Sw.","Polypodiopsida","Hymenophyllales","Hymenophyllaceae","Hymenophyllum","species","(Sw.) Sw.","ACCEPTED",,,"Hymenophyllum polyanthos (Sw.) Sw.",,,,"Hymenophyllum polyanthos (Sw.) Sw.","Hymenophyllum polyanthos",,,"jbrj-public-img.s3-sa-east-1.amazonaws.com/JPG/rb/0/67/36/2/00673602.jpg",,,,"GBIF","RB",,"Mynssen, C.","1254","2011","Gonzatti, F.","2018","Baumgratz, J.F.; Pinheiro, F.; Meneguzzo, T.E.C.; Ribeiro, R.","Mynssen",,"brazil","sao paulo","sao jose do barreiro","parque nacional da serra da bocaina, estrada apos guarita de acesso","parque nacional da serra da bocaina","locality","brazil_sao paulo_sao jose barreiro","brazil_sao paulo_sao jose barreiro",-22.74888367,-44.58687717,"county",252111,"Hymenophyllum polyanthos","(Sw.) Sw.","name_w_authors","Hymenophyllaceae","Hymenophyllum polyanthos","(Sw.) Sw.","species","name accepted","bfo-91214",,,"Hymenophyllum polyanthos (Sw.) Sw.","Hymenophyllum","Hymenophyllaceae","brazil_sao paulo_sao jose barreiro","Brazil","São Paulo","São José do Barreiro",,"ibge",TRUE,-22.74,-44.616944,"coord_original","seconds","high","Hymenophyllum polyanthos","check_local.2municip.","ok_county",,FALSE,"bad_dist","full_name_match","RB_673602","RB_673602[virtual]","4","1","RB_673602","RB_673602","RB_673602","plantr_exact","High","PARQUE NACIONAL SERRA DA BOCAINA"
,,,,"JBRJ","RB","RB - Rio de Janeiro Botanical Garden Herbarium Collection","PRESERVED_SPECIMEN","RB00673624","1273","C.Mynssen; J.F. Baumgratz, F. Pinheiro, T.E.C. Meneguzzo & R. Ribeiro",,"2011-10-05","2011","10","5",,,,"Brasil","BR","São Paulo",,"São José do Barreiro","Parque Nacional da Serra da Bocaina, picada para o Morro do Tira Chapéu, mata nebular.",,,"-22.746389","-44.633333",,"22º44´47´´","44º38´W",,"P. Labiak","2018-07-01",,"Campyloneurum austrobrasilianum (Alston) de la Sota","Polypodiopsida","Polypodiales","Polypodiaceae","Campyloneurum","species","(Alston) de la Sota","ACCEPTED",,,"Campyloneurum austrobrasilianum (Alston) de la Sota",,,,"Campyloneurum austrobrasilianum (Alston) de la Sota","Campyloneurum austrobrasilianum",,,"jbrj-public-img.s3-sa-east-1.amazonaws.com/JPG/rb/0/67/36/24/00673624.jpg",,,,"GBIF","RB",,"Mynssen, C.","1273","2011","Labiak, P.","2018","Baumgratz, J.F.; Pinheiro, F.; Meneguzzo, T.E.C.; Ribeiro, R.","Mynssen",,"brazil","sao paulo","sao jose do barreiro","parque nacional da serra da bocaina",,"locality","brazil_sao paulo_sao jose barreiro_parque nacional serra bocaina","brazil_sao paulo_sao jose barreiro_parque nacional serra bocaina",-22.74484201,-44.61460885,"locality",252113,"Campyloneurum austrobrasilianum","(Alston) de la Sota","name_w_authors","Polypodiaceae","Campyloneurum austrobrasilianum","(Alston) de la Sota","species","name accepted","bfo-91548",,,"Campyloneurum austrobrasilianum (Alston) de la Sota","Campyloneurum","Polypodiaceae","brazil_sao paulo_sao jose barreiro","Brazil","São Paulo","São José do Barreiro",,"ibge",TRUE,-22.7463889,-44.6333333,"coord_original","miliseconds","high","Campyloneurum austrobrasilianum","ok_same_resolution","ok_county",,FALSE,"ok_dist","full_name_match","RB_673624","RB_673624[virtual]","4","1","RB_673624","RB_673624","RB_673624","plantr_exact","High","PARQUE NACIONAL SERRA DA BOCAINA"
,,"https://specieslink.net/col/220",,"UFMG","BHCB",,"PRESERVED_SPECIMEN","152782","7371","Agra, MF; Bohs, LA; Giacomin, LL; Guidicelli, GC; Jorge, TB",,"2011-05-03","2011","5","3",,,,"Brasil","BR","São Paulo",,"São José do Barreiro","Parque Nacional da Serra da Bocaina, Main road through park from entrance at lodge. Trail to Cachoeira Santo Isidro.",,,"-22.748056","-44.613889",,,,,,"2017-07-01",,"Solanum cladotrichum Mart. ex Dunal","Magnoliopsida","Solanales","Solanaceae","Solanum","species","Dunal","SYNONYM",,,"Solanum jussiaei Dunal",,,,"Solanum cladotrichum","Solanum jussiaei",,"WGS84",,,,,"GBIF","BHCB",,"Agra, M.F.","7371","2011",,"2017","Bohs, L.A.; Giacomin, L.L.; Guidicelli, G.C.; Jorge, T.B.","Agra",,"brazil","sao paulo","sao jose do barreiro","parque nacional da serra da bocaina, main road through park from entrance at lodge","parque nacional da serra da bocaina","locality","brazil_sao paulo_sao jose barreiro","brazil_sao paulo_sao jose barreiro",-22.74888367,-44.58687717,"county",181454,"Solanum jussiaei","Dunal","name_w_authors","Solanaceae","Solanum jussiaei","Dunal","species","replaced synonym","bfo-14794","Solanum jussiaei","Dunal","Solanum jussiaei Dunal","Solanum","Solanaceae","brazil_sao paulo_sao jose barreiro","Brazil","São Paulo","São José do Barreiro",,"ibge",TRUE,-22.748056,-44.613889,"coord_original","seconds","high","Solanum jussiaei","check_local.2municip.","ok_county",,FALSE,"ok_dist","full_name_match","BHCB_152782",,"0","0",,,,"plantr_exact","High","PARQUE NACIONAL SERRA DA BOCAINA"
,,,,"JBRJ","RB","RB - Rio de Janeiro Botanical Garden Herbarium Collection","PRESERVED_SPECIMEN","RB00673647","1291","C.Mynssen; J.F. Baumgratz, F. Pinheiro, T.E.C. Meneguzzo & R. Ribeiro",,"2011-10-06","2011","10","6",,,,"Brasil","BR","São Paulo",,"São José do Barreiro","Parque Nacional da Serra da Bocaina, estrada para pousada dos Veados.",,,"-22.7525","-44.623056",,"22º45´9´´","44º37´23´´W",,"C.MYNSSEN","2017-07-01",,"Elaphoglossum edwallii Rosenst.","Polypodiopsida","Polypodiales","Dryopteridaceae","Elaphoglossum","species","Rosenst.","ACCEPTED",,,"Elaphoglossum edwallii Rosenst.",,,,"Elaphoglossum edwallii Rosenst.","Elaphoglossum edwallii",,,"jbrj-public-img.s3-sa-east-1.amazonaws.com/JPG/rb/0/67/36/47/00673647.jpg",,,,"GBIF","RB",,"Mynssen, C.","1291","2011","C.mynssen","2017","Baumgratz, J.F.; Pinheiro, F.; Meneguzzo, T.E.C.; Ribeiro, R.","Mynssen",,"brazil","sao paulo","sao jose do barreiro","parque nacional da serra da bocaina, estrada para pousada dos veados","parque nacional da serra da bocaina","locality","brazil_sao paulo_sao jose barreiro","brazil_sao paulo_sao jose barreiro",-22.74888367,-44.58687717,"county",252141,"Elaphoglossum edwallii","Rosenst.","name_w_authors","Dryopteridaceae","Elaphoglossum edwallii","Rosenst.","species","name accepted","bfo-91025",,,"Elaphoglossum edwallii Rosenst.","Elaphoglossum","Dryopteridaceae","brazil_sao paulo_sao jose barreiro","Brazil","São Paulo","São José do Barreiro",,"ibge",TRUE,-22.7525,-44.623056,"coord_original","seconds","high","Elaphoglossum edwallii","check_local.2municip.","ok_county",,FALSE,"ok_dist","full_name_match","RB_673647","NY_2724099|RB_673647","4","1","RB_673647","RB_673647","RB_673647","plantr_exact","High","PARQUE NACIONAL SERRA DA BOCAINA"
,,,,"JBRJ","RB","RB - Rio de Janeiro Botanical Garden Herbarium Collection","PRESERVED_SPECIMEN","RB00686805","106","F. M. Pinheiro; J.F. Baumgratz, C.Mynssen, T. Meneguzzo, R. Ribeiro",,"2011-10-06","2011","10","6",,,,"Brasil","BR","São Paulo",,"São José do Barreiro","Parque Nacional da Serra da Bocaina. Beira da estrada.",,,"-22.759444","-44.613056",,"22º45´34´´","44º36´47´´W",,"PAULO JOSÉ F.GUIMARÃES","2016-06-01",,"Tibouchina martialis (Cham.) Cogn","Magnoliopsida","Myrtales","Melastomataceae","Pleroma","species","(Cham.) Cogn.","SYNONYM",,,"Pleroma martiale (Cham.) Triana",,,,"Tibouchina martialis (Cham.) Cogn.","Pleroma martiale",,,"jbrj-public-img.s3-sa-east-1.amazonaws.com/JPG/rb/0/68/68/5/00686805.jpg",,,,"GBIF","RB",,"Pinheiro, F.M.","106","2011","Guimaraes, P.J.F.","2016","Baumgratz, J.F.; Mynssen, C.; Meneguzzo, T.; Ribeiro, R.","Pinheiro",,"brazil","sao paulo","sao jose do barreiro","parque nacional da serra da bocaina, beira da estrada","parque nacional da serra da bocaina","locality","brazil_sao paulo_sao jose barreiro","brazil_sao paulo_sao jose barreiro",-22.74888367,-44.58687717,"county",252675,"Pleroma martiale","(Cham.) Triana","name_w_authors","Melastomataceae","Pleroma martiale","(Cham.) Triana","species","author misspelled|replaced synonym","bfo-603041","Pleroma martiale","(Cham.) Triana","Pleroma martiale (Cham.) Triana","Pleroma","Melastomataceae","brazil_sao paulo_sao jose barreiro","Brazil","São Paulo","São José do Barreiro",,"ibge",TRUE,-22.759444,-44.613056,"coord_original","seconds","high","Pleroma martiale","check_local.2municip.","ok_county",,FALSE,"ok_dist","full_name_match","RB_686805","RB_686805[virtual]","4","1","RB_686805","RB_686805","RB_686805","plantr_exact","High","PARQUE NACIONAL SERRA DA BOCAINA"
,,,,"JBRJ","RB","RB - Rio de Janeiro Botanical Garden Herbarium Collection","PRESERVED_SPECIMEN","RB00686796","98","F. M. Pinheiro; J.F. Baumgratz, C.Mynssen, T. Meneguzzo, R. Ribeiro",,"2011-10-05","2011","10","5",,,,"Brasil","BR","São Paulo",,"São José do Barreiro","Parque Nacional da Serra da Bocaina. Trilha Tira Chapéu.",,,"-22.758611","-44.652778",,"22º45´31´´","44º39´10´´W",,"HINOSHITA,L.K.R.","2016-04-07",,"Nematanthus fornix (Vell.) Chautems","Magnoliopsida","Lamiales","Gesneriaceae","Nematanthus","species","(Vell.) Chautems","ACCEPTED",,,"Nematanthus fornix (Vell.) Chautems",,,,"Nematanthus fornix (Vell.) Chautems","Nematanthus fornix",,,"jbrj-public-img.s3-sa-east-1.amazonaws.com/JPG/rb/0/68/67/96/00686796.jpg",,,,"GBIF","RB",,"Pinheiro, F.M.","98","2011","Hinoshita,l.k.r.","2016","Baumgratz, J.F.; Mynssen, C.; Meneguzzo, T.; Ribeiro, R.","Pinheiro",,"brazil","sao paulo","sao jose do barreiro","parque nacional da serra da bocaina",,"locality","brazil_sao paulo_sao jose barreiro_parque nacional serra bocaina","brazil_sao paulo_sao jose barreiro_parque nacional serra bocaina",-22.74484201,-44.61460885,"locality",252683,"Nematanthus fornix","(Vell.) Chautems","name_w_authors","Gesneriaceae","Nematanthus fornix","(Vell.) Chautems","species","name accepted","bfo-7850",,,"Nematanthus fornix (Vell.) Chautems","Nematanthus","Gesneriaceae","brazil_sao paulo_sao jose barreiro","Brazil","São Paulo","São José do Barreiro",,"ibge",TRUE,-22.758611,-44.652778,"coord_original","seconds","high","Nematanthus fornix","ok_same_resolution","ok_county",,FALSE,"ok_dist","full_name_match","RB_686796","RB_686796[virtual]","4","1","RB_686796","RB_686796","RB_686796","plantr_exact","High","PARQUE NACIONAL SERRA DA BOCAINA"
,,,,"JBRJ","RB","RB - Rio de Janeiro Botanical Garden Herbarium Collection","PRESERVED_SPECIMEN","RB00673648","1292","C.Mynssen; J.F. Baumgratz, F. Pinheiro, T.E.C. Meneguzzo & R. Ribeiro",,"2011-10-06","2011","10","6",,,,"Brasil","BR","São Paulo",,"São José do Barreiro","Parque Nacional da Serra da Bocaina, estrada para pousada dos Veados.",,,"-22.7525","-44.623056",,"22º45´9´´","44º37´23´´W",,"HENRIQUE LAUAND RIBEIRO","2016-11-02",,"Endlicheria Nees","Magnoliopsida","Laurales","Lauraceae","Endlicheria","genus",,"ACCEPTED",,,"Endlicheria Nees",,,,"Endlicheria",,,,"jbrj-public-img.s3-sa-east-1.amazonaws.com/JPG/rb/0/67/36/48/00673648.jpg",,,,"GBIF","RB",,"Mynssen, C.","1292","2011","Henrique, L.R.","2016","Baumgratz, J.F.; Pinheiro, F.; Meneguzzo, T.E.C.; Ribeiro, R.","Mynssen",,"brazil","sao paulo","sao jose do barreiro","parque nacional da serra da bocaina, estrada para pousada dos veados","parque nacional da serra da bocaina","locality","brazil_sao paulo_sao jose barreiro","brazil_sao paulo_sao jose barreiro",-22.74888367,-44.58687717,"county",1614215,"Endlicheria","Nees","name_w_authors","Lauraceae","Endlicheria","Nees","genus","name accepted","bfo-8415",,,"Endlicheria Nees","Endlicheria","Lauraceae","brazil_sao paulo_sao jose barreiro","Brazil","São Paulo","São José do Barreiro",,"ibge",TRUE,-22.7525,-44.623056,"coord_original","seconds","high",,"check_local.2municip.","ok_county",,FALSE,"no_cannot_check","full_name_match","RB_673648","RB_673648[virtual]","4","1","RB_673648","RB_673648","RB_673648","plantr_exact","High","PARQUE NACIONAL SERRA DA BOCAINA"
,,,,"JBRJ","RB","RB - Rio de Janeiro Botanical Garden Herbarium Collection","PRESERVED_SPECIMEN","RB00686801","102","F. M. Pinheiro; J.F. Baumgratz, C.Mynssen, T. Meneguzzo, R. Ribeiro",,"2011-10-06","2011","10","6",,,,"Brasil","BR","São Paulo",,"São José do Barreiro","Parque Nacional da Serra da Bocaina. Beira da estrada.",,,"-22.793055","-44.608889",,"22º47´35´´","44º36´32´´W",,"MOOPELLEGRINI","2015-10-15",,"Tradescantia cymbispatha C.B.Clarke","Liliopsida","Commelinales","Commelinaceae","Tradescantia","species","C.B.Clarke","ACCEPTED",,,"Tradescantia cymbispatha C.B.Clarke",,,,"Tradescantia cymbispatha C.B.Clarke","Tradescantia cymbispatha",,,"jbrj-public-img.s3-sa-east-1.amazonaws.com/JPG/rb/0/68/68/1/00686801.jpg",,,,"GBIF","RB",,"Pinheiro, F.M.","102","2011","Moopellegrini","2015","Baumgratz, J.F.; Mynssen, C.; Meneguzzo, T.; Ribeiro, R.","Pinheiro",,"brazil","sao paulo","sao jose do barreiro","parque nacional da serra da bocaina, beira da estrada","parque nacional da serra da bocaina","locality","brazil_sao paulo_sao jose barreiro","brazil_sao paulo_sao jose barreiro",-22.74888367,-44.58687717,"county",252661,"Tradescantia cymbispatha","C.B.Clarke","name_w_authors","Commelinaceae","Tradescantia cymbispatha","C.B.Clarke","species","name accepted","bfo-126856",,,"Tradescantia cymbispatha C.B.Clarke","Tradescantia","Commelinaceae","brazil_sao paulo_sao jose barreiro","Brazil","São Paulo","São José do Barreiro",,"ibge",TRUE,-22.793055,-44.608889,"coord_original","seconds","high","Tradescantia cymbispatha","check_local.2municip.","ok_county",,,"ok_dist","full_name_match","RB_686801","RB_686801[virtual]","2","0.5","RB_686801","RB_686801","RB_686801","plantr_exact","High","PARQUE NACIONAL SERRA DA BOCAINA"
,,,,"JBRJ","RB","RB - Rio de Janeiro Botanical Garden Herbarium Collection","PRESERVED_SPECIMEN","RB00673603","1255","C.Mynssen; J.F. Baumgratz, F. Pinheiro, T.E.C. Meneguzzo & R. Ribeiro",,"2011-10-04","2011","10","4",,,,"Brasil","BR","São Paulo",,"São José do Barreiro","Parque Nacional da Serra da Bocaina, estrada após guarita de acesso.",,,"-22.74","-44.616944",,"22º44´24´´","44º37´1´´W",,"D.S. Gissi","2015-02-04",,"Phlegmariurus reflexus (Lam.) B.Øllg.","Lycopodiopsida","Lycopodiales","Lycopodiaceae","Phlegmariurus","species","(Lam.) B.Øllg.","ACCEPTED",,,"Phlegmariurus reflexus (Lam.) B.Øllg.",,,,"Phlegmariurus reflexus (Lam.) B.Øllg.","Phlegmariurus reflexus",,,"jbrj-public-img.s3-sa-east-1.amazonaws.com/JPG/rb/0/67/36/3/00673603.jpg",,,,"GBIF","RB",,"Mynssen, C.","1255","2011","Gissi, D.S.","2015","Baumgratz, J.F.; Pinheiro, F.; Meneguzzo, T.E.C.; Ribeiro, R.","Mynssen",,"brazil","sao paulo","sao jose do barreiro","parque nacional da serra da bocaina, estrada apos guarita de acesso","parque nacional da serra da bocaina","locality","brazil_sao paulo_sao jose barreiro","brazil_sao paulo_sao jose barreiro",-22.74888367,-44.58687717,"county",252116,"Phlegmariurus reflexus","(Lam.) B.Øllg.","name_w_authors","Lycopodiaceae","Phlegmariurus reflexus","(Lam.) B.Øllg.","species","name accepted","bfo-128527",,,"Phlegmariurus reflexus (Lam.) B.Øllg.","Phlegmariurus","Lycopodiaceae","brazil_sao paulo_sao jose barreiro","Brazil","São Paulo","São José do Barreiro",,"ibge",TRUE,-22.74,-44.616944,"coord_original","seconds","high","Phlegmariurus reflexus","check_local.2municip.","ok_county",,FALSE,"ok_dist","full_name_match","RB_673603","RB_673603[virtual]","4","1","RB_673603","RB_673603","RB_673603","plantr_exact","High","PARQUE NACIONAL SERRA DA BOCAINA"
,,,,"JBRJ","RB","RB - Rio de Janeiro Botanical Garden Herbarium Collection","PRESERVED_SPECIMEN","RB00686767","72","F. M. Pinheiro; J.F. Baumgratz, C.Mynssen, T. Meneguzzo, R. Ribeiro",,"2011-10-04","2011","10","4",,,,"Brasil","BR","São Paulo",,"São José do Barreiro","Parque Nacional da Serra da Bocaina. Beira da estrada.",,,"-22.751944","-44.6225",,"22º45´7´´","44º37´21´´W",,"G.HEIDEN","2015-11-13",,"Baccharis glaziovii Baker","Magnoliopsida","Asterales","Asteraceae","Baccharis","species","Baker","ACCEPTED",,,"Baccharis glaziovii Baker",,,,"Baccharis glaziovii Baker","Baccharis glaziovii",,,"jbrj-public-img.s3-sa-east-1.amazonaws.com/JPG/rb/0/68/67/67/00686767.jpg",,,,"GBIF","RB",,"Pinheiro, F.M.","72","2011","G.heiden","2015","Baumgratz, J.F.; Mynssen, C.; Meneguzzo, T.; Ribeiro, R.","Pinheiro",,"brazil","sao paulo","sao jose do barreiro","parque nacional da serra da bocaina, beira da estrada","parque nacional da serra da bocaina","locality","brazil_sao paulo_sao jose barreiro","brazil_sao paulo_sao jose barreiro",-22.74888367,-44.58687717,"county",252652,"Baccharis glaziovii","Baker","name_w_authors","Asteraceae","Baccharis glaziovii","Baker","species","name accepted","bfo-5183",,,"Baccharis glaziovii Baker","Baccharis","Asteraceae","brazil_sao paulo_sao jose barreiro","Brazil","São Paulo","São José do Barreiro",,"ibge",TRUE,-22.751944,-44.6225,"coord_original","seconds","high","Baccharis glaziovii","check_local.2municip.","ok_county",,FALSE,"ok_dist","full_name_match","RB_686767","RB_686767[virtual]","4","1","RB_686767","RB_686767","RB_686767","plantr_exact","High","PARQUE NACIONAL SERRA DA BOCAINA"
,,,,"JBRJ","RB","RB - Rio de Janeiro Botanical Garden Herbarium Collection","PRESERVED_SPECIMEN","RB00673623","1272","C.Mynssen; J.F. Baumgratz, F. Pinheiro, T.E.C. Meneguzzo & R. Ribeiro",,"2011-10-05","2011","10","5",,,,"Brasil","BR","São Paulo",,"São José do Barreiro","Parque Nacional da Serra da Bocaina, picada para o Morro do Tira Chapéu, mata nebular.",,,"-22.746389","-44.633333",,"22º44´47´´","44º38´W",,"T.E. Almeida","2014-01-01",,"Pleopeltis macrocarpa (Bory ex Willd.) Kaulf.","Polypodiopsida","Polypodiales","Polypodiaceae","Pleopeltis","species","(Bory ex Willd.) Kaulf.","ACCEPTED",,,"Pleopeltis macrocarpa (Bory ex Willd.) Kaulf.",,,,"Pleopeltis macrocarpa (Bory ex Willd.) Kaulf.","Pleopeltis macrocarpa",,,"jbrj-public-img.s3-sa-east-1.amazonaws.com/JPG/rb/0/67/36/23/00673623.jpg",,,,"GBIF","RB",,"Mynssen, C.","1272","2011","Almeida, T.E.","2014","Baumgratz, J.F.; Pinheiro, F.; Meneguzzo, T.E.C.; Ribeiro, R.","Mynssen",,"brazil","sao paulo","sao jose do barreiro","parque nacional da serra da bocaina",,"locality","brazil_sao paulo_sao jose barreiro_parque nacional serra bocaina","brazil_sao paulo_sao jose barreiro_parque nacional serra bocaina",-22.74484201,-44.61460885,"locality",252132,"Pleopeltis macrocarpa","(Bory ex Willd.) Kaulf.","name_w_authors","Polypodiaceae","Pleopeltis macrocarpa","(Bory ex Willd.) Kaulf.","species","name accepted","bfo-91725",,,"Pleopeltis macrocarpa (Bory ex Willd.) Kaulf.","Pleopeltis","Polypodiaceae","brazil_sao paulo_sao jose barreiro","Brazil","São Paulo","São José do Barreiro",,"ibge",TRUE,-22.7463889,-44.6333333,"coord_original","miliseconds","high","Pleopeltis macrocarpa","ok_same_resolution","ok_county",,FALSE,"ok_dist","full_name_match","RB_673623","RB_673623[virtual]","4","1","RB_673623","RB_673623","RB_673623","plantr_exact","High","PARQUE NACIONAL SERRA DA BOCAINA"
,,,,"JBRJ","RB","RB - Rio de Janeiro Botanical Garden Herbarium Collection","PRESERVED_SPECIMEN","RB00686773","77","F. M. Pinheiro; J.F. Baumgratz, C.Mynssen, T. Meneguzzo, R. Ribeiro",,"2011-10-04","2011","10","4",,,,"Brasil","BR","São Paulo",,"São José do Barreiro","Parque Nacional da Serra da Bocaina.",,,"-22.785555","-44.603611",,"22º47´8´´","44º36´13´´W",,"D. Monteiro","2014-03-01",,"Peperomia catharinae Miq.","Magnoliopsida","Piperales","Piperaceae","Peperomia","species","Miq.","ACCEPTED",,,"Peperomia catharinae Miq.",,,,"Peperomia catharinae Miq.","Peperomia catharinae",,,"jbrj-public-img.s3-sa-east-1.amazonaws.com/JPG/rb/0/68/67/73/00686773.jpg",,,,"GBIF","RB",,"Pinheiro, F.M.","77","2011","Monteiro, D.","2014","Baumgratz, J.F.; Mynssen, C.; Meneguzzo, T.; Ribeiro, R.","Pinheiro",,"brazil","sao paulo","sao jose do barreiro","parque nacional da serra da bocaina",,"locality","brazil_sao paulo_sao jose barreiro_parque nacional serra bocaina","brazil_sao paulo_sao jose barreiro_parque nacional serra bocaina",-22.74484201,-44.61460885,"locality",252679,"Peperomia catharinae","Miq.","name_w_authors","Piperaceae","Peperomia catharinae","Miq.","species","name accepted","bfo-12629",,,"Peperomia catharinae Miq.","Peperomia","Piperaceae","brazil_sao paulo_sao jose barreiro","Brazil","São Paulo","São José do Barreiro",,"ibge",TRUE,-22.785555,-44.603611,"coord_original","seconds","high","Peperomia catharinae","ok_same_resolution","ok_county",,FALSE,"ok_dist","full_name_match","RB_686773","RB_686773[virtual]","3","0.75","RB_686773","RB_686773","RB_686773","plantr_exact","High","PARQUE NACIONAL SERRA DA BOCAINA"
,,,,"JBRJ","RB","RB - Rio de Janeiro Botanical Garden Herbarium Collection","PRESERVED_SPECIMEN","RB00673640","1286","C.Mynssen; J.F. Baumgratz, F. Pinheiro, T.E.C. Meneguzzo & R. Ribeiro",,"2011-10-05","2011","10","5",,,,"Brasil","BR","São Paulo",,"São José do Barreiro","Parque Nacional da Serra da Bocaina, picada para o Morro do Tira Chapéu, campo de altitude.",,,"-22.764444","-45.658889",,"22º45´52´´","45º39´32´´W",,"L. Mouinho","2014-08-18",,"Laplacea fruticosa (Schrad.) Kobuski","Magnoliopsida","Ericales","Theaceae","Gordonia","species","(Schrad.) Kobuski","SYNONYM",,,"Gordonia fruticosa (Schrad.) H.Keng",,,,"Laplacea fruticosa (Schrad.) Kobuski","Gordonia fruticosa",,,"jbrj-public-img.s3-sa-east-1.amazonaws.com/JPG/rb/0/67/36/40/00673640.jpg",,,,"GBIF","RB",,"Mynssen, C.","1286","2011","Mouinho, L.","2014","Baumgratz, J.F.; Pinheiro, F.; Meneguzzo, T.E.C.; Ribeiro, R.","Mynssen",,"brazil","sao paulo","sao jose do barreiro","parque nacional da serra da bocaina",,"locality","brazil_sao paulo_sao jose barreiro_parque nacional serra bocaina","brazil_sao paulo_sao jose barreiro_parque nacional serra bocaina",-22.74484201,-44.61460885,"locality",252119,"Laplacea fruticosa","(Schrad.) Kobuski","name_w_authors","Theaceae","Laplacea fruticosa","(Schrad.) Kobuski","species","name accepted","bfo-88145",,,"Laplacea fruticosa (Schrad.) Kobuski","Laplacea","Theaceae","brazil_sao paulo_sao jose barreiro","Brazil","São Paulo","São José do Barreiro",,"ibge",TRUE,-22.764444,-45.658889,"coord_original","seconds","high","Laplacea fruticosa","ok_same_resolution","ok_state",,FALSE,"ok_dist","full_name_match","RB_673640","RB_673640[virtual]","4","1","RB_673640","RB_673640","RB_673640","plantr_exact","High","PARQUE NACIONAL SERRA DA BOCAINA"
,,,,"JBRJ","RB","RB - Rio de Janeiro Botanical Garden Herbarium Collection","PRESERVED_SPECIMEN","RB00673610","1261","C.Mynssen; J.F. Baumgratz, F. Pinheiro, T.E.C. Meneguzzo & R. Ribeiro",,"2011-10-04","2011","10","4",,,,"Brasil","BR","São Paulo",,"São José do Barreiro","Parque Nacional da Serra da Bocaina, estrada após rio que cruza a estrada pincipal.",,,"-22.751944","-45.616667",,"22º45´7´´","45º37´W",,"A. Salino","2014-12-01",,"Thelypteris raddii (Rosenst.) Ponce","Polypodiopsida","Polypodiales","Thelypteridaceae","Amauropelta","species","(Rosenst.) Ponce","SYNONYM",,,"Amauropelta raddii (Rosenst.) Salino & T.E.Almeida",,,,"Thelypteris raddii (Rosenst.) Ponce","Amauropelta raddii",,,"jbrj-public-img.s3-sa-east-1.amazonaws.com/JPG/rb/0/67/36/10/00673610.jpg",,,,"GBIF","RB",,"Mynssen, C.","1261","2011","Salino, A.","2014","Baumgratz, J.F.; Pinheiro, F.; Meneguzzo, T.E.C.; Ribeiro, R.","Mynssen",,"brazil","sao paulo","sao jose do barreiro","parque nacional da serra da bocaina, estrada apos rio que cruza a estrada pincipal","parque nacional da serra da bocaina","locality","brazil_sao paulo_sao jose barreiro","brazil_sao paulo_sao jose barreiro",-22.74888367,-44.58687717,"county",252142,"Amauropelta raddii","(Rosenst.) Salino & T.E.Almeida","name_w_authors","Thelypteridaceae","Amauropelta raddii","(Rosenst.) Salino & T.E.Almeida","species","replaced synonym","bfo-602623","Amauropelta raddii","(Rosenst.) Salino & T.E.Almeida","Amauropelta raddii (Rosenst.) Salino & T.E.Almeida","Amauropelta","Thelypteridaceae","brazil_sao paulo_sao jose barreiro","Brazil","São Paulo","São José do Barreiro",,"ibge",TRUE,-22.7519444,-45.6166667,"coord_original","miliseconds","high","Amauropelta raddii","check_local.2municip.","ok_state",,FALSE,"ok_dist","full_name_match","RB_673610","RB_673610[virtual]","4","1","RB_673610","RB_673610","RB_673610","plantr_exact","High","PARQUE NACIONAL SERRA DA BOCAINA"
,,,,"JBRJ","RB","RB - Rio de Janeiro Botanical Garden Herbarium Collection","PRESERVED_SPECIMEN","RB00673612","1263","C.Mynssen; J.F. Baumgratz, F. Pinheiro, T.E.C. Meneguzzo & R. Ribeiro",,"2011-10-04","2011","10","4",,,,"Brasil","BR","São Paulo",,"São José do Barreiro","Parque Nacional da Serra da Bocaina, estrada após rio que cruza a estrada pincipal.",,,"-22.751944","-45.6225",,"22º45´7´´","45º37´21´´W",,"A. Salino","2014-12-01",,"Thelypteris amambayensis (Christ) Ponce","Polypodiopsida","Polypodiales","Thelypteridaceae","Amauropelta","species","(Christ) Ponce","SYNONYM",,,"Amauropelta amambayensis (Ponce) Salino & T.E.Almeida",,,,"Thelypteris amambayensis (Christ) Ponce","Amauropelta amambayensis",,,"jbrj-public-img.s3-sa-east-1.amazonaws.com/JPG/rb/0/67/36/12/00673612.jpg",,,,"GBIF","RB",,"Mynssen, C.","1263","2011","Salino, A.","2014","Baumgratz, J.F.; Pinheiro, F.; Meneguzzo, T.E.C.; Ribeiro, R.","Mynssen",,"brazil","sao paulo","sao jose do barreiro","parque nacional da serra da bocaina, estrada apos rio que cruza a estrada pincipal","parque nacional da serra da bocaina","locality","brazil_sao paulo_sao jose barreiro","brazil_sao paulo_sao jose barreiro",-22.74888367,-44.58687717,"county",252117,"Amauropelta amambayensis","(Christ) Salino & A.R.Sm.","name_w_authors","Thelypteridaceae","Amauropelta amambayensis","(Christ) Salino & A.R.Sm.","species","replaced synonym","bfo-603889","Amauropelta amambayensis","(Christ) Salino & A.R.Sm.","Amauropelta amambayensis (Christ) Salino & A.R.Sm.","Amauropelta","Thelypteridaceae","brazil_sao paulo_sao jose barreiro","Brazil","São Paulo","São José do Barreiro",,"ibge",TRUE,-22.751944,-45.6225,"coord_original","seconds","high","Amauropelta amambayensis","check_local.2municip.","ok_state",,FALSE,"ok_dist","full_name_match","RB_673612","NY_2724085|RB_673612","4","1","RB_673612","RB_673612","RB_673612","plantr_exact","High","PARQUE NACIONAL SERRA DA BOCAINA"
,,,,"JBRJ","RB","RB - Rio de Janeiro Botanical Garden Herbarium Collection","PRESERVED_SPECIMEN","RB00673608","1259","C.M. Mynssen; J.F.A. Baumgratz, F. Pinheiro, T.E.C. Meneguzzo & R. Ribeiro",,"2011-10-04","2011","10","4",,,,"Brasil","BR","São Paulo",,"São José do Barreiro","Estrada após rio que cruza a estrada principal. Parque Nacional da Serra da Bocaina",,,"-22.759444","-44.6",,"22º45´34´´","44º36´W",,"Fernanda Barrro dos Santos","2013-09-02",,"Gaultheria eriophylla (Pers.) Sleumer ex Burtt","Magnoliopsida","Ericales","Ericaceae","Gaultheria","species","(Pers.) Sleumer ex Burtt","SYNONYM",,,"Gaultheria eriophylla (Pers.) Mart. ex Sleumer",,,,"Gaultheria eriophylla (Pers.) Sleumer ex Burtt","Gaultheria eriophylla",,,"jbrj-public-img.s3-sa-east-1.amazonaws.com/JPG/rb/0/67/36/8/00673608.jpg",,,,"GBIF","RB",,"Mynssen, C.M.","1259","2011","Santos, F.B.","2013","Baumgratz, J.F.A.; Pinheiro, F.; Meneguzzo, T.E.C.; Ribeiro, R.","Mynssen",,"brazil","sao paulo","sao jose do barreiro","estrada apos rio que cruza a estrada principal, parque nacional da serra da bocaina","estrada apos rio que cruza a estrada principal","locality","brazil_sao paulo_sao jose barreiro","brazil_sao paulo_sao jose barreiro",-22.74888367,-44.58687717,"county",252123,"Gaultheria eriophylla","(Pers.) Sleumer ex Burtt","name_w_authors","Ericaceae","Gaultheria eriophylla","(Pers.) Sleumer ex Burtt","species","name accepted","bfo-7472",,,"Gaultheria eriophylla (Pers.) Sleumer ex Burtt","Gaultheria","Ericaceae","brazil_sao paulo_sao jose barreiro","Brazil","São Paulo","São José do Barreiro",,"ibge",TRUE,-22.759444,-44.6,"coord_original","seconds","high","Gaultheria eriophylla","check_local.2municip.","ok_county",,FALSE,"ok_dist","full_name_match","RB_673608","NY_2724103|RB_673608","4","1","RB_673608","RB_673608","RB_673608","plantr_exact","High","PARQUE NACIONAL SERRA DA BOCAINA"
,,"https://specieslink.net/col/220",,"UFMG","BHCB",,"PRESERVED_SPECIMEN","152776","7363","Agra, MF; Bohs, LA; Giacomin, LL; Giudicelli, GC; Jorge, TB",,"2011-05-02","2011","5","2",,,,"Brasil","BR","São Paulo",,"São José do Barreiro","Parque Nacional da Serra da Bocaina, Just behind alojamento at entrance to park",,,"-22.733611","-44.616944",,,,,,"2012-07-10",,"Solanum kleinii L.B.Sm. & Downs","Magnoliopsida","Solanales","Solanaceae","Solanum","species","L.B.Sm. & Downs","ACCEPTED",,,"Solanum kleinii L.B.Sm. & Downs",,,,"Solanum kleinii","Solanum kleinii",,"WGS84",,,,,"GBIF","BHCB",,"Agra, M.F.","7363","2011",,"2012","Bohs, L.A.; Giacomin, L.L.; Giudicelli, G.C.; Jorge, T.B.","Agra",,"brazil","sao paulo","sao jose do barreiro","parque nacional da serra da bocaina, just behind alojamento at entrance to park","parque nacional da serra da bocaina","locality","brazil_sao paulo_sao jose barreiro","brazil_sao paulo_sao jose barreiro",-22.74888367,-44.58687717,"county",66069,"Solanum kleinii","L.B.Sm. & Downs","name_w_authors","Solanaceae","Solanum kleinii","L.B.Sm. & Downs","species","name accepted","bfo-14795",,,"Solanum kleinii L.B.Sm. & Downs","Solanum","Solanaceae","brazil_sao paulo_sao jose barreiro","Brazil","São Paulo","São José do Barreiro",,"ibge",TRUE,-22.733611,-44.616944,"coord_original","seconds","high","Solanum kleinii","check_local.2municip.","ok_county",,,"ok_dist","full_name_match","BHCB_152776",,"0","0",,,,"plantr_exact","High","PARQUE NACIONAL SERRA DA BOCAINA"
,,"https://specieslink.net/col/220",,"UFMG","BHCB",,"PRESERVED_SPECIMEN","152794","7384","Agra, MF; Bohs, LA; Giacomin, LL; Giudicelli, GC; Jorge, TB",,"2011-05-04","2011","5","4",,,,"Brasil","BR","São Paulo",,"São José do Barreiro","Parque Nacional da Serra da Bocaina, Main road through park from entrance at alojamento to Fazenda Das Posses. At trailhead to Cachoeira das Posses.",,,"-22.773889","-44.604444",,,,,,"2011-05-01",,"Solanum argenteum Blanchet ex Dunal","Magnoliopsida","Solanales","Solanaceae","Solanum","species","Dunal","SYNONYM",,,"Solanum swartzianum Roem. & Schult.",,,,"Solanum argenteum","Solanum swartzianum",,"WGS84",,,,,"GBIF","BHCB",,"Agra, M.F.","7384","2011",,"2011","Bohs, L.A.; Giacomin, L.L.; Giudicelli, G.C.; Jorge, T.B.","Agra",,"brazil","sao paulo","sao jose do barreiro","parque nacional da serra da bocaina, main road through park from entrance at alojamento to fazenda das posses","parque nacional da serra da bocaina","locality","brazil_sao paulo_sao jose barreiro","brazil_sao paulo_sao jose barreiro",-22.74888367,-44.58687717,"county",66088,"Solanum swartzianum","Roem. & Schult.","name_w_authors","Solanaceae","Solanum swartzianum","Roem. & Schult.","species","replaced synonym","bfo-14872","Solanum swartzianum","Roem. & Schult.","Solanum swartzianum Roem. & Schult.","Solanum","Solanaceae","brazil_sao paulo_sao jose barreiro","Brazil","São Paulo","São José do Barreiro",,"ibge",TRUE,-22.773889,-44.604444,"coord_original","seconds","high","Solanum swartzianum","check_local.2municip.","ok_county",,FALSE,"bad_dist","full_name_match","BHCB_152794",,"0","0",,,,"plantr_exact","High","PARQUE NACIONAL SERRA DA BOCAINA"
,,"https://specieslink.net/col/220",,"UFMG","BHCB",,"PRESERVED_SPECIMEN","152796","7388","Agra, MF; Bohs, LA; Giacomin, LL; Guidicelli, GC; Jorge, TB",,"2011-05-05","2011","5","5",,,,"Brasil","BR","São Paulo",,"São José do Barreiro","Parque Nacional da Serra da Bocaina, Outskirts of Parque. Road from park administrative headquarters at São José do Barreiro to housing at entrance to park",,,"-22.693056","-44.6325",,,,,,"2011-05-01",,"Solanum nigrescens M.Martens & Galeotti","Magnoliopsida","Solanales","Solanaceae","Solanum","species","M.Martens & Galeotti","ACCEPTED",,,"Solanum nigrescens M.Martens & Galeotti",,,,"Solanum nigrescens","Solanum nigrescens",,"WGS84",,,,,"GBIF","BHCB",,"Agra, M.F.","7388","2011",,"2011","Bohs, L.A.; Giacomin, L.L.; Guidicelli, G.C.; Jorge, T.B.","Agra",,"brazil","sao paulo","sao jose do barreiro","parque nacional da serra da bocaina, outskirts of parque, road from park administrative headquarters at sao jose do barreiro to housing at entrance to park","parque nacional da serra da bocaina","locality","brazil_sao paulo_sao jose barreiro","brazil_sao paulo_sao jose barreiro",-22.74888367,-44.58687717,"county",66084,"Solanum nigrescens","M.Martens & Galeotti","name_w_authors","Solanaceae","Solanum nigrescens","M.Martens & Galeotti","species","name accepted","bfo-14813",,,"Solanum nigrescens M.Martens & Galeotti","Solanum","Solanaceae","brazil_sao paulo_sao jose barreiro","Brazil","São Paulo","São José do Barreiro",,"ibge",TRUE,-22.693056,-44.6325,"coord_original","miliseconds","high","Solanum nigrescens","check_local.2municip.","ok_county",,FALSE,"no_cannot_check","full_name_match","BHCB_152796",,"0","0",,,,"plantr_exact","High","PARQUE NACIONAL SERRA DA BOCAINA"
,,"https://specieslink.net/col/220",,"UFMG","BHCB",,"PRESERVED_SPECIMEN","152780","7377","Agra, MF; Bohs, LA; Giacomin, LL; Guidicelli, GC; Jorge, TB",,"2011-05-03","2011","5","3",,,,"Brasil","BR","São Paulo",,"São José do Barreiro","Parque Nacional da Serra da Bocaina, Main road through park from entrance at alojamento. Trail to Cachoeira Santo Isidro",,,"-22.7475","-44.616389",,,,,,"2011-05-01",,"Solanum inornatum Witasek","Magnoliopsida","Solanales","Solanaceae","Solanum","species","Witasek","ACCEPTED",,,"Solanum inornatum Witasek",,,,"Solanum inornatum","Solanum inornatum",,"WGS84",,,,,"GBIF","BHCB",,"Agra, M.F.","7377","2011",,"2011","Bohs, L.A.; Giacomin, L.L.; Guidicelli, G.C.; Jorge, T.B.","Agra",,"brazil","sao paulo","sao jose do barreiro","parque nacional da serra da bocaina, main road through park from entrance at alojamento","parque nacional da serra da bocaina","locality","brazil_sao paulo_sao jose barreiro","brazil_sao paulo_sao jose barreiro",-22.74888367,-44.58687717,"county",66073,"Solanum inornatum","Witasek","name_w_authors","Solanaceae","Solanum inornatum","Witasek","species","name accepted","bfo-14784",,,"Solanum inornatum Witasek","Solanum","Solanaceae","brazil_sao paulo_sao jose barreiro","Brazil","São Paulo","São José do Barreiro",,"ibge",TRUE,-22.7475,-44.616389,"coord_original","seconds","high","Solanum inornatum","check_local.2municip.","ok_county",,TRUE,"ok_dist","full_name_match","BHCB_152780",,"0","0",,,,"plantr_exact","High","PARQUE NACIONAL SERRA DA BOCAINA"
,,,,"JBRJ","RB","RB - Rio de Janeiro Botanical Garden Herbarium Collection","PRESERVED_SPECIMEN","RB00716602","7367","M.F. Agra; et al.",,"2011-05-03","2011","5","3",,,,"Brasil","BR","São Paulo",,"São José do Barreiro","Parque Nacional Serra da Bocaina. Mais road trough park from entrance at alojamento.",,,"-22.741111","-44.616111",,"22º44´28´´","44º36´58´´W",,"L.L. Giacomin","2011-05-01",,"Solanum inodorum Vell.","Magnoliopsida","Solanales","Solanaceae","Solanum","species","Vell.","ACCEPTED",,,"Solanum inodorum Vell.",,,,"Solanum inodorum Vell.","Solanum inodorum",,,,,,,"GBIF","RB",,"Agra, M.F.","7367","2011","Giacomin, L.L.","2011",,"Agra",,"brazil","sao paulo","sao jose do barreiro","parque nacional serra da bocaina, mais road trough park from entrance at alojamento","parque nacional serra da bocaina","locality","brazil_sao paulo_sao jose barreiro","brazil_sao paulo_sao jose barreiro",-22.74888367,-44.58687717,"county",253884,"Solanum inodorum","Vell.","name_w_authors","Solanaceae","Solanum inodorum","Vell.","species","name accepted","bfo-14783",,,"Solanum inodorum Vell.","Solanum","Solanaceae","brazil_sao paulo_sao jose barreiro","Brazil","São Paulo","São José do Barreiro",,"ibge",TRUE,-22.741111,-44.616111,"coord_original","seconds","high","Solanum inodorum","check_local.2municip.","ok_county",,FALSE,"ok_dist","full_name_match","RB_716602","RB_716602[virtual]","2","0.5","RB_716602","RB_716602","RB_716602","plantr_exact","High","PARQUE NACIONAL SERRA DA BOCAINA"
,,"https://specieslink.net/col/220",,"UFMG","BHCB",,"PRESERVED_SPECIMEN","152762","7350","Agra, MF; Bohs, LA; Giacomin, LL; Guidicelli, GC; Jorge, TB",,"2011-05-02","2011","5","2",,,,"Brasil","BR","São Paulo",,"São José do Barreiro","Outskirts of parque Nacional Serra da Bocaina. Road frrom park administrative headquarrters at São José do Barreiro to alojamento at entrance to park.",,,"-22.659444","-44.581389",,,,,,"2011-05-01",,"Solanum concinnum Schott ex Sendtn.","Magnoliopsida","Solanales","Solanaceae","Solanum","species","Schott ex Sendtn.","ACCEPTED",,,"Solanum concinnum Schott ex Sendtn.",,,,"Solanum concinnum","Solanum concinnum",,"WGS84","https://images.cria.org.br/viewer/BHCB035757",,,,"GBIF","BHCB",,"Agra, M.F.","7350","2011",,"2011","Bohs, L.A.; Giacomin, L.L.; Guidicelli, G.C.; Jorge, T.B.","Agra",,"brazil","sao paulo","sao jose do barreiro","outskirts of parque nacional serra da bocaina, road frrom park administrative headquarrters at sao jose do barreiro to alojamento at entrance to park","outskirts of parque nacional serra da bocaina","locality","brazil_sao paulo_sao jose barreiro","brazil_sao paulo_sao jose barreiro",-22.74888367,-44.58687717,"county",267274,"Solanum concinnum","Schott ex Sendtn.","name_w_authors","Solanaceae","Solanum concinnum","Schott ex Sendtn.","species","name accepted","bfo-14752",,,"Solanum concinnum Schott ex Sendtn.","Solanum","Solanaceae","brazil_sao paulo_sao jose barreiro","Brazil","São Paulo","São José do Barreiro",,"ibge",TRUE,-22.659444,-44.581389,"coord_original","seconds","high","Solanum concinnum","check_local.2municip.","ok_county",,FALSE,"ok_dist","full_name_match","BHCB_152762",,"0","0",,,,"plantr_exact","High","PARQUE NACIONAL SERRA DA BOCAINA"
,,"https://specieslink.net/col/220",,"UFMG","BHCB",,"PRESERVED_SPECIMEN","152784","7373","Agra, MF; Bohs, LA; Giacomin, LL; Giudicelli, GC; Jorge, TB",,"2011-05-03","2011","5","3",,,,"Brasil","BR","São Paulo",,"São José do Barreiro","Parque Nacional da Serra da Bocaina, Main road through park from entrance at alojamento Fazenda das Posses",,,"-22.754167","-44.623889",,,,,,"2011-05-01",,"Solanum bullatum Vell.","Magnoliopsida","Solanales","Solanaceae","Solanum","species","Vell.","ACCEPTED",,,"Solanum bullatum Vell.",,,,"Solanum bullatum","Solanum bullatum",,"WGS84",,,,,"GBIF","BHCB",,"Agra, M.F.","7373","2011",,"2011","Bohs, L.A.; Giacomin, L.L.; Giudicelli, G.C.; Jorge, T.B.","Agra",,"brazil","sao paulo","sao jose do barreiro","parque nacional da serra da bocaina, main road through park from entrance at alojamento fazenda das posses","parque nacional da serra da bocaina","locality","brazil_sao paulo_sao jose barreiro","brazil_sao paulo_sao jose barreiro",-22.74888367,-44.58687717,"county",66065,"Solanum bullatum","Vell.","name_w_authors","Solanaceae","Solanum bullatum","Vell.","species","name accepted","bfo-14737",,,"Solanum bullatum Vell.","Solanum","Solanaceae","brazil_sao paulo_sao jose barreiro","Brazil","São Paulo","São José do Barreiro",,"ibge",TRUE,-22.754167,-44.623889,"coord_original","seconds","high","Solanum bullatum","check_local.2municip.","ok_county",,FALSE,"ok_dist","full_name_match","BHCB_152784",,"0","0",,,,"plantr_exact","High","PARQUE NACIONAL SERRA DA BOCAINA"
,,,,"JBRJ","RB","RB - Rio de Janeiro Botanical Garden Herbarium Collection","PRESERVED_SPECIMEN","RB00686810","65","F. M. Pinheiro; J.F. Baumgratz, C.Mynssen, T. Meneguzzo, R. Ribeiro",,"2011-10-04","2011","10","4",,,,"Brasil","BR","São Paulo",,"São José do Barreiro","Parque Nacional da Serra da Bocaina. Beira da estrada.",,,"-22.74","-44.616944",,"22º44´24´´","44º37´1´´W",,"J.F. Baumgratz","2011-10-04",,"Tibouchina itatiaiae Cogn.","Magnoliopsida","Myrtales","Melastomataceae","Pleroma","species","Cogn.","SYNONYM",,,"Pleroma itatiaiae (Wawra) P.J.F.Guim. & Michelang.",,,,"Tibouchina itatiaiae Cogn.","Pleroma itatiaiae",,,"jbrj-public-img.s3-sa-east-1.amazonaws.com/JPG/rb/0/68/68/10/00686810.jpg",,,,"GBIF","RB",,"Pinheiro, F.M.","65","2011","Baumgratz, J.F.","2011","Baumgratz, J.F.; Mynssen, C.; Meneguzzo, T.; Ribeiro, R.","Pinheiro",,"brazil","sao paulo","sao jose do barreiro","parque nacional da serra da bocaina, beira da estrada","parque nacional da serra da bocaina","locality","brazil_sao paulo_sao jose barreiro","brazil_sao paulo_sao jose barreiro",-22.74888367,-44.58687717,"county",252673,"Pleroma itatiaiae","(Wawra) P.J.F.Guim. & Michelang.","name_w_authors","Melastomataceae","Pleroma itatiaiae","(Wawra) P.J.F.Guim. & Michelang.","species","replaced synonym","bfo-606928","Pleroma itatiaiae","(Wawra) P.J.F.Guim. & Michelang.","Pleroma itatiaiae (Wawra) P.J.F.Guim. & Michelang.","Pleroma","Melastomataceae","brazil_sao paulo_sao jose barreiro","Brazil","São Paulo","São José do Barreiro",,"ibge",TRUE,-22.74,-44.616944,"coord_original","seconds","high","Pleroma itatiaiae","check_local.2municip.","ok_county",,FALSE,"bad_dist","full_name_match","RB_686810","RB_686810[virtual]","4","1","RB_686810","RB_686810","RB_686810","plantr_exact","High","PARQUE NACIONAL SERRA DA BOCAINA"
,,,,"JBRJ","RB","RB - Rio de Janeiro Botanical Garden Herbarium Collection","PRESERVED_SPECIMEN","RB00686780","84","F. M. Pinheiro; J.F. Baumgratz, C.Mynssen, T. Meneguzzo, R. Ribeiro",,"2011-10-05","2011","10","5",,,,"Brasil","BR","São Paulo",,"São José do Barreiro","Parque Nacional da Serra da Bocaina. Trilha Tira Chapéu.",,,"-22.746389","-44.639722",,"22º44´47´´","44º38´23´´W",,"J.F. Baumgratz","2011-10-05",,"Miconia willdenowii Klotzsch ex Naudin","Magnoliopsida","Myrtales","Melastomataceae","Miconia","species","Klotzsch ex Naudin","ACCEPTED",,,"Miconia willdenowii Klotzsch ex Naudin",,,,"Miconia willdenowii Klotzsch ex Naudin","Miconia willdenowii",,,"jbrj-public-img.s3-sa-east-1.amazonaws.com/JPG/rb/0/68/67/80/00686780.jpg",,,,"GBIF","RB",,"Pinheiro, F.M.","84","2011","Baumgratz, J.F.","2011","Baumgratz, J.F.; Mynssen, C.; Meneguzzo, T.; Ribeiro, R.","Pinheiro",,"brazil","sao paulo","sao jose do barreiro","parque nacional da serra da bocaina",,"locality","brazil_sao paulo_sao jose barreiro_parque nacional serra bocaina","brazil_sao paulo_sao jose barreiro_parque nacional serra bocaina",-22.74484201,-44.61460885,"locality",252678,"Miconia willdenowii","Klotzsch ex Naudin","name_w_authors","Melastomataceae","Miconia willdenowii","Klotzsch ex Naudin","species","name accepted","bfo-9779",,,"Miconia willdenowii Klotzsch ex Naudin","Miconia","Melastomataceae","brazil_sao paulo_sao jose barreiro","Brazil","São Paulo","São José do Barreiro",,"ibge",TRUE,-22.746389,-44.639722,"coord_original","seconds","high","Miconia willdenowii","ok_same_resolution","ok_county",,FALSE,"ok_dist","full_name_match","RB_686780","RB_686780[virtual]","4","1","RB_686780","RB_686780","RB_686780","plantr_exact","High","PARQUE NACIONAL SERRA DA BOCAINA"
,,,,"JBRJ","RB","RB - Rio de Janeiro Botanical Garden Herbarium Collection","PRESERVED_SPECIMEN","RB00686807","62","F. M. Pinheiro; J.F. Baumgratz, C.Mynssen, T. Meneguzzo, R. Ribeiro",,"2011-10-04","2011","10","4",,,,"Brasil","BR","São Paulo",,"São José do Barreiro","Parque Nacional da Serra da Bocaina. Beira da estrada.",,,"-22.74","-44.616944",,"22º44´24´´","44º37´1´´W",,"J.F. Baumgratz","2011-10-04",,"Miconia latecrenata (DC.) Naudin","Magnoliopsida","Myrtales","Melastomataceae","Miconia","species","(DC.) Naudin","ACCEPTED",,,"Miconia latecrenata (DC.) Naudin",,,,"Miconia latecrenata (DC.) Naudin","Miconia latecrenata",,,"jbrj-public-img.s3-sa-east-1.amazonaws.com/JPG/rb/0/68/68/7/00686807.jpg",,,,"GBIF","RB",,"Pinheiro, F.M.","62","2011","Baumgratz, J.F.","2011","Baumgratz, J.F.; Mynssen, C.; Meneguzzo, T.; Ribeiro, R.","Pinheiro",,"brazil","sao paulo","sao jose do barreiro","parque nacional da serra da bocaina, beira da estrada","parque nacional da serra da bocaina","locality","brazil_sao paulo_sao jose barreiro","brazil_sao paulo_sao jose barreiro",-22.74888367,-44.58687717,"county",252676,"Miconia latecrenata","(DC.) Naudin","name_w_authors","Melastomataceae","Miconia latecrenata","(DC.) Naudin","species","name accepted","bfo-9724",,,"Miconia latecrenata (DC.) Naudin","Miconia","Melastomataceae","brazil_sao paulo_sao jose barreiro","Brazil","São Paulo","São José do Barreiro",,"ibge",TRUE,-22.74,-44.616944,"coord_original","seconds","high","Miconia latecrenata","check_local.2municip.","ok_county",,FALSE,"ok_dist","full_name_match","RB_686807","RB_686807[virtual]","3","0.75","RB_686807","RB_686807","RB_686807","plantr_exact","High","PARQUE NACIONAL SERRA DA BOCAINA"
,,,,"JBRJ","RB","RB - Rio de Janeiro Botanical Garden Herbarium Collection","PRESERVED_SPECIMEN","RB00686765","70","F. M. Pinheiro; J.F. Baumgratz, C.Mynssen, T. Meneguzzo, R. Ribeiro",,"2011-10-04","2011","10","4",,,,"Brasil","BR","São Paulo",,"São José do Barreiro","Parque Nacional da Serra da Bocaina. Beira da estrada.",,,"-22.751944","-44.6225",,"22º45´7´´","44º37´21´´W",,"J.F. Baumgratz","2011-10-04",,"Leandra xanthocoma (Naudin) Cogn.","Magnoliopsida","Myrtales","Melastomataceae","Miconia","species","(Naudin) Cogn.","SYNONYM",,,"Miconia xanthocoma (Naudin) R.Goldenb.",,,,"Leandra xanthocoma (Naudin) Cogn.","Miconia xanthocoma",,,"jbrj-public-img.s3-sa-east-1.amazonaws.com/JPG/rb/0/68/67/65/00686765.jpg",,,,"GBIF","RB",,"Pinheiro, F.M.","70","2011","Baumgratz, J.F.","2011","Baumgratz, J.F.; Mynssen, C.; Meneguzzo, T.; Ribeiro, R.","Pinheiro",,"brazil","sao paulo","sao jose do barreiro","parque nacional da serra da bocaina, beira da estrada","parque nacional da serra da bocaina","locality","brazil_sao paulo_sao jose barreiro","brazil_sao paulo_sao jose barreiro",-22.74888367,-44.58687717,"county",252656,"Leandra xanthocoma","(Naudin) Cogn.","name_w_authors","Melastomataceae","Leandra xanthocoma","(Naudin) Cogn.","species","name accepted","bfo-9642",,,"Leandra xanthocoma (Naudin) Cogn.","Leandra","Melastomataceae","brazil_sao paulo_sao jose barreiro","Brazil","São Paulo","São José do Barreiro",,"ibge",TRUE,-22.751944,-44.6225,"coord_original","seconds","high","Leandra xanthocoma","check_local.2municip.","ok_county",,FALSE,"ok_dist","full_name_match","RB_686765","RB_686765[virtual]","4","1","RB_686765","RB_686765","RB_686765","plantr_exact","High","PARQUE NACIONAL SERRA DA BOCAINA"
,,,,"JBRJ","RB","RB - Rio de Janeiro Botanical Garden Herbarium Collection","PRESERVED_SPECIMEN","RB00686809","64","F. M. Pinheiro; J.F. Baumgratz, C.Mynssen, T. Meneguzzo, R. Ribeiro",,"2011-10-04","2011","10","4",,,,"Brasil","BR","São Paulo",,"São José do Barreiro","Parque Nacional da Serra da Bocaina. Beira da estrada.",,,"-22.74","-44.616944",,"22º44´24´´","44º37´1´´W",,"J.F. Baumgratz","2011-10-04",,"Leandra quinquedentata (DC.) Cogn.","Magnoliopsida","Myrtales","Melastomataceae","Miconia","species","(DC.) Cogn.","SYNONYM",,,"Miconia quinquedentata (DC.) R.Goldenb.",,,,"Leandra quinquedentata (DC.) Cogn.","Miconia quinquedentata",,,"jbrj-public-img.s3-sa-east-1.amazonaws.com/JPG/rb/0/68/68/9/00686809.jpg",,,,"GBIF","RB",,"Pinheiro, F.M.","64","2011","Baumgratz, J.F.","2011","Baumgratz, J.F.; Mynssen, C.; Meneguzzo, T.; Ribeiro, R.","Pinheiro",,"brazil","sao paulo","sao jose do barreiro","parque nacional da serra da bocaina, beira da estrada","parque nacional da serra da bocaina","locality","brazil_sao paulo_sao jose barreiro","brazil_sao paulo_sao jose barreiro",-22.74888367,-44.58687717,"county",252667,"Leandra quinquedentata","(DC.) Cogn.","name_w_authors","Melastomataceae","Leandra quinquedentata","(DC.) Cogn.","species","name accepted","bfo-9600",,,"Leandra quinquedentata (DC.) Cogn.","Leandra","Melastomataceae","brazil_sao paulo_sao jose barreiro","Brazil","São Paulo","São José do Barreiro",,"ibge",TRUE,-22.74,-44.616944,"coord_original","seconds","high","Leandra quinquedentata","check_local.2municip.","ok_county",,FALSE,"ok_dist","full_name_match","RB_686809","RB_686809[virtual]","4","1","RB_686809","RB_686809","RB_686809","plantr_exact","High","PARQUE NACIONAL SERRA DA BOCAINA"
,,,,"JBRJ","RB","RB - Rio de Janeiro Botanical Garden Herbarium Collection","PRESERVED_SPECIMEN","RB00686781","85","F. M. Pinheiro; J.F. Baumgratz, C.Mynssen, T. Meneguzzo, R. Ribeiro",,"2011-10-05","2011","10","5",,,,"Brasil","BR","São Paulo",,"São José do Barreiro","Parque Nacional da Serra da Bocaina. Trilha Tira Chapéu.",,,"-22.747222","-44.64",,"22º44´50´´","44º38´24´´W",,"J.F. Baumgratz","2011-10-05",,"Leandra foveolata (DC.) Cogn.","Magnoliopsida","Myrtales","Melastomataceae","Miconia","species","(DC.) Cogn.","SYNONYM",,,"Miconia leafoveolata R.Goldenb.",,,,"Leandra foveolata (DC.) Cogn.","Miconia leafoveolata",,,"jbrj-public-img.s3-sa-east-1.amazonaws.com/JPG/rb/0/68/67/81/00686781.jpg",,,,"GBIF","RB",,"Pinheiro, F.M.","85","2011","Baumgratz, J.F.","2011","Baumgratz, J.F.; Mynssen, C.; Meneguzzo, T.; Ribeiro, R.","Pinheiro",,"brazil","sao paulo","sao jose do barreiro","parque nacional da serra da bocaina",,"locality","brazil_sao paulo_sao jose barreiro_parque nacional serra bocaina","brazil_sao paulo_sao jose barreiro_parque nacional serra bocaina",-22.74484201,-44.61460885,"locality",252658,"Leandra foveolata","(DC.) Cogn.","name_w_authors","Melastomataceae","Leandra foveolata","(DC.) Cogn.","species","name accepted","bfo-9541",,,"Leandra foveolata (DC.) Cogn.","Leandra","Melastomataceae","brazil_sao paulo_sao jose barreiro","Brazil","São Paulo","São José do Barreiro",,"ibge",TRUE,-22.747222,-44.64,"coord_original","seconds","high","Leandra foveolata","ok_same_resolution","ok_county",,FALSE,"ok_dist","full_name_match","RB_686781","RB_686781[virtual]","4","1","RB_686781","RB_686781","RB_686781","plantr_exact","High","PARQUE NACIONAL SERRA DA BOCAINA"
,,,,"JBRJ","RB","RB - Rio de Janeiro Botanical Garden Herbarium Collection","PRESERVED_SPECIMEN","RB00686791","94","F. M. Pinheiro; J.F. Baumgratz, C.Mynssen, T. Meneguzzo, R. Ribeiro",,"2011-10-05","2011","10","5",,,,"Brasil","BR","São Paulo",,"São José do Barreiro","Parque Nacional da Serra da Bocaina. Trilha Tira Chapéu.",,,"-22.759167","-44.653611",,"22º45´33´´","44º39´13´´W",,"J.F. Baumgratz","2011-10-05",,"Leandra erostrata (DC.) Cogn.","Magnoliopsida","Myrtales","Melastomataceae","Miconia","species","(DC.) Cogn.","SYNONYM",,,"Miconia erostrata (DC.) R.Goldenb.",,,,"Leandra erostrata (DC.) Cogn.","Miconia erostrata",,,"jbrj-public-img.s3-sa-east-1.amazonaws.com/JPG/rb/0/68/67/91/00686791.jpg",,,,"GBIF","RB",,"Pinheiro, F.M.","94","2011","Baumgratz, J.F.","2011","Baumgratz, J.F.; Mynssen, C.; Meneguzzo, T.; Ribeiro, R.","Pinheiro",,"brazil","sao paulo","sao jose do barreiro","parque nacional da serra da bocaina",,"locality","brazil_sao paulo_sao jose barreiro_parque nacional serra bocaina","brazil_sao paulo_sao jose barreiro_parque nacional serra bocaina",-22.74484201,-44.61460885,"locality",252653,"Leandra erostrata","(DC.) Cogn.","name_w_authors","Melastomataceae","Leandra erostrata","(DC.) Cogn.","species","name accepted","bfo-9535",,,"Leandra erostrata (DC.) Cogn.","Leandra","Melastomataceae","brazil_sao paulo_sao jose barreiro","Brazil","São Paulo","São José do Barreiro",,"ibge",TRUE,-22.759167,-44.653611,"coord_original","seconds","high","Leandra erostrata","ok_same_resolution","ok_county",,FALSE,"ok_dist","full_name_match","RB_686791","RB_686791[virtual]","4","1","RB_686791","RB_686791","RB_686791","plantr_exact","High","PARQUE NACIONAL SERRA DA BOCAINA"
,,"https://specieslink.net/col/45",,"UFPR","UPCB",,"PRESERVED_SPECIMEN","68336","8","Santos, J.",,"2010-03-05","2010","3","5",,,,"Brasil","BR","São Paulo",,"São José do Barreiro","Parque Nacional Serra da Bocaina.",,,,,,,,,"Santos, J.","2010-01-01",,"Dicksonia sellowiana (C.Presl) Hook.","Polypodiopsida","Cyatheales","Dicksoniaceae","Dicksonia","species","Hook.","ACCEPTED",,,"Dicksonia sellowiana (C.Presl) Hook.",,,,"Dicksonia sellowiana","Dicksonia sellowiana",,,"https://images.cria.org.br/viewer/UPCB0003660",,,,"GBIF","UPCB",,"Santos, J.","8","2010","Santos, J.","2010",,"Santos",,"brazil","sao paulo","sao jose do barreiro","parque nacional serra da bocaina",,"locality","brazil_sao paulo_sao jose barreiro_parque nacional serra bocaina","brazil_sao paulo_sao jose barreiro_parque nacional serra bocaina",-22.74484201,-44.61460885,"locality",39913,"Dicksonia sellowiana","Hook.","name_w_authors","Dicksoniaceae","Dicksonia sellowiana","Hook.","species","author misspelled","bfo-90947",,,"Dicksonia sellowiana Hook.","Dicksonia","Dicksoniaceae","brazil_sao paulo_sao jose barreiro","Brazil","São Paulo","São José do Barreiro",,"ibge",TRUE,-22.639999,-44.57,"coord_original","miliseconds","high","Dicksonia sellowiana","ok_same_resolution","ok_county",,FALSE,"ok_dist","full_name_match","UPCB_68336","UPCB_3660|UPCB_68336","3","0.75","UPCB_3660","UPCB_68336","UPCB_68336","plantr_exact","High","PARQUE NACIONAL SERRA DA BOCAINA"
,,"https://specieslink.net/col/2",,"UNICAMP","UEC",,"PRESERVED_SPECIMEN","169444","9834","Almeda, F; Martins, AB; Fritsch, PW; Aranha, JLM; Bush, C; Belinello, R",,"2009-03-16","2009","3","16",,,,"Brazil","BR","São Paulo",,,"Municipio São Jose do Barreiro. Road from São Jose do Barreiro (SP-221) to the entrance of Parque Nacional Serra da Bocaina between Km 24 and Km 27.",,,"-23.2255","-45.034917",,,,,,,,"Symplocos celastrinea Mart. ex Miq.","Magnoliopsida","Ericales","Symplocaceae","Symplocos","species","Mart. ex Miq.","ACCEPTED",,,"Symplocos celastrinea Mart. ex Miq.",,,,"Symplocos celastrinea","Symplocos celastrinea",,,"https://images.cria.org.br/viewer/UEC063043",,,,"GBIF","UEC",,"Almeda, F.","9834","2009",,,"Martins, A.B.; Fritsch, P.W.; Aranha, J.L.M.; Bush, C.; Belinello, R.","Almeda",,"brazil","sao paulo","sao jose do barreiro","road from sao jose do barreiro, to the entrance of parque nacional serra da bocaina between km 24 and km 27","road from sao jose do barreiro","locality","brazil_sao paulo_sao jose barreiro","brazil_sao paulo_sao jose barreiro",-22.74888367,-44.58687717,"county",112149,"Symplocos celastrinea","Mart.","name_w_authors","Symplocaceae","Symplocos celastrinea","Mart.","species","author misspelled","bfo-14900",,,"Symplocos celastrinea Mart.","Symplocos","Symplocaceae","brazil_sao paulo_sao jose barreiro","Brazil","São Paulo","São José do Barreiro",,"ibge",TRUE,-22.73318,-44.61657,"coord_original","miliseconds","high","Symplocos celastrinea","check_local.2municip.","ok_county",,FALSE,"ok_dist","full_name_match","UEC_169444","CAS_412270|UEC_169444","4","1",,"CAS_412270","CAS_412270","plantr_exact","High","PARQUE NACIONAL SERRA DA BOCAINA"
,,"https://specieslink.net/col/2",,"UNICAMP","UEC",,"PRESERVED_SPECIMEN","170667","9836","Almeda, F; Martins, AB; Fritsch, PW; Aranha, JLM; Bush, C; Belinello, R",,"2009-03-16","2009","3","16",,,,"Brazil","BR","São Paulo",,"São José do Barreiro Mun.","Road from São Jose do Barreiro (SP-221) to the entrance of Parque Nacional Serra da Bocaina between Km 24 and Km 27.",,,"-23.2255","-45.034917",,,,,"Reginato, M","2010-01-01",,"Leandra neurotricha Cogn.","Magnoliopsida","Myrtales","Melastomataceae","Miconia","species","Cogn.","SYNONYM",,,"Miconia leaneurotricha R.Goldenb.",,,,"Leandra neurotricha","Miconia leaneurotricha",,,"https://images.cria.org.br/viewer/UEC010022",,,,"GBIF","UEC",,"Almeda, F.","9836","2009","Reginato, M.",,"Martins, A.B.; Fritsch, P.W.; Aranha, J.L.M.; Bush, C.; Belinello, R.","Almeda",,"brazil","sao paulo","sao jose do barreiro","road from sao jose do barreiro, to the entrance of parque nacional serra da bocaina between km 24 and km 27","road from sao jose do barreiro","locality","brazil_sao paulo_sao jose barreiro","brazil_sao paulo_sao jose barreiro",-22.74888367,-44.58687717,"county",112515,"Leandra neurotricha","Cogn.","name_w_authors","Melastomataceae","Leandra neurotricha","Cogn.","species","name accepted","bfo-9582",,,"Leandra neurotricha Cogn.","Leandra","Melastomataceae","brazil_sao paulo_sao jose barreiro","Brazil","São Paulo","São José do Barreiro",,"ibge",TRUE,-22.73318,-44.61657,"coord_original","miliseconds","high","Leandra neurotricha","check_local.2municip.","ok_county",,FALSE,"ok_dist","full_name_match","UEC_170667","CAS_412318|NY_2098958|UEC_170667","4","1","NY_2098958","NY_2098958","NY_2098958","plantr_exact","High","PARQUE NACIONAL SERRA DA BOCAINA"
"Physical Object",,"http://grscicoll.org/institutional-collection/botany",,"CAS","BOT-BC",,"PRESERVED_SPECIMEN","409231","9828","Almeda, F.; Martins, A. B.; Fritsch, P. W.; Aranha Filho, J. L.M.; Bush, C.; Belinello, R.",,"2009-03-16","2009","3","16","16 March 2009","Disturbed Mata Atlântica vegetation.",,"Brazil","BR","São Paulo",,"São José do Barreiro Mun.","Road from São Jose do Barreiro (SP-221) to the entrance of Parque Nacional Serra da Bocaina between Km 24 and Km 27.",,"1493.0000000000-1509.0000000000 m","-22.73318","-44.61657",,"22.73318° S","44.61657° W",,"P.J.F. Guimarães",,,"Tibouchina sebastianopolitana (Raddi) Cogn.","Magnoliopsida","Myrtales","Melastomataceae","Chaetogastra","species","(Raddi) Cogn.","SYNONYM",,,"Chaetogastra sebastianopolitana (Raddi) P.J.F.Guim. & Michelang.",,,,"Tibouchina sebastianopolitana (Raddi) Cogn.","Chaetogastra sebastianopolitana",,,,,,,"GBIF","CAS",,"Almeda, F.","9828","2009","Meyer, F.S.","2015","Martins, A.B.; Fritsch, P.W.; Aranha Filho, J.L.M.; Bush, C.; Belinello, R.","Almeda",,"brazil","sao paulo","sao jose do barreiro","road from sao jose do barreiro, to the entrance of parque nacional serra da bocaina between km 24 and km 27","municipio sao jose do barreiro","locality","brazil_sao paulo_sao jose barreiro","brazil_sao paulo_sao jose barreiro",-22.74888367,-44.58687717,"county",259133,"Chaetogastra barbata","F.S.Mey. & R.Goldenb.","variety","Melastomataceae","Chaetogastra herbacea","(DC.) P.J.F.Guim. & Michelang.","species","replaced synonym","bfo-637915","Chaetogastra herbacea","(DC.) P.J.F.Guim. & Michelang.","Chaetogastra barbata F.S.Mey. & R.Goldenb.","Chaetogastra","Melastomataceae","brazil_sao paulo_sao jose barreiro","Brazil","São Paulo","São José do Barreiro",,"ibge",TRUE,-22.73318,-44.61657,"coord_original","miliseconds","high","Chaetogastra barbata","check_local.2municip.","ok_county",,FALSE,"ok_dist","full_name_match","CAS_409231","CAS_409231|MO_103901494|NY_1164740|UEC_170782","4","1","NY_1164740","NY_1164740","NY_1164740","plantr_exact","High","PARQUE NACIONAL SERRA DA BOCAINA"
"Physical Object",,"http://grscicoll.org/institutional-collection/botany",,"CAS","BOT-BC",,"PRESERVED_SPECIMEN","410697","9824","Almeda, F.; Martins, A. B.; Fritsch, P. W.; Aranha Filho, J. L.M.; Bush, C.; Belinello, R.",,"2009-03-16","2009","3","16","16 March 2009","Disturbed Mata Atlântica vegetation.",,"Brazil","BR","São Paulo",,,"Municipio São Jose do Barreiro. Road from São Jose do Barreiro (SP-221) to the entrance of Parque Nacional Serra da Bocaina between Km 24 and Km 27.",,"1493.0000000000-1509.0000000000 m","-22.73318","-44.61657",,"22.73318° S","44.61657° W",,"M. Reginato","2010-01-01",,"Leandra purpurascens (DC.) Cogn.","Magnoliopsida","Myrtales","Melastomataceae","Miconia","species","(DC.) Cogn.","SYNONYM",,,"Miconia microstachya (Naudin) R.Goldenb.",,,,"Leandra purpurascens (DC.) Cogn.","Miconia microstachya",,,,,,,"GBIF","CAS",,"Almeda, F.","9824","2009","Reginato, M.","2011","Martins, A.B.; Fritsch, P.W.; Aranha Filho, J.L.M.; Bush, C.; Belinello, R.","Almeda",,"brazil","sao paulo","sao jose do barreiro","road from sao jose do barreiro, to the entrance of parque nacional serra da bocaina between km 24 and km 27","municipio sao jose do barreiro","locality","brazil_sao paulo_sao jose barreiro","brazil_sao paulo_sao jose barreiro",-22.74888367,-44.58687717,"county",259134,"Leandra purpurascens","(DC.) Cogn.","name_w_authors","Melastomataceae","Leandra purpurascens","(DC.) Cogn.","species","name accepted","bfo-9598",,,"Leandra purpurascens (DC.) Cogn.","Leandra","Melastomataceae","brazil_sao paulo_sao jose barreiro","Brazil","São Paulo","São José do Barreiro",,"ibge",TRUE,-22.73318,-44.61657,"coord_original","miliseconds","high","Leandra purpurascens","check_local.2municip.","ok_county",,FALSE,"ok_dist","full_name_match","CAS_410697","CAS_410697|NY_2098971|UEC_170924","4","1","NY_2098971","CAS_410697","CAS_410697","plantr_exact","High","PARQUE NACIONAL SERRA DA BOCAINA"
"Physical Object",,"http://grscicoll.org/institutional-collection/botany",,"CAS","BOT-BC",,"PRESERVED_SPECIMEN","412317","9838","Almeda, F.; Martins, A. B.; Fritsch, P. W.; Aranha Filho, J. L.M.; Bush, C.; Belinello, R.",,"2009-03-16","2009","3","16","16 March 2009","Disturbed Mata Atlântica vegetation.",,"Brazil","BR","São Paulo",,,"Municipio São Jose do Barreiro. Road from São Jose do Barreiro (SP-221) to the entrance of Parque Nacional Serra da Bocaina between Km 24 and Km 27.",,"1493.0000000000-1509.0000000000 m","-22.73318","-44.61657",,"22.73318° S","44.61657° W",,"M. Reginato","2010-01-01",,"Leandra itatiaiae (Wawra) Cogn.","Magnoliopsida","Myrtales","Melastomataceae","Miconia","species","(Wawra) Cogn.","SYNONYM",,,"Miconia itatiaiae (Wawra) R.Goldenb.",,,,"Leandra itatiaiae (Wawra) Cogn.","Miconia itatiaiae",,,,,,,"GBIF","CAS",,"Almeda, F.","9838","2009","Reginato, M.","2011","Martins, A.B.; Fritsch, P.W.; Aranha Filho, J.L.M.; Bush, C.; Belinello, R.","Almeda",,"brazil","sao paulo","sao jose do barreiro","road from sao jose do barreiro, to the entrance of parque nacional serra da bocaina between km 24 and km 27","municipio sao jose do barreiro","locality","brazil_sao paulo_sao jose barreiro","brazil_sao paulo_sao jose barreiro",-22.74888367,-44.58687717,"county",259135,"Leandra itatiaiae","(Wawra) Cogn.","name_w_authors","Melastomataceae","Leandra itatiaiae","(Wawra) Cogn.","species","name accepted","bfo-9556",,,"Leandra itatiaiae (Wawra) Cogn.","Leandra","Melastomataceae","brazil_sao paulo_sao jose barreiro","Brazil","São Paulo","São José do Barreiro",,"ibge",TRUE,-22.73318,-44.61657,"coord_original","miliseconds","high","Leandra itatiaiae","check_local.2municip.","ok_county",,FALSE,"ok_dist","full_name_match","CAS_412317","CAS_412317|NY_2098948|UEC_170668","4","1","NY_2098948","CAS_412317","CAS_412317","plantr_exact","High","PARQUE NACIONAL SERRA DA BOCAINA"
"Physical Object",,"http://grscicoll.org/institutional-collection/botany",,"CAS","BOT-BC",,"PRESERVED_SPECIMEN","409233","9847","Almeda, F.; Martins, A. B.; Fritsch, P. W.; Aranha Filho, J. L.M.; Bush, C.; Belinello, R.",,"2009-03-16","2009","3","16","16 March 2009","Disturbed Mata Atlântica vegetation.",,"Brazil","BR","São Paulo",,,"Municipio São Jose do Barreiro. Road from São Jose do Barreiro (SP-221) to the entrance of Parque Nacional Serra da Bocaina between Km 24 and Km 27.",,"1493.0000000000-1509.0000000000 m","-22.73318","-44.61657",,"22.73318° S","44.61657° W",,"P.J.F. Guimarães","2010-01-01",,"Tibouchina cinerea Cogn.","Magnoliopsida","Myrtales","Melastomataceae","Pleroma","species","Cogn.","SYNONYM",,,"Pleroma cinereum (Cogn.) P.J.F.Guim. & Michelang.",,,,"Tibouchina cinerea Cogn.","Pleroma cinereum",,,,,,,"GBIF","CAS",,"Almeda, F.","9847","2009","Guimaraes, P.J.F.","2010","Martins, A.B.; Fritsch, P.W.; Aranha Filho, J.L.M.; Bush, C.; Belinello, R.","Almeda",,"brazil","sao paulo","sao jose do barreiro","road from sao jose do barreiro, to the entrance of parque nacional serra da bocaina between km 24 and km 27","municipio sao jose do barreiro","locality","brazil_sao paulo_sao jose barreiro","brazil_sao paulo_sao jose barreiro",-22.74888367,-44.58687717,"county",259139,"Pleroma cinereum","(Cogn.) P.J.F.Guim. & Michelang.","name_w_authors","Melastomataceae","Pleroma cinereum","(Cogn.) P.J.F.Guim. & Michelang.","species","replaced synonym","bfo-606904","Pleroma cinereum","(Cogn.) P.J.F.Guim. & Michelang.","Pleroma cinereum (Cogn.) P.J.F.Guim. & Michelang.","Pleroma","Melastomataceae","brazil_sao paulo_sao jose barreiro","Brazil","São Paulo","São José do Barreiro",,"ibge",TRUE,-22.73318,-44.61657,"coord_original","miliseconds","high","Pleroma cinereum","check_local.2municip.","ok_county",,FALSE,"ok_dist","full_name_match","CAS_409233","CAS_409233|NY_1164741","4","1","CAS_409233","CAS_409233","CAS_409233","plantr_exact","High","PARQUE NACIONAL SERRA DA BOCAINA"
"Physical Object",,"http://grscicoll.org/institutional-collection/botany",,"CAS","BOT-BC",,"PRESERVED_SPECIMEN","412316","9837","Almeda, F.; Martins, A. B.; Fritsch, P. W.; Aranha Filho, J. L.M.; Bush, C.; Belinello, R.",,"2009-03-16","2009","3","16","16 March 2009","Disturbed Mata Atlântica vegetation.",,"Brazil","BR","São Paulo",,"São José do Barreiro Mun.","Road from São Jose do Barreiro (SP-221) to the entrance of Parque Nacional Serra da Bocaina between Km 24 and Km 27.",,"1493.0000000000-1509.0000000000 m","-22.73318","-44.61657",,"22.73318° S","44.61657° W",,"M. Reginato","2010-01-01",,"Leandra hirtella Cogn.","Magnoliopsida","Myrtales","Melastomataceae","Miconia","species","Cogn.","SYNONYM",,,"Miconia leahirtella R.Goldenb.",,,,"Leandra hirtella Cogn.","Miconia leahirtella",,,,,,,"GBIF","CAS",,"Almeda, F.","9837","2009","Reginato, M.","2010","Martins, A.B.; Fritsch, P.W.; Aranha Filho, J.L.M.; Bush, C.; Belinello, R.","Almeda",,"brazil","sao paulo","sao jose do barreiro","road from sao jose do barreiro, to the entrance of parque nacional serra da bocaina between km 24 and km 27","municipio sao jose do barreiro","locality","brazil_sao paulo_sao jose barreiro","brazil_sao paulo_sao jose barreiro",-22.74888367,-44.58687717,"county",259149,"Leandra debilis","(Naudin) Cogn.","name_w_authors","Melastomataceae","Leandra debilis","(Naudin) Cogn.","species","replaced synonym","bfo-9526","Leandra debilis","(Naudin) Cogn.","Leandra debilis (Naudin) Cogn.","Leandra","Melastomataceae","brazil_sao paulo_sao jose barreiro","Brazil","São Paulo","São José do Barreiro",,"ibge",TRUE,-22.73318,-44.61657,"coord_original","miliseconds","high","Leandra debilis","check_local.2municip.","ok_county",,FALSE,"ok_dist","full_name_match","CAS_412316","CAS_412316|NY_2098955|UEC_169474","4","1","CAS_412316","NY_2098955","NY_2098955","plantr_exact","High","PARQUE NACIONAL SERRA DA BOCAINA"
"Physical Object",,"http://grscicoll.org/institutional-collection/botany",,"CAS","BOT-BC",,"PRESERVED_SPECIMEN","410699","9840","Almeda, F.; Martins, A. B.; Fritsch, P. W.; Aranha Filho, J. L.M.; Bush, C.; Belinello, R.",,"2009-03-16","2009","3","16","16 March 2009","Disturbed Mata Atlântica vegetation.",,"Brazil","BR","São Paulo",,,"Municipio São Jose do Barreiro. Road from São Jose do Barreiro (SP-221) to the entrance of Parque Nacional Serra da Bocaina between Km 24 and Km 27.",,"1493.0000000000-1509.0000000000 m","-22.73318","-44.61657",,"22.73318° S","44.61657° W",,"M. Reginato","2010-01-01",,"Leandra cordigera (Triana) Cogn.","Magnoliopsida","Myrtales","Melastomataceae","Miconia","species","(Triana) Cogn.","SYNONYM",,,"Miconia cordigera (Triana) R.Goldenb.",,,,"Leandra cordigera (Triana) Cogn.","Miconia cordigera",,,,,,,"GBIF","CAS",,"Almeda, F.","9840","2009","Reginato, M.","2010","Martins, A.B.; Fritsch, P.W.; Aranha Filho, J.L.M.; Bush, C.; Belinello, R.","Almeda",,"brazil","sao paulo","sao jose do barreiro","road from sao jose do barreiro, to the entrance of parque nacional serra da bocaina between km 24 and km 27","municipio sao jose do barreiro","locality","brazil_sao paulo_sao jose barreiro","brazil_sao paulo_sao jose barreiro",-22.74888367,-44.58687717,"county",259145,"Leandra cordigera","(Triana) Cogn.","name_w_authors","Melastomataceae","Leandra cordigera","(Triana) Cogn.","species","name accepted","bfo-9523",,,"Leandra cordigera (Triana) Cogn.","Leandra","Melastomataceae","brazil_sao paulo_sao jose barreiro","Brazil","São Paulo","São José do Barreiro",,"ibge",TRUE,-22.73318,-44.61657,"coord_original","miliseconds","high","Leandra cordigera","check_local.2municip.","ok_county",,FALSE,"ok_dist","full_name_match","CAS_410699","CAS_410699|NY_2098960|UEC_169443","4","1","CAS_410699","CAS_410699","CAS_410699","plantr_exact","High","PARQUE NACIONAL SERRA DA BOCAINA"
"Physical Object",,"http://grscicoll.org/institutional-collection/botany",,"CAS","BOT-BC",,"PRESERVED_SPECIMEN","410700","9839","Almeda, F.; Martins, A. B.; Fritsch, P. W.; Aranha Filho, J. L.M.; Bush, C.; Belinello, R.",,"2009-03-16","2009","3","16","16 March 2009","Disturbed Mata Atlântica vegetation.",,"Brazil","BR","São Paulo",,,"Municipio São Jose do Barreiro. Road from São Jose do Barreiro (SP-221) to the entrance of Parque Nacional Serra da Bocaina between Km 24 and Km 27.",,"1493.0000000000-1509.0000000000 m","-22.73318","-44.61657",,"22.73318° S","44.61657° W",,"M. Reginato","2010-01-01",,"Leandra calvescens (O.Berg ex Triana) Cogn.","Magnoliopsida","Myrtales","Melastomataceae","Miconia","species","(O. Berg ex Triana) Cogn.","SYNONYM",,,"Miconia leacalvescens R.Goldenb.",,,,"Leandra calvescens (O. Berg ex Triana) Cogn.","Miconia leacalvescens",,,,,,,"GBIF","CAS",,"Almeda, F.","9839","2009","Reginato, M.","2010","Martins, A.B.; Fritsch, P.W.; Aranha Filho, J.L.M.; Bush, C.; Belinello, R.","Almeda",,"brazil","sao paulo","sao jose do barreiro","road from sao jose do barreiro, to the entrance of parque nacional serra da bocaina between km 24 and km 27","municipio sao jose do barreiro","locality","brazil_sao paulo_sao jose barreiro","brazil_sao paulo_sao jose barreiro",-22.74888367,-44.58687717,"county",259144,"Leandra calvescens","(Triana) Cogn.","name_w_authors","Melastomataceae","Leandra calvescens","(Triana) Cogn.","species","author misspelled","bfo-9514",,,"Leandra calvescens (Triana) Cogn.","Leandra","Melastomataceae","brazil_sao paulo_sao jose barreiro","Brazil","São Paulo","São José do Barreiro",,"ibge",TRUE,-22.73318,-44.61657,"coord_original","miliseconds","high","Leandra calvescens","check_local.2municip.","ok_county",,FALSE,"ok_dist","full_name_match","CAS_410700","CAS_410700|NY_2098967|UEC_169442","4","1","CAS_410700","CAS_410700","CAS_410700","plantr_exact","High","PARQUE NACIONAL SERRA DA BOCAINA"
,,"https://specieslink.net/col/2",,"UNICAMP","UEC",,"PRESERVED_SPECIMEN","170670","9842","Almeda, F; Martins, AB; Fritsch, PW; Aranha, JLM; Bush, C; Belinello, R",,"2009-03-16","2009","3","16",,,,"Brazil","BR","São Paulo",,,"Municipio São Jose do Barreiro. Road from São Jose do Barreiro (SP-221) to the entrance of Parque Nacional Serra da Bocaina between Km 24 and Km 27.",,,"-22.733056","-44.616389",,,,,"Pacifico, RB","2015-04-01",,"Trembleya phlogiformis DC.","Magnoliopsida","Myrtales","Melastomataceae","Microlicia","species","A.DC.","SYNONYM",,,"Microlicia phlogiformis (DC.) Versiane & R.Romero",,,,"Trembleya phlogiformis","Microlicia phlogiformis",,,"https://images.cria.org.br/viewer/UEC010001",,,,"GBIF","UEC",,"Almeda, F.","9842","2009","Almeda, F.","2009","Martins, A.B.; Fritsch, P.W.; Aranha, J.L.M.; Bush, C.; Belinello, R.","Almeda",,"brazil","sao paulo","sao jose do barreiro","road from sao jose do barreiro, to the entrance of parque nacional serra da bocaina between km 24 and km 27","road from sao jose do barreiro","locality","brazil_sao paulo_sao jose barreiro","brazil_sao paulo_sao jose barreiro",-22.74888367,-44.58687717,"county",112520,"Trembleya phlogiformis","Mart. & Schrank ex DC.","name_w_authors","Melastomataceae","Trembleya phlogiformis","Mart. & Schrank ex DC.","species","author misspelled","bfo-9985",,,"Trembleya phlogiformis Mart. & Schrank ex DC.","Trembleya","Melastomataceae","brazil_sao paulo_sao jose barreiro","Brazil","São Paulo","São José do Barreiro",,"ibge",TRUE,-22.73318,-44.61657,"coord_original","miliseconds","high","Trembleya phlogiformis","check_local.2municip.","ok_county",,FALSE,"ok_dist","full_name_match","UEC_170670","CAS_409226|UEC_170670","4","1","CAS_409226","CAS_409226","CAS_409226","plantr_exact","High","PARQUE NACIONAL SERRA DA BOCAINA"
,,"https://specieslink.net/col/45",,"UFPR","UPCB",,"PRESERVED_SPECIMEN","61125","4319","Labiak, P.H. et al.",,"2008-01-07","2008","1","7",,,,"Brasil","BR","São Paulo",,"Silveiras","Estrada do parque Nacional da Serra da Bocaina para Canpos Novos.",,,,,,,,,"Lima, L.V.","2017-02-01",,"Sticherus lanuginosus (Fée) Nakai","Polypodiopsida","Gleicheniales","Gleicheniaceae","Sticherus","species","(Fée) Nakai","ACCEPTED",,,"Sticherus lanuginosus (Fée) Nakai",,,,"Sticherus lanuginosus","Sticherus lanuginosus",,,"https://images.cria.org.br/viewer/UPCB0005088",,,,"GBIF","UPCB",,"Labiak, P.H.","4319","2008","Lima, L.V.",,,"Labiak",,"brazil","sao paulo","silveiras","estrada do parque nacional da serra da bocaina para canpos novos",,"locality","brazil_sao paulo_silveiras","brazil_sao paulo_silveiras",-22.73445083,-44.8407973,"county",39701,"Sticherus lanuginosus","(Fée) Nakai","name_w_authors","Gleicheniaceae","Sticherus lanuginosus","(Fée) Nakai","species","name accepted","bfo-115637",,,"Sticherus lanuginosus (Fée) Nakai","Sticherus","Gleicheniaceae","brazil_sao paulo_silveiras","Brazil","São Paulo","Silveiras",,"ibge",TRUE,-22.66,-44.849998,"coord_original","miliseconds","high","Sticherus lanuginosus","check_local.2municip.","ok_county",,FALSE,"ok_dist","full_name_match","UPCB_61125","MBM_339497|UPCB_5088|UPCB_61125","4","1","UPCB_5088","MBM_339497","MBM_339497","plantr_exact","High","PARQUE NACIONAL SERRA DA BOCAINA"
,,"https://specieslink.net/col/45",,"UFPR","UPCB",,"PRESERVED_SPECIMEN","59232","4267","Labiak, P.H.",,"2008-01-05","2008","1","5",,,,"Brasil","BR","São Paulo",,"São José do Barreiro","Parque Nacional da Serra da Bocaina.",,,,,,,,,"Schwartsburd, P.B.","2008-01-01",,"Dennstaedtia globulifera (Poir.) Hieron.","Polypodiopsida","Polypodiales","Dennstaedtiaceae","Mucura","species","(Poir.) Hieron.","SYNONYM",,,"Mucura globulifera (Poir.) L.A.Triana & Sundue",,,,"Dennstaedtia globulifera","Mucura globulifera",,,"https://images.cria.org.br/viewer/UPCB0003535",,,,"GBIF","UPCB",,"Labiak, P.H.","4267","2008","Schwartsburd, P.B.",,,"Labiak",,"brazil","sao paulo","sao jose do barreiro","parque nacional da serra da bocaina",,"locality","brazil_sao paulo_sao jose barreiro_parque nacional serra bocaina","brazil_sao paulo_sao jose barreiro_parque nacional serra bocaina",-22.74484201,-44.61460885,"locality",39628,"Mucura globulifera","(Poir.) L.A. Triana & Sundue","name_w_authors","Dennstaedtiaceae","Mucura globulifera","(Poir.) L.A. Triana & Sundue","species","replaced synonym","bfo-637144","Mucura globulifera","(Poir.) L.A. Triana & Sundue","Mucura globulifera (Poir.) L.A. Triana & Sundue","Mucura","Dennstaedtiaceae","brazil_sao paulo_sao jose barreiro","Brazil","São Paulo","São José do Barreiro",,"ibge",TRUE,-22.639999,-44.57,"coord_original","miliseconds","high","Mucura globulifera","ok_same_resolution","ok_county",,FALSE,"no_cannot_check","full_name_match","UPCB_59232","UPCB_3535|UPCB_59232","4","1","UPCB_3535","UPCB_59232","UPCB_59232","plantr_exact","High","PARQUE NACIONAL SERRA DA BOCAINA"
,,"https://specieslink.net/col/45",,"UFPR","UPCB",,"PRESERVED_SPECIMEN","61104","4277","Labiak, P.H.",,"2008-01-06","2008","1","6",,,,"Brasil","BR","São Paulo",,"São José do Barreiro","Parque Nacional da Serra da Bocaina, Cachoeira São Izidro.",,,"-22.741944","-44.616667",,,,,"Schwartsburd, P.B.","2008-01-01",,"Lindsaea botrychioides A.St.-Hil.","Polypodiopsida","Polypodiales","Lindsaeaceae","Lindsaea","species","A.St.-Hil.","ACCEPTED",,,"Lindsaea botrychioides A.St.-Hil.",,,,"Lindsaea botrychioides","Lindsaea botrychioides",,,"https://images.cria.org.br/viewer/UPCB0005971",,,,"GBIF","UPCB",,"Labiak, P.H.","4277","2008","Schwartsburd, P.B.",,,"Labiak",,"brazil","sao paulo","sao jose do barreiro","parque nacional da serra da bocaina",,"locality","brazil_sao paulo_sao jose barreiro_parque nacional serra bocaina","brazil_sao paulo_sao jose barreiro_parque nacional serra bocaina",-22.74484201,-44.61460885,"locality",39691,"Lindsaea botrychioides","A.St.-Hil.","name_w_authors","Lindsaeaceae","Lindsaea botrychioides","A.St.-Hil.","species","name accepted","bfo-91289",,,"Lindsaea botrychioides A.St.-Hil.","Lindsaea","Lindsaeaceae","brazil_sao paulo_sao jose barreiro","Brazil","São Paulo","São José do Barreiro",,"ibge",TRUE,-22.7419444444444,-44.6166666666667,"coord_original","miliseconds","high","Lindsaea botrychioides","ok_same_resolution","ok_county",,FALSE,"ok_dist","full_name_match","UPCB_61104","MBM_339501|UPCB_5971|UPCB_61104","4","1","MBM_339501","UPCB_5971","UPCB_5971","plantr_exact","High","PARQUE NACIONAL SERRA DA BOCAINA"
,,"https://specieslink.net/col/45",,"UFPR","UPCB",,"PRESERVED_SPECIMEN","60562","4323","Labiak, P.H.",,"2008-01-07","2008","1","7",,,,"Brasil","BR","São Paulo",,"Silveiras","Estrada do Parque Nacional da Serra da Bocaina para Campos Novos.",,,,,,,,,"Schwartsburd, P.B.","2012-03-01",,"Hypolepis stolonifera Fée","Polypodiopsida","Polypodiales","Dennstaedtiaceae","Hypolepis","species","Fée","ACCEPTED",,,"Hypolepis stolonifera Fée",,,,"Hypolepis stolonifera","Hypolepis stolonifera",,,"https://images.cria.org.br/viewer/UPCB0003589 | https://images.cria.org.br/viewer/UPCB0003589_1",,,,"GBIF","UPCB",,"Labiak, P.H.","4323","2008","Schwartsburd, P.B.",,,"Labiak",,"brazil","sao paulo","silveiras","estrada do parque nacional da serra da bocaina para campos novos",,"locality","brazil_sao paulo_silveiras","brazil_sao paulo_silveiras",-22.73445083,-44.8407973,"county",39669,"Hypolepis stolonifera","Fée","name_w_authors","Dennstaedtiaceae","Hypolepis stolonifera","Fée","species","name accepted","bfo-101531",,,"Hypolepis stolonifera Fée","Hypolepis","Dennstaedtiaceae","brazil_sao paulo_silveiras","Brazil","São Paulo","Silveiras",,"ibge",TRUE,-22.66,-44.849998,"coord_original","miliseconds","high","Hypolepis stolonifera","check_local.2municip.","ok_county",,FALSE,"ok_dist","full_name_match","UPCB_60562","UPCB_3589|UPCB_60562","4","1","UPCB_3589","UPCB_60562","UPCB_60562","plantr_exact","High","PARQUE NACIONAL SERRA DA BOCAINA"
,,"https://specieslink.net/col/45",,"UFPR","UPCB",,"PRESERVED_SPECIMEN","59231","4325","Labiak, P.H.",,"2008-01-07","2008","1","7",,,,"Brasil","BR","São Paulo",,"Silveiras","Estrada do Parque Nacional da Serra da Bocaina para Campos Novos.",,,,,,,,,"Schwartsburd, P.B.","2008-01-01",,"Histiopteris incisa (Thunb.) J.Sm.","Polypodiopsida","Polypodiales","Dennstaedtiaceae","Histiopteris","species","(Thunb.) J.Sm.","ACCEPTED",,,"Histiopteris incisa (Thunb.) J.Sm.",,,,"Histiopteris incisa","Histiopteris incisa",,,"https://images.cria.org.br/viewer/UPCB0003545 | https://images.cria.org.br/viewer/UPCB0003545_1",,,,"GBIF","UPCB",,"Labiak, P.H.","4325","2008","Schwartsburd, P.B.",,,"Labiak",,"brazil","sao paulo","silveiras","estrada do parque nacional da serra da bocaina para campos novos",,"locality","brazil_sao paulo_silveiras","brazil_sao paulo_silveiras",-22.73445083,-44.8407973,"county",39630,"Histiopteris incisa","(Thunb.) J.Sm.","name_w_authors","Dennstaedtiaceae","Histiopteris incisa","(Thunb.) J.Sm.","species","name accepted","bfo-90927",,,"Histiopteris incisa (Thunb.) J.Sm.","Histiopteris","Dennstaedtiaceae","brazil_sao paulo_silveiras","Brazil","São Paulo","Silveiras",,"ibge",TRUE,-22.66,-44.849998,"coord_original","miliseconds","high","Histiopteris incisa","check_local.2municip.","ok_county",,FALSE,"ok_dist","full_name_match","UPCB_59231","UPCB_3545|UPCB_59231","4","1","UPCB_3545","UPCB_59231","UPCB_59231","plantr_exact","High","PARQUE NACIONAL SERRA DA BOCAINA"
,,"https://specieslink.net/col/45",,"UFPR","UPCB",,"PRESERVED_SPECIMEN","61179","4311","Labiak, P.H.",,"2008-01-06","2008","1","6",,,,"Brasil","BR","São Paulo",,"São José do Barreiro","Estrada do Parque Nacional da Serra da Bocaina, Rodovia SP 221.",,,,,,,,,,,,"Vigna Savi","Magnoliopsida","Fabales","Fabaceae","Vigna","genus",,"ACCEPTED",,,"Vigna Savi",,,,"Vigna",,,,"https://images.cria.org.br/viewer/UPCB0062398",,,,"GBIF","UPCB",,"Labiak, P.H.","4311","2008",,,,"Labiak",,"brazil","sao paulo","sao jose do barreiro","estrada do parque nacional da serra da bocaina, rodovia sp 221","estrada do parque nacional da serra da bocaina","locality","brazil_sao paulo_sao jose barreiro","brazil_sao paulo_sao jose barreiro",-22.74888367,-44.58687717,"county",1591754,"Vigna","Savi","indet","Fabaceae","Vigna","Savi","genus","name accepted","bfo-29905",,,"Vigna Savi","Vigna","Fabaceae","brazil_sao paulo_sao jose barreiro","Brazil","São Paulo","São José do Barreiro",,"ibge",TRUE,-22.639999,-44.57,"coord_original","miliseconds","high",,"check_local.2municip.","ok_county",,FALSE,"no_cannot_check","full_name_match","UPCB_61179","UPCB_61179|UPCB_62398","3","0.75",,"UPCB_61179","UPCB_61179","plantr_exact","High","PARQUE NACIONAL SERRA DA BOCAINA"
,,"https://specieslink.net/col/40",,"MBM","MBM",,"PRESERVED_SPECIMEN","339481","4348","Labiak, P; et al.",,"2008-01-07","2008","1","7",,,,"Brazil","BR","São Paulo",,"Silveiras Mun.","Estrada do Parque Nacional da Serra da Bocaina para Campos Novos.",,,,,,,,,"Goldenberg, R","2008-01-01",,"Trembleya phlogiformis DC.","Magnoliopsida","Myrtales","Melastomataceae","Microlicia","species","Mart. & Schrank ex DC.","SYNONYM",,,"Microlicia phlogiformis (DC.) Versiane & R.Romero",,,,"Trembleya phlogiformis","Microlicia phlogiformis",,"SAD69","https://images.cria.org.br/viewer/MBM339481",,,,"GBIF","MBM",,"Labiak, P.","4348","2008","Goldenberg, R.","2025",,"Labiak",,"brazil","sao paulo","silveiras","estrada do parque nacional da serra da bocaina para campos novos",,"locality","brazil_sao paulo_silveiras","brazil_sao paulo_silveiras",-22.73445083,-44.8407973,"county",176404,"Microlicia phlogiformis","(DC.) Versiane & R.Romero","name_w_wrong_case","Melastomataceae","Trembleya phlogiformis","Mart. & Schrank ex DC.","species","author misspelled",,,,"Microlicia phlogiformis (DC.) Versiane & R.Romero","Microlicia","Melastomataceae","brazil_sao paulo_silveiras","Brazil","São Paulo","Silveiras",,"ibge",TRUE,-22.6638536,-44.8499814,"coord_original","miliseconds","high","Microlicia phlogiformis","check_local.2municip.","ok_county",,FALSE,"ok_dist","full_name_match","MBM_339481","MBM_339481|NY_2332282|UPCB_23049|UPCB_60149","4","1","UPCB_23049","NY_2332282","NY_2332282","plantr_exact","High","PARQUE NACIONAL SERRA DA BOCAINA"
,,"https://specieslink.net/col/45",,"UFPR","UPCB",,"PRESERVED_SPECIMEN","61093","4336","Labiak, P.H.",,"2008-01-07","2008","1","7",,,,"Brasil","BR","São Paulo",,"Silveiras","Estrada do Parque Nacional da Serra da Bocaina para Campos Novos.",,,,,,,,,,,,"Athyrium Roth","Polypodiopsida","Polypodiales","Athyriaceae","Athyrium","genus","Roth","ACCEPTED",,,"Athyrium Roth",,,,"Athyrium",,,,"https://images.cria.org.br/viewer/UPCB0001957",,,,"GBIF","UPCB",,"Labiak, P.H.","4336","2008","Reis, A.","2025",,"Labiak",,"brazil","sao paulo","silveiras","estrada do parque nacional da serra da bocaina para campos novos",,"locality","brazil_sao paulo_silveiras","brazil_sao paulo_silveiras",-22.73445083,-44.8407973,"county",1591751,"Athyrium dombeyi","Desv.","name_w_authors","Athyriaceae","Athyrium","Roth","species","name accepted","bfo-92307",,,"Athyrium dombeyi Desv.","Athyrium","Athyriaceae","brazil_sao paulo_silveiras","Brazil","São Paulo","Silveiras",,"ibge",TRUE,-22.66,-44.849998,"coord_original","miliseconds","high","Athyrium dombeyi","check_local.2municip.","ok_county",,,"no_cannot_check","full_name_match","UPCB_61093","UPCB_1957|UPCB_61093","4","1","UPCB_1957","UPCB_61093","UPCB_61093","plantr_exact","High","PARQUE NACIONAL SERRA DA BOCAINA"
,,"https://specieslink.net/col/45",,"UFPR","UPCB",,"PRESERVED_SPECIMEN","61114","4315","Labiak, P.H.",,"2008-01-06","2008","1","6",,,,"Brasil","BR","São Paulo",,"São José do Barreiro","Estrada para o Parque Nacional da Serra da Bocaina, Rod. SP 221.",,,,,,,,,"Mynssen, C.","2018-10-22",,"Diplazium ambiguum Raddi","Polypodiopsida","Polypodiales","Athyriaceae","Diplazium","species","Raddi","ACCEPTED",,,"Diplazium ambiguum Raddi",,,,"Diplazium ambiguum","Diplazium ambiguum",,,"https://images.cria.org.br/viewer/UPCB0002901 | https://images.cria.org.br/viewer/UPCB0002901_1",,,,"GBIF","UPCB",,"Labiak, P.H.","4315","2008","Mynssen, C.","2018",,"Labiak",,"brazil","sao paulo","sao jose do barreiro","estrada para o parque nacional da serra da bocaina",,"locality","brazil_sao paulo_sao jose barreiro","brazil_sao paulo_sao jose barreiro",-22.74888367,-44.58687717,"county",39676,"Diplazium ambiguum","Raddi","conferre","Athyriaceae","Diplazium ambiguum","Raddi","species","name accepted","bfo-92311",,,"Diplazium ambiguum Raddi","Diplazium","Athyriaceae","brazil_sao paulo_sao jose barreiro","Brazil","São Paulo","São José do Barreiro",,"ibge",TRUE,-22.639999,-44.57,"coord_original","miliseconds","high","Diplazium ambiguum","check_local.2municip.","ok_county",,FALSE,"ok_dist","full_name_match","UPCB_61114","MBM_339519|RB_639868|UPCB_2901|UPCB_61114","4","1","UPCB_2901","UPCB_61114","UPCB_61114","plantr_exact","High","PARQUE NACIONAL SERRA DA BOCAINA"
,,"https://specieslink.net/col/45",,"UFPR","UPCB",,"PRESERVED_SPECIMEN","61092","4334","Labiak, P.H.",,"2008-01-07","2008","1","7",,,,"Brasil","BR","São Paulo",,"Silveiras","Estrada do Parque Nacional da Serra da Bocaina para Campos Novos.",,,,,,,,,"Matos, F.B. & Hoffmann, I.K.","2017-06-01",,"Austroblechnum organense (Brade) Gasper & V.A.O.Dittrich","Polypodiopsida","Polypodiales","Blechnaceae","Austroblechnum","species","(Brade) Gasper & V.A.O. Dittrich","ACCEPTED",,,"Austroblechnum organense (Brade) Gasper & V.A.O.Dittrich",,,,"Austroblechnum organense","Austroblechnum organense",,,"https://images.cria.org.br/viewer/UPCB0002706",,,,"GBIF","UPCB",,"Labiak, P.H.","4334","2008","Matos, F.B.","2017",,"Labiak","Hoffmann, I.K.","brazil","sao paulo","silveiras","estrada do parque nacional da serra da bocaina para campos novos",,"locality","brazil_sao paulo_silveiras","brazil_sao paulo_silveiras",-22.73445083,-44.8407973,"county",39674,"Austroblechnum organense","(Brade) Gasper & V.A.O. Dittrich","name_w_authors","Blechnaceae","Austroblechnum organense","(Brade) Gasper & V.A.O. Dittrich","species","name accepted","bfo-602579",,,"Austroblechnum organense (Brade) Gasper & V.A.O. Dittrich","Austroblechnum","Blechnaceae","brazil_sao paulo_silveiras","Brazil","São Paulo","Silveiras",,"ibge",TRUE,-22.73445083,-44.8407973,"coord_gazet","seconds_centroid","high","Austroblechnum organense","check_local.2municip.","ok_county_gazet",,FALSE,"ok_dist","full_name_match","UPCB_61092","UPCB_2706|UPCB_61092","2","0.5","UPCB_2706","UPCB_2706","UPCB_2706","plantr_exact","High","PARQUE NACIONAL SERRA DA BOCAINA"
,,"https://specieslink.net/col/45",,"UFPR","UPCB",,"PRESERVED_SPECIMEN","61112","4309","Labiak, P.H.",,"2008-01-06","2008","1","6",,,,"Brasil","BR","São Paulo",,"São José do Barreiro","Parque Nacional da Serra da Bocaina, Cachoeira São Izidro.",,,"-22.741944","-44.616667",,,,,"Matos, F. B. & Hoffmann, I.K.","2017-06-01",,"Amauropelta regnelliana (C.Chr.) Salino & T.E.Almeida","Polypodiopsida","Polypodiales","Thelypteridaceae","Amauropelta","species","(C.Chr.) Salino & T.E.Almeida","ACCEPTED",,,"Amauropelta regnelliana (C.Chr.) Salino & T.E.Almeida",,,,"Amauropelta regnelliana","Amauropelta regnelliana",,,"https://images.cria.org.br/viewer/UPCB0010443",,,,"GBIF","UPCB",,"Labiak, P.H.","4309","2008","Matos, F.B.","2017",,"Labiak","Hoffmann, I.K.","brazil","sao paulo","sao jose do barreiro","parque nacional da serra da bocaina",,"locality","brazil_sao paulo_sao jose barreiro_parque nacional serra bocaina","brazil_sao paulo_sao jose barreiro_parque nacional serra bocaina",-22.74484201,-44.61460885,"locality",39697,"Amauropelta regnelliana","(C.Chr.) Salino & T.E.Almeida","name_w_authors","Thelypteridaceae","Amauropelta regnelliana","(C.Chr.) Salino & T.E.Almeida","species","name accepted","bfo-602625",,,"Amauropelta regnelliana (C.Chr.) Salino & T.E.Almeida","Amauropelta","Thelypteridaceae","brazil_sao paulo_sao jose barreiro","Brazil","São Paulo","São José do Barreiro",,"ibge",TRUE,-22.7419444444444,-44.6166666666667,"coord_original","miliseconds","high","Amauropelta regnelliana","ok_same_resolution","ok_county",,FALSE,"ok_dist","full_name_match","UPCB_61112","UPCB_10443|UPCB_61112","3","0.75","UPCB_10443","UPCB_10443","UPCB_10443","plantr_exact","High","PARQUE NACIONAL SERRA DA BOCAINA"
,,"https://specieslink.net/col/45",,"UFPR","UPCB",,"PRESERVED_SPECIMEN","61121","4326","Labiak, P.H.",,"2008-01-07","2008","1","7",,,,"Brasil","BR","São Paulo",,"Silveiras","Estrada do Parque Nacional da Serra da Bocaina para Campos Novos.",,,,,,,,,"Matos, F.B. & Hoffmann, I.K.","2017-06-01",,"Amauropelta patula (Fée) Salino & T.E.Almeida","Polypodiopsida","Polypodiales","Thelypteridaceae","Amauropelta","species","(Fée) Salino & T.E.Almeida","ACCEPTED",,,"Amauropelta patula (Fée) Salino & T.E.Almeida",,,,"Amauropelta patula","Amauropelta patula",,,"https://images.cria.org.br/viewer/UPCB0009940",,,,"GBIF","UPCB",,"Labiak, P.H.","4326","2008","Matos, F.B.","2017",,"Labiak","Hoffmann, I.K.","brazil","sao paulo","silveiras","estrada do parque nacional da serra da bocaina para campos novos",,"locality","brazil_sao paulo_silveiras","brazil_sao paulo_silveiras",-22.73445083,-44.8407973,"county",39694,"Amauropelta patula","(Fée) Salino & T.E.Almeida","name_w_authors","Thelypteridaceae","Amauropelta patula","(Fée) Salino & T.E.Almeida","species","name accepted","bfo-602642",,,"Amauropelta patula (Fée) Salino & T.E.Almeida","Amauropelta","Thelypteridaceae","brazil_sao paulo_silveiras","Brazil","São Paulo","Silveiras",,"ibge",TRUE,-22.66,-44.849998,"coord_original","miliseconds","high","Amauropelta patula","check_local.2municip.","ok_county",,FALSE,"ok_dist","full_name_match","UPCB_61121","UPCB_61121|UPCB_9940","4","1","UPCB_9940","UPCB_61121","UPCB_61121","plantr_exact","High","PARQUE NACIONAL SERRA DA BOCAINA"
,,"https://specieslink.net/col/45",,"UFPR","UPCB",,"PRESERVED_SPECIMEN","61106","4310","Labiak, P.H.",,"2008-01-06","2008","1","6",,,,"Brasil","BR","São Paulo",,"São José do Barreiro","Parque Nacional da Serra da Bocaina, Cachoeira São Izidro.",,,"-22.741944","-44.616667",,,,,"Matos,F.B. & Hoffmann, I.K.","2017-06-01",,"Thelypteris eriosorus (Fée) Ponce","Polypodiopsida","Polypodiales","Thelypteridaceae","Amauropelta","species","(Fée) Ponce","SYNONYM",,,"Amauropelta eriosorus (Fée) Salino & T.E.Almeida",,,,"Thelypteris eriosora","Amauropelta eriosorus",,,"https://images.cria.org.br/viewer/UPCB0010027",,,,"GBIF","UPCB",,"Labiak, P.H.","4310","2008","Matos, F.B.","2017",,"Labiak","Hoffmann, I.K.","brazil","sao paulo","sao jose do barreiro","parque nacional da serra da bocaina",,"locality","brazil_sao paulo_sao jose barreiro_parque nacional serra bocaina","brazil_sao paulo_sao jose barreiro_parque nacional serra bocaina",-22.74484201,-44.61460885,"locality",39702,"Amauropelta eriosorus","(Fée) Salino & T.E.Almeida","name_w_authors","Thelypteridaceae","Amauropelta eriosorus","(Fée) Salino & T.E.Almeida","species","name misspelled|replaced synonym","bfo-602611","Amauropelta eriosorus","(Fée) Salino & T.E.Almeida","Amauropelta eriosorus (Fée) Salino & T.E.Almeida","Amauropelta","Thelypteridaceae","brazil_sao paulo_sao jose barreiro","Brazil","São Paulo","São José do Barreiro",,"ibge",TRUE,-22.7419444444444,-44.6166666666667,"coord_original","miliseconds","high","Amauropelta eriosorus","ok_same_resolution","ok_county",,FALSE,"ok_dist","full_name_match","UPCB_61106","UPCB_10027|UPCB_61106","4","1","UPCB_10027","UPCB_10027","UPCB_10027","plantr_exact","High","PARQUE NACIONAL SERRA DA BOCAINA"
,,"https://specieslink.net/col/45",,"UFPR","UPCB",,"PRESERVED_SPECIMEN","61118","4349","Labiak, P.H.; Kaehler, M.;Scwartsburd, P.B.",,"2008-01-07","2008","1","7",,,,"Brasil","BR","São Paulo",,"Silveiras","Estrada do Parque Nacional da Serra da Bocaina para Campos Novos",,,,,,,,,"Prado, J.","2016-01-01",,"Adiantum subcordatum Sw.","Polypodiopsida","Polypodiales","Pteridaceae","Adiantum","species","Sw.","ACCEPTED",,,"Adiantum subcordatum Sw.",,,,"Adiantum subcordatum","Adiantum subcordatum",,,"https://images.cria.org.br/viewer/UPCB0000242 | https://images.cria.org.br/viewer/UPCB0000242_1",,,,"GBIF","UPCB",,"Labiak, P.H.","4349","2008","Prado, J.","2016","Kaehler, M.; Scwartsburd, P.B.","Labiak",,"brazil","sao paulo","silveiras","estrada do parque nacional da serra da bocaina para campos novos",,"locality","brazil_sao paulo_silveiras","brazil_sao paulo_silveiras",-22.73445083,-44.8407973,"county",39703,"Adiantum subcordatum","Sw.","name_w_authors","Pteridaceae","Adiantum subcordatum","Sw.","species","name accepted","bfo-91857",,,"Adiantum subcordatum Sw.","Adiantum","Pteridaceae","brazil_sao paulo_silveiras","Brazil","São Paulo","Silveiras",,"ibge",TRUE,-22.66,-44.849998,"coord_original","miliseconds","high","Adiantum subcordatum","check_local.2municip.","ok_county",,FALSE,"ok_dist","full_name_match","UPCB_61118","UPCB_242|UPCB_61118","4","1","UPCB_242","UPCB_61118","UPCB_61118","plantr_exact","High","PARQUE NACIONAL SERRA DA BOCAINA"
,,"https://specieslink.net/col/45",,"UFPR","UPCB",,"PRESERVED_SPECIMEN","61180","4286","Labiak, P.H.; Kaehler, M.;Schwartsburd, P.B.",,"2008-01-06","2008","1","6",,,,"Brasil","BR","São Paulo",,"São José do Barreiro","Parque Nacional da Serra da Bocaina, Cachoeira São Izidro.",,,"-22.741944","-44.616667",,,,,"Trovó, M.L.O.","2014-09-30",,"Paepalanthus striatus Ruhland","Liliopsida","Poales","Eriocaulaceae","Paepalanthus","species","Ruhland","ACCEPTED",,,"Paepalanthus striatus Ruhland",,,,"Paepalanthus striatus","Paepalanthus striatus",,,,,,,"GBIF","UPCB",,"Labiak, P.H.","4286","2008","Trovo, M.L.O.","2014","Kaehler, M.; Schwartsburd, P.B.","Labiak",,"brazil","sao paulo","sao jose do barreiro","parque nacional da serra da bocaina",,"locality","brazil_sao paulo_sao jose barreiro_parque nacional serra bocaina","brazil_sao paulo_sao jose barreiro_parque nacional serra bocaina",-22.74484201,-44.61460885,"locality",39707,"Paepalanthus striatus","Ruhland","name_w_authors","Eriocaulaceae","Paepalanthus striatus","Ruhland","species","name accepted","bfo-7639",,,"Paepalanthus striatus Ruhland","Paepalanthus","Eriocaulaceae","brazil_sao paulo_sao jose barreiro","Brazil","São Paulo","São José do Barreiro",,"ibge",TRUE,-22.7419444444444,-44.6166666666667,"coord_original","miliseconds","high","Paepalanthus striatus","ok_same_resolution","ok_county",,FALSE,"ok_dist","full_name_match","UPCB_61180","UPCB_48998|UPCB_61180","4","1","UPCB_48998","UPCB_48998","UPCB_48998","plantr_exact","High","PARQUE NACIONAL SERRA DA BOCAINA"
,,"https://specieslink.net/col/45",,"UFPR","UPCB",,"PRESERVED_SPECIMEN","61282","4281","Labiak, P.H. et al.",,"2008-01-06","2008","1","6",,,,"Brasil","BR","São Paulo",,"São José do Barreiro","Parque Nacional da Serra da Bocaina, Cachoeira São Izidro.",,,"-22.741944","-44.616667",,,,,"Matos, F.B. & Mickel, J.T.","2014-01-01",,"Elaphoglossum glaziovii (Fée) Brade","Polypodiopsida","Polypodiales","Dryopteridaceae","Elaphoglossum","species","(Fée) Brade","ACCEPTED",,,"Elaphoglossum glaziovii (Fée) Brade",,,,"Elaphoglossum glaziovii","Elaphoglossum glaziovii",,,"https://images.cria.org.br/viewer/UPCB0024128",,,,"GBIF","UPCB",,"Labiak, P.H.","4281","2008","Matos, F.B.","2014",,"Labiak","Mickel, J.T.","brazil","sao paulo","sao jose do barreiro","parque nacional da serra da bocaina",,"locality","brazil_sao paulo_sao jose barreiro_parque nacional serra bocaina","brazil_sao paulo_sao jose barreiro_parque nacional serra bocaina",-22.74484201,-44.61460885,"locality",39732,"Elaphoglossum glaziovii","(Fée) Brade","name_w_authors","Dryopteridaceae","Elaphoglossum glaziovii","(Fée) Brade","species","name accepted","bfo-127735",,,"Elaphoglossum glaziovii (Fée) Brade","Elaphoglossum","Dryopteridaceae","brazil_sao paulo_sao jose barreiro","Brazil","São Paulo","São José do Barreiro",,"ibge",TRUE,-22.7419444444444,-44.6166666666667,"coord_original","miliseconds","high","Elaphoglossum glaziovii","ok_same_resolution","ok_county",,FALSE,"ok_dist","full_name_match","UPCB_61282","UPCB_24128|UPCB_61282","4","1","UPCB_24128","UPCB_24128","UPCB_24128","plantr_exact","High","PARQUE NACIONAL SERRA DA BOCAINA"
,,"https://specieslink.net/col/45",,"UFPR","UPCB",,"PRESERVED_SPECIMEN","61281","4280","Labiak, P.H.",,"2008-01-06","2008","1","6",,,,"Brasil","BR","São Paulo",,"São José do Barreiro","Parque Nacional da Serra da Bocaina, Cachoeira São Izidro.",,,"-22.741944","-44.616667",,,,,"Labiak, P.H.","2008-01-01",,"Elaphoglossum plumosum (Fée) T.Moore","Polypodiopsida","Polypodiales","Dryopteridaceae","Elaphoglossum","species","(Fée) T.Moore","ACCEPTED",,,"Elaphoglossum plumosum (Fée) T.Moore",,,,"Elaphoglossum plumosum","Elaphoglossum plumosum",,,"https://images.cria.org.br/viewer/UPCB0004322",,,,"GBIF","UPCB",,"Labiak, P.H.","4280","2008","Matos, F.B.","2013",,"Labiak",,"brazil","sao paulo","sao jose do barreiro","parque nacional da serra da bocaina",,"locality","brazil_sao paulo_sao jose barreiro_parque nacional serra bocaina","brazil_sao paulo_sao jose barreiro_parque nacional serra bocaina",-22.74484201,-44.61460885,"locality",39722,"Elaphoglossum langsdorffii","(Hook. & Grev.) T.Moore","name_w_authors","Dryopteridaceae","Elaphoglossum plumosum","(Fée) T.Moore","species","name accepted","bfo-91043",,,"Elaphoglossum langsdorffii (Hook. & Grev.) T.Moore","Elaphoglossum","Dryopteridaceae","brazil_sao paulo_sao jose barreiro","Brazil","São Paulo","São José do Barreiro",,"ibge",TRUE,-22.7419444444444,-44.6166666666667,"coord_original","miliseconds","high","Elaphoglossum langsdorffii","ok_same_resolution","ok_county",,FALSE,"ok_dist","full_name_match","UPCB_61281","NY_1017127|UPCB_4322|UPCB_61281","4","1","NY_1017127","UPCB_4322","UPCB_4322","plantr_exact","High","PARQUE NACIONAL SERRA DA BOCAINA"
,,"https://specieslink.net/col/45",,"UFPR","UPCB",,"PRESERVED_SPECIMEN","61116","4312","Labiak, P.H. et al.",,"2008-01-06","2008","1","6",,,,"Brazil","BR","São Paulo",,"São José do Barreiro Mun.","Estrada para o Parque Nacional da Serra da Bocaina. Rodovia SP 221.",,,,,,,,,"Mickel, J.T.","2012-01-01",,"Anemia hirsuta (L.) Sw.","Polypodiopsida","Schizaeales","Anemiaceae","Anemia","species","(L.) Sw.","ACCEPTED",,,"Anemia hirsuta (L.) Sw.",,,,"Anemia hirsuta","Anemia hirsuta",,"SAD69","https://images.cria.org.br/viewer/UPCB0012115",,,,"GBIF","UPCB",,"Labiak, P.H.","4312","2008","Mickel, J.T.","2012",,"Labiak",,"brazil","sao paulo","sao jose do barreiro","estrada para o parque nacional da serra da bocaina, rodovia sp 221",,"locality","brazil_sao paulo_sao jose barreiro","brazil_sao paulo_sao jose barreiro",-22.74888367,-44.58687717,"county",39681,"Anemia hirsuta","(L.) Sw.","name_w_authors","Anemiaceae","Anemia hirsuta","(L.) Sw.","species","name accepted","bfo-90621",,,"Anemia hirsuta (L.) Sw.","Anemia","Anemiaceae","brazil_sao paulo_sao jose barreiro","Brazil","São Paulo","São José do Barreiro",,"ibge",TRUE,-22.6438537,-44.569962,"coord_original","miliseconds","high","Anemia hirsuta","check_local.2municip.","ok_county",,FALSE,"ok_dist","full_name_match","UPCB_61116","NY_1015930|UPCB_12115|UPCB_61116","4","1","UPCB_12115","NY_1015930","NY_1015930","plantr_exact","High","PARQUE NACIONAL SERRA DA BOCAINA"
,,"https://specieslink.net/col/45",,"UFPR","UPCB",,"PRESERVED_SPECIMEN","61113","4268","Labiak, P.H.",,"2008-01-05","2008","1","5",,,,"Brasil","BR","São Paulo",,"São José do Barreiro","Parque Nacional da Serra da Bocaina.",,,,,,,,,"Labiak, P.H.","2008-01-01",,"Anemia anthriscifolia Schrad.","Polypodiopsida","Schizaeales","Anemiaceae","Anemia","species","Schrad.","SYNONYM",,,"Anemia tomentosa var. anthriscifolia (Schrad.) Mickel",,,,"Anemia anthriscifolia","Anemia tomentosa",,,"https://images.cria.org.br/viewer/UPCB0012129",,,,"GBIF","UPCB",,"Labiak, P.H.","4268","2008","Labiak, P.H.","2008",,"Labiak",,"brazil","sao paulo","sao jose do barreiro","parque nacional da serra da bocaina",,"locality","brazil_sao paulo_sao jose barreiro_parque nacional serra bocaina","brazil_sao paulo_sao jose barreiro_parque nacional serra bocaina",-22.74484201,-44.61460885,"locality",181,"Anemia tomentosa var. anthriscifolia","(Schrad.) Mickel","name_w_authors","Anemiaceae","Anemia tomentosa var. anthriscifolia","(Schrad.) Mickel","variety","replaced synonym","bfo-90659","Anemia tomentosa var. anthriscifolia","(Schrad.) Mickel","Anemia tomentosa var. anthriscifolia (Schrad.) Mickel","Anemia","Anemiaceae","brazil_sao paulo_sao jose barreiro","Brazil","São Paulo","São José do Barreiro",,"ibge",TRUE,-22.639999,-44.57,"coord_original","miliseconds","high","Anemia tomentosa","ok_same_resolution","ok_county",,FALSE,"ok_dist","full_name_match","UPCB_61113","UPCB_12129|UPCB_61113","4","1","UPCB_12129","UPCB_61113","UPCB_61113","plantr_exact","High","PARQUE NACIONAL SERRA DA BOCAINA"
,,"https://specieslink.net/col/45",,"UFPR","UPCB",,"PRESERVED_SPECIMEN","61123","4321","Labiak, P.H. et al.",,"2008-01-07","2008","1","7",,,,"Brasil","BR","São Paulo",,"Silveiras","Estrada do parque Nacional da Serra da Bocaina para Campos Novos.",,,,,,,,,"Labiak, P.H.","2008-01-01",,"Sticherus bifidus (Willd.) Ching","Polypodiopsida","Gleicheniales","Gleicheniaceae","Sticherus","species","(Willd.) Ching","ACCEPTED",,,"Sticherus bifidus (Willd.) Ching",,,,"Sticherus bifidus","Sticherus bifidus",,,"https://images.cria.org.br/viewer/UPCB0005060",,,,"GBIF","UPCB",,"Labiak, P.H.","4321","2008","Labiak, P.","2008",,"Labiak",,"brazil","sao paulo","silveiras","estrada do parque nacional da serra da bocaina para campos novos",,"locality","brazil_sao paulo_silveiras","brazil_sao paulo_silveiras",-22.73445083,-44.8407973,"county",39692,"Sticherus bifidus","(Willd.) Ching","name_w_authors","Gleicheniaceae","Sticherus bifidus","(Willd.) Ching","species","name accepted","bfo-91166",,,"Sticherus bifidus (Willd.) Ching","Sticherus","Gleicheniaceae","brazil_sao paulo_silveiras","Brazil","São Paulo","Silveiras",,"ibge",TRUE,-22.66,-44.849998,"coord_original","miliseconds","high","Sticherus bifidus","check_local.2municip.","ok_county",,FALSE,"ok_dist","full_name_match","UPCB_61123","MBM_339496|UPCB_5060|UPCB_61123","4","1","MBM_339496","MBM_339496","MBM_339496","plantr_exact","High","PARQUE NACIONAL SERRA DA BOCAINA"
,,"https://specieslink.net/col/45",,"UFPR","UPCB",,"PRESERVED_SPECIMEN","61271","4338","Labiak, P.H.",,"2008-01-07","2008","1","7",,,,"Brazil","BR","São Paulo",,"Silveiras Mun.","Estrada do Parque Nacional da Serra da Bocaina para Campos Novos.",,,,,,,,,"Labiak, P.H.","2008-01-01",,"Serpocaulon vacillans (Link) A.R.Sm.","Polypodiopsida","Polypodiales","Polypodiaceae","Serpocaulon","species","(Link) A.R.Sm.","ACCEPTED",,,"Serpocaulon vacillans (Link) A.R.Sm.",,,,"Serpocaulon vacillans","Serpocaulon vacillans",,"SAD69","https://images.cria.org.br/viewer/UPCB0008198",,,,"GBIF","UPCB",,"Labiak, P.H.","4338","2008","Labiak, P.H.","2008",,"Labiak",,"brazil","sao paulo","silveiras","estrada do parque nacional da serra da bocaina para campos novos",,"locality","brazil_sao paulo_silveiras","brazil_sao paulo_silveiras",-22.73445083,-44.8407973,"county",39719,"Serpocaulon vacillans","(Link) A.R.Sm.","name_w_authors","Polypodiaceae","Serpocaulon vacillans","(Link) A.R.Sm.","species","name accepted","bfo-91767",,,"Serpocaulon vacillans (Link) A.R.Sm.","Serpocaulon","Polypodiaceae","brazil_sao paulo_silveiras","Brazil","São Paulo","Silveiras",,"ibge",TRUE,-22.6638536,-44.8499814,"coord_original","miliseconds","high","Serpocaulon vacillans","check_local.2municip.","ok_county",,FALSE,"ok_dist","full_name_match","UPCB_61271","NY_1017136|UPCB_61271|UPCB_8198","4","1","UPCB_8198","NY_1017136","NY_1017136","plantr_exact","High","PARQUE NACIONAL SERRA DA BOCAINA"
,,"https://specieslink.net/col/45",,"UFPR","UPCB",,"PRESERVED_SPECIMEN","61120","4335","Labiak, P.H.",,"2008-01-07","2008","1","7",,,,"Brasil","BR","São Paulo",,"Silveiras","Estrada do parque Nacional da Serra da Bocaina para Campos Novos.",,,,,,,,,"Labiak, P.H.","2008-01-01",,"Selaginella muscosa Spring","Lycopodiopsida","Selaginellales","Selaginellaceae","Selaginella","species","Spring","ACCEPTED",,,"Selaginella muscosa Spring",,,,"Selaginella muscosa","Selaginella muscosa",,,"https://images.cria.org.br/viewer/UPCB0011095",,,,"GBIF","UPCB",,"Labiak, P.H.","4335","2008","Labiak, P.","2008",,"Labiak",,"brazil","sao paulo","silveiras","estrada do parque nacional da serra da bocaina para campos novos",,"locality","brazil_sao paulo_silveiras","brazil_sao paulo_silveiras",-22.73445083,-44.8407973,"county",39700,"Selaginella muscosa","Spring","name_w_authors","Selaginellaceae","Selaginella muscosa","Spring","species","name accepted","bfo-92097",,,"Selaginella muscosa Spring","Selaginella","Selaginellaceae","brazil_sao paulo_silveiras","Brazil","São Paulo","Silveiras",,"ibge",TRUE,-22.66,-44.849998,"coord_original","miliseconds","high","Selaginella muscosa","check_local.2municip.","ok_county",,FALSE,"ok_dist","full_name_match","UPCB_61120","MBM_339552|RB_530242|UPCB_11095|UPCB_61120","4","1","MBM_339552","MBM_339552","MBM_339552","plantr_exact","High","PARQUE NACIONAL SERRA DA BOCAINA"
,,"https://specieslink.net/col/45",,"UFPR","UPCB",,"PRESERVED_SPECIMEN","61127","4327","Labiak, P.H.",,"2008-01-07","2008","1","7",,,,"Brasil","BR","São Paulo",,"Silveiras","Estrada do Parque Nacional da Serra da Bocaina para Campos Novos.",,,,,,,,,"Labiak, P.H.","2008-01-01",,"Selaginella marginata (Humb. & Bonpl. ex Willd.) Spring","Lycopodiopsida","Selaginellales","Selaginellaceae","Selaginella","species","(Humb. & Bonpl. ex Willd.) Spring","ACCEPTED",,,"Selaginella marginata (Humb. & Bonpl. ex Willd.) Spring",,,,"Selaginella marginata","Selaginella marginata",,,"https://images.cria.org.br/viewer/UPCB0011217",,,,"GBIF","UPCB",,"Labiak, P.H.","4327","2008","Labiak, P.","2008",,"Labiak",,"brazil","sao paulo","silveiras","estrada do parque nacional da serra da bocaina para campos novos",,"locality","brazil_sao paulo_silveiras","brazil_sao paulo_silveiras",-22.73445083,-44.8407973,"county",39698,"Selaginella marginata","(Humb. & Bonpl. ex Willd.) Spring","name_w_authors","Selaginellaceae","Selaginella marginata","(Humb. & Bonpl. ex Willd.) Spring","species","name accepted","bfo-92092",,,"Selaginella marginata (Humb. & Bonpl. ex Willd.) Spring","Selaginella","Selaginellaceae","brazil_sao paulo_silveiras","Brazil","São Paulo","Silveiras",,"ibge",TRUE,-22.66,-44.849998,"coord_original","miliseconds","high","Selaginella marginata","check_local.2municip.","ok_county",,FALSE,"ok_dist","full_name_match","UPCB_61127","MBM_339550|UPCB_11217|UPCB_61127","3","0.75","MBM_339550","UPCB_61127","UPCB_61127","plantr_exact","High","PARQUE NACIONAL SERRA DA BOCAINA"
,,"https://specieslink.net/col/45",,"UFPR","UPCB",,"PRESERVED_SPECIMEN","61088","4343","Labiak, P.H.",,"2008-01-07","2008","1","7",,,,"Brasil","BR","São Paulo",,"Silveiras","Estrada do Parque Nacional da Serra da Bocaina para Campos Novos.",,,,,,,,,"Labiak, P.H.","2008-01-01",,"Polytaenium lineatum (Sw.) J.Sm.","Polypodiopsida","Polypodiales","Pteridaceae","Polytaenium","species","(Sw.) J.Sm.","ACCEPTED",,,"Polytaenium lineatum (Sw.) J.Sm.",,,,"Polytaenium lineatum","Polytaenium lineatum",,,"https://images.cria.org.br/viewer/UPCB0008622",,,,"GBIF","UPCB",,"Labiak, P.H.","4343","2008","Labiak, P.","2008",,"Labiak",,"brazil","sao paulo","silveiras","estrada do parque nacional da serra da bocaina para campos novos",,"locality","brazil_sao paulo_silveiras","brazil_sao paulo_silveiras",-22.73445083,-44.8407973,"county",39671,"Polytaenium lineatum","(Sw.) J.Sm.","name_w_authors","Pteridaceae","Polytaenium lineatum","(Sw.) J.Sm.","species","name accepted","bfo-91975",,,"Polytaenium lineatum (Sw.) J.Sm.","Polytaenium","Pteridaceae","brazil_sao paulo_silveiras","Brazil","São Paulo","Silveiras",,"ibge",TRUE,-22.66,-44.849998,"coord_original","miliseconds","high","Polytaenium lineatum","check_local.2municip.","ok_county",,FALSE,"ok_dist","full_name_match","UPCB_61088","MBM_339516|UPCB_61088|UPCB_8622","4","1","MBM_339516","UPCB_61088","UPCB_61088","plantr_exact","High","PARQUE NACIONAL SERRA DA BOCAINA"
,,"https://specieslink.net/col/45",,"UFPR","UPCB",,"PRESERVED_SPECIMEN","61178","4342","Labiak, P.H.",,"2008-01-07","2008","1","7",,,,"Brasil","BR","São Paulo",,"Silveiras","Estrada do Parque Nacional da Serra da Bocaina para Campos Novos.",,,,,,,,,"Guimarães, O.A.","2008-01-31",,"Podocarpus lambertii Klotzsch ex Endl.","Pinopsida","Pinales","Podocarpaceae","Podocarpus","species","Klotzsch ex Endl.","ACCEPTED",,,"Podocarpus lambertii Klotzsch ex Endl.",,,,"Podocarpus lambertii","Podocarpus lambertii",,,"https://images.cria.org.br/viewer/UPCB0022744",,,,"GBIF","UPCB",,"Labiak, P.H.","4342","2008","Guimaraes, O.A.","2008",,"Labiak",,"brazil","sao paulo","silveiras","estrada do parque nacional da serra da bocaina para campos novos",,"locality","brazil_sao paulo_silveiras","brazil_sao paulo_silveiras",-22.73445083,-44.8407973,"county",39708,"Podocarpus lambertii","Klotzsch ex Endl.","name_w_authors","Podocarpaceae","Podocarpus lambertii","Klotzsch ex Endl.","species","name accepted","bfo-20526",,,"Podocarpus lambertii Klotzsch ex Endl.","Podocarpus","Podocarpaceae","brazil_sao paulo_silveiras","Brazil","São Paulo","Silveiras",,"ibge",TRUE,-22.66,-44.849998,"coord_original","miliseconds","high","Podocarpus lambertii","check_local.2municip.","ok_county",,FALSE,"ok_dist","full_name_match","UPCB_61178","UPCB_22744|UPCB_61178","4","1","UPCB_22744","UPCB_61178","UPCB_61178","plantr_exact","High","PARQUE NACIONAL SERRA DA BOCAINA"
,,"https://specieslink.net/col/45",,"UFPR","UPCB",,"PRESERVED_SPECIMEN","61290","4293","Labiak, P.H.",,"2008-01-06","2008","1","6",,,,"Brasil","BR","São Paulo",,"São José do Barreiro","Parque Nacional da Serra da Bocaina, Cachoeira São Izidro.",,,"-22.741944","-44.616667",,,,,"Labiak, P.H.","2008-01-01",,"Pleopeltis hirsutissima (Raddi) de la Sota","Polypodiopsida","Polypodiales","Polypodiaceae","Pleopeltis","species","(Raddi) de la Sota","ACCEPTED",,,"Pleopeltis hirsutissima (Raddi) de la Sota",,,,"Pleopeltis hirsutissima","Pleopeltis hirsutissima",,,"https://images.cria.org.br/viewer/UPCB0007509",,,,"GBIF","UPCB",,"Labiak, P.H.","4293","2008","Labiak, P.","2008",,"Labiak",,"brazil","sao paulo","sao jose do barreiro","parque nacional da serra da bocaina",,"locality","brazil_sao paulo_sao jose barreiro_parque nacional serra bocaina","brazil_sao paulo_sao jose barreiro_parque nacional serra bocaina",-22.74484201,-44.61460885,"locality",39721,"Pleopeltis hirsutissima","(Raddi) de la Sota","name_w_authors","Polypodiaceae","Pleopeltis hirsutissima","(Raddi) de la Sota","species","name accepted","bfo-111500",,,"Pleopeltis hirsutissima (Raddi) de la Sota","Pleopeltis","Polypodiaceae","brazil_sao paulo_sao jose barreiro","Brazil","São Paulo","São José do Barreiro",,"ibge",TRUE,-22.7419444444444,-44.6166666666667,"coord_original","miliseconds","high","Pleopeltis hirsutissima","ok_same_resolution","ok_county",,FALSE,"ok_dist","full_name_match","UPCB_61290","MBM_339544|UPCB_61290|UPCB_7509","4","1","MBM_339544","UPCB_7509","UPCB_7509","plantr_exact","High","PARQUE NACIONAL SERRA DA BOCAINA"
,,"https://specieslink.net/col/45",,"UFPR","UPCB",,"PRESERVED_SPECIMEN","61287","4301","Labiak, P.H.",,"2008-01-06","2008","1","6",,,,"Brasil","BR","São Paulo",,"São José do Barreiro","Parque Nacional da Serra da Bocaina, Cachoeira São Izidro.",,,"-22.741944","-44.616667",,,,,"Labiak, P.H.","2008-01-01",,"Melpomene pilosissima (M.Martens & Galeotti) A.R.Sm. & R.C.Moran","Polypodiopsida","Polypodiales","Polypodiaceae","Melpomene","species","(M.Martens & Galeotti) A.R.Sm. & R.C.Moran","ACCEPTED",,,"Melpomene pilosissima (M.Martens & Galeotti) A.R.Sm. & R.C.Moran",,,,"Melpomene pilosissima","Melpomene pilosissima",,,"https://images.cria.org.br/viewer/UPCB0007179",,,,"GBIF","UPCB",,"Labiak, P.H.","4301","2008","Labiak, P.","2008",,"Labiak",,"brazil","sao paulo","sao jose do barreiro","parque nacional da serra da bocaina",,"locality","brazil_sao paulo_sao jose barreiro_parque nacional serra bocaina","brazil_sao paulo_sao jose barreiro_parque nacional serra bocaina",-22.74484201,-44.61460885,"locality",39734,"Melpomene pilosissima","(M.Martens & Galeotti) A.R.Sm. & R.C.Moran","name_w_authors","Polypodiaceae","Melpomene pilosissima","(M.Martens & Galeotti) A.R.Sm. & R.C.Moran","species","name accepted","bfo-91650",,,"Melpomene pilosissima (M.Martens & Galeotti) A.R.Sm. & R.C.Moran","Melpomene","Polypodiaceae","brazil_sao paulo_sao jose barreiro","Brazil","São Paulo","São José do Barreiro",,"ibge",TRUE,-22.7419444444444,-44.6166666666667,"coord_original","miliseconds","high","Melpomene pilosissima","ok_same_resolution","ok_county",,FALSE,"no_cannot_check","full_name_match","UPCB_61287","MBM_339538|NY_1017131|UPCB_61287|UPCB_7179","4","1","MBM_339538","UPCB_7179","UPCB_7179","plantr_exact","High","PARQUE NACIONAL SERRA DA BOCAINA"
,,"https://specieslink.net/col/45",,"UFPR","UPCB",,"PRESERVED_SPECIMEN","64784","4316","Labiak, P.H.",,"2008-01-06","2008","1","6",,,,"Brazil","BR","São Paulo",,"São José do Barreiro Mun.","Estrada para o Parque Nacional da Serra da Bocaina. Rodovia SP 221.",,,,,,,,,"Labiak, P.H.","2008-06-01",,"Megalastrum umbrinum (C.Chr.) A.R.Sm. & R.C.Moran","Polypodiopsida","Polypodiales","Dryopteridaceae","Megalastrum","species","(C.Chr.) A.R.Sm. & R.C.Moran","ACCEPTED",,,"Megalastrum umbrinum (C.Chr.) A.R.Sm. & R.C.Moran",,,,"Megalastrum umbrinum","Megalastrum umbrinum",,"SAD69","https://images.cria.org.br/viewer/UPCB0004658",,,,"GBIF","UPCB",,"Labiak, P.H.","4316","2008","Labiak, P.H.","2008",,"Labiak",,"brazil","sao paulo","sao jose do barreiro","estrada para o parque nacional da serra da bocaina, rodovia sp 221",,"locality","brazil_sao paulo_sao jose barreiro","brazil_sao paulo_sao jose barreiro",-22.74888367,-44.58687717,"county",39859,"Megalastrum umbrinum","(C.Chr.) A.R.Sm. & R.C.Moran","name_w_authors","Dryopteridaceae","Megalastrum umbrinum","(C.Chr.) A.R.Sm. & R.C.Moran","species","name accepted","bfo-91116",,,"Megalastrum umbrinum (C.Chr.) A.R.Sm. & R.C.Moran","Megalastrum","Dryopteridaceae","brazil_sao paulo_sao jose barreiro","Brazil","São Paulo","São José do Barreiro",,"ibge",TRUE,-22.6438537,-44.569962,"coord_original","miliseconds","high","Megalastrum umbrinum","check_local.2municip.","ok_county",,FALSE,"ok_dist","full_name_match","UPCB_64784","NY_1010351|NY_1010352|NY_1010353|UPCB_4658|UPCB_64784","4","1","UPCB_4658","NY_1010352","NY_1010352","plantr_exact","High","PARQUE NACIONAL SERRA DA BOCAINA"
,,"https://specieslink.net/col/45",,"UFPR","UPCB",,"PRESERVED_SPECIMEN","64783","4314","Labiak, P.H.",,"2008-01-06","2008","1","6",,,,"Brazil","BR","São Paulo",,"São José do Barreiro Mun.","Estrada para o Parque Nacional da Serra da Bocaina. Rodovia SP 221.",,,,,,,,,"Labiak, P.H.","2008-06-01",,"Megalastrum connexum (Kaulf.) A.R.Sm. & R.C.Moran","Polypodiopsida","Polypodiales","Dryopteridaceae","Megalastrum","species","(Kaulf.) A.R.Sm. & R.C.Moran","ACCEPTED",,,"Megalastrum connexum (Kaulf.) A.R.Sm. & R.C.Moran",,,,"Megalastrum connexum","Megalastrum connexum",,"SAD69","https://images.cria.org.br/viewer/UPCB0004598 | https://images.cria.org.br/viewer/UPCB0004598_1",,,,"GBIF","UPCB",,"Labiak, P.H.","4314","2008","Labiak, P.H.","2008",,"Labiak",,"brazil","sao paulo","sao jose do barreiro","estrada para o parque nacional da serra da bocaina, rodovia sp 221",,"locality","brazil_sao paulo_sao jose barreiro","brazil_sao paulo_sao jose barreiro",-22.74888367,-44.58687717,"county",39860,"Megalastrum connexum","(Kaulf.) A.R.Sm. & R.C.Moran","name_w_authors","Dryopteridaceae","Megalastrum connexum","(Kaulf.) A.R.Sm. & R.C.Moran","species","name accepted","bfo-91103",,,"Megalastrum connexum (Kaulf.) A.R.Sm. & R.C.Moran","Megalastrum","Dryopteridaceae","brazil_sao paulo_sao jose barreiro","Brazil","São Paulo","São José do Barreiro",,"ibge",TRUE,-22.6438537,-44.569962,"coord_original","miliseconds","high","Megalastrum connexum","check_local.2municip.","ok_county",,FALSE,"ok_dist","full_name_match","UPCB_64783","HUEFS_172835|NY_1010348|NY_1010349|NY_1010350|UPCB_4598|UPCB_64783","4","1","HUEFS_172835","NY_1010349","NY_1010349","plantr_exact","High","PARQUE NACIONAL SERRA DA BOCAINA"
,,"https://specieslink.net/col/45",,"UFPR","UPCB",,"PRESERVED_SPECIMEN","61101","4283","Labiak, P.H.",,"2008-01-06","2008","1","6",,,,"Brasil","BR","São Paulo",,"São José do Barreiro","Parque Nacional da Serra da Bocaina, Cachoeira São Izidro.",,,"-22.741944","-44.616667",,,,,"Labiak, P.H.","2008-01-01",,"Doryopteris paradoxa (Fée) Christ","Polypodiopsida","Polypodiales","Pteridaceae","Lytoneuron","species","(Fée) Christ","SYNONYM",,,"Lytoneuron paradoxum (Fée) Yesilyurt",,,,"Doryopteris paradoxa","Lytoneuron paradoxum",,,"https://images.cria.org.br/viewer/UPCB0008462",,,,"GBIF","UPCB",,"Labiak, P.H.","4283","2008","Labiak, P.H.","2008",,"Labiak",,"brazil","sao paulo","sao jose do barreiro","parque nacional da serra da bocaina",,"locality","brazil_sao paulo_sao jose barreiro_parque nacional serra bocaina","brazil_sao paulo_sao jose barreiro_parque nacional serra bocaina",-22.74484201,-44.61460885,"locality",39705,"Lytoneuron paradoxum","(Fée)Yesilyurt","name_w_authors","Pteridaceae","Lytoneuron paradoxum","(Fée)Yesilyurt","species","replaced synonym","bfo-606688","Lytoneuron paradoxum","(Fée)Yesilyurt","Lytoneuron paradoxum (Fée)Yesilyurt","Lytoneuron","Pteridaceae","brazil_sao paulo_sao jose barreiro","Brazil","São Paulo","São José do Barreiro",,"ibge",TRUE,-22.7419444444444,-44.6166666666667,"coord_original","miliseconds","high","Lytoneuron paradoxum","ok_same_resolution","ok_county",,,"bad_dist","full_name_match","UPCB_61101","UPCB_61101|UPCB_8462","4","1","UPCB_8462","UPCB_8462","UPCB_8462","plantr_exact","High","PARQUE NACIONAL SERRA DA BOCAINA"
,,"https://specieslink.net/col/45",,"UFPR","UPCB",,"PRESERVED_SPECIMEN","61301","4330","Labiak, P.H. et al.",,"2008-01-07","2008","1","7",,,,"Brasil","BR","São Paulo",,"Silveiras","Estrada do Parque Nacional da Serra da Bocaina para Campos Novos.",,,,,,,,,"Labiak, P.H.","2008-01-01",,"Lycopodium clavatum L.","Lycopodiopsida","Lycopodiales","Lycopodiaceae","Lycopodium","species","L.","ACCEPTED",,,"Lycopodium clavatum L.",,,,"Lycopodium clavatum","Lycopodium clavatum",,,"https://images.cria.org.br/viewer/UPCB0010663",,,,"GBIF","UPCB",,"Labiak, P.H.","4330","2008","Labiak, P.","2008",,"Labiak",,"brazil","sao paulo","silveiras","estrada do parque nacional da serra da bocaina para campos novos",,"locality","brazil_sao paulo_silveiras","brazil_sao paulo_silveiras",-22.73445083,-44.8407973,"county",39726,"Lycopodium clavatum","L.","name_w_authors","Lycopodiaceae","Lycopodium clavatum","L.","species","name accepted","bfo-91476",,,"Lycopodium clavatum L.","Lycopodium","Lycopodiaceae","brazil_sao paulo_silveiras","Brazil","São Paulo","Silveiras",,"ibge",TRUE,-22.66,-44.849998,"coord_original","miliseconds","high","Lycopodium clavatum","check_local.2municip.","ok_county",,FALSE,"ok_dist","full_name_match","UPCB_61301","MBM_339507|UPCB_10663|UPCB_61301","4","1","MBM_339507","UPCB_61301","UPCB_61301","plantr_exact","High","PARQUE NACIONAL SERRA DA BOCAINA"
,,"https://specieslink.net/col/45",,"UFPR","UPCB",,"PRESERVED_SPECIMEN","61273","4295","Labiak, P.H.",,"2008-01-06","2008","1","6",,,,"Brasil","BR","São Paulo",,"São José do Barreiro","Parque Nacional da Serra da Bocaina, Cachoeira São Izidro.",,,"-22.741944","-44.616667",,,,,"Labiak, P.H.","2008-01-01",,"Lophosoria quadripinnata (J.F.Gmel.) C.Chr.","Polypodiopsida","Cyatheales","Dicksoniaceae","Lophosoria","species","(J.F.Gmel.) C.Chr.","ACCEPTED",,,"Lophosoria quadripinnata (J.F.Gmel.) C.Chr.",,,,"Lophosoria quadripinnata","Lophosoria quadripinnata",,,"https://images.cria.org.br/viewer/UPCB0003670 | https://images.cria.org.br/viewer/UPCB0003670_1",,,,"GBIF","UPCB",,"Labiak, P.H.","4295","2008","Labiak, P.","2008",,"Labiak",,"brazil","sao paulo","sao jose do barreiro","parque nacional da serra da bocaina",,"locality","brazil_sao paulo_sao jose barreiro_parque nacional serra bocaina","brazil_sao paulo_sao jose barreiro_parque nacional serra bocaina",-22.74484201,-44.61460885,"locality",39709,"Lophosoria quadripinnata","(J.F.Gmel.) C.Chr.","name_w_authors","Dicksoniaceae","Lophosoria quadripinnata","(J.F.Gmel.) C.Chr.","species","name accepted","bfo-90949",,,"Lophosoria quadripinnata (J.F.Gmel.) C.Chr.","Lophosoria","Dicksoniaceae","brazil_sao paulo_sao jose barreiro","Brazil","São Paulo","São José do Barreiro",,"ibge",TRUE,-22.7419444444444,-44.6166666666667,"coord_original","miliseconds","high","Lophosoria quadripinnata","ok_same_resolution","ok_county",,FALSE,"ok_dist","full_name_match","UPCB_61273","MBM_339502|UPCB_3670|UPCB_61273","3","0.75","MBM_339502","UPCB_3670","UPCB_3670","plantr_exact","High","PARQUE NACIONAL SERRA DA BOCAINA"
,,"https://specieslink.net/col/45",,"UFPR","UPCB",,"PRESERVED_SPECIMEN","61285","4303","Labiak, P.H.",,"2008-01-06","2008","1","6",,,,"Brasil","BR","São Paulo",,"São José do Barreiro","Parque Nacional da Serra da Bocaina, Cachoeira São Izidro.",,,"-22.741944","-44.616667",,,,,"Labiak, P.H.","2008-01-01",,"Lellingeria apiculata (Kunze ex Klotzsch) A.R.Sm. & R.C.Moran","Polypodiopsida","Polypodiales","Polypodiaceae","Lellingeria","species","(Kunze ex Klotzsch) A.R.Sm. & R.C.Moran","ACCEPTED",,,"Lellingeria apiculata (Kunze ex Klotzsch) A.R.Sm. & R.C.Moran",,,,"Lellingeria apiculata","Lellingeria apiculata",,,"https://images.cria.org.br/viewer/UPCB0006989",,,,"GBIF","UPCB",,"Labiak, P.H.","4303","2008","Labiak, P.H.","2008",,"Labiak",,"brazil","sao paulo","sao jose do barreiro","parque nacional da serra da bocaina",,"locality","brazil_sao paulo_sao jose barreiro_parque nacional serra bocaina","brazil_sao paulo_sao jose barreiro_parque nacional serra bocaina",-22.74484201,-44.61460885,"locality",39711,"Lellingeria apiculata","(Kunze ex Klotzsch) A.R.Sm. & R.C.Moran","name_w_authors","Polypodiaceae","Lellingeria apiculata","(Kunze ex Klotzsch) A.R.Sm. & R.C.Moran","species","name accepted","bfo-91612",,,"Lellingeria apiculata (Kunze ex Klotzsch) A.R.Sm. & R.C.Moran","Lellingeria","Polypodiaceae","brazil_sao paulo_sao jose barreiro","Brazil","São Paulo","São José do Barreiro",,"ibge",TRUE,-22.7419444444444,-44.6166666666667,"coord_original","miliseconds","high","Lellingeria apiculata","ok_same_resolution","ok_county",,FALSE,"ok_dist","full_name_match","UPCB_61285","NY_1017133|UPCB_61285|UPCB_6989","4","1","UPCB_6989","UPCB_6989","UPCB_6989","plantr_exact","High","PARQUE NACIONAL SERRA DA BOCAINA"
,,"https://specieslink.net/col/45",,"UFPR","UPCB",,"PRESERVED_SPECIMEN","61276","4294","Labiak, P.H. et al.",,"2008-01-06","2008","1","6",,,,"Brasil","BR","São Paulo",,"São José do Barreiro","Parque Nacional da Serra da Bocaina, Cachoeira São Izidro. .",,,"-22.741944","-44.616667",,,,,"Labiak, P.H.","2008-01-01",,"Lastreopsis amplissima (C.Presl) Tindale","Polypodiopsida","Polypodiales","Dryopteridaceae","Lastreopsis","species","(C.Presl) Tindale","ACCEPTED",,,"Lastreopsis amplissima (C.Presl) Tindale",,,,"Lastreopsis amplissima","Lastreopsis amplissima",,,"https://images.cria.org.br/viewer/UPCB0034039",,,,"GBIF","UPCB",,"Labiak, P.H.","4294","2008","Labiak, P.","2008",,"Labiak",,"brazil","sao paulo","sao jose do barreiro","parque nacional da serra da bocaina",,"locality","brazil_sao paulo_sao jose barreiro_parque nacional serra bocaina","brazil_sao paulo_sao jose barreiro_parque nacional serra bocaina",-22.74484201,-44.61460885,"locality",39716,"Lastreopsis amplissima","(C.Presl) Tindale","name_w_authors","Dryopteridaceae","Lastreopsis amplissima","(C.Presl) Tindale","species","name accepted","bfo-91090",,,"Lastreopsis amplissima (C.Presl) Tindale","Lastreopsis","Dryopteridaceae","brazil_sao paulo_sao jose barreiro","Brazil","São Paulo","São José do Barreiro",,"ibge",TRUE,-22.7419444,-44.6166667,"coord_original","miliseconds","high","Lastreopsis amplissima","ok_same_resolution","ok_county",,FALSE,"ok_dist","full_name_match","UPCB_61276","RB_530247|UPCB_34039|UPCB_61276","4","1","RB_530247","RB_530247","RB_530247","plantr_exact","High","PARQUE NACIONAL SERRA DA BOCAINA"
,,"https://specieslink.net/col/45",,"UFPR","UPCB",,"PRESERVED_SPECIMEN","61094","4308","Labiak, P.H.",,"2008-01-06","2008","1","6",,,,"Brasil","BR","São Paulo",,"São José do Barreiro","Parque Nacional da Serra da Bocaina, Cachoeira São Izidro.",,,"-22.741944","-44.616667",,,,,"Labiak, P.H.","2008-01-01",,"Hymenophyllum pulchellum Schltdl. & Cham.","Polypodiopsida","Hymenophyllales","Hymenophyllaceae","Hymenophyllum","species","Schltdl. & Cham.","ACCEPTED",,,"Hymenophyllum pulchellum Schltdl. & Cham.",,,,"Hymenophyllum pulchellum","Hymenophyllum pulchellum",,,"https://images.cria.org.br/viewer/UPCB0005521",,,,"GBIF","UPCB",,"Labiak, P.H.","4308","2008","Labiak, P.","2008",,"Labiak",,"brazil","sao paulo","sao jose do barreiro","parque nacional da serra da bocaina",,"locality","brazil_sao paulo_sao jose barreiro_parque nacional serra bocaina","brazil_sao paulo_sao jose barreiro_parque nacional serra bocaina",-22.74484201,-44.61460885,"locality",39672,"Hymenophyllum pulchellum","Schltdl. & Cham.","name_w_authors","Hymenophyllaceae","Hymenophyllum pulchellum","Schltdl. & Cham.","species","name accepted","bfo-91215",,,"Hymenophyllum pulchellum Schltdl. & Cham.","Hymenophyllum","Hymenophyllaceae","brazil_sao paulo_sao jose barreiro","Brazil","São Paulo","São José do Barreiro",,"ibge",TRUE,-22.7419444444444,-44.6166666666667,"coord_original","miliseconds","high","Hymenophyllum pulchellum","ok_same_resolution","ok_county",,FALSE,"ok_dist","full_name_match","UPCB_61094","MBM_339499|UPCB_5521|UPCB_61094","4","1","MBM_339499","UPCB_5521","UPCB_5521","plantr_exact","High","PARQUE NACIONAL SERRA DA BOCAINA"
,,"https://specieslink.net/col/45",,"UFPR","UPCB",,"PRESERVED_SPECIMEN","61099","4307","Labiak, P.H.",,"2008-01-06","2008","1","6",,,,"Brasil","BR","São Paulo",,"São José do Barreiro","Parque Nacional da Serra da Bocaina, Cachoeira São Izidro.",,,"-22.741944","-44.616667",,,,,"Labiak, P.H.","2008-01-01",,"Hymenophyllum fragile (Hedw.) C.V.Morton","Polypodiopsida","Hymenophyllales","Hymenophyllaceae","Hymenophyllum","species","(Hedw.) C.V.Morton","ACCEPTED",,,"Hymenophyllum fragile (Hedw.) C.V.Morton",,,,"Hymenophyllum fragile","Hymenophyllum fragile",,,"https://images.cria.org.br/viewer/UPCB0005386",,,,"GBIF","UPCB",,"Labiak, P.H.","4307","2008","Labiak, P.","2008",,"Labiak",,"brazil","sao paulo","sao jose do barreiro","parque nacional da serra da bocaina",,"locality","brazil_sao paulo_sao jose barreiro_parque nacional serra bocaina","brazil_sao paulo_sao jose barreiro_parque nacional serra bocaina",-22.74484201,-44.61460885,"locality",39690,"Hymenophyllum fragile","(Hedw.) C.V.Morton","name_w_authors","Hymenophyllaceae","Hymenophyllum fragile","(Hedw.) C.V.Morton","species","name accepted","bfo-91204",,,"Hymenophyllum fragile (Hedw.) C.V.Morton","Hymenophyllum","Hymenophyllaceae","brazil_sao paulo_sao jose barreiro","Brazil","São Paulo","São José do Barreiro",,"ibge",TRUE,-22.7419444444444,-44.6166666666667,"coord_original","miliseconds","high","Hymenophyllum fragile","ok_same_resolution","ok_county",,FALSE,"ok_dist","full_name_match","UPCB_61099","MBM_339498|UPCB_5386|UPCB_61099","4","1","MBM_339498","UPCB_5386","UPCB_5386","plantr_exact","High","PARQUE NACIONAL SERRA DA BOCAINA"
,,"https://specieslink.net/col/45",,"UFPR","UPCB",,"PRESERVED_SPECIMEN","61300","4333","Labiak, P.H. et al.",,"2008-01-07","2008","1","7",,,,"Brasil","BR","São Paulo",,"Silveiras","Estrada do Parque Nacional da Serra da Bocaina para Campos Novos.",,,,,,,,,"Matos, F.B.","2016-01-01",,"Diphasiastrum thyoides (Humb. & Bonpl. ex Willd.) Holub","Lycopodiopsida","Lycopodiales","Lycopodiaceae","Diphasiastrum","species","(Willd.) Holub","ACCEPTED",,,"Diphasiastrum thyoides (Humb. & Bonpl. ex Willd.) Holub",,,,"Diphasiastrum thyoides","Diphasiastrum thyoides",,,"https://images.cria.org.br/viewer/UPCB0010824",,,,"GBIF","UPCB",,"Labiak, P.H.","4333","2008","Labiak, P.","2008",,"Labiak",,"brazil","sao paulo","silveiras","estrada do parque nacional da serra da bocaina para campos novos",,"locality","brazil_sao paulo_silveiras","brazil_sao paulo_silveiras",-22.73445083,-44.8407973,"county",39723,"Diphasiastrum thyoides","(Willd.) Holub","name_w_authors","Lycopodiaceae","Diphasiastrum thyoides","(Willd.) Holub","species","author misspelled","bfo-128547",,,"Diphasiastrum thyoides (Willd.) Holub","Diphasiastrum","Lycopodiaceae","brazil_sao paulo_silveiras","Brazil","São Paulo","Silveiras",,"ibge",TRUE,-22.66,-44.849998,"coord_original","miliseconds","high","Diphasiastrum thyoides","check_local.2municip.","ok_county",,FALSE,"ok_dist","full_name_match","UPCB_61300","MBM_339508|UPCB_10824|UPCB_61300","4","1","MBM_339508","MBM_339508","MBM_339508","plantr_exact","High","PARQUE NACIONAL SERRA DA BOCAINA"
,,"https://specieslink.net/col/45",,"UFPR","UPCB",,"PRESERVED_SPECIMEN","61284","4306","Labiak, P.H.",,"2008-01-06","2008","1","6",,,,"Brasil","BR","São Paulo",,"São José do Barreiro","Parque Nacional da Serra da Bocaina, Cachoeira São Izidro.",,,"-22.741944","-44.616667",,,,,"Labiak, P.H.","2008-01-01",,"Cochlidium punctatum (Raddi) L.E.Bishop","Polypodiopsida","Polypodiales","Polypodiaceae","Cochlidium","species","(Raddi) L.E.Bishop","ACCEPTED",,,"Cochlidium punctatum (Raddi) L.E.Bishop",,,,"Cochlidium punctatum","Cochlidium punctatum",,,"https://images.cria.org.br/viewer/UPCB0006922",,,,"GBIF","UPCB",,"Labiak, P.H.","4306","2008","Labiak, P.H.","2008",,"Labiak",,"brazil","sao paulo","sao jose do barreiro","parque nacional da serra da bocaina",,"locality","brazil_sao paulo_sao jose barreiro_parque nacional serra bocaina","brazil_sao paulo_sao jose barreiro_parque nacional serra bocaina",-22.74484201,-44.61460885,"locality",39729,"Cochlidium punctatum","(Raddi) L.E.Bishop","name_w_authors","Polypodiaceae","Cochlidium punctatum","(Raddi) L.E.Bishop","species","name accepted","bfo-91596",,,"Cochlidium punctatum (Raddi) L.E.Bishop","Cochlidium","Polypodiaceae","brazil_sao paulo_sao jose barreiro","Brazil","São Paulo","São José do Barreiro",,"ibge",TRUE,-22.7419444444444,-44.6166666666667,"coord_original","miliseconds","high","Cochlidium punctatum","ok_same_resolution","ok_county",,FALSE,"ok_dist","full_name_match","UPCB_61284","UPCB_61284|UPCB_6922","4","1","UPCB_6922","UPCB_6922","UPCB_6922","plantr_exact","High","PARQUE NACIONAL SERRA DA BOCAINA"
,,"https://specieslink.net/col/45",,"UFPR","UPCB",,"PRESERVED_SPECIMEN","61119","4328","Labiak, P.H.",,"2008-01-07","2008","1","7",,,,"Brazil","BR","São Paulo",,"Silveiras Mun.","Estrada do Parque Nacional da Serra da Bocaina para Campos Novos.",,,,,,,,,"Labiak, P.H.","2008-01-01",,"Anemia villosa Humb. & Bonpl. ex Willd.","Polypodiopsida","Schizaeales","Anemiaceae","Anemia","species","Humb. & Bonpl. ex Willd.","ACCEPTED",,,"Anemia villosa Humb. & Bonpl. ex Willd.",,,,"Anemia villosa","Anemia villosa",,"SAD69","https://images.cria.org.br/viewer/UPCB0001106",,,,"GBIF","UPCB",,"Labiak, P.H.","4328","2008","Labiak, P.H.","2008",,"Labiak",,"brazil","sao paulo","silveiras","estrada do parque nacional da serra da bocaina para campos novos",,"locality","brazil_sao paulo_silveiras","brazil_sao paulo_silveiras",-22.73445083,-44.8407973,"county",39695,"Anemia villosa","Humb. & Bonpl. ex Willd.","name_w_authors","Anemiaceae","Anemia villosa","Humb. & Bonpl. ex Willd.","species","name accepted","bfo-90668",,,"Anemia villosa Humb. & Bonpl. ex Willd.","Anemia","Anemiaceae","brazil_sao paulo_silveiras","Brazil","São Paulo","Silveiras",,"ibge",TRUE,-22.6638536,-44.8499814,"coord_original","miliseconds","high","Anemia villosa","check_local.2municip.","ok_county",,FALSE,"ok_dist","full_name_match","UPCB_61119","NY_1017135|UPCB_1106|UPCB_61119","4","1","UPCB_1106","NY_1017135","NY_1017135","plantr_exact","High","PARQUE NACIONAL SERRA DA BOCAINA"
,,"https://specieslink.net/col/45",,"UFPR","UPCB",,"PRESERVED_SPECIMEN","61108","4290","Labiak, P.H.",,"2008-01-06","2008","1","6",,,,"Brasil","BR","São Paulo",,"São José do Barreiro","Parque Nacional da Serra da Bocaina, Cachoeira São Izidro.",,,"-22.741944","-44.616667",,,,,"Labiak, P.H.","2008-01-01",,"Adiantopsis regularis (Mett.) T.Moore","Polypodiopsida","Polypodiales","Pteridaceae","Adiantopsis","species","(Mett.) T.Moore","ACCEPTED",,,"Adiantopsis regularis (Mett.) T.Moore",,,,"Adiantopsis regularis","Adiantopsis regularis",,,"https://images.cria.org.br/viewer/UPCB0000232",,,,"GBIF","UPCB",,"Labiak, P.H.","4290","2008","Labiak, P.","2008",,"Labiak",,"brazil","sao paulo","sao jose do barreiro","parque nacional da serra da bocaina",,"locality","brazil_sao paulo_sao jose barreiro_parque nacional serra bocaina","brazil_sao paulo_sao jose barreiro_parque nacional serra bocaina",-22.74484201,-44.61460885,"locality",39685,"Adiantopsis regularis","(Mett.) T.Moore","name_w_authors","Pteridaceae","Adiantopsis regularis","(Mett.) T.Moore","species","name accepted","bfo-124279",,,"Adiantopsis regularis (Mett.) T.Moore","Adiantopsis","Pteridaceae","brazil_sao paulo_sao jose barreiro","Brazil","São Paulo","São José do Barreiro",,"ibge",TRUE,-22.7419444444444,-44.6166666666667,"coord_original","miliseconds","high","Adiantopsis regularis","ok_same_resolution","ok_county",,FALSE,"ok_dist","full_name_match","UPCB_61108","MBM_339510|UPCB_232|UPCB_61108","4","1","MBM_339510","UPCB_232","UPCB_232","plantr_exact","High","PARQUE NACIONAL SERRA DA BOCAINA"
,,,,"JBRJ","RB","RB - Rio de Janeiro Botanical Garden Herbarium Collection","PRESERVED_SPECIMEN","RB00649374","1019","Mynssen, C. M.; Condack, J. P. S. & Silva, J. C.",,"2006-10-04","2006","10","4",,,,"Brasil","BR","São Paulo",,"São Paulo","São José do Barreiro, Parque Nacional da Serra da Bocaina.",,,"-22.752778","-44.619722",,"22º45´10´´","44º37´11´´W",,"Windisch","2007-02-01",,"Trichomanes anadromum Rosenst.","Polypodiopsida","Hymenophyllales","Hymenophyllaceae","Trichomanes","species","Rosenst.","ACCEPTED",,,"Trichomanes anadromum Rosenst.",,,,"Trichomanes anadromum Rosenst.","Trichomanes anadromum",,,"jbrj-public-img.s3-sa-east-1.amazonaws.com/JPG/rb/0/64/93/74/00649374.jpg",,,,"GBIF","RB",,"Mynssen, C.M.","1019","2006","Windisch","2007","Condack, J.P.S.; Silva, J.C.","Mynssen",,"brazil","sao paulo","sao paulo","parque nacional da serra da bocaina","sao jose do barreiro","locality","brazil_sao paulo_sao paulo","brazil_sao paulo_sao paulo",-23.65041685,-46.64802516,"county",251497,"Trichomanes anadromum","Rosenst.","name_w_authors","Hymenophyllaceae","Trichomanes anadromum","Rosenst.","species","name accepted","bfo-91232",,,"Trichomanes anadromum Rosenst.","Trichomanes","Hymenophyllaceae","brazil_sao paulo_sao paulo","Brazil","São Paulo","São Paulo",,"ibge",TRUE,-22.752778,-44.619722,"coord_original","seconds","high","Trichomanes anadromum","check_local.2municip.","ok_state",,FALSE,"ok_dist","full_name_match","RB_649374","RB_649374[virtual]","3","0.75","RB_649374","RB_649374","RB_649374","plantr_exact","High","PARQUE NACIONAL SERRA DA BOCAINA"
,,"https://specieslink.net/col/2",,"UNICAMP","UEC",,"PRESERVED_SPECIMEN","142100","730","Gomes, SM; Singer, RB",,"2003-11-29","2003","11","29",,,,"Brazil","BR","São Paulo",,"Ubatuba","Parque Nacional da Serra da Bocaina, Núcleo Picinguaba.",,,,,,,,,"Zappi, DC","2007-01-01",,"Hillia parasitica Jacq.","Magnoliopsida","Gentianales","Rubiaceae","Hillia","species","Jacq.","ACCEPTED",,,"Hillia parasitica Jacq.",,,,"Hillia parasitica","Hillia parasitica",,"WGS84","https://images.cria.org.br/viewer/UEC107832",,,,"GBIF","UEC",,"Gomes, S.M.","730","2003","Zappi, D.C.","2007","Singer, R.B.","Gomes",,"brazil","sao paulo","ubatuba","parque nacional da serra da bocaina",,"locality","brazil_sao paulo_ubatuba","brazil_sao paulo_ubatuba",-23.37925694,-45.02408879,"county",179494,"Hillia parasitica","Jacq.","name_w_authors","Rubiaceae","Hillia parasitica","Jacq.","species","name accepted","bfo-14062",,,"Hillia parasitica Jacq.","Hillia","Rubiaceae","brazil_sao paulo_ubatuba","Brazil","São Paulo","Ubatuba",,"ibge",TRUE,-23.37925694,-45.02408879,"coord_gazet","seconds_centroid","high","Hillia parasitica","check_local.2municip.","ok_county_gazet",,FALSE,"ok_dist","full_name_match","UEC_142100",,"0","0",,,,"plantr_exact","High","PARQUE NACIONAL SERRA DA BOCAINA"
,,,,"JBRJ","RB","RB - Rio de Janeiro Botanical Garden Herbarium Collection","PRESERVED_SPECIMEN","RB00702692","110","S. Vieira; P.L.R. Moraes",,"2002-02","2002","2",,,,,"Brasil","BR","São Paulo",,"Bananal","Parque Nacional da Serra da Bocaina. Floresta Atlântica, coletada na beira da trilha.",,,,,,,,,,,,"Stromanthe papillosa Petersen","Liliopsida","Zingiberales","Marantaceae","Stromanthe","species","Petersen","ACCEPTED",,,"Stromanthe papillosa Petersen",,,,"Stromanthe papillosa Petersen","Stromanthe papillosa",,,"jbrj-public-img.s3-sa-east-1.amazonaws.com/JPG/rb/0/70/26/92/00702692.jpg",,,,"GBIF","RB",,"Vieira, S.","110","2002",,,"Moraes, P.L.R.","Vieira",,"brazil","sao paulo","bananal","parque nacional da serra da bocaina",,"locality","brazil_sao paulo_bananal","brazil_sao paulo_bananal",-22.73353405,-44.33438939,"county",253261,"Stromanthe papillosa","Petersen","name_w_authors","Marantaceae","Stromanthe papillosa","Petersen","species","name accepted","bfo-36814",,,"Stromanthe papillosa Petersen","Stromanthe","Marantaceae","brazil_sao paulo_bananal","Brazil","São Paulo","Bananal",,"ibge",TRUE,-22.73353405,-44.33438939,"coord_gazet","seconds_centroid","high","Stromanthe papillosa","check_local.2municip.","ok_county_gazet",,FALSE,"ok_dist","full_name_match","RB_702692","ESA_116083|RB_702692|W_20160002780|W_20160002781|W_344577|W_344578","1","0.25",,"RB_702692","RB_702692","plantr_exact","High","PARQUE NACIONAL SERRA DA BOCAINA"
,,"https://specieslink.net/col/7",,"USP-IB","SPF",,"PRESERVED_SPECIMEN","157136","1413","Rivadavia, F",,"2002-10-22","2002","10","22",,,,"Brasil","BR","São Paulo",,"São José do Barreiro","Parque Nacional da Serra da Bocaina",,,,,,,,,"Rivadavia, F",,,"Drosera montana var. montana","Magnoliopsida","Caryophyllales","Droseraceae","Drosera","variety","A.St.-Hil.","ACCEPTED",,,"Drosera montana var. montana",,,,"Drosera montana montana","Drosera montana",,,"https://images.cria.org.br/viewer/SPF00157136",,,,"GBIF","SPF",,"Rivadavia, F.","1413","2002",,,,"Rivadavia",,"brazil","sao paulo","sao jose do barreiro","parque nacional da serra da bocaina",,"locality","brazil_sao paulo_sao jose barreiro_parque nacional serra bocaina","brazil_sao paulo_sao jose barreiro_parque nacional serra bocaina",-22.74484201,-44.61460885,"locality",211557,"Drosera montana","A.St.-Hil.","variety","Droseraceae","Drosera montana","A.St.-Hil.","species","replaced synonym","bfo-7426","Drosera montana","A.St.-Hil.","Drosera montana A.St.-Hil.","Drosera","Droseraceae","brazil_sao paulo_sao jose barreiro","Brazil","São Paulo","São José do Barreiro",,"ibge",TRUE,-22.639999,-44.57,"coord_original","miliseconds","high","Drosera montana","ok_same_resolution","ok_county",,FALSE,"ok_dist","full_name_match","SPF_157136","SPF_157136[virtual]","3","0.75",,"SPF_157136","SPF_157136","plantr_exact","High","PARQUE NACIONAL SERRA DA BOCAINA"
,,"https://specieslink.net/col/7",,"USP-IB","SPF",,"PRESERVED_SPECIMEN","158125","1414","Rivadavia, F",,"2002-10-22","2002","10","22",,,,"Brasil","BR","São Paulo",,"São José do Barreiro","Parque Nacional da Serra da Bocaina",,,,,,,,,"Rivadavia, F","2002-01-01",,"Utricularia tricolor A.St.-Hil.","Magnoliopsida","Lamiales","Lentibulariaceae","Utricularia","species","A.St.-Hil.","ACCEPTED",,,"Utricularia tricolor A.St.-Hil.",,,,"Utricularia tricolor","Utricularia tricolor",,,"https://images.cria.org.br/viewer/SPF00158125",,,,"GBIF","SPF",,"Rivadavia, F.","1414","2002","Rivadavia, F.","2002",,"Rivadavia",,"brazil","sao paulo","sao jose do barreiro","parque nacional da serra da bocaina",,"locality","brazil_sao paulo_sao jose barreiro_parque nacional serra bocaina","brazil_sao paulo_sao jose barreiro_parque nacional serra bocaina",-22.74484201,-44.61460885,"locality",198531,"Utricularia tricolor","A.St.-Hil.","name_w_authors","Lentibulariaceae","Utricularia tricolor","A.St.-Hil.","species","name accepted","bfo-8599",,,"Utricularia tricolor A.St.-Hil.","Utricularia","Lentibulariaceae","brazil_sao paulo_sao jose barreiro","Brazil","São Paulo","São José do Barreiro",,"ibge",TRUE,-22.639999,-44.57,"coord_original","miliseconds","high","Utricularia tricolor","ok_same_resolution","ok_county",,FALSE,"ok_dist","full_name_match","SPF_158125","SPF_158125[virtual]","4","1","SPF_158125","SPF_158125","SPF_158125","plantr_exact","High","PARQUE NACIONAL SERRA DA BOCAINA"
,,"https://specieslink.net/col/7",,"USP-IB","SPF",,"PRESERVED_SPECIMEN","158123","1415","Rivadavia, F",,"2002-10-22","2002","10","22",,,,"Brasil","BR","São Paulo",,"São José do Barreiro","Parque Nacional da Serra da Bocaina",,,,,,,,,"Rivadavia, F","2002-01-01",,"Utricularia subulata L.","Magnoliopsida","Lamiales","Lentibulariaceae","Utricularia","species","L.","ACCEPTED",,,"Utricularia subulata L.",,,,"Utricularia subulata","Utricularia subulata",,,"https://images.cria.org.br/viewer/SPF00158123",,,,"GBIF","SPF",,"Rivadavia, F.","1415","2002","Rivadavia, F.","2002",,"Rivadavia",,"brazil","sao paulo","sao jose do barreiro","parque nacional da serra da bocaina",,"locality","brazil_sao paulo_sao jose barreiro_parque nacional serra bocaina","brazil_sao paulo_sao jose barreiro_parque nacional serra bocaina",-22.74484201,-44.61460885,"locality",198534,"Utricularia subulata","L.","name_w_authors","Lentibulariaceae","Utricularia subulata","L.","species","name accepted","bfo-8598",,,"Utricularia subulata L.","Utricularia","Lentibulariaceae","brazil_sao paulo_sao jose barreiro","Brazil","São Paulo","São José do Barreiro",,"ibge",TRUE,-22.639999,-44.57,"coord_original","miliseconds","high","Utricularia subulata","ok_same_resolution","ok_county",,FALSE,"ok_dist","full_name_match","SPF_158123","SPF_158123[virtual]","4","1","SPF_158123","SPF_158123","SPF_158123","plantr_exact","High","PARQUE NACIONAL SERRA DA BOCAINA"
,,"https://specieslink.net/col/2",,"UNICAMP","UEC",,"PRESERVED_SPECIMEN","110250","808","Freitas, L; San Martin-Gajardo, I",,"2000-01-21","2000","1","21",,,,"Brasil","BR","São Paulo",,"SAO JOSE DO BARREIRO","Parque Nacional da Serra da Bocaina. Área defronte a entrada para cachoeira Sto. Izidro.",,,,,,,,,"Oliveira, RC",,,"Aristida torta (Nees) Kunth","Liliopsida","Poales","Poaceae","Aristida","species","(Nees) Kunth","ACCEPTED",,,"Aristida torta (Nees) Kunth",,,,"Aristida torta","Aristida torta",,,"https://images.cria.org.br/viewer/UEC071821",,,,"GBIF","UEC",,"Freitas, L.","808","2000","Oliveira, R.C.",,"Martin-Gajardo, I.S.","Freitas",,"brazil","sao paulo","sao jose do barreiro","parque nacional da serra da bocaina",,"locality","brazil_sao paulo_sao jose barreiro","brazil_sao paulo_sao jose barreiro_parque nacional serra bocaina",-22.74484201,-44.61460885,"locality",98206,"Aristida torta","(Nees) Kunth","name_w_authors","Poaceae","Aristida torta","(Nees) Kunth","species","name accepted","bfo-13009",,,"Aristida torta (Nees) Kunth","Aristida","Poaceae","brazil_sao paulo_sao jose barreiro","Brazil","São Paulo","São José do Barreiro",,"ibge",TRUE,-22.639999,-44.57,"coord_original","miliseconds","high","Aristida torta","ok_same_resolution","ok_county",,FALSE,"ok_dist","full_name_match","UEC_110250","CEN_35538|UEC_110250","4","1","UEC_110250","UEC_110250","CEN_35538","plantr_exact","High","PARQUE NACIONAL SERRA DA BOCAINA"
,,"https://specieslink.net/col/2",,"UNICAMP","UEC",,"PRESERVED_SPECIMEN","110260","800","Freitas, L; San Martin-Gajardo, I",,"2000-01-20","2000","1","20",,,,"Brasil","BR","São Paulo",,"SAO JOSE DO BARREIRO","Parque Nacional da Serra da Bocaina. Área a esquerda da Guarita do Ibama (atalho para Ponte Alta)",,,,,,,,,"Oliveira, RC",,,"Aristida flaccida Trin. & Rupr.","Liliopsida","Poales","Poaceae","Aristida","species","Trin. & Rupr.","ACCEPTED",,,"Aristida flaccida Trin. & Rupr.",,,,"Aristida flaccida","Aristida flaccida",,,"https://images.cria.org.br/viewer/UEC071882",,,,"GBIF","UEC",,"Freitas, L.","800","2000","Oliveira, R.C.",,"Martin-Gajardo, I.S.","Freitas",,"brazil","sao paulo","sao jose do barreiro","parque nacional da serra da bocaina",,"locality","brazil_sao paulo_sao jose barreiro","brazil_sao paulo_sao jose barreiro_parque nacional serra bocaina",-22.74484201,-44.61460885,"locality",98209,"Aristida flaccida","Trin. & Rupr.","name_w_authors","Poaceae","Aristida flaccida","Trin. & Rupr.","species","name accepted","bfo-12996",,,"Aristida flaccida Trin. & Rupr.","Aristida","Poaceae","brazil_sao paulo_sao jose barreiro","Brazil","São Paulo","São José do Barreiro",,"ibge",TRUE,-22.639999,-44.57,"coord_original","miliseconds","high","Aristida flaccida","ok_same_resolution","ok_county",,FALSE,"ok_dist","full_name_match","UEC_110260","CEN_35535|UEC_110260","3","0.75",,"UEC_110260","CEN_35535","plantr_exact","High","PARQUE NACIONAL SERRA DA BOCAINA"
,,"https://specieslink.net/col/2",,"UNICAMP","UEC",,"PRESERVED_SPECIMEN","113044","870","Freitas, L",,"2000-05-30","2000","5","30",,,,"Brasil","BR","São Paulo",,"São José do Barreiro","Parque Nacional da Serra da Bocaina, Caminho para Pico do Tira-Chapéu, ca. 1900m.",,,,,,,,,"Thomas, WW","2014-02-06",,"Rhynchospora Vahl","Liliopsida","Poales","Cyperaceae","Rhynchospora","genus","Vahl","ACCEPTED",,,"Rhynchospora Vahl",,,,"Rhynchospora",,,,"https://images.cria.org.br/viewer/UEC075611",,,,"GBIF","UEC",,"Freitas, L.","870","2000","Thomas, W.W.","2014",,"Freitas",,"brazil","sao paulo","sao jose do barreiro","parque nacional da serra da bocaina",,"locality","brazil_sao paulo_sao jose barreiro_parque nacional serra bocaina","brazil_sao paulo_sao jose barreiro_parque nacional serra bocaina",-22.74484201,-44.61460885,"locality",1599445,"Rhynchospora","Vahl","name_w_authors","Cyperaceae","Rhynchospora","Vahl","genus","name accepted","bfo-7258",,,"Rhynchospora Vahl","Rhynchospora","Cyperaceae","brazil_sao paulo_sao jose barreiro","Brazil","São Paulo","São José do Barreiro",,"ibge",TRUE,-22.639999,-44.57,"coord_original","miliseconds","high",,"ok_same_resolution","ok_county",,FALSE,"no_cannot_check","full_name_match","UEC_113044","UEC_113044[virtual]","1","0.25","UEC_113044","UEC_113044","UEC_113044","plantr_exact","High","PARQUE NACIONAL SERRA DA BOCAINA"
,,"https://specieslink.net/col/2",,"UNICAMP","UEC",,"PRESERVED_SPECIMEN","109458","761","Freitas, L",,"1999-11-17","1999","11","17",,,,"Brasil","BR","São Paulo",,"São José do Barreiro","Parque Nacional da Serra da Bocaina, Lado esquerdo da guarita do IBAMA.",,,,,,,,,"Oliveira, RC",,,"Paspalum lineare Trin.","Liliopsida","Poales","Poaceae","Paspalum","species","Trin.","ACCEPTED",,,"Paspalum lineare Trin.",,,,"Paspalum lineare","Paspalum lineare",,,"https://images.cria.org.br/viewer/UEC088582",,,,"GBIF","UEC",,"Freitas, L.","761","1999","Oliveira, R.C.",,,"Freitas",,"brazil","sao paulo","sao jose do barreiro","parque nacional da serra da bocaina",,"locality","brazil_sao paulo_sao jose barreiro","brazil_sao paulo_sao jose barreiro_parque nacional serra bocaina",-22.74484201,-44.61460885,"locality",98000,"Paspalum lineare","Trin.","name_w_authors","Poaceae","Paspalum lineare","Trin.","species","name accepted","bfo-13480",,,"Paspalum lineare Trin.","Paspalum","Poaceae","brazil_sao paulo_sao jose barreiro","Brazil","São Paulo","São José do Barreiro",,"ibge",TRUE,-22.639999,-44.57,"coord_original","miliseconds","high","Paspalum lineare","ok_same_resolution","ok_county",,FALSE,"ok_dist","full_name_match","UEC_109458","CEN_35531|SP_454434|UEC_109458","4","1","UEC_109458","UEC_109458","SP_454434","plantr_exact","High","PARQUE NACIONAL SERRA DA BOCAINA"
,,"https://specieslink.net/col/2",,"UNICAMP","UEC",,"PRESERVED_SPECIMEN","108773","625","Freitas, L",,"1999-03-18","1999","3","18",,,,"Brasil","BR",,,"São José do Barreiro","Divisa entre Fazenda Flora Mariana e o Parque Nacional da Serra da Bocaina.",,,,,,,,,"Harley, RM","2000-07-01",,"Peltodon radicans Pohl","Magnoliopsida","Lamiales","Lamiaceae","Hyptis","species","Pohl","SYNONYM",,,"Hyptis radicans (Pohl) Harley & J.F.B.Pastore",,,,"Peltodon radicans","Hyptis radicans",,,"https://images.cria.org.br/viewer/UEC059600",,,,"GBIF","UEC",,"Freitas, L.","625","1999","Determinador, S.",,,"Freitas",,"brazil",,"sao jose do barreiro","divisa entre fazenda flora mariana e o parque nacional da serra da bocaina",,"locality","brazil_sao paulo_sao jose barreiro","brazil_sao paulo_sao jose barreiro",-22.74888367,-44.58687717,"county",97811,"Hyptis radicans","(Pohl) Harley & J.F.B.Pastore","name_w_authors","Lamiaceae","Hyptis radicans","(Pohl) Harley & J.F.B.Pastore","species","replaced synonym","bfo-133004","Hyptis radicans","(Pohl) Harley & J.F.B.Pastore","Hyptis radicans (Pohl) Harley & J.F.B.Pastore","Hyptis","Lamiaceae","brazil_sao paulo_sao jose barreiro","Brazil","São Paulo","São José do Barreiro",,"ibge",TRUE,-22.639999,-44.57,"coord_original","miliseconds","high","Hyptis radicans","ok_country2municip.","ok_county",,FALSE,"ok_dist","full_name_match","UEC_108773","K_1232117|UEC_108773","4","1","K_1232117","K_1232117","K_1232117","plantr_exact","High","PARQUE NACIONAL SERRA DA BOCAINA"
,,"https://specieslink.net/col/2",,"UNICAMP","UEC",,"PRESERVED_SPECIMEN","109440","762","Freitas, L",,"1999-11-18","1999","11","18",,,,"Brasil","BR","São Paulo",,"São José do Barreiro","Parque Nacional da Serra da Bocaina, em frente à cachoeira Santo Izidro.",,,,,,,,,"Chukr, NS","2000-06-01",,"Sisyrinchium micranthum Cav.","Liliopsida","Asparagales","Iridaceae","Sisyrinchium","species","Cav.","ACCEPTED",,,"Sisyrinchium micranthum Cav.",,,,"Sisyrinchium micranthum","Sisyrinchium micranthum",,,"https://images.cria.org.br/viewer/UEC056072",,,,"GBIF","UEC",,"Freitas, L.","762","1999","Chukr, N.S.","2000",,"Freitas",,"brazil","sao paulo","sao jose do barreiro","parque nacional da serra da bocaina",,"locality","brazil_sao paulo_sao jose barreiro","brazil_sao paulo_sao jose barreiro_parque nacional serra bocaina",-22.74484201,-44.61460885,"locality",98004,"Sisyrinchium micranthum","Cav.","name_w_authors","Iridaceae","Sisyrinchium micranthum","Cav.","species","name accepted","bfo-8071",,,"Sisyrinchium micranthum Cav.","Sisyrinchium","Iridaceae","brazil_sao paulo_sao jose barreiro","Brazil","São Paulo","São José do Barreiro",,"ibge",TRUE,-22.639999,-44.57,"coord_original","miliseconds","high","Sisyrinchium micranthum","ok_same_resolution","ok_county",,FALSE,"ok_dist","full_name_match","UEC_109440","PMSP_14751|SP_488116|SPF_227387|UEC_109440","4","1","PMSP_14751","SPF_227387","PMSP_14751","plantr_exact","High","PARQUE NACIONAL SERRA DA BOCAINA"
,,"https://specieslink.net/col/2",,"UNICAMP","UEC",,"PRESERVED_SPECIMEN","104668","561","Freitas, L; Ramos, RM",,"1999-01-26","1999","1","26",,,,"Brasil","BR","São Paulo",,"São José do Barreiro","Parque Nacional da Serra da Bocaina",,,,,,,,,"Franco, IM","2013-04-01",,"Richterago radiata (Vell.) Roque","Magnoliopsida","Asterales","Asteraceae","Richterago","species","(Vell.) Roque","ACCEPTED",,,"Richterago radiata (Vell.) Roque",,,,"Richterago radiata","Richterago radiata",,,"https://images.cria.org.br/viewer/UEC130807",,,,"GBIF","UEC",,"Freitas, L.","561","1999","Roque, N.","1999","Ramos, R.M.","Freitas",,"brazil","sao paulo","sao jose do barreiro","parque nacional da serra da bocaina",,"municipality","brazil_sao paulo_sao jose barreiro","brazil_sao paulo_sao jose barreiro_parque nacional serra bocaina",-22.74484201,-44.61460885,"locality",230875,"Richterago radiata","(Vell.) Roque","name_w_authors","Asteraceae","Richterago radiata","(Vell.) Roque","species","name accepted","bfo-25260",,,"Richterago radiata (Vell.) Roque","Richterago","Asteraceae","brazil_sao paulo_sao jose barreiro","Brazil","São Paulo","São José do Barreiro",,"ibge",TRUE,-22.639999,-44.57,"coord_original","miliseconds","high","Richterago radiata","ok_same_resolution","ok_county",,FALSE,"ok_dist","full_name_match","UEC_104668","SPF_135629|UEC_104668","4","1","SPF_135629","SPF_135629","SPF_135629","plantr_exact","High","PARQUE NACIONAL SERRA DA BOCAINA"
,,"https://specieslink.net/col/1",,"IPA/SP","SP",,"PRESERVED_SPECIMEN","335721","598","Freitas, L",,"1999-03-13","1999","3","13",,,,"Brasil","BR","São Paulo",,"São José do Barreiro","Parque Nacional da Serra da Bocaina, Rodovia SP-221, km 12.",,,,,,,,,"Wanderley, MGL","1999-07-28",,"Pitcairnia flammea Lindl.","Liliopsida","Poales","Bromeliaceae","Pitcairnia","species","Lindl.","ACCEPTED",,,"Pitcairnia flammea Lindl.",,,,"Pitcairnia flammea","Pitcairnia flammea",,,"https://images.cria.org.br/viewer/SP052532",,,,"GBIF","SP","code partially found","Freitas, L.","598","1999","Wanderley, M.G.L.","1999",,"Freitas",,"brazil","sao paulo","sao jose do barreiro","parque nacional da serra da bocaina, rodovia sp-221","parque nacional da serra da bocaina","locality","brazil_sao paulo_sao jose barreiro","brazil_sao paulo_sao jose barreiro",-22.74888367,-44.58687717,"county",405723,"Pitcairnia flammea","Lindl.","name_w_authors","Bromeliaceae","Pitcairnia flammea","Lindl.","species","name accepted","bfo-6316",,,"Pitcairnia flammea Lindl.","Pitcairnia","Bromeliaceae","brazil_sao paulo_sao jose barreiro","Brazil","São Paulo","São José do Barreiro",,"ibge",TRUE,-22.639999,-44.57,"coord_original","miliseconds","high","Pitcairnia flammea","check_local.2municip.","ok_county",,FALSE,"ok_dist","full_name_match","SP_335721","SP_335721[virtual]","1","0.25","SP_335721","SP_335721","SP_335721","plantr_exact","High","PARQUE NACIONAL SERRA DA BOCAINA"
,,"https://specieslink.net/col/1",,"IPA/SP","SP",,"PRESERVED_SPECIMEN","334536","622","Freitas, L",,"1998-03-18","1998","3","18",,,,"Brasil","BR","São Paulo",,"São José do Barreiro","Parque Nacional da Serra da Bocaina, divisa entre Fazenda Flora Mariana e o Parque",,,,,,,,,"Cordeiro, I",,,"Zygostigma australe Griseb.","Magnoliopsida","Gentianales","Gentianaceae","Zygostigma","species","(Cham. & Schltdl.) Griseb.","ACCEPTED",,,"Zygostigma australe Griseb.",,,,"Zygostigma australe","Zygostigma australe",,"WGS84",,,,,"GBIF","SP","code partially found","Freitas, L.","622","1998","Cordeiro, I.",,,"Freitas",,"brazil","sao paulo","sao jose do barreiro","parque nacional da serra da bocaina, divisa entre fazenda flora mariana e o parque","parque nacional da serra da bocaina","locality","brazil_sao paulo_sao jose barreiro","brazil_sao paulo_sao jose barreiro",-22.74888367,-44.58687717,"county",460845,"Zygostigma australe","(Cham. & Schltdl.) Griseb.","possibly_ok","Gentianaceae","Zygostigma australe","(Cham. & Schltdl.) Griseb.","species","name accepted","bfo-7799",,,"Zygostigma australe (Cham. & Schltdl.) Griseb.","Zygostigma","Gentianaceae","brazil_sao paulo_sao jose barreiro","Brazil","São Paulo","São José do Barreiro",,"ibge",TRUE,-22.74888367,-44.58687717,"coord_gazet","seconds_centroid","high","Zygostigma australe","check_local.2municip.","ok_county_gazet",,FALSE,"ok_dist","full_name_match","SP_334536",,"0","0",,,,"plantr_exact","High","PARQUE NACIONAL SERRA DA BOCAINA"
,,"https://specieslink.net/col/1",,"IPA/SP","SP",,"PRESERVED_SPECIMEN","489825","145","Freitas, L; Sazima, M",,"1998-01-23","1998","1","23",,,,"Brasil","BR","São Paulo",,"São José do Barreiro","Parque Nacional da Serra da Bocaina",,,,,,,,,"Esteves, GL",,,"Pavonia schrankii Spreng.","Magnoliopsida","Malvales","Malvaceae","Pavonia","species","Spreng.","ACCEPTED",,,"Pavonia schrankii Spreng.",,,,"Pavonia schrankii","Pavonia schrankii",,,,,,,"GBIF","SP","code partially found","Freitas, L.","145","1998",,,"Sazima, M.","Freitas",,"brazil","sao paulo","sao jose do barreiro","parque nacional da serra da bocaina",,"locality","brazil_sao paulo_sao jose barreiro_parque nacional serra bocaina","brazil_sao paulo_sao jose barreiro_parque nacional serra bocaina",-22.74484201,-44.61460885,"locality",567990,"Pavonia schrankii","Sprengel","name_w_authors","Malvaceae","Pavonia schrankii","Sprengel","species","author misspelled","bfo-9171",,,"Pavonia schrankii Sprengel","Pavonia","Malvaceae","brazil_sao paulo_sao jose barreiro","Brazil","São Paulo","São José do Barreiro",,"ibge",TRUE,-22.639999,-44.57,"coord_original","miliseconds","high","Pavonia schrankii","ok_same_resolution","ok_county",,FALSE,"ok_dist","full_name_match","SP_489825","SP_489825[virtual]","1","0.25",,"SP_489825","SP_489825","plantr_exact","High","PARQUE NACIONAL SERRA DA BOCAINA"
,,"https://specieslink.net/col/1",,"IPA/SP","SP",,"PRESERVED_SPECIMEN","334534","349","Freitas, L; Gajardo, ISM",,"1998-03-17","1998","3","17",,,,"Brasil","BR","São Paulo",,"São José do Barreiro","Parque Nacional da Serra da Bocaina",,,,,,,,,"Cordeiro, I",,,"Deianira nervosa Cham. & Schltdl.","Magnoliopsida","Gentianales","Gentianaceae","Deianira","species","Cham. & Schltdl.","ACCEPTED",,,"Deianira nervosa Cham. & Schltdl.",,,,"Deianira nervosa","Deianira nervosa",,"WGS84",,,,,"GBIF","SP","code partially found","Freitas, L.","349","1998","Cordeiro, I.",,"Gajardo, I.S.M.","Freitas",,"brazil","sao paulo","sao jose do barreiro","parque nacional da serra da bocaina",,"locality","brazil_sao paulo_sao jose barreiro_parque nacional serra bocaina","brazil_sao paulo_sao jose barreiro_parque nacional serra bocaina",-22.74484201,-44.61460885,"locality",460684,"Deianira nervosa","Cham. & Schltdl.","name_w_authors","Gentianaceae","Deianira nervosa","Cham. & Schltdl.","species","name accepted","bfo-7765",,,"Deianira nervosa Cham. & Schltdl.","Deianira","Gentianaceae","brazil_sao paulo_sao jose barreiro","Brazil","São Paulo","São José do Barreiro",,"ibge",TRUE,-22.74484201,-44.61460885,"coord_gazet","seconds","high","Deianira nervosa","ok_same_resolution","ok_locality_gazet",,FALSE,"ok_dist","full_name_match","SP_334534",,"0","0",,,,"plantr_exact","High","PARQUE NACIONAL SERRA DA BOCAINA"
,,"https://specieslink.net/col/1",,"IPA/SP","SP",,"PRESERVED_SPECIMEN","334535","96","Freitas, L; Sazima, M",,"1998-01-01","1998","1","1",,,,"Brasil","BR","São Paulo",,"São José do Barreiro","Parque Nacional da Serra da Bocaina",,,,,,,,,"Calió, MF","2010-12-01",,"Helia brevifolia Cham.","Magnoliopsida","Gentianales","Gentianaceae","Irlbachia","species","Cham.","SYNONYM",,,"Irlbachia breviflora (Benth.) Struwe",,,,"Helia brevifolia","Irlbachia breviflora",,"WGS84",,,,,"GBIF","SP","code partially found","Freitas, L.","96","1998","Calio, M.F.","2010","Sazima, M.","Freitas",,"brazil","sao paulo","sao jose do barreiro","parque nacional da serra da bocaina",,"locality","brazil_sao paulo_sao jose barreiro_parque nacional serra bocaina","brazil_sao paulo_sao jose barreiro_parque nacional serra bocaina",-22.74484201,-44.61460885,"locality",460781,"Helia brevifolia","Cham.","name_w_authors","Gentianaceae","Helia brevifolia","Cham.","species","name accepted","bfo-25581",,,"Helia brevifolia Cham.","Helia","Gentianaceae","brazil_sao paulo_sao jose barreiro","Brazil","São Paulo","São José do Barreiro",,"ibge",TRUE,-22.74484201,-44.61460885,"coord_gazet","seconds","high","Helia brevifolia","ok_same_resolution","ok_locality_gazet",,FALSE,"ok_dist","full_name_match","SP_334535",,"0","0",,,,"plantr_exact","High","PARQUE NACIONAL SERRA DA BOCAINA"
,,"https://specieslink.net/col/1",,"IPA/SP","SP",,"PRESERVED_SPECIMEN","335719","495","Freitas, L; Gajardo, ISM",,"1998-12-29","1998","12","29",,,,"Brasil","BR","São Paulo",,"São José do Barreiro","Parque Nacional da Serra da Bocaina",,,,,,,,,"Forzza, RC","2006-01-01",,"Dyckia tuberosa (Vell.) Beer","Liliopsida","Poales","Bromeliaceae","Dyckia","species","(Vell.) Mez","ACCEPTED",,,"Dyckia tuberosa (Vell.) Beer",,,,"Dyckia tuberosa","Dyckia tuberosa",,,,,,,"GBIF","SP","code partially found","Freitas, L.","495","1998","Forzza, R.C.","2006","Gajardo, I.S.M.","Freitas",,"brazil","sao paulo","sao jose do barreiro","parque nacional da serra da bocaina",,"locality","brazil_sao paulo_sao jose barreiro_parque nacional serra bocaina","brazil_sao paulo_sao jose barreiro_parque nacional serra bocaina",-22.74484201,-44.61460885,"locality",406339,"Dyckia tuberosa","(Vell.) Beer","name_w_authors","Bromeliaceae","Dyckia tuberosa","(Vell.) Beer","species","name accepted","bfo-6081",,,"Dyckia tuberosa (Vell.) Beer","Dyckia","Bromeliaceae","brazil_sao paulo_sao jose barreiro","Brazil","São Paulo","São José do Barreiro",,"ibge",TRUE,-22.639999,-44.57,"coord_original","miliseconds","high","Dyckia tuberosa","ok_same_resolution","ok_county",,FALSE,"ok_dist","full_name_match","SP_335719","SP_335719[virtual]","1","0.25","SP_335719","SP_335719","SP_335719","plantr_exact","High","PARQUE NACIONAL SERRA DA BOCAINA"
,,"https://specieslink.net/col/2",,"UNICAMP","UEC",,"PRESERVED_SPECIMEN","126925","328","Freitas, L; San Martin-Gajardo, I",,"1998-03-16","1998","3","16",,,,"Brasil","BR","São Paulo",,"São José do Barreiro","Parque Nacional da Serra da Bocaina",,,,,,,,,"Teles, AM","2004-10-14",,"Inulopsis scaposa (DC.) O.Hoffm.","Magnoliopsida","Asterales","Asteraceae","Inulopsis","species","(A.DC.) O.Hoffm.","ACCEPTED",,,"Inulopsis scaposa (DC.) O.Hoffm.",,,,"Inulopsis scaposa","Inulopsis scaposa",,,"https://images.cria.org.br/viewer/UEC121808",,,,"GBIF","UEC",,"Freitas, L.","328","1998","Teles, A.M.","2004","Martin-Gajardo, I.S.","Freitas",,"brazil","sao paulo","sao jose do barreiro","parque nacional da serra da bocaina",,"locality","brazil_sao paulo_sao jose barreiro_parque nacional serra bocaina","brazil_sao paulo_sao jose barreiro_parque nacional serra bocaina",-22.74484201,-44.61460885,"locality",217586,"Inulopsis scaposa","(DC.) O.Hoffm.","name_w_authors","Asteraceae","Inulopsis scaposa","(DC.) O.Hoffm.","species","name accepted","bfo-5337",,,"Inulopsis scaposa (DC.) O.Hoffm.","Inulopsis","Asteraceae","brazil_sao paulo_sao jose barreiro","Brazil","São Paulo","São José do Barreiro",,"ibge",TRUE,-22.639999,-44.57,"coord_original","miliseconds","high","Inulopsis scaposa","ok_same_resolution","ok_county",,FALSE,"ok_dist","full_name_match","UEC_126925","UEC_126925[virtual]","1","0.25","UEC_126925","UEC_126925","UEC_126925","plantr_exact","High","PARQUE NACIONAL SERRA DA BOCAINA"
,,"https://specieslink.net/col/7",,"USP-IB","SPF",,"PRESERVED_SPECIMEN","95877","1933","Catharino, ELM",,"1998-07-17","1998","7","17",,,,"Brasil","BR","São Paulo",,"São José do Barreiro","Parque Nacional da Serra da Bocaina",,,,,,,,,"Vianna, MC","2002-01-01",,"Vochysia tucanorum Mart.","Magnoliopsida","Myrtales","Vochysiaceae","Vochysia","species","Mart.","ACCEPTED",,,"Vochysia tucanorum Mart.",,,,"Vochysia tucanorum","Vochysia tucanorum",,,"https://images.cria.org.br/viewer/SPF00095877",,,,"GBIF","SPF",,"Catharino, E.L.M.","1933","1998","Vianna, M.C.","2002",,"Catharino",,"brazil","sao paulo","sao jose do barreiro","parque nacional da serra da bocaina",,"locality","brazil_sao paulo_sao jose barreiro_parque nacional serra bocaina","brazil_sao paulo_sao jose barreiro_parque nacional serra bocaina",-22.74484201,-44.61460885,"locality",274603,"Vochysia tucanorum","Mart.","name_w_authors","Vochysiaceae","Vochysia tucanorum","Mart.","species","name accepted","bfo-15322",,,"Vochysia tucanorum Mart.","Vochysia","Vochysiaceae","brazil_sao paulo_sao jose barreiro","Brazil","São Paulo","São José do Barreiro",,"ibge",TRUE,-22.639999,-44.57,"coord_original","miliseconds","high","Vochysia tucanorum","ok_same_resolution","ok_county",,FALSE,"ok_dist","full_name_match","SPF_95877","SP_298776|SPF_95877|UEC_85712","4","1","SPF_95877","UEC_85712","SPF_95877","plantr_exact","High","PARQUE NACIONAL SERRA DA BOCAINA"
,,"https://specieslink.net/col/7",,"USP-IB","SPF",,"PRESERVED_SPECIMEN","131660","594","Conceição, AA",,"1998-05-02","1998","5","2",,,,"Brasil","BR","São Paulo",,"São José do Barreiro","Parque Nacional da Serra da Bocaina",,,,,,,,,"Fiaschi, P","2002-01-01",,"Oxalis arachnoidea Progel","Magnoliopsida","Oxalidales","Oxalidaceae","Oxalis","species","Progel","ACCEPTED",,,"Oxalis arachnoidea Progel",,,,"Oxalis arachnoidea","Oxalis arachnoidea",,,"https://images.cria.org.br/viewer/SPF00131660",,,,"GBIF","SPF",,"Conceicao, A.A.","594","1998","Fiaschi, P.","2002",,"Conceicao",,"brazil","sao paulo","sao jose do barreiro","parque nacional da serra da bocaina",,"locality","brazil_sao paulo_sao jose barreiro_parque nacional serra bocaina","brazil_sao paulo_sao jose barreiro_parque nacional serra bocaina",-22.74484201,-44.61460885,"locality",273271,"Oxalis arachnoidea","Progel","name_w_authors","Oxalidaceae","Oxalis arachnoidea","Progel","species","name accepted","bfo-12443",,,"Oxalis arachnoidea Progel","Oxalis","Oxalidaceae","brazil_sao paulo_sao jose barreiro","Brazil","São Paulo","São José do Barreiro",,"ibge",TRUE,-22.639999,-44.57,"coord_original","miliseconds","high","Oxalis arachnoidea","ok_same_resolution","ok_county",,FALSE,"ok_dist","full_name_match","SPF_131660","SPF_131660[virtual]","4","1","SPF_131660","SPF_131660","SPF_131660","plantr_exact","High","PARQUE NACIONAL SERRA DA BOCAINA"
,"Herbário Virtual REFLORA Disponível em: http://herbariovirtualreflora.jbrj.gov.br/reflora/herbarioVirtual/ConsultaPublicoHVUC/ConsultaPublicoHVUC.do?idTestemunho=4880759",,,"ESA","ESA",,"PRESERVED_SPECIMEN","ESA060602","482","Freitas, L.;San Martin-Gajardo, I.",,"1998-12-28","1998","12","28","12/28/1998",,,"Brasil","BR","São Paulo",,"São José do Barreiro","Parque Nacional da Serra da Bocaina. Floresta ombrófila mista aluvial, em clareira da mata",,,,,,,,,"Souza, J.P.","1999-01-01",,"Viola subdimidiata A.St.-Hil.","Magnoliopsida","Malpighiales","Violaceae","Viola","species","A.St.-Hil.","ACCEPTED",,,"Viola subdimidiata A.St.-Hil.",,,,"Viola subdimidiata A.St.-Hil.","Viola subdimidiata",,,"jbrj-public.s3-sa-east-1.amazonaws.com/fsi/server?type=image&source=DZI/esa/esa/0/6/6/2/esa00060602.dzi",,,,"GBIF","ESA",,"Freitas, L.","482","1998","Souza, J.P.","1999","Martin-Gajardo, I.S.","Freitas",,"brazil","sao paulo","sao jose do barreiro","parque nacional da serra da bocaina",,"locality","brazil_sao paulo_sao jose barreiro_parque nacional serra bocaina","brazil_sao paulo_sao jose barreiro_parque nacional serra bocaina",-22.74484201,-44.61460885,"locality",483762,"Viola subdimidiata","A.St.-Hil.","name_w_authors","Violaceae","Viola subdimidiata","A.St.-Hil.","species","name accepted","bfo-15252",,,"Viola subdimidiata A.St.-Hil.","Viola","Violaceae","brazil_sao paulo_sao jose barreiro","Brazil","São Paulo","São José do Barreiro",,"ibge",TRUE,-22.639999,-44.57,"coord_original","miliseconds","high","Viola subdimidiata","ok_same_resolution","ok_county",,FALSE,"ok_dist","full_name_match","ESA_60602","ESA_60601|ESA_60602","4","1","ESA_60602","ESA_60601","ESA_60602","plantr_exact","High","PARQUE NACIONAL SERRA DA BOCAINA"
,,"https://specieslink.net/col/1",,"IPA/SP","SP",,"PRESERVED_SPECIMEN","333411","5","Freitas, L; Ravetta, AL",,"1998-11-07","1998","11","7",,,,"Brasil","BR","São Paulo",,"São José do Barreiro","Parque Nacional da Serra da Bocaina, Floresta aluvial, margem da Cachoeira Santo Isidro",,,,,,,,,"Kawasaki, ML","1999-01-01",,"Myrcia guianensis (Aubl.) DC.","Magnoliopsida","Myrtales","Myrtaceae","Myrcia","species","(Aubl.) DC.","ACCEPTED",,,"Myrcia guianensis (Aubl.) DC.",,,,"Myrcia guianensis","Myrcia guianensis",,,,,,,"GBIF","SP","code partially found","Freitas, L.","5","1998","Kawasaki, M.L.","1999","Ravetta, A.L.","Freitas",,"brazil","sao paulo","sao jose do barreiro","parque nacional da serra da bocaina",,"locality","brazil_sao paulo_sao jose barreiro_parque nacional serra bocaina","brazil_sao paulo_sao jose barreiro_parque nacional serra bocaina",-22.74484201,-44.61460885,"locality",405497,"Myrcia guianensis","(Aubl.) DC.","name_w_authors","Myrtaceae","Myrcia guianensis","(Aubl.) DC.","species","name accepted","bfo-10699",,,"Myrcia guianensis (Aubl.) DC.","Myrcia","Myrtaceae","brazil_sao paulo_sao jose barreiro","Brazil","São Paulo","São José do Barreiro",,"ibge",TRUE,-22.639999,-44.57,"coord_original","miliseconds","high","Myrcia guianensis","ok_same_resolution","ok_county",,FALSE,"ok_dist","full_name_match","SP_333411","SP_333411[virtual]","1","0.25","SP_333411","SP_333411","SP_333411","plantr_exact","High","PARQUE NACIONAL SERRA DA BOCAINA"
,"Herbário Virtual REFLORA Disponível em: http://herbariovirtualreflora.jbrj.gov.br/reflora/herbarioVirtual/ConsultaPublicoHVUC/ConsultaPublicoHVUC.do?idTestemunho=4672344",,,"PMSP","PMSP",,"PRESERVED_SPECIMEN","PMSP007530","1080","R.Simão-Bianchini;R. Simão-Bianchini,S. Bianchini,S.Bianchini",,"1997-05-01","1997","5","1","1997-05-01",,,"Brasil","BR","São Paulo",,"São José do Barreiro","Base da Reserva do Parque Nacional da Serra da Bocaina. S22°, W44°. Campo brejoso.",,,,,,,,,"M.Monge",,,"Trixis glaziovii Baker","Magnoliopsida","Asterales","Asteraceae","Trixis","species","Baker","ACCEPTED",,,"Trixis glaziovii Baker",,,,"Trixis glaziovii Baker","Trixis glaziovii",,,"jbrj-public.s3.amazonaws.com/fsi/server?type=image&source=DZI/pmsp/pmsp/0/0/75/30/pmsp00007530.dzi",,,,"GBIF","PMSP",,"Simao-Bianchini, R.","1080","1997","Monge, M.",,"Simao-Bianchini, R.; Bianchini, S.; Bianchini, S.","Simao-Bianchini",,"brazil","sao paulo","sao jose do barreiro","base da reserva do parque nacional da serra da bocaina",,"locality","brazil_sao paulo_sao jose barreiro","brazil_sao paulo_sao jose barreiro",-22.74888367,-44.58687717,"county",345244,"Trixis glaziovii","Baker","name_w_authors","Asteraceae","Trixis glaziovii","Baker","species","name accepted","bfo-5533",,,"Trixis glaziovii Baker","Trixis","Asteraceae","brazil_sao paulo_sao jose barreiro","Brazil","São Paulo","São José do Barreiro",,"ibge",TRUE,-22.74888367,-44.58687717,"coord_gazet","seconds_centroid","high","Trixis glaziovii","check_local.2municip.","ok_county_gazet",,FALSE,"ok_dist","full_name_match","PMSP_7530","PMSP_7530|SP_312897","4","1","PMSP_7530","PMSP_7530","PMSP_7530","plantr_exact","High","PARQUE NACIONAL SERRA DA BOCAINA"
,,"https://specieslink.net/col/1",,"IPA/SP","SP",,"PRESERVED_SPECIMEN","312850","1070","Simão Bianchini, R; Bianchini, S",,"1997-05-01","1997","5","1",,,,"Brasil","BR","São Paulo",,"São José do Barreiro","base da reserva do Parque Nacional da Serra da Bocaina",,,"-22","-44",,,,,"Petrongari, FS","2021-10-01",,"Distimake macrocalyx (Ruiz & Pav.) A.R.Simões & Staples","Magnoliopsida","Solanales","Convolvulaceae","Distimake","species","(Ruiz & Pav.) A.R.Simões & Staples","ACCEPTED",,,"Distimake macrocalyx (Ruiz & Pav.) A.R.Simões & Staples",,,,"Distimake macrocalyx","Distimake macrocalyx",,"WGS84",,,,,"GBIF","SP","code partially found","Bianchini, R.S.","1070","1997","Petrongari, F.S.","2021","Bianchini, S.","Bianchini",,"brazil","sao paulo","sao jose do barreiro","base da reserva do parque nacional da serra da bocaina",,"locality","brazil_sao paulo_sao jose barreiro","brazil_sao paulo_sao jose barreiro",-22.74888367,-44.58687717,"county",458901,"Distimake macrocalyx","(Ruiz & Pav.) A.R. Simões & Staples","name_w_authors","Convolvulaceae","Distimake macrocalyx","(Ruiz & Pav.) A.R. Simões & Staples","species","name accepted","bfo-604876",,,"Distimake macrocalyx (Ruiz & Pav.) A.R. Simões & Staples","Distimake","Convolvulaceae","brazil_sao paulo_sao jose barreiro","Brazil","São Paulo","São José do Barreiro",,"ibge",TRUE,-22,-44,"coord_original","miliseconds","high","Distimake macrocalyx","check_local.2municip.","ok_country",,FALSE,"ok_dist","full_name_match","SP_312850",,"0","0",,,,"plantr_exact","High","PARQUE NACIONAL SERRA DA BOCAINA"
,,"https://specieslink.net/col/419",,"UFRB","HURB",,"PRESERVED_SPECIMEN","20125","1091","Simão-Bianchini, R.; Bianchini, S.",,"1997-05-02","1997","5","2",,,,"Brasil","BR","São Paulo",,"São José do Barreiro","ResErva do parque Nacional da Serra da Bocaina.",,,,,,,,,"L.Y.S.Aona","2016-10-06",,"Tripogandra diuretica (Mart.) Handlos","Liliopsida","Commelinales","Commelinaceae","Callisia","species","(Mart.) Handlos","SYNONYM",,,"Callisia diuretica (Mart.) Christenh. & Byng",,,,"Tripogandra diuretica","Callisia diuretica",,"WGS84",,,,,"GBIF","HURB",,"Simao-Bianchini, R.","1091","1997","Aona, L.Y.S.","2016","Bianchini, S.","Simao-Bianchini",,"brazil","sao paulo","sao jose do barreiro","reserva do parque nacional da serra da bocaina",,"locality","brazil_sao paulo_sao jose barreiro","brazil_sao paulo_sao jose barreiro",-22.74888367,-44.58687717,"county",260487,"Tripogandra diuretica","(Mart.) Handlos","name_w_authors","Commelinaceae","Tripogandra diuretica","(Mart.) Handlos","species","name accepted","bfo-16925",,,"Tripogandra diuretica (Mart.) Handlos","Tripogandra","Commelinaceae","brazil_sao paulo_sao jose barreiro","Brazil","São Paulo","São José do Barreiro",,"ibge",TRUE,-22.74888367,-44.58687717,"coord_gazet","seconds_centroid","high","Tripogandra diuretica","check_local.2municip.","ok_county_gazet",,FALSE,"ok_dist","full_name_match","HURB_20125",,"0","0",,,,"plantr_exact","High","PARQUE NACIONAL SERRA DA BOCAINA"
,,"https://specieslink.net/col/419",,"UFRB","HURB",,"PRESERVED_SPECIMEN","20129","1066","Simão-Bianchini, R.; Bianchini, S.",,"1997-05-01","1997","5","1",,,,"Brasil","BR","São Paulo",,"São José do Barreiro","Base da ResErva do Parque nacional da Serra da Bocaina.",,,,,,,,,"L.Y.S.Aona","2016-10-16",,"Commelina obliqua Vahl","Liliopsida","Commelinales","Commelinaceae","Commelina","species","Vahl","ACCEPTED",,,"Commelina obliqua Vahl",,,,"Commelina obliqua","Commelina obliqua",,"WGS84",,,,,"GBIF","HURB",,"Simao-Bianchini, R.","1066","1997","Aona, L.Y.S.","2016","Bianchini, S.","Simao-Bianchini",,"brazil","sao paulo","sao jose do barreiro","base da reserva do parque nacional da serra da bocaina",,"locality","brazil_sao paulo_sao jose barreiro","brazil_sao paulo_sao jose barreiro",-22.74888367,-44.58687717,"county",260489,"Commelina obliqua","Vahl","name_w_authors","Commelinaceae","Commelina obliqua","Vahl","species","name accepted","bfo-16913",,,"Commelina obliqua Vahl","Commelina","Commelinaceae","brazil_sao paulo_sao jose barreiro","Brazil","São Paulo","São José do Barreiro",,"ibge",TRUE,-22.74888367,-44.58687717,"coord_gazet","seconds_centroid","high","Commelina obliqua","check_local.2municip.","ok_county_gazet",,FALSE,"ok_dist","full_name_match","HURB_20129",,"0","0",,,,"plantr_exact","High","PARQUE NACIONAL SERRA DA BOCAINA"
,,"https://specieslink.net/col/64",,"IAC","IAC",,"PRESERVED_SPECIMEN","43931","1073","R. Simão-Bianchini & S. Bianchini",,"1997-05-01","1997","5","1",,,,"Brasil","BR","São Paulo",,"São José do Barreiro","Base da Reserva do Parque Nacional da Serra da Bocaina",,,"-22.645","-44.5778",,,,,"L.C. Bernacci","2005-08-24",,"Passiflora amethystina J.C.Mikan","Magnoliopsida","Malpighiales","Passifloraceae","Passiflora","species","J.C.Mikan","ACCEPTED",,,"Passiflora amethystina J.C.Mikan",,,,"Passiflora amethystina","Passiflora amethystina",,"WGS84",,,,,"GBIF","IAC",,"Simao-Bianchini, R.","1073","1997","Bernacci, L.C.","2005","Bianchini, S.","Simao-Bianchini",,"brazil","sao paulo","sao jose do barreiro","base da reserva do parque nacional da serra da bocaina",,"locality","brazil_sao paulo_sao jose barreiro","brazil_sao paulo_sao jose barreiro",-22.74888367,-44.58687717,"county",137300,"Passiflora amethystina","J.C.Mikan","name_w_authors","Passifloraceae","Passiflora amethystina","J.C.Mikan","species","name accepted","bfo-12509",,,"Passiflora amethystina J.C.Mikan","Passiflora","Passifloraceae","brazil_sao paulo_sao jose barreiro","Brazil","São Paulo","São José do Barreiro",,"ibge",TRUE,-22.645,-44.5778,"coord_original","miliseconds","high","Passiflora amethystina","check_local.2municip.","ok_county",,FALSE,"ok_dist","full_name_match","IAC_43931","IAC_43931|PMSP_8134|SP_312607","3","0.75","IAC_43931","IAC_43931","IAC_43931","plantr_exact","High","PARQUE NACIONAL SERRA DA BOCAINA"
,,"https://specieslink.net/col/2",,"UNICAMP","UEC",,"PRESERVED_SPECIMEN","170180","1074","Simão-Bianchini, R",,"1997-05-01","1997","5","1",,,,"Brasil","BR","São Paulo",,"São José do Barreiro","Base da reserva do Parque Nacional da Serra da Bocaina",,,"-22","-44",,,,,"Mamede, MCH","2004-01-01",,"Stigmaphyllon angustilobum A.Juss.","Magnoliopsida","Malpighiales","Malpighiaceae","Stigmaphyllon","species","A.Juss.","ACCEPTED",,,"Stigmaphyllon angustilobum A.Juss.",,,,"Stigmaphyllon angustilobum","Stigmaphyllon angustilobum",,"WGS84","https://images.cria.org.br/viewer/UEC010608",,,,"GBIF","UEC",,"Simao-Bianchini, R.","1074","1997","Mamede, M.C.H.","2001",,"Simao-Bianchini",,"brazil","sao paulo","sao jose do barreiro","base da reserva do parque nacional da serra da bocaina",,"locality","brazil_sao paulo_sao jose barreiro","brazil_sao paulo_sao jose barreiro",-22.74888367,-44.58687717,"county",112377,"Stigmaphyllon angustilobum","A.Juss.","name_w_authors","Malpighiaceae","Stigmaphyllon angustilobum","A.Juss.","species","name accepted","bfo-8943",,,"Stigmaphyllon angustilobum A.Juss.","Stigmaphyllon","Malpighiaceae","brazil_sao paulo_sao jose barreiro","Brazil","São Paulo","São José do Barreiro",,"ibge",TRUE,-22,-44,"coord_original","miliseconds","high","Stigmaphyllon angustilobum","check_local.2municip.","ok_country",,FALSE,"ok_dist","full_name_match","UEC_170180","[SP_312587|UEC_170180]","1","0.25","SP_312587","SP_312587","SP_312587","plantr_exact","High","PARQUE NACIONAL SERRA DA BOCAINA"
,,"https://specieslink.net/col/1",,"IPA/SP","SP",,"PRESERVED_SPECIMEN","334309","37","Freitas, L; Gajardo, ISM",,"1997-12-30","1997","12","30",,,,"Brasil","BR","São Paulo",,"São José do Barreiro","Parque Nacional da Serra da Bocaina",,,,,,,,,"Simão Bianchini, R","1999-02-26",,"Convolvulus crenatifolius Ruiz & Pav.","Magnoliopsida","Solanales","Convolvulaceae","Convolvulus","species","Ruiz & Pav.","ACCEPTED",,,"Convolvulus crenatifolius Ruiz & Pav.",,,,"Convolvulus crenatifolius","Convolvulus crenatifolius",,,,,,,"GBIF","SP","code partially found","Freitas, L.","37","1997","Simao-Bianchini, R.","1999","Gajardo, I.S.M.","Freitas",,"brazil","sao paulo","sao jose do barreiro","parque nacional da serra da bocaina",,"locality","brazil_sao paulo_sao jose barreiro_parque nacional serra bocaina","brazil_sao paulo_sao jose barreiro_parque nacional serra bocaina",-22.74484201,-44.61460885,"locality",459868,"Convolvulus crenatus","Jacq.","name_w_authors","Convolvulaceae","Convolvulus crenatifolius","Ruiz & Pav.","species","name accepted",,,,"Convolvulus crenatus Jacq.","Convolvulus","Convolvulaceae","brazil_sao paulo_sao jose barreiro","Brazil","São Paulo","São José do Barreiro",,"ibge",TRUE,-22.639999,-44.57,"coord_original","miliseconds","high","Convolvulus crenatus","ok_same_resolution","ok_county",,FALSE,"ok_dist","full_name_match","SP_334309","SP_334309|UEC_107098","3","0.75","UEC_107098","SP_334309","SP_334309","plantr_exact","High","PARQUE NACIONAL SERRA DA BOCAINA"
,"Herbário Virtual REFLORA Disponível em: http://herbariovirtualreflora.jbrj.gov.br/reflora/herbarioVirtual/ConsultaPublicoHVUC/ConsultaPublicoHVUC.do?idTestemunho=4671835",,,"PMSP","PMSP",,"PRESERVED_SPECIMEN","PMSP007039","1076","R.Simão-Bianchini;S.Bianchini",,"1997-05-01","1997","5","1","1997-05-01",,,"Brasil","BR","São Paulo",,"São José do Barreiro","Base da Reserva do Parque Nacional da Serra da Bocaina, S22° W44°, solo brejoso.",,,,,,,,,"M.A.Corrêa",,,"Utricularia nervosa G.Weber ex Benj.","Magnoliopsida","Lamiales","Lentibulariaceae","Utricularia","species","G.Weber ex Benj.","ACCEPTED",,,"Utricularia nervosa G.Weber ex Benj.",,,,"Utricularia nervosa G.Weber ex Benj.","Utricularia nervosa",,,"jbrj-public.s3.amazonaws.com/fsi/server?type=image&source=DZI/pmsp/pmsp/0/0/70/39/pmsp00007039.dzi",,,,"GBIF","PMSP",,"Simao-Bianchini, R.","1076","1997","Correa, M.A.","1997","Bianchini, S.","Simao-Bianchini",,"brazil","sao paulo","sao jose do barreiro","base da reserva do parque nacional da serra da bocaina",,"locality","brazil_sao paulo_sao jose barreiro","brazil_sao paulo_sao jose barreiro",-22.74888367,-44.58687717,"county",345265,"Utricularia nervosa","Weber ex Benj.","name_w_authors","Lentibulariaceae","Utricularia nervosa","Weber ex Benj.","species","author misspelled","bfo-8588",,,"Utricularia nervosa Weber ex Benj.","Utricularia","Lentibulariaceae","brazil_sao paulo_sao jose barreiro","Brazil","São Paulo","São José do Barreiro",,"ibge",TRUE,-22.74888367,-44.58687717,"coord_gazet","seconds_centroid","high","Utricularia nervosa","check_local.2municip.","ok_county_gazet",,FALSE,"ok_dist","full_name_match","PMSP_7039","PMSP_7039|SP_312583","4","1","PMSP_7039","PMSP_7039","PMSP_7039","plantr_exact","High","PARQUE NACIONAL SERRA DA BOCAINA"
,,"https://specieslink.net/col/2",,"UNICAMP","UEC",,"PRESERVED_SPECIMEN","99603","1962","Catharino, ELM; Rossi, L",,"1994-07-19","1994","7","19",,,,"Brasil","BR","São Paulo",,"São José do Barreiro","Parque Nacional da Serra da Bocaina",,,,,,,,,"Marinho, L","2014-08-01",,"Tovomitopsis paniculata (Spreng.) Planch. & Triana","Magnoliopsida","Malpighiales","Clusiaceae","Chrysochlamys","species","Planch. & Triana","SYNONYM",,,"Chrysochlamys paniculata (Spreng.)",,,,"Tovomitopsis paniculata","Chrysochlamys paniculata",,,"https://images.cria.org.br/viewer/UEC078623",,,,"GBIF","UEC",,"Catharino, E.L.M.","1962","1994","Bittrich, V.","","Rossi, L.","Catharino",,"brazil","sao paulo","sao jose do barreiro","parque nacional da serra da bocaina",,"locality","brazil_sao paulo_sao jose barreiro","brazil_sao paulo_sao jose barreiro_parque nacional serra bocaina",-22.74484201,-44.61460885,"locality",95054,"Tovomitopsis paniculata","(Spreng.) Planch. & Triana","name_w_authors","Clusiaceae","Tovomitopsis paniculata","(Spreng.) Planch. & Triana","species","name accepted","bfo-6890",,,"Tovomitopsis paniculata (Spreng.) Planch. & Triana","Tovomitopsis","Clusiaceae","brazil_sao paulo_sao jose barreiro","Brazil","São Paulo","São José do Barreiro",,"ibge",TRUE,-22.639999,-44.57,"coord_original","miliseconds","high","Tovomitopsis paniculata","ok_same_resolution","ok_county",,FALSE,"ok_dist","full_name_match","UEC_99603","SP_285239|SPF_95857|UEC_99603","4","1","SPF_95857","SPF_95857","SPF_95857","plantr_exact","High","PARQUE NACIONAL SERRA DA BOCAINA"
,,"https://specieslink.net/col/2",,"UNICAMP","UEC",,"PRESERVED_SPECIMEN","84507","1577","Rossi, L; Catharino, ELM",,"1994-07-18","1994","7","18",,,,"Brasil","BR","São Paulo",,"São José do Barreiro","Parque Nacional da Serra da Bocaina, Sítio do Sr. Sebastião Arantes - Grotão de mata ·mida, provavelmente remanescente.",,,,,,,,,"Caruzo, MBR","2012-08-01",,"Croton salutaris Casar.","Magnoliopsida","Malpighiales","Euphorbiaceae","Croton","species","Casar.","ACCEPTED",,,"Croton salutaris Casar.",,,,"Croton salutaris","Croton salutaris",,,"https://images.cria.org.br/viewer/UEC083505",,,,"GBIF","UEC",,"Rossi, L.","1577","1994","Berry, P.E.","","Catharino, E.L.M.","Rossi",,"brazil","sao paulo","sao jose do barreiro","parque nacional da serra da bocaina",,"locality","brazil_sao paulo_sao jose barreiro","brazil_sao paulo_sao jose barreiro_parque nacional serra bocaina",-22.74484201,-44.61460885,"locality",89100,"Croton salutaris","Casar.","name_w_authors","Euphorbiaceae","Croton salutaris","Casar.","species","name accepted","bfo-29231",,,"Croton salutaris Casar.","Croton","Euphorbiaceae","brazil_sao paulo_sao jose barreiro","Brazil","São Paulo","São José do Barreiro",,"ibge",TRUE,-22.639999,-44.57,"coord_original","miliseconds","high","Croton salutaris","ok_same_resolution","ok_county",,FALSE,"ok_dist","full_name_match","UEC_84507","SP_279732|SPF_99435|UEC_84507","4","1","SPF_99435","SP_279732","SP_279732","plantr_exact","High","PARQUE NACIONAL SERRA DA BOCAINA"
,,"https://specieslink.net/col/2",,"UNICAMP","UEC",,"PRESERVED_SPECIMEN","84666","1584","Rossi, L; Catharino, ELM",,"1994-07-18","1994","7","18",,,,"Brasil","BR","São Paulo",,"São José do Barreiro","Parque Nacional da Serra da Bocaina",,,,,,,,,"Stehmann, JR",,,"Brunfelsia hydrangeiformis (Pohl) Benth.","Magnoliopsida","Solanales","Solanaceae","Brunfelsia","species","(Pohl) Benth.","ACCEPTED",,,"Brunfelsia hydrangeiformis (Pohl) Benth.",,,,"Brunfelsia hydrangeiformis","Brunfelsia hydrangeiformis",,"WGS84","https://images.cria.org.br/viewer/UEC047247",,,,"GBIF","UEC",,"Rossi, L.","1584","1994","Stehmann, J.R.",,"Catharino, E.L.M.","Rossi",,"brazil","sao paulo","sao jose do barreiro","parque nacional da serra da bocaina",,"locality","brazil_sao paulo_sao jose barreiro","brazil_sao paulo_sao jose barreiro_parque nacional serra bocaina",-22.74484201,-44.61460885,"locality",89206,"Brunfelsia hydrangeiformis","(Pohl) Benth.","name_w_authors","Solanaceae","Brunfelsia hydrangeiformis","(Pohl) Benth.","species","name accepted","bfo-14599",,,"Brunfelsia hydrangeiformis (Pohl) Benth.","Brunfelsia","Solanaceae","brazil_sao paulo_sao jose barreiro","Brazil","São Paulo","São José do Barreiro",,"ibge",TRUE,-22.74484201,-44.61460885,"coord_gazet","seconds","high","Brunfelsia hydrangeiformis","ok_same_resolution","ok_locality_gazet",,FALSE,"no_cannot_check","full_name_match","UEC_84666","SP_303135|SPF_99427|UEC_84666","2","0.5",,"SPF_99427","SPF_99427","plantr_exact","High","PARQUE NACIONAL SERRA DA BOCAINA"
,,,,"JBRJ","RB","RB - Rio de Janeiro Botanical Garden Herbarium Collection","PRESERVED_SPECIMEN","RB00767804","1966","E.L.M. Catharino ; L.Rossi",,"1994-07-19","1994","7","19",,,,"Brasil","BR","São Paulo",,"São José do Barreiro","Parque Nacional da Serra da Bocaina, Caminho em direção á Cachoeira do Veado, rio dos Veados",,,,,,,,,,,,"Besleria longimucronata Hoehne","Magnoliopsida","Lamiales","Gesneriaceae","Besleria","species","Hoehne","ACCEPTED",,,"Besleria longimucronata Hoehne",,,,"Besleria longimucronata Hoehne","Besleria longimucronata",,,"jbrj-public-img.s3-sa-east-1.amazonaws.com/JPG/rb/0/76/78/4/00767804.jpg",,,,"GBIF","RB",,"Catharino, E.L.M.","1966","1994","Chautems, A.",,"Rossi, L.","Catharino",,"brazil","sao paulo","sao jose do barreiro","parque nacional da serra da bocaina",,"locality","brazil_sao paulo_sao jose barreiro","brazil_sao paulo_sao jose barreiro_parque nacional serra bocaina",-22.74484201,-44.61460885,"locality",254884,"Besleria longimucronata","Hoehne","name_w_authors","Gesneriaceae","Besleria longimucronata","Hoehne","species","name accepted","bfo-7816",,,"Besleria longimucronata Hoehne","Besleria","Gesneriaceae","brazil_sao paulo_sao jose barreiro","Brazil","São Paulo","São José do Barreiro",,"ibge",TRUE,-22.639999,-44.57,"coord_original","miliseconds","high","Besleria longimucronata","ok_same_resolution","ok_county",,FALSE,"ok_dist","full_name_match","RB_767804","PMSP_7966|RB_767804|SP_290150","3","0.75","PMSP_7966","SP_290150","SP_290150","plantr_exact","High","PARQUE NACIONAL SERRA DA BOCAINA"
"PhysicalObject","http://www.tropicos.org/Specimen/3206201","http://biocol.org/urn:lsid:biocol.org:col:15859",,"MO","Tropicos","Tropicos","PRESERVED_SPECIMEN","3206201","1581","ROSSI",,"1994","1994",,,,,,"Brasil","BR","São Paulo",,"São José do Barreiro","Parque Nacional da Serra da Bocaina, Sítio do Sr. Sebastião Arantes",,,,,,,,,"C.M. Taylor","2016-01-01",,"Palicourea malaneoides (Müll.Arg.) C.M.Taylor","Magnoliopsida","Gentianales","Rubiaceae","Palicourea","species","(Müll. Arg.) C.M. Taylor","ACCEPTED",,,"Palicourea malaneoides (Müll.Arg.) C.M.Taylor",,,,"Palicourea malaneoides (Müll. Arg.) C.M. Taylor","Palicourea malaneoides","100446297",,,,,,"GBIF","MO",,"Rossi","1581","1994","Taylor, C.M.","2016",,"Rossi",,"brazil","sao paulo","sao jose do barreiro","parque nacional da serra da bocaina","municipio de sao jose do barreiro","locality","brazil_sao paulo_sao jose barreiro","brazil_sao paulo_sao jose barreiro_parque nacional serra bocaina",-22.74484201,-44.61460885,"locality",207846,"Palicourea malaneoides","(Müll.Arg.) C.M.Taylor","name_w_authors","Rubiaceae","Palicourea malaneoides","(Müll.Arg.) C.M.Taylor","species","name accepted","bfo-604058",,,"Palicourea malaneoides (Müll.Arg.) C.M.Taylor","Palicourea","Rubiaceae","brazil_sao paulo_sao jose barreiro","Brazil","São Paulo","São José do Barreiro",,"ibge",TRUE,-22.639999,-44.57,"coord_original","miliseconds","high","Palicourea malaneoides","ok_same_resolution","ok_county",,FALSE,"ok_dist","full_name_match","MO_3206201","MO_3206201|SP_300669","3","0.75","MO_3206201","SP_300669","SP_300669","plantr_exact","High","PARQUE NACIONAL SERRA DA BOCAINA"
,,"https://specieslink.net/col/45",,"UFPR","UPCB",,"PRESERVED_SPECIMEN","77863","1954","Catharino, L.M.C.; Rosssi, L.",,"1994-07-18","1994","7","18",,,,"Brazil","BR","São Paulo",,"São José do Barreiro Mun.","Parque Nacional da Serra da Bocaina, propriedade de Sebastiao Arantes e familia",,,,,,,,,"Prado, J.","2013-01-01",,"Vandenboschia radicans (Sw.) Copel.","Polypodiopsida","Hymenophyllales","Hymenophyllaceae","Vandenboschia","species","(Sw.) Copel.","ACCEPTED",,,"Vandenboschia radicans (Sw.) Copel.",,,,"Vandenboschia radicans","Vandenboschia radicans",,,"https://images.cria.org.br/viewer/UPCB0005907",,,,"GBIF","UPCB",,"Catharino, L.M.C.","1954","1994","Prado, J.","2013","Rosssi, L.","Catharino",,"brazil","sao paulo","sao jose do barreiro","parque nacional da serra da bocaina",,"locality","brazil_sao paulo_sao jose barreiro","brazil_sao paulo_sao jose barreiro_parque nacional serra bocaina",-22.74484201,-44.61460885,"locality",40424,"Vandenboschia radicans","(Sw.) Copel.","name_w_authors","Hymenophyllaceae","Vandenboschia radicans","(Sw.) Copel.","species","name accepted","bfo-91268",,,"Vandenboschia radicans (Sw.) Copel.","Vandenboschia","Hymenophyllaceae","brazil_sao paulo_sao jose barreiro","Brazil","São Paulo","São José do Barreiro",,"ibge",TRUE,-22.639999,-44.57,"coord_original","miliseconds","high","Vandenboschia radicans","ok_same_resolution","ok_county",,FALSE,"ok_dist","full_name_match","UPCB_77863","NY_2422534|P_904668|UPCB_5907|UPCB_77863","4","1","P_904668","UPCB_77863","NY_2422534","plantr_exact","High","PARQUE NACIONAL SERRA DA BOCAINA"
,,"https://specieslink.net/col/7",,"USP-IB","SPF",,"PRESERVED_SPECIMEN","122636","1595","Rossi, L",,"1994-07-18","1994","7","18",,,,"Brasil","BR","São Paulo",,"São José do Barreiro","Parque Nacional da Serra da Bocaina, Trilha do Ouro.",,,,,,,,,"Carvalho-Silva, M","2001-06-01",,"Piper caldense C.DC.","Magnoliopsida","Piperales","Piperaceae","Piper","species","C.DC.","ACCEPTED",,,"Piper caldense C.DC.",,,,"Piper caldense","Piper caldense",,,"https://images.cria.org.br/viewer/SPF00122636",,,,"GBIF","SPF",,"Rossi, L.","1595","1994","Guimaraes, E.F.","2012",,"Rossi",,"brazil","sao paulo","sao jose do barreiro","parque nacional da serra da bocaina",,"locality","brazil_sao paulo_sao jose barreiro_parque nacional serra bocaina","brazil_sao paulo_sao jose barreiro_parque nacional serra bocaina",-22.74484201,-44.61460885,"locality",198251,"Piper caldense","C.DC.","name_w_authors","Piperaceae","Piper caldense","C.DC.","species","name accepted","bfo-12756",,,"Piper caldense C.DC.","Piper","Piperaceae","brazil_sao paulo_sao jose barreiro","Brazil","São Paulo","São José do Barreiro",,"ibge",TRUE,-22.639999,-44.57,"coord_original","miliseconds","high","Piper caldense","ok_same_resolution","ok_county",,FALSE,"ok_dist","full_name_match","SPF_122636","PMSP_8112|RB_299037|SP_292726|SPF_122636|UEC_84647","4","1","SP_292726","SPF_122636","SPF_122636","plantr_exact","High","PARQUE NACIONAL SERRA DA BOCAINA"
,,"https://specieslink.net/col/1",,"IPA/SP","SP",,"PRESERVED_SPECIMEN","299542","1571","Rossi, L; Catharino, ELM",,"1994-07-18","1994","7","18",,,,"Brasil","BR","São Paulo",,"São José do Barreiro","Parque Nacional da Serra da Bocaina, Sítio do Sr. Sebastião Arantes - Grotão de Mata úmida, provavelmente remasnescente",,,,,,,,,"Germano Filho, P","2007-01-01",,"Bathysa australis (A.St.-Hil.) K.Schum.","Magnoliopsida","Gentianales","Rubiaceae","Bathysa","species","(A.St.-Hil.) K.Schum.","ACCEPTED",,,"Bathysa australis (A.St.-Hil.) K.Schum.",,,,"Bathysa australis","Bathysa australis",,,,,,,"GBIF","SP","code partially found","Rossi, L.","1571","1994","Germano Filho, P.","2007","Catharino, E.L.M.","Rossi",,"brazil","sao paulo","sao jose do barreiro","parque nacional da serra da bocaina",,"locality","brazil_sao paulo_sao jose barreiro_parque nacional serra bocaina","brazil_sao paulo_sao jose barreiro_parque nacional serra bocaina",-22.74484201,-44.61460885,"locality",394220,"Bathysa australis","(A.St.-Hil.) K.Schum.","name_w_authors","Rubiaceae","Bathysa australis","(A.St.-Hil.) K.Schum.","species","name accepted","bfo-13835",,,"Bathysa australis (A.St.-Hil.) K.Schum.","Bathysa","Rubiaceae","brazil_sao paulo_sao jose barreiro","Brazil","São Paulo","São José do Barreiro",,"ibge",TRUE,-22.639999,-44.57,"coord_original","miliseconds","high","Bathysa australis","ok_same_resolution","ok_county",,FALSE,"ok_dist","full_name_match","SP_299542","SP_299542[virtual]","1","0.25","SP_299542","SP_299542","SP_299542","plantr_exact","High","PARQUE NACIONAL SERRA DA BOCAINA"
,,"https://specieslink.net/col/7",,"USP-IB","SPF",,"PRESERVED_SPECIMEN","99671","1608","Rossi, L",,"1994-07-21","1994","7","21",,,,"Brasil","BR","São Paulo",,"São José do Barreiro","Parque Nacional da Serra da Bocaina",,,,,,,,,"Reginato, M","2011-01-01",,"Leandra acutiflora (Naudin) Cogn.","Magnoliopsida","Myrtales","Melastomataceae","Miconia","species","(Naudin) Cogn.","SYNONYM",,,"Miconia acutiflora (Naudin) R.Goldenb.",,,,"Leandra acutiflora","Miconia acutiflora",,,"https://images.cria.org.br/viewer/SPF00099671",,,,"GBIF","SPF",,"Rossi, L.","1608","1994","Souza, M.L.D.","2004",,"Rossi",,"brazil","sao paulo","sao jose do barreiro","parque nacional da serra da bocaina",,"locality","brazil_sao paulo_sao jose barreiro_parque nacional serra bocaina","brazil_sao paulo_sao jose barreiro_parque nacional serra bocaina",-22.74484201,-44.61460885,"locality",145146,"Leandra acutiflora","(Naudin) Cogn.","name_w_authors","Melastomataceae","Leandra acutiflora","(Naudin) Cogn.","species","name accepted","bfo-9498",,,"Leandra acutiflora (Naudin) Cogn.","Leandra","Melastomataceae","brazil_sao paulo_sao jose barreiro","Brazil","São Paulo","São José do Barreiro",,"ibge",TRUE,-22.639999,-44.57,"coord_original","miliseconds","high","Leandra acutiflora","ok_same_resolution","ok_county",,FALSE,"ok_dist","full_name_match","SPF_99671","SP_327203|SPF_99671","4","1","SP_327203","SP_327203","SPF_99671","plantr_exact","High","PARQUE NACIONAL SERRA DA BOCAINA"
,,"https://specieslink.net/col/2",,"UNICAMP","UEC",,"PRESERVED_SPECIMEN","84649","1552","Rossi, L; Catharino, ELM",,"1994-07-16","1994","7","16",,,,"Brasil","BR","São Paulo",,"São José do Barreiro","Parque Nacional da Serra da Bocaina",,,,,,,,,"Freitas, MF","2000-02-18",,"Myrsine villosissima Mart.","Magnoliopsida","Ericales","Primulaceae","Myrsine","species","Mart.","ACCEPTED",,,"Myrsine villosissima Mart.",,,,"Myrsine villosissima","Myrsine villosissima",,"WGS84",,,,,"GBIF","UEC",,"Rossi, L.","1552","1994","Freitas, M.F.","2000","Catharino, E.L.M.","Rossi",,"brazil","sao paulo","sao jose do barreiro","parque nacional da serra da bocaina",,"locality","brazil_sao paulo_sao jose barreiro","brazil_sao paulo_sao jose barreiro_parque nacional serra bocaina",-22.74484201,-44.61460885,"locality",89184,"Myrsine villosissima","Mart.","name_w_authors","Primulaceae","Myrsine villosissima","Mart.","species","name accepted","bfo-10244",,,"Myrsine villosissima Mart.","Myrsine","Primulaceae","brazil_sao paulo_sao jose barreiro","Brazil","São Paulo","São José do Barreiro",,"ibge",TRUE,-22.645,-44.5778,"coord_original","miliseconds","high","Myrsine villosissima","ok_same_resolution","ok_county",,FALSE,"ok_dist","full_name_match","UEC_84649","IAC_33673|SP_290848|SPF_99429|UEC_84649","4","1","UEC_84649","IAC_33673","SPF_99429","plantr_exact","High","PARQUE NACIONAL SERRA DA BOCAINA"
,,"https://specieslink.net/col/2",,"UNICAMP","UEC",,"PRESERVED_SPECIMEN","85882","1931","Catharino, ELM; Rossi, L",,"1994-07-17","1994","7","17",,,,"Brasil","BR","São Paulo",,"São José do Barreiro","Parque Nacional da Serra da Bocaina, Posses.",,,,,,,,,"Faria, AD","2000-03-01",,"Eleocharis maculosa (Vahl) Roem. & Schult.","Liliopsida","Poales","Cyperaceae","Eleocharis","species","(Vahl) Roem. & Schult.","ACCEPTED",,,"Eleocharis maculosa (Vahl) Roem. & Schult.",,,,"Eleocharis maculosa","Eleocharis maculosa",,,"https://images.cria.org.br/viewer/UEC025622",,,,"GBIF","UEC",,"Catharino, E.L.M.","1931","1994","Faria, A.D.","2000","Rossi, L.","Catharino",,"brazil","sao paulo","sao jose do barreiro","parque nacional da serra da bocaina",,"locality","brazil_sao paulo_sao jose barreiro","brazil_sao paulo_sao jose barreiro_parque nacional serra bocaina",-22.74484201,-44.61460885,"locality",89974,"Eleocharis maculosa","(Vahl) Roem. & Schult.","name_w_authors","Cyperaceae","Eleocharis maculosa","(Vahl) Roem. & Schult.","species","name accepted","bfo-17193",,,"Eleocharis maculosa (Vahl) Roem. & Schult.","Eleocharis","Cyperaceae","brazil_sao paulo_sao jose barreiro","Brazil","São Paulo","São José do Barreiro",,"ibge",TRUE,-22.639999,-44.57,"coord_original","miliseconds","high","Eleocharis maculosa","ok_same_resolution","ok_county",,FALSE,"ok_dist","full_name_match","UEC_85882","HRCB_18544|SP_279427|SPF_95896|UEC_85882","4","1","UEC_85882","SPF_95896","SPF_95896","plantr_exact","High","PARQUE NACIONAL SERRA DA BOCAINA"
,,"https://specieslink.net/col/2",,"UNICAMP","UEC",,"PRESERVED_SPECIMEN","84669","1575","Rossi, L; Catharino, ELM",,"1994-07-18","1994","7","18",,,,"Brasil","BR","São Paulo",,"São José do Barreiro","Parque Nacional da Serra da Bocaina, Sítio do Sr. Sebastião Arantes - Grotão de mata úmida, provavelmente remanescente.",,,,,,,,,"Pirani, JR","1997-01-01",,"Picramnia glazioviana Engl.","Magnoliopsida","Picramniales","Picramniaceae","Picramnia","species","Engl.","ACCEPTED",,,"Picramnia glazioviana Engl.",,,,"Picramnia glazioviana","Picramnia glazioviana",,,"https://images.cria.org.br/viewer/UEC072243",,,,"GBIF","UEC",,"Rossi, L.","1575","1994","Pirani, J.R.","1997","Catharino, E.L.M.","Rossi",,"brazil","sao paulo","sao jose do barreiro","parque nacional da serra da bocaina",,"locality","brazil_sao paulo_sao jose barreiro","brazil_sao paulo_sao jose barreiro_parque nacional serra bocaina",-22.74484201,-44.61460885,"locality",89198,"Picramnia glazioviana","Engl.","name_w_authors","Picramniaceae","Picramnia glazioviana","Engl.","species","name accepted","bfo-12598",,,"Picramnia glazioviana Engl.","Picramnia","Picramniaceae","brazil_sao paulo_sao jose barreiro","Brazil","São Paulo","São José do Barreiro",,"ibge",TRUE,-22.639999,-44.57,"coord_original","miliseconds","high","Picramnia glazioviana","ok_same_resolution","ok_county",,FALSE,"ok_dist","full_name_match","UEC_84669","SP_289427|SPF_119118|UEC_84669","3","0.75","UEC_84669","SPF_119118","SPF_119118","plantr_exact","High","PARQUE NACIONAL SERRA DA BOCAINA"
,,"https://specieslink.net/col/2",,"UNICAMP","UEC",,"PRESERVED_SPECIMEN","84670","1582","Rossi, L; Catharino, ELM",,"1994-07-18","1994","7","18",,,,"Brasil","BR","São Paulo",,"São José do Barreiro","Parque Nacional da Serra da Bocaina, Sítio do Sr. Sebastião Arantes - Grotão de mata úmida, provavelmente remanescente",,,,,,,,,"Torres-Junior, JF","2021-11-01",,"Palicourea ruelliifolia (Cham. & Schltdl.) Borhidi","Magnoliopsida","Gentianales","Rubiaceae","Palicourea","species","(Cham. & Schltdl.) Borhidi","ACCEPTED",,,"Palicourea ruelliifolia (Cham. & Schltdl.) Borhidi",,,,"Palicourea ruelliifolia","Palicourea ruelliifolia",,,"https://images.cria.org.br/viewer/UEC101366",,,,"GBIF","UEC",,"Rossi, L.","1582","1994","Taylor, C.M.","1997","Catharino, E.L.M.","Rossi",,"brazil","sao paulo","sao jose do barreiro","parque nacional da serra da bocaina",,"locality","brazil_sao paulo_sao jose barreiro","brazil_sao paulo_sao jose barreiro_parque nacional serra bocaina",-22.74484201,-44.61460885,"locality",199714,"Palicourea ruelliifolia","(Cham. & Schltdl.) Borhidi","name_w_authors","Rubiaceae","Palicourea ruelliifolia","(Cham. & Schltdl.) Borhidi","species","name accepted","bfo-613498",,,"Palicourea ruelliifolia (Cham. & Schltdl.) Borhidi","Palicourea","Rubiaceae","brazil_sao paulo_sao jose barreiro","Brazil","São Paulo","São José do Barreiro",,"ibge",TRUE,-22.639999,-44.57,"coord_original","miliseconds","high","Palicourea ruelliifolia","ok_same_resolution","ok_county",,FALSE,"ok_dist","full_name_match","UEC_84670","MO_3219668|SP_300670|UEC_84670","4","1","MO_3219668","UEC_84670","SP_300670","plantr_exact","High","PARQUE NACIONAL SERRA DA BOCAINA"
,,"https://specieslink.net/col/2",,"UNICAMP","UEC",,"PRESERVED_SPECIMEN","59654","26868","Buzato, S; Sazima, M",,"1992-04-02","1992","4","2",,,,"Brasil","BR","São Paulo",,"São José do Barreiro","Parque Nacional da Serra da Bocaina, Núcleo Cunha.",,,,,,,,,"Chautems, A","1993-01-01",,"Sinningia cooperi (Paxton) Wiehler","Magnoliopsida","Lamiales","Gesneriaceae","Sinningia","species","(Paxton) Wiehler","ACCEPTED",,,"Sinningia cooperi (Paxton) Wiehler",,,,"Sinningia cooperi","Sinningia cooperi",,,"https://images.cria.org.br/viewer/UEC141415",,,,"GBIF","UEC",,"Buzato, S.","26868","1992","Chautems, A.","1993","Sazima, M.","Buzato",,"brazil","sao paulo","sao jose do barreiro","parque nacional da serra da bocaina",,"locality","brazil_sao paulo_sao jose barreiro_parque nacional serra bocaina","brazil_sao paulo_sao jose barreiro_parque nacional serra bocaina",-22.74484201,-44.61460885,"locality",79691,"Sinningia cooperi","(Paxton) Wiehler","name_w_authors","Gesneriaceae","Sinningia cooperi","(Paxton) Wiehler","species","name accepted","bfo-7894",,,"Sinningia cooperi (Paxton) Wiehler","Sinningia","Gesneriaceae","brazil_sao paulo_sao jose barreiro","Brazil","São Paulo","São José do Barreiro",,"ibge",TRUE,-22.639999,-44.57,"coord_original","miliseconds","high","Sinningia cooperi","ok_same_resolution","ok_county",,FALSE,"ok_dist","full_name_match","UEC_59654","UEC_59654[virtual]","1","0.25","UEC_59654","UEC_59654","UEC_59654","plantr_exact","High","PARQUE NACIONAL SERRA DA BOCAINA"
"Physical Object",,,,"JBRJ","RB",,,"RB00833835","659","C. Farney","Mata de Galeria Próxima a entrada do Parque","1985-04-05","1985","4","5",,,"Mata de Galeria Próxima a entrada do Parque","Brasil","BR","São Paulo",,"São José do Barreiro","Parque Nacional da Serra da Bocaina.",,,,,,,,,"L.L. Giacomin","2014-1",,"Solanum cladotrichum Dunal",,,"Solanaceae","Solanum","species","Dunal",,,,,,,,,,,,"jbrj-public-img.s3-sa-east-1.amazonaws.com/JPG/rb/0/83/38/35/00833835-1.jpg|jbrj-public-img.s3-sa-east-1.amazonaws.com/JPG/rb/0/83/38/35/00833835.jpg",,,,"JABOT","RB",,"Farney, C.","659","1985","Giacomin, L.L.","2014",,"Farney",,"brazil","sao paulo","sao jose do barreiro","parque nacional da serra da bocaina",,"locality","brazil_sao paulo_sao jose barreiro_parque nacional serra bocaina","brazil_sao paulo_sao jose barreiro_parque nacional serra bocaina",-22.74484201,-44.61460885,"locality",784084,"Solanum cladotrichum","Dunal","name_w_authors","Solanaceae","Solanum cladotrichum","Dunal","species","name accepted","bfo-14749",,,"Solanum cladotrichum Dunal","Solanum","Solanaceae","brazil_sao paulo_sao jose barreiro","Brazil","São Paulo","São José do Barreiro",,"ibge",TRUE,-22.74484201,-44.61460885,"coord_gazet","seconds","high","Solanum cladotrichum","ok_same_resolution","ok_locality_gazet",,FALSE,"ok_dist","full_name_match","RB_833835","RB_833835[virtual]","2","0.5","RB_833835","RB_833835","RB_833835","plantr_exact","High","PARQUE NACIONAL SERRA DA BOCAINA"
,,"Botany",,"F","Botany","seeds-22-sep-2023","PRESERVED_SPECIMEN","V0327016F","670","C. Farney",,"1985-04-05","1985","4","5",,,,"Brasil","BR","São Paulo",,"São José do Barreiro","Parque Nacional da Serra da Bocaina.",,,"-22","-49",,,,,,,,"Drimys brasiliensis subsp. brasiliensis","Magnoliopsida","Canellales","Winteraceae","Drimys","subspecies",,"ACCEPTED",,,"Drimys brasiliensis subsp. brasiliensis",,,,"Drimys brasiliensis subsp. brasiliensis","Drimys brasiliensis",,"SAD69",,,,,"GBIF","F",,"Farney, C.","670","1985","Fagg, C.W.","2013",,"Farney",,"brazil","sao paulo","sao jose do barreiro","parque nacional da serra da bocaina",,"locality","brazil_sao paulo_sao paulo","brazil_sao paulo_sao jose barreiro_parque nacional serra bocaina",-22.74484201,-44.61460885,"locality",16211,"Drimys brasiliensis subsp. brasiliensis","Miers","subspecies","Winteraceae","Drimys brasiliensis subsp. brasiliensis","Miers","subspecies","name accepted","bfo-109157",,,"Drimys brasiliensis subsp. brasiliensis Miers","Drimys","Winteraceae","brazil_sao paulo_sao paulo","Brazil","São Paulo","São Paulo",,"ibge",TRUE,-22.6438537,-44.569962,"coord_original","miliseconds","high","Drimys brasiliensis","ok_same_resolution","ok_county",,FALSE,"ok_dist","full_name_match","F_V0327016F","F_V0327016F|INPA_130607|K_996867|MBM_104262|MO_100397593|NY_413281|RB_652183","2","0.5","K_996867","NY_413281","MBM_104262","plantr_exact","High","PARQUE NACIONAL SERRA DA BOCAINA"
,,,,"JBRJ","RB","RB - Rio de Janeiro Botanical Garden Herbarium Collection","PRESERVED_SPECIMEN","RB00631320","665","C. Farney","Solo argiloso, frequente nas formações campestres.","1985-04-05","1985","4","5",,,"Solo argiloso, frequente nas formações campestres.","Brasil","BR","São Paulo",,"São José do Barreiro","P. N. da Serra da Bocaina.",,,,,,,,,"M. F. Calió","2010-12-01",,"Calolisianthus pendulus (Mart.) Gilg","Magnoliopsida","Gentianales","Gentianaceae","Calolisianthus","species","(Mart.) Gilg","ACCEPTED",,,"Calolisianthus pendulus (Mart.) Gilg",,,,"Calolisianthus pendulus (Mart.) Gilg","Calolisianthus pendulus",,,"jbrj-public-img.s3-sa-east-1.amazonaws.com/JPG/rb/0/63/13/20/00631320.jpg",,,,"GBIF","RB",,"Farney, C.","665","1985","Calio, M.F.","2010",,"Farney",,"brazil","sao paulo","sao jose do barreiro","parque nacional da serra da bocaina",,"locality","brazil_sao paulo_sao jose barreiro_parque nacional serra bocaina","brazil_sao paulo_sao jose barreiro_parque nacional serra bocaina",-22.74484201,-44.61460885,"locality",250613,"Calolisianthus pendulus","(Mart.) Gilg","name_w_authors","Gentianaceae","Calolisianthus pendulus","(Mart.) Gilg","species","name accepted","bfo-7749",,,"Calolisianthus pendulus (Mart.) Gilg","Calolisianthus","Gentianaceae","brazil_sao paulo_sao jose barreiro","Brazil","São Paulo","São José do Barreiro",,"ibge",TRUE,-22.74484201,-44.61460885,"coord_gazet","seconds","high","Calolisianthus pendulus","ok_same_resolution","ok_locality_gazet",,FALSE,"ok_dist","full_name_match","RB_631320","RB_631320[virtual]","2","0.5","RB_631320","RB_631320","RB_631320","locality_exact","High","PARQUE NACIONAL SERRA DA BOCAINA"
,,"https://specieslink.net/col/237",,"UFU","HUFU",,"PRESERVED_SPECIMEN","58003","672","Farney, C.",,"1985-04-05","1985","4","5",,,,"Brasil","BR","São Paulo",,"São José do Barreiro","Parque Nacional da Serra do Bocaina",,,,,,,,,"Nakadiwa, D.N.","1998-11-01",,"Mikania sessilifolia DC.","Magnoliopsida","Asterales","Asteraceae","Mikania","species","DC.","ACCEPTED",,,"Mikania sessilifolia DC.",,,,"Mikania sessilifolia","Mikania sessilifolia",,,"https://images.cria.org.br/viewer/HUFU00048478",,,,"GBIF","HUFU",,"Farney, C.","672","1985","Nakadiwa, D.N.","1998",,"Farney",,"brazil","sao paulo","sao jose do barreiro","parque nacional da serra do bocaina","parque nacional da serra do bocaina","locality","brazil_sao paulo_sao jose barreiro","brazil_sao paulo_sao jose barreiro_parque nacional serra bocaina",-22.74484201,-44.61460885,"locality",158116,"Mikania sessilifolia","DC.","name_w_authors","Asteraceae","Mikania sessilifolia","DC.","species","name accepted","bfo-16212",,,"Mikania sessilifolia DC.","Mikania","Asteraceae","brazil_sao paulo_sao jose barreiro","Brazil","São Paulo","São José do Barreiro",,"ibge",TRUE,-22.639999,-44.57,"coord_original","miliseconds","high","Mikania sessilifolia","ok_same_resolution","ok_county",,FALSE,"ok_dist","full_name_match","HUFU_58003","HUFU_48478|HUFU_58003|RB_410778","4","1","HUFU_48478","HUFU_58003","HUFU_48478","plantr_exact","High","PARQUE NACIONAL SERRA DA BOCAINA"
,,,,"JBRJ","RB","RB - Rio de Janeiro Botanical Garden Herbarium Collection","PRESERVED_SPECIMEN","RB00040036","9280","G. Martinelli; Alain Chautems","Matas secundárias","1983-04-28","1983","4","28",,,"Matas secundárias","Brasil","BR","São Paulo",,"São José do Barreiro","Estrada de São José do Barreiro, km 10/20. Parque Nacional Serra da Bocaina",,,,,,,,,"Rubens M. Santos","2010-08-28",,"Zanthoxylum rhoifolium Lam.","Magnoliopsida","Sapindales","Rutaceae","Zanthoxylum","species","Lam.","ACCEPTED",,,"Zanthoxylum rhoifolium Lam.",,,,"Zanthoxylum rhoifolium Lam.","Zanthoxylum rhoifolium",,,"jbrj-public-img.s3-sa-east-1.amazonaws.com/JPG/rb/0/4/0/36/00040036.jpg",,,,"GBIF","RB",,"Martinelli, G.","9280","1983","Santos, R.M.","2010","Chautems, A.","Martinelli",,"brazil","sao paulo","sao jose do barreiro","estrada de sao jose do barreiro, parque nacional serra da bocaina","estrada de sao jose do barreiro","locality","brazil_sao paulo_sao jose barreiro","brazil_sao paulo_sao jose barreiro",-22.74888367,-44.58687717,"county",243732,"Zanthoxylum rhoifolium","Lam.","name_w_authors","Rutaceae","Zanthoxylum rhoifolium","Lam.","species","name accepted","bfo-1162",,,"Zanthoxylum rhoifolium Lam.","Zanthoxylum","Rutaceae","brazil_sao paulo_sao jose barreiro","Brazil","São Paulo","São José do Barreiro",,"ibge",TRUE,-22.74888367,-44.58687717,"coord_gazet","seconds_centroid","high","Zanthoxylum rhoifolium","check_local.2municip.","ok_county_gazet",,FALSE,"ok_dist","full_name_match","RB_40036","RB_40036[virtual]","4","1","RB_40036","RB_40036","RB_40036","plantr_exact","High","PARQUE NACIONAL SERRA DA BOCAINA"
,,,,"JBRJ","RB","RB - Rio de Janeiro Botanical Garden Herbarium Collection","PRESERVED_SPECIMEN","RB00609328","9289","G. Martinelli; A. Chautems",,"1983-04-28","1983","4","28",,,,"Brasil","BR","São Paulo",,"São José do Barreiro","caminho p/ cachoeira Santo Ezidro. Parque Nacional da Serra da Bocaína",,,,,,,,,"G.V. Somner","1998-07-17",,"Serjania gracilis Radlk.","Magnoliopsida","Sapindales","Sapindaceae","Serjania","species","Radlk.","ACCEPTED",,,"Serjania gracilis Radlk.",,,,"Serjania gracilis Radlk.","Serjania gracilis",,,"jbrj-public-img.s3-sa-east-1.amazonaws.com/JPG/rb/0/60/93/28/00609328.jpg",,,,"GBIF","RB",,"Martinelli, G.","9289","1983","Somner, G.V.","1998","Chautems, A.","Martinelli",,"brazil","sao paulo","sao jose do barreiro","parque nacional da serra da bocaina","caminho p","locality","brazil_sao paulo_sao jose barreiro_parque nacional serra bocaina","brazil_sao paulo_sao jose barreiro_parque nacional serra bocaina",-22.74484201,-44.61460885,"locality",250071,"Serjania gracilis","Radlk.","name_w_authors","Sapindaceae","Serjania gracilis","Radlk.","species","name accepted","bfo-32735",,,"Serjania gracilis Radlk.","Serjania","Sapindaceae","brazil_sao paulo_sao jose barreiro","Brazil","São Paulo","São José do Barreiro",,"ibge",TRUE,-22.74484201,-44.61460885,"coord_gazet","seconds","high","Serjania gracilis","ok_same_resolution","ok_locality_gazet",,FALSE,"ok_dist","full_name_match","RB_609328","RB_609328[virtual]","4","1","RB_609328","RB_609328","RB_609328","locality_exact","High","PARQUE NACIONAL SERRA DA BOCAINA"
,,,,"JBRJ","RB","RB - Rio de Janeiro Botanical Garden Herbarium Collection","PRESERVED_SPECIMEN","RB00181691","7773","Martinelli, G.; M.C. Marques, Zelia","Mata ciliar.","1981-11-24","1981","11","24",,,"Mata ciliar.","Brasil","BR","São Paulo",,"Bananal","Parque Nacional da Serra da Bocaina, margens do Rio Bonito. Parque Nacional da Serra da Bocaina",,,,,,,,,"P. Leitman",,,"Nidularium bocainense Leme","Liliopsida","Poales","Bromeliaceae","Nidularium","species","Leme","ACCEPTED",,,"Nidularium bocainense Leme",,,,"Nidularium bocainense Leme","Nidularium bocainense",,,"jbrj-public-img.s3-sa-east-1.amazonaws.com/JPG/rb/0/18/16/91/00181691.jpg",,,,"GBIF","RB",,"Martinelli, G.","7773","1981",,,"C. Marques, Z.M.","Martinelli",,"brazil","sao paulo","bananal","parque nacional da serra da bocaina",,"locality","brazil_sao paulo_bananal","brazil_sao paulo_bananal",-22.73353405,-44.33438939,"county",236279,"Nidularium bocainense","Leme","name_w_authors","Bromeliaceae","Nidularium bocainense","Leme","species","name accepted","bfo-6242",,,"Nidularium bocainense Leme","Nidularium","Bromeliaceae","brazil_sao paulo_bananal","Brazil","São Paulo","Bananal",,"ibge",TRUE,-22.73353405,-44.33438939,"coord_gazet","seconds_centroid","high","Nidularium bocainense","check_local.2municip.","ok_county_gazet",,,"ok_dist","full_name_match","RB_181691","RB_181691|US_2951820","1","0.25",,"RB_181691","RB_181691","plantr_exact","High","PARQUE NACIONAL SERRA DA BOCAINA"
,,"https://specieslink.net/col/2",,"UNICAMP","UEC",,"PRESERVED_SPECIMEN","25095","12901","Shepherd, GJ; Kinoshita, LS; Shepherd, GJ",,"1981-09-08","1981","9","8",,,,"Brasil","BR","São Paulo",,"São José do Barreiro","Parque Nacional da Serra da Bocaina, Estrada para Fazenda Pinheirinho, km 25. Campo ao lado do Rio Manbucaba.",,,,,,,,,,,,"Mimosa scabrella Benth.","Magnoliopsida","Fabales","Fabaceae","Mimosa","species","Benth.","ACCEPTED",,,"Mimosa scabrella Benth.",,,,"Mimosa scabrella","Mimosa scabrella",,,,,,,"GBIF","UEC",,"Shepherd, G.J.","12901","1981","Fonseca, M.L.","2022","Kinoshita, L.S.; Shepherd, G.J.","Shepherd",,"brazil","sao paulo","sao jose do barreiro","parque nacional da serra da bocaina, estrada para fazenda pinheirinho","parque nacional da serra da bocaina","locality","brazil_sao paulo_sao jose barreiro","brazil_sao paulo_sao jose barreiro",-22.74888367,-44.58687717,"county",72733,"Mimosa scabrella","Benth.","name_w_authors","Fabaceae","Mimosa scabrella","Benth.","species","name accepted","bfo-100978",,,"Mimosa scabrella Benth.","Mimosa","Fabaceae","brazil_sao paulo_sao jose barreiro","Brazil","São Paulo","São José do Barreiro",,"ibge",TRUE,-22.639999,-44.57,"coord_original","miliseconds","high","Mimosa scabrella","check_local.2municip.","ok_county",,FALSE,"ok_dist","full_name_match","UEC_25095","IBGE_14898|UEC_25095","2","0.5","IBGE_14898","UEC_25095","UEC_25095","plantr_exact","High","PARQUE NACIONAL SERRA DA BOCAINA"
,,,,"JBRJ","RB","RB - Rio de Janeiro Botanical Garden Herbarium Collection","PRESERVED_SPECIMEN","RB00577467","7776","G. Martinelli; M.C. Marques & Zelia",,"1981-11-24","1981","11","24",,,,"Brasil","BR","São Paulo",,"Bananal","Parque Nacional da Serra da Bocaina, margens do rio Bonito.",,,,,,,,"PARATYPE","J.M.A. Braga","1999-06-30",,"Codonanthe cordifolia Chautems","Magnoliopsida","Lamiales","Gesneriaceae","Codonanthe","species","Chautems","ACCEPTED",,,"Codonanthe cordifolia Chautems",,,,"Codonanthe cordifolia Chautems","Codonanthe cordifolia",,,"jbrj-public-img.s3-sa-east-1.amazonaws.com/JPG/rb/0/57/74/67/00577467.jpg",,,,"GBIF","RB",,"Martinelli, G.","7776","1981","Braga, J.M.A.","1999","Marques, M.C.; Zelia","Martinelli",,"brazil","sao paulo","bananal","parque nacional da serra da bocaina",,"locality","brazil_sao paulo_bananal","brazil_sao paulo_bananal",-22.73353405,-44.33438939,"county",249440,"Codonanthe cordifolia","Chautems","name_w_authors","Gesneriaceae","Codonanthe cordifolia","Chautems","species","name accepted","bfo-7824",,,"Codonanthe cordifolia Chautems","Codonanthe","Gesneriaceae","brazil_sao paulo_bananal","Brazil","São Paulo","Bananal",,"ibge",TRUE,-22.73353405,-44.33438939,"coord_gazet","seconds_centroid","high","Codonanthe cordifolia","check_local.2municip.","ok_county_gazet",,FALSE,"ok_dist","full_name_match","RB_577467",,"cc","cc",,,,"plantr_exact","High","PARQUE NACIONAL SERRA DA BOCAINA"
,,,,"JBRJ","RB","RB - Rio de Janeiro Botanical Garden Herbarium Collection","PRESERVED_SPECIMEN","RB00079705","7775","G. Martinelli; M.C.Marques & Zélia","Mata ciliar","1981-11-24","1981","11","24",,,"Mata ciliar","Brasil","BR","São Paulo",,"Bananal","Parque Nacional da Serra da Bocaina, Margens do Rio Bonito. Parque Nacional da Serra da Bocaina",,,,,,,,,"A. Amaral Jr & Joalice de Oliveira Mendonça","1997-07-29",,"Erythroxylum gonoclados (Mart.) O.E.Schulz","Magnoliopsida","Malpighiales","Erythroxylaceae","Erythroxylum","species","(Mart.) O.E.Schulz","ACCEPTED",,,"Erythroxylum gonoclados (Mart.) O.E.Schulz",,,,"Erythroxylum gonoclados (Mart.) O.E.Schulz","Erythroxylum gonoclados",,,"jbrj-public-img.s3-sa-east-1.amazonaws.com/JPG/rb/0/7/97/5/00079705.jpg",,,,"GBIF","RB",,"Martinelli, G.","7775","1981","Jr, A.A.","1997","Marques, M.C.; Zelia","Martinelli","Mendonca, J.O.","brazil","sao paulo","bananal","parque nacional da serra da bocaina",,"locality","brazil_sao paulo_bananal","brazil_sao paulo_bananal",-22.73353405,-44.33438939,"county",255569,"Erythroxylum gonocladum","(Mart.) O.E.Schulz","name_w_authors","Erythroxylaceae","Erythroxylum gonocladum","(Mart.) O.E.Schulz","species","replaced orth. variant","bfo-7704","Erythroxylum gonocladum","(Mart.) O.E.Schulz","Erythroxylum gonocladum (Mart.) O.E.Schulz","Erythroxylum","Erythroxylaceae","brazil_sao paulo_bananal","Brazil","São Paulo","Bananal",,"ibge",TRUE,-22.73353405,-44.33438939,"coord_gazet","seconds_centroid","high","Erythroxylum gonocladum","check_local.2municip.","ok_county_gazet",,FALSE,"ok_dist","full_name_match","RB_79705","RB_79705[virtual]","1","0.25","RB_79705","RB_79705","RB_79705","plantr_exact","High","PARQUE NACIONAL SERRA DA BOCAINA"
,,,,"JBRJ","RB","RB - Rio de Janeiro Botanical Garden Herbarium Collection","PRESERVED_SPECIMEN","RB00458209","1221","H.C.de Lima; T.P.Ramamoorthy","na mata de encosta de grande altitude","1980-05-12","1980","5","12",,,"na mata de encosta de grande altitude","Brasil","BR","São Paulo",,"São José do Barreiro","Subida para o Parque Nacional da Serra da Bocaina. Parque Nacional da Serra da Bocaina",,,,,,,,,"M.C.Vianna",,,"Vochysia magnifica Warm.","Magnoliopsida","Myrtales","Vochysiaceae","Vochysia","species","Warm.","ACCEPTED",,,"Vochysia magnifica Warm.",,,,"Vochysia magnifica Warm.","Vochysia magnifica",,,"jbrj-public-img.s3-sa-east-1.amazonaws.com/JPG/rb/0/45/82/9/00458209.jpg|jbrj-public-img.s3-sa-east-1.amazonaws.com/JPG/rb/0/45/82/9/00458209-1.jpg",,,,"GBIF","RB",,"Lima, H.C.","1221","1980",,,"Ramamoorthy, T.P.","Lima",,"brazil","sao paulo","sao jose do barreiro","subida para o parque nacional da serra da bocaina, parque nacional da serra da bocaina","subida para o parque nacional da serra da bocaina","locality","brazil_sao paulo_sao jose barreiro","brazil_sao paulo_sao jose barreiro",-22.74888367,-44.58687717,"county",246084,"Vochysia magnifica","Warm.","name_w_authors","Vochysiaceae","Vochysia magnifica","Warm.","species","name accepted","bfo-15308",,,"Vochysia magnifica Warm.","Vochysia","Vochysiaceae","brazil_sao paulo_sao jose barreiro","Brazil","São Paulo","São José do Barreiro",,"ibge",TRUE,-22.74888367,-44.58687717,"coord_gazet","seconds_centroid","high","Vochysia magnifica","check_local.2municip.","ok_county_gazet",,FALSE,"ok_dist","full_name_match","RB_458209","RB_1260827|RB_458209","4","1",,"RB_458209","RB_458209","plantr_exact","High","PARQUE NACIONAL SERRA DA BOCAINA"
,,,,"JBRJ","RB","RB - Rio de Janeiro Botanical Garden Herbarium Collection","PRESERVED_SPECIMEN","RB00825067","1227","H.C. de Lima; T.P. Ramamoorthy","Frequente nos campos de altitude","1980-05-14","1980","5","14",,,"Frequente nos campos de altitude","Brasil","BR","São Paulo",,"São José do Barreiro","Parque Nacional da Serra da Bocaina, Fazenda das Garrafas, caminho para a Fruticultura.",,,,,,,,,"R. Andreata",,,"Smilax rufescens Griseb.","Liliopsida","Liliales","Smilacaceae","Smilax","species","Griseb.","ACCEPTED",,,"Smilax rufescens Griseb.",,,,"Smilax rufescens Griseb.","Smilax rufescens",,,"jbrj-public-img.s3-sa-east-1.amazonaws.com/JPG/rb/0/82/50/67/00825067.jpg",,,,"GBIF","RB",,"Lima, H.C.","1227","1980",,,"Ramamoorthy, T.P.","Lima",,"brazil","sao paulo","sao jose do barreiro","parque nacional da serra da bocaina, fazenda das garrafas","parque nacional da serra da bocaina","locality","brazil_sao paulo_sao jose barreiro","brazil_sao paulo_sao jose barreiro",-22.74888367,-44.58687717,"county",256017,"Smilax rufescens","Griseb.","name_w_authors","Smilacaceae","Smilax rufescens","Griseb.","species","name accepted","bfo-21131",,,"Smilax rufescens Griseb.","Smilax","Smilacaceae","brazil_sao paulo_sao jose barreiro","Brazil","São Paulo","São José do Barreiro",,"ibge",TRUE,-22.74888367,-44.58687717,"coord_gazet","seconds_centroid","high","Smilax rufescens","check_local.2municip.","ok_county_gazet",,TRUE,"ok_dist","full_name_match","RB_825067","RB_825067[virtual]","4","1",,"RB_825067","RB_825067","plantr_exact","High","PARQUE NACIONAL SERRA DA BOCAINA"
,,,,"JBRJ","RB","RB - Rio de Janeiro Botanical Garden Herbarium Collection","PRESERVED_SPECIMEN","RB00633474","1226","H.C. de Lima; T.P. Ramamoorthy","Frequente nos campos de altitude.","1980-05-14","1980","5","14",,,"Frequente nos campos de altitude.","Brasil","BR","São Paulo",,"São Paulo","Mun. S. José do Barreiro, Parque Nacional da Serra da Bocaina, Fazenda das Garrafas, caminho para a Fruticultura. .",,,,,,,,,,,,"Smilax quinquenervia Vell.","Liliopsida","Liliales","Smilacaceae","Smilax","species","Vell.","ACCEPTED",,,"Smilax quinquenervia Vell.",,,,"Smilax quinquenervia Vell.","Smilax quinquenervia",,,"jbrj-public-img.s3-sa-east-1.amazonaws.com/JPG/rb/0/63/34/74/00633474.jpg",,,,"GBIF","RB",,"Lima, H.C.","1226","1980",,,"Ramamoorthy, T.P.","Lima",,"brazil","sao paulo","sao paulo","parque nacional da serra da bocaina, fazenda das garrafas","municipio de sao jose do barreiro","locality","brazil_sao paulo_sao paulo","brazil_sao paulo_sao paulo",-23.65041685,-46.64802516,"county",250823,"Smilax quinquenervia","Vell.","name_w_authors","Smilacaceae","Smilax quinquenervia","Vell.","species","name accepted","bfo-14563",,,"Smilax quinquenervia Vell.","Smilax","Smilacaceae","brazil_sao paulo_sao paulo","Brazil","São Paulo","São Paulo",,"ibge",TRUE,-23.65041685,-46.64802516,"coord_gazet","seconds_centroid","high","Smilax quinquenervia","check_local.2municip.","ok_county_gazet",,FALSE,"ok_dist","full_name_match","RB_633474","RB_633474[virtual]","4","1",,"RB_633474","RB_633474","plantr_exact","High","PARQUE NACIONAL SERRA DA BOCAINA"
,,,,"JBRJ","RB","RB - Rio de Janeiro Botanical Garden Herbarium Collection","PRESERVED_SPECIMEN","RB00331185","1220","H.C.de Lima; T.P.Ramamoorthy",,"1980-05-12","1980","5","12",,,,"Brasil","BR","São Paulo",,"São José do Barreiro","Subida para o Parque Nacional da Serra da Bocaina. Parque Nacional da Serra da Bocaina",,,,,,,,,"H.C.de Lima",,,"Rubus erythroclados Mart. ex Hook.fil.","Magnoliopsida","Rosales","Rosaceae","Rubus","species","Mart. ex Hook.f.","ACCEPTED",,,"Rubus erythroclados Mart. ex Hook.fil.",,,,"Rubus erythroclados Mart. ex Hook.f.","Rubus erythroclados",,,"jbrj-public-img.s3-sa-east-1.amazonaws.com/JPG/rb/0/33/11/85/00331185-1.jpg|jbrj-public-img.s3-sa-east-1.amazonaws.com/JPG/rb/0/33/11/85/00331185.jpg",,,,"GBIF","RB",,"Lima, H.C.","1220","1980",,,"Ramamoorthy, T.P.","Lima",,"brazil","sao paulo","sao jose do barreiro","subida para o parque nacional da serra da bocaina, parque nacional da serra da bocaina","subida para o parque nacional da serra da bocaina","locality","brazil_sao paulo_sao jose barreiro","brazil_sao paulo_sao jose barreiro",-22.74888367,-44.58687717,"county",241346,"Rubus erythroclados","Mart. ex Hook.f.","name_w_authors","Rosaceae","Rubus erythroclados","Mart. ex Hook.f.","species","author misspelled","bfo-32508",,,"Rubus erythroclados Mart. ex Hook.f.","Rubus","Rosaceae","brazil_sao paulo_sao jose barreiro","Brazil","São Paulo","São José do Barreiro",,"ibge",TRUE,-22.74888367,-44.58687717,"coord_gazet","seconds_centroid","high","Rubus erythroclados","check_local.2municip.","ok_county_gazet",,FALSE,"ok_dist","full_name_match","RB_331185","RB_331185[virtual]","4","1",,"RB_331185","RB_331185","plantr_exact","High","PARQUE NACIONAL SERRA DA BOCAINA"
,,"https://specieslink.net/col/7",,"USP-IB","SPF",,"PRESERVED_SPECIMEN","204716","6706","Martinelli, G",,"1980-04-05","1980","4","5",,,,"Brasil","BR","São Paulo",,"Bananal","Marco 22. Parque Nacional da Serra da Bocaina",,,,,,,,,"Sobral, M","2010-01-01",,"Myrcia plusiantha Kiaersk.","Magnoliopsida","Myrtales","Myrtaceae","Myrcia","species","Kiaersk.","ACCEPTED",,,"Myrcia plusiantha Kiaersk.",,,,"Myrcia plusiantha","Myrcia plusiantha",,,"https://images.cria.org.br/viewer/SPF00204716",,,,"GBIF","SPF",,"Martinelli, G.","6706","1980","Sobral, M.",,,"Martinelli",,"brazil","sao paulo","bananal","parque nacional da serra da bocaina",,"locality","brazil_sao paulo_bananal","brazil_sao paulo_bananal",-22.73353405,-44.33438939,"county",224706,"Myrcia plusiantha","Kiaersk.","name_w_authors","Myrtaceae","Myrcia plusiantha","Kiaersk.","species","name accepted","bfo-10739",,,"Myrcia plusiantha Kiaersk.","Myrcia","Myrtaceae","brazil_sao paulo_bananal","Brazil","São Paulo","Bananal",,"ibge",TRUE,-22.73353405,-44.33438939,"coord_gazet","seconds_centroid","high","Myrcia plusiantha","check_local.2municip.","ok_county_gazet",,FALSE,"ok_dist","full_name_match","SPF_204716","RB_313441|SPF_204716","1","0.25","RB_313441","RB_313441","RB_313441","plantr_exact","High","PARQUE NACIONAL SERRA DA BOCAINA"
,,,,"JBRJ","RB","RB - Rio de Janeiro Botanical Garden Herbarium Collection","PRESERVED_SPECIMEN","RB00163440","1217","H.C. de Lima; T.P. Ramamoorthy","Muito frequente nos locais úmidos","1980-05-12","1980","5","12",,,"Muito frequente nos locais úmidos","Brazil","BR","São Paulo",,"São José do Barreiro Mun.","Subida para o Parque Nacional de Serra da Bocaina",,,,,,,,"PARATYPE","Barneby",,,"Mimosa bocainae Barneby","Magnoliopsida","Fabales","Fabaceae","Mimosa","species","Barneby","ACCEPTED",,,"Mimosa bocainae Barneby",,,,"Mimosa bocainae Barneby","Mimosa bocainae",,"SAD69","jbrj-public-img.s3-sa-east-1.amazonaws.com/JPG/rb/0/16/34/40/00163440.jpg",,,,"GBIF","RB",,"Lima, H.C.","1217","1980","Barneby",,"Ramamoorthy, T.P.","Lima",,"brazil","sao paulo","sao jose do barreiro","subida para o parque nacional de serra da bocaina",,"locality","brazil_sao paulo_sao jose barreiro","brazil_sao paulo_sao jose barreiro",-22.74888367,-44.58687717,"county",235614,"Mimosa bocainae","Barneby","name_w_authors","Fabaceae","Mimosa bocainae","Barneby","species","name accepted","bfo-100942",,,"Mimosa bocainae Barneby","Mimosa","Fabaceae","brazil_sao paulo_sao jose barreiro","Brazil","São Paulo","São José do Barreiro",,"ibge",TRUE,-22.6438537,-44.569962,"coord_original","miliseconds","high","Mimosa bocainae","check_local.2municip.","ok_county",,FALSE,"ok_dist","full_name_match","RB_163440","NY_419054|RB_163440|RB_722492|SP_487873","3","0.75","RB_163440","NY_419054","NY_419054","plantr_exact","High","PARQUE NACIONAL SERRA DA BOCAINA"
,,"https://specieslink.net/col/45",,"UFPR","UPCB",,"PRESERVED_SPECIMEN","80175","1230","Lima, H.C.; Ramamoorthy, T.P.",,"1980-05-14","1980","5","14",,,,"Brasil","BR","São Paulo",,"São José do Barreiro","Subida para o Parque Nacional da Serra da bocaina, alt.: 1500m.sm.",,,,,,,,,"Meyer, F.S.","2017-08-01",,"Pleroma semidecandrum (Schrank & Mart. ex DC.) Triana","Magnoliopsida","Myrtales","Melastomataceae","Pleroma","species","(Schrank et Mart. ex DC.) Triana","ACCEPTED",,,"Pleroma semidecandrum (Schrank & Mart. ex DC.) Triana",,,,"Pleroma semidecandrum","Pleroma semidecandrum",,,"https://images.cria.org.br/viewer/UPCB0017702",,,,"GBIF","UPCB",,"Lima, H.C.","1230","1980","Meyer, F.S.","2017","Ramamoorthy, T.P.","Lima",,"brazil","sao paulo","sao jose do barreiro","subida para o parque nacional da serra da bocaina",,"locality","brazil_sao paulo_sao jose barreiro","brazil_sao paulo_sao jose barreiro",-22.74888367,-44.58687717,"county",40732,"Pleroma semidecandrum","(Schrank et Mart. ex DC.) Triana","name_w_authors","Melastomataceae","Pleroma semidecandrum","(Schrank et Mart. ex DC.) Triana","species","author misspelled","bfo-603050",,,"Pleroma semidecandrum (Schrank et Mart. ex DC.) Triana","Pleroma","Melastomataceae","brazil_sao paulo_sao jose barreiro","Brazil","São Paulo","São José do Barreiro",,"ibge",TRUE,-22.639999,-44.57,"coord_original","miliseconds","high","Pleroma semidecandrum","check_local.2municip.","ok_county",,FALSE,"ok_dist","full_name_match","UPCB_80175","RB_229769|SP_192826|UPCB_17702|UPCB_80175","4","1","UPCB_80175","UPCB_80175","UPCB_80175","plantr_exact","High","PARQUE NACIONAL SERRA DA BOCAINA"
,,"https://specieslink.net/col/204",,"UEFS","HUEFS",,"PRESERVED_SPECIMEN","27722","1216","Lima, H.C.de",,"1980-05-12","1980","5","12",,,,"Brasil","BR","São Paulo",,"São José do Barreiro","Subida para o Parque Nacional da Serra da Bocaina.",,,,,,,,,"L.P.de Queiroz","2003-02-01",,"Cratylia spectabilis Tul.","Magnoliopsida","Fabales","Fabaceae","Camptosema","species","Tul.","SYNONYM",,,"Camptosema spectabile (Tul.) Burkart",,,,"Cratylia spectabilis","Camptosema spectabile",,,"https://images.cria.org.br/viewer/HUEFS0027722",,,,"GBIF","HUEFS",,"Lima, H.C.","1216","1980","Queiroz, L.P.","2003",,"Lima",,"brazil","sao paulo","sao jose do barreiro","subida para o parque nacional da serra da bocaina",,"locality","brazil_sao paulo_sao jose barreiro","brazil_sao paulo_sao jose barreiro",-22.74888367,-44.58687717,"county",162466,"Cratylia spectabilis","Tul.","name_w_authors","Fabaceae","Cratylia spectabilis","Tul.","species","name accepted","bfo-18450",,,"Cratylia spectabilis Tul.","Cratylia","Fabaceae","brazil_sao paulo_sao jose barreiro","Brazil","São Paulo","São José do Barreiro",,"ibge",TRUE,-22.639999,-44.57,"coord_original","miliseconds","high","Cratylia spectabilis","check_local.2municip.","ok_county",,FALSE,"ok_dist","full_name_match","HUEFS_27722","HUEFS_27722|RB_169989|UEC_31384","4","1","HUEFS_27722","UEC_31384","UEC_31384","plantr_exact","High","PARQUE NACIONAL SERRA DA BOCAINA"
,,"Botany",,"F","Botany","seeds-22-sep-2023","PRESERVED_SPECIMEN","V0188161F","1215","H. C. de Lima",,"1980-05-12","1980","5","12",,,,"Brasil","BR","São Paulo",,"São José do Barreiro","Subida para o parque Nacional da Serra da Bocaina.",,,"-22","-49",,,,,,,,"Combretum fruticosum (Loefl.) Stuntz","Magnoliopsida","Myrtales","Combretaceae","Combretum","species",,"ACCEPTED",,,"Combretum fruticosum (Loefl.) Stuntz",,,,"Combretum fruticosum (Loefl.) Stuntz","Combretum fruticosum",,,,,,,"GBIF","F",,"Lima, H.C.","1215","1980","Marquete, N.","2001",,"Lima",,"brazil","sao paulo","sao jose do barreiro","subida para o parque nacional da serra da bocaina",,"locality","brazil_sao paulo_sao paulo","brazil_sao paulo_sao jose barreiro",-22.74888367,-44.58687717,"county",196907,"Combretum fruticosum","(Loefl.) Stuntz","name_w_authors","Combretaceae","Combretum fruticosum","(Loefl.) Stuntz","species","name accepted","bfo-6902",,,"Combretum fruticosum (Loefl.) Stuntz","Combretum","Combretaceae","brazil_sao paulo_sao paulo","Brazil","São Paulo","São Paulo",,"ibge",TRUE,-22.74888367,-44.58687717,"coord_gazet","seconds_centroid","high","Combretum fruticosum","check_local.2municip.","ok_county_gazet",,FALSE,"ok_dist","full_name_match","F_V0188161F","F_V0188161F|RB_654367","2","0.5","RB_654367","RB_654367","RB_654367","plantr_exact","High","PARQUE NACIONAL SERRA DA BOCAINA"
,,,,"RB","RB",,"PRESERVED_SPECIMEN","RB00181702","4683","Martinelli, G.","frutos imaturos de cor alva",,"1978","6","23",,,"frutos imaturos de cor alva","Brasil",,"São Paulo",,"Bananal","próximo ao Marco 22. Parque Nacional da Serra da Bocaina",,"1100",,,,,,"não","P. Leitman",,,"nidularium robustum subsp. robustum (E. Pereira & I.A. Penna) Leme",,,"Bromeliaceae","nidularium","variety","(E. Pereira & I.A. Penna) Leme",,,,,,,,"nidularium robustum subsp. robustum (E. Pereira & I.A. Penna) Leme","robustum",,,,,"RB 199917",,"Reflora","RB",,"Martinelli, G.","4683","1978","Leitman, P.",,,"Martinelli",,"brazil","sao paulo","bananal","parque nacional da serra da bocaina","proximo ao marco 22","locality","brazil_sao paulo_bananal","brazil_sao paulo_bananal",-22.73353405,-44.33438939,"county",1930140,"Nidularium robustum subsp. robustum","(E. Pereira & I.A. Penna) Leme","subspecies|name_w_wrong_case|name_w_authors",,"Nidularium robustum subsp. robustum","(E. Pereira & I.A. Penna) Leme","variety","not found",,,,"Nidularium robustum subsp. robustum (E. Pereira & I.A. Penna) Leme","Nidularium","Bromeliaceae","brazil_sao paulo_bananal","Brazil","São Paulo","Bananal",,"ibge",TRUE,-22.73353405,-44.33438939,"coord_gazet","seconds_centroid","high","Nidularium robustum","check_local.2municip.","ok_county_gazet",,,"no_cannot_check","no_match","RB_181702",,"0","0",,,,"plantr_exact","High","PARQUE NACIONAL SERRA DA BOCAINA"
,,,,"JBRJ","RB","RB - Rio de Janeiro Botanical Garden Herbarium Collection","PRESERVED_SPECIMEN","RB00038525","4665","G. Martinelli",,"1978-06-23","1978","6","23",,,,"Brasil","BR","São Paulo",,"Bananal","Parque Nacional da Serra da Bocaina, próximo ao Marco nº 22. Parque Nacional da Serra da Bocaina",,,,,,,,,"Sheila Profice",,,"Staurogyne itatiaiae (Wawra) Leonard","Magnoliopsida","Lamiales","Acanthaceae","Staurogyne","species","(Wawra) Leonard","ACCEPTED",,,"Staurogyne itatiaiae (Wawra) Leonard",,,,"Staurogyne itatiaiae (Wawra) Leonard","Staurogyne itatiaiae",,,"jbrj-public-img.s3-sa-east-1.amazonaws.com/JPG/rb/0/3/85/25/00038525.jpg",,,,"GBIF","RB",,"Martinelli, G.","4665","1978",,,,"Martinelli",,"brazil","sao paulo","bananal","parque nacional da serra da bocaina",,"locality","brazil_sao paulo_bananal","brazil_sao paulo_bananal",-22.73353405,-44.33438939,"county",242560,"Staurogyne itatiaiae","(Wawra) Leonard","name_w_authors","Acanthaceae","Staurogyne itatiaiae","(Wawra) Leonard","species","name accepted","bfo-4232",,,"Staurogyne itatiaiae (Wawra) Leonard","Staurogyne","Acanthaceae","brazil_sao paulo_bananal","Brazil","São Paulo","Bananal",,"ibge",TRUE,-22.73353405,-44.33438939,"coord_gazet","seconds_centroid","high","Staurogyne itatiaiae","check_local.2municip.","ok_county_gazet",,FALSE,"ok_dist","full_name_match","RB_38525","RB_38525[virtual]","1","0.25",,"RB_38525","RB_38525","plantr_exact","High","PARQUE NACIONAL SERRA DA BOCAINA"
,,,,"JBRJ","RB","RB - Rio de Janeiro Botanical Garden Herbarium Collection","PRESERVED_SPECIMEN","RB00274073","4688","G. Martinelli",,"1978-06-23","1978","6","23",,,,"Brasil","BR","São Paulo",,"Bananal","Parque Nacional da Serra da Bocaina, próximo ao Marco 22. Parque Nacional da Serra da Bocaina",,,,,,,,,"Elsie Franklin Guimarães",,,"Peperomia hilariana Miq.","Magnoliopsida","Piperales","Piperaceae","Peperomia","species","Miq.","ACCEPTED",,,"Peperomia hilariana Miq.",,,,"Peperomia hilariana Miq.","Peperomia hilariana",,,"jbrj-public-img.s3-sa-east-1.amazonaws.com/JPG/rb/0/27/40/73/00274073.jpg",,,,"GBIF","RB",,"Martinelli, G.","4688","1978","Guimaraes, E.F.",,,"Martinelli",,"brazil","sao paulo","bananal","parque nacional da serra da bocaina",,"locality","brazil_sao paulo_bananal","brazil_sao paulo_bananal",-22.73353405,-44.33438939,"county",238937,"Peperomia hilariana","Miq.","name_w_authors","Piperaceae","Peperomia hilariana","Miq.","species","name accepted","bfo-12660",,,"Peperomia hilariana Miq.","Peperomia","Piperaceae","brazil_sao paulo_bananal","Brazil","São Paulo","Bananal",,"ibge",TRUE,-22.73353405,-44.33438939,"coord_gazet","seconds_centroid","high","Peperomia hilariana","check_local.2municip.","ok_county_gazet",,FALSE,"ok_dist","full_name_match","RB_274073",,"cc","cc",,,,"plantr_exact","High","PARQUE NACIONAL SERRA DA BOCAINA"
,,,,"JBRJ","RB","RB - Rio de Janeiro Botanical Garden Herbarium Collection","PRESERVED_SPECIMEN","RB00129527","4671","G. Martinelli",,"1978-06-23","1978","6","23",,,,"Brasil","BR","São Paulo",,"Bananal","Parque Nacional da Serra da Bocaina., próx. ao marco 22. Parque Nacional da Serra da Bocaina",,,,,,,,,,,,"Salvia L.","Magnoliopsida","Lamiales","Lamiaceae","Salvia","genus",,"ACCEPTED",,,"Salvia L.",,,,"Salvia",,,,"jbrj-public-img.s3-sa-east-1.amazonaws.com/JPG/rb/0/12/95/27/00129527.jpg",,,,"GBIF","RB",,"Martinelli, G.","4671","1978",,,,"Martinelli",,"brazil","sao paulo","bananal","parque nacional da serra da bocaina",,"locality","brazil_sao paulo_bananal","brazil_sao paulo_bananal",-22.73353405,-44.33438939,"county",1613339,"Salvia","L.","name_w_authors","Lamiaceae","Salvia","L.","genus","name accepted","bfo-8296",,,"Salvia L.","Salvia","Lamiaceae","brazil_sao paulo_bananal","Brazil","São Paulo","Bananal",,"ibge",TRUE,-22.73353405,-44.33438939,"coord_gazet","seconds_centroid","high",,"check_local.2municip.","ok_county_gazet",,FALSE,"no_cannot_check","full_name_match","RB_129527","RB_129527[virtual]","1","0.25",,"RB_129527","RB_129527","plantr_exact","High","PARQUE NACIONAL SERRA DA BOCAINA"
,,,,"JBRJ","RB","RB - Rio de Janeiro Botanical Garden Herbarium Collection","PRESERVED_SPECIMEN","RB00061109","4628","G. Martinelli","Crescendo em pasto.","1978-06-20","1978","6","20",,,"Crescendo em pasto.","Brasil","BR","São Paulo",,"São Paulo","Muni. Cunha, Campos Novos do Cunha, Parque Nacional da Serra do Bocaina, caminho para a Mata do Triste.",,,,,,,,,,,,"Cynoglossum L.","Magnoliopsida","Boraginales","Boraginaceae","Cynoglossum","genus",,"ACCEPTED",,,"Cynoglossum L.",,,,"Cynoglossum",,,,"jbrj-public-img.s3-sa-east-1.amazonaws.com/JPG/rb/0/6/11/9/00061109.jpg",,,,"GBIF","RB",,"Martinelli, G.","4628","1978",,,,"Martinelli",,"brazil","sao paulo","sao paulo","parque nacional da serra do bocaina","muni","locality","brazil_sao paulo_sao paulo","brazil_sao paulo_sao paulo",-23.65041685,-46.64802516,"county",1614047,"Cynoglossum","L.","name_w_authors","Boraginaceae","Cynoglossum","L.","genus","name accepted","bfo-613461",,,"Cynoglossum L.","Cynoglossum","Boraginaceae","brazil_sao paulo_sao paulo","Brazil","São Paulo","São Paulo",,"ibge",TRUE,-23.65041685,-46.64802516,"coord_gazet","seconds_centroid","high",,"check_local.2municip.","ok_county_gazet",,FALSE,"no_cannot_check","full_name_match","RB_61109","RB_61109[virtual]","2","0.5",,"RB_61109","RB_61109","plantr_exact","High","PARQUE NACIONAL SERRA DA BOCAINA"
,,,,"JBRJ","RB","RB - Rio de Janeiro Botanical Garden Herbarium Collection","PRESERVED_SPECIMEN","RB00259227","4663","G. Martinelli",,"1978-06-23","1978","6","23",,,,"Brasil","BR","São Paulo",,"Bananal","PARQUE NACIONAL DA SERRA DA BOCAINA, PRÓXIMO AO MARCO 22. Parque Nacional da Serra da Bocaina",,,,,,,,,"H.L.Silva","2020-03-10",,"Pabstiella fusca (Lindl.) Chiron & Xim.Bols.","Liliopsida","Asparagales","Orchidaceae","Pabstiella","species","(Lindl.) Chiron & Xim.Bols.","ACCEPTED",,,"Pabstiella fusca (Lindl.) Chiron & Xim.Bols.",,,,"Pabstiella fusca (Lindl.) Chiron & Xim.Bols.","Pabstiella fusca",,,"jbrj-public-img.s3-sa-east-1.amazonaws.com/JPG/rb/0/25/92/27/00259227.jpg",,,,"GBIF","RB",,"Martinelli, G.","4663","1978","Silva, H.L.","2020",,"Martinelli",,"brazil","sao paulo","bananal","parque nacional da serra da bocaina",,"locality","brazil_sao paulo_bananal","brazil_sao paulo_bananal",-22.73353405,-44.33438939,"county",238301,"Pabstiella fusca","(Lindl.) Chiron & Xim.Bols.","name_w_authors","Orchidaceae","Pabstiella fusca","(Lindl.) Chiron & Xim.Bols.","species","name accepted","bfo-135373",,,"Pabstiella fusca (Lindl.) Chiron & Xim.Bols.","Pabstiella","Orchidaceae","brazil_sao paulo_bananal","Brazil","São Paulo","Bananal",,"ibge",TRUE,-22.73353405,-44.33438939,"coord_gazet","seconds_centroid","high","Pabstiella fusca","check_local.2municip.","ok_county_gazet",,FALSE,"ok_dist","full_name_match","RB_259227","RB_259227[virtual]","1","0.25","RB_259227","RB_259227","RB_259227","plantr_exact","High","PARQUE NACIONAL SERRA DA BOCAINA"
,,,,"JBRJ","RB","RB - Rio de Janeiro Botanical Garden Herbarium Collection","PRESERVED_SPECIMEN","RB00258619","4630","G. Martinelli",,"1978-06-20","1978","6","20",,,,"Brasil","BR","São Paulo",,"Cunha","Campos Novos do Cunha, Parque Nacional da Serra da Bocaina, mata do Triste. Parque Nacional da Serra da Bocaina",,,,,,,,,"Marta Moraes","2012-11-05",,"Rhetinantha notylioglossa (Rchb.f.) M.A.Blanco","Liliopsida","Asparagales","Orchidaceae","Maxillaria","species","(Rchb.f.) M.A.Blanco","SYNONYM",,,"Maxillaria notylioglossa Rchb.f.",,,,"Rhetinantha notylioglossa (Rchb.f.) M.A.Blanco","Maxillaria notylioglossa",,,"jbrj-public-img.s3-sa-east-1.amazonaws.com/JPG/rb/0/25/86/19/00258619.jpg",,,,"GBIF","RB",,"Martinelli, G.","4630","1978","Moraes, M.","2012",,"Martinelli",,"brazil","sao paulo","cunha","parque nacional da serra da bocaina","campos novos do cunha","locality","brazil_sao paulo_cunha","brazil_sao paulo_cunha",-23.05263382,-44.94193944,"county",238255,"Maxillaria notylioglossa","Rchb.f.","name_w_authors","Orchidaceae","Maxillaria notylioglossa","Rchb.f.","species","replaced synonym","bfo-20117","Maxillaria notylioglossa","Rchb.f.","Maxillaria notylioglossa Rchb.f.","Maxillaria","Orchidaceae","brazil_sao paulo_cunha","Brazil","São Paulo","Cunha",,"ibge",TRUE,-23.05263382,-44.94193944,"coord_gazet","seconds_centroid","high","Maxillaria notylioglossa","check_local.2municip.","ok_county_gazet",,FALSE,"ok_dist","full_name_match","RB_258619","RB_258619[virtual]","4","1","RB_258619","RB_258619","RB_258619","plantr_exact","High","PARQUE NACIONAL SERRA DA BOCAINA"
,,,,"JBRJ","RB","RB - Rio de Janeiro Botanical Garden Herbarium Collection","PRESERVED_SPECIMEN","RB00568218","4660","G. Martinelli",,"1978-06-23","1978","6","23",,,,"Brasil","BR","São Paulo",,"Bananal","Póximo ao marco 22. Parque Nacional da Serra da Bocaina",,,,,,,,,"W.Forste","2008-09-01",,"Octomeria crassifolia Lindl.","Liliopsida","Asparagales","Orchidaceae","Octomeria","species","Lindl.","ACCEPTED",,,"Octomeria crassifolia Lindl.",,,,"Octomeria crassifolia Lindl.","Octomeria crassifolia",,,"jbrj-public-img.s3-sa-east-1.amazonaws.com/JPG/rb/0/56/82/18/00568218.jpg",,,,"GBIF","RB",,"Martinelli, G.","4660","1978","Forste, W.","2008",,"Martinelli",,"brazil","sao paulo","bananal","parque nacional da serra da bocaina","poximo ao marco 22","locality","brazil_sao paulo_bananal","brazil_sao paulo_bananal",-22.73353405,-44.33438939,"county",249277,"Octomeria crassifolia","Lindl.","name_w_authors","Orchidaceae","Octomeria crassifolia","Lindl.","species","name accepted","bfo-11895",,,"Octomeria crassifolia Lindl.","Octomeria","Orchidaceae","brazil_sao paulo_bananal","Brazil","São Paulo","Bananal",,"ibge",TRUE,-22.73353405,-44.33438939,"coord_gazet","seconds_centroid","high","Octomeria crassifolia","check_local.2municip.","ok_county_gazet",,FALSE,"ok_dist","full_name_match","RB_568218","RB_568218[virtual]","1","0.25","RB_568218","RB_568218","RB_568218","plantr_exact","High","PARQUE NACIONAL SERRA DA BOCAINA"
,,,,"JBRJ","RB","RB - Rio de Janeiro Botanical Garden Herbarium Collection","PRESERVED_SPECIMEN","RB00461669","19","André M. de Carvalho",,"1978-06-22","1978","6","22",,,,"Brasil","BR","São Paulo",,"São José do Barreiro","Acampamento a 35 km da cidade. Parque Nacional da Serra da Bocaina",,,,,,,,,"M. Vignoli-Silva","2008-03-17",,"Cestrum bracteatum Link & Otto","Magnoliopsida","Solanales","Solanaceae","Cestrum","species","Link & Otto","ACCEPTED",,,"Cestrum bracteatum Link & Otto",,,,"Cestrum bracteatum Link & Otto","Cestrum bracteatum",,,"jbrj-public-img.s3-sa-east-1.amazonaws.com/JPG/rb/0/46/16/69/00461669.jpg|jbrj-public-img.s3-sa-east-1.amazonaws.com/JPG/rb/0/46/16/69/00461669-1.jpg",,,,"GBIF","RB",,"Carvalho, A.M.","19","1978","Vignoli-Silva, M.","2008",,"Carvalho",,"brazil","sao paulo","sao jose do barreiro","parque nacional da serra da bocaina","acampamento a 35 km da cidade","locality","brazil_sao paulo_sao jose barreiro_parque nacional serra bocaina","brazil_sao paulo_sao jose barreiro_parque nacional serra bocaina",-22.74484201,-44.61460885,"locality",246237,"Cestrum bracteatum","Link & Otto","name_w_authors","Solanaceae","Cestrum bracteatum","Link & Otto","species","name accepted","bfo-14637",,,"Cestrum bracteatum Link & Otto","Cestrum","Solanaceae","brazil_sao paulo_sao jose barreiro","Brazil","São Paulo","São José do Barreiro",,"ibge",TRUE,-22.74484201,-44.61460885,"coord_gazet","seconds","high","Cestrum bracteatum","ok_same_resolution","ok_locality_gazet",,FALSE,"ok_dist","full_name_match","RB_461669","RB_461669[virtual]","2","0.5","RB_461669","RB_461669","RB_461669","plantr_exact","High","PARQUE NACIONAL SERRA DA BOCAINA"
,,"https://specieslink.net/col/64",,"IAC","IAC",,"PRESERVED_SPECIMEN","38183","12","A.M. Carvalho",,"1978-11-21","1978","11","21",,,,"Brasil","BR","São Paulo",,"Cunha","Parque Nacional Serra da Bocaina, próximo Vilarejo de Bocaina",,,"-23.0744","-44.9597",,,,,"S.L. Jung-Mendaçolli","1999-07-15",,"Sabicea brasiliensis Wernham","Magnoliopsida","Gentianales","Rubiaceae","Sabicea","species","Wernham","ACCEPTED",,,"Sabicea brasiliensis Wernham",,,,"Sabicea brasiliensis","Sabicea brasiliensis",,"WGS84",,,,,"GBIF","IAC",,"Carvalho, A.M.","12","1978","Jung-Mendacolli, S.L.","1999",,"Carvalho",,"brazil","sao paulo","cunha","parque nacional serra da bocaina",,"locality","brazil_sao paulo_cunha","brazil_sao paulo_cunha",-23.05263382,-44.94193944,"county",134596,"Sabicea brasiliensis","Wernham","name_w_authors","Rubiaceae","Sabicea brasiliensis","Wernham","species","name accepted","bfo-20853",,,"Sabicea brasiliensis Wernham","Sabicea","Rubiaceae","brazil_sao paulo_cunha","Brazil","São Paulo","Cunha",,"ibge",TRUE,-23.0744,-44.9597,"coord_original","miliseconds","high","Sabicea brasiliensis","check_local.2municip.","ok_county",,FALSE,"ok_dist","full_name_match","IAC_38183","IAC_38183|RB_714734","4","1","IAC_38183","IAC_38183","IAC_38183","plantr_exact","High","PARQUE NACIONAL SERRA DA BOCAINA"
,,,,"JBRJ","RB","RB - Rio de Janeiro Botanical Garden Herbarium Collection","PRESERVED_SPECIMEN","RB00053966","4686","G. Martinelli",,"1978-04-23","1978","4","23",,,,"Brasil","BR","São Paulo",,"Bananal","Parque Nacional da Serra da Bocaina, próximo ao Marco 22. Parque Nacional da Serra da Bocaina",,,,,,,,,"S.J. Gomes da Silva","1993-01-14",,"Begonia hirtella Link","Magnoliopsida","Cucurbitales","Begoniaceae","Begonia","species","Link","ACCEPTED",,,"Begonia hirtella Link",,,,"Begonia hirtella Link","Begonia hirtella",,,"jbrj-public-img.s3-sa-east-1.amazonaws.com/JPG/rb/0/5/39/66/00053966.jpg",,,,"GBIF","RB",,"Martinelli, G.","4686","1978","Silva, S.J.G.","1993",,"Martinelli",,"brazil","sao paulo","bananal","parque nacional da serra da bocaina",,"locality","brazil_sao paulo_bananal","brazil_sao paulo_bananal",-22.73353405,-44.33438939,"county",248647,"Begonia hirtella","Link","name_w_authors","Begoniaceae","Begonia hirtella","Link","species","name accepted","bfo-5631",,,"Begonia hirtella Link","Begonia","Begoniaceae","brazil_sao paulo_bananal","Brazil","São Paulo","Bananal",,"ibge",TRUE,-22.73353405,-44.33438939,"coord_gazet","seconds_centroid","high","Begonia hirtella","check_local.2municip.","ok_county_gazet",,FALSE,"ok_dist","full_name_match","RB_53966","RB_53966[virtual]","1","0.25","RB_53966","RB_53966","RB_53966","plantr_exact","High","PARQUE NACIONAL SERRA DA BOCAINA"
,,"https://specieslink.net/col/2",,"UNICAMP","UEC",,"PRESERVED_SPECIMEN","48229","4672","Martinelli, G",,"1978-06-23","1978","6","23",,,,"Brasil","BR","São Paulo",,"Bananal","Parque Nacional da Serra da Bocaina, próximo ao Marco 22. Parque Nacional da Serra da Bocaina",,,,,,,,,"Gonzaga, DR","2015-09-15",,"Rhipsalis elliptica G.Lindb.","Magnoliopsida","Caryophyllales","Cactaceae","Rhipsalis","species","Lindb.","SYNONYM",,,"Rhipsalis elliptica G.Lindb. ex K.Schum.",,,,"Rhipsalis elliptica","Rhipsalis elliptica",,,"https://images.cria.org.br/viewer/UEC090879",,,,"GBIF","UEC",,"Martinelli, G.","4672","1978","Taylor, N.P.","1992",,"Martinelli",,"brazil","sao paulo","bananal","parque nacional da serra da bocaina",,"locality","brazil_sao paulo_bananal","brazil_sao paulo_bananal",-22.73353405,-44.33438939,"county",76588,"Rhipsalis elliptica","G.Lindb. ex K.Schum.","name_w_authors","Cactaceae","Rhipsalis elliptica","G.Lindb. ex K.Schum.","species","author misspelled","bfo-1696",,,"Rhipsalis elliptica G.Lindb. ex K.Schum.","Rhipsalis","Cactaceae","brazil_sao paulo_bananal","Brazil","São Paulo","Bananal",,"ibge",TRUE,-22.73353405,-44.33438939,"coord_gazet","seconds_centroid","high","Rhipsalis elliptica","check_local.2municip.","ok_county_gazet",,FALSE,"ok_dist","full_name_match","UEC_48229","RB_64646|UEC_48229","1","0.25","RB_64646","RB_64646","RB_64646","plantr_exact","High","PARQUE NACIONAL SERRA DA BOCAINA"
,,,,"JBRJ","RB","RB - Rio de Janeiro Botanical Garden Herbarium Collection","PRESERVED_SPECIMEN","RB00053365","4677","G. Martinelli",,"1978-06-23","1978","6","23",,,,"Brasil","BR","São Paulo",,"São Paulo","Mun. Bananal, Parque Nacional da Serra da Bocaina, próx. ao Marco 22, margens de rio. Parque Nacional da Serra da Bocaina",,,,,,,,,"E.L.Jacques","1991-05-28",,"Begonia integerrima Spreng.","Magnoliopsida","Cucurbitales","Begoniaceae","Begonia","species","Spreng.","ACCEPTED",,,"Begonia integerrima Spreng.",,,,"Begonia integerrima Spreng.","Begonia integerrima",,,"jbrj-public-img.s3-sa-east-1.amazonaws.com/JPG/rb/0/5/33/65/00053365.jpg",,,,"GBIF","RB",,"Martinelli, G.","4677","1978","Jacques, E.L.","1991",,"Martinelli",,"brazil","sao paulo","sao paulo","parque nacional da serra da bocaina","municipio de bananal","locality","brazil_sao paulo_sao paulo","brazil_sao paulo_sao paulo",-23.65041685,-46.64802516,"county",248522,"Begonia integerrima","Spreng.","name_w_authors","Begoniaceae","Begonia integerrima","Spreng.","species","name accepted","bfo-5640",,,"Begonia integerrima Spreng.","Begonia","Begoniaceae","brazil_sao paulo_sao paulo","Brazil","São Paulo","São Paulo",,"ibge",TRUE,-23.65041685,-46.64802516,"coord_gazet","seconds_centroid","high","Begonia integerrima","check_local.2municip.","ok_county_gazet",,FALSE,"ok_dist","full_name_match","RB_53365","RB_53365[virtual]","4","1","RB_53365","RB_53365","RB_53365","plantr_exact","High","PARQUE NACIONAL SERRA DA BOCAINA"
,,,,"JBRJ","RB","RB - Rio de Janeiro Botanical Garden Herbarium Collection","PRESERVED_SPECIMEN","RB00287222","4673","Martinelli, G.",,"1978-06-23","1978","6","23",,,,"Brasil","BR","São Paulo",,"Bananal","Próximo ao marco 22. Parque Nacional da Serra da Bocaina",,,,,,,,,"G. Martinelli","1978-08-01",,"Fernseea bocainensis E.Pereira & Moutinho","Liliopsida","Poales","Bromeliaceae","Fernseea","species","E.Pereira & Moutinho","ACCEPTED",,,"Fernseea bocainensis E.Pereira & Moutinho",,,,"Fernseea bocainensis E.Pereira & Moutinho","Fernseea bocainensis",,,"jbrj-public-img.s3-sa-east-1.amazonaws.com/JPG/rb/0/28/72/22/00287222.jpg",,,,"GBIF","RB",,"Martinelli, G.","4673","1978","Martinelli, G.","1978",,"Martinelli",,"brazil","sao paulo","bananal","parque nacional da serra da bocaina","proximo ao marco 22","locality","brazil_sao paulo_bananal","brazil_sao paulo_bananal",-22.73353405,-44.33438939,"county",239230,"Fernseea bocainensis","E.Pereira & Moutinho","name_w_authors","Bromeliaceae","Fernseea bocainensis","E.Pereira & Moutinho","species","name accepted","bfo-6090",,,"Fernseea bocainensis E.Pereira & Moutinho","Fernseea","Bromeliaceae","brazil_sao paulo_bananal","Brazil","São Paulo","Bananal",,"ibge",TRUE,-22.73353405,-44.33438939,"coord_gazet","seconds_centroid","high","Fernseea bocainensis","check_local.2municip.","ok_county_gazet",,FALSE,"ok_dist","full_name_match","RB_287222","RB_287222[virtual]","1","0.25","RB_287222","RB_287222","RB_287222","plantr_exact","High","PARQUE NACIONAL SERRA DA BOCAINA"
,,"https://specieslink.net/col/264",,"CEPLAC","CEPEC",,"PRESERVED_SPECIMEN","32784","23","A. M. de Carvalho",,"1977-03-24","1977","3","24",,,,"Brasil","BR","São Paulo",,"BANANAL","Parque Nacional Serra da Bocaina. Seda Moderna. Leito do rio.",,,,,,,,,"A. Chautems",,,"Sinningia glazioviana (Fritsch) Chautems","Magnoliopsida","Lamiales","Gesneriaceae","Sinningia","species",,"ACCEPTED",,,"Sinningia glazioviana (Fritsch) Chautems",,,,"Sinningia glazioviana","Sinningia glazioviana",,"WGS84",,,,,"GBIF","CEPEC",,"Carvalho, A.M.","23","1977","Chautems, A.",,,"Carvalho",,"brazil","sao paulo","bananal","parque nacional serra da bocaina",,"locality","brazil_sao paulo_bananal","brazil_sao paulo_bananal",-22.73353405,-44.33438939,"county",117634,"Sinningia glazioviana","(Fritsch) Chautems","name_w_authors","Gesneriaceae","Sinningia glazioviana","(Fritsch) Chautems","species","name accepted","bfo-7901",,,"Sinningia glazioviana (Fritsch) Chautems","Sinningia","Gesneriaceae","brazil_sao paulo_bananal","Brazil","São Paulo","Bananal",,"ibge",TRUE,-22.73353405,-44.33438939,"coord_gazet","seconds_centroid","high","Sinningia glazioviana","check_local.2municip.","ok_county_gazet",,FALSE,"ok_dist","full_name_match","CEPEC_32784",,"cc","cc",,,,"plantr_exact","High","PARQUE NACIONAL SERRA DA BOCAINA"
,,,,"JBRJ","RB","RB - Rio de Janeiro Botanical Garden Herbarium Collection","PRESERVED_SPECIMEN","RB00073295","1117","G. Martinelli",,"1977-03-05","1977","3","5",,,,"Brasil","BR","São Paulo",,"São Paulo","Parque Nacional da Serra da Bocaina. Parque Nacional da Serra da Bocaina",,,,,,,,,"V. L. Gomes-Klein",,,"Cayaponia pilosa (Vell.) Cogn.","Magnoliopsida","Cucurbitales","Cucurbitaceae","Cayaponia","species","(Vell.) Cogn.","ACCEPTED",,,"Cayaponia pilosa (Vell.) Cogn.",,,,"Cayaponia pilosa (Vell.) Cogn.","Cayaponia pilosa",,,"jbrj-public-img.s3-sa-east-1.amazonaws.com/JPG/rb/0/7/32/95/00073295.jpg",,,,"GBIF","RB",,"Martinelli, G.","1117","1977",,,,"Martinelli",,"brazil","sao paulo","sao paulo","parque nacional da serra da bocaina",,"locality","brazil_sao paulo_sao paulo","brazil_sao paulo_sao paulo",-23.65041685,-46.64802516,"county",254219,"Cayaponia pilosa","(Vell.) Cogn.","name_w_authors","Cucurbitaceae","Cayaponia pilosa","(Vell.) Cogn.","species","name accepted","bfo-82111",,,"Cayaponia pilosa (Vell.) Cogn.","Cayaponia","Cucurbitaceae","brazil_sao paulo_sao paulo","Brazil","São Paulo","São Paulo",,"ibge",TRUE,-23.65041685,-46.64802516,"coord_gazet","seconds_centroid","high","Cayaponia pilosa","check_local.2municip.","ok_county_gazet",,FALSE,"ok_dist","full_name_match","RB_73295","RB_73295[virtual]","4","1",,"RB_73295","RB_73295","plantr_exact","High","PARQUE NACIONAL SERRA DA BOCAINA"
,,,,"JBRJ","RB","RB - Rio de Janeiro Botanical Garden Herbarium Collection","PRESERVED_SPECIMEN","RB00262310","1104","Martinelli, G.",,"1977-03-05","1977","3","5",,,,"Brasil","BR","São Paulo",,"Bananal","Parque Nacional da Serra da Bocaina. Parque Nacional da Serra da Bocaina",,,,,,,,,"G. Martinelli & A. Costa","1987-07-01",,"Vriesea altodaserrae L.B.Sm.","Liliopsida","Poales","Bromeliaceae","Vriesea","species","L.B.Sm.","ACCEPTED",,,"Vriesea altodaserrae L.B.Sm.",,,,"Vriesea altodaserrae L.B.Sm.","Vriesea altodaserrae",,,"jbrj-public-img.s3-sa-east-1.amazonaws.com/JPG/rb/0/26/23/10/00262310-1.jpg|jbrj-public-img.s3-sa-east-1.amazonaws.com/JPG/rb/0/26/23/10/00262310.jpg",,,,"GBIF","RB",,"Martinelli, G.","1104","1977","Martinelli, G.","1987",,"Martinelli","Costa, A.","brazil","sao paulo","bananal","parque nacional da serra da bocaina",,"locality","brazil_sao paulo_bananal","brazil_sao paulo_bananal",-22.73353405,-44.33438939,"county",238426,"Vriesea altodaserrae","L.B.Sm.","name_w_authors","Bromeliaceae","Vriesea altodaserrae","L.B.Sm.","species","name accepted","bfo-6417",,,"Vriesea altodaserrae L.B.Sm.","Vriesea","Bromeliaceae","brazil_sao paulo_bananal","Brazil","São Paulo","Bananal",,"ibge",TRUE,-22.73353405,-44.33438939,"coord_gazet","seconds_centroid","high","Vriesea altodaserrae","check_local.2municip.","ok_county_gazet",,FALSE,"ok_dist","full_name_match","RB_262310","RB_262310[virtual]","1","0.25","RB_262310","RB_262310","RB_262310","plantr_exact","High","PARQUE NACIONAL SERRA DA BOCAINA"
,,,,"JBRJ","RB","RB - Rio de Janeiro Botanical Garden Herbarium Collection","PRESERVED_SPECIMEN","RB00689940","3007","D. Sucre; P.I.S. Braga 740 & D.J. Guimarães",,"1968-05-07","1968","5","7",,,,"Brasil","BR","São Paulo",,"São Paulo","Posses. Parque Nacional da Serra da Bocaina",,,,,,,,,"Labiak","1997-09-01",,"Niphidium crassifolium (L.) Lellinger","Polypodiopsida","Polypodiales","Polypodiaceae","Niphidium","species","(L.) Lellinger","ACCEPTED",,,"Niphidium crassifolium (L.) Lellinger",,,,"Niphidium crassifolium (L.) Lellinger","Niphidium crassifolium",,,"jbrj-public-img.s3-sa-east-1.amazonaws.com/JPG/rb/0/68/99/40/00689940.jpg",,,,"GBIF","RB",,"Sucre, D.","3007","1968","Labiak","1997","Braga, P.I.S.; Guimaraes, D.J.","Sucre",,"brazil","sao paulo","sao paulo","parque nacional da serra da bocaina",,"locality","brazil_sao paulo_sao paulo","brazil_sao paulo_sao paulo",-23.65041685,-46.64802516,"county",252881,"Niphidium crassifolium","(L.) Lellinger","name_w_authors","Polypodiaceae","Niphidium crassifolium","(L.) Lellinger","species","name accepted","bfo-91693",,,"Niphidium crassifolium (L.) Lellinger","Niphidium","Polypodiaceae","brazil_sao paulo_sao paulo","Brazil","São Paulo","São Paulo",,"ibge",TRUE,-23.540001,-46.630001,"coord_original","miliseconds","high","Niphidium crassifolium","check_local.2municip.","ok_county",,FALSE,"ok_dist","full_name_match","RB_689940","RB_689940|RBR_59875","4","1","RB_689940","RBR_59875","RBR_59875","plantr_exact","High","PARQUE NACIONAL SERRA DA BOCAINA"
,,,,"JBRJ","RB","RB - Rio de Janeiro Botanical Garden Herbarium Collection","PRESERVED_SPECIMEN","RB00065145","2947","D. Sucre; D. J. Guimarães 93",,"1968-05-07","1968","5","7",,,,"Brasil","BR","São Paulo",,"São José do Barreiro","Parque Nacional da Serra da Bocaina",,,,,,,,,"A. M. Arévalo","1984-08-02",,"Siphocampylus longipedunculatus Pohl","Magnoliopsida","Asterales","Campanulaceae","Siphocampylus","species","Pohl","ACCEPTED",,,"Siphocampylus longipedunculatus Pohl",,,,"Siphocampylus longipedunculatus Pohl","Siphocampylus longipedunculatus",,,"jbrj-public-img.s3-sa-east-1.amazonaws.com/JPG/rb/0/6/51/45/00065145.jpg",,,,"GBIF","RB",,"Sucre, D.","2947","1968","Arevalo, A.M.","1984","Guimaraes, D.J.","Sucre",,"brazil","sao paulo","sao jose do barreiro","parque nacional da serra da bocaina",,"locality","brazil_sao paulo_sao paulo","brazil_sao paulo_sao jose barreiro_parque nacional serra bocaina",-22.74484201,-44.61460885,"locality",251607,"Siphocampylus longipedunculatus","Pohl","name_w_authors","Campanulaceae","Siphocampylus longipedunculatus","Pohl","species","name accepted","bfo-34595",,,"Siphocampylus longipedunculatus Pohl","Siphocampylus","Campanulaceae","brazil_sao paulo_sao paulo","Brazil","São Paulo","São Paulo",,"ibge",TRUE,-22.639999,-44.57,"coord_original","miliseconds","high","Siphocampylus longipedunculatus","ok_same_resolution","ok_county",,FALSE,"ok_dist","full_name_match","RB_65145","RB_65145|SPFR_8612","4","1","RB_65145","SPFR_8612","SPFR_8612","plantr_exact","High","PARQUE NACIONAL SERRA DA BOCAINA"
,,,,"JBRJ","RB","RB - Rio de Janeiro Botanical Garden Herbarium Collection","PRESERVED_SPECIMEN","RB00179293","21155","Brade, A.C.","Mata","1957-05-16","1957","5","16",,,"Mata","Brasil","BR","São Paulo",,"São Paulo","Serra da Bocaina. Parque Nacional da Serra da Bocaina",,,,,,,,,"B. Rezende Silva","1999-01-29",,"Wittrockia gigantea (Baker) Leme","Liliopsida","Poales","Bromeliaceae","Wittrockia","species","(Baker) Leme","ACCEPTED",,,"Wittrockia gigantea (Baker) Leme",,,,"Wittrockia gigantea (Baker) Leme","Wittrockia gigantea",,,"jbrj-public-img.s3-sa-east-1.amazonaws.com/JPG/rb/0/17/92/93/00179293.jpg|jbrj-public-img.s3-sa-east-1.amazonaws.com/JPG/rb/0/17/92/93/00179293-1.jpg",,,,"GBIF","RB",,"Brade, A.C.","21155","1957","Silva, B.R.","1999",,"Brade",,"brazil","sao paulo","sao paulo","serra da bocaina, parque nacional da serra da bocaina","serra da bocaina","locality","brazil_sao paulo_sao paulo","brazil_sao paulo_sao paulo",-23.65041685,-46.64802516,"county",236199,"Wittrockia gigantea","(Baker) Leme","name_w_authors","Bromeliaceae","Wittrockia gigantea","(Baker) Leme","species","name accepted","bfo-6581",,,"Wittrockia gigantea (Baker) Leme","Wittrockia","Bromeliaceae","brazil_sao paulo_sao paulo","Brazil","São Paulo","São Paulo",,"ibge",TRUE,-23.65041685,-46.64802516,"coord_gazet","seconds_centroid","high","Wittrockia gigantea","check_local.2municip.","ok_county_gazet",,,"ok_dist","full_name_match","RB_179293","RB_179293[virtual]","4","1","RB_179293","RB_179293","RB_179293","plantr_exact","High","PARQUE NACIONAL SERRA DA BOCAINA"
,,,,"JBRJ","RB","RB - Rio de Janeiro Botanical Garden Herbarium Collection","PRESERVED_SPECIMEN","RB00264829","21153","Brade, A.C.",,"1951-05-18","1951","5","18",,,,"Brasil","BR","São Paulo",,"São Paulo","Serra da Bocaina. Parque Nacional da Serra da Bocaina",,,,,,,,,"Ricardo Moura","2010-05-27",,"Vriesea sazimae Leme","Liliopsida","Poales","Bromeliaceae","Vriesea","species","Leme","ACCEPTED",,,"Vriesea sazimae Leme",,,,"Vriesea sazimae Leme","Vriesea sazimae",,,"jbrj-public-img.s3-sa-east-1.amazonaws.com/JPG/rb/0/26/48/29/00264829.jpg|jbrj-public-img.s3-sa-east-1.amazonaws.com/JPG/rb/0/26/48/29/00264829-1.jpg",,,,"GBIF","RB",,"Brade, A.C.","21153","1951","Moura, R.","2010",,"Brade",,"brazil","sao paulo","sao paulo","serra da bocaina, parque nacional da serra da bocaina","serra da bocaina","locality","brazil_sao paulo_sao paulo","brazil_sao paulo_sao paulo",-23.65041685,-46.64802516,"county",238480,"Vriesea sazimae","Leme","name_w_authors","Bromeliaceae","Vriesea sazimae","Leme","species","name accepted","bfo-6553",,,"Vriesea sazimae Leme","Vriesea","Bromeliaceae","brazil_sao paulo_sao paulo","Brazil","São Paulo","São Paulo",,"ibge",TRUE,-23.65041685,-46.64802516,"coord_gazet","seconds_centroid","high","Vriesea sazimae","check_local.2municip.","ok_county_gazet",,FALSE,"ok_dist","full_name_match","RB_264829","RB_264829|US_1914496|US_2121573","4","1","RB_264829","RB_264829","RB_264829","plantr_exact","High","PARQUE NACIONAL SERRA DA BOCAINA"
,,,,"JBRJ","RB","RB - Rio de Janeiro Botanical Garden Herbarium Collection","PRESERVED_SPECIMEN","RB00162655","20905","Brade, A.C.","Mata.","1951-05-07","1951","5","7",,,"Mata.","Brasil","BR","São Paulo",,"São Paulo","Serra da Bocaina. Parque Nacional da Serra da Bocaina",,,,,,,,,"G. Martinelli","1982-07-16",,"Aechmea phanerophlebia Baker","Liliopsida","Poales","Bromeliaceae","Aechmea","species","Baker","ACCEPTED",,,"Aechmea phanerophlebia Baker",,,,"Aechmea phanerophlebia Baker","Aechmea phanerophlebia",,,"jbrj-public-img.s3-sa-east-1.amazonaws.com/JPG/rb/0/16/26/55/00162655.jpg|jbrj-public-img.s3-sa-east-1.amazonaws.com/JPG/rb/0/16/26/55/00162655-1.jpg",,,,"GBIF","RB",,"Brade, A.C.","20905","1951","Martinelli, G.","1982",,"Brade",,"brazil","sao paulo","sao paulo","serra da bocaina, parque nacional da serra da bocaina","serra da bocaina","locality","brazil_sao paulo_sao paulo","brazil_sao paulo_sao paulo",-23.65041685,-46.64802516,"county",235589,"Aechmea phanerophlebia","Baker","name_w_authors","Bromeliaceae","Aechmea phanerophlebia","Baker","species","name accepted","bfo-5857",,,"Aechmea phanerophlebia Baker","Aechmea","Bromeliaceae","brazil_sao paulo_sao paulo","Brazil","São Paulo","São Paulo",,"ibge",TRUE,-23.65041685,-46.64802516,"coord_gazet","seconds_centroid","high","Aechmea phanerophlebia","check_local.2municip.","ok_county_gazet",,FALSE,"ok_dist","full_name_match","RB_162655","RB_162655|US_2121569","4","1","RB_162655","RB_162655","RB_162655","plantr_exact","High","PARQUE NACIONAL SERRA DA BOCAINA"
,,,,"JBRJ","RB","RB - Rio de Janeiro Botanical Garden Herbarium Collection","PRESERVED_SPECIMEN","RB00274870","21152","Brade, A.C.","Mata","1951-05-16","1951","5","16",,,"Mata","Brasil","BR","São Paulo",,"São Paulo","Serra da Bocaina. Parque Nacional da Serra da Bocaina",,,,,,,,,"L.B. Smith","1952-02-01",,"Vriesea longicaulis (Baker) Mez","Liliopsida","Poales","Bromeliaceae","Vriesea","species","(Baker) Mez","ACCEPTED",,,"Vriesea longicaulis (Baker) Mez",,,,"Vriesea longicaulis (Baker) Mez","Vriesea longicaulis",,,"jbrj-public-img.s3-sa-east-1.amazonaws.com/JPG/rb/0/27/48/70/00274870.jpg",,,,"GBIF","RB",,"Brade, A.C.","21152","1951","Smith, L.B.","1952",,"Brade",,"brazil","sao paulo","sao paulo","serra da bocaina, parque nacional da serra da bocaina","serra da bocaina","locality","brazil_sao paulo_sao paulo","brazil_sao paulo_sao paulo",-23.65041685,-46.64802516,"county",239034,"Vriesea longicaulis","(Baker) Mez","name_w_authors","Bromeliaceae","Vriesea longicaulis","(Baker) Mez","species","name accepted","bfo-6497",,,"Vriesea longicaulis (Baker) Mez","Vriesea","Bromeliaceae","brazil_sao paulo_sao paulo","Brazil","São Paulo","São Paulo",,"ibge",TRUE,-23.65041685,-46.64802516,"coord_gazet","seconds_centroid","high","Vriesea longicaulis","check_local.2municip.","ok_county_gazet",,FALSE,"ok_dist","full_name_match","RB_274870","RB_274870[virtual]","4","1","RB_274870","RB_274870","RB_274870","plantr_exact","High","PARQUE NACIONAL SERRA DA BOCAINA"
,,,,"UERJ","HRJ",,"PRESERVED_SPECIMEN","14068","74",,"<nO>Frutos grandes, imaturos, verdes Habitat: floresta ombrófila Habito: trepadeira</nO>",,"2023","2","12",,,"<nO>Frutos grandes, imaturos, verdes Habitat: floresta ombrófila Habito: trepadeira</nO>","Brasil",,"São Paulo","Ubatuba","Ubatuba","Camburi. Parque Nacional da Serra da Bocaina",,,"-23.3655556","-44.7761111",,"23º21'56''S","44º46'34''W",,"N.B.G. Fernandes, M.A. Milward-de-Azevedo","2023-2-  12",,"Passiflora ovalis",,,"Passifloraceae","Passiflora",,,,"-23.3655556","-44.7761111",,"12","2","2023",,"ovalis",,,,,,"HRJ00014074","Splink","HRJ",,,"74","2023","Fernandes, N.B.G.","2023",,,"Milward-De, M.A.","brazil","sao paulo","ubatuba","parque nacional da serra da bocaina","camburi","locality","brazil_sao paulo_ubatuba","brazil_sao paulo_ubatuba",-23.37925694,-45.02408879,"county",1321156,"Passiflora ovalis","Vell.","possibly_ok","Passifloraceae","Passiflora ovalis","Vell.","species","name accepted","bfo-12550",,,"Passiflora ovalis Vell.","Passiflora","Passifloraceae","brazil_sao paulo_ubatuba","Brazil","São Paulo","Ubatuba",,"ibge",TRUE,-23.365556,-44.776111,"coord_original","seconds","low","Passiflora ovalis","check_local.2municip.","ok_county",,FALSE,"ok_dist","full_name_match","HRJ_14068","HRJ_14068|HRJ_14074","1","0.25","HRJ_14074","HRJ_14074","HRJ_14074","plantr_exact","High","PARQUE NACIONAL SERRA DA BOCAINA"
,,,,"UERJ","HRJ",,"PRESERVED_SPECIMEN","14067","73",,"<nO>Muitos pterídios Habitat: floresta ombrófila Habito: trepadeira</nO>",,"2023","2","12",,,"<nO>Muitos pterídios Habitat: floresta ombrófila Habito: trepadeira</nO>","Brasil",,"São Paulo","Ubatuba","Ubatuba","Camburi. Parque Nacional da Serra da Bocaina",,,"-23.3566667","-44.7619444",,"23º21'24''S","44º45'43''W",,"N.B.G. Fernandes, M.A. Milward-de-Azevedo","2023-2-  12",,"Passiflora miersii",,,"Passifloraceae","Passiflora",,,,"-23.3566667","-44.7619444",,"12","2","2023",,"miersii",,,,,,"HRJ00014073","Splink","HRJ",,,"73","2023","Fernandes, N.B.G.","2023",,,"Milward-De, M.A.","brazil","sao paulo","ubatuba","parque nacional da serra da bocaina","camburi","locality","brazil_sao paulo_ubatuba","brazil_sao paulo_ubatuba",-23.37925694,-45.02408879,"county",1321154,"Passiflora miersii","Mast.","possibly_ok","Passifloraceae","Passiflora miersii","Mast.","species","name accepted","bfo-12544",,,"Passiflora miersii Mast.","Passiflora","Passifloraceae","brazil_sao paulo_ubatuba","Brazil","São Paulo","Ubatuba",,"ibge",TRUE,-23.356667,-44.761944,"coord_original","seconds","low","Passiflora miersii","check_local.2municip.","ok_county",,FALSE,"ok_dist","full_name_match","HRJ_14067","HRJ_14067|HRJ_14073","1","0.25","HRJ_14073","HRJ_14073","HRJ_14073","plantr_exact","High","PARQUE NACIONAL SERRA DA BOCAINA"
,,,,"UERJ","HRJ",,"PRESERVED_SPECIMEN","14077","83",,"<nO>Estéril Habitat: floresta Habito: trepadeira</nO>",,"2021","6","22",,,"<nO>Estéril Habitat: floresta Habito: trepadeira</nO>","Brasil",,"São Paulo","São José do Barreiro","São José do Barreiro","Trilha do Ouro. Próximo a pousada barreirinha. Parque Nacional da Serra da Bocaina",,,"-22.8230556","-44.5977777",,"22º49'23''S","44º35'52''W",,"N.B.G. Fernandes, M.A. Milward-de-Azevedo","2021-6-  22",,"Passiflora sidifolia",,,"Passifloraceae","Passiflora",,,,"-22.8230556","-44.5977777",,"22","6","2021",,"sidifolia",,,,,,"HRJ00014083","Splink","HRJ",,,"83","2021","Fernandes, N.B.G.","2021",,,"Milward-De, M.A.","brazil","sao paulo","sao jose do barreiro","parque nacional da serra da bocaina","trilha do ouro","locality","brazil_sao paulo_sao jose barreiro_parque nacional serra bocaina","brazil_sao paulo_sao jose barreiro_parque nacional serra bocaina",-22.74484201,-44.61460885,"locality",1027402,"Passiflora sidifolia","M.Roem.","possibly_ok","Passifloraceae","Passiflora sidifolia","M.Roem.","species","name accepted","bfo-12562",,,"Passiflora sidifolia M.Roem.","Passiflora","Passifloraceae","brazil_sao paulo_sao jose barreiro","Brazil","São Paulo","São José do Barreiro",,"ibge",TRUE,-22.823056,-44.597778,"coord_original","seconds","low","Passiflora sidifolia","ok_same_resolution","ok_county",,FALSE,"ok_dist","full_name_match","HRJ_14077","HRJ_14077|HRJ_14083","1","0.25","HRJ_14083","HRJ_14083","HRJ_14083","plantr_exact","High","PARQUE NACIONAL SERRA DA BOCAINA"
,,,,"UERJ","HRJ",,"PRESERVED_SPECIMEN","14005","11",,"<nO>Ecótono entre altomontana e campo de altitude. Estéril. Habitat: Floresta ombrófila altomontana Habito: trepadeira</nO>",,"2021","6","21",,,"<nO>Ecótono entre altomontana e campo de altitude. Estéril. Habitat: Floresta ombrófila altomontana Habito: trepadeira</nO>","Brasil",,"São Paulo","São José do Barreiro","São José do Barreiro","Trilha do Ouro. Travessia SPXRJ. PARNA Serra da Bocaina",,,"-22.7458333","-44.6161111",,"22º44'45''S","44º36'58''W",,"N.B.G. Fernandes, M.A. Milward-de-Azevedo","2021-6-  21",,"Passiflora setulosa",,,"Passifloraceae","Passiflora",,,,"-22.7458333","-44.6161111",,"21","6","2021",,"setulosa",,,,,,"HRJ00014011","Splink","HRJ",,,"11","2021","Fernandes, N.B.G.","2021",,,"Milward-De, M.A.","brazil","sao paulo","sao jose do barreiro","parna serra da bocaina","trilha do ouro","locality","brazil_sao paulo_sao jose barreiro","brazil_sao paulo_sao jose barreiro",-22.74888367,-44.58687717,"county",1321164,"Passiflora setulosa","Killip","possibly_ok","Passifloraceae","Passiflora setulosa","Killip","species","name accepted","bfo-12561",,,"Passiflora setulosa Killip","Passiflora","Passifloraceae","brazil_sao paulo_sao jose barreiro","Brazil","São Paulo","São José do Barreiro",,"ibge",TRUE,-22.745833,-44.616111,"coord_original","seconds","low","Passiflora setulosa","check_local.2municip.","ok_county",,FALSE,"ok_dist","full_name_match","HRJ_14005","HRJ_14005|HRJ_14011","1","0.25","HRJ_14011","HRJ_14011","HRJ_14011","plantr_exact","High","PARQUE NACIONAL SERRA DA BOCAINA"
,,,,"UERJ","HRJ",,"PRESERVED_SPECIMEN","14007","13",,"<nO>Estéril Habitat: Floresta ombrófila Habito: trepadeira</nO>",,"2021","6","21",,,"<nO>Estéril Habitat: Floresta ombrófila Habito: trepadeira</nO>","Brasil",,"São Paulo","São José do Barreiro","São José do Barreiro","Trilha do Ouro. Travessia SPXRJ. PARNA Serra da Bocaina",,,"-22.7813889","-44.6080556",,"22º46'53''S","44º36'29''W",,"N.B.G. Fernandes, M.A. Milward-de-Azevedo","2021-6-  21",,"Passiflora capsularis",,,"Passifloraceae","Passiflora",,,,"-22.7813889","-44.6080556",,"21","6","2021",,"capsularis",,,,,,"HRJ00014013","Splink","HRJ",,,"13","2021","Fernandes, N.B.G.","2021",,,"Milward-De, M.A.","brazil","sao paulo","sao jose do barreiro","parna serra da bocaina","trilha do ouro","locality","brazil_sao paulo_sao jose barreiro","brazil_sao paulo_sao jose barreiro",-22.74888367,-44.58687717,"county",1321146,"Passiflora capsularis","L.","possibly_ok","Passifloraceae","Passiflora capsularis","L.","species","name accepted","bfo-12514",,,"Passiflora capsularis L.","Passiflora","Passifloraceae","brazil_sao paulo_sao jose barreiro","Brazil","São Paulo","São José do Barreiro",,"ibge",TRUE,-22.781389,-44.608056,"coord_original","seconds","low","Passiflora capsularis","check_local.2municip.","ok_county",,FALSE,"ok_dist","full_name_match","HRJ_14007","HRJ_14007|HRJ_14013","1","0.25","HRJ_14013","HRJ_14013","HRJ_14013","plantr_exact","High","PARQUE NACIONAL SERRA DA BOCAINA"
,,,,"UERJ","HRJ",,"PRESERVED_SPECIMEN","14002","8",,"<nO>Estéril Habitat: Floresta Ombrófila Habito: trepadeira</nO>",,"2021","6","21",,,"<nO>Estéril Habitat: Floresta Ombrófila Habito: trepadeira</nO>","Brasil",,"São Paulo","São José do Barreiro","São José do Barreiro","Trilha do Ouro. trilha do ouro. PARNA Serra da Bocaina",,,"-22.7619444","-44.6102778",,"22º45'43''S","44º36'37''W",,"N.B.G. Fernandes, M.A. Milward-de-Azevedo","2021-6-  21",,"Passiflora alata",,,"Passifloraceae","Passiflora",,,,"-22.7619444","-44.6102778",,"21","6","2021","Passiflora alata","alata",,,,,,"HRJ00014008","Splink","HRJ",,,"8","2021","Fernandes, N.B.G.","2021",,,"Milward-De, M.A.","brazil","sao paulo","sao jose do barreiro","parna serra da bocaina","trilha do ouro","locality","brazil_sao paulo_sao jose barreiro","brazil_sao paulo_sao jose barreiro",-22.74888367,-44.58687717,"county",1321139,"Passiflora alata","Curtis","possibly_ok","Passifloraceae","Passiflora alata","Curtis","species","+1 name, but 1 accepted","bfo-12508","Passiflora alata","Curtis","Passiflora alata Curtis","Passiflora","Passifloraceae","brazil_sao paulo_sao jose barreiro","Brazil","São Paulo","São José do Barreiro",,"ibge",TRUE,-22.761944,-44.610278,"coord_original","seconds","low","Passiflora alata","check_local.2municip.","ok_county",,FALSE,"ok_dist","full_name_match","HRJ_14002","HRJ_14002|HRJ_14008","1","0.25","HRJ_14008","HRJ_14008","HRJ_14008","plantr_exact","High","PARQUE NACIONAL SERRA DA BOCAINA"
,,,,"MN","R",,"PRESERVED_SPECIMEN","234435","64",,,,"2016","7","23",,,,"Brasil",,"São Paulo","Areias","Areias","Parque Nacional da Serra da Bocaina",,,"-22.740833","-44.695278",,"22º44'27""S","44º41'43""W",,"Picanço, W.L.","2016-8-NA",,"Paepalanthus paulensis",,,"Eriocaulaceae","Paepalanthus",,,,"-22.740833","-44.695278",,,"8","2016",,"paulensis",,,,,,"R010071551","Splink","R",,,"64","2016","Picanco, W.L.","2016",,,,"brazil","sao paulo","areias","parque nacional da serra da bocaina",,"locality","brazil_sao paulo_areias","brazil_sao paulo_areias",-22.67280379,-44.7121924,"county",1331793,"Paepalanthus paulensis","Ruhland","possibly_ok","Eriocaulaceae","Paepalanthus paulensis","Ruhland","species","name accepted","bfo-7628",,,"Paepalanthus paulensis Ruhland","Paepalanthus","Eriocaulaceae","brazil_sao paulo_areias","Brazil","São Paulo","Areias",,"ibge",TRUE,-22.740833,-44.695278,"coord_original","seconds","low","Paepalanthus paulensis","check_local.2municip.","ok_county",,FALSE,"ok_dist","full_name_match","R_234435",,"0","0",,,,"plantr_exact","High","PARQUE NACIONAL SERRA DA BOCAINA"
,,,,"IBt","SP",,"PRESERVED_SPECIMEN","334313","77",,,,"1998","1","20",,,,"Brasil",,"São Paulo","São José do Barreiro","São José do Barreiro","Parque Nacional da Serra da Bocaina",,,"-22.639999","-44.57","30784","0","0",,"Simão Bianchini, R","1999-NA-NA",,"Ipomoea procumbens",,,"Convolvulaceae","Ipomoea",,,,"-22.639999","-44.57",,,,"1999",,"procumbens",,,,,,,"Splink","SP",,,"77","1998","Bianchini, R.S.","1999",,,,"brazil","sao paulo","sao jose do barreiro","parque nacional da serra da bocaina",,"locality","brazil_sao paulo_sao jose barreiro_parque nacional serra bocaina","brazil_sao paulo_sao jose barreiro_parque nacional serra bocaina",-22.74484201,-44.61460885,"locality",1244297,"Ipomoea procumbens","Mart. ex Choisy","possibly_ok","Convolvulaceae","Ipomoea procumbens","Mart. ex Choisy","species","name accepted","bfo-7053",,,"Ipomoea procumbens Mart. ex Choisy","Ipomoea","Convolvulaceae","brazil_sao paulo_sao jose barreiro","Brazil","São Paulo","São José do Barreiro",,"ibge",TRUE,-22.639999,-44.57,"coord_original","miliseconds","low","Ipomoea procumbens","ok_same_resolution","ok_county",,FALSE,"ok_dist","full_name_match","SP_334313","SP_334313[virtual]","1","0.25","SP_334313","SP_334313","SP_334313","plantr_exact","High","PARQUE NACIONAL SERRA DA BOCAINA"
,,,,"UFMG","BHCB",,"PRESERVED_SPECIMEN","35270","1570",,"<nO>Arvoreta, flores verdes, frutos imaturos verdes.; Grotão de mata úmida, provavelmente remanescente.</nO>",,"1994","7","18",,,"<nO>Arvoreta, flores verdes, frutos imaturos verdes.; Grotão de mata úmida, provavelmente remanescente.</nO>","Brasil",,"São Paulo","São José do Barreiro","São José do Barreiro","Parque Nacional da Serra da Bocaina, Sítio do Sr. Sebastião Arantes.",,,"-22.639999","-44.57","30784","0","0",,"Silva, GB da","2024-1-   0",,"Dyssochroma viridiflorum",,,"Solanaceae","Dyssochroma",,,,"-22.639999","-44.57",,"0","1","2024",,"viridiflorum",,,,,,"BHCB031942","Splink","BHCB",,,"1570","1994","Silva, G.B.","2024",,,,"brazil","sao paulo","sao jose do barreiro","parque nacional da serra da bocaina",,"locality","brazil_sao paulo_sao jose barreiro_parque nacional serra bocaina","brazil_sao paulo_sao jose barreiro_parque nacional serra bocaina",-22.74484201,-44.61460885,"locality",1210965,"Dyssochroma viridiflorum","(Sims) Miers","possibly_ok","Solanaceae","Dyssochroma viridiflorum","(Sims) Miers","species","name accepted","bfo-26120",,,"Dyssochroma viridiflorum (Sims) Miers","Dyssochroma","Solanaceae","brazil_sao paulo_sao jose barreiro","Brazil","São Paulo","São José do Barreiro",,"ibge",TRUE,-22.639999,-44.57,"coord_original","miliseconds","low","Dyssochroma viridiflorum","ok_same_resolution","ok_county",,FALSE,"ok_dist","full_name_match","BHCB_35270",,"cc","cc",,,,"plantr_exact","High","PARQUE NACIONAL SERRA DA BOCAINA"
,,,,"UFRGS","ICN",,"PRESERVED_SPECIMEN","173702","21116",,"<nO>Doação RB 73806</nO>",,"1951","5","16",,,"<nO>Doação RB 73806</nO>","Brasil",,"São Paulo","São José do Barreiro","São José do Barreiro","Parque Nacional da Serra da Bocaina, Morro do Matão.",,,"-22.639999","-44.57","30784","0","0",,"Kieling-Rubio, MA",,,"Elaphoglossum itatiayense",,,"Dryopteridaceae","Elaphoglossum",,,,"-22.639999","-44.57",,,,,,"itatiayense",,,,,,,"Splink","ICN",,,"21116","1951","Kieling-Rubio, M.A.",,,,,"brazil","sao paulo","sao jose do barreiro","parque nacional da serra da bocaina",,"locality","brazil_sao paulo_sao jose barreiro_parque nacional serra bocaina","brazil_sao paulo_sao jose barreiro_parque nacional serra bocaina",-22.74484201,-44.61460885,"locality",957773,"Elaphoglossum itatiayense","Rosenst.","possibly_ok","Dryopteridaceae","Elaphoglossum itatiayense","Rosenst.","species","name accepted","bfo-91039",,,"Elaphoglossum itatiayense Rosenst.","Elaphoglossum","Dryopteridaceae","brazil_sao paulo_sao jose barreiro","Brazil","São Paulo","São José do Barreiro",,"ibge",TRUE,-22.639999,-44.57,"coord_original","miliseconds","low","Elaphoglossum itatiayense","ok_same_resolution","ok_county",,FALSE,"ok_dist","full_name_match","ICN_173702",,"0","0",,,,"plantr_exact","High","PARQUE NACIONAL SERRA DA BOCAINA"
"Physical Object",,,,"UERJ","HRJ","HRJ - Herbário da UERJ","PRESERVED_SPECIMEN","HRJ00014072","72","N.B.G. Fernandes; M.B.S. Pereira & L.F. Skinner",,"2023-02-12","2023","2","12",,,,"Brasil","BR","São Paulo",,"Ubatuba","Camburi. Parque Nacional da Serra da Bocaina",,,"-23.357778","-44.754167",,"23º21'28''S","44º45'15''W",,"N.B.G. Fernandes, M.A. Milward-de-Azevedo",,,"Passiflora truncata Regel","Magnoliopsida","Malpighiales","Passifloraceae","Passiflora","species","Regel","ACCEPTED",,,"Passiflora truncata Regel",,,,"Passiflora truncata Regel","Passiflora truncata",,,,,,,"GBIF","HRJ",,"Fernandes, N.B.G.","72","2023","Fernandes, N.B.G.",,"Pereira, M.B.S.; Skinner, L.F.","Fernandes","Milward-De, M.A.","brazil","sao paulo","ubatuba","parque nacional da serra da bocaina","camburi","locality","brazil_sao paulo_ubatuba","brazil_sao paulo_ubatuba",-23.37925694,-45.02408879,"county",757315,"Passiflora truncata","Regel","name_w_authors","Passifloraceae","Passiflora truncata","Regel","species","name accepted","bfo-12569",,,"Passiflora truncata Regel","Passiflora","Passifloraceae","brazil_sao paulo_ubatuba","Brazil","São Paulo","Ubatuba",,"ibge",TRUE,-23.357778,-44.754167,"coord_original","seconds","low","Passiflora truncata","check_local.2municip.","ok_county",,FALSE,"ok_dist","full_name_match","HRJ_14072","HRJ_14066|HRJ_14072","1","0.25","HRJ_14072","HRJ_14072","HRJ_14072","plantr_exact","High","PARQUE NACIONAL SERRA DA BOCAINA"
"Physical Object",,,,"UERJ","HRJ","HRJ - Herbário da UERJ","PRESERVED_SPECIMEN","HRJ00014066","66","N.B.G. Fernandes; M.A. Milward-de-Azevedo, M.B.S. Pereira & L.F. Skinner",,"2022-03-11","2022","3","11",,,,"Brasil","BR","São Paulo",,"Bananal","Cachoeira do Bracuí. Parque Nacional da Serra da Bocaina",,,"-22.863889","-44.451667",,"22º51'50''S","44º27'6''W",,"N.B.G. Fernandes, M.A. Milward-de-Azevedo",,,"Passiflora haematostigma Mast.","Magnoliopsida","Malpighiales","Passifloraceae","Passiflora","species","Mart. ex Mast.","ACCEPTED",,,"Passiflora haematostigma Mast.",,,,"Passiflora haematostigma Mart. ex Mast.","Passiflora haematostigma",,,,,,,"GBIF","HRJ",,"Fernandes, N.B.G.","66","2022","Fernandes, N.B.G.",,"Milward-De, M.A.; Pereira, M.B.S.; Skinner, L.F.","Fernandes","Milward-De, M.A.","brazil","sao paulo","bananal","parque nacional da serra da bocaina","cachoeira do bracui","locality","brazil_sao paulo_bananal","brazil_sao paulo_bananal",-22.73353405,-44.33438939,"county",757307,"Passiflora haematostigma","Mart. ex Mast.","name_w_authors","Passifloraceae","Passiflora haematostigma","Mart. ex Mast.","species","author misspelled","bfo-12532",,,"Passiflora haematostigma Mart. ex Mast.","Passiflora","Passifloraceae","brazil_sao paulo_bananal","Brazil","São Paulo","Bananal",,"ibge",TRUE,-22.863889,-44.451667,"coord_original","seconds","low","Passiflora haematostigma","check_local.2municip.","ok_county",,FALSE,"ok_dist","full_name_match","HRJ_14066",,"cc","cc",,,,"plantr_exact","High","PARQUE NACIONAL SERRA DA BOCAINA"
"Physical Object",,,,"UERJ","HRJ","HRJ - Herbário da UERJ","PRESERVED_SPECIMEN","HRJ00014054","54","N.B.G. Fernandes; M.A. Milward-de-Azevedo, M.B.S. Pereira & L.F. Skinner",,"2022-03-13","2022","3","13",,,,"Brasil","BR","São Paulo",,"São José do Barreiro","Cachoeira das Posses. Parque Nacional da Serra da Bocaina",,,"-22.760556","-44.611389",,"22º45'38''S","44º36'41''W",,"N.B.G. Fernandes, M.A. Milward-de-Azevedo","2022-03-13",,"Passiflora vellozoi Gardner","Magnoliopsida","Malpighiales","Passifloraceae","Passiflora","species","Gardner","SYNONYM",,,"Passiflora vellozii Gardner",,,,"Passiflora vellozoi Gardner","Passiflora vellozii",,,,,,,"GBIF","HRJ",,"Fernandes, N.B.G.","54","2022","Fernandes, N.B.G.","2022","Milward-De, M.A.; Pereira, M.B.S.; Skinner, L.F.","Fernandes","Milward-De, M.A.","brazil","sao paulo","sao jose do barreiro","parque nacional da serra da bocaina","cachoeira das posses","locality","brazil_sao paulo_sao jose barreiro_parque nacional serra bocaina","brazil_sao paulo_sao jose barreiro_parque nacional serra bocaina",-22.74484201,-44.61460885,"locality",757292,"Passiflora vellozoi","Gardner","name_w_authors","Passifloraceae","Passiflora vellozoi","Gardner","species","name accepted","bfo-12572",,,"Passiflora vellozoi Gardner","Passiflora","Passifloraceae","brazil_sao paulo_sao jose barreiro","Brazil","São Paulo","São José do Barreiro",,"ibge",TRUE,-22.760556,-44.611389,"coord_original","seconds","low","Passiflora vellozoi","ok_same_resolution","ok_county",,FALSE,"ok_dist","full_name_match","HRJ_14054","HRJ_14048|HRJ_14054","1","0.25","HRJ_14054","HRJ_14054","HRJ_14054","plantr_exact","High","PARQUE NACIONAL SERRA DA BOCAINA"
"Physical Object",,,,"UERJ","HRJ","HRJ - Herbário da UERJ","PRESERVED_SPECIMEN","HRJ00014055","55","N.B.G. Fernandes; M.A. Milward-de-Azevedo, M.B.S. Pereira & L.F. Skinner",,"2022-03-13","2022","3","13",,,,"Brasil","BR","São Paulo",,"São José do Barreiro","Trilha do Ouro. Parque Nacional da Serra da Bocaina",,,"-22.778889","-44.604167",,"22º46'44''S","44º36'15''W",,"N.B.G. Fernandes, M.A. Milward-de-Azevedo","2022-03-13",,"Passiflora porophylla Vell.","Magnoliopsida","Malpighiales","Passifloraceae","Passiflora","species","Vell.","ACCEPTED",,,"Passiflora porophylla Vell.",,,,"Passiflora porophylla Vell.","Passiflora porophylla",,,,,,,"GBIF","HRJ",,"Fernandes, N.B.G.","55","2022","Fernandes, N.B.G.","2022","Milward-De, M.A.; Pereira, M.B.S.; Skinner, L.F.","Fernandes","Milward-De, M.A.","brazil","sao paulo","sao jose do barreiro","parque nacional da serra da bocaina","trilha do ouro","locality","brazil_sao paulo_sao jose barreiro_parque nacional serra bocaina","brazil_sao paulo_sao jose barreiro_parque nacional serra bocaina",-22.74484201,-44.61460885,"locality",757293,"Passiflora porophylla","Vell.","name_w_authors","Passifloraceae","Passiflora porophylla","Vell.","species","name accepted","bfo-123052",,,"Passiflora porophylla Vell.","Passiflora","Passifloraceae","brazil_sao paulo_sao jose barreiro","Brazil","São Paulo","São José do Barreiro",,"ibge",TRUE,-22.778889,-44.604167,"coord_original","seconds","low","Passiflora porophylla","ok_same_resolution","ok_county",,FALSE,"ok_dist","full_name_match","HRJ_14055","HRJ_14049|HRJ_14055","1","0.25","HRJ_14055","HRJ_14055","HRJ_14055","plantr_exact","High","PARQUE NACIONAL SERRA DA BOCAINA"
"Physical Object",,,,"UERJ","HRJ","HRJ - Herbário da UERJ","PRESERVED_SPECIMEN","HRJ00014061","61","N.B.G. Fernandes; M.A. Milward-de-Azevedo, M.B.S. Pereira & L.F. Skinner",,"2022-03-13","2022","3","13",,,,"Brasil","BR","São Paulo",,"São José do Barreiro","Trilha do Ouro. Parque Nacional da Serra da Bocaina",,,"-22.753611","-44.623889",,"22º45'13''S","44º37'26''W",,"N.B.G. Fernandes, M.A. Milward-de-Azevedo","2022-03-13",,"Passiflora mendoncaei Harms","Magnoliopsida","Malpighiales","Passifloraceae","Passiflora","species","Harms","ACCEPTED",,,"Passiflora mendoncaei Harms",,,,"Passiflora mendoncaei Harms","Passiflora mendoncaei",,,,,,,"GBIF","HRJ",,"Fernandes, N.B.G.","61","2022","Fernandes, N.B.G.","2022","Milward-De, M.A.; Pereira, M.B.S.; Skinner, L.F.","Fernandes","Milward-De, M.A.","brazil","sao paulo","sao jose do barreiro","parque nacional da serra da bocaina","trilha do ouro","locality","brazil_sao paulo_sao jose barreiro_parque nacional serra bocaina","brazil_sao paulo_sao jose barreiro_parque nacional serra bocaina",-22.74484201,-44.61460885,"locality",757310,"Passiflora mendoncaei","Harms","name_w_authors","Passifloraceae","Passiflora mendoncaei","Harms","species","name accepted","bfo-12543",,,"Passiflora mendoncaei Harms","Passiflora","Passifloraceae","brazil_sao paulo_sao jose barreiro","Brazil","São Paulo","São José do Barreiro",,"ibge",TRUE,-22.753611,-44.623889,"coord_original","seconds","low","Passiflora mendoncaei","ok_same_resolution","ok_county",,FALSE,"ok_dist","full_name_match","HRJ_14061","HRJ_14055|HRJ_14061","1","0.25","HRJ_14061","HRJ_14061","HRJ_14061","plantr_exact","High","PARQUE NACIONAL SERRA DA BOCAINA"
"Physical Object",,,,"UERJ","HRJ","HRJ - Herbário da UERJ","PRESERVED_SPECIMEN","HRJ00014056","56","N.B.G. Fernandes; M.A. Milward-de-Azevedo, M.B.S. Pereira & L.F. Skinner",,"2022-03-13","2022","3","13",,,,"Brasil","BR","São Paulo",,"São José do Barreiro","Zona de Amortecimento do Parna Bocaina. Parque Nacional da Serra da Bocaina",,,"-22.727222","-44.625278",,"22º43'38''S","44º37'31''W",,"N.B.G. Fernandes, M.A. Milward-de-Azevedo","2022-03-13",,"Passiflora mediterranea Vell.","Magnoliopsida","Malpighiales","Passifloraceae","Passiflora","species","Vell.","ACCEPTED",,,"Passiflora mediterranea Vell.",,,,"Passiflora mediterranea Vell.","Passiflora mediterranea",,,,,,,"GBIF","HRJ",,"Fernandes, N.B.G.","56","2022","Fernandes, N.B.G.","2022","Milward-De, M.A.; Pereira, M.B.S.; Skinner, L.F.","Fernandes","Milward-De, M.A.","brazil","sao paulo","sao jose do barreiro","zona de amortecimento do parna bocaina, parque nacional da serra da bocaina","zona de amortecimento do parna bocaina","locality","brazil_sao paulo_sao jose barreiro","brazil_sao paulo_sao jose barreiro",-22.74888367,-44.58687717,"county",757290,"Passiflora mediterranea","Vell.","name_w_authors","Passifloraceae","Passiflora mediterranea","Vell.","species","name accepted","bfo-123051",,,"Passiflora mediterranea Vell.","Passiflora","Passifloraceae","brazil_sao paulo_sao jose barreiro","Brazil","São Paulo","São José do Barreiro",,"ibge",TRUE,-22.727222,-44.625278,"coord_original","seconds","low","Passiflora mediterranea","check_local.2municip.","ok_county",,FALSE,"ok_dist","full_name_match","HRJ_14056","HRJ_14050|HRJ_14056","1","0.25","HRJ_14056","HRJ_14056","HRJ_14056","plantr_exact","High","PARQUE NACIONAL SERRA DA BOCAINA"
"Physical Object",,,,"UERJ","HRJ","HRJ - Herbário da UERJ","PRESERVED_SPECIMEN","HRJ00014023","23","N.B.G. Fernandes; M.A. Milward-de-Azevedo, L.F.Skinner",,"2021-06-22","2021","6","22",,,,"Brasil","BR","São Paulo",,"São José do Barreiro","Trilha do Ouro. Travessia SPXRJ. PARNA Serra da Bocaina",,,"-22.809167","-44.61",,"22º48'33''S","44º36'36''W",,"N.B.G. Fernandes, M.A. Milward-de-Azevedo","2021-06-22",,"Passiflora campanulata Mast.","Magnoliopsida","Malpighiales","Passifloraceae","Passiflora","species","Mast.","ACCEPTED",,,"Passiflora campanulata Mast.",,,,"Passiflora campanulata Mast.","Passiflora campanulata",,,,,,,"GBIF","HRJ",,"Fernandes, N.B.G.","23","2021","Fernandes, N.B.G.","2021","Milward-De, M.A.; Skinner, L.F.","Fernandes","Milward-De, M.A.","brazil","sao paulo","sao jose do barreiro","parna serra da bocaina","trilha do ouro","locality","brazil_sao paulo_sao jose barreiro","brazil_sao paulo_sao jose barreiro",-22.74888367,-44.58687717,"county",757298,"Passiflora campanulata","Mast.","name_w_authors","Passifloraceae","Passiflora campanulata","Mast.","species","name accepted","bfo-12513",,,"Passiflora campanulata Mast.","Passiflora","Passifloraceae","brazil_sao paulo_sao jose barreiro","Brazil","São Paulo","São José do Barreiro",,"ibge",TRUE,-22.809167,-44.61,"coord_original","seconds","low","Passiflora campanulata","check_local.2municip.","ok_county",,FALSE,"ok_dist","full_name_match","HRJ_14023","HRJ_14017|HRJ_14023","1","0.25","HRJ_14023","HRJ_14023","HRJ_14023","plantr_exact","High","PARQUE NACIONAL SERRA DA BOCAINA"
,,,,"JBRJ","RB","RB - Rio de Janeiro Botanical Garden Herbarium Collection","PRESERVED_SPECIMEN","RB01451010","396","V. Lino; C. Mynssen",,"2021-12-15","2021","12","15",,,,"Brasil","BR","São Paulo",,"São José do Barreiro","Trilha para o Pico do Tira Chapéu. Sobre árvore na primeira mata. Parque Nacional da Serra da Bocaina",,,"-22.741944","-44.641111",,"22º44´31´´","44º38´28´´W",,"V. Lino","2021-12-15",,"Asplenium praemorsum Sw.","Polypodiopsida","Polypodiales","Aspleniaceae","Asplenium","species","Sw.","ACCEPTED",,,"Asplenium praemorsum Sw.",,,,"Asplenium praemorsum Sw.","Asplenium praemorsum",,,,,,,"GBIF","RB",,"Lino, V.","396","2021","Lino, V.","2021","Mynssen, C.","Lino",,"brazil","sao paulo","sao jose do barreiro","parque nacional da serra da bocaina","trilha para o pico do tira chapeu","locality","brazil_sao paulo_sao jose barreiro_parque nacional serra bocaina","brazil_sao paulo_sao jose barreiro_parque nacional serra bocaina",-22.74484201,-44.61460885,"locality",579687,"Asplenium praemorsum","Sw.","name_w_authors","Aspleniaceae","Asplenium praemorsum","Sw.","species","name accepted","bfo-90742",,,"Asplenium praemorsum Sw.","Asplenium","Aspleniaceae","brazil_sao paulo_sao jose barreiro","Brazil","São Paulo","São José do Barreiro",,"ibge",TRUE,-22.741944,-44.641111,"coord_original","seconds","low","Asplenium praemorsum","ok_same_resolution","ok_county",,FALSE,"ok_dist","full_name_match","RB_1451010","RB_1451010[virtual]","4","1","RB_1451010","RB_1451010","RB_1451010","plantr_exact","High","PARQUE NACIONAL SERRA DA BOCAINA"
,,"https://specieslink.net/col/520",,"UFMG","BHCB-BRIOFITAS",,"PRESERVED_SPECIMEN","207026","1541","Peñaloza-Bojacá, GF; Diniz, VS; Magalhaes, MD; Tomasi, MO",,"2020-02-08","2020","2","8",,,,"Brasil","BR","São Paulo",,"São José do Barreiro","Parque Nacional da Serra da Bocaina, Na fazenda do Sr. Sebastiano e a Sra, Leonilda.",,,"-22.731667","-44.618611",,,,,"Peñaloza-Bojacá, GF","2021-11-19",,"Phaeoceros carolinianus (Michx.) Prosk.","Anthocerotopsida","Notothyladales","Notothyladaceae","Phaeoceros","species","(Michx.) Prosk.","ACCEPTED",,,"Phaeoceros carolinianus (Michx.) Prosk.",,,,"Phaeoceros carolinianus (Michx.) Prosk.","Phaeoceros carolinianus",,"WGS84",,,,,"GBIF","BHCB-BRIOFITAS","code not found","Penaloza-Bojaca, G.F.","1541","2020","Penaloza-Bojaca, G.F.","2021","Diniz, V.S.; Magalhaes, M.D.; Tomasi, M.O.","Penaloza-Bojaca",,"brazil","sao paulo","sao jose do barreiro","parque nacional da serra da bocaina, na fazenda do senhor sebastiano e a sra","parque nacional da serra da bocaina","locality","brazil_sao paulo_sao jose barreiro","brazil_sao paulo_sao jose barreiro",-22.74888367,-44.58687717,"county",1866740,"Phaeoceros carolinianus","(Michx.) Prosk.","name_w_authors",,"Phaeoceros carolinianus","(Michx.) Prosk.","species","not found",,,,"Phaeoceros carolinianus (Michx.) Prosk.","Phaeoceros",,"brazil_sao paulo_sao jose barreiro","Brazil","São Paulo","São José do Barreiro",,"ibge",TRUE,-22.731667,-44.618611,"coord_original","seconds","low","Phaeoceros carolinianus","check_local.2municip.","ok_county",,,"no_cannot_check","no_match","BHCB-BRIOFITAS_207026",,"cc","cc",,,,"plantr_exact","High","PARQUE NACIONAL SERRA DA BOCAINA"
,,"https://specieslink.net/col/520",,"UFMG","BHCB-BRIOFITAS",,"PRESERVED_SPECIMEN","206987","1504","Peñaloza-Bojacá, GF; Diniz, VS; Magalhaes, MD; Tomasi, MO",,"2020-02-06","2020","2","6",,,,"Brasil","BR","São Paulo",,"São José do Barreiro","Parque Nacional da Serra da Bocaina, Estrada alojamento para a cachoeira das posses.",,,"-22.767778","-44.609444",,,,,"Peñaloza-Bojacá, GF","2021-10-24",,"Paraphymatoceros pearsonii (M.Howe) J.C.Villarreal & Cargill","Anthocerotopsida","Notothyladales","Notothyladaceae","Paraphymatoceros","species","(M. Howe) J.C. Villarreal & Cargill","ACCEPTED",,,"Paraphymatoceros pearsonii (M.Howe) J.C.Villarreal & Cargill",,,,"Paraphymatoceros pearsonii (M.Howe) J.C.Villarreal & Cargill","Paraphymatoceros pearsonii",,"WGS84",,,,,"GBIF","BHCB-BRIOFITAS","code not found","Penaloza-Bojaca, G.F.","1504","2020","Penaloza-Bojaca, G.F.","2021","Diniz, V.S.; Magalhaes, M.D.; Tomasi, M.O.","Penaloza-Bojaca",,"brazil","sao paulo","sao jose do barreiro","parque nacional da serra da bocaina, estrada alojamento para a cachoeira das posses","parque nacional da serra da bocaina","locality","brazil_sao paulo_sao jose barreiro","brazil_sao paulo_sao jose barreiro",-22.74888367,-44.58687717,"county",1866763,"Paraphymatoceros pearsonii","(M.Howe) J.C.Villarreal & Cargill","name_w_authors",,"Paraphymatoceros pearsonii","(M.Howe) J.C.Villarreal & Cargill","species","not found",,,,"Paraphymatoceros pearsonii (M.Howe) J.C.Villarreal & Cargill","Paraphymatoceros",,"brazil_sao paulo_sao jose barreiro","Brazil","São Paulo","São José do Barreiro",,"ibge",TRUE,-22.767778,-44.609444,"coord_original","seconds","low","Paraphymatoceros pearsonii","check_local.2municip.","ok_county",,,"no_cannot_check","no_match","BHCB-BRIOFITAS_206987",,"cc","cc",,,,"plantr_exact","High","PARQUE NACIONAL SERRA DA BOCAINA"
,,"https://specieslink.net/col/520",,"UFMG","BHCB-BRIOFITAS",,"PRESERVED_SPECIMEN","207006","1522","Peñaloza-Bojacá, GF; Diniz, VS; Magalhaes, MD; Tomasi, MO",,"2020-02-07","2020","2","7",,,,"Brasil","BR","São Paulo",,"São José do Barreiro","Parque Nacional da Serra da Bocaina, Trilha do atalho próximo ao 2 ponto de controle (12km do alojamento).",,,"-22.780556","-44.605",,,,,"Peñaloza-Bojacá, GF","2021-11-01",,"Nothoceros schizophyllus (Steph.) J.C.Villarreal","Anthocerotopsida","Dendrocerotales","Dendrocerotaceae","Nothoceros","species","(Steph.) J.C. Villarreal","ACCEPTED",,,"Nothoceros schizophyllus (Steph.) J.C.Villarreal",,,,"Nothoceros schizophyllus (Steph.) J.C.Villarreal","Nothoceros schizophyllus",,"WGS84",,,,,"GBIF","BHCB-BRIOFITAS","code not found","Penaloza-Bojaca, G.F.","1522","2020","Penaloza-Bojaca, G.F.","2021","Diniz, V.S.; Magalhaes, M.D.; Tomasi, M.O.","Penaloza-Bojaca",,"brazil","sao paulo","sao jose do barreiro","parque nacional da serra da bocaina",,"locality","brazil_sao paulo_sao jose barreiro_parque nacional serra bocaina","brazil_sao paulo_sao jose barreiro_parque nacional serra bocaina",-22.74484201,-44.61460885,"locality",1866827,"Nothoceros schizophyllus","(Steph.) J.C.Villarreal","name_w_authors",,"Nothoceros schizophyllus","(Steph.) J.C.Villarreal","species","not found",,,,"Nothoceros schizophyllus (Steph.) J.C.Villarreal","Nothoceros",,"brazil_sao paulo_sao jose barreiro","Brazil","São Paulo","São José do Barreiro",,"ibge",TRUE,-22.780556,-44.605,"coord_original","seconds","low","Nothoceros schizophyllus","ok_same_resolution","ok_county",,,"no_cannot_check","no_match","BHCB-BRIOFITAS_207006",,"cc","cc",,,,"plantr_exact","High","PARQUE NACIONAL SERRA DA BOCAINA"
,,"https://specieslink.net/col/520",,"UFMG","BHCB-BRIOFITAS",,"PRESERVED_SPECIMEN","206982","1499","Peñaloza-Bojacá, GF; Diniz, VS; Magalhaes, MD; Tomasi, MO",,"2020-02-06","2020","2","6",,,,"Brasil","BR","São Paulo",,"São José do Barreiro","Parque Nacional da Serra da Bocaina, Estrada alojamento para a cachoeira das posses.",,,"-22.767778","-44.609444",,,,,"Peñaloza-Bojacá, GF","2021-10-07",,"Nothoceros minarum","Anthocerotopsida","Dendrocerotales","Dendrocerotaceae","Nothoceros","species","(Nees) J.C.Villarreal","ACCEPTED",,,"Nothoceros minarum (Nees) J.C.Villarreal",,,,"Nothoceros minarum (Nees) J.C.Villarreal","Nothoceros minarum",,"WGS84",,,,,"GBIF","BHCB-BRIOFITAS","code not found","Penaloza-Bojaca, G.F.","1499","2020","Penaloza-Bojaca, G.F.","2021","Diniz, V.S.; Magalhaes, M.D.; Tomasi, M.O.","Penaloza-Bojaca",,"brazil","sao paulo","sao jose do barreiro","parque nacional da serra da bocaina, estrada alojamento para a cachoeira das posses","parque nacional da serra da bocaina","locality","brazil_sao paulo_sao jose barreiro","brazil_sao paulo_sao jose barreiro",-22.74888367,-44.58687717,"county",1866756,"Nothoceros minarum","(Nees) J.C.Villarreal","name_w_authors",,"Nothoceros minarum","(Nees) J.C.Villarreal","species","not found",,,,"Nothoceros minarum (Nees) J.C.Villarreal","Nothoceros",,"brazil_sao paulo_sao jose barreiro","Brazil","São Paulo","São José do Barreiro",,"ibge",TRUE,-22.767778,-44.609444,"coord_original","seconds","low","Nothoceros minarum","check_local.2municip.","ok_county",,FALSE,"no_cannot_check","no_match","BHCB-BRIOFITAS_206982",,"cc","cc",,,,"plantr_exact","High","PARQUE NACIONAL SERRA DA BOCAINA"
,,"https://specieslink.net/col/520",,"UFMG","BHCB-BRIOFITAS",,"PRESERVED_SPECIMEN","206984","1501","Peñaloza-Bojacá, GF; Diniz, VS; Magalhaes, MD; Tomasi, MO",,"2020-02-06","2020","2","6",,,,"Brasil","BR","São Paulo",,"São José do Barreiro","Parque Nacional da Serra da Bocaina, Estrada alojamento para a cachoeira das posses.",,,"-22.767778","-44.609444",,,,,"Peñaloza-Bojacá, GF","2021-10-07",,"Dendroceros crispus (Sw.) Nees","Anthocerotopsida","Dendrocerotales","Dendrocerotaceae","Dendroceros","species","(Sw.) Nees","ACCEPTED",,,"Dendroceros crispus (Sw.) Nees",,,,"Dendroceros crispus (Sw.) Nees","Dendroceros crispus",,"WGS84",,,,,"GBIF","BHCB-BRIOFITAS","code not found","Penaloza-Bojaca, G.F.","1501","2020","Penaloza-Bojaca, G.F.","2021","Diniz, V.S.; Magalhaes, M.D.; Tomasi, M.O.","Penaloza-Bojaca",,"brazil","sao paulo","sao jose do barreiro","parque nacional da serra da bocaina, estrada alojamento para a cachoeira das posses","parque nacional da serra da bocaina","locality","brazil_sao paulo_sao jose barreiro","brazil_sao paulo_sao jose barreiro",-22.74888367,-44.58687717,"county",1866765,"Dendroceros crispus","(Sw.) Nees","name_w_authors",,"Dendroceros crispus","(Sw.) Nees","species","not found",,,,"Dendroceros crispus (Sw.) Nees","Dendroceros",,"brazil_sao paulo_sao jose barreiro","Brazil","São Paulo","São José do Barreiro",,"ibge",TRUE,-22.767778,-44.609444,"coord_original","seconds","low","Dendroceros crispus","check_local.2municip.","ok_county",,FALSE,"no_cannot_check","no_match","BHCB-BRIOFITAS_206984",,"cc","cc",,,,"plantr_exact","High","PARQUE NACIONAL SERRA DA BOCAINA"
,,"https://specieslink.net/col/520",,"UFMG","BHCB-BRIOFITAS",,"PRESERVED_SPECIMEN","207022","1537","Peñaloza-Bojacá, GF; Diniz, VS; Magalhaes, MD; Tomasi, MO",,"2020-02-07","2020","2","7",,,,"Brasil","BR","São Paulo",,"São José do Barreiro","Parque Nacional da Serra da Bocaina, Trilha do atalho próximo ao 2 ponto de controle (12km do alojamento).",,,"-22.773611","-44.604444",,,,,"Peñaloza-Bojacá, GF","2021-11-09",,"Dendroceros crispatus (Hook.) Nees","Anthocerotopsida","Dendrocerotales","Dendrocerotaceae","Dendroceros","species","(Hook.) Nees","ACCEPTED",,,"Dendroceros crispatus (Hook.) Nees",,,,"Dendroceros crispatus (Hook.) Nees","Dendroceros crispatus",,"WGS84",,,,,"GBIF","BHCB-BRIOFITAS","code not found","Penaloza-Bojaca, G.F.","1537","2020","Penaloza-Bojaca, G.F.","2021","Diniz, V.S.; Magalhaes, M.D.; Tomasi, M.O.","Penaloza-Bojaca",,"brazil","sao paulo","sao jose do barreiro","parque nacional da serra da bocaina",,"locality","brazil_sao paulo_sao jose barreiro_parque nacional serra bocaina","brazil_sao paulo_sao jose barreiro_parque nacional serra bocaina",-22.74484201,-44.61460885,"locality",1866736,"Dendroceros crispatus","(Hook.) Nees","name_w_authors",,"Dendroceros crispatus","(Hook.) Nees","species","not found",,,,"Dendroceros crispatus (Hook.) Nees","Dendroceros",,"brazil_sao paulo_sao jose barreiro","Brazil","São Paulo","São José do Barreiro",,"ibge",TRUE,-22.773611,-44.604444,"coord_original","seconds","low","Dendroceros crispatus","ok_same_resolution","ok_county",,,"no_cannot_check","no_match","BHCB-BRIOFITAS_207022",,"cc","cc",,,,"plantr_exact","High","PARQUE NACIONAL SERRA DA BOCAINA"
,,"https://specieslink.net/col/520",,"UFMG","BHCB-BRIOFITAS",,"PRESERVED_SPECIMEN","207009","1525_1","Peñaloza-Bojacá, GF; Diniz, VS; Magalhaes, MD; Tomasi, MO",,"2020-02-07","2020","2","7",,,,"Brasil","BR","São Paulo",,"São José do Barreiro","Parque Nacional da Serra da Bocaina, Trilha do atalho próximo ao 2 ponto de controle (12km do alojamento).",,,"-22.779167","-44.604444",,,,,"Peñaloza-Bojacá, GF","2021-11-04",,"Dendroceros breutelii","Anthocerotopsida","Dendrocerotales","Dendrocerotaceae","Dendroceros","species","Nees","ACCEPTED",,,"Dendroceros breutelii Nees",,,,"Dendroceros breutelii Nees","Dendroceros breutelii",,"WGS84",,,,,"GBIF","BHCB-BRIOFITAS","code not found","Penaloza-Bojaca, G.F.","1525_1","2020","Penaloza-Bojaca, G.F.","2021","Diniz, V.S.; Magalhaes, M.D.; Tomasi, M.O.","Penaloza-Bojaca",,"brazil","sao paulo","sao jose do barreiro","parque nacional da serra da bocaina",,"locality","brazil_sao paulo_sao jose barreiro_parque nacional serra bocaina","brazil_sao paulo_sao jose barreiro_parque nacional serra bocaina",-22.74484201,-44.61460885,"locality",1866825,"Dendroceros breutelii","Nees","name_w_authors",,"Dendroceros breutelii","Nees","species","not found",,,,"Dendroceros breutelii Nees","Dendroceros",,"brazil_sao paulo_sao jose barreiro","Brazil","São Paulo","São José do Barreiro",,"ibge",TRUE,-22.779167,-44.604444,"coord_original","seconds","low","Dendroceros breutelii","ok_same_resolution","ok_county",,TRUE,"no_cannot_check","no_match","BHCB-BRIOFITAS_207009",,"cc","cc",,,,"plantr_exact","High","PARQUE NACIONAL SERRA DA BOCAINA"
,,"https://specieslink.net/col/301",,"UCS","HUCS",,"PRESERVED_SPECIMEN","49194","4373","Gonzatti, F; Peralta, DF; Britto, O",,"2018-04-30","2018","4","30",,,,"Brasil","BR","São Paulo",,"São José do Barreiro","Parque Nacional da Serra da Bocaina",,,"-22.733889","-44.616639",,,,,"Gonzatti, F","2019-02-01",,"Hymenophyllum rufum Fée","Polypodiopsida","Hymenophyllales","Hymenophyllaceae","Hymenophyllum","species","Fée","ACCEPTED",,,"Hymenophyllum rufum Fée",,,,"Hymenophyllum rufum","Hymenophyllum rufum",,"WGS84","https://images.cria.org.br/viewer/HUCS005198",,,,"GBIF","HUCS",,"Gonzatti, F.","4373","2018","Gonzatti, F.","2019","Peralta, D.F.; Britto, O.","Gonzatti",,"brazil","sao paulo","sao jose do barreiro","parque nacional da serra da bocaina","serra da bocaina","locality","brazil_sao paulo_sao jose barreiro","brazil_sao paulo_sao jose barreiro_parque nacional serra bocaina",-22.74484201,-44.61460885,"locality",330678,"Hymenophyllum rufum","Fée","name_w_authors","Hymenophyllaceae","Hymenophyllum rufum","Fée","species","name accepted","bfo-91216",,,"Hymenophyllum rufum Fée","Hymenophyllum","Hymenophyllaceae","brazil_sao paulo_sao jose barreiro","Brazil","São Paulo","São José do Barreiro",,"ibge",TRUE,-22.733889,-44.616639,"coord_original","seconds","low","Hymenophyllum rufum","ok_same_resolution","ok_county",,FALSE,"ok_dist","full_name_match","HUCS_49194","BHCB_216932|CESJ_76163|HUCS_49194","4","1","HUCS_49194","HUCS_49194","CESJ_76163","plantr_exact","High","PARQUE NACIONAL SERRA DA BOCAINA"
,"Herbário Virtual REFLORA Disponível em: http://herbariovirtualreflora.jbrj.gov.br/reflora/herbarioVirtual/ConsultaPublicoHVUC/ConsultaPublicoHVUC.do?idTestemunho=6434347",,,"R","R",,"PRESERVED_SPECIMEN","R010084958","665","Manhães, V.C.;Kessous, I.,Uribbe, F.P",,"2017-06-08","2017","6","8","2017-06-08",,,"Brasil","BR","São Paulo",,"Bananal","PARNA Serra da Bocaína. Trilha para cahoeira do Bracuí. Parque Nacional da Serra da Bocaina",,,,,,,,,"Manhães, V.C.",,,"Psidium cattleianum Afzel. ex Sabine","Magnoliopsida","Myrtales","Myrtaceae","Psidium","species",,"ACCEPTED",,,"Psidium cattleianum Afzel. ex Sabine",,,,"Psidium cattleyanum","Psidium cattleianum",,,"jbrj-public.s3-sa-east-1.amazonaws.com/fsi/server?type=image&source=DZI/herbariumr/r/1/0/84/95/8/r010084958.dzi",,,,"GBIF","R",,"Manhaes, V.C.","665","2017","Manhaes, V.C.",,"Kessous, I.; Uribbe, F.P.","Manhaes",,"brazil","sao paulo","bananal","parna serra da bocaina, parque nacional da serra da bocaina","parna serra da bocaina","locality","brazil_sao paulo_bananal","brazil_sao paulo_bananal",-22.73353405,-44.33438939,"county",678630,"Psidium cattleyanum","Sabine","name_w_authors","Myrtaceae","Psidium cattleyanum","Sabine","species","replaced orth. variant","bfo-10858","Psidium cattleyanum","Sabine","Psidium cattleyanum Sabine","Psidium","Myrtaceae","brazil_sao paulo_bananal","Brazil","São Paulo","Bananal",,"ibge",TRUE,-22.73353405,-44.33438939,"coord_gazet","seconds_centroid","low","Psidium cattleyanum","check_local.2municip.","ok_county_gazet",,FALSE,"ok_dist","full_name_match","R_10084958",,"0","0",,,,"plantr_exact","High","PARQUE NACIONAL SERRA DA BOCAINA"
,,"https://specieslink.net/col/224",,"UnB","UB",,"PRESERVED_SPECIMEN","238681","221","Teixeira-Costa, L; Ceccantini, GCT, Camargo, E, Lopes, E & Jardim, P",,"2017-01-31","2017","1","31",,,,"Brasil","BR","São Paulo",,"São José do Barreiro","Serra da Bocaina. Em capão de mata na margem da estrada que leva à entrada do Parque Nacional da Serra da Bocaina (SP 221)",,,"-22.733611","-44.618611",,,,,"Dalostra, CH","2022-01-01",,"Agarista oleifolia var. oleifolia","Magnoliopsida","Ericales","Ericaceae","Agarista","variety",,"ACCEPTED",,,"Agarista oleifolia var. oleifolia",,,,"Agarista oleifolia oleifolia","Agarista oleifolia",,"WGS84",,,,,"GBIF","UB",,"Teixeira-Costa, L.","221","2017","Dalostra, C.H.","2022","Ceccantini, G.C.T.C.E.L.E.; Jardim, P.","Teixeira-Costa",,"brazil","sao paulo","sao jose do barreiro","serra da bocaina, em capao de mata na margem da estrada que leva a entrada do parque nacional da serra da bocaina","serra da bocaina","locality","brazil_sao paulo_sao jose barreiro","brazil_sao paulo_sao jose barreiro",-22.74888367,-44.58687717,"county",8792,"Agarista oleifolia var. oleifolia","(Cham.) G.Don","variety","Ericaceae","Agarista oleifolia var. oleifolia","(Cham.) G.Don","variety","name accepted","bfo-28640",,,"Agarista oleifolia var. oleifolia (Cham.) G.Don","Agarista","Ericaceae","brazil_sao paulo_sao jose barreiro","Brazil","São Paulo","São José do Barreiro",,"ibge",TRUE,-22.733611,-44.618611,"coord_original","seconds","low","Agarista oleifolia","check_local.2municip.","ok_county",,FALSE,"ok_dist","full_name_match","UB_238681","ICN_213838|SPF_233814|UB_238681","3","0.75","UB_238681","UB_238681","UB_238681","plantr_exact","High","PARQUE NACIONAL SERRA DA BOCAINA"
,,"https://specieslink.net/col/189",,"MN","R",,"PRESERVED_SPECIMEN","234432",,"Picanço, W.L. 62; Trovó, M.L.O.",,"2016-07-23","2016","7","23",,,,"Brasil","BR","São Paulo",,"Areias","Parque Nacional da Serra da Bocaina",,,"-22.741111","-44.696944",,,,,"Picanço, W.L.","2016-08-01",,"Wahlenbergia brasiliensis Cham.","Magnoliopsida","Asterales","Campanulaceae","Wahlenbergia","species","Cham.","ACCEPTED",,,"Wahlenbergia brasiliensis Cham.",,,,"Wahlenbergia brasiliensis","Wahlenbergia brasiliensis",,"WGS84","https://images.cria.org.br/viewer/R010071558 | https://images.cria.org.br/viewer/R010071559",,,,"GBIF","R",,"Picanco, W.L.",,"2016","Picanco, W.L.","2016","Trovo, M.L.O.","Picanco",,"brazil","sao paulo","areias","parque nacional da serra da bocaina",,"locality","brazil_sao paulo_areias","brazil_sao paulo_areias",-22.67280379,-44.7121924,"county",771528,"Wahlenbergia brasiliensis","Cham.","name_w_authors","Campanulaceae","Wahlenbergia brasiliensis","Cham.","species","name accepted","bfo-28262",,,"Wahlenbergia brasiliensis Cham.","Wahlenbergia","Campanulaceae","brazil_sao paulo_areias","Brazil","São Paulo","Areias",,"ibge",TRUE,-22.741111,-44.696944,"coord_original","seconds","low","Wahlenbergia brasiliensis","check_local.2municip.","ok_county",,FALSE,"ok_dist","full_name_match","R_234432",,"cc","cc",,,,"plantr_exact","High","PARQUE NACIONAL SERRA DA BOCAINA"
,,"https://specieslink.net/col/2",,"UNICAMP","UEC",,"PRESERVED_SPECIMEN","210410","1608","Campos-Rocha, A; Tamborim, AP",,"2016-01-21","2016","1","21",,,,"Brazil","BR","São Paulo",,"São José do Barreiro","Próxima à rodovia de acesso para o Parque Nacional da Serra da Bocaina.",,,"-22.673056","-44.619444",,,,,"Campos-Rocha, A","2016-01-21",,"Griffinia intermedia Lindl.","Liliopsida","Asparagales","Amaryllidaceae","Griffinia","species","Lindl.","ACCEPTED",,,"Griffinia intermedia Lindl.",,,,"Griffinia intermedia","Griffinia intermedia",,"WGS84","https://images.cria.org.br/viewer/UEC192807",,,,"GBIF","UEC",,"Campos-Rocha, A.","1608","2016","Campos-Rocha, A.","2016","Tamborim, A.P.","Campos-Rocha",,"brazil","sao paulo","sao jose do barreiro","proxima a rodovia de acesso para o parque nacional da serra da bocaina",,"locality","brazil_sao paulo_sao jose barreiro","brazil_sao paulo_sao jose barreiro",-22.74888367,-44.58687717,"county",694997,"Griffinia intermedia","Lindl.","name_w_authors","Amaryllidaceae","Griffinia intermedia","Lindl.","species","name accepted","bfo-4345",,,"Griffinia intermedia Lindl.","Griffinia","Amaryllidaceae","brazil_sao paulo_sao jose barreiro","Brazil","São Paulo","São José do Barreiro",,"ibge",TRUE,-22.673056,-44.619444,"coord_original","seconds","low","Griffinia intermedia","check_local.2municip.","ok_county",,,"ok_dist","full_name_match","UEC_210410","UEC_210410[virtual]","1","0.25","UEC_210410","UEC_210410","UEC_210410","plantr_exact","High","PARQUE NACIONAL SERRA DA BOCAINA"
,,,,"iNaturalist","Observations","iNaturalist research-grade observations","HUMAN_OBSERVATION","254299844",,"Eduardo Moreira",,"2015-04-04T09:31","2015","4","4","2015/04/04 9:31 AM",,,"BR","BR","São Paulo",,,"Parque Nacional da Serra da Bocaina - Rodovia Estadual Francisca Mendes Ribeiro, s/n SP-221 km 0, São José do Barreiro - SP, 12830-000, Brasil","Parque Nacional da Serra da Bocaina - Rodovia Estadual Francisca Mendes Ribeiro, s/n SP-221 km 0, São José do Barreiro - SP, 12830-000, Brasil",,"-22.823118","-44.597572",,,,,"Jasen Liu","2024-12-06 19:25:14",,"Zygopetalum maxillare G.Lodd.","Liliopsida","Asparagales","Orchidaceae","Zygopetalum","species",,"ACCEPTED",,,"Zygopetalum maxillare G.Lodd.",,,,"Zygopetalum maxillare","Zygopetalum maxillare","788007","EPSG:4326",,,,,"GBIF","Observations","code not found","Moreira, E.",,"2015","Liu, J.","2024",,"Moreira",,"brazil","sao paulo","parque nacional da serra da bocaina","parque nacional da serra da bocaina, rodovia estadual francisca mendes ribeiro","parque nacional da serra da bocaina","locality","brazil_sao paulo_parque nacional serra bocaina","brazil_sao paulo",-22.2584562,-48.7420254,"state",757997,"Zygopetalum maxillare","Lodd.","name_w_authors","Orchidaceae","Zygopetalum maxillare","Lodd.","species","author misspelled","bfo-12385",,,"Zygopetalum maxillare Lodd.","Zygopetalum","Orchidaceae","brazil_sao paulo","Brazil","São Paulo",,,"gadm",TRUE,-22.823118,-44.597572,"coord_original","miliseconds","low","Zygopetalum maxillare","check_local.2state","ok_state",,FALSE,"ok_dist","full_name_match","Observations_254299844",,"cc","cc",,,,"plantr_exact","High","PARQUE NACIONAL SERRA DA BOCAINA"
,,"https://specieslink.net/col/15",,"UNESP-RC","HRCB",,"PRESERVED_SPECIMEN","62344","406","Marcusso, G.M.",,"2014-02-15","2014","2","15",,,,"Brasil","BR","São Paulo",,"São José do Barreiro","Parque Nacional da Serra da Bocaina. Trilha ao londo da estrada principal, entrada da trilha para a cachoeira das posses.",,,"-22.773933","-44.604261",,,,,"Marcusso, G.M.","2015-01-01",,"Vriesea friburgensis Mez","Liliopsida","Poales","Bromeliaceae","Vriesea","species","Mez","ACCEPTED",,,"Vriesea friburgensis Mez",,,,"Vriesea friburguensis","Vriesea friburgensis",,,,,,,"GBIF","HRCB",,"Marcusso, G.M.","406","2014","Marcusso, G.M.","2015",,"Marcusso",,"brazil","sao paulo","sao jose do barreiro","parque nacional da serra da bocaina, trilha ao londo da estrada principal",,"locality","brazil_sao paulo_sao jose barreiro","brazil_sao paulo_sao jose barreiro",-22.74888367,-44.58687717,"county",213634,"Vriesea friburgensis","Mez","name_w_authors","Bromeliaceae","Vriesea friburgensis","Mez","species","name accepted","bfo-6468",,,"Vriesea friburgensis Mez","Vriesea","Bromeliaceae","brazil_sao paulo_sao jose barreiro","Brazil","São Paulo","São José do Barreiro",,"ibge",TRUE,-22.773889,-44.604167,"coord_original","seconds","low","Vriesea friburgensis","check_local.2municip.","ok_county",,FALSE,"ok_dist","full_name_match","HRCB_62344","HRCB_62344|RB_1191666","3","0.75",,"RB_1191666","RB_1191666","plantr_exact","High","PARQUE NACIONAL SERRA DA BOCAINA"
,,"https://specieslink.net/col/15",,"UNESP-RC","HRCB",,"PRESERVED_SPECIMEN","62348","411","Marcusso, G.M.",,"2014-02-15","2014","2","15",,,,"Brasil","BR","São Paulo",,"São José do Barreiro","Trilha ao longo da estrada principal Parque Nacional da Serra da Bocaina",,,"-22.755","-44.618789",,,,,"Marcusso, G.M.","2014-01-01",,"Vriesea carinata Wawra","Liliopsida","Poales","Bromeliaceae","Vriesea","species","Wawra","ACCEPTED",,,"Vriesea carinata Wawra",,,,"Vriesea carinata","Vriesea carinata",,"WGS84",,,,,"GBIF","HRCB",,"Marcusso, G.M.","411","2014","Marcusso, G.M.","2014",,"Marcusso",,"brazil","sao paulo","sao jose do barreiro","trilha ao longo da estrada principal parque nacional da serra da bocaina",,"locality","brazil_sao paulo_sao jose barreiro","brazil_sao paulo_sao jose barreiro",-22.74888367,-44.58687717,"county",156483,"Vriesea carinata","Wawra","name_w_authors","Bromeliaceae","Vriesea carinata","Wawra","species","name accepted","bfo-6441",,,"Vriesea carinata Wawra","Vriesea","Bromeliaceae","brazil_sao paulo_sao jose barreiro","Brazil","São Paulo","São José do Barreiro",,"ibge",TRUE,-22.755,-44.618789,"coord_original","miliseconds","low","Vriesea carinata","check_local.2municip.","ok_county",,FALSE,"ok_dist","full_name_match","HRCB_62348","HRCB_62348[virtual]","1","0.25","HRCB_62348","HRCB_62348","HRCB_62348","plantr_exact","High","PARQUE NACIONAL SERRA DA BOCAINA"
,,"https://specieslink.net/col/15",,"UNESP-RC","HRCB",,"PRESERVED_SPECIMEN","62345","407","Marcusso, G.M.",,"2014-02-15","2014","2","15",,,,"Brasil","BR","São Paulo",,"São José do Barreiro","Trilha ao longo da estrada principal Parque Nacional da Serra da Bocaina",,,"-22.755","-44.618789",,,,,"Marcusso, G.M.","2014-01-01",,"Tillandsia tenuifolia L.","Liliopsida","Poales","Bromeliaceae","Tillandsia","species","L.","ACCEPTED",,,"Tillandsia tenuifolia L.",,,,"Tillandsia tenuifolia","Tillandsia tenuifolia",,"WGS84",,,,,"GBIF","HRCB",,"Marcusso, G.M.","407","2014","Marcusso, G.M.","2014",,"Marcusso",,"brazil","sao paulo","sao jose do barreiro","trilha ao longo da estrada principal parque nacional da serra da bocaina",,"locality","brazil_sao paulo_sao jose barreiro","brazil_sao paulo_sao jose barreiro",-22.74888367,-44.58687717,"county",156487,"Tillandsia tenuifolia","L.","name_w_authors","Bromeliaceae","Tillandsia tenuifolia","L.","species","name accepted","bfo-6409",,,"Tillandsia tenuifolia L.","Tillandsia","Bromeliaceae","brazil_sao paulo_sao jose barreiro","Brazil","São Paulo","São José do Barreiro",,"ibge",TRUE,-22.755,-44.618789,"coord_original","miliseconds","low","Tillandsia tenuifolia","check_local.2municip.","ok_county",,FALSE,"ok_dist","full_name_match","HRCB_62345","HRCB_62345[virtual]","1","0.25","HRCB_62345","HRCB_62345","HRCB_62345","plantr_exact","High","PARQUE NACIONAL SERRA DA BOCAINA"
,,"https://specieslink.net/col/15",,"UNESP-RC","HRCB",,"PRESERVED_SPECIMEN","62358","425","Marcusso, G.M.",,"2014-02-18","2014","2","18",,,,"Brasil","BR","São Paulo",,"São José do Barreiro","Trilha para a cachoeira Sto Isidoro Parque Nacional da Serra da Bocaina",,,"-22.747778","-44.614111",,,,,"Marcusso, G.M.","2014-01-01",,"Racinaea aeris-incola (Mez) M.A.Spencer & L.B.Sm.","Liliopsida","Poales","Bromeliaceae","Racinaea","species","(Mez) M.A.Spencer & L.B.Sm.","ACCEPTED",,,"Racinaea aeris-incola (Mez) M.A.Spencer & L.B.Sm.",,,,"Racinaea aerisincola","Racinaea aeris-incola",,"WGS84",,,,,"GBIF","HRCB",,"Marcusso, G.M.","425","2014","Marcusso, G.M.","2014",,"Marcusso",,"brazil","sao paulo","sao jose do barreiro","trilha para a cachoeira sto isidoro parque nacional da serra da bocaina",,"locality","brazil_sao paulo_sao jose barreiro","brazil_sao paulo_sao jose barreiro",-22.74888367,-44.58687717,"county",156484,"Racinaea aerisincola","(Mez) M.A.Spencer & L.B.Sm.","name_w_authors","Bromeliaceae","Racinaea aerisincola","(Mez) M.A.Spencer & L.B.Sm.","species","name misspelled","bfo-6353",,,"Racinaea aerisincola (Mez) M.A.Spencer & L.B.Sm.","Racinaea","Bromeliaceae","brazil_sao paulo_sao jose barreiro","Brazil","São Paulo","São José do Barreiro",,"ibge",TRUE,-22.747778,-44.614111,"coord_original","miliseconds","low","Racinaea aerisincola","check_local.2municip.","ok_county",,FALSE,"ok_dist","full_name_match","HRCB_62358","HRCB_62358[virtual]","1","0.25","HRCB_62358","HRCB_62358","HRCB_62358","plantr_exact","High","PARQUE NACIONAL SERRA DA BOCAINA"
,,"https://specieslink.net/col/189",,"MN","R",,"PRESERVED_SPECIMEN","228620",,"Costa, L.M. 116; Santos, F.B.",,"2013-10-22","2013","10","22",,,,"Brasil","BR","São Paulo",,"São José dp Barreto","Parque Nacional da Serra da Bocaina",,,,,,,,,"Costa, L.M.","2013-10-22",,"Sisyrinchium trichanthum Dusén","Liliopsida","Asparagales","Iridaceae","Sisyrinchium","species","Dusén","ACCEPTED",,,"Sisyrinchium trichanthum Dusén",,,,"Sisyrinchium trichanthum","Sisyrinchium trichanthum",,"WGS84","https://images.cria.org.br/viewer/R010011269",,,,"GBIF","R",,"Costa, L.M.",,"2013","Costa, L.M.","2013","Santos, F.B.","Costa",,"brazil","sao paulo","sao jose dp barreto","parque nacional da serra da bocaina",,"locality","brazil_sao paulo_sao jose dp barreto","brazil_sao paulo",-22.2584562,-48.7420254,"state",439605,"Sisyrinchium luzula","Klotzsch ex Klatt","name_w_authors","Iridaceae","Sisyrinchium luzula","Klotzsch ex Klatt","species","replaced synonym","bfo-8070","Sisyrinchium luzula","Klotzsch ex Klatt","Sisyrinchium luzula Klotzsch ex Klatt","Sisyrinchium","Iridaceae","brazil_sao paulo","Brazil","São Paulo",,,"gadm",TRUE,-22.2584562,-48.7420254,"coord_gazet","seconds_centroid","low","Sisyrinchium luzula","check_local.2state","ok_state_gazet",,FALSE,"ok_dist","full_name_match","R_228620",,"cc","cc",,,,"plantr_exact","High","PARQUE NACIONAL SERRA DA BOCAINA"
,,,,"JBRJ","RB","RB - Rio de Janeiro Botanical Garden Herbarium Collection","PRESERVED_SPECIMEN","RB01379692","s.n.","Meneguzzo, T.E.C.",,"2011-10","2011","10",,,,,"Brasil","BR","São Paulo",,"São José do Barreiro","Parque Nacional da Serra da Bocaina",,,"-22.716667","-44.616667",,"22º43´0´´","44º37´W",,"M.J. Falcão",,,"Maxillaria paranaensis Barb.Rodr.","Liliopsida","Asparagales","Orchidaceae","Maxillaria","species","Barb.Rodr.","ACCEPTED",,,"Maxillaria paranaensis Barb.Rodr.",,,,"Maxillaria paranaensis Barb.Rodr.","Maxillaria paranaensis",,,"jbrj-public-img.s3-sa-east-1.amazonaws.com/JPG/rb/1/37/96/92/01379692.jpg",,,,"GBIF","RB",,"Meneguzzo, T.E.C.",,"2011","Falcao, M.J.",,,"Meneguzzo",,"brazil","sao paulo","sao jose do barreiro","parque nacional da serra da bocaina",,"locality","brazil_sao paulo_sao jose barreiro_parque nacional serra bocaina","brazil_sao paulo_sao jose barreiro_parque nacional serra bocaina",-22.74484201,-44.61460885,"locality",285479,"Maxillaria paranaensis","Barb.Rodr.","name_w_authors","Orchidaceae","Maxillaria paranaensis","Barb.Rodr.","species","name accepted","bfo-37808",,,"Maxillaria paranaensis Barb.Rodr.","Maxillaria","Orchidaceae","brazil_sao paulo_sao jose barreiro","Brazil","São Paulo","São José do Barreiro",,"ibge",TRUE,-22.716667,-44.616667,"coord_original","minutes","low","Maxillaria paranaensis","ok_same_resolution","ok_county",,FALSE,"ok_dist","full_name_match","RB_1379692",,"cc","cc",,,,"plantr_exact","High","PARQUE NACIONAL SERRA DA BOCAINA"
,,,,"JBRJ","RB","RB - Rio de Janeiro Botanical Garden Herbarium Collection","PRESERVED_SPECIMEN","RB01379693","s.n.","Meneguzzo, T.E.C.",,"2011-10","2011","10",,,,,"Brasil","BR","São Paulo",,"São José do Barreiro","Parque Nacional da Serra da Bocaina",,,"-22.716667","-44.616667",,"22º43´0´´","44º37´W",,"Meneguzzo, T.E.C.",,,"Gomesa barbaceniae (Lindl.) M.W.Chase & N.H.Williams","Liliopsida","Asparagales","Orchidaceae","Gomesa","species","(Lindl.) M.W.Chase & N.H.Williams","ACCEPTED",,,"Gomesa barbaceniae (Lindl.) M.W.Chase & N.H.Williams",,,,"Gomesa barbaceniae (Lindl.) M.W.Chase & N.H.Williams","Gomesa barbaceniae",,,"jbrj-public-img.s3-sa-east-1.amazonaws.com/JPG/rb/1/37/96/93/01379693.jpg",,,,"GBIF","RB",,"Meneguzzo, T.E.C.",,"2011","Meneguzzo, T.E.C.",,,"Meneguzzo",,"brazil","sao paulo","sao jose do barreiro","parque nacional da serra da bocaina",,"locality","brazil_sao paulo_sao jose barreiro_parque nacional serra bocaina","brazil_sao paulo_sao jose barreiro_parque nacional serra bocaina",-22.74484201,-44.61460885,"locality",285485,"Gomesa barbaceniae","(Lindl.) M.W.Chase & N.H.Williams","name_w_authors","Orchidaceae","Gomesa barbaceniae","(Lindl.) M.W.Chase & N.H.Williams","species","name accepted","bfo-122026",,,"Gomesa barbaceniae (Lindl.) M.W.Chase & N.H.Williams","Gomesa","Orchidaceae","brazil_sao paulo_sao jose barreiro","Brazil","São Paulo","São José do Barreiro",,"ibge",TRUE,-22.716667,-44.616667,"coord_original","minutes","low","Gomesa barbaceniae","ok_same_resolution","ok_county",,FALSE,"ok_dist","full_name_match","RB_1379693",,"cc","cc",,,,"plantr_exact","High","PARQUE NACIONAL SERRA DA BOCAINA"
,,"https://specieslink.net/col/453",,"UFMG","BHCB-SL",,"PRESERVED_SPECIMEN","147819","1575","Giacomin, LL; Batitucci, TJ; Giudicelli, GC; Bohs, LA; Agra, MF",,"2011-05-02","2011","5","2",,,,"Brasil","BR","São Paulo",,"São José do Barreiro","Parque Nacional da Serra da Bocaina, Trilha para o mirante, saindo do alojamento.",,,"-22.733611","-44.616944",,,,,"Salino, A",,,"Asplenium campos-portoi Brade","Polypodiopsida","Polypodiales","Aspleniaceae","Asplenium","species","Brade","ACCEPTED",,,"Asplenium campos-portoi Brade",,,,"Asplenium campos-portoi","Asplenium campos-portoi",,"WGS84",,,,,"GBIF","BHCB",,"Giacomin, L.L.","1575","2011","Salino, A.",,"Batitucci, T.J.; Giudicelli, G.C.; Bohs, L.A.; Agra, M.F.","Giacomin",,"brazil","sao paulo","sao jose do barreiro","parque nacional da serra da bocaina",,"locality","brazil_sao paulo_sao jose barreiro_parque nacional serra bocaina","brazil_sao paulo_sao jose barreiro_parque nacional serra bocaina",-22.74484201,-44.61460885,"locality",351350,"Asplenium campos-portoi","Brade","name_w_authors","Aspleniaceae","Asplenium campos-portoi","Brade","species","name accepted","bfo-90686",,,"Asplenium campos-portoi Brade","Asplenium","Aspleniaceae","brazil_sao paulo_sao jose barreiro","Brazil","São Paulo","São José do Barreiro",,"ibge",TRUE,-22.733611,-44.616944,"coord_original","seconds","low","Asplenium campos-portoi","ok_same_resolution","ok_county",,FALSE,"ok_dist","full_name_match","BHCB_147819","BHCB_147819[virtual]","1","0.25","BHCB_147819","BHCB_147819","BHCB_147819","plantr_exact","High","PARQUE NACIONAL SERRA DA BOCAINA"
,,,,"JBRJ","RB","RB - Rio de Janeiro Botanical Garden Herbarium Collection","PRESERVED_SPECIMEN","RB01379713","s.n.","Meneguzzo, T.E.C.",,"2011-10","2011","10",,,,,"Brasil","BR","São Paulo",,"São José do Barreiro","Parque Nacional da Serra da Bocaina",,,"-22.716667","-44.616667",,"22º43´0´´","44º37´W",,"H.L.Silva","2020-03-12",,"Specklinia Lindl.","Liliopsida","Asparagales","Orchidaceae","Specklinia","genus",,"ACCEPTED",,,"Specklinia Lindl.",,,,"Specklinia",,,,"jbrj-public-img.s3-sa-east-1.amazonaws.com/JPG/rb/1/37/97/13/01379713.jpg",,,,"GBIF","RB",,"Meneguzzo, T.E.C.",,"2011","Silva, H.L.","2020",,"Meneguzzo",,"brazil","sao paulo","sao jose do barreiro","parque nacional da serra da bocaina",,"locality","brazil_sao paulo_sao jose barreiro_parque nacional serra bocaina","brazil_sao paulo_sao jose barreiro_parque nacional serra bocaina",-22.74484201,-44.61460885,"locality",1617482,"Specklinia","Lindl.","name_w_authors","Orchidaceae","Specklinia","Lindl.","genus","name accepted","bfo-12237",,,"Specklinia Lindl.","Specklinia","Orchidaceae","brazil_sao paulo_sao jose barreiro","Brazil","São Paulo","São José do Barreiro",,"ibge",TRUE,-22.716667,-44.616667,"coord_original","minutes","low",,"ok_same_resolution","ok_county",,FALSE,"no_cannot_check","full_name_match","RB_1379713",,"cc","cc",,,,"plantr_exact","High","PARQUE NACIONAL SERRA DA BOCAINA"
,,,,"JBRJ","RB","RB - Rio de Janeiro Botanical Garden Herbarium Collection","PRESERVED_SPECIMEN","RB01379699","s.n.","Meneguzzo, T.E.C.",,"2011-10","2011","10",,,,,"Brasil","BR","São Paulo",,"São José do Barreiro","Parque Nacional da Serra da Bocaina",,,"-22.716667","-44.616667",,"22º43´0´´","44º37´W",,"P. Labiak","2018-07-01",,"Alsophila setosa Kaulf.","Polypodiopsida","Cyatheales","Cyatheaceae","Alsophila","species","Kaulf.","ACCEPTED",,,"Alsophila setosa Kaulf.",,,,"Alsophila setosa Kaulf.","Alsophila setosa",,,"jbrj-public-img.s3-sa-east-1.amazonaws.com/JPG/rb/1/37/96/99/01379699.jpg|jbrj-public-img.s3-sa-east-1.amazonaws.com/JPG/rb/1/37/96/99/01379699-1.jpg",,,,"GBIF","RB",,"Meneguzzo, T.E.C.",,"2011","Labiak, P.","2018",,"Meneguzzo",,"brazil","sao paulo","sao jose do barreiro","parque nacional da serra da bocaina",,"locality","brazil_sao paulo_sao jose barreiro_parque nacional serra bocaina","brazil_sao paulo_sao jose barreiro_parque nacional serra bocaina",-22.74484201,-44.61460885,"locality",285489,"Alsophila setosa","Kaulf.","name_w_authors","Cyatheaceae","Alsophila setosa","Kaulf.","species","name accepted","bfo-90858",,,"Alsophila setosa Kaulf.","Alsophila","Cyatheaceae","brazil_sao paulo_sao jose barreiro","Brazil","São Paulo","São José do Barreiro",,"ibge",TRUE,-22.716667,-44.616667,"coord_original","minutes","low","Alsophila setosa","ok_same_resolution","ok_county",,FALSE,"ok_dist","full_name_match","RB_1379699",,"cc","cc",,,,"plantr_exact","High","PARQUE NACIONAL SERRA DA BOCAINA"
,,,,"JBRJ","RB","RB - Rio de Janeiro Botanical Garden Herbarium Collection","PRESERVED_SPECIMEN","RB00673636","1282","C.Mynssen; J.F. Baumgratz, F. Pinheiro, T.E.C. Meneguzzo & R. Ribeiro",,"2011-10-05","2011","10","5",,,,"Brasil","BR","São Paulo",,"São José do Barreiro","Parque Nacional da Serra da Bocaina, picada para o Morro do Tira Chapéu, mata nebular.",,,"-22.757778","-44.651667",,"22º45´28´´","44º39´6´´W",,"T.E. Almeida","2015-02-01",,"Melpomene flabelliformis (Poir.) A.R.Sm. & R.C.Moran","Polypodiopsida","Polypodiales","Polypodiaceae","Melpomene","species","(Poir.) A.R.Sm. & R.C.Moran","ACCEPTED",,,"Melpomene flabelliformis (Poir.) A.R.Sm. & R.C.Moran",,,,"Melpomene flabelliformis (Poir.) A.R.Sm. & R.C.Moran","Melpomene flabelliformis",,,,,,,"GBIF","RB",,"Mynssen, C.","1282","2011","Almeida, T.E.","2015","Baumgratz, J.F.; Pinheiro, F.; Meneguzzo, T.E.C.; Ribeiro, R.","Mynssen",,"brazil","sao paulo","sao jose do barreiro","parque nacional da serra da bocaina",,"locality","brazil_sao paulo_sao jose barreiro_parque nacional serra bocaina","brazil_sao paulo_sao jose barreiro_parque nacional serra bocaina",-22.74484201,-44.61460885,"locality",252140,"Melpomene flabelliformis","(Poir.) A.R.Sm. & R.C.Moran","name_w_authors","Polypodiaceae","Melpomene flabelliformis","(Poir.) A.R.Sm. & R.C.Moran","species","name accepted","bfo-91642",,,"Melpomene flabelliformis (Poir.) A.R.Sm. & R.C.Moran","Melpomene","Polypodiaceae","brazil_sao paulo_sao jose barreiro","Brazil","São Paulo","São José do Barreiro",,"ibge",TRUE,-22.757778,-44.651667,"coord_original","seconds","low","Melpomene flabelliformis","ok_same_resolution","ok_county",,FALSE,"ok_dist","full_name_match","RB_673636","RB_673636[virtual]","4","1","RB_673636","RB_673636","RB_673636","plantr_exact","High","PARQUE NACIONAL SERRA DA BOCAINA"
,,"https://specieslink.net/col/2",,"UNICAMP","UEC",,"PRESERVED_SPECIMEN","142098","726","Gomes, SM; Breier, TB; Tostes, RG; Singer, RB",,"2003-11-29","2003","11","29",,,,"Brazil","BR","São Paulo",,"São José do Barreiro","Parque Nacional da Serra da Bocaina, Núcleo Picinguaba.",,,,,,,,,"Kotovski, ER","2017-08-01",,"Allamanda cathartica L.","Magnoliopsida","Gentianales","Apocynaceae","Allamanda","species","L.","ACCEPTED",,,"Allamanda cathartica L.",,,,"Allamanda cathartica","Allamanda cathartica",,"WGS84","https://images.cria.org.br/viewer/UEC018820",,,,"GBIF","UEC",,"Gomes, S.M.","726","2003","Kotovski, E.R.","2017","Breier, T.B.; Tostes, R.G.; Singer, R.B.","Gomes",,"brazil","sao paulo","sao jose do barreiro","parque nacional da serra da bocaina",,"locality","brazil_sao paulo_sao jose barreiro_parque nacional serra bocaina","brazil_sao paulo_sao jose barreiro_parque nacional serra bocaina",-22.74484201,-44.61460885,"locality",105163,"Allamanda cathartica","L.","name_w_authors","Apocynaceae","Allamanda cathartica","L.","species","name accepted","bfo-4508",,,"Allamanda cathartica L.","Allamanda","Apocynaceae","brazil_sao paulo_sao jose barreiro","Brazil","São Paulo","São José do Barreiro",,"ibge",TRUE,-22.74484201,-44.61460885,"coord_gazet","seconds","low","Allamanda cathartica","ok_same_resolution","ok_locality_gazet",,FALSE,"ok_dist","full_name_match","UEC_142098",,"0","0",,,,"plantr_exact","High","PARQUE NACIONAL SERRA DA BOCAINA"
,,"https://specieslink.net/col/2",,"UNICAMP","UEC",,"PRESERVED_SPECIMEN","102215","703","Freitas, L",,"1999-09-17","1999","9","17",,,,"Brasil","BR","São Paulo",,"São José do Barreiro","Parque Nacional da Serra da Bocaina, Estrada para Bairro dos Macacos, entre São Paulo Miranda e Fazenda Invernadinha. Campo de altitude.",,,,,,,,,"Filliettaz, AM","2000-01-01",,"Crotalaria claussenii Benth.","Magnoliopsida","Fabales","Fabaceae","Crotalaria","species","Benth.","ACCEPTED",,,"Crotalaria claussenii Benth.",,,,"Crotalaria claussenii","Crotalaria claussenii",,,"https://images.cria.org.br/viewer/UEC151714",,,,"GBIF","UEC",,"Freitas, L.","703","1999","Filliettaz, A.M.","2000",,"Freitas",,"brazil","sao paulo","sao jose do barreiro","parque nacional da serra da bocaina, estrada para bairro dos macacos, entre sao paulo miranda e fazenda invernadinha","parque nacional da serra da bocaina","locality","brazil_sao paulo_sao jose barreiro","brazil_sao paulo_sao jose barreiro",-22.74888367,-44.58687717,"county",95895,"Crotalaria claussenii","Benth.","name_w_authors","Fabaceae","Crotalaria claussenii","Benth.","species","name accepted","bfo-109792",,,"Crotalaria claussenii Benth.","Crotalaria","Fabaceae","brazil_sao paulo_sao jose barreiro","Brazil","São Paulo","São José do Barreiro",,"ibge",TRUE,-22.639999,-44.57,"coord_original","miliseconds","low","Crotalaria claussenii","check_local.2municip.","ok_county",,FALSE,"ok_dist","full_name_match","UEC_102215","UEC_102215[virtual]","1","0.25","UEC_102215","UEC_102215","UEC_102215","plantr_exact","High","PARQUE NACIONAL SERRA DA BOCAINA"
,,"https://specieslink.net/col/1",,"IPA/SP","SP",,"PRESERVED_SPECIMEN","334306","157","Freitas, L; Sazima, M",,"1998-01-24","1998","1","24",,,,"Brasil","BR","São Paulo",,"São José do Barreiro","Parque Nacional da Serra da Bocaina, caminho do pico Tira Chapéu",,,,,,,,,"Simão Bianchini, R","2000-01-01",,"Evolvulus aurigenius Mart.","Magnoliopsida","Solanales","Convolvulaceae","Evolvulus","species","Mart.","ACCEPTED",,,"Evolvulus aurigenius Mart.",,,,"Evolvulus aurigenius","Evolvulus aurigenius",,,,,,,"GBIF","SP","code partially found","Freitas, L.","157","1998","Bianchini, R.S.","2000","Sazima, M.","Freitas",,"brazil","sao paulo","sao jose do barreiro","parque nacional da serra da bocaina",,"locality","brazil_sao paulo_sao jose barreiro_parque nacional serra bocaina","brazil_sao paulo_sao jose barreiro_parque nacional serra bocaina",-22.74484201,-44.61460885,"locality",460123,"Evolvulus aurigenius","Mart.","name_w_authors","Convolvulaceae","Evolvulus aurigenius","Mart.","species","name accepted","bfo-6992",,,"Evolvulus aurigenius Mart.","Evolvulus","Convolvulaceae","brazil_sao paulo_sao jose barreiro","Brazil","São Paulo","São José do Barreiro",,"ibge",TRUE,-22.639999,-44.57,"coord_original","miliseconds","low","Evolvulus aurigenius","ok_same_resolution","ok_county",,FALSE,"ok_dist","full_name_match","SP_334306","SP_334306[virtual]","1","0.25","SP_334306","SP_334306","SP_334306","plantr_exact","High","PARQUE NACIONAL SERRA DA BOCAINA"
,,"https://specieslink.net/col/1",,"IPA/SP","SP",,"PRESERVED_SPECIMEN","334308","89","Freitas, L; Sazima, M",,"1998-01-21","1998","1","21",,,,"Brasil","BR","São Paulo",,"São José do Barreiro","Parque Nacional da Serra da Bocaina",,,,,,,,,"Simão Bianchini, R","2000-10-21",,"Convolvulus crenatifolius Ruiz & Pav.","Magnoliopsida","Solanales","Convolvulaceae","Convolvulus","species","Ruiz & Pav.","ACCEPTED",,,"Convolvulus crenatifolius Ruiz & Pav.",,,,"Convolvulus crenatifolius","Convolvulus crenatifolius",,,,,,,"GBIF","SP","code partially found","Freitas, L.","89","1998","Bianchini, R.S.","2000","Sazima, M.","Freitas",,"brazil","sao paulo","sao jose do barreiro","parque nacional da serra da bocaina",,"locality","brazil_sao paulo_sao jose barreiro_parque nacional serra bocaina","brazil_sao paulo_sao jose barreiro_parque nacional serra bocaina",-22.74484201,-44.61460885,"locality",460022,"Convolvulus crenatifolius","Ruiz & Pav.","name_w_authors","Convolvulaceae","Convolvulus crenatifolius","Ruiz & Pav.","species","name accepted","bfo-6976",,,"Convolvulus crenatifolius Ruiz & Pav.","Convolvulus","Convolvulaceae","brazil_sao paulo_sao jose barreiro","Brazil","São Paulo","São José do Barreiro",,"ibge",TRUE,-22.639999,-44.57,"coord_original","miliseconds","low","Convolvulus crenatifolius","ok_same_resolution","ok_county",,FALSE,"ok_dist","full_name_match","SP_334308","SP_334308[virtual]","1","0.25","SP_334308","SP_334308","SP_334308","plantr_exact","High","PARQUE NACIONAL SERRA DA BOCAINA"
,,"https://specieslink.net/col/1",,"IPA/SP","SP",,"PRESERVED_SPECIMEN","334314","36","Freitas, L; Gajardo, ISM",,"1998-01-20","1998","1","20",,,,"Brasil","BR","São Paulo",,"São José do Barreiro","Parque Nacional da Serra da Bocaina",,,,,,,,,"Simão Bianchini, R","1999-01-01",,"Ipomoea delphinioides Choisy","Magnoliopsida","Solanales","Convolvulaceae","Ipomoea","species","Choisy","ACCEPTED",,,"Ipomoea delphinioides Choisy",,,,"Ipomoea delphinioides","Ipomoea delphinioides",,,,,,,"GBIF","SP","code partially found","Freitas, L.","36","1998","Bianchini, R.S.","1999","Gajardo, I.S.M.","Freitas",,"brazil","sao paulo","sao jose do barreiro","parque nacional da serra da bocaina",,"locality","brazil_sao paulo_sao jose barreiro_parque nacional serra bocaina","brazil_sao paulo_sao jose barreiro_parque nacional serra bocaina",-22.74484201,-44.61460885,"locality",460528,"Ipomoea delphinioides","Choisy","name_w_authors","Convolvulaceae","Ipomoea delphinioides","Choisy","species","name accepted","bfo-7035",,,"Ipomoea delphinioides Choisy","Ipomoea","Convolvulaceae","brazil_sao paulo_sao jose barreiro","Brazil","São Paulo","São José do Barreiro",,"ibge",TRUE,-22.639999,-44.57,"coord_original","miliseconds","low","Ipomoea delphinioides","ok_same_resolution","ok_county",,FALSE,"ok_dist","full_name_match","SP_334314","SP_334314[virtual]","1","0.25","SP_334314","SP_334314","SP_334314","plantr_exact","High","PARQUE NACIONAL SERRA DA BOCAINA"
,,"https://specieslink.net/col/1",,"IPA/SP","SP",,"PRESERVED_SPECIMEN","312898","1078","Simão Bianchini, R; Bianchini, S",,"1997-05-01","1997","5","1",,,,"Brasil","BR","São Paulo",,"São José do Barreiro","Serra da Bocaina, Base da Reserva do Parque Nacional da Serra da Bocaina",,,"-22","-44",,,,,"Simão Bianchini, R","2022-07-27",,"Hypochaeris lutea (Vell.) Britton","Magnoliopsida","Asterales","Asteraceae","Hypochaeris","species","(Vell.) Britton","ACCEPTED",,,"Hypochaeris lutea (Vell.) Britton",,,,"Hypochaeris lutea","Hypochaeris lutea",,"WGS84",,,,,"GBIF","SP","code partially found","Bianchini, R.S.","1078","1997","Bianchini, R.S.","2022","Bianchini, S.","Bianchini",,"brazil","sao paulo","sao jose do barreiro","serra da bocaina, base da reserva do parque nacional da serra da bocaina","serra da bocaina","locality","brazil_sao paulo_sao jose barreiro","brazil_sao paulo_sao jose barreiro",-22.74888367,-44.58687717,"county",400021,"Hypochaeris lutea","(Vell.) Britton","name_w_authors","Asteraceae","Hypochaeris lutea","(Vell.) Britton","species","name accepted","bfo-112206",,,"Hypochaeris lutea (Vell.) Britton","Hypochaeris","Asteraceae","brazil_sao paulo_sao jose barreiro","Brazil","São Paulo","São José do Barreiro",,"ibge",TRUE,-22,-44,"coord_original","miliseconds","low","Hypochaeris lutea","check_local.2municip.","ok_country",,FALSE,"ok_dist","full_name_match","SP_312898",,"0","0",,,,"plantr_exact","High","PARQUE NACIONAL SERRA DA BOCAINA"
,,"https://specieslink.net/col/1",,"IPA/SP","SP",,"PRESERVED_SPECIMEN","312599","1087","Simão Bianchini, R; Bianchini, S",,"1997-05-02","1997","5","2",,,,"Brasil","BR","São Paulo",,"São José do Barreiro","Parque Nacional da Serra da Bocaina, Cachoeira do Paredão, em barranco próximo à estrada.",,,"-22","-44",,,,,"Simão Bianchini, R","2014-02-03",,"Symplocos estrellensis Casar.","Magnoliopsida","Ericales","Symplocaceae","Symplocos","species","Casar.","ACCEPTED",,,"Symplocos estrellensis Casar.",,,,"Symplocos estrellensis","Symplocos estrellensis",,,,,,,"GBIF","SP","code partially found","Bianchini, R.S.","1087","1997","Bianchini, R.S.","2014","Bianchini, S.","Bianchini",,"brazil","sao paulo","sao jose do barreiro","parque nacional da serra da bocaina, em barranco proximo a estrada",,"locality","brazil_sao paulo_sao jose barreiro","brazil_sao paulo_sao jose barreiro",-22.74888367,-44.58687717,"county",677913,"Symplocos estrellensis","Casar.","name_w_authors","Symplocaceae","Symplocos estrellensis","Casar.","species","name accepted","bfo-111277",,,"Symplocos estrellensis Casar.","Symplocos","Symplocaceae","brazil_sao paulo_sao jose barreiro","Brazil","São Paulo","São José do Barreiro",,"ibge",TRUE,-22.74888367,-44.58687717,"coord_gazet","seconds_centroid","low","Symplocos estrellensis","check_local.2municip.","ok_county_gazet",,FALSE,"ok_dist","full_name_match","SP_312599","PMSP_8411|SP_312599","1","0.25",,"PMSP_8411","PMSP_8411","plantr_exact","High","PARQUE NACIONAL SERRA DA BOCAINA"
,,"https://specieslink.net/col/1",,"IPA/SP","SP",,"PRESERVED_SPECIMEN","312868","1063","Simão Bianchini, R; Bianchini, S",,"1997-05-01","1997","5","1",,,,"Brasil","BR","São Paulo",,"São José do Barreiro","Parque Nacional da Serra da Bocaina, Base da Reserva",,,"-22","-44",,,,,"Gomes da Silva, SJ","1998-02-01",,"Begonia angularis var. angularis","Magnoliopsida","Cucurbitales","Begoniaceae","Begonia","variety","Raddi","ACCEPTED",,,"Begonia angularis var. angularis",,,,"Begonia angularis angularis","Begonia angularis",,"WGS84",,,,,"GBIF","SP","code partially found","Bianchini, R.S.","1063","1997","Silva, S.J.G.","1998","Bianchini, S.","Bianchini",,"brazil","sao paulo","sao jose do barreiro","parque nacional da serra da bocaina, base da reserva","parque nacional da serra da bocaina","locality","brazil_sao paulo_sao jose barreiro","brazil_sao paulo_sao jose barreiro",-22.74888367,-44.58687717,"county",5693,"Begonia angularis var. angularis","Raddi","variety","Begoniaceae","Begonia angularis var. angularis","Raddi","variety","name accepted","bfo-34118",,,"Begonia angularis var. angularis Raddi","Begonia","Begoniaceae","brazil_sao paulo_sao jose barreiro","Brazil","São Paulo","São José do Barreiro",,"ibge",TRUE,-22,-44,"coord_original","miliseconds","low","Begonia angularis","check_local.2municip.","ok_country",,FALSE,"ok_dist","full_name_match","SP_312868",,"0","0",,,,"plantr_exact","High","PARQUE NACIONAL SERRA DA BOCAINA"
,,"https://specieslink.net/col/1",,"IPA/SP","SP",,"PRESERVED_SPECIMEN","292806","1554","Rossi, L; Catharino, ELM",,"1994-07-16","1994","7","16",,,,"Brasil","BR","São Paulo",,"São José do Barreiro","Parque Nacional da Serra da Bocaina",,,,,,,,,"Bianchi, J","2023-01-01",,"Ouratea salicifolia (A.St.-Hil. & Tul.) Engl.","Magnoliopsida","Malpighiales","Ochnaceae","Ouratea","species","(A.St.-Hil. & Tul.) Engl.","ACCEPTED",,,"Ouratea salicifolia (A.St.-Hil. & Tul.) Engl.",,,,"Ouratea salicifolia","Ouratea salicifolia",,"WGS84",,,,,"GBIF","SP","code partially found","Rossi, L.","1554","1994","Bianchi, J.","2023","Catharino, E.L.M.","Rossi",,"brazil","sao paulo","sao jose do barreiro","parque nacional da serra da bocaina",,"locality","brazil_sao paulo_sao jose barreiro","brazil_sao paulo_sao jose barreiro_parque nacional serra bocaina",-22.74484201,-44.61460885,"locality",455582,"Ouratea salicifolia","(A.St.-Hil. & Tul.) Engl.","name_w_authors","Ochnaceae","Ouratea salicifolia","(A.St.-Hil. & Tul.) Engl.","species","name accepted","bfo-19937",,,"Ouratea salicifolia (A.St.-Hil. & Tul.) Engl.","Ouratea","Ochnaceae","brazil_sao paulo_sao jose barreiro","Brazil","São Paulo","São José do Barreiro",,"ibge",TRUE,-22.74484201,-44.61460885,"coord_gazet","seconds","low","Ouratea salicifolia","ok_same_resolution","ok_locality_gazet",,FALSE,"ok_dist","full_name_match","SP_292806","PMSP_7212|SP_292806|SPF_99430","1","0.25",,"SPF_99430","SPF_99430","plantr_exact","High","PARQUE NACIONAL SERRA DA BOCAINA"
,,"https://specieslink.net/col/1",,"IPA/SP","SP",,"PRESERVED_SPECIMEN","306887","1986","Catharino, ELM; Rossi, L",,"1994-07-21","1994","7","21",,,,"Brasil","BR","São Paulo",,"São José do Barreiro","Parque Nacional da Serra da Bocaina, Ribeirão Taquaral",,,,,,,,,"Fernandes, T","2018-12-01",,"Myrcia crocea Kiaersk.","Magnoliopsida","Myrtales","Myrtaceae","Myrcia","species","Kiaersk.","ACCEPTED",,,"Myrcia crocea Kiaersk.",,,,"Myrcia crocea Kiaersk.","Myrcia crocea",,,"https://images.cria.org.br/viewer/SP032814",,,,"GBIF","SP","code partially found","Catharino, E.L.M.","1986","1994","Fernandes, T.","2018","Rossi, L.","Catharino",,"brazil","sao paulo","sao jose do barreiro","parque nacional da serra da bocaina",,"locality","brazil_sao paulo_sao jose barreiro_parque nacional serra bocaina","brazil_sao paulo_sao jose barreiro_parque nacional serra bocaina",-22.74484201,-44.61460885,"locality",1858415,"Myrcia crocea","Kiaersk.","name_w_authors",,"Myrcia crocea","Kiaersk.","species","not found",,,,"Myrcia crocea Kiaersk.","Myrcia","Myrtaceae","brazil_sao paulo_sao jose barreiro","Brazil","São Paulo","São José do Barreiro",,"ibge",TRUE,-22.639999,-44.57,"coord_original","miliseconds","low","Myrcia crocea","ok_same_resolution","ok_county",,,"bad_dist","canonical_name_match","SP_306887","SP_306887|SPF_95859|UEC_85866","3","0.75",,"SP_306887","SP_306887","plantr_exact","High","PARQUE NACIONAL SERRA DA BOCAINA"
,,"https://specieslink.net/col/1",,"IPA/SP","SP",,"PRESERVED_SPECIMEN","278740","1593","Rossi, L; Catharino, ELM",,"1994-07-18","1994","7","18",,,,"Brasil","BR","São Paulo",,"São José do Barreiro","Parque Nacional da Serra da Bocaina, Trilha do Ouro",,,,,,,,,"Volet, DP","2017-01-01",,"Piptocarpha macropoda (DC.) Baker","Magnoliopsida","Asterales","Asteraceae","Piptocarpha","species","(DC.) Baker","ACCEPTED",,,"Piptocarpha macropoda (DC.) Baker",,,,"Piptocarpha macropoda","Piptocarpha macropoda",,,,,,,"GBIF","SP","code partially found","Rossi, L.","1593","1994","Volet, D.P.","2017","Catharino, E.L.M.","Rossi",,"brazil","sao paulo","sao jose do barreiro","parque nacional da serra da bocaina",,"locality","brazil_sao paulo_sao jose barreiro_parque nacional serra bocaina","brazil_sao paulo_sao jose barreiro_parque nacional serra bocaina",-22.74484201,-44.61460885,"locality",387387,"Piptocarpha macropoda","(DC.) Baker","name_w_authors","Asteraceae","Piptocarpha macropoda","(DC.) Baker","species","name accepted","bfo-5480",,,"Piptocarpha macropoda (DC.) Baker","Piptocarpha","Asteraceae","brazil_sao paulo_sao jose barreiro","Brazil","São Paulo","São José do Barreiro",,"ibge",TRUE,-22.639999,-44.57,"coord_original","miliseconds","low","Piptocarpha macropoda","ok_same_resolution","ok_county",,FALSE,"ok_dist","full_name_match","SP_278740","SP_278740|UEC_84514","3","0.75","UEC_84514","UEC_84514","SP_278740","plantr_exact","High","PARQUE NACIONAL SERRA DA BOCAINA"
,,"https://specieslink.net/col/1",,"IPA/SP","SP",,"PRESERVED_SPECIMEN","285206","1534","Rossi, L; Catharino, ELM",,"1994-07-16","1994","7","16",,,,"Brasil","BR","São Paulo",,"São José do Barreiro","Parque Nacional da Serra da Bocaina, Fazenda Floresta.",,,,,,,,,"Sauthier, LJ","2017-10-25",,"Paepalanthus planifolius (Bong.) Körn.","Liliopsida","Poales","Eriocaulaceae","Paepalanthus","species","(Bong.) Körn.","ACCEPTED",,,"Paepalanthus planifolius (Bong.) Körn.",,,,"Paepalanthus planifolius","Paepalanthus planifolius",,,,,,,"GBIF","SP","code partially found","Rossi, L.","1534","1994","Sauthier, L.J.","2017","Catharino, E.L.M.","Rossi",,"brazil","sao paulo","sao jose do barreiro","parque nacional da serra da bocaina, fazenda floresta","parque nacional da bocaina","locality","brazil_sao paulo_sao jose barreiro","brazil_sao paulo_sao jose barreiro",-22.74888367,-44.58687717,"county",452770,"Paepalanthus planifolius","(Bong.) Körn.","name_w_authors","Eriocaulaceae","Paepalanthus planifolius","(Bong.) Körn.","species","name accepted","bfo-7629",,,"Paepalanthus planifolius (Bong.) Körn.","Paepalanthus","Eriocaulaceae","brazil_sao paulo_sao jose barreiro","Brazil","São Paulo","São José do Barreiro",,"ibge",TRUE,-22.639999,-44.57,"coord_original","miliseconds","low","Paepalanthus planifolius","check_local.2municip.","ok_county",,FALSE,"ok_dist","full_name_match","SP_285206","SP_285206|SPF_100880","3","0.75","SPF_100880","SPF_100880","SPF_100880","plantr_exact","High","PARQUE NACIONAL SERRA DA BOCAINA"
,,"https://specieslink.net/col/2",,"UNICAMP","UEC",,"PRESERVED_SPECIMEN","84514","1593","Rossi, L; Catharino, ELM",,"1994-07-18","1994","7","18",,,,"Brasil","BR","São Paulo",,"São José do Barreiro","Parque Nacional da Serra da Bocaina, Trilha do Ouro",,,,,,,,,"Volet, DP","2015-12-01",,"Piptocarpha leprosa (Less.) Baker","Magnoliopsida","Asterales","Asteraceae","Piptocarpha","species","(Less.) Baker","ACCEPTED",,,"Piptocarpha leprosa (Less.) Baker",,,,"Piptocarpha leprosa","Piptocarpha leprosa",,,"https://images.cria.org.br/viewer/UEC130356",,,,"GBIF","UEC",,"Rossi, L.","1593","1994","Volet, D.P.","2015","Catharino, E.L.M.","Rossi",,"brazil","sao paulo","sao jose do barreiro","parque nacional da serra da bocaina",,"locality","brazil_sao paulo_sao jose barreiro","brazil_sao paulo_sao jose barreiro_parque nacional serra bocaina",-22.74484201,-44.61460885,"locality",229628,"Piptocarpha leprosa","(Less.) Baker","name_w_authors","Asteraceae","Piptocarpha leprosa","(Less.) Baker","species","name accepted","bfo-5477",,,"Piptocarpha leprosa (Less.) Baker","Piptocarpha","Asteraceae","brazil_sao paulo_sao jose barreiro","Brazil","São Paulo","São José do Barreiro",,"ibge",TRUE,-22.639999,-44.57,"coord_original","miliseconds","low","Piptocarpha leprosa","ok_same_resolution","ok_county",,FALSE,"ok_dist","full_name_match","UEC_84514","SP_278740|UEC_84514","3","0.75","UEC_84514","UEC_84514","SP_278740","plantr_exact","High","PARQUE NACIONAL SERRA DA BOCAINA"
,,"https://specieslink.net/col/7",,"USP-IB","SPF",,"PRESERVED_SPECIMEN","100880","1534","Rossi, L",,"1994-08-16","1994","8","16",,,,"Brasil","BR","São Paulo",,"São José do Barreiro","Parque Nacional da Serra da Bocaina, Fazenda Floresta.",,,,,,,,,"Díaz, A","2012-06-01",,"Paepalanthus pruinosus Ruhland","Liliopsida","Poales","Eriocaulaceae","Paepalanthus","species","Ruhland","ACCEPTED",,,"Paepalanthus pruinosus Ruhland",,,,"Paepalanthus pruinosus","Paepalanthus pruinosus",,,"https://images.cria.org.br/viewer/SPF00100880 | https://images.cria.org.br/viewer/SPF00100880_1",,,,"GBIF","SPF",,"Rossi, L.","1534","1994","Diaz, A.","2012",,"Rossi",,"brazil","sao paulo","sao jose do barreiro","parque nacional da serra da bocaina, fazenda floresta","parque nacional da serra da bocaina","locality","brazil_sao paulo_sao jose barreiro","brazil_sao paulo_sao jose barreiro",-22.74888367,-44.58687717,"county",582163,"Paepalanthus pruinosus","Ruhland","name_w_authors","Eriocaulaceae","Paepalanthus pruinosus","Ruhland","species","name accepted","bfo-7631",,,"Paepalanthus pruinosus Ruhland","Paepalanthus","Eriocaulaceae","brazil_sao paulo_sao jose barreiro","Brazil","São Paulo","São José do Barreiro",,"ibge",TRUE,-22.639999,-44.57,"coord_original","miliseconds","low","Paepalanthus pruinosus","check_local.2municip.","ok_county",,,"ok_dist","full_name_match","SPF_100880","SP_285206|SPF_100880","3","0.75","SPF_100880","SPF_100880","SPF_100880","plantr_exact","High","PARQUE NACIONAL SERRA DA BOCAINA"
,,"https://specieslink.net/col/1",,"IPA/SP","SP",,"PRESERVED_SPECIMEN","288614","1956","Catharino, ELM; Rossi, L",,"1994-07-18","1994","7","18",,,,"Brasil","BR","São Paulo",,"São José do Barreiro","Parque Nacional da Serra da Bocaina, Propriedade de Sebastião Arantes e família, atrás da casa",,,,,,,,,"Favaretto, BGS","2012-01-01",,"Geonoma pohliana subsp. wittigiana (Glaz. ex Drude) A.J.Hend.","Liliopsida","Arecales","Arecaceae","Geonoma","subspecies","(Glaz. ex Drude) A.J.Hend.","ACCEPTED",,,"Geonoma pohliana subsp. wittigiana (Glaz. ex Drude) A.J.Hend.",,,,"Geonoma pohliana wittigiana","Geonoma pohliana",,,"https://images.cria.org.br/viewer/SP055931 | https://images.cria.org.br/viewer/SP055931_01 | https://images.cria.org.br/viewer/SP055931_02",,,,"GBIF","SP","code partially found","Catharino, E.L.M.","1956","1994","Favaretto, B.G.S.","2012","Rossi, L.","Catharino",,"brazil","sao paulo","sao jose do barreiro","parque nacional da serra da bocaina",,"locality","brazil_sao paulo_sao jose barreiro_parque nacional serra bocaina","brazil_sao paulo_sao jose barreiro_parque nacional serra bocaina",-22.74484201,-44.61460885,"locality",389209,"Geonoma wittigiana","Glaz. ex Drude","subspecies|name_w_authors","Arecaceae","Geonoma wittigiana","Glaz. ex Drude","species","author misspelled|replaced synonym","bfo-44422","Geonoma wittigiana","Glaz. ex Drude","Geonoma wittigiana Glaz. ex Drude","Geonoma","Arecaceae","brazil_sao paulo_sao jose barreiro","Brazil","São Paulo","São José do Barreiro",,"ibge",TRUE,-22.639999,-44.57,"coord_original","miliseconds","low","Geonoma wittigiana","ok_same_resolution","ok_county",,FALSE,"bad_dist","full_name_match","SP_288614","SP_288614[virtual]","1","0.25","SP_288614","SP_288614","SP_288614","plantr_exact","High","PARQUE NACIONAL SERRA DA BOCAINA"
,,"https://specieslink.net/col/2",,"UNICAMP","UEC",,"PRESERVED_SPECIMEN","85865","1949","Catharino, ELM; Rossi, L",,"1994-07-17","1994","7","17",,,,"Brasil","BR","São Paulo",,"São José do Barreiro","Parque Nacional da Serra da Bocaina, Posses",,,,,,,,,"Caliari, CP","2011-10-01",,"Myrcia spectabilis DC.","Magnoliopsida","Myrtales","Myrtaceae","Myrcia","species","A.DC.","ACCEPTED",,,"Myrcia spectabilis DC.",,,,"Myrcia spectabilis","Myrcia spectabilis",,,"https://images.cria.org.br/viewer/UEC012283",,,,"GBIF","UEC",,"Catharino, E.L.M.","1949","1994","Caliari, C.P.","2011","Rossi, L.","Catharino",,"brazil","sao paulo","sao jose do barreiro","parque nacional da serra da bocaina",,"locality","brazil_sao paulo_sao jose barreiro","brazil_sao paulo_sao jose barreiro_parque nacional serra bocaina",-22.74484201,-44.61460885,"locality",89933,"Myrcia spectabilis","DC.","name_w_authors","Myrtaceae","Myrcia spectabilis","DC.","species","name accepted","bfo-10758",,,"Myrcia spectabilis DC.","Myrcia","Myrtaceae","brazil_sao paulo_sao jose barreiro","Brazil","São Paulo","São José do Barreiro",,"ibge",TRUE,-22.639999,-44.57,"coord_original","miliseconds","low","Myrcia spectabilis","ok_same_resolution","ok_county",,FALSE,"ok_dist","full_name_match","UEC_85865","SP_306900|UEC_85865","4","1","SP_306900","SP_306900","SP_306900","plantr_exact","High","PARQUE NACIONAL SERRA DA BOCAINA"
,,"https://specieslink.net/col/1",,"IPA/SP","SP",,"PRESERVED_SPECIMEN","311080","1967","Catharino, ELM; Rossi, L",,"1994-07-19","1994","7","19",,,,"Brasil","BR","São Paulo",,"São José do Barreiro","Parque Nacional da Serra da Bocaina, Caminho em direção á Cachoeira do Veado, Rio dos Veados",,,,,,,,,"Costa, CB","2005-04-01",,"Coccocypselum geophiloides Wawra","Magnoliopsida","Gentianales","Rubiaceae","Coccocypselum","species","Wawra","ACCEPTED",,,"Coccocypselum geophiloides Wawra",,,,"Coccocypselum geophiloides","Coccocypselum geophiloides",,,,,,,"GBIF","SP","code partially found","Catharino, E.L.M.","1967","1994","Costa, C.B.","2005","Rossi, L.","Catharino",,"brazil","sao paulo","sao jose do barreiro","parque nacional da serra da bocaina",,"locality","brazil_sao paulo_sao jose barreiro_parque nacional serra bocaina","brazil_sao paulo_sao jose barreiro_parque nacional serra bocaina",-22.74484201,-44.61460885,"locality",399330,"Coccocypselum geophiloides","Wawra","name_w_authors","Rubiaceae","Coccocypselum geophiloides","Wawra","species","name accepted","bfo-13883",,,"Coccocypselum geophiloides Wawra","Coccocypselum","Rubiaceae","brazil_sao paulo_sao jose barreiro","Brazil","São Paulo","São José do Barreiro",,"ibge",TRUE,-22.639999,-44.57,"coord_original","miliseconds","low","Coccocypselum geophiloides","ok_same_resolution","ok_county",,FALSE,"ok_dist","full_name_match","SP_311080","SP_311080[virtual]","1","0.25","SP_311080","SP_311080","SP_311080","plantr_exact","High","PARQUE NACIONAL SERRA DA BOCAINA"
,,"https://specieslink.net/col/1",,"IPA/SP","SP",,"PRESERVED_SPECIMEN","289286","1609","Rossi, L; Catharino, ELM",,"1994-08-21","1994","8","21",,,,"Brasil","BR","São Paulo",,"São José do Barreiro","Parque Nacional da Serra da Bocaina, Divisor de águas entre o rio Mambucaba e rio Veado",,,,,,,,,"Macias, L","1997-04-02",,"Manettia beyrichiana K.Schum.","Magnoliopsida","Gentianales","Rubiaceae","Manettia","species","K.Schum.","ACCEPTED",,,"Manettia beyrichiana K.Schum.",,,,"Manettia beyrichiana","Manettia beyrichiana",,,,,,,"GBIF","SP","code partially found","Rossi, L.","1609","1994","Macias, L.","1997","Catharino, E.L.M.","Rossi",,"brazil","sao paulo","sao jose do barreiro","parque nacional da serra da bocaina",,"locality","brazil_sao paulo_sao jose barreiro_parque nacional serra bocaina","brazil_sao paulo_sao jose barreiro_parque nacional serra bocaina",-22.74484201,-44.61460885,"locality",389577,"Manettia beyrichiana","K.Schum.","name_w_authors","Rubiaceae","Manettia beyrichiana","K.Schum.","species","name accepted","bfo-14094",,,"Manettia beyrichiana K.Schum.","Manettia","Rubiaceae","brazil_sao paulo_sao jose barreiro","Brazil","São Paulo","São José do Barreiro",,"ibge",TRUE,-22.639999,-44.57,"coord_original","miliseconds","low","Manettia beyrichiana","ok_same_resolution","ok_county",,FALSE,"ok_dist","full_name_match","SP_289286","SP_289286[virtual]","1","0.25","SP_289286","SP_289286","SP_289286","plantr_exact","High","PARQUE NACIONAL SERRA DA BOCAINA"
,,"https://specieslink.net/col/1",,"IPA/SP","SP",,"PRESERVED_SPECIMEN","286062","1546","Rossi, L; Catharino, ELM",,"1994-07-16","1994","7","16",,,,"Brasil","BR","São Paulo",,"São José do Barreiro","Parque Nacional da Serra da Bocaina, Fazenda Floresta. Planta em área brejosa",,,,,,,,,"Corrêa, MA","1996-01-13",,"Mayaca sellowiana Kunth","Liliopsida","Poales","Mayacaceae","Mayaca","species","Kunth","ACCEPTED",,,"Mayaca sellowiana Kunth",,,,"Mayaca sellowiana","Mayaca sellowiana",,,"https://images.cria.org.br/viewer/SP055658",,,,"GBIF","SP","code partially found","Rossi, L.","1546","1994","Correa, M.A.","1996","Catharino, E.L.M.","Rossi",,"brazil","sao paulo","sao jose do barreiro","parque nacional da serra da bocaina, fazenda floresta","parque nacional da serra da bocaina","locality","brazil_sao paulo_sao jose barreiro","brazil_sao paulo_sao jose barreiro",-22.74888367,-44.58687717,"county",388039,"Mayaca sellowiana","Kunth","name_w_authors","Mayacaceae","Mayaca sellowiana","Kunth","species","name accepted","bfo-19602",,,"Mayaca sellowiana Kunth","Mayaca","Mayacaceae","brazil_sao paulo_sao jose barreiro","Brazil","São Paulo","São José do Barreiro",,"ibge",TRUE,-22.639999,-44.57,"coord_original","miliseconds","low","Mayaca sellowiana","check_local.2municip.","ok_county",,FALSE,"ok_dist","full_name_match","SP_286062","SP_286062[virtual]","1","0.25","SP_286062","SP_286062","SP_286062","plantr_exact","High","PARQUE NACIONAL SERRA DA BOCAINA"
,,"https://specieslink.net/col/1",,"IPA/SP","SP",,"PRESERVED_SPECIMEN","277070","1973","Catharino, ELM; Rossi, L",,"1994-07-19","1994","7","19",,,,"Brasil","BR","São Paulo",,"São José do Barreiro","Parque Nacional da Serra da Bocaina, caminho em direção à cachoeira do Veado. Rio dos Veados",,,,,,,,,"Gomes da Silva, SJ","1994-08-02",,"Begonia valdensium A.DC.","Magnoliopsida","Cucurbitales","Begoniaceae","Begonia","species","A.DC.","ACCEPTED",,,"Begonia valdensium A.DC.",,,,"Begonia valdensium","Begonia valdensium",,,,,,,"GBIF","SP","code partially found","Catharino, E.L.M.","1973","1994","Silva, S.J.G.","1994","Rossi, L.","Catharino",,"brazil","sao paulo","sao jose do barreiro","parque nacional da serra da bocaina",,"locality","brazil_sao paulo_sao jose barreiro_parque nacional serra bocaina","brazil_sao paulo_sao jose barreiro_parque nacional serra bocaina",-22.74484201,-44.61460885,"locality",386669,"Begonia valdensium","A.DC.","name_w_authors","Begoniaceae","Begonia valdensium","A.DC.","species","name accepted","bfo-5734",,,"Begonia valdensium A.DC.","Begonia","Begoniaceae","brazil_sao paulo_sao jose barreiro","Brazil","São Paulo","São José do Barreiro",,"ibge",TRUE,-22.639999,-44.57,"coord_original","miliseconds","low","Begonia valdensium","ok_same_resolution","ok_county",,FALSE,"ok_dist","full_name_match","SP_277070","SP_277070[virtual]","1","0.25","SP_277070","SP_277070","SP_277070","plantr_exact","High","PARQUE NACIONAL SERRA DA BOCAINA"
,,"https://specieslink.net/col/1",,"IPA/SP","SP",,"PRESERVED_SPECIMEN","277069","1972","Catharino, ELM; Rossi, L",,"1994-07-19","1994","7","19",,,,"Brasil","BR","São Paulo",,"São José do Barreiro","Parque Nacional da Serra da Bocaina, Caminho em direção à Cachoeira do Veado. Rio dos Veados",,,,,,,,,"Gomes da Silva, SJ","1994-08-02",,"Begonia pulchella Raddi","Magnoliopsida","Cucurbitales","Begoniaceae","Begonia","species","Raddi","ACCEPTED",,,"Begonia pulchella Raddi",,,,"Begonia pulchella","Begonia pulchella",,,,,,,"GBIF","SP","code partially found","Catharino, E.L.M.","1972","1994","Silva, S.J.G.","1994","Rossi, L.","Catharino",,"brazil","sao paulo","sao jose do barreiro","parque nacional da serra da bocaina",,"locality","brazil_sao paulo_sao jose barreiro_parque nacional serra bocaina","brazil_sao paulo_sao jose barreiro_parque nacional serra bocaina",-22.74484201,-44.61460885,"locality",386523,"Begonia pulchella","Raddi","name_w_authors","Begoniaceae","Begonia pulchella","Raddi","species","name accepted","bfo-5700",,,"Begonia pulchella Raddi","Begonia","Begoniaceae","brazil_sao paulo_sao jose barreiro","Brazil","São Paulo","São José do Barreiro",,"ibge",TRUE,-22.639999,-44.57,"coord_original","miliseconds","low","Begonia pulchella","ok_same_resolution","ok_county",,FALSE,"ok_dist","full_name_match","SP_277069","SP_277069[virtual]","1","0.25","SP_277069","SP_277069","SP_277069","plantr_exact","High","PARQUE NACIONAL SERRA DA BOCAINA"
,,"https://specieslink.net/col/1",,"IPA/SP","SP",,"PRESERVED_SPECIMEN","278054","1587","Rossi, L; Catharino, ELM",,"1994-07-18","1994","7","18",,,,"Brasil","BR","São Paulo",,"São José do Barreiro","Parque Nacional da Serra da Bocaina, Trilha do Ouro",,,,,,,,,"Gomes da Silva, SJ","1994-07-01",,"Begonia incisoserrata (Klotzsch) A.DC.","Magnoliopsida","Cucurbitales","Begoniaceae","Begonia","species","A.DC.","ACCEPTED",,,"Begonia incisoserrata (Klotzsch) A.DC.",,,,"Begonia incisoserrata","Begonia incisoserrata",,,,,,,"GBIF","SP","code partially found","Rossi, L.","1587","1994","Silva, S.J.G.","1994","Catharino, E.L.M.","Rossi",,"brazil","sao paulo","sao jose do barreiro","parque nacional da serra da bocaina",,"locality","brazil_sao paulo_sao jose barreiro_parque nacional serra bocaina","brazil_sao paulo_sao jose barreiro_parque nacional serra bocaina",-22.74484201,-44.61460885,"locality",387203,"Begonia incisoserrata","(Klotzsch) A.DC.","name_w_authors","Begoniaceae","Begonia incisoserrata","(Klotzsch) A.DC.","species","name accepted","bfo-5637",,,"Begonia incisoserrata (Klotzsch) A.DC.","Begonia","Begoniaceae","brazil_sao paulo_sao jose barreiro","Brazil","São Paulo","São José do Barreiro",,"ibge",TRUE,-22.639999,-44.57,"coord_original","miliseconds","low","Begonia incisoserrata","ok_same_resolution","ok_county",,FALSE,"ok_dist","full_name_match","SP_278054","SP_278054[virtual]","1","0.25","SP_278054","SP_278054","SP_278054","plantr_exact","High","PARQUE NACIONAL SERRA DA BOCAINA"
,,,,"JBRJ","RB","RB - Rio de Janeiro Botanical Garden Herbarium Collection","PRESERVED_SPECIMEN","RB00218949","4668","G. Martinelli",,"1978-06-23","1978","6","23",,,,"Brasil","BR","São Paulo",,"Bananal","PARQUE NACIONAL DA SERRA DA BOCAINA, PRÓX. AO MARCO 22. Parque Nacional da Serra da Bocaina",,,,,,,,,"BARREIROS",,,"Cabralea canjerana (Vell.) Mart.","Magnoliopsida","Sapindales","Meliaceae","Cabralea","species","(Vell.) Mart.","ACCEPTED",,,"Cabralea canjerana (Vell.) Mart.",,,,"Cabralea canjerana (Vell.) Mart.","Cabralea canjerana",,,"jbrj-public-img.s3-sa-east-1.amazonaws.com/JPG/rb/0/21/89/49/00218949.jpg",,,,"GBIF","RB",,"Martinelli, G.","4668","1978","Barreiros",,,"Martinelli",,"brazil","sao paulo","bananal","parque nacional da serra da bocaina",,"locality","brazil_sao paulo_bananal","brazil_sao paulo_bananal",-22.73353405,-44.33438939,"county",236979,"Cabralea canjerana","(Vell.) Mart.","name_w_authors","Meliaceae","Cabralea canjerana","(Vell.) Mart.","species","name accepted","bfo-9988",,,"Cabralea canjerana (Vell.) Mart.","Cabralea","Meliaceae","brazil_sao paulo_bananal","Brazil","São Paulo","Bananal",,"ibge",TRUE,-22.73353405,-44.33438939,"coord_gazet","seconds_centroid","low","Cabralea canjerana","check_local.2municip.","ok_county_gazet",,FALSE,"ok_dist","full_name_match","RB_218949",,"cc","cc",,,,"plantr_exact","High","PARQUE NACIONAL SERRA DA BOCAINA"
,,,,"JBRJ","RB","RB - Rio de Janeiro Botanical Garden Herbarium Collection","PRESERVED_SPECIMEN","RB00181714","1121","Martinelli, G.","Local úmido.","1977-03-05","1977","3","5",,,"Local úmido.","Brasil","BR","São Paulo",,"Bananal","Parque Nacional da Serra da Bocaina. Parque Nacional da Serra da Bocaina",,,,,,,,,"P. Leitman",,,"Nidularium campos-portoi var. campos-portoi","Liliopsida","Poales","Bromeliaceae","Nidularium","variety",,"ACCEPTED",,,"Nidularium campos-portoi var. campos-portoi",,,,"Nidularium campos-portoi (L.B. Smith) Wanderley & B.A. Moreira var. campos-portoi","Nidularium campos-portoi",,,"jbrj-public-img.s3-sa-east-1.amazonaws.com/JPG/rb/0/18/17/14/00181714.jpg",,,,"GBIF","RB",,"Martinelli, G.","1121","1977","Leitman, P.",,,"Martinelli",,"brazil","sao paulo","bananal","parque nacional da serra da bocaina",,"locality","brazil_sao paulo_bananal","brazil_sao paulo_bananal",-22.73353405,-44.33438939,"county",236280,"Nidularium camposportoi","(L.B.Sm.) Wand. & B.A.Moreira","variety","Bromeliaceae","Nidularium camposportoi","(L.B.Sm.) Wand. & B.A.Moreira","species","replaced orth. variant","bfo-6244","Nidularium camposportoi","(L.B.Sm.) Wand. & B.A.Moreira","Nidularium camposportoi (L.B.Sm.) Wand. & B.A.Moreira","Nidularium","Bromeliaceae","brazil_sao paulo_bananal","Brazil","São Paulo","Bananal",,"ibge",TRUE,-22.73353405,-44.33438939,"coord_gazet","seconds_centroid","low","Nidularium camposportoi","check_local.2municip.","ok_county_gazet",,FALSE,"ok_dist","full_name_match","RB_181714",,"0","0",,,,"plantr_exact","High","PARQUE NACIONAL SERRA DA BOCAINA"
,"Herbário Virtual REFLORA Disponível em: http://herbariovirtualreflora.jbrj.gov.br/reflora/herbarioVirtual/ConsultaPublicoHVUC/ConsultaPublicoHVUC.do?idTestemunho=5573840",,,"CEN","CEN",,"PRESERVED_SPECIMEN","CEN00111675","2977","Dimitri Sucre Benjamin",,"1968-05-07","1968","5","7","1968-05-07",,,"Brasil","BR","São Paulo",,"BOCAINA","Parque Nacional da Serra da Bocaina. Posses",,,,,,,,,"L.S. B. Jordão",,,"Mimosa incana Benth.","Magnoliopsida","Fabales","Fabaceae","Mimosa","species","Benth.","ACCEPTED",,,"Mimosa incana Benth.",,,,"Mimosa incana Benth.","Mimosa incana",,,"jbrj-public.s3.amazonaws.com/fsi/server?type=image&source=DZI/cen/cen/0/11/16/75/cen00111675.dzi",,,,"GBIF","CEN",,"Benjamin, D.S.","2977","1968","Jordao, L.S.B.",,,"Benjamin",,"brazil","sao paulo","bocaina","parque nacional da serra da bocaina",,"locality","brazil_sao paulo_bocaina","brazil_sao paulo_bocaina",-22.10496897,-48.52961662,"county",563221,"Mimosa incana","Benth.","name_w_authors","Fabaceae","Mimosa incana","Benth.","species","name accepted","bfo-100957",,,"Mimosa incana Benth.","Mimosa","Fabaceae","brazil_sao paulo_bocaina","Brazil","São Paulo","Bocaina",,"gadm",TRUE,-22.10496897,-48.52961662,"coord_gazet","seconds_centroid","low","Mimosa incana","check_local.2municip.","ok_county_gazet",,FALSE,"ok_dist","full_name_match","CEN_111675",,"cc","cc",,,,"plantr_exact","High","PARQUE NACIONAL SERRA DA BOCAINA"
,,,,"JBP","HPL",,"PRESERVED_SPECIMEN","13775","110",,,,"2002","2","10",,,,"Brasil",,"São Paulo","Bananal","Bananal","Parque Nacional da Serra da Bocaina. Floresta Atlântica, coletada na beira da trilha. ESA-116083.",,,"-22.68","-44.32","26795",,,,,,,"Maranta papillosa",,,"Marantaceae","Maranta",,,,"-22.68","-44.32",,,,,"Maranta papillosa","papillosa",,,,,,"HPL013775","Splink","HPL",,,"110","2002",,,,,,"brazil","sao paulo","bananal","parque nacional da serra da bocaina",,"locality","brazil_sao paulo_bananal","brazil_sao paulo_bananal",-22.73353405,-44.33438939,"county",1881323,"Maranta papillosa",,"possibly_ok",,"Maranta papillosa",,"species","not found",,,,"Maranta papillosa","Maranta","Marantaceae","brazil_sao paulo_bananal","Brazil","São Paulo","Bananal",,"ibge",TRUE,-22.68,-44.32,"coord_original","miliseconds","unknown","Maranta papillosa","check_local.2municip.","ok_county",,,"no_cannot_check","no_match","HPL_13775",,"cc","cc",,,,"plantr_exact","High","PARQUE NACIONAL SERRA DA BOCAINA"
,,,,"PUCPR","HUCP",,"PRESERVED_SPECIMEN","19068-B","s.n.",,,,"2001","5","12",,,,"Brasil",,"São Paulo","São José do Barreiro","São José do Barreiro","Parque Nacional da Serra da Bocaina",,,"-22.639999","-44.57","30784","0","0",,,,,"Moquiniastrum paniculatum",,,"Asteraceae","Moquiniastrum",,,,"-22.639999","-44.57",,,,,,"paniculatum",,,,,,"HUCP00007623","Splink","HUCP",,,,"2001",,,,,,"brazil","sao paulo","sao jose do barreiro","parque nacional da serra da bocaina",,"locality","brazil_sao paulo_sao jose barreiro_parque nacional serra bocaina","brazil_sao paulo_sao jose barreiro_parque nacional serra bocaina",-22.74484201,-44.61460885,"locality",981933,"Moquiniastrum paniculatum","(Less.) G. Sancho","possibly_ok","Asteraceae","Moquiniastrum paniculatum","(Less.) G. Sancho","species","name accepted","bfo-130867",,,"Moquiniastrum paniculatum (Less.) G. Sancho","Moquiniastrum","Asteraceae","brazil_sao paulo_sao jose barreiro","Brazil","São Paulo","São José do Barreiro",,"ibge",TRUE,-22.639999,-44.57,"coord_original","miliseconds","unknown","Moquiniastrum paniculatum","ok_same_resolution","ok_county",,FALSE,"ok_dist","full_name_match","HUCP_19068B",,"cc","cc",,,,"plantr_exact","High","PARQUE NACIONAL SERRA DA BOCAINA"
"Physical Object",,,,"JBRJ","RB",,,"RB01456018","391","V. Lino; C. Mynssen",,"2021-12-14","2021","12","14",,,,"Brasil","BR","São Paulo",,"São José do Barreiro","Sobre barranco na beira da trilha. Trilha a partir da estrada para a Cacheira das Posses, trilha que leva à ""Mata de Dicksonias"". Parque Nacional da Serra da Bocaina",,,"-22.7552778","-44.6241667",,"22º45´19´´","44º37´27´´W",,,,,"Marchantia",,,"Marchantiaceae","Marchantia","genus",,,,,,,,,"Marchantia",,,,"jbrj-public-img.s3-sa-east-1.amazonaws.com/JPG/rb/1/45/60/18/01456018.jpg",,,,"JABOT","RB",,"Lino, V.","391","2021",,,"Mynssen, C.","Lino",,"brazil","sao paulo","sao jose do barreiro","trilha a partir da estrada para a cacheira das posses, parque nacional da serra da bocaina","sobre barranco na beira da trilha","locality","brazil_sao paulo_sao jose barreiro","brazil_sao paulo_sao jose barreiro",-22.74888367,-44.58687717,"county",1873770,"Marchantia sp.",,"indet",,"Marchantia sp.",,"genus","not found",,,,"Marchantia sp.","Marchantia","Marantaceae","brazil_sao paulo_sao jose barreiro","Brazil","São Paulo","São José do Barreiro",,"ibge",TRUE,-22.755278,-44.624167,"coord_original","seconds","unknown",,"check_local.2municip.","ok_county",,FALSE,"no_cannot_check","no_match","RB_1456018","RB_1456018[virtual]","4","1",,"RB_1456018","RB_1456018","plantr_exact","High","PARQUE NACIONAL SERRA DA BOCAINA"
,,"https://specieslink.net/col/301",,"UCS","HUCS",,"PRESERVED_SPECIMEN","57906","4350","Gonzatti, F; Peralta, D; Britto, O",,"2018-04-30","2018","4","30",,,,"Brasil","BR","São Paulo",,"São José do Barreiro","Parque Nacional Serra da Bocaina",,,"-22.733889","-44.616639",,,,,,,,"Hypericum L.","Magnoliopsida","Malpighiales","Hypericaceae","Hypericum","genus",,"ACCEPTED",,,"Hypericum L.",,,,"Hypericum",,,"WGS84",,,,,"GBIF","HUCS",,"Gonzatti, F.","4350","2018",,,"Peralta, D.; Britto, O.","Gonzatti",,"brazil","sao paulo","sao jose do barreiro","parque nacional serra da bocaina",,"locality","brazil_sao paulo_sao jose barreiro_parque nacional serra bocaina","brazil_sao paulo_sao jose barreiro_parque nacional serra bocaina",-22.74484201,-44.61460885,"locality",1662316,"Hypericum","L.","name_w_authors","Hypericaceae","Hypericum","L.","genus","name accepted","bfo-7994",,,"Hypericum L.","Hypericum","Hypericaceae","brazil_sao paulo_sao jose barreiro","Brazil","São Paulo","São José do Barreiro",,"ibge",TRUE,-22.733889,-44.616639,"coord_original","seconds","unknown",,"ok_same_resolution","ok_county",,FALSE,"no_cannot_check","full_name_match","HUCS_57906","HUCS_57906[virtual]","1","0.25","HUCS_57906","HUCS_57906","HUCS_57906","plantr_exact","High","PARQUE NACIONAL SERRA DA BOCAINA"
,"Herbário Virtual REFLORA Disponível em: http://herbariovirtualreflora.jbrj.gov.br/reflora/herbarioVirtual/ConsultaPublicoHVUC/ConsultaPublicoHVUC.do?idTestemunho=6328596",,,"R","R",,"PRESERVED_SPECIMEN","R010084949","661","Manhães, V.C.;Kessous, I.,Uribbe, F.P",,"2017-06-08","2017","6","8","2017-06-08",,,"Brasil","BR","São Paulo",,"Bananal","PARNA Serra da Bocaína. Trilha para cahoeira do Bracuí. Parque Nacional da Serra da Bocaina",,,,,,,,,,,,"Fuchsia L.","Magnoliopsida","Myrtales","Onagraceae","Fuchsia","genus",,"ACCEPTED",,,"Fuchsia L.",,,,"Fuchsia",,,,"jbrj-public.s3-sa-east-1.amazonaws.com/fsi/server?type=image&source=DZI/herbariumr/r/1/0/84/94/9/r010084949.dzi",,,,"GBIF","R",,"Manhaes, V.C.","661","2017",,,"Kessous, I.; Uribbe, F.P.","Manhaes",,"brazil","sao paulo","bananal","parna serra da bocaina, parque nacional da serra da bocaina","parna serra da bocaina","locality","brazil_sao paulo_bananal","brazil_sao paulo_bananal",-22.73353405,-44.33438939,"county",1660832,"Fuchsia","L.","name_w_authors","Onagraceae","Fuchsia","L.","genus","name accepted","bfo-3938",,,"Fuchsia L.","Fuchsia","Onagraceae","brazil_sao paulo_bananal","Brazil","São Paulo","Bananal",,"ibge",TRUE,-22.73353405,-44.33438939,"coord_gazet","seconds_centroid","unknown",,"check_local.2municip.","ok_county_gazet",,FALSE,"no_cannot_check","full_name_match","R_10084949",,"0","0",,,,"plantr_exact","High","PARQUE NACIONAL SERRA DA BOCAINA"
,,"https://specieslink.net/col/155",,"UFPE","UFP",,"PRESERVED_SPECIMEN","79133","1917","Amorim, BS; Araújo, D; Marusso, GM",,"2014-02-16","2014","2","16",,,,"Brasil","BR","São Paulo",,"São José do Barreiro","Parque Nacional Serra da Bocaina",,,"-22.751389","-44.618611",,,,,,,,"Hohenbergia horrida Harms","Liliopsida","Poales","Bromeliaceae","Hohenbergia","species","Harms","ACCEPTED",,,"Hohenbergia horrida Harms",,,,"Hohenbergia horrida","Hohenbergia horrida",,"WGS84",,,,,"GBIF","UFP",,"Amorim, B.S.","1917","2014",,,"Araujo, D.; Marusso, G.M.","Amorim",,"brazil","sao paulo","sao jose do barreiro","parque nacional serra da bocaina",,"locality","brazil_sao paulo_sao jose barreiro_parque nacional serra bocaina","brazil_sao paulo_sao jose barreiro_parque nacional serra bocaina",-22.74484201,-44.61460885,"locality",220950,"Hohenbergia horrida","Harms","name_w_authors","Bromeliaceae","Hohenbergia horrida","Harms","species","name accepted","bfo-6108",,,"Hohenbergia horrida Harms","Hohenbergia","Bromeliaceae","brazil_sao paulo_sao jose barreiro","Brazil","São Paulo","São José do Barreiro",,"ibge",TRUE,-22.751389,-44.618611,"coord_original","seconds","unknown","Hohenbergia horrida","ok_same_resolution","ok_county",,,"bad_dist","full_name_match","UFP_79133","UFP_79133[virtual]","1","0.25","UFP_79133","UFP_79133","UFP_79133","plantr_exact","High","PARQUE NACIONAL SERRA DA BOCAINA"
,,"https://specieslink.net/col/155",,"UFPE","UFP",,"PRESERVED_SPECIMEN","82913","1914","Amorim, BS; Araújo, D; Marcusso, GM",,"2014-02-16","2014","2","16",,,,"Brasil","BR","São Paulo",,"São José do Barreiro","PARNA Serra da Bocaina",,,"-22.751389","-44.618611",,,,,,,,"Campylocentrum crassirhizum Hoehne","Liliopsida","Asparagales","Orchidaceae","Campylocentrum","species","Hoehne","ACCEPTED",,,"Campylocentrum crassirhizum Hoehne",,,,"Campylocentrum crassirhizum","Campylocentrum crassirhizum",,"WGS84",,,,,"GBIF","UFP",,"Amorim, B.S.","1914","2014",,,"Araujo, D.; Marcusso, G.M.","Amorim",,"brazil","sao paulo","sao jose do barreiro","parna serra da bocaina",,"locality","brazil_sao paulo_sao jose barreiro","brazil_sao paulo_sao jose barreiro",-22.74888367,-44.58687717,"county",287402,"Campylocentrum crassirhizum","Hoehne","name_w_authors","Orchidaceae","Campylocentrum crassirhizum","Hoehne","species","name accepted","bfo-11271",,,"Campylocentrum crassirhizum Hoehne","Campylocentrum","Orchidaceae","brazil_sao paulo_sao jose barreiro","Brazil","São Paulo","São José do Barreiro",,"ibge",TRUE,-22.751389,-44.618611,"coord_original","seconds","unknown","Campylocentrum crassirhizum","check_local.2municip.","ok_county",,FALSE,"ok_dist","full_name_match","UFP_82913","UFP_82913[virtual]","1","0.25","UFP_82913","UFP_82913","UFP_82913","plantr_exact","High","PARQUE NACIONAL SERRA DA BOCAINA"
,,"https://specieslink.net/col/7",,"USP-IB","SPF",,"PRESERVED_SPECIMEN","214714","3998","Ceccantini, GCT",,"2013-10-24","2013","10","24",,,,"Brasil","BR","São Paulo",,,"Serra da Bocaina, Estrada para o Parque Nacional da Serra da Bocaina. Alto da Serra.",,,,,,,,,,,,"Salicaceae","Magnoliopsida","Malpighiales","Salicaceae",,"family",,"ACCEPTED",,,"Salicaceae",,,,,,,"WGS84",,,,,"GBIF","SPF",,"Ceccantini, G.C.T.","3998","2013",,,,"Ceccantini",,"brazil","sao paulo","serra da bocaina","serra da bocaina, estrada para o parque nacional da serra da bocaina","serra da bocaina","locality","brazil_sao paulo_serra bocaina","brazil_sao paulo",-22.2584562,-48.7420254,"state",1762859,"Salicaceae","Mirb.","family_as_genus","Salicaceae","Salicaceae","Mirb.","family","name accepted","bfo-214",,,"Salicaceae Mirb.",,"Salicaceae","brazil_sao paulo","Brazil","São Paulo",,,"gadm",TRUE,-22.2584562,-48.7420254,"coord_gazet","seconds_centroid","unknown",,"check_local.2state","ok_state_gazet",,FALSE,"no_cannot_check","full_name_match","SPF_214714",,"0","0",,,,"plantr_exact","High","PARQUE NACIONAL SERRA DA BOCAINA"
,,,,"JBRJ","RB","RB - Rio de Janeiro Botanical Garden Herbarium Collection","PRESERVED_SPECIMEN","RB01379703","s.n.","Meneguzzo, T.E.C.",,"2011-10","2011","10",,,,,"Brasil","BR","São Paulo",,"São José do Barreiro","Parque Nacional da Serra da Bocaina",,,"-22.716667","-44.616667",,"22º43´0´´","44º37´W",,,,,"Zygopetalum triste Barb.Rodr.","Liliopsida","Asparagales","Orchidaceae","Zygopetalum","species","Barb.Rodr.","ACCEPTED",,,"Zygopetalum triste Barb.Rodr.",,,,"Zygopetalum triste Barb.Rodr.","Zygopetalum triste",,,"jbrj-public-img.s3-sa-east-1.amazonaws.com/JPG/rb/1/37/97/3/01379703.jpg",,,,"GBIF","RB",,"Meneguzzo, T.E.C.",,"2011",,,,"Meneguzzo",,"brazil","sao paulo","sao jose do barreiro","parque nacional da serra da bocaina",,"locality","brazil_sao paulo_sao jose barreiro_parque nacional serra bocaina","brazil_sao paulo_sao jose barreiro_parque nacional serra bocaina",-22.74484201,-44.61460885,"locality",17119,"Zygopetalum maculatum subsp. triste","(Barb.Rodr.) Meneguzzo","name_w_authors","Orchidaceae","Zygopetalum maculatum subsp. triste","(Barb.Rodr.) Meneguzzo","subspecies","replaced synonym","bfo-621573","Zygopetalum maculatum subsp. triste","(Barb.Rodr.) Meneguzzo","Zygopetalum maculatum subsp. triste (Barb.Rodr.) Meneguzzo","Zygopetalum","Orchidaceae","brazil_sao paulo_sao jose barreiro","Brazil","São Paulo","São José do Barreiro",,"ibge",TRUE,-22.716667,-44.616667,"coord_original","minutes","unknown","Zygopetalum maculatum","ok_same_resolution","ok_county",,FALSE,"ok_dist","full_name_match","RB_1379703",,"cc","cc",,,,"plantr_exact","High","PARQUE NACIONAL SERRA DA BOCAINA"
,,,,"JBRJ","RB","RB - Rio de Janeiro Botanical Garden Herbarium Collection","PRESERVED_SPECIMEN","RB01379697","s.n.","Meneguzzo, T.E.C.",,"2011-10","2011","10",,,,,"Brasil","BR","São Paulo",,"São José do Barreiro","Parque Nacional da Serra da Bocaina",,,"-22.716667","-44.616667",,"22º43´0´´","44º37´W",,,,,"Sacoila lanceolata (Aubl.) Garay","Liliopsida","Asparagales","Orchidaceae","Sacoila","species","(Aubl.) Garay","ACCEPTED",,,"Sacoila lanceolata (Aubl.) Garay",,,,"Sacoila lanceolata (Aubl.) Garay","Sacoila lanceolata",,,"jbrj-public-img.s3-sa-east-1.amazonaws.com/JPG/rb/1/37/96/97/01379697.jpg",,,,"GBIF","RB",,"Meneguzzo, T.E.C.",,"2011",,,,"Meneguzzo",,"brazil","sao paulo","sao jose do barreiro","parque nacional da serra da bocaina",,"locality","brazil_sao paulo_sao jose barreiro_parque nacional serra bocaina","brazil_sao paulo_sao jose barreiro_parque nacional serra bocaina",-22.74484201,-44.61460885,"locality",285482,"Sacoila lanceolata","(Aubl.) Garay","name_w_authors","Orchidaceae","Sacoila lanceolata","(Aubl.) Garay","species","name accepted","bfo-12182",,,"Sacoila lanceolata (Aubl.) Garay","Sacoila","Orchidaceae","brazil_sao paulo_sao jose barreiro","Brazil","São Paulo","São José do Barreiro",,"ibge",TRUE,-22.716667,-44.616667,"coord_original","minutes","unknown","Sacoila lanceolata","ok_same_resolution","ok_county",,FALSE,"ok_dist","full_name_match","RB_1379697",,"cc","cc",,,,"plantr_exact","High","PARQUE NACIONAL SERRA DA BOCAINA"
,,,,"JBRJ","RB","RB - Rio de Janeiro Botanical Garden Herbarium Collection","PRESERVED_SPECIMEN","RB01379706","s.n.","Meneguzzo, T.E.C.",,"2011-10","2011","10",,,,,"Brasil","BR","São Paulo",,"São José do Barreiro","Parque Nacional da Serra da Bocaina",,,"-22.716667","-44.616667",,"22º43´0´´","44º37´W",,,,,"Gomesa warmingii (Rchb.f.) M.W.Chase & N.H.Williams","Liliopsida","Asparagales","Orchidaceae","Gomesa","species","(Rchb.f.) M.W.Chase & N.H.Williams","ACCEPTED",,,"Gomesa warmingii (Rchb.f.) M.W.Chase & N.H.Williams",,,,"Gomesa warmingii (Rchb.f.) M.W.Chase & N.H.Williams","Gomesa warmingii",,,"jbrj-public-img.s3-sa-east-1.amazonaws.com/JPG/rb/1/37/97/6/01379706.jpg",,,,"GBIF","RB",,"Meneguzzo, T.E.C.",,"2011",,,,"Meneguzzo",,"brazil","sao paulo","sao jose do barreiro","parque nacional da serra da bocaina",,"locality","brazil_sao paulo_sao jose barreiro_parque nacional serra bocaina","brazil_sao paulo_sao jose barreiro_parque nacional serra bocaina",-22.74484201,-44.61460885,"locality",285481,"Gomesa warmingii","(Rchb.f.) M.W.Chase & N.H.Williams","name_w_authors","Orchidaceae","Gomesa warmingii","(Rchb.f.) M.W.Chase & N.H.Williams","species","name accepted","bfo-122282",,,"Gomesa warmingii (Rchb.f.) M.W.Chase & N.H.Williams","Gomesa","Orchidaceae","brazil_sao paulo_sao jose barreiro","Brazil","São Paulo","São José do Barreiro",,"ibge",TRUE,-22.716667,-44.616667,"coord_original","minutes","unknown","Gomesa warmingii","ok_same_resolution","ok_county",,FALSE,"ok_dist","full_name_match","RB_1379706",,"cc","cc",,,,"plantr_exact","High","PARQUE NACIONAL SERRA DA BOCAINA"
,,,,"JBRJ","RB","RB - Rio de Janeiro Botanical Garden Herbarium Collection","PRESERVED_SPECIMEN","RB01379696","s.n.","Meneguzzo, T.E.C.",,"2011-10","2011","10",,,,,"Brasil","BR","São Paulo",,"São José do Barreiro","Parque Nacional da Serra da Bocaina",,,"-22.716667","-44.616667",,"22º43´0´´","44º37´W",,,,,"Gomesa recurva R.Br.","Liliopsida","Asparagales","Orchidaceae","Gomesa","species","R.Br.","ACCEPTED",,,"Gomesa recurva R.Br.",,,,"Gomesa recurva R.Br.","Gomesa recurva",,,"jbrj-public-img.s3-sa-east-1.amazonaws.com/JPG/rb/1/37/96/96/01379696.jpg",,,,"GBIF","RB",,"Meneguzzo, T.E.C.",,"2011",,,,"Meneguzzo",,"brazil","sao paulo","sao jose do barreiro","parque nacional da serra da bocaina",,"locality","brazil_sao paulo_sao jose barreiro_parque nacional serra bocaina","brazil_sao paulo_sao jose barreiro_parque nacional serra bocaina",-22.74484201,-44.61460885,"locality",285478,"Gomesa recurva","R.Br.","name_w_authors","Orchidaceae","Gomesa recurva","R.Br.","species","name accepted","bfo-11619",,,"Gomesa recurva R.Br.","Gomesa","Orchidaceae","brazil_sao paulo_sao jose barreiro","Brazil","São Paulo","São José do Barreiro",,"ibge",TRUE,-22.716667,-44.616667,"coord_original","minutes","unknown","Gomesa recurva","ok_same_resolution","ok_county",,FALSE,"ok_dist","full_name_match","RB_1379696",,"cc","cc",,,,"plantr_exact","High","PARQUE NACIONAL SERRA DA BOCAINA"
,,,,"JBRJ","RB","RB - Rio de Janeiro Botanical Garden Herbarium Collection","PRESERVED_SPECIMEN","RB01379712","s.n.","Meneguzzo, T.E.C.",,"2011-10","2011","10",,,,,"Brasil","BR","São Paulo",,"São José do Barreiro","Parque Nacional da Serra da Bocaina",,,"-22.716667","-44.616667",,"22º43´0´´","44º37´W",,,,,"Stelis Sw.","Liliopsida","Asparagales","Orchidaceae","Stelis","genus",,"ACCEPTED",,,"Stelis Sw.",,,,"Stelis",,,,"jbrj-public-img.s3-sa-east-1.amazonaws.com/JPG/rb/1/37/97/12/01379712.jpg",,,,"GBIF","RB",,"Meneguzzo, T.E.C.",,"2011",,,,"Meneguzzo",,"brazil","sao paulo","sao jose do barreiro","parque nacional da serra da bocaina",,"locality","brazil_sao paulo_sao jose barreiro_parque nacional serra bocaina","brazil_sao paulo_sao jose barreiro_parque nacional serra bocaina",-22.74484201,-44.61460885,"locality",1617475,"Stelis","Sw.","name_w_authors","Orchidaceae","Stelis","Sw.","genus","name accepted","bfo-12289",,,"Stelis Sw.","Stelis","Orchidaceae","brazil_sao paulo_sao jose barreiro","Brazil","São Paulo","São José do Barreiro",,"ibge",TRUE,-22.716667,-44.616667,"coord_original","minutes","unknown",,"ok_same_resolution","ok_county",,FALSE,"no_cannot_check","full_name_match","RB_1379712",,"cc","cc",,,,"plantr_exact","High","PARQUE NACIONAL SERRA DA BOCAINA"
,,,,"JBRJ","RB","RB - Rio de Janeiro Botanical Garden Herbarium Collection","PRESERVED_SPECIMEN","RB01379695","s.n.","Meneguzzo, T.E.C.",,"2011-10","2011","10",,,,,"Brasil","BR","São Paulo",,"São José do Barreiro","Parque Nacional da Serra da Bocaina",,,"-22.716667","-44.616667",,"22º43´0´´","44º37´W",,,,,"Pleurothallis R.Br.","Liliopsida","Asparagales","Orchidaceae","Pleurothallis","genus",,"ACCEPTED",,,"Pleurothallis R.Br.",,,,"Pleurothallis",,,,,,,,"GBIF","RB",,"Meneguzzo, T.E.C.",,"2011",,,,"Meneguzzo",,"brazil","sao paulo","sao jose do barreiro","parque nacional da serra da bocaina",,"locality","brazil_sao paulo_sao jose barreiro_parque nacional serra bocaina","brazil_sao paulo_sao jose barreiro_parque nacional serra bocaina",-22.74484201,-44.61460885,"locality",1617480,"Pleurothallis","R.Br.","name_w_authors","Orchidaceae","Pleurothallis","R.Br.","genus","name accepted","bfo-12017",,,"Pleurothallis R.Br.","Pleurothallis","Orchidaceae","brazil_sao paulo_sao jose barreiro","Brazil","São Paulo","São José do Barreiro",,"ibge",TRUE,-22.716667,-44.616667,"coord_original","minutes","unknown",,"ok_same_resolution","ok_county",,FALSE,"no_cannot_check","full_name_match","RB_1379695",,"cc","cc",,,,"plantr_exact","High","PARQUE NACIONAL SERRA DA BOCAINA"
,,,,"JBRJ","RB","RB - Rio de Janeiro Botanical Garden Herbarium Collection","PRESERVED_SPECIMEN","RB01379707","s.n.","T.E.C. Meneguzzo",,"2011-10","2011","10",,,,,"Brasil","BR","São Paulo",,"São José do Barreiro","Parque Nacional da Serra da Bocaina",,,"-22.716667","-44.616667",,"22º43´0´´","44º37´W",,,,,"Pinus L.","Pinopsida","Pinales","Pinaceae","Pinus","genus",,"ACCEPTED",,,"Pinus L.",,,,"Pinus",,,,"jbrj-public-img.s3-sa-east-1.amazonaws.com/JPG/rb/1/37/97/7/01379707.jpg",,,,"GBIF","RB",,"Meneguzzo, T.E.C.",,"2011",,,,"Meneguzzo",,"brazil","sao paulo","sao jose do barreiro","parque nacional da serra da bocaina",,"locality","brazil_sao paulo_sao jose barreiro_parque nacional serra bocaina","brazil_sao paulo_sao jose barreiro_parque nacional serra bocaina",-22.74484201,-44.61460885,"locality",1617479,"Pinus","L.","name_w_authors","Pinaceae","Pinus","L.","genus","name accepted","bfo-71175",,,"Pinus L.","Pinus","Pinaceae","brazil_sao paulo_sao jose barreiro","Brazil","São Paulo","São José do Barreiro",,"ibge",TRUE,-22.716667,-44.616667,"coord_original","minutes","unknown",,"ok_same_resolution","ok_county",,FALSE,"no_cannot_check","full_name_match","RB_1379707",,"cc","cc",,,,"plantr_exact","High","PARQUE NACIONAL SERRA DA BOCAINA"
,,,,"JBRJ","RB","RB - Rio de Janeiro Botanical Garden Herbarium Collection","PRESERVED_SPECIMEN","RB01379714","s.n.","Meneguzzo, T.E.C.",,"2011-10","2011","10",,,,,"Brasil","BR","São Paulo",,"São José do Barreiro","Parque Nacional da Serra da Bocaina",,,"-22.716667","-44.616667",,"22º43´0´´","44º37´W",,,,,"Cyclopogon C.Presl","Liliopsida","Asparagales","Orchidaceae","Cyclopogon","genus",,"ACCEPTED",,,"Cyclopogon C.Presl",,,,"Cyclopogon",,,,"jbrj-public-img.s3-sa-east-1.amazonaws.com/JPG/rb/1/37/97/14/01379714.jpg",,,,"GBIF","RB",,"Meneguzzo, T.E.C.",,"2011",,,,"Meneguzzo",,"brazil","sao paulo","sao jose do barreiro","parque nacional da serra da bocaina",,"locality","brazil_sao paulo_sao jose barreiro_parque nacional serra bocaina","brazil_sao paulo_sao jose barreiro_parque nacional serra bocaina",-22.74484201,-44.61460885,"locality",1617489,"Cyclopogon","C.Presl","name_w_authors","Orchidaceae","Cyclopogon","C.Presl","genus","name accepted","bfo-11415",,,"Cyclopogon C.Presl","Cyclopogon","Orchidaceae","brazil_sao paulo_sao jose barreiro","Brazil","São Paulo","São José do Barreiro",,"ibge",TRUE,-22.716667,-44.616667,"coord_original","minutes","unknown",,"ok_same_resolution","ok_county",,FALSE,"no_cannot_check","full_name_match","RB_1379714",,"cc","cc",,,,"plantr_exact","High","PARQUE NACIONAL SERRA DA BOCAINA"
,,"https://specieslink.net/col/2",,"UNICAMP","UEC",,"PRESERVED_SPECIMEN","170972","9829","Almeda, F; Martins, AB; Fritsch, PW; Aranha, JLM; Bush, C; Belinello, R",,"2009-03-16","2009","3","16",,,,"Brazil","BR","São Paulo",,"São José do Barreiro","Roa from São José do Barreiro (SP-221) to the entrace of Parque Nacional Serra da Bocaina between Km25 and Km26.",,,"-22.733056","-44.616389",,,,,,,,"Gaultheria sleumeriana Kin.-Gouv.","Magnoliopsida","Ericales","Ericaceae","Gaultheria","species","Kinoshita","ACCEPTED",,,"Gaultheria sleumeriana Kin.-Gouv.",,,,"Gaultheria sleumeriana","Gaultheria sleumeriana",,"WGS84","https://images.cria.org.br/viewer/UEC059023",,,,"GBIF","UEC",,"Almeda, F.","9829","2009",,,"Martins, A.B.; Fritsch, P.W.; Aranha, J.L.M.; Bush, C.; Belinello, R.","Almeda",,"brazil","sao paulo","sao jose do barreiro","to the entrace of parque nacional serra da bocaina between km25 and km26","roa from sao jose do barreiro","locality","brazil_sao paulo_sao jose barreiro","brazil_sao paulo_sao jose barreiro",-22.74888367,-44.58687717,"county",112594,"Gaultheria sleumeriana","Kin.-Gouv.","name_w_authors","Ericaceae","Gaultheria sleumeriana","Kin.-Gouv.","species","name accepted","bfo-7476",,,"Gaultheria sleumeriana Kin.-Gouv.","Gaultheria","Ericaceae","brazil_sao paulo_sao jose barreiro","Brazil","São Paulo","São José do Barreiro",,"ibge",TRUE,-22.733056,-44.616389,"coord_original","seconds","unknown","Gaultheria sleumeriana","check_local.2municip.","ok_county",,FALSE,"ok_dist","full_name_match","UEC_170972","CAS_412267|UEC_170972","3","0.75","UEC_170972","UEC_170972","UEC_170972","plantr_exact","High","PARQUE NACIONAL SERRA DA BOCAINA"
,,"https://specieslink.net/col/2",,"UNICAMP","UEC",,"PRESERVED_SPECIMEN","170671","9844","Almeda, F; Martins, AB; Fritsch, PW; Aranha, JLM; Bush, C; Belinello, R",,"2009-03-16","2009","3","16",,,,"Brazil","BR","São Paulo",,"São José do Barreiro","Road from São José do Barreiro 9SP-221) to the entrance of Parque Nacional Serra da Bocaina between Km 24 Km 27.",,,"-22.733056","-44.616389",,,,,,,,"Lasiacis (Griseb.) Hitchc.","Liliopsida","Poales","Poaceae","Lasiacis","genus",,"ACCEPTED",,,"Lasiacis (Griseb.) Hitchc.",,,,"Lasiacis",,,"WGS84","https://images.cria.org.br/viewer/UEC010003",,,,"GBIF","UEC",,"Almeda, F.","9844","2009",,,"Martins, A.B.; Fritsch, P.W.; Aranha, J.L.M.; Bush, C.; Belinello, R.","Almeda",,"brazil","sao paulo","sao jose do barreiro","road from sao jose do barreiro 9sp-221, to the entrance of parque nacional serra da bocaina between km 24 km 27","road from sao jose do barreiro 9sp-221","locality","brazil_sao paulo_sao jose barreiro","brazil_sao paulo_sao jose barreiro",-22.74888367,-44.58687717,"county",1600772,"Lasiacis","(Griseb.) Hitchc.","name_w_authors","Poaceae","Lasiacis","(Griseb.) Hitchc.","genus","name accepted","bfo-13295",,,"Lasiacis (Griseb.) Hitchc.","Lasiacis","Poaceae","brazil_sao paulo_sao jose barreiro","Brazil","São Paulo","São José do Barreiro",,"ibge",TRUE,-22.733056,-44.616389,"coord_original","seconds","unknown",,"check_local.2municip.","ok_county",,FALSE,"no_cannot_check","full_name_match","UEC_170671","CAS_412272|UEC_170671","4","1","UEC_170671","UEC_170671","UEC_170671","plantr_exact","High","PARQUE NACIONAL SERRA DA BOCAINA"
,,"https://specieslink.net/col/2",,"UNICAMP","UEC",,"PRESERVED_SPECIMEN","170699","9848","Almeda, F; Martins, AB; Fritsch, PW; Aranha, JLM; Bush, C; Belinello, R",,"2009-03-16","2009","3","16",,,,"Brazil","BR","São Paulo",,,"Municipio São Jose do Barreiro. Road from São Jose do Barreiro (SP-221) to the entrance of Parque Nacional Serra da Bocaina between Km 24 and Km 27.",,,"-23.2255","-45.034917",,,,,,,,"Ilex Tourn. ex L.","Magnoliopsida","Aquifoliales","Aquifoliaceae","Ilex","genus","L.","DOUBTFUL",,,"Ilex Tourn. ex L.",,,,"Ilex",,,,"https://images.cria.org.br/viewer/UEC059249",,,,"GBIF","UEC",,"Almeda, F.","9848","2009",,,"Martins, A.B.; Fritsch, P.W.; Aranha, J.L.M.; Bush, C.; Belinello, R.","Almeda",,"brazil","sao paulo","sao jose do barreiro","road from sao jose do barreiro, to the entrance of parque nacional serra da bocaina between km 24 and km 27","road from sao jose do barreiro","locality","brazil_sao paulo_sao jose barreiro","brazil_sao paulo_sao jose barreiro",-22.74888367,-44.58687717,"county",1600775,"Ilex","L.","name_w_authors","Aquifoliaceae","Ilex","L.","genus","author misspelled","bfo-4878",,,"Ilex L.","Ilex","Aquifoliaceae","brazil_sao paulo_sao jose barreiro","Brazil","São Paulo","São José do Barreiro",,"ibge",TRUE,-22.73318,-44.61657,"coord_original","miliseconds","unknown",,"check_local.2municip.","ok_county",,FALSE,"no_cannot_check","full_name_match","UEC_170699","CAS_412274|UEC_170699","4","1","UEC_170699","CAS_412274","CAS_412274","plantr_exact","High","PARQUE NACIONAL SERRA DA BOCAINA"
,,"https://specieslink.net/col/1",,"IPA/SP","SP",,"PRESERVED_SPECIMEN","392404","83","Santos, AL; et al.",,"2007-05-17","2007","5","17",,,,"Brasil","BR","São Paulo",,"São José do Barreiro","Serra da Bocaina, Portão de entrada do Parque Nacional da Serra da Bocaina.",,,,,,,,,,,,"Setaria P.Beauv.","Liliopsida","Poales","Poaceae","Setaria","genus",,"ACCEPTED",,,"Setaria P.Beauv.",,,,"Setaria",,,,,,,,"GBIF","SP","code partially found","Santos, A.L.","83","2007",,,,"Santos",,"brazil","sao paulo","sao jose do barreiro","serra da bocaina, portao de entrada do parque nacional da serra da bocaina","serra da bocaina","locality","brazil_sao paulo_sao jose barreiro","brazil_sao paulo_sao jose barreiro",-22.74888367,-44.58687717,"county",1627661,"Setaria","P. Beauv.","name_w_authors","Poaceae","Setaria","P. Beauv.","genus","name accepted","bfo-13581",,,"Setaria P. Beauv.","Setaria","Poaceae","brazil_sao paulo_sao jose barreiro","Brazil","São Paulo","São José do Barreiro",,"ibge",TRUE,-22.639999,-44.57,"coord_original","miliseconds","unknown",,"check_local.2municip.","ok_county",,FALSE,"no_cannot_check","full_name_match","SP_392404","SP_392404[virtual]","1","0.25","SP_392404","SP_392404","SP_392404","plantr_exact","High","PARQUE NACIONAL SERRA DA BOCAINA"
,,"https://specieslink.net/col/1",,"IPA/SP","SP",,"PRESERVED_SPECIMEN","392417","55","Santos, AL; et al.",,"2007-05-15","2007","5","15",,,,"Brasil","BR","São Paulo",,"São José do Barreiro","Serra da Bocaina, Fazenda Floresta. Trilha para o Pico da Bacia. na beira da cerca com o Parque Nacional da Serra da Bocaina",,,"-22.725278","-44.602778",,,,,,,,"Danthonia DC.","Liliopsida","Poales","Poaceae","Danthonia","genus",,"ACCEPTED",,,"Danthonia DC.",,,,"Danthonia",,,"WGS84",,,,,"GBIF","SP","code partially found","Santos, A.L.","55","2007",,,,"Santos",,"brazil","sao paulo","sao jose do barreiro","serra da bocaina, fazenda floresta, na beira da cerca com o parque nacional da serra da bocaina","serra da bocaina","locality","brazil_sao paulo_sao jose barreiro","brazil_sao paulo_sao jose barreiro",-22.74888367,-44.58687717,"county",1627659,"Danthonia","DC.","name_w_authors","Poaceae","Danthonia","DC.","genus","name accepted","bfo-13151",,,"Danthonia DC.","Danthonia","Poaceae","brazil_sao paulo_sao jose barreiro","Brazil","São Paulo","São José do Barreiro",,"ibge",TRUE,-22.725278,-44.602778,"coord_original","seconds","unknown",,"check_local.2municip.","ok_county",,FALSE,"no_cannot_check","full_name_match","SP_392417","SP_392417[virtual]","1","0.25","SP_392417","SP_392417","SP_392417","plantr_exact","High","PARQUE NACIONAL SERRA DA BOCAINA"
,,"https://specieslink.net/col/2",,"UNICAMP","UEC",,"PRESERVED_SPECIMEN","142060","727","Gomes, SM; Breier, TB; Tostes, RG; Singer, RB",,"2003-11-29","2003","11","29",,,,"Brazil","BR","São Paulo",,"Ubatuba","Parque Nacional da Serra da Bocaina, Núcleo Pinciguaba.",,,,,,,,,,,,"Tabernaemontana hystrix Steud.","Magnoliopsida","Gentianales","Apocynaceae","Tabernaemontana","species","Steub.","ACCEPTED",,,"Tabernaemontana hystrix Steud.",,,,"Tabernaemontana hystrix","Tabernaemontana hystrix",,"WGS84","https://images.cria.org.br/viewer/UEC178762",,,,"GBIF","UEC",,"Gomes, S.M.","727","2003",,,"Breier, T.B.; Tostes, R.G.; Singer, R.B.","Gomes",,"brazil","sao paulo","ubatuba","parque nacional da serra da bocaina",,"locality","brazil_sao paulo_ubatuba","brazil_sao paulo_ubatuba",-23.37925694,-45.02408879,"county",105145,"Tabernaemontana hystrix","Steud.","name_w_authors","Apocynaceae","Tabernaemontana hystrix","Steud.","species","name accepted","bfo-4863",,,"Tabernaemontana hystrix Steud.","Tabernaemontana","Apocynaceae","brazil_sao paulo_ubatuba","Brazil","São Paulo","Ubatuba",,"ibge",TRUE,-23.37925694,-45.02408879,"coord_gazet","seconds_centroid","unknown","Tabernaemontana hystrix","check_local.2municip.","ok_county_gazet",,FALSE,"ok_dist","full_name_match","UEC_142060",,"0","0",,,,"plantr_exact","High","PARQUE NACIONAL SERRA DA BOCAINA"
,,"https://specieslink.net/col/220",,"UFMG","BHCB",,"PRESERVED_SPECIMEN","51027","806","Freitas, L; San Martin-Gajardo, I",,"2000-01-20","2000","1","20",,,,"Brasil","BR","São Paulo",,"São José do Barreiro","Parque Nacional da Serra da Bocaina, Área à esquerda da guarita do Ibama",,,,,,,,,,,,"Nicotiana bonariensis Lehm.","Magnoliopsida","Solanales","Solanaceae","Nicotiana","species","Lehm.","ACCEPTED",,,"Nicotiana bonariensis Lehm.",,,,"Nicotiana bonariensis","Nicotiana bonariensis",,"WGS84",,,,,"GBIF","BHCB",,"Freitas, L.","806","2000",,,"Martin-Gajardo, I.S.","Freitas",,"brazil","sao paulo","sao jose do barreiro","parque nacional da serra da bocaina",,"locality","brazil_sao paulo_sao jose barreiro_parque nacional serra bocaina","brazil_sao paulo_sao jose barreiro_parque nacional serra bocaina",-22.74484201,-44.61460885,"locality",64556,"Nicotiana bonariensis","Lehm.","name_w_authors","Solanaceae","Nicotiana bonariensis","Lehm.","species","name accepted","bfo-14678",,,"Nicotiana bonariensis Lehm.","Nicotiana","Solanaceae","brazil_sao paulo_sao jose barreiro","Brazil","São Paulo","São José do Barreiro",,"ibge",TRUE,-22.74484201,-44.61460885,"coord_gazet","seconds","unknown","Nicotiana bonariensis","ok_same_resolution","ok_locality_gazet",,FALSE,"ok_dist","full_name_match","BHCB_51027",,"0","0",,,,"plantr_exact","High","PARQUE NACIONAL SERRA DA BOCAINA"
,,"https://specieslink.net/col/1",,"IPA/SP","SP",,"PRESERVED_SPECIMEN","312849","1068","Simão Bianchini, R",,"1997-05-01","1997","5","1",,,,"Brasil","BR","São Paulo",,"São José do Barreiro","Base da Reserva do Parque Nacional da Serra da Bocaina",,,,,,,,,,,,"Ipomoea regnellii Meisn.","Magnoliopsida","Solanales","Convolvulaceae","Ipomoea","species","Meisn.","ACCEPTED",,,"Ipomoea regnellii Meisn.",,,,"Ipomoea regnellii","Ipomoea regnellii",,,,,,,"GBIF","SP","code partially found","Bianchini, R.S.","1068","1997",,,,"Bianchini",,"brazil","sao paulo","sao jose do barreiro","base da reserva do parque nacional da serra da bocaina",,"municipality","brazil_sao paulo_sao jose barreiro","brazil_sao paulo_sao jose barreiro",-22.74888367,-44.58687717,"county",458803,"Ipomoea regnellii","Meisn.","name_w_authors","Convolvulaceae","Ipomoea regnellii","Meisn.","species","name accepted","bfo-7058",,,"Ipomoea regnellii Meisn.","Ipomoea","Convolvulaceae","brazil_sao paulo_sao jose barreiro","Brazil","São Paulo","São José do Barreiro",,"ibge",TRUE,-22.639999,-44.57,"coord_original","miliseconds","unknown","Ipomoea regnellii","check_local.2municip.","ok_county",,FALSE,"ok_dist","full_name_match","SP_312849","SP_312849[virtual]","1","0.25","SP_312849","SP_312849","SP_312849","plantr_exact","High","PARQUE NACIONAL SERRA DA BOCAINA"
,,"https://specieslink.net/col/1",,"IPA/SP","SP",,"PRESERVED_SPECIMEN","312596","1075","Simão Bianchini, R; Bianchini, S",,"1997-05-01","1997","5","1",,,,"Brasil","BR","São Paulo",,"São José do Barreiro","Base da Reserva do Parque Nacional da Serra da Bocaina",,,,,,,,,,,,"Molluginaceae","Magnoliopsida","Caryophyllales","Molluginaceae",,"family",,"ACCEPTED",,,"Molluginaceae",,,,,,,"WGS84",,,,,"GBIF","SP","code partially found","Bianchini, R.S.","1075","1997",,,"Bianchini, S.","Bianchini",,"brazil","sao paulo","sao jose do barreiro","base da reserva do parque nacional da serra da bocaina",,"locality","brazil_sao paulo_sao jose barreiro","brazil_sao paulo_sao jose barreiro",-22.74888367,-44.58687717,"county",1765769,"Molluginaceae","Bartl.","family_as_genus","Molluginaceae","Molluginaceae","Bartl.","family","name accepted","bfo-165",,,"Molluginaceae Bartl.",,"Molluginaceae","brazil_sao paulo_sao jose barreiro","Brazil","São Paulo","São José do Barreiro",,"ibge",TRUE,-22.74888367,-44.58687717,"coord_gazet","seconds_centroid","unknown",,"check_local.2municip.","ok_county_gazet",,,"no_cannot_check","full_name_match","SP_312596",,"0","0",,,,"plantr_exact","High","PARQUE NACIONAL SERRA DA BOCAINA"
,,"https://specieslink.net/col/220",,"UFMG","BHCB",,"PRESERVED_SPECIMEN","91954","659","Sá, CFC de",,"1985-04-05","1985","4","5",,,,"Brasil","BR","São Paulo",,"São José do Barreiro","Parque Nacional da Serra da Bocaina, Mata de galeria próxima à entrada do parque.",,,,,,,,,,"2018-03-01",,"Solanum capoerum Dunal","Magnoliopsida","Solanales","Solanaceae","Solanum","species","Dunal","SYNONYM",,,"Solanum rhytidoandrum Sendtn.",,,,"Solanum capoerum","Solanum rhytidoandrum",,"WGS84",,,,,"GBIF","BHCB",,"Sa, C.F.C.","659","1985",,"2018",,"Sa",,"brazil","sao paulo","sao jose do barreiro","parque nacional da serra da bocaina, mata de galeria proxima a entrada do parque","parque nacional da serra da bocaina","locality","brazil_sao paulo_sao jose barreiro","brazil_sao paulo_sao jose barreiro",-22.74888367,-44.58687717,"county",292434,"Solanum capoerum","Dunal","name_w_authors","Solanaceae","Solanum capoerum","Dunal","species","name accepted","bfo-121433",,,"Solanum capoerum Dunal","Solanum","Solanaceae","brazil_sao paulo_sao jose barreiro","Brazil","São Paulo","São José do Barreiro",,"ibge",TRUE,-22.74888367,-44.58687717,"coord_gazet","seconds_centroid","unknown","Solanum capoerum","check_local.2municip.","ok_county_gazet",,,"ok_dist","full_name_match","BHCB_91954",,"0","0",,,,"plantr_exact","High","PARQUE NACIONAL SERRA DA BOCAINA"
,,,,"JBRJ","RB","RB - Rio de Janeiro Botanical Garden Herbarium Collection","PRESERVED_SPECIMEN","RB00330664","4629","G. Martinelli","Crescendo na beira da mata em local úmido","1978-06-20","1978","6","20",,,"Crescendo na beira da mata em local úmido","Brasil","BR","São Paulo",,"Cunha","Campos Novos do Cunha, Parque Nacional da Serra da Bocaina, caminho para a Mata do Triste. Parque Nacional da Serra da Bocaina",,,,,,,,,,,,"Rubus rosifolius var. coronarius Sims","Magnoliopsida","Rosales","Rosaceae","Rubus","variety","Sims.","SYNONYM",,,"Rubus rosifolius var. coronarius (Sims) Focke",,,,"Rubus rosifolius var. coronarius Sims.","Rubus rosifolius",,,"jbrj-public-img.s3-sa-east-1.amazonaws.com/JPG/rb/0/33/6/64/00330664.jpg",,,,"GBIF","RB",,"Martinelli, G.","4629","1978",,,,"Martinelli",,"brazil","sao paulo","cunha","parque nacional da serra da bocaina","campos novos do cunha","locality","brazil_sao paulo_cunha","brazil_sao paulo_cunha",-23.05263382,-44.94193944,"county",2882,"Rubus rosifolius var. coronarius","Sims","variety|name_w_authors","Rosaceae","Rubus rosifolius var. coronarius","Sims","variety","name accepted","bfo-116438",,,"Rubus rosifolius var. coronarius Sims","Rubus","Rosaceae","brazil_sao paulo_cunha","Brazil","São Paulo","Cunha",,"ibge",TRUE,-23.05263382,-44.94193944,"coord_gazet","seconds_centroid","unknown","Rubus rosifolius","check_local.2municip.","ok_county_gazet",,FALSE,"ok_dist","full_name_match","RB_330664","RB_330664[virtual]","3","0.75",,"RB_330664","RB_330664","plantr_exact","High","PARQUE NACIONAL SERRA DA BOCAINA"
