"type","bibliographicCitation","collectionID","datasetID","institutionCode","collectionCode","datasetName","basisOfRecord","catalogNumber","recordNumber","recordedBy","occurrenceRemarks","eventDate","year","month","day","verbatimEventDate","habitat","fieldNotes","country","countryCode","stateProvince","county","municipality","locality","verbatimLocality","verbatimElevation","decimalLatitude","decimalLongitude","coordinatePrecision","verbatimLatitude","verbatimLongitude","typeStatus","identifiedBy","dateIdentified","identificationRemarks","scientificName","class","order","family","genus","taxonRank","scientificNameAuthorship","taxonomicStatus","latitude","longitude","acceptedScientificName","dayIdentified","monthIdentified","yearIdentified","verbatimScientificName","species","taxonID","geodeticDatum","associatedMedia","virtualDuplicates","duplicates","barcode","downloadedFrom","collectionCode.new","collectionObs","recordedBy.new","recordNumber.new","year.new","identifiedBy.new","yearIdentified.new","recordedBy.aux","last.name","identifiedBy.aux","country.new","stateProvince.new","municipality.new","locality.new","locality.scrap","resol.orig","loc","loc.correct","latitude.gazetteer","longitude.gazetteer","resolution.gazetteer","recordID","scientificName.new","scientificNameAuthorship.new","scientificNameStatus","suggestedFamily","suggestedName","suggestedAuthorship","taxon.rank","tax.notes","id","accepted.tax.name","accepted.tax.authorship","scientificNameFull","genus.new","family.new","loc.correct.admin","country.correct","stateProvince.correct","municipality.correct","locality.correct","source.loc","coord.check","decimalLatitude.new","decimalLongitude.new","origin.coord","precision.coord","tax.check","species.new","loc.check","geo.check","cult.check","out.check","dist.check","dist.check.obs","numTombo","dup.ID","dup.numb","dup.prop","ref.spec.tax","ref.spec.geo","ref.spec.loc","selectionCategory","confidenceLocality","Nome_UC"
,,,,"SPSF","SPSF",,"PRESERVED_SPECIMEN","49372","231",,"<nO>Trepadeira volúvel. Cálice verde; Corola rosa com o interios do tubo púrpureo.; Mata Atlantica. Sul da Ilha de São Sebastião, trilha que vai para Cachoeira da Laje.; Habitat: Floresta Habito: Trepadeira</nO>",,"2013","2","12",,,"<nO>Trepadeira volúvel. Cálice verde; Corola rosa com o interios do tubo púrpureo.; Mata Atlantica. Sul da Ilha de São Sebastião, trilha que vai para Cachoeira da Laje.; Habitat: Floresta Habito: Trepadeira</nO>","Brasil",,"São Paulo","Ilhabela","Ilhabela","Ilhabela, parque estadual de ilhabela, sul da ilha de são sebastião, trilha que vai para a cachoeira da laje",,,"-23.77","-45.35",,"23º46'12''S","45º20'60''W",,"R.Simão","2013-2-  27",,"Ipomoea bonariensis",,,"Convolvulaceae","Ipomoea",,,,"-23.77","-45.35",,"27","2","2013",,"bonariensis",,,,,,"SPSF00049372","Splink","SPSF",,,"231","2013","Simao, R.","2013",,,,"brazil","sao paulo","ilhabela","parque estadual de ilhabela",,"locality","brazil_sao paulo_ilhabela","brazil_sao paulo_ilhabela",-23.85166951,-45.32677547,"county",967985,"Ipomoea bonariensis","Hook.","possibly_ok","Convolvulaceae","Ipomoea bonariensis","Hook.","species","name accepted","bfo-7029",,,"Ipomoea bonariensis Hook.","Ipomoea","Convolvulaceae","brazil_sao paulo_ilhabela","Brazil","São Paulo","Ilhabela",,"ibge",TRUE,-23.77,-45.349998,"coord_original","miliseconds","high","Ipomoea bonariensis","check_local.2municip.","ok_county",,FALSE,"ok_dist","full_name_match","SPSF_49372","SP_446980|SPSF_49372|UEC_184007","1","0.25","SPSF_49372","UEC_184007","UEC_184007","plantr_exact","High","PARQUE ESTADUAL ILHABELA"
,,,,"UFRRJ","RBR",,"PRESERVED_SPECIMEN","7622","3199",,"<nO>Árvore, ca. 10m alt. Tronco 60cm de diâmetro. Frutos ovais, verdes a vinho-escuros, pintas brancas, mesocarpo amarelo. Semente, testa castanha com pintas.</nO>",,"1995","8","23",,,"<nO>Árvore, ca. 10m alt. Tronco 60cm de diâmetro. Frutos ovais, verdes a vinho-escuros, pintas brancas, mesocarpo amarelo. Semente, testa castanha com pintas.</nO>","Brasil",,"São Paulo","Ilhabela","Ilhabela","Parque Estadual de Ilhabela, Trilha da Toca de Goteira.",,,"-23.77","-45.349998","23719","0","0",,,,,"Mollinedia pachysandra",,,"Monimiaceae","Mollinedia",,,,"-23.77","-45.349998",,,,,,"pachysandra",,,,,,"RBR00007622","Splink","RBR",,,"3199","1995","Peixoto, A.L.","2003",,,,"brazil","sao paulo","ilhabela","parque estadual de ilhabela",,"locality","brazil_sao paulo_ilhabela","brazil_sao paulo_ilhabela",-23.85166951,-45.32677547,"county",1264963,"Mollinedia pachysandra","Perkins","possibly_ok","Monimiaceae","Mollinedia pachysandra","Perkins","species","name accepted","bfo-10099",,,"Mollinedia pachysandra Perkins","Mollinedia","Monimiaceae","brazil_sao paulo_ilhabela","Brazil","São Paulo","Ilhabela",,"ibge",TRUE,-23.77,-45.349998,"coord_original","miliseconds","high","Mollinedia pachysandra","check_local.2municip.","ok_county",,FALSE,"ok_dist","full_name_match","RBR_7622","RB_1305633|RBR_7622|SP_288312","1","0.25","SP_288312","RBR_7622","RBR_7622","plantr_exact","High","PARQUE ESTADUAL ILHABELA"
,,,,"USP","SPF",,"PRESERVED_SPECIMEN","75061","647",,,,"1990","3","15",,,,"Brasil",,"São Paulo","Ilhabela","Ilhabela","Parque Estadual de Ilhabela",,,"-23.77","-45.349998","23719","0","0",,"Furlan, A","1995-NA-NA",,"Guapira opposita",,,"Nyctaginaceae","Guapira",,,,"-23.77","-45.349998",,,,"1995",,"opposita",,,,,,"SPF00075061","Splink","SPF",,,"647","1990","Furlan, A.","1995",,,,"brazil","sao paulo","ilhabela","parque estadual de ilhabela",,"locality","brazil_sao paulo_ilhabela","brazil_sao paulo_ilhabela",-23.85166951,-45.32677547,"county",934783,"Guapira opposita","(Vell.) Reitz","possibly_ok","Nyctaginaceae","Guapira opposita","(Vell.) Reitz","species","name accepted","bfo-10913",,,"Guapira opposita (Vell.) Reitz","Guapira","Nyctaginaceae","brazil_sao paulo_ilhabela","Brazil","São Paulo","Ilhabela",,"ibge",TRUE,-23.77,-45.349998,"coord_original","miliseconds","high","Guapira opposita","check_local.2municip.","ok_county",,FALSE,"ok_dist","full_name_match","SPF_75061",,"cc","cc",,,,"plantr_exact","High","PARQUE ESTADUAL ILHABELA"
,,"https://specieslink.net/col/40",,"MBM","MBM",,"PRESERVED_SPECIMEN","429723","1296","Canestraro, BK; Canestraro, MCK; Canestraro, IF",,"2018-07-31","2018","7","31",,,,"Brasil","BR","São Paulo",,"Ilhabela","Estrada para o Parque Estadual de Ilhabela.",,,,,,,,,"Canestraro, BK","2018-01-01",,"Adiantum abscissum Schrad.","Polypodiopsida","Polypodiales","Pteridaceae","Adiantum","species","Schrad.","ACCEPTED",,,"Adiantum abscissum Schrad.",,,,"Adiantum abscissum","Adiantum abscissum",,,,,,,"GBIF","MBM",,"Canestraro, B.K.","1296","2018","Canestraro, B.K.",,"Canestraro, M.C.K.; Canestraro, I.F.","Canestraro",,"brazil","sao paulo","ilhabela","estrada para o parque estadual de ilhabela",,"locality","brazil_sao paulo_ilhabela","brazil_sao paulo_ilhabela",-23.85166951,-45.32677547,"county",565462,"Adiantum abscissum","Schrad.","name_w_authors","Pteridaceae","Adiantum abscissum","Schrad.","species","name accepted","bfo-91806",,,"Adiantum abscissum Schrad.","Adiantum","Pteridaceae","brazil_sao paulo_ilhabela","Brazil","São Paulo","Ilhabela",,"ibge",TRUE,-23.843333,-45.361111,"coord_original","seconds","high","Adiantum abscissum","check_local.2municip.","ok_county",,FALSE,"ok_dist","full_name_match","MBM_429723","MBM_429723|RB_1448521","4","1","RB_1448521","RB_1448521","RB_1448521","plantr_exact","High","PARQUE ESTADUAL ILHABELA"
"Physical Object",,,,"JBRJ","RB",,,"RB01576982","4","V.B. França",,"2013-3-2","2013","3","2",,,,"Brasil","BR","São Paulo",,"São Sebastião","Parque Estadual de Ilhabela. Estrada para praia de Castelhanos, trilha da Água Branca. Poço do Jabuti. Poço do Jabuti. Local: sombreado. Em árvore, cerca de 1 m do chão, encimada cachoeira",,,"-23.8461111","-23.8461111",,"23º50´46´´","23º50´46´´W",,"V.R. França",,,"Rhipsalis oblonga Loefgr.",,,"Cactaceae","Rhipsalis","species","Loefgr.",,,,,,,,,,,,"jbrj-public-img.s3-sa-east-1.amazonaws.com/JPG/rb/1/57/69/82/01576982.jpg",,,,"JABOT","RB",,"Franca, V.B.","4","2013",,,,"Franca",,"brazil","sao paulo","sao sebastiao","parque estadual de ilhabela, estrada para praia de castelhanos","parque estadual de ilhabela","locality","brazil_sao paulo_sao sebastiao","brazil_sao paulo_sao sebastiao",-23.75242089,-45.60629823,"county",783051,"Rhipsalis oblonga","Loefgr.","name_w_authors","Cactaceae","Rhipsalis oblonga","Loefgr.","species","name accepted","bfo-1713",,,"Rhipsalis oblonga Loefgr.","Rhipsalis","Cactaceae","brazil_sao paulo_sao sebastiao","Brazil","São Paulo","São Sebastião",,"gadm",TRUE,-23.8461111,-23.8461111,"coord_original","miliseconds","high","Rhipsalis oblonga","check_local.2municip.","open_sea",,TRUE,"ok_dist","full_name_match","RB_1576982","RB_1576982[virtual]","4","1",,"RB_1576982","RB_1576982","plantr_exact","High","PARQUE ESTADUAL ILHABELA"
,,"https://specieslink.net/col/1",,"IPA/SP","SP",,"PRESERVED_SPECIMEN","351669","108","Rocha, FT; Aguiar, OT",,"2000-11-28","2000","11","28",,,,"Brasil","BR","São Paulo",,"Ilhabela","Parque Estadual de Ilhabela, Trilha da Água Branca, na mata.",,,,,,,,,"Cordeiro, I","2001-07-17",,"Caryodendron janeirense Müll.Arg.","Magnoliopsida","Malpighiales","Euphorbiaceae","Caryodendron","species","Müll.Arg.","ACCEPTED",,,"Caryodendron janeirense Müll.Arg.",,,,"Caryodendron janeirense","Caryodendron janeirense",,,"https://images.cria.org.br/viewer/SP0351669",,,,"GBIF","SP","code partially found","Rocha, F.T.","108","2000","Cordeiro, I.","2001","Aguiar, O.T.","Rocha",,"brazil","sao paulo","ilhabela","parque estadual de ilhabela",,"locality","brazil_sao paulo_ilhabela","brazil_sao paulo_ilhabela",-23.85166951,-45.32677547,"county",409150,"Caryodendron grandifolium","(Müll.Arg.) Pax","name_w_authors","Euphorbiaceae","Caryodendron grandifolium","(Müll.Arg.) Pax","species","replaced synonym","bfo-54324","Caryodendron grandifolium","(Müll.Arg.) Pax","Caryodendron grandifolium (Müll.Arg.) Pax","Caryodendron","Euphorbiaceae","brazil_sao paulo_ilhabela","Brazil","São Paulo","Ilhabela",,"ibge",TRUE,-23.77,-45.349998,"coord_original","miliseconds","high","Caryodendron grandifolium","check_local.2municip.","ok_county",,FALSE,"ok_dist","full_name_match","SP_351669","SP_351669[virtual]","1","0.25","SP_351669","SP_351669","SP_351669","plantr_exact","High","PARQUE ESTADUAL ILHABELA"
,,"https://specieslink.net/col/2",,"UNICAMP","UEC",,"PRESERVED_SPECIMEN","157854","86","Proença, SL; Rapini, A; Kirizawa, M; Ferreira, C",,"1995-08-23","1995","8","23",,,,"Brasil","BR","São Paulo",,"Ilhabela","Parque Estadual de Ilhabela",,,,,,,,,"Carrijo, TT","2008-08-01",,"Stylogyne pauciflora Mez","Magnoliopsida","Ericales","Primulaceae","Stylogyne","species","Mez","ACCEPTED",,,"Stylogyne pauciflora Mez",,,,"Stylogyne pauciflora","Stylogyne pauciflora",,,"https://images.cria.org.br/viewer/UEC013986",,,,"GBIF","UEC",,"Proenca, S.L.","86","1995","Specieslink, T.T.C.I.",,"Rapini, A.; Kirizawa, M.; Ferreira, C.","Proenca",,"brazil","sao paulo","ilhabela","parque estadual de ilhabela",,"locality","brazil_sao paulo_ilhabela","brazil_sao paulo_ilhabela",-23.85166951,-45.32677547,"county",109276,"Stylogyne pauciflora","Mez","name_w_authors","Primulaceae","Stylogyne pauciflora","Mez","species","name accepted","bfo-10251",,,"Stylogyne pauciflora Mez","Stylogyne","Primulaceae","brazil_sao paulo_ilhabela","Brazil","São Paulo","Ilhabela",,"ibge",TRUE,-23.77,-45.349998,"coord_original","miliseconds","high","Stylogyne pauciflora","check_local.2municip.","ok_county",,FALSE,"ok_dist","full_name_match","UEC_157854","PMSP_8230|SP_305784|SPF_110802|UEC_157854","4","1","PMSP_8230","SP_305784","SP_305784","plantr_exact","High","PARQUE ESTADUAL ILHABELA"
,,"https://specieslink.net/col/7",,"USP-IB","SPF",,"PRESERVED_SPECIMEN","110330","85","Proença, SL",,"1995-08-23","1995","8","23",,,,"Brasil","BR","São Paulo",,"Ilhabela","Ilhabela, Parque Estadual de Ilhabela.",,,,,,,,,"Roni, L","1998-08-01",,"Sloanea monosperma Vell.","Magnoliopsida","Oxalidales","Elaeocarpaceae","Sloanea","species","Vell.","SYNONYM",,,"Sloanea hirsuta subsp. hirsuta",,,,"Sloanea monosperma","Sloanea hirsuta",,,"https://images.cria.org.br/viewer/SPF00110330",,,,"GBIF","SPF",,"Proenca, S.L.","85","1995","Roni, L.","",,"Proenca",,"brazil","sao paulo","ilhabela","parque estadual de ilhabela",,"locality","brazil_sao paulo_ilhabela","brazil_sao paulo_ilhabela",-23.85166951,-45.32677547,"county",273087,"Sloanea hirsuta","(Schott) Planch. ex Benth.","name_w_authors","Elaeocarpaceae","Sloanea hirsuta","(Schott) Planch. ex Benth.","species","replaced synonym","bfo-103503","Sloanea hirsuta","(Schott) Planch. ex Benth.","Sloanea hirsuta (Schott) Planch. ex Benth.","Sloanea","Elaeocarpaceae","brazil_sao paulo_ilhabela","Brazil","São Paulo","Ilhabela",,"ibge",TRUE,-23.77,-45.349998,"coord_original","miliseconds","high","Sloanea hirsuta","check_local.2municip.","ok_county",,FALSE,"ok_dist","full_name_match","SPF_110330","SP_290285|SPF_110330|UEC_199995","4","1","SPF_110330","UEC_199995","UEC_199995","plantr_exact","High","PARQUE ESTADUAL ILHABELA"
,,,,"JBRJ","RB","RB - Rio de Janeiro Botanical Garden Herbarium Collection","PRESERVED_SPECIMEN","RB00275755","3200","M. Kirizawa; A. Rapini, S.L. Proença","Mata atlântica.","1995-08-23","1995","8","23",,,"Mata atlântica.","Brasil","BR","São Paulo",,"Ilhabela","Parque Estadual de Ilhabela, Trilha da Goteira.",,,,,,,,,"Elsie Guimarães",,,"Piper amplum Kunth","Magnoliopsida","Piperales","Piperaceae","Piper","species","Kunth","SYNONYM",,,"Piper fluminense Raddi",,,,"Piper amplum Kunth","Piper fluminense",,,"jbrj-public-img.s3-sa-east-1.amazonaws.com/JPG/rb/0/27/57/55/00275755.jpg",,,,"GBIF","RB",,"Kirizawa, M.","3200","1995","Guimaraes, E.",,"Rapini, A.; Proenca, S.L.","Kirizawa",,"brazil","sao paulo","ilhabela","parque estadual de ilhabela",,"locality","brazil_sao paulo_ilhabela","brazil_sao paulo_ilhabela",-23.85166951,-45.32677547,"county",239119,"Piper fluminense","Raddi","name_w_authors","Piperaceae","Piper fluminense","Raddi","species","replaced synonym","bfo-625099","Piper fluminense","Raddi","Piper fluminense Raddi","Piper","Piperaceae","brazil_sao paulo_ilhabela","Brazil","São Paulo","Ilhabela",,"ibge",TRUE,-23.77,-45.349998,"coord_original","miliseconds","high","Piper fluminense","check_local.2municip.","ok_county",,FALSE,"ok_dist","full_name_match","RB_275755","RB_275755|SP_288298","4","1","RB_275755","SP_288298","SP_288298","plantr_exact","High","PARQUE ESTADUAL ILHABELA"
,,"https://specieslink.net/col/2",,"UNICAMP","UEC",,"PRESERVED_SPECIMEN","74602","44","Rapini, A; Proença, SL; Kirizawa, M",,"1995-08-23","1995","8","23",,,,"Brasil","BR","São Paulo",,"Ilhabela","Parque Estadual de Ilhabela.",,,,,,,,,"Mazine, FF","2013-04-16",,"Calyptranthes lucida Mart. ex DC.","Magnoliopsida","Myrtales","Myrtaceae","Myrcia","species","Mart. ex A.DC.","SYNONYM",,,"Myrcia neolucida A.R.Lourenço & E.Lucas",,,,"Calyptranthes lucida","Myrcia neolucida",,,"https://images.cria.org.br/viewer/UEC021878",,,,"GBIF","UEC",,"Rapini, A.","44","1995","Kawasaki, M.L.",,"Proenca, S.L.; Kirizawa, M.","Rapini",,"brazil","sao paulo","ilhabela","parque estadual de ilhabela",,"locality","brazil_sao paulo_ilhabela","brazil_sao paulo_ilhabela",-23.85166951,-45.32677547,"county",85076,"Myrcia neolucida","A.R.Lourenço & E.Lucas","name_w_authors","Myrtaceae","Myrcia neolucida","A.R.Lourenço & E.Lucas","species","replaced synonym","bfo-611353","Myrcia neolucida","A.R.Lourenço & E.Lucas","Myrcia neolucida A.R.Lourenço & E.Lucas","Myrcia","Myrtaceae","brazil_sao paulo_ilhabela","Brazil","São Paulo","Ilhabela",,"ibge",TRUE,-23.77,-45.349998,"coord_original","miliseconds","high","Myrcia neolucida","check_local.2municip.","ok_county",,FALSE,"ok_dist","full_name_match","UEC_74602","F_V0348853F|MBM_230371|SP_308830|SPF_105160|UEC_74602","4","1","MBM_230371","MBM_230371","MBM_230371","plantr_exact","High","PARQUE ESTADUAL ILHABELA"
,,"https://specieslink.net/col/7",,"USP-IB","SPF",,"PRESERVED_SPECIMEN","110256","46","Rapini, A",,"1995-08-23","1995","8","23",,,,"Brasil","BR","São Paulo",,"Ilhabela","Parque Estadual de Ilhabela",,,,,,,,,"Kirizawa, M",,,"Justicia carnea Lindl.","Magnoliopsida","Lamiales","Acanthaceae","Justicia","species","Lindl.","ACCEPTED",,,"Justicia carnea Lindl.",,,,"Justicia carnea","Justicia carnea",,,"https://images.cria.org.br/viewer/SPF00110256",,,,"GBIF","SPF",,"Rapini, A.","46","1995",,,,"Rapini",,"brazil","sao paulo","ilhabela","parque estadual de ilhabela",,"locality","brazil_sao paulo_ilhabela","brazil_sao paulo_ilhabela",-23.85166951,-45.32677547,"county",326366,"Justicia carnea","Lindl.","name_w_authors","Acanthaceae","Justicia carnea","Lindl.","species","name accepted","bfo-4141",,,"Justicia carnea Lindl.","Justicia","Acanthaceae","brazil_sao paulo_ilhabela","Brazil","São Paulo","Ilhabela",,"ibge",TRUE,-23.77,-45.349998,"coord_original","miliseconds","high","Justicia carnea","check_local.2municip.","ok_county",,FALSE,"ok_dist","full_name_match","SPF_110256","SP_285621|SPF_110256","4","1",,"SPF_110256","SPF_110256","plantr_exact","High","PARQUE ESTADUAL ILHABELA"
,,"https://specieslink.net/col/391",,"UFSCar","SORO",,"PRESERVED_SPECIMEN","4154","84","Proença, S.L.;Rapini, A.; Kirizawa, M.; Ferreira, C.",,"1995-08-23","1995","8","23",,,,"Brasil","BR","São Paulo",,"Ilhabela","Parque Estadual de Ilhabela.",,,,,,,,,,,,"Eugenia subavenia O.Berg","Magnoliopsida","Myrtales","Myrtaceae","Eugenia","species","O. Berg","ACCEPTED",,,"Eugenia subavenia O.Berg",,,,"Eugenia subavenia","Eugenia subavenia",,,,,,,"GBIF","SORO",,"Proenca, S.L.","84","1995",,,"Rapini, A.; Kirizawa, M.; Ferreira, C.","Proenca",,"brazil","sao paulo","ilhabela","parque estadual de ilhabela",,"locality","brazil_sao paulo_ilhabela","brazil_sao paulo_ilhabela",-23.85166951,-45.32677547,"county",279575,"Eugenia subavenia","O.Berg","name_w_authors","Myrtaceae","Eugenia subavenia","O.Berg","species","name accepted","bfo-10546",,,"Eugenia subavenia O.Berg","Eugenia","Myrtaceae","brazil_sao paulo_ilhabela","Brazil","São Paulo","Ilhabela",,"ibge",TRUE,-23.77,-45.349998,"coord_original","miliseconds","high","Eugenia subavenia","check_local.2municip.","ok_county",,FALSE,"ok_dist","full_name_match","SORO_4154","SORO_4154|SP_321768","4","1",,"SORO_4154","SORO_4154","plantr_exact","High","PARQUE ESTADUAL ILHABELA"
,,"https://specieslink.net/col/2",,"UNICAMP","UEC",,"PRESERVED_SPECIMEN","74582","40","Rapini, A; Proença, SL; Kirizawa, M",,"1995-08-23","1995","8","23",,,,"Brasil","BR","São Paulo",,"Ilhabela","Parque Estadual de Ilhabela, trilha da Toca da Goteira",,,,,,,,,"Ribeiro, JELS","2001-09-01",,"Dorstenia hirta Desv.","Magnoliopsida","Rosales","Moraceae","Dorstenia","species","Desv.","ACCEPTED",,,"Dorstenia hirta Desv.",,,,"Dorstenia hirta","Dorstenia hirta",,,,,,,"GBIF","UEC",,"Rapini, A.","40","1995","Romaniuc Neto, S.",,"Proenca, S.L.; Kirizawa, M.","Rapini",,"brazil","sao paulo","ilhabela","parque estadual de ilhabela",,"locality","brazil_sao paulo_ilhabela","brazil_sao paulo_ilhabela",-23.85166951,-45.32677547,"county",85096,"Dorstenia hirta","Desv.","name_w_authors","Moraceae","Dorstenia hirta","Desv.","species","name accepted","bfo-10129",,,"Dorstenia hirta Desv.","Dorstenia","Moraceae","brazil_sao paulo_ilhabela","Brazil","São Paulo","Ilhabela",,"ibge",TRUE,-23.77,-45.349998,"coord_original","miliseconds","high","Dorstenia hirta","check_local.2municip.","ok_county",,FALSE,"ok_dist","full_name_match","UEC_74582","PMSP_7114|SP_291306|SPF_105145|UEC_74582","4","1","PMSP_7114","SP_291306","SP_291306","plantr_exact","High","PARQUE ESTADUAL ILHABELA"
"PhysicalObject","http://www.tropicos.org/Specimen/3214142","http://biocol.org/urn:lsid:biocol.org:col:15859",,"MO","Tropicos","Tropicos","PRESERVED_SPECIMEN","3214142","87","S.L. Proença;et al.",,"1995-08-23","1995","8","23",,,,"Brasil","BR","São Paulo",,"Ilhabela","Parque Estadual de Ilhabela",,,,,,,,,"C.M. Taylor (MO)","2017-01-01",,"Psychotria pubigera Schltdl.","Magnoliopsida","Gentianales","Rubiaceae","Psychotria","species","Schltdl.","SYNONYM",,,"Psychotria nemorosa Gardner",,,,"Psychotria pubigera Schltdl.","Psychotria nemorosa","50128068",,,,,,"GBIF","MO",,"Proenca, S.L.","87","1995","Taylor, C.M.","2017","Al., E.","Proenca",,"brazil","sao paulo","ilhabela","parque estadual de ilhabela","municipio de ilhabela","locality","brazil_sao paulo_ilhabela","brazil_sao paulo_ilhabela",-23.85166951,-45.32677547,"county",207989,"Psychotria pubigera","Schltdl.","name_w_authors","Rubiaceae","Psychotria pubigera","Schltdl.","species","name accepted","bfo-26085",,,"Psychotria pubigera Schltdl.","Psychotria","Rubiaceae","brazil_sao paulo_ilhabela","Brazil","São Paulo","Ilhabela",,"ibge",TRUE,-23.77,-45.349998,"coord_original","miliseconds","high","Psychotria pubigera","check_local.2municip.","ok_county",,FALSE,"ok_dist","full_name_match","MO_3214142","MO_3214142|SP_301009","3","0.75","MO_3214142","SP_301009","SP_301009","plantr_exact","High","PARQUE ESTADUAL ILHABELA"
"PhysicalObject","http://www.tropicos.org/Specimen/3210723","http://biocol.org/urn:lsid:biocol.org:col:15859",,"MO","Tropicos","Tropicos","PRESERVED_SPECIMEN","3210723","3196","M. Kirizawa",,"1995","1995",,,,,,"Brasil","BR","São Paulo",,"Ilhabela","Parque Estadual de Ilhabela, Trilha da Goteira",,,,,,,,,"C.M. Taylor","1997-01-01",,"Psychotria patentinervia Müll.Arg.","Magnoliopsida","Gentianales","Rubiaceae","Psychotria","species","Müll. Arg.","ACCEPTED",,,"Psychotria patentinervia Müll.Arg.",,,,"Psychotria patentinervia Müll. Arg.","Psychotria patentinervia","27902086",,,,,,"GBIF","MO",,"Kirizawa, M.","3196","1995","Ffesp, L.","2016",,"Kirizawa",,"brazil","sao paulo","ilhabela","parque estadual de ilhabela","municipio de ilhabela","locality","brazil_sao paulo_ilhabela","brazil_sao paulo_ilhabela",-23.85166951,-45.32677547,"county",207917,"Psychotria fluminensis","Vell.","name_w_authors","Rubiaceae","Psychotria patentinervia","Müll.Arg.","species","name accepted","bfo-14174",,,"Psychotria fluminensis Vell.","Psychotria","Rubiaceae","brazil_sao paulo_ilhabela","Brazil","São Paulo","Ilhabela",,"ibge",TRUE,-23.77,-45.349998,"coord_original","miliseconds","high","Psychotria fluminensis","check_local.2municip.","ok_county",,FALSE,"ok_dist","full_name_match","MO_3210723","MO_3210723|PMSP_8080|SP_288309","4","1","PMSP_8080","SP_288309","SP_288309","plantr_exact","High","PARQUE ESTADUAL ILHABELA"
,,"https://specieslink.net/col/1",,"IPA/SP","SP",,"PRESERVED_SPECIMEN","285877","41","Rapini, A; et al.",,"1995-08-23","1995","8","23",,,,"Brasil","BR","São Paulo",,"Ilhabela","Parque Estadual de Ilhabela, Trilha da Toca da Grande Ilha Bela",,,,,,,,,"Fernandez Casas, J","2012-05-03",,"Spigelia beyrichiana Cham. & Schltdl.","Magnoliopsida","Gentianales","Loganiaceae","Spigelia","species","Cham. & Schltdl.","ACCEPTED",,,"Spigelia beyrichiana Cham. & Schltdl.",,,,"Spigelia beyrichiana","Spigelia beyrichiana",,,,,,,"GBIF","SP","code partially found","Rapini, A.","41","1995","Casas, J.F.","2012",,"Rapini",,"brazil","sao paulo","ilhabela","parque estadual de ilhabela",,"locality","brazil_sao paulo_ilhabela","brazil_sao paulo_ilhabela",-23.85166951,-45.32677547,"county",389091,"Spigelia beyrichiana","Cham. & Schltdl.","name_w_authors","Loganiaceae","Spigelia beyrichiana","Cham. & Schltdl.","species","name accepted","bfo-8636",,,"Spigelia beyrichiana Cham. & Schltdl.","Spigelia","Loganiaceae","brazil_sao paulo_ilhabela","Brazil","São Paulo","Ilhabela",,"ibge",TRUE,-23.77,-45.349998,"coord_original","miliseconds","high","Spigelia beyrichiana","check_local.2municip.","ok_county",,FALSE,"ok_dist","full_name_match","SP_285877","SP_285877[virtual]","1","0.25","SP_285877","SP_285877","SP_285877","plantr_exact","High","PARQUE ESTADUAL ILHABELA"
,,"https://specieslink.net/col/2",,"UNICAMP","UEC",,"PRESERVED_SPECIMEN","74581","38","Rapini, A; Proença, SL; Kirizawa, M",,"1995-08-23","1995","8","23",,,,"Brasil","BR","São Paulo",,"Ilhabela","Parque Estadual de Ilhabela. Trilha da Toca da Goteira.",,,,,,,,,"Guimarães, EF; Carvalho, MS","2008-10-01",,"Peperomia glabella (Sw.) A.Dietr.","Magnoliopsida","Piperales","Piperaceae","Peperomia","species","(Sw.) A.Dietr.","ACCEPTED",,,"Peperomia glabella (Sw.) A.Dietr.",,,,"Peperomia glabella","Peperomia glabella",,"WGS84","https://images.cria.org.br/viewer/UEC149485",,,,"GBIF","UEC",,"Rapini, A.","38","1995","Guimaraes, E.F.","2012","Proenca, S.L.; Kirizawa, M.","Rapini","Carvalho, M.S.","brazil","sao paulo","ilhabela","parque estadual de ilhabela",,"locality","brazil_sao paulo_ilhabela","brazil_sao paulo_ilhabela",-23.85166951,-45.32677547,"county",85075,"Peperomia glabella","(Sw.) A.Dietr.","name_w_authors","Piperaceae","Peperomia glabella","(Sw.) A.Dietr.","species","name accepted","bfo-12653",,,"Peperomia glabella (Sw.) A.Dietr.","Peperomia","Piperaceae","brazil_sao paulo_ilhabela","Brazil","São Paulo","Ilhabela",,"ibge",TRUE,-23.77,-45.35,"coord_original","miliseconds","high","Peperomia glabella","check_local.2municip.","ok_county",,FALSE,"ok_dist","full_name_match","UEC_74581","RB_273681|SP_292283|SPF_104359|UB_213427|UEC_74581","4","1","UB_213427","UB_213427","UB_213427","plantr_exact","High","PARQUE ESTADUAL ILHABELA"
,,"https://specieslink.net/col/391",,"UFSCar","SORO",,"PRESERVED_SPECIMEN","4112","3206","Kirizawa,M.;Rapini, A.; Proença, S.L.",,"1995-08-23","1995","8","23",,,,"Brasil","BR","São Paulo",,"Ilhabela","Parque Estadual de Ilhabela, Trilha da Água Branca",,,,,,,,,,,,"Myrcia spectabilis DC.","Magnoliopsida","Myrtales","Myrtaceae","Myrcia","species","DC.","ACCEPTED",,,"Myrcia spectabilis DC.",,,,"Myrcia spectabilis","Myrcia spectabilis",,,,,,,"GBIF","SORO",,"Kirizawa, M.","3206","1995","Jennings, L.","2008","Rapini, A.; Proenca, S.L.","Kirizawa",,"brazil","sao paulo","ilhabela","parque estadual de ilhabela",,"locality","brazil_sao paulo_ilhabela","brazil_sao paulo_ilhabela",-23.85166951,-45.32677547,"county",279545,"Myrcia spectabilis","DC.","name_w_authors","Myrtaceae","Myrcia spectabilis","DC.","species","name accepted","bfo-10758",,,"Myrcia spectabilis DC.","Myrcia","Myrtaceae","brazil_sao paulo_ilhabela","Brazil","São Paulo","Ilhabela",,"ibge",TRUE,-23.77,-45.349998,"coord_original","miliseconds","high","Myrcia spectabilis","check_local.2municip.","ok_county",,FALSE,"ok_dist","full_name_match","SORO_4112","K_276885|SORO_4112|SP_288306","4","1","K_276885","SP_288306","SP_288306","plantr_exact","High","PARQUE ESTADUAL ILHABELA"
,,"https://specieslink.net/col/1",,"IPA/SP","SP",,"PRESERVED_SPECIMEN","288296","3202","Kirizawa, M; et al.",,"1995-08-23","1995","8","23",,,,"Brasil","BR","São Paulo",,"Ilhabela","Parque Estadual de Ilhabela, Trilha Toca da Goteira",,,,,,,,,"Taylor, CM","2007-01-01",,"Psychotria nemorosa Gardner","Magnoliopsida","Gentianales","Rubiaceae","Psychotria","species","Gardner","ACCEPTED",,,"Psychotria nemorosa Gardner",,,,"Psychotria nemorosa","Psychotria nemorosa",,,,,,,"GBIF","SP","code partially found","Kirizawa, M.","3202","1995","Taylor, C.M.","2007",,"Kirizawa",,"brazil","sao paulo","ilhabela","parque estadual de ilhabela",,"locality","brazil_sao paulo_ilhabela","brazil_sao paulo_ilhabela",-23.85166951,-45.32677547,"county",388960,"Psychotria nemorosa","Gardner","name_w_authors","Rubiaceae","Psychotria nemorosa","Gardner","species","name accepted","bfo-14199",,,"Psychotria nemorosa Gardner","Psychotria","Rubiaceae","brazil_sao paulo_ilhabela","Brazil","São Paulo","Ilhabela",,"ibge",TRUE,-23.77,-45.349998,"coord_original","miliseconds","high","Psychotria nemorosa","check_local.2municip.","ok_county",,FALSE,"ok_dist","full_name_match","SP_288296","SP_288296[virtual]","1","0.25","SP_288296","SP_288296","SP_288296","plantr_exact","High","PARQUE ESTADUAL ILHABELA"
,,"https://specieslink.net/col/1",,"IPA/SP","SP",,"PRESERVED_SPECIMEN","288299","3205","Kirizawa, M; et al.",,"1995-08-23","1995","8","23",,,,"Brasil","BR","São Paulo",,"Ilhabela","Parque Estadual de Ilhabela, Trilha dos Castellanos",,,,,,,,,"Kiyama, CY","2003-01-01",,"Rubus urticifolius Poir.","Magnoliopsida","Rosales","Rosaceae","Rubus","species","Poir.","ACCEPTED",,,"Rubus urticifolius Poir.",,,,"Rubus urticifolius","Rubus urticifolius",,,,,,,"GBIF","SP","code partially found","Kirizawa, M.","3205","1995","Kiyama, C.Y.","2003",,"Kirizawa",,"brazil","sao paulo","ilhabela","parque estadual de ilhabela",,"locality","brazil_sao paulo_ilhabela","brazil_sao paulo_ilhabela",-23.85166951,-45.32677547,"county",454378,"Rubus urticifolius","Poir.","name_w_authors","Rosaceae","Rubus urticifolius","Poir.","species","name accepted","bfo-20680",,,"Rubus urticifolius Poir.","Rubus","Rosaceae","brazil_sao paulo_ilhabela","Brazil","São Paulo","Ilhabela",,"ibge",TRUE,-23.77,-45.349998,"coord_original","miliseconds","high","Rubus urticifolius","check_local.2municip.","ok_county",,FALSE,"ok_dist","full_name_match","SP_288299","SP_288299[virtual]","1","0.25","SP_288299","SP_288299","SP_288299","plantr_exact","High","PARQUE ESTADUAL ILHABELA"
,,"https://specieslink.net/col/7",,"USP-IB","SPF",,"PRESERVED_SPECIMEN","114603","3207","Kirizawa, M",,"1995-08-23","1995","8","23",,,,"Brasil","BR","São Paulo",,"Ilhabela","Parque Estadual de Ilhabela",,,,,,,,,"Fiaschi, P","2003-01-01",,"Oxalis debilis Kunth","Magnoliopsida","Oxalidales","Oxalidaceae","Oxalis","species","Kunth","ACCEPTED",,,"Oxalis debilis Kunth",,,,"Oxalis debilis","Oxalis debilis",,,"https://images.cria.org.br/viewer/SPF00114603",,,,"GBIF","SPF",,"Kirizawa, M.","3207","1995","Fiaschi, P.","2003",,"Kirizawa",,"brazil","sao paulo","ilhabela","parque estadual de ilhabela",,"locality","brazil_sao paulo_ilhabela","brazil_sao paulo_ilhabela",-23.85166951,-45.32677547,"county",273127,"Oxalis debilis","Kunth","name_w_authors","Oxalidaceae","Oxalis debilis","Kunth","species","name accepted","bfo-12459",,,"Oxalis debilis Kunth","Oxalis","Oxalidaceae","brazil_sao paulo_ilhabela","Brazil","São Paulo","Ilhabela",,"ibge",TRUE,-23.77,-45.349998,"coord_original","miliseconds","high","Oxalis debilis","check_local.2municip.","ok_county",,FALSE,"ok_dist","full_name_match","SPF_114603","SP_288305|SPF_114603","4","1","SPF_114603","SPF_114603","SPF_114603","plantr_exact","High","PARQUE ESTADUAL ILHABELA"
,,"https://specieslink.net/col/1",,"IPA/SP","SP",,"PRESERVED_SPECIMEN","285748","94","Proença, SL; et al.",,"1995-08-23","1995","8","23",,,,"Brasil","BR","São Paulo",,"Ilhabela","Parque Estadual de Ilhabela, Próximo à trilha do Poço da Escada.",,,,,,,,,"Peixoto, AL","2002-01-01",,"Mollinedia schottiana (Spreng.) Perkins","Magnoliopsida","Laurales","Monimiaceae","Mollinedia","species","(Spreng.) Perkins","SYNONYM",,,"Mollinedia umbellata (Spreng.) Tul.",,,,"Mollinedia schottiana","Mollinedia umbellata",,,"https://images.cria.org.br/viewer/SP048185",,,,"GBIF","SP","code partially found","Proenca, S.L.","94","1995","Peixoto, A.L.","2002",,"Proenca",,"brazil","sao paulo","ilhabela","parque estadual de ilhabela",,"locality","brazil_sao paulo_ilhabela","brazil_sao paulo_ilhabela",-23.85166951,-45.32677547,"county",388687,"Mollinedia schottiana","(Spreng.) Perkins","name_w_authors","Monimiaceae","Mollinedia schottiana","(Spreng.) Perkins","species","name accepted","bfo-10101",,,"Mollinedia schottiana (Spreng.) Perkins","Mollinedia","Monimiaceae","brazil_sao paulo_ilhabela","Brazil","São Paulo","Ilhabela",,"ibge",TRUE,-23.77,-45.349998,"coord_original","miliseconds","high","Mollinedia schottiana","check_local.2municip.","ok_county",,FALSE,"ok_dist","full_name_match","SP_285748","SP_285748[virtual]","1","0.25","SP_285748","SP_285748","SP_285748","plantr_exact","High","PARQUE ESTADUAL ILHABELA"
,,"https://specieslink.net/col/2",,"UNICAMP","UEC",,"PRESERVED_SPECIMEN","81044","3197","Kirizawa, M; Rapini, A; Proença, SL",,"1995-08-23","1995","8","23",,,,"Brasil","BR","São Paulo",,"Ilhabela","Parque Estadual de Ilhabela; trilha Toca da Goteira",,,,,,,,,"Fiaschi, P","2011-11-01",,"Dendropanax monogynus (Vell.) Seem.","Magnoliopsida","Apiales","Araliaceae","Dendropanax","species","(Vell.) Seem.","ACCEPTED",,,"Dendropanax monogynus (Vell.) Seem.",,,,"Dendropanax monogynus","Dendropanax monogynus",,"WGS84","https://images.cria.org.br/viewer/UEC109219",,,,"GBIF","UEC",,"Kirizawa, M.","3197","1995","Fiaschi, P.","2002","Rapini, A.; Proenca, S.L.","Kirizawa",,"brazil","sao paulo","ilhabela","parque estadual de ilhabela",,"locality","brazil_sao paulo_ilhabela","brazil_sao paulo_ilhabela",-23.85166951,-45.32677547,"county",87761,"Dendropanax monogynus","(Vell.) Seem.","name_w_authors","Araliaceae","Dendropanax monogynus","(Vell.) Seem.","species","name accepted","bfo-5110",,,"Dendropanax monogynus (Vell.) Seem.","Dendropanax","Araliaceae","brazil_sao paulo_ilhabela","Brazil","São Paulo","Ilhabela",,"ibge",TRUE,-23.7781,-45.3581,"coord_original","miliseconds","high","Dendropanax monogynus","check_local.2municip.","ok_county",,FALSE,"ok_dist","full_name_match","UEC_81044","HRCB_23581|IAC_57234|SP_288308|UEC_81044","3","0.75","HRCB_23581","IAC_57234","IAC_57234","plantr_exact","High","PARQUE ESTADUAL ILHABELA"
,,"https://specieslink.net/col/2",,"UNICAMP","UEC",,"PRESERVED_SPECIMEN","96353","3204","Kirizawa, M; Rapini, A; Proença, SL",,"1995-08-23","1995","8","23",,,,"Brasil","BR","São Paulo",,"Ilhabela","Parque Estadual de Ilhabela, Trilha da Goteira.",,,,,,,,,"Goldenberg, R","1998-01-01",,"Miconia brasiliensis (Spreng.) Triana","Magnoliopsida","Myrtales","Melastomataceae","Miconia","species","Triana","ACCEPTED",,,"Miconia brasiliensis (Spreng.) Triana",,,,"Miconia brasiliensis","Miconia brasiliensis",,,"https://images.cria.org.br/viewer/UEC092957",,,,"GBIF","UEC",,"Kirizawa, M.","3204","1995","Goldenberg, R.","1998","Rapini, A.; Proenca, S.L.","Kirizawa",,"brazil","sao paulo","ilhabela","parque estadual de ilhabela",,"locality","brazil_sao paulo_ilhabela","brazil_sao paulo_ilhabela",-23.85166951,-45.32677547,"county",94159,"Miconia brasiliensis","(Spreng.) Triana","name_w_authors","Melastomataceae","Miconia brasiliensis","(Spreng.) Triana","species","name accepted","bfo-9675",,,"Miconia brasiliensis (Spreng.) Triana","Miconia","Melastomataceae","brazil_sao paulo_ilhabela","Brazil","São Paulo","Ilhabela",,"ibge",TRUE,-23.77,-45.349998,"coord_original","miliseconds","high","Miconia brasiliensis","check_local.2municip.","ok_county",,FALSE,"ok_dist","full_name_match","UEC_96353","SP_288300|UEC_96353","4","1","UEC_96353","UEC_96353","UEC_96353","plantr_exact","High","PARQUE ESTADUAL ILHABELA"
,,"https://specieslink.net/col/2",,"UNICAMP","UEC",,"PRESERVED_SPECIMEN","74669","93","Proença, SL; Rapini, A; Kirizawa, M; Ferreira, C",,"1995-08-23","1995","8","23",,,,"Brasil","BR","São Paulo",,"Ilhabela","Parque Estadual de Ilhabela, trilha da Água Branca",,,,,,,,,"Kiyama, CY","1997-05-14",,"Rubus rosifolius var. rosifolius","Magnoliopsida","Rosales","Rosaceae","Rubus","variety","Sm.","ACCEPTED",,,"Rubus rosifolius var. rosifolius",,,,"Rubus rosifolius rosifolius","Rubus rosifolius",,,"https://images.cria.org.br/viewer/UEC083456",,,,"GBIF","UEC",,"Proenca, S.L.","93","1995","Kiyama, C.Y.","1997","Rapini, A.; Kirizawa, M.; Ferreira, C.","Proenca",,"brazil","sao paulo","ilhabela","parque estadual de ilhabela","ilhabela","locality","brazil_sao paulo_ilhabela","brazil_sao paulo_ilhabela",-23.85166951,-45.32677547,"county",745,"Rubus rosifolius var. rosifolius","Sm.","variety","Rosaceae","Rubus rosifolius var. rosifolius","Sm.","variety","name accepted","bfo-32510",,,"Rubus rosifolius var. rosifolius Sm.","Rubus","Rosaceae","brazil_sao paulo_ilhabela","Brazil","São Paulo","Ilhabela",,"ibge",TRUE,-23.77,-45.349998,"coord_original","miliseconds","high","Rubus rosifolius","check_local.2municip.","ok_county",,FALSE,"ok_dist","full_name_match","UEC_74669","SP_310632|SPF_107466|UEC_74669","4","1","UEC_74669","SP_310632","SP_310632","plantr_exact","High","PARQUE ESTADUAL ILHABELA"
,,"https://specieslink.net/col/2",,"UNICAMP","UEC",,"PRESERVED_SPECIMEN","74672","91","Proença, SL; Rapini, A; Kirizawa, M; Ferreira, C",,"1995-08-23","1995","8","23",,,,"Brasil","BR","São Paulo",,"Ilhabela","Parque Estadual de Ilhabela",,,,,,,,,"Souza, BM","1997-07-29",,"Triumfetta semitriloba Jacq.","Magnoliopsida","Malvales","Malvaceae","Triumfetta","species","Jacq.","ACCEPTED",,,"Triumfetta semitriloba Jacq.",,,,"Triumfetta semitriloba","Triumfetta semitriloba",,,,,,,"GBIF","UEC",,"Proenca, S.L.","91","1995","Souza, B.M.","1997","Rapini, A.; Kirizawa, M.; Ferreira, C.","Proenca",,"brazil","sao paulo","ilhabela","parque estadual de ilhabela",,"locality","brazil_sao paulo_ilhabela","brazil_sao paulo_ilhabela",-23.85166951,-45.32677547,"county",85135,"Triumfetta semitriloba","Jacq.","name_w_authors","Malvaceae","Triumfetta semitriloba","Jacq.","species","name accepted","bfo-9267",,,"Triumfetta semitriloba Jacq.","Triumfetta","Malvaceae","brazil_sao paulo_ilhabela","Brazil","São Paulo","Ilhabela",,"ibge",TRUE,-23.77,-45.349998,"coord_original","miliseconds","high","Triumfetta semitriloba","check_local.2municip.","ok_county",,FALSE,"ok_dist","full_name_match","UEC_74672","SP_370241|UEC_74672","4","1","UEC_74672","UEC_74672","UEC_74672","plantr_exact","High","PARQUE ESTADUAL ILHABELA"
,,,,"JBRJ","RB","RB - Rio de Janeiro Botanical Garden Herbarium Collection","PRESERVED_SPECIMEN","RB00634475","3203","M. Kirizawa, A. Rapini & S.L. Proença",,"1995-08-23","1995","8","23",,,,"Brasil","BR","São Paulo",,"Ilhabela","Parque Estadual de Ilhabela, Trilha dos Castellanos, próximo à trilha da Goteira",,,,,,,,,"Regina Andreata","1997-12-01",,"Smilax spicata Vell.","Liliopsida","Liliales","Smilacaceae","Smilax","species","Vell.","ACCEPTED",,,"Smilax spicata Vell.",,,,"Smilax spicata Vell.","Smilax spicata",,,"jbrj-public-img.s3-sa-east-1.amazonaws.com/JPG/rb/0/63/44/75/00634475.jpg",,,,"GBIF","RB",,"Kirizawa, M.","3203","1995","Andreata, R.","1997","Rapini, A.; Proenca, S.L.","Kirizawa",,"brazil","sao paulo","ilhabela","parque estadual de ilhabela","municipio de ilhabela","locality","brazil_sao paulo_sao paulo","brazil_sao paulo_ilhabela",-23.85166951,-45.32677547,"county",250895,"Smilax spicata","Vell.","name_w_authors","Smilacaceae","Smilax spicata","Vell.","species","name accepted","bfo-14566",,,"Smilax spicata Vell.","Smilax","Smilacaceae","brazil_sao paulo_sao paulo","Brazil","São Paulo","São Paulo",,"ibge",TRUE,-23.77,-45.349998,"coord_original","miliseconds","high","Smilax spicata","check_local.2municip.","ok_county",,FALSE,"ok_dist","full_name_match","RB_634475","RB_634475|SP_288313","4","1","RB_634475","SP_288313","SP_288313","plantr_exact","High","PARQUE ESTADUAL ILHABELA"
"PhysicalObject","http://www.tropicos.org/Specimen/3206360","http://biocol.org/urn:lsid:biocol.org:col:15859",,"MO","Tropicos","Tropicos","PRESERVED_SPECIMEN","3206360","3201","M. Kirizawa",,"1995","1995",,,,,,"Brasil","BR","São Paulo",,"Ilhabela","Parque Estadual de Ilhabela, Trilha Toca da Goteira",,,,,,,,,"C. M. Taylor","1997-01-01",,"Psychotria laciniata Vell.","Magnoliopsida","Gentianales","Rubiaceae","Psychotria","species","Vell.","ACCEPTED",,,"Psychotria laciniata Vell.",,,,"Psychotria laciniata Vell.","Psychotria laciniata","50127371",,,,,,"GBIF","MO",,"Kirizawa, M.","3201","1995","Taylor, C.M.","1997",,"Kirizawa",,"brazil","sao paulo","ilhabela","parque estadual de ilhabela","municipio de ilhabela","locality","brazil_sao paulo_ilhabela","brazil_sao paulo_ilhabela",-23.85166951,-45.32677547,"county",207849,"Psychotria laciniata","Vell.","name_w_authors","Rubiaceae","Psychotria laciniata","Vell.","species","name accepted","bfo-14187",,,"Psychotria laciniata Vell.","Psychotria","Rubiaceae","brazil_sao paulo_ilhabela","Brazil","São Paulo","Ilhabela",,"ibge",TRUE,-23.77,-45.349998,"coord_original","miliseconds","high","Psychotria laciniata","check_local.2municip.","ok_county",,FALSE,"ok_dist","full_name_match","MO_3206360","MO_3206360|PMSP_8077|SP_288297","4","1","MO_3206360","SP_288297","SP_288297","plantr_exact","High","PARQUE ESTADUAL ILHABELA"
,,"https://specieslink.net/col/7",,"USP-IB","SPF",,"PRESERVED_SPECIMEN","105244","45","Rapini, A",,"1995-08-23","1995","8","23",,,,"Brasil","BR","São Paulo",,"Ilhabela","Parque Estadual de Ilhabela, Trilha da Toca da Goteira.",,,,,,,,,"Reginato, M","2011-01-01",,"Leandra acutiflora (Naudin) Cogn.","Magnoliopsida","Myrtales","Melastomataceae","Miconia","species","(Naudin) Cogn.","SYNONYM",,,"Miconia acutiflora (Naudin) R.Goldenb.",,,,"Leandra acutiflora","Miconia acutiflora",,,"https://images.cria.org.br/viewer/SPF00105244",,,,"GBIF","SPF",,"Rapini, A.","45","1995","Chiea, S.A.C.","1997",,"Rapini",,"brazil","sao paulo","ilhabela","parque estadual de ilhabela",,"locality","brazil_sao paulo_ilhabela","brazil_sao paulo_ilhabela",-23.85166951,-45.32677547,"county",145286,"Leandra acutiflora","(Naudin) Cogn.","name_w_authors","Melastomataceae","Leandra acutiflora","(Naudin) Cogn.","species","name accepted","bfo-9498",,,"Leandra acutiflora (Naudin) Cogn.","Leandra","Melastomataceae","brazil_sao paulo_ilhabela","Brazil","São Paulo","Ilhabela",,"ibge",TRUE,-23.77,-45.349998,"coord_original","miliseconds","high","Leandra acutiflora","check_local.2municip.","ok_county",,FALSE,"ok_dist","full_name_match","SPF_105244","SP_327205|SPF_105244|UEC_74586","4","1","UEC_74586","UEC_74586","UEC_74586","plantr_exact","High","PARQUE ESTADUAL ILHABELA"
,,"https://specieslink.net/col/7",,"USP-IB","SPF",,"PRESERVED_SPECIMEN","119125","37","Rapini, A",,"1995-08-23","1995","8","23",,,,"Brasil","BR","São Paulo",,"Ilhabela","Parque Estadual de Ilhabela",,,,,,,,,"Gomes, FP","1997-04-10",,"Langsdorffia hypogaea Mart.","Magnoliopsida","Santalales","Balanophoraceae","Langsdorffia","species","Mart.","ACCEPTED",,,"Langsdorffia hypogaea Mart.",,,,"Langsdorffia hypogaea","Langsdorffia hypogaea",,,"https://images.cria.org.br/viewer/SPF00119125",,,,"GBIF","SPF",,"Rapini, A.","37","1995","Gomes, F.P.","97",,"Rapini",,"brazil","sao paulo","ilhabela","parque estadual de ilhabela",,"locality","brazil_sao paulo_ilhabela","brazil_sao paulo_ilhabela",-23.85166951,-45.32677547,"county",198218,"Langsdorffia hypogaea","Mart.","name_w_authors","Balanophoraceae","Langsdorffia hypogaea","Mart.","species","name accepted","bfo-5548",,,"Langsdorffia hypogaea Mart.","Langsdorffia","Balanophoraceae","brazil_sao paulo_ilhabela","Brazil","São Paulo","Ilhabela",,"ibge",TRUE,-23.77,-45.349998,"coord_original","miliseconds","high","Langsdorffia hypogaea","check_local.2municip.","ok_county",,FALSE,"ok_dist","full_name_match","SPF_119125","SP_285601|SPF_119125","4","1","SPF_119125","SPF_119125","SPF_119125","plantr_exact","High","PARQUE ESTADUAL ILHABELA"
,,"https://specieslink.net/col/2",,"UNICAMP","UEC",,"PRESERVED_SPECIMEN","58810","1206","Salino, A",,"1991-12-04","1991","12","4",,,,"Brasil","BR","São Paulo",,"Ilhabela","Parque Estadual de Ilhabela",,,,,,,,,"Salino, A","1991-01-01",,"Stigmatopteris caudata (Raddi) C.Chr.","Polypodiopsida","Polypodiales","Dryopteridaceae","Stigmatopteris","species","(Raddi) C.Chr.Vareschi","ACCEPTED",,,"Stigmatopteris caudata (Raddi) C.Chr.",,,,"Stigmatopteris caudata","Stigmatopteris caudata",,,"https://images.cria.org.br/viewer/UEC067030",,,,"GBIF","UEC",,"Salino, A.","1206","1991","Salino, A.","1991",,"Salino",,"brazil","sao paulo","ilhabela","parque estadual de ilhabela",,"locality","brazil_sao paulo_ilhabela","brazil_sao paulo_ilhabela",-23.85166951,-45.32677547,"county",79360,"Stigmatopteris caudata","(Raddi) C.Chr.","name_w_authors","Dryopteridaceae","Stigmatopteris caudata","(Raddi) C.Chr.","species","name accepted","bfo-91144",,,"Stigmatopteris caudata (Raddi) C.Chr.","Stigmatopteris","Dryopteridaceae","brazil_sao paulo_ilhabela","Brazil","São Paulo","Ilhabela",,"ibge",TRUE,-23.77,-45.349998,"coord_original","miliseconds","high","Stigmatopteris caudata","check_local.2municip.","ok_county",,FALSE,"ok_dist","full_name_match","UEC_58810","BHCB_37000|HRCB_33364|UEC_58810","2","0.5","UEC_58810","UEC_58810","UEC_58810","plantr_exact","High","PARQUE ESTADUAL ILHABELA"
,"Herbário Virtual REFLORA Disponível em: http://herbariovirtualreflora.jbrj.gov.br/reflora/herbarioVirtual/ConsultaPublicoHVUC/ConsultaPublicoHVUC.do?idTestemunho=3668313",,,"NY","NY",,"PRESERVED_SPECIMEN","NY00502614","655","M. J. Robin",,"1990-03-15","1990","3","15","1990-03-15",,,"Brazil","BR","São Paulo",,"São Sebastiao Mun.","Parque Estadual de Ilhabela, entrada para una trilha do Poço da Pedra",,,"-23.760278","-45.409722",,,,,,,,"Palicourea Aubl.","Magnoliopsida","Gentianales","Rubiaceae","Palicourea","genus",,"ACCEPTED",,,"Palicourea Aubl.",,,,"Palicourea",,,"SAD69","jbrj-public.s3-sa-east-1.amazonaws.com/fsi/server?type=image&source=DZI/newyork/ny_/0/50/26/14/ny_00502614.dzi",,,,"GBIF","NY",,"Robin, M.J.","655","1990",,,,"Robin",,"brazil","sao paulo","sao sebastiao","parque estadual de ilhabela",,"locality","brazil_sao paulo_parque estadual ilhabela","brazil_sao paulo_sao sebastiao",-23.75242089,-45.60629823,"county",1642923,"Palicourea","Aubl.","name_w_authors","Rubiaceae","Palicourea","Aubl.","genus","name accepted","bfo-14133",,,"Palicourea Aubl.","Palicourea","Rubiaceae","brazil_sao paulo","Brazil","São Paulo",,,"gadm",TRUE,-23.7641698,-45.4100225,"coord_original","miliseconds","high",,"check_local.2municip.","ok_county",,FALSE,"no_cannot_check","full_name_match","NY_502614","NY_502614[virtual]","4","1",,"NY_502614","NY_502614","plantr_exact","High","PARQUE ESTADUAL ILHABELA"
,,"https://specieslink.net/col/1",,"IPA/SP","SP",,"PRESERVED_SPECIMEN","310959","651","Robim, MJ",,"1990-03-15","1990","3","15",,,,"Brasil","BR","São Paulo",,"São Sebastião","Parque Estadual de Ilhabela, TRilha da água Branca, poço da escada",,,,,,,,,"Aguiar, OT","1994-08-08",,"Myrcia pubipetala Miq.","Magnoliopsida","Myrtales","Myrtaceae","Myrcia","species","Miq.","ACCEPTED",,,"Myrcia pubipetala Miq.",,,,"Myrcia pubipetala","Myrcia pubipetala",,,,,,,"GBIF","SP","code partially found","Robim, M.J.","651","1990","Aguiar, O.T.","1994",,"Robim",,"brazil","sao paulo","sao sebastiao","parque estadual de ilhabela",,"locality","brazil_sao paulo_sao sebastiao","brazil_sao paulo_sao sebastiao",-23.75242089,-45.60629823,"county",399447,"Myrcia pubipetala","Miq.","name_w_authors","Myrtaceae","Myrcia pubipetala","Miq.","species","name accepted","bfo-10743",,,"Myrcia pubipetala Miq.","Myrcia","Myrtaceae","brazil_sao paulo_sao sebastiao","Brazil","São Paulo","São Sebastião",,"gadm",TRUE,-23.76,-45.41,"coord_original","miliseconds","high","Myrcia pubipetala","check_local.2municip.","ok_county",,FALSE,"ok_dist","full_name_match","SP_310959","SP_310959[virtual]","1","0.25","SP_310959","SP_310959","SP_310959","plantr_exact","High","PARQUE ESTADUAL ILHABELA"
,,,,"MBM","MBM",,"PRESERVED_SPECIMEN","MBM156158","642","Robim, MJ",,,"0","0","15",,,,"Brazil",,"São Paulo",,,"Parque Estadual de Ilhabela",,"0","0º 0' 0"""" S","0º 0' 0"""" W",,"0º 0' 0"""" S","0º 0' 0"""" W","não","Baitello, J.B.","25/10/1989",,"Licaria armeniaca (Nees) Kosterm.",,,"Lauraceae","Licaria","species","(Nees) Kosterm.",,,,,,,,"LAURACEAE Licaria armeniaca (Nees) Kosterm.","armeniaca",,,,,"MBM 156158",,"Reflora","MBM",,"Robim, M.J.","642","0","Baitello, J.B.","1989",,"Robim",,"brazil","sao paulo","parque estadual de ilhabela","parque estadual de ilhabela",,"locality","brazil_sao paulo_parque estadual ilhabela","brazil_sao paulo",-22.2584562,-48.7420254,"state",1443996,"Licaria armeniaca","(Nees) Kosterm.","name_w_authors","Lauraceae","Licaria armeniaca","(Nees) Kosterm.","species","name accepted","bfo-8419",,,"Licaria armeniaca (Nees) Kosterm.","Licaria","Lauraceae","brazil_sao paulo","Brazil","São Paulo",,,"gadm",FALSE,-22.2584562,-48.7420254,"coord_gazet","seconds_centroid","high","Licaria armeniaca","check_local.2state","ok_state_gazet",,FALSE,"ok_dist","full_name_match","MBM_156158",,"0","0",,,,"plantr_exact","High","PARQUE ESTADUAL ILHABELA"
,,"https://specieslink.net/col/7",,"USP-IB","SPF",,"PRESERVED_SPECIMEN","161639","835","Pastore, JA",,"1998-12-16","1998","12","16",,,,"Brasil","BR","São Paulo",,"Ilhabela","Parque Estadual de Ilhabela, Parque Estadual, caminho do poço da escada.",,,,,,,,,"Franco, GADC","2004-04-14",,"Siparuna brasiliensis (Spreng.) A.DC.","Magnoliopsida","Laurales","Siparunaceae","Siparuna","species","(Spreng.) A.DC.","ACCEPTED",,,"Siparuna brasiliensis (Spreng.) A.DC.",,,,"Siparuna brasiliensis","Siparuna brasiliensis",,"WGS84",,,,,"GBIF","SPF",,"Pastore, J.A.","835","1998","Franco, G.A.D.C.","2004",,"Pastore",,"brazil","sao paulo","ilhabela","parque estadual de ilhabela, parque estadual","parque estadual de ilhabela","locality","brazil_sao paulo_ilhabela","brazil_sao paulo_ilhabela",-23.85166951,-45.32677547,"county",186311,"Siparuna brasiliensis","(Spreng.) A.DC.","name_w_authors","Siparunaceae","Siparuna brasiliensis","(Spreng.) A.DC.","species","name accepted","bfo-14545",,,"Siparuna brasiliensis (Spreng.) A.DC.","Siparuna","Siparunaceae","brazil_sao paulo_ilhabela","Brazil","São Paulo","Ilhabela",,"ibge",TRUE,-23.85166951,-45.32677547,"coord_gazet","seconds_centroid","medium","Siparuna brasiliensis","check_local.2municip.","ok_county_gazet",,FALSE,"ok_dist","full_name_match","SPF_161639",,"0","0",,,,"plantr_exact","High","PARQUE ESTADUAL ILHABELA"
,,,,"IBt","SP",,"PRESERVED_SPECIMEN","288307","3198",,,,"1995","8","23",,,,"Brasil",,"São Paulo","Ilhabela","Ilhabela","Parque Estadual de Ilhabela, Mata atlântica, trilha Toca da Goteira",,,"-23.77","-45.349998","23719","0","0",,"Kilsztajn, Y","2025-03-NA",,"Eugenia mosenii",,,"Myrtaceae","Eugenia",,,,"-23.77","-45.349998",,,"03","2025",,"mosenii",,,,,,,"Splink","SP",,,"3198","1995","Kilsztajn, Y.","2025",,,,"brazil","sao paulo","ilhabela","parque estadual de ilhabela",,"locality","brazil_sao paulo_ilhabela","brazil_sao paulo_ilhabela",-23.85166951,-45.32677547,"county",1256167,"Eugenia mosenii","(Kausel) Sobral","possibly_ok","Myrtaceae","Eugenia mosenii","(Kausel) Sobral","species","name accepted","bfo-10464",,,"Eugenia mosenii (Kausel) Sobral","Eugenia","Myrtaceae","brazil_sao paulo_ilhabela","Brazil","São Paulo","Ilhabela",,"ibge",TRUE,-23.77,-45.349998,"coord_original","miliseconds","low","Eugenia mosenii","check_local.2municip.","ok_county",,FALSE,"ok_dist","full_name_match","SP_288307","SP_288307[virtual]","1","0.25","SP_288307","SP_288307","SP_288307","plantr_exact","High","PARQUE ESTADUAL ILHABELA"
,,,,"IBt","SP",,"PRESERVED_SPECIMEN","285612","48",,,,"1995","8","23",,,,"Brasil",,"São Paulo","Ilhabela","Ilhabela","Parque Estadual de Ilhabela, Trilha da Água Branca",,,"-23.77","-45.349998","23719","0","0",,"Pellegrini, MOO","2015-06-  15",,"Tradescantia umbraculifera",,,"Commelinaceae","Tradescantia",,,,"-23.77","-45.349998",,"15","06","2015",,"umbraculifera",,,,,,,"Splink","SP",,,"48","1995","Pellegrini, M.O.O.","2015",,,,"brazil","sao paulo","ilhabela","parque estadual de ilhabela",,"locality","brazil_sao paulo_ilhabela","brazil_sao paulo_ilhabela",-23.85166951,-45.32677547,"county",1295247,"Tradescantia umbraculifera","Hand.-Mazz.","possibly_ok","Commelinaceae","Tradescantia umbraculifera","Hand.-Mazz.","species","name accepted","bfo-126858",,,"Tradescantia umbraculifera Hand.-Mazz.","Tradescantia","Commelinaceae","brazil_sao paulo_ilhabela","Brazil","São Paulo","Ilhabela",,"ibge",TRUE,-23.77,-45.349998,"coord_original","miliseconds","low","Tradescantia umbraculifera","check_local.2municip.","ok_county",,FALSE,"ok_dist","full_name_match","SP_285612",,"cc","cc",,,,"plantr_exact","High","PARQUE ESTADUAL ILHABELA"
,,,,"iNaturalist","Observations","iNaturalist research-grade observations","HUMAN_OBSERVATION","249782695",,"M. A. Lagares",,"2024-10-23T07:05","2024","10","23","2024/10/23 07:05",,,"BR","BR","São Paulo",,,"Ilhabela - SP, Brasil","Ilhabela - SP, Brasil",,"-23.797676","-45.340692",,,,,"Victor Farjalla Pontes","2024-10-30 19:31:17",,"Vriesea carinata Wawra","Liliopsida","Poales","Bromeliaceae","Vriesea","species",,"ACCEPTED",,,"Vriesea carinata Wawra",,,,"Vriesea carinata","Vriesea carinata","545104","EPSG:4326",,,,,"GBIF","Observations","code not found","Lagares, M.A.",,"2024","Pontes, V.F.","2024",,"Lagares",,"brazil","sao paulo","ilhabela","ilhabela",,"locality","brazil_sao paulo_ilhabela_ilhabela","brazil_sao paulo_ilhabela_ilhabela",-23.845587,-45.334266,"locality",757449,"Vriesea carinata","Wawra","name_w_authors","Bromeliaceae","Vriesea carinata","Wawra","species","name accepted","bfo-6441",,,"Vriesea carinata Wawra","Vriesea","Bromeliaceae","brazil_sao paulo_ilhabela","Brazil","São Paulo","Ilhabela",,"ibge",TRUE,-23.797676,-45.340692,"coord_original","miliseconds","low","Vriesea carinata","ok_same_resolution","ok_county",,FALSE,"ok_dist","full_name_match","Observations_249782695",,"cc","cc",,,,"coords_both","High","PARQUE ESTADUAL ILHABELA"
,,,,"iNaturalist","Observations","iNaturalist research-grade observations","HUMAN_OBSERVATION","249782668",,"M. A. Lagares",,"2024-10-22T12:31","2024","10","22","2024/10/22 12:31",,,"BR","BR","São Paulo",,,"Ilhabela - SP, Brasil","Ilhabela - SP, Brasil",,"-23.797676","-45.340692",,,,,"Julia Meirelles","2024-11-05 23:03:50","Folhas sésseis, com indumento seríceo...","Pleroma clavatum (Pers.) P.J.F.Guim. & Michelang.","Magnoliopsida","Myrtales","Melastomataceae","Pleroma","species",,"ACCEPTED",,,"Pleroma clavatum (Pers.) P.J.F.Guim. & Michelang.",,,,"Pleroma clavatum","Pleroma clavatum","1369352","EPSG:4326",,,,,"GBIF","Observations","code not found","Lagares, M.A.",,"2024","Meirelles, J.","2024",,"Lagares",,"brazil","sao paulo","ilhabela","ilhabela",,"locality","brazil_sao paulo_ilhabela_ilhabela","brazil_sao paulo_ilhabela_ilhabela",-23.845587,-45.334266,"locality",757548,"Pleroma clavatum","(Pers.) P.J.F.Guim. & Michelang.","name_w_authors","Melastomataceae","Pleroma clavatum","(Pers.) P.J.F.Guim. & Michelang.","species","name accepted","bfo-606878",,,"Pleroma clavatum (Pers.) P.J.F.Guim. & Michelang.","Pleroma","Melastomataceae","brazil_sao paulo_ilhabela","Brazil","São Paulo","Ilhabela",,"ibge",TRUE,-23.797676,-45.340692,"coord_original","miliseconds","low","Pleroma clavatum","ok_same_resolution","ok_county",,FALSE,"ok_dist","full_name_match","Observations_249782668",,"cc","cc",,,,"coords_both","High","PARQUE ESTADUAL ILHABELA"
,,,,"iNaturalist","Observations","iNaturalist research-grade observations","HUMAN_OBSERVATION","249782707",,"M. A. Lagares",,"2024-10-23T07:41","2024","10","23","2024/10/23 07:41",,,"BR","BR","São Paulo",,,"Ilhabela - SP, Brasil","Ilhabela - SP, Brasil",,"-23.797676","-45.340692",,,,,"Alix Sanchis","2024-10-30 17:55:10",,"Begonia herbacea Vell.","Magnoliopsida","Cucurbitales","Begoniaceae","Begonia","species",,"ACCEPTED",,,"Begonia herbacea Vell.",,,,"Begonia herbacea","Begonia herbacea","1045062","EPSG:4326",,,,,"GBIF","Observations","code not found","Lagares, M.A.",,"2024","Sanchis, A.","2024",,"Lagares",,"brazil","sao paulo","ilhabela","ilhabela",,"locality","brazil_sao paulo_ilhabela_ilhabela","brazil_sao paulo_ilhabela_ilhabela",-23.845587,-45.334266,"locality",757513,"Begonia herbacea","Vell.","name_w_authors","Begoniaceae","Begonia herbacea","Vell.","species","name accepted","bfo-5627",,,"Begonia herbacea Vell.","Begonia","Begoniaceae","brazil_sao paulo_ilhabela","Brazil","São Paulo","Ilhabela",,"ibge",TRUE,-23.797676,-45.340692,"coord_original","miliseconds","low","Begonia herbacea","ok_same_resolution","ok_county",,FALSE,"bad_dist","full_name_match","Observations_249782707",,"cc","cc",,,,"coords_both","High","PARQUE ESTADUAL ILHABELA"
,,,,"iNaturalist","Observations","iNaturalist research-grade observations","HUMAN_OBSERVATION","163392717",,"ginkovarg",,"2023-05-23T12:03:58","2023","5","23","2023-05-23 12:03:58",,,"BR","BR","São Paulo",,,"Ilhabela, SP, 11630-000, Brasilien","Ilhabela, SP, 11630-000, Brasilien",,"-23.844188","-45.355394",,,,,"accidentalshrike","2024-11-22 22:13:00",,"Psychotria nuda (Cham. & Schltdl.) Wawra","Magnoliopsida","Gentianales","Rubiaceae","Psychotria","species",,"ACCEPTED",,,"Psychotria nuda (Cham. & Schltdl.) Wawra",,,,"Psychotria nuda","Psychotria nuda","497623","EPSG:4326",,,,,"GBIF","Observations","code not found","Ginkovarg",,"2023","Accidentalshrike","2024",,"Ginkovarg",,"brazil","sao paulo","ilhabela","ilhabela",,"locality","brazil_sao paulo_ilhabela_ilhabela","brazil_sao paulo_ilhabela_ilhabela",-23.845587,-45.334266,"locality",757911,"Psychotria nuda","(Cham. & Schltdl.) Wawra","name_w_authors","Rubiaceae","Psychotria nuda","(Cham. & Schltdl.) Wawra","species","name accepted","bfo-14201",,,"Psychotria nuda (Cham. & Schltdl.) Wawra","Psychotria","Rubiaceae","brazil_sao paulo_ilhabela","Brazil","São Paulo","Ilhabela",,"ibge",TRUE,-23.844188,-45.355394,"coord_original","miliseconds","low","Psychotria nuda","ok_same_resolution","ok_county",,FALSE,"ok_dist","full_name_match","Observations_163392717",,"cc","cc",,,,"coords_both","High","PARQUE ESTADUAL ILHABELA"
,,,,"iNaturalist","Observations","iNaturalist research-grade observations","HUMAN_OBSERVATION","193812761",,"dataecologist",,"2023-12-12T11:21:38","2023","12","12","2023-12-12 11:21:38",,,"BR","BR","São Paulo",,,"Ilhabela, SP, 11630-000, Brazil","Ilhabela, SP, 11630-000, Brazil",,"-23.793278","-45.331897",,,,,"Chris Kettinger","2023-12-12 20:12:13",,"Vriesea flammea L.B.Sm.","Liliopsida","Poales","Bromeliaceae","Vriesea","species",,"ACCEPTED",,,"Vriesea flammea L.B.Sm.",,,,"Vriesea flammea","Vriesea flammea","804239","EPSG:4326",,,,,"GBIF","Observations","code not found","Dataecologist",,"2023","Kettinger, C.","2023",,"Dataecologist",,"brazil","sao paulo","ilhabela","ilhabela",,"locality","brazil_sao paulo_ilhabela_ilhabela","brazil_sao paulo_ilhabela_ilhabela",-23.845587,-45.334266,"locality",665159,"Vriesea flammea","L.B.Sm.","name_w_authors","Bromeliaceae","Vriesea flammea","L.B.Sm.","species","name accepted","bfo-6461",,,"Vriesea flammea L.B.Sm.","Vriesea","Bromeliaceae","brazil_sao paulo_ilhabela","Brazil","São Paulo","Ilhabela",,"ibge",TRUE,-23.793278,-45.331897,"coord_original","miliseconds","low","Vriesea flammea","ok_same_resolution","ok_county",,FALSE,"ok_dist","full_name_match","Observations_193812761",,"cc","cc",,,,"coords_both","High","PARQUE ESTADUAL ILHABELA"
,,,,"iNaturalist","Observations","iNaturalist research-grade observations","HUMAN_OBSERVATION","192279385",,"irmi",,"2023-07-31T15:20","2023","7","31","2023/07/31 15:20",,,"BR","BR","São Paulo",,,"Ilhabela - São Paulo, Brasilien","Ilhabela - São Paulo, Brasilien",,"-23.84504","-45.356328",,,,,"irmi","2023-11-27 01:48:01",,"Thunbergia alata Bojer ex Sims","Magnoliopsida","Lamiales","Acanthaceae","Thunbergia","species",,"ACCEPTED",,,"Thunbergia alata Bojer ex Sims",,,,"Thunbergia alata","Thunbergia alata","132458","EPSG:4326",,,,,"GBIF","Observations","code not found","Irmi",,"2023","Irmi","2023",,"Irmi",,"brazil","sao paulo","ilhabela","ilhabela",,"locality","brazil_sao paulo_ilhabela_ilhabela","brazil_sao paulo_ilhabela_ilhabela",-23.845587,-45.334266,"locality",660797,"Thunbergia alata","Bojer ex Sims","name_w_authors","Acanthaceae","Thunbergia alata","Bojer ex Sims","species","name accepted","bfo-21730",,,"Thunbergia alata Bojer ex Sims","Thunbergia","Acanthaceae","brazil_sao paulo_ilhabela","Brazil","São Paulo","Ilhabela",,"ibge",TRUE,-23.84504,-45.356328,"coord_original","miliseconds","low","Thunbergia alata","ok_same_resolution","ok_county",,FALSE,"ok_dist","full_name_match","Observations_192279385",,"cc","cc",,,,"coords_both","High","PARQUE ESTADUAL ILHABELA"
,,,,"iNaturalist","Observations","iNaturalist research-grade observations","HUMAN_OBSERVATION","193812736",,"dataecologist",,"2023-12-12T11:23:36","2023","12","12","2023-12-12 11:23:36",,,"BR","BR","São Paulo",,,"Ilhabela, SP, 11630-000, Brazil","Ilhabela, SP, 11630-000, Brazil",,"-23.793281","-45.3319",,,,,"dataecologist","2023-12-12 19:16:56",,"Nidularium innocentii Lem.","Liliopsida","Poales","Bromeliaceae","Nidularium","species",,"ACCEPTED",,,"Nidularium innocentii Lem.",,,,"Nidularium innocentii","Nidularium innocentii","508775","EPSG:4326",,,,,"GBIF","Observations","code not found","Dataecologist",,"2023","Dataecologist","2023",,"Dataecologist",,"brazil","sao paulo","ilhabela","ilhabela",,"locality","brazil_sao paulo_ilhabela_ilhabela","brazil_sao paulo_ilhabela_ilhabela",-23.845587,-45.334266,"locality",665209,"Nidularium innocentii","Lem.","name_w_authors","Bromeliaceae","Nidularium innocentii","Lem.","species","name accepted","bfo-6253",,,"Nidularium innocentii Lem.","Nidularium","Bromeliaceae","brazil_sao paulo_ilhabela","Brazil","São Paulo","Ilhabela",,"ibge",TRUE,-23.793281,-45.3319,"coord_original","miliseconds","low","Nidularium innocentii","ok_same_resolution","ok_county",,FALSE,"ok_dist","full_name_match","Observations_193812736",,"cc","cc",,,,"coords_both","High","PARQUE ESTADUAL ILHABELA"
,,,,"iNaturalist","Observations","iNaturalist research-grade observations","HUMAN_OBSERVATION","193812413",,"dataecologist",,"2023-12-12T13:18:57","2023","12","12","2023-12-12 13:18:57",,,"BR","BR","São Paulo",,,"Ilhabela, SP, 11630-000, Brazil","Ilhabela, SP, 11630-000, Brazil",,"-23.800631","-45.349225",,,,,"Marlon Garlet Facco","2023-12-28 17:41:34",,"Cuphea carthagenensis (Jacq.) J.F.Macbr.","Magnoliopsida","Myrtales","Lythraceae","Cuphea","species",,"ACCEPTED",,,"Cuphea carthagenensis (Jacq.) J.F.Macbr.",,,,"Cuphea carthagenensis","Cuphea carthagenensis","161255","EPSG:4326",,,,,"GBIF","Observations","code not found","Dataecologist",,"2023","Facco, M.G.","2023",,"Dataecologist",,"brazil","sao paulo","ilhabela","ilhabela",,"locality","brazil_sao paulo_ilhabela_ilhabela","brazil_sao paulo_ilhabela_ilhabela",-23.845587,-45.334266,"locality",666762,"Cuphea carthagenensis","(Jacq.) J.F.Macbr.","name_w_authors","Lythraceae","Cuphea carthagenensis","(Jacq.) J.F.Macbr.","species","name accepted","bfo-8744",,,"Cuphea carthagenensis (Jacq.) J.F.Macbr.","Cuphea","Lythraceae","brazil_sao paulo_ilhabela","Brazil","São Paulo","Ilhabela",,"ibge",TRUE,-23.800631,-45.349225,"coord_original","miliseconds","low","Cuphea carthagenensis","ok_same_resolution","ok_state",,FALSE,"ok_dist","full_name_match","Observations_193812413",,"cc","cc",,,,"coords_both","High","PARQUE ESTADUAL ILHABELA"
,,,,"iNaturalist","Observations","iNaturalist research-grade observations","HUMAN_OBSERVATION","163499886",,"Victor Beccari",,"2023-05-23T17:18","2023","5","23","2023/05/23 5:18 PM",,,"BR","BR","São Paulo",,,"Ilhabela - State of São Paulo, Brazil","Ilhabela - State of São Paulo, Brazil",,"-23.845792","-45.354183",,,,,"Victor Beccari","2023-05-24 15:59:47",,"Cecropia glaziovii Snethl.","Magnoliopsida","Rosales","Urticaceae","Cecropia","species",,"ACCEPTED",,,"Cecropia glaziovii Snethl.",,,,"Cecropia glaziovii","Cecropia glaziovii","83966","EPSG:4326",,,,,"GBIF","Observations","code not found","Beccari, V.",,"2023","Beccari, V.","2023",,"Beccari",,"brazil","sao paulo","ilhabela","ilhabela",,"locality","brazil_sao paulo_ilhabela_ilhabela","brazil_sao paulo_ilhabela_ilhabela",-23.845587,-45.334266,"locality",649346,"Cecropia glaziovii","Snethl.","name_w_authors","Urticaceae","Cecropia glaziovii","Snethl.","species","name accepted","bfo-15039",,,"Cecropia glaziovii Snethl.","Cecropia","Urticaceae","brazil_sao paulo_ilhabela","Brazil","São Paulo","Ilhabela",,"ibge",TRUE,-23.845792,-45.354183,"coord_original","miliseconds","low","Cecropia glaziovii","ok_same_resolution","ok_county",,FALSE,"ok_dist","full_name_match","Observations_163499886",,"cc","cc",,,,"coords_both","High","PARQUE ESTADUAL ILHABELA"
,,,,"iNaturalist","Observations","iNaturalist research-grade observations","HUMAN_OBSERVATION","193812479",,"dataecologist",,"2023-12-12T12:50:55","2023","12","12","2023-12-12 12:50:55",,,"BR","BR","São Paulo",,,"Ilhabela, SP, 11630-000, Brazil","Ilhabela, SP, 11630-000, Brazil",,"-23.798053","-45.342575",,,,,"dataecologist","2023-12-12 19:12:14",,"Astrocaryum aculeatissimum (Schott) Burret","Liliopsida","Arecales","Arecaceae","Astrocaryum","species",,"ACCEPTED",,,"Astrocaryum aculeatissimum (Schott) Burret",,,,"Astrocaryum aculeatissimum","Astrocaryum aculeatissimum","364270","EPSG:4326",,,,,"GBIF","Observations","code not found","Dataecologist",,"2023","Dataecologist","2023",,"Dataecologist",,"brazil","sao paulo","ilhabela","ilhabela",,"locality","brazil_sao paulo_ilhabela_ilhabela","brazil_sao paulo_ilhabela_ilhabela",-23.845587,-45.334266,"locality",667027,"Astrocaryum aculeatissimum","(Schott) Burret","name_w_authors","Arecaceae","Astrocaryum aculeatissimum","(Schott) Burret","species","name accepted","bfo-15671",,,"Astrocaryum aculeatissimum (Schott) Burret","Astrocaryum","Arecaceae","brazil_sao paulo_ilhabela","Brazil","São Paulo","Ilhabela",,"ibge",TRUE,-23.798053,-45.342575,"coord_original","miliseconds","low","Astrocaryum aculeatissimum","ok_same_resolution","ok_county",,FALSE,"ok_dist","full_name_match","Observations_193812479",,"cc","cc",,,,"coords_both","High","PARQUE ESTADUAL ILHABELA"
,,,,"iNaturalist","Observations","iNaturalist research-grade observations","HUMAN_OBSERVATION","107255340",,"Lori Petrauski",,"2022-02-22T12:17:40","2022","2","22","2022-02-22 12:17:40",,,"BR","BR","São Paulo",,,"Ilhabela, SP, 11630-000, Brazil","Ilhabela, SP, 11630-000, Brazil",,"-23.730648","-45.315773",,,,,"chugbug111","2024-05-27 04:34:10",,"Eclipta prostrata (L.) L.","Magnoliopsida","Asterales","Asteraceae","Eclipta","species",,"ACCEPTED",,,"Eclipta prostrata (L.) L.",,,,"Eclipta prostrata","Eclipta prostrata","76765","EPSG:4326",,,,,"GBIF","Observations","code not found","Petrauski, L.",,"2022","Chugbug","2024",,"Petrauski",,"brazil","sao paulo","ilhabela","ilhabela",,"locality","brazil_sao paulo_ilhabela_ilhabela","brazil_sao paulo_ilhabela_ilhabela",-23.845587,-45.334266,"locality",677218,"Eclipta prostrata","(L.) L.","name_w_authors","Asteraceae","Eclipta prostrata","(L.) L.","species","name accepted","bfo-16092",,,"Eclipta prostrata (L.) L.","Eclipta","Asteraceae","brazil_sao paulo_ilhabela","Brazil","São Paulo","Ilhabela",,"ibge",TRUE,-23.730648,-45.315773,"coord_original","miliseconds","low","Eclipta prostrata","ok_same_resolution","ok_county",,FALSE,"ok_dist","full_name_match","Observations_107255340",,"cc","cc",,,,"coords_both","High","PARQUE ESTADUAL ILHABELA"
,,,,"iNaturalist","Observations","iNaturalist research-grade observations","HUMAN_OBSERVATION","108607159",,"Carlos Otávio Gussoni",,"2022-03-14T10:29:43","2022","3","14","2022-03-14 10:29:43",,,"BR","BR","São Paulo",,,"Ilhabela, SP, 11630-000, Brasil","Ilhabela, SP, 11630-000, Brasil",,"-23.842539","-45.357758",,,,,"Victor Farjalla Pontes","2022-03-14 22:46:50",,"Vriesea ensiformis (Vell.) Beer","Liliopsida","Poales","Bromeliaceae","Vriesea","species",,"ACCEPTED",,,"Vriesea ensiformis (Vell.) Beer",,,,"Vriesea ensiformis","Vriesea ensiformis","1060910","EPSG:4326",,,,,"GBIF","Observations","code not found","Gussoni, C.O.",,"2022","Pontes, V.F.","2022",,"Gussoni",,"brazil","sao paulo","ilhabela","ilhabela",,"locality","brazil_sao paulo_ilhabela_ilhabela","brazil_sao paulo_ilhabela_ilhabela",-23.845587,-45.334266,"locality",592931,"Vriesea ensiformis","(Vell.) Beer","name_w_authors","Bromeliaceae","Vriesea ensiformis","(Vell.) Beer","species","name accepted","bfo-6457",,,"Vriesea ensiformis (Vell.) Beer","Vriesea","Bromeliaceae","brazil_sao paulo_ilhabela","Brazil","São Paulo","Ilhabela",,"ibge",TRUE,-23.842539,-45.357758,"coord_original","miliseconds","low","Vriesea ensiformis","ok_same_resolution","ok_county",,FALSE,"ok_dist","full_name_match","Observations_108607159",,"cc","cc",,,,"coords_both","High","PARQUE ESTADUAL ILHABELA"
,,,,"iNaturalist","Observations","iNaturalist research-grade observations","HUMAN_OBSERVATION","107821244",,"Lori Petrauski",,"2022-02-22T12:18:35","2022","2","22","2022-02-22 12:18:35",,,"BR","BR","São Paulo",,,"Ilhabela, Ilhabela, BR-SP, BR","Ilhabela, Ilhabela, BR-SP, BR",,"-23.729061","-45.31672",,,,,"Lori Petrauski","2022-03-03 13:45:29",,"Talinum paniculatum (Jacq.) Gaertn.","Magnoliopsida","Caryophyllales","Talinaceae","Talinum","species",,"ACCEPTED",,,"Talinum paniculatum (Jacq.) Gaertn.",,,,"Talinum paniculatum","Talinum paniculatum","169540","EPSG:4326",,,,,"GBIF","Observations","code not found","Petrauski, L.",,"2022","Petrauski, L.","2022",,"Petrauski",,"brazil","sao paulo","ilhabela","ilhabela",,"locality","brazil_sao paulo_ilhabela_ilhabela","brazil_sao paulo_ilhabela_ilhabela",-23.845587,-45.334266,"locality",593202,"Talinum paniculatum","(Jacq.) Gaertn.","name_w_authors","Talinaceae","Talinum paniculatum","(Jacq.) Gaertn.","species","name accepted","bfo-20629",,,"Talinum paniculatum (Jacq.) Gaertn.","Talinum","Talinaceae","brazil_sao paulo_ilhabela","Brazil","São Paulo","Ilhabela",,"ibge",TRUE,-23.729061,-45.31672,"coord_original","miliseconds","low","Talinum paniculatum","ok_same_resolution","ok_county",,FALSE,"ok_dist","full_name_match","Observations_107821244",,"cc","cc",,,,"coords_both","High","PARQUE ESTADUAL ILHABELA"
,,,,"iNaturalist","Observations","iNaturalist research-grade observations","HUMAN_OBSERVATION","129624370",,"João D'Andretta",,"2022-07-26T16:00","2022","7","26","2022/07/26 16:00",,,"BR","BR","São Paulo",,,"Ilhabela - SP, Brasil","Ilhabela - SP, Brasil",,"-23.93673","-45.416332",,,,,"Victor Farjalla Pontes","2022-08-09 01:26:58","By the location...","Quesnelia arvensis (Vell.) Mez","Liliopsida","Poales","Bromeliaceae","Quesnelia","species",,"ACCEPTED",,,"Quesnelia arvensis (Vell.) Mez",,,,"Quesnelia arvensis","Quesnelia arvensis","847571","EPSG:4326",,,,,"GBIF","Observations","code not found","D'andretta, J.",,"2022","Pontes, V.F.","2022",,"D'andretta",,"brazil","sao paulo","ilhabela","ilhabela",,"locality","brazil_sao paulo_ilhabela_ilhabela","brazil_sao paulo_ilhabela_ilhabela",-23.845587,-45.334266,"locality",588064,"Quesnelia arvensis","(Vell.) Mez","name_w_authors","Bromeliaceae","Quesnelia arvensis","(Vell.) Mez","species","name accepted","bfo-6336",,,"Quesnelia arvensis (Vell.) Mez","Quesnelia","Bromeliaceae","brazil_sao paulo_ilhabela","Brazil","São Paulo","Ilhabela",,"ibge",TRUE,-23.93673,-45.416332,"coord_original","miliseconds","low","Quesnelia arvensis","ok_same_resolution","ok_county",,FALSE,"ok_dist","full_name_match","Observations_129624370",,"cc","cc",,,,"coords_both","High","PARQUE ESTADUAL ILHABELA"
,,,,"iNaturalist","Observations","iNaturalist research-grade observations","HUMAN_OBSERVATION","108607556",,"Carlos Otávio Gussoni",,"2022-03-14T10:55:09","2022","3","14","2022-03-14 10:55:09",,,"BR","BR","São Paulo",,,"Ilhabela, SP, 11630-000, Brasil","Ilhabela, SP, 11630-000, Brasil",,"-23.845103","-45.354747",,,,,"Victor Farjalla Pontes","2022-03-14 22:44:58",,"Nidularium billbergioides (Schult. & Schult.f.) L.B.Sm.","Liliopsida","Poales","Bromeliaceae","Canistropsis","species",,"SYNONYM",,,"Canistropsis billbergioides (Schult. & Schult.f.) Leme",,,,"Nidularium billbergioides","Canistropsis billbergioides","516994","EPSG:4326",,,,,"GBIF","Observations","code not found","Gussoni, C.O.",,"2022","Pontes, V.F.","2022",,"Gussoni",,"brazil","sao paulo","ilhabela","ilhabela",,"locality","brazil_sao paulo_ilhabela_ilhabela","brazil_sao paulo_ilhabela_ilhabela",-23.845587,-45.334266,"locality",593046,"Canistropsis billbergioides","(Schult. & Schult.f.) Leme","name_w_authors","Bromeliaceae","Canistropsis billbergioides","(Schult. & Schult.f.) Leme","species","replaced synonym","bfo-5964","Canistropsis billbergioides","(Schult. & Schult.f.) Leme","Canistropsis billbergioides (Schult. & Schult.f.) Leme","Canistropsis","Bromeliaceae","brazil_sao paulo_ilhabela","Brazil","São Paulo","Ilhabela",,"ibge",TRUE,-23.845103,-45.354747,"coord_original","miliseconds","low","Canistropsis billbergioides","ok_same_resolution","ok_county",,FALSE,"ok_dist","full_name_match","Observations_108607556",,"cc","cc",,,,"coords_both","High","PARQUE ESTADUAL ILHABELA"
,,,,"iNaturalist","Observations","iNaturalist research-grade observations","HUMAN_OBSERVATION","104542998",,"Matheus de souza ferreira",,"2021-12-27T11:49:13","2021","12","27","2021-12-27 11:49:13",,,"BR","BR","São Paulo",,,"Ilhabela, SP, 11630-000, Brasil","Ilhabela, SP, 11630-000, Brasil",,"-23.844967","-45.360575",,,,,"wojciech","2022-01-09 18:05:13",,"Impatiens walleriana Hook.fil.","Magnoliopsida","Ericales","Balsaminaceae","Impatiens","species",,"ACCEPTED",,,"Impatiens walleriana Hook.fil.",,,,"Impatiens walleriana","Impatiens walleriana","68185","EPSG:4326",,,,,"GBIF","Observations","code not found","Ferreira, M.S.",,"2021","Wojciech","2022",,"Ferreira",,"brazil","sao paulo","ilhabela","ilhabela",,"locality","brazil_sao paulo_ilhabela_ilhabela","brazil_sao paulo_ilhabela_ilhabela",-23.845587,-45.334266,"locality",580073,"Impatiens walleriana","Hook.f.","name_w_authors","Balsaminaceae","Impatiens walleriana","Hook.f.","species","author misspelled","bfo-130841",,,"Impatiens walleriana Hook.f.","Impatiens","Balsaminaceae","brazil_sao paulo_ilhabela","Brazil","São Paulo","Ilhabela",,"ibge",TRUE,-23.844967,-45.360575,"coord_original","miliseconds","low","Impatiens walleriana","ok_same_resolution","ok_county",,FALSE,"ok_dist","full_name_match","Observations_104542998",,"cc","cc",,,,"coords_both","High","PARQUE ESTADUAL ILHABELA"
,,,,"iNaturalist","Observations","iNaturalist research-grade observations","HUMAN_OBSERVATION","104542943",,"Matheus de souza ferreira",,"2021-12-27T11:31:59","2021","12","27","2021-12-27 11:31:59",,,"BR","BR","São Paulo",,,"Ilhabela, Ilhabela, BR-SP, BR","Ilhabela, Ilhabela, BR-SP, BR",,"-23.849824","-45.342718",,,,,"Igor Kuzmin","2022-02-07 05:32:21",,"Impatiens hawkeri W.Bull","Magnoliopsida","Ericales","Balsaminaceae","Impatiens","species",,"ACCEPTED",,,"Impatiens hawkeri W.Bull",,,,"Impatiens hawkeri","Impatiens hawkeri","349271","EPSG:4326",,,,,"GBIF","Observations","code not found","Ferreira, M.S.",,"2021","Kuzmin, I.","2022",,"Ferreira",,"brazil","sao paulo","ilhabela","ilhabela",,"locality","brazil_sao paulo_ilhabela_ilhabela","brazil_sao paulo_ilhabela_ilhabela",-23.845587,-45.334266,"locality",690075,"Impatiens hawkeri","W.Bull","name_w_authors","Balsaminaceae","Impatiens hawkeri","W.Bull","species","name accepted","bfo-632792",,,"Impatiens hawkeri W.Bull","Impatiens","Balsaminaceae","brazil_sao paulo_ilhabela","Brazil","São Paulo","Ilhabela",,"ibge",TRUE,-23.849824,-45.342718,"coord_original","miliseconds","low","Impatiens hawkeri","ok_same_resolution","ok_county",,FALSE,"ok_dist","full_name_match","Observations_104542943",,"cc","cc",,,,"coords_both","High","PARQUE ESTADUAL ILHABELA"
,,,,"iNaturalist","Observations","iNaturalist research-grade observations","HUMAN_OBSERVATION","104543093",,"Matheus de souza ferreira",,"2021-12-27T23:44:33","2021","12","27","2021-12-27 23:44:33",,,"BR","BR","São Paulo",,,"Ilhabela, SP, 11630-000, Brasil","Ilhabela, SP, 11630-000, Brasil",,"-23.841842","-45.358333",,,,,"Kai-Philipp Schablewski","2022-01-08 01:21:23",,"Aphelandra prismatica (Vell.) Hiern","Magnoliopsida","Lamiales","Acanthaceae","Aphelandra","species",,"ACCEPTED",,,"Aphelandra prismatica (Vell.) Hiern",,,,"Aphelandra prismatica","Aphelandra prismatica","355810","EPSG:4326",,,,,"GBIF","Observations","code not found","Ferreira, M.S.",,"2021","Schablewski, K.-P.","2022",,"Ferreira",,"brazil","sao paulo","ilhabela","ilhabela",,"locality","brazil_sao paulo_ilhabela_ilhabela","brazil_sao paulo_ilhabela_ilhabela",-23.845587,-45.334266,"locality",579604,"Aphelandra prismatica","(Vell.) Hiern","name_w_authors","Acanthaceae","Aphelandra prismatica","(Vell.) Hiern","species","name accepted","bfo-4108",,,"Aphelandra prismatica (Vell.) Hiern","Aphelandra","Acanthaceae","brazil_sao paulo_ilhabela","Brazil","São Paulo","Ilhabela",,"ibge",TRUE,-23.841842,-45.358333,"coord_original","seconds","low","Aphelandra prismatica","ok_same_resolution","ok_state",,FALSE,"ok_dist","full_name_match","Observations_104543093",,"cc","cc",,,,"coords_both","High","PARQUE ESTADUAL ILHABELA"
,,,,"iNaturalist","Observations","iNaturalist research-grade observations","HUMAN_OBSERVATION","103047842",,"Denis Zabin",,"2021-12-11T10:39","2021","12","11","2021/12/11 10:39 AM -0300",,,"BR","BR","São Paulo",,,"Ilhabela - SP, Brasil","Ilhabela - SP, Brasil",,"-23.923002","-45.358038",,,,,"Denis Zabin","2021-12-14 15:07:46",,"Myrcia splendens (Sw.) DC.","Magnoliopsida","Myrtales","Myrtaceae","Myrcia","species",,"ACCEPTED",,,"Myrcia splendens (Sw.) DC.",,,,"Myrcia splendens","Myrcia splendens","285739","EPSG:4326",,,,,"GBIF","Observations","code not found","Zabin, D.",,"2021","Zabin, D.","2021",,"Zabin",,"brazil","sao paulo","ilhabela","ilhabela",,"locality","brazil_sao paulo_ilhabela_ilhabela","brazil_sao paulo_ilhabela_ilhabela",-23.845587,-45.334266,"locality",588076,"Myrcia splendens","(Sw.) DC.","name_w_authors","Myrtaceae","Myrcia splendens","(Sw.) DC.","species","name accepted","bfo-10759",,,"Myrcia splendens (Sw.) DC.","Myrcia","Myrtaceae","brazil_sao paulo_ilhabela","Brazil","São Paulo","Ilhabela",,"ibge",TRUE,-23.923002,-45.358038,"coord_original","miliseconds","low","Myrcia splendens","ok_same_resolution","ok_county",,FALSE,"ok_dist","full_name_match","Observations_103047842",,"cc","cc",,,,"coords_both","High","PARQUE ESTADUAL ILHABELA"
,,,,"iNaturalist","Observations","iNaturalist research-grade observations","HUMAN_OBSERVATION","103049876",,"Denis Zabin",,"2021-12-11T10:28","2021","12","11","2021/12/11 10:28 AM -0300",,,"BR","BR","São Paulo",,,"Ilhabela - SP, Brasil","Ilhabela - SP, Brasil",,"-23.924453","-45.364432",,,,,"Denis Zabin","2021-12-14 15:59:33",,"Bomarea edulis (Tussac) Herb.","Liliopsida","Liliales","Alstroemeriaceae","Bomarea","species",,"ACCEPTED",,,"Bomarea edulis (Tussac) Herb.",,,,"Bomarea edulis","Bomarea edulis","283355","EPSG:4326",,,,,"GBIF","Observations","code not found","Zabin, D.",,"2021","Zabin, D.","2021",,"Zabin",,"brazil","sao paulo","ilhabela","ilhabela",,"locality","brazil_sao paulo_ilhabela_ilhabela","brazil_sao paulo_ilhabela_ilhabela",-23.845587,-45.334266,"locality",592882,"Bomarea edulis","(Tussac) Herb.","name_w_authors","Alstroemeriaceae","Bomarea edulis","(Tussac) Herb.","species","name accepted","bfo-4300",,,"Bomarea edulis (Tussac) Herb.","Bomarea","Alstroemeriaceae","brazil_sao paulo_ilhabela","Brazil","São Paulo","Ilhabela",,"ibge",TRUE,-23.924453,-45.364432,"coord_original","miliseconds","low","Bomarea edulis","ok_same_resolution","ok_county",,FALSE,"ok_dist","full_name_match","Observations_103049876",,"cc","cc",,,,"coords_both","High","PARQUE ESTADUAL ILHABELA"
,,,,"iNaturalist","Observations","iNaturalist research-grade observations","HUMAN_OBSERVATION","102998185",,"Alex",,"2021-12-13T13:51:12","2021","12","13","Mon Dec 13 2021 13:51:12 GMT -0200 (GMT-2)",,,"BR","BR","São Paulo",,,"Ilhabela, BR-SP, BR","Ilhabela, BR-SP, BR",,"-23.735561","-45.294678",,,,,"Alex","2021-12-13 15:52:42",,"Artocarpus heterophyllus Lam.","Magnoliopsida","Rosales","Moraceae","Artocarpus","species",,"ACCEPTED",,,"Artocarpus heterophyllus Lam.",,,,"Artocarpus heterophyllus","Artocarpus heterophyllus","123003","EPSG:4326",,,,,"GBIF","Observations","code not found","Alex",,"2021","Alex","2021",,"Alex",,"brazil","sao paulo","ilhabela","ilhabela",,"locality","brazil_sao paulo_ilhabela_ilhabela","brazil_sao paulo_ilhabela_ilhabela",-23.845587,-45.334266,"locality",579470,"Artocarpus heterophyllus","Lam.","name_w_authors","Moraceae","Artocarpus heterophyllus","Lam.","species","name accepted","bfo-85712",,,"Artocarpus heterophyllus Lam.","Artocarpus","Moraceae","brazil_sao paulo_ilhabela","Brazil","São Paulo","Ilhabela",,"ibge",TRUE,-23.735561,-45.294678,"coord_original","miliseconds","low","Artocarpus heterophyllus","ok_same_resolution","ok_county",,FALSE,"ok_dist","full_name_match","Observations_102998185",,"cc","cc",,,,"coords_both","High","PARQUE ESTADUAL ILHABELA"
,,"https://specieslink.net/col/204",,"UEFS","HUEFS",,"PRESERVED_SPECIMEN","264277","1","França, V.B.",,"2013-03-02","2013","3","2",,,,"Brasil","BR","São Paulo",,"São Sebastião","Parque Estadual de Ilhabela. Estrada para praia de Castelhanos.",,,"-23.847778","-45.3475",,,,,"V.R.França","2013-01-01",,"Rhipsalis crispata (Haw.) Pfeiff.","Magnoliopsida","Caryophyllales","Cactaceae","Rhipsalis","species","(Haw.) Pfeiff.","ACCEPTED",,,"Rhipsalis crispata (Haw.) Pfeiff.",,,,"Rhipsalis crispata","Rhipsalis crispata",,"WGS84","https://images.cria.org.br/viewer/HUEFS0264277",,,,"GBIF","HUEFS",,"Franca, V.B.","1","2013","Franca, V.R.","2013",,"Franca",,"brazil","sao paulo","sao sebastiao","parque estadual de ilhabela, estrada para praia de castelhanos","parque estadual de ilhabela","locality","brazil_sao paulo_sao sebastiao","brazil_sao paulo_sao sebastiao",-23.75242089,-45.60629823,"county",687529,"Rhipsalis crispata","(Haw.) Pfeiff.","name_w_authors","Cactaceae","Rhipsalis crispata","(Haw.) Pfeiff.","species","name accepted","bfo-1694",,,"Rhipsalis crispata (Haw.) Pfeiff.","Rhipsalis","Cactaceae","brazil_sao paulo_sao sebastiao","Brazil","São Paulo","São Sebastião",,"gadm",TRUE,-23.847778,-45.3475,"coord_original","miliseconds","low","Rhipsalis crispata","check_local.2municip.","ok_state",,FALSE,"ok_dist","full_name_match","HUEFS_264277",,"0","0",,,,"plantr_exact","High","PARQUE ESTADUAL ILHABELA"
,,,,"iNaturalist","Observations","iNaturalist research-grade observations","HUMAN_OBSERVATION","19662453",,"Pablo Fraire",,"2012-01-19","2012","1","19","2012/01/19 9:57 AM -03",,,"BR","BR","São Paulo",,,"Ilhabela - Estado de São Paulo, 11630-000, Brasil","Ilhabela - Estado de São Paulo, 11630-000, Brasil",,"-23.935224","-45.422389",,,,,"Pablo Fraire","2019-01-15 21:04:35",,"Mimosa pudica L.","Magnoliopsida","Fabales","Fabaceae","Mimosa","species",,"ACCEPTED",,,"Mimosa pudica L.",,,,"Mimosa pudica","Mimosa pudica","51921","EPSG:4326",,,,,"GBIF","Observations","code not found","Fraire, P.",,"2012","Fraire, P.","2019",,"Fraire",,"brazil","sao paulo","ilhabela","ilhabela",,"locality","brazil_sao paulo_ilhabela_ilhabela","brazil_sao paulo_ilhabela_ilhabela",-23.845587,-45.334266,"locality",690062,"Mimosa pudica","L.","name_w_authors","Fabaceae","Mimosa pudica","L.","species","name accepted","bfo-83449",,,"Mimosa pudica L.","Mimosa","Fabaceae","brazil_sao paulo_ilhabela","Brazil","São Paulo","Ilhabela",,"ibge",TRUE,-23.935224,-45.422389,"coord_original","miliseconds","low","Mimosa pudica","ok_same_resolution","ok_county",,FALSE,"ok_dist","full_name_match","Observations_19662453",,"cc","cc",,,,"coords_both","High","PARQUE ESTADUAL ILHABELA"
,,,,"iNaturalist","Observations","iNaturalist research-grade observations","HUMAN_OBSERVATION","19663862",,"Pablo Fraire",,"2012-01-23","2012","1","23","2012/01/23 9:03 AM -03",,,"BR","BR","São Paulo",,,"Ilhabela - Estado de São Paulo, 11630-000, Brasil","Ilhabela - Estado de São Paulo, 11630-000, Brasil",,"-23.838585","-45.359351",,,,,"ashegan","2019-01-25 17:33:24",,"Delonix regia (Bojer ex Hook.) Raf.","Magnoliopsida","Fabales","Fabaceae","Delonix","species",,"ACCEPTED",,,"Delonix regia (Bojer ex Hook.) Raf.",,,,"Delonix regia","Delonix regia","62839","EPSG:4326",,,,,"GBIF","Observations","code not found","Fraire, P.",,"2012","Ashegan","2019",,"Fraire",,"brazil","sao paulo","ilhabela","ilhabela",,"locality","brazil_sao paulo_ilhabela_ilhabela","brazil_sao paulo_ilhabela_ilhabela",-23.845587,-45.334266,"locality",566656,"Delonix regia","(Bojer ex Hook.) Raf.","name_w_authors","Fabaceae","Delonix regia","(Bojer ex Hook.) Raf.","species","name accepted","bfo-22927",,,"Delonix regia (Bojer ex Hook.) Raf.","Delonix","Fabaceae","brazil_sao paulo_ilhabela","Brazil","São Paulo","Ilhabela",,"ibge",TRUE,-23.838585,-45.359351,"coord_original","miliseconds","low","Delonix regia","ok_same_resolution","ok_state",,FALSE,"ok_dist","full_name_match","Observations_19663862",,"cc","cc",,,,"coords_both","High","PARQUE ESTADUAL ILHABELA"
,,,,"iNaturalist","Observations","iNaturalist research-grade observations","HUMAN_OBSERVATION","19662455",,"Pablo Fraire",,"2012-01-19","2012","1","19","2012/01/19 10:00 AM -03",,,"BR","BR","São Paulo",,,"Ilhabela - Estado de São Paulo, 11630-000, Brasil","Ilhabela - Estado de São Paulo, 11630-000, Brasil",,"-23.934616","-45.419786",,,,,"Pablo Fraire","2019-01-15 21:04:37",,"Alpinia zerumbet (Pers.) B.L.Burtt & R.M.Sm.","Liliopsida","Zingiberales","Zingiberaceae","Alpinia","species",,"ACCEPTED",,,"Alpinia zerumbet (Pers.) B.L.Burtt & R.M.Sm.",,,,"Alpinia zerumbet","Alpinia zerumbet","154776","EPSG:4326",,,,,"GBIF","Observations","code not found","Fraire, P.",,"2012","Fraire, P.","2019",,"Fraire",,"brazil","sao paulo","ilhabela","ilhabela",,"locality","brazil_sao paulo_ilhabela_ilhabela","brazil_sao paulo_ilhabela_ilhabela",-23.845587,-45.334266,"locality",325120,"Alpinia zerumbet","(Pers.) B.L.Burtt & R.M.Sm.","name_w_authors","Zingiberaceae","Alpinia zerumbet","(Pers.) B.L.Burtt & R.M.Sm.","species","name accepted","bfo-110703",,,"Alpinia zerumbet (Pers.) B.L.Burtt & R.M.Sm.","Alpinia","Zingiberaceae","brazil_sao paulo_ilhabela","Brazil","São Paulo","Ilhabela",,"ibge",TRUE,-23.934616,-45.419786,"coord_original","miliseconds","low","Alpinia zerumbet","ok_same_resolution","ok_county",,FALSE,"ok_dist","full_name_match","Observations_19662455",,"cc","cc",,,,"coords_both","High","PARQUE ESTADUAL ILHABELA"
,,"https://specieslink.net/col/1",,"IPA/SP","SP",,"PRESERVED_SPECIMEN","335066","849","Baitello, JB; et al.",,"1998-12-15","1998","12","15",,,,"Brasil","BR","São Paulo",,"Ilhabela","Parque Estadual de Ilhabela, região dos Três Tombos, cachoeira do 2° tombo",,,,,,,,,"Pastore, JA","1999-02-22",,"Trema micranthum (L.) Blume","Magnoliopsida","Rosales","Cannabaceae","Trema","species","(L.) Blume","ACCEPTED",,,"Trema micranthum (L.) Blume",,,,"Trema micrantha","Trema micranthum",,"WGS84",,,,,"GBIF","SP","code partially found","Baitello, J.B.","849","1998","Pastore, J.A.","1999",,"Baitello",,"brazil","sao paulo","ilhabela","parque estadual de ilhabela",,"locality","brazil_sao paulo_ilhabela","brazil_sao paulo_ilhabela",-23.85166951,-45.32677547,"county",460786,"Trema micranthum","(L.) Blume","name_w_authors","Cannabaceae","Trema micranthum","(L.) Blume","species","name accepted","bfo-106894",,,"Trema micranthum (L.) Blume","Trema","Cannabaceae","brazil_sao paulo_ilhabela","Brazil","São Paulo","Ilhabela",,"ibge",TRUE,-23.85166951,-45.32677547,"coord_gazet","seconds_centroid","low","Trema micranthum","check_local.2municip.","ok_county_gazet",,FALSE,"ok_dist","full_name_match","SP_335066",,"0","0",,,,"plantr_exact","High","PARQUE ESTADUAL ILHABELA"
,,"https://specieslink.net/col/155",,"UFPE","UFP",,"PRESERVED_SPECIMEN","32999","48","Rapini, A; Proença, SL; Kirizawa, M",,"1995-08-23","1995","8","23",,,,"Brazil","BR","São Paulo",,"Ilhabela","Parque Estadual de Ilhabela, Trilha da Água Branca.",,,,,,,,,"Kirizawa, M",,,"Tradescantia fluminensis Vell.","Liliopsida","Commelinales","Commelinaceae","Tradescantia","species","Vell.","ACCEPTED",,,"Tradescantia fluminensis Vell.",,,,"Tradescantia fluminensis","Tradescantia fluminensis",,"WGS84",,,,,"GBIF","UFP",,"Rapini, A.","48","1995","Kirizawa, M.",,"Proenca, S.L.; Kirizawa, M.","Rapini",,"brazil","sao paulo","ilhabela","parque estadual de ilhabela",,"locality","brazil_sao paulo_ilhabela","brazil_sao paulo_ilhabela",-23.85166951,-45.32677547,"county",313495,"Tradescantia fluminensis","Vell.","name_w_authors","Commelinaceae","Tradescantia fluminensis","Vell.","species","name accepted","bfo-126857",,,"Tradescantia fluminensis Vell.","Tradescantia","Commelinaceae","brazil_sao paulo_ilhabela","Brazil","São Paulo","Ilhabela",,"ibge",TRUE,-23.85166951,-45.32677547,"coord_gazet","seconds_centroid","low","Tradescantia fluminensis","check_local.2municip.","ok_county_gazet",,FALSE,"ok_dist","full_name_match","UFP_32999","SP_285612|UEC_74593|UFP_32999","1","0.25","UEC_74593","UEC_74593","UEC_74593","plantr_exact","High","PARQUE ESTADUAL ILHABELA"
,,"https://specieslink.net/col/1",,"IPA/SP","SP",,"PRESERVED_SPECIMEN","285608","43","Rapini, A; et al.",,"1995-08-23","1995","8","23",,,,"Brasil","BR","São Paulo",,"Ilhabela","Parque Estadual de Ilhabela, Trilha da Toca da Goteira",,,,,,,,,"Schneider, L","2021-12-01",,"Scleria panicoides Kunth","Liliopsida","Poales","Cyperaceae","Scleria","species","Kunth","ACCEPTED",,,"Scleria panicoides Kunth",,,,"Scleria panicoides","Scleria panicoides",,,,,,,"GBIF","SP","code partially found","Rapini, A.","43","1995","Schneider, L.","2021",,"Rapini",,"brazil","sao paulo","ilhabela","parque estadual de ilhabela",,"locality","brazil_sao paulo_ilhabela","brazil_sao paulo_ilhabela",-23.85166951,-45.32677547,"county",453079,"Scleria panicoides","Kunth","name_w_authors","Cyperaceae","Scleria panicoides","Kunth","species","name accepted","bfo-7310",,,"Scleria panicoides Kunth","Scleria","Cyperaceae","brazil_sao paulo_ilhabela","Brazil","São Paulo","Ilhabela",,"ibge",TRUE,-23.77,-45.349998,"coord_original","miliseconds","low","Scleria panicoides","check_local.2municip.","ok_county",,FALSE,"ok_dist","full_name_match","SP_285608","SP_285608[virtual]","1","0.25","SP_285608","SP_285608","SP_285608","plantr_exact","High","PARQUE ESTADUAL ILHABELA"
,,"https://specieslink.net/col/1",,"IPA/SP","SP",,"PRESERVED_SPECIMEN","285610","47","Rapini, A; Proença, SL; Kirizawa, M",,"1995-08-23","1995","8","23",,,,"Brasil","BR","São Paulo",,"Ilhabela","Parque Estadual de Ilhabela, Trilha da Água Branca",,,,,,,,,"Simão Bianchini, R","2016-05-12",,"Cyrtocymura scorpioides (Lam.) H.Rob.","Magnoliopsida","Asterales","Asteraceae","Cyrtocymura","species","(Lam.) H.Rob.","ACCEPTED",,,"Cyrtocymura scorpioides (Lam.) H.Rob.",,,,"Cyrtocymura scorpioides","Cyrtocymura scorpioides",,,,,,,"GBIF","SP","code partially found","Rapini, A.","47","1995","Bianchini, R.S.","2016","Proenca, S.L.; Kirizawa, M.","Rapini",,"brazil","sao paulo","ilhabela","parque estadual de ilhabela",,"locality","brazil_sao paulo_ilhabela","brazil_sao paulo_ilhabela",-23.85166951,-45.32677547,"county",389155,"Cyrtocymura scorpioides","(Lam.) H.Rob.","name_w_authors","Asteraceae","Cyrtocymura scorpioides","(Lam.) H.Rob.","species","name accepted","bfo-27011",,,"Cyrtocymura scorpioides (Lam.) H.Rob.","Cyrtocymura","Asteraceae","brazil_sao paulo_ilhabela","Brazil","São Paulo","Ilhabela",,"ibge",TRUE,-23.77,-45.349998,"coord_original","miliseconds","low","Cyrtocymura scorpioides","check_local.2municip.","ok_county",,FALSE,"ok_dist","full_name_match","SP_285610","SP_285610[virtual]","1","0.25","SP_285610","SP_285610","SP_285610","plantr_exact","High","PARQUE ESTADUAL ILHABELA"
,,"https://specieslink.net/col/1",,"IPA/SP","SP",,"PRESERVED_SPECIMEN","288609","88","Proença, SL; Rapini, A; Kirizawa, M; Ferreira, C",,"1995-08-23","1995","8","23",,,,"Brasil","BR","São Paulo",,"Ilhabela","Parque Estadual de Ilhabela",,,,,,,,,"Favaretto, BGS","2012-02-21",,"Geonoma elegans Mart.","Liliopsida","Arecales","Arecaceae","Geonoma","species","Mart.","ACCEPTED",,,"Geonoma elegans Mart.",,,,"Geonoma elegans","Geonoma elegans",,,,,,,"GBIF","SP","code partially found","Proenca, S.L.","88","1995","Favaretto, B.G.S.","2012","Rapini, A.; Kirizawa, M.; Ferreira, C.","Proenca",,"brazil","sao paulo","ilhabela","parque estadual de ilhabela",,"locality","brazil_sao paulo_ilhabela","brazil_sao paulo_ilhabela",-23.85166951,-45.32677547,"county",389433,"Geonoma elegans","Mart.","name_w_authors","Arecaceae","Geonoma elegans","Mart.","species","name accepted","bfo-44301",,,"Geonoma elegans Mart.","Geonoma","Arecaceae","brazil_sao paulo_ilhabela","Brazil","São Paulo","Ilhabela",,"ibge",TRUE,-23.77,-45.349998,"coord_original","miliseconds","low","Geonoma elegans","check_local.2municip.","ok_county",,FALSE,"ok_dist","full_name_match","SP_288609","SP_288609[virtual]","1","0.25","SP_288609","SP_288609","SP_288609","plantr_exact","High","PARQUE ESTADUAL ILHABELA"
,,"https://specieslink.net/col/1",,"IPA/SP","SP",,"PRESERVED_SPECIMEN","288304","3208","Kirizawa, M; Rapini, A; Proença, SL",,"1995-08-23","1995","8","23",,,,"Brasil","BR","São Paulo",,"Ilhabela","Parque Estadual de Ilhabela, Trilha da Água Branca",,,,,,,,,"Bruniera, CP","2010-01-01",,"Davilla rugosa Poir.","Magnoliopsida","Dilleniales","Dilleniaceae","Davilla","species","Poir.","ACCEPTED",,,"Davilla rugosa Poir.",,,,"Davilla rugosa","Davilla rugosa",,,,,,,"GBIF","SP","code partially found","Kirizawa, M.","3208","1995","Bruniera, C.P.","2010","Rapini, A.; Proenca, S.L.","Kirizawa",,"brazil","sao paulo","ilhabela","parque estadual de ilhabela",,"locality","brazil_sao paulo_ilhabela","brazil_sao paulo_ilhabela",-23.85166951,-45.32677547,"county",389847,"Davilla rugosa","Poir.","name_w_authors","Dilleniaceae","Davilla rugosa","Poir.","species","name accepted","bfo-7353",,,"Davilla rugosa Poir.","Davilla","Dilleniaceae","brazil_sao paulo_ilhabela","Brazil","São Paulo","Ilhabela",,"ibge",TRUE,-23.77,-45.349998,"coord_original","miliseconds","low","Davilla rugosa","check_local.2municip.","ok_county",,FALSE,"ok_dist","full_name_match","SP_288304","SP_288304[virtual]","1","0.25","SP_288304","SP_288304","SP_288304","plantr_exact","High","PARQUE ESTADUAL ILHABELA"
,,"https://specieslink.net/col/15",,"UNESP-RC","HRCB",,"PRESERVED_SPECIMEN","22505","89","Proença, S.L.",,"1995-08-23","1995","8","23",,,,"Brasil","BR","São Paulo",,"Ilhabela","Parque Estadual de Ilhabela",,,,,,,,,"Araújo, A.C.","1997-06-30",,"Pleurostachys beyrichii (Nees) Steud.","Liliopsida","Poales","Cyperaceae","Rhynchospora","species","(Nees) Steud.","SYNONYM",,,"Rhynchospora fluminensis L.B.Sm.",,,,"Pleurostachys beyrichii","Rhynchospora fluminensis",,,,,,,"GBIF","HRCB",,"Proenca, S.L.","89","1995","Araujo, A.C.","1997",,"Proenca",,"brazil","sao paulo","ilhabela","parque estadual de ilhabela",,"locality","brazil_sao paulo_ilhabela","brazil_sao paulo_ilhabela",-23.85166951,-45.32677547,"county",150676,"Rhynchospora orbignyana","(Brongn.) L.B.Sm.","name_w_authors","Cyperaceae","Rhynchospora orbignyana","(Brongn.) L.B.Sm.","species","replaced synonym","bfo-51778","Rhynchospora orbignyana","(Brongn.) L.B.Sm.","Rhynchospora orbignyana (Brongn.) L.B.Sm.","Rhynchospora","Cyperaceae","brazil_sao paulo_ilhabela","Brazil","São Paulo","Ilhabela",,"ibge",TRUE,-23.77,-45.349998,"coord_original","miliseconds","low","Rhynchospora orbignyana","check_local.2municip.","ok_county",,FALSE,"ok_dist","full_name_match","HRCB_22505","HRCB_22505|SP_285759","3","0.75","HRCB_22505","HRCB_22505","HRCB_22505","plantr_exact","High","PARQUE ESTADUAL ILHABELA"
,,"https://specieslink.net/col/1",,"IPA/SP","SP",,"PRESERVED_SPECIMEN","285618","42","Rapini, A; et al.",,"1995-08-23","1995","8","23",,,,"Brasil","BR","São Paulo",,"Ilhabela","Parque Estadual de Ilhabela, Trilha da Toca da Goteira",,,,,,,,,"Gomes da Silva, SJ","1997-01-01",,"Begonia spinibarbis Irmsch.","Magnoliopsida","Cucurbitales","Begoniaceae","Begonia","species","Irmsch.","ACCEPTED",,,"Begonia spinibarbis Irmsch.",,,,"Begonia spinibarbis","Begonia spinibarbis",,,,,,,"GBIF","SP","code partially found","Rapini, A.","42","1995","Silva, S.J.G.","1997",,"Rapini",,"brazil","sao paulo","ilhabela","parque estadual de ilhabela",,"locality","brazil_sao paulo_ilhabela","brazil_sao paulo_ilhabela",-23.85166951,-45.32677547,"county",389425,"Begonia spinibarbis","Irmsch.","name_w_authors","Begoniaceae","Begonia spinibarbis","Irmsch.","species","name accepted","bfo-5723",,,"Begonia spinibarbis Irmsch.","Begonia","Begoniaceae","brazil_sao paulo_ilhabela","Brazil","São Paulo","Ilhabela",,"ibge",TRUE,-23.77,-45.349998,"coord_original","miliseconds","low","Begonia spinibarbis","check_local.2municip.","ok_county",,FALSE,"ok_dist","full_name_match","SP_285618","SP_285618[virtual]","1","0.25","SP_285618","SP_285618","SP_285618","plantr_exact","High","PARQUE ESTADUAL ILHABELA"
,,"https://specieslink.net/col/2",,"UNICAMP","UEC",,"PRESERVED_SPECIMEN","58811","1207","Salino, A",,"1991-12-04","1991","12","4",,,,"Brasil","BR","São Paulo",,"Ilhabela","Parque Estadual de Ilhabela",,,,,,,,,"Cardoso-Freitas, LP","2009-03-03",,"Serpocaulon fraxinifolium (Jacq.) A.R.Sm.","Polypodiopsida","Polypodiales","Polypodiaceae","Serpocaulon","species","(Jacq.) A.R.Sm.","ACCEPTED",,,"Serpocaulon fraxinifolium (Jacq.) A.R.Sm.",,,,"Serpocaulon fraxinifolium","Serpocaulon fraxinifolium",,,"https://images.cria.org.br/viewer/UEC067122",,,,"GBIF","UEC",,"Salino, A.","1207","1991","Cardoso-Freitas, L.P.","2009",,"Salino",,"brazil","sao paulo","ilhabela","parque estadual de ilhabela",,"locality","brazil_sao paulo_ilhabela","brazil_sao paulo_ilhabela",-23.85166951,-45.32677547,"county",79355,"Serpocaulon fraxinifolium","(Jacq.) A.R.Sm.","name_w_authors","Polypodiaceae","Serpocaulon fraxinifolium","(Jacq.) A.R.Sm.","species","name accepted","bfo-91751",,,"Serpocaulon fraxinifolium (Jacq.) A.R.Sm.","Serpocaulon","Polypodiaceae","brazil_sao paulo_ilhabela","Brazil","São Paulo","Ilhabela",,"ibge",TRUE,-23.77,-45.349998,"coord_original","miliseconds","low","Serpocaulon fraxinifolium","check_local.2municip.","ok_county",,FALSE,"no_cannot_check","full_name_match","UEC_58811","UEC_58811[virtual]","1","0.25","UEC_58811","UEC_58811","UEC_58811","plantr_exact","High","PARQUE ESTADUAL ILHABELA"
,,"https://specieslink.net/col/2",,"UNICAMP","UEC",,"PRESERVED_SPECIMEN","58814","1213","Salino, A",,"1991-12-04","1991","12","4",,,,"Brasil","BR","São Paulo",,"Ilhabela","Parque Estadual de Ilhabela",,,,,,,,,"Salino, A","2001-09-01",,"Pteris decurrens C.Presl","Polypodiopsida","Polypodiales","Pteridaceae","Pteris","species","C.Presl","ACCEPTED",,,"Pteris decurrens C.Presl",,,,"Pteris decurrens","Pteris decurrens",,,"https://images.cria.org.br/viewer/UEC067376",,,,"GBIF","UEC",,"Salino, A.","1213","1991","Salino, A.","2001",,"Salino",,"brazil","sao paulo","ilhabela","parque estadual de ilhabela",,"locality","brazil_sao paulo_ilhabela","brazil_sao paulo_ilhabela",-23.85166951,-45.32677547,"county",79366,"Pteris decurrens","C.Presl","name_w_authors","Pteridaceae","Pteris decurrens","C.Presl","species","name accepted","bfo-91985",,,"Pteris decurrens C.Presl","Pteris","Pteridaceae","brazil_sao paulo_ilhabela","Brazil","São Paulo","Ilhabela",,"ibge",TRUE,-23.77,-45.349998,"coord_original","miliseconds","low","Pteris decurrens","check_local.2municip.","ok_county",,FALSE,"ok_dist","full_name_match","UEC_58814","UEC_58814[virtual]","1","0.25","UEC_58814","UEC_58814","UEC_58814","plantr_exact","High","PARQUE ESTADUAL ILHABELA"
,,"https://specieslink.net/col/2",,"UNICAMP","UEC",,"PRESERVED_SPECIMEN","58722","1212","Salino, A",,"1991-12-04","1991","12","4",,,,"Brasil","BR","São Paulo",,"Ilhabela","Parque Estadual de Ilhabela",,,,,,,,,"Sylvestre, L","2000-01-01",,"Asplenium kunzeanum Klotzsch ex Rosenst.","Polypodiopsida","Polypodiales","Aspleniaceae","Asplenium","species","Klotzsch ex Rosenst.","ACCEPTED",,,"Asplenium kunzeanum Klotzsch ex Rosenst.",,,,"Asplenium kunzeanum","Asplenium kunzeanum",,,"https://images.cria.org.br/viewer/UEC060674",,,,"GBIF","UEC",,"Salino, A.","1212","1991","Sylvestre, L.","2000",,"Salino",,"brazil","sao paulo","ilhabela","parque estadual de ilhabela",,"locality","brazil_sao paulo_ilhabela","brazil_sao paulo_ilhabela",-23.85166951,-45.32677547,"county",79294,"Asplenium kunzeanum","Klotzsch ex Rosenst.","name_w_authors","Aspleniaceae","Asplenium kunzeanum","Klotzsch ex Rosenst.","species","name accepted","bfo-90723",,,"Asplenium kunzeanum Klotzsch ex Rosenst.","Asplenium","Aspleniaceae","brazil_sao paulo_ilhabela","Brazil","São Paulo","Ilhabela",,"ibge",TRUE,-23.77,-45.349998,"coord_original","miliseconds","low","Asplenium kunzeanum","check_local.2municip.","ok_county",,FALSE,"ok_dist","full_name_match","UEC_58722","UEC_58722[virtual]","1","0.25","UEC_58722","UEC_58722","UEC_58722","plantr_exact","High","PARQUE ESTADUAL ILHABELA"
,,"https://specieslink.net/col/2",,"UNICAMP","UEC",,"PRESERVED_SPECIMEN","58812","1209","Salino, A",,"1991-12-04","1991","12","4",,,,"Brasil","BR","São Paulo",,"Ilhabela","Parque Estadual de Ilhabela",,,,,,,,,"Cislinski, J","1994-03-28",,"Diplazium ambiguum Raddi","Polypodiopsida","Polypodiales","Athyriaceae","Diplazium","species","Raddi","ACCEPTED",,,"Diplazium ambiguum Raddi",,,,"Diplazium ambiguum","Diplazium ambiguum",,,"https://images.cria.org.br/viewer/UEC076463",,,,"GBIF","UEC",,"Salino, A.","1209","1991","Cislinski, J.","1994",,"Salino",,"brazil","sao paulo","ilhabela","parque estadual de ilhabela",,"locality","brazil_sao paulo_ilhabela","brazil_sao paulo_ilhabela",-23.85166951,-45.32677547,"county",79373,"Diplazium ambiguum","Raddi","name_w_authors","Athyriaceae","Diplazium ambiguum","Raddi","species","name accepted","bfo-92311",,,"Diplazium ambiguum Raddi","Diplazium","Athyriaceae","brazil_sao paulo_ilhabela","Brazil","São Paulo","Ilhabela",,"ibge",TRUE,-23.77,-45.349998,"coord_original","miliseconds","low","Diplazium ambiguum","check_local.2municip.","ok_county",,FALSE,"ok_dist","full_name_match","UEC_58812","UEC_58812[virtual]","1","0.25","UEC_58812","UEC_58812","UEC_58812","plantr_exact","High","PARQUE ESTADUAL ILHABELA"
,,"https://specieslink.net/col/2",,"UNICAMP","UEC",,"PRESERVED_SPECIMEN","58832","1211","Salino, A",,"1991-12-04","1991","12","4",,,,"Brasil","BR","São Paulo",,"Ilhabela","Parque Estadual de Ilhabela",,,,,,,,,"Salino, A","1992-01-01",,"Pecluma recurvata (Kaulf.) M.G.Price","Polypodiopsida","Polypodiales","Polypodiaceae","Pecluma","species","(Kaulf.) M.G.Price","ACCEPTED",,,"Pecluma recurvata (Kaulf.) M.G.Price",,,,"Pecluma recurvata","Pecluma recurvata",,,"https://images.cria.org.br/viewer/UEC067719",,,,"GBIF","UEC",,"Salino, A.","1211","1991","Salino, A.","1992",,"Salino",,"brazil","sao paulo","ilhabela","parque estadual de ilhabela",,"locality","brazil_sao paulo_ilhabela","brazil_sao paulo_ilhabela",-23.85166951,-45.32677547,"county",79374,"Pecluma recurvata","(Kaulf.) M.G.Price","name_w_authors","Polypodiaceae","Pecluma recurvata","(Kaulf.) M.G.Price","species","name accepted","bfo-91713",,,"Pecluma recurvata (Kaulf.) M.G.Price","Pecluma","Polypodiaceae","brazil_sao paulo_ilhabela","Brazil","São Paulo","Ilhabela",,"ibge",TRUE,-23.77,-45.349998,"coord_original","miliseconds","low","Pecluma recurvata","check_local.2municip.","ok_county",,FALSE,"ok_dist","full_name_match","UEC_58832","UEC_58832[virtual]","1","0.25","UEC_58832","UEC_58832","UEC_58832","plantr_exact","High","PARQUE ESTADUAL ILHABELA"
,,"https://specieslink.net/col/2",,"UNICAMP","UEC",,"PRESERVED_SPECIMEN","58834","1208","Salino, A",,"1991-12-04","1991","12","4",,,,"Brasil","BR","São Paulo",,"Ilhabela","Parque Estadual de Ilhabela",,,,,,,,,"Salino, A","1991-01-01",,"Tectaria incisa Cav.","Polypodiopsida","Polypodiales","Tectariaceae","Tectaria","species","Cav.","ACCEPTED",,,"Tectaria incisa Cav.",,,,"Tectaria incisa","Tectaria incisa",,,"https://images.cria.org.br/viewer/UEC067015",,,,"GBIF","UEC",,"Salino, A.","1208","1991","Salino, A.","1991",,"Salino",,"brazil","sao paulo","ilhabela","parque estadual de ilhabela",,"locality","brazil_sao paulo_ilhabela","brazil_sao paulo_ilhabela",-23.85166951,-45.32677547,"county",79384,"Tectaria incisa","Cav.","name_w_authors","Tectariaceae","Tectaria incisa","Cav.","species","name accepted","bfo-92130",,,"Tectaria incisa Cav.","Tectaria","Tectariaceae","brazil_sao paulo_ilhabela","Brazil","São Paulo","Ilhabela",,"ibge",TRUE,-23.77,-45.349998,"coord_original","miliseconds","low","Tectaria incisa","check_local.2municip.","ok_county",,FALSE,"ok_dist","full_name_match","UEC_58834","UEC_58834[virtual]","1","0.25","UEC_58834","UEC_58834","UEC_58834","plantr_exact","High","PARQUE ESTADUAL ILHABELA"
,,"https://specieslink.net/col/2",,"UNICAMP","UEC",,"PRESERVED_SPECIMEN","58809","1205","Salino, A",,"1991-12-04","1991","12","4",,,,"Brasil","BR","São Paulo",,"Ilhabela","Parque Estadual de Ilhabela",,,,,,,,,"Salino, A","1991-01-01",,"Diplazium celtidifolium Kunze","Polypodiopsida","Polypodiales","Athyriaceae","Diplazium","species","Kunze","ACCEPTED",,,"Diplazium celtidifolium Kunze",,,,"Diplazium celtidifolium","Diplazium celtidifolium",,,"https://images.cria.org.br/viewer/UEC076455",,,,"GBIF","UEC",,"Salino, A.","1205","1991","Salino, A.","1991",,"Salino",,"brazil","sao paulo","ilhabela","parque estadual de ilhabela",,"locality","brazil_sao paulo_ilhabela","brazil_sao paulo_ilhabela",-23.85166951,-45.32677547,"county",79370,"Diplazium celtidifolium","Kunze","name_w_authors","Athyriaceae","Diplazium celtidifolium","Kunze","species","name accepted","bfo-108556",,,"Diplazium celtidifolium Kunze","Diplazium","Athyriaceae","brazil_sao paulo_ilhabela","Brazil","São Paulo","Ilhabela",,"ibge",TRUE,-23.77,-45.349998,"coord_original","miliseconds","low","Diplazium celtidifolium","check_local.2municip.","ok_county",,FALSE,"ok_dist","full_name_match","UEC_58809","UEC_58809[virtual]","1","0.25","UEC_58809","UEC_58809","UEC_58809","plantr_exact","High","PARQUE ESTADUAL ILHABELA"
,,"https://specieslink.net/col/2",,"UNICAMP","UEC",,"PRESERVED_SPECIMEN","58813","1210","Salino, A",,"1991-12-04","1991","12","4",,,,"Brasil","BR","São Paulo",,"Ilhabela","Parque Estadual de Ilhabela",,,,,,,,,"Salino, A","1991-01-01",,"Asplenium mucronatum C.Presl","Polypodiopsida","Polypodiales","Aspleniaceae","Asplenium","species","C.Presl","ACCEPTED",,,"Asplenium mucronatum C.Presl",,,,"Asplenium mucronatum","Asplenium mucronatum",,,"https://images.cria.org.br/viewer/UEC060590",,,,"GBIF","UEC",,"Salino, A.","1210","1991","Salino, A.","1991",,"Salino",,"brazil","sao paulo","ilhabela","parque estadual de ilhabela",,"locality","brazil_sao paulo_ilhabela","brazil_sao paulo_ilhabela",-23.85166951,-45.32677547,"county",79331,"Asplenium mucronatum","C.Presl","name_w_authors","Aspleniaceae","Asplenium mucronatum","C.Presl","species","name accepted","bfo-90733",,,"Asplenium mucronatum C.Presl","Asplenium","Aspleniaceae","brazil_sao paulo_ilhabela","Brazil","São Paulo","Ilhabela",,"ibge",TRUE,-23.77,-45.349998,"coord_original","miliseconds","low","Asplenium mucronatum","check_local.2municip.","ok_county",,FALSE,"ok_dist","full_name_match","UEC_58813","UEC_58813[virtual]","1","0.25","UEC_58813","UEC_58813","UEC_58813","plantr_exact","High","PARQUE ESTADUAL ILHABELA"
,,,,"MICH","MICH",,"PRESERVED_SPECIMEN","728085","273",,,,"1950","7","28",,,,"Brasil",,"São Paulo",,,"Ilhabela, Sao Sebastiao Island",,,"-23.852944","-45.332945",,,,,,,,"Gayralia oxysperma",,,"Gayraliaceae","Gayralia",,,,"-23.852944","-45.332945",,,,,"Gayralia oxysperma","oxysperma",,,,,,,"Splink","MICH",,,"273","1950",,,,,,"brazil","sao paulo","ilhabela","ilhabela",,"locality","brazil_sao paulo_ilhabela_ilhabela","brazil_sao paulo_ilhabela_ilhabela",-23.845587,-45.334266,"locality",1914710,"Gayralia oxysperma",,"possibly_ok",,"Gayralia oxysperma",,"species","not found",,,,"Gayralia oxysperma","Gayralia",,"brazil_sao paulo_ilhabela","Brazil","São Paulo","Ilhabela",,"ibge",TRUE,-23.852944,-45.332945,"coord_original","miliseconds","unknown","Gayralia oxysperma","ok_same_resolution","ok_county",,FALSE,"no_cannot_check","no_match","MICH_728085",,"cc","cc",,,,"coords_both","High","PARQUE ESTADUAL ILHABELA"
,,,,"MICH","MICH",,"PRESERVED_SPECIMEN","676386","159",,,,"1949","4","13",,,,"Brazil",,"São Paulo",,,"Ilhabela, Sao Sebastiao Island",,,"-23.852944","-45.332945",,,,,,,,"Jania sagittata",,,"Corallinaceae","Jania",,,,"-23.852944","-45.332945",,,,,"Jania sagittata","sagittata",,,,,,,"Splink","MICH",,,"159","1949",,,,,,"brazil","sao paulo","ilhabela","ilhabela",,"locality","brazil_sao paulo_ilhabela_ilhabela","brazil_sao paulo_ilhabela_ilhabela",-23.845587,-45.334266,"locality",1914722,"Jania sagittata",,"possibly_ok",,"Jania sagittata",,"species","not found",,,,"Jania sagittata","Jania","Malpighiaceae","brazil_sao paulo_ilhabela","Brazil","São Paulo","Ilhabela",,"ibge",TRUE,-23.852944,-45.332945,"coord_original","miliseconds","unknown","Jania sagittata","ok_same_resolution","ok_county",,,"no_cannot_check","no_match","MICH_676386","Algae_676386|MICH_676386","1","0.25","Algae_676386","Algae_676386","Algae_676386","coords_both","High","PARQUE ESTADUAL ILHABELA"
,,,,"MICH","MICH",,"PRESERVED_SPECIMEN","632164","99",,,,"1948","5","01",,,,"Brasil",,"São Paulo",,,"IlhaBela, I. Sao Sebastiao",,,"-23.852944","-45.332945",,,,,,,,"Colpomenia sinuosa",,,"Scytosiphonaceae","Colpomenia",,,,"-23.852944","-45.332945",,,,,"Colpomenia sinuosa","sinuosa",,,,,,,"Splink","MICH",,,"99","1948",,,,,,"brazil","sao paulo","ilhabela","ilhabela",,"locality","brazil_sao paulo_ilhabela_ilhabela","brazil_sao paulo_ilhabela_ilhabela",-23.845587,-45.334266,"locality",1914701,"Colpomenia sinuosa",,"possibly_ok",,"Colpomenia sinuosa",,"species","not found",,,,"Colpomenia sinuosa","Colpomenia",,"brazil_sao paulo_ilhabela","Brazil","São Paulo","Ilhabela",,"ibge",TRUE,-23.852944,-45.332945,"coord_original","miliseconds","unknown","Colpomenia sinuosa","ok_same_resolution","ok_county",,FALSE,"no_cannot_check","no_match","MICH_632164",,"cc","cc",,,,"coords_both","High","PARQUE ESTADUAL ILHABELA"
,,,,"MICH","MICH",,"PRESERVED_SPECIMEN","647515","103",,,,"1948","8","20",,,,"Brazil",,"São Paulo",,,"Ilhabela, Sao Sebastiao Island",,,"-23.852944","-45.332945",,,,,,,,"Champia salicornioides",,,"Champiaceae","Champia",,,,"-23.852944","-45.332945",,,,,"Champia salicornioides","salicornioides",,,,,,,"Splink","MICH",,,"103","1948",,,,,,"brazil","sao paulo","ilhabela","ilhabela",,"locality","brazil_sao paulo_ilhabela_ilhabela","brazil_sao paulo_ilhabela_ilhabela",-23.845587,-45.334266,"locality",1914696,"Champia salicornioides",,"possibly_ok",,"Champia salicornioides",,"species","not found",,,,"Champia salicornioides","Champia","Amaranthaceae","brazil_sao paulo_ilhabela","Brazil","São Paulo","Ilhabela",,"ibge",TRUE,-23.852944,-45.332945,"coord_original","miliseconds","unknown","Champia salicornioides","ok_same_resolution","ok_county",,FALSE,"no_cannot_check","no_match","MICH_647515","Algae_647515|MICH_647515","1","0.25","Algae_647515","Algae_647515","Algae_647515","coords_both","High","PARQUE ESTADUAL ILHABELA"
,,,,"MICH","MICH",,"PRESERVED_SPECIMEN","645081","81",,,,"1948","5","16",,,,"Brasil",,"São Paulo",,,"IlhaBela, I. Sao Sebastiao",,,"-23.852944","-45.332945",,,,,,,,"Caloglossa leprieurii",,,"Delesseriaceae","Caloglossa",,,,"-23.852944","-45.332945",,,,,"Caloglossa leprieurii","leprieurii",,,,,,,"Splink","MICH",,,"81","1948",,,,,,"brazil","sao paulo","ilhabela","ilhabela",,"locality","brazil_sao paulo_ilhabela_ilhabela","brazil_sao paulo_ilhabela_ilhabela",-23.845587,-45.334266,"locality",1914753,"Caloglossa leprieurii",,"possibly_ok",,"Caloglossa leprieurii",,"species","not found",,,,"Caloglossa leprieurii","Caloglossa",,"brazil_sao paulo_ilhabela","Brazil","São Paulo","Ilhabela",,"ibge",TRUE,-23.852944,-45.332945,"coord_original","miliseconds","unknown","Caloglossa leprieurii","ok_same_resolution","ok_county",,FALSE,"no_cannot_check","no_match","MICH_645081",,"cc","cc",,,,"coords_both","High","PARQUE ESTADUAL ILHABELA"
,,,,"MICH","MICH",,"PRESERVED_SPECIMEN","643434","82",,,,"1948","5","16",,,,"Brasil",,"São Paulo",,,"IlhaBela, I. Sao Sebastiao",,,"-23.852944","-45.332945",,,,,,,,"Bostrychia radicans",,,"Rhodomelaceae","Bostrychia",,,,"-23.852944","-45.332945",,,,,"Bostrychia radicans","radicans",,,,,,,"Splink","MICH",,,"82","1948",,,,,,"brazil","sao paulo","ilhabela","ilhabela",,"locality","brazil_sao paulo_ilhabela_ilhabela","brazil_sao paulo_ilhabela_ilhabela",-23.845587,-45.334266,"locality",1882184,"Bostrychia radicans",,"possibly_ok",,"Bostrychia radicans",,"species","not found",,,,"Bostrychia radicans","Bostrychia",,"brazil_sao paulo_ilhabela","Brazil","São Paulo","Ilhabela",,"ibge",TRUE,-23.852944,-45.332945,"coord_original","miliseconds","unknown","Bostrychia radicans","ok_same_resolution","ok_county",,FALSE,"no_cannot_check","no_match","MICH_643434",,"cc","cc",,,,"coords_both","High","PARQUE ESTADUAL ILHABELA"
,,"https://specieslink.net/col/1",,"IPA/SP","SP",,"PRESERVED_SPECIMEN","447001","232","Pastore, M",,"2013-02-12","2013","2","12",,,,"Brasil","BR","São Paulo",,"Ilhabela","Parque Estadual de Ilhabela",,,,,,,,,,,,"Jacquemontia uleana Hallier fil.","Magnoliopsida","Solanales","Convolvulaceae","Jacquemontia","species","Hallier f.","SYNONYM",,,"Jacquemontia frankeana (Schltdl.) M.Pastore & Sim.-Bianch.",,,,"Jacquemontia uleana","Jacquemontia frankeana",,,,,,,"GBIF","SP","code partially found","Pastore, M.","232","2013",,,,"Pastore",,"brazil","sao paulo","ilhabela","parque estadual de ilhabela",,"municipality","brazil_sao paulo_ilhabela","brazil_sao paulo_ilhabela",-23.85166951,-45.32677547,"county",566579,"Jacquemontia frankeana","(Schltdl.) M. Pastore & Sim-Bianch.","name_w_authors","Convolvulaceae","Jacquemontia frankeana","(Schltdl.) M. Pastore & Sim-Bianch.","species","author misspelled|replaced synonym","bfo-583298","Jacquemontia frankeana","(Schltdl.) M. Pastore & Sim-Bianch.","Jacquemontia frankeana (Schltdl.) M. Pastore & Sim-Bianch.","Jacquemontia","Convolvulaceae","brazil_sao paulo_ilhabela","Brazil","São Paulo","Ilhabela",,"ibge",TRUE,-23.77,-45.349998,"coord_original","miliseconds","unknown","Jacquemontia frankeana","check_local.2municip.","ok_county",,FALSE,"ok_dist","full_name_match","SP_447001","SP_447001[virtual]","1","0.25","SP_447001","SP_447001","SP_447001","plantr_exact","High","PARQUE ESTADUAL ILHABELA"
,,"https://specieslink.net/col/1",,"IPA/SP","SP",,"PRESERVED_SPECIMEN","333088","90","Proença, SL; et al.",,"1995-08-23","1995","8","23",,,,"Brasil","BR","São Paulo",,"Ilhabela","Parque Estadual de Ilhabela",,,,,,,,,,,,"Celastraceae","Magnoliopsida","Celastrales","Celastraceae",,"family",,"ACCEPTED",,,"Celastraceae",,,,,,,,,,,,"GBIF","SP","code partially found","Proenca, S.L.","90","1995",,,,"Proenca",,"brazil","sao paulo","ilhabela","parque estadual de ilhabela",,"locality","brazil_sao paulo_ilhabela","brazil_sao paulo_ilhabela",-23.85166951,-45.32677547,"county",1770300,"Celastraceae","R.Br.","family_as_genus","Celastraceae","Celastraceae","R.Br.","family","name accepted","bfo-82",,,"Celastraceae R.Br.",,"Celastraceae","brazil_sao paulo_ilhabela","Brazil","São Paulo","Ilhabela",,"ibge",TRUE,-23.77,-45.349998,"coord_original","miliseconds","unknown",,"check_local.2municip.","ok_county",,FALSE,"no_cannot_check","full_name_match","SP_333088","SP_333088[virtual]","1","0.25","SP_333088","SP_333088","SP_333088","plantr_exact","High","PARQUE ESTADUAL ILHABELA"
,,"https://specieslink.net/col/2",,"UNICAMP","UEC",,"PRESERVED_SPECIMEN","81940","83","Proença, SL; Rapini, A; Kirizawa, M; Ferreira, C",,"1995-08-23","1995","8","23",,,,"Brazil","BR","São Paulo",,"Ilhabela","Ilhabela, Parque Estadual de Ilhabela. Trilha da Toca da Goteira.",,,,,,,,,,,,"Boraginaceae","Magnoliopsida","Boraginales","Boraginaceae",,"family",,"ACCEPTED",,,"Boraginaceae",,,,,,,"WGS84","https://images.cria.org.br/viewer/UEC078761",,,,"GBIF","UEC",,"Proenca, S.L.","83","1995",,,"Rapini, A.; Kirizawa, M.; Ferreira, C.","Proenca",,"brazil","sao paulo","ilhabela","parque estadual de ilhabela","ilhabela","locality","brazil_sao paulo_ilhabela","brazil_sao paulo_ilhabela",-23.85166951,-45.32677547,"county",1760572,"Boraginaceae","Juss.","family_as_genus","Boraginaceae","Boraginaceae","Juss.","family","name accepted","bfo-64",,,"Boraginaceae Juss.",,"Boraginaceae","brazil_sao paulo_ilhabela","Brazil","São Paulo","Ilhabela",,"ibge",TRUE,-23.85166951,-45.32677547,"coord_gazet","seconds_centroid","unknown",,"check_local.2municip.","ok_county_gazet",,FALSE,"no_cannot_check","full_name_match","UEC_81940","SP_303614|UEC_81940","1","0.25","UEC_81940","UEC_81940","UEC_81940","plantr_exact","High","PARQUE ESTADUAL ILHABELA"
,,,,"SPSF","SPSF",,"PRESERVED_SPECIMEN","47467","1296",,"<nO>Árvore 7 metros, frutos alaranjados.; Perto da Capuíba. Floresta Ombrófila Densa.; Habitat: Floresta Ombrófila Densa Habito: Árvore</nO>",,"2013","8","29",,,"<nO>Árvore 7 metros, frutos alaranjados.; Perto da Capuíba. Floresta Ombrófila Densa.; Habitat: Floresta Ombrófila Densa Habito: Árvore</nO>","Brasil",,"São Paulo","Ilhabela","Ilhabela","Ilhabela, Perto da Pacuíba.",,,"-23.77","-45.35",,"23º46'12''S","45º20'60''W",,"A.Maruyama","2016-6-  14",,"Trichilia casaretti",,,"Meliaceae","Trichilia",,,,"-23.77","-45.35",,"14","6","2016",,"casaretti",,,,,,"SPSF00047467","Splink","SPSF",,,"1296","2013","Flores, T.B.",,,,,"brazil","sao paulo","ilhabela","ilhabela",,"locality","brazil_sao paulo_ilhabela","brazil_sao paulo_ilhabela_ilhabela",-23.845587,-45.334266,"locality",1092310,"Trichilia casaretti","C.DC.","possibly_ok","Meliaceae","Trichilia casaretti","C.DC.","species","name accepted","bfo-19742",,,"Trichilia casaretti C.DC.","Trichilia","Meliaceae","brazil_sao paulo_ilhabela","Brazil","São Paulo","Ilhabela",,"ibge",TRUE,-23.77,-45.349998,"coord_original","miliseconds","high","Trichilia casaretti","ok_same_resolution","ok_county",,FALSE,"ok_dist","full_name_match","SPSF_47467","ESA_128916|RB_939012|SPSF_47467|UEC_186831","1","0.25","RB_939012","ESA_128916","UEC_186831","coord_original","Medium","PARQUE ESTADUAL ILHABELA"
,,,,"SPSF","SPSF",,"PRESERVED_SPECIMEN","47465","1298",,"<nO>Árvore, 7 metros com indumente castanho escuro.; Floresta Ombrófila Densa.; Habitat: Floresta Ombrófila Densa Habito: Árvore</nO>",,"2013","8","30",,,"<nO>Árvore, 7 metros com indumente castanho escuro.; Floresta Ombrófila Densa.; Habitat: Floresta Ombrófila Densa Habito: Árvore</nO>","Brasil",,"São Paulo","Ilhabela","Ilhabela","Ilhabela, Brasil, SP, Ilhabela, Caminho para o sul da Ilha.",,,"-23.77","-45.35",,"23º46'12''S","45º20'60''W",,,,,"Inga sessilis",,,"Fabaceae","Inga",,,,"-23.77","-45.35",,,,,,"sessilis",,,,,,"SPSF00047465","Splink","SPSF",,,"1298","2013","Souza, V.C.",,,,,"brazil","sao paulo","ilhabela","ilhabela",,"locality","brazil_sao paulo_ilhabela","brazil_sao paulo_ilhabela_ilhabela",-23.845587,-45.334266,"locality",967918,"Inga sessilis","(Vell.) Mart.","possibly_ok","Fabaceae","Inga sessilis","(Vell.) Mart.","species","name accepted","bfo-83263",,,"Inga sessilis (Vell.) Mart.","Inga","Fabaceae","brazil_sao paulo_ilhabela","Brazil","São Paulo","Ilhabela",,"ibge",TRUE,-23.77,-45.35,"coord_original","miliseconds","high","Inga sessilis","ok_same_resolution","ok_county",,FALSE,"ok_dist","full_name_match","SPSF_47465","ESA_128918|RB_938506|SPSF_47465|UEC_186793","1","0.25","RB_938506","SPSF_47465","UEC_186793","coord_original","Medium","PARQUE ESTADUAL ILHABELA"
,,,,"SPSF","SPSF",,"PRESERVED_SPECIMEN","47478","1284",,"<nO>Árvore com 6 metros, flores creme.; 700 metros antes da porteira, Floresta Ombrófila Densa.; Habitat: Floresta Ombrófila Densa Habito: Árvore</nO>",,"2013","8","28",,,"<nO>Árvore com 6 metros, flores creme.; 700 metros antes da porteira, Floresta Ombrófila Densa.; Habitat: Floresta Ombrófila Densa Habito: Árvore</nO>","Brasil",,"São Paulo","Ilhabela","Ilhabela","Ilhabela, Brasil, SP, Ilhabela, Trilha para o bonete 700m antes da porteira.",,,"-23.77","-45.35",,"23º46'12''S","45º20'60''W",,"G.A.D.C.Franco","2013-11-  11",,"Dalbergia frutescens",,,"Fabaceae","Dalbergia",,,,"-23.77","-45.35",,"11","11","2013",,"frutescens",,,,,,"SPSF00047478","Splink","SPSF",,,"1284","2013","Souza, V.C.",,,,,"brazil","sao paulo","ilhabela","ilhabela",,"locality","brazil_sao paulo_ilhabela","brazil_sao paulo_ilhabela_ilhabela",-23.845587,-45.334266,"locality",1078147,"Dalbergia frutescens","(Vell.) Britton","possibly_ok","Fabaceae","Dalbergia frutescens","(Vell.) Britton","species","name accepted","bfo-22909",,,"Dalbergia frutescens (Vell.) Britton","Dalbergia","Fabaceae","brazil_sao paulo_ilhabela","Brazil","São Paulo","Ilhabela",,"ibge",TRUE,-23.77,-45.349998,"coord_original","miliseconds","high","Dalbergia frutescens","ok_same_resolution","ok_county",,FALSE,"ok_dist","full_name_match","SPSF_47478","ESA_128904|RB_938508|SPF_224858|SPSF_47478|UEC_186643","1","0.25","RB_938508","ESA_128904","UEC_186643","coord_original","Medium","PARQUE ESTADUAL ILHABELA"
,,,,"SPSF","SPSF",,"PRESERVED_SPECIMEN","47470","1292",,"<nO>Árvore, 11 metros, tronco com espinhos, frutos imaturos verdes.; Perto da armação, altura do 7609, Floresta Ombrófila Densa.; Habitat: Floresta Ombrófila Densa Habito: Árvore</nO>",,"2013","8","29",,,"<nO>Árvore, 11 metros, tronco com espinhos, frutos imaturos verdes.; Perto da armação, altura do 7609, Floresta Ombrófila Densa.; Habitat: Floresta Ombrófila Densa Habito: Árvore</nO>","Brasil",,"São Paulo","Ilhabela","Ilhabela","Ilhabela, Norte da Ilha, perto da Armação.",,,"-23.77","-45.35",,"23º46'12''S","45º20'60''W",,"A.G. Aguirre","2017-8-  16",,"Zanthoxylum caribaeum",,,"Rutaceae","Zanthoxylum",,,,"-23.77","-45.35",,"16","8","2017",,"caribaeum",,,,,,"SPSF00047470","Splink","SPSF",,,"1292","2013","Pirani, J.R.","2016",,,,"brazil","sao paulo","ilhabela","ilhabela",,"locality","brazil_sao paulo_ilhabela","brazil_sao paulo_ilhabela_ilhabela",-23.845587,-45.334266,"locality",1164175,"Zanthoxylum caribaeum","Lam.","name_w_authors","Rutaceae","Zanthoxylum caribaeum","Lam.","species","name accepted","bfo-1081",,,"Zanthoxylum caribaeum Lam.","Zanthoxylum","Rutaceae","brazil_sao paulo_ilhabela","Brazil","São Paulo","Ilhabela",,"ibge",TRUE,-23.77,-45.349998,"coord_original","miliseconds","high","Zanthoxylum caribaeum","ok_same_resolution","ok_county",,FALSE,"ok_dist","full_name_match","SPSF_47470","ESA_128912|RB_939519|SPF_225973|SPSF_47470|UEC_186822","1","0.25","SPF_225973","SPF_225973","UEC_186822","coord_original","Medium","PARQUE ESTADUAL ILHABELA"
,,,,"SPSF","SPSF",,"PRESERVED_SPECIMEN","47471","1291",,"<nO>Árvore, 9metros, tronco fissurado, casca interna preta.; Perto da Armação, altura 7609, Floresta Ombrófila Densa.; Habitat: Floresta Ombrófila Densa Habito: Árvore</nO>",,"2013","8","29",,,"<nO>Árvore, 9metros, tronco fissurado, casca interna preta.; Perto da Armação, altura 7609, Floresta Ombrófila Densa.; Habitat: Floresta Ombrófila Densa Habito: Árvore</nO>","Brasil",,"São Paulo","Ilhabela","Ilhabela","Ilhabela, Norte da Ilha, perto da Armação.",,,"-23.77","-45.35",,"23º46'12''S","45º20'60''W",,"N.Roque","2016-7-   4",,"Stifftia parviflora",,,"Asteraceae","Stifftia",,,,"-23.77","-45.35",,"4","7","2016",,"parviflora",,,,,,"SPSF00047471","Splink","SPSF",,,"1291","2013","Monge, M.","2016",,,,"brazil","sao paulo","ilhabela","ilhabela",,"locality","brazil_sao paulo_ilhabela","brazil_sao paulo_ilhabela_ilhabela",-23.845587,-45.334266,"locality",1091597,"Stifftia parviflora","(Leandro) D.Don","name_w_authors","Asteraceae","Stifftia parviflora","(Leandro) D.Don","species","name accepted","bfo-5510",,,"Stifftia parviflora (Leandro) D.Don","Stifftia","Asteraceae","brazil_sao paulo_ilhabela","Brazil","São Paulo","Ilhabela",,"ibge",TRUE,-23.77,-45.349998,"coord_original","miliseconds","high","Stifftia parviflora","ok_same_resolution","ok_county",,FALSE,"ok_dist","full_name_match","SPSF_47471","ESA_128911|RB_938710|SPSF_47471|UEC_186823","1","0.25","UEC_186823","ESA_128911","UEC_186823","coord_original","Medium","PARQUE ESTADUAL ILHABELA"
,,"https://specieslink.net/col/40",,"MBM","MBM",,"PRESERVED_SPECIMEN","251517","1570","Souza, VC; et al.",,,,,,,,,"Brazil","BR","São Paulo",,"Ilhabela","Ilhabela.",,,,,,,,,"Goldenberg, R",,,"Meriania calyptrata (Naudin) Triana","Magnoliopsida","Myrtales","Melastomataceae","Meriania","species","(Naudin) Triana","ACCEPTED",,,"Meriania calyptrata (Naudin) Triana",,,,"Meriania calyptrata","Meriania calyptrata",,,"https://images.cria.org.br/viewer/MBM251517",,,,"GBIF","MBM",,"Souza, V.C.","1570",,"Goldenberg, R.","1997",,"Souza",,"brazil","sao paulo","ilhabela","ilhabela",,"locality","brazil_sao paulo_ilhabela_ilhabela","brazil_sao paulo_ilhabela_ilhabela",-23.845587,-45.334266,"locality",174833,"Meriania calyptrata","(Naudin) Triana","name_w_authors","Melastomataceae","Meriania calyptrata","(Naudin) Triana","species","name accepted","bfo-9651",,,"Meriania calyptrata (Naudin) Triana","Meriania","Melastomataceae","brazil_sao paulo_ilhabela","Brazil","São Paulo","Ilhabela",,"ibge",TRUE,-23.77,-45.349998,"coord_original","miliseconds","high","Meriania calyptrata","ok_same_resolution","ok_county",,FALSE,"ok_dist","full_name_match","MBM_251517","ESA_16189|FUEL_29824|MBM_251517|UEC_75351","1","0.25","FUEL_29824","ESA_16189","MBM_251517","coord_original","Medium","PARQUE ESTADUAL ILHABELA"
,,"https://specieslink.net/col/2",,"UNICAMP","UEC",,"PRESERVED_SPECIMEN","186820","1294","Colletta, GD; et al.",,"2013-08-29","2013","8","29",,,,"Brasil","BR","São Paulo",,"Ilhabela","Ilhabela, Norte da Ilha, perto da Pacuíba.",,,,,,,,,"Aguirre, GA","2013-01-01",,"Nectandra membranacea (Sw.) Griseb.","Magnoliopsida","Laurales","Lauraceae","Nectandra","species","(Sw.) Griseb.","ACCEPTED",,,"Nectandra membranacea (Sw.) Griseb.",,,,"Nectandra membranacea","Nectandra membranacea",,,"https://images.cria.org.br/viewer/UEC116559",,,,"GBIF","UEC",,"Colletta, G.D.","1294","2013","Colletta, G.D.",,,"Colletta",,"brazil","sao paulo","ilhabela","ilhabela",,"locality","brazil_sao paulo_ilhabela_ilhabela","brazil_sao paulo_ilhabela_ilhabela",-23.845587,-45.334266,"locality",185827,"Nectandra membranacea","(Sw.) Griseb.","name_w_authors","Lauraceae","Nectandra membranacea","(Sw.) Griseb.","species","name accepted","bfo-8432",,,"Nectandra membranacea (Sw.) Griseb.","Nectandra","Lauraceae","brazil_sao paulo_ilhabela","Brazil","São Paulo","Ilhabela",,"ibge",TRUE,-23.77,-45.349998,"coord_original","miliseconds","high","Nectandra membranacea","ok_same_resolution","ok_county",,FALSE,"ok_dist","full_name_match","UEC_186820","ESA_128914|RB_939542|UEC_186820","3","0.75","RB_939542","ESA_128914","UEC_186820","coord_original","Medium","PARQUE ESTADUAL ILHABELA"
,,,,"JBRJ","RB","RB - Rio de Janeiro Botanical Garden Herbarium Collection","PRESERVED_SPECIMEN","RB00936368","1297","G.D. Colletta; G.A. Aguirre; J. Teixeira",,"2013-08-29","2013","8","29",,,,"Brazil","BR","São Paulo",,"Ilhabela","Ilhabela, Perto da Pacuíba.",,,,,,,,,"Y.F.GOUVÉA","2017-05-04",,"Solanum jussiaei Dunal","Magnoliopsida","Solanales","Solanaceae","Solanum","species","Dunal","ACCEPTED",,,"Solanum jussiaei Dunal",,,,"Solanum jussiaei Dunal","Solanum jussiaei",,"WGS84","jbrj-public-img.s3-sa-east-1.amazonaws.com/JPG/rb/0/93/63/68/00936368.jpg",,,,"GBIF","RB",,"Colletta, G.D.","1297","2013","Y.f.gouvea","2017","Aguirre, G.A.; Teixeira, J.","Colletta",,"brazil","sao paulo","ilhabela","ilhabela",,"locality","brazil_sao paulo_ilhabela","brazil_sao paulo_ilhabela_ilhabela",-23.845587,-45.334266,"locality",258089,"Solanum jussiaei","Dunal","name_w_authors","Solanaceae","Solanum jussiaei","Dunal","species","name accepted","bfo-14794",,,"Solanum jussiaei Dunal","Solanum","Solanaceae","brazil_sao paulo_ilhabela","Brazil","São Paulo","Ilhabela",,"ibge",TRUE,-23.845587,-45.334266,"coord_gazet","seconds","high","Solanum jussiaei","ok_same_resolution","ok_locality_gazet",,FALSE,"ok_dist","full_name_match","RB_936368","RB_936368|UEC_186829","2","0.5","RB_936368","UEC_186829","UEC_186829","coord_gazet","Medium","PARQUE ESTADUAL ILHABELA"
,,"https://specieslink.net/col/2",,"UNICAMP","UEC",,"PRESERVED_SPECIMEN","186821","1293","Colletta, GD; et al.",,"2013-08-29","2013","8","29",,,,"Brasil","BR","São Paulo",,"Ilhabela","Ilhabela, Norte da Ilha, perto da Armação.",,,,,,,,,"Ribeiro, PG","2016-09-19",,"Piptadenia gonoacantha (Mart.) J.F.Macbr.","Magnoliopsida","Fabales","Fabaceae","Piptadenia","species","(Mart.) J.F.Macbr.","ACCEPTED",,,"Piptadenia gonoacantha (Mart.) J.F.Macbr.",,,,"Piptadenia gonoacantha","Piptadenia gonoacantha",,,"https://images.cria.org.br/viewer/UEC116556",,,,"GBIF","UEC",,"Colletta, G.D.","1293","2013","Ribeiro, P.G.","2016",,"Colletta",,"brazil","sao paulo","ilhabela","ilhabela",,"locality","brazil_sao paulo_ilhabela_ilhabela","brazil_sao paulo_ilhabela_ilhabela",-23.845587,-45.334266,"locality",185824,"Piptadenia gonoacantha","(Mart.) J.F.Macbr.","name_w_authors","Fabaceae","Piptadenia gonoacantha","(Mart.) J.F.Macbr.","species","name accepted","bfo-31387",,,"Piptadenia gonoacantha (Mart.) J.F.Macbr.","Piptadenia","Fabaceae","brazil_sao paulo_ilhabela","Brazil","São Paulo","Ilhabela",,"ibge",TRUE,-23.77,-45.349998,"coord_original","miliseconds","high","Piptadenia gonoacantha","ok_same_resolution","ok_county",,FALSE,"ok_dist","full_name_match","UEC_186821","ESA_128913|RB_936599|SPF_225283|UEC_186821","4","1","UEC_186821","SPF_225283","UEC_186821","coord_original","Medium","PARQUE ESTADUAL ILHABELA"
,,"https://specieslink.net/col/40",,"MBM","MBM",,"PRESERVED_SPECIMEN","223797","1590","Souza, VC; et al.",,"1998-03-13","1998","3","13",,,,"Brazil","BR","São Paulo",,,"Ilhabela",,,,,,,,,"Jacques, EL",,,"Begonia hugelii (Klotzsch) A.DC.","Magnoliopsida","Cucurbitales","Begoniaceae","Begonia","species","(Klotzsch) A.DC.","SYNONYM",,,"Begonia huegelii (Klotzsch) A.DC.",,,,"Begonia hugelii","Begonia huegelii",,,"https://images.cria.org.br/viewer/MBM223797",,,,"GBIF","MBM",,"Souza, V.C.","1590","1998",,,,"Souza",,"brazil","sao paulo","ilhabela","ilhabela",,"locality","brazil_sao paulo_sao paulo","brazil_sao paulo_ilhabela_ilhabela",-23.845587,-45.334266,"locality",173592,"Begonia huegelii","(Klotzsch) A.DC.","name_w_authors","Begoniaceae","Begonia huegelii","(Klotzsch) A.DC.","species","replaced orth. variant","bfo-5635","Begonia huegelii","(Klotzsch) A.DC.","Begonia huegelii (Klotzsch) A.DC.","Begonia","Begoniaceae","brazil_sao paulo_sao paulo","Brazil","São Paulo","São Paulo",,"ibge",TRUE,-23.540001,-46.630001,"coord_original","miliseconds","high","Begonia huegelii","ok_same_resolution","ok_county",,FALSE,"ok_dist","full_name_match","MBM_223797","ESA_16195|MBM_223797","2","0.5",,"MBM_223797","MBM_223797","coord_original","Medium","PARQUE ESTADUAL ILHABELA"
,,"urn:uuid:60e28f81-e634-4869-aa3e-732caed713c8",,"US","US","NMNH Extant Biology","PRESERVED_SPECIMEN","US 3419289","12299","V. C. Souza, C. M. Sakuragui, M. T. Campos & A. Oliveira",,"1991","1991",,,"-- --- 1991",,,"Brazil","BR","São Paulo",,,"Ilhabela.",,,,,,,,,"Maia Souza, B.",,,"Triumfetta semitriloba Jacq.","Magnoliopsida","Malvales","Malvaceae","Triumfetta","species","L.","ACCEPTED",,,"Triumfetta semitriloba Jacq.",,,,"Triumfetta semitriloba","Triumfetta semitriloba",,,"https://collections.nmnh.si.edu/media/?i=15442444",,,,"GBIF","US",,"Souza, V.C.","12299","1991","Souza, B.M.","1905","Sakuragui, C.M.; Campos, M.T.; Oliveira, A.","Souza",,"brazil","sao paulo","ilhabela","ilhabela",,"locality","brazil_sao paulo_ilhabela_ilhabela","brazil_sao paulo_ilhabela_ilhabela",-23.845587,-45.334266,"locality",227157,"Triumfetta bartramia","L.","name_w_authors","Malvaceae","Triumfetta semitriloba","Jacq.","species","name accepted","bfo-9263",,,"Triumfetta bartramia L.","Triumfetta","Malvaceae","brazil_sao paulo_ilhabela","Brazil","São Paulo","Ilhabela",,"ibge",TRUE,-23.77,-45.349998,"coord_original","miliseconds","high","Triumfetta bartramia","ok_same_resolution","ok_county",,FALSE,"ok_dist","full_name_match","US_3419289","ESA_33530|US_3419289","3","0.75","ESA_33530","ESA_33530","US_3419289","coord_original","Medium","PARQUE ESTADUAL ILHABELA"
,,"https://specieslink.net/col/40",,"MBM","MBM",,"PRESERVED_SPECIMEN","223976","1632","Souza, VC; et al.",,"1990","1990",,,,,,"Brasil","BR","São Paulo",,"Ilhabela","Ilhabela.",,,,,,,,,"Prado, J","2009-01-01",,"Doryopteris pentagona Pic.Serm.","Polypodiopsida","Polypodiales","Pteridaceae","Doryopteris","species","Pic. Serm.","ACCEPTED",,,"Doryopteris pentagona Pic.Serm.",,,,"Doryopteris pentagona","Doryopteris pentagona",,,"https://images.cria.org.br/viewer/MBM223976",,,,"GBIF","MBM",,"Souza, V.C.","1632","1990","Prado, J.","2009",,"Souza",,"brazil","sao paulo","ilhabela","ilhabela",,"locality","brazil_sao paulo_ilhabela_ilhabela","brazil_sao paulo_ilhabela_ilhabela",-23.845587,-45.334266,"locality",173652,"Doryopteris pentagona","Pic. Serm.","name_w_authors","Pteridaceae","Doryopteris pentagona","Pic. Serm.","species","name accepted","bfo-91911",,,"Doryopteris pentagona Pic. Serm.","Doryopteris","Pteridaceae","brazil_sao paulo_ilhabela","Brazil","São Paulo","Ilhabela",,"ibge",TRUE,-23.77,-45.349998,"coord_original","miliseconds","high","Doryopteris pentagona","ok_same_resolution","ok_county",,FALSE,"ok_dist","full_name_match","MBM_223976","BHCB_34551|ESA_16186|MBM_223976","3","0.75","MBM_223976","BHCB_34551","MBM_223976","coord_original","Medium","PARQUE ESTADUAL ILHABELA"
,,"https://specieslink.net/col/2",,"UNICAMP","UEC",,"PRESERVED_SPECIMEN","89621","1622","Souza, VC; Sakuragui, CM",,"1990","1990",,,,,,"Brasil","BR","São Paulo",,"Ilhabela","Ilhabela",,,,,,,,,"Filliettaz, AM","1997-10-01",,"Crotalaria lanceolata E.Mey.","Magnoliopsida","Fabales","Fabaceae","Crotalaria","species","E.Mey.","ACCEPTED",,,"Crotalaria lanceolata E.Mey.",,,,"Crotalaria lanceolata","Crotalaria lanceolata",,,"https://images.cria.org.br/viewer/UEC151958",,,,"GBIF","UEC",,"Souza, V.C.","1622","1990","Filliettaz, A.M.","1997","Sakuragui, C.M.","Souza",,"brazil","sao paulo","ilhabela","ilhabela",,"locality","brazil_sao paulo_ilhabela_ilhabela","brazil_sao paulo_ilhabela_ilhabela",-23.845587,-45.334266,"locality",91547,"Crotalaria lanceolata","E.Mey.","name_w_authors","Fabaceae","Crotalaria lanceolata","E.Mey.","species","name accepted","bfo-82986",,,"Crotalaria lanceolata E.Mey.","Crotalaria","Fabaceae","brazil_sao paulo_ilhabela","Brazil","São Paulo","Ilhabela",,"ibge",TRUE,-23.77,-45.349998,"coord_original","miliseconds","high","Crotalaria lanceolata","ok_same_resolution","ok_county",,FALSE,"ok_dist","full_name_match","UEC_89621","ESA_16173|UEC_89621","2","0.5","ESA_16173","ESA_16173","UEC_89621","coord_original","Medium","PARQUE ESTADUAL ILHABELA"
,,"https://specieslink.net/col/2",,"UNICAMP","UEC",,"PRESERVED_SPECIMEN","48722","8866","Hutchison, PC",,"1985-08-03","1985","8","3",,,,"Brasil","BR","São Paulo",,"Ilhabela","Ilhabela",,,,,,,,,"Nadruz, MA","2004-08-01",,"Anthurium beyrichianum Kunth","Liliopsida","Alismatales","Araceae","Anthurium","species","Kunth","SYNONYM",,,"Anthurium intermedium Kunth",,,,"Anthurium beyrichianum","Anthurium intermedium",,,"https://images.cria.org.br/viewer/UEC090239",,,,"GBIF","UEC",,"Hutchison, P.C.","8866","1985","Nadruz, M.A.","2004",,"Hutchison",,"brazil","sao paulo","ilhabela","ilhabela",,"locality","brazil_sao paulo_ilhabela_ilhabela","brazil_sao paulo_ilhabela_ilhabela",-23.845587,-45.334266,"locality",76660,"Anthurium intermedium","Kunth","name_w_authors","Araceae","Anthurium intermedium","Kunth","species","replaced synonym","bfo-4938","Anthurium intermedium","Kunth","Anthurium intermedium Kunth","Anthurium","Araceae","brazil_sao paulo_ilhabela","Brazil","São Paulo","Ilhabela",,"ibge",TRUE,-23.77,-45.349998,"coord_original","miliseconds","high","Anthurium intermedium","ok_same_resolution","ok_county",,FALSE,"ok_dist","full_name_match","UEC_48722","UEC_48722[virtual]","1","0.25","UEC_48722","UEC_48722","UEC_48722","coord_original","Medium","PARQUE ESTADUAL ILHABELA"
,,"https://specieslink.net/col/40",,"MBM","MBM",,"PRESERVED_SPECIMEN","258056","22-92","Gottsberger, I; et al.",,"1974-02-09","1974","2","9",,,,"Brasil","BR","São Paulo",,"Ilhabela","Ilhabela.",,,,,,,,,"Lewis, GP",,,"Swartzia langsdorffii Raddi","Magnoliopsida","Fabales","Fabaceae","Swartzia","species","Raddi","ACCEPTED",,,"Swartzia langsdorffii Raddi",,,,"Swartzia langsdorffii","Swartzia langsdorffii",,,"https://images.cria.org.br/viewer/MBM258056",,,,"GBIF","MBM",,"Gottsberger, I.","22-92","1974",,,,"Gottsberger",,"brazil","sao paulo","ilhabela","ilhabela",,"locality","brazil_sao paulo_ilhabela_ilhabela","brazil_sao paulo_ilhabela_ilhabela",-23.845587,-45.334266,"locality",175030,"Swartzia langsdorffii","Raddi","name_w_authors","Fabaceae","Swartzia langsdorffii","Raddi","species","name accepted","bfo-19178",,,"Swartzia langsdorffii Raddi","Swartzia","Fabaceae","brazil_sao paulo_ilhabela","Brazil","São Paulo","Ilhabela",,"ibge",TRUE,-23.77,-45.349998,"coord_original","miliseconds","high","Swartzia langsdorffii","ok_same_resolution","ok_county",,FALSE,"ok_dist","full_name_match","MBM_258056","MBM_258056[virtual]","4","1",,"MBM_258056","MBM_258056","coord_original","Medium","PARQUE ESTADUAL ILHABELA"
,,,,"K","K",,"PRESERVED_SPECIMEN","K000100325","SPF16676","Joly",,,"1949","4","13",,,,"Brazil",,,,,"Ilhabela, Ilha de Sao Sebastiao",,,,,,,,"não","NPT",,,"Pereskia aculeata Miller",,,"Cactaceae","Pereskia","species","Miller",,,,,,,,"CACTACEAE Pereskia aculeata Miller","aculeata",,,,,,,"Reflora","K",,"Joly","SPF16676","1949","Npt",,,"Joly",,"brazil","sao paulo","ilhabela","ilhabela",,"locality","brazil_sao paulo_ilhabela_ilhabela","brazil_sao paulo_ilhabela_ilhabela",-23.845587,-45.334266,"locality",1406230,"Pereskia aculeata","Mill.","name_w_authors","Cactaceae","Pereskia aculeata","Mill.","species","author misspelled","bfo-1633",,,"Pereskia aculeata Mill.","Pereskia","Cactaceae","brazil_sao paulo_ilhabela","Brazil","São Paulo","Ilhabela",,"ibge",TRUE,-23.845587,-45.334266,"coord_gazet","seconds","high","Pereskia aculeata","ok_same_resolution","ok_locality_gazet",,FALSE,"ok_dist","full_name_match","K_100325",,"0","0",,,,"coord_gazet","Medium","PARQUE ESTADUAL ILHABELA"
,,"https://specieslink.net/col/8",,"ESALQ","ESA",,"PRESERVED_SPECIMEN","016175","1627","Souza, V.C. ; Sakuragui, C.M.",,"1990-01-01","1990","1","1",,,,"Brasil","BR","São Paulo",,"Ilhabela","Ilhabela",,,,,,,,,"Ivanauskas, N.M.","1994-10-18",,"Miconia latecrenata (DC.) Naudin","Magnoliopsida","Myrtales","Melastomataceae","Miconia","species",,"ACCEPTED",,,"Miconia latecrenata (DC.) Naudin",,,,"Miconia latecrenata","Miconia latecrenata",,,,,,,"GBIF","ESA",,"Souza, V.C.","1627","1990","Ivanauskas, N.M.","1994","Sakuragui, C.M.","Souza",,"brazil","sao paulo","ilhabela","ilhabela",,"municipality","brazil_sao paulo_ilhabela","brazil_sao paulo_ilhabela_ilhabela",-23.845587,-45.334266,"locality",710696,"Miconia latecrenata","(DC.) Naudin","name_w_authors","Melastomataceae","Miconia latecrenata","(DC.) Naudin","species","name accepted","bfo-9724",,,"Miconia latecrenata (DC.) Naudin","Miconia","Melastomataceae","brazil_sao paulo_ilhabela","Brazil","São Paulo","Ilhabela",,"ibge",TRUE,-23.77,-45.349998,"coord_original","miliseconds","medium","Miconia latecrenata","ok_same_resolution","ok_county",,FALSE,"ok_dist","full_name_match","ESA_16175","ESA_16175|SP_304647|UEC_75476","3","0.75","UEC_75476","UEC_75476","UEC_75476","coord_original","Medium","PARQUE ESTADUAL ILHABELA"
,,,,"SPSF","SPSF",,"PRESERVED_SPECIMEN","47476","1286",,"<nO>Árvore com 6 metros.; 600m antes da portaria, Floresta Ombrófila Densa.; Habitat: Floresta Ombrófila Densa Habito: Árvore</nO>",,"2013","8","28",,,"<nO>Árvore com 6 metros.; 600m antes da portaria, Floresta Ombrófila Densa.; Habitat: Floresta Ombrófila Densa Habito: Árvore</nO>","Brasil",,"São Paulo","Ilhabela","Ilhabela","Ilhabela, Brasil, SP, Ilhabela, Trilha para o bonete 600m antes da porteira.",,,"-23.77","-45.35",,"23º46'12''S","45º20'60''W",,"A. Maruyama","2017-1-   6",,"Myrsine venosa",,,"Primulaceae","Myrsine",,,,"-23.77","-45.35",,"6","1","2017",,"venosa",,,,,,"SPSF00047476","Splink","SPSF",,,"1286","2013","Maruyama, A.","2017",,,,"brazil","sao paulo","ilhabela","ilhabela",,"locality","brazil_sao paulo_ilhabela","brazil_sao paulo_ilhabela_ilhabela",-23.845587,-45.334266,"locality",1089328,"Myrsine venosa","A.DC.","possibly_ok","Primulaceae","Myrsine venosa","A.DC.","species","name accepted","bfo-10243",,,"Myrsine venosa A.DC.","Myrsine","Primulaceae","brazil_sao paulo_ilhabela","Brazil","São Paulo","Ilhabela",,"ibge",TRUE,-23.77,-45.35,"coord_original","miliseconds","low","Myrsine venosa","ok_same_resolution","ok_county",,FALSE,"ok_dist","full_name_match","SPSF_47476","ESA_128906|RB_999601|SPSF_47476|UEC_186644","1","0.25",,"SPSF_47476","UEC_186644","coord_original","Medium","PARQUE ESTADUAL ILHABELA"
,,,,"iNaturalist","Observations","iNaturalist research-grade observations","HUMAN_OBSERVATION","209605493",,"Marcio C Motta",,"2024-04-26T12:17:36","2024","4","26","Fri Apr 26 2024 12:17:36 GMT -0300 (GMT)",,,"BR","BR","São Paulo",,,"Ilhabela","Ilhabela",,"-23.923157","-45.448212",,,,,"Marcio C Motta","2024-04-26 15:17:52",,"Tridax procumbens L.","Magnoliopsida","Asterales","Asteraceae","Tridax","species",,"ACCEPTED",,,"Tridax procumbens L.",,,,"Tridax procumbens","Tridax procumbens","169944","EPSG:4326",,,,,"GBIF","Observations","code not found","Motta, M.C.",,"2024","Motta, M.C.","2024",,"Motta",,"brazil","sao paulo","ilhabela","ilhabela",,"locality","brazil_sao paulo_ilhabela_ilhabela","brazil_sao paulo_ilhabela_ilhabela",-23.845587,-45.334266,"locality",674324,"Tridax procumbens","L.","name_w_authors","Asteraceae","Tridax procumbens","L.","species","name accepted","bfo-16365",,,"Tridax procumbens L.","Tridax","Asteraceae","brazil_sao paulo_ilhabela","Brazil","São Paulo","Ilhabela",,"ibge",TRUE,-23.923157,-45.448212,"coord_original","miliseconds","low","Tridax procumbens","ok_same_resolution","ok_county",,FALSE,"ok_dist","full_name_match","Observations_209605493",,"cc","cc",,,,"coord_original","Medium","PARQUE ESTADUAL ILHABELA"
,,,,"iNaturalist","Observations","iNaturalist research-grade observations","HUMAN_OBSERVATION","209597222",,"Marcio C Motta",,"2024-04-26T12:03:46","2024","4","26","Fri Apr 26 2024 12:03:46 GMT -0300 (GMT)",,,"BR","BR","São Paulo",,,"Ilhabela","Ilhabela",,"-23.923157","-45.448212",,,,,"Marcio C Motta","2024-04-26 15:04:02",,"Psidium guajava L.","Magnoliopsida","Myrtales","Myrtaceae","Psidium","species",,"ACCEPTED",,,"Psidium guajava L.",,,,"Psidium guajava","Psidium guajava","62859","EPSG:4326",,,,,"GBIF","Observations","code not found","Motta, M.C.",,"2024","Motta, M.C.","2024",,"Motta",,"brazil","sao paulo","ilhabela","ilhabela",,"locality","brazil_sao paulo_ilhabela_ilhabela","brazil_sao paulo_ilhabela_ilhabela",-23.845587,-45.334266,"locality",673277,"Psidium guajava","L.","name_w_authors","Myrtaceae","Psidium guajava","L.","species","name accepted","bfo-24034",,,"Psidium guajava L.","Psidium","Myrtaceae","brazil_sao paulo_ilhabela","Brazil","São Paulo","Ilhabela",,"ibge",TRUE,-23.923157,-45.448212,"coord_original","miliseconds","low","Psidium guajava","ok_same_resolution","ok_county",,FALSE,"ok_dist","full_name_match","Observations_209597222",,"cc","cc",,,,"coord_original","Medium","PARQUE ESTADUAL ILHABELA"
,,,,"iNaturalist","Observations","iNaturalist research-grade observations","HUMAN_OBSERVATION","209592377",,"Marcio C Motta",,"2024-04-26T11:54:55","2024","4","26","Fri Apr 26 2024 11:54:55 GMT -0300 (GMT)",,,"BR","BR","São Paulo",,,"Ilhabela","Ilhabela",,"-23.923157","-45.448212",,,,,"Marcio C Motta","2024-04-26 14:55:21",,"Pleroma urvilleanum (DC.) P.J.F.Guim. & Michelang.","Magnoliopsida","Myrtales","Melastomataceae","Pleroma","species",,"ACCEPTED",,,"Pleroma urvilleanum (DC.) P.J.F.Guim. & Michelang.",,,,"Pleroma urvilleanum","Pleroma urvilleanum","1263850","EPSG:4326",,,,,"GBIF","Observations","code not found","Motta, M.C.",,"2024","Motta, M.C.","2024",,"Motta",,"brazil","sao paulo","ilhabela","ilhabela",,"locality","brazil_sao paulo_ilhabela_ilhabela","brazil_sao paulo_ilhabela_ilhabela",-23.845587,-45.334266,"locality",673480,"Pleroma urvilleanum","(DC.) P.J.F.Guim. & Michelang.","name_w_authors","Melastomataceae","Pleroma urvilleanum","(DC.) P.J.F.Guim. & Michelang.","species","name accepted","bfo-612290",,,"Pleroma urvilleanum (DC.) P.J.F.Guim. & Michelang.","Pleroma","Melastomataceae","brazil_sao paulo_ilhabela","Brazil","São Paulo","Ilhabela",,"ibge",TRUE,-23.923157,-45.448212,"coord_original","miliseconds","low","Pleroma urvilleanum","ok_same_resolution","ok_county",,FALSE,"ok_dist","full_name_match","Observations_209592377",,"cc","cc",,,,"coord_original","Medium","PARQUE ESTADUAL ILHABELA"
,,,,"iNaturalist","Observations","iNaturalist research-grade observations","HUMAN_OBSERVATION","254568367",,"Marcio C Motta",,"2024-12-08T11:21:42","2024","12","8","2024-12-08 11:21:42",,,"BR","BR","São Paulo",,,"Ilhabela, BR-SP, BR","Ilhabela, BR-SP, BR",,"-23.876868","-45.434768",,,,,"Marcio C Motta","2024-12-09 00:01:46",,"Megaskepasma erythrochlamys Lindau","Magnoliopsida","Lamiales","Acanthaceae","Megaskepasma","species",,"ACCEPTED",,,"Megaskepasma erythrochlamys Lindau",,,,"Megaskepasma erythrochlamys","Megaskepasma erythrochlamys","142283","EPSG:4326",,,,,"GBIF","Observations","code not found","Motta, M.C.",,"2024","Motta, M.C.","2024",,"Motta",,"brazil","sao paulo","ilhabela","ilhabela",,"locality","brazil_sao paulo_ilhabela_ilhabela","brazil_sao paulo_ilhabela_ilhabela",-23.845587,-45.334266,"locality",758077,"Megaskepasma erythrochlamys","Lindau","name_w_authors","Acanthaceae","Megaskepasma erythrochlamys","Lindau","species","name accepted","bfo-608912",,,"Megaskepasma erythrochlamys Lindau","Megaskepasma","Acanthaceae","brazil_sao paulo_ilhabela","Brazil","São Paulo","Ilhabela",,"ibge",TRUE,-23.876868,-45.434768,"coord_original","miliseconds","low","Megaskepasma erythrochlamys","ok_same_resolution","ok_county",,FALSE,"ok_dist","full_name_match","Observations_254568367",,"cc","cc",,,,"coord_original","Medium","PARQUE ESTADUAL ILHABELA"
,,,,"iNaturalist","Observations","iNaturalist research-grade observations","HUMAN_OBSERVATION","208121019",,"Marcio C Motta",,"2024-04-19T14:07:11","2024","4","19","Fri Apr 19 2024 14:07:11 GMT -0300 (GMT)",,,"BR","BR","São Paulo",,,"Ilhabela","Ilhabela",,"-23.819885","-45.375797",,,,,"Marcio C Motta","2024-04-19 17:07:18",,"Ipomoea pes-caprae (L.) R.Br.","Magnoliopsida","Solanales","Convolvulaceae","Ipomoea","species",,"ACCEPTED",,,"Ipomoea pes-caprae (L.) R.Br.",,,,"Ipomoea pes-caprae","Ipomoea pes-caprae","60879","EPSG:4326",,,,,"GBIF","Observations","code not found","Motta, M.C.",,"2024","Motta, M.C.","2024",,"Motta",,"brazil","sao paulo","ilhabela","ilhabela",,"locality","brazil_sao paulo_ilhabela_ilhabela","brazil_sao paulo_ilhabela_ilhabela",-23.845587,-45.334266,"locality",673021,"Ipomoea pes-caprae","(L.) R.Br.","name_w_authors","Convolvulaceae","Ipomoea pes-caprae","(L.) R.Br.","species","name accepted","bfo-7051",,,"Ipomoea pes-caprae (L.) R.Br.","Ipomoea","Convolvulaceae","brazil_sao paulo_ilhabela","Brazil","São Paulo","Ilhabela",,"ibge",TRUE,-23.819885,-45.375797,"coord_original","miliseconds","low","Ipomoea pes-caprae","ok_same_resolution","ok_state",,FALSE,"ok_dist","full_name_match","Observations_208121019",,"cc","cc",,,,"coord_original","Medium","PARQUE ESTADUAL ILHABELA"
,,,,"iNaturalist","Observations","iNaturalist research-grade observations","HUMAN_OBSERVATION","209593381",,"Marcio C Motta",,"2024-04-26T11:56:41","2024","4","26","Fri Apr 26 2024 11:56:41 GMT -0300 (GMT)",,,"BR","BR","São Paulo",,,"Ilhabela","Ilhabela",,"-23.923157","-45.448212",,,,,"Marcio C Motta","2024-04-26 14:57:05",,"Ipomoea hederacea Jacq.","Magnoliopsida","Solanales","Convolvulaceae","Ipomoea","species",,"ACCEPTED",,,"Ipomoea hederacea Jacq.",,,,"Ipomoea hederacea","Ipomoea hederacea","77495","EPSG:4326",,,,,"GBIF","Observations","code not found","Motta, M.C.",,"2024","Motta, M.C.","2024",,"Motta",,"brazil","sao paulo","ilhabela","ilhabela",,"locality","brazil_sao paulo_ilhabela_ilhabela","brazil_sao paulo_ilhabela_ilhabela",-23.845587,-45.334266,"locality",674934,"Ipomoea hederacea","Jacq.","name_w_authors","Convolvulaceae","Ipomoea hederacea","Jacq.","species","name accepted","bfo-128039",,,"Ipomoea hederacea Jacq.","Ipomoea","Convolvulaceae","brazil_sao paulo_ilhabela","Brazil","São Paulo","Ilhabela",,"ibge",TRUE,-23.923157,-45.448212,"coord_original","miliseconds","low","Ipomoea hederacea","ok_same_resolution","ok_county",,,"ok_dist","full_name_match","Observations_209593381",,"cc","cc",,,,"coord_original","Medium","PARQUE ESTADUAL ILHABELA"
,,,,"iNaturalist","Observations","iNaturalist research-grade observations","HUMAN_OBSERVATION","208122256",,"Marcio C Motta",,"2024-04-19T14:16:10","2024","4","19","Fri Apr 19 2024 14:16:10 GMT -0300 (GMT)",,,"BR","BR","São Paulo",,,"Ilhabela","Ilhabela",,"-23.819092","-45.376373",,,,,"Marcio C Motta","2024-04-19 17:16:23",,"Heptapleurum arboricola Hayata","Magnoliopsida","Apiales","Araliaceae","Heptapleurum","species",,"ACCEPTED",,,"Heptapleurum arboricola Hayata",,,,"Heptapleurum arboricola","Heptapleurum arboricola","1239449","EPSG:4326",,,,,"GBIF","Observations","code not found","Motta, M.C.",,"2024","Motta, M.C.","2024",,"Motta",,"brazil","sao paulo","ilhabela","ilhabela",,"locality","brazil_sao paulo_ilhabela_ilhabela","brazil_sao paulo_ilhabela_ilhabela",-23.845587,-45.334266,"locality",673054,"Heptapleurum arboricola","Hayata","name_w_authors","Araliaceae","Heptapleurum arboricola","Hayata","species","name accepted","bfo-606983",,,"Heptapleurum arboricola Hayata","Heptapleurum","Araliaceae","brazil_sao paulo_ilhabela","Brazil","São Paulo","Ilhabela",,"ibge",TRUE,-23.819092,-45.376373,"coord_original","miliseconds","low","Heptapleurum arboricola","ok_same_resolution","ok_state",,FALSE,"ok_dist","full_name_match","Observations_208122256",,"cc","cc",,,,"coord_original","Medium","PARQUE ESTADUAL ILHABELA"
,,,,"iNaturalist","Observations","iNaturalist research-grade observations","HUMAN_OBSERVATION","208121466",,"Marcio C Motta",,"2024-04-19T14:10:01","2024","4","19","Fri Apr 19 2024 14:10:01 GMT -0300 (GMT)",,,"BR","BR","São Paulo",,,"Ilhabela","Ilhabela",,"-23.819885","-45.375881",,,,,"Marcio C Motta","2024-04-19 17:10:22",,"Cyperus ligularis L.","Liliopsida","Poales","Cyperaceae","Cyperus","species",,"ACCEPTED",,,"Cyperus ligularis L.",,,,"Cyperus ligularis","Cyperus ligularis","161458","EPSG:4326",,,,,"GBIF","Observations","code not found","Motta, M.C.",,"2024","Motta, M.C.","2024",,"Motta",,"brazil","sao paulo","ilhabela","ilhabela",,"locality","brazil_sao paulo_ilhabela_ilhabela","brazil_sao paulo_ilhabela_ilhabela",-23.845587,-45.334266,"locality",673121,"Cyperus ligularis","L.","name_w_authors","Cyperaceae","Cyperus ligularis","L.","species","name accepted","bfo-7185",,,"Cyperus ligularis L.","Cyperus","Cyperaceae","brazil_sao paulo_ilhabela","Brazil","São Paulo","Ilhabela",,"ibge",TRUE,-23.819885,-45.375881,"coord_original","miliseconds","low","Cyperus ligularis","ok_same_resolution","ok_state",,FALSE,"ok_dist","full_name_match","Observations_208121466",,"cc","cc",,,,"coord_original","Medium","PARQUE ESTADUAL ILHABELA"
,,,,"iNaturalist","Observations","iNaturalist research-grade observations","HUMAN_OBSERVATION","209595256",,"Marcio C Motta",,"2024-04-26T11:36:56","2024","4","26","Fri Apr 26 2024 11:36:56 GMT -0300 (GMT)",,,"BR","BR","São Paulo",,,"Ilhabela, BR-SP, BR","Ilhabela, BR-SP, BR",,"-23.923172","-45.448193",,,,,"Marcio C Motta","2024-04-26 15:00:25",,"Alpinia purpurata (Vieill.) K.Schum.","Liliopsida","Zingiberales","Zingiberaceae","Alpinia","species",,"ACCEPTED",,,"Alpinia purpurata (Vieill.) K.Schum.",,,,"Alpinia purpurata","Alpinia purpurata","154466","EPSG:4326",,,,,"GBIF","Observations","code not found","Motta, M.C.",,"2024","Motta, M.C.","2024",,"Motta",,"brazil","sao paulo","ilhabela","ilhabela",,"locality","brazil_sao paulo_ilhabela_ilhabela","brazil_sao paulo_ilhabela_ilhabela",-23.845587,-45.334266,"locality",673120,"Alpinia purpurata","(Vieill.) K.Schum.","name_w_authors","Zingiberaceae","Alpinia purpurata","(Vieill.) K.Schum.","species","name accepted","bfo-110702",,,"Alpinia purpurata (Vieill.) K.Schum.","Alpinia","Zingiberaceae","brazil_sao paulo_ilhabela","Brazil","São Paulo","Ilhabela",,"ibge",TRUE,-23.923172,-45.448193,"coord_original","miliseconds","low","Alpinia purpurata","ok_same_resolution","ok_county",,FALSE,"ok_dist","full_name_match","Observations_209595256",,"cc","cc",,,,"coord_original","Medium","PARQUE ESTADUAL ILHABELA"
,,,,"iNaturalist","Observations","iNaturalist research-grade observations","HUMAN_OBSERVATION","103118046",,"Alex",,"2021-12-15T15:31:20","2021","12","15","Wed Dec 15 2021 15:31:20 GMT -0200 (GMT-2)",,,"BR","BR","São Paulo",,,"Ilhabela, BR-SP, BR","Ilhabela, BR-SP, BR",,"-23.904814","-45.458996",,,,,"Alex","2021-12-15 22:57:01",,"Thaumatophyllum bipinnatifidum (Schott ex Endl.) Sakur., Calazans & Mayo","Liliopsida","Alismatales","Araceae","Thaumatophyllum","species",,"ACCEPTED",,,"Thaumatophyllum bipinnatifidum (Schott ex Endl.) Sakur., Calazans & Mayo",,,,"Thaumatophyllum bipinnatifidum","Thaumatophyllum bipinnatifidum","985710","EPSG:4326",,,,,"GBIF","Observations","code not found","Alex",,"2021","Alex","2021",,"Alex",,"brazil","sao paulo","ilhabela","ilhabela",,"locality","brazil_sao paulo_ilhabela_ilhabela","brazil_sao paulo_ilhabela_ilhabela",-23.845587,-45.334266,"locality",579453,"Thaumatophyllum bipinnatifidum","(Schott ex Endl.) Sakur., Calazans & Mayo","name_w_authors","Araceae","Thaumatophyllum bipinnatifidum","(Schott ex Endl.) Sakur., Calazans & Mayo","species","name accepted","bfo-604637",,,"Thaumatophyllum bipinnatifidum (Schott ex Endl.) Sakur., Calazans & Mayo","Thaumatophyllum","Araceae","brazil_sao paulo_ilhabela","Brazil","São Paulo","Ilhabela",,"ibge",TRUE,-23.904814,-45.458996,"coord_original","miliseconds","low","Thaumatophyllum bipinnatifidum","ok_same_resolution","ok_county",,FALSE,"ok_dist","full_name_match","Observations_103118046",,"cc","cc",,,,"coord_original","Medium","PARQUE ESTADUAL ILHABELA"
,,,,"iNaturalist","Observations","iNaturalist research-grade observations","HUMAN_OBSERVATION","36996919",,"Solange Giardino",,"2019-12-27","2019","12","27","2019-12-27",,,"BR","BR","São Paulo",,,"Ilhabela","Ilhabela",,"-23.760151","-45.349846",,,,,"Solange Giardino","2019-12-27 12:40:03",,"Turnera subulata J.E.Sm.","Magnoliopsida","Malpighiales","Turneraceae","Turnera","species",,"ACCEPTED",,,"Turnera subulata J.E.Sm.",,,,"Turnera subulata","Turnera subulata","327909","EPSG:4326",,,,,"GBIF","Observations","code not found","Giardino, S.",,"2019","Giardino, S.","2019",,"Giardino",,"brazil","sao paulo","ilhabela","ilhabela",,"locality","brazil_sao paulo_ilhabela_ilhabela","brazil_sao paulo_ilhabela_ilhabela",-23.845587,-45.334266,"locality",572145,"Turnera subulata","Sm.","name_w_authors","Turneraceae","Turnera subulata","Sm.","species","author misspelled","bfo-21354",,,"Turnera subulata Sm.","Turnera","Turneraceae","brazil_sao paulo_ilhabela","Brazil","São Paulo","Ilhabela",,"ibge",TRUE,-23.760151,-45.349846,"coord_original","miliseconds","low","Turnera subulata","ok_same_resolution","ok_county",,FALSE,"ok_dist","full_name_match","Observations_36996919",,"cc","cc",,,,"coord_original","Medium","PARQUE ESTADUAL ILHABELA"
,,,,"iNaturalist","Observations","iNaturalist research-grade observations","HUMAN_OBSERVATION","36996025",,"Solange Giardino",,"2019-12-27","2019","12","27","2019-12-27",,,"BR","BR","São Paulo",,,"Ilhabela","Ilhabela",,"-23.760277","-45.349693",,,,,"Solange Giardino","2019-12-27 11:22:55",,"Terminalia catappa L.","Magnoliopsida","Myrtales","Combretaceae","Terminalia","species",,"ACCEPTED",,,"Terminalia catappa L.",,,,"Terminalia catappa","Terminalia catappa","62821","EPSG:4326",,,,,"GBIF","Observations","code not found","Giardino, S.",,"2019","Giardino, S.","2019",,"Giardino",,"brazil","sao paulo","ilhabela","ilhabela",,"locality","brazil_sao paulo_ilhabela_ilhabela","brazil_sao paulo_ilhabela_ilhabela",-23.845587,-45.334266,"locality",689980,"Terminalia catappa","L.","name_w_authors","Combretaceae","Terminalia catappa","L.","species","name accepted","bfo-22511",,,"Terminalia catappa L.","Terminalia","Combretaceae","brazil_sao paulo_ilhabela","Brazil","São Paulo","Ilhabela",,"ibge",TRUE,-23.760277,-45.349693,"coord_original","seconds","low","Terminalia catappa","ok_same_resolution","ok_county",,FALSE,"ok_dist","full_name_match","Observations_36996025",,"cc","cc",,,,"coord_original","Medium","PARQUE ESTADUAL ILHABELA"
,,,,"iNaturalist","Observations","iNaturalist research-grade observations","HUMAN_OBSERVATION","36996926",,"Solange Giardino",,"2019-12-27","2019","12","27","2019-12-27",,,"BR","BR","São Paulo",,,"Ilhabela","Ilhabela",,"-23.760151","-45.349846",,,,,"Solange Giardino","2019-12-27 12:40:47",,"Sphagneticola trilobata (L.) Pruski","Magnoliopsida","Asterales","Asteraceae","Sphagneticola","species",,"ACCEPTED",,,"Sphagneticola trilobata (L.) Pruski",,,,"Sphagneticola trilobata","Sphagneticola trilobata","246102","EPSG:4326",,,,,"GBIF","Observations","code not found","Giardino, S.",,"2019","Giardino, S.","2019",,"Giardino",,"brazil","sao paulo","ilhabela","ilhabela",,"locality","brazil_sao paulo_ilhabela_ilhabela","brazil_sao paulo_ilhabela_ilhabela",-23.845587,-45.334266,"locality",592878,"Sphagneticola trilobata","(L.) Pruski","name_w_authors","Asteraceae","Sphagneticola trilobata","(L.) Pruski","species","name accepted","bfo-16304",,,"Sphagneticola trilobata (L.) Pruski","Sphagneticola","Asteraceae","brazil_sao paulo_ilhabela","Brazil","São Paulo","Ilhabela",,"ibge",TRUE,-23.760151,-45.349846,"coord_original","miliseconds","low","Sphagneticola trilobata","ok_same_resolution","ok_county",,FALSE,"ok_dist","full_name_match","Observations_36996926",,"cc","cc",,,,"coord_original","Medium","PARQUE ESTADUAL ILHABELA"
,,,,"iNaturalist","Observations","iNaturalist research-grade observations","HUMAN_OBSERVATION","36937003",,"Solange Giardino",,"2019-12-25","2019","12","25","2019-12-25",,,"BR","BR","São Paulo",,,"Ilhabela","Ilhabela",,"-23.760043","-45.349429",,,,,"Solange Giardino","2019-12-25 12:20:14",,"Russelia equisetiformis Schltdl. & Cham.","Magnoliopsida","Lamiales","Plantaginaceae","Russelia","species",,"ACCEPTED",,,"Russelia equisetiformis Schltdl. & Cham.",,,,"Russelia equisetiformis","Russelia equisetiformis","122519","EPSG:4326",,,,,"GBIF","Observations","code not found","Giardino, S.",,"2019","Giardino, S.","2019",,"Giardino",,"brazil","sao paulo","ilhabela","ilhabela",,"locality","brazil_sao paulo_ilhabela_ilhabela","brazil_sao paulo_ilhabela_ilhabela",-23.845587,-45.334266,"locality",435167,"Russelia equisetiformis","Schltdl. & Cham.","name_w_authors","Plantaginaceae","Russelia equisetiformis","Schltdl. & Cham.","species","name accepted","bfo-608878",,,"Russelia equisetiformis Schltdl. & Cham.","Russelia","Plantaginaceae","brazil_sao paulo_ilhabela","Brazil","São Paulo","Ilhabela",,"ibge",TRUE,-23.760043,-45.349429,"coord_original","miliseconds","low","Russelia equisetiformis","ok_same_resolution","ok_county",,FALSE,"ok_dist","full_name_match","Observations_36937003",,"cc","cc",,,,"coord_original","Medium","PARQUE ESTADUAL ILHABELA"
,,,,"iNaturalist","Observations","iNaturalist research-grade observations","HUMAN_OBSERVATION","36936976",,"Solange Giardino",,"2019-12-25","2019","12","25","2019-12-25",,,"BR","BR","São Paulo",,,"Ilhabela","Ilhabela",,"-23.760043","-45.349429",,,,,"Solange Giardino","2019-12-25 12:17:51",,"Nerium oleander L.","Magnoliopsida","Gentianales","Apocynaceae","Nerium","species",,"ACCEPTED",,,"Nerium oleander L.",,,,"Nerium oleander","Nerium oleander","47563","EPSG:4326",,,,,"GBIF","Observations","code not found","Giardino, S.",,"2019","Giardino, S.","2019",,"Giardino",,"brazil","sao paulo","ilhabela","ilhabela",,"locality","brazil_sao paulo_ilhabela_ilhabela","brazil_sao paulo_ilhabela_ilhabela",-23.845587,-45.334266,"locality",435170,"Nerium oleander","L.","name_w_authors","Apocynaceae","Nerium oleander","L.","species","name accepted","bfo-33737",,,"Nerium oleander L.","Nerium","Apocynaceae","brazil_sao paulo_ilhabela","Brazil","São Paulo","Ilhabela",,"ibge",TRUE,-23.760043,-45.349429,"coord_original","miliseconds","low","Nerium oleander","ok_same_resolution","ok_county",,FALSE,"ok_dist","full_name_match","Observations_36936976",,"cc","cc",,,,"coord_original","Medium","PARQUE ESTADUAL ILHABELA"
,,,,"iNaturalist","Observations","iNaturalist research-grade observations","HUMAN_OBSERVATION","36996030",,"Solange Giardino",,"2019-12-27","2019","12","27","2019-12-27",,,"BR","BR","São Paulo",,,"Ilhabela","Ilhabela",,"-23.760277","-45.349693",,,,,"Solange Giardino","2019-12-27 11:24:21",,"Mangifera indica L.","Magnoliopsida","Sapindales","Anacardiaceae","Mangifera","species",,"ACCEPTED",,,"Mangifera indica L.",,,,"Mangifera indica","Mangifera indica","48872","EPSG:4326",,,,,"GBIF","Observations","code not found","Giardino, S.",,"2019","Giardino, S.","2019",,"Giardino",,"brazil","sao paulo","ilhabela","ilhabela",,"locality","brazil_sao paulo_ilhabela_ilhabela","brazil_sao paulo_ilhabela_ilhabela",-23.845587,-45.334266,"locality",580075,"Mangifera indica","L.","name_w_authors","Anacardiaceae","Mangifera indica","L.","species","name accepted","bfo-80029",,,"Mangifera indica L.","Mangifera","Anacardiaceae","brazil_sao paulo_ilhabela","Brazil","São Paulo","Ilhabela",,"ibge",TRUE,-23.760277,-45.349693,"coord_original","seconds","low","Mangifera indica","ok_same_resolution","ok_county",,FALSE,"ok_dist","full_name_match","Observations_36996030",,"cc","cc",,,,"coord_original","Medium","PARQUE ESTADUAL ILHABELA"
,,,,"iNaturalist","Observations","iNaturalist research-grade observations","HUMAN_OBSERVATION","36996036",,"Solange Giardino",,"2019-12-27","2019","12","27","2019-12-27",,,"BR","BR","São Paulo",,,"Ilhabela","Ilhabela",,"-23.760277","-45.349693",,,,,"Solange Giardino","2019-12-27 11:25:10",,"Duranta erecta L.","Magnoliopsida","Lamiales","Verbenaceae","Duranta","species",,"ACCEPTED",,,"Duranta erecta L.",,,,"Duranta erecta","Duranta erecta","162153","EPSG:4326",,,,,"GBIF","Observations","code not found","Giardino, S.",,"2019","Giardino, S.","2019",,"Giardino",,"brazil","sao paulo","ilhabela","ilhabela",,"locality","brazil_sao paulo_ilhabela_ilhabela","brazil_sao paulo_ilhabela_ilhabela",-23.845587,-45.334266,"locality",576098,"Duranta erecta","L.","name_w_authors","Verbenaceae","Duranta erecta","L.","species","name accepted","bfo-15139",,,"Duranta erecta L.","Duranta","Verbenaceae","brazil_sao paulo_ilhabela","Brazil","São Paulo","Ilhabela",,"ibge",TRUE,-23.760277,-45.349693,"coord_original","seconds","low","Duranta erecta","ok_same_resolution","ok_county",,FALSE,"ok_dist","full_name_match","Observations_36996036",,"cc","cc",,,,"coord_original","Medium","PARQUE ESTADUAL ILHABELA"
,,,,"iNaturalist","Observations","iNaturalist research-grade observations","HUMAN_OBSERVATION","36937034",,"Solange Giardino",,"2019-12-25","2019","12","25","2019-12-25",,,"BR","BR","São Paulo",,,"Ilhabela","Ilhabela",,"-23.760043","-45.349429",,,,,"Solange Giardino","2019-12-25 12:22:47",,"Catharanthus roseus (L.) G.Don","Magnoliopsida","Gentianales","Apocynaceae","Catharanthus","species",,"ACCEPTED",,,"Catharanthus roseus (L.) G.Don",,,,"Catharanthus roseus","Catharanthus roseus","62924","EPSG:4326",,,,,"GBIF","Observations","code not found","Giardino, S.",,"2019","Giardino, S.","2019",,"Giardino",,"brazil","sao paulo","ilhabela","ilhabela",,"locality","brazil_sao paulo_ilhabela_ilhabela","brazil_sao paulo_ilhabela_ilhabela",-23.845587,-45.334266,"locality",435163,"Catharanthus roseus","(L.) G.Don","name_w_authors","Apocynaceae","Catharanthus roseus","(L.) G.Don","species","name accepted","bfo-80256",,,"Catharanthus roseus (L.) G.Don","Catharanthus","Apocynaceae","brazil_sao paulo_ilhabela","Brazil","São Paulo","Ilhabela",,"ibge",TRUE,-23.760043,-45.349429,"coord_original","miliseconds","low","Catharanthus roseus","ok_same_resolution","ok_county",,FALSE,"ok_dist","full_name_match","Observations_36937034",,"cc","cc",,,,"coord_original","Medium","PARQUE ESTADUAL ILHABELA"
,,,,"iNaturalist","Observations","iNaturalist research-grade observations","HUMAN_OBSERVATION","36996913",,"Solange Giardino",,"2019-12-27","2019","12","27","2019-12-27",,,"BR","BR","São Paulo",,,"Ilhabela","Ilhabela",,"-23.760151","-45.349846",,,,,"Solange Giardino","2019-12-27 12:39:21",,"Allamanda cathartica L.","Magnoliopsida","Gentianales","Apocynaceae","Allamanda","species",,"ACCEPTED",,,"Allamanda cathartica L.",,,,"Allamanda cathartica","Allamanda cathartica","62937","EPSG:4326",,,,,"GBIF","Observations","code not found","Giardino, S.",,"2019","Giardino, S.","2019",,"Giardino",,"brazil","sao paulo","ilhabela","ilhabela",,"locality","brazil_sao paulo_ilhabela_ilhabela","brazil_sao paulo_ilhabela_ilhabela",-23.845587,-45.334266,"locality",435197,"Allamanda cathartica","L.","name_w_authors","Apocynaceae","Allamanda cathartica","L.","species","name accepted","bfo-4508",,,"Allamanda cathartica L.","Allamanda","Apocynaceae","brazil_sao paulo_ilhabela","Brazil","São Paulo","Ilhabela",,"ibge",TRUE,-23.760151,-45.349846,"coord_original","miliseconds","low","Allamanda cathartica","ok_same_resolution","ok_county",,FALSE,"ok_dist","full_name_match","Observations_36996913",,"cc","cc",,,,"coord_original","Medium","PARQUE ESTADUAL ILHABELA"
,,,,"iNaturalist","Observations","iNaturalist research-grade observations","HUMAN_OBSERVATION","90580735",,"Noam Markus",,"2018-02-09","2018","2","9","2018/02/09",,,"BR","BR","São Paulo",,,"Ilhabela , Brazil","Ilhabela , Brazil",,"-23.822626","-45.371225",,,,,"Noam Markus","2021-08-09 20:50:14",,"Tillandsia recurvata (L.) L.","Liliopsida","Poales","Bromeliaceae","Tillandsia","species",,"ACCEPTED",,,"Tillandsia recurvata (L.) L.",,,,"Tillandsia recurvata","Tillandsia recurvata","84002","EPSG:4326",,,,,"GBIF","Observations","code not found","Markus, N.",,"2018","Markus, N.","2021",,"Markus",,"brazil","sao paulo","ilhabela","ilhabela",,"locality","brazil_sao paulo_ilhabela_ilhabela","brazil_sao paulo_ilhabela_ilhabela",-23.845587,-45.334266,"locality",574904,"Tillandsia recurvata","(L.) L.","name_w_authors","Bromeliaceae","Tillandsia recurvata","(L.) L.","species","name accepted","bfo-6399",,,"Tillandsia recurvata (L.) L.","Tillandsia","Bromeliaceae","brazil_sao paulo_ilhabela","Brazil","São Paulo","Ilhabela",,"ibge",TRUE,-23.822626,-45.371225,"coord_original","miliseconds","low","Tillandsia recurvata","ok_same_resolution","ok_state",,FALSE,"ok_dist","full_name_match","Observations_90580735",,"cc","cc",,,,"coord_original","Medium","PARQUE ESTADUAL ILHABELA"
,,,,"iNaturalist","Observations","iNaturalist research-grade observations","HUMAN_OBSERVATION","36933317",,"Gustavo Sigal",,"2018-05-26T13:04","2018","5","26","2018/05/26 1:04 PM -0300",,,"BR","BR","São Paulo",,,"Ilhabela, SP, Brasil","Ilhabela, SP, Brasil",,"-23.815839","-45.366481",,,,,"Christophe Jenny","2020-01-08 12:30:08","Musa, Prata Group (AAB)","Musa ×paradisiaca L.","Liliopsida","Zingiberales","Musaceae","Musa","species",,"ACCEPTED",,,"Musa ×paradisiaca L.",,,,"Musa × paradisiaca","Musa paradisiaca","170883","EPSG:4326",,,,,"GBIF","Observations","code not found","Sigal, G.",,"2018","Jenny, C.","2020",,"Sigal",,"brazil","sao paulo","ilhabela","ilhabela",,"locality","brazil_sao paulo_ilhabela_ilhabela","brazil_sao paulo_ilhabela_ilhabela",-23.845587,-45.334266,"locality",435739,"Musa paradisiaca","L.","hybrid|name_w_authors","Musaceae","Musa paradisiaca","L.","species","name accepted","bfo-85800",,,"Musa paradisiaca L.","Musa","Musaceae","brazil_sao paulo_ilhabela","Brazil","São Paulo","Ilhabela",,"ibge",TRUE,-23.815839,-45.366481,"coord_original","miliseconds","low","Musa paradisiaca","ok_same_resolution","ok_state",,FALSE,"ok_dist","full_name_match","Observations_36933317",,"cc","cc",,,,"coord_original","Medium","PARQUE ESTADUAL ILHABELA"
,,,,"JBRJ","RB","RB - Rio de Janeiro Botanical Garden Herbarium Collection","PRESERVED_SPECIMEN","RB00940515","1287","G.D. Coletta; G.A. Aguirre, J. Teixeira",,"2013-08-29","2013","8","29",,,,"Brasil","BR","São Paulo",,"Ilhabela","Ilhabela, Norte da Ilha, perto da Armação.",,,,,,,,,"M.A.P. Ferreira",,,"Labramia bojeri A.DC.","Magnoliopsida","Ericales","Sapotaceae","Labramia","species","A.DC.","ACCEPTED",,,"Labramia bojeri A.DC.",,,,"Labramia bojeri A.DC.","Labramia bojeri",,,"jbrj-public-img.s3-sa-east-1.amazonaws.com/JPG/rb/0/94/5/15/00940515.jpg",,,,"GBIF","RB",,"Coletta, G.D.","1287","2013","Ferreira, M.A.P.",,"Aguirre, G.A.; Teixeira, J.","Coletta",,"brazil","sao paulo","ilhabela","ilhabela",,"locality","brazil_sao paulo_ilhabela","brazil_sao paulo_ilhabela_ilhabela",-23.845587,-45.334266,"locality",258449,"Labramia bojeri","A.DC.","name_w_authors","Sapotaceae","Labramia bojeri","A.DC.","species","name accepted","bfo-609439",,,"Labramia bojeri A.DC.","Labramia","Sapotaceae","brazil_sao paulo_ilhabela","Brazil","São Paulo","Ilhabela",,"ibge",TRUE,-23.77,-45.349998,"coord_original","miliseconds","low","Labramia bojeri","ok_same_resolution","ok_county",,FALSE,"ok_dist","full_name_match","RB_940515","ESA_128907|RB_940515|SPSF_47475|UEC_186825","4","1",,"UEC_186825","UEC_186825","coord_original","Medium","PARQUE ESTADUAL ILHABELA"
,,,,"iNaturalist","Observations","iNaturalist research-grade observations","HUMAN_OBSERVATION","6865359",,"fabiomanfredini",,"2013-12-18T10:24","2013","12","18","2013/12/18 10:24 AM BRST",,,"BR","BR","São Paulo",,,"Ilhabela, SP, Brasil","Ilhabela, SP, Brasil",,"-23.815839","-45.366481",,,,,"fabiomanfredini","2017-06-30 23:32:31",,"Caulerpa racemosa","Ulvophyceae","Bryopsidales","Caulerpaceae","Caulerpa","species","(Forssk.) J.Agardh","ACCEPTED",,,"Caulerpa racemosa (Forssk.) J.Agardh",,,,"Caulerpa racemosa (Forssk.) J.Agardh","Caulerpa racemosa","50926","EPSG:4326",,,,,"GBIF","Observations","code not found","Fabiomanfredini",,"2013","Fabiomanfredini","2017",,"Fabiomanfredini",,"brazil","sao paulo","ilhabela","ilhabela",,"locality","brazil_sao paulo_ilhabela_ilhabela","brazil_sao paulo_ilhabela_ilhabela",-23.845587,-45.334266,"locality",1837110,"Caulerpa racemosa","(Forssk.) J.Agardh","name_w_authors",,"Caulerpa racemosa","(Forssk.) J.Agardh","species","not found",,,,"Caulerpa racemosa (Forssk.) J.Agardh","Caulerpa","Orchidaceae","brazil_sao paulo_ilhabela","Brazil","São Paulo","Ilhabela",,"ibge",TRUE,-23.815839,-45.366481,"coord_original","miliseconds","low","Caulerpa racemosa","ok_same_resolution","ok_state",,FALSE,"no_cannot_check","no_match","Observations_6865359",,"cc","cc",,,,"coord_original","Medium","PARQUE ESTADUAL ILHABELA"
,,,,"iNaturalist","Observations","iNaturalist research-grade observations","HUMAN_OBSERVATION","19662448",,"Pablo Fraire",,"2012-01-19","2012","1","19","2012/01/19 7:09 AM -03",,,"BR","BR","São Paulo",,,"Ilhabela, SP, Brasil","Ilhabela, SP, Brasil",,"-23.826408","-45.358036",,,,,"afid","2019-01-15 21:35:52",,"Miltonia moreliana A.Rich.","Liliopsida","Asparagales","Orchidaceae","Miltonia","species",,"ACCEPTED",,,"Miltonia moreliana A.Rich.",,,,"Miltonia moreliana","Miltonia moreliana","429706","EPSG:4326",,,,,"GBIF","Observations","code not found","Fraire, P.",,"2012","Afid","2019",,"Fraire",,"brazil","sao paulo","ilhabela","ilhabela",,"locality","brazil_sao paulo_ilhabela_ilhabela","brazil_sao paulo_ilhabela_ilhabela",-23.845587,-45.334266,"locality",325118,"Miltonia moreliana","A.Rich.","name_w_authors","Orchidaceae","Miltonia moreliana","A.Rich.","species","name accepted","bfo-11856",,,"Miltonia moreliana A.Rich.","Miltonia","Orchidaceae","brazil_sao paulo_ilhabela","Brazil","São Paulo","Ilhabela",,"ibge",TRUE,-23.826408,-45.358036,"coord_original","miliseconds","low","Miltonia moreliana","ok_same_resolution","ok_state",,FALSE,"bad_dist","full_name_match","Observations_19662448",,"cc","cc",,,,"coord_original","Medium","PARQUE ESTADUAL ILHABELA"
,,,,"iNaturalist","Observations","iNaturalist research-grade observations","HUMAN_OBSERVATION","19662451",,"Pablo Fraire",,"2012-01-19","2012","1","19","2012/01/19 7:36 AM -03",,,"BR","BR","São Paulo",,,"Ilhabela, SP, Brasil","Ilhabela, SP, Brasil",,"-23.826408","-45.358036",,,,,"Pablo Fraire","2019-01-15 21:04:34",,"Epidendrum fulgens Brongn.","Liliopsida","Asparagales","Orchidaceae","Epidendrum","species",,"ACCEPTED",,,"Epidendrum fulgens Brongn.",,,,"Epidendrum fulgens","Epidendrum fulgens","358033","EPSG:4326",,,,,"GBIF","Observations","code not found","Fraire, P.",,"2012","Fraire, P.","2019",,"Fraire",,"brazil","sao paulo","ilhabela","ilhabela",,"locality","brazil_sao paulo_ilhabela_ilhabela","brazil_sao paulo_ilhabela_ilhabela",-23.845587,-45.334266,"locality",572864,"Epidendrum fulgens","Brongn.","name_w_authors","Orchidaceae","Epidendrum fulgens","Brongn.","species","name accepted","bfo-11539",,,"Epidendrum fulgens Brongn.","Epidendrum","Orchidaceae","brazil_sao paulo_ilhabela","Brazil","São Paulo","Ilhabela",,"ibge",TRUE,-23.826408,-45.358036,"coord_original","miliseconds","low","Epidendrum fulgens","ok_same_resolution","ok_state",,FALSE,"ok_dist","full_name_match","Observations_19662451",,"cc","cc",,,,"coord_original","Medium","PARQUE ESTADUAL ILHABELA"
,,"http://grscicoll.org/institutional-collection/vascular-plant-herbarium",,"TAAM","TAA",,"PRESERVED_SPECIMEN","TAA5021359",,"Josef Poelt",,"1979-07-07","1979","7","7",,,,"Brazil","BR",,"São Paulo/State of São Paulo","Ilhabela","Ilhabela, Ilha de Sao Sebastiao, Wegabstiche im Bergwald an der Rua Castelhanor, ca 600m",,,"-23.81659","-45.36679",,,,,"Josef Poelt","1979-07-07",,"Pogonatum gardneri","Polytrichopsida","Polytrichales","Polytrichaceae","Pogonatum","species","(Müll.Hal.) Mitt.","SYNONYM",,,"Pogonatum pensilvanicum (Bartram ex Hedw.) Paris",,,,"Pogonatum gardneri (Müll.Hal.) Mitt.","Pogonatum pensilvanicum",,"WGS84",,,,,"GBIF","TAA",,"Poelt, J.",,"1979","Poelt, J.","1979",,"Poelt",,"brazil","sao paulo","ilhabela","ilhabela",,"locality","brazil_sao paulo_ilhabela_ilhabela","brazil_sao paulo_ilhabela_ilhabela",-23.845587,-45.334266,"locality",1866242,"Pogonatum gardneri","(Müll.Hal.) Mitt.","name_w_authors",,"Pogonatum gardneri","(Müll.Hal.) Mitt.","species","not found",,,,"Pogonatum gardneri (Müll.Hal.) Mitt.","Pogonatum","Poaceae","brazil_sao paulo_ilhabela","Brazil","São Paulo","Ilhabela",,"ibge",TRUE,-23.81659,-45.36679,"coord_original","miliseconds","low","Pogonatum gardneri","ok_same_resolution","ok_state",,FALSE,"no_cannot_check","no_match","TAA_5021359",,"cc","cc",,,,"coord_original","Medium","PARQUE ESTADUAL ILHABELA"
,,"https://specieslink.net/col/2",,"UNICAMP","UEC",,"PRESERVED_SPECIMEN","192308","SPF83995","Joly, AB",,"1948-02-09","1948","2","9",,,,"Brasil","BR","São Paulo",,"Ilhabela","Ilhabela, Ilha de São Sebastião, atrás das prais, sobre areia.",,,,,,,,,"Filliettaz, AM","1998-01-01",,"Crotalaria vitellina Ker Gawl.","Magnoliopsida","Fabales","Fabaceae","Crotalaria","species","Ker Gawl.","ACCEPTED",,,"Crotalaria vitellina Ker Gawl.",,,,"Crotalaria vitellina","Crotalaria vitellina",,,"https://images.cria.org.br/viewer/UEC126715",,,,"GBIF","UEC",,"Joly, A.B.","SPF83995","1948","Filliettaz, A.M.","1998",,"Joly",,"brazil","sao paulo","ilhabela","ilhabela",,"locality","brazil_sao paulo_ilhabela_ilhabela","brazil_sao paulo_ilhabela_ilhabela",-23.845587,-45.334266,"locality",229840,"Crotalaria vitellina","Ker Gawl.","name_w_authors","Fabaceae","Crotalaria vitellina","Ker Gawl.","species","name accepted","bfo-29584",,,"Crotalaria vitellina Ker Gawl.","Crotalaria","Fabaceae","brazil_sao paulo_ilhabela","Brazil","São Paulo","Ilhabela",,"ibge",TRUE,-23.77,-45.349998,"coord_original","miliseconds","low","Crotalaria vitellina","ok_same_resolution","ok_county",,FALSE,"ok_dist","full_name_match","UEC_192308","UEC_192308[virtual]","1","0.25","UEC_192308","UEC_192308","UEC_192308","coord_original","Medium","PARQUE ESTADUAL ILHABELA"
,,"https://specieslink.net/col/2",,"UNICAMP","UEC",,"PRESERVED_SPECIMEN","104515","s.n.","Joly, AB",,"1948-02-09","1948","2","9",,,,"Brazil","BR","São Paulo",,"Ilhabela","Ilhabela, Ilhabela-São Sebastião. Região das dunas",,,,,,,,,"Filliettaz, AM","1998-06-01",,"Crotalaria retusa L.","Magnoliopsida","Fabales","Fabaceae","Crotalaria","species","L.","ACCEPTED",,,"Crotalaria retusa L.",,,,"Crotalaria retusa","Crotalaria retusa",,"WGS84",,,,,"GBIF","UEC",,"Joly, A.B.",,"1948","Filliettaz, A.M.","1998",,"Joly",,"brazil","sao paulo","ilhabela","ilhabela",,"locality","brazil_sao paulo_ilhabela_ilhabela","brazil_sao paulo_ilhabela_ilhabela",-23.845587,-45.334266,"locality",96252,"Crotalaria retusa","L.","name_w_authors","Fabaceae","Crotalaria retusa","L.","species","name accepted","bfo-82989",,,"Crotalaria retusa L.","Crotalaria","Fabaceae","brazil_sao paulo_ilhabela","Brazil","São Paulo","Ilhabela",,"ibge",TRUE,-23.845587,-45.334266,"coord_gazet","seconds","low","Crotalaria retusa","ok_same_resolution","ok_locality_gazet",,FALSE,"ok_dist","full_name_match","UEC_104515",,"cc","cc",,,,"coord_gazet","Medium","PARQUE ESTADUAL ILHABELA"
"PhysicalObject",,"https://www.gbif.org/grscicoll/collection/62289b33-ae4f-438c-8574-bd27b348c1fb",,"MICH","Algae",,"PRESERVED_SPECIMEN","622644","104","A.B. Joly",,"1948-08-20","1948","8","20",,,,"Brazil","BR","São Paulo",,,"Ilhabela, São Sebastião",,,,,,,,,,,,"Champia parvula","Florideophyceae","Rhodymeniales","Champiaceae","Champia","species","(C.Agardh) Harv.","ACCEPTED",,,"Champia parvula (C.Agardh) Harv.",,,,"Champia parvula (C.Agardh) Harv.","Champia parvula",,,,,,,"GBIF","Algae","code not found","Joly, A.B.","104","1948",,,,"Joly",,"brazil","sao paulo","ilhabela","ilhabela",,"locality","brazil_sao paulo_ilhabela_ilhabela","brazil_sao paulo_ilhabela_ilhabela",-23.845587,-45.334266,"locality",1854073,"Champia parvula","(C.Agardh) Harv.","name_w_authors",,"Champia parvula","(C.Agardh) Harv.","species","not found",,,,"Champia parvula (C.Agardh) Harv.","Champia","Amaranthaceae","brazil_sao paulo_ilhabela","Brazil","São Paulo","Ilhabela",,"ibge",TRUE,-23.845587,-45.334266,"coord_gazet","seconds","unknown","Champia parvula","ok_same_resolution","ok_locality_gazet",,FALSE,"no_cannot_check","no_match","Algae_622644",,"0","0",,,,"coord_gazet","Medium","PARQUE ESTADUAL ILHABELA"
,,,,"K","K",,"PRESERVED_SPECIMEN","K000542710","369",,"<nO><ll>habitat:</ll> Floresta Pluvial Atlantica. | <ll>eventremarks:</ll> Epifita ca 1 m comp., segmentos aplanados e frutos rosa-magenta.;</nO>",,"2007","12","1",,,"<nO><ll>habitat:</ll> Floresta Pluvial Atlantica. | <ll>eventremarks:</ll> Epifita ca 1 m comp., segmentos aplanados e frutos rosa-magenta.;</nO>","Brasil",,"São Paulo","Ilhabela","Ilhabela","São Sebastião: PESM - Nucleo Ilhabela. Estrada para Castellanos, trilha de educaçao ambiental",,,"-23.843333","-45.351667",,,,,"Calvente, A.M.",,,"Rhipsalis elliptica",,,"Cactaceae","Rhipsalis",,,,"-23.843333","-45.351667",,,,,,"elliptica",,,,,,"K000542710","Splink","K",,,"369","2007","Calvente, A.M.",,,,,"brazil","sao paulo","ilhabela","estrada para castellanos","sao sebastiao","locality","brazil_sao paulo_ilhabela","brazil_sao paulo_ilhabela",-23.85166951,-45.32677547,"county",915672,"Rhipsalis elliptica","G.Lindb. ex K.Schum.","possibly_ok","Cactaceae","Rhipsalis elliptica","G.Lindb. ex K.Schum.","species","name accepted","bfo-1696",,,"Rhipsalis elliptica G.Lindb. ex K.Schum.","Rhipsalis","Cactaceae","brazil_sao paulo_ilhabela","Brazil","São Paulo","Ilhabela",,"ibge",TRUE,-23.843333,-45.351667,"coord_original","seconds","high","Rhipsalis elliptica","check_local.2municip.","ok_county",,FALSE,"ok_dist","full_name_match","K_542710",,"0","0",,,,"coord_original","Low","PARQUE ESTADUAL ILHABELA"
,,,,"MICH","MICH",,"PRESERVED_SPECIMEN","659545","12",,,,"1925","9",,,,,"Brazil",,"São Paulo",,,"Villa Bella, Sao Sebastiao Island",,,"-23.852944","-45.332945",,,,,,,,"Hypnea musciformis",,,"Hypneaceae","Hypnea",,,,"-23.852944","-45.332945",,,,,"Hypnea musciformis","musciformis",,,,,,,"Splink","MICH",,,"12","1925",,,,,,"brazil","sao paulo","villa bella","villa bella",,"locality","brazil_sao paulo_villa bella","brazil_sao paulo",-22.2584562,-48.7420254,"state",1914718,"Hypnea musciformis",,"possibly_ok",,"Hypnea musciformis",,"species","not found",,,,"Hypnea musciformis","Hypnea","Lamiaceae","brazil_sao paulo","Brazil","São Paulo",,,"gadm",TRUE,-23.852944,-45.332945,"coord_original","miliseconds","high","Hypnea musciformis","check_local.2state","ok_state",,FALSE,"no_cannot_check","no_match","MICH_659545","Algae_659545|MICH_659545|NY_2214965|US_75456","1","0.25",,"Algae_659545","Algae_659545","coord_original","Low","PARQUE ESTADUAL ILHABELA"
,,,,"MPEG","HERBMG",,"PRESERVED_SPECIMEN","MG076494","3878","Rosa, N.A.; Pires, J.M.",,,,,,,,,"Brasil","BR","São Paulo","Santo Andre","Santo André","E.B. do Alto da Serra de Paranapiacaba",,,"-23.75","-45.3",,,,,"Mayo, S.J.","1992-06-01",,"Anthurium crassipes Engl.","Liliopsida","Alismatales","Araceae","Anthurium","species","Engl.","SYNONYM",,,"Anthurium sellowianum Kunth",,,,"Anthurium crassipes","Anthurium sellowianum",,"WGS84",,,,,"GBIF","MG",,"Rosa, N.A.","3878",,"Nadruz, M.","2009","Pires, J.M.","Rosa",,"brazil","sao paulo","santo andre","estacao biologica do alto da serra de paranapiacaba",,"locality","brazil_sao paulo_santo andre","brazil_sao paulo_santo andre_rebio alto serra paranapiacaba (antiga estacao biologica de mesmo nome)",-23.7749458142699,-46.3129910324689,"locality",223386,"Anthurium sellowianum","Kunth","name_w_authors","Araceae","Anthurium sellowianum","Kunth","species","replaced synonym","bfo-4972","Anthurium sellowianum","Kunth","Anthurium sellowianum Kunth","Anthurium","Araceae","brazil_sao paulo_santo andre","Brazil","São Paulo","Santo André",,"gadm",TRUE,-23.75,-45.3,"coord_original","miliseconds","high","Anthurium sellowianum","ok_same_resolution","ok_state",,FALSE,"ok_dist","full_name_match","MG_76494","MG_76494|SP_178662","1","0.25","SP_178662","SP_178662","SP_178662","coord_original","Low","PARQUE ESTADUAL ILHABELA"
,,,,"MPEG","HERBMG",,"PRESERVED_SPECIMEN","MG076523","3906","Rosa, N.A.",,,,,,,,,"Brasil","BR","São Paulo","Santo Andre","Santo André","E.B. do Alto da Serra de Paranapiacaba",,,"-23.75","-45.3",,,,,,,,"Peperomia Ruiz & Pav.","Magnoliopsida","Piperales","Piperaceae","Peperomia","genus",,"ACCEPTED",,,"Peperomia Ruiz & Pav.",,,,"Peperomia",,,"WGS84",,,,,"GBIF","MG",,"Rosa, N.A.","3906",,"Callejas, R.","1984",,"Rosa",,"brazil","sao paulo","santo andre","estacao biologica do alto da serra de paranapiacaba",,"locality","brazil_sao paulo_santo andre","brazil_sao paulo_santo andre_rebio alto serra paranapiacaba (antiga estacao biologica de mesmo nome)",-23.7749458142699,-46.3129910324689,"locality",1612025,"Peperomia tenella","(Sw.) A.Dietr.","variety","Piperaceae","Peperomia","Ruiz & Pav.","species","name accepted","bfo-12723",,,"Peperomia tenella (Sw.) A.Dietr.","Peperomia","Piperaceae","brazil_sao paulo_santo andre","Brazil","São Paulo","Santo André",,"gadm",TRUE,-23.75,-45.3,"coord_original","miliseconds","high","Peperomia tenella","ok_same_resolution","ok_state",,FALSE,"no_cannot_check","full_name_match","MG_76523","MG_76523|SP_178673","1","0.25","SP_178673","SP_178673","SP_178673","coord_original","Low","PARQUE ESTADUAL ILHABELA"
,,,,"RBR","RBR",,"PRESERVED_SPECIMEN","RBR00056022","15","M.D. Miranda","Vivendo sobre pedras no interior da floresta",,"2020","12","03",,,"Vivendo sobre pedras no interior da floresta","Brasil",,"São Paulo",,"Ilhabela","Trilha que leva à Praia do Bonete",,"150","23º 55' 31"""" S","45º 21' 36"""" W",,"23º 55' 31"""" S","45º 21' 36"""" W","sim - Categoria não informada pelo especialista","M.D. Miranda","06/12/2023",,"Begonia schizostyla M.D.Miranda",,,"Begoniaceae","Begonia","species","M.D.Miranda",,,,,,,,"BEGONIACEAE Begonia schizostyla M.D.Miranda","schizostyla",,,,,"RBR 56022",,"Reflora","RBR",,"Miranda, M.D.","15","2020","Miranda, M.D.","2023",,"Miranda",,"brazil","sao paulo","ilhabela","trilha que leva a praia do bonete",,"locality","brazil_sao paulo_ilhabela","brazil_sao paulo_ilhabela",-23.85166951,-45.32677547,"county",1530745,"Begonia schizostyla","M.D.Miranda","name_w_authors","Begoniaceae","Begonia schizostyla","M.D.Miranda","species","name accepted","bfo-631331",,,"Begonia schizostyla M.D.Miranda","Begonia","Begoniaceae","brazil_sao paulo_ilhabela","Brazil","São Paulo","Ilhabela",,"ibge",FALSE,-23.9252777777778,-45.36,"coord_original","miliseconds","high","Begonia schizostyla","check_local.2municip.","ok_county",,,"ok_dist","full_name_match","RBR_56022",,"0","0",,,,"coord_original","Low","PARQUE ESTADUAL ILHABELA"
,,"https://specieslink.net/col/40",,"MBM","MBM",,"PRESERVED_SPECIMEN","429733","1311","Canestraro, BK; Canestraro, MCK; Canestraro, IF",,"2018-08-03","2018","8","3",,,,"Brasil","BR","São Paulo",,"Ilhabela","Cachoeira do Veloso.",,,,,,,,,"Canestraro, BK","2018-01-01",,"Ctenitis paranaensis (C.Chr.) Lellinger","Polypodiopsida","Polypodiales","Dryopteridaceae","Ctenitis","species","(C.Chr.) Lellinger","ACCEPTED",,,"Ctenitis paranaensis (C.Chr.) Lellinger",,,,"Ctenitis paranaensis","Ctenitis paranaensis",,,,,,,"GBIF","MBM",,"Canestraro, B.K.","1311","2018","Canestraro, B.K.",,"Canestraro, M.C.K.; Canestraro, I.F.","Canestraro",,"brazil","sao paulo","ilhabela","cachoeira do veloso",,"locality","brazil_sao paulo_ilhabela","brazil_sao paulo_ilhabela",-23.85166951,-45.32677547,"county",565712,"Ctenitis paranaensis","(C.Chr.) Lellinger","name_w_authors","Dryopteridaceae","Ctenitis paranaensis","(C.Chr.) Lellinger","species","name accepted","bfo-583393",,,"Ctenitis paranaensis (C.Chr.) Lellinger","Ctenitis","Dryopteridaceae","brazil_sao paulo_ilhabela","Brazil","São Paulo","Ilhabela",,"ibge",TRUE,-23.8844444,-45.4333333,"coord_original","miliseconds","high","Ctenitis paranaensis","check_local.2municip.","ok_county",,FALSE,"ok_dist","full_name_match","MBM_429733","BHCB_211630|HCF_31630|HCF_32300|MBM_429733|RB_1450903","3","0.75","RB_1450903","RB_1450903","RB_1450903","coord_original","Low","PARQUE ESTADUAL ILHABELA"
,,"https://specieslink.net/col/40",,"MBM","MBM",,"PRESERVED_SPECIMEN","429734","1312","Canestraro, BK; Canestraro, MCK; Canestraro, IF",,"2018-08-03","2018","8","3",,,,"Brasil","BR","São Paulo",,"Ilhabela","Cachoeira do Veloso.",,,,,,,,,"Canestraro, BK","2018-01-01",,"Adiantum pulverulentum L.","Polypodiopsida","Polypodiales","Pteridaceae","Adiantum","species","L.","ACCEPTED",,,"Adiantum pulverulentum L.",,,,"Adiantum pulverulentum","Adiantum pulverulentum",,,"https://images.cria.org.br/viewer/MBM429734",,,,"GBIF","MBM",,"Canestraro, B.K.","1312","2018","Canestraro, B.K.",,"Canestraro, M.C.K.; Canestraro, I.F.","Canestraro",,"brazil","sao paulo","ilhabela","cachoeira do veloso",,"locality","brazil_sao paulo_ilhabela","brazil_sao paulo_ilhabela",-23.85166951,-45.32677547,"county",565614,"Adiantum pulverulentum","L.","name_w_authors","Pteridaceae","Adiantum pulverulentum","L.","species","name accepted","bfo-91849",,,"Adiantum pulverulentum L.","Adiantum","Pteridaceae","brazil_sao paulo_ilhabela","Brazil","São Paulo","Ilhabela",,"ibge",TRUE,-23.8844444,-45.4333333,"coord_original","miliseconds","high","Adiantum pulverulentum","check_local.2municip.","ok_county",,FALSE,"ok_dist","full_name_match","MBM_429734","BHCB_209956|MBM_429734|RB_1448520","4","1","RB_1448520","RB_1448520","RB_1448520","coord_original","Low","PARQUE ESTADUAL ILHABELA"
,,"https://specieslink.net/col/40",,"MBM","MBM",,"PRESERVED_SPECIMEN","429689","1249","Canestraro, BK; Canestraro, MCK; Canestraro, IF",,"2018-08-03","2018","8","3",,,,"Brasil","BR","São Paulo",,"Ilhabela","Cachoeira do Veloso.",,,,,,,,,"Lino, V","2022-08-01",,"Asplenium inaequilaterale Bory ex Willd.","Polypodiopsida","Polypodiales","Aspleniaceae","Asplenium","species","Willd.","ACCEPTED",,,"Asplenium inaequilaterale Bory ex Willd.",,,,"Asplenium inaequilaterale","Asplenium inaequilaterale",,,"https://images.cria.org.br/viewer/MBM429689",,,,"GBIF","MBM",,"Canestraro, B.K.","1249","2018","Lino, V.","2022","Canestraro, M.C.K.; Canestraro, I.F.","Canestraro",,"brazil","sao paulo","ilhabela","cachoeira do veloso",,"locality","brazil_sao paulo_ilhabela","brazil_sao paulo_ilhabela",-23.85166951,-45.32677547,"county",565711,"Asplenium inaequilaterale","Willd.","name_w_authors","Aspleniaceae","Asplenium inaequilaterale","Willd.","species","author misspelled","bfo-90720",,,"Asplenium inaequilaterale Willd.","Asplenium","Aspleniaceae","brazil_sao paulo_ilhabela","Brazil","São Paulo","Ilhabela",,"ibge",TRUE,-23.8844444,-45.4333333,"coord_original","miliseconds","high","Asplenium inaequilaterale","check_local.2municip.","ok_county",,FALSE,"ok_dist","full_name_match","MBM_429689","BHCB_210540|MBM_429689|RB_1448507","3","0.75","MBM_429689","RB_1448507","RB_1448507","coord_original","Low","PARQUE ESTADUAL ILHABELA"
,,"https://specieslink.net/col/2",,"UNICAMP","UEC",,"PRESERVED_SPECIMEN","206618","2014/23","Nunes, CEP",,"2014-11-14","2014","11","14",,,,"Brazil","BR","São Paulo",,"Natividade da Serra","Trilha do Corcovado, Núcleo Santa Virgínia, Parque Estadual da Serra do Mar.",,,"-23.733333","-45.316667",,,,,"Smidt, E","2018-06-01",,"Pabstiella spathuliglossa (Hoehne) Luer","Liliopsida","Asparagales","Orchidaceae","Pabstiella","species","(Hoehne) Luer","ACCEPTED",,,"Pabstiella spathuliglossa (Hoehne) Luer",,,,"Pabstiella spathuliglossa","Pabstiella spathuliglossa",,"WGS84","https://images.cria.org.br/viewer/UEC156437",,,,"GBIF","UEC",,"Nunes, C.E.P.","2014/23","2014","Smidt, E.","2018",,"Nunes",,"brazil","sao paulo","natividade da serra","parque estadual serra mar","trilha do corcovado","locality","brazil_sao paulo_natividade serra","brazil_sao paulo_natividade serra",-23.41481223,-45.38156277,"county",435966,"Pabstiella spathuliglossa","(Hoehne) Luer","name_w_authors","Orchidaceae","Pabstiella spathuliglossa","(Hoehne) Luer","species","name accepted","bfo-68495",,,"Pabstiella spathuliglossa (Hoehne) Luer","Pabstiella","Orchidaceae","brazil_sao paulo_natividade serra","Brazil","São Paulo","Natividade da Serra",,"ibge",TRUE,-23.733333,-45.316667,"coord_original","minutes","high","Pabstiella spathuliglossa","check_local.2municip.","ok_state",,,"bad_dist","full_name_match","UEC_206618",,"0","0",,,,"coord_original","Low","PARQUE ESTADUAL ILHABELA"
,,"https://specieslink.net/col/2",,"UNICAMP","UEC",,"PRESERVED_SPECIMEN","206768","2013/47","Nunes, CEP",,"2013-04-18","2013","4","18",,,,"Brazil","BR","São Paulo",,"Natividade da Serra","Trilha do Corcovado, Núcleo Santa Virgínia, Parque Estadual da Serra do Mar.",,,"-23.733333","-45.316667",,,,,"Forster, W","2018-06-01",,"Octomeria tricolor Rchb.f.","Liliopsida","Asparagales","Orchidaceae","Octomeria","species","Rchb.f.","ACCEPTED",,,"Octomeria tricolor Rchb.f.",,,,"Octomeria tricolor","Octomeria tricolor",,"WGS84","https://images.cria.org.br/viewer/UEC044445",,,,"GBIF","UEC",,"Nunes, C.E.P.","2013/47","2013","Forster, W.","2018",,"Nunes",,"brazil","sao paulo","natividade da serra","parque estadual serra mar","trilha do corcovado","locality","brazil_sao paulo_natividade serra","brazil_sao paulo_natividade serra",-23.41481223,-45.38156277,"county",435943,"Octomeria tricolor","Rchb.f.","name_w_authors","Orchidaceae","Octomeria tricolor","Rchb.f.","species","name accepted","bfo-11935",,,"Octomeria tricolor Rchb.f.","Octomeria","Orchidaceae","brazil_sao paulo_natividade serra","Brazil","São Paulo","Natividade da Serra",,"ibge",TRUE,-23.733333,-45.316667,"coord_original","minutes","high","Octomeria tricolor","check_local.2municip.","ok_state",,FALSE,"ok_dist","full_name_match","UEC_206768",,"0","0",,,,"coord_original","Low","PARQUE ESTADUAL ILHABELA"
,,"https://specieslink.net/col/2",,"UNICAMP","UEC",,"PRESERVED_SPECIMEN","206769","2013/48","Nunes, CEP",,"2013-04-18","2013","4","18",,,,"Brazil","BR","São Paulo",,"Natividade da Serra","Trilha do Corcovado, Núcleo Santa Virgínia, Parque Estadual da Serra do Mar.",,,"-23.733333","-45.316667",,,,,"Forster, W","2018-06-01",,"Camaridium carinatum (Barb.Rodr.) Hoehne","Liliopsida","Asparagales","Orchidaceae","Maxillaria","species","(Barb.Rodr.) Hoehne","SYNONYM",,,"Maxillaria imbricata Barb.Rodr.",,,,"Camaridium carinatum","Maxillaria imbricata",,"WGS84","https://images.cria.org.br/viewer/UEC044281",,,,"GBIF","UEC",,"Nunes, C.E.P.","2013/48","2013","Forster, W.","2018",,"Nunes",,"brazil","sao paulo","natividade da serra","parque estadual serra mar","trilha do corcovado","locality","brazil_sao paulo_natividade serra","brazil_sao paulo_natividade serra",-23.41481223,-45.38156277,"county",435975,"Maxillaria imbricata","Barb.Rodr.","name_w_authors","Orchidaceae","Maxillaria imbricata","Barb.Rodr.","species","replaced synonym","bfo-37791","Maxillaria imbricata","Barb.Rodr.","Maxillaria imbricata Barb.Rodr.","Maxillaria","Orchidaceae","brazil_sao paulo_natividade serra","Brazil","São Paulo","Natividade da Serra",,"ibge",TRUE,-23.733333,-45.316667,"coord_original","minutes","high","Maxillaria imbricata","check_local.2municip.","ok_state",,FALSE,"ok_dist","full_name_match","UEC_206769",,"0","0",,,,"coord_original","Low","PARQUE ESTADUAL ILHABELA"
,,"https://specieslink.net/col/2",,"UNICAMP","UEC",,"PRESERVED_SPECIMEN","206516","2013/53","Nunes, CEP",,"2013-04-30","2013","4","30",,,,"Brazil","BR","São Paulo",,"Natividade da Serra","Trilha do Corcovado, Núcleo Santa Virgínia, Parque Estadual da Serra do Mar.",,,"-23.733333","-45.316667",,,,,"Forster, W","2018-06-01",,"Bulbophyllum glutinosum (Barb.Rodr.) Cogn.","Liliopsida","Asparagales","Orchidaceae","Bulbophyllum","species","(Barb.Rodr.) Cogn.","ACCEPTED",,,"Bulbophyllum glutinosum (Barb.Rodr.) Cogn.",,,,"Bulbophyllum glutinosum","Bulbophyllum glutinosum",,"WGS84","https://images.cria.org.br/viewer/UEC138745",,,,"GBIF","UEC",,"Nunes, C.E.P.","2013/53","2013","Forster, W.","2018",,"Nunes",,"brazil","sao paulo","natividade da serra","parque estadual serra mar","trilha do corcovado","locality","brazil_sao paulo_natividade serra","brazil_sao paulo_natividade serra",-23.41481223,-45.38156277,"county",435908,"Bulbophyllum glutinosum","(Barb.Rodr.) Cogn.","name_w_authors","Orchidaceae","Bulbophyllum glutinosum","(Barb.Rodr.) Cogn.","species","name accepted","bfo-11246",,,"Bulbophyllum glutinosum (Barb.Rodr.) Cogn.","Bulbophyllum","Orchidaceae","brazil_sao paulo_natividade serra","Brazil","São Paulo","Natividade da Serra",,"ibge",TRUE,-23.733333,-45.316667,"coord_original","minutes","high","Bulbophyllum glutinosum","check_local.2municip.","ok_state",,FALSE,"ok_dist","full_name_match","UEC_206516",,"0","0",,,,"coord_original","Low","PARQUE ESTADUAL ILHABELA"
,,,,"JBRJ","RB","RB - Rio de Janeiro Botanical Garden Herbarium Collection","PRESERVED_SPECIMEN","RB00493707","840","D.C. Zappi","Mata atlantica de encosta, relativamente seca.","2007-08-14","2007","8","14",,,"Mata atlantica de encosta, relativamente seca.","Brasil","BR","São Paulo",,"São Paulo","Ilha de São Sebastião ( Ilha Bela), caminho da praia de Jabaguara.",,,"-23.81862","-45.31139",,,,,,,,"Rhipsalis neves-armondii K.Schum.","Magnoliopsida","Caryophyllales","Cactaceae","Rhipsalis","species","K.Schum.","ACCEPTED",,,"Rhipsalis neves-armondii K.Schum.",,,,"Rhipsalis neves-armondii K.Schum.","Rhipsalis neves-armondii",,,"jbrj-public-img.s3-sa-east-1.amazonaws.com/JPG/rb/0/49/37/7/00493707.jpg",,,,"GBIF","RB",,"Zappi, D.C.","840","2007",,,,"Zappi",,"brazil","sao paulo","sao paulo","ilha de sao sebastiao",,"locality","brazil_sao paulo_sao paulo","brazil_sao paulo_sao paulo",-23.65041685,-46.64802516,"county",247573,"Rhipsalis neves-armondii","K.Schum.","name_w_authors","Cactaceae","Rhipsalis neves-armondii","K.Schum.","species","name accepted","bfo-1712",,,"Rhipsalis neves-armondii K.Schum.","Rhipsalis","Cactaceae","brazil_sao paulo_sao paulo","Brazil","São Paulo","São Paulo",,"ibge",TRUE,-23.81862,-45.31139,"coord_original","miliseconds","high","Rhipsalis neves-armondii","check_local.2municip.","ok_state",,FALSE,"ok_dist","full_name_match","RB_493707","RB_493707|SPF_190081","4","1",,"RB_493707","RB_493707","coord_original","Low","PARQUE ESTADUAL ILHABELA"
,,"https://specieslink.net/col/7",,"USP-IB","SPF",,"PRESERVED_SPECIMEN","198982","376","Calvente, AM",,"2007-12-01","2007","12","1",,,,"Brasil","BR","São Paulo",,"São Sebastião","Parque Estadual da Serra do Mar, Núcleo Ilhabela.",,,"-23.839417","-45.360017",,,,,"Shirasuna, RT","2011-01-01",,"Olyra glaberrima Raddi","Liliopsida","Poales","Poaceae","Olyra","species","Raddi","ACCEPTED",,,"Olyra glaberrima Raddi",,,,"Olyra glaberrima","Olyra glaberrima",,,"https://images.cria.org.br/viewer/SPF00198982",,,,"GBIF","SPF",,"Calvente, A.M.","376","2007","Shirasuna, R.T.",,,"Calvente",,"brazil","sao paulo","sao sebastiao","parque estadual serra mar nucleo ilhabela",,"locality","brazil_sao paulo_sao sebastiao","brazil_sao paulo_sao sebastiao",-23.75242089,-45.60629823,"county",216756,"Olyra glaberrima","Raddi","name_w_authors","Poaceae","Olyra glaberrima","Raddi","species","name accepted","bfo-13366",,,"Olyra glaberrima Raddi","Olyra","Poaceae","brazil_sao paulo_sao sebastiao","Brazil","São Paulo","São Sebastião",,"gadm",TRUE,-23.839444,-45.36,"coord_original","seconds","high","Olyra glaberrima","check_local.2municip.","ok_county",,FALSE,"ok_dist","full_name_match","SPF_198982","SPF_198982[virtual]","4","1","SPF_198982","SPF_198982","SPF_198982","coord_original","Low","PARQUE ESTADUAL ILHABELA"
,,"https://specieslink.net/col/7",,"USP-IB","SPF",,"PRESERVED_SPECIMEN","191360","372","Calvente, AM",,"2007-12-01","2007","12","1",,,,"Brasil","BR","São Paulo",,"São Sebastião","Parque Estadual da Serra do Mar, núcleo ilhabela.",,,"-23.843472","-45.366694",,,,,"Calvente, AM","2008-01-01",,"Rhipsalis paradoxa (Salm-Dyck) Salm-Dyck","Magnoliopsida","Caryophyllales","Cactaceae","Rhipsalis","species","(Salm-Dyck ex Pfeiff.) Salm-Dyck","ACCEPTED",,,"Rhipsalis paradoxa (Salm-Dyck) Salm-Dyck",,,,"Rhipsalis paradoxa","Rhipsalis paradoxa",,"WGS84","https://images.cria.org.br/viewer/SPF00191360",,,,"GBIF","SPF",,"Calvente, A.M.","372","2007","Calvente, A.M.","2008",,"Calvente",,"brazil","sao paulo","sao sebastiao","parque estadual serra mar nucleo ilhabela",,"locality","brazil_sao paulo_sao sebastiao","brazil_sao paulo_sao sebastiao",-23.75242089,-45.60629823,"county",270647,"Rhipsalis paradoxa","(Salm-Dyck ex Pfeiff.) Salm-Dyck","name_w_authors","Cactaceae","Rhipsalis paradoxa","(Salm-Dyck ex Pfeiff.) Salm-Dyck","species","author misspelled","bfo-1719",,,"Rhipsalis paradoxa (Salm-Dyck ex Pfeiff.) Salm-Dyck","Rhipsalis","Cactaceae","brazil_sao paulo_sao sebastiao","Brazil","São Paulo","São Sebastião",,"gadm",TRUE,-23.843472,-45.366694,"coord_original","miliseconds","high","Rhipsalis paradoxa","check_local.2municip.","ok_county",,FALSE,"ok_dist","full_name_match","SPF_191360","SPF_191360[virtual]","4","1","SPF_191360","SPF_191360","SPF_191360","coord_original","Low","PARQUE ESTADUAL ILHABELA"
,,"https://specieslink.net/col/7",,"USP-IB","SPF",,"PRESERVED_SPECIMEN","174130","18","Cortat, B",,"2005-11-15","2005","11","15",,,,"Brasil","BR","São Paulo",,"Ilhabela","Cocaia.",,,"-23.8","-45.35",,,,,"Cortat, B","2005-11-01",,"Strongylodon macrobotrys A.Gray","Magnoliopsida","Fabales","Fabaceae","Strongylodon","species","A.Gray","ACCEPTED",,,"Strongylodon macrobotrys A.Gray",,,,"Strongylodon macrobotrys","Strongylodon macrobotrys",,"WGS84","https://images.cria.org.br/viewer/SPF00174130",,,,"GBIF","SPF",,"Cortat, B.","18","2005","Administrador","2023",,"Cortat",,"brazil","sao paulo","ilhabela","cocaia",,"locality","brazil_sao paulo_ilhabela","brazil_sao paulo_ilhabela",-23.85166951,-45.32677547,"county",263205,"Strongylodon macrobotrys","A.Gray","name_w_wrong_case","Fabaceae","Strongylodon macrobotrys","A.Gray","species","name accepted","bfo-609685",,,"Strongylodon macrobotrys A.Gray","Strongylodon","Fabaceae","brazil_sao paulo_ilhabela","Brazil","São Paulo","Ilhabela",,"ibge",TRUE,-23.8,-45.35,"coord_original","miliseconds","high","Strongylodon macrobotrys","check_local.2municip.","ok_state",,FALSE,"ok_dist","full_name_match","SPF_174130","SPF_174130[virtual]","4","1","SPF_174130","SPF_174130","SPF_174130","coord_original","Low","PARQUE ESTADUAL ILHABELA"
,,"https://specieslink.net/col/7",,"USP-IB","SPF",,"PRESERVED_SPECIMEN","174129","17","Cortat, B",,"2005-11-15","2005","11","15",,,,"Brasil","BR","São Paulo",,"Ilhabela",,,,"-23.8","-45.35",,,,,"Cortat, B","2005-12-01",,"Cassia fistula L.","Magnoliopsida","Fabales","Fabaceae","Cassia","species","L.","ACCEPTED",,,"Cassia fistula L.",,,,"Cassia fistula","Cassia fistula",,,"https://images.cria.org.br/viewer/SPF00174129",,,,"GBIF","SPF",,"Cortat, B.","17","2005","Administrador","2023",,"Cortat",,"brazil","sao paulo","ilhabela",,,"municipality","brazil_sao paulo_ilhabela","brazil_sao paulo_ilhabela",-23.85166951,-45.32677547,"county",220867,"Cassia fistula","L.","name_w_authors","Fabaceae","Cassia fistula","L.","species","name accepted","bfo-596626",,,"Cassia fistula L.","Cassia","Fabaceae","brazil_sao paulo_ilhabela","Brazil","São Paulo","Ilhabela",,"ibge",TRUE,-23.8,-45.35,"coord_original","miliseconds","high","Cassia fistula","ok_same_resolution","ok_state",,FALSE,"ok_dist","full_name_match","SPF_174129","SPF_174129[virtual]","4","1","SPF_174129","SPF_174129","SPF_174129","coord_original","Low","PARQUE ESTADUAL ILHABELA"
,,"https://specieslink.net/col/7",,"USP-IB","SPF",,"PRESERVED_SPECIMEN","174119","16","Cortat, B",,"2005-11-15","2005","11","15",,,,"Brasil","BR","São Paulo",,"Ilhabela",,,,"-23.8","-45.35",,,,,"Pirani, JR","2005-01-01",,"Hippobroma longiflora (L.) G.Don","Magnoliopsida","Asterales","Campanulaceae","Hippobroma","species","(L.) G.Don","ACCEPTED",,,"Hippobroma longiflora (L.) G.Don",,,,"Hippobroma longiflora","Hippobroma longiflora",,"WGS84","https://images.cria.org.br/viewer/SPF00174119",,,,"GBIF","SPF",,"Cortat, B.","16","2005","Pirani, J.R.","2005",,"Cortat",,"brazil","sao paulo","ilhabela",,,"municipality","brazil_sao paulo_ilhabela","brazil_sao paulo_ilhabela",-23.85166951,-45.32677547,"county",198685,"Hippobroma longiflora","(L.) G.Don","name_w_authors","Campanulaceae","Hippobroma longiflora","(L.) G.Don","species","name accepted","bfo-16685",,,"Hippobroma longiflora (L.) G.Don","Hippobroma","Campanulaceae","brazil_sao paulo_ilhabela","Brazil","São Paulo","Ilhabela",,"ibge",TRUE,-23.8,-45.35,"coord_original","miliseconds","high","Hippobroma longiflora","ok_same_resolution","ok_state",,FALSE,"ok_dist","full_name_match","SPF_174119","SPF_174119[virtual]","4","1","SPF_174119","SPF_174119","SPF_174119","coord_original","Low","PARQUE ESTADUAL ILHABELA"
,,,,"JBRJ","RB","RB - Rio de Janeiro Botanical Garden Herbarium Collection","PRESERVED_SPECIMEN","RB00717254","15926","Martinelli, G.",,"1999-10-13","1999","10","13",,,,"Brasil","BR","São Paulo",,"São Paulo","São Luiz do Paraitinga,Parque Estadual da Serra do Mar, Núcleo Santa Virgínia.",,,"-23.775556","-45.344167",,"23º45´92´´","45º20´39´´W",,,,,"Aechmea vanhoutteana (Van Houtte) Mez","Liliopsida","Poales","Bromeliaceae","Aechmea","species","(Van Houtte) Mez","ACCEPTED",,,"Aechmea vanhoutteana (Van Houtte) Mez",,,,"Aechmea vanhoutteana (Van Houtte) Mez","Aechmea vanhoutteana",,,"jbrj-public-img.s3-sa-east-1.amazonaws.com/JPG/rb/0/71/72/54/00717254.jpg",,,,"GBIF","RB",,"Martinelli, G.","15926","1999",,,,"Martinelli",,"brazil","sao paulo","sao paulo","parque estadual serra mar nucleo santa virginia","sao luiz do paraitinga","locality","brazil_sao paulo_sao paulo","brazil_sao paulo_sao paulo",-23.65041685,-46.64802516,"county",253892,"Aechmea vanhoutteana","(Van Houtte) Mez","name_w_authors","Bromeliaceae","Aechmea vanhoutteana","(Van Houtte) Mez","species","name accepted","bfo-5879",,,"Aechmea vanhoutteana (Van Houtte) Mez","Aechmea","Bromeliaceae","brazil_sao paulo_sao paulo","Brazil","São Paulo","São Paulo",,"ibge",TRUE,-23.775556,-45.344167,"coord_original","seconds","high","Aechmea vanhoutteana","check_local.2municip.","ok_state",,FALSE,"ok_dist","full_name_match","RB_717254","RB_717254[virtual]","3","0.75",,"RB_717254","RB_717254","coord_original","Low","PARQUE ESTADUAL ILHABELA"
,,,,"SMF","FR",,"PRESERVED_SPECIMEN","FR-0235280",,,,"1990-10-07","1990","10","7",,,,"Brazil","BR",,,,"SAO PAULO. LITORAL NORTE, ILHA DE SAO SEBASTIAO, am Westabhang (Weg F 1)",,,"-23.85","-45.333333",,,,"ISOTYPE",,,,"Cheilolejeunea grosseoleosa","Jungermanniopsida","Porellales","Lejeuneaceae","Cheilolejeunea","species","C.J.Bastos & Schäf.-Verw.","ACCEPTED",,,"Cheilolejeunea grosseoleosa C.J.Bastos & Schäf.-Verw.",,,,"Cheilolejeunea grosseoleosa C.J.Bastos & Schäf.-Verw.","Cheilolejeunea grosseoleosa",,,,,,,"GBIF","FR","code partially found",,,"1990",,,,,,"brazil",,"sao paulo","sao paulo",,"country","brazil_NA_sao paulo","brazil_sao paulo_sao paulo",-23.65041685,-46.64802516,"county",1862342,"Cheilolejeunea grosseoleosa","C.J.Bastos & Schäf.-Verw.","name_w_authors",,"Cheilolejeunea grosseoleosa","C.J.Bastos & Schäf.-Verw.","species","not found",,,,"Cheilolejeunea grosseoleosa C.J.Bastos & Schäf.-Verw.","Cheilolejeunea",,"brazil_sao paulo_sao paulo","Brazil","São Paulo","São Paulo",,"ibge",TRUE,-23.85,-45.333333,"coord_original","minutes","high","Cheilolejeunea grosseoleosa","ok_country2municip.","ok_state",,,"no_cannot_check","no_match","FR_235280",,"cc","cc",,,,"coord_original","Low","PARQUE ESTADUAL ILHABELA"
"PhysicalObject",,"http://biocol.org/urn:lsid:biocol.org:col:15556",,"NY","NY","Vascular plants","PRESERVED_SPECIMEN","1017446","9480","V. C. Souza",,"1990","1990",,,"1990",,,"Brazil","BR","São Paulo","Ilhabela Mun.","Ilhabela Mun.",,,,"-23.853186","-45.337486",,,,,"P. G. Delprete","1999-01-01",,"Ixora chinensis Lam.","Magnoliopsida","Gentianales","Rubiaceae","Ixora","species","Lam.","ACCEPTED",,,"Ixora chinensis Lam.",,,,"Ixora chinensis Lam.","Ixora chinensis",,"WGS84",,,,,"GBIF","NY",,"Souza, V.C.","9480","1990","Delprete, P.G.","1999",,"Souza",,"brazil","sao paulo","ilhabela",,,"municipality","brazil_sao paulo_ilhabela","brazil_sao paulo_ilhabela",-23.85166951,-45.32677547,"county",309260,"Ixora chinensis","Lam.","name_w_authors","Rubiaceae","Ixora chinensis","Lam.","species","name accepted","bfo-87501",,,"Ixora chinensis Lam.","Ixora","Rubiaceae","brazil_sao paulo_ilhabela","Brazil","São Paulo","Ilhabela",,"ibge",TRUE,-23.853186,-45.337486,"coord_original","miliseconds","high","Ixora chinensis","ok_same_resolution","ok_county",,FALSE,"ok_dist","full_name_match","NY_1017446","ESA_28527|NY_1017446","4","1","NY_1017446","NY_1017446","NY_1017446","coord_original","Low","PARQUE ESTADUAL ILHABELA"
,,,,"MPEG","HERBMG",,"PRESERVED_SPECIMEN","MG076488","3872","Rosa, N.A.; Pires, J.M.",,"1980-11-26","1980","11","26",,,,"Brasil","BR","São Paulo","Santo Andre","Santo André","E.B. do Alto da Serra de Paranapiacaba",,,"-23.75","-45.3",,,,,"Wanderley, M.G.L.","2002-10-01",,"Tillandsia stricta Sol.","Liliopsida","Poales","Bromeliaceae","Tillandsia","species","Sol.","DOUBTFUL",,,"Tillandsia stricta Sol.",,,,"Tillandsia stricta","Tillandsia stricta",,,,,,,"GBIF","MG",,"Rosa, N.A.","3872","1980","Wanderley, M.G.L.",,"Pires, J.M.","Rosa",,"brazil","sao paulo","santo andre","estacao biologica do alto da serra de paranapiacaba",,"locality","brazil_sao paulo_santo andre","brazil_sao paulo_santo andre_rebio alto serra paranapiacaba (antiga estacao biologica de mesmo nome)",-23.7749458142699,-46.3129910324689,"locality",222601,"Tillandsia stricta","Sol.","name_w_authors","Bromeliaceae","Tillandsia stricta","Sol.","species","name accepted","bfo-6407",,,"Tillandsia stricta Sol.","Tillandsia","Bromeliaceae","brazil_sao paulo_santo andre","Brazil","São Paulo","Santo André",,"gadm",TRUE,-23.75,-45.3,"coord_original","miliseconds","high","Tillandsia stricta","ok_same_resolution","ok_state",,FALSE,"ok_dist","full_name_match","MG_76488","MG_76488|NY_822271|SP_178661","4","1","MG_76488","MG_76488","SP_178661","coord_original","Low","PARQUE ESTADUAL ILHABELA"
,,,,"K","Herbarium",,"PRESERVED_SPECIMEN","K000438526","3865","Rosa, N.A.; Pires, J.M.",,"1980-11-26T00:00","1980","11","26",,,,"Brazil","BR",,,,"Da Amazonia, São Paulo, Sto. André, Reserva Biológica do alto da serra Paranapiacaba.",,,"-23.75","-45.3",,,,,"Knapp, S.",,,"Solanum inornatum Witasek","Magnoliopsida","Solanales","Solanaceae","Solanum","species","Witasek","ACCEPTED",,,"Solanum inornatum Witasek",,,,"Solanum inornatum","Solanum inornatum",,,,,,,"GBIF","K",,"Rosa, N.A.","3865","1980","Knapp, S.",,"Pires, J.M.","Rosa",,"brazil",,"da amazonia","reserva biologica do alto da serra paranapiacaba","da amazonia","country","brazil","brazil",-10.74257447,-53.08032013,"country",202395,"Solanum inornatum","Witasek","name_w_authors","Solanaceae","Solanum inornatum","Witasek","species","name accepted","bfo-14784",,,"Solanum inornatum Witasek","Solanum","Solanaceae","brazil","Brazil",,,,"gadm",TRUE,-23.75,-45.3,"coord_original","miliseconds","high","Solanum inornatum","ok_same_resolution","ok_country",,FALSE,"no_cannot_check","full_name_match","K_438526",,"0","0",,,,"coord_original","Low","PARQUE ESTADUAL ILHABELA"
,,,,"MPEG","HERBMG",,"PRESERVED_SPECIMEN","MG076489","3873","Rosa, N.A.; Pires, J.M.",,"1980-11-26","1980","11","26",,,,"Brasil","BR","São Paulo","Santo Andre","Santo André","E.B. do Alto da Serra de Paranapiacaba",,,"-23.75","-45.3",,,,,"Sales, M.F. de",,,"Mandevilla atroviolacea (Stadelm.) Woodson","Magnoliopsida","Gentianales","Apocynaceae","Mandevilla","species","(Stadelm.) Woodson","ACCEPTED",,,"Mandevilla atroviolacea (Stadelm.) Woodson",,,,"Mandevilla atroviolacea","Mandevilla atroviolacea",,,,,,,"GBIF","MG",,"Rosa, N.A.","3873","1980","Sales, M.F.",,"Pires, J.M.","Rosa",,"brazil","sao paulo","santo andre","estacao biologica do alto da serra de paranapiacaba",,"locality","brazil_sao paulo_santo andre","brazil_sao paulo_santo andre_rebio alto serra paranapiacaba (antiga estacao biologica de mesmo nome)",-23.7749458142699,-46.3129910324689,"locality",223167,"Mandevilla atroviolacea","(Stadelm.) Woodson","name_w_authors","Apocynaceae","Mandevilla atroviolacea","(Stadelm.) Woodson","species","name accepted","bfo-4653",,,"Mandevilla atroviolacea (Stadelm.) Woodson","Mandevilla","Apocynaceae","brazil_sao paulo_santo andre","Brazil","São Paulo","Santo André",,"gadm",TRUE,-23.75,-45.3,"coord_original","miliseconds","high","Mandevilla atroviolacea","ok_same_resolution","ok_state",,FALSE,"ok_dist","full_name_match","MG_76489","MG_76489|SP_178646","2","0.5",,"MG_76489","SP_178646","coord_original","Low","PARQUE ESTADUAL ILHABELA"
,,,,"MPEG","HERBMG",,"PRESERVED_SPECIMEN","MG076512","3895","Rosa, N.A.; Pires, J.M.",,"1980-11-26","1980","11","26",,,,"Brazil","BR","São Paulo","Santo Andre","Santo André Mun.","Reserva Biológica do alto da Serra Paranapiacaba.",,,"-23.75","-45.3",,,,,"Giacomin,  L.L.","2015-09-01",,"Dyssochroma viridiflorum (Sims) Miers","Magnoliopsida","Solanales","Solanaceae","Dyssochroma","species",,"ACCEPTED",,,"Dyssochroma viridiflorum (Sims) Miers",,,,"Dyssochroma viridiflora","Dyssochroma viridiflorum",,,,,,,"GBIF","MG",,"Rosa, N.A.","3895","1980","Giacomin, L.L.","2015","Pires, J.M.","Rosa",,"brazil","sao paulo","santo andre","reserva biologica do alto da serra paranapiacaba",,"locality","brazil_sao paulo_santo andre","brazil_sao paulo_santo andre_rebio alto serra paranapiacaba",-23.7861111,-46.3055556,"locality",223180,"Dyssochroma viridiflorum","(Sims) Miers","name_w_authors","Solanaceae","Dyssochroma viridiflorum","(Sims) Miers","species","name accepted","bfo-26120",,,"Dyssochroma viridiflorum (Sims) Miers","Dyssochroma","Solanaceae","brazil_sao paulo_santo andre","Brazil","São Paulo","Santo André",,"gadm",TRUE,-23.75,-45.3,"coord_original","miliseconds","high","Dyssochroma viridiflorum","ok_same_resolution","ok_state",,FALSE,"ok_dist","full_name_match","MG_76512","MG_76512|NY_656133|SP_178652","1","0.25","MG_76512","NY_656133","NY_656133","coord_original","Low","PARQUE ESTADUAL ILHABELA"
,,,,"MPEG","HERBMG",,"PRESERVED_SPECIMEN","MG076502",,"Rosa, N.A.; Pires, J.M.",,"1980-11-26","1980","11","26",,,,"Brasil","BR","São Paulo","Santo Andre","Santo Andre","Santo André",,,"-23.75","-45.3",,,,,"Forster, W.","2008-09-01",,"Octomeria grandiflora Lindl.","Liliopsida","Asparagales","Orchidaceae","Octomeria","species",,"ACCEPTED",,,"Octomeria grandiflora Lindl.",,,,"Octomeria grandiflora","Octomeria grandiflora",,,,,,,"GBIF","MG",,"Rosa, N.A.",,"1980","Forster, W.","2008","Pires, J.M.","Rosa",,"brazil","sao paulo","santo andre","santo andre",,"locality","brazil_sao paulo_santo andre","brazil_sao paulo_santo andre",-7.24178,-36.6146,"county",222641,"Octomeria grandiflora","Lindl.","name_w_authors","Orchidaceae","Octomeria grandiflora","Lindl.","species","name accepted","bfo-11906",,,"Octomeria grandiflora Lindl.","Octomeria","Orchidaceae","brazil_sao paulo_santo andre","Brazil","São Paulo","Santo André",,"gadm",TRUE,-23.75,-45.3,"coord_original","miliseconds","high","Octomeria grandiflora","check_local.2municip.","ok_state",,FALSE,"ok_dist","full_name_match","MG_76502",,"cc","cc",,,,"coord_original","Low","PARQUE ESTADUAL ILHABELA"
,,"https://specieslink.net/col/1",,"IPA/SP","SP",,"PRESERVED_SPECIMEN","178684","3924","Rosa, NA; Murça Pires, J",,"1980-11-26","1980","11","26",,,,"Brasil","BR","São Paulo",,"Santo André","E.B. do Alto da Serra de Paranapiacaba",,,"-23.75","-45.3",,,,,"Anunciação, EA","2001-03-19",,"Psychotria leitana C.M.Taylor","Magnoliopsida","Gentianales","Rubiaceae","Psychotria","species","C.M.Taylor","ACCEPTED",,,"Psychotria leitana C.M.Taylor",,,,"Psychotria leitana","Psychotria leitana",,,,,,,"GBIF","SP","code partially found","Rosa, N.A.","3924","1980","Anunciacao, E.A.","2001","Pires, J.M.","Rosa",,"brazil","sao paulo","santo andre","estacao biologica do alto da serra de paranapiacaba",,"locality","brazil_sao paulo_santo andre_estacao biologica alto serra paranapiacaba","brazil_sao paulo_santo andre_rebio alto serra paranapiacaba (antiga estacao biologica de mesmo nome)",-23.7749458142699,-46.3129910324689,"locality",366478,"Psychotria leitana","C.M.Taylor","name_w_authors","Rubiaceae","Psychotria leitana","C.M.Taylor","species","name accepted","bfo-14189",,,"Psychotria leitana C.M.Taylor","Psychotria","Rubiaceae","brazil_sao paulo_santo andre_rebio alto serra paranapiacaba (antiga estacao biologica de mesmo nome)","Brazil","São Paulo","Santo André","REBIO do Alto da Serra de Paranapiacaba","gbif_splink",TRUE,-23.75,-45.3,"coord_original","miliseconds","high","Psychotria leitana","ok_same_resolution","ok_state",,FALSE,"ok_dist","full_name_match","SP_178684","MG_76539|SP_178684","3","0.75","SP_178684","MG_76539","SP_178684","coord_original","Low","PARQUE ESTADUAL ILHABELA"
,,"https://specieslink.net/col/1",,"IPA/SP","SP",,"PRESERVED_SPECIMEN","178639","3862","Rosa, NA; Murça Pires, J",,"1980-11-26","1980","11","26",,,,"Brasil","BR","São Paulo",,"Santo André","E.B. do Alto da Serra de Paranapiacaba",,,"-23.75","-45.3",,,,,"Melo, E de","1990-04-01",,"Polygonum persicaria L.","Magnoliopsida","Caryophyllales","Polygonaceae","Persicaria","species","L.","SYNONYM",,,"Persicaria maculosa Gray",,,,"Polygonum persicaria","Persicaria maculosa",,"WGS84",,,,,"GBIF","SP","code partially found","Rosa, N.A.","3862","1980","Melo, E.","1990","Pires, J.M.","Rosa",,"brazil","sao paulo","santo andre","estacao biologica do alto da serra de paranapiacaba",,"locality","brazil_sao paulo_santo andre_estacao biologica alto serra paranapiacaba","brazil_sao paulo_santo andre_rebio alto serra paranapiacaba (antiga estacao biologica de mesmo nome)",-23.7749458142699,-46.3129910324689,"locality",366951,"Polygonum persicaria","L.","name_w_authors","Polygonaceae","Polygonum persicaria","L.","species","name accepted","bfo-13727",,,"Polygonum persicaria L.","Polygonum","Polygonaceae","brazil_sao paulo_santo andre_rebio alto serra paranapiacaba (antiga estacao biologica de mesmo nome)","Brazil","São Paulo","Santo André","REBIO do Alto da Serra de Paranapiacaba","gbif_splink",TRUE,-23.75,-45.3,"coord_original","miliseconds","high","Polygonum persicaria","ok_same_resolution","ok_state",,FALSE,"ok_dist","full_name_match","SP_178639",,"0","0",,,,"coord_original","Low","PARQUE ESTADUAL ILHABELA"
,,,,"MPEG","HERBMG",,"PRESERVED_SPECIMEN","MG076531","3916","Rosa, N.A.; Pires, J.M.",,"1980-11-26","1980","11","26",,,,"Brasil","BR","São Paulo","Santo Andre","Santo André","E.B. do Alto da Serra de Paranapiacaba",,,"-23.75","-45.3",,,,,"Werff, H.H. van der","1990-11-01",,"Ocotea basicordatifolia Vattimo-Gil","Magnoliopsida","Laurales","Lauraceae","Ocotea","species","Vattimo-Gil","ACCEPTED",,,"Ocotea basicordatifolia Vattimo-Gil",,,,"Ocotea basicordatifolia","Ocotea basicordatifolia",,"WGS84",,,,,"GBIF","MG",,"Rosa, N.A.","3916","1980","Baitello, J.B.","1985","Pires, J.M.","Rosa",,"brazil","sao paulo","santo andre","estacao biologica do alto da serra de paranapiacaba",,"locality","brazil_sao paulo_santo andre","brazil_sao paulo_santo andre_rebio alto serra paranapiacaba (antiga estacao biologica de mesmo nome)",-23.7749458142699,-46.3129910324689,"locality",222721,"Ocotea basicordatifolia","Vattimo-Gil","name_w_authors","Lauraceae","Ocotea basicordatifolia","Vattimo-Gil","species","name accepted","bfo-8444",,,"Ocotea basicordatifolia Vattimo-Gil","Ocotea","Lauraceae","brazil_sao paulo_santo andre","Brazil","São Paulo","Santo André",,"gadm",TRUE,-23.75,-45.3,"coord_original","miliseconds","high","Ocotea basicordatifolia","ok_same_resolution","ok_state",,FALSE,"ok_dist","full_name_match","MG_76531","MG_76531|SP_178677","4","1","SP_178677","SP_178677","SP_178677","coord_original","Low","PARQUE ESTADUAL ILHABELA"
,,"https://specieslink.net/col/1",,"IPA/SP","SP",,"PRESERVED_SPECIMEN","178674","3913","Rosa, NA; Murça Pires, J",,"1980-11-26","1980","11","26",,,,"Brasil","BR","São Paulo",,"Santo André","E.B. do Alto da Serra de Paranapiacaba",,,"-23.75","-45.3",,,,,"Callejas, R","1984-06-01",,"Piper pseudoarboreum Yunck.","Magnoliopsida","Piperales","Piperaceae","Piper","species","Yunck.","ACCEPTED",,,"Piper pseudoarboreum Yunck.",,,,"Piper pseudoarboreum","Piper pseudoarboreum",,,,,,,"GBIF","SP","code partially found","Rosa, N.A.","3913","1980","Callejas, R.","1984","Pires, J.M.","Rosa",,"brazil","sao paulo","santo andre","estacao biologica do alto da serra de paranapiacaba",,"locality","brazil_sao paulo_santo andre_estacao biologica alto serra paranapiacaba","brazil_sao paulo_santo andre_rebio alto serra paranapiacaba (antiga estacao biologica de mesmo nome)",-23.7749458142699,-46.3129910324689,"locality",366668,"Piper pseudoarboreum","Yunck.","name_w_authors","Piperaceae","Piper pseudoarboreum","Yunck.","species","name accepted","bfo-24263",,,"Piper pseudoarboreum Yunck.","Piper","Piperaceae","brazil_sao paulo_santo andre_rebio alto serra paranapiacaba (antiga estacao biologica de mesmo nome)","Brazil","São Paulo","Santo André","REBIO do Alto da Serra de Paranapiacaba","gbif_splink",TRUE,-23.75,-45.3,"coord_original","miliseconds","high","Piper pseudoarboreum","ok_same_resolution","ok_state",,,"ok_dist","full_name_match","SP_178674","MG_76528|SP_178674","3","0.75","SP_178674","MG_76528","SP_178674","coord_original","Low","PARQUE ESTADUAL ILHABELA"
"Collection",,,,"Instituto Nacional de Pesquisas da Amazônia (INPA)","Coleção Botânica, Instituto Nacional de Pesquisas da Amazônia (INPA)","Coleção Botânica, Instituto Nacional de Pesquisas da Amazônia (INPA)","PRESERVED_SPECIMEN","136177","3871","Mike Hopkins",,"1980-11-26","1980","11","26",,,,"Brazil","BR","São Paulo","Santo André","Santo André Mun.","Reserva Biológica do alto da Serra Paranapiacaba",,,"-23.75","-45.3",,,,,"Rosa, N.A.","1981-01-01",,"Psychotria stachyoides Benth.","Magnoliopsida","Gentianales","Rubiaceae","Psychotria","species",,"ACCEPTED",,,"Psychotria stachyoides Benth.",,,,"Psychotria stachyoides Benth.","Psychotria stachyoides",,,,,,,"GBIF","INPA",,"Hopkins, M.","3871","1980","Rosa, N.A.","1981",,"Hopkins",,"brazil","sao paulo","santo andre","reserva biologica do alto da serra paranapiacaba",,"locality","brazil_sao paulo_santo andre_reserva biologica alto serra paranapiacaba","brazil_sao paulo_santo andre_rebio alto serra paranapiacaba",-23.7861111,-46.3055556,"locality",32440,"Psychotria stachyoides","Benth.","name_w_authors","Rubiaceae","Psychotria stachyoides","Benth.","species","name accepted","bfo-14218",,,"Psychotria stachyoides Benth.","Psychotria","Rubiaceae","brazil_sao paulo_santo andre","Brazil","São Paulo","Santo André",,"gadm",TRUE,-23.75,-45.3,"coord_original","miliseconds","high","Psychotria stachyoides","ok_same_resolution","ok_state",,FALSE,"ok_dist","full_name_match","INPA_136177","INPA_136177|MG_76487|NY_502292|SP_178645","1","0.25","NY_502292","MG_76487","NY_502292","coord_original","Low","PARQUE ESTADUAL ILHABELA"
"PhysicalObject",,"http://biocol.org/urn:lsid:biocol.org:col:15556",,"NY","NY","Vascular plants","PRESERVED_SPECIMEN","788891","3926","N. A. Rosa",,"1980-11-26","1980","11","26","26 Nov 1980","Extensão 361 ha, temp. média anual 25°C, pluv. anual 3.000 a 4.000mm.",,"Brazil","BR","São Paulo","Santo André Mun.","Santo André Mun.","Reserva Biológica do alto da serra Paranapiaçaba.",,"2461-2920 ft","-23.75","-45.3",,,,,"N. A. Rosa","1981-01-01",,"Lycopodium cernuum L.","Lycopodiopsida","Lycopodiales","Lycopodiaceae","Palhinhaea","species","L.","SYNONYM",,,"Palhinhaea cernua (L.) Vasc. & Franco",,,,"Lycopodium cernuum L.","Palhinhaea cernua",,,,,,,"GBIF","NY",,"Rosa, N.A.","3926","1980","Rosa, N.A.","1981",,"Rosa",,"brazil","sao paulo","santo andre","reserva biologica do alto da serra paranapiacaba",,"locality","brazil_sao paulo_santo andre_reserva biologica alto serra paranapiacaba","brazil_sao paulo_santo andre_rebio alto serra paranapiacaba",-23.7861111,-46.3055556,"locality",299661,"Palhinhaea cernua","(L.) Franco & Vasc.","name_w_authors","Lycopodiaceae","Palhinhaea cernua","(L.) Franco & Vasc.","species","replaced synonym","bfo-128549","Palhinhaea cernua","(L.) Franco & Vasc.","Palhinhaea cernua (L.) Franco & Vasc.","Palhinhaea","Lycopodiaceae","brazil_sao paulo_santo andre","Brazil","São Paulo","Santo André",,"gadm",TRUE,-23.75,-45.3,"coord_original","miliseconds","high","Palhinhaea cernua","ok_same_resolution","ok_state",,FALSE,"ok_dist","full_name_match","NY_788891","MG_76541|NY_788891","4","1","NY_788891","NY_788891","NY_788891","coord_original","Low","PARQUE ESTADUAL ILHABELA"
"Collection",,,,"Instituto Nacional de Pesquisas da Amazônia (INPA)","Coleção Botânica, Instituto Nacional de Pesquisas da Amazônia (INPA)","Coleção Botânica, Instituto Nacional de Pesquisas da Amazônia (INPA)","PRESERVED_SPECIMEN","136181","3893","Mike Hopkins",,"1980-11-26","1980","11","26",,,,"Brazil","BR","São Paulo","Santo André","Santo André Mun.","Santo André, reserva Biológica de alto da serra Paranapiacaba",,,"-23.75","-45.3",,,,,"Kirizawa, M.","2010-09-01",,"Dioscorea bulbotricha Hand.-Mazz.","Liliopsida","Dioscoreales","Dioscoreaceae","Dioscorea","species",,"ACCEPTED",,,"Dioscorea bulbotricha Hand.-Mazz.",,,,"Dioscorea bulbotricha Hemsl.","Dioscorea bulbotricha",,,,,,,"GBIF","INPA",,"Hopkins, M.","3893","1980","Rosa, N.A.","1981",,"Hopkins",,"brazil","sao paulo","santo andre","reserva biologica de alto da serra paranapiacaba",,"locality","brazil_sao paulo_santo andre_reserva biologica alto serra paranapiacaba","brazil_sao paulo_santo andre_rebio alto serra paranapiacaba",-23.7861111,-46.3055556,"locality",32456,"Dioscorea delicata","R.Knuth","name_w_authors","Dioscoreaceae","Dioscorea bulbotricha","Hand.-Mazz.","species","name accepted","bfo-35298",,,"Dioscorea delicata R.Knuth","Dioscorea","Dioscoreaceae","brazil_sao paulo_santo andre","Brazil","São Paulo","Santo André",,"gadm",TRUE,-23.75,-45.3,"coord_original","miliseconds","high","Dioscorea delicata","ok_same_resolution","ok_state",,FALSE,"ok_dist","full_name_match","INPA_136181","INPA_136181|MG_76510|NY_643756|SP_178668","1","0.25","MG_76510","NY_643756","NY_643756","coord_original","Low","PARQUE ESTADUAL ILHABELA"
,,,,"MPEG","HERBMG",,"PRESERVED_SPECIMEN","MG076480","3864","Rosa, N.A.",,"1980-11-26","1980","11","26",,,,"Brasil","BR","São Paulo","Santo Andre","Santo André","E.B. do Alto da Serra de Paranapiacaba",,,"-23.75","-45.3",,,,,"Silva, M.C.R. da","1981-01-01",,"Dahlstedtia pinnata (Benth.) Malme","Magnoliopsida","Fabales","Fabaceae","Dahlstedtia","species","(Benth.) Malme","ACCEPTED",,,"Dahlstedtia pinnata (Benth.) Malme",,,,"Dahlstedtia pinnata","Dahlstedtia pinnata",,,,,,,"GBIF","MG",,"Rosa, N.A.","3864","1980","Silva, M.C.R.","1981",,"Rosa",,"brazil","sao paulo","santo andre","estacao biologica do alto da serra de paranapiacaba",,"locality","brazil_sao paulo_santo andre","brazil_sao paulo_santo andre_rebio alto serra paranapiacaba (antiga estacao biologica de mesmo nome)",-23.7749458142699,-46.3129910324689,"locality",222822,"Dahlstedtia pinnata","(Benth.) Malme","name_w_authors","Fabaceae","Dahlstedtia pinnata","(Benth.) Malme","species","name accepted","bfo-101063",,,"Dahlstedtia pinnata (Benth.) Malme","Dahlstedtia","Fabaceae","brazil_sao paulo_santo andre","Brazil","São Paulo","Santo André",,"gadm",TRUE,-23.75,-45.3,"coord_original","miliseconds","high","Dahlstedtia pinnata","ok_same_resolution","ok_state",,FALSE,"ok_dist","full_name_match","MG_76480","MG_76480|SP_178641","3","0.75","MG_76480","MG_76480","SP_178641","coord_original","Low","PARQUE ESTADUAL ILHABELA"
,,"a2e32c87-d320-4a01-bafd-a9182ae2e191",,"ASU","Plants",,"PRESERVED_SPECIMEN","ASU0006112","12-6274","Gottsberger; G. Gottsberger",,"1974-09-06","1974","9","6",,"Mata ciliar ao longo do riacho.",,"Brazil","BR","Sao Paulo",,,"Mun. Ilha Bela, 5km norte da cidade de Ilha Bela; 100m acima do nivel do mar.",,,"-23.917076","-45.323885",,,,,"L.R. Landrum, 1995.",,,"Psidium cattleianum Afzel. ex Sabine","Magnoliopsida","Myrtales","Myrtaceae","Psidium","species","Sabine","ACCEPTED",,,"Psidium cattleianum Afzel. ex Sabine",,,,"Psidium cattleyanum","Psidium cattleianum","34287",,,,,,"GBIF","ASU",,"Gottsberger","12-6274","1974","Landrum, L.R.",,"Gottsberger, G.","Gottsberger",,"brazil","sao paulo","ilha bela","5km norte da cidade de ilha bela","municipio de ilha bela","locality","brazil_sao paulo_ilha bela","brazil_sao paulo_ilhabela",-23.85166951,-45.32677547,"county",332863,"Psidium cattleyanum","Sabine","name_w_authors","Myrtaceae","Psidium cattleyanum","Sabine","species","replaced orth. variant","bfo-10858","Psidium cattleyanum","Sabine","Psidium cattleyanum Sabine","Psidium","Myrtaceae","brazil_sao paulo_ilhabela","Brazil","São Paulo","Ilhabela",,"ibge",TRUE,-23.917076,-45.323885,"coord_original","miliseconds","high","Psidium cattleyanum","check_local.2municip.","shore",,FALSE,"ok_dist","full_name_match","ASU_6112",,"0","0",,,,"coord_original","Low","PARQUE ESTADUAL ILHABELA"
"PhysicalObject",,"http://biocol.org/urn:lsid:biocol.org:col:15556",,"NY","NY","Vascular plants","PRESERVED_SPECIMEN","00984109","11-11274","I. Silberbauer-Gottsberger",,"1974-02-11","1974","2","11","11 Feb 1974","Vegetação de praia",,"Brazil","BR","São Paulo","Ilhabela Mun.","Ilhabela Mun.",,,,"-23.853186","-45.337486",,,,,,,,"Dioclea Kunth","Magnoliopsida","Fabales","Fabaceae","Dioclea","genus",,"ACCEPTED",,,"Dioclea Kunth",,,,"Dioclea",,,"WGS84",,,,,"GBIF","NY",,"Silberbauer-Gottsberger, I.","11-11274","1974","Administrador","2020",,"Silberbauer-Gottsberger",,"brazil","sao paulo","ilhabela",,,"municipality","brazil_sao paulo_ilhabela","brazil_sao paulo_ilhabela",-23.85166951,-45.32677547,"county",1618905,"Dioclea","Kunth","indet","Fabaceae","Dioclea","Kunth","genus","name accepted","bfo-22941",,,"Dioclea Kunth","Dioclea","Fabaceae","brazil_sao paulo_ilhabela","Brazil","São Paulo","Ilhabela",,"ibge",TRUE,-23.853186,-45.337486,"coord_original","miliseconds","high",,"ok_same_resolution","ok_county",,FALSE,"no_cannot_check","full_name_match","NY_984109","K_930082|NY_984109","2","0.5","K_930082","NY_984109","NY_984109","coord_original","Low","PARQUE ESTADUAL ILHABELA"
,,,,"JBRJ","RB","RB - Rio de Janeiro Botanical Garden Herbarium Collection","PRESERVED_SPECIMEN","RB00481003","6958","D. Sucre; G.M. Barroso et R. Burle Max",,"1970-05-28","1970","5","28",,,,"Brazil","BR","São Paulo",,,"Ilha Bela, Serra dos Castelhanos.",,,,,,,,,"Marcus Alves","2000-04-11",,"Hypolytrum schraderianum Nees","Liliopsida","Poales","Cyperaceae","Hypolytrum","species","Nees","ACCEPTED",,,"Hypolytrum schraderianum Nees",,,,"Hypolytrum schraderianum Nees","Hypolytrum schraderianum",,"WGS84","jbrj-public-img.s3-sa-east-1.amazonaws.com/JPG/rb/0/48/10/3/00481003.jpg",,,,"GBIF","RB",,"Sucre, D.","6958","1970","Alves, M.","2000","Barroso, G.M.; Max, R.B.","Sucre",,"brazil","sao paulo","ilha bela","ilha bela",,"locality","brazil_sao paulo_ilha comprida","brazil_sao paulo_ilhabela",-23.85166951,-45.32677547,"county",247091,"Hypolytrum schraderianum","Nees","name_w_authors","Cyperaceae","Hypolytrum schraderianum","Nees","species","name accepted","bfo-7220",,,"Hypolytrum schraderianum Nees","Hypolytrum","Cyperaceae","brazil_sao paulo_ilha comprida","Brazil","São Paulo","Ilha Comprida",,"ibge",TRUE,-23.817849,-45.254379,"coord_original","miliseconds","high","Hypolytrum schraderianum","check_local.2municip.","ok_county",,FALSE,"ok_dist","full_name_match","RB_481003","K_1179587|K_1182426|NY_636566|NY_637064|RB_481003|SP_338019","4","1","RB_481003","NY_637064","NY_637064","coord_original","Low","PARQUE ESTADUAL ILHABELA"
,,,,"JBRJ","RB","RB - Rio de Janeiro Botanical Garden Herbarium Collection","PRESERVED_SPECIMEN","RB00345018","6997","D. Sucre; G.M. Barroso et R. Burle Marx","Mata úmida.","1970-05-28","1970","5","28",,,"Mata úmida.","Brazil","BR","São Paulo",,,"Ilha Bela, Serra dos Castelhanos.",,,,,,,,,"L. Macias","1999-09-23",,"Manettia gracilis Cham. & Schltdl.","Magnoliopsida","Gentianales","Rubiaceae","Manettia","species","Cham. & Schltdl.","ACCEPTED",,,"Manettia gracilis Cham. & Schltdl.",,,,"Manettia gracilis Cham. & Schltdl.","Manettia gracilis",,"WGS84","jbrj-public-img.s3-sa-east-1.amazonaws.com/JPG/rb/0/34/50/18/00345018.jpg",,,,"GBIF","RB",,"Sucre, D.","6997","1970","Macias, L.","1999","Barroso, G.M.; Marx, R.B.","Sucre",,"brazil","sao paulo","ilha bela","ilha bela",,"locality","brazil_sao paulo_ilhabela","brazil_sao paulo_ilhabela",-23.85166951,-45.32677547,"county",241800,"Manettia gracilis","Cham. & Schltdl.","name_w_authors","Rubiaceae","Manettia gracilis","Cham. & Schltdl.","species","name accepted","bfo-14101",,,"Manettia gracilis Cham. & Schltdl.","Manettia","Rubiaceae","brazil_sao paulo_ilhabela","Brazil","São Paulo","Ilhabela",,"ibge",TRUE,-23.817849,-45.254379,"coord_original","miliseconds","high","Manettia gracilis","check_local.2municip.","ok_county",,FALSE,"ok_dist","full_name_match","RB_345018","NY_1039390|RB_345018|SP_197363","4","1","RB_345018","NY_1039390","NY_1039390","coord_original","Low","PARQUE ESTADUAL ILHABELA"
,,,,"JBRJ","RB","RB - Rio de Janeiro Botanical Garden Herbarium Collection","PRESERVED_SPECIMEN","RB00306852","2652","J.C. Gomes",,"1965-03-30","1965","3","30",,,,"Brazil","BR","São Paulo",,"Ilhabela Mun.","Ilha da Vitória, Litoral Norte",,,,,,,,,"E. Guimarães",,,"Piper xylosteoides (Kunth) Steud.","Magnoliopsida","Piperales","Piperaceae","Piper","species","(Kunth) Steud.","ACCEPTED",,,"Piper xylosteoides (Kunth) Steud.",,,,"Piper xylosteoides (Kunth) Steud.","Piper xylosteoides",,"WGS84","jbrj-public-img.s3-sa-east-1.amazonaws.com/JPG/rb/0/30/68/52/00306852.jpg",,,,"GBIF","RB",,"Gomes, J.C.","2652","1965","Guimaraes, E.",,,"Gomes",,"brazil","sao paulo","ilhabela","ilha da vitoria",,"locality","brazil_sao paulo_sao paulo","brazil_sao paulo_ilhabela",-23.85166951,-45.32677547,"county",240084,"Piper xylosteoides","(Kunth) Steud.","name_w_authors","Piperaceae","Piper xylosteoides","(Kunth) Steud.","species","name accepted","bfo-12869",,,"Piper xylosteoides (Kunth) Steud.","Piper","Piperaceae","brazil_sao paulo_sao paulo","Brazil","São Paulo","São Paulo",,"ibge",TRUE,-23.748254,-45.017173,"coord_original","miliseconds","high","Piper xylosteoides","check_local.2municip.","ok_county",,FALSE,"ok_dist","full_name_match","RB_306852","NY_556153|NY_885116|P_2026908|RB_306852|SP_82565|SPF_163150","4","1","RB_306852","NY_556153","NY_556153","coord_original","Low","PARQUE ESTADUAL ILHABELA"
,,"https://specieslink.net/col/204",,"UEFS","HUEFS",,"PRESERVED_SPECIMEN","135007","2628","Gomes, J.C.",,"1965-03-30","1965","3","30",,,,"Brazil","BR","São Paulo",,"Ilhabela Mun.","Ilha Vitória, Litoral Norte",,,,,,,,,"L.C.P.Lima","2011-11-01",,"Desmodium incanum (Sw.) DC.","Magnoliopsida","Fabales","Fabaceae","Desmodium","species","(Sw.) DC.","ACCEPTED",,,"Desmodium incanum (Sw.) DC.",,,,"Desmodium incanum","Desmodium incanum",,"WGS84","https://images.cria.org.br/viewer/HUEFS0135007",,,,"GBIF","HUEFS",,"Gomes, J.C.","2628","1965","Determinador, S.",,,"Gomes",,"brazil","sao paulo","ilhabela","ilha vitoria",,"locality","brazil_sao paulo_ilha vitoria","brazil_sao paulo_ilhabela",-23.85166951,-45.32677547,"county",165541,"Desmodium incanum","(Sw.) DC.","name_w_authors","Fabaceae","Desmodium incanum","(Sw.) DC.","species","name accepted","bfo-115339",,,"Desmodium incanum (Sw.) DC.","Desmodium","Fabaceae","brazil_sao paulo","Brazil","São Paulo",,,"gadm",TRUE,-23.748254,-45.017173,"coord_original","miliseconds","high","Desmodium incanum","check_local.2municip.","ok_county",,FALSE,"ok_dist","full_name_match","HUEFS_135007","HUEFS_135007|MO_1668887|MO_3182571|NY_594293|SP_82586","4","1","NY_594293","NY_594293","NY_594293","coord_original","Low","PARQUE ESTADUAL ILHABELA"
,,"https://specieslink.net/col/1",,"IPA/SP","SP",,"PRESERVED_SPECIMEN","82551","3650","Correa Gomes Jr, J",,"1965-05-04","1965","5","4",,,,"Brazil","BR","São Paulo",,"Ilhabela Mun.","Ilha Vitoria, Litoral Norte",,,,,,,,,"Mamede, MCH","2007-06-01",,"Cordiera concolor (Cham.) Kuntze","Magnoliopsida","Gentianales","Rubiaceae","Cordiera","species","(Cham.) Kuntze","ACCEPTED",,,"Cordiera concolor (Cham.) Kuntze",,,,"Cordiera concolor","Cordiera concolor",,"WGS84",,,,,"GBIF","SP","code partially found","Gomes Jr, J.C.","3650","1965","Determinador, S.",,,"Jr",,"brazil","sao paulo","ilhabela","ilha vitoria",,"locality","brazil_sao paulo_ilhabela","brazil_sao paulo_ilhabela",-23.85166951,-45.32677547,"county",425073,"Cordiera concolor","(Cham.) Kuntze","name_w_authors","Rubiaceae","Cordiera concolor","(Cham.) Kuntze","species","name accepted","bfo-13891",,,"Cordiera concolor (Cham.) Kuntze","Cordiera","Rubiaceae","brazil_sao paulo_ilhabela","Brazil","São Paulo","Ilhabela",,"ibge",TRUE,-23.748254,-45.017173,"coord_original","miliseconds","high","Cordiera concolor","check_local.2municip.","ok_county",,FALSE,"ok_dist","full_name_match","SP_82551","FUEL_36403|GB_196246|K_1135308|NY_1096291|SP_82551","1","0.25","K_1135308","NY_1096291","NY_1096291","coord_original","Low","PARQUE ESTADUAL ILHABELA"
,,"https://specieslink.net/col/7",,"USP-IB","SPF",,"PRESERVED_SPECIMEN","41512","2658","Gomes Jr, JC",,"1965-03-30","1965","3","30",,,,"Brazil","BR","São Paulo",,"Ilhabela Mun.","Ilha Vitória, Litoral Norte",,,,,,,,,"Santos, MF","2014-01-01",,"Myrcia bicolor Kiaersk.","Magnoliopsida","Myrtales","Myrtaceae","Myrcia","species","Kiaersk.","ACCEPTED",,,"Myrcia bicolor Kiaersk.",,,,"Myrcia bicolor","Myrcia bicolor",,"WGS84",,,,,"GBIF","SPF",,"Jr, J.C.G.","2658","1965","Santos, M.F.","2014",,"Jr",,"brazil","sao paulo","ilhabela","ilha vitoria",,"locality","brazil_sao paulo_ilha vitoria","brazil_sao paulo_ilhabela",-23.85166951,-45.32677547,"county",201226,"Myrcia bicolor","Kiaersk.","name_w_authors","Myrtaceae","Myrcia bicolor","Kiaersk.","species","name accepted","bfo-10670",,,"Myrcia bicolor Kiaersk.","Myrcia","Myrtaceae","brazil_sao paulo","Brazil","São Paulo",,,"gadm",TRUE,-23.748254,-45.017173,"coord_original","miliseconds","high","Myrcia bicolor","check_local.2municip.","ok_county",,TRUE,"ok_dist","full_name_match","SPF_41512","FLOR_6733|IBGE_16890|NY_567120|SP_82534|SP_FLOR0006733|SP_FLOR006733|SPF_202744|SPF_41512|SPF_81217|UFG_11242","4","1","SPF_41512","NY_567120","NY_567120","coord_original","Low","PARQUE ESTADUAL ILHABELA"
"Collection",,,,"UFG","UFG","UFG - Herbário da Universidade Federal de Goiás","PRESERVED_SPECIMEN","11256","3640","Gomes, J.C.",,"1965-04-04","1965","4","4",,,,"Brazil","BR","São Paulo",,"Ilhabela Mun.","Ilha Vitoria, Litoral Norte",,,,,,,,,"Chiea, S.C.","1983-07-01",,"Clidemia dentata D.Don","Magnoliopsida","Myrtales","Melastomataceae","Miconia","species","D.Don","SYNONYM",,,"Miconia dentata (D.Don) Michelang.",,,,"Clidemia dentata","Miconia dentata",,"WGS84",,,,,"GBIF","UFG",,"Gomes, J.C.","3640","1965","Baumgratz, J.F.","2007",,"Gomes",,"brazil","sao paulo","ilhabela","ilha vitoria",,"locality","brazil_sao paulo_ilha vitoria","brazil_sao paulo_ilhabela",-23.85166951,-45.32677547,"county",156560,"Clidemia hirta","(L.) D.Don","name_w_authors","Melastomataceae","Clidemia dentata","D.Don","species","name accepted","bfo-9450",,,"Clidemia hirta (L.) D.Don","Clidemia","Melastomataceae","brazil_sao paulo","Brazil","São Paulo",,,"gadm",TRUE,-23.748254,-45.017173,"coord_original","miliseconds","high","Clidemia hirta","check_local.2municip.","ok_county",,FALSE,"ok_dist","full_name_match","UFG_11256","IBGE_16342|MBM_299350|MG_93954|NY_477920|RB_236139|SP_82548|UEC_33120|UFG_11256","4","1","RB_236139","NY_477920","NY_477920","coord_original","Low","PARQUE ESTADUAL ILHABELA"
"PhysicalObject",,"http://biocol.org/urn:lsid:biocol.org:col:15556",,"NY","NY","Vascular plants","PRESERVED_SPECIMEN","556424","3641","J. C. Gomes",,"1965-04-04","1965","4","4","04 Apr 1965","Na mata da encosta",,"Brazil","BR","São Paulo","Ilhabela Mun.","Ilhabela Mun.","Ilha Vitória, Litoral Norte",,,"-23.748254","-45.017173",,,,,"R. Callejas Posada","1986-01-01",,"Piper gaudichaudianum Kunth","Magnoliopsida","Piperales","Piperaceae","Piper","species","Kunth","DOUBTFUL",,,"Piper gaudichaudianum Kunth",,,,"Piper gaudichaudianum Kunth","Piper gaudichaudianum",,"WGS84",,,,,"GBIF","NY",,"Gomes, J.C.","3641","1965","Posada, R.C.","1986",,"Gomes",,"brazil","sao paulo","ilhabela","ilha vitoria",,"locality","brazil_sao paulo_ilhabela","brazil_sao paulo_ilhabela",-23.85166951,-45.32677547,"county",304794,"Piper gaudichaudianum","Kunth","name_w_authors","Piperaceae","Piper gaudichaudianum","Kunth","species","name accepted","bfo-12780",,,"Piper gaudichaudianum Kunth","Piper","Piperaceae","brazil_sao paulo_ilhabela","Brazil","São Paulo","Ilhabela",,"ibge",TRUE,-23.748254,-45.017173,"coord_original","miliseconds","high","Piper gaudichaudianum","check_local.2municip.","ok_county",,FALSE,"ok_dist","full_name_match","NY_556424","NY_556424|SP_82572","4","1","NY_556424","NY_556424","NY_556424","coord_original","Low","PARQUE ESTADUAL ILHABELA"
,"Herbário Virtual REFLORA Disponível em: http://herbariovirtualreflora.jbrj.gov.br/reflora/herbarioVirtual/ConsultaPublicoHVUC/ConsultaPublicoHVUC.do?idTestemunho=4755772",,,"NY","NY",,"PRESERVED_SPECIMEN","NY00569302","11116","A. Löfgren",,"1895-01-01","1895","1","1","1895-01-01",,,"Brazil","BR","São Paulo",,"Ilhabela Mun.","Ilha de S. Sebastiao",,,"-23.853056","-45.3375",,,,,"J. M. Idrobo",,"!Kennedy, 10-V-72","Calathea colorata (Hook.) Benth.","Liliopsida","Zingiberales","Marantaceae","Goeppertia","species","(Hook.) Benth.","SYNONYM",,,"Goeppertia colorata (Hook.) Borchs. & S.Suárez",,,,"Calathea colorata (Hook.) Benth.","Goeppertia colorata",,"WGS84","jbrj-public.s3-sa-east-1.amazonaws.com/fsi/server?type=image&source=DZI/newyork/ny_/0/56/93/2/ny_00569302.dzi",,,,"GBIF","NY",,"Lofgren, A.","11116","1895","Idrobo, J.M.","1955",,"Lofgren",,"brazil","sao paulo","ilhabela","ilha de s",,"locality","brazil_sao paulo_ilha s","brazil_sao paulo_ilhabela",-23.85166951,-45.32677547,"county",528760,"Goeppertia colorata","(Hook.) Borchs. & S.Suárez","name_w_authors","Marantaceae","Goeppertia colorata","(Hook.) Borchs. & S.Suárez","species","replaced synonym","bfo-138696","Goeppertia colorata","(Hook.) Borchs. & S.Suárez","Goeppertia colorata (Hook.) Borchs. & S.Suárez","Goeppertia","Marantaceae","brazil_sao paulo","Brazil","São Paulo",,,"gadm",TRUE,-23.853186,-45.337486,"coord_original","miliseconds","high","Goeppertia colorata","check_local.2municip.","ok_county",,FALSE,"bad_dist","full_name_match","NY_569302","NY_569302[virtual]","4","1","NY_569302","NY_569302","NY_569302","coord_original","Low","PARQUE ESTADUAL ILHABELA"
,,,,"Cenargen","CEN",,"PRESERVED_SPECIMEN","36108","11",,"<nO>Número da coleta completo nº 11-10274.Doação da Flora of Brazil - State of são Paulo.</nO>",,"1974","2","10",,,"<nO>Número da coleta completo nº 11-10274.Doação da Flora of Brazil - State of são Paulo.</nO>","Brasil",,"São Paulo","ILHABELA","ILHABELA","Along the beach.",,,"-23.84028","-45.346659",,"-23.84028","-45.346659",,"B. M. T. Walter","2021-11-NA",,"Cynophalla cf. flexuosa",,,"Capparaceae","Cynophalla",,,,"-23.84028","-45.346659",,,"11","2021",,"cf. flexuosa",,,,,,"CEN00036108","Splink","CEN",,,"11","1974","Walter, B.M.T.","2021",,,,"brazil","sao paulo","ilhabela","along the beach",,"locality","brazil_sao paulo_ilhabela","brazil_sao paulo_ilhabela",-23.85166951,-45.32677547,"county",1332179,"Cynophalla flexuosa","(L.) J.Presl","conferre","Capparaceae","Cynophalla flexuosa","(L.) J.Presl","species","name accepted","bfo-105672",,,"Cynophalla flexuosa (L.) J.Presl","Cynophalla","Capparaceae","brazil_sao paulo_ilhabela","Brazil","São Paulo","Ilhabela",,"ibge",TRUE,-23.84028,-45.346659,"coord_original","miliseconds","medium","Cynophalla flexuosa","check_local.2municip.","ok_county",,FALSE,"ok_dist","full_name_match","CEN_36108",,"0","0",,,,"coord_original","Low","PARQUE ESTADUAL ILHABELA"
,,"https://specieslink.net/col/8",,"ESALQ","ESA",,"PRESERVED_SPECIMEN","128888","1261","Colletta, G.D.",,"2013-06-19","2013","6","19",,,,"Brasil","BR","Sp",,"Ilhabela","Trilha do Bonete",,,,,,,,,"Souza, V.C.","2013-01-15",,"Miconia dodecandra (Desr.) Cogn.","Magnoliopsida","Myrtales","Melastomataceae","Miconia","species",,"ACCEPTED",,,"Miconia dodecandra (Desr.) Cogn.",,,,"Miconia dodecandra","Miconia dodecandra",,"WGS84",,,,,"GBIF","ESA",,"Colletta, G.D.","1261","2013","Souza, V.C.","2013",,"Colletta",,"brazil","sao paulo","ilhabela","trilha do bonete",,"locality","brazil_sao paulo_ilhabela","brazil_sao paulo_ilhabela",-23.85166951,-45.32677547,"county",732287,"Miconia dodecandra","Cogn.","name_w_authors","Melastomataceae","Miconia dodecandra","Cogn.","species","author misspelled","bfo-9698",,,"Miconia dodecandra Cogn.","Miconia","Melastomataceae","brazil_sao paulo_ilhabela","Brazil","São Paulo","Ilhabela",,"ibge",TRUE,-23.936944,-45.421667,"coord_original","seconds","medium","Miconia dodecandra","check_local.2municip.","ok_county",,FALSE,"ok_dist","full_name_match","ESA_128888","ESA_128888|SPSF_47330","4","1","SPSF_47330","SPSF_47330","SPSF_47330","coord_original","Low","PARQUE ESTADUAL ILHABELA"
,,,,"MPEG","HERBMG",,"PRESERVED_SPECIMEN","MG076542","3927","Rosa, N.A.; Pires, J.M.",,"1980-11-26","1980","11","26",,,,"Brasil","BR","São Paulo","Santo Andre","Santo André","E.B. do Alto da Serra de Paranapiacaba",,,"-23.75","-45.3",,,,,"Rosa, N.A.","1981-01-01",,"Panicum trichoides Sw.","Liliopsida","Poales","Poaceae","Panicum","species","Sw.","ACCEPTED",,,"Panicum trichoides Sw.",,,,"Panicum trichoides","Panicum trichoides",,,,,,,"GBIF","MG",,"Rosa, N.A.","3927","1980","Rosa, N.A.","1981","Pires, J.M.","Rosa",,"brazil","sao paulo","santo andre","estacao biologica do alto da serra de paranapiacaba",,"locality","brazil_sao paulo_santo andre","brazil_sao paulo_santo andre_rebio alto serra paranapiacaba (antiga estacao biologica de mesmo nome)",-23.7749458142699,-46.3129910324689,"locality",222682,"Panicum trichoides","Sw.","name_w_authors","Poaceae","Panicum trichoides","Sw.","species","name accepted","bfo-20450",,,"Panicum trichoides Sw.","Panicum","Poaceae","brazil_sao paulo_santo andre","Brazil","São Paulo","Santo André",,"gadm",TRUE,-23.75,-45.3,"coord_original","miliseconds","medium","Panicum trichoides","ok_same_resolution","ok_state",,,"bad_dist","full_name_match","MG_76542","MG_76542|SP_178706","3","0.75","MG_76542","MG_76542","SP_178706","coord_original","Low","PARQUE ESTADUAL ILHABELA"
,,,,"MPEG","HERBMG",,"PRESERVED_SPECIMEN","MG076507","3891","Rosa, N.A.; Pires, J.M.",,"1980-11-26","1980","11","26",,,,"Brasil","BR","São Paulo","Santo Andre","Santo André","E.B. do Alto da Serra de Paranapiacaba",,,"-23.75","-45.3",,,,,"Rosa, N.A.","1981-01-01",,"Fuchsia montana Cambess.","Magnoliopsida","Myrtales","Onagraceae","Fuchsia","species","Aitch.","SYNONYM",,,"Fuchsia coccinea Sol. ex Aiton",,,,"Fuchsia montana","Fuchsia coccinea",,,,,,,"GBIF","MG",,"Rosa, N.A.","3891","1980","Rosa, N.A.","1981","Pires, J.M.","Rosa",,"brazil","sao paulo","santo andre","estacao biologica do alto da serra de paranapiacaba",,"locality","brazil_sao paulo_santo andre","brazil_sao paulo_santo andre_rebio alto serra paranapiacaba (antiga estacao biologica de mesmo nome)",-23.7749458142699,-46.3129910324689,"locality",222632,"Fuchsia coccinea","Dryand.","name_w_authors","Onagraceae","Fuchsia coccinea","Dryand.","species","replaced synonym","bfo-3944","Fuchsia coccinea","Dryand.","Fuchsia coccinea Dryand.","Fuchsia","Onagraceae","brazil_sao paulo_santo andre","Brazil","São Paulo","Santo André",,"gadm",TRUE,-23.75,-45.3,"coord_original","miliseconds","medium","Fuchsia coccinea","ok_same_resolution","ok_state",,,"bad_dist","full_name_match","MG_76507","MG_76507|SP_178649","1","0.25","MG_76507","MG_76507","SP_178649","coord_original","Low","PARQUE ESTADUAL ILHABELA"
,,,,"MPEG","HERBMG",,"PRESERVED_SPECIMEN","MG076520","3903","Rosa, N.A.; Pires, J.M.",,"1980-11-26","1980","11","26",,,,"Brasil","BR","São Paulo","Santo Andre","Santo Andre","Santo André",,,"-23.75","-45.3",,,,,"Rosa, N.A.","1981-01-01",,"Elaphoglossum discolor (Kuhn) C.Chr.","Polypodiopsida","Polypodiales","Dryopteridaceae","Elaphoglossum","species","(Kuhn) C. Chr.","ACCEPTED",,,"Elaphoglossum discolor (Kuhn) C.Chr.",,,,"Elaphoglossum discolor","Elaphoglossum discolor",,,,,,,"GBIF","MG",,"Rosa, N.A.","3903","1980","Rosa, N.A.","1981","Pires, J.M.","Rosa",,"brazil","sao paulo","santo andre","santo andre",,"locality","brazil_sao paulo_santo andre","brazil_sao paulo_santo andre",-7.24178,-36.6146,"county",223385,"Elaphoglossum discolor","(Kuhn) C.Chr.","name_w_authors","Dryopteridaceae","Elaphoglossum discolor","(Kuhn) C.Chr.","species","name accepted","bfo-91021",,,"Elaphoglossum discolor (Kuhn) C.Chr.","Elaphoglossum","Dryopteridaceae","brazil_sao paulo_santo andre","Brazil","São Paulo","Santo André",,"gadm",TRUE,-23.75,-45.3,"coord_original","miliseconds","medium","Elaphoglossum discolor","check_local.2municip.","ok_state",,,"bad_dist","full_name_match","MG_76520",,"0","0",,,,"coord_original","Low","PARQUE ESTADUAL ILHABELA"
,,,,"PAC","MO-DUPLICATES",,"PRESERVED_SPECIMEN","90138857","12502",,,,"1990","2","11",,,,"Brasil",,"São Paulo",,,"Ilha de São Sebastião.",,,"-23.83333","-45.3",,,,,"R.A. Pursell",,,"Fissidens intramarginatus",,,"Fissidentaceae","Fissidens",,,,"-23.83333","-45.3",,,,,"Fissidens intramarginatus","intramarginatus",,,,,,,"Splink","MO-DUPLICATES","code not found",,"12502","1990","Pursell, R.A.",,,,,"brazil","sao paulo","ilha de sao sebastiao","ilha de sao sebastiao",,"locality","brazil_sao paulo_ilha sao sebastiao","brazil_sao paulo",-22.2584562,-48.7420254,"state",1912970,"Fissidens intramarginatus",,"possibly_ok",,"Fissidens intramarginatus",,"species","not found",,,,"Fissidens intramarginatus","Fissidens",,"brazil_sao paulo","Brazil","São Paulo",,,"gadm",TRUE,-23.83333,-45.3,"coord_original","miliseconds","low","Fissidens intramarginatus","check_local.2state","ok_state",,FALSE,"no_cannot_check","no_match","MO-DUPLICATES_90138857",,"cc","cc",,,,"coord_original","Low","PARQUE ESTADUAL ILHABELA"
,,,,"PAC","MO-DUPLICATES",,"PRESERVED_SPECIMEN","90145943","11710",,,,"1989","9","8",,,,"Brasil",,"São Paulo",,,"Ilha de Sao Sebastiao",,,"-23.83333","-45.3",,,,,"R.A. Pursell",,,"Fissidens flabellatus",,,"Fissidentaceae","Fissidens",,,,"-23.83333","-45.3",,,,,"Fissidens flabellatus","flabellatus",,,,,,,"Splink","MO-DUPLICATES","code not found",,"11710","1989","Pursell, R.A.",,,,,"brazil","sao paulo","ilha de sao sebastiao","ilha de sao sebastiao",,"locality","brazil_sao paulo_ilha sao sebastiao","brazil_sao paulo",-22.2584562,-48.7420254,"state",1912962,"Fissidens flabellatus",,"possibly_ok",,"Fissidens flabellatus",,"species","not found",,,,"Fissidens flabellatus","Fissidens",,"brazil_sao paulo","Brazil","São Paulo",,,"gadm",TRUE,-23.83333,-45.3,"coord_original","miliseconds","low","Fissidens flabellatus","check_local.2state","ok_state",,FALSE,"no_cannot_check","no_match","MO-DUPLICATES_90145943",,"cc","cc",,,,"coord_original","Low","PARQUE ESTADUAL ILHABELA"
,,,,"MO","MO",,"PRESERVED_SPECIMEN","90226217","6741",,,,"1986","3","27",,,,"Brasil",,"São Paulo",,,"Litoral Norte, Ilha de Sao Sebastiao, Regenwald (Mata atlantica primaria) am Westabhang, epiphytisch.",,,"-23.83333","-45.3",,,,,"A. S.-V",,,"Zelometeorium recurvifolium",,,"Meteoriaceae","Zelometeorium",,,,"-23.83333","-45.3",,,,,"Zelometeorium recurvifolium","recurvifolium",,,,,,,"Splink","MO",,,"6741","1986","-V, A.S.",,,,,"brazil","sao paulo","litoral norte","mata atlantica primaria","litoral norte","locality","brazil_sao paulo_litoral norte","brazil_sao paulo",-22.2584562,-48.7420254,"state",1905782,"Zelometeorium recurvifolium",,"possibly_ok",,"Zelometeorium recurvifolium",,"species","not found",,,,"Zelometeorium recurvifolium","Zelometeorium",,"brazil_sao paulo","Brazil","São Paulo",,,"gadm",TRUE,-23.83333,-45.3,"coord_original","miliseconds","low","Zelometeorium recurvifolium","check_local.2state","ok_state",,FALSE,"no_cannot_check","no_match","MO_90226217",,"cc","cc",,,,"coord_original","Low","PARQUE ESTADUAL ILHABELA"
,,,,"MO","MO",,"PRESERVED_SPECIMEN","90171392","6740",,,,"1986","3","27",,,,"Brasil",,"São Paulo",,,"Litoral Norte, Ilha de Sao Sebastiao, Regenwald (Mata atlantica primaria) am Westabhang, epiphytisch.",,,"-23.83333","-45.3",,,,,"S-V","1997-NA-NA",,"Metzgeria leptoneura",,,"Metzgeriaceae","Metzgeria",,,,"-23.83333","-45.3",,,,"1997","Metzgeria leptoneura","leptoneura",,,,,,,"Splink","MO",,,"6740","1986","S-V","1997",,,,"brazil","sao paulo","litoral norte","mata atlantica primaria","litoral norte","locality","brazil_sao paulo_litoral norte","brazil_sao paulo",-22.2584562,-48.7420254,"state",1904516,"Metzgeria leptoneura",,"possibly_ok",,"Metzgeria leptoneura",,"species","not found",,,,"Metzgeria leptoneura","Metzgeria",,"brazil_sao paulo","Brazil","São Paulo",,,"gadm",TRUE,-23.83333,-45.3,"coord_original","miliseconds","low","Metzgeria leptoneura","check_local.2state","ok_state",,FALSE,"no_cannot_check","no_match","MO_90171392",,"cc","cc",,,,"coord_original","Low","PARQUE ESTADUAL ILHABELA"
,,,,"IB USP","OBIS_BR",,,"4223",,,,,"1968","11","7",,,,"Brasil",,"São Paulo","Ilhabela","Ilhabela","Praia da Figueira",,,"-23.8833","-45.2825",,,,,"Y. Ugadim",,,"Padina gymnospora",,,"Dictyotaceae","Padina",,,,"-23.8833","-45.2825",,,,,"Padina gymnospora","gymnospora",,,,,,,"Splink","OBIS_BR","code not found",,,"1968","Ugadim, Y.",,,,,"brazil","sao paulo","ilhabela","praia da figueira",,"locality","brazil_sao paulo_ilhabela","brazil_sao paulo_ilhabela",-23.85166951,-45.32677547,"county",1905199,"Padina gymnospora",,"possibly_ok",,"Padina gymnospora",,"species","not found",,,,"Padina gymnospora","Padina",,"brazil_sao paulo_ilhabela","Brazil","São Paulo","Ilhabela",,"ibge",TRUE,-23.8833,-45.2825,"coord_original","miliseconds","low","Padina gymnospora","check_local.2municip.","ok_county",,FALSE,"no_cannot_check","no_match","OBIS_BR_4223",,"cc","cc",,,,"coord_original","Low","PARQUE ESTADUAL ILHABELA"
,,,,"IB USP","OBIS_BR",,,"4039",,,,,"1963","9","5",,,,"Brasil",,"São Paulo","Ilhabela","Ilhabela","Praia da Figueira",,,"-23.8833","-45.2825",,,,,"M.T. Fujii",,,"Laurencia microcladia",,,"Rhodomelaceae","Laurencia",,,,"-23.8833","-45.2825",,,,,"Laurencia microcladia","microcladia",,,,,,,"Splink","OBIS_BR","code not found",,,"1963","Fujii, M.T.",,,,,"brazil","sao paulo","ilhabela","praia da figueira",,"locality","brazil_sao paulo_ilhabela","brazil_sao paulo_ilhabela",-23.85166951,-45.32677547,"county",1905190,"Laurencia microcladia",,"possibly_ok",,"Laurencia microcladia",,"species","not found",,,,"Laurencia microcladia","Laurencia","Iridaceae","brazil_sao paulo_ilhabela","Brazil","São Paulo","Ilhabela",,"ibge",TRUE,-23.8833,-45.2825,"coord_original","miliseconds","low","Laurencia microcladia","check_local.2municip.","ok_county",,,"no_cannot_check","no_match","OBIS_BR_4039",,"cc","cc",,,,"coord_original","Low","PARQUE ESTADUAL ILHABELA"
,,,,"IB USP","OBIS_BR",,,"2214",,,"<nO>First Label: Galaxaura frutescens</nO>",,"1963","9","4",,,"<nO>First Label: Galaxaura frutescens</nO>","Brasil",,"São Paulo","Ilhabela","Ilhabela","Praia da Figueira",,,"-23.8833","-45.2825",,,,,"Y.Ugadim",,,"Galaxaura marginata",,,"Galaxauraceae","Galaxaura",,,,"-23.8833","-45.2825",,,,,"Galaxaura marginata","marginata",,,,,,,"Splink","OBIS_BR","code not found",,,"1963","Ugadim, Y.",,,,,"brazil","sao paulo","ilhabela","praia da figueira",,"locality","brazil_sao paulo_ilhabela","brazil_sao paulo_ilhabela",-23.85166951,-45.32677547,"county",1905446,"Galaxaura marginata",,"possibly_ok",,"Galaxaura marginata",,"species","not found",,,,"Galaxaura marginata","Galaxaura",,"brazil_sao paulo_ilhabela","Brazil","São Paulo","Ilhabela",,"ibge",TRUE,-23.8833,-45.2825,"coord_original","miliseconds","low","Galaxaura marginata","check_local.2municip.","ok_county",,FALSE,"no_cannot_check","no_match","OBIS_BR_2214",,"cc","cc",,,,"coord_original","Low","PARQUE ESTADUAL ILHABELA"
,,,,"IB USP","OBIS_BR",,,"1611",,,,,"1963","9","5",,,,"Brasil",,"São Paulo","Ilhabela","Ilhabela","Praia da Figueira",,,"-23.8833","-45.2825",,,,,"Y. Ugadim",,,"Dictyota dichotoma",,,"Dictyotaceae","Dictyota",,,,"-23.8833","-45.2825",,,,,"Dictyota dichotoma","dichotoma",,,,,,,"Splink","OBIS_BR","code not found",,,"1963","Ugadim, Y.",,,,,"brazil","sao paulo","ilhabela","praia da figueira",,"locality","brazil_sao paulo_ilhabela","brazil_sao paulo_ilhabela",-23.85166951,-45.32677547,"county",1905052,"Dictyota dichotoma",,"possibly_ok",,"Dictyota dichotoma",,"species","not found",,,,"Dictyota dichotoma","Dictyota","Burmanniaceae","brazil_sao paulo_ilhabela","Brazil","São Paulo","Ilhabela",,"ibge",TRUE,-23.8833,-45.2825,"coord_original","miliseconds","low","Dictyota dichotoma","check_local.2municip.","ok_county",,FALSE,"no_cannot_check","no_match","OBIS_BR_1611",,"cc","cc",,,,"coord_original","Low","PARQUE ESTADUAL ILHABELA"
,,,,"IB USP","OBIS_BR",,,"2495",,,"<nO>First Label: Jania adhaerens</nO>",,"1963","7","9",,,"<nO>First Label: Jania adhaerens</nO>","Brasil",,"São Paulo","Ilhabela","Ilhabela","Praia da Figueira",,,"-23.8833","-45.2825",,,,,"C.W.N. Moura",,,"Amphiroa anastomosans",,,"Corallinaceae","Amphiroa",,,,"-23.8833","-45.2825",,,,,"Amphiroa anastomosans","anastomosans",,,,,,,"Splink","OBIS_BR","code not found",,,"1963","Moura, C.W.N.",,,,,"brazil","sao paulo","ilhabela","praia da figueira",,"locality","brazil_sao paulo_ilhabela","brazil_sao paulo_ilhabela",-23.85166951,-45.32677547,"county",1904968,"Amphiroa anastomosans",,"possibly_ok",,"Amphiroa anastomosans",,"species","not found",,,,"Amphiroa anastomosans","Amphiroa","Violaceae","brazil_sao paulo_ilhabela","Brazil","São Paulo","Ilhabela",,"ibge",TRUE,-23.8833,-45.2825,"coord_original","miliseconds","low","Amphiroa anastomosans","check_local.2municip.","ok_county",,FALSE,"no_cannot_check","no_match","OBIS_BR_2495",,"cc","cc",,,,"coord_original","Low","PARQUE ESTADUAL ILHABELA"
,,"https://specieslink.net/col/31",,"IPA/SP","SP-ALGAE",,"PRESERVED_SPECIMEN","336797",,"M.T.Fujii",,,,,,,,,"Brasil","BR","São Paulo",,"Ubatuba","Praia Brava",,,"-23.840278","-45.29",,,,,"S.M.P.B.Guimarães",,,"Dasya corymbifera","Florideophyceae","Ceramiales","Dasyaceae","Dasya","species","J.Agardh","ACCEPTED",,,"Dasya corymbifera J.Agardh",,,,"Dasya corymbifera J.Agardh","Dasya corymbifera",,"WGS84",,,,,"GBIF","SP-ALGAE","code not found","Fujii, M.T.",,,"Guimaraes, S.M.P.B.",,,"Fujii",,"brazil","sao paulo","ubatuba","praia brava",,"locality","brazil_sao paulo_ubatuba","brazil_sao paulo_ubatuba",-23.37925694,-45.02408879,"county",1839558,"Dasya corymbifera","J.Agardh","name_w_authors",,"Dasya corymbifera","J.Agardh","species","not found",,,,"Dasya corymbifera J.Agardh","Dasya",,"brazil_sao paulo_ubatuba","Brazil","São Paulo","Ubatuba",,"ibge",TRUE,-23.840278,-45.29,"coord_original","miliseconds","low","Dasya corymbifera","check_local.2municip.","ok_state",,FALSE,"no_cannot_check","no_match","SP-ALGAE_336797",,"cc","cc",,,,"coord_original","Low","PARQUE ESTADUAL ILHABELA"
,,,,"iNaturalist","Observations","iNaturalist research-grade observations","HUMAN_OBSERVATION","240039089",,"andre-y-mauro",,"2024-09-04T13:06:16","2024","9","4","2024-09-04 13:06:16",,,"BR","BR","São Paulo",,,"Cambaquara, Ilhabela - SP, 11630-000, Brasil","Cambaquara, Ilhabela - SP, 11630-000, Brasil",,"-23.929548","-45.389046",,,,,"andre-y-mauro","2024-09-05 21:36:44",,"Pleroma mutabile (Vell.) Triana","Magnoliopsida","Myrtales","Melastomataceae","Pleroma","species",,"ACCEPTED",,,"Pleroma mutabile (Vell.) Triana",,,,"Pleroma mutabile","Pleroma mutabile","1113011","EPSG:4326",,,,,"GBIF","Observations","code not found","Andre-Y",,"2024","Andre-Y","2024",,"Andre-Y",,"brazil","sao paulo","cambaquara","cambaquara",,"locality","brazil_sao paulo_cambaquara","brazil_sao paulo",-22.2584562,-48.7420254,"state",688522,"Pleroma mutabile","(Vell.) Triana","name_w_authors","Melastomataceae","Pleroma mutabile","(Vell.) Triana","species","name accepted","bfo-603045",,,"Pleroma mutabile (Vell.) Triana","Pleroma","Melastomataceae","brazil_sao paulo","Brazil","São Paulo",,,"gadm",TRUE,-23.929548,-45.389046,"coord_original","miliseconds","low","Pleroma mutabile","check_local.2state","ok_state",,FALSE,"ok_dist","full_name_match","Observations_240039089",,"cc","cc",,,,"coord_original","Low","PARQUE ESTADUAL ILHABELA"
,,,,"iNaturalist","Observations","iNaturalist research-grade observations","HUMAN_OBSERVATION","244916602",,"gutomag",,"2024-09-29T12:11:17","2024","9","29","2024-09-29 12:11:17-03:00",,,"BR","BR","São Paulo",,,"Ilha de São Sebastião, Ilhabela, SP, BR","Ilha de São Sebastião, Ilhabela, SP, BR",,"-23.847712","-45.380393",,,,,"Malte W. Treftig","2024-10-01 10:20:31",,"Adiantum macrophyllum Sw.","Polypodiopsida","Polypodiales","Pteridaceae","Adiantum","species",,"ACCEPTED",,,"Adiantum macrophyllum Sw.",,,,"Adiantum macrophyllum","Adiantum macrophyllum","158021","EPSG:4326",,,,,"GBIF","Observations","code not found","Gutomag",,"2024","Treftig, M.W.","2024",,"Gutomag",,"brazil","sao paulo","ilha de sao sebastiao","ilha de sao sebastiao",,"locality","brazil_sao paulo_ilha sao sebastiao","brazil_sao paulo",-22.2584562,-48.7420254,"state",689921,"Adiantum macrophyllum","Sw.","name_w_authors","Pteridaceae","Adiantum macrophyllum","Sw.","species","name accepted","bfo-91833",,,"Adiantum macrophyllum Sw.","Adiantum","Pteridaceae","brazil_sao paulo","Brazil","São Paulo",,,"gadm",TRUE,-23.847712,-45.380393,"coord_original","miliseconds","low","Adiantum macrophyllum","check_local.2state","ok_state",,FALSE,"ok_dist","full_name_match","Observations_244916602",,"cc","cc",,,,"coord_original","Low","PARQUE ESTADUAL ILHABELA"
,,,,"iNaturalist","Observations","iNaturalist research-grade observations","HUMAN_OBSERVATION","163393138",,"ginkovarg",,"2023-05-23T12:38:19","2023","5","23","2023-05-23 12:38:19",,,"BR","BR","São Paulo",,,"Enxovas, Ilhabela - SP, 11630-000, Brasilien","Enxovas, Ilhabela - SP, 11630-000, Brasilien",,"-23.856154","-45.327055",,,,,"ginkovarg","2023-05-23 22:51:59",,"Tradescantia zebrina Bosse","Liliopsida","Commelinales","Commelinaceae","Tradescantia","species",,"ACCEPTED",,,"Tradescantia zebrina Bosse",,,,"Tradescantia zebrina","Tradescantia zebrina","169883","EPSG:4326",,,,,"GBIF","Observations","code not found","Ginkovarg",,"2023","Ginkovarg","2023",,"Ginkovarg",,"brazil","sao paulo","enxovas","enxovas",,"locality","brazil_sao paulo_enxovas","brazil_sao paulo",-22.2584562,-48.7420254,"state",649317,"Tradescantia zebrina","Heynh. ex Bosse","name_w_authors","Commelinaceae","Tradescantia zebrina","Heynh. ex Bosse","species","author misspelled","bfo-126861",,,"Tradescantia zebrina Heynh. ex Bosse","Tradescantia","Commelinaceae","brazil_sao paulo","Brazil","São Paulo",,,"gadm",TRUE,-23.856154,-45.327055,"coord_original","miliseconds","low","Tradescantia zebrina","check_local.2state","ok_state",,FALSE,"ok_dist","full_name_match","Observations_163393138",,"cc","cc",,,,"coord_original","Low","PARQUE ESTADUAL ILHABELA"
,,"https://specieslink.net/col/1",,"IPA/SP","SP",,"PRESERVED_SPECIMEN","541090","538","Miranda, MD",,"2022-12-10","2022","12","10",,,,"Brasil","BR","São Paulo",,"Ilhabela","estrada para Praia dos Castelhanos, próximo do Mirante",,,"-23.857778","-45.318889",,,,,"Miranda, MD","2023-10-24",,"Begonia erythrobracteata M.D.Miranda & E.L.Jacques","Magnoliopsida","Cucurbitales","Begoniaceae","Begonia","species","M.D.Miranda & E.L.Jacques","ACCEPTED",,,"Begonia erythrobracteata M.D.Miranda & E.L.Jacques",,,,"Begonia erythrobracteata","Begonia erythrobracteata",,"WGS84",,,,,"GBIF","SP","code partially found","Miranda, M.D.","538","2022","Miranda, M.D.","2023",,"Miranda",,"brazil","sao paulo","ilhabela","estrada para praia dos castelhanos",,"locality","brazil_sao paulo_ilhabela","brazil_sao paulo_ilhabela",-23.85166951,-45.32677547,"county",687805,"Begonia erythrobracteata","M.D. Miranda & E.L. Jacques","name_w_authors","Begoniaceae","Begonia erythrobracteata","M.D. Miranda & E.L. Jacques","species","name accepted","bfo-617391",,,"Begonia erythrobracteata M.D. Miranda & E.L. Jacques","Begonia","Begoniaceae","brazil_sao paulo_ilhabela","Brazil","São Paulo","Ilhabela",,"ibge",TRUE,-23.857778,-45.318889,"coord_original","seconds","low","Begonia erythrobracteata","check_local.2municip.","ok_county",,FALSE,"ok_dist","full_name_match","SP_541090","HUSC_15704|SP_541090","2","0.5","SP_541090","SP_541090","SP_541090","coord_original","Low","PARQUE ESTADUAL ILHABELA"
,,,,"iNaturalist","Observations","iNaturalist research-grade observations","HUMAN_OBSERVATION","108602151",,"Carlos Otávio Gussoni",,"2022-03-14T08:32:10","2022","3","14","2022-03-14 08:32:10",,,"BR","BR","São Paulo",,,"Itaguassu, Ilhabela - SP, Brasil","Itaguassu, Ilhabela - SP, Brasil",,"-23.802444","-45.355261",,,,,"Victor Farjalla Pontes","2022-03-14 22:53:10",,"Tillandsia mallemontii Glaz. ex Mez","Liliopsida","Poales","Bromeliaceae","Tillandsia","species",,"ACCEPTED",,,"Tillandsia mallemontii Glaz. ex Mez",,,,"Tillandsia mallemontii","Tillandsia mallemontii","957157","EPSG:4326",,,,,"GBIF","Observations","code not found","Gussoni, C.O.",,"2022","Pontes, V.F.","2022",,"Gussoni",,"brazil","sao paulo","itaguassu","itaguassu",,"locality","brazil_sao paulo_itaguassu","brazil_sao paulo",-22.2584562,-48.7420254,"state",592991,"Tillandsia mallemontii","Glaz. ex Mez","name_w_authors","Bromeliaceae","Tillandsia mallemontii","Glaz. ex Mez","species","name accepted","bfo-6389",,,"Tillandsia mallemontii Glaz. ex Mez","Tillandsia","Bromeliaceae","brazil_sao paulo","Brazil","São Paulo",,,"gadm",TRUE,-23.802444,-45.355261,"coord_original","miliseconds","low","Tillandsia mallemontii","check_local.2state","ok_state",,FALSE,"ok_dist","full_name_match","Observations_108602151",,"cc","cc",,,,"coord_original","Low","PARQUE ESTADUAL ILHABELA"
,,,,"iNaturalist","Observations","iNaturalist research-grade observations","HUMAN_OBSERVATION","137212360",,"eduardah",,"2022-08-09T10:39","2022","8","9","2022/08/09 10:39",,,"BR","BR","São Paulo",,,"São Paulo, BR","São Paulo, BR",,"-23.887485","-45.346161",,,,,"eduardah","2022-10-01 23:07:28",,"Musa velutina H.Wendl. & Drude","Liliopsida","Zingiberales","Musaceae","Musa","species",,"ACCEPTED",,,"Musa velutina H.Wendl. & Drude",,,,"Musa velutina","Musa velutina","327294","EPSG:4326",,,,,"GBIF","Observations","code not found","Eduardah",,"2022","Eduardah","2022",,"Eduardah",,"brazil","sao paulo","sao paulo","sao paulo",,"locality","brazil_sao paulo_sao paulo","brazil_sao paulo_sao paulo",-23.65041685,-46.64802516,"county",593100,"Musa velutina","H. Wendl. & Drude","name_w_authors","Musaceae","Musa velutina","H. Wendl. & Drude","species","name accepted","bfo-605093",,,"Musa velutina H. Wendl. & Drude","Musa","Musaceae","brazil_sao paulo_sao paulo","Brazil","São Paulo","São Paulo",,"ibge",TRUE,-23.887485,-45.346161,"coord_original","miliseconds","low","Musa velutina","check_local.2municip.","ok_state",,FALSE,"ok_dist","full_name_match","Observations_137212360",,"cc","cc",,,,"coord_original","Low","PARQUE ESTADUAL ILHABELA"
,,,,"iNaturalist","Observations","iNaturalist research-grade observations","HUMAN_OBSERVATION","103710511",,"Matheus de souza ferreira",,"2021-12-26T17:06:31","2021","12","26","2021-12-26 17:06:31",,,"BR","BR","São Paulo",,,"São Paulo, BR","São Paulo, BR",,"-23.871937","-45.399233",,,,,"e_tomazelli","2021-12-27 23:13:50",,"Dicksonia sellowiana (C.Presl) Hook.","Polypodiopsida","Cyatheales","Dicksoniaceae","Dicksonia","species",,"ACCEPTED",,,"Dicksonia sellowiana (C.Presl) Hook.",,,,"Dicksonia sellowiana","Dicksonia sellowiana","207501","EPSG:4326",,,,,"GBIF","Observations","code not found","Ferreira, M.S.",,"2021","E_tomazelli","2021",,"Ferreira",,"brazil","sao paulo","sao paulo","sao paulo",,"locality","brazil_sao paulo_sao paulo","brazil_sao paulo_sao paulo",-23.65041685,-46.64802516,"county",579438,"Dicksonia sellowiana","Hook.","name_w_authors","Dicksoniaceae","Dicksonia sellowiana","Hook.","species","author misspelled","bfo-90947",,,"Dicksonia sellowiana Hook.","Dicksonia","Dicksoniaceae","brazil_sao paulo_sao paulo","Brazil","São Paulo","São Paulo",,"ibge",TRUE,-23.871937,-45.399233,"coord_original","miliseconds","low","Dicksonia sellowiana","check_local.2municip.","ok_state",,FALSE,"ok_dist","full_name_match","Observations_103710511",,"cc","cc",,,,"coord_original","Low","PARQUE ESTADUAL ILHABELA"
,,"https://specieslink.net/col/31",,"IPA/SP","SP-ALGAE",,"PRESERVED_SPECIMEN","428429",,"A.L.N.Ribeiro, N.S.Yokoya & P.G.Araújo",,"2014-09-09","2014","9","9",,,,"Brasil","BR","São Paulo",,"Ubatuba","Praia da Fortaleza",,,"-23.833333","-45.283333",,,,,"A.L.N.Ribeiro & N.S.Yokoya",,,"Dichotomaria marginata","Florideophyceae","Nemaliales","Galaxauraceae","Dichotomaria","species","(J.Ellis & Sol.) Lam.","ACCEPTED",,,"Dichotomaria marginata (J.Ellis & Sol.) Lam.",,,,"Dichotomaria marginata (J.Ellis & Sol.) Lam.","Dichotomaria marginata",,"WGS84",,,,,"GBIF","SP-ALGAE","code not found","Ribeiro, A.L.N.",,"2014","Ribeiro, A.L.N.",,"Yokoya, N.S.; Araujo, P.G.","Ribeiro","Yokoya, N.S.","brazil","sao paulo","ubatuba","praia da fortaleza",,"locality","brazil_sao paulo_ubatuba","brazil_sao paulo_ubatuba",-23.37925694,-45.02408879,"county",1863877,"Dichotomaria marginata","(J.Ellis & Sol.) Lam.","name_w_authors",,"Dichotomaria marginata","(J.Ellis & Sol.) Lam.","species","not found",,,,"Dichotomaria marginata (J.Ellis & Sol.) Lam.","Dichotomaria",,"brazil_sao paulo_ubatuba","Brazil","São Paulo","Ubatuba",,"ibge",TRUE,-23.833333,-45.283333,"coord_original","minutes","low","Dichotomaria marginata","check_local.2municip.","ok_state",,FALSE,"no_cannot_check","no_match","SP-ALGAE_428429",,"cc","cc",,,,"coord_original","Low","PARQUE ESTADUAL ILHABELA"
,,"https://specieslink.net/col/2",,"UNICAMP","UEC",,"PRESERVED_SPECIMEN","206536","2013/77","Vizentin-Bugoni, J; Nunes, CEP",,"2013-08-15","2013","8","15",,,,"Brazil","BR","São Paulo",,"São Luiz do Paraitinga","Trilha do Corcovado, Núcleo Santa Virgínia, Parque Estadual da Serra do Mar.",,,"-23.733333","-45.316667",,,,,"Nunes, CEP","2020-01-08",,"Vriesea inflata (Wawra) Wawra","Liliopsida","Poales","Bromeliaceae","Vriesea","species","(Wawra) Wawra","ACCEPTED",,,"Vriesea inflata (Wawra) Wawra",,,,"Vriesea inflata","Vriesea inflata",,"WGS84","https://images.cria.org.br/viewer/UEC001202",,,,"GBIF","UEC",,"Vizentin-Bugoni, J.","2013/77","2013","Nunes, C.E.P.","2020","Nunes, C.E.P.","Vizentin-Bugoni",,"brazil","sao paulo","sao luis do paraitinga","parque estadual serra mar","trilha do corcovado","locality","brazil_sao paulo_sao luis paraitinga_parque estadual serra mar","brazil_sao paulo_sao luis paraitinga_parque estadual serra mar",-23.348831,-45.135055,"locality",435895,"Vriesea inflata","(Wawra) Wawra","name_w_authors","Bromeliaceae","Vriesea inflata","(Wawra) Wawra","species","name accepted","bfo-6484",,,"Vriesea inflata (Wawra) Wawra","Vriesea","Bromeliaceae","brazil_sao paulo_sao luis paraitinga","Brazil","São Paulo","São Luís do Paraitinga",,"ibge",TRUE,-23.733333,-45.316667,"coord_original","minutes","low","Vriesea inflata","ok_same_resolution","ok_state",,FALSE,"ok_dist","full_name_match","UEC_206536","UEC_206536[virtual]","1","0.25","UEC_206536","UEC_206536","UEC_206536","coord_original","Low","PARQUE ESTADUAL ILHABELA"
,,"https://specieslink.net/col/2",,"UNICAMP","UEC",,"PRESERVED_SPECIMEN","206920","2013/83","Nunes, CEP",,"2013-07-10","2013","7","10",,,,"Brazil","BR","São Paulo",,"São Luiz do Paraitinga","Trilha do Corcovado, Núcleo Santa Virgínia, Parque Estadual da Serra do Mar.",,,"-23.733333","-45.316667",,,,,"Nunes, CEP","2018-06-01",,"Tillandsia dura Baker","Liliopsida","Poales","Bromeliaceae","Tillandsia","species","Baker","ACCEPTED",,,"Tillandsia dura Baker",,,,"Tillandsia dura","Tillandsia dura",,"WGS84","https://images.cria.org.br/viewer/UEC005291",,,,"GBIF","UEC",,"Nunes, C.E.P.","2013/83","2013","Nunes, C.E.P.","2018",,"Nunes",,"brazil","sao paulo","sao luis do paraitinga","parque estadual serra mar","trilha do corcovado","locality","brazil_sao paulo_sao luis paraitinga_parque estadual serra mar","brazil_sao paulo_sao luis paraitinga_parque estadual serra mar",-23.348831,-45.135055,"locality",435958,"Tillandsia dura","Baker","name_w_authors","Bromeliaceae","Tillandsia dura","Baker","species","name accepted","bfo-6373",,,"Tillandsia dura Baker","Tillandsia","Bromeliaceae","brazil_sao paulo_sao luis paraitinga","Brazil","São Paulo","São Luís do Paraitinga",,"ibge",TRUE,-23.733333,-45.316667,"coord_original","minutes","low","Tillandsia dura","ok_same_resolution","ok_state",,FALSE,"ok_dist","full_name_match","UEC_206920","UEC_206920[virtual]","1","0.25","UEC_206920","UEC_206920","UEC_206920","coord_original","Low","PARQUE ESTADUAL ILHABELA"
,,"https://specieslink.net/col/2",,"UNICAMP","UEC",,"PRESERVED_SPECIMEN","206529","2013/11","Nunes, CEP",,"2013-04-30","2013","4","30",,,,"Brazil","BR","São Paulo",,"Natividade da Serra","Trilha do Corcovado, Núcleo Santa Virgínia, Parque Estadual da Serra do Mar.",,,"-23.733333","-45.316667",,,,,"Nunes, CEP","2018-06-01",,"Epidendrum addae Pabst","Liliopsida","Asparagales","Orchidaceae","Epidendrum","species","Pabst","ACCEPTED",,,"Epidendrum addae Pabst",,,,"Epidendrum addae","Epidendrum addae",,"WGS84","https://images.cria.org.br/viewer/UEC041252",,,,"GBIF","UEC",,"Nunes, C.E.P.","2013/11","2013","Nunes, C.E.P.","2018",,"Nunes",,"brazil","sao paulo","natividade da serra","parque estadual serra mar","trilha do corcovado","locality","brazil_sao paulo_natividade serra","brazil_sao paulo_natividade serra",-23.41481223,-45.38156277,"county",435937,"Epidendrum addae","Pabst","name_w_authors","Orchidaceae","Epidendrum addae","Pabst","species","name accepted","bfo-11519",,,"Epidendrum addae Pabst","Epidendrum","Orchidaceae","brazil_sao paulo_natividade serra","Brazil","São Paulo","Natividade da Serra",,"ibge",TRUE,-23.733333,-45.316667,"coord_original","minutes","low","Epidendrum addae","check_local.2municip.","ok_state",,,"ok_dist","full_name_match","UEC_206529",,"0","0",,,,"coord_original","Low","PARQUE ESTADUAL ILHABELA"
,,"https://specieslink.net/col/2",,"UNICAMP","UEC",,"PRESERVED_SPECIMEN","206764","2013/43","Nunes, CEP",,"2013-04-18","2013","4","18",,,,"Brazil","BR","São Paulo",,"Natividade da Serra","Trilha do Corcovado, Núcleo Santa Virgínia, Parque Estadual da Serra do Mar.",,,"-23.733333","-45.316667",,,,,"Nunes, CEP","2018-06-01",,"Bifrenaria leucorrhoda Rchb.f.","Liliopsida","Asparagales","Orchidaceae","Bifrenaria","species","Rchb.f.","ACCEPTED",,,"Bifrenaria leucorrhoda Rchb.f.",,,,"Bifrenaria leucorrhoda","Bifrenaria leucorrhoda",,"WGS84","https://images.cria.org.br/viewer/UEC098825",,,,"GBIF","UEC",,"Nunes, C.E.P.","2013/43","2013","Nunes, C.E.P.","2018",,"Nunes",,"brazil","sao paulo","natividade da serra","parque estadual serra mar","trilha do corcovado","locality","brazil_sao paulo_natividade serra","brazil_sao paulo_natividade serra",-23.41481223,-45.38156277,"county",435952,"Bifrenaria leucorrhoda","Rchb.f.","name_w_authors","Orchidaceae","Bifrenaria leucorrhoda","Rchb.f.","species","name accepted","bfo-37220",,,"Bifrenaria leucorrhoda Rchb.f.","Bifrenaria","Orchidaceae","brazil_sao paulo_natividade serra","Brazil","São Paulo","Natividade da Serra",,"ibge",TRUE,-23.733333,-45.316667,"coord_original","minutes","low","Bifrenaria leucorrhoda","check_local.2municip.","ok_state",,FALSE,"ok_dist","full_name_match","UEC_206764",,"cc","cc",,,,"coord_original","Low","PARQUE ESTADUAL ILHABELA"
,,"https://specieslink.net/col/2",,"UNICAMP","UEC",,"PRESERVED_SPECIMEN","206621","2013/26","Nunes, CEP",,"2013-04-18","2013","4","18",,,,"Brazil","BR","São Paulo",,"Natividade da Serra","Trilha do Corcovado, Núcleo Santa Virgínia, Parque Estadual da Serra do Mar.",,,"-23.733333","-45.316667",,,,,"Nunes, CEP","2013-04-18",,"Habenaria Willd.","Liliopsida","Asparagales","Orchidaceae","Habenaria","genus","Willd.","ACCEPTED",,,"Habenaria Willd.",,,,"Habenaria",,,"WGS84","https://images.cria.org.br/viewer/UEC001190",,,,"GBIF","UEC",,"Nunes, C.E.P.","2013/26","2013","Nunes, C.E.P.","2013",,"Nunes",,"brazil","sao paulo","natividade da serra","parque estadual serra mar","trilha do corcovado","locality","brazil_sao paulo_natividade serra","brazil_sao paulo_natividade serra",-23.41481223,-45.38156277,"county",1628964,"Habenaria","Willd.","name_w_authors","Orchidaceae","Habenaria","Willd.","genus","name accepted","bfo-11639",,,"Habenaria Willd.","Habenaria","Orchidaceae","brazil_sao paulo_natividade serra","Brazil","São Paulo","Natividade da Serra",,"ibge",TRUE,-23.733333,-45.316667,"coord_original","minutes","low",,"check_local.2municip.","ok_state",,FALSE,"no_cannot_check","full_name_match","UEC_206621",,"cc","cc",,,,"coord_original","Low","PARQUE ESTADUAL ILHABELA"
,,"https://specieslink.net/col/2",,"UNICAMP","UEC",,"PRESERVED_SPECIMEN","206624","2012/29","Nunes, CEP",,"2012-12-20","2012","12","20",,,,"Brazil","BR","São Paulo",,"Natividade da Serra","Trilha do Corcovado, Núcleo Santa Virgínia, Parque Estadual da Serra do Mar.",,,"-23.733333","-45.316667",,,,,"Proença, GS","2018-06-01",,"Stelis fraterna Lindl.","Liliopsida","Asparagales","Orchidaceae","Stelis","species","Lindl.","SYNONYM",,,"Stelis papaquerensis Rchb.f.",,,,"Stelis fraterna","Stelis papaquerensis",,"WGS84","https://images.cria.org.br/viewer/UEC001235",,,,"GBIF","UEC",,"Nunes, C.E.P.","2012/29","2012","Proenca, G.S.","2018",,"Nunes",,"brazil","sao paulo","natividade da serra","parque estadual serra mar","trilha do corcovado","locality","brazil_sao paulo_natividade serra","brazil_sao paulo_natividade serra",-23.41481223,-45.38156277,"county",435896,"Stelis papaquerensis","Rchb.f.","name_w_authors","Orchidaceae","Stelis papaquerensis","Rchb.f.","species","replaced synonym","bfo-12306","Stelis papaquerensis","Rchb.f.","Stelis papaquerensis Rchb.f.","Stelis","Orchidaceae","brazil_sao paulo_natividade serra","Brazil","São Paulo","Natividade da Serra",,"ibge",TRUE,-23.733333,-45.316667,"coord_original","minutes","low","Stelis papaquerensis","check_local.2municip.","ok_state",,FALSE,"ok_dist","full_name_match","UEC_206624",,"0","0",,,,"coord_original","Low","PARQUE ESTADUAL ILHABELA"
,,"https://specieslink.net/col/31",,"IPA/SP","SP-ALGAE",,"PRESERVED_SPECIMEN","468980",,"M.T. Fujii",,"2008-05-20","2008","5","20",,,,"Brasil","BR","São Paulo",,,"Ilha de Búzios",,,"-23.813056","-45.14",,,,,"C.H. Kano",,,"Acrosorium ciliolatum","Florideophyceae","Ceramiales","Delesseriaceae","Acrosorium","species","(Harv.) Kylin","ACCEPTED",,,"Acrosorium ciliolatum (Harv.) Kylin",,,,"Acrosorium ciliolatum (Harv.) Kylin","Acrosorium ciliolatum",,"WGS84",,,,,"GBIF","SP-ALGAE","code not found","Fujii, M.T.",,"2008","Kano, C.H.",,,"Fujii",,"brazil","sao paulo","ilha de buzios","ilha de buzios",,"locality","brazil_sao paulo_ilha buzios","brazil_sao paulo",-22.2584562,-48.7420254,"state",1873381,"Acrosorium ciliolatum","(Harv.) Kylin","name_w_authors",,"Acrosorium ciliolatum","(Harv.) Kylin","species","not found",,,,"Acrosorium ciliolatum (Harv.) Kylin","Acrosorium","Pteridaceae","brazil_sao paulo","Brazil","São Paulo",,,"gadm",TRUE,-23.813056,-45.14,"coord_original","seconds","low","Acrosorium ciliolatum","check_local.2state","ok_state",,FALSE,"no_cannot_check","no_match","SP-ALGAE_468980",,"cc","cc",,,,"coord_original","Low","PARQUE ESTADUAL ILHABELA"
,,"https://specieslink.net/col/31",,"IPA/SP","SP-ALGAE",,"PRESERVED_SPECIMEN","371928",,"N.S.Yokoya",,"2002-08-24","2002","8","24",,,,"Brasil","BR","São Paulo",,"São Sebastião","Praia da Baleia",,,"-23.910833","-45.411111",,,,,"Coto,A.C.S.P.",,,"Pringsheimiella scutata (Reinke) Höhn. ex Marchew.","Ulvophyceae","Ulvales","Ulvellaceae","Ulvella","species","(Reinke) Marchewianka","SYNONYM",,,"Ulvella scutata (Reinke) R.Nielsen et al.",,,,"Pringsheimiella scutata (Reinke) Höhn. ex Marchew.","Ulvella scutata",,"WGS84",,,,,"GBIF","SP-ALGAE","code not found","Yokoya, N.S.",,"2002","Coto, A.C.S.P.",,,"Yokoya",,"brazil","sao paulo","sao sebastiao","praia da baleia",,"locality","brazil_sao paulo_sao sebastiao","brazil_sao paulo_sao sebastiao",-23.75242089,-45.60629823,"county",1840568,"Pringsheimiella scutata","(Reinke) Höhn. ex Marchew.","name_w_authors",,"Pringsheimiella scutata","(Reinke) Höhn. ex Marchew.","species","not found",,,,"Pringsheimiella scutata (Reinke) Höhn. ex Marchew.","Pringsheimiella",,"brazil_sao paulo_sao sebastiao","Brazil","São Paulo","São Sebastião",,"gadm",TRUE,-23.910833,-45.411111,"coord_original","seconds","low","Pringsheimiella scutata","check_local.2municip.","ok_state",,,"no_cannot_check","no_match","SP-ALGAE_371928",,"cc","cc",,,,"coord_original","Low","PARQUE ESTADUAL ILHABELA"
,,"https://specieslink.net/col/31",,"IPA/SP","SP-ALGAE",,"PRESERVED_SPECIMEN","336561",,"M.T.Fujii, D.P.Santos, D.S.Bacci, M.B.Barreto",,"2001-03-12","2001","3","12",,,,"Brasil","BR","São Paulo",,"Ubatuba","Praia Brava",,,"-23.840278","-45.29",,,,,"Denise Soares Bacci",,,"Wrangelia argus","Florideophyceae","Ceramiales","Wrangeliaceae","Wrangelia","species","(Mont.) Mont.","ACCEPTED",,,"Wrangelia argus (Mont.) Mont.",,,,"Wrangelia argus (Mont.) Mont.","Wrangelia argus",,"WGS84",,,,,"GBIF","SP-ALGAE","code not found","Fujii, M.T.",,"2001","Bacci, D.S.",,"Santos, D.P.; Bacci, D.S.; Barreto, M.B.","Fujii",,"brazil","sao paulo","ubatuba","praia brava",,"locality","brazil_sao paulo_ubatuba","brazil_sao paulo_ubatuba",-23.37925694,-45.02408879,"county",1839415,"Wrangelia argus","(Mont.) Mont.","name_w_authors",,"Wrangelia argus","(Mont.) Mont.","species","not found",,,,"Wrangelia argus (Mont.) Mont.","Wrangelia",,"brazil_sao paulo_ubatuba","Brazil","São Paulo","Ubatuba",,"ibge",TRUE,-23.840278,-45.29,"coord_original","miliseconds","low","Wrangelia argus","check_local.2municip.","ok_state",,FALSE,"no_cannot_check","no_match","SP-ALGAE_336561",,"cc","cc",,,,"coord_original","Low","PARQUE ESTADUAL ILHABELA"
,,"https://specieslink.net/col/31",,"IPA/SP","SP-ALGAE",,"PRESERVED_SPECIMEN","336828",,"D.P.Santos, M.T.Fujii, D.Bacci, M.B.Barreto, G.A.F",,"2001-03-13","2001","3","13",,,,"Brasil","BR","São Paulo",,"Ubatuba","Praia Brava",,,"-23.840278","-45.29",,,,,"S.M.P.B.Guimarães",,,"Tricleocarpa cylindrica (J.Ellis & Sol.) Huisman & Borow.","Florideophyceae","Nemaliales","Galaxauraceae","Tricleocarpa","species","(J.Ellis & Solander) Huisman & Borowitzka","ACCEPTED",,,"Tricleocarpa cylindrica (J.Ellis & Sol.) Huisman & Borow.",,,,"Tricleocarpa cylindrica (J.Ellis & Sol.) Huisman & Borow.","Tricleocarpa cylindrica",,"WGS84",,,,,"GBIF","SP-ALGAE","code not found","Santos, D.P.",,"2001","Guimaraes, S.M.P.B.",,"Fujii, M.T.; Bacci, D.; Barreto, M.B.; G.a.f","Santos",,"brazil","sao paulo","ubatuba","praia brava",,"locality","brazil_sao paulo_ubatuba","brazil_sao paulo_ubatuba",-23.37925694,-45.02408879,"county",1839570,"Tricleocarpa cylindrica","(J.Ellis & Sol.) Huisman & Borow.","name_w_authors",,"Tricleocarpa cylindrica","(J.Ellis & Sol.) Huisman & Borow.","species","not found",,,,"Tricleocarpa cylindrica (J.Ellis & Sol.) Huisman & Borow.","Tricleocarpa",,"brazil_sao paulo_ubatuba","Brazil","São Paulo","Ubatuba",,"ibge",TRUE,-23.840278,-45.29,"coord_original","miliseconds","low","Tricleocarpa cylindrica","check_local.2municip.","ok_state",,FALSE,"no_cannot_check","no_match","SP-ALGAE_336828",,"cc","cc",,,,"coord_original","Low","PARQUE ESTADUAL ILHABELA"
,,"https://specieslink.net/col/31",,"IPA/SP","SP-ALGAE",,"PRESERVED_SPECIMEN","336710",,"D.S.Bacci, N.S.Yokoya, S.M.P.B.Guimarães & J.Dom.",,"2001-05-04","2001","5","4",,,,"Brasil","BR","São Paulo",,"Ubatuba","Praia Brava",,,"-23.840278","-45.29",,,,,"Denise Soares Bacci",,,"Pyropia acanthophora","Bangiophyceae","Bangiales","Bangiaceae","Pyropia","species","(E.C.Oliveira & Coll) M.C.Oliveira et al.","ACCEPTED",,,"Pyropia acanthophora (E.C.Oliveira & Coll) M.C.Oliveira et al.",,,,"Pyropia acanthophora (E.C.Oliveira & Coll) M.C.Oliveira et al.","Pyropia acanthophora",,"WGS84",,,,,"GBIF","SP-ALGAE","code not found","Bacci, D.S.",,"2001","Bacci, D.S.",,"Yokoya, N.S.; Guimaraes, S.M.P.B.; Dom., J.","Bacci",,"brazil","sao paulo","ubatuba","praia brava",,"locality","brazil_sao paulo_ubatuba","brazil_sao paulo_ubatuba",-23.37925694,-45.02408879,"county",1839504,"Pyropia acanthophora","(E.C.Oliveira & Coll) M.C.Oliveira et al.","name_w_authors",,"Pyropia acanthophora","(E.C.Oliveira & Coll) M.C.Oliveira et al.","species","not found",,,,"Pyropia acanthophora (E.C.Oliveira & Coll) M.C.Oliveira et al.","Pyropia",,"brazil_sao paulo_ubatuba","Brazil","São Paulo","Ubatuba",,"ibge",TRUE,-23.840278,-45.29,"coord_original","miliseconds","low","Pyropia acanthophora","check_local.2municip.","ok_state",,FALSE,"no_cannot_check","no_match","SP-ALGAE_336710",,"cc","cc",,,,"coord_original","Low","PARQUE ESTADUAL ILHABELA"
,,"https://specieslink.net/col/31",,"IPA/SP","SP-ALGAE",,"PRESERVED_SPECIMEN","336023",,"M.T. Fujii",,"2001-05-25","2001","5","25",,,,"Brasil","BR","São Paulo",,"Ubatuba","Praia Brava",,,"-23.840278","-45.29",,,,,"M.T. Fujii",,,"Pterosiphonia pennata","Florideophyceae","Ceramiales","Rhodomelaceae","Pterosiphonia","species","(C.Agardh) Sauv.","ACCEPTED",,,"Pterosiphonia pennata (C.Agardh) Sauv.",,,,"Pterosiphonia pennata (C.Agardh) Sauv.","Pterosiphonia pennata",,"WGS84",,,,,"GBIF","SP-ALGAE","code not found","Fujii, M.T.",,"2001","Fujii, M.T.",,,"Fujii",,"brazil","sao paulo","ubatuba","praia brava",,"locality","brazil_sao paulo_ubatuba","brazil_sao paulo_ubatuba",-23.37925694,-45.02408879,"county",1839374,"Pterosiphonia pennata","(C.Agardh) Sauv.","name_w_authors",,"Pterosiphonia pennata","(C.Agardh) Sauv.","species","not found",,,,"Pterosiphonia pennata (C.Agardh) Sauv.","Pterosiphonia",,"brazil_sao paulo_ubatuba","Brazil","São Paulo","Ubatuba",,"ibge",TRUE,-23.840278,-45.29,"coord_original","miliseconds","low","Pterosiphonia pennata","check_local.2municip.","ok_state",,FALSE,"no_cannot_check","no_match","SP-ALGAE_336023",,"cc","cc",,,,"coord_original","Low","PARQUE ESTADUAL ILHABELA"
,,"https://specieslink.net/col/31",,"IPA/SP","SP-ALGAE",,"PRESERVED_SPECIMEN","336686",,"D.S.Bacci, N.S.Yokoya, S.M.P.B.Guimarães & J.Dom.",,"2001-05-24","2001","5","24",,,,"Brasil","BR","São Paulo",,"Ubatuba","Praia Brava",,,"-23.840278","-45.29",,,,,"Denise Soares Bacci",,,"Pterocladiella capillacea","Florideophyceae","Gelidiales","Pterocladiaceae","Pterocladiella","species","(S.G.Gmel.) Santel. & Hommers.","ACCEPTED",,,"Pterocladiella capillacea (S.G.Gmel.) Santel. & Hommers.",,,,"Pterocladiella capillacea (S.G.Gmel.) Santel. & Hommers.","Pterocladiella capillacea",,"WGS84",,,,,"GBIF","SP-ALGAE","code not found","Bacci, D.S.",,"2001","Bacci, D.S.",,"Yokoya, N.S.; Guimaraes, S.M.P.B.; Dom., J.","Bacci",,"brazil","sao paulo","ubatuba","praia brava",,"locality","brazil_sao paulo_ubatuba","brazil_sao paulo_ubatuba",-23.37925694,-45.02408879,"county",1839518,"Pterocladiella capillacea","(S.G.Gmel.) Santel. & Hommers.","name_w_authors",,"Pterocladiella capillacea","(S.G.Gmel.) Santel. & Hommers.","species","not found",,,,"Pterocladiella capillacea (S.G.Gmel.) Santel. & Hommers.","Pterocladiella",,"brazil_sao paulo_ubatuba","Brazil","São Paulo","Ubatuba",,"ibge",TRUE,-23.840278,-45.29,"coord_original","miliseconds","low","Pterocladiella capillacea","check_local.2municip.","ok_state",,FALSE,"no_cannot_check","no_match","SP-ALGAE_336686",,"cc","cc",,,,"coord_original","Low","PARQUE ESTADUAL ILHABELA"
,,"https://specieslink.net/col/31",,"IPA/SP","SP-ALGAE",,"PRESERVED_SPECIMEN","336624",,"D.S.Bacci, N.S.Yokoya, S.M.P.B.Guimarães e J.Dom.",,"2001-05-24","2001","5","24",,,,"Brasil","BR","São Paulo",,"Ubatuba","Praia Brava",,,"-23.840278","-45.29",,,,,"Denise Soares Bacci",,,"Pterocladiella bartlettii","Florideophyceae","Gelidiales","Pterocladiaceae","Pterocladiella","species","(W.R.Taylor) Santel.","ACCEPTED",,,"Pterocladiella bartlettii (W.R.Taylor) Santel.",,,,"Pterocladiella bartlettii (W.R.Taylor) Santel.","Pterocladiella bartlettii",,"WGS84",,,,,"GBIF","SP-ALGAE","code not found","Bacci, D.S.",,"2001","Bacci, D.S.",,"Yokoya, N.S.; Guimaraes, S.M.P.B.; Dom., J.","Bacci",,"brazil","sao paulo","ubatuba","praia brava",,"locality","brazil_sao paulo_ubatuba","brazil_sao paulo_ubatuba",-23.37925694,-45.02408879,"county",1839488,"Pterocladiella bartlettii","(W.R.Taylor) Santel.","name_w_authors",,"Pterocladiella bartlettii","(W.R.Taylor) Santel.","species","not found",,,,"Pterocladiella bartlettii (W.R.Taylor) Santel.","Pterocladiella",,"brazil_sao paulo_ubatuba","Brazil","São Paulo","Ubatuba",,"ibge",TRUE,-23.840278,-45.29,"coord_original","miliseconds","low","Pterocladiella bartlettii","check_local.2municip.","ok_state",,FALSE,"no_cannot_check","no_match","SP-ALGAE_336624",,"cc","cc",,,,"coord_original","Low","PARQUE ESTADUAL ILHABELA"
,,"https://specieslink.net/col/31",,"IPA/SP","SP-ALGAE",,"PRESERVED_SPECIMEN","113298",,"D.S.Bacci, N.S.Yokoya, S.M.P.B.Guimarães & J.Dom.",,"2001-05-24","2001","5","24",,,,"Brasil","BR","São Paulo",,"Ubatuba","Praia Brava",,,"-23.840278","-45.29",,,,,"Denise Soares Bacci",,,"Gymnogongrus griffithsiae","Florideophyceae","Gigartinales","Phyllophoraceae","Gymnogongrus","species","(Turner) Mart.","ACCEPTED",,,"Gymnogongrus griffithsiae (Turner) Mart.",,,,"Gymnogongrus griffithsiae (Turner) Mart.","Gymnogongrus griffithsiae",,"WGS84",,,,,"GBIF","SP-ALGAE","code not found","Bacci, D.S.",,"2001","Bacci, D.S.",,"Yokoya, N.S.; Guimaraes, S.M.P.B.; Dom., J.","Bacci",,"brazil","sao paulo","ubatuba","praia brava",,"locality","brazil_sao paulo_ubatuba","brazil_sao paulo_ubatuba",-23.37925694,-45.02408879,"county",1837907,"Gymnogongrus griffithsiae","(Turner) Mart.","name_w_authors",,"Gymnogongrus griffithsiae","(Turner) Mart.","species","not found",,,,"Gymnogongrus griffithsiae (Turner) Mart.","Gymnogongrus",,"brazil_sao paulo_ubatuba","Brazil","São Paulo","Ubatuba",,"ibge",TRUE,-23.840278,-45.29,"coord_original","miliseconds","low","Gymnogongrus griffithsiae","check_local.2municip.","ok_state",,FALSE,"no_cannot_check","no_match","SP-ALGAE_113298",,"cc","cc",,,,"coord_original","Low","PARQUE ESTADUAL ILHABELA"
,,"https://specieslink.net/col/31",,"IPA/SP","SP-ALGAE",,"PRESERVED_SPECIMEN","336609",,"D.S.Bacci, N.S.Yokoya, S.M.P.B.Guimarães & J.Dom.",,"2001-05-25","2001","5","25",,,,"Brasil","BR","São Paulo",,"Ubatuba","Praia Brava",,,"-23.840278","-45.29",,,,,"Denise Soares Bacci",,,"Grateloupia filicina","Florideophyceae","Halymeniales","Halymeniaceae","Grateloupia","species","(J.V.Lamour.) C.Agardh","ACCEPTED",,,"Grateloupia filicina (J.V.Lamour.) C.Agardh",,,,"Grateloupia filicina (J.V.Lamour.) C.Agardh","Grateloupia filicina",,"WGS84",,,,,"GBIF","SP-ALGAE","code not found","Bacci, D.S.",,"2001","Bacci, D.S.",,"Yokoya, N.S.; Guimaraes, S.M.P.B.; Dom., J.","Bacci",,"brazil","sao paulo","ubatuba","praia brava",,"locality","brazil_sao paulo_ubatuba","brazil_sao paulo_ubatuba",-23.37925694,-45.02408879,"county",1839454,"Grateloupia filicina","(J.V.Lamour.) C.Agardh","name_w_authors",,"Grateloupia filicina","(J.V.Lamour.) C.Agardh","species","not found",,,,"Grateloupia filicina (J.V.Lamour.) C.Agardh","Grateloupia",,"brazil_sao paulo_ubatuba","Brazil","São Paulo","Ubatuba",,"ibge",TRUE,-23.840278,-45.29,"coord_original","miliseconds","low","Grateloupia filicina","check_local.2municip.","ok_state",,FALSE,"no_cannot_check","no_match","SP-ALGAE_336609",,"cc","cc",,,,"coord_original","Low","PARQUE ESTADUAL ILHABELA"
,,"https://specieslink.net/col/31",,"IPA/SP","SP-ALGAE",,"PRESERVED_SPECIMEN","336566",,"D.S.Bacci, N.S.Yokoya, S.M.P.B.Guimarães & J.Dom.",,"2001-05-25","2001","5","25",,,,"Brasil","BR","São Paulo",,"Ubatuba","Praia Brava",,,"-23.840278","-45.29",,,,,"Denise Soares Bacci",,,"Grateloupia dichotoma","Florideophyceae","Halymeniales","Halymeniaceae","Grateloupia","species","J.Agardh","ACCEPTED",,,"Grateloupia dichotoma J.Agardh",,,,"Grateloupia dichotoma J.Agardh","Grateloupia dichotoma",,"WGS84",,,,,"GBIF","SP-ALGAE","code not found","Bacci, D.S.",,"2001","Bacci, D.S.",,"Yokoya, N.S.; Guimaraes, S.M.P.B.; Dom., J.","Bacci",,"brazil","sao paulo","ubatuba","praia brava",,"locality","brazil_sao paulo_ubatuba","brazil_sao paulo_ubatuba",-23.37925694,-45.02408879,"county",1839432,"Grateloupia dichotoma","J.Agardh","name_w_authors",,"Grateloupia dichotoma","J.Agardh","species","not found",,,,"Grateloupia dichotoma J.Agardh","Grateloupia",,"brazil_sao paulo_ubatuba","Brazil","São Paulo","Ubatuba",,"ibge",TRUE,-23.840278,-45.29,"coord_original","miliseconds","low","Grateloupia dichotoma","check_local.2municip.","ok_state",,FALSE,"no_cannot_check","no_match","SP-ALGAE_336566",,"cc","cc",,,,"coord_original","Low","PARQUE ESTADUAL ILHABELA"
,,"https://specieslink.net/col/31",,"IPA/SP","SP-ALGAE",,"PRESERVED_SPECIMEN","116355",,"D.Bacci, S.M.P.B.Guimarães, N.S.Yokoya & J.Dom.",,"2001-05-25","2001","5","25",,,,"Brasil","BR","São Paulo",,"Ubatuba","Praia Brava",,,"-23.840278","-45.29",,,,,"S.M.P.B.Guimarães",,,"Chondria atropurpurea","Florideophyceae","Ceramiales","Rhodomelaceae","Chondria","species","Harv.","ACCEPTED",,,"Chondria atropurpurea Harv.",,,,"Chondria atropurpurea Harv.","Chondria atropurpurea",,"WGS84",,,,,"GBIF","SP-ALGAE","code not found","Bacci, D.",,"2001","Guimaraes, S.M.P.B.",,"Guimaraes, S.M.P.B.; Yokoya, N.S.; Dom., J.","Bacci",,"brazil","sao paulo","ubatuba","praia brava",,"locality","brazil_sao paulo_ubatuba","brazil_sao paulo_ubatuba",-23.37925694,-45.02408879,"county",1838105,"Chondria atropurpurea","Harv.","name_w_authors",,"Chondria atropurpurea","Harv.","species","not found",,,,"Chondria atropurpurea Harv.","Chondria",,"brazil_sao paulo_ubatuba","Brazil","São Paulo","Ubatuba",,"ibge",TRUE,-23.840278,-45.29,"coord_original","miliseconds","low","Chondria atropurpurea","check_local.2municip.","ok_state",,FALSE,"no_cannot_check","no_match","SP-ALGAE_116355",,"cc","cc",,,,"coord_original","Low","PARQUE ESTADUAL ILHABELA"
,,"https://specieslink.net/col/31",,"IPA/SP","SP-ALGAE",,"PRESERVED_SPECIMEN","336545",,"D.S.Bacci, N.S.Yokoya, S.M.P.B.Guimarães & J.Dom.",,"2001-05-25","2001","5","25",,,,"Brasil","BR","São Paulo",,"Ubatuba","Praia Brava",,,"-23.840278","-45.29",,,,,"Denise Soares Bacci",,,"Chondracanthus acicularis (Roth) Fredericq","Florideophyceae","Gigartinales","Gigartinaceae","Chondracanthus","species","(Roth) Fredericq","ACCEPTED",,,"Chondracanthus acicularis (Roth) Fredericq",,,,"Chondracanthus acicularis (Roth) Fredericq","Chondracanthus acicularis",,"WGS84",,,,,"GBIF","SP-ALGAE","code not found","Bacci, D.S.",,"2001","Bacci, D.S.",,"Yokoya, N.S.; Guimaraes, S.M.P.B.; Dom., J.","Bacci",,"brazil","sao paulo","ubatuba","praia brava",,"locality","brazil_sao paulo_ubatuba","brazil_sao paulo_ubatuba",-23.37925694,-45.02408879,"county",1839433,"Chondracanthus acicularis","(Roth) Fredericq","name_w_authors",,"Chondracanthus acicularis","(Roth) Fredericq","species","not found",,,,"Chondracanthus acicularis (Roth) Fredericq","Chondracanthus",,"brazil_sao paulo_ubatuba","Brazil","São Paulo","Ubatuba",,"ibge",TRUE,-23.840278,-45.29,"coord_original","miliseconds","low","Chondracanthus acicularis","check_local.2municip.","ok_state",,FALSE,"no_cannot_check","no_match","SP-ALGAE_336545",,"cc","cc",,,,"coord_original","Low","PARQUE ESTADUAL ILHABELA"
,,"https://specieslink.net/col/31",,"IPA/SP","SP-ALGAE",,"PRESERVED_SPECIMEN","336741",,"D.Bacci, N.S.Yokoya, S.M.P.B.Guimarães & J.Dom.",,"2001-05-24","2001","5","24",,,,"Brasil","BR","São Paulo",,"Ubatuba","Praia Brava",,,"-23.840278","-45.29",,,,,"Denise Soares Bacci",,,"Bryothamnion seaforthii","Florideophyceae","Ceramiales","Rhodomelaceae","Alsidium","species","(Turner) Kütz.","SYNONYM",,,"Alsidium seaforthii (Turner) J.Agardh",,,,"Bryothamnion seaforthii (Turner) Kütz.","Alsidium seaforthii",,"WGS84",,,,,"GBIF","SP-ALGAE","code not found","Bacci, D.",,"2001","Bacci, D.S.",,"Yokoya, N.S.; Guimaraes, S.M.P.B.; Dom., J.","Bacci",,"brazil","sao paulo","ubatuba","praia brava",,"locality","brazil_sao paulo_ubatuba","brazil_sao paulo_ubatuba",-23.37925694,-45.02408879,"county",1839536,"Bryothamnion seaforthii","(Turner) Kütz.","name_w_authors",,"Bryothamnion seaforthii","(Turner) Kütz.","species","not found",,,,"Bryothamnion seaforthii (Turner) Kütz.","Bryothamnion",,"brazil_sao paulo_ubatuba","Brazil","São Paulo","Ubatuba",,"ibge",TRUE,-23.840278,-45.29,"coord_original","miliseconds","low","Bryothamnion seaforthii","check_local.2municip.","ok_state",,FALSE,"no_cannot_check","no_match","SP-ALGAE_336741",,"cc","cc",,,,"coord_original","Low","PARQUE ESTADUAL ILHABELA"
,,"https://specieslink.net/col/31",,"IPA/SP","SP-ALGAE",,"PRESERVED_SPECIMEN","336734",,"D.Bacci, S.M.P.B.Guimarães, N.S.Yokoya & J. Dom.",,"2001-05-25","2001","5","25",,,,"Brasil","BR","São Paulo",,"Ubatuba","Praia Brava",,,"-23.840278","-45.29",,,,,"Denise Soares Bacci",,,"Bryocladia cuspidata","Florideophyceae","Ceramiales","Rhodomelaceae","Bryocladia","species","(J.Agardh) De Toni","ACCEPTED",,,"Bryocladia cuspidata (J.Agardh) De Toni",,,,"Bryocladia cuspidata (J.Agardh) De Toni","Bryocladia cuspidata",,"WGS84",,,,,"GBIF","SP-ALGAE","code not found","Bacci, D.",,"2001","Bacci, D.S.",,"Guimaraes, S.M.P.B.; Yokoya, N.S.; Dom., J.","Bacci",,"brazil","sao paulo","ubatuba","praia brava",,"locality","brazil_sao paulo_ubatuba","brazil_sao paulo_ubatuba",-23.37925694,-45.02408879,"county",1839534,"Bryocladia cuspidata","(J.Agardh) De Toni","name_w_authors",,"Bryocladia cuspidata","(J.Agardh) De Toni","species","not found",,,,"Bryocladia cuspidata (J.Agardh) De Toni","Bryocladia",,"brazil_sao paulo_ubatuba","Brazil","São Paulo","Ubatuba",,"ibge",TRUE,-23.840278,-45.29,"coord_original","miliseconds","low","Bryocladia cuspidata","check_local.2municip.","ok_state",,FALSE,"no_cannot_check","no_match","SP-ALGAE_336734",,"cc","cc",,,,"coord_original","Low","PARQUE ESTADUAL ILHABELA"
,,"https://specieslink.net/col/31",,"IPA/SP","SP-ALGAE",,"PRESERVED_SPECIMEN","336662",,"D.S.Bacci, N.S.Yokoya, S.M.P.B.Guimarães & J.Dom.",,"2001-05-25","2001","5","25",,,,"Brasil","BR","São Paulo",,"Ubatuba","Praia Brava",,,"-23.840278","-45.29",,,,,"Denise Soares Bacci",,,"Agardhiella subulata (C.Agardh) Kraft & M.J.Wynne","Florideophyceae","Gigartinales","Solieriaceae","Agardhiella","species","(C.Agardh) Kraft & M.J.Wynne","ACCEPTED",,,"Agardhiella subulata (C.Agardh) Kraft & M.J.Wynne",,,,"Agardhiella subulata (C.Agardh) Kraft & M.J.Wynne","Agardhiella subulata",,"WGS84",,,,,"GBIF","SP-ALGAE","code not found","Bacci, D.S.",,"2001","Bacci, D.S.",,"Yokoya, N.S.; Guimaraes, S.M.P.B.; Dom., J.","Bacci",,"brazil","sao paulo","ubatuba","praia brava",,"locality","brazil_sao paulo_ubatuba","brazil_sao paulo_ubatuba",-23.37925694,-45.02408879,"county",1839500,"Agardhiella subulata","(C.Agardh) Kraft & M.J.Wynne","name_w_authors",,"Agardhiella subulata","(C.Agardh) Kraft & M.J.Wynne","species","not found",,,,"Agardhiella subulata (C.Agardh) Kraft & M.J.Wynne","Agardhiella",,"brazil_sao paulo_ubatuba","Brazil","São Paulo","Ubatuba",,"ibge",TRUE,-23.840278,-45.29,"coord_original","miliseconds","low","Agardhiella subulata","check_local.2municip.","ok_state",,FALSE,"no_cannot_check","no_match","SP-ALGAE_336662",,"cc","cc",,,,"coord_original","Low","PARQUE ESTADUAL ILHABELA"
,,"https://specieslink.net/col/31",,"IPA/SP","SP-ALGAE",,"PRESERVED_SPECIMEN","294704",,"D.P.Santos, M.T.Fujii, D.Bacci, M.B.Barreto, G.A.F",,"2001-03-13","2001","3","13",,,,"Brasil","BR","São Paulo",,"Ubatuba","Praia Brava",,,"-23.840278","-45.29",,,,,"S.M.P.B. Guimarães",,,"Acanthophora spicifera","Florideophyceae","Ceramiales","Rhodomelaceae","Acanthophora","species","(M.Vahl) Børgesen","ACCEPTED",,,"Acanthophora spicifera (M.Vahl) Børgesen",,,,"Acanthophora spicifera (M.Vahl) Børgesen","Acanthophora spicifera",,"WGS84",,,,,"GBIF","SP-ALGAE","code not found","Santos, D.P.",,"2001","Guimaraes, S.M.P.B.",,"Fujii, M.T.; Bacci, D.; Barreto, M.B.; G.a.f","Santos",,"brazil","sao paulo","ubatuba","praia brava",,"locality","brazil_sao paulo_ubatuba","brazil_sao paulo_ubatuba",-23.37925694,-45.02408879,"county",1839106,"Acanthophora spicifera","(M.Vahl) Børgesen","name_w_authors",,"Acanthophora spicifera","(M.Vahl) Børgesen","species","not found",,,,"Acanthophora spicifera (M.Vahl) Børgesen","Acanthophora","Araliaceae","brazil_sao paulo_ubatuba","Brazil","São Paulo","Ubatuba",,"ibge",TRUE,-23.840278,-45.29,"coord_original","miliseconds","low","Acanthophora spicifera","check_local.2municip.","ok_state",,FALSE,"no_cannot_check","no_match","SP-ALGAE_294704",,"cc","cc",,,,"coord_original","Low","PARQUE ESTADUAL ILHABELA"
,,"https://specieslink.net/col/31",,"IPA/SP","SP-ALGAE",,"PRESERVED_SPECIMEN","336643",,"D.S.Bacci, S.M.P.B.Guimarães, N.S.Yokoya & J.Dom.",,"2001-05-24","2001","5","24",,,,"Brasil","BR","São Paulo",,"Ubatuba","Praia Brava",,,"-23.840278","-45.29",,,,,"Denise Soares Bacci",,,"Gelidium","Florideophyceae","Gelidiales","Gelidiaceae","Gelidium","genus","J.V.F.Lamouroux, 1813","ACCEPTED",,,"Gelidium J.V.F.Lamouroux, 1813",,,,"Gelidium J.V.F.Lamouroux, 1813",,,"WGS84",,,,,"GBIF","SP-ALGAE","code not found","Bacci, D.S.",,"2001","Bacci, D.S.",,"Guimaraes, S.M.P.B.; Yokoya, N.S.; Dom., J.","Bacci",,"brazil","sao paulo","ubatuba","praia brava",,"locality","brazil_sao paulo_ubatuba","brazil_sao paulo_ubatuba",-23.37925694,-45.02408879,"county",1839476,"Gelidium","J.V.F.Lamouroux, 1813","name_w_authors",,"Gelidium","J.V.F.Lamouroux, 1813","genus","not found",,,,"Gelidium J.V.F.Lamouroux, 1813","Gelidium",,"brazil_sao paulo_ubatuba","Brazil","São Paulo","Ubatuba",,"ibge",TRUE,-23.840278,-45.29,"coord_original","miliseconds","low",,"check_local.2municip.","ok_state",,FALSE,"no_cannot_check","no_match","SP-ALGAE_336643",,"cc","cc",,,,"coord_original","Low","PARQUE ESTADUAL ILHABELA"
,,"https://specieslink.net/col/31",,"IPA/SP","SP-ALGAE",,"PRESERVED_SPECIMEN","336570",,"M.T.Fujii, N.S.Yokoya, S.M.P.B.Guimarães, E.M.P.",,"2000-05-17","2000","5","17",,,,"Brasil","BR","São Paulo",,"Ubatuba","Praia Brava",,,"-23.840278","-45.29",,,,,"Denise Soares Bacci",,,"Falkenbergia hillebrandii","Florideophyceae","Bonnemaisoniales","Bonnemaisoniaceae","Asparagopsis","species","(Bornet) Falkenb.","SYNONYM",,,"Asparagopsis taxiformis (Delile) Trevis.",,,,"Falkenbergia hillebrandii (Bornet) Falkenb.","Asparagopsis taxiformis",,"WGS84",,,,,"GBIF","SP-ALGAE","code not found","Fujii, M.T.",,"2000","Bacci, D.S.",,"Yokoya, N.S.; Guimaraes, S.M.P.B.; E.m.p.","Fujii",,"brazil","sao paulo","ubatuba","praia brava",,"locality","brazil_sao paulo_ubatuba","brazil_sao paulo_ubatuba",-23.37925694,-45.02408879,"county",1839438,"Falkenbergia hillebrandii","(Bornet) Falkenb.","name_w_authors",,"Falkenbergia hillebrandii","(Bornet) Falkenb.","species","not found",,,,"Falkenbergia hillebrandii (Bornet) Falkenb.","Falkenbergia","Asparagaceae","brazil_sao paulo_ubatuba","Brazil","São Paulo","Ubatuba",,"ibge",TRUE,-23.840278,-45.29,"coord_original","miliseconds","low","Falkenbergia hillebrandii","check_local.2municip.","ok_state",,FALSE,"no_cannot_check","no_match","SP-ALGAE_336570",,"cc","cc",,,,"coord_original","Low","PARQUE ESTADUAL ILHABELA"
,,"https://specieslink.net/col/31",,"IPA/SP","SP-ALGAE",,"PRESERVED_SPECIMEN","336731",,"M.T.Fujii, N.S.Yokoya, S.M.P.B.Guimarães, E.M.P.",,"2000-05-17","2000","5","17",,,,"Brasil","BR","São Paulo",,"Ubatuba","Praia Brava",,,"-23.840278","-45.29",,,,,"Denise Soares Bacci",,,"Asparagopsis taxiformis","Florideophyceae","Bonnemaisoniales","Bonnemaisoniaceae","Asparagopsis","species","(Delile) Trevis.","ACCEPTED",,,"Asparagopsis taxiformis (Delile) Trevis.",,,,"Asparagopsis taxiformis (Delile) Trevis.","Asparagopsis taxiformis",,"WGS84",,,,,"GBIF","SP-ALGAE","code not found","Fujii, M.T.",,"2000","Bacci, D.S.",,"Yokoya, N.S.; Guimaraes, S.M.P.B.; E.m.p.","Fujii",,"brazil","sao paulo","ubatuba","praia brava",,"locality","brazil_sao paulo_ubatuba","brazil_sao paulo_ubatuba",-23.37925694,-45.02408879,"county",1839537,"Asparagopsis taxiformis","(Delile) Trevis.","name_w_authors",,"Asparagopsis taxiformis","(Delile) Trevis.","species","not found",,,,"Asparagopsis taxiformis (Delile) Trevis.","Asparagopsis","Asparagaceae","brazil_sao paulo_ubatuba","Brazil","São Paulo","Ubatuba",,"ibge",TRUE,-23.840278,-45.29,"coord_original","miliseconds","low","Asparagopsis taxiformis","check_local.2municip.","ok_state",,FALSE,"no_cannot_check","no_match","SP-ALGAE_336731",,"cc","cc",,,,"coord_original","Low","PARQUE ESTADUAL ILHABELA"
,,"https://specieslink.net/col/31",,"IPA/SP","SP-ALGAE",,"PRESERVED_SPECIMEN","114638",,"D.P.Santos, M.T.Fujii, N.S.Yokoya, S.M.P.B.Guim.",,"1999-11-06","1999","11","6",,,,"Brasil","BR","São Paulo",,"Ubatuba","Praia Brava do Almada",,,"-23.840278","-45.29",,,,,"S.M.P.B.Guimarães",,,"Bostrychia tenella","Florideophyceae","Ceramiales","Rhodomelaceae","Bostrychia","species","(J.V.Lamour.) J.Agardh","ACCEPTED",,,"Bostrychia tenella (J.V.Lamour.) J.Agardh",,,,"Bostrychia tenella (J.V.Lamour.) J.Agardh","Bostrychia tenella",,"WGS84",,,,,"GBIF","SP-ALGAE","code not found","Santos, D.P.",,"1999","Guimaraes, S.M.P.B.",,"Fujii, M.T.; Yokoya, N.S.; Guim., S.M.P.B.","Santos",,"brazil","sao paulo","ubatuba","praia brava do almada",,"locality","brazil_sao paulo_ubatuba","brazil_sao paulo_ubatuba",-23.37925694,-45.02408879,"county",1837985,"Bostrychia tenella","(J.V.Lamour.) J.Agardh","name_w_authors",,"Bostrychia tenella","(J.V.Lamour.) J.Agardh","species","not found",,,,"Bostrychia tenella (J.V.Lamour.) J.Agardh","Bostrychia",,"brazil_sao paulo_ubatuba","Brazil","São Paulo","Ubatuba",,"ibge",TRUE,-23.840278,-45.29,"coord_original","miliseconds","low","Bostrychia tenella","check_local.2municip.","ok_state",,FALSE,"no_cannot_check","no_match","SP-ALGAE_114638",,"cc","cc",,,,"coord_original","Low","PARQUE ESTADUAL ILHABELA"
,,"https://specieslink.net/col/31",,"IPA/SP","SP-ALGAE",,"PRESERVED_SPECIMEN","294660",,"S.M.P.B. Guimarães e outros",,"1995-05-17","1995","5","17",,,,"Brasil","BR","São Paulo",,"Ubatuba","Praia Dura",,,"-23.839167","-45.289722",,,,,"S. Fernandes & S.M.P.B. Guimarães",,,"Pterocladia capillacea (S.G.Gmelin) Bornet","Florideophyceae","Gelidiales","Pterocladiaceae","Pterocladiella","species","(Gmelin) Bornet & Thuret","SYNONYM",,,"Pterocladiella capillacea (S.G.Gmel.) Santel. & Hommers.",,,,"Pterocladia capillacea (S.G.Gmelin) Bornet","Pterocladiella capillacea",,"WGS84",,,,,"GBIF","SP-ALGAE","code not found","Guimaraes, S.M.P.B.",,"1995","Fernandes, S.",,"Outros","Guimaraes","Guimaraes, S.M.P.B.","brazil","sao paulo","ubatuba","praia dura",,"locality","brazil_sao paulo_ubatuba_praia dura","brazil_sao paulo_ubatuba_praia dura",-23.491844,-45.17342,"locality",1839094,"Pterocladia capillacea","(S.G.Gmelin) Bornet","name_w_authors",,"Pterocladia capillacea","(S.G.Gmelin) Bornet","species","not found",,,,"Pterocladia capillacea (S.G.Gmelin) Bornet","Pterocladia",,"brazil_sao paulo_ubatuba","Brazil","São Paulo","Ubatuba",,"ibge",TRUE,-23.839167,-45.289722,"coord_original","seconds","low","Pterocladia capillacea","ok_same_resolution","ok_state",,FALSE,"no_cannot_check","no_match","SP-ALGAE_294660",,"cc","cc",,,,"coord_original","Low","PARQUE ESTADUAL ILHABELA"
,,"https://specieslink.net/col/31",,"IPA/SP","SP-ALGAE",,"PRESERVED_SPECIMEN","294603",,"S.M.P.B. Guimarães e outros",,"1995-05-17","1995","5","17",,,,"Brasil","BR","São Paulo",,"Ubatuba","Praia Brava",,,"-23.840278","-45.29",,,,,"S. Fernandes & S.M.P.B. Guimarães",,,"Pterocladia bartlettii","Florideophyceae","Gelidiales","Pterocladiaceae","Pterocladiella","species","W.R.Taylor","SYNONYM",,,"Pterocladiella bartlettii (W.R.Taylor) Santel.",,,,"Pterocladia bartlettii W.R.Taylor","Pterocladiella bartlettii",,"WGS84",,,,,"GBIF","SP-ALGAE","code not found","Guimaraes, S.M.P.B.",,"1995","Fernandes, S.",,"Outros","Guimaraes","Guimaraes, S.M.P.B.","brazil","sao paulo","ubatuba","praia brava",,"locality","brazil_sao paulo_ubatuba","brazil_sao paulo_ubatuba",-23.37925694,-45.02408879,"county",1839086,"Pterocladia bartlettii","W.R.Taylor","name_w_authors",,"Pterocladia bartlettii","W.R.Taylor","species","not found",,,,"Pterocladia bartlettii W.R.Taylor","Pterocladia",,"brazil_sao paulo_ubatuba","Brazil","São Paulo","Ubatuba",,"ibge",TRUE,-23.840278,-45.29,"coord_original","miliseconds","low","Pterocladia bartlettii","check_local.2municip.","ok_state",,,"no_cannot_check","no_match","SP-ALGAE_294603",,"cc","cc",,,,"coord_original","Low","PARQUE ESTADUAL ILHABELA"
,,"https://specieslink.net/col/31",,"IPA/SP","SP-ALGAE",,"PRESERVED_SPECIMEN","294794",,"S.M.P.B. Guimarães e outros",,"1994-04-28","1994","4","28",,,,"Brasil","BR","São Paulo",,"Ubatuba","Praia Brava",,,"-23.840278","-45.29",,,,,"S.M.P.B. Guimarães",,,"Gelidiopsis gracilis (Kuetzing) Vickers","Florideophyceae","Rhodymeniales","Lomentariaceae","Ceratodictyon","species","(Kützing) Vickers","SYNONYM",,,"Ceratodictyon variabile (J.Agardh) R.E.Norris",,,,"Gelidiopsis gracilis (Kuetzing) Vickers","Ceratodictyon variabile",,"WGS84",,,,,"GBIF","SP-ALGAE","code not found","Guimaraes, S.M.P.B.",,"1994","Guimaraes, S.M.P.B.",,"Outros","Guimaraes",,"brazil","sao paulo","ubatuba","praia brava",,"locality","brazil_sao paulo_ubatuba","brazil_sao paulo_ubatuba",-23.37925694,-45.02408879,"county",1839133,"Gelidiopsis gracilis","(Kuetzing) Vickers","name_w_authors",,"Gelidiopsis gracilis","(Kuetzing) Vickers","species","not found",,,,"Gelidiopsis gracilis (Kuetzing) Vickers","Gelidiopsis",,"brazil_sao paulo_ubatuba","Brazil","São Paulo","Ubatuba",,"ibge",TRUE,-23.840278,-45.29,"coord_original","miliseconds","low","Gelidiopsis gracilis","check_local.2municip.","ok_state",,FALSE,"no_cannot_check","no_match","SP-ALGAE_294794",,"cc","cc",,,,"coord_original","Low","PARQUE ESTADUAL ILHABELA"
,,"https://specieslink.net/col/31",,"IPA/SP","SP-ALGAE",,"PRESERVED_SPECIMEN","295081",,"M.T. Fujii",,"1993-09-16","1993","9","16",,,,"Brasil","BR","São Paulo",,"Ubatuba","Praia Brava",,,"-23.840278","-45.29",,,,,"M.T. Fujii",,,"Laurencia dendroidea","Florideophyceae","Ceramiales","Rhodomelaceae","Laurencia","species","J.Agardh","ACCEPTED",,,"Laurencia dendroidea J.Agardh",,,,"Laurencia dendroidea J.Agardh","Laurencia dendroidea",,"WGS84",,,,,"GBIF","SP-ALGAE","code not found","Fujii, M.T.",,"1993","Fujii, M.T.",,,"Fujii",,"brazil","sao paulo","ubatuba","praia brava",,"locality","brazil_sao paulo_ubatuba","brazil_sao paulo_ubatuba",-23.37925694,-45.02408879,"county",1839184,"Laurencia dendroidea","J.Agardh","name_w_authors",,"Laurencia dendroidea","J.Agardh","species","not found",,,,"Laurencia dendroidea J.Agardh","Laurencia","Iridaceae","brazil_sao paulo_ubatuba","Brazil","São Paulo","Ubatuba",,"ibge",TRUE,-23.840278,-45.29,"coord_original","miliseconds","low","Laurencia dendroidea","check_local.2municip.","ok_state",,FALSE,"no_cannot_check","no_match","SP-ALGAE_295081",,"cc","cc",,,,"coord_original","Low","PARQUE ESTADUAL ILHABELA"
,,"https://specieslink.net/col/31",,"IPA/SP","SP-ALGAE",,"PRESERVED_SPECIMEN","255813",,"N.S. Yokoya & S.M.P.B. Guimarães",,"1993-09-15","1993","9","15",,,,"Brasil","BR","São Paulo",,"Ubatuba","Praia Brava",,,"-23.840278","-45.29",,,,,"S.M.P.B. Guimarães",,,"Grateloupia filiformis Kutz.","Florideophyceae","Halymeniales","Halymeniaceae","Grateloupia","species","Kützing","ACCEPTED",,,"Grateloupia filiformis Kutz.",,,,"Grateloupia filiformis Kutz.","Grateloupia filiformis",,"WGS84",,,,,"GBIF","SP-ALGAE","code not found","Yokoya, N.S.",,"1993","Guimaraes, S.M.P.B.",,"Guimaraes, S.M.P.B.","Yokoya",,"brazil","sao paulo","ubatuba","praia brava",,"locality","brazil_sao paulo_ubatuba","brazil_sao paulo_ubatuba",-23.37925694,-45.02408879,"county",1839080,"Grateloupia filiformis","Kutz.","name_w_authors",,"Grateloupia filiformis","Kutz.","species","not found",,,,"Grateloupia filiformis Kutz.","Grateloupia",,"brazil_sao paulo_ubatuba","Brazil","São Paulo","Ubatuba",,"ibge",TRUE,-23.840278,-45.29,"coord_original","miliseconds","low","Grateloupia filiformis","check_local.2municip.","ok_state",,,"no_cannot_check","no_match","SP-ALGAE_255813",,"cc","cc",,,,"coord_original","Low","PARQUE ESTADUAL ILHABELA"
,,"https://specieslink.net/col/31",,"IPA/SP","SP-ALGAE",,"PRESERVED_SPECIMEN","255812",,"N.S. Yokoya & S.M.P.B. Guimarães",,"1993-09-15","1993","9","15",,,,"Brasil","BR","São Paulo",,"Ubatuba","Praia Brava",,,"-23.840278","-45.29",,,,,"S.M.P.B. Guimarães",,,"Grateloupia doryphora","Florideophyceae","Halymeniales","Halymeniaceae","Halymenia","species","(Mont.) M.A.Howe","DOUBTFUL",,,"Grateloupia doryphora (Mont.) M.A.Howe",,,,"Grateloupia doryphora (Mont.) M.A.Howe","Grateloupia doryphora",,"WGS84",,,,,"GBIF","SP-ALGAE","code not found","Yokoya, N.S.",,"1993","Guimaraes, S.M.P.B.",,"Guimaraes, S.M.P.B.","Yokoya",,"brazil","sao paulo","ubatuba","praia brava",,"locality","brazil_sao paulo_ubatuba","brazil_sao paulo_ubatuba",-23.37925694,-45.02408879,"county",1839081,"Grateloupia doryphora","(Mont.) M.A.Howe","name_w_authors",,"Grateloupia doryphora","(Mont.) M.A.Howe","species","not found",,,,"Grateloupia doryphora (Mont.) M.A.Howe","Grateloupia",,"brazil_sao paulo_ubatuba","Brazil","São Paulo","Ubatuba",,"ibge",TRUE,-23.840278,-45.29,"coord_original","miliseconds","low","Grateloupia doryphora","check_local.2municip.","ok_state",,FALSE,"no_cannot_check","no_match","SP-ALGAE_255812",,"cc","cc",,,,"coord_original","Low","PARQUE ESTADUAL ILHABELA"
,"http://id.luomus.fi/HA.H3249233 Source: FinBIF",,,"H","H",,"PRESERVED_SPECIMEN","http://id.luomus.fi/HA.H3249233","12430","Verwimp, V.;Schäfer-Verwimp, Alfons",,"1990-02-09T00:00Z","1990","2","9",,"Regenwald | epiphytisch",,"Brazil","BR","São Paulo","Litoral Norte","Litoral Norte","Ilha de São Sebastião | an der Strasse über die Inselmitte",,"600","-23.816666","-45.316666",,,,,"Schäfer-Verwimp, Alfons",,,"Porotrichum expansum","Bryopsida","Hypnales","Neckeraceae","Porotrichum","species","(Taylor) Mitt.","ACCEPTED",,,"Porotrichum expansum (Taylor) Mitt.",,,,"Porotrichum expansum (Taylor) Mitt.","Porotrichum expansum",,"EPSG:4326",,,,,"GBIF","H",,"Verwimp, V.","12430","1990","Schafer-Verwimp, A.",,"Schafer-Verwimp, A.","Verwimp",,"brazil","sao paulo","litoral norte","ilha de sao sebastiao | an der strasse uber die inselmitte",,"locality","brazil_sao paulo_litoral norte","brazil_sao paulo",-22.2584562,-48.7420254,"state",1863919,"Porotrichum expansum","(Taylor) Mitt.","name_w_authors",,"Porotrichum expansum","(Taylor) Mitt.","species","not found",,,,"Porotrichum expansum (Taylor) Mitt.","Porotrichum",,"brazil_sao paulo","Brazil","São Paulo",,,"gadm",TRUE,-23.816666,-45.316666,"coord_original","seconds","low","Porotrichum expansum","check_local.2state","ok_state",,,"no_cannot_check","no_match","H_http://id.luomus.fi/HA.H3249233",,"0","0",,,,"coord_original","Low","PARQUE ESTADUAL ILHABELA"
"PhysicalObject","http://www.tropicos.org/Specimen/90226291","http://biocol.org/urn:lsid:biocol.org:col:15859",,"MO","Tropicos","Tropicos","PRESERVED_SPECIMEN","90226291","13215","Alfons Schäfer-Verwimp;Inge Verwimp",,"1990-10-08","1990","10","8",,,,"Brazil","BR","São Paulo",,,"Ilha de São Sebastião, auf grossem Granitblock in Sekundärvegetation oberhalb Engenho d'Agua.",,,"-23.83333","-45.3",,,,,"A. S.-V",,,"Cheilolejeunea clausa (Nees & Mont.) R.M.Schust.","Jungermanniopsida","Porellales","Lejeuneaceae","Cheilolejeunea","species","(Nees & Mont.) R.M. Schust.","SYNONYM",,,"Cheilolejeunea trifaria var. clausa (Nees & Mont.) C.J.Bastos & Gradst.",,,,"Cheilolejeunea clausa (Nees & Mont.) R.M.Schust.","Cheilolejeunea trifaria","35184977",,,,,,"GBIF","MO",,"Schafer-Verwimp, A.","13215","1990","-V, A.S.",,"Verwimp, I.","Schafer-Verwimp",,"brazil","sao paulo","ilha de sao sebastiao","ilha de sao sebastiao",,"locality","brazil_sao paulo_ilha sao sebastiao","brazil_sao paulo",-22.2584562,-48.7420254,"state",1832057,"Cheilolejeunea clausa","(Nees & Mont.) R.M.Schust.","name_w_authors",,"Cheilolejeunea clausa","(Nees & Mont.) R.M.Schust.","species","not found",,,,"Cheilolejeunea clausa (Nees & Mont.) R.M.Schust.","Cheilolejeunea",,"brazil_sao paulo","Brazil","São Paulo",,,"gadm",TRUE,-23.83333,-45.3,"coord_original","miliseconds","low","Cheilolejeunea clausa","check_local.2state","ok_state",,FALSE,"no_cannot_check","no_match","MO_90226291",,"0","0",,,,"coord_original","Low","PARQUE ESTADUAL ILHABELA"
"PhysicalObject",,"http://biocol.org/urn:lsid:biocol.org:col:15556",,"NY","NY","Mosses","PRESERVED_SPECIMEN","2124223","12501","A. Schäfer-Verwimp",,"1990-02-11","1990","2","11","11 Feb 1990","mata atlântica am Westabhang, Schlucht des Rio da Toca",,"Brazil","BR","São Paulo",,,"Litoral Norte, Ilha de São Sebastião.",,"541 ft","-23.82","-45.32",,,,,"T. Vaz-Imbassahy","2008-07-08",,"Cyclodictyon limbatum","Bryopsida","Hookeriales","Pilotrichaceae","Cyclodictyon","species","(Hampe ex Ångstr.) Kuntze","ACCEPTED",,,"Cyclodictyon limbatum (Hampe ex Ångstr.) Kuntze",,,,"Cyclodictyon limbatum (Hampe ex Ångstr.) Kuntze","Cyclodictyon limbatum",,,,,,,"GBIF","NY",,"Schafer-Verwimp, A.","12501","1990","Vaz-Imbassahy, T.","2008",,"Schafer-Verwimp",,"brazil","sao paulo","litoral norte","litoral norte",,"locality","brazil_sao paulo_litoral norte","brazil_sao paulo",-22.2584562,-48.7420254,"state",1852375,"Cyclodictyon limbatum","(Hampe ex Ångstr.) Kuntze","name_w_authors",,"Cyclodictyon limbatum","(Hampe ex Ångstr.) Kuntze","species","not found",,,,"Cyclodictyon limbatum (Hampe ex Ångstr.) Kuntze","Cyclodictyon",,"brazil_sao paulo","Brazil","São Paulo",,,"gadm",TRUE,-23.82,-45.32,"coord_original","miliseconds","low","Cyclodictyon limbatum","check_local.2state","ok_state",,FALSE,"no_cannot_check","no_match","NY_2124223",,"0","0",,,,"coord_original","Low","PARQUE ESTADUAL ILHABELA"
"PhysicalObject","http://www.tropicos.org/Specimen/101307367","http://biocol.org/urn:lsid:biocol.org:col:15859",,"MO","Tropicos","Tropicos","PRESERVED_SPECIMEN","101307367","12536","Alfons Schäfer-Verwimp",,"1990-04-06","1990","4","6",,,,"Brazil","BR","São Paulo",,,"Litoral Norte, Ilha de São Sebastião, Regenwald (Mata atlântica primaria) am Rio da Toca, epiphytisch.",,,"-23.816667","-45.316667",,,,,"M. E. Reiner-Drehwald","2006-01-01",,"Lejeunea tapajosensis","Jungermanniopsida","Porellales","Lejeuneaceae","Lejeunea","species","Spruce","SYNONYM",,,"Lejeunea parviloba Ångstr.",,,,"Lejeunea tapajosensis Spruce","Lejeunea parviloba","35200096",,,,,,"GBIF","MO",,"Schafer-Verwimp, A.","12536","1990","Reiner-Drehwald, M.E.","2006",,"Schafer-Verwimp",,"brazil","sao paulo","litoral norte","mata atlantica primaria","litoral norte","locality","brazil_sao paulo_litoral norte","brazil_sao paulo",-22.2584562,-48.7420254,"state",1862622,"Lejeunea tapajosensis","Spruce","name_w_authors",,"Lejeunea tapajosensis","Spruce","species","not found",,,,"Lejeunea tapajosensis Spruce","Lejeunea",,"brazil_sao paulo","Brazil","São Paulo",,,"gadm",TRUE,-23.816667,-45.316667,"coord_original","minutes","low","Lejeunea tapajosensis","check_local.2state","ok_state",,,"no_cannot_check","no_match","MO_101307367",,"0","0",,,,"coord_original","Low","PARQUE ESTADUAL ILHABELA"
"PhysicalObject","http://www.tropicos.org/Specimen/90252292","http://biocol.org/urn:lsid:biocol.org:col:15859",,"MO","Tropicos","Tropicos","PRESERVED_SPECIMEN","90252292","11641","Alfons Schäfer-Verwimp;Inge Verwimp",,"1989-09-06","1989","9","6",,,,"Brazil","BR","São Paulo",,,"Litoral Norte, Ilha de Sao Sebastiao, Mata atlantica an der Südküste.",,,"-23.93333","-45.43333",,,,,"S-V",,,"Neurolejeunea breutelii","Jungermanniopsida","Porellales","Lejeuneaceae","Neurolejeunea","species","(Gottsche) A.Evans","ACCEPTED",,,"Neurolejeunea breutelii (Gottsche) A.Evans",,,,"Neurolejeunea breutelii (Gottsche) A.Evans","Neurolejeunea breutelii","35185653",,,,,,"GBIF","MO",,"Schafer-Verwimp, A.","11641","1989","S-V",,"Verwimp, I.","Schafer-Verwimp",,"brazil","sao paulo","litoral norte","litoral norte",,"locality","brazil_sao paulo_litoral norte","brazil_sao paulo",-22.2584562,-48.7420254,"state",1832169,"Neurolejeunea breutelii","(Gottsche) A.Evans","name_w_authors",,"Neurolejeunea breutelii","(Gottsche) A.Evans","species","not found",,,,"Neurolejeunea breutelii (Gottsche) A.Evans","Neurolejeunea","Asteraceae","brazil_sao paulo","Brazil","São Paulo",,,"gadm",TRUE,-23.93333,-45.43333,"coord_original","miliseconds","low","Neurolejeunea breutelii","check_local.2state","ok_state",,FALSE,"no_cannot_check","no_match","MO_90252292","MO_90252292|NY_1751523|UTEP_:Herb:67215","4","1","MO_90252292","MO_90252292","MO_90252292","coord_original","Low","PARQUE ESTADUAL ILHABELA"
,,"https://specieslink.net/col/31",,"IPA/SP","SP-ALGAE",,"PRESERVED_SPECIMEN","238844",,"M.T. Fujii & M. Fujii",,"1989-07-20","1989","7","20",,,,"Brasil","BR","São Paulo",,"Ubatuba","Praia Brava, Picinguaba, costão esquerdo",,,"-23.840278","-45.29",,,,,"M.T. Fujii",,,"Laurencia flagellifera J.Agardh","Florideophyceae","Ceramiales","Rhodomelaceae","Palisada","species","J. Agardh","SYNONYM",,,"Palisada flagellifera (J.Agardh) K.W.Nam",,,,"Laurencia flagellifera J.Agardh","Palisada flagellifera",,"WGS84",,,,,"GBIF","SP-ALGAE","code not found","Fujii, M.T.",,"1989","Fujii, M.T.",,"Fujii, M.","Fujii",,"brazil","sao paulo","ubatuba","praia brava",,"locality","brazil_sao paulo_ubatuba","brazil_sao paulo_ubatuba",-23.37925694,-45.02408879,"county",1838956,"Laurencia flagellifera","J.Agardh","name_w_authors",,"Laurencia flagellifera","J.Agardh","species","not found",,,,"Laurencia flagellifera J.Agardh","Laurencia",,"brazil_sao paulo_ubatuba","Brazil","São Paulo","Ubatuba",,"ibge",TRUE,-23.840278,-45.29,"coord_original","miliseconds","low","Laurencia flagellifera","check_local.2municip.","ok_state",,FALSE,"no_cannot_check","no_match","SP-ALGAE_238844",,"cc","cc",,,,"coord_original","Low","PARQUE ESTADUAL ILHABELA"
,,"http://grscicoll.org/institutional-collection/vascular-plant-herbarium","26901","TAAM","TAA","Eesti soontaimede levikuatlas","PRESERVED_SPECIMEN","TAA5018905",,"Schäfer-Verwimp",,"1989-09-06","1989","9","6",,,,"Brazil","BR",,"São Paulo/State of São Paulo","Ilhabela","Cambaquara, Litoral norte, Ilha de Sao Sebastiao, Mata atlantica am Südabhang, Ribeirao do Frade an der Perimetral Sul, an zeitweise überrieseltem Felsblock; 60m",,,"-23.933333","-45.433333",,,,,"Schäfer-Verwimp",,,"Kymatocalyx cubensis","Jungermanniopsida","Jungermanniales","Cephaloziellaceae","Kymatocalyx","species","(Gottsche ex Steph.) Váňa","SYNONYM",,,"Kymatocalyx dominicensis (Spruce) Váňa",,,,"Kymatocalyx cubensis (Gottsche ex Steph.) Váňa","Kymatocalyx dominicensis",,"WGS84",,,,,"GBIF","TAA",,"Schafer-Verwimp",,"1989","Schafer-Verwimp",,,"Schafer-Verwimp",,"brazil","sao paulo","ilhabela","cambaquara",,"locality","brazil_sao paulo_ilhabela_cambaquara","brazil_sao paulo_ilhabela_cambaquara",-23.83805556,-45.39694444,"locality",1865099,"Kymatocalyx cubensis","(Gottsche ex Steph.) Váňa","name_w_authors",,"Kymatocalyx cubensis","(Gottsche ex Steph.) Váňa","species","not found",,,,"Kymatocalyx cubensis (Gottsche ex Steph.) Váňa","Kymatocalyx",,"brazil_sao paulo_ilhabela","Brazil","São Paulo","Ilhabela",,"ibge",TRUE,-23.933333,-45.433333,"coord_original","minutes","low","Kymatocalyx cubensis","ok_same_resolution","ok_locality",,,"no_cannot_check","no_match","TAA_5018905",,"cc","cc",,,,"coord_original","Low","PARQUE ESTADUAL ILHABELA"
,,,,"IBUNAM","MEXUBR",,"OCCURRENCE","39324",,"A. Schafer-Verwimp & I. Verwimp",,"1989-09-07","1989","9","7",,,,"Brazil","BR","Sao Paulo","ND","ND","""Litoral Norte, Ilha de Sao Sebastiao, am Westabhang bei der """"Cachoeira dos tres tombos"""".""",,,"-23.88","-45.41",,"-23.88","-45.41",,"A. Schafer-Verwimp",,,"Diplasiolejeunea pellucida","Jungermanniopsida","Porellales","Lejeuneaceae","Diplasiolejeunea","species","(C.F.W.Meissn. ex Spreng.) Schiffn.","ACCEPTED",,,"Diplasiolejeunea pellucida (C.F.W.Meissn. ex Spreng.) Schiffn.",,,,"Diplasiolejeunea pellucida (C.F.W.Meissn. ex Spreng.) Schiffn.","Diplasiolejeunea pellucida",,,,,,,"GBIF","MEXUBR","code not found","Schafer-Verwimp, A.",,"1989","Schafer-Verwimp, A.",,"Verwimp, I.","Schafer-Verwimp",,"brazil","sao paulo","nd","""litoral norte",,"locality","brazil_sao paulo_nd","brazil_sao paulo",-22.2584562,-48.7420254,"state",1823479,"Diplasiolejeunea pellucida","(C.F.W.Meissn. ex Spreng.) Schiffn.","name_w_authors",,"Diplasiolejeunea pellucida","(C.F.W.Meissn. ex Spreng.) Schiffn.","species","not found",,,,"Diplasiolejeunea pellucida (C.F.W.Meissn. ex Spreng.) Schiffn.","Diplasiolejeunea",,"brazil_sao paulo","Brazil","São Paulo",,,"gadm",TRUE,-23.88,-45.41,"coord_original","miliseconds","low","Diplasiolejeunea pellucida","check_local.2state","ok_state",,FALSE,"no_cannot_check","no_match","MEXUBR_39324",,"cc","cc",,,,"coord_original","Low","PARQUE ESTADUAL ILHABELA"
,,,,"IBUNAM","MEXUBR",,"OCCURRENCE","39260",,"A. Schafer-Verwimp & I. Verwimp",,"1989-09-06","1989","9","6",,,,"Brazil","BR","Sao Paulo","ND","ND","Litoral Norte, Ilha de Sao Sebastiao, Mata atlântica am Sudabhang, Ribeirao do Frade an der Perimetral Sul.",,,"-23.93","-45.44",,"-23.93","-45.44",,"A. Schafer-Verwimp",,,"Cyrtolejeunea holostipa (Spruce) A.Evans","Jungermanniopsida","Porellales","Lejeuneaceae","Cheilolejeunea","species","(Spruce) Evans 1903","SYNONYM",,,"Cheilolejeunea holostipa (Spruce) Grolle & R.L.Zhu",,,,"Cyrtolejeunea holostipa (Spruce) A.Evans","Cheilolejeunea holostipa",,,,,,,"GBIF","MEXUBR","code not found","Schafer-Verwimp, A.",,"1989","Schafer-Verwimp, A.",,"Verwimp, I.","Schafer-Verwimp",,"brazil","sao paulo","nd","litoral norte",,"locality","brazil_sao paulo_nd","brazil_sao paulo",-22.2584562,-48.7420254,"state",1823473,"Cyrtolejeunea holostipa","(Spruce) A.Evans","name_w_authors",,"Cyrtolejeunea holostipa","(Spruce) A.Evans","species","not found",,,,"Cyrtolejeunea holostipa (Spruce) A.Evans","Cyrtolejeunea",,"brazil_sao paulo","Brazil","São Paulo",,,"gadm",TRUE,-23.93,-45.44,"coord_original","miliseconds","low","Cyrtolejeunea holostipa","check_local.2state","ok_state",,,"no_cannot_check","no_match","MEXUBR_39260",,"cc","cc",,,,"coord_original","Low","PARQUE ESTADUAL ILHABELA"
"PhysicalObject",,,,"CANB","CANB",,"PRESERVED_SPECIMEN","CANB 661475.1","11656","Schaefer-Verwimp, A.",,"1989-09-06","1989","9","6",,,,"Brazil","BR",,,,"SAO PAULO: Litoral Norte, Ilha de Sao Sebastiao, Mata atlantica am Sudabhang, auf feuchtem Gestein am Rande der Perimetral Sul.",,,"-23.883333","-45.283333",,"23 53 S","45 17 W",,"Schaefer-Verwimp, A.",,,"Taxithelium","Bryopsida","Hypnales","Pylaisiadelphaceae","Taxithelium","genus","Spruce ex Mitt.","ACCEPTED",,,"Taxithelium Spruce ex Mitt.",,,,"Taxithelium Spruce ex Mitt.",,,"EPSG:4326",,,,,"GBIF","CANB",,"Schaefer-Verwimp, A.","11656","1989","Schaefer-Verwimp, A.",,,"Schaefer-Verwimp",,"brazil",,"sao paulo","sao paulo",,"country","brazil_NA_sao paulo","brazil_sao paulo_sao paulo",-23.65041685,-46.64802516,"county",1859919,"Taxithelium","Spruce ex Mitt.","name_w_authors",,"Taxithelium","Spruce ex Mitt.","genus","not found",,,,"Taxithelium Spruce ex Mitt.","Taxithelium",,"brazil_sao paulo_sao paulo","Brazil","São Paulo","São Paulo",,"ibge",TRUE,-23.883333,-45.283333,"coord_original","minutes","low",,"ok_country2municip.","ok_state",,,"no_cannot_check","no_match","CANB_661475.1",,"0","0",,,,"coord_original","Low","PARQUE ESTADUAL ILHABELA"
"PhysicalObject",,"http://biocol.org/urn:lsid:biocol.org:col:15556",,"NY","NY","Mosses","PRESERVED_SPECIMEN","2163745","11663","A. Schäfer-Verwimp",,"1989-09-06","1989","9","6","06 Sep 1989","mata atlântica am Südabhang, Schlucht des Ribeirão da Laje, auf Fels im Bach",,"Brazil","BR","São Paulo",,,"Litoral Norte. Ilha de São Sebastião.",,"328 ft","-23.93","-45.4",,,,,"A. E. R. Soares","2013-01-08",,"Thuidium tomentosum","Bryopsida","Hypnales","Thuidiaceae","Thuidium","species","Schimp.","ACCEPTED",,,"Thuidium tomentosum Schimp.",,,,"Thuidium tomentosum Schimp.","Thuidium tomentosum",,,,,,,"GBIF","NY",,"Schafer-Verwimp, A.","11663","1989","Soares, A.E.R.","2013",,"Schafer-Verwimp",,"brazil","sao paulo","litoral norte","litoral norte",,"locality","brazil_sao paulo_litoral norte","brazil_sao paulo",-22.2584562,-48.7420254,"state",1852861,"Thuidium tomentosum","Schimp.","name_w_authors",,"Thuidium tomentosum","Schimp.","species","not found",,,,"Thuidium tomentosum Schimp.","Thuidium",,"brazil_sao paulo","Brazil","São Paulo",,,"gadm",TRUE,-23.93,-45.4,"coord_original","miliseconds","low","Thuidium tomentosum","check_local.2state","ok_state",,FALSE,"no_cannot_check","no_match","NY_2163745",,"0","0",,,,"coord_original","Low","PARQUE ESTADUAL ILHABELA"
"PhysicalObject","http://www.tropicos.org/Specimen/90171294","http://biocol.org/urn:lsid:biocol.org:col:15859",,"MO","Tropicos","Tropicos","PRESERVED_SPECIMEN","90171294","11976","Alfons Schäfer-Verwimp;Inge Verwimp",,"1989-11-11","1989","11","11",,,,"Brazil","BR","São Paulo",,,"Litoral Norte, Ilha de Sao Sebastiao, Regenwald (Mata atlantica primaria) am Rio da Toca, Epiphytisch.",,,"-23.83333","-45.33333",,,,,"R. Grolle","1990-01-01",,"Cheilolejeunea adnata","Jungermanniopsida","Porellales","Lejeuneaceae","Cheilolejeunea","species","(Kunze ex Lehm.) Grolle","ACCEPTED",,,"Cheilolejeunea adnata (Kunze ex Lehm.) Grolle",,,,"Cheilolejeunea adnata (Kunze ex Lehm.) Grolle","Cheilolejeunea adnata","35187311",,,,,,"GBIF","MO",,"Schafer-Verwimp, A.","11976","1989","Grolle, R.","1990","Verwimp, I.","Schafer-Verwimp",,"brazil","sao paulo","litoral norte","mata atlantica primaria","litoral norte","locality","brazil_sao paulo_litoral norte","brazil_sao paulo",-22.2584562,-48.7420254,"state",1831821,"Cheilolejeunea adnata","(Kunze ex Lehm.) Grolle","name_w_authors",,"Cheilolejeunea adnata","(Kunze ex Lehm.) Grolle","species","not found",,,,"Cheilolejeunea adnata (Kunze ex Lehm.) Grolle","Cheilolejeunea",,"brazil_sao paulo","Brazil","São Paulo",,,"gadm",TRUE,-23.83333,-45.33333,"coord_original","miliseconds","low","Cheilolejeunea adnata","check_local.2state","ok_state",,,"no_cannot_check","no_match","MO_90171294",,"0","0",,,,"coord_original","Low","PARQUE ESTADUAL ILHABELA"
,,"http://grscicoll.org/institutional-collection/vascular-plant-herbarium","26901","TAAM","TAA","Eesti soontaimede levikuatlas","PRESERVED_SPECIMEN","TAA5018504",,"Schäfer-Verwimp",,"1989-09-07","1989","9","7",,,,"Brazil","BR",,"São Paulo/State of São Paulo","Ilhabela","Cambaquara, Litoral Norte, Ilha de Sao Sebastiao, Mata atlantica am Westabhang bei der ""Cachoeira dos tres tombos"", auf Fels am Wasserfall (150m)",,,"-23.883333","-45.416667",,,,,"Schäfer-Verwimp","1989-01-01",,"Syzygiella perfoliata","Jungermanniopsida","Jungermanniales","Adelanthaceae","Syzygiella","species","(Sw.) Spruce","ACCEPTED",,,"Syzygiella perfoliata (Sw.) Spruce",,,,"Syzygiella perfoliata (Sw.) Spruce","Syzygiella perfoliata","545L6","WGS84",,,,,"GBIF","TAA",,"Schafer-Verwimp",,"1989","Schafer-Verwimp","1989",,"Schafer-Verwimp",,"brazil","sao paulo","ilhabela","cambaquara",,"locality","brazil_sao paulo_ilhabela_cambaquara","brazil_sao paulo_ilhabela_cambaquara",-23.83805556,-45.39694444,"locality",1865058,"Syzygiella perfoliata","(Sw.) Spruce","name_w_authors",,"Syzygiella perfoliata","(Sw.) Spruce","species","not found",,,,"Syzygiella perfoliata (Sw.) Spruce","Syzygiella",,"brazil_sao paulo_ilhabela","Brazil","São Paulo","Ilhabela",,"ibge",TRUE,-23.883333,-45.416667,"coord_original","minutes","low","Syzygiella perfoliata","ok_same_resolution","ok_locality",,FALSE,"no_cannot_check","no_match","TAA_5018504",,"cc","cc",,,,"coord_original","Low","PARQUE ESTADUAL ILHABELA"
"PhysicalObject","http://www.tropicos.org/Specimen/90171311","http://biocol.org/urn:lsid:biocol.org:col:15859",,"MO","Tropicos","Tropicos","PRESERVED_SPECIMEN","90171311","11685","Alfons Schäfer-Verwimp;Inge Verwimp",,"1989-09-07","1989","9","7",,,,"Brazil","BR","São Paulo",,,"Litoral Norte, Ilha de Sao Sebastiao, Mata atlantica am Westabhang bei der ""Cachoeira dos tres tombos"", auf Fels am Wasserfall.",,,"-23.88333","-45.41666",,,,,"S-V","1989-01-01",,"Stictolejeunea squamata","Jungermanniopsida","Porellales","Lejeuneaceae","Stictolejeunea","species","(Willd. ex F.Weber) Schiffn.","ACCEPTED",,,"Stictolejeunea squamata (Willd. ex F.Weber) Schiffn.",,,,"Stictolejeunea squamata (Willd. ex F.Weber) Schiffn.","Stictolejeunea squamata","35187433",,,,,,"GBIF","MO",,"Schafer-Verwimp, A.","11685","1989","S-V","1989","Verwimp, I.","Schafer-Verwimp",,"brazil","sao paulo","litoral norte","litoral norte",,"locality","brazil_sao paulo_litoral norte","brazil_sao paulo",-22.2584562,-48.7420254,"state",1831840,"Stictolejeunea squamata","(Willd. ex F.Weber) Schiffn.","name_w_authors",,"Stictolejeunea squamata","(Willd. ex F.Weber) Schiffn.","species","not found",,,,"Stictolejeunea squamata (Willd. ex F.Weber) Schiffn.","Stictolejeunea",,"brazil_sao paulo","Brazil","São Paulo",,,"gadm",TRUE,-23.88333,-45.41666,"coord_original","miliseconds","low","Stictolejeunea squamata","check_local.2state","ok_state",,FALSE,"no_cannot_check","no_match","MO_90171311",,"0","0",,,,"coord_original","Low","PARQUE ESTADUAL ILHABELA"
"PhysicalObject","http://www.tropicos.org/Specimen/101303052","http://biocol.org/urn:lsid:biocol.org:col:15859",,"MO","Tropicos","Tropicos","PRESERVED_SPECIMEN","101303052","11694","Alfons Schäfer-Verwimp;Inge Verwimp",,"1989-09-07","1989","9","7",,,,"Brazil","BR","São Paulo",,,"Litoral Norte, Ilha de Sao Sebastiao, Mata atlantica am Westabhang bei der ""Cachoeira dos tres tombos""",,,"-23.883333","-45.416667",,,,,"A. Schäfer-Verwimp","1989-01-01",,"Eulacophyllum cultelliforme","Bryopsida","Hypnales","Stereophyllaceae","Entodontopsis","species","(Sull.) W.R.Buck & Ireland","SYNONYM",,,"Entodontopsis cultelliformis (Sull.) B.H.Allen",,,,"Eulacophyllum cultelliforme (Sull.) W.R.Buck & Ireland","Entodontopsis cultelliformis","35182901",,,,,,"GBIF","MO",,"Schafer-Verwimp, A.","11694","1989","Schafer-Verwimp, A.","1989","Verwimp, I.","Schafer-Verwimp",,"brazil","sao paulo","litoral norte","litoral norte",,"locality","brazil_sao paulo_litoral norte","brazil_sao paulo",-22.2584562,-48.7420254,"state",1862529,"Eulacophyllum cultelliforme","(Sull.) W.R.Buck & Ireland","name_w_authors",,"Eulacophyllum cultelliforme","(Sull.) W.R.Buck & Ireland","species","not found",,,,"Eulacophyllum cultelliforme (Sull.) W.R.Buck & Ireland","Eulacophyllum",,"brazil_sao paulo","Brazil","São Paulo",,,"gadm",TRUE,-23.883333,-45.416667,"coord_original","minutes","low","Eulacophyllum cultelliforme","check_local.2state","ok_state",,FALSE,"no_cannot_check","no_match","MO_101303052",,"0","0",,,,"coord_original","Low","PARQUE ESTADUAL ILHABELA"
"PhysicalObject","http://www.tropicos.org/Specimen/90171407","http://biocol.org/urn:lsid:biocol.org:col:15859",,"MO","Tropicos","Tropicos","PRESERVED_SPECIMEN","90171407","11652","Alfons Schäfer-Verwimp;Inge Verwimp",,"1989-09-06","1989","9","6",,,,"Brazil","BR","São Paulo",,,"Litoral Norte, Ilha de Sao Sebastiao, Mata atlantica an der Sudkustse, Bachschlucht des Ribeirao do Frade an der Perimetral Sul, an schattigem Felsblock.",,,"-23.93333","-45.43333",,,,,"S-V","1989-01-01",,"Cheilolejeunea holostipa","Jungermanniopsida","Porellales","Lejeuneaceae","Cheilolejeunea","species","(Spruce) Grolle & R.L.Zhu","ACCEPTED",,,"Cheilolejeunea holostipa (Spruce) Grolle & R.L.Zhu",,,,"Cheilolejeunea holostipa (Spruce) Grolle & R.L.Zhu","Cheilolejeunea holostipa","35209061",,,,,,"GBIF","MO",,"Schafer-Verwimp, A.","11652","1989","S-V","1989","Verwimp, I.","Schafer-Verwimp",,"brazil","sao paulo","litoral norte","litoral norte",,"locality","brazil_sao paulo_litoral norte","brazil_sao paulo",-22.2584562,-48.7420254,"state",1831849,"Cheilolejeunea holostipa","(Spruce) Grolle & R.L.Zhu","name_w_authors",,"Cheilolejeunea holostipa","(Spruce) Grolle & R.L.Zhu","species","not found",,,,"Cheilolejeunea holostipa (Spruce) Grolle & R.L.Zhu","Cheilolejeunea",,"brazil_sao paulo","Brazil","São Paulo",,,"gadm",TRUE,-23.93333,-45.43333,"coord_original","miliseconds","low","Cheilolejeunea holostipa","check_local.2state","ok_state",,FALSE,"no_cannot_check","no_match","MO_90171407",,"0","0",,,,"coord_original","Low","PARQUE ESTADUAL ILHABELA"
,,"https://specieslink.net/col/31",,"IPA/SP","SP-ALGAE",,"PRESERVED_SPECIMEN","238839",,"M.T. Fujii & M. Fujii",,"1988-10-23","1988","10","23",,,,"Brasil","BR","São Paulo",,"Ubatuba","Praia Brava, Picinguaba, costão esquerdo",,,"-23.840278","-45.29",,,,,"M.T. Fujii",,,"Laurencia arbuscula Sond.","Florideophyceae","Ceramiales","Rhodomelaceae","Laurencia","species","Sonder","SYNONYM",,,"Laurencia dendroidea J.Agardh",,,,"Laurencia arbuscula Sond.","Laurencia dendroidea",,"WGS84",,,,,"GBIF","SP-ALGAE","code not found","Fujii, M.T.",,"1988","Fujii, M.T.",,"Fujii, M.","Fujii",,"brazil","sao paulo","ubatuba","praia brava",,"locality","brazil_sao paulo_ubatuba","brazil_sao paulo_ubatuba",-23.37925694,-45.02408879,"county",1838966,"Laurencia arbuscula","Sond.","name_w_authors",,"Laurencia arbuscula","Sond.","species","not found",,,,"Laurencia arbuscula Sond.","Laurencia","Iridaceae","brazil_sao paulo_ubatuba","Brazil","São Paulo","Ubatuba",,"ibge",TRUE,-23.840278,-45.29,"coord_original","miliseconds","low","Laurencia arbuscula","check_local.2municip.","ok_state",,FALSE,"no_cannot_check","no_match","SP-ALGAE_238839",,"cc","cc",,,,"coord_original","Low","PARQUE ESTADUAL ILHABELA"
,,"https://specieslink.net/col/31",,"IPA/SP","SP-ALGAE",,"PRESERVED_SPECIMEN","238852",,"M.T. Fujii, M.R.A. Braga & J. Domingos",,"1987-06-26","1987","6","26",,,,"Brasil","BR","São Paulo",,"São Sebastião","Praia do Bairro de São Francisco",,,"-23.839167","-45.289722",,,,,"M.T. Fujii",,,"Laurencia papillosa (C.Agardh) Grev.","Florideophyceae","Ceramiales","Rhodomelaceae","Palisada","species","(C.Agardh) Greville","SYNONYM",,,"Palisada perforata (Bory) K.W.Nam",,,,"Laurencia papillosa (C.Agardh) Grev.","Palisada perforata",,"WGS84",,,,,"GBIF","SP-ALGAE","code not found","Fujii, M.T.",,"1987","Fujii, M.T.",,"Braga, M.R.A.; Domingos, J.","Fujii",,"brazil","sao paulo","sao sebastiao","praia do bairro de sao francisco",,"locality","brazil_sao paulo_sao sebastiao","brazil_sao paulo_sao sebastiao",-23.75242089,-45.60629823,"county",1838960,"Laurencia papillosa","(C.Agardh) Grev.","name_w_authors",,"Laurencia papillosa","(C.Agardh) Grev.","species","not found",,,,"Laurencia papillosa (C.Agardh) Grev.","Laurencia",,"brazil_sao paulo_sao sebastiao","Brazil","São Paulo","São Sebastião",,"gadm",TRUE,-23.839167,-45.289722,"coord_original","seconds","low","Laurencia papillosa","check_local.2municip.","ok_state",,FALSE,"no_cannot_check","no_match","SP-ALGAE_238852",,"cc","cc",,,,"coord_original","Low","PARQUE ESTADUAL ILHABELA"
,,"http://grscicoll.org/institutional-collection/vascular-plant-herbarium","26901","TAAM","TAA","Eesti soontaimede levikuatlas","PRESERVED_SPECIMEN","TAA5018908",,"Schäfer-Verwimp",,"1986-03-28","1986","3","28",,,,"Brazil","BR",,"São Paulo/State of São Paulo","Ilhabela","Cambaquara, Litoral norte, Ilha de Sao Sebastiao, feuchter Sekundärwald an der Südwestkäste, epiphytisch; 10 m",,,"-23.91211","-45.39877",,,,,"Schäfer-Verwimp",,,"Frullania neesii","Jungermanniopsida","Porellales","Frullaniaceae","Frullania","species","Lindenb.","SYNONYM",,,"Frullania kunzei (Lehm. & Lindenb.) Mont.",,,,"Frullania neesii Lindenb.","Frullania kunzei",,"WGS84",,,,,"GBIF","TAA",,"Schafer-Verwimp",,"1986","Schafer-Verwimp",,,"Schafer-Verwimp",,"brazil","sao paulo","ilhabela","cambaquara",,"locality","brazil_sao paulo_ilhabela_cambaquara","brazil_sao paulo_ilhabela_cambaquara",-23.83805556,-45.39694444,"locality",1865100,"Frullania neesii","Lindenb.","name_w_authors",,"Frullania neesii","Lindenb.","species","not found",,,,"Frullania neesii Lindenb.","Frullania",,"brazil_sao paulo_ilhabela","Brazil","São Paulo","Ilhabela",,"ibge",TRUE,-23.91211,-45.39877,"coord_original","miliseconds","low","Frullania neesii","ok_same_resolution","ok_locality",,FALSE,"no_cannot_check","no_match","TAA_5018908",,"cc","cc",,,,"coord_original","Low","PARQUE ESTADUAL ILHABELA"
"PhysicalObject","http://www.tropicos.org/Specimen/90156994","http://biocol.org/urn:lsid:biocol.org:col:15859",,"MO","Tropicos","Tropicos","PRESERVED_SPECIMEN","90156994","6800","Alfons Schäfer-Verwimp",,"1986-03-30","1986","3","30",,,,"Brazil","BR","São Paulo",,,"Litoral, Ilha de Sao Sebastiao, Westküste bei Barra Velha.",,,"-23.81666","-45.28333",,,,,"W.D. Reese",,,"Calymperes palisotii Schwägr.","Bryopsida","Dicranales","Calymperaceae","Calymperes","species","Schwägr.","ACCEPTED",,,"Calymperes palisotii Schwägr.",,,,"Calymperes palisotii Schwägr.","Calymperes palisotii","35153847",,,,,,"GBIF","MO",,"Schafer-Verwimp, A.","6800","1986","Reese, W.D.",,,"Schafer-Verwimp",,"brazil","sao paulo","litoral","litoral",,"locality","brazil_sao paulo_litoral","brazil_sao paulo",-22.2584562,-48.7420254,"state",1831767,"Calymperes palisotii","Schwägr.","name_w_authors",,"Calymperes palisotii","Schwägr.","species","not found",,,,"Calymperes palisotii Schwägr.","Calymperes",,"brazil_sao paulo","Brazil","São Paulo",,,"gadm",TRUE,-23.81666,-45.28333,"coord_original","miliseconds","low","Calymperes palisotii","check_local.2state","ok_state",,,"no_cannot_check","no_match","MO_90156994",,"0","0",,,,"coord_original","Low","PARQUE ESTADUAL ILHABELA"
,,"http://grscicoll.org/institutional-collection/vascular-plant-herbarium","26901","TAAM","TAA","Eesti soontaimede levikuatlas","PRESERVED_SPECIMEN","TAA5018942",,"Schäfer-Verwimp",,"1986-03-27","1986","3","27",,,,"Brazil","BR",,"São Paulo/State of São Paulo","Ilhabela","Cambaquara, Ilha de Sao Sebastiao, Bergregenwald 8Mata atlantica primaria) am Westabhang, Erdstrasse über die Inselmitte, epiphytisch; 565m",,,"-23.91966","-45.42403",,,,,"Schäfer-Verwimp","1991-01-01",,"Bryopteris filicina","Jungermanniopsida","Porellales","Lejeuneaceae","Bryopteris","species","(Sw.) Nees","ACCEPTED",,,"Bryopteris filicina (Sw.) Nees",,,,"Bryopteris filicina (Sw.) Nees","Bryopteris filicina","NJT2","WGS84",,,,,"GBIF","TAA",,"Schafer-Verwimp",,"1986","Schafer-Verwimp","1991",,"Schafer-Verwimp",,"brazil","sao paulo","ilhabela","cambaquara",,"locality","brazil_sao paulo_ilhabela_cambaquara","brazil_sao paulo_ilhabela_cambaquara",-23.83805556,-45.39694444,"locality",1865091,"Bryopteris filicina","(Sw.) Nees","name_w_authors",,"Bryopteris filicina","(Sw.) Nees","species","not found",,,,"Bryopteris filicina (Sw.) Nees","Bryopteris","Dryopteridaceae","brazil_sao paulo_ilhabela","Brazil","São Paulo","Ilhabela",,"ibge",TRUE,-23.91966,-45.42403,"coord_original","miliseconds","low","Bryopteris filicina","ok_same_resolution","ok_locality",,FALSE,"no_cannot_check","no_match","TAA_5018942",,"cc","cc",,,,"coord_original","Low","PARQUE ESTADUAL ILHABELA"
,,"http://grscicoll.org/institutional-collection/vascular-plant-herbarium","26901","TAAM","TAA","Eesti soontaimede levikuatlas","PRESERVED_SPECIMEN","TAA5018910",,"Schäfer-Verwimp",,"1986-07-27","1986","7","27",,,,"Brazil","BR",,"São Paulo/State of São Paulo","Ilhabela","Cambaquara, Litoral Norte, Ilha de Sao Sebastiao, Primär-Regenwald (Mata atlantica) am Westabhang, epiphyll; 440m",,,"-23.88052","-45.39913",,,,,"K. Yamada","1986-01-01",,"Radula stenocalyx","Jungermanniopsida","Porellales","Radulaceae","Radula","species","Mont.","ACCEPTED",,,"Radula stenocalyx Mont.",,,,"Radula stenocalyx Mont.","Radula stenocalyx","4R9TY","WGS84",,,,,"GBIF","TAA",,"Schafer-Verwimp",,"1986","Yamada, K.","1986",,"Schafer-Verwimp",,"brazil",,"ilhabela","mata atlantica","cambaquara","country","brazil_NA_ilhabela","brazil_sao paulo_ilhabela",-23.85166951,-45.32677547,"county",1865088,"Radula stenocalyx","Mont.","name_w_authors",,"Radula stenocalyx","Mont.","species","not found",,,,"Radula stenocalyx Mont.","Radula",,"brazil_sao paulo_ilhabela","Brazil","São Paulo","Ilhabela",,"ibge",TRUE,-23.88052,-45.39913,"coord_original","miliseconds","low","Radula stenocalyx","ok_country2municip.","ok_county",,,"no_cannot_check","no_match","TAA_5018910",,"cc","cc",,,,"coord_original","Low","PARQUE ESTADUAL ILHABELA"
,,"http://grscicoll.org/institutional-collection/vascular-plant-herbarium","26901","TAAM","TAA","Eesti soontaimede levikuatlas","PRESERVED_SPECIMEN","TAA5018909",,"Schäfer-Verwimp",,"1986-03-27","1986","3","27",,,,"Brazil","BR",,"São Paulo/State of São Paulo","Ilhabela","Cambaquara, Litoral norte, Ilha de Sao Sebastiao, Regenwald (Mata atlantica primaria) am Westabhang, epiphyll in kleiner Bachschlucht; ca 280m",,,"-23.91211","-45.39877",,,,,"Schäfer-Verwimp","1986-01-01",,"Cololejeunea obliqua","Jungermanniopsida","Porellales","Lejeuneaceae","Cololejeunea","species","(Nees & Mont.) Schiffn.","ACCEPTED",,,"Cololejeunea obliqua (Nees & Mont.) Schiffn.",,,,"Cololejeunea obliqua (Nees & Mont.) Schiffn.","Cololejeunea obliqua","5ZMTR","WGS84",,,,,"GBIF","TAA",,"Schafer-Verwimp",,"1986","Schafer-Verwimp","1986",,"Schafer-Verwimp",,"brazil",,"ilhabela","mata atlantica primaria","cambaquara","country","brazil_NA_ilhabela","brazil_sao paulo_ilhabela",-23.85166951,-45.32677547,"county",1865060,"Cololejeunea obliqua","(Nees & Mont.) Schiffn.","name_w_authors",,"Cololejeunea obliqua","(Nees & Mont.) Schiffn.","species","not found",,,,"Cololejeunea obliqua (Nees & Mont.) Schiffn.","Cololejeunea",,"brazil_sao paulo_ilhabela","Brazil","São Paulo","Ilhabela",,"ibge",TRUE,-23.91211,-45.39877,"coord_original","miliseconds","low","Cololejeunea obliqua","ok_country2municip.","ok_county",,TRUE,"no_cannot_check","no_match","TAA_5018909",,"cc","cc",,,,"coord_original","Low","PARQUE ESTADUAL ILHABELA"
,,"https://specieslink.net/col/1",,"IPA/SP","SP",,"PRESERVED_SPECIMEN","178653","3896","Rosa, NA; Murça Pires, J",,"1980-11-26","1980","11","26",,,,"Brasil","BR","São Paulo",,"Santo André","E.B. do Alto da Serra de Paranapiacaba",,,"-23.75","-45.3",,,,,"Mamede, MCH","2024-04-01",,"Myrsine lancifolia Mart.","Magnoliopsida","Ericales","Primulaceae","Myrsine","species","Mart.","ACCEPTED",,,"Myrsine lancifolia Mart.",,,,"Myrsine lancifolia","Myrsine lancifolia",,"WGS84",,,,,"GBIF","SP","code partially found","Rosa, N.A.","3896","1980","Mamede, M.C.H.","2024","Pires, J.M.","Rosa",,"brazil","sao paulo","santo andre","estacao biologica do alto da serra de paranapiacaba",,"locality","brazil_sao paulo_santo andre_estacao biologica alto serra paranapiacaba","brazil_sao paulo_santo andre_rebio alto serra paranapiacaba (antiga estacao biologica de mesmo nome)",-23.7749458142699,-46.3129910324689,"locality",366980,"Myrsine lancifolia","Mart.","name_w_authors","Primulaceae","Myrsine lancifolia","Mart.","species","name accepted","bfo-10233",,,"Myrsine lancifolia Mart.","Myrsine","Primulaceae","brazil_sao paulo_santo andre_rebio alto serra paranapiacaba (antiga estacao biologica de mesmo nome)","Brazil","São Paulo","Santo André","REBIO do Alto da Serra de Paranapiacaba","gbif_splink",TRUE,-23.75,-45.3,"coord_original","miliseconds","low","Myrsine lancifolia","ok_same_resolution","ok_state",,FALSE,"ok_dist","full_name_match","SP_178653","SP_178653[virtual]","1","0.25","SP_178653","SP_178653","SP_178653","coord_original","Low","PARQUE ESTADUAL ILHABELA"
,,"https://specieslink.net/col/1",,"IPA/SP","SP",,"PRESERVED_SPECIMEN","178670","3899","Rosa, NA; Murça Pires, J",,"1980-11-26","1980","11","26",,,,"Brasil","BR","São Paulo",,"Santo André","E.B. do Alto da Serra de Paranapiacaba",,,"-23.75","-45.3",,,,,"Meneguzzo, TEC","2017-01-01",,"Gomesa flexuosa (G.Lodd.) M.W.Chase & N.H.Williams","Liliopsida","Asparagales","Orchidaceae","Gomesa","species","(Lodd.) M.W.Chase & N.H.Williams","ACCEPTED",,,"Gomesa flexuosa (G.Lodd.) M.W.Chase & N.H.Williams",,,,"Gomesa flexuosa","Gomesa flexuosa",,"WGS84",,,,,"GBIF","SP","code partially found","Rosa, N.A.","3899","1980","Meneguzzo, T.E.C.","2017","Pires, J.M.","Rosa",,"brazil","sao paulo","santo andre","estacao biologica do alto da serra de paranapiacaba",,"locality","brazil_sao paulo_santo andre_estacao biologica alto serra paranapiacaba","brazil_sao paulo_santo andre_rebio alto serra paranapiacaba (antiga estacao biologica de mesmo nome)",-23.7749458142699,-46.3129910324689,"locality",366540,"Gomesa flexuosa","(Lodd.) M.W.Chase & N.H.Williams","name_w_authors","Orchidaceae","Gomesa flexuosa","(Lodd.) M.W.Chase & N.H.Williams","species","author misspelled","bfo-122053",,,"Gomesa flexuosa (Lodd.) M.W.Chase & N.H.Williams","Gomesa","Orchidaceae","brazil_sao paulo_santo andre_rebio alto serra paranapiacaba (antiga estacao biologica de mesmo nome)","Brazil","São Paulo","Santo André","REBIO do Alto da Serra de Paranapiacaba","gbif_splink",TRUE,-23.75,-45.3,"coord_original","miliseconds","low","Gomesa flexuosa","ok_same_resolution","ok_state",,FALSE,"ok_dist","full_name_match","SP_178670","SP_178670[virtual]","1","0.25","SP_178670","SP_178670","SP_178670","coord_original","Low","PARQUE ESTADUAL ILHABELA"
,,,,"MPEG","HERBMG",,"PRESERVED_SPECIMEN","MG076517",,"Rosa, N.A.; Pires, J.M.",,"1980-11-26","1980","11","26",,,,"Brasil","BR","São Paulo","Santo Andre","Santo Andre","Santo André",,,"-23.75","-45.3",,,,,"Meneguzzo, T.E.C.","2013-01-01",,"Promenaea xanthina (Lindl.) Lindl.","Liliopsida","Asparagales","Orchidaceae","Promenaea","species","Lindl.","ACCEPTED",,,"Promenaea xanthina (Lindl.) Lindl.",,,,"Promenaea xanthina","Promenaea xanthina",,,,,,,"GBIF","MG",,"Rosa, N.A.",,"1980","Meneguzzo, T.E.C.","2013","Pires, J.M.","Rosa",,"brazil","sao paulo","santo andre","santo andre",,"locality","brazil_sao paulo_santo andre","brazil_sao paulo_santo andre",-7.24178,-36.6146,"county",16488,"Promenaea stapelioides subsp. xanthina","(Lindl.) Meneguzzo","name_w_authors","Orchidaceae","Promenaea stapelioides subsp. xanthina","(Lindl.) Meneguzzo","subspecies","replaced synonym","bfo-622085","Promenaea stapelioides subsp. xanthina","(Lindl.) Meneguzzo","Promenaea stapelioides subsp. xanthina (Lindl.) Meneguzzo","Promenaea","Orchidaceae","brazil_sao paulo_santo andre","Brazil","São Paulo","Santo André",,"gadm",TRUE,-23.75,-45.3,"coord_original","miliseconds","low","Promenaea stapelioides","check_local.2municip.","ok_state",,FALSE,"ok_dist","full_name_match","MG_76517",,"cc","cc",,,,"coord_original","Low","PARQUE ESTADUAL ILHABELA"
,,"https://specieslink.net/col/1",,"IPA/SP","SP",,"PRESERVED_SPECIMEN","178663","3884","Rosa, NA; Murça Pires, J",,"1980-11-26","1980","11","26",,,,"Brasil","BR","São Paulo",,"Santo André","E.B. do Alto da Serra de Paranapiacaba",,,"-23.75","-45.3",,,,,"Toscano, AL","1997-09-01",,"Phymatidium falcifolium Lindl.","Liliopsida","Asparagales","Orchidaceae","Phymatidium","species","Lindl.","ACCEPTED",,,"Phymatidium falcifolium Lindl.",,,,"Phymatidium falcifolium","Phymatidium falcifolium",,"WGS84",,,,,"GBIF","SP","code partially found","Rosa, N.A.","3884","1980","Toscano, A.L.","1997","Pires, J.M.","Rosa",,"brazil","sao paulo","santo andre","estacao biologica do alto da serra de paranapiacaba",,"locality","brazil_sao paulo_santo andre_estacao biologica alto serra paranapiacaba","brazil_sao paulo_santo andre_rebio alto serra paranapiacaba (antiga estacao biologica de mesmo nome)",-23.7749458142699,-46.3129910324689,"locality",640306,"Phymatidium falcifolium","Lindl.","name_w_authors","Orchidaceae","Phymatidium falcifolium","Lindl.","species","name accepted","bfo-11993",,,"Phymatidium falcifolium Lindl.","Phymatidium","Orchidaceae","brazil_sao paulo_santo andre_rebio alto serra paranapiacaba (antiga estacao biologica de mesmo nome)","Brazil","São Paulo","Santo André","REBIO do Alto da Serra de Paranapiacaba","gbif_splink",TRUE,-23.75,-45.3,"coord_original","miliseconds","low","Phymatidium falcifolium","ok_same_resolution","ok_state",,FALSE,"ok_dist","full_name_match","SP_178663","SP_178663[virtual]","1","0.25","SP_178663","SP_178663","SP_178663","coord_original","Low","PARQUE ESTADUAL ILHABELA"
,,,,"MPEG","HERBMG",,"PRESERVED_SPECIMEN","MG076496","3880","Rosa, N.A.; Pires, J.M.",,"1980-11-26","1980","11","26",,,,"Brasil","BR","São Paulo","Santo Andre","Santo Andre","Santo André",,,"-23.75","-45.3",,,,,"Valdespino, I.A.","1995-01-01",,"Selaginella decomposita Spring","Lycopodiopsida","Selaginellales","Selaginellaceae","Selaginella","species","Spring","ACCEPTED",,,"Selaginella decomposita Spring",,,,"Selaginella decomposita","Selaginella decomposita",,,,,,,"GBIF","MG",,"Rosa, N.A.","3880","1980","Valdespino, I.A.","1995","Pires, J.M.","Rosa",,"brazil","sao paulo","santo andre","santo andre",,"locality","brazil_sao paulo_santo andre","brazil_sao paulo_santo andre",-7.24178,-36.6146,"county",223177,"Selaginella decomposita","Spring","name_w_authors","Selaginellaceae","Selaginella decomposita","Spring","species","name accepted","bfo-92068",,,"Selaginella decomposita Spring","Selaginella","Selaginellaceae","brazil_sao paulo_santo andre","Brazil","São Paulo","Santo André",,"gadm",TRUE,-23.75,-45.3,"coord_original","miliseconds","low","Selaginella decomposita","check_local.2municip.","ok_state",,FALSE,"ok_dist","full_name_match","MG_76496",,"0","0",,,,"coord_original","Low","PARQUE ESTADUAL ILHABELA"
,,"https://specieslink.net/col/1",,"IPA/SP","SP",,"PRESERVED_SPECIMEN","178703","3909","Rosa, NA; Murça Pires, J",,"1980-11-26","1980","11","26",,,,"Brasil","BR","São Paulo",,"Santo André","E.B. do Alto da Serra de Paranapiacaba",,,"-23.75","-45.3",,,,,"Muniz, CFS","1994-01-01",,"Juncus imbricatus Laharpe","Liliopsida","Poales","Juncaceae","Juncus","species","Laharpe","ACCEPTED",,,"Juncus imbricatus Laharpe",,,,"Juncus imbricatus","Juncus imbricatus",,"WGS84",,,,,"GBIF","SP","code partially found","Rosa, N.A.","3909","1980","Muniz, C.F.S.","1994","Pires, J.M.","Rosa",,"brazil","sao paulo","santo andre","estacao biologica do alto da serra de paranapiacaba",,"locality","brazil_sao paulo_santo andre_estacao biologica alto serra paranapiacaba","brazil_sao paulo_santo andre_rebio alto serra paranapiacaba (antiga estacao biologica de mesmo nome)",-23.7749458142699,-46.3129910324689,"locality",366649,"Juncus imbricatus","Laharpe","name_w_authors","Juncaceae","Juncus imbricatus","Laharpe","species","name accepted","bfo-36447",,,"Juncus imbricatus Laharpe","Juncus","Juncaceae","brazil_sao paulo_santo andre_rebio alto serra paranapiacaba (antiga estacao biologica de mesmo nome)","Brazil","São Paulo","Santo André","REBIO do Alto da Serra de Paranapiacaba","gbif_splink",TRUE,-23.75,-45.3,"coord_original","miliseconds","low","Juncus imbricatus","ok_same_resolution","ok_state",,FALSE,"bad_dist","full_name_match","SP_178703","SP_178703[virtual]","1","0.25","SP_178703","SP_178703","SP_178703","coord_original","Low","PARQUE ESTADUAL ILHABELA"
,,,,"MPEG","HERBMG",,"PRESERVED_SPECIMEN","MG076499","3883C","Rosa, N.A.; Pires, J.M.",,"1980-11-26","1980","11","26",,,,"Brasil","BR","São Paulo","Santo Andre","Santo Andre","Santo André",,,"-23.75","-45.3",,,,,"Boudet, F.H.Q.","1994-10-01",,"Bactris setosa Mart.","Liliopsida","Arecales","Arecaceae","Bactris","species","Mart.","ACCEPTED",,,"Bactris setosa Mart.",,,,"Bactris setosa satensis","Bactris setosa",,,,,,,"GBIF","MG",,"Rosa, N.A.","3883-C","1980","Boudet, F.H.Q.","1994","Pires, J.M.","Rosa",,"brazil","sao paulo","santo andre","santo andre",,"locality","brazil_sao paulo_santo andre","brazil_sao paulo_santo andre",-7.24178,-36.6146,"county",223226,"Bactris setosa","Mart.","name_w_authors","Arecaceae","Bactris setosa","Mart.","species","name accepted","bfo-15698",,,"Bactris setosa Mart.","Bactris","Arecaceae","brazil_sao paulo_santo andre","Brazil","São Paulo","Santo André",,"gadm",TRUE,-23.75,-45.3,"coord_original","miliseconds","low","Bactris setosa","check_local.2municip.","ok_state",,FALSE,"ok_dist","full_name_match","MG_76499",,"0","0",,,,"coord_original","Low","PARQUE ESTADUAL ILHABELA"
,,"https://specieslink.net/col/1",,"IPA/SP","SP",,"PRESERVED_SPECIMEN","178649","3891","Rosa, NA; Murça Pires, J",,"1980-11-26","1980","11","26",,,,"Brasil","BR","São Paulo",,"Santo André","E.B. do Alto da Serra de Paranapiacaba",,,"-23.75","-45.3",,,,,"Sugiyama, M","1984-09-04",,"Fuchsia regia (Vand. ex Vell.) Munz","Magnoliopsida","Myrtales","Onagraceae","Fuchsia","species","(Vell.) Munz","ACCEPTED",,,"Fuchsia regia (Vand. ex Vell.) Munz",,,,"Fuchsia regia","Fuchsia regia",,,,,,,"GBIF","SP","code partially found","Rosa, N.A.","3891","1980","Sugiyama, M.","1984","Pires, J.M.","Rosa",,"brazil","sao paulo","santo andre","estacao biologica do alto da serra de paranapiacaba",,"locality","brazil_sao paulo_santo andre_estacao biologica alto serra paranapiacaba","brazil_sao paulo_santo andre_rebio alto serra paranapiacaba (antiga estacao biologica de mesmo nome)",-23.7749458142699,-46.3129910324689,"locality",366666,"Fuchsia regia","(Vell.) Munz","name_w_authors","Onagraceae","Fuchsia regia","(Vell.) Munz","species","author misspelled","bfo-3955",,,"Fuchsia regia (Vell.) Munz","Fuchsia","Onagraceae","brazil_sao paulo_santo andre_rebio alto serra paranapiacaba (antiga estacao biologica de mesmo nome)","Brazil","São Paulo","Santo André","REBIO do Alto da Serra de Paranapiacaba","gbif_splink",TRUE,-23.75,-45.3,"coord_original","miliseconds","low","Fuchsia regia","ok_same_resolution","ok_state",,FALSE,"ok_dist","full_name_match","SP_178649","MG_76507|SP_178649","1","0.25","MG_76507","MG_76507","SP_178649","coord_original","Low","PARQUE ESTADUAL ILHABELA"
,,"https://specieslink.net/col/1",,"IPA/SP","SP",,"PRESERVED_SPECIMEN","178665","3887","Rosa, NA; Murça Pires, J",,"1980-11-26","1980","11","26",,,,"Brasil","BR","São Paulo",,"Santo André","E.B. do Alto da Serra de Paranapiacaba",,,"-23.75","-45.3",,,,,"Muniz, CFS","1983-09-01",,"Pleurostachys sellowii Kunth","Liliopsida","Poales","Cyperaceae","Rhynchospora","species","Kunth","SYNONYM",,,"Rhynchospora foliosa (Kunth) L.B.Sm.",,,,"Pleurostachys sellowii","Rhynchospora foliosa",,"WGS84",,,,,"GBIF","SP","code partially found","Rosa, N.A.","3887","1980","Muniz, C.F.S.","1983","Pires, J.M.","Rosa",,"brazil","sao paulo","santo andre","estacao biologica do alto da serra de paranapiacaba",,"locality","brazil_sao paulo_santo andre_estacao biologica alto serra paranapiacaba","brazil_sao paulo_santo andre_rebio alto serra paranapiacaba (antiga estacao biologica de mesmo nome)",-23.7749458142699,-46.3129910324689,"locality",366579,"Rhynchospora sellowii","(Kunth) W.W.Thomas","name_w_authors","Cyperaceae","Rhynchospora sellowii","(Kunth) W.W.Thomas","species","replaced synonym","bfo-639549","Rhynchospora sellowii","(Kunth) W.W.Thomas","Rhynchospora sellowii (Kunth) W.W.Thomas","Rhynchospora","Cyperaceae","brazil_sao paulo_santo andre_rebio alto serra paranapiacaba (antiga estacao biologica de mesmo nome)","Brazil","São Paulo","Santo André","REBIO do Alto da Serra de Paranapiacaba","gbif_splink",TRUE,-23.75,-45.3,"coord_original","miliseconds","low","Rhynchospora sellowii","ok_same_resolution","ok_state",,FALSE,"no_cannot_check","no_match","SP_178665","SP_178665[virtual]","1","0.25","SP_178665","SP_178665","SP_178665","coord_original","Low","PARQUE ESTADUAL ILHABELA"
,,"https://specieslink.net/col/1",,"IPA/SP","SP",,"PRESERVED_SPECIMEN","178699","3904","Rosa, NA; Murça Pires, J",,"1980-11-26","1980","11","26",,,,"Brasil","BR","São Paulo",,"Santo André","E.B. do Alto da Serra de Paranapiacaba",,,"-23.75","-45.3",,,,,"Muniz, CFS","1983-09-01",,"Pleurostachys urvillei Brongn.","Liliopsida","Poales","Cyperaceae","Rhynchospora","species","Brongn.","SYNONYM",,,"Pleurostachys ulei Boeckeler",,,,"Pleurostachys urvillei","Pleurostachys ulei",,"WGS84",,,,,"GBIF","SP","code partially found","Rosa, N.A.","3904","1980","Muniz, C.F.S.","1983","Pires, J.M.","Rosa",,"brazil","sao paulo","santo andre","estacao biologica do alto da serra de paranapiacaba",,"locality","brazil_sao paulo_santo andre_estacao biologica alto serra paranapiacaba","brazil_sao paulo_santo andre_rebio alto serra paranapiacaba (antiga estacao biologica de mesmo nome)",-23.7749458142699,-46.3129910324689,"locality",366663,"Rhynchospora scalaris","L.B.Sm.","name_w_authors","Cyperaceae","Rhynchospora scalaris","L.B.Sm.","species","replaced synonym","bfo-51821","Rhynchospora scalaris","L.B.Sm.","Rhynchospora scalaris L.B.Sm.","Rhynchospora","Cyperaceae","brazil_sao paulo_santo andre_rebio alto serra paranapiacaba (antiga estacao biologica de mesmo nome)","Brazil","São Paulo","Santo André","REBIO do Alto da Serra de Paranapiacaba","gbif_splink",TRUE,-23.75,-45.3,"coord_original","miliseconds","low","Rhynchospora scalaris","ok_same_resolution","ok_state",,FALSE,"ok_dist","full_name_match","SP_178699","SP_178699[virtual]","1","0.25","SP_178699","SP_178699","SP_178699","coord_original","Low","PARQUE ESTADUAL ILHABELA"
,,"https://specieslink.net/col/1",,"IPA/SP","SP",,"PRESERVED_SPECIMEN","178646","3873","Rosa, NA; Murça Pires, J",,"1980-11-26","1980","11","26",,,,"Brasil","BR","São Paulo",,"Santo André","E.B. do Alto da Serra de Paranapiacaba",,,"-23.75","-45.3",,,,,"Sugiyama, M","1983-10-19",,"Mandevilla pendula (Ule) Woodson","Magnoliopsida","Gentianales","Apocynaceae","Mandevilla","species","(Vell.) Woodson","ACCEPTED",,,"Mandevilla pendula (Ule) Woodson",,,,"Mandevilla pendula","Mandevilla pendula",,,,,,,"GBIF","SP","code partially found","Rosa, N.A.","3873","1980","Sugiyama, M.","1983","Pires, J.M.","Rosa",,"brazil","sao paulo","santo andre","estacao biologica do alto da serra de paranapiacaba",,"locality","brazil_sao paulo_santo andre_estacao biologica alto serra paranapiacaba","brazil_sao paulo_santo andre_rebio alto serra paranapiacaba (antiga estacao biologica de mesmo nome)",-23.7749458142699,-46.3129910324689,"locality",366624,"Mandevilla pendula","(Ule) Woodson","name_w_authors","Apocynaceae","Mandevilla pendula","(Ule) Woodson","species","name accepted","bfo-4668",,,"Mandevilla pendula (Ule) Woodson","Mandevilla","Apocynaceae","brazil_sao paulo_santo andre_rebio alto serra paranapiacaba (antiga estacao biologica de mesmo nome)","Brazil","São Paulo","Santo André","REBIO do Alto da Serra de Paranapiacaba","gbif_splink",TRUE,-23.75,-45.3,"coord_original","miliseconds","low","Mandevilla pendula","ok_same_resolution","ok_state",,FALSE,"ok_dist","full_name_match","SP_178646","MG_76489|SP_178646","1","0.25",,"MG_76489","SP_178646","coord_original","Low","PARQUE ESTADUAL ILHABELA"
,,"https://specieslink.net/col/1",,"IPA/SP","SP",,"PRESERVED_SPECIMEN","178704","3911","Rosa, NA; Murça Pires, J",,"1980-11-26","1980","11","26",,,,"Brasil","BR","São Paulo",,"Santo André","E.B. do Alto da Serra de Paranapiacaba",,,"-23.75","-45.3",,,,,"Kirizawa, M","1983-09-15",,"Geonoma schottiana Mart.","Liliopsida","Arecales","Arecaceae","Geonoma","species","Mart.","ACCEPTED",,,"Geonoma schottiana Mart.",,,,"Geonoma schottiana","Geonoma schottiana",,,,,,,"GBIF","SP","code partially found","Rosa, N.A.","3911","1980","Kirizawa, M.","1983","Pires, J.M.","Rosa",,"brazil","sao paulo","santo andre","estacao biologica do alto da serra de paranapiacaba",,"locality","brazil_sao paulo_santo andre_estacao biologica alto serra paranapiacaba","brazil_sao paulo_santo andre_rebio alto serra paranapiacaba (antiga estacao biologica de mesmo nome)",-23.7749458142699,-46.3129910324689,"locality",366683,"Geonoma schottiana","Mart.","name_w_authors","Arecaceae","Geonoma schottiana","Mart.","species","name accepted","bfo-26579",,,"Geonoma schottiana Mart.","Geonoma","Arecaceae","brazil_sao paulo_santo andre_rebio alto serra paranapiacaba (antiga estacao biologica de mesmo nome)","Brazil","São Paulo","Santo André","REBIO do Alto da Serra de Paranapiacaba","gbif_splink",TRUE,-23.75,-45.3,"coord_original","miliseconds","low","Geonoma schottiana","ok_same_resolution","ok_state",,FALSE,"ok_dist","full_name_match","SP_178704","MG_76526|SP_178704","3","0.75","MG_76526","MG_76526","SP_178704","coord_original","Low","PARQUE ESTADUAL ILHABELA"
,,"https://specieslink.net/col/1",,"IPA/SP","SP",,"PRESERVED_SPECIMEN","178685","3925","Rosa, NA; Murça Pires, J",,"1980-11-26","1980","11","26",,,,"Brasil","BR","São Paulo",,"Santo André","E.B. do Alto da Serra de Paranapiacaba",,,"-23.75","-45.3",,,,,"Chiea, SA","1983-05-01",,"Bertolonia mosenii Cogn.","Magnoliopsida","Myrtales","Melastomataceae","Bertolonia","species","Cogn.","ACCEPTED",,,"Bertolonia mosenii Cogn.",,,,"Bertolonia mosenii","Bertolonia mosenii",,"WGS84",,,,,"GBIF","SP","code partially found","Rosa, N.A.","3925","1980","Chiea, S.A.","1983","Pires, J.M.","Rosa",,"brazil","sao paulo","santo andre","estacao biologica do alto da serra de paranapiacaba",,"locality","brazil_sao paulo_santo andre_estacao biologica alto serra paranapiacaba","brazil_sao paulo_santo andre_rebio alto serra paranapiacaba (antiga estacao biologica de mesmo nome)",-23.7749458142699,-46.3129910324689,"locality",648305,"Bertolonia mosenii","Cogn.","name_w_authors","Melastomataceae","Bertolonia mosenii","Cogn.","species","name accepted","bfo-9424",,,"Bertolonia mosenii Cogn.","Bertolonia","Melastomataceae","brazil_sao paulo_santo andre_rebio alto serra paranapiacaba (antiga estacao biologica de mesmo nome)","Brazil","São Paulo","Santo André","REBIO do Alto da Serra de Paranapiacaba","gbif_splink",TRUE,-23.75,-45.3,"coord_original","miliseconds","low","Bertolonia mosenii","ok_same_resolution","ok_state",,FALSE,"ok_dist","full_name_match","SP_178685","SP_178685[virtual]","1","0.25","SP_178685","SP_178685","SP_178685","coord_original","Low","PARQUE ESTADUAL ILHABELA"
,,"https://specieslink.net/col/31",,"IPA/SP","SP-ALGAE",,"PRESERVED_SPECIMEN","96372",,"A.B.Joly & E.C.Oliveira",,"1963-07-07","1963","7","7",,,,"Brasil","BR","São Paulo",,"Ilha Bela","Ilha Vitória",,,"-23.745556","-45.015",,,,,"A.B.Joly",,,"Derbesia marina (Lyngb.) Solier","Ulvophyceae","Bryopsidales","Derbesiaceae","Derbesia","species","(Lyngbye) Solier","ACCEPTED",,,"Derbesia marina (Lyngb.) Solier",,,,"Derbesia marina (Lyngb.) Solier","Derbesia marina",,"WGS84",,,,,"GBIF","SP-ALGAE","code not found","Joly, A.B.",,"1963","Joly, A.B.",,"Oliveira, E.C.","Joly",,"brazil","sao paulo","ilha bela","ilha vitoria",,"locality","brazil_sao paulo_ilha bela","brazil_sao paulo_ilhabela",-23.85166951,-45.32677547,"county",1837791,"Derbesia marina","(Lyngb.) Solier","name_w_authors",,"Derbesia marina","(Lyngb.) Solier","species","not found",,,,"Derbesia marina (Lyngb.) Solier","Derbesia",,"brazil_sao paulo_ilhabela","Brazil","São Paulo","Ilhabela",,"ibge",TRUE,-23.745556,-45.015,"coord_original","miliseconds","low","Derbesia marina","check_local.2municip.","ok_country",,FALSE,"no_cannot_check","no_match","SP-ALGAE_96372",,"cc","cc",,,,"coord_original","Low","PARQUE ESTADUAL ILHABELA"
,,"https://specieslink.net/col/31",,"IPA/SP","SP-ALGAE",,"PRESERVED_SPECIMEN","96064",,"A.B. Joly",,"1963-07-07","1963","7","7",,,,"Brasil","BR","São Paulo",,,"Ilha Vitória",,,"-23.738611","-45.022778",,,,,"C.W.N. Moura",,,"Amphiroa beauvoisii J.V.Lamour.","Florideophyceae","Corallinales","Lithophyllaceae","Amphiroa","species","J.V.Lamouroux","ACCEPTED",,,"Amphiroa beauvoisii J.V.Lamour.",,,,"Amphiroa beauvoisii J.V.Lamour.","Amphiroa beauvoisii",,"WGS84",,,,,"GBIF","SP-ALGAE","code not found","Joly, A.B.",,"1963","Moura, C.W.N.",,,"Joly",,"brazil","sao paulo","ilha vitoria","ilha vitoria",,"locality","brazil_sao paulo_ilha vitoria","brazil_sao paulo",-22.2584562,-48.7420254,"state",1837649,"Amphiroa beauvoisii","J.V.Lamour.","name_w_authors",,"Amphiroa beauvoisii","J.V.Lamour.","species","not found",,,,"Amphiroa beauvoisii J.V.Lamour.","Amphiroa","Violaceae","brazil_sao paulo","Brazil","São Paulo",,,"gadm",TRUE,-23.738611,-45.022778,"coord_original","seconds","low","Amphiroa beauvoisii","check_local.2state","ok_state",,FALSE,"no_cannot_check","no_match","SP-ALGAE_96064",,"cc","cc",,,,"coord_original","Low","PARQUE ESTADUAL ILHABELA"
,,"urn:uuid:60e28f81-e634-4869-aa3e-732caed713c8",,"US","US","NMNH Extant Biology","PRESERVED_SPECIMEN","US 73318","1","W. L. Schmitt",,"1925","1925",,,"-- Sep 1925 to -- Oct 1925",,,"Brazil","BR","São Paulo",,,"Villa Belha, Sao Sebastiao Island",,,,,,,,,"Algae name updating Project",,,"Tricleocarpa fragilis (L.) Huisman & R.A.Towns.","Florideophyceae","Nemaliales","Galaxauraceae","Tricleocarpa","species","(L.) Huisman & R.A. Towns.","ACCEPTED",,,"Tricleocarpa fragilis (L.) Huisman & R.A.Towns.",,,,"Tricleocarpa fragilis (L.) Huisman & R.A.Towns.","Tricleocarpa fragilis",,,"https://collections.nmnh.si.edu/media/?i=16085800",,,,"GBIF","US",,"Schmitt, W.L.","1","1925","Project, A.N.U.",,,"Schmitt",,"brazil","sao paulo","villa belha","villa belha",,"locality","brazil_sao paulo_villa bella","brazil_sao paulo",-22.2584562,-48.7420254,"state",1832915,"Tricleocarpa fragilis","(L.) Huisman & R.A.Towns.","name_w_authors",,"Tricleocarpa fragilis","(L.) Huisman & R.A.Towns.","species","not found",,,,"Tricleocarpa fragilis (L.) Huisman & R.A.Towns.","Tricleocarpa",,"brazil_sao paulo","Brazil","São Paulo",,,"gadm",TRUE,-23.852944,-45.332945,"coord_original","miliseconds","low","Tricleocarpa fragilis","check_local.2state","ok_state",,,"no_cannot_check","no_match","US_73318","Algae_673957|US_73318","1","0.25","US_73318","Algae_673957","Algae_673957","coord_original","Low","PARQUE ESTADUAL ILHABELA"
,,"urn:uuid:60e28f81-e634-4869-aa3e-732caed713c8",,"US","US","NMNH Extant Biology","PRESERVED_SPECIMEN","US 76458","2","W. L. Schmitt",,"1925","1925",,,"-- Sep 1925 to -- Oct 1925",,,"Brazil","BR","São Paulo",,,"Villa Bella, Sao Sebastiao Island",,,,,,,,,"Algae name updating Project",,,"Palisada perforata","Florideophyceae","Ceramiales","Rhodomelaceae","Palisada","species","(Bory) K.W.Nam","ACCEPTED",,,"Palisada perforata (Bory) K.W.Nam",,,,"Palisada perforata (Bory) K.W.Nam","Palisada perforata",,,"https://collections.nmnh.si.edu/media/?i=16072228",,,,"GBIF","US",,"Schmitt, W.L.","2","1925","Project, A.N.U.",,,"Schmitt",,"brazil","sao paulo","villa bella","villa bella",,"locality","brazil_sao paulo_villa bella","brazil_sao paulo",-22.2584562,-48.7420254,"state",1832814,"Palisada perforata","(Bory) K.W.Nam","name_w_authors",,"Palisada perforata","(Bory) K.W.Nam","species","not found",,,,"Palisada perforata (Bory) K.W.Nam","Palisada",,"brazil_sao paulo","Brazil","São Paulo",,,"gadm",TRUE,-23.852944,-45.332945,"coord_original","miliseconds","low","Palisada perforata","check_local.2state","ok_state",,FALSE,"no_cannot_check","no_match","US_76458","Algae_665389|NY_2216829|US_76458","2","0.5","US_76458","Algae_665389","Algae_665389","coord_original","Low","PARQUE ESTADUAL ILHABELA"
,,"urn:uuid:60e28f81-e634-4869-aa3e-732caed713c8",,"US","US","NMNH Extant Biology","PRESERVED_SPECIMEN","US 70959","15","W. L. Schmitt",,"1925","1925",,,"-- Sep 1925 to -- Oct 1925",,,"Brazil","BR","São Paulo",,,"Villa Bella, Sao Sebastiao Island",,,,,,,,,"Silva, P. C.",,,"Codium taylorii","Ulvophyceae","Bryopsidales","Codiaceae","Codium","species","P.C.Silva","ACCEPTED",,,"Codium taylorii P.C.Silva",,,,"Codium taylorii P.C.Silva","Codium taylorii",,,"https://collections.nmnh.si.edu/media/?i=16103331",,,,"GBIF","US",,"Schmitt, W.L.","15","1925","Silva, P.C.",,,"Schmitt",,"brazil","sao paulo","villa bella","villa bella",,"locality","brazil_sao paulo_villa bella","brazil_sao paulo",-22.2584562,-48.7420254,"state",1832930,"Codium taylorii","P.C.Silva","name_w_authors",,"Codium taylorii","P.C.Silva","species","not found",,,,"Codium taylorii P.C.Silva","Codium","Euphorbiaceae","brazil_sao paulo","Brazil","São Paulo",,,"gadm",TRUE,-23.852944,-45.332945,"coord_original","miliseconds","low","Codium taylorii","check_local.2state","ok_state",,TRUE,"no_cannot_check","no_match","US_70959","Algae_726986|MICH_726986|US_70959","4","1","US_70959","Algae_726986","Algae_726986","coord_original","Low","PARQUE ESTADUAL ILHABELA"
,,"urn:uuid:60e28f81-e634-4869-aa3e-732caed713c8",,"US","US","NMNH Extant Biology","PRESERVED_SPECIMEN","US 52736","21","W. L. Schmitt",,"1925","1925",,,"-- Sep 1925 to -- Oct 1925",,,"Brazil","BR","São Paulo",,,"Villa Bella, Sao Sebastiao Island",,,,,,,,,"Silva, P. C.",,,"Codium isthmocladum","Ulvophyceae","Bryopsidales","Codiaceae","Codium","species","Vickers","ACCEPTED",,,"Codium isthmocladum Vickers",,,,"Codium isthmocladum Vickers","Codium isthmocladum",,,"https://collections.nmnh.si.edu/media/?i=16109146",,,,"GBIF","US",,"Schmitt, W.L.","21","1925","Silva, P.C.",,,"Schmitt",,"brazil","sao paulo","villa bella","villa bella",,"locality","brazil_sao paulo_villa bella","brazil_sao paulo",-22.2584562,-48.7420254,"state",1832769,"Codium isthmocladum","Vickers","name_w_authors",,"Codium isthmocladum","Vickers","species","not found",,,,"Codium isthmocladum Vickers","Codium","Euphorbiaceae","brazil_sao paulo","Brazil","São Paulo",,,"gadm",TRUE,-23.852944,-45.332945,"coord_original","miliseconds","low","Codium isthmocladum","check_local.2state","ok_state",,FALSE,"no_cannot_check","no_match","US_52736","Algae_726667|MICH_726667|US_52736","4","1","US_52736","Algae_726667","Algae_726667","coord_original","Low","PARQUE ESTADUAL ILHABELA"
,,"urn:uuid:60e28f81-e634-4869-aa3e-732caed713c8",,"US","US","NMNH Extant Biology","PRESERVED_SPECIMEN","US 70964","25","W. L. Schmitt",,"1925","1925",,,"-- Sep 1925 to -- Oct 1925",,,"Brazil","BR","São Paulo",,,"Villa Bella, Ilha Sao Sebastiao",,,,,,,,,"Silva, P. C.",,,"Codium decorticatum","Ulvophyceae","Bryopsidales","Codiaceae","Codium","species","(Woodw.) M.A.Howe","ACCEPTED",,,"Codium decorticatum (Woodw.) M.A.Howe",,,,"Codium decorticatum (Woodw.) M.A.Howe","Codium decorticatum",,,"https://collections.nmnh.si.edu/media/?i=16111557",,,,"GBIF","US",,"Schmitt, W.L.","25","1925","Silva, P.C.",,,"Schmitt",,"brazil","sao paulo","villa bella","villa bella",,"locality","brazil_sao paulo_villa bella","brazil_sao paulo",-22.2584562,-48.7420254,"state",1832860,"Codium decorticatum","(Woodw.) M.A.Howe","name_w_authors",,"Codium decorticatum","(Woodw.) M.A.Howe","species","not found",,,,"Codium decorticatum (Woodw.) M.A.Howe","Codium","Euphorbiaceae","brazil_sao paulo","Brazil","São Paulo",,,"gadm",TRUE,-23.852944,-45.332945,"coord_original","miliseconds","low","Codium decorticatum","check_local.2state","ok_state",,TRUE,"no_cannot_check","no_match","US_70964","Algae_726276|MICH_726276|US_70964","4","1","US_70964","Algae_726276","Algae_726276","coord_original","Low","PARQUE ESTADUAL ILHABELA"
,,"urn:uuid:60e28f81-e634-4869-aa3e-732caed713c8",,"US","US","NMNH Extant Biology","PRESERVED_SPECIMEN","US 69485","11","W. L. Schmitt",,"1925","1925",,,"-- Sep 1925 to -- Oct 1925",,,"Brazil","BR","São Paulo",,,"Villa Bella, Sao Sebastiao Island",,,,,,,,,"Algae name updating Project",,,"Caulerpa chemnitzia (Esper) J.V.Lamour.","Ulvophyceae","Bryopsidales","Caulerpaceae","Caulerpa","species","(Setch. & N.L. Gardner) Fern.-Garcia & Riosm.-Rod.","ACCEPTED",,,"Caulerpa chemnitzia (Esper) J.V.Lamour.",,,,"Caulerpa chemnitzia (Esper) J.V.Lamour.","Caulerpa chemnitzia",,,"https://collections.nmnh.si.edu/media/?i=16107437",,,,"GBIF","US",,"Schmitt, W.L.","11","1925","Project, A.N.U.",,,"Schmitt",,"brazil","sao paulo","villa bella","villa bella",,"locality","brazil_sao paulo_villa bella","brazil_sao paulo",-22.2584562,-48.7420254,"state",1832894,"Caulerpa chemnitzia","(Esper) J.V.Lamour.","name_w_authors",,"Caulerpa chemnitzia","(Esper) J.V.Lamour.","species","not found",,,,"Caulerpa chemnitzia (Esper) J.V.Lamour.","Caulerpa","Orchidaceae","brazil_sao paulo","Brazil","São Paulo",,,"gadm",TRUE,-23.852944,-45.332945,"coord_original","miliseconds","low","Caulerpa chemnitzia","check_local.2state","ok_state",,,"no_cannot_check","no_match","US_69485","Algae_725316|MICH_725316|US_69485","1","0.25","Algae_725316","Algae_725316","Algae_725316","coord_original","Low","PARQUE ESTADUAL ILHABELA"
,,,,"FAPESP","SINBIOTA",,"OCCURRENCE","14514",,,,,"2002","6","26",,,,"Brasil",,"São Paulo","São Sebastião","São Sebastião","_",,,"-23.936899","-45.2836",,,,,,,,"Condalia",,,"Rhamnaceae","Condalia",,,,"-23.936899","-45.2836",,,,,"Condalia",,,,,,,,"Splink","SINBIOTA","code not found",,,"2002",,,,,,"brazil","sao paulo","sao sebastiao","",,"locality","brazil_sao paulo_sao sebastiao","brazil_sao paulo_sao sebastiao",-23.75242089,-45.60629823,"county",1686925,"Coccocypselum|Condalia","P.Browne|Cav.","indet","Rubiaceae|Rhamnaceae","Coccocypselum|Condalia","P.Browne|Cav.","genus","check +1 name|replaced synonym","bfo-13876|bfo-108411","Coccocypselum|Condalia","P.Browne|Cav.","Coccocypselum P.Browne|Condalia Cav.","Coccocypselum|Condalia","Rubiaceae|Rhamnaceae","brazil_sao paulo_sao sebastiao","Brazil","São Paulo","São Sebastião",,"gadm",TRUE,-23.936899,-45.2836,"coord_original","miliseconds","unknown",,"check_local.2municip.","ok_state",,FALSE,"no_cannot_check","no_match","SINBIOTA_14514",,"cc","cc",,,,"coord_original","Low","PARQUE ESTADUAL ILHABELA"
,,,,"FAPESP","SINBIOTA",,"OCCURRENCE","8972",,,"<nO>Profundidade média 20,3m.</nO>",,"2001","5","15",,,"<nO>Profundidade média 20,3m.</nO>","Brasil",,"São Paulo","São Sebastião","São Sebastião","Ilha de São Sebastião",,,"-23.893299","-45.4408",,,,,,,,"Chione paphia",,,"Rubiaceae","Chione",,,,"-23.893299","-45.4408",,,,,"Chione paphia","paphia",,,,,,,"Splink","SINBIOTA","code not found",,,"2001",,,,,,"brazil","sao paulo","sao sebastiao","ilha de sao sebastiao",,"locality","brazil_sao paulo_sao sebastiao","brazil_sao paulo_sao sebastiao",-23.75242089,-45.60629823,"county",1890375,"Chione paphia",,"possibly_ok",,"Chione paphia",,"species","not found",,,,"Chione paphia","Chione","Rubiaceae","brazil_sao paulo_sao sebastiao","Brazil","São Paulo","São Sebastião",,"gadm",TRUE,-23.893299,-45.4408,"coord_original","miliseconds","unknown","Chione paphia","check_local.2municip.","ok_state",,,"no_cannot_check","no_match","SINBIOTA_8972",,"cc","cc",,,,"coord_original","Low","PARQUE ESTADUAL ILHABELA"
,,,,,"MO-DUPLICATES",,"PRESERVED_SPECIMEN","90087486","11647",,,,"1989","9","6",,,,"Brasil",,"São Paulo",,,"Ilha de Sao Sebastian, regenwald an der Sudkuste , auf schattigem Felsblock in der Bachschlucht des Ribeirao do Frade.",,,"-23.8333333","-45.3",,,,,,,,"Holomitrium",,,"Dicranaceae","Holomitrium",,,,"-23.8333333","-45.3",,,,,"Holomitrium",,,,,,,,"Splink","MO-DUPLICATES","code not found",,"11647","1989",,,,,,"brazil","sao paulo","ilha de sao sebastian","ilha de sao sebastian",,"locality","brazil_sao paulo_ilha sao sebastian","brazil_sao paulo",-22.2584562,-48.7420254,"state",1910377,"Holomitrium sp.",,"indet",,"Holomitrium sp.",,"genus","not found",,,,"Holomitrium sp.","Holomitrium",,"brazil_sao paulo","Brazil","São Paulo",,,"gadm",TRUE,-23.8333333,-45.3,"coord_original","miliseconds","unknown",,"check_local.2state","ok_state",,FALSE,"no_cannot_check","no_match","MO-DUPLICATES_90087486",,"cc","cc",,,,"coord_original","Low","PARQUE ESTADUAL ILHABELA"
,,,,"K","K",,"PRESERVED_SPECIMEN","K001181456","3894",,,,"1980","11","26",,,,"Brasil",,"São Paulo","Ilhabela","Ilhabela","Amazônia; São Paulo, Sto. André, reserva Biológica do alto da serra Paranapiacaba.",,,"-23.75","-45.3",,,,,,,,"Croton priscus",,,"Euphorbiaceae","Croton",,,,"-23.75","-45.3",,,,,,"priscus",,,,,,"K001181456","Splink","K",,,"3894","1980",,,,,,"brazil","sao paulo","ilhabela","reserva biologica do alto da serra paranapiacaba","amazonia","locality","brazil_sao paulo_ilhabela","brazil_sao paulo_ilhabela",-23.85166951,-45.32677547,"county",915398,"Croton priscus","Croizat","possibly_ok","Euphorbiaceae","Croton priscus","Croizat","species","name accepted","bfo-35902",,,"Croton priscus Croizat","Croton","Euphorbiaceae","brazil_sao paulo_ilhabela","Brazil","São Paulo","Ilhabela",,"ibge",TRUE,-23.75,-45.3,"coord_original","miliseconds","unknown","Croton priscus","check_local.2municip.","ok_county",,FALSE,"ok_dist","full_name_match","K_1181456",,"0","0",,,,"coord_original","Low","PARQUE ESTADUAL ILHABELA"
,,,,"IB USP","OBIS_BR",,,"1951",,,,,"1963","7","9",,,,"Brasil",,"São Paulo","Ilhabela","Ilhabela","Praia da Figueira",,,"-23.8833","-45.2825",,,,,,,,"Sargassum vulgare",,,"Sargassaceae","Sargassum",,,,"-23.8833","-45.2825",,,,,"Sargassum vulgare","vulgare",,,,,,,"Splink","OBIS_BR","code not found",,,"1963",,,,,,"brazil","sao paulo","ilhabela","praia da figueira",,"locality","brazil_sao paulo_ilhabela","brazil_sao paulo_ilhabela",-23.85166951,-45.32677547,"county",1907520,"Sargassum vulgare",,"possibly_ok",,"Sargassum vulgare",,"species","not found",,,,"Sargassum vulgare","Sargassum",,"brazil_sao paulo_ilhabela","Brazil","São Paulo","Ilhabela",,"ibge",TRUE,-23.8833,-45.2825,"coord_original","miliseconds","unknown","Sargassum vulgare","check_local.2municip.","ok_county",,FALSE,"no_cannot_check","no_match","OBIS_BR_1951",,"cc","cc",,,,"coord_original","Low","PARQUE ESTADUAL ILHABELA"
,,,,"IB USP","OBIS_BR",,,"3012",,,"<nO>First Label: Laurencia papillosa</nO>",,"1963","1","24",,,"<nO>First Label: Laurencia papillosa</nO>","Brasil",,"São Paulo","Ilhabela","Ilhabela","Praia da Figueira",,,"-23.8833","-45.2825",,,,,,,,"Plocamium brasiliense",,,"Plocamiaceae","Plocamium",,,,"-23.8833","-45.2825",,,,,"Plocamium brasiliense","brasiliense",,,,,,,"Splink","OBIS_BR","code not found",,,"1963",,,,,,"brazil","sao paulo","ilhabela","praia da figueira",,"locality","brazil_sao paulo_ilhabela","brazil_sao paulo_ilhabela",-23.85166951,-45.32677547,"county",1908398,"Plocamium brasiliense",,"possibly_ok",,"Plocamium brasiliense",,"species","not found",,,,"Plocamium brasiliense","Plocamium",,"brazil_sao paulo_ilhabela","Brazil","São Paulo","Ilhabela",,"ibge",TRUE,-23.8833,-45.2825,"coord_original","miliseconds","unknown","Plocamium brasiliense","check_local.2municip.","ok_county",,FALSE,"no_cannot_check","no_match","OBIS_BR_3012",,"cc","cc",,,,"coord_original","Low","PARQUE ESTADUAL ILHABELA"
,,,,"IB USP","OBIS_BR",,,"2638",,,"<nO>Synonym for Sebdenia flabellata (J. Agardh) P.G. Parkinson</nO>",,"1963","9","4",,,"<nO>Synonym for Sebdenia flabellata (J. Agardh) P.G. Parkinson</nO>","Brasil",,"São Paulo","Ilhabela","Ilhabela","Praia da Figueira",,,"-23.8833","-45.2825",,,,,,,,"Halymenia agardhii",,,"Halymeniaceae","Halymenia",,,,"-23.8833","-45.2825",,,,,"Halymenia agardhii","agardhii",,,,,,,"Splink","OBIS_BR","code not found",,,"1963",,,,,,"brazil","sao paulo","ilhabela","praia da figueira",,"locality","brazil_sao paulo_ilhabela","brazil_sao paulo_ilhabela",-23.85166951,-45.32677547,"county",1908120,"Halymenia agardhii",,"possibly_ok",,"Halymenia agardhii",,"species","not found",,,,"Halymenia agardhii","Halymenia",,"brazil_sao paulo_ilhabela","Brazil","São Paulo","Ilhabela",,"ibge",TRUE,-23.8833,-45.2825,"coord_original","miliseconds","unknown","Halymenia agardhii","check_local.2municip.","ok_county",,,"no_cannot_check","no_match","OBIS_BR_2638",,"cc","cc",,,,"coord_original","Low","PARQUE ESTADUAL ILHABELA"
,,,,"IB USP","OBIS_BR",,,"3309",,,,,"1963","7","9",,,,"Brasil",,"São Paulo","Ilhabela","Ilhabela","Praia da Figueira",,,"-23.8833","-45.2825",,,,,,,,"Gymnothamnion elegans",,,"Ceramiaceae","Gymnothamnion",,,,"-23.8833","-45.2825",,,,,"Gymnothamnion elegans","elegans",,,,,,,"Splink","OBIS_BR","code not found",,,"1963",,,,,,"brazil","sao paulo","ilhabela","praia da figueira",,"locality","brazil_sao paulo_ilhabela","brazil_sao paulo_ilhabela",-23.85166951,-45.32677547,"county",1905411,"Gymnothamnion elegans",,"possibly_ok",,"Gymnothamnion elegans",,"species","not found",,,,"Gymnothamnion elegans","Gymnothamnion",,"brazil_sao paulo_ilhabela","Brazil","São Paulo","Ilhabela",,"ibge",TRUE,-23.8833,-45.2825,"coord_original","miliseconds","unknown","Gymnothamnion elegans","check_local.2municip.","ok_county",,,"no_cannot_check","no_match","OBIS_BR_3309",,"cc","cc",,,,"coord_original","Low","PARQUE ESTADUAL ILHABELA"
,,,,"IB USP","OBIS_BR",,,"1643",,,,,"1963","7","9",,,,"Brasil",,"São Paulo","Ilhabela","Ilhabela","Praia da Figueira",,,"-23.8833","-45.2825",,,,,,,,"Dictyota cervicornis",,,"Dictyotaceae","Dictyota",,,,"-23.8833","-45.2825",,,,,"Dictyota cervicornis","cervicornis",,,,,,,"Splink","OBIS_BR","code not found",,,"1963",,,,,,"brazil","sao paulo","ilhabela","praia da figueira",,"locality","brazil_sao paulo_ilhabela","brazil_sao paulo_ilhabela",-23.85166951,-45.32677547,"county",1905042,"Dictyota cervicornis",,"possibly_ok",,"Dictyota cervicornis",,"species","not found",,,,"Dictyota cervicornis","Dictyota","Burmanniaceae","brazil_sao paulo_ilhabela","Brazil","São Paulo","Ilhabela",,"ibge",TRUE,-23.8833,-45.2825,"coord_original","miliseconds","unknown","Dictyota cervicornis","check_local.2municip.","ok_county",,FALSE,"no_cannot_check","no_match","OBIS_BR_1643",,"cc","cc",,,,"coord_original","Low","PARQUE ESTADUAL ILHABELA"
,,,,"IB USP","OBIS_BR",,,"27247",,,,,"1963","4","8",,,,"Brasil",,"São Paulo","Ilhabela","Ilhabela","Praia da Figueira",,,"-23.8833","-45.2825",,,,,,,,"Chaetomorpha antennina",,,"Cladophoraceae","Chaetomorpha",,,,"-23.8833","-45.2825",,,,,"Chaetomorpha antennina","antennina",,,,,,,"Splink","OBIS_BR","code not found",,,"1963",,,,,,"brazil","sao paulo","ilhabela","praia da figueira",,"locality","brazil_sao paulo_ilhabela","brazil_sao paulo_ilhabela",-23.85166951,-45.32677547,"county",1908237,"Chaetomorpha antennina",,"possibly_ok",,"Chaetomorpha antennina",,"species","not found",,,,"Chaetomorpha antennina","Chaetomorpha","Apocynaceae","brazil_sao paulo_ilhabela","Brazil","São Paulo","Ilhabela",,"ibge",TRUE,-23.8833,-45.2825,"coord_original","miliseconds","unknown","Chaetomorpha antennina","check_local.2municip.","ok_county",,FALSE,"no_cannot_check","no_match","OBIS_BR_27247",,"cc","cc",,,,"coord_original","Low","PARQUE ESTADUAL ILHABELA"
,,,,"IB USP","OBIS_BR",,,"3927",,,"<nO>Synonym for Bostrychia tenella (J.V. Lamouroux) J. Agardh</nO>",,"1963","7","9",,,"<nO>Synonym for Bostrychia tenella (J.V. Lamouroux) J. Agardh</nO>","Brasil",,"São Paulo","Ilhabela","Ilhabela","Praia da Figueira",,,"-23.8833","-45.2825",,,,,,,,"Bostrychia binderi",,,"Rhodomelaceae","Bostrychia",,,,"-23.8833","-45.2825",,,,,"Bostrychia binderi","binderi",,,,,,,"Splink","OBIS_BR","code not found",,,"1963",,,,,,"brazil","sao paulo","ilhabela","praia da figueira",,"locality","brazil_sao paulo_ilhabela","brazil_sao paulo_ilhabela",-23.85166951,-45.32677547,"county",1901280,"Bostrychia binderi",,"possibly_ok",,"Bostrychia binderi",,"species","not found",,,,"Bostrychia binderi","Bostrychia",,"brazil_sao paulo_ilhabela","Brazil","São Paulo","Ilhabela",,"ibge",TRUE,-23.8833,-45.2825,"coord_original","miliseconds","unknown","Bostrychia binderi","check_local.2municip.","ok_county",,FALSE,"no_cannot_check","no_match","OBIS_BR_3927",,"cc","cc",,,,"coord_original","Low","PARQUE ESTADUAL ILHABELA"
,,,,"IB USP","OBIS_BR",,,"54554",,,,,"1963","1","26",,,,"Brasil",,"São Paulo","Ilhabela","Ilhabela","Praia da Figueira",,,"-23.8833","-45.2825",,,,,,,,"Acrochaetium",,,"Acrochaetiaceae","Acrochaetium",,,,"-23.8833","-45.2825",,,,,"Acrochaetium",,,,,,,,"Splink","OBIS_BR","code not found",,,"1963",,,,,,"brazil","sao paulo","ilhabela","praia da figueira",,"locality","brazil_sao paulo_ilhabela","brazil_sao paulo_ilhabela",-23.85166951,-45.32677547,"county",1908324,"Acrochaetium sp.",,"indet",,"Acrochaetium sp.",,"genus","not found",,,,"Acrochaetium sp.","Acrochaetium","Pteridaceae","brazil_sao paulo_ilhabela","Brazil","São Paulo","Ilhabela",,"ibge",TRUE,-23.8833,-45.2825,"coord_original","miliseconds","unknown",,"check_local.2municip.","ok_county",,,"no_cannot_check","no_match","OBIS_BR_54554",,"cc","cc",,,,"coord_original","Low","PARQUE ESTADUAL ILHABELA"
,,,,"IB USP","OBIS_BR",,,"2037",,,"<nO>Synonym for Ganonema farinosum (J.V. Lamouroux) K.C. Fan and Y.C. Wang</nO>",,"1950","7","26",,,"<nO>Synonym for Ganonema farinosum (J.V. Lamouroux) K.C. Fan and Y.C. Wang</nO>","Brasil",,"São Paulo","Ilhabela","Ilhabela","Praia da Figueira",,,"-23.8833","-45.2825",,,,,,,,"Liagora farinosa",,,"Liagoraceae","Liagora",,,,"-23.8833","-45.2825",,,,,"Liagora farinosa","farinosa",,,,,,,"Splink","OBIS_BR","code not found",,,"1950",,,,,,"brazil","sao paulo","ilhabela","praia da figueira",,"locality","brazil_sao paulo_ilhabela","brazil_sao paulo_ilhabela",-23.85166951,-45.32677547,"county",1902466,"Liagora farinosa",,"possibly_ok",,"Liagora farinosa",,"species","not found",,,,"Liagora farinosa","Liagora",,"brazil_sao paulo_ilhabela","Brazil","São Paulo","Ilhabela",,"ibge",TRUE,-23.8833,-45.2825,"coord_original","miliseconds","unknown","Liagora farinosa","check_local.2municip.","ok_county",,,"no_cannot_check","no_match","OBIS_BR_2037",,"cc","cc",,,,"coord_original","Low","PARQUE ESTADUAL ILHABELA"
,,,,"MICH","MICH",,"PRESERVED_SPECIMEN","672340","52",,,,"1948","2","09",,,,"Brasil",,"São Paulo",,,"Villa Belha, Sao Sebastiao Island",,,"-23.852944","-45.332945",,,,,,,,"Solieria filiformis",,,"Areschougiaceae","Solieria",,,,"-23.852944","-45.332945",,,,,"Solieria filiformis","filiformis",,,,,,,"Splink","MICH",,,"52","1948",,,,,,"brazil","sao paulo","villa belha","villa belha",,"locality","brazil_sao paulo_villa belha","brazil_sao paulo",-22.2584562,-48.7420254,"state",1904599,"Solieria filiformis",,"possibly_ok",,"Solieria filiformis",,"species","not found",,,,"Solieria filiformis","Solieria",,"brazil_sao paulo","Brazil","São Paulo",,,"gadm",TRUE,-23.852944,-45.332945,"coord_original","miliseconds","unknown","Solieria filiformis","check_local.2state","ok_state",,,"no_cannot_check","no_match","MICH_672340",,"cc","cc",,,,"coord_original","Low","PARQUE ESTADUAL ILHABELA"
,,,,"MICH","MICH",,"PRESERVED_SPECIMEN","610630","67",,,,"1948","2","09",,,,"Brasil",,"São Paulo",,,"Villa Bela, Ilha Sao Sebastiao",,,"-23.852944","-45.332945",,,,,,,,"Sargassum acinarium",,,"Sargassaceae","Sargassum",,,,"-23.852944","-45.332945",,,,,"Sargassum acinarium","acinarium",,,,,,,"Splink","MICH",,,"67","1948",,,,,,"brazil","sao paulo","villa bela","villa bela",,"locality","brazil_sao paulo_villa bela","brazil_sao paulo",-22.2584562,-48.7420254,"state",1878869,"Sargassum acinarium",,"possibly_ok",,"Sargassum acinarium",,"species","not found",,,,"Sargassum acinarium","Sargassum",,"brazil_sao paulo","Brazil","São Paulo",,,"gadm",TRUE,-23.852944,-45.332945,"coord_original","miliseconds","unknown","Sargassum acinarium","check_local.2state","ok_state",,,"no_cannot_check","no_match","MICH_610630",,"cc","cc",,,,"coord_original","Low","PARQUE ESTADUAL ILHABELA"
,,,,"MICH","MICH",,"PRESERVED_SPECIMEN","659316","64",,,,"1948","2","09",,,,"Brazil",,"São Paulo",,,"Villa Bela, Ilha Sao Sebastiao",,,"-23.852944","-45.332945",,,,,,,,"Hypnea cervicornis",,,"Hypneaceae","Hypnea",,,,"-23.852944","-45.332945",,,,,"Hypnea cervicornis","cervicornis",,,,,,,"Splink","MICH",,,"64","1948",,,,,,"brazil","sao paulo","villa bela","villa bela",,"locality","brazil_sao paulo_villa bela","brazil_sao paulo",-22.2584562,-48.7420254,"state",1914717,"Hypnea cervicornis",,"possibly_ok",,"Hypnea cervicornis",,"species","not found",,,,"Hypnea cervicornis","Hypnea","Lamiaceae","brazil_sao paulo","Brazil","São Paulo",,,"gadm",TRUE,-23.852944,-45.332945,"coord_original","miliseconds","unknown","Hypnea cervicornis","check_local.2state","ok_state",,FALSE,"no_cannot_check","no_match","MICH_659316","Algae_659316|MICH_659316","1","0.25","Algae_659316","Algae_659316","Algae_659316","coord_original","Low","PARQUE ESTADUAL ILHABELA"
,,,,"MICH","MICH",,"PRESERVED_SPECIMEN","658602","109",,,,"1948","8","20",,,,"Brasil",,"São Paulo",,,"Ilha Bela, Sao Sebastiao Island",,,"-23.852944","-45.332945",,,,,,,,"Hydropuntia caudata",,,"Gracilariaceae","Hydropuntia",,,,"-23.852944","-45.332945",,,,,"Hydropuntia caudata","caudata",,,,,,,"Splink","MICH",,,"109","1948",,,,,,"brazil","sao paulo","ilha bela","ilha bela",,"locality","brazil_sao paulo_ilha bela","brazil_sao paulo_ilhabela",-23.85166951,-45.32677547,"county",1904576,"Hydropuntia caudata",,"possibly_ok",,"Hydropuntia caudata",,"species","not found",,,,"Hydropuntia caudata","Hydropuntia",,"brazil_sao paulo_ilhabela","Brazil","São Paulo","Ilhabela",,"ibge",TRUE,-23.852944,-45.332945,"coord_original","miliseconds","unknown","Hydropuntia caudata","check_local.2municip.","ok_county",,,"no_cannot_check","no_match","MICH_658602",,"cc","cc",,,,"coord_original","Low","PARQUE ESTADUAL ILHABELA"
,,,,"MICH","MICH",,"PRESERVED_SPECIMEN","635864","102",,,,"1948","8","20",,,,"Brasil",,"São Paulo",,,"Ilha Bela, I. Sao Sebastiao",,,"-23.852944","-45.332945",,,,,,,,"Hincksia mitchelliae",,,"Acinetosporaceae","Hincksia",,,,"-23.852944","-45.332945",,,,,"Hincksia mitchelliae","mitchelliae",,,,,,,"Splink","MICH",,,"102","1948",,,,,,"brazil","sao paulo","ilha bela","ilha bela",,"locality","brazil_sao paulo_ilha bela","brazil_sao paulo_ilhabela",-23.85166951,-45.32677547,"county",1904573,"Hincksia mitchelliae",,"possibly_ok",,"Hincksia mitchelliae",,"species","not found",,,,"Hincksia mitchelliae","Hincksia","Rubiaceae","brazil_sao paulo_ilhabela","Brazil","São Paulo","Ilhabela",,"ibge",TRUE,-23.852944,-45.332945,"coord_original","miliseconds","unknown","Hincksia mitchelliae","check_local.2municip.","ok_county",,,"no_cannot_check","no_match","MICH_635864",,"0","0",,,,"coord_original","Low","PARQUE ESTADUAL ILHABELA"
,,,,"IB USP","OBIS_BR",,,"3288",,,"<nO>Synonym for Anotrichium tenue (C. Agardh) Nageli</nO>",,"1948","9","4",,,"<nO>Synonym for Anotrichium tenue (C. Agardh) Nageli</nO>","Brasil",,"São Paulo","Ilhabela","Ilhabela","Praia da Figueira",,,"-23.8833","-45.2825",,,,,,,,"Griffithsia tenuis",,,"Ceramiaceae","Griffithsia",,,,"-23.8833","-45.2825",,,,,"Griffithsia tenuis","tenuis",,,,,,,"Splink","OBIS_BR","code not found",,,"1948",,,,,,"brazil","sao paulo","ilhabela","praia da figueira",,"locality","brazil_sao paulo_ilhabela","brazil_sao paulo_ilhabela",-23.85166951,-45.32677547,"county",1905402,"Griffithsia tenuis",,"possibly_ok",,"Griffithsia tenuis",,"species","not found",,,,"Griffithsia tenuis","Griffithsia","Amaryllidaceae","brazil_sao paulo_ilhabela","Brazil","São Paulo","Ilhabela",,"ibge",TRUE,-23.8833,-45.2825,"coord_original","miliseconds","unknown","Griffithsia tenuis","check_local.2municip.","ok_county",,,"no_cannot_check","no_match","OBIS_BR_3288",,"cc","cc",,,,"coord_original","Low","PARQUE ESTADUAL ILHABELA"
,,,,"MICH","MICH",,"PRESERVED_SPECIMEN","655524","59",,,,"1948","2","09",,,,"Brasil",,"São Paulo",,,"Villa Bella, Sao Sebastiao Island",,,"-23.852944","-45.332945",,,,,,,,"Gracilaria cervicornis",,,"Gracilariaceae","Gracilaria",,,,"-23.852944","-45.332945",,,,,"Gracilaria cervicornis","cervicornis",,,,,,,"Splink","MICH",,,"59","1948",,,,,,"brazil","sao paulo","villa bella","villa bella",,"locality","brazil_sao paulo_villa bella","brazil_sao paulo",-22.2584562,-48.7420254,"state",1904570,"Gracilaria cervicornis",,"possibly_ok",,"Gracilaria cervicornis",,"species","not found",,,,"Gracilaria cervicornis","Gracilaria",,"brazil_sao paulo","Brazil","São Paulo",,,"gadm",TRUE,-23.852944,-45.332945,"coord_original","miliseconds","unknown","Gracilaria cervicornis","check_local.2state","ok_state",,FALSE,"no_cannot_check","no_match","MICH_655524",,"cc","cc",,,,"coord_original","Low","PARQUE ESTADUAL ILHABELA"
,,,,"MICH","MICH",,"PRESERVED_SPECIMEN","653316","98",,,,"1948","5","01",,,,"Brasil",,"São Paulo",,,"Ilha Belha, Ilha Sao Sebastiao",,,"-23.852944","-45.332945",,,,,,,,"Ganonema farinosum",,,"Liagoraceae","Ganonema",,,,"-23.852944","-45.332945",,,,,"Ganonema farinosum","farinosum",,,,,,,"Splink","MICH",,,"98","1948",,,,,,"brazil","sao paulo","ilha belha","ilha belha",,"locality","brazil_sao paulo_ilha belha","brazil_sao paulo",-22.2584562,-48.7420254,"state",1914709,"Ganonema farinosum",,"possibly_ok",,"Ganonema farinosum",,"species","not found",,,,"Ganonema farinosum","Ganonema",,"brazil_sao paulo","Brazil","São Paulo",,,"gadm",TRUE,-23.852944,-45.332945,"coord_original","miliseconds","unknown","Ganonema farinosum","check_local.2state","ok_state",,,"no_cannot_check","no_match","MICH_653316",,"cc","cc",,,,"coord_original","Low","PARQUE ESTADUAL ILHABELA"
,,,,"MICH","MICH",,"PRESERVED_SPECIMEN","633936","100",,,,"1948","8","20",,,,"Brasil",,"São Paulo",,,"Ilha Bela, I. Sao Sebastiao",,,"-23.852944","-45.332945",,,,,,,,"Dictyota ciliolata",,,"Dictyotaceae","Dictyota",,,,"-23.852944","-45.332945",,,,,"Dictyota ciliolata","ciliolata",,,,,,,"Splink","MICH",,,"100","1948",,,,,,"brazil","sao paulo","ilha bela","ilha bela",,"locality","brazil_sao paulo_ilha bela","brazil_sao paulo_ilhabela",-23.85166951,-45.32677547,"county",1914708,"Dictyota ciliolata",,"possibly_ok",,"Dictyota ciliolata",,"species","not found",,,,"Dictyota ciliolata","Dictyota","Burmanniaceae","brazil_sao paulo_ilhabela","Brazil","São Paulo","Ilhabela",,"ibge",TRUE,-23.852944,-45.332945,"coord_original","miliseconds","unknown","Dictyota ciliolata","check_local.2municip.","ok_county",,FALSE,"no_cannot_check","no_match","MICH_633936",,"0","0",,,,"coord_original","Low","PARQUE ESTADUAL ILHABELA"
,,,,"MICH","MICH",,"PRESERVED_SPECIMEN","633107","56",,,,"1948","2","09",,,,"Brasil",,"São Paulo",,,"VillaBela, I. Sao Sebastiao, Brasil = Ilhabela",,,"-23.852944","-45.332945",,,,,,,,"Dictyopteris plagiogramma",,,"Dictyotaceae","Dictyopteris",,,,"-23.852944","-45.332945",,,,,"Dictyopteris plagiogramma","plagiogramma",,,,,,,"Splink","MICH",,,"56","1948",,,,,,"brazil","sao paulo","villabela","villabela",,"locality","brazil_sao paulo_villabela","brazil_sao paulo",-22.2584562,-48.7420254,"state",1914706,"Dictyopteris plagiogramma",,"possibly_ok",,"Dictyopteris plagiogramma",,"species","not found",,,,"Dictyopteris plagiogramma","Dictyopteris",,"brazil_sao paulo","Brazil","São Paulo",,,"gadm",TRUE,-23.852944,-45.332945,"coord_original","miliseconds","unknown","Dictyopteris plagiogramma","check_local.2state","ok_state",,FALSE,"no_cannot_check","no_match","MICH_633107",,"cc","cc",,,,"coord_original","Low","PARQUE ESTADUAL ILHABELA"
,,,,"MICH","MICH",,"PRESERVED_SPECIMEN","631316","89",,,,"1948","5","01",,,,"Brasil",,"São Paulo",,,"Ilha Bela, I. Sao Sebastiao",,,"-23.852944","-45.332945",,,,,,,,"Chnoospora minima",,,"Chordariaceae","Chnoospora",,,,"-23.852944","-45.332945",,,,,"Chnoospora minima","minima",,,,,,,"Splink","MICH",,,"89","1948",,,,,,"brazil","sao paulo","ilha bela","ilha bela",,"locality","brazil_sao paulo_ilha bela","brazil_sao paulo_ilhabela",-23.85166951,-45.32677547,"county",1914698,"Chnoospora minima",,"possibly_ok",,"Chnoospora minima",,"species","not found",,,,"Chnoospora minima","Chnoospora",,"brazil_sao paulo_ilhabela","Brazil","São Paulo","Ilhabela",,"ibge",TRUE,-23.852944,-45.332945,"coord_original","miliseconds","unknown","Chnoospora minima","check_local.2municip.","ok_county",,FALSE,"no_cannot_check","no_match","MICH_631316",,"cc","cc",,,,"coord_original","Low","PARQUE ESTADUAL ILHABELA"
,,,,"MICH","MICH",,"PRESERVED_SPECIMEN","645780","88",,,,"1948","5","01",,,,"Brazil",,"São Paulo",,,"Ilha Bela, I. Sao Sebastiao",,,"-23.852944","-45.332945",,,,,,,,"Centroceras clavulatum",,,"Ceramiaceae","Centroceras",,,,"-23.852944","-45.332945",,,,,"Centroceras clavulatum","clavulatum",,,,,,,"Splink","MICH",,,"88","1948",,,,,,"brazil","sao paulo","ilha bela","ilha bela",,"locality","brazil_sao paulo_ilha bela","brazil_sao paulo_ilhabela",-23.85166951,-45.32677547,"county",1904629,"Centroceras clavulatum",,"possibly_ok",,"Centroceras clavulatum",,"species","not found",,,,"Centroceras clavulatum","Centroceras","Fabaceae","brazil_sao paulo_ilhabela","Brazil","São Paulo","Ilhabela",,"ibge",TRUE,-23.852944,-45.332945,"coord_original","miliseconds","unknown","Centroceras clavulatum","check_local.2municip.","ok_county",,FALSE,"no_cannot_check","no_match","MICH_645780","Algae_645780|MICH_645780","1","0.25","Algae_645780","Algae_645780","Algae_645780","coord_original","Low","PARQUE ESTADUAL ILHABELA"
,,,,"MICH","MICH",,"PRESERVED_SPECIMEN","668941","92",,,,"1948","5","01",,,,"Brasil",,"São Paulo",,,"Ilha Bela, Sao Sebastiao Island",,,"-23.852944","-45.332945",,,,,,,,"Porphyra",,,"Bangiaceae","Porphyra",,,,"-23.852944","-45.332945",,,,,"Porphyra",,,,,,,,"Splink","MICH",,,"92","1948",,,,,,"brazil","sao paulo","ilha bela","ilha bela",,"locality","brazil_sao paulo_ilha bela","brazil_sao paulo_ilhabela",-23.85166951,-45.32677547,"county",1878901,"Porphyra sp.",,"indet",,"Porphyra sp.",,"genus","not found",,,,"Porphyra sp.","Porphyra",,"brazil_sao paulo_ilhabela","Brazil","São Paulo","Ilhabela",,"ibge",TRUE,-23.852944,-45.332945,"coord_original","miliseconds","unknown",,"check_local.2municip.","ok_county",,FALSE,"no_cannot_check","no_match","MICH_668941",,"cc","cc",,,,"coord_original","Low","PARQUE ESTADUAL ILHABELA"
,,,,"MICH","MICH",,"PRESERVED_SPECIMEN","730155","66",,,,"1948","2","09",,,,"Brazil",,"São Paulo",,,"Villa Bela, Ilha Sao Sebastiao",,,"-23.852944","-45.332945",,,,,,,,"Monostroma",,,"Monostromataceae","Monostroma",,,,"-23.852944","-45.332945",,,,,"Monostroma",,,,,,,,"Splink","MICH",,,"66","1948",,,,,,"brazil","sao paulo","villa bela","villa bela",,"locality","brazil_sao paulo_villa bela","brazil_sao paulo",-22.2584562,-48.7420254,"state",1904582,"Monostroma sp.",,"indet",,"Monostroma sp.",,"genus","not found",,,,"Monostroma sp.","Monostroma","Rapateaceae","brazil_sao paulo","Brazil","São Paulo",,,"gadm",TRUE,-23.852944,-45.332945,"coord_original","miliseconds","unknown",,"check_local.2state","ok_state",,FALSE,"no_cannot_check","no_match","MICH_730155","Algae_730155|MICH_730155","1","0.25","Algae_730155","Algae_730155","Algae_730155","coord_original","Low","PARQUE ESTADUAL ILHABELA"
,,,,"MICH","MICH",,"PRESERVED_SPECIMEN","676056","26",,,,"1926","9",,,,,"Brazil",,"São Paulo",,,"Villa Bella, Sao Sebastiao Island",,,"-23.852944","-45.332945",,,,,,,,"Jania capillacea",,,"Corallinaceae","Jania",,,,"-23.852944","-45.332945",,,,,"Jania capillacea","capillacea",,,,,,,"Splink","MICH",,,"26","1926",,,,,,"brazil","sao paulo","villa bella","villa bella",,"locality","brazil_sao paulo_villa bella","brazil_sao paulo",-22.2584562,-48.7420254,"state",1904581,"Jania capillacea",,"possibly_ok",,"Jania capillacea",,"species","not found",,,,"Jania capillacea","Jania","Malpighiaceae","brazil_sao paulo","Brazil","São Paulo",,,"gadm",TRUE,-23.852944,-45.332945,"coord_original","miliseconds","unknown","Jania capillacea","check_local.2state","ok_state",,FALSE,"no_cannot_check","no_match","MICH_676056","Algae_659994|Algae_676056|MICH_659994|MICH_676056|US_75677","1","0.25","US_75677","Algae_659994","Algae_659994","coord_original","Low","PARQUE ESTADUAL ILHABELA"
,,,,"MICH","MICH",,"PRESERVED_SPECIMEN","735303","14",,,,"1925","9",,,,,"Brazil",,"São Paulo",,,"Villa Bella, Ilha Sao Sebastiao",,,"-23.852944","-45.332945",,,,,,,,"Ulva rigida",,,"Ulvaceae","Ulva",,,,"-23.852944","-45.332945",,,,,"Ulva rigida","rigida",,,,,,,"Splink","MICH",,,"14","1925",,,,,,"brazil","sao paulo","villa bella","villa bella",,"locality","brazil_sao paulo_villa bella","brazil_sao paulo",-22.2584562,-48.7420254,"state",1914735,"Ulva rigida",,"possibly_ok",,"Ulva rigida",,"species","not found",,,,"Ulva rigida","Ulva","Cyperaceae","brazil_sao paulo","Brazil","São Paulo",,,"gadm",TRUE,-23.852944,-45.332945,"coord_original","miliseconds","unknown","Ulva rigida","check_local.2state","ok_state",,FALSE,"no_cannot_check","no_match","MICH_735303","Algae_735303|MICH_735303|NY_2140577|US_55021","1","0.25",,"Algae_735303","Algae_735303","coord_original","Low","PARQUE ESTADUAL ILHABELA"
,,,,"MICH","MICH",,"PRESERVED_SPECIMEN","610501","7",,,,"1925","9",,,,,"Brasil",,"São Paulo",,,"Villa Bella, Ilha S. Sebastiao",,,"-23.852944","-45.332945",,,,,,,,"Sargassum ramifolium",,,"Sargassaceae","Sargassum",,,,"-23.852944","-45.332945",,,,,"Sargassum ramifolium","ramifolium",,,,,,,"Splink","MICH",,,"7","1925",,,,,,"brazil","sao paulo","villa bella","villa bella",,"locality","brazil_sao paulo_villa bella","brazil_sao paulo",-22.2584562,-48.7420254,"state",1904598,"Sargassum ramifolium",,"possibly_ok",,"Sargassum ramifolium",,"species","not found",,,,"Sargassum ramifolium","Sargassum",,"brazil_sao paulo","Brazil","São Paulo",,,"gadm",TRUE,-23.852944,-45.332945,"coord_original","miliseconds","unknown","Sargassum ramifolium","check_local.2state","ok_state",,,"no_cannot_check","no_match","MICH_610501",,"cc","cc",,,,"coord_original","Low","PARQUE ESTADUAL ILHABELA"
,,,,"MICH","MICH",,"PRESERVED_SPECIMEN","629032","4",,,,"1925","9",,,,,"Brasil",,"São Paulo",,,"Villa Bella, Ilha S. Sebastiao",,,"-23.852944","-45.332945",,,,,,,,"Sargassum furcatum",,,"Sargassaceae","Sargassum",,,,"-23.852944","-45.332945",,,,,"Sargassum furcatum","furcatum",,,,,,,"Splink","MICH",,,"4","1925",,,,,,"brazil","sao paulo","villa bella","villa bella",,"locality","brazil_sao paulo_villa bella","brazil_sao paulo",-22.2584562,-48.7420254,"state",1904597,"Sargassum furcatum",,"possibly_ok",,"Sargassum furcatum",,"species","not found",,,,"Sargassum furcatum","Sargassum",,"brazil_sao paulo","Brazil","São Paulo",,,"gadm",TRUE,-23.852944,-45.332945,"coord_original","miliseconds","unknown","Sargassum furcatum","check_local.2state","ok_state",,FALSE,"no_cannot_check","no_match","MICH_629032",,"cc","cc",,,,"coord_original","Low","PARQUE ESTADUAL ILHABELA"
,,,,"MICH","MICH",,"PRESERVED_SPECIMEN","635891","10",,,,"1925","9",,,,,"Brasil",,"São Paulo",,,"Villa Bella, Ilha S. Sebastiao",,,"-23.852944","-45.332945",,,,,,,,"Hydroclathrus clathratus",,,"Chordariaceae","Hydroclathrus",,,,"-23.852944","-45.332945",,,,,"Hydroclathrus clathratus","clathratus",,,,,,,"Splink","MICH",,,"10","1925",,,,,,"brazil","sao paulo","villa bella","villa bella",,"locality","brazil_sao paulo_villa bella","brazil_sao paulo",-22.2584562,-48.7420254,"state",1904575,"Hydroclathrus clathratus",,"possibly_ok",,"Hydroclathrus clathratus",,"species","not found",,,,"Hydroclathrus clathratus","Hydroclathrus","Hydrocharitaceae","brazil_sao paulo","Brazil","São Paulo",,,"gadm",TRUE,-23.852944,-45.332945,"coord_original","miliseconds","unknown","Hydroclathrus clathratus","check_local.2state","ok_state",,,"no_cannot_check","no_match","MICH_635891",,"0","0",,,,"coord_original","Low","PARQUE ESTADUAL ILHABELA"
,,,,"MICH","MICH",,"PRESERVED_SPECIMEN","632780","19",,,,"1925","9",,,,,"Brasil",,"São Paulo",,,"Villa Bella, Ilha S. Sebastiao",,,"-23.852944","-45.332945",,,,,,,,"Dictyopteris delicatula",,,"Dictyotaceae","Dictyopteris",,,,"-23.852944","-45.332945",,,,,"Dictyopteris delicatula","delicatula",,,,,,,"Splink","MICH",,,"19","1925",,,,,,"brazil","sao paulo","villa bella","villa bella",,"locality","brazil_sao paulo_villa bella","brazil_sao paulo",-22.2584562,-48.7420254,"state",1914705,"Dictyopteris delicatula",,"possibly_ok",,"Dictyopteris delicatula",,"species","not found",,,,"Dictyopteris delicatula","Dictyopteris",,"brazil_sao paulo","Brazil","São Paulo",,,"gadm",TRUE,-23.852944,-45.332945,"coord_original","miliseconds","unknown","Dictyopteris delicatula","check_local.2state","ok_state",,FALSE,"no_cannot_check","no_match","MICH_632780",,"cc","cc",,,,"coord_original","Low","PARQUE ESTADUAL ILHABELA"
,,,,"MICH","MICH",,"PRESERVED_SPECIMEN","725316","11",,,,"1925","9",,,,,"Brazil",,"São Paulo",,,"Villa Bella, Sao Sebastiao Island",,,"-23.852944","-45.332945",,,,,,,,"Cladophora vagabunda",,,"Cladophoraceae","Cladophora",,,,"-23.852944","-45.332945",,,,,"Cladophora vagabunda","vagabunda",,,,,,,"Splink","MICH",,,"11","1925",,,,,,"brazil","sao paulo","villa bella","villa bella",,"locality","brazil_sao paulo_villa bella","brazil_sao paulo",-22.2584562,-48.7420254,"state",1914700,"Cladophora vagabunda",,"possibly_ok",,"Cladophora vagabunda",,"species","not found",,,,"Cladophora vagabunda","Cladophora","Loasaceae","brazil_sao paulo","Brazil","São Paulo",,,"gadm",TRUE,-23.852944,-45.332945,"coord_original","miliseconds","unknown","Cladophora vagabunda","check_local.2state","ok_state",,FALSE,"no_cannot_check","no_match","MICH_725316","Algae_725316|MICH_725316|US_69485","1","0.25","Algae_725316","Algae_725316","Algae_725316","coord_original","Low","PARQUE ESTADUAL ILHABELA"
,,,,"MICH","MICH",,"PRESERVED_SPECIMEN","631038","16",,,,"1925","9",,,,,"Brasil",,"São Paulo",,,"Villa Bella, Ilha S. Sebastiao",,,"-23.852944","-45.332945",,,,,,,,"Canistrocarpus cervicornis",,,"Dictyotaceae","Canistrocarpus",,,,"-23.852944","-45.332945",,,,,"Canistrocarpus cervicornis","cervicornis",,,,,,,"Splink","MICH",,,"16","1925",,,,,,"brazil","sao paulo","villa bella","villa bella",,"locality","brazil_sao paulo_villa bella","brazil_sao paulo",-22.2584562,-48.7420254,"state",1882191,"Canistrocarpus cervicornis",,"possibly_ok",,"Canistrocarpus cervicornis",,"species","not found",,,,"Canistrocarpus cervicornis","Canistrocarpus","Bromeliaceae","brazil_sao paulo","Brazil","São Paulo",,,"gadm",TRUE,-23.852944,-45.332945,"coord_original","miliseconds","unknown","Canistrocarpus cervicornis","check_local.2state","ok_state",,,"no_cannot_check","no_match","MICH_631038",,"0","0",,,,"coord_original","Low","PARQUE ESTADUAL ILHABELA"
,,,,"MICH","MICH",,"PRESERVED_SPECIMEN","641878","24",,,,"1925","9",,,,,"Brasil",,"São Paulo",,,"Villa Bella, Ilha S. Sebastiao",,,"-23.852944","-45.332945",,,,,,,,"Anotrichium tenue",,,"Ceramiaceae","Anotrichium",,,,"-23.852944","-45.332945",,,,,"Anotrichium tenue","tenue",,,,,,,"Splink","MICH",,,"24","1925",,,,,,"brazil","sao paulo","villa bella","villa bella",,"locality","brazil_sao paulo_villa bella","brazil_sao paulo",-22.2584562,-48.7420254,"state",1882180,"Anotrichium tenue",,"possibly_ok",,"Anotrichium tenue",,"species","not found",,,,"Anotrichium tenue","Anotrichium",,"brazil_sao paulo","Brazil","São Paulo",,,"gadm",TRUE,-23.852944,-45.332945,"coord_original","miliseconds","unknown","Anotrichium tenue","check_local.2state","ok_state",,FALSE,"no_cannot_check","no_match","MICH_641878",,"cc","cc",,,,"coord_original","Low","PARQUE ESTADUAL ILHABELA"
,,,,"MICH","MICH",,"PRESERVED_SPECIMEN","640243","29",,,,"1925","9",,,,,"Brazil",,"São Paulo",,,"Villa Bella, Ilha S. Sebastiao",,,"-23.852944","-45.332945",,,,,,,,"Acanthophora muscoides",,,"Rhodomelaceae","Acanthophora",,,,"-23.852944","-45.332945",,,,,"Acanthophora muscoides","muscoides",,,,,,,"Splink","MICH",,,"29","1925",,,,,,"brazil","sao paulo","villa bella","villa bella",,"locality","brazil_sao paulo_villa bella","brazil_sao paulo",-22.2584562,-48.7420254,"state",1914736,"Acanthophora muscoides",,"possibly_ok",,"Acanthophora muscoides",,"species","not found",,,,"Acanthophora muscoides","Acanthophora","Araliaceae","brazil_sao paulo","Brazil","São Paulo",,,"gadm",TRUE,-23.852944,-45.332945,"coord_original","miliseconds","unknown","Acanthophora muscoides","check_local.2state","ok_state",,,"no_cannot_check","no_match","MICH_640243","Algae_640243|MICH_640243","1","0.25","Algae_640243","Algae_640243","Algae_640243","coord_original","Low","PARQUE ESTADUAL ILHABELA"
,,,,"MICH","MICH",,"PRESERVED_SPECIMEN","634857","27",,,,"1925","9",,,,,"Brasil",,"São Paulo",,,"Villa Bella, Sao Sebastiao Ilha",,,"-23.852944","-45.332945",,,,,,,,"Ectocarpus",,,"Ectocarpaceae","Ectocarpus",,,,"-23.852944","-45.332945",,,,,"Ectocarpus",,,,,,,,"Splink","MICH",,,"27","1925",,,,,,"brazil","sao paulo","villa bella","villa bella",,"locality","brazil_sao paulo_villa bella","brazil_sao paulo",-22.2584562,-48.7420254,"state",1904645,"Ectocarpus sp.",,"indet",,"Ectocarpus sp.",,"genus","not found",,,,"Ectocarpus sp.","Ectocarpus",,"brazil_sao paulo","Brazil","São Paulo",,,"gadm",TRUE,-23.852944,-45.332945,"coord_original","miliseconds","unknown",,"check_local.2state","ok_state",,FALSE,"no_cannot_check","no_match","MICH_634857",,"cc","cc",,,,"coord_original","Low","PARQUE ESTADUAL ILHABELA"
,,"https://specieslink.net/col/32",,"USP-IB","SPF-ALGAE",,"PRESERVED_SPECIMEN","57926",,"E.C.Oliveira & F.Nauer",,"2009-07-23","2009","7","23",,,,"Brasil","BR","São Paulo",,"Ubatuba","Praia Lagoinha",,,"-23.875214","-45.319806",,,,,,,,"Halymenia floridana J.Agardh","Florideophyceae","Halymeniales","Halymeniaceae","Halymenia","species","J.Agardh","ACCEPTED",,,"Halymenia floridana J.Agardh",,,,"Halymenia floridana J.Agardh","Halymenia floridana",,"WGS84",,,,,"GBIF","SPF-ALGAE","code not found","Oliveira, E.C.",,"2009",,,"Nauer, F.","Oliveira",,"brazil","sao paulo","ubatuba","praia lagoinha",,"locality","brazil_sao paulo_ubatuba","brazil_sao paulo_ubatuba",-23.37925694,-45.02408879,"county",1871022,"Halymenia floridana","J.Agardh","name_w_authors",,"Halymenia floridana","J.Agardh","species","not found",,,,"Halymenia floridana J.Agardh","Halymenia",,"brazil_sao paulo_ubatuba","Brazil","São Paulo","Ubatuba",,"ibge",TRUE,-23.875214,-45.319806,"coord_original","miliseconds","unknown","Halymenia floridana","check_local.2municip.","ok_state",,FALSE,"no_cannot_check","no_match","SPF-ALGAE_57926",,"cc","cc",,,,"coord_original","Low","PARQUE ESTADUAL ILHABELA"
,,,,"MNHN","P",,"PRESERVED_SPECIMEN","P00684950",,"Pignal, M.;Romaniuc Neto, S.","Planta herbácea. Flor branco desmaiado","2000-07-28","2000","7","28",,,"Planta herbácea. Flor branco desmaiado","Brasil","BR",,,,"São Paulo : Ilhabela","São Paulo : Ilhabela",,"-23.85722","-45.29583",,,,,,,,"Asclepiadaceae","Magnoliopsida","Gentianales","Asclepiadaceae",,"family",,"ACCEPTED",,,"Asclepiadaceae",,,,"Genre indet.",,,,,,,,"GBIF","P",,"Pignal, M.",,"2000",,,"Romaniuc Neto, S.","Pignal",,"brazil",,"sao paulo","sao paulo",,"country","brazil_NA_sao paulo","brazil_sao paulo_sao paulo",-23.65041685,-46.64802516,"county",1758469,"Apocynaceae","Juss.","family_as_genus","Asclepiadaceae","Apocynaceae","Juss.","family","replaced synonym","bfo-48","Apocynaceae","Juss.","Apocynaceae Juss.",,"Asclepiadaceae","brazil_sao paulo_sao paulo","Brazil","São Paulo","São Paulo",,"ibge",TRUE,-23.85722,-45.29583,"coord_original","miliseconds","unknown",,"ok_country2municip.","ok_state",,FALSE,"no_cannot_check","full_name_match","P_684950",,"cc","cc",,,,"coord_original","Low","PARQUE ESTADUAL ILHABELA"
,,"https://specieslink.net/col/57",,"UNESP-IBILCE","SJRP-ALGAE",,"PRESERVED_SPECIMEN","32035",,"Branco, C.C.Z. & Necchi, O.Jr",,"1993-08-20","1993","8","20",,,,"Brasil","BR","São Paulo",,"Ilhabela","Ilha de São Sebastião,Cachoeira da Toca",,,"-23.833333","-45.3",,,,,,,,"Hildenbrandia","Florideophyceae","Hildenbrandiales","Hildenbrandiaceae","Hildenbrandia","genus","Nardo, 1834","ACCEPTED",,,"Hildenbrandia Nardo, 1834",,,,"Hildenbrandia Nardo, 1834",,,"WGS84",,,,,"GBIF","SJRP-ALGAE","code not found","Branco, C.C.Z.",,"1993",,,"Necchi, O.J.","Branco",,"brazil","sao paulo","ilhabela","ilha de sao sebastiao",,"locality","brazil_sao paulo_ilhabela","brazil_sao paulo_ilhabela",-23.85166951,-45.32677547,"county",1857697,"Hildenbrandia","Nardo, 1834","name_w_authors",,"Hildenbrandia","Nardo, 1834","genus","not found",,,,"Hildenbrandia Nardo, 1834","Hildenbrandia","Begoniaceae","brazil_sao paulo_ilhabela","Brazil","São Paulo","Ilhabela",,"ibge",TRUE,-23.833333,-45.3,"coord_original","minutes","unknown",,"check_local.2municip.","ok_county",,FALSE,"no_cannot_check","no_match","SJRP-ALGAE_32035",,"cc","cc",,,,"coord_original","Low","PARQUE ESTADUAL ILHABELA"
,,,,"SMF","FR",,"PRESERVED_SPECIMEN","FR-0239576",,,,"1991-04-06","1991","4","6",,,,"Brazil","BR",,,,"SAO PAULO. ILHA DE SAO SEBASTIAO, am Rio DA TOCA",,,"-23.783333","-45.35",,,,,,,,"Leucophanes molleri","Bryopsida","Dicranales","Calymperaceae","Leucophanes","species","Müll.Hal.","ACCEPTED",,,"Leucophanes molleri Müll.Hal.",,,,"Leucophanes molleri Müll.Hal.","Leucophanes molleri",,,,,,,"GBIF","FR","code partially found",,,"1991",,,,,,"brazil",,"sao paulo","sao paulo",,"country","brazil_NA_sao paulo","brazil_sao paulo_sao paulo",-23.65041685,-46.64802516,"county",1862296,"Leucophanes molleri","Müll.Hal.","name_w_authors",,"Leucophanes molleri","Müll.Hal.","species","not found",,,,"Leucophanes molleri Müll.Hal.","Leucophanes",,"brazil_sao paulo_sao paulo","Brazil","São Paulo","São Paulo",,"ibge",TRUE,-23.783333,-45.35,"coord_original","minutes","unknown","Leucophanes molleri","ok_country2municip.","ok_state",,FALSE,"no_cannot_check","no_match","FR_239576",,"cc","cc",,,,"coord_original","Low","PARQUE ESTADUAL ILHABELA"
,,,,"SMF","FR",,"PRESERVED_SPECIMEN","FR-0388381",,,,"1991-04-06","1991","4","6",,,,"Brazil","BR",,,,"BRASIL. SAO PAULO, LITORAL NORTE, ILHA DE SAO SEBASTIAO, am RIO DA TOCA",,,"-23.783333","-45.35",,,,,,,,"Cyclolejeunea luteola","Jungermanniopsida","Porellales","Lejeuneaceae","Cyclolejeunea","species","(Spruce) Grolle","ACCEPTED",,,"Cyclolejeunea luteola (Spruce) Grolle",,,,"Cyclolejeunea luteola (Spruce) Grolle","Cyclolejeunea luteola",,,,,,,"GBIF","FR","code partially found",,,"1991",,,,,,"brazil",,"brasil","brasil",,"country","brazil","brazil",-10.74257447,-53.08032013,"country",1867011,"Cyclolejeunea luteola","(Spruce) Grolle","name_w_authors",,"Cyclolejeunea luteola","(Spruce) Grolle","species","not found",,,,"Cyclolejeunea luteola (Spruce) Grolle","Cyclolejeunea",,"brazil","Brazil",,,,"gadm",TRUE,-23.783333,-45.35,"coord_original","minutes","unknown","Cyclolejeunea luteola","ok_same_resolution","ok_country",,FALSE,"no_cannot_check","no_match","FR_388381",,"cc","cc",,,,"coord_original","Low","PARQUE ESTADUAL ILHABELA"
,,"https://scientific-collections.gbif.org/collection/c54dfec0-d9d1-48db-bb57-38846544e117",,"S","S-Bryophytes",,"PRESERVED_SPECIMEN","B97352",,"Schäfer-Verwimp, Verwimp",,"1990-10-07","1990","10","7",,"Regenwald, am Westabhang (Weg F-l), epiphytisch",,"Brazil","BR","São Paulo",,,"Brasil, São Paulo, Litoral Norte, Ilha de São Sebastião, Regenwald (Mata atlântica primara); 430 m",,,"-23.85","-45.333333",,,,,,,,"Syrrhopodon incompletus var. berteroanus","Bryopsida","Dicranales","Calymperaceae","Syrrhopodon","variety","(Brid.) W.D.Reese","ACCEPTED",,,"Syrrhopodon incompletus var. berteroanus (Brid.) W.D.Reese",,,,"Syrrhopodon incompletus var. berteroanus (Brid.) W.D.Reese","Syrrhopodon incompletus",,,,,,,"GBIF","S-Bryophytes","code not found","Schafer-Verwimp, V.",,"1990",,,,"Schafer-Verwimp",,"brazil","sao paulo","brasil","mata atlantica primara","brasil","locality","brazil_sao paulo_brasil","brazil_sao paulo",-22.2584562,-48.7420254,"state",1824048,"Syrrhopodon incompletus var. berteroanus","(Brid.) W.D.Reese","variety|name_w_authors",,"Syrrhopodon incompletus var. berteroanus","(Brid.) W.D.Reese","variety","not found",,,,"Syrrhopodon incompletus var. berteroanus (Brid.) W.D.Reese","Syrrhopodon",,"brazil_sao paulo","Brazil","São Paulo",,,"gadm",TRUE,-23.85,-45.333333,"coord_original","minutes","unknown","Syrrhopodon incompletus","check_local.2state","ok_state",,FALSE,"no_cannot_check","no_match","S-Bryophytes_B97352",,"cc","cc",,,,"coord_original","Low","PARQUE ESTADUAL ILHABELA"
,,,,"SMF","FR",,"PRESERVED_SPECIMEN","FR-0275433",,,,"1990-02-09","1990","2","9",,,,"Brazil","BR",,,,"SAO PAULO. LITORAL NORTE, lLHADE SAO SEBASTIAO, an der Straße über die Inselmitte, im Bereich der Passhöhe",,,"-23.85","-45.316667",,,,,,,,"Frullania grossifolia","Jungermanniopsida","Porellales","Frullaniaceae","Frullania","species","Steph.","ACCEPTED",,,"Frullania grossifolia Steph.",,,,"Frullania grossifolia Steph.","Frullania grossifolia",,,,,,,"GBIF","FR","code partially found",,,"1990",,,,,,"brazil",,"sao paulo","sao paulo",,"country","brazil_NA_sao paulo","brazil_sao paulo_sao paulo",-23.65041685,-46.64802516,"county",1862365,"Frullania grossifolia","Steph.","name_w_authors",,"Frullania grossifolia","Steph.","species","not found",,,,"Frullania grossifolia Steph.","Frullania",,"brazil_sao paulo_sao paulo","Brazil","São Paulo","São Paulo",,"ibge",TRUE,-23.85,-45.316667,"coord_original","minutes","unknown","Frullania grossifolia","ok_country2municip.","ok_state",,,"no_cannot_check","no_match","FR_275433",,"cc","cc",,,,"coord_original","Low","PARQUE ESTADUAL ILHABELA"
,,,,"SMF","FR",,"PRESERVED_SPECIMEN","FR-0388377",,,,"1990-02-11","1990","2","11",,,,"Brazil","BR",,,,"BRASIL. Sao Paulo, Litoral Norte, Ilha de Sao Sebastiao, am Westabhang, Schlucht des Rio da Toca",,,"-23.816667","-45.316667",,,,,,,,"Cyclodictyon regnellii","Bryopsida","Hookeriales","Pilotrichaceae","Cyclodictyon","species","(Müll.Hal. ex Ångstr.) Kuntze","ACCEPTED",,,"Cyclodictyon regnellii (Müll.Hal. ex Ångstr.) Kuntze",,,,"Cyclodictyon regnellii (Müll.Hal. ex Ångstr.) Kuntze","Cyclodictyon regnellii",,,,,,,"GBIF","FR","code partially found",,,"1990",,,,,,"brazil",,"brasil","brasil",,"country","brazil","brazil",-10.74257447,-53.08032013,"country",1867005,"Cyclodictyon regnellii","(Müll.Hal. ex Ångstr.) Kuntze","name_w_authors",,"Cyclodictyon regnellii","(Müll.Hal. ex Ångstr.) Kuntze","species","not found",,,,"Cyclodictyon regnellii (Müll.Hal. ex Ångstr.) Kuntze","Cyclodictyon",,"brazil","Brazil",,,,"gadm",TRUE,-23.816667,-45.316667,"coord_original","minutes","unknown","Cyclodictyon regnellii","ok_same_resolution","ok_country",,,"no_cannot_check","no_match","FR_388377",,"cc","cc",,,,"coord_original","Low","PARQUE ESTADUAL ILHABELA"
"PhysicalObject",,"http://biocol.org/urn:lsid:biocol.org:col:15556",,"NY","NY","Mosses","PRESERVED_SPECIMEN","2123662","12465","A. Schäfer-Verwimp",,"1990-02-10","1990","2","10","10 Feb 1990","mata atlântica am Südabang",,"Brazil","BR","São Paulo",,,"Litoral Norte, Ilha de São Sebastião.",,"459 ft","-23.93","-45.4",,,,,,,,"Callicostella pallida","Bryopsida","Hookeriales","Pilotrichaceae","Callicostella","species","(Hornsch.) Ångstr.","ACCEPTED",,,"Callicostella pallida (Hornsch.) Ångstr.",,,,"Callicostella pallida (Hornsch.) Ångstr.","Callicostella pallida",,,,,,,"GBIF","NY",,"Schafer-Verwimp, A.","12465","1990",,,,"Schafer-Verwimp",,"brazil","sao paulo","litoral norte","litoral norte",,"locality","brazil_sao paulo_litoral norte","brazil_sao paulo",-22.2584562,-48.7420254,"state",1853684,"Callicostella pallida","(Hornsch.) Ångstr.","name_w_authors",,"Callicostella pallida","(Hornsch.) Ångstr.","species","not found",,,,"Callicostella pallida (Hornsch.) Ångstr.","Callicostella","Orchidaceae","brazil_sao paulo","Brazil","São Paulo",,,"gadm",TRUE,-23.93,-45.4,"coord_original","miliseconds","unknown","Callicostella pallida","check_local.2state","ok_state",,FALSE,"no_cannot_check","no_match","NY_2123662",,"0","0",,,,"coord_original","Low","PARQUE ESTADUAL ILHABELA"
,,,,"SMF","FR",,"PRESERVED_SPECIMEN","FR-0275634",,,,"1989-09-08","1989","9","8",,,,"Brazil","BR",,,,"SAO PAULO. Litoral Norte, ILHA de SAO SEBASTIAO, am Westabhang beim RIO DA TOCA",,,"-23.833333","-45.333333",,,,,,,,"Sematophyllum leucostomum","Bryopsida","Hypnales","Sematophyllaceae","Sematophyllum","species","(Hampe) W.R.Buck","ACCEPTED",,,"Sematophyllum leucostomum (Hampe) W.R.Buck",,,,"Sematophyllum leucostomum (Hampe) W.R.Buck","Sematophyllum leucostomum",,,,,,,"GBIF","FR","code partially found",,,"1989",,,,,,"brazil",,"sao paulo","sao paulo",,"country","brazil_NA_sao paulo","brazil_sao paulo_sao paulo",-23.65041685,-46.64802516,"county",1862371,"Sematophyllum leucostomum","(Hampe) W.R.Buck","name_w_authors",,"Sematophyllum leucostomum","(Hampe) W.R.Buck","species","not found",,,,"Sematophyllum leucostomum (Hampe) W.R.Buck","Sematophyllum",,"brazil_sao paulo_sao paulo","Brazil","São Paulo","São Paulo",,"ibge",TRUE,-23.833333,-45.333333,"coord_original","minutes","unknown","Sematophyllum leucostomum","ok_country2municip.","ok_state",,FALSE,"no_cannot_check","no_match","FR_275634",,"cc","cc",,,,"coord_original","Low","PARQUE ESTADUAL ILHABELA"
,,,,"SMF","FR",,"PRESERVED_SPECIMEN","FR-0388370",,,,"1989-09-08","1989","9","8",,,,"Brazil","BR",,,,"BRASIL. SAO PAULO, LITORAL NORTE, ILHA DE SAO SEBASTIAO, am Westabhang beim RIO DA TOCA",,,"-23.833333","-45.333333",,,,,,,,"Lepidopilidium nitens","Bryopsida","Hookeriales","Pilotrichaceae","Lepidopilidium","species","(Hornsch.) Broth.","ACCEPTED",,,"Lepidopilidium nitens (Hornsch.) Broth.",,,,"Lepidopilidium nitens (Hornsch.) Broth.","Lepidopilidium nitens",,,,,,,"GBIF","FR","code partially found",,,"1989",,,,,,"brazil",,"brasil","brasil",,"country","brazil","brazil",-10.74257447,-53.08032013,"country",1867008,"Lepidopilidium nitens","(Hornsch.) Broth.","name_w_authors",,"Lepidopilidium nitens","(Hornsch.) Broth.","species","not found",,,,"Lepidopilidium nitens (Hornsch.) Broth.","Lepidopilidium","Brassicaceae","brazil","Brazil",,,,"gadm",TRUE,-23.833333,-45.333333,"coord_original","minutes","unknown","Lepidopilidium nitens","ok_same_resolution","ok_country",,FALSE,"no_cannot_check","no_match","FR_388370",,"cc","cc",,,,"coord_original","Low","PARQUE ESTADUAL ILHABELA"
,,,,"SMF","FR",,"PRESERVED_SPECIMEN","FR-0235281",,,,"1989-11-11","1989","11","11",,,,"Brazil","BR",,,,"SAO PAULO. LITORAL NORTE, ILHA DE SAO SEBASTIAO, am RIO DA TOCA",,,"-23.833333","-45.333333",,,,,,,,"Lejeunea obtusangula","Jungermanniopsida","Porellales","Lejeuneaceae","Lejeunea","species","Spruce","SYNONYM",,,"Lejeunea flaccida Lindenb. & Gottsche",,,,"Lejeunea obtusangula Spruce","Lejeunea flaccida",,,,,,,"GBIF","FR","code partially found",,,"1989",,,,,,"brazil",,"sao paulo","sao paulo",,"country","brazil_NA_sao paulo","brazil_sao paulo_sao paulo",-23.65041685,-46.64802516,"county",1862276,"Lejeunea obtusangula","Spruce","name_w_authors",,"Lejeunea obtusangula","Spruce","species","not found",,,,"Lejeunea obtusangula Spruce","Lejeunea",,"brazil_sao paulo_sao paulo","Brazil","São Paulo","São Paulo",,"ibge",TRUE,-23.833333,-45.333333,"coord_original","minutes","unknown","Lejeunea obtusangula","ok_country2municip.","ok_state",,FALSE,"no_cannot_check","no_match","FR_235281",,"cc","cc",,,,"coord_original","Low","PARQUE ESTADUAL ILHABELA"
,,,,"SMF","FR",,"PRESERVED_SPECIMEN","FR-0234662",,,,"1989-11-11","1989","11","11",,,,"BR","BR",,,,"LITORAL NORTE, ILHA DE SAO SEBASTIAO, am RIO DA TOCA",,,"-23.833333","-45.333333",,,,,,,,"Lejeunea laeta","Jungermanniopsida","Porellales","Lejeuneaceae","Lejeunea","species","(Lehm. & Lindenb.) Lehm. & Lindenb.","ACCEPTED",,,"Lejeunea laeta (Lehm. & Lindenb.) Lehm. & Lindenb.",,,,"Lejeunea laeta (Lehm. & Lindenb.) Lehm. & Lindenb.","Lejeunea laeta",,,,,,,"GBIF","FR","code partially found",,,"1989",,,,,,"brazil",,"litoral norte","litoral norte",,"country","brazil","brazil",-10.74257447,-53.08032013,"country",1862329,"Lejeunea laeta","(Lehm. & Lindenb.) Lehm. & Lindenb.","name_w_authors",,"Lejeunea laeta","(Lehm. & Lindenb.) Lehm. & Lindenb.","species","not found",,,,"Lejeunea laeta (Lehm. & Lindenb.) Lehm. & Lindenb.","Lejeunea",,"brazil","Brazil",,,,"gadm",TRUE,-23.833333,-45.333333,"coord_original","minutes","unknown","Lejeunea laeta","ok_same_resolution","ok_country",,FALSE,"no_cannot_check","no_match","FR_234662",,"cc","cc",,,,"coord_original","Low","PARQUE ESTADUAL ILHABELA"
,,,,"SMF","FR",,"PRESERVED_SPECIMEN","FR-0234661",,,,"1989-11-11","1989","11","11",,,,"BR","BR",,,,"LITORAL NORTE, ILHA DE SAO SEBASTIAO, am Westabhang, Schlucht des RIO DA TOCA",,,"-23.833333","-45.333333",,,,,,,,"Isopterygium tenerum","Bryopsida","Hypnales","Pylaisiadelphaceae","Isopterygium","species","(Sw.) Mitt.","ACCEPTED",,,"Isopterygium tenerum (Sw.) Mitt.",,,,"Isopterygium tenerum (Sw.) Mitt.","Isopterygium tenerum",,,,,,,"GBIF","FR","code partially found",,,"1989",,,,,,"brazil",,"litoral norte","litoral norte",,"country","brazil","brazil",-10.74257447,-53.08032013,"country",1862313,"Isopterygium tenerum","(Sw.) Mitt.","name_w_authors",,"Isopterygium tenerum","(Sw.) Mitt.","species","not found",,,,"Isopterygium tenerum (Sw.) Mitt.","Isopterygium",,"brazil","Brazil",,,,"gadm",TRUE,-23.833333,-45.333333,"coord_original","minutes","unknown","Isopterygium tenerum","ok_same_resolution","ok_country",,FALSE,"no_cannot_check","no_match","FR_234661",,"cc","cc",,,,"coord_original","Low","PARQUE ESTADUAL ILHABELA"
,,"https://specieslink.net/col/256",,"UFBA","ALCB",,"PRESERVED_SPECIMEN","100335","11669","Schäfer-Verwimp; Verwimp",,"1989-09-06","1989","9","6",,,,"Brazil","BR","São Paulo",,,"Litoral Norte, Ilha de São Sebastião, an der Südküstse, Bachschlucht des Ribeirão da Laje",,,"-23.933333","-45.4",,,,,,,,"Harpalejeunea tridens","Jungermanniopsida","Porellales","Lejeuneaceae","Harpalejeunea","species","(Besch. & Spruce) Steph.","ACCEPTED",,,"Harpalejeunea tridens (Besch. & Spruce) Steph.",,,,"Harpalejeunea tridens (Besch. & Spruce) Steph.","Harpalejeunea tridens",,,,,,,"GBIF","ALCB",,"Schafer-Verwimp","11669","1989",,,"Verwimp","Schafer-Verwimp",,"brazil","sao paulo","litoral norte","litoral norte",,"locality","brazil_sao paulo_litoral norte","brazil_sao paulo",-22.2584562,-48.7420254,"state",1830897,"Harpalejeunea tridens","(Besch. & Spruce) Steph.","name_w_authors",,"Harpalejeunea tridens","(Besch. & Spruce) Steph.","species","not found",,,,"Harpalejeunea tridens (Besch. & Spruce) Steph.","Harpalejeunea",,"brazil_sao paulo","Brazil","São Paulo",,,"gadm",TRUE,-23.93,-45.4,"coord_original","miliseconds","unknown","Harpalejeunea tridens","check_local.2state","ok_state",,FALSE,"no_cannot_check","no_match","ALCB_100335","ALCB_100335|NY_1750467","2","0.5","ALCB_100335","NY_1750467","NY_1750467","coord_original","Low","PARQUE ESTADUAL ILHABELA"
,,,,"SMF","FR",,"PRESERVED_SPECIMEN","FR-0235285",,,,"1989-09-07","1989","9","7",,,,"Brazil","BR",,,,"SAO PAULO. LITORAL NORTE, ILHA DE SAO SEBASTIAO, Westabhang, an der Straße zur ""CACHOEIRA DOS TRES TOMBOS""",,,"-23.883333","-45.416667",,,,,,,,"Haplocladium microphyllum","Bryopsida","Hypnales","Leskeaceae","Haplocladium","species","(Sw. ex Hedw.) Broth.","ACCEPTED",,,"Haplocladium microphyllum (Sw. ex Hedw.) Broth.",,,,"Haplocladium microphyllum (Sw. ex Hedw.) Broth.","Haplocladium microphyllum",,,,,,,"GBIF","FR","code partially found",,,"1989",,,,,,"brazil",,"sao paulo","sao paulo",,"country","brazil_NA_sao paulo","brazil_sao paulo_sao paulo",-23.65041685,-46.64802516,"county",1862279,"Haplocladium microphyllum","(Sw. ex Hedw.) Broth.","name_w_authors",,"Haplocladium microphyllum","(Sw. ex Hedw.) Broth.","species","not found",,,,"Haplocladium microphyllum (Sw. ex Hedw.) Broth.","Haplocladium",,"brazil_sao paulo_sao paulo","Brazil","São Paulo","São Paulo",,"ibge",TRUE,-23.883333,-45.416667,"coord_original","minutes","unknown","Haplocladium microphyllum","ok_country2municip.","ok_state",,FALSE,"no_cannot_check","no_match","FR_235285",,"cc","cc",,,,"coord_original","Low","PARQUE ESTADUAL ILHABELA"
,,,,"SMF","FR",,"PRESERVED_SPECIMEN","FR-0235283",,,,"1989-11-11","1989","11","11",,,,"Brazil","BR",,,,"SAO PAULO. LITORAL NORTE, ILHA DE SAO SEBASTIAO, am RIO DA TOCA",,,"-23.833333","-45.333333",,,,,,,,"Chryso-hypnum diminutivum","Bryopsida","Hypnales","Hypnaceae","Chryso-hypnum","species","(Hampe) W.R.Buck","ACCEPTED",,,"Chryso-hypnum diminutivum (Hampe) W.R.Buck",,,,"Chryso-hypnum diminutivum (Hampe) W.R.Buck","Chryso-hypnum diminutivum",,,,,,,"GBIF","FR","code partially found",,,"1989",,,,,,"brazil",,"sao paulo","sao paulo",,"country","brazil_NA_sao paulo","brazil_sao paulo_sao paulo",-23.65041685,-46.64802516,"county",1862289,"Chryso-hypnum diminutivum","(Hampe) W.R.Buck","name_w_authors",,"Chryso-hypnum diminutivum","(Hampe) W.R.Buck","species","not found",,,,"Chryso-hypnum diminutivum (Hampe) W.R.Buck","Chryso-hypnum","Sapotaceae","brazil_sao paulo_sao paulo","Brazil","São Paulo","São Paulo",,"ibge",TRUE,-23.833333,-45.333333,"coord_original","minutes","unknown","Chryso-hypnum diminutivum","ok_country2municip.","ok_state",,FALSE,"no_cannot_check","no_match","FR_235283",,"cc","cc",,,,"coord_original","Low","PARQUE ESTADUAL ILHABELA"
,,,,"SMF","FR",,"PRESERVED_SPECIMEN","FR-0235282",,,,"1989-11-11","1989","11","11",,,,"Brazil","BR",,,,"SAO PAULO. LITORAL NORTE, ILHA DE SAO SEBASTIAO, am RIO DA TOCA",,,"-23.833333","-45.333333",,,,,,,,"Calymperes afzelii","Bryopsida","Dicranales","Calymperaceae","Calymperes","species","Sw.","ACCEPTED",,,"Calymperes afzelii Sw.",,,,"Calymperes afzelii Sw.","Calymperes afzelii",,,,,,,"GBIF","FR","code partially found",,,"1989",,,,,,"brazil",,"sao paulo","sao paulo",,"country","brazil_NA_sao paulo","brazil_sao paulo_sao paulo",-23.65041685,-46.64802516,"county",1862267,"Calymperes afzelii","Sw.","name_w_authors",,"Calymperes afzelii","Sw.","species","not found",,,,"Calymperes afzelii Sw.","Calymperes",,"brazil_sao paulo_sao paulo","Brazil","São Paulo","São Paulo",,"ibge",TRUE,-23.833333,-45.333333,"coord_original","minutes","unknown","Calymperes afzelii","ok_country2municip.","ok_state",,FALSE,"no_cannot_check","no_match","FR_235282",,"cc","cc",,,,"coord_original","Low","PARQUE ESTADUAL ILHABELA"
,,,,"SMF","FR",,"PRESERVED_SPECIMEN","FR-0232810",,,,"1989-09-08","1989","9","8",,,,"Brazil","BR",,,,"SÃO PAULO: LITORAL NORTE, lLHA DE SÃO SEBASTIÃO, am Westabhang am RIO DA TOCA",,,"-23.833333","-45.333333",,,,,,,,"Bryum densifolium","Bryopsida","Bryales","Bryaceae","Rosulabryum","species","Brid.","SYNONYM",,,"Rosulabryum densifolium (Brid.) Ochyra",,,,"Bryum densifolium Brid.","Rosulabryum densifolium",,,,,,,"GBIF","FR","code partially found",,,"1989",,,,,,"brazil",,"sao paulo","sao paulo",,"country","brazil_NA_sao paulo","brazil_sao paulo_sao paulo",-23.65041685,-46.64802516,"county",1862335,"Bryum densifolium","Brid.","name_w_authors",,"Bryum densifolium","Brid.","species","not found",,,,"Bryum densifolium Brid.","Bryum",,"brazil_sao paulo_sao paulo","Brazil","São Paulo","São Paulo",,"ibge",TRUE,-23.833333,-45.333333,"coord_original","minutes","unknown","Bryum densifolium","ok_country2municip.","ok_state",,FALSE,"no_cannot_check","no_match","FR_232810",,"cc","cc",,,,"coord_original","Low","PARQUE ESTADUAL ILHABELA"
,,,,"SMF","FR",,"PRESERVED_SPECIMEN","FR-0172074",,,,"1989-09-07","1989","9","7",,,,"Brazil","BR",,,,"BRASIL, SAO PAULO. LITORAL NORTE, lLHA DE SAO SEBASTIAO, Ruderalstelle am Weg zur ""CACHOEIRA DOS TRES TOMBOS """,,,"-23.883333","-45.416667",,,,,,,,"Bryum apiculatum","Bryopsida","Bryales","Bryaceae","Gemmabryum","species","Schwägr.","SYNONYM",,,"Gemmabryum apiculatum (Schwägr.) J.R.Spence & H.P.Ramsay",,,,"Bryum apiculatum Schwägr.","Gemmabryum apiculatum",,,,,,,"GBIF","FR","code partially found",,,"1989",,,,,,"brazil",,"brasil","brasil",,"country","brazil","brazil",-10.74257447,-53.08032013,"country",1866213,"Bryum apiculatum","Schwägr.","name_w_authors",,"Bryum apiculatum","Schwägr.","species","not found",,,,"Bryum apiculatum Schwägr.","Bryum",,"brazil","Brazil",,,,"gadm",TRUE,-23.883333,-45.416667,"coord_original","minutes","unknown","Bryum apiculatum","ok_same_resolution","ok_country",,FALSE,"no_cannot_check","no_match","FR_172074",,"cc","cc",,,,"coord_original","Low","PARQUE ESTADUAL ILHABELA"
,,,,"SMF","FR",,"PRESERVED_SPECIMEN","FR-0276267",,,,"1989-11-11","1989","11","11",,,,"Brazil","BR",,,,"BRASIL. SAO PAULO. LITORAL NORTE, ILHA DE SAO SEBASTIAO, am RIO DA TOCA",,,"-23.833333","-45.333333",,,,,,,,"Aneura pinguis","Jungermanniopsida","Metzgeriales","Aneuraceae","Aneura","species","(L.) Dumort.","ACCEPTED",,,"Aneura pinguis (L.) Dumort.",,,,"Aneura pinguis (L.) Dumort.","Aneura pinguis",,,,,,,"GBIF","FR","code partially found",,,"1989",,,,,,"brazil",,"brasil","brasil",,"country","brazil","brazil",-10.74257447,-53.08032013,"country",1862495,"Aneura pinguis","(L.) Dumort.","name_w_authors",,"Aneura pinguis","(L.) Dumort.","species","not found",,,,"Aneura pinguis (L.) Dumort.","Aneura",,"brazil","Brazil",,,,"gadm",TRUE,-23.833333,-45.333333,"coord_original","minutes","unknown","Aneura pinguis","ok_same_resolution","ok_country",,FALSE,"no_cannot_check","no_match","FR_276267",,"cc","cc",,,,"coord_original","Low","PARQUE ESTADUAL ILHABELA"
"PhysicalObject","http://www.tropicos.org/Specimen/90087492","http://biocol.org/urn:lsid:biocol.org:col:15859",,,"Tropicos","Tropicos","PRESERVED_SPECIMEN","90087492","11665","Alfons Schäfer-Verwimp;Inge Verwimp",,"1989-09-06","1989","9","6",,,,"Brazil","BR","São Paulo",,,"Ilha de Sao Sebastaio, Regenwald an der Sudkuste , epiphytish in der Bachschlucht des Riberirao da Laje",,,"-23.83333","-45.3",,,,,,,,"Holomitrium","Bryopsida","Dicranales","Dicranaceae","Holomitrium","genus","Brid.","ACCEPTED",,,"Holomitrium Brid.",,,,"Holomitrium Brid.",,"35000591",,,,,,"GBIF","Tropicos","code not found","Schafer-Verwimp, A.","11665","1989",,,"Verwimp, I.","Schafer-Verwimp",,"brazil","sao paulo","ilha de sao sebastaio","ilha de sao sebastaio",,"locality","brazil_sao paulo_ilha sao sebastaio","brazil_sao paulo",-22.2584562,-48.7420254,"state",1865234,"Holomitrium","Brid.","name_w_authors",,"Holomitrium","Brid.","genus","not found",,,,"Holomitrium Brid.","Holomitrium",,"brazil_sao paulo","Brazil","São Paulo",,,"gadm",TRUE,-23.83333,-45.3,"coord_original","miliseconds","unknown",,"check_local.2state","ok_state",,FALSE,"no_cannot_check","no_match","Tropicos_90087492",,"0","0",,,,"coord_original","Low","PARQUE ESTADUAL ILHABELA"
"PhysicalObject",,"http://biocol.org/urn:lsid:biocol.org:col:15556",,"NY","NY","Mosses","PRESERVED_SPECIMEN","01167474","6741","A. Schäfer-Verwimp",,"1986-03-27","1986","3","27","27 Mar 1986",,,"Brazil","BR","São Paulo",,,"Litoral Norte, Ilha de Sao Sebastiao, Regenwald (Mata atlantica primaria) am Westabhang, epiphytisch.",,"2133 ft",,,,,,,,,,"Zelometeorium patulum","Bryopsida","Hypnales","Brachytheciaceae","Zelometeorium","species","(Hedw.) Manuel","ACCEPTED",,,"Zelometeorium patulum (Hedw.) Manuel",,,,"Zelometeorium patulum (Hedw.) Manuel","Zelometeorium patulum",,,,,,,"GBIF","NY",,"Schafer-Verwimp, A.","6741","1986",,,,"Schafer-Verwimp",,"brazil","sao paulo","litoral norte","mata atlantica primaria",,"locality","brazil_sao paulo_litoral norte","brazil_sao paulo",-22.2584562,-48.7420254,"state",1853531,"Zelometeorium patulum","(Hedw.) Manuel","name_w_authors",,"Zelometeorium patulum","(Hedw.) Manuel","species","not found",,,,"Zelometeorium patulum (Hedw.) Manuel","Zelometeorium",,"brazil_sao paulo","Brazil","São Paulo",,,"gadm",TRUE,-23.83333,-45.3,"coord_original","miliseconds","unknown","Zelometeorium patulum","check_local.2state","ok_state",,FALSE,"no_cannot_check","no_match","NY_1167474","MO_90226217|NY_1167474","1","0.25","MO_90226217","MO_90226217","MO_90226217","coord_original","Low","PARQUE ESTADUAL ILHABELA"
,,,,"SMF","FR",,"PRESERVED_SPECIMEN","FR-0234664",,,,"1986-07-27","1986","7","27",,,,"BR","BR",,,,"LITORAL NORTE, ILHA DE SAO SEBASTIAO, am Ostabhang",,,"-23.85","-45.316667",,,,,,,,"Lejeunea flava","Jungermanniopsida","Porellales","Lejeuneaceae","Lejeunea","species","(Sw.) Nees","ACCEPTED",,,"Lejeunea flava (Sw.) Nees",,,,"Lejeunea flava (Sw.) Nees","Lejeunea flava",,,,,,,"GBIF","FR","code partially found",,,"1986",,,,,,"brazil",,"litoral norte","litoral norte",,"country","brazil","brazil",-10.74257447,-53.08032013,"country",1862324,"Lejeunea flava","(Sw.) Nees","name_w_authors",,"Lejeunea flava","(Sw.) Nees","species","not found",,,,"Lejeunea flava (Sw.) Nees","Lejeunea",,"brazil","Brazil",,,,"gadm",TRUE,-23.85,-45.316667,"coord_original","minutes","unknown","Lejeunea flava","ok_same_resolution","ok_country",,FALSE,"no_cannot_check","no_match","FR_234664",,"cc","cc",,,,"coord_original","Low","PARQUE ESTADUAL ILHABELA"
,,,,"Bioversity","Bioversity",,"OCCURRENCE","3098811",,"N. A. Rosa",,"1980-11-26","1980","11","26",,"Temp. mdia anual 25, pluv. anual 3.000 a 4.000mm",,"Brazil","BR","So Paulo",,,"Sto. Andr, reserva Biolgica do alto da serra Paranapiacaba",,,"-23.75","-45.3",,"-23.75","-45.3",,,,,"Panicum trichanthum Nees","Liliopsida","Poales","Poaceae","Panicum","species",,"ACCEPTED",,,"Panicum trichanthum Nees",,,,"Panicum trichanthum","Panicum trichanthum",,,,,,,"GBIF","Bioversity","code not found","Rosa, N.A.",,"1980",,,,"Rosa",,"brazil","sao paulo","sto","reserva biolgica do alto da serra paranapiacaba","sto","locality","brazil_sao paulo_sto","brazil_sao paulo",-22.2584562,-48.7420254,"state",221820,"Panicum trichanthum","Nees","name_w_authors","Poaceae","Panicum trichanthum","Nees","species","name accepted","bfo-13409",,,"Panicum trichanthum Nees","Panicum","Poaceae","brazil_sao paulo","Brazil","São Paulo",,,"gadm",TRUE,-23.75,-45.3,"coord_original","miliseconds","unknown","Panicum trichanthum","check_local.2state","ok_state",,FALSE,"ok_dist","full_name_match","Bioversity_3098811",,"cc","cc",,,,"coord_original","Low","PARQUE ESTADUAL ILHABELA"
,,,,"MPEG","HERBMG",,"PRESERVED_SPECIMEN","MG076518","3901","Rosa, N.A.; Pires, J.M.",,"1980-11-26","1980","11","26",,,,"Brasil","BR","São Paulo","Santo Andre","Santo Andre","Santo André",,,"-23.75","-45.3",,,,,,,,"Lomaridium acutum (Desv.) Gasper & V.A.O.Dittrich","Polypodiopsida","Polypodiales","Blechnaceae","Lomaridium","species","(Desv.) Gasper & V.A.O. Dittrich","ACCEPTED",,,"Lomaridium acutum (Desv.) Gasper & V.A.O.Dittrich",,,,"Lomaridium acutum","Lomaridium acutum",,,,,,,"GBIF","MG",,"Rosa, N.A.","3901","1980",,,"Pires, J.M.","Rosa",,"brazil","sao paulo","santo andre","santo andre",,"locality","brazil_sao paulo_santo andre","brazil_sao paulo_santo andre",-7.24178,-36.6146,"county",222769,"Lomaridium acutum","(Desv.) Gasper & V.A.O. Dittrich","name_w_authors","Blechnaceae","Lomaridium acutum","(Desv.) Gasper & V.A.O. Dittrich","species","name accepted","bfo-602595",,,"Lomaridium acutum (Desv.) Gasper & V.A.O. Dittrich","Lomaridium","Blechnaceae","brazil_sao paulo_santo andre","Brazil","São Paulo","Santo André",,"gadm",TRUE,-23.75,-45.3,"coord_original","miliseconds","unknown","Lomaridium acutum","check_local.2municip.","ok_state",,FALSE,"no_cannot_check","full_name_match","MG_76518",,"0","0",,,,"coord_original","Low","PARQUE ESTADUAL ILHABELA"
,,,,"MPEG","HERBMG",,"PRESERVED_SPECIMEN","MG076526","3911","Rosa, N.A.; Pires, J.M.",,"1980-11-26","1980","11","26",,,,"Brasil","BR","São Paulo","Santo Andre","Santo André","E.B. do Alto da Serra de Paranapiacaba",,,"-23.75","-45.3",,,,,,,,"Geonoma brevispatha Barb.Rodr.","Liliopsida","Arecales","Arecaceae","Geonoma","species","Barb. Rodr.","SYNONYM",,,"Geonoma pohliana subsp. weddelliana (H.Wendl. ex Drude) A.J.Hend.",,,,"Geonoma brevispatha","Geonoma pohliana",,,,,,,"GBIF","MG",,"Rosa, N.A.","3911","1980",,,"Pires, J.M.","Rosa",,"brazil","sao paulo","santo andre","estacao biologica do alto da serra de paranapiacaba",,"locality","brazil_sao paulo_santo andre","brazil_sao paulo_santo andre_rebio alto serra paranapiacaba (antiga estacao biologica de mesmo nome)",-23.7749458142699,-46.3129910324689,"locality",223239,"Geonoma brevispatha","Barb.Rodr.","name_w_authors","Arecaceae","Geonoma brevispatha","Barb.Rodr.","species","name accepted","bfo-15716",,,"Geonoma brevispatha Barb.Rodr.","Geonoma","Arecaceae","brazil_sao paulo_santo andre","Brazil","São Paulo","Santo André",,"gadm",TRUE,-23.75,-45.3,"coord_original","miliseconds","unknown","Geonoma brevispatha","ok_same_resolution","ok_state",,FALSE,"bad_dist","full_name_match","MG_76526","MG_76526|SP_178704","3","0.75","MG_76526","MG_76526","SP_178704","coord_original","Low","PARQUE ESTADUAL ILHABELA"
,,,,"Bioversity","Bioversity",,"OCCURRENCE","3098788",,"N. A. Rosa",,"1980-11-26","1980","11","26",,"Extensao 361 ha., temp. mdia anual 25C, pluv. anual 3-4 mm",,"Brazil","BR","So Paulo","Santo Andr","Santo Andr","Santo Andr, reserva Biolgica de alto da serra Paranapiacaba",,,"-23.75","-45.3",,"-23.75","-45.3",,,,,"Dioscorea ovata Vell.","Liliopsida","Dioscoreales","Dioscoreaceae","Dioscorea","species",,"ACCEPTED",,,"Dioscorea ovata Vell.",,,,"Dioscorea ovata","Dioscorea ovata",,,,,,,"GBIF","Bioversity","code not found","Rosa, N.A.",,"1980",,,,"Rosa",,"brazil","sao paulo","santo andr","reserva biolgica de alto da serra paranapiacaba","santo andr","locality","brazil_sao paulo_santo andr","brazil_sao paulo",-22.2584562,-48.7420254,"state",221818,"Dioscorea ovata","Vell.","name_w_authors","Dioscoreaceae","Dioscorea ovata","Vell.","species","name accepted","bfo-7402",,,"Dioscorea ovata Vell.","Dioscorea","Dioscoreaceae","brazil_sao paulo","Brazil","São Paulo",,,"gadm",TRUE,-23.75,-45.3,"coord_original","miliseconds","unknown","Dioscorea ovata","check_local.2state","ok_state",,FALSE,"ok_dist","full_name_match","Bioversity_3098788",,"cc","cc",,,,"coord_original","Low","PARQUE ESTADUAL ILHABELA"
,,,,"MPEG","HERBMG",,"PRESERVED_SPECIMEN","MG076497","3881 B","Rosa, N.A.; Pires, J.M.",,"1980-11-26","1980","11","26",,,,"Brasil","BR","São Paulo","Santo Andre","Santo Andre","Santo André",,,"-23.75","-45.3",,,,,,,,"Polybotrya Willd.","Polypodiopsida","Polypodiales","Dryopteridaceae","Polybotrya","genus",,"ACCEPTED",,,"Polybotrya Willd.",,,,"Polybotrya",,,,,,,,"GBIF","MG",,"Rosa, N.A.","3881-B","1980",,,"Pires, J.M.","Rosa",,"brazil","sao paulo","santo andre","santo andre",,"locality","brazil_sao paulo_santo andre","brazil_sao paulo_santo andre",-7.24178,-36.6146,"county",1612205,"Polybotrya","Willd.","name_w_authors","Dryopteridaceae","Polybotrya","Willd.","genus","name accepted","bfo-91122",,,"Polybotrya Willd.","Polybotrya","Dryopteridaceae","brazil_sao paulo_santo andre","Brazil","São Paulo","Santo André",,"gadm",TRUE,-23.75,-45.3,"coord_original","miliseconds","unknown",,"check_local.2municip.","ok_state",,FALSE,"no_cannot_check","full_name_match","MG_76497",,"0","0",,,,"coord_original","Low","PARQUE ESTADUAL ILHABELA"
,,,,"MPEG","HERBMG",,"PRESERVED_SPECIMEN","MG076498","3882","Rosa, N.A.; Pires, J.M.",,"1980-11-26","1980","11","26",,,,"Brasil","BR","São Paulo","Santo Andre","Santo Andre","Santo André",,,"-23.75","-45.3",,,,,,,,"Dryopteris Adans.","Polypodiopsida","Polypodiales","Dryopteridaceae","Dryopteris","genus",,"ACCEPTED",,,"Dryopteris Adans.",,,,"Dryopteris",,,,,,,,"GBIF","MG",,"Rosa, N.A.","3882","1980",,,"Pires, J.M.","Rosa",,"brazil","sao paulo","santo andre","santo andre",,"locality","brazil_sao paulo_santo andre","brazil_sao paulo_santo andre",-7.24178,-36.6146,"county",1612044,"Dryopteris","Adans.","name_w_authors","Dryopteridaceae","Dryopteris","Adans.","genus","name accepted","bfo-90977",,,"Dryopteris Adans.","Dryopteris","Dryopteridaceae","brazil_sao paulo_santo andre","Brazil","São Paulo","Santo André",,"gadm",TRUE,-23.75,-45.3,"coord_original","miliseconds","unknown",,"check_local.2municip.","ok_state",,FALSE,"no_cannot_check","full_name_match","MG_76498",,"0","0",,,,"coord_original","Low","PARQUE ESTADUAL ILHABELA"
"PhysicalObject",,"http://biocol.org/urn:lsid:biocol.org:col:15556",,"NY","NY","Vascular plants","PRESERVED_SPECIMEN","410650","2637","J. C. Gomes",,"1965-03-30","1965","3","30","30 Mar 1965","Capoeira",,"Brazil","BR","São Paulo","Ubatuba Mun.","Ubatuba Mun.","Ilha Vitoria, Litoral Norte",,,"-23.75","-45.02",,,,,,,,"Sida calycina Cav.","Magnoliopsida","Malvales","Malvaceae","Pavonia","species","Cav.","SYNONYM",,,"Pavonia calycina (Cav.) Ulbr.",,,,"Sida calycina Cav.","Pavonia calycina",,,,,,,"GBIF","NY",,"Gomes, J.C.","2637","1965",,,,"Gomes",,"brazil","sao paulo","ubatuba","ilha vitoria",,"locality","brazil_sao paulo_ubatuba","brazil_sao paulo_ubatuba",-23.37925694,-45.02408879,"county",1853593,"Sida calycina","Cav.","name_w_authors",,"Sida calycina","Cav.","species","not found",,,,"Sida calycina Cav.","Sida","Malvaceae","brazil_sao paulo_ubatuba","Brazil","São Paulo","Ubatuba",,"ibge",TRUE,-23.75,-45.02,"coord_original","miliseconds","unknown","Sida calycina","check_local.2municip.","ok_state",,,"no_cannot_check","no_match","NY_410650",,"0","0",,,,"coord_original","Low","PARQUE ESTADUAL ILHABELA"
"PhysicalObject",,"http://biocol.org/urn:lsid:biocol.org:col:15556",,"NY","NY","Vascular plants","PRESERVED_SPECIMEN","570669","2631","J. C. Gomes",,"1965-03-30","1965","3","30","30 Mar 1965","Mais frequente na capoeirad encosta da ilha",,"Brazil","BR","São Paulo","Ilhabela Mun.","Ilhabela Mun.","Ilha Vitória, Litoral Norte",,,"-23.748254","-45.017173",,,,,,,"! Verified by H. N. Moldenke and cited by him in his Monograph of the Genus  March 1975.  ! T. R. S. Silva 1998","Lantana undulata Schrank","Magnoliopsida","Lamiales","Verbenaceae","Lantana","species","Schrank","ACCEPTED",,,"Lantana undulata Schrank",,,,"Lantana undulata Schrank","Lantana undulata",,"WGS84",,,,,"GBIF","NY",,"Gomes, J.C.","2631","1965",,,,"Gomes",,"brazil","sao paulo","ilhabela","ilha vitoria",,"locality","brazil_sao paulo_ilhabela","brazil_sao paulo_ilhabela",-23.85166951,-45.32677547,"county",306582,"Lantana undulata","Schrank","name_w_authors","Verbenaceae","Lantana undulata","Schrank","species","name accepted","bfo-15169",,,"Lantana undulata Schrank","Lantana","Verbenaceae","brazil_sao paulo_ilhabela","Brazil","São Paulo","Ilhabela",,"ibge",TRUE,-23.748254,-45.017173,"coord_original","miliseconds","unknown","Lantana undulata","check_local.2municip.","ok_county",,FALSE,"ok_dist","full_name_match","NY_570669",,"0","0",,,,"coord_original","Low","PARQUE ESTADUAL ILHABELA"
"PhysicalObject",,"https://www.gbif.org/grscicoll/collection/62289b33-ae4f-438c-8574-bd27b348c1fb",,"MICH","Algae",,"PRESERVED_SPECIMEN","682161","51","A.B. Joly",,"1948-02-09","1948","2","9",,,,"Brazil","BR","São Paulo",,,"VillaBela, I. Sao Sebastiao, Brasil = Ilhabela",,,"-23.852944","-45.332945",,,,,,,,"Caulerpa sertularioides f. brevipes (J.Agardh) Svedelius, 1906","Ulvophyceae","Bryopsidales","Caulerpaceae","Caulerpa","form","W.R.Taylor","ACCEPTED",,,"Caulerpa sertularioides f. brevipes (J.Agardh) Svedelius, 1906",,,,"Caulerpa sertularioides f. brevipes (J.Agardh) Svedelius, 1906","Caulerpa sertularioides",,,,,,,"GBIF","Algae","code not found","Joly, A.B.","51","1948",,,,"Joly",,"brazil","sao paulo","villabela","villabela",,"locality","brazil_sao paulo_villabela","brazil_sao paulo",-22.2584562,-48.7420254,"state",1854151,"Caulerpa sertularioides f. brevipes","(J.Agardh) Svedelius, 1906","forma|name_w_authors",,"Caulerpa sertularioides f. brevipes","(J.Agardh) Svedelius, 1906","form","not found",,,,"Caulerpa sertularioides f. brevipes (J.Agardh) Svedelius, 1906","Caulerpa","Orchidaceae","brazil_sao paulo","Brazil","São Paulo",,,"gadm",TRUE,-23.852944,-45.332945,"coord_original","miliseconds","unknown","Caulerpa sertularioides","check_local.2state","ok_state",,,"no_cannot_check","no_match","Algae_682161","Algae_682161|MICH_682161","1","0.25","Algae_682161","Algae_682161","Algae_682161","coord_original","Low","PARQUE ESTADUAL ILHABELA"
"PhysicalObject",,"https://www.gbif.org/grscicoll/collection/62289b33-ae4f-438c-8574-bd27b348c1fb",,"MICH","Algae",,"PRESERVED_SPECIMEN","668941","92","A.B. Joly",,"1948-05-01","1948","5","1",,,,"Brazil","BR","São Paulo",,,"Ilha Bela, Sao Sebastiao Island",,,"-23.852944","-45.332945",,,,,,,,"Porphyra","Bangiophyceae","Bangiales","Bangiaceae","Porphyra","genus","C.Agardh, 1824","ACCEPTED",,,"Porphyra C.Agardh, 1824",,,,"Porphyra C.Agardh, 1824",,,,,,,,"GBIF","Algae","code not found","Joly, A.B.","92","1948",,,,"Joly",,"brazil","sao paulo","ilha bela","ilha bela",,"locality","brazil_sao paulo_ilha bela","brazil_sao paulo_ilhabela",-23.85166951,-45.32677547,"county",1854013,"Porphyra","C.Agardh, 1824","name_w_authors",,"Porphyra","C.Agardh, 1824","genus","not found",,,,"Porphyra C.Agardh, 1824","Porphyra",,"brazil_sao paulo_ilhabela","Brazil","São Paulo","Ilhabela",,"ibge",TRUE,-23.852944,-45.332945,"coord_original","miliseconds","unknown",,"check_local.2municip.","ok_county",,FALSE,"no_cannot_check","no_match","Algae_668941",,"0","0",,,,"coord_original","Low","PARQUE ESTADUAL ILHABELA"
"PhysicalObject",,"https://www.gbif.org/grscicoll/collection/62289b33-ae4f-438c-8574-bd27b348c1fb",,"MICH","Algae",,"PRESERVED_SPECIMEN","730155","66","A.B. Joly",,"1948-02-09","1948","2","9",,,,"Brazil","BR","São Paulo",,,"Villa Bela, Ilha Sao Sebastiao",,,"-23.852944","-45.332945",,,,,,,,"Monostroma","Ulvophyceae","Ulvales","Monostromataceae","Monostroma","genus","Thuret, 1854","ACCEPTED",,,"Monostroma Thuret, 1854",,,,"Monostroma Thuret, 1854",,,,,,,,"GBIF","Algae","code not found","Joly, A.B.","66","1948",,,,"Joly",,"brazil","sao paulo","villa bela","villa bela",,"locality","brazil_sao paulo_villa bela","brazil_sao paulo",-22.2584562,-48.7420254,"state",1853988,"Monostroma","Thuret, 1854","name_w_authors",,"Monostroma","Thuret, 1854","genus","not found",,,,"Monostroma Thuret, 1854","Monostroma","Rapateaceae","brazil_sao paulo","Brazil","São Paulo",,,"gadm",TRUE,-23.852944,-45.332945,"coord_original","miliseconds","unknown",,"check_local.2state","ok_state",,FALSE,"no_cannot_check","no_match","Algae_730155","Algae_730155|MICH_730155","1","0.25","Algae_730155","Algae_730155","Algae_730155","coord_original","Low","PARQUE ESTADUAL ILHABELA"
,,"urn:uuid:60e28f81-e634-4869-aa3e-732caed713c8",,"US","US","NMNH Extant Biology","PRESERVED_SPECIMEN","US 55021","14","W. L. Schmitt",,"1925","1925",,,"-- Sep 1925 to -- Oct 1925",,,"Brazil","BR","São Paulo",,,"Villa Bella, Ilha Sao Sebastiao",,,,,,,,,,,,"Ulva lactuca var. rigida","Ulvophyceae","Ulvales","Ulvaceae","Ulva","variety",,"ACCEPTED",,,"Ulva lactuca var. rigida",,,,"Ulva lactuca var. rigida","Ulva lactuca",,,"https://collections.nmnh.si.edu/media/?i=16134085",,,,"GBIF","US",,"Schmitt, W.L.","14","1925",,,,"Schmitt",,"brazil","sao paulo","villa bella","villa bella",,"locality","brazil_sao paulo_villa bella","brazil_sao paulo",-22.2584562,-48.7420254,"state",1833064,"Ulva lactuca var. rigida",,"variety",,"Ulva lactuca var. rigida",,"variety","not found",,,,"Ulva lactuca var. rigida","Ulva","Cyperaceae","brazil_sao paulo","Brazil","São Paulo",,,"gadm",TRUE,-23.852944,-45.332945,"coord_original","miliseconds","unknown","Ulva lactuca","check_local.2state","ok_state",,,"no_cannot_check","no_match","US_55021","Algae_735303|MICH_735303|NY_2140577|US_55021","3","0.75",,"Algae_735303","Algae_735303","coord_original","Low","PARQUE ESTADUAL ILHABELA"
,,"urn:uuid:60e28f81-e634-4869-aa3e-732caed713c8",,"US","US","NMNH Extant Biology","PRESERVED_SPECIMEN","US 75536","6","W. L. Schmitt",,"1925","1925",,,"-- Sep 1925 to -- Oct 1925",,,"Brazil","BR","São Paulo",,,"Villa Bella, Sao Sebastiao Island",,,,,,,,,,,,"Hypnea spinella","Florideophyceae","Gigartinales","Cystocloniaceae","Hypnea","species","(C.Agardh) Kütz.","ACCEPTED",,,"Hypnea spinella (C.Agardh) Kütz.",,,,"Hypnea spinella (C.Agardh) Kütz.","Hypnea spinella",,,"https://collections.nmnh.si.edu/media/?i=16067784",,,,"GBIF","US",,"Schmitt, W.L.","6","1925",,,,"Schmitt",,"brazil","sao paulo","villa bella","villa bella",,"locality","brazil_sao paulo_villa bella","brazil_sao paulo",-22.2584562,-48.7420254,"state",1833013,"Hypnea spinella","(C.Agardh) Kütz.","name_w_authors",,"Hypnea spinella","(C.Agardh) Kütz.","species","not found",,,,"Hypnea spinella (C.Agardh) Kütz.","Hypnea","Lamiaceae","brazil_sao paulo","Brazil","São Paulo",,,"gadm",TRUE,-23.852944,-45.332945,"coord_original","miliseconds","unknown","Hypnea spinella","check_local.2state","ok_state",,TRUE,"no_cannot_check","no_match","US_75536","Algae_659997|MICH_659997|US_75536","4","1","US_75536","Algae_659997","Algae_659997","coord_original","Low","PARQUE ESTADUAL ILHABELA"
,,"urn:uuid:60e28f81-e634-4869-aa3e-732caed713c8",,"US","US","NMNH Extant Biology","PRESERVED_SPECIMEN","US 74798","24","W. L. Schmitt",,"1925-09","1925","9",,"-- Sep 1925",,,"Brazil","BR","São Paulo",,,"Villa Bella, Ilha S. Sebastiao",,,,,,,,,,,,"Griffithsia radicans","Florideophyceae","Ceramiales","Wrangeliaceae","Griffithsia","species","Kütz.","ACCEPTED",,,"Griffithsia radicans Kütz.",,,,"Griffithsia radicans Kütz.","Griffithsia radicans",,,"https://collections.nmnh.si.edu/media/?i=16071838",,,,"GBIF","US",,"Schmitt, W.L.","24","1925",,,,"Schmitt",,"brazil","sao paulo","villa bella","villa bella",,"locality","brazil_sao paulo_villa bella","brazil_sao paulo",-22.2584562,-48.7420254,"state",1833036,"Griffithsia radicans","Kütz.","name_w_authors",,"Griffithsia radicans","Kütz.","species","not found",,,,"Griffithsia radicans Kütz.","Griffithsia","Amaryllidaceae","brazil_sao paulo","Brazil","São Paulo",,,"gadm",TRUE,-23.852944,-45.332945,"coord_original","miliseconds","unknown","Griffithsia radicans","check_local.2state","ok_state",,,"no_cannot_check","no_match","US_74798","Algae_641878|US_74798","1","0.25","US_74798","Algae_641878","Algae_641878","coord_original","Low","PARQUE ESTADUAL ILHABELA"
"PhysicalObject",,"http://biocol.org/urn:lsid:biocol.org:col:15556",,"NY","NY","Algae","PRESERVED_SPECIMEN","03587104","18","W. L. Schmitt",,"1925-09","1925","9",,"Sep 1925",,,"Brazil","BR","São Paulo",,,"Villa Bella, Sao Sebastiao Island",,,,,,,,,,,,"Gracilaria ferox","Florideophyceae","Gracilariales","Gracilariaceae","Gracilaria","species","J.Agardh","ACCEPTED",,,"Gracilaria ferox J.Agardh",,,,"Gracilaria ferox J.Agardh","Gracilaria ferox",,,,,,,"GBIF","NY",,"Schmitt, W.L.","18","1925",,,,"Schmitt",,"brazil","sao paulo","villa bella","villa bella",,"locality","brazil_sao paulo_villa bella","brazil_sao paulo",-22.2584562,-48.7420254,"state",1852889,"Gracilaria ferox","J.Agardh","name_w_authors",,"Gracilaria ferox","J.Agardh","species","not found",,,,"Gracilaria ferox J.Agardh","Gracilaria",,"brazil_sao paulo","Brazil","São Paulo",,,"gadm",TRUE,-23.852944,-45.332945,"coord_original","miliseconds","unknown","Gracilaria ferox","check_local.2state","ok_state",,FALSE,"no_cannot_check","no_match","NY_3587104","Algae_655521|NY_3587104","1","0.25","NY_3587104","Algae_655521","Algae_655521","coord_original","Low","PARQUE ESTADUAL ILHABELA"
